date,total load,irradiation
01/01 00:00:00,2063.0829369892463,0.0
01/01 01:00:00,2167.744801437761,0.0
01/01 02:00:00,2154.383050439851,0.0
01/01 03:00:00,2179.1183216407967,0.0
01/01 04:00:00,2181.4742058286006,0.0
01/01 05:00:00,2205.4882197167326,0.0
01/01 06:00:00,2511.3583237696503,0.0
01/01 07:00:00,2578.3919386975826,0.0
01/01 08:00:00,2708.5829716842068,0.0
01/01 09:00:00,2749.0379125732234,8.08
01/01 10:00:00,2728.844821696734,37.89
01/01 11:00:00,2752.944174077623,21.25
01/01 12:00:00,2769.9149647133117,27.28
01/01 13:00:00,2766.3232426844647,30.27
01/01 14:00:00,2739.3450154219813,23.22
01/01 15:00:00,2778.459478152732,9.14
01/01 16:00:00,2698.2481479297066,0.0
01/01 17:00:00,2659.630623989098,0.0
01/01 18:00:00,2457.6022314525403,0.0
01/01 19:00:00,2443.113811384488,0.0
01/01 20:00:00,2446.246054885955,0.0
01/01 21:00:00,2403.5769274749346,0.0
01/01 22:00:00,2331.178269739201,0.0
01/01 23:00:00,2267.430006546694,0.0
01/02 00:00:00,2503.4342428128343,0.0
01/02 01:00:00,2486.453708083535,0.0
01/02 02:00:00,2526.7208708705543,0.0
01/02 03:00:00,2493.0477113548523,0.0
01/02 04:00:00,2495.7356435701054,0.0
01/02 05:00:00,2562.51620099238,0.0
01/02 06:00:00,3014.112474457789,0.0
01/02 07:00:00,3767.310217474694,0.0
01/02 08:00:00,7357.414791517429,0.0
01/02 09:00:00,7206.778636508682,3.0
01/02 10:00:00,7059.305740782404,19.18
01/02 11:00:00,6912.213897518977,69.47
01/02 12:00:00,6647.991719991565,60.39
01/02 13:00:00,6925.983669868387,142.41
01/02 14:00:00,6837.824954874105,99.28
01/02 15:00:00,6928.5060661732305,100.22
01/02 16:00:00,6811.859432927791,19.53
01/02 17:00:00,4733.647803874294,0.0
01/02 18:00:00,3769.8485113808692,0.0
01/02 19:00:00,3801.093658421337,0.0
01/02 20:00:00,3553.270978942636,0.0
01/02 21:00:00,3468.4913900240376,0.0
01/02 22:00:00,3186.8083355131535,0.0
01/02 23:00:00,2844.7809762542383,0.0
01/03 00:00:00,2482.010023655795,0.0
01/03 01:00:00,2462.022485145474,0.0
01/03 02:00:00,2498.3811006155142,0.0
01/03 03:00:00,2460.3879778612772,0.0
01/03 04:00:00,2486.068892701536,0.0
01/03 05:00:00,2549.9890476089367,0.0
01/03 06:00:00,3036.418043926666,0.0
01/03 07:00:00,3794.3235937693025,0.0
01/03 08:00:00,7286.1085524320615,0.0
01/03 09:00:00,7163.191988210804,16.31
01/03 10:00:00,6982.861396548663,37.9
01/03 11:00:00,6912.517889963677,73.97
01/03 12:00:00,6599.016130379,83.35
01/03 13:00:00,6936.2009052805615,200.44
01/03 14:00:00,6792.646032560977,176.09
01/03 15:00:00,6887.047191584348,123.32
01/03 16:00:00,6959.638412775218,27.93
01/03 17:00:00,4804.918453288958,0.0
01/03 18:00:00,3853.666399327493,0.0
01/03 19:00:00,3785.4039969067467,0.0
01/03 20:00:00,3531.3950118447647,0.0
01/03 21:00:00,3464.1227663900777,0.0
01/03 22:00:00,3150.4173168448024,0.0
01/03 23:00:00,2797.1738177516145,0.0
01/04 00:00:00,2456.7523617971465,0.0
01/04 01:00:00,2452.024871231704,0.0
01/04 02:00:00,2456.047995128723,0.0
01/04 03:00:00,2430.7923823421356,0.0
01/04 04:00:00,2439.9578500342313,0.0
01/04 05:00:00,2527.769193567882,0.0
01/04 06:00:00,2992.4429140510697,0.0
01/04 07:00:00,3751.588403636671,0.0
01/04 08:00:00,7207.543026680367,0.0
01/04 09:00:00,7039.158009131227,21.71
01/04 10:00:00,6857.21253467205,73.23
01/04 11:00:00,6902.65587886952,120.7
01/04 12:00:00,6616.239826758658,228.21
01/04 13:00:00,6926.084551538387,201.43
01/04 14:00:00,6831.345718893621,173.21
01/04 15:00:00,6915.138224143599,112.72
01/04 16:00:00,6922.786267140868,15.61
01/04 17:00:00,4798.8439889958545,0.0
01/04 18:00:00,3824.7208357237982,0.0
01/04 19:00:00,3775.431477206267,0.0
01/04 20:00:00,3578.1550351658284,0.0
01/04 21:00:00,3474.0561924403173,0.0
01/04 22:00:00,3153.202397669467,0.0
01/04 23:00:00,2827.822304078461,0.0
01/05 00:00:00,2509.6479347117984,0.0
01/05 01:00:00,2480.498796132135,0.0
01/05 02:00:00,2463.8096003502255,0.0
01/05 03:00:00,2445.45819334028,0.0
01/05 04:00:00,2459.433940417097,0.0
01/05 05:00:00,2575.2601664059284,0.0
01/05 06:00:00,2956.353818837514,0.0
01/05 07:00:00,3744.7646821695057,0.0
01/05 08:00:00,7151.101682408697,1.0
01/05 09:00:00,6800.544684969039,60.76
01/05 10:00:00,6703.116924926697,114.14
01/05 11:00:00,6707.292232953865,171.61
01/05 12:00:00,6398.104597124326,208.73
01/05 13:00:00,6699.39073159148,228.42
01/05 14:00:00,6646.44145626158,192.76
01/05 15:00:00,6661.963532449974,133.19
01/05 16:00:00,6671.978667064044,30.87
01/05 17:00:00,4680.13848012592,0.0
01/05 18:00:00,3736.5318056554315,0.0
01/05 19:00:00,3738.943058611398,0.0
01/05 20:00:00,3469.9228489887746,0.0
01/05 21:00:00,3361.7239684267115,0.0
01/05 22:00:00,3121.863945863915,0.0
01/05 23:00:00,2849.8618848367228,0.0
01/06 00:00:00,2510.8111014528154,0.0
01/06 01:00:00,2496.9319590076407,0.0
01/06 02:00:00,2478.206919060374,0.0
01/06 03:00:00,2462.6802340262707,0.0
01/06 04:00:00,2504.0370694923995,0.0
01/06 05:00:00,2549.975095371124,0.0
01/06 06:00:00,2927.595860953405,0.0
01/06 07:00:00,3758.381574922013,0.0
01/06 08:00:00,7214.868792535377,0.0
01/06 09:00:00,8057.616070326574,7.08
01/06 10:00:00,7859.521117713999,19.18
01/06 11:00:00,7897.485287044644,30.5
01/06 12:00:00,7567.914301404773,20.28
01/06 13:00:00,8038.26305353997,16.28
01/06 14:00:00,7932.640513908979,11.0
01/06 15:00:00,8029.927854532306,5.0
01/06 16:00:00,7906.028023969901,1.0
01/06 17:00:00,5592.818272915079,0.0
01/06 18:00:00,4400.353713267217,0.0
01/06 19:00:00,4440.004364766519,0.0
01/06 20:00:00,4214.032806303652,0.0
01/06 21:00:00,4152.7136600467675,0.0
01/06 22:00:00,3894.886251789574,0.0
01/06 23:00:00,3582.021331801718,0.0
01/07 00:00:00,2744.0000796535955,0.0
01/07 01:00:00,2730.7345091768125,0.0
01/07 02:00:00,2731.58905995254,0.0
01/07 03:00:00,2729.0573264978175,0.0
01/07 04:00:00,2731.4615283471144,0.0
01/07 05:00:00,2772.4301263362045,0.0
01/07 06:00:00,3650.037666651576,0.0
01/07 07:00:00,3733.4146439802776,0.0
01/07 08:00:00,4187.474739339111,1.0
01/07 09:00:00,4101.737138882302,29.72
01/07 10:00:00,4065.709503616546,121.76
01/07 11:00:00,4076.9415132258355,98.6
01/07 12:00:00,3245.5662604608046,130.87
01/07 13:00:00,3214.5454240836725,109.53
01/07 14:00:00,3242.155274338326,39.7
01/07 15:00:00,3285.9044614851614,26.6
01/07 16:00:00,3361.5502277227574,4.08
01/07 17:00:00,2972.2149208294745,0.0
01/07 18:00:00,2725.096042143159,0.0
01/07 19:00:00,2445.465337502569,0.0
01/07 20:00:00,2449.957108405547,0.0
01/07 21:00:00,2430.481520407103,0.0
01/07 22:00:00,2327.088356899953,0.0
01/07 23:00:00,2262.773273818326,0.0
01/08 00:00:00,2136.9535223474454,0.0
01/08 01:00:00,2177.837868974952,0.0
01/08 02:00:00,2156.1065315534756,0.0
01/08 03:00:00,2154.509704515798,0.0
01/08 04:00:00,2187.4047465865283,0.0
01/08 05:00:00,2219.9797202166405,0.0
01/08 06:00:00,2507.781926490685,0.0
01/08 07:00:00,2547.780631072867,0.0
01/08 08:00:00,2677.605268977332,2.0
01/08 09:00:00,2684.137212733633,73.07
01/08 10:00:00,2706.164566368059,144.53
01/08 11:00:00,2707.6844060350263,214.15
01/08 12:00:00,2770.3740597192004,244.1
01/08 13:00:00,2764.3474825588974,239.74
01/08 14:00:00,2731.9734784041707,198.19
01/08 15:00:00,2757.2244774179644,140.22
01/08 16:00:00,2705.9109590990956,39.56
01/08 17:00:00,2714.4620077131376,0.0
01/08 18:00:00,2486.178696261055,0.0
01/08 19:00:00,2460.374278533899,0.0
01/08 20:00:00,2484.0177129952062,0.0
01/08 21:00:00,2433.6254669589653,0.0
01/08 22:00:00,2320.7020783137414,0.0
01/08 23:00:00,2223.866898615164,0.0
01/09 00:00:00,2479.7436613461036,0.0
01/09 01:00:00,2492.7470619464166,0.0
01/09 02:00:00,2478.0481971537797,0.0
01/09 03:00:00,2450.450753667941,0.0
01/09 04:00:00,2479.511505097577,0.0
01/09 05:00:00,2546.7153924058503,0.0
01/09 06:00:00,3002.3526869626535,0.0
01/09 07:00:00,3790.4193322691362,0.0
01/09 08:00:00,7269.492733633325,1.0
01/09 09:00:00,7007.174969701141,22.76
01/09 10:00:00,6926.7290510655475,28.37
01/09 11:00:00,6854.265312578198,66.06
01/09 12:00:00,6604.320628747828,41.58
01/09 13:00:00,7045.752843403884,49.85
01/09 14:00:00,7022.101576191652,25.24
01/09 15:00:00,7024.540226129337,13.16
01/09 16:00:00,6942.2074969983205,8.17
01/09 17:00:00,4748.34474351379,0.0
01/09 18:00:00,3765.5859538468085,0.0
01/09 19:00:00,3769.6266048750945,0.0
01/09 20:00:00,3568.632324338605,0.0
01/09 21:00:00,3477.9039590372804,0.0
01/09 22:00:00,3110.523983678648,0.0
01/09 23:00:00,2836.472028134746,0.0
01/10 00:00:00,2474.875623197162,0.0
01/10 01:00:00,2475.875591092521,0.0
01/10 02:00:00,2455.18045558899,0.0
01/10 03:00:00,2454.224726922735,0.0
01/10 04:00:00,2469.085545019077,0.0
01/10 05:00:00,2513.9101982499783,0.0
01/10 06:00:00,2928.3151652903834,0.0
01/10 07:00:00,3762.271581973805,0.0
01/10 08:00:00,6993.122214965443,1.0
01/10 09:00:00,7264.212478670676,77.15
01/10 10:00:00,7240.723086067918,162.34
01/10 11:00:00,7338.967929965743,215.24
01/10 12:00:00,6972.532431149512,226.76
01/10 13:00:00,7329.621218014315,219.89
01/10 14:00:00,7297.930574335424,169.54
01/10 15:00:00,7458.013334567206,39.11
01/10 16:00:00,7532.478516022064,11.37
01/10 17:00:00,5325.552103820853,0.0
01/10 18:00:00,4341.49767774469,0.0
01/10 19:00:00,4414.714548508134,0.0
01/10 20:00:00,4162.909225972918,0.0
01/10 21:00:00,4128.431960125023,0.0
01/10 22:00:00,3781.0219742260606,0.0
01/10 23:00:00,3475.5475694594907,0.0
01/11 00:00:00,3035.5071589082286,0.0
01/11 01:00:00,3014.6609779737273,0.0
01/11 02:00:00,3029.6065152958467,0.0
01/11 03:00:00,3008.3257934407166,0.0
01/11 04:00:00,3021.5608712450817,0.0
01/11 05:00:00,3082.7046424400564,0.0
01/11 06:00:00,3533.8352915772834,0.0
01/11 07:00:00,4335.8173011007175,0.0
01/11 08:00:00,8134.11758270913,2.0
01/11 09:00:00,7491.121522268882,74.79
01/11 10:00:00,7376.095379846909,148.64
01/11 11:00:00,7358.019129641399,174.14
01/11 12:00:00,6998.39839504618,203.75
01/11 13:00:00,7367.013575990169,151.38
01/11 14:00:00,7447.433038420516,41.73
01/11 15:00:00,7535.7995586330235,33.81
01/11 16:00:00,7515.392577689272,17.04
01/11 17:00:00,5271.876977446046,0.0
01/11 18:00:00,4386.927473524863,0.0
01/11 19:00:00,4557.08662782102,0.0
01/11 20:00:00,4286.605615655458,0.0
01/11 21:00:00,4242.610324850636,0.0
01/11 22:00:00,3838.25430862894,0.0
01/11 23:00:00,3501.2965430229033,0.0
01/12 00:00:00,3048.1168416861865,0.0
01/12 01:00:00,3028.0039152072372,0.0
01/12 02:00:00,3036.722904667193,0.0
01/12 03:00:00,3019.7523127084587,0.0
01/12 04:00:00,3024.6762048832516,0.0
01/12 05:00:00,3110.1485524792874,0.0
01/12 06:00:00,3570.777330485448,0.0
01/12 07:00:00,4369.52614302479,0.0
01/12 08:00:00,8163.62512333089,0.0
01/12 09:00:00,7519.990578561352,11.18
01/12 10:00:00,6711.959382929219,28.39
01/12 11:00:00,6674.364037963688,60.58
01/12 12:00:00,6472.33951546703,33.3
01/12 13:00:00,6761.943489110554,37.58
01/12 14:00:00,6777.338563377439,30.49
01/12 15:00:00,6934.197517532444,17.17
01/12 16:00:00,6851.295976410332,10.26
01/12 17:00:00,4786.473440247253,0.0
01/12 18:00:00,3815.902691279494,0.0
01/12 19:00:00,3848.9607668503486,0.0
01/12 20:00:00,3627.6744503958416,0.0
01/12 21:00:00,3513.0926735325493,0.0
01/12 22:00:00,3203.6535384388767,0.0
01/12 23:00:00,2900.524215417559,0.0
01/13 00:00:00,2530.9670428172576,0.0
01/13 01:00:00,2512.633901229346,0.0
01/13 02:00:00,2517.6319913132065,0.0
01/13 03:00:00,2504.0259135259103,0.0
01/13 04:00:00,2529.422330517844,0.0
01/13 05:00:00,2582.366017847401,0.0
01/13 06:00:00,2970.0402855054517,0.0
01/13 07:00:00,3756.2756098035857,0.0
01/13 08:00:00,7028.797120627114,3.0
01/13 09:00:00,6621.966003801386,86.28
01/13 10:00:00,6609.488741632149,166.66
01/13 11:00:00,6727.729078391683,221.18
01/13 12:00:00,6410.672635343897,255.79
01/13 13:00:00,6747.865050347721,250.77
01/13 14:00:00,6669.642741324993,210.37
01/13 15:00:00,6750.349148938928,146.0
01/13 16:00:00,6767.0945742782615,43.61
01/13 17:00:00,4773.431388631892,0.0
01/13 18:00:00,3913.306920602778,0.0
01/13 19:00:00,3938.852307322988,0.0
01/13 20:00:00,3718.4814303775324,0.0
01/13 21:00:00,3619.9864114539096,0.0
01/13 22:00:00,3242.467002661556,0.0
01/13 23:00:00,2952.813519442588,0.0
01/14 00:00:00,2275.0272262782787,0.0
01/14 01:00:00,2286.510678085983,0.0
01/14 02:00:00,2265.9802100298307,0.0
01/14 03:00:00,2271.9525558428145,0.0
01/14 04:00:00,2283.4583111161196,0.0
01/14 05:00:00,2303.077104181714,0.0
01/14 06:00:00,3043.349100522029,0.0
01/14 07:00:00,3200.121449321424,0.0
01/14 08:00:00,4106.1532962179745,1.0
01/14 09:00:00,4106.6758779483025,17.37
01/14 10:00:00,4085.9013993154517,31.59
01/14 11:00:00,4078.126678292347,49.08
01/14 12:00:00,3247.1545530012118,50.91
01/14 13:00:00,3225.1258269984955,78.68
01/14 14:00:00,3259.4605209887386,67.28
01/14 15:00:00,3479.5286933982316,38.03
01/14 16:00:00,3347.982862209202,19.01
01/14 17:00:00,2997.190358797562,0.0
01/14 18:00:00,2755.6735641950786,0.0
01/14 19:00:00,2469.2221432898837,0.0
01/14 20:00:00,2476.6384840265937,0.0
01/14 21:00:00,2432.4630280556817,0.0
01/14 22:00:00,2351.3555686787467,0.0
01/14 23:00:00,2256.322892949371,0.0
01/15 00:00:00,2153.3132568734436,0.0
01/15 01:00:00,2137.8805294177523,0.0
01/15 02:00:00,2130.8779376697908,0.0
01/15 03:00:00,2144.859566055539,0.0
01/15 04:00:00,2159.2662818211566,0.0
01/15 05:00:00,2177.6268622844,0.0
01/15 06:00:00,2470.1906109380025,0.0
01/15 07:00:00,2511.462965992907,0.0
01/15 08:00:00,2645.017449489315,1.0
01/15 09:00:00,2672.84434692413,16.28
01/15 10:00:00,2692.168274858737,25.4
01/15 11:00:00,2734.8402952881042,53.09
01/15 12:00:00,2752.351090724011,63.53
01/15 13:00:00,2719.8311717439497,68.81
01/15 14:00:00,2715.1759220192525,51.03
01/15 15:00:00,2708.5415984664432,27.53
01/15 16:00:00,2677.3896487303155,16.69
01/15 17:00:00,2694.0884575983614,0.0
01/15 18:00:00,2430.062859245107,0.0
01/15 19:00:00,2435.155732678674,0.0
01/15 20:00:00,2426.4502610071036,0.0
01/15 21:00:00,2403.3064990976472,0.0
01/15 22:00:00,2317.128060553303,0.0
01/15 23:00:00,2257.7791532213314,0.0
01/16 00:00:00,2231.363428489673,0.0
01/16 01:00:00,2230.4720252726047,0.0
01/16 02:00:00,2177.0018393033097,0.0
01/16 03:00:00,2206.5458155411034,0.0
01/16 04:00:00,2219.783087618339,0.0
01/16 05:00:00,2200.7062781417376,0.0
01/16 06:00:00,2508.7020241495366,0.0
01/16 07:00:00,2554.82984543653,0.0
01/16 08:00:00,2688.3462248030114,4.0
01/16 09:00:00,2677.056122378218,90.09
01/16 10:00:00,2682.721403197581,147.46
01/16 11:00:00,2710.820599789355,177.24
01/16 12:00:00,2736.644554490364,218.65
01/16 13:00:00,2734.1596894512345,213.27
01/16 14:00:00,2739.911196887103,132.66
01/16 15:00:00,2747.780513245116,99.33
01/16 16:00:00,2706.9263028552687,22.27
01/16 17:00:00,2724.7498826992946,0.0
01/16 18:00:00,2473.1253696171516,0.0
01/16 19:00:00,2430.717752059685,0.0
01/16 20:00:00,2441.213982717569,0.0
01/16 21:00:00,2448.1142276509436,0.0
01/16 22:00:00,2328.544764264114,0.0
01/16 23:00:00,2259.497085165299,0.0
01/17 00:00:00,2543.7116854731394,0.0
01/17 01:00:00,2527.078189433543,0.0
01/17 02:00:00,2537.1437990639374,0.0
01/17 03:00:00,2537.4737812941753,0.0
01/17 04:00:00,2510.2121147750004,0.0
01/17 05:00:00,2591.8243932298383,0.0
01/17 06:00:00,2959.0684722238575,0.0
01/17 07:00:00,3776.807581046367,0.0
01/17 08:00:00,7171.376380470329,0.0
01/17 09:00:00,6839.693679685336,10.1
01/17 10:00:00,6787.119997293587,15.2
01/17 11:00:00,6809.959731397691,31.28
01/17 12:00:00,6462.221257923574,34.31
01/17 13:00:00,6782.057646698256,30.31
01/17 14:00:00,6733.4153462611475,30.53
01/17 15:00:00,6699.511220975668,22.36
01/17 16:00:00,6667.325847814159,3.0
01/17 17:00:00,4616.563667513177,0.0
01/17 18:00:00,3726.505273775334,0.0
01/17 19:00:00,3812.013770744649,0.0
01/17 20:00:00,3624.868472514792,0.0
01/17 21:00:00,3570.695723183531,0.0
01/17 22:00:00,3201.729220184359,0.0
01/17 23:00:00,2873.012912241438,0.0
01/18 00:00:00,2515.6638574688563,0.0
01/18 01:00:00,2508.117745776905,0.0
01/18 02:00:00,2496.1874238786318,0.0
01/18 03:00:00,2528.803873435859,0.0
01/18 04:00:00,2530.2007607974433,0.0
01/18 05:00:00,2586.7594642023296,0.0
01/18 06:00:00,3015.3444988001024,0.0
01/18 07:00:00,3846.5533855305316,0.0
01/18 08:00:00,7326.03297637439,0.0
01/18 09:00:00,7432.629810537942,6.1
01/18 10:00:00,7048.70823974828,18.21
01/18 11:00:00,7013.027329193256,21.28
01/18 12:00:00,6620.505200986951,37.63
01/18 13:00:00,6905.189122261253,44.62
01/18 14:00:00,6908.802072381646,39.8
01/18 15:00:00,6938.480229046473,24.37
01/18 16:00:00,6752.047541459718,29.36
01/18 17:00:00,4710.07835913668,0.0
01/18 18:00:00,3787.48661574633,0.0
01/18 19:00:00,3828.406002841143,0.0
01/18 20:00:00,3631.7344840664186,0.0
01/18 21:00:00,3524.557502572543,0.0
01/18 22:00:00,3187.3275585875,0.0
01/18 23:00:00,2896.591151141159,0.0
01/19 00:00:00,2534.025311789749,0.0
01/19 01:00:00,2537.0572225018295,0.0
01/19 02:00:00,2520.8198391942847,0.0
01/19 03:00:00,2540.663160947127,0.0
01/19 04:00:00,2553.6375060604905,0.0
01/19 05:00:00,2610.4560959312894,0.0
01/19 06:00:00,3022.1410771648343,0.0
01/19 07:00:00,3814.7660286361033,0.0
01/19 08:00:00,7303.496751630584,2.0
01/19 09:00:00,7301.701027213478,40.8
01/19 10:00:00,7451.953224096837,70.57
01/19 11:00:00,7437.905779908278,145.82
01/19 12:00:00,7125.158263371388,121.97
01/19 13:00:00,7534.207040289164,141.53
01/19 14:00:00,7460.167741891085,139.75
01/19 15:00:00,7655.755910185097,22.38
01/19 16:00:00,7575.96570651928,18.62
01/19 17:00:00,5280.143699595559,0.0
01/19 18:00:00,4270.583717864326,0.0
01/19 19:00:00,4525.455857349356,0.0
01/19 20:00:00,4373.8277517402485,0.0
01/19 21:00:00,4291.1107709923845,0.0
01/19 22:00:00,3895.417416113075,0.0
01/19 23:00:00,3574.2188401074386,0.0
01/20 00:00:00,3162.6946768510616,0.0
01/20 01:00:00,3150.3104717613523,0.0
01/20 02:00:00,3135.82876865152,0.0
01/20 03:00:00,3134.9187936812873,0.0
01/20 04:00:00,3151.722724589405,0.0
01/20 05:00:00,3208.843051313251,0.0
01/20 06:00:00,3660.8040466151697,0.0
01/20 07:00:00,4534.067927065825,0.0
01/20 08:00:00,8435.956671598025,0.0
01/20 09:00:00,7881.769714102823,11.11
01/20 10:00:00,7591.247804214647,32.64
01/20 11:00:00,7582.42931023508,48.86
01/20 12:00:00,7204.327820988966,83.58
01/20 13:00:00,7576.889227675942,91.5
01/20 14:00:00,7586.065146220052,64.92
01/20 15:00:00,7577.885206097218,60.9
01/20 16:00:00,7672.421138256047,21.81
01/20 17:00:00,5357.206431289164,0.0
01/20 18:00:00,4340.76697265558,0.0
01/20 19:00:00,4515.952952583889,0.0
01/20 20:00:00,4339.661627811395,0.0
01/20 21:00:00,4274.82891721677,0.0
01/20 22:00:00,3904.6015574445437,0.0
01/20 23:00:00,3567.657062210584,0.0
01/21 00:00:00,2735.3359476320024,0.0
01/21 01:00:00,2756.1782805342386,0.0
01/21 02:00:00,2732.634751127116,0.0
01/21 03:00:00,2732.886941003182,0.0
01/21 04:00:00,2734.1243390160607,0.0
01/21 05:00:00,2752.6188022870906,0.0
01/21 06:00:00,3665.939847962307,0.0
01/21 07:00:00,3772.424218182006,0.0
01/21 08:00:00,4806.257039823878,1.0
01/21 09:00:00,4618.556131399019,20.44
01/21 10:00:00,4495.54647846695,52.51
01/21 11:00:00,4633.899415581974,76.61
01/21 12:00:00,3614.288022041947,131.78
01/21 13:00:00,3576.4865786170653,145.17
01/21 14:00:00,3565.06600272172,108.79
01/21 15:00:00,3544.983970349701,51.78
01/21 16:00:00,3636.315969875906,5.09
01/21 17:00:00,3300.7316363004193,0.0
01/21 18:00:00,3163.3709836431876,0.0
01/21 19:00:00,2914.3500821037474,0.0
01/21 20:00:00,2964.884664913048,0.0
01/21 21:00:00,2943.615535133474,0.0
01/21 22:00:00,2856.373342869065,0.0
01/21 23:00:00,2790.246677595381,0.0
01/22 00:00:00,2717.0937448724962,0.0
01/22 01:00:00,2698.6678259556766,0.0
01/22 02:00:00,2693.4641662294507,0.0
01/22 03:00:00,2687.6737197079387,0.0
01/22 04:00:00,2707.9921646445123,0.0
01/22 05:00:00,2759.9625447815706,0.0
01/22 06:00:00,3100.7007981169545,0.0
01/22 07:00:00,3138.538852940482,0.0
01/22 08:00:00,3235.153277218207,7.0
01/22 09:00:00,3220.9638168466013,88.58
01/22 10:00:00,3228.3969495121946,184.25
01/22 11:00:00,3253.577974966172,236.69
01/22 12:00:00,3222.3046775798484,240.63
01/22 13:00:00,3229.2438721127887,268.17
01/22 14:00:00,3222.9032528805324,235.4
01/22 15:00:00,3282.1455825923613,161.36
01/22 16:00:00,3227.333999518778,65.71
01/22 17:00:00,3244.8202311951422,2.0
01/22 18:00:00,2922.7500259427225,0.0
01/22 19:00:00,2919.0248727051694,0.0
01/22 20:00:00,2950.813743288204,0.0
01/22 21:00:00,2937.5855759852457,0.0
01/22 22:00:00,2824.9787996769237,0.0
01/22 23:00:00,2773.8764590736414,0.0
01/23 00:00:00,3143.8784036785,0.0
01/23 01:00:00,3128.625769330448,0.0
01/23 02:00:00,3145.264318166853,0.0
01/23 03:00:00,3136.5358173815716,0.0
01/23 04:00:00,3137.4529317391425,0.0
01/23 05:00:00,3209.6632737642117,0.0
01/23 06:00:00,3789.434097159749,0.0
01/23 07:00:00,4740.308966684566,0.0
01/23 08:00:00,9153.80327720715,7.0
01/23 09:00:00,8793.20555518946,32.15
01/23 10:00:00,8605.292458881673,94.99
01/23 11:00:00,8630.330107831487,91.85
01/23 12:00:00,8228.872474501311,116.33
01/23 13:00:00,8699.043230808893,109.27
01/23 14:00:00,8705.86123176495,59.43
01/23 15:00:00,8886.91886012496,25.41
01/23 16:00:00,8868.093218458927,9.09
01/23 17:00:00,5930.595862600646,1.0
01/23 18:00:00,4619.35226585124,0.0
01/23 19:00:00,4609.8803482694475,0.0
01/23 20:00:00,4363.6458384291245,0.0
01/23 21:00:00,4303.605262077294,0.0
01/23 22:00:00,3910.8751775729506,0.0
01/23 23:00:00,3574.0261400401305,0.0
01/24 00:00:00,3134.5861626946703,0.0
01/24 01:00:00,3127.3362700964367,0.0
01/24 02:00:00,3102.9473090631104,0.0
01/24 03:00:00,3121.35755078017,0.0
01/24 04:00:00,3144.7170785849416,0.0
01/24 05:00:00,3201.758090080752,0.0
01/24 06:00:00,3619.7866131301275,0.0
01/24 07:00:00,4466.538123712631,0.0
01/24 08:00:00,8166.447461995458,9.0
01/24 09:00:00,7478.471570229194,111.69
01/24 10:00:00,7415.05427868299,189.53
01/24 11:00:00,7370.420364703211,208.33
01/24 12:00:00,7131.922437346082,269.41
01/24 13:00:00,7475.1270746126265,287.5
01/24 14:00:00,7344.902236177019,210.78
01/24 15:00:00,7394.523524392852,178.43
01/24 16:00:00,7488.547240793757,92.43
01/24 17:00:00,5329.901392546486,3.0
01/24 18:00:00,4352.9195726706685,0.0
01/24 19:00:00,4509.098826213535,0.0
01/24 20:00:00,4306.594459214477,0.0
01/24 21:00:00,4236.175596155676,0.0
01/24 22:00:00,3876.576657598928,0.0
01/24 23:00:00,3553.3186420244683,0.0
01/25 00:00:00,3094.8262924774635,0.0
01/25 01:00:00,3111.001703400488,0.0
01/25 02:00:00,3104.6836896568675,0.0
01/25 03:00:00,3134.9061091139506,0.0
01/25 04:00:00,3120.435434862606,0.0
01/25 05:00:00,3199.0350354198295,0.0
01/25 06:00:00,3627.333468017731,0.0
01/25 07:00:00,4464.2604930339085,0.0
01/25 08:00:00,8200.76990414084,1.0
01/25 09:00:00,7660.666254507425,12.12
01/25 10:00:00,7469.276724704338,46.14
01/25 11:00:00,7500.078009916729,48.91
01/25 12:00:00,7117.39397806004,78.05
01/25 13:00:00,7511.018075750228,57.01
01/25 14:00:00,7408.132049287096,94.42
01/25 15:00:00,7365.206380084901,44.07
01/25 16:00:00,6829.710571693299,11.2
01/25 17:00:00,4705.729809844071,0.0
01/25 18:00:00,3830.2892398226927,0.0
01/25 19:00:00,3921.181543597327,0.0
01/25 20:00:00,3756.875839524687,0.0
01/25 21:00:00,3651.628092506041,0.0
01/25 22:00:00,3331.9118425629695,0.0
01/25 23:00:00,3004.072037736872,0.0
01/26 00:00:00,2654.5324848194373,0.0
01/26 01:00:00,2625.3383685124404,0.0
01/26 02:00:00,2626.8790862345804,0.0
01/26 03:00:00,2618.703172834691,0.0
01/26 04:00:00,2627.7790373657144,0.0
01/26 05:00:00,2692.9320323307934,0.0
01/26 06:00:00,3075.976540102361,0.0
01/26 07:00:00,3845.5266713965743,0.0
01/26 08:00:00,7264.203168309307,4.0
01/26 09:00:00,7148.605976192517,73.44
01/26 10:00:00,7417.570353882507,87.58
01/26 11:00:00,7480.215102305617,200.23
01/26 12:00:00,7155.4743618135135,125.25
01/26 13:00:00,7514.983955662832,125.86
01/26 14:00:00,7481.202398787234,151.01
01/26 15:00:00,7516.7123221286365,125.21
01/26 16:00:00,7615.7935730885265,60.48
01/26 17:00:00,5425.7151947815355,4.0
01/26 18:00:00,4443.324076261781,0.0
01/26 19:00:00,4577.1981315375215,0.0
01/26 20:00:00,4369.005908956476,0.0
01/26 21:00:00,4265.758975480656,0.0
01/26 22:00:00,3925.9142646850814,0.0
01/26 23:00:00,3573.1205213746493,0.0
01/27 00:00:00,3120.584771681218,0.0
01/27 01:00:00,3108.6433171724625,0.0
01/27 02:00:00,3120.6980700723097,0.0
01/27 03:00:00,3126.548507162519,0.0
01/27 04:00:00,3123.43679800872,0.0
01/27 05:00:00,3200.4256904904587,0.0
01/27 06:00:00,3631.774551497291,0.0
01/27 07:00:00,4528.069224154688,0.0
01/27 08:00:00,8483.278499251197,9.0
01/27 09:00:00,7566.546618867192,104.19
01/27 10:00:00,7398.487877840456,161.35
01/27 11:00:00,7433.516261826306,203.53
01/27 12:00:00,7170.824115612315,212.43
01/27 13:00:00,7528.091730235782,291.82
01/27 14:00:00,7452.971737421173,228.53
01/27 15:00:00,7551.3315566076735,144.81
01/27 16:00:00,7683.206284745826,68.06
01/27 17:00:00,5467.109648656536,1.0
01/27 18:00:00,4437.006691702904,0.0
01/27 19:00:00,4535.601857699241,0.0
01/27 20:00:00,4302.911966328283,0.0
01/27 21:00:00,4211.669966538034,0.0
01/27 22:00:00,3985.2311204793427,0.0
01/27 23:00:00,3617.8290023684895,0.0
01/28 00:00:00,2771.934265352167,0.0
01/28 01:00:00,2745.5197936651066,0.0
01/28 02:00:00,2734.3481958215352,0.0
01/28 03:00:00,2746.8125784531626,0.0
01/28 04:00:00,2752.94240947303,0.0
01/28 05:00:00,2770.5365055435955,0.0
01/28 06:00:00,3659.0697164632097,0.0
01/28 07:00:00,3831.801162123793,0.0
01/28 08:00:00,4812.976491479949,15.0
01/28 09:00:00,4562.725203879618,63.22
01/28 10:00:00,4486.949099044746,110.03
01/28 11:00:00,4497.98894740369,156.57
01/28 12:00:00,3545.6219354818313,233.01
01/28 13:00:00,3531.660197854148,203.96
01/28 14:00:00,3518.797654466038,115.68
01/28 15:00:00,3560.7691281873713,43.91
01/28 16:00:00,3672.91432424591,19.34
01/28 17:00:00,3342.2551900862845,1.0
01/28 18:00:00,3231.2391162222493,0.0
01/28 19:00:00,2955.1531408539213,0.0
01/28 20:00:00,3002.2227509096433,0.0
01/28 21:00:00,2983.297222197972,0.0
01/28 22:00:00,2892.727864948195,0.0
01/28 23:00:00,2828.3862950874673,0.0
01/29 00:00:00,2732.439155313629,0.0
01/29 01:00:00,2750.9136046018293,0.0
01/29 02:00:00,2730.5983082897305,0.0
01/29 03:00:00,2736.714452750295,0.0
01/29 04:00:00,2723.846040865982,0.0
01/29 05:00:00,2778.925771077871,0.0
01/29 06:00:00,3140.9710231724753,0.0
01/29 07:00:00,3197.4206582771226,0.0
01/29 08:00:00,3291.4793819420033,1.0
01/29 09:00:00,3317.7277104603877,16.27
01/29 10:00:00,3309.5440787317248,33.49
01/29 11:00:00,3340.1054852546363,77.24
01/29 12:00:00,3329.7486365224117,244.45
01/29 13:00:00,3300.3910807216344,231.46
01/29 14:00:00,3323.5020021270743,136.47
01/29 15:00:00,3310.1535682388494,116.49
01/29 16:00:00,3272.0195035302963,62.09
01/29 17:00:00,3316.661157228554,4.0
01/29 18:00:00,2988.193720584315,0.0
01/29 19:00:00,2985.41872230917,0.0
01/29 20:00:00,2990.966106880208,0.0
01/29 21:00:00,2969.8864091184773,0.0
01/29 22:00:00,2876.2915681825953,0.0
01/29 23:00:00,2804.2282531411915,0.0
01/30 00:00:00,3161.1412886444778,0.0
01/30 01:00:00,3154.430619300183,0.0
01/30 02:00:00,3174.9116113352898,0.0
01/30 03:00:00,3160.3762002113276,0.0
01/30 04:00:00,3162.947261755789,0.0
01/30 05:00:00,3233.0404253900747,0.0
01/30 06:00:00,3792.302646373416,0.0
01/30 07:00:00,4763.910750570268,0.0
01/30 08:00:00,9119.594384564089,7.25
01/30 09:00:00,8773.685630231037,56.16
01/30 10:00:00,8649.220281115633,146.48
01/30 11:00:00,8646.635939020269,120.45
01/30 12:00:00,8264.466374338434,109.71
01/30 13:00:00,8629.886338721524,151.58
01/30 14:00:00,8637.549934847984,248.83
01/30 15:00:00,8672.424687641582,133.75
01/30 16:00:00,8628.535497959956,68.93
01/30 17:00:00,5990.461233011551,10.0
01/30 18:00:00,4709.07503867856,0.0
01/30 19:00:00,4711.924772215291,0.0
01/30 20:00:00,4381.610359923157,0.0
01/30 21:00:00,4284.554068475077,0.0
01/30 22:00:00,3958.628940191334,0.0
01/30 23:00:00,3619.353534933047,0.0
01/31 00:00:00,3190.833108600932,0.0
01/31 01:00:00,3143.8402997810244,0.0
01/31 02:00:00,3146.449335012305,0.0
01/31 03:00:00,3151.655017471494,0.0
01/31 04:00:00,3163.9398152439103,0.0
01/31 05:00:00,3212.6471514470236,0.0
01/31 06:00:00,3616.11407874364,0.0
01/31 07:00:00,4490.618539823491,0.0
01/31 08:00:00,8440.106844218171,3.33
01/31 09:00:00,7695.9231379384055,38.28
01/31 10:00:00,7507.211308823912,40.76
01/31 11:00:00,7515.350508473118,74.97
01/31 12:00:00,6914.203267294741,78.83
01/31 13:00:00,6803.391591159825,86.55
01/31 14:00:00,6740.4224253268685,64.6
01/31 15:00:00,6854.303936760429,40.72
01/31 16:00:00,6865.523647344206,16.26
01/31 17:00:00,4720.568986002939,1.0
01/31 18:00:00,3867.3213171881157,0.0
01/31 19:00:00,3888.8782544777446,0.0
01/31 20:00:00,3681.38017320425,0.0
01/31 21:00:00,3609.4929164222194,0.0
01/31 22:00:00,3257.001569315423,0.0
01/31 23:00:00,2964.6048057457897,0.0
02/01 00:00:00,3235.9617850118134,0.0
02/01 01:00:00,3275.209359754969,0.0
02/01 02:00:00,3274.2209940352145,0.0
02/01 03:00:00,3276.6469469294775,0.0
02/01 04:00:00,3283.379230845466,0.0
02/01 05:00:00,3288.079518515826,0.0
02/01 06:00:00,3702.6081904728185,0.0
02/01 07:00:00,4515.159142608659,0.0
02/01 08:00:00,8031.241476521197,3.13
02/01 09:00:00,7590.054036788893,23.44
02/01 10:00:00,7388.150414854049,78.33
02/01 11:00:00,7411.861684109996,162.29
02/01 12:00:00,7161.679764011262,144.01
02/01 13:00:00,7468.953542958059,166.22
02/01 14:00:00,7485.360101007911,194.35
02/01 15:00:00,7449.584032446491,151.25
02/01 16:00:00,7322.691715834805,69.09
02/01 17:00:00,5420.466187589148,4.0
02/01 18:00:00,4540.404920963675,0.0
02/01 19:00:00,4614.0736381429415,0.0
02/01 20:00:00,4355.082969415554,0.0
02/01 21:00:00,4300.407947419783,0.0
02/01 22:00:00,3995.662602033289,0.0
02/01 23:00:00,3679.1610855662943,0.0
02/02 00:00:00,3299.0195734200615,0.0
02/02 01:00:00,3302.837829911043,0.0
02/02 02:00:00,3287.1193049042504,0.0
02/02 03:00:00,3297.183723553579,0.0
02/02 04:00:00,3319.614891912241,0.0
02/02 05:00:00,3362.018221152685,0.0
02/02 06:00:00,3731.5018252731106,0.0
02/02 07:00:00,4497.026544385707,0.0
02/02 08:00:00,7854.368680129494,11.24
02/02 09:00:00,7446.733066132784,78.73
02/02 10:00:00,8076.692134319863,170.57
02/02 11:00:00,7644.307026127518,206.16
02/02 12:00:00,7114.1140749280585,233.82
02/02 13:00:00,7437.418822799847,315.92
02/02 14:00:00,7384.926554790934,282.52
02/02 15:00:00,7397.142733504486,220.52
02/02 16:00:00,7318.880427105093,131.18
02/02 17:00:00,5482.755621405743,10.0
02/02 18:00:00,4494.47374418489,0.0
02/02 19:00:00,4594.828407938215,0.0
02/02 20:00:00,4417.302792826734,0.0
02/02 21:00:00,4290.702185535665,0.0
02/02 22:00:00,4031.2388472496764,0.0
02/02 23:00:00,3666.6860242209673,0.0
02/03 00:00:00,3337.5325726960273,0.0
02/03 01:00:00,3260.0626975286727,0.0
02/03 02:00:00,3303.573557790654,0.0
02/03 03:00:00,3263.99421687122,0.0
02/03 04:00:00,3295.5544149616744,0.0
02/03 05:00:00,3298.416499368192,0.0
02/03 06:00:00,3716.645855688781,0.0
02/03 07:00:00,4575.1651764545395,0.0
02/03 08:00:00,8057.97511444068,18.71
02/03 09:00:00,8162.733072105225,147.11
02/03 10:00:00,7999.387651492179,233.73
02/03 11:00:00,8037.733818868703,302.35
02/03 12:00:00,7787.654020558509,348.21
02/03 13:00:00,7744.055921656159,343.98
02/03 14:00:00,7415.053492133715,296.91
02/03 15:00:00,7783.03745347895,225.45
02/03 16:00:00,7348.748694911748,137.0
02/03 17:00:00,5470.861012298226,11.0
02/03 18:00:00,4621.947510555272,0.0
02/03 19:00:00,4662.74146295023,0.0
02/03 20:00:00,4308.271772481395,0.0
02/03 21:00:00,4222.2660586314505,0.0
02/03 22:00:00,3989.070374988572,0.0
02/03 23:00:00,3712.718576999465,0.0
02/04 00:00:00,2995.2827462147347,0.0
02/04 01:00:00,3021.079572050381,0.0
02/04 02:00:00,3010.4337967350107,0.0
02/04 03:00:00,3002.3480535739322,0.0
02/04 04:00:00,3020.1055087841983,0.0
02/04 05:00:00,3039.7133904791895,0.0
02/04 06:00:00,3790.1570153263497,0.0
02/04 07:00:00,3965.1228213145196,0.0
02/04 08:00:00,5054.779230174732,15.25
02/04 09:00:00,5281.327356923447,136.8
02/04 10:00:00,5210.5088203253235,222.31
02/04 11:00:00,5250.53629820357,306.89
02/04 12:00:00,4150.703356726849,354.49
02/04 13:00:00,3927.5399237827223,352.96
02/04 14:00:00,4094.6405424772,302.21
02/04 15:00:00,4270.762569348336,230.46
02/04 16:00:00,4343.603172099144,141.77
02/04 17:00:00,4112.160349573213,13.47
02/04 18:00:00,4014.9846123688394,0.0
02/04 19:00:00,3758.5034550852133,0.0
02/04 20:00:00,3773.3894196713795,0.0
02/04 21:00:00,3810.972138446687,0.0
02/04 22:00:00,3745.600676904642,0.0
02/04 23:00:00,3655.8496600877743,0.0
02/05 00:00:00,3579.191064215251,0.0
02/05 01:00:00,3588.1552950694263,0.0
02/05 02:00:00,3570.456175698568,0.0
02/05 03:00:00,3569.5978322591563,0.0
02/05 04:00:00,3592.958119613122,0.0
02/05 05:00:00,3607.488788637131,0.0
02/05 06:00:00,3983.093484318369,0.0
02/05 07:00:00,3987.616353003148,0.0
02/05 08:00:00,4138.837269188892,22.92
02/05 09:00:00,4160.08962665027,154.59
02/05 10:00:00,4194.589172330295,243.22
02/05 11:00:00,4227.48198370816,311.42
02/05 12:00:00,4243.954873811581,356.11
02/05 13:00:00,4222.685245099638,353.32
02/05 14:00:00,4225.1992270867595,302.3
02/05 15:00:00,4248.54786728701,233.28
02/05 16:00:00,4132.285500190596,145.62
02/05 17:00:00,4104.580054261135,14.85
02/05 18:00:00,3853.9198810336293,0.0
02/05 19:00:00,3837.2969130318534,0.0
02/05 20:00:00,3835.952721914521,0.0
02/05 21:00:00,3792.5652526209547,0.0
02/05 22:00:00,3730.61870899541,0.0
02/05 23:00:00,3627.8854732406485,0.0
02/06 00:00:00,3978.154891639226,0.0
02/06 01:00:00,3962.3223413215906,0.0
02/06 02:00:00,3985.6000952971763,0.0
02/06 03:00:00,3981.892367819871,0.0
02/06 04:00:00,3992.5875266423936,0.0
02/06 05:00:00,4041.7255632124525,0.0
02/06 06:00:00,4637.513408880695,0.0
02/06 07:00:00,5584.609597517566,0.0
02/06 08:00:00,9851.929738256604,15.68
02/06 09:00:00,9668.136453320973,114.0
02/06 10:00:00,9577.713434877849,181.22
02/06 11:00:00,9558.081154964753,251.4
02/06 12:00:00,9154.99796419298,348.9
02/06 13:00:00,9665.132402380017,359.36
02/06 14:00:00,9502.384659593763,310.48
02/06 15:00:00,9509.644753477682,231.85
02/06 16:00:00,9449.117180196212,149.57
02/06 17:00:00,6847.8821776542,17.32
02/06 18:00:00,5485.166796379223,0.0
02/06 19:00:00,5458.896412947241,0.0
02/06 20:00:00,5255.79103167263,0.0
02/06 21:00:00,5135.301057921893,0.0
02/06 22:00:00,4787.683981900184,0.0
02/06 23:00:00,4443.64834955019,0.0
02/07 00:00:00,4005.7902506128694,0.0
02/07 01:00:00,4018.5280044731244,0.0
02/07 02:00:00,3956.960154470445,0.0
02/07 03:00:00,3970.5147142245214,0.0
02/07 04:00:00,4000.315101905976,0.0
02/07 05:00:00,4024.8926833474147,0.0
02/07 06:00:00,4479.204832116261,0.0
02/07 07:00:00,5337.0025299381505,0.0
02/07 08:00:00,8910.889120334068,17.34
02/07 09:00:00,8111.093994255454,109.02
02/07 10:00:00,7980.907927575007,178.11
02/07 11:00:00,7971.163364912455,245.68
02/07 12:00:00,7685.741500393794,273.5
02/07 13:00:00,8062.4852348602,264.33
02/07 14:00:00,8005.718034537748,169.85
02/07 15:00:00,8061.405365386211,114.85
02/07 16:00:00,8019.0407348460985,81.67
02/07 17:00:00,5986.570803386333,16.87
02/07 18:00:00,5134.5604936857,0.0
02/07 19:00:00,5286.567583094013,0.0
02/07 20:00:00,5070.714314912895,0.0
02/07 21:00:00,4917.132167176909,0.0
02/07 22:00:00,4647.734906721852,0.0
02/07 23:00:00,4341.163853245274,0.0
02/08 00:00:00,3890.788553977199,0.0
02/08 01:00:00,3863.5242303447994,0.0
02/08 02:00:00,3900.3415476920004,0.0
02/08 03:00:00,3878.3592422518377,0.0
02/08 04:00:00,3896.0974478865537,0.0
02/08 05:00:00,3953.748308895387,0.0
02/08 06:00:00,4402.159432502476,0.0
02/08 07:00:00,5166.411068568606,0.0
02/08 08:00:00,8845.491112759008,16.39
02/08 09:00:00,8040.947212199137,102.83
02/08 10:00:00,8036.465246302892,153.29
02/08 11:00:00,8129.19411195159,269.01
02/08 12:00:00,7800.667425748165,296.86
02/08 13:00:00,8150.441751218131,252.59
02/08 14:00:00,8076.901424375291,313.52
02/08 15:00:00,8012.54890506923,240.86
02/08 16:00:00,7902.588429603291,143.72
02/08 17:00:00,5961.709531780604,19.53
02/08 18:00:00,5188.457443566866,0.0
02/08 19:00:00,5296.122657480916,0.0
02/08 20:00:00,5088.811644168273,0.0
02/08 21:00:00,4979.799934881485,0.0
02/08 22:00:00,4750.999340622151,0.0
02/08 23:00:00,4452.23822530226,0.0
02/09 00:00:00,4012.1923740002107,0.0
02/09 01:00:00,4007.82135950324,0.0
02/09 02:00:00,3996.7642916616205,0.0
02/09 03:00:00,3990.02179556232,0.0
02/09 04:00:00,3982.9005233311714,0.0
02/09 05:00:00,4054.8118064862238,0.0
02/09 06:00:00,4457.556381159946,0.0
02/09 07:00:00,5302.90182766972,0.0
02/09 08:00:00,9049.204834858225,4.04
02/09 09:00:00,8520.612247369958,19.18
02/09 10:00:00,8259.321125145414,32.29
02/09 11:00:00,8153.448491025195,47.74
02/09 12:00:00,7813.554189598566,66.23
02/09 13:00:00,8209.841646176576,66.22
02/09 14:00:00,8154.300000526933,69.46
02/09 15:00:00,8170.172178719932,74.55
02/09 16:00:00,8116.883542695539,42.36
02/09 17:00:00,6012.433328300697,6.18
02/09 18:00:00,5101.213312600248,0.0
02/09 19:00:00,5309.102801627268,0.0
02/09 20:00:00,5150.544891887604,0.0
02/09 21:00:00,5109.098754253689,0.0
02/09 22:00:00,4719.60314068368,0.0
02/09 23:00:00,4449.212237447187,0.0
02/10 00:00:00,4014.9624011199935,0.0
02/10 01:00:00,4030.5366010831513,0.0
02/10 02:00:00,4018.1613049931816,0.0
02/10 03:00:00,4025.1014802428235,0.0
02/10 04:00:00,3999.776484736534,0.0
02/10 05:00:00,4060.755911248807,0.0
02/10 06:00:00,4457.570035734195,0.0
02/10 07:00:00,5266.527709761843,0.0
02/10 08:00:00,8953.406621497545,15.88
02/10 09:00:00,8297.49810476312,74.76
02/10 10:00:00,8120.620557387709,128.59
02/10 11:00:00,8156.980857555708,132.51
02/10 12:00:00,7832.446162107177,155.95
02/10 13:00:00,8148.700452008615,106.3
02/10 14:00:00,7976.027254438117,270.87
02/10 15:00:00,8069.967053132424,201.9
02/10 16:00:00,8050.781607957566,138.96
02/10 17:00:00,6077.069606003047,25.27
02/10 18:00:00,5181.61900174761,0.0
02/10 19:00:00,5304.584641011948,0.0
02/10 20:00:00,5104.376720291262,0.0
02/10 21:00:00,5115.669475901916,0.0
02/10 22:00:00,4714.374852230806,0.0
02/10 23:00:00,4387.211076055171,0.0
02/11 00:00:00,3580.248175583815,0.0
02/11 01:00:00,3584.835010994616,0.0
02/11 02:00:00,3559.7550208088314,0.0
02/11 03:00:00,3571.3619399939153,0.0
02/11 04:00:00,3561.243005070953,0.0
02/11 05:00:00,3619.501937262043,0.0
02/11 06:00:00,4486.1774584492805,0.0
02/11 07:00:00,4559.867780675844,0.0
02/11 08:00:00,5463.642867431879,11.27
02/11 09:00:00,5144.052743191552,48.53
02/11 10:00:00,5137.214867858698,65.81
02/11 11:00:00,5159.552138417503,55.76
02/11 12:00:00,4237.496959463001,80.68
02/11 13:00:00,4242.982329093488,109.76
02/11 14:00:00,4217.369029488391,76.87
02/11 15:00:00,4242.504028531,31.29
02/11 16:00:00,4339.3122610062355,18.18
02/11 17:00:00,4034.6923803283644,7.16
02/11 18:00:00,3982.4785634936316,0.0
02/11 19:00:00,3775.1417474189006,0.0
02/11 20:00:00,3823.169603433195,0.0
02/11 21:00:00,3864.691709578304,0.0
02/11 22:00:00,3775.3125047084095,0.0
02/11 23:00:00,3682.8299697126004,0.0
02/12 00:00:00,3616.2429658820465,0.0
02/12 01:00:00,3609.081132165101,0.0
02/12 02:00:00,3607.6718103068347,0.0
02/12 03:00:00,3603.6789129616254,0.0
02/12 04:00:00,3592.3020088090148,0.0
02/12 05:00:00,3634.560429887347,0.0
02/12 06:00:00,3988.328376564117,0.0
02/12 07:00:00,4009.177243724069,0.0
02/12 08:00:00,4184.744321461434,24.21
02/12 09:00:00,4177.098528314615,19.2
02/12 10:00:00,4226.230473713141,43.61
02/12 11:00:00,4313.068623639363,32.39
02/12 12:00:00,4272.001703550001,88.13
02/12 13:00:00,4280.690862280968,34.42
02/12 14:00:00,4235.609263456259,40.38
02/12 15:00:00,4271.4833456877,59.49
02/12 16:00:00,4213.754431164656,31.74
02/12 17:00:00,4179.435108622997,8.22
02/12 18:00:00,3872.02603056797,0.0
02/12 19:00:00,3848.9116965981107,0.0
02/12 20:00:00,3866.585019333499,0.0
02/12 21:00:00,3793.2263303380296,0.0
02/12 22:00:00,3706.0204821092493,0.0
02/12 23:00:00,3664.220998849612,0.0
02/13 00:00:00,4009.2067161231594,0.0
02/13 01:00:00,4001.6574276481642,0.0
02/13 02:00:00,4036.3080154911668,0.0
02/13 03:00:00,4027.2173230279504,0.0
02/13 04:00:00,4017.6873085623033,0.0
02/13 05:00:00,4110.358750054952,0.0
02/13 06:00:00,4660.235295245253,0.0
02/13 07:00:00,5626.775603660385,0.0
02/13 08:00:00,9907.839287869427,54.75
02/13 09:00:00,9630.167439245228,183.25
02/13 10:00:00,9611.700396960232,270.45
02/13 11:00:00,9588.525622965546,353.48
02/13 12:00:00,9274.44048788856,403.12
02/13 13:00:00,9664.666743173844,402.02
02/13 14:00:00,9572.530696912925,330.46
02/13 15:00:00,9598.71323269766,234.36
02/13 16:00:00,9290.491874743586,130.56
02/13 17:00:00,6789.4853917582,24.09
02/13 18:00:00,5550.928771607429,0.0
02/13 19:00:00,5536.139493158796,0.0
02/13 20:00:00,5278.073384221139,0.0
02/13 21:00:00,5185.689168623249,0.0
02/13 22:00:00,4784.806626278469,0.0
02/13 23:00:00,4449.030390633326,0.0
02/14 00:00:00,4063.1117354276307,0.0
02/14 01:00:00,4039.390962875208,0.0
02/14 02:00:00,4017.7378146879455,0.0
02/14 03:00:00,4026.950619091643,0.0
02/14 04:00:00,4029.980510345064,0.0
02/14 05:00:00,4103.092436469936,0.0
02/14 06:00:00,4501.904828541782,0.0
02/14 07:00:00,5233.595939814129,0.0
02/14 08:00:00,9089.252695292644,13.34
02/14 09:00:00,8345.523524542292,37.82
02/14 10:00:00,8160.908423936465,77.22
02/14 11:00:00,8162.599144446314,148.51
02/14 12:00:00,7845.81367975377,410.6
02/14 13:00:00,8313.35468282015,407.59
02/14 14:00:00,8247.494357489964,321.43
02/14 15:00:00,8257.551609952929,262.67
02/14 16:00:00,8119.675063679391,178.88
02/14 17:00:00,6078.596068562233,44.74
02/14 18:00:00,5320.097988224795,0.0
02/14 19:00:00,5442.380132715569,0.0
02/14 20:00:00,5165.5679766654075,0.0
02/14 21:00:00,5055.207022557417,0.0
02/14 22:00:00,4773.136434528511,0.0
02/14 23:00:00,4470.509162306067,0.0
02/15 00:00:00,4007.5251628940596,0.0
02/15 01:00:00,4014.245537119302,0.0
02/15 02:00:00,3973.4115008450644,0.0
02/15 03:00:00,3957.4402486051913,0.0
02/15 04:00:00,3927.979015225464,0.0
02/15 05:00:00,4029.7706065270218,0.0
02/15 06:00:00,4439.186471637164,0.0
02/15 07:00:00,5258.981272872503,0.0
02/15 08:00:00,9018.635289338697,14.36
02/15 09:00:00,8355.294086331858,51.69
02/15 10:00:00,8240.759085384836,61.29
02/15 11:00:00,8264.6428939669,77.61
02/15 12:00:00,7855.424257022133,192.64
02/15 13:00:00,8245.51736992364,203.51
02/15 14:00:00,8151.615868067286,270.83
02/15 15:00:00,8120.431948736166,175.98
02/15 16:00:00,8177.731613937941,34.79
02/15 17:00:00,6091.241539316299,6.06
02/15 18:00:00,5173.191288248984,0.0
02/15 19:00:00,5387.915175897051,0.0
02/15 20:00:00,5071.411939123507,0.0
02/15 21:00:00,4997.776616876628,0.0
02/15 22:00:00,4740.602036143334,0.0
02/15 23:00:00,4457.913158738095,0.0
02/16 00:00:00,4005.7312607181802,0.0
02/16 01:00:00,4004.7879676107145,0.0
02/16 02:00:00,3964.460666737491,0.0
02/16 03:00:00,3981.346578868069,0.0
02/16 04:00:00,3960.3979961205314,0.0
02/16 05:00:00,4031.3131234352572,0.0
02/16 06:00:00,4435.980240346294,0.0
02/16 07:00:00,4831.977155869059,0.0
02/16 08:00:00,7851.690234133159,24.16
02/16 09:00:00,8191.822901460644,103.09
02/16 10:00:00,8095.9202600610915,187.11
02/16 11:00:00,8117.984501658414,129.1
02/16 12:00:00,7822.8410763263655,300.62
02/16 13:00:00,8199.044891029984,302.31
02/16 14:00:00,8151.464483754637,310.27
02/16 15:00:00,8128.872294402432,238.19
02/16 16:00:00,8044.449918120589,155.83
02/16 17:00:00,5993.819154365253,23.97
02/16 18:00:00,5141.389780868656,0.0
02/16 19:00:00,5320.268442449257,0.0
02/16 20:00:00,5109.811364612597,0.0
02/16 21:00:00,5059.665055925044,0.0
02/16 22:00:00,4786.526720817974,0.0
02/16 23:00:00,4488.531117023544,0.0
02/17 00:00:00,4020.546230307109,0.0
02/17 01:00:00,4020.277890463015,0.0
02/17 02:00:00,4003.5981146124723,0.0
02/17 03:00:00,4022.933268194901,0.0
02/17 04:00:00,4007.9362965465116,0.0
02/17 05:00:00,4044.815070751862,0.0
02/17 06:00:00,4531.783204725151,0.0
02/17 07:00:00,5259.484421159947,0.0
02/17 08:00:00,8855.405451777153,77.02
02/17 09:00:00,8241.144336691863,198.59
02/17 10:00:00,8165.348248281089,292.09
02/17 11:00:00,8239.551914383486,377.07
02/17 12:00:00,7939.678184141238,409.41
02/17 13:00:00,8201.14786723735,378.32
02/17 14:00:00,8092.251330577576,219.33
02/17 15:00:00,8199.875730935904,112.15
02/17 16:00:00,8064.019723230705,123.69
02/17 17:00:00,5941.531844861509,52.22
02/17 18:00:00,5089.899913773237,0.0
02/17 19:00:00,5278.612781942391,0.0
02/17 20:00:00,5136.859817284709,0.0
02/17 21:00:00,5205.446581569867,0.0
02/17 22:00:00,4832.8296568292435,0.0
02/17 23:00:00,4504.076192283921,0.0
02/18 00:00:00,3682.819223921511,0.0
02/18 01:00:00,3673.6261562303025,0.0
02/18 02:00:00,3680.2186581896726,0.0
02/18 03:00:00,3666.4745036408076,0.0
02/18 04:00:00,3634.339252382655,0.0
02/18 05:00:00,3673.533092607226,0.0
02/18 06:00:00,4523.824578777239,0.0
02/18 07:00:00,4547.442774363998,0.0
02/18 08:00:00,5454.00587017876,40.92
02/18 09:00:00,5188.499345248473,160.16
02/18 10:00:00,5139.208506694263,161.98
02/18 11:00:00,5148.0757001612765,273.43
02/18 12:00:00,4254.533916086795,298.31
02/18 13:00:00,4258.3746612775,326.43
02/18 14:00:00,4248.551163229441,335.71
02/18 15:00:00,4285.592191716984,236.49
02/18 16:00:00,4396.731427843927,169.4
02/18 17:00:00,4106.600460379206,29.55
02/18 18:00:00,4022.6891868749285,0.0
02/18 19:00:00,3796.6969879166027,0.0
02/18 20:00:00,3804.5296008071314,0.0
02/18 21:00:00,3820.4948114805857,0.0
02/18 22:00:00,3734.4774727728823,0.0
02/18 23:00:00,3669.0689457539233,0.0
02/19 00:00:00,3611.8569095406206,0.0
02/19 01:00:00,3585.6849552840235,0.0
02/19 02:00:00,3565.2007191182597,0.0
02/19 03:00:00,3579.326642064161,0.0
02/19 04:00:00,3594.461529881818,0.0
02/19 05:00:00,3620.7025406839034,0.0
02/19 06:00:00,3967.8963865926353,0.0
02/19 07:00:00,4016.0439558249773,1.0
02/19 08:00:00,4167.770466293992,87.46
02/19 09:00:00,4158.929998650027,206.89
02/19 10:00:00,4243.085438882649,296.84
02/19 11:00:00,4224.309581303227,388.17
02/19 12:00:00,4230.264908764639,424.14
02/19 13:00:00,4247.550708281641,428.62
02/19 14:00:00,4232.084206557264,377.75
02/19 15:00:00,4232.644501774351,264.62
02/19 16:00:00,4159.619251516545,71.5
02/19 17:00:00,4206.111413992331,4.08
02/19 18:00:00,3844.309950365884,0.0
02/19 19:00:00,3870.424673473678,0.0
02/19 20:00:00,3878.355574024213,0.0
02/19 21:00:00,3840.0562152507487,0.0
02/19 22:00:00,3736.949637257076,0.0
02/19 23:00:00,3670.387386463553,0.0
02/20 00:00:00,3629.9130338868986,0.0
02/20 01:00:00,3593.462062303144,0.0
02/20 02:00:00,3597.876092508556,0.0
02/20 03:00:00,3579.8590630134927,0.0
02/20 04:00:00,3562.5000393961036,0.0
02/20 05:00:00,3590.3825395630397,0.0
02/20 06:00:00,3961.4609149718685,0.0
02/20 07:00:00,4034.6775008059303,0.0
02/20 08:00:00,4201.368768159968,7.1
02/20 09:00:00,4171.236916852072,20.24
02/20 10:00:00,4198.867712013365,56.05
02/20 11:00:00,4198.171251077899,110.43
02/20 12:00:00,4158.128107705534,136.15
02/20 13:00:00,4185.965298590014,113.26
02/20 14:00:00,4174.073757583598,81.69
02/20 15:00:00,4188.271811553434,88.05
02/20 16:00:00,4107.89962774883,72.57
02/20 17:00:00,4145.740239611841,11.16
02/20 18:00:00,3803.2369356963572,0.0
02/20 19:00:00,3829.4209109129024,0.0
02/20 20:00:00,3846.0777629415084,0.0
02/20 21:00:00,3838.537761430417,0.0
02/20 22:00:00,3734.3472090035284,0.0
02/20 23:00:00,3687.7691434390713,0.0
02/21 00:00:00,4010.37119992378,0.0
02/21 01:00:00,3968.402059255235,0.0
02/21 02:00:00,3980.028212644434,0.0
02/21 03:00:00,3978.5591972596426,0.0
02/21 04:00:00,3955.048062323752,0.0
02/21 05:00:00,4042.6267196204626,0.0
02/21 06:00:00,4494.740341618836,0.0
02/21 07:00:00,5292.538026798767,0.0
02/21 08:00:00,9016.743379715932,11.1
02/21 09:00:00,8318.031159779419,24.24
02/21 10:00:00,7971.919173924845,58.07
02/21 11:00:00,7991.642505455411,212.06
02/21 12:00:00,7681.796990300251,125.26
02/21 13:00:00,8017.499405000214,119.77
02/21 14:00:00,8042.0668013226505,110.85
02/21 15:00:00,8044.325402430951,69.72
02/21 16:00:00,8013.115634260212,96.22
02/21 17:00:00,6104.289327043435,5.09
02/21 18:00:00,5185.189672240092,0.0
02/21 19:00:00,5241.733388261526,0.0
02/21 20:00:00,4996.9257368045655,0.0
02/21 21:00:00,5009.720627003535,0.0
02/21 22:00:00,4715.3526487341105,0.0
02/21 23:00:00,4395.942214305176,0.0
02/22 00:00:00,3913.67226830493,0.0
02/22 01:00:00,3911.614629123805,0.0
02/22 02:00:00,3913.546344724788,0.0
02/22 03:00:00,3911.474793063601,0.0
02/22 04:00:00,3906.508532465453,0.0
02/22 05:00:00,3989.0934755629473,0.0
02/22 06:00:00,4420.560602977885,0.0
02/22 07:00:00,5207.581724989491,3.0
02/22 08:00:00,8628.742867492629,80.0
02/22 09:00:00,8096.725107362904,174.08
02/22 10:00:00,8079.277756757305,305.78
02/22 11:00:00,8164.936685270634,333.34
02/22 12:00:00,7822.6674218459175,426.14
02/22 13:00:00,8159.512940070709,410.55
02/22 14:00:00,8061.3907753386275,292.0
02/22 15:00:00,8124.778189861245,183.27
02/22 16:00:00,8153.7617894776795,52.4
02/22 17:00:00,6106.793359051226,12.18
02/22 18:00:00,5165.504040165752,0.0
02/22 19:00:00,5272.168162542751,0.0
02/22 20:00:00,4972.859747026434,0.0
02/22 21:00:00,4980.134267864106,0.0
02/22 22:00:00,4674.377268874788,0.0
02/22 23:00:00,4355.701140909248,0.0
02/23 00:00:00,3920.1166891369207,0.0
02/23 01:00:00,3910.332459861489,0.0
02/23 02:00:00,3873.1261112928755,0.0
02/23 03:00:00,3885.4956947310134,0.0
02/23 04:00:00,3879.2920190013524,0.0
02/23 05:00:00,3925.087913760531,0.0
02/23 06:00:00,4380.2017696986795,0.0
02/23 07:00:00,5186.560269382319,0.0
02/23 08:00:00,9097.61887830084,15.23
02/23 09:00:00,8605.671894741,28.25
02/23 10:00:00,8440.100477336948,32.37
02/23 11:00:00,8306.070410320426,84.78
02/23 12:00:00,7898.099355701698,194.55
02/23 13:00:00,8285.223306668864,148.27
02/23 14:00:00,8141.722498817501,76.31
02/23 15:00:00,8231.525377215983,68.42
02/23 16:00:00,8168.898178050359,28.48
02/23 17:00:00,5983.3267188931295,19.48
02/23 18:00:00,4983.8562875177495,0.0
02/23 19:00:00,5238.393606763842,0.0
02/23 20:00:00,5128.960046470208,0.0
02/23 21:00:00,5111.730912027859,0.0
02/23 22:00:00,4775.146800023966,0.0
02/23 23:00:00,4451.746303156422,0.0
02/24 00:00:00,3977.1101390422127,0.0
02/24 01:00:00,3964.6190982709127,0.0
02/24 02:00:00,3968.4397890482965,0.0
02/24 03:00:00,3973.5670315830184,0.0
02/24 04:00:00,3995.6213732585597,0.0
02/24 05:00:00,4055.3471382028565,0.0
02/24 06:00:00,4497.462628014584,0.0
02/24 07:00:00,5257.814287004626,1.0
02/24 08:00:00,8947.0822660914,21.48
02/24 09:00:00,8178.334372609167,59.82
02/24 10:00:00,7986.209049084874,75.86
02/24 11:00:00,7995.380837046073,117.06
02/24 12:00:00,7783.221141620286,146.89
02/24 13:00:00,8149.511571839526,353.75
02/24 14:00:00,8071.372101548005,283.5
02/24 15:00:00,8036.672978497751,249.09
02/24 16:00:00,7870.958828427269,200.62
02/24 17:00:00,5884.995190181046,79.23
02/24 18:00:00,5114.986299748616,2.0
02/24 19:00:00,5380.332050720065,0.0
02/24 20:00:00,5078.344460534711,0.0
02/24 21:00:00,4959.249497908979,0.0
02/24 22:00:00,4581.055683537418,0.0
02/24 23:00:00,4354.7874839632605,0.0
02/25 00:00:00,3378.890035658523,0.0
02/25 01:00:00,3540.1292016077714,0.0
02/25 02:00:00,3528.295283509827,0.0
02/25 03:00:00,3513.78591931206,0.0
02/25 04:00:00,3544.7044607687467,0.0
02/25 05:00:00,3553.3563209523554,0.0
02/25 06:00:00,4433.918374167975,0.0
02/25 07:00:00,4528.183299687204,1.0
02/25 08:00:00,5455.8219624866215,17.25
02/25 09:00:00,5239.612178316353,48.06
02/25 10:00:00,5142.942113429148,80.89
02/25 11:00:00,5112.436570226848,102.74
02/25 12:00:00,4223.899459900955,89.99
02/25 13:00:00,4224.979352790747,98.47
02/25 14:00:00,4206.711976077236,112.59
02/25 15:00:00,4224.833169433792,239.2
02/25 16:00:00,4375.309398549937,179.81
02/25 17:00:00,4072.996202763995,92.58
02/25 18:00:00,3952.6514765476672,2.0
02/25 19:00:00,3698.919755114068,0.0
02/25 20:00:00,3810.5996928041145,0.0
02/25 21:00:00,3898.293053747757,0.0
02/25 22:00:00,3786.6890915951167,0.0
02/25 23:00:00,3724.3920104398494,0.0
02/26 00:00:00,3630.7307944357417,0.0
02/26 01:00:00,3618.7021304610853,0.0
02/26 02:00:00,3607.71024282071,0.0
02/26 03:00:00,3567.7025836982402,0.0
02/26 04:00:00,3598.6855697746605,0.0
02/26 05:00:00,3648.2980853889353,0.0
02/26 06:00:00,3994.1073204233976,0.0
02/26 07:00:00,4015.246769176601,1.0
02/26 08:00:00,4191.885053922555,7.13
02/26 09:00:00,4224.12408497705,32.54
02/26 10:00:00,4275.585656441461,48.77
02/26 11:00:00,4288.688298587452,76.39
02/26 12:00:00,4312.749765210514,81.51
02/26 13:00:00,4269.326492240393,67.0
02/26 14:00:00,4265.729881393921,61.91
02/26 15:00:00,4285.607420555289,48.74
02/26 16:00:00,4212.0732897661,41.76
02/26 17:00:00,4210.523261254356,11.11
02/26 18:00:00,3848.3482044176044,0.0
02/26 19:00:00,3848.1557505307305,0.0
02/26 20:00:00,3832.6018404084116,0.0
02/26 21:00:00,3818.753222749364,0.0
02/26 22:00:00,3708.4363973871127,0.0
02/26 23:00:00,3620.4264851258686,0.0
02/27 00:00:00,4022.1187746955284,0.0
02/27 01:00:00,4060.444930438451,0.0
02/27 02:00:00,4042.162577543647,0.0
02/27 03:00:00,4013.1161546347716,0.0
02/27 04:00:00,3987.3783026527412,0.0
02/27 05:00:00,4035.9136527869405,0.0
02/27 06:00:00,4599.474618685068,0.0
02/27 07:00:00,5533.775281769726,1.0
02/27 08:00:00,10037.765185416903,11.14
02/27 09:00:00,9857.933878118469,20.28
02/27 10:00:00,9879.80591683042,23.39
02/27 11:00:00,9934.484661651548,28.47
02/27 12:00:00,9453.992938594622,32.51
02/27 13:00:00,9910.976520028253,42.5
02/27 14:00:00,9934.67416599242,35.46
02/27 15:00:00,9968.37826326348,30.38
02/27 16:00:00,9840.176394716327,22.26
02/27 17:00:00,6960.282559527787,10.12
02/27 18:00:00,5604.148433954303,0.0
02/27 19:00:00,5570.259928135799,0.0
02/27 20:00:00,5269.590660005531,0.0
02/27 21:00:00,5183.029664414668,0.0
02/27 22:00:00,4786.767738410076,0.0
02/27 23:00:00,4462.842371301285,0.0
02/28 00:00:00,3967.990346686913,0.0
02/28 01:00:00,3938.01987578622,0.0
02/28 02:00:00,3931.763288463827,0.0
02/28 03:00:00,3932.7013345560563,0.0
02/28 04:00:00,3948.2173465355672,0.0
02/28 05:00:00,3991.5302574057396,0.0
02/28 06:00:00,4594.902902446912,0.0
02/28 07:00:00,5628.627254250964,1.0
02/28 08:00:00,9469.09445223514,42.86
02/28 09:00:00,8688.52604060326,81.11
02/28 10:00:00,8583.18011601681,104.56
02/28 11:00:00,8678.444393930122,158.06
02/28 12:00:00,8323.244884169522,514.9
02/28 13:00:00,8740.716622421542,497.35
02/28 14:00:00,8605.461344560788,444.54
02/28 15:00:00,8611.495948278643,332.7
02/28 16:00:00,8483.86054795648,197.77
02/28 17:00:00,6313.591502029378,26.72
02/28 18:00:00,5230.336245450003,0.0
02/28 19:00:00,5332.931284034729,0.0
02/28 20:00:00,5208.0809064772175,0.0
02/28 21:00:00,5097.613111253625,0.0
02/28 22:00:00,4723.290163220438,0.0
02/28 23:00:00,4421.181871724525,0.0
03/01 00:00:00,4824.958573321403,0.0
03/01 01:00:00,4791.63422687448,0.0
03/01 02:00:00,4797.451283509801,0.0
03/01 03:00:00,4798.23380204908,0.0
03/01 04:00:00,4803.041338032188,0.0
03/01 05:00:00,4914.540172114874,0.0
03/01 06:00:00,5445.496515007402,0.0
03/01 07:00:00,6448.79647133818,10.0
03/01 08:00:00,10216.811609818356,161.04
03/01 09:00:00,9251.049802728076,168.88
03/01 10:00:00,9171.258199521892,82.01
03/01 11:00:00,9363.26011771047,287.88
03/01 12:00:00,9151.913196143882,500.32
03/01 13:00:00,9601.791822431094,495.41
03/01 14:00:00,9593.037376276643,447.58
03/01 15:00:00,9617.367463419494,370.37
03/01 16:00:00,9492.270721572755,276.0
03/01 17:00:00,7204.350044925593,147.7
03/01 18:00:00,6153.874597881509,5.0
03/01 19:00:00,6168.697407376814,0.0
03/01 20:00:00,5957.3212880903675,0.0
03/01 21:00:00,5913.2594399580275,0.0
03/01 22:00:00,5608.521451848955,0.0
03/01 23:00:00,5263.467118737217,0.0
03/02 00:00:00,4824.122968496385,0.0
03/02 01:00:00,4803.24359529808,0.0
03/02 02:00:00,4819.823383660388,0.0
03/02 03:00:00,4788.475333528093,0.0
03/02 04:00:00,4812.195874172553,0.0
03/02 05:00:00,4863.406981201046,0.0
03/02 06:00:00,5211.610594409827,0.0
03/02 07:00:00,5963.922087446893,11.0
03/02 08:00:00,9407.582632554639,142.66
03/02 09:00:00,8862.558759150537,115.53
03/02 10:00:00,8794.92179256225,230.16
03/02 11:00:00,8720.385798448558,363.15
03/02 12:00:00,8418.279930133076,472.32
03/02 13:00:00,8849.357597391809,469.34
03/02 14:00:00,8776.911283292427,419.88
03/02 15:00:00,8741.856656855623,374.29
03/02 16:00:00,8594.842853460928,261.28
03/02 17:00:00,6484.666564524911,136.39
03/02 18:00:00,5809.548488237786,5.0
03/02 19:00:00,6081.833660696144,0.0
03/02 20:00:00,5987.9618691829855,0.0
03/02 21:00:00,5914.593859465389,0.0
03/02 22:00:00,5564.52228928897,0.0
03/02 23:00:00,5196.657460756736,0.0
03/03 00:00:00,4778.0646644171375,0.0
03/03 01:00:00,4745.642153030455,0.0
03/03 02:00:00,4778.628607479864,0.0
03/03 03:00:00,4748.285174784988,0.0
03/03 04:00:00,4737.542438222329,0.0
03/03 05:00:00,4782.32525024836,0.0
03/03 06:00:00,5189.712284368795,0.0
03/03 07:00:00,6046.051267418116,4.0
03/03 08:00:00,9681.929715866938,27.64
03/03 09:00:00,8957.921302424205,112.5
03/03 10:00:00,8993.350176452976,202.2
03/03 11:00:00,9000.839314208275,167.85
03/03 12:00:00,8624.012495119814,184.08
03/03 13:00:00,8982.536378789555,178.48
03/03 14:00:00,8885.845290625744,207.77
03/03 15:00:00,8975.876028275594,213.49
03/03 16:00:00,8804.957807060664,217.06
03/03 17:00:00,6595.5020089479785,114.16
03/03 18:00:00,5980.9713284677055,3.0
03/03 19:00:00,6263.637843935593,0.0
03/03 20:00:00,6013.913340456143,0.0
03/03 21:00:00,5977.901038168796,0.0
03/03 22:00:00,5625.015716010863,0.0
03/03 23:00:00,5282.777434404359,0.0
03/04 00:00:00,4491.4035606612515,0.0
03/04 01:00:00,4497.75271506766,0.0
03/04 02:00:00,4487.207735257087,0.0
03/04 03:00:00,4496.47232612839,0.0
03/04 04:00:00,4523.844485784031,0.0
03/04 05:00:00,4512.5840446313905,0.0
03/04 06:00:00,5384.860719975562,0.0
03/04 07:00:00,5397.114057014632,9.56
03/04 08:00:00,6215.877271930681,122.83
03/04 09:00:00,5926.273980058092,61.53
03/04 10:00:00,5947.9672486698355,74.68
03/04 11:00:00,5989.479620902319,154.96
03/04 12:00:00,5071.340155896628,220.69
03/04 13:00:00,4998.88151533017,290.99
03/04 14:00:00,5027.450636319679,286.36
03/04 15:00:00,5037.484528033237,243.42
03/04 16:00:00,5119.609525724655,170.26
03/04 17:00:00,4818.509218194858,157.88
03/04 18:00:00,4723.86126899792,8.0
03/04 19:00:00,4653.506461310831,0.0
03/04 20:00:00,4699.447102515171,0.0
03/04 21:00:00,4678.827989327049,0.0
03/04 22:00:00,4609.8238449324845,0.0
03/04 23:00:00,4542.74571856636,0.0
03/05 00:00:00,4461.55579898662,0.0
03/05 01:00:00,4514.053012165956,0.0
03/05 02:00:00,4491.19516427826,0.0
03/05 03:00:00,4501.058798803923,0.0
03/05 04:00:00,4505.712614295268,0.0
03/05 05:00:00,4514.558481193093,0.0
03/05 06:00:00,4807.200201317039,0.0
03/05 07:00:00,4861.2238611125285,12.1
03/05 08:00:00,4976.078475688604,184.13
03/05 09:00:00,5006.2710682312445,248.57
03/05 10:00:00,5070.870651240818,285.1
03/05 11:00:00,5136.449374249733,409.9
03/05 12:00:00,5129.727136274161,450.32
03/05 13:00:00,5121.511365719923,391.64
03/05 14:00:00,5108.438747878827,292.47
03/05 15:00:00,5149.9869638590235,347.52
03/05 16:00:00,5064.880293356082,249.05
03/05 17:00:00,5069.0128275815,108.93
03/05 18:00:00,4685.427453204465,4.0
03/05 19:00:00,4742.927321466637,0.0
03/05 20:00:00,4739.459284585958,0.0
03/05 21:00:00,4664.313472510116,0.0
03/05 22:00:00,4536.8945694807635,0.0
03/05 23:00:00,4488.762330274731,0.0
03/06 00:00:00,4849.114902967128,0.0
03/06 01:00:00,4793.02256705447,0.0
03/06 02:00:00,4843.100205578535,0.0
03/06 03:00:00,4815.1923862854665,0.0
03/06 04:00:00,4857.981015100056,0.0
03/06 05:00:00,4945.738193640741,0.0
03/06 06:00:00,5437.547232759478,0.0
03/06 07:00:00,6386.499800533361,19.79
03/06 08:00:00,10510.185428718334,138.86
03/06 09:00:00,10558.71651039869,252.64
03/06 10:00:00,10454.558731276318,326.01
03/06 11:00:00,10516.762978163439,245.53
03/06 12:00:00,10033.46649255111,266.86
03/06 13:00:00,10594.44770011974,235.2
03/06 14:00:00,10505.314460204077,224.87
03/06 15:00:00,10373.786891069993,149.06
03/06 16:00:00,10271.808333594445,47.88
03/06 17:00:00,7670.891118452565,11.15
03/06 18:00:00,6328.896235351902,1.0
03/06 19:00:00,6394.705330276133,0.0
03/06 20:00:00,6127.959193898936,0.0
03/06 21:00:00,6066.4964751959205,0.0
03/06 22:00:00,5693.963561579354,0.0
03/06 23:00:00,5360.261252825427,0.0
03/07 00:00:00,4893.502023381824,0.0
03/07 01:00:00,4802.998423242724,0.0
03/07 02:00:00,4814.832379925916,0.0
03/07 03:00:00,4823.8274998709485,0.0
03/07 04:00:00,4801.368631113271,0.0
03/07 05:00:00,4878.426597345591,0.0
03/07 06:00:00,5231.271766116116,0.0
03/07 07:00:00,6042.334235327629,8.56
03/07 08:00:00,9439.80633296215,41.1
03/07 09:00:00,8822.696924802603,91.56
03/07 10:00:00,8709.304652386163,160.04
03/07 11:00:00,8720.313804707828,447.31
03/07 12:00:00,8349.779010443259,500.9
03/07 13:00:00,8701.413199935905,462.06
03/07 14:00:00,8761.937744475787,384.87
03/07 15:00:00,8734.775440635245,356.01
03/07 16:00:00,8629.759451075304,226.61
03/07 17:00:00,6459.1943503732255,101.87
03/07 18:00:00,5807.137304016194,11.0
03/07 19:00:00,5994.255903405585,0.0
03/07 20:00:00,5907.4659195324575,0.0
03/07 21:00:00,5929.1713556134655,0.0
03/07 22:00:00,5520.435228806556,0.0
03/07 23:00:00,5158.074472922993,0.0
03/08 00:00:00,4717.116735398662,0.0
03/08 01:00:00,4715.861827460094,0.0
03/08 02:00:00,4737.286382829859,0.0
03/08 03:00:00,4710.372387263214,0.0
03/08 04:00:00,4692.683268603941,0.0
03/08 05:00:00,4808.446650410197,0.0
03/08 06:00:00,5153.945380978765,0.0
03/08 07:00:00,5904.369274965935,23.72
03/08 08:00:00,9331.302802228163,167.37
03/08 09:00:00,8775.94237347482,319.26
03/08 10:00:00,6387.8755023904305,412.97
03/08 11:00:00,6418.800262822417,490.23
03/08 12:00:00,8401.961414132427,496.92
03/08 13:00:00,8810.437047271833,502.32
03/08 14:00:00,8838.30807216706,471.52
03/08 15:00:00,8894.458421088373,321.99
03/08 16:00:00,8772.53432151092,287.59
03/08 17:00:00,6641.949608015051,181.66
03/08 18:00:00,5905.956657650932,11.0
03/08 19:00:00,6139.843251668587,0.0
03/08 20:00:00,5912.998544086322,0.0
03/08 21:00:00,5958.350922468565,0.0
03/08 22:00:00,5741.615548345959,0.0
03/08 23:00:00,5402.875322355819,0.0
03/09 00:00:00,4881.703195199544,0.0
03/09 01:00:00,4863.766948725484,0.0
03/09 02:00:00,4900.926172958813,0.0
03/09 03:00:00,4902.590577797872,0.0
03/09 04:00:00,4890.94884200067,0.0
03/09 05:00:00,4926.449322081929,0.0
03/09 06:00:00,5336.549115403535,0.0
03/09 07:00:00,5934.638456197661,25.91
03/09 08:00:00,9339.718844044502,196.48
03/09 09:00:00,8873.386763581524,250.79
03/09 10:00:00,8899.595798877837,259.04
03/09 11:00:00,8844.483630982326,262.76
03/09 12:00:00,8393.564054121816,248.72
03/09 13:00:00,8781.688376898808,246.52
03/09 14:00:00,8877.776390755273,217.99
03/09 15:00:00,8932.916768415422,211.77
03/09 16:00:00,8819.336110412733,147.87
03/09 17:00:00,6627.868327233797,75.36
03/09 18:00:00,6042.851453759479,19.24
03/09 19:00:00,6170.9246349600135,0.0
03/09 20:00:00,5930.090743254421,0.0
03/09 21:00:00,5842.1464156851935,0.0
03/09 22:00:00,5645.187848391194,0.0
03/09 23:00:00,5352.854321528793,0.0
03/10 00:00:00,4916.601548278242,0.0
03/10 01:00:00,4897.187164239982,0.0
03/10 02:00:00,4916.920758261055,0.0
03/10 03:00:00,4936.151903849413,0.0
03/10 04:00:00,4923.508797164626,0.0
03/10 05:00:00,5011.070618300146,0.0
03/10 06:00:00,5363.636761850205,0.0
03/10 07:00:00,6159.581389830924,26.25
03/10 08:00:00,9670.459355084868,88.89
03/10 09:00:00,9071.114253401403,207.55
03/10 10:00:00,8821.863461649125,345.46
03/10 11:00:00,8885.376597148117,458.51
03/10 12:00:00,8501.598190194009,542.7
03/10 13:00:00,8856.875894650379,406.57
03/10 14:00:00,8792.152517735545,304.26
03/10 15:00:00,8768.663207313939,323.02
03/10 16:00:00,8649.183843537507,231.83
03/10 17:00:00,6688.109613450236,42.35
03/10 18:00:00,5921.022326560468,6.57
03/10 19:00:00,6113.557228022877,0.0
03/10 20:00:00,5982.670353322442,0.0
03/10 21:00:00,5840.107253849425,0.0
03/10 22:00:00,5530.235891760761,0.0
03/10 23:00:00,5273.400949164529,0.0
03/11 00:00:00,4481.881446107427,0.0
03/11 01:00:00,4495.62347589325,0.0
03/11 02:00:00,4519.0622454687045,0.0
03/11 03:00:00,4488.870779812888,0.0
03/11 04:00:00,4483.721606621459,0.0
03/11 05:00:00,4543.982458361221,0.0
03/11 06:00:00,5336.182010627702,0.0
03/11 07:00:00,5371.641236979462,32.76
03/11 08:00:00,6139.6688495378985,108.86
03/11 09:00:00,5935.318491331793,268.81
03/11 10:00:00,5857.89149364603,385.14
03/11 11:00:00,5873.487098592495,435.33
03/11 12:00:00,4951.916384363997,506.2
03/11 13:00:00,4925.337106458331,469.4
03/11 14:00:00,4916.728465348385,446.17
03/11 15:00:00,4952.7598025037105,294.85
03/11 16:00:00,5062.537540611781,170.65
03/11 17:00:00,4821.699314791018,32.69
03/11 18:00:00,4758.431179059184,8.98
03/11 19:00:00,4510.561003273965,0.0
03/11 20:00:00,4659.658942407459,0.0
03/11 21:00:00,4601.1169667123695,0.0
03/11 22:00:00,4534.487498790703,0.0
03/11 23:00:00,4509.846556034929,0.0
03/12 00:00:00,4419.205779251749,0.0
03/12 01:00:00,4411.513227655539,0.0
03/12 02:00:00,4413.646465449187,0.0
03/12 03:00:00,4424.582673122998,0.0
03/12 04:00:00,4463.074669350895,0.0
03/12 05:00:00,4824.393901048758,0.0
03/12 06:00:00,4902.534004465413,0.0
03/12 07:00:00,5007.283155357997,52.48
03/12 08:00:00,4994.47742858042,198.89
03/12 09:00:00,5013.865756244642,224.82
03/12 10:00:00,5118.953664725101,260.11
03/12 11:00:00,5120.388165596926,311.94
03/12 12:00:00,5097.406462316558,300.62
03/12 13:00:00,5134.754527791979,452.3
03/12 14:00:00,5159.908086757074,316.83
03/12 15:00:00,4996.5414908855355,301.34
03/12 16:00:00,4974.094486253561,229.56
03/12 17:00:00,4682.848382804171,66.45
03/12 18:00:00,4693.705038684758,6.62
03/12 19:00:00,4654.487049109951,0.0
03/12 20:00:00,4673.972895522267,0.0
03/12 21:00:00,4587.90290604347,0.0
03/12 22:00:00,4512.212285631838,0.0
03/12 23:00:00,4890.992786630167,0.0
03/13 00:00:00,4891.82394070855,0.0
03/13 01:00:00,4914.088102731592,0.0
03/13 02:00:00,4902.949002844618,0.0
03/13 03:00:00,4895.069575833817,0.0
03/13 04:00:00,4988.5073070160915,0.0
03/13 05:00:00,5516.166019165994,0.0
03/13 06:00:00,6542.938503201046,0.0
03/13 07:00:00,11020.942792898677,11.25
03/13 08:00:00,10690.963077448108,40.88
03/13 09:00:00,10509.26984581266,75.8
03/13 10:00:00,10511.78646674511,137.67
03/13 11:00:00,10103.562572185967,171.7
03/13 12:00:00,10466.953078113946,181.22
03/13 13:00:00,10498.304508640456,200.06
03/13 14:00:00,10371.048682617846,190.22
03/13 15:00:00,10150.618205960984,160.4
03/13 16:00:00,7448.376507613912,114.55
03/13 17:00:00,6282.192580315023,68.75
03/13 18:00:00,6321.11413414699,7.8
03/13 19:00:00,6067.295591378737,0.0
03/13 20:00:00,6038.3186817662145,0.0
03/13 21:00:00,5689.335027413353,0.0
03/13 22:00:00,5376.635783247741,0.0
03/13 23:00:00,4885.2704011964815,0.0
03/14 00:00:00,4934.725001312601,0.0
03/14 01:00:00,4924.868158331368,0.0
03/14 02:00:00,4887.728379172808,0.0
03/14 03:00:00,4925.021953638158,0.0
03/14 04:00:00,4976.12377585093,0.0
03/14 05:00:00,5526.232820761139,0.0
03/14 06:00:00,6244.882641810111,0.0
03/14 07:00:00,10189.068856658041,10.21
03/14 08:00:00,9456.523465618311,46.13
03/14 09:00:00,8873.376275157496,98.66
03/14 10:00:00,8810.32534343441,194.31
03/14 11:00:00,8294.471336551942,336.8
03/14 12:00:00,8791.837461785013,354.85
03/14 13:00:00,8788.24297505868,197.57
03/14 14:00:00,8765.605137188115,129.78
03/14 15:00:00,8587.069572601016,96.26
03/14 16:00:00,6451.215225481115,74.99
03/14 17:00:00,5599.73139778196,32.75
03/14 18:00:00,5916.496605054113,4.08
03/14 19:00:00,5766.303200613937,0.0
03/14 20:00:00,5753.574637999906,0.0
03/14 21:00:00,5436.678290956337,0.0
03/14 22:00:00,5174.373975076646,0.0
03/14 23:00:00,4811.208005772939,0.0
03/15 00:00:00,4877.891048330771,0.0
03/15 01:00:00,4828.941243850676,0.0
03/15 02:00:00,4871.65620535713,0.0
03/15 03:00:00,4891.470948547513,0.0
03/15 04:00:00,4954.249632677539,0.0
03/15 05:00:00,5537.750631115259,0.0
03/15 06:00:00,6284.954499876607,0.0
03/15 07:00:00,10232.25604619935,25.5
03/15 08:00:00,9409.268901906642,97.6
03/15 09:00:00,8824.191053441851,167.11
03/15 10:00:00,8737.938513119972,213.82
03/15 11:00:00,8421.898052978373,327.38
03/15 12:00:00,8751.384139353035,385.93
03/15 13:00:00,8812.007966335797,351.87
03/15 14:00:00,8812.378445781373,495.4
03/15 15:00:00,8712.848944046667,342.56
03/15 16:00:00,6533.815134627797,222.1
03/15 17:00:00,5660.481066564077,149.7
03/15 18:00:00,5910.04267312015,24.62
03/15 19:00:00,5814.951152229563,0.0
03/15 20:00:00,5797.806727807358,0.0
03/15 21:00:00,5466.262600996517,0.0
03/15 22:00:00,5210.961641668883,0.0
03/15 23:00:00,4784.64035610215,0.0
03/16 00:00:00,4844.282560774007,0.0
03/16 01:00:00,4827.582342817321,0.0
03/16 02:00:00,4825.136583014854,0.0
03/16 03:00:00,4843.377939839975,0.0
03/16 04:00:00,4890.765499689968,0.0
03/16 05:00:00,5484.527783802588,0.0
03/16 06:00:00,6176.068805796179,0.0
03/16 07:00:00,9920.615638908648,88.87
03/16 08:00:00,9422.4384828594,251.44
03/16 09:00:00,8969.855011149879,352.33
03/16 10:00:00,8887.547267284892,416.2
03/16 11:00:00,8517.340234928102,547.87
03/16 12:00:00,8917.493412444568,553.68
03/16 13:00:00,8815.864251306017,584.18
03/16 14:00:00,8819.173237277604,385.24
03/16 15:00:00,8666.483083704341,272.8
03/16 16:00:00,6519.798099688726,318.89
03/16 17:00:00,5618.548932853078,197.01
03/16 18:00:00,5873.203156044331,30.54
03/16 19:00:00,5734.019499179729,0.0
03/16 20:00:00,5678.056731834443,0.0
03/16 21:00:00,5260.79487715613,0.0
03/16 22:00:00,4940.751518307307,0.0
03/16 23:00:00,4671.021034135393,0.0
03/17 00:00:00,4654.413576364631,0.0
03/17 01:00:00,4667.572642695616,0.0
03/17 02:00:00,4668.481482277516,0.0
03/17 03:00:00,4676.56708284436,0.0
03/17 04:00:00,4738.330093379084,0.0
03/17 05:00:00,5247.998848221785,0.0
03/17 06:00:00,6062.040603012689,0.0
03/17 07:00:00,9794.862329536965,45.86
03/17 08:00:00,9310.889869612522,55.47
03/17 09:00:00,8822.786790745446,84.3
03/17 10:00:00,8825.189232874998,80.49
03/17 11:00:00,8501.743661528102,104.29
03/17 12:00:00,8810.899522289283,99.83
03/17 13:00:00,8774.922528067369,113.41
03/17 14:00:00,8819.762356132273,128.88
03/17 15:00:00,8786.498726495543,65.93
03/17 16:00:00,6468.576144936372,53.04
03/17 17:00:00,5582.648995817546,29.6
03/17 18:00:00,5731.413053402891,6.12
03/17 19:00:00,5594.166532734131,0.0
03/17 20:00:00,5542.122506904525,0.0
03/17 21:00:00,5297.961990163973,0.0
03/17 22:00:00,5154.034109782187,0.0
03/17 23:00:00,4342.096378105317,0.0
03/18 00:00:00,4323.205756981192,0.0
03/18 01:00:00,4337.317053320397,0.0
03/18 02:00:00,4307.859848204842,0.0
03/18 03:00:00,4313.25687681902,0.0
03/18 04:00:00,4357.424483474659,0.0
03/18 05:00:00,5279.017082556872,0.0
03/18 06:00:00,5363.396089457949,1.0
03/18 07:00:00,6373.969682771814,104.09
03/18 08:00:00,6167.802794123167,209.13
03/18 09:00:00,5870.745221928373,318.92
03/18 10:00:00,5899.085042213075,445.6
03/18 11:00:00,4961.682273226066,363.16
03/18 12:00:00,4923.127237431383,551.74
03/18 13:00:00,4899.226680262682,488.3
03/18 14:00:00,4923.339236352921,432.79
03/18 15:00:00,4982.028350175872,337.62
03/18 16:00:00,4621.920892886637,216.73
03/18 17:00:00,4475.699499772511,126.32
03/18 18:00:00,4291.730051194019,14.96
03/18 19:00:00,4447.266229332743,0.0
03/18 20:00:00,4525.586531915143,0.0
03/18 21:00:00,4386.339858920508,0.0
03/18 22:00:00,4364.707358046891,0.0
03/18 23:00:00,4272.072928259942,0.0
03/19 00:00:00,4293.105705976183,0.0
03/19 01:00:00,4289.783131991582,0.0
03/19 02:00:00,4308.34061382621,0.0
03/19 03:00:00,4309.160213547449,0.0
03/19 04:00:00,4332.6901152200535,0.0
03/19 05:00:00,4684.058332939637,0.0
03/19 06:00:00,4713.302923218707,0.0
03/19 07:00:00,4863.218172043679,9.1
03/19 08:00:00,4826.645456964087,80.85
03/19 09:00:00,4841.801593459114,174.03
03/19 10:00:00,4854.447461142314,198.73
03/19 11:00:00,4845.51620698544,256.54
03/19 12:00:00,4871.507175135949,297.99
03/19 13:00:00,4808.053895159115,425.89
03/19 14:00:00,4872.518455974811,312.37
03/19 15:00:00,4807.616232094377,201.65
03/19 16:00:00,4892.7097180705705,144.76
03/19 17:00:00,4625.685953808378,196.01
03/19 18:00:00,4600.929417678416,31.7
03/19 19:00:00,4580.485175203264,0.0
03/19 20:00:00,4564.899681384825,0.0
03/19 21:00:00,4459.707241370231,0.0
03/19 22:00:00,4420.383407057249,0.0
03/19 23:00:00,4783.117749522709,0.0
03/20 00:00:00,4802.76418150239,0.0
03/20 01:00:00,4799.525193079711,0.0
03/20 02:00:00,4709.068630116027,0.0
03/20 03:00:00,4729.848352979611,0.0
03/20 04:00:00,4806.903404768011,0.0
03/20 05:00:00,5353.600133652717,0.0
03/20 06:00:00,6290.809451777757,0.0
03/20 07:00:00,10544.985175805969,16.32
03/20 08:00:00,10531.59032521748,27.26
03/20 09:00:00,10469.114532264999,39.4
03/20 10:00:00,10476.344984909287,82.54
03/20 11:00:00,9887.337532964271,92.77
03/20 12:00:00,10265.343797604466,106.88
03/20 13:00:00,10226.413937963165,226.24
03/20 14:00:00,10282.027804596179,467.54
03/20 15:00:00,10116.643958792472,300.67
03/20 16:00:00,7406.985136368521,125.22
03/20 17:00:00,6221.212109290658,85.46
03/20 18:00:00,6284.592662892829,20.54
03/20 19:00:00,5948.943486405828,0.0
03/20 20:00:00,5951.409274908656,0.0
03/20 21:00:00,5569.134825183897,0.0
03/20 22:00:00,5221.328486330416,0.0
03/20 23:00:00,4738.88599492703,0.0
03/21 00:00:00,4791.309831481547,0.0
03/21 01:00:00,4771.443510201994,0.0
03/21 02:00:00,4790.721608720513,0.0
03/21 03:00:00,4781.319795051313,0.0
03/21 04:00:00,4826.915781008118,0.0
03/21 05:00:00,5413.425178866516,0.0
03/21 06:00:00,6215.568905163116,0.0
03/21 07:00:00,10110.31397035366,20.45
03/21 08:00:00,9466.367103016875,57.35
03/21 09:00:00,8954.738203915627,113.08
03/21 10:00:00,8764.614570472873,186.43
03/21 11:00:00,8455.27959371674,180.74
03/21 12:00:00,8815.260324860259,376.98
03/21 13:00:00,8811.015224530203,288.22
03/21 14:00:00,8899.188300843829,556.88
03/21 15:00:00,8677.2757922006,432.52
03/21 16:00:00,6482.627839901469,303.91
03/21 17:00:00,5539.860271413304,236.78
03/21 18:00:00,5855.016386814883,60.27
03/21 19:00:00,5775.363123344119,0.0
03/21 20:00:00,5720.033680485943,0.0
03/21 21:00:00,5438.041256501985,0.0
03/21 22:00:00,5146.193459299787,0.0
03/21 23:00:00,4682.290882117945,0.0
03/22 00:00:00,4712.025909193575,0.0
03/22 01:00:00,4719.73511332319,0.0
03/22 02:00:00,4689.95563072686,0.0
03/22 03:00:00,4729.819327472742,0.0
03/22 04:00:00,4808.00319371269,0.0
03/22 05:00:00,5332.420445501983,0.0
03/22 06:00:00,6084.435831773952,1.0
03/22 07:00:00,9855.44386863901,34.42
03/22 08:00:00,9320.200484762041,100.6
03/22 09:00:00,8894.335978605772,205.33
03/22 10:00:00,8853.653930421511,503.19
03/22 11:00:00,8505.716051209005,599.73
03/22 12:00:00,8903.532791599888,630.31
03/22 13:00:00,8824.575535856504,620.15
03/22 14:00:00,8862.179979463115,561.6
03/22 15:00:00,8716.024220407697,395.54
03/22 16:00:00,6493.533155279092,344.41
03/22 17:00:00,5527.822017559723,241.24
03/22 18:00:00,5726.782717964765,63.63
03/22 19:00:00,5715.600646852228,0.0
03/22 20:00:00,5596.182944871373,0.0
03/22 21:00:00,5331.947904808071,0.0
03/22 22:00:00,5109.22828278581,0.0
03/22 23:00:00,4626.432012087282,0.0
03/23 00:00:00,4645.652353376142,0.0
03/23 01:00:00,4656.129740352368,0.0
03/23 02:00:00,4639.107748978521,0.0
03/23 03:00:00,4632.042927039108,0.0
03/23 04:00:00,4731.35053850095,0.0
03/23 05:00:00,5265.186558787958,0.0
03/23 06:00:00,6132.7233606068685,7.0
03/23 07:00:00,9786.83668466702,147.26
03/23 08:00:00,9331.377812194662,272.73
03/23 09:00:00,8994.438056707806,287.59
03/23 10:00:00,8865.573312865725,344.17
03/23 11:00:00,8466.04528908127,293.41
03/23 12:00:00,8877.253500659006,414.58
03/23 13:00:00,8914.633628588223,263.21
03/23 14:00:00,8973.796344761795,171.02
03/23 15:00:00,8825.72242872133,74.49
03/23 16:00:00,6516.489956000682,128.12
03/23 17:00:00,5640.546143547185,47.14
03/23 18:00:00,5818.776958160242,12.27
03/23 19:00:00,5785.110667749873,0.0
03/23 20:00:00,5729.258426492661,0.0
03/23 21:00:00,5366.631880739966,0.0
03/23 22:00:00,5143.908755474677,0.0
03/23 23:00:00,4633.810994003517,0.0
03/24 00:00:00,4612.645317209018,0.0
03/24 01:00:00,4637.578703222487,0.0
03/24 02:00:00,4638.722354809146,0.0
03/24 03:00:00,4644.067713068326,0.0
03/24 04:00:00,4727.464099169551,0.0
03/24 05:00:00,5282.706428381814,0.0
03/24 06:00:00,6090.351072970407,1.0
03/24 07:00:00,9879.947398273998,24.65
03/24 08:00:00,9474.152503092118,42.86
03/24 09:00:00,9024.584783969218,71.28
03/24 10:00:00,9029.898664385382,78.07
03/24 11:00:00,8604.910060341623,76.22
03/24 12:00:00,8977.540360414188,196.42
03/24 13:00:00,8961.983706135528,255.83
03/24 14:00:00,8808.971920540762,400.76
03/24 15:00:00,8474.369782493017,469.68
03/24 16:00:00,6577.5812345280265,328.6
03/24 17:00:00,5601.075267991088,248.05
03/24 18:00:00,5794.838620115415,81.72
03/24 19:00:00,5705.470613322364,0.0
03/24 20:00:00,5725.577487496101,0.0
03/24 21:00:00,5479.767404456538,0.0
03/24 22:00:00,5167.6239673190175,0.0
03/24 23:00:00,4354.417836959988,0.0
03/25 00:00:00,4323.390614593542,0.0
03/25 01:00:00,4296.3231279037645,0.0
03/25 02:00:00,4304.660964863131,0.0
03/25 03:00:00,4337.504579935677,0.0
03/25 04:00:00,4355.3785171876325,0.0
03/25 05:00:00,5324.38929153054,0.0
03/25 06:00:00,5444.347175803516,9.0
03/25 07:00:00,6325.754905786914,160.17
03/25 08:00:00,6257.999032492529,296.01
03/25 09:00:00,5986.404655793651,388.88
03/25 10:00:00,5975.291793307905,442.86
03/25 11:00:00,5014.0183560563,457.65
03/25 12:00:00,4997.602798181539,373.75
03/25 13:00:00,5006.44884318889,528.42
03/25 14:00:00,5036.350416510004,376.31
03/25 15:00:00,5072.2768801433,201.17
03/25 16:00:00,4770.321901865575,88.69
03/25 17:00:00,4604.712933413403,32.48
03/25 18:00:00,4370.923462608662,15.39
03/25 19:00:00,4474.418935783047,0.0
03/25 20:00:00,4445.363228360837,0.0
03/25 21:00:00,4461.1067426420295,0.0
03/25 22:00:00,4458.241609770762,0.0
03/25 23:00:00,4310.310881304634,0.0
03/26 00:00:00,4298.501151494808,0.0
03/26 01:00:00,4260.488362593383,0.0
03/26 02:00:00,4282.400184895364,0.0
03/26 03:00:00,4289.668363971032,0.0
03/26 04:00:00,4341.545416892585,0.0
03/26 05:00:00,4689.581973825101,0.0
03/26 06:00:00,4727.42640334883,2.0
03/26 07:00:00,4879.986963330296,31.86
03/26 08:00:00,4843.390082292384,212.51
03/26 09:00:00,4889.449775664092,336.47
03/26 10:00:00,4918.923708662257,471.16
03/26 11:00:00,4923.099151760617,502.63
03/26 12:00:00,4917.9396703336115,369.08
03/26 13:00:00,4902.692772552159,367.18
03/26 14:00:00,4904.414976586895,353.13
03/26 15:00:00,4851.76016250355,367.37
03/26 16:00:00,4907.227278797103,289.01
03/26 17:00:00,4549.331831396436,196.5
03/26 18:00:00,4554.753213355406,72.09
03/26 19:00:00,4588.812410835033,0.0
03/26 20:00:00,4565.180053355245,0.0
03/26 21:00:00,4471.925850365259,0.0
03/26 22:00:00,4382.475219748403,0.0
03/26 23:00:00,4709.469157754304,0.0
03/27 00:00:00,4720.109884878564,0.0
03/27 01:00:00,4678.196352846588,0.0
03/27 02:00:00,2930.1479903027366,0.0
03/27 03:00:00,4646.491744669424,0.0
03/27 04:00:00,4744.9720978208015,0.0
03/27 05:00:00,5322.953180062588,0.0
03/27 06:00:00,6259.599681469651,3.0
03/27 07:00:00,10478.24442641415,49.82
03/27 08:00:00,10364.142200452932,128.29
03/27 09:00:00,10290.333427574289,195.07
03/27 10:00:00,10388.04803521852,223.72
03/27 11:00:00,9897.731348938481,391.95
03/27 12:00:00,10323.439423021751,442.59
03/27 13:00:00,10231.4122287219,461.96
03/27 14:00:00,10251.746413067067,506.62
03/27 15:00:00,10133.255103303263,380.04
03/27 16:00:00,7471.786515563317,257.25
03/27 17:00:00,6300.9630086007555,244.43
03/27 18:00:00,6299.762083289743,93.93
03/27 19:00:00,6116.017931809222,0.0
03/27 20:00:00,5975.234282057546,0.0
03/27 21:00:00,5606.0199651155235,0.0
03/27 22:00:00,5239.625904737316,0.0
03/27 23:00:00,4801.209907296931,0.0
03/28 00:00:00,4823.5605550891505,0.0
03/28 01:00:00,4866.27852061303,0.0
03/28 02:00:00,4845.023551041957,0.0
03/28 03:00:00,4879.0514753442485,0.0
03/28 04:00:00,4955.070381245336,0.0
03/28 05:00:00,5468.814545712844,0.0
03/28 06:00:00,6237.1215579938635,12.0
03/28 07:00:00,10050.456730781225,178.01
03/28 08:00:00,9536.534725341586,305.45
03/28 09:00:00,9067.127400223117,419.56
03/28 10:00:00,9084.331784729795,540.11
03/28 11:00:00,8725.383062216528,634.4
03/28 12:00:00,9044.399387121111,674.24
03/28 13:00:00,8931.200955041279,660.53
03/28 14:00:00,8930.157346614404,586.81
03/28 15:00:00,8791.791112600013,436.35
03/28 16:00:00,6501.058223963574,292.26
03/28 17:00:00,5694.78969293075,236.88
03/28 18:00:00,5939.925796281946,62.77
03/28 19:00:00,6009.669662897237,0.0
03/28 20:00:00,5974.907904683782,0.0
03/28 21:00:00,5627.964201727188,0.0
03/28 22:00:00,5337.6070350663895,0.0
03/28 23:00:00,4861.866714604767,0.0
03/29 00:00:00,4804.663692764758,0.0
03/29 01:00:00,4795.124555276137,0.0
03/29 02:00:00,4826.323424399909,0.0
03/29 03:00:00,4815.649639975876,0.0
03/29 04:00:00,4908.709950310167,0.0
03/29 05:00:00,5492.111183009212,0.0
03/29 06:00:00,6347.98725171215,0.0
03/29 07:00:00,10385.689608939676,9.16
03/29 08:00:00,9618.660175586436,35.32
03/29 09:00:00,9059.86454001708,40.45
03/29 10:00:00,8882.767577977043,116.82
03/29 11:00:00,8527.170096719614,227.43
03/29 12:00:00,8901.945211194228,286.59
03/29 13:00:00,8718.754563598057,333.85
03/29 14:00:00,8778.556093313311,403.89
03/29 15:00:00,8739.658146627473,253.45
03/29 16:00:00,6476.169284088413,126.03
03/29 17:00:00,5540.214478504176,71.81
03/29 18:00:00,5839.57678153395,22.76
03/29 19:00:00,5773.561496623548,0.0
03/29 20:00:00,5741.446130457661,0.0
03/29 21:00:00,5441.331831962599,0.0
03/29 22:00:00,5158.210189498188,0.0
03/29 23:00:00,4692.801306311288,0.0
03/30 00:00:00,4667.329158980392,0.0
03/30 01:00:00,4655.636614621902,0.0
03/30 02:00:00,4687.185926152273,0.0
03/30 03:00:00,4627.531646733725,0.0
03/30 04:00:00,4685.680877755604,0.0
03/30 05:00:00,5265.74077505991,0.0
03/30 06:00:00,6053.161666212483,17.0
03/30 07:00:00,9440.933757109773,187.71
03/30 08:00:00,9071.769596058944,296.69
03/30 09:00:00,8862.21672337939,425.34
03/30 10:00:00,8827.381284698708,547.21
03/30 11:00:00,8514.849966552787,500.27
03/30 12:00:00,8895.57497809596,671.58
03/30 13:00:00,8784.115843422538,531.75
03/30 14:00:00,8758.908536736337,563.26
03/30 15:00:00,8648.071938337122,407.77
03/30 16:00:00,6382.642677007217,232.74
03/30 17:00:00,5433.851935916663,176.55
03/30 18:00:00,5712.75817868614,40.88
03/30 19:00:00,5718.9150709956075,0.0
03/30 20:00:00,5685.0263218847485,0.0
03/30 21:00:00,5425.485623159625,0.0
03/30 22:00:00,5097.831709979215,0.0
03/30 23:00:00,4686.013654184704,0.0
03/31 00:00:00,4667.127245225143,0.0
03/31 01:00:00,4649.8259864630945,0.0
03/31 02:00:00,4580.891244368639,0.0
03/31 03:00:00,4601.944197405648,0.0
03/31 04:00:00,4670.467085804526,0.0
03/31 05:00:00,5252.821910753249,0.0
03/31 06:00:00,6026.955544774603,3.53
03/31 07:00:00,9591.59446611406,44.55
03/31 08:00:00,9193.202135320378,228.55
03/31 09:00:00,8862.682984635094,377.64
03/31 10:00:00,8801.930802141385,433.27
03/31 11:00:00,8497.487244900438,646.29
03/31 12:00:00,8883.536277237705,687.95
03/31 13:00:00,8736.705043450402,678.3
03/31 14:00:00,8778.910064962007,581.5
03/31 15:00:00,8664.845184168196,441.74
03/31 16:00:00,6484.594462579355,363.32
03/31 17:00:00,5549.645852970707,263.16
03/31 18:00:00,5824.019827234031,104.75
03/31 19:00:00,5859.725240177291,1.0
03/31 20:00:00,5799.553867829132,0.0
03/31 21:00:00,5484.472117935836,0.0
03/31 22:00:00,5170.2825367847845,0.0
03/31 23:00:00,5167.023521579038,0.0
04/01 00:00:00,5157.019233026892,0.0
04/01 01:00:00,5113.492471458175,0.0
04/01 02:00:00,5105.941873992517,0.0
04/01 03:00:00,5133.897367098356,0.0
04/01 04:00:00,5166.226800427725,0.0
04/01 05:00:00,6126.355129782587,0.0
04/01 06:00:00,6136.3374638853165,22.08
04/01 07:00:00,7012.743205144588,220.67
04/01 08:00:00,6910.010647918805,359.11
04/01 09:00:00,6554.617171577217,456.87
04/01 10:00:00,6512.470850064319,513.78
04/01 11:00:00,5614.7064522926385,552.31
04/01 12:00:00,5608.560187920242,588.66
04/01 13:00:00,5646.781544247338,583.32
04/01 14:00:00,5624.57145977257,538.52
04/01 15:00:00,5687.651675528269,469.4
04/01 16:00:00,5392.486284383149,404.15
04/01 17:00:00,5284.146038156007,298.74
04/01 18:00:00,5167.2826709731125,128.78
04/01 19:00:00,5285.554810144677,2.0
04/01 20:00:00,5258.342686417529,0.0
04/01 21:00:00,5213.343335091672,0.0
04/01 22:00:00,5130.216477984206,0.0
04/01 23:00:00,5073.4415764614205,0.0
04/02 00:00:00,5066.153514805924,0.0
04/02 01:00:00,5074.970048569666,0.0
04/02 02:00:00,5088.614589279076,0.0
04/02 03:00:00,5075.214041108972,0.0
04/02 04:00:00,5154.124079922768,0.0
04/02 05:00:00,5489.599458546111,0.0
04/02 06:00:00,5541.098142224173,27.76
04/02 07:00:00,5607.3549733184245,228.52
04/02 08:00:00,5596.362982017397,337.22
04/02 09:00:00,5629.168126033644,467.68
04/02 10:00:00,5679.07343163833,551.32
04/02 11:00:00,5667.363622979345,622.54
04/02 12:00:00,5635.203569294802,663.71
04/02 13:00:00,5667.272953248426,653.94
04/02 14:00:00,5685.928359758866,598.55
04/02 15:00:00,5653.975908762584,516.77
04/02 16:00:00,5744.206653405742,421.25
04/02 17:00:00,5432.029296142797,310.07
04/02 18:00:00,5334.19071384868,136.99
04/02 19:00:00,5335.557478674605,3.0
04/02 20:00:00,5299.797548140328,0.0
04/02 21:00:00,5186.418290245395,0.0
04/02 22:00:00,5088.846973419345,0.0
04/02 23:00:00,5426.118839959167,0.0
04/03 00:00:00,5418.977252904764,0.0
04/03 01:00:00,5480.9193368657725,0.0
04/03 02:00:00,5462.940899996293,0.0
04/03 03:00:00,5394.9532705283455,0.0
04/03 04:00:00,5431.964503883548,0.0
04/03 05:00:00,5998.703862790527,0.0
04/03 06:00:00,6860.722922344383,34.62
04/03 07:00:00,10730.449636086067,243.65
04/03 08:00:00,10628.476876824287,379.36
04/03 09:00:00,10583.438948808169,485.02
04/03 10:00:00,10708.518748714907,575.59
04/03 11:00:00,10334.512856626672,650.22
04/03 12:00:00,10762.428898006,689.61
04/03 13:00:00,10664.717489067463,670.93
04/03 14:00:00,10813.946568928164,609.98
04/03 15:00:00,10665.209276745307,525.65
04/03 16:00:00,8090.644296858777,424.35
04/03 17:00:00,6919.52360656023,312.69
04/03 18:00:00,6916.075921396701,137.16
04/03 19:00:00,6744.119229785743,3.0
04/03 20:00:00,6619.983830866596,0.0
04/03 21:00:00,6201.170370633759,0.0
04/03 22:00:00,5861.576315972365,0.0
04/03 23:00:00,5392.865974017571,0.0
04/04 00:00:00,5389.520550523279,0.0
04/04 01:00:00,5338.4764558165025,0.0
04/04 02:00:00,5371.553711909488,0.0
04/04 03:00:00,5389.294326226689,0.0
04/04 04:00:00,5451.181194051217,0.0
04/04 05:00:00,5973.379529511783,0.0
04/04 06:00:00,6722.1953271223365,38.7
04/04 07:00:00,10361.432604976768,244.67
04/04 08:00:00,10005.017998494402,377.52
04/04 09:00:00,9641.002778635588,480.36
04/04 10:00:00,9509.727190106638,528.15
04/04 11:00:00,9081.240955994817,391.77
04/04 12:00:00,9440.065291412335,378.96
04/04 13:00:00,9400.233304461923,497.92
04/04 14:00:00,9568.511919548137,571.72
04/04 15:00:00,9471.801111053242,496.87
04/04 16:00:00,7299.503932871998,403.46
04/04 17:00:00,6275.15434884054,287.07
04/04 18:00:00,6471.5196842428,111.39
04/04 19:00:00,6547.318122324477,3.0
04/04 20:00:00,6478.553518588157,0.0
04/04 21:00:00,6165.657051344491,0.0
04/04 22:00:00,5868.066373523726,0.0
04/04 23:00:00,5440.193004100803,0.0
04/05 00:00:00,5450.747945699542,0.0
04/05 01:00:00,5471.309969075858,0.0
04/05 02:00:00,5451.70386218018,0.0
04/05 03:00:00,5482.261427029038,0.0
04/05 04:00:00,5574.672415226627,0.0
04/05 05:00:00,6115.7914147336605,0.0
04/05 06:00:00,6877.182912736392,5.08
04/05 07:00:00,10442.932230262275,46.42
04/05 08:00:00,9953.416238828597,113.36
04/05 09:00:00,9589.918220344183,148.42
04/05 10:00:00,9517.585908152001,123.01
04/05 11:00:00,9162.323528081119,135.38
04/05 12:00:00,9452.172365595776,161.25
04/05 13:00:00,9395.708137545049,184.28
04/05 14:00:00,9459.710023127884,121.58
04/05 15:00:00,9330.21274124504,95.66
04/05 16:00:00,7121.781980251891,102.03
04/05 17:00:00,6294.6059765395385,61.71
04/05 18:00:00,6566.5671895442365,23.63
04/05 19:00:00,6519.807307718516,2.0
04/05 20:00:00,6466.606016481135,0.0
04/05 21:00:00,6153.398218337812,0.0
04/05 22:00:00,5940.691269395348,0.0
04/05 23:00:00,5500.426026919921,0.0
04/06 00:00:00,5491.169047594414,0.0
04/06 01:00:00,5481.316522741457,0.0
04/06 02:00:00,5473.365644813884,0.0
04/06 03:00:00,5493.3092849153545,0.0
04/06 04:00:00,5584.895730667211,0.0
04/06 05:00:00,6132.1610967843,0.0
04/06 06:00:00,6828.813030831143,54.24
04/06 07:00:00,10464.051744232225,254.15
04/06 08:00:00,10072.39034210127,387.58
04/06 09:00:00,9670.464396929761,491.53
04/06 10:00:00,9492.368536211377,584.33
04/06 11:00:00,9082.986714251741,663.25
04/06 12:00:00,9445.420820205387,616.64
04/06 13:00:00,9352.119435729446,692.53
04/06 14:00:00,9529.974240463058,616.52
04/06 15:00:00,9454.037075935596,521.64
04/06 16:00:00,7281.603045226968,347.16
04/06 17:00:00,6339.623699681358,268.17
04/06 18:00:00,6548.331459642269,114.04
04/06 19:00:00,6497.343006733218,4.0
04/06 20:00:00,6423.491604029903,0.0
04/06 21:00:00,6102.30862240913,0.0
04/06 22:00:00,5886.006724874014,0.0
04/06 23:00:00,5429.565322846551,0.0
04/07 00:00:00,5423.253727463408,0.0
04/07 01:00:00,5423.5551554920385,0.0
04/07 02:00:00,5413.2389340678665,0.0
04/07 03:00:00,5436.561198010122,0.0
04/07 04:00:00,5559.026746262951,0.0
04/07 05:00:00,6112.663831077891,0.0
04/07 06:00:00,6822.097228199185,61.67
04/07 07:00:00,10443.31243553988,261.18
04/07 08:00:00,10074.215519197913,391.83
04/07 09:00:00,9646.568775876514,495.86
04/07 10:00:00,9370.50084910804,589.42
04/07 11:00:00,9019.665439722303,670.01
04/07 12:00:00,9470.174516727206,721.09
04/07 13:00:00,9627.08297254566,700.98
04/07 14:00:00,9718.271139362065,627.22
04/07 15:00:00,9541.944819531467,541.39
04/07 16:00:00,7256.78978306626,420.35
04/07 17:00:00,6425.80807242947,312.6
04/07 18:00:00,6676.943294176259,149.32
04/07 19:00:00,6546.3512689618665,4.0
04/07 20:00:00,6402.7218154163,0.0
04/07 21:00:00,6074.708732265756,0.0
04/07 22:00:00,5815.72307287937,0.0
04/07 23:00:00,5022.2919303327135,0.0
04/08 00:00:00,5046.767925402104,0.0
04/08 01:00:00,5038.069917612226,0.0
04/08 02:00:00,5052.555402600599,0.0
04/08 03:00:00,5046.742725524822,0.0
04/08 04:00:00,5076.118425250112,0.0
04/08 05:00:00,6044.4991416478915,0.0
04/08 06:00:00,6139.092251321996,6.11
04/08 07:00:00,7123.765112442514,34.66
04/08 08:00:00,7035.58870943319,66.5
04/08 09:00:00,6663.095338843454,86.53
04/08 10:00:00,6633.211362274386,129.09
04/08 11:00:00,5638.601452342485,155.14
04/08 12:00:00,5628.716823156306,262.59
04/08 13:00:00,5575.967382161855,661.64
04/08 14:00:00,5582.265734419408,518.98
04/08 15:00:00,5698.294055875924,447.41
04/08 16:00:00,5385.982728432058,401.78
04/08 17:00:00,5173.192284765596,230.66
04/08 18:00:00,5014.025418144691,108.79
04/08 19:00:00,5167.745128788683,7.0
04/08 20:00:00,5154.704745449641,0.0
04/08 21:00:00,5108.761475915673,0.0
04/08 22:00:00,5075.458540836889,0.0
04/08 23:00:00,5015.996524732131,0.0
04/09 00:00:00,4976.9444749784225,0.0
04/09 01:00:00,5021.773040212819,0.0
04/09 02:00:00,5020.622260370875,0.0
04/09 03:00:00,5060.767753614652,0.0
04/09 04:00:00,5090.7313138632935,0.0
04/09 05:00:00,5437.130804608895,0.0
04/09 06:00:00,5479.586910545054,75.06
04/09 07:00:00,5618.913075788882,273.66
04/09 08:00:00,5593.9623192954095,401.63
04/09 09:00:00,5637.922661395626,505.5
04/09 10:00:00,5702.917576826572,532.38
04/09 11:00:00,5704.981829747416,465.62
04/09 12:00:00,5686.446360596137,621.16
04/09 13:00:00,5681.365479385945,629.13
04/09 14:00:00,5681.448892422248,531.84
04/09 15:00:00,5587.229729035613,277.43
04/09 16:00:00,5629.350649846926,121.49
04/09 17:00:00,5355.134166133657,61.51
04/09 18:00:00,5326.448730247038,27.71
04/09 19:00:00,5324.961594140148,7.0
04/09 20:00:00,5287.491598907634,0.0
04/09 21:00:00,5131.9548306802135,0.0
04/09 22:00:00,5034.116975591822,0.0
04/09 23:00:00,5359.646188104297,0.0
04/10 00:00:00,5352.385023944828,0.0
04/10 01:00:00,5380.599418407031,0.0
04/10 02:00:00,5362.332172801528,0.0
04/10 03:00:00,5394.530553278741,0.0
04/10 04:00:00,5482.0828102628,0.0
04/10 05:00:00,6004.150488117839,0.0
04/10 06:00:00,6786.758915358496,27.44
04/10 07:00:00,10655.331470517473,87.23
04/10 08:00:00,10524.454803549803,241.29
04/10 09:00:00,10491.928699678985,327.42
04/10 10:00:00,10626.811273102521,526.96
04/10 11:00:00,10220.975637869245,402.5
04/10 12:00:00,10633.215591978576,422.66
04/10 13:00:00,10569.297835468973,290.02
04/10 14:00:00,10502.505981747287,324.99
04/10 15:00:00,10338.880041568937,414.45
04/10 16:00:00,7892.602679551888,193.11
04/10 17:00:00,6780.218070768796,87.68
04/10 18:00:00,6915.198667917114,28.73
04/10 19:00:00,6691.683795472005,4.0
04/10 20:00:00,6542.043857940161,0.0
04/10 21:00:00,6147.954183128328,0.0
04/10 22:00:00,5828.6681216602665,0.0
04/10 23:00:00,5380.478410155478,0.0
04/11 00:00:00,5412.115343896334,0.0
04/11 01:00:00,5428.544094396832,0.0
04/11 02:00:00,5375.7809806506575,0.0
04/11 03:00:00,5326.616686517546,0.0
04/11 04:00:00,5451.236454010677,0.0
04/11 05:00:00,5989.2678168372295,0.0
04/11 06:00:00,6877.342973195405,7.07
04/11 07:00:00,10963.958681812814,29.47
04/11 08:00:00,10604.210212909351,73.56
04/11 09:00:00,10452.889425120171,105.63
04/11 10:00:00,10430.534885013347,92.26
04/11 11:00:00,10002.884764420054,101.41
04/11 12:00:00,10301.094985377096,99.47
04/11 13:00:00,10246.297535793212,93.45
04/11 14:00:00,10214.874764569684,96.34
04/11 15:00:00,10113.845210263147,236.7
04/11 16:00:00,7822.966986692083,80.83
04/11 17:00:00,6797.615121197014,23.31
04/11 18:00:00,6834.2327794365765,15.15
04/11 19:00:00,6606.407942291881,0.0
04/11 20:00:00,6600.577981757605,0.0
04/11 21:00:00,6292.475311293079,0.0
04/11 22:00:00,6029.560002922902,0.0
04/11 23:00:00,5558.0236235155,0.0
04/12 00:00:00,5589.36772516502,0.0
04/12 01:00:00,5573.981320641393,0.0
04/12 02:00:00,5634.3389110962125,0.0
04/12 03:00:00,5572.913293122428,0.0
04/12 04:00:00,5595.177905287897,0.0
04/12 05:00:00,6179.447435147115,0.0
04/12 06:00:00,7127.979105570417,3.0
04/12 07:00:00,11362.258252968513,16.24
04/12 08:00:00,10967.053676797921,28.4
04/12 09:00:00,10540.891273911777,71.06
04/12 10:00:00,10494.335658108628,113.55
04/12 11:00:00,10077.645320885336,153.25
04/12 12:00:00,10419.47806798739,181.91
04/12 13:00:00,10330.43366327166,357.3
04/12 14:00:00,10247.093224420178,413.54
04/12 15:00:00,10094.260965198007,368.78
04/12 16:00:00,7768.370597939503,175.44
04/12 17:00:00,6680.057786986939,79.83
04/12 18:00:00,6791.52603829428,30.78
04/12 19:00:00,6688.143918691258,1.0
04/12 20:00:00,6564.55951874857,0.0
04/12 21:00:00,6211.389633897235,0.0
04/12 22:00:00,5958.112426915363,0.0
04/12 23:00:00,5522.275399066311,0.0
04/13 00:00:00,5550.536676654344,0.0
04/13 01:00:00,5571.323526117504,0.0
04/13 02:00:00,5570.229708018333,0.0
04/13 03:00:00,5575.169707299621,0.0
04/13 04:00:00,5695.147172996509,0.0
04/13 05:00:00,6226.632144185724,0.0
04/13 06:00:00,7104.230437396619,14.25
04/13 07:00:00,10983.179529798133,87.19
04/13 08:00:00,10677.905284944978,159.43
04/13 09:00:00,10272.147231255578,122.21
04/13 10:00:00,10406.174492452448,119.57
04/13 11:00:00,9892.211823325619,116.14
04/13 12:00:00,10343.97580498657,203.43
04/13 13:00:00,10249.658894392784,298.15
04/13 14:00:00,10213.277028309174,252.96
04/13 15:00:00,10049.896637111737,210.92
04/13 16:00:00,7836.255028581795,108.25
04/13 17:00:00,6722.609438277321,109.37
04/13 18:00:00,6907.14286196635,42.75
04/13 19:00:00,6876.758289707161,8.0
04/13 20:00:00,6785.729500678525,0.0
04/13 21:00:00,6365.293918823027,0.0
04/13 22:00:00,5982.5262246886705,0.0
04/13 23:00:00,5544.896964066585,0.0
04/14 00:00:00,5555.934432141538,0.0
04/14 01:00:00,5532.489447665742,0.0
04/14 02:00:00,5572.364933109425,0.0
04/14 03:00:00,5544.030368585024,0.0
04/14 04:00:00,5657.943276745316,0.0
04/14 05:00:00,6236.317985337363,0.0
04/14 06:00:00,7025.431345297505,60.06
04/14 07:00:00,11114.23428325709,188.31
04/14 08:00:00,10900.143907401576,377.26
04/14 09:00:00,10640.561106567957,448.44
04/14 10:00:00,10527.36803554591,482.48
04/14 11:00:00,10132.275894579998,459.11
04/14 12:00:00,10501.250806791832,351.12
04/14 13:00:00,10509.298235924205,271.66
04/14 14:00:00,10574.477509593598,473.21
04/14 15:00:00,10287.050574609564,350.24
04/14 16:00:00,7858.81421407889,298.87
04/14 17:00:00,6745.860848868248,348.49
04/14 18:00:00,6813.410192524572,205.74
04/14 19:00:00,6747.922893127802,13.0
04/14 20:00:00,6763.264272980816,0.0
04/14 21:00:00,6441.305984274622,0.0
04/14 22:00:00,6024.006927403605,0.0
04/14 23:00:00,5202.422640552708,0.0
04/15 00:00:00,5213.282441594805,0.0
04/15 01:00:00,5195.14020062957,0.0
04/15 02:00:00,5239.990989029334,0.0
04/15 03:00:00,5219.761243589646,0.0
04/15 04:00:00,5291.685770577412,0.0
04/15 05:00:00,6237.782092938089,1.0
04/15 06:00:00,6364.7108979609175,91.97
04/15 07:00:00,7455.291194903114,271.93
04/15 08:00:00,7435.717616959588,395.19
04/15 09:00:00,7298.02680966814,483.78
04/15 10:00:00,7306.478066693907,593.31
04/15 11:00:00,6273.570176776467,622.9
04/15 12:00:00,6213.229327605263,556.34
04/15 13:00:00,6194.92205789485,517.18
04/15 14:00:00,6262.862737638572,437.86
04/15 15:00:00,6323.2040167170535,205.9
04/15 16:00:00,5937.840175237058,164.92
04/15 17:00:00,5715.999249802273,251.79
04/15 18:00:00,5402.143254812509,109.98
04/15 19:00:00,5504.167229510923,4.31
04/15 20:00:00,5473.660301272461,0.0
04/15 21:00:00,5337.423135597844,0.0
04/15 22:00:00,5261.6140098082205,0.0
04/15 23:00:00,5186.234889684347,0.0
04/16 00:00:00,5113.677637479222,0.0
04/16 01:00:00,5120.664498242963,0.0
04/16 02:00:00,5158.881512709522,0.0
04/16 03:00:00,5171.4392841196395,0.0
04/16 04:00:00,5225.586178349547,0.0
04/16 05:00:00,5565.10220905302,1.0
04/16 06:00:00,5602.648398190947,19.41
04/16 07:00:00,5762.61813861144,138.62
04/16 08:00:00,5778.145891479733,383.21
04/16 09:00:00,5811.128160151978,477.75
04/16 10:00:00,5840.2571165451045,372.75
04/16 11:00:00,5824.60411920443,468.02
04/16 12:00:00,5790.1740055785385,465.93
04/16 13:00:00,5804.928285778,621.51
04/16 14:00:00,5804.273170707901,492.81
04/16 15:00:00,5788.6719835233835,124.99
04/16 16:00:00,5841.064437878734,253.38
04/16 17:00:00,5654.107555112058,283.11
04/16 18:00:00,5673.645042449709,51.4
04/16 19:00:00,5620.426702604474,6.61
04/16 20:00:00,5592.879897825708,0.0
04/16 21:00:00,5430.823836045267,0.0
04/16 22:00:00,5420.605333887199,0.0
04/16 23:00:00,5738.869131785936,0.0
04/17 00:00:00,5717.6541109783275,0.0
04/17 01:00:00,5723.2483883649575,0.0
04/17 02:00:00,5791.282467570442,0.0
04/17 03:00:00,5768.094860554386,0.0
04/17 04:00:00,5831.861424812363,0.0
04/17 05:00:00,6428.241323217239,0.0
04/17 06:00:00,7354.962582206041,7.11
04/17 07:00:00,11832.01691087657,24.27
04/17 08:00:00,11656.649028041611,43.42
04/17 09:00:00,11611.650857497743,46.55
04/17 10:00:00,11604.911126046018,63.66
04/17 11:00:00,11049.073373966636,64.73
04/17 12:00:00,11557.3918769029,82.76
04/17 13:00:00,11423.04063796036,184.98
04/17 14:00:00,11419.90197540356,158.16
04/17 15:00:00,11333.630313016627,184.44
04/17 16:00:00,8548.059905472363,149.2
04/17 17:00:00,7333.679986066205,74.01
04/17 18:00:00,7359.3658682049345,30.7
04/17 19:00:00,7109.803415454318,3.29
04/17 20:00:00,7073.822930580385,0.0
04/17 21:00:00,6709.88126860856,0.0
04/17 22:00:00,6342.323173230311,0.0
04/17 23:00:00,5834.393504815335,0.0
04/18 00:00:00,5847.237975526203,0.0
04/18 01:00:00,5863.935804876134,0.0
04/18 02:00:00,5902.358796496513,0.0
04/18 03:00:00,5912.742731319054,0.0
04/18 04:00:00,5948.773299289887,0.0
04/18 05:00:00,6576.055224838823,2.0
04/18 06:00:00,7470.103811169529,43.58
04/18 07:00:00,11759.044515206378,155.71
04/18 08:00:00,11703.750847647638,332.41
04/18 09:00:00,11657.796247675984,506.69
04/18 10:00:00,11637.724001791337,627.86
04/18 11:00:00,11087.474305246515,695.83
04/18 12:00:00,11528.984768176126,771.88
04/18 13:00:00,11436.673514444099,757.97
04/18 14:00:00,11437.922096930164,679.52
04/18 15:00:00,11224.287063955802,577.74
04/18 16:00:00,8538.690393945983,476.61
04/18 17:00:00,7285.977575727738,355.78
04/18 18:00:00,7292.074483058394,226.05
04/18 19:00:00,7049.755295927168,23.41
04/18 20:00:00,6943.648083160072,0.0
04/18 21:00:00,6526.934130474456,0.0
04/18 22:00:00,6178.618687971087,0.0
04/18 23:00:00,5735.43242358312,0.0
04/19 00:00:00,5752.794761366869,0.0
04/19 01:00:00,5758.116539130946,0.0
04/19 02:00:00,5775.453558439038,0.0
04/19 03:00:00,5842.9944262067675,0.0
04/19 04:00:00,5895.7837931932145,0.0
04/19 05:00:00,6468.060312665297,1.0
04/19 06:00:00,7148.9665241147395,39.23
04/19 07:00:00,10976.958148852837,65.95
04/19 08:00:00,10472.497556693914,88.15
04/19 09:00:00,9562.063180646217,101.26
04/19 10:00:00,9505.584065812085,124.68
04/19 11:00:00,9373.513815677034,127.22
04/19 12:00:00,9676.963543075868,196.91
04/19 13:00:00,9731.393911540166,189.04
04/19 14:00:00,9691.37449954141,257.83
04/19 15:00:00,8704.448641181018,289.38
04/19 16:00:00,6638.483431860484,365.8
04/19 17:00:00,5706.682424244462,141.65
04/19 18:00:00,5788.840368450173,84.09
04/19 19:00:00,5661.594536787432,11.93
04/19 20:00:00,5669.3046616367155,0.0
04/19 21:00:00,5361.317133333311,0.0
04/19 22:00:00,5101.404970744929,0.0
04/19 23:00:00,4749.03232583354,0.0
04/20 00:00:00,4679.7963091077445,0.0
04/20 01:00:00,4625.503206315053,0.0
04/20 02:00:00,4607.175040541371,0.0
04/20 03:00:00,4657.680180187346,0.0
04/20 04:00:00,4717.643534156249,0.0
04/20 05:00:00,5142.233901054779,3.0
04/20 06:00:00,5825.808573806338,67.84
04/20 07:00:00,8996.384685681345,161.16
04/20 08:00:00,8986.12201295968,273.91
04/20 09:00:00,8733.469761182563,420.19
04/20 10:00:00,8937.661679842346,504.48
04/20 11:00:00,9240.944510218545,450.14
04/20 12:00:00,9554.713362296385,688.87
04/20 13:00:00,9541.823755143725,747.14
04/20 14:00:00,9489.112380031509,574.05
04/20 15:00:00,9447.468043448756,499.48
04/20 16:00:00,7297.064562591562,476.74
04/20 17:00:00,6382.36939314958,355.64
04/20 18:00:00,6564.904544687425,228.24
04/20 19:00:00,6567.19804762746,26.53
04/20 20:00:00,6647.946764932512,0.0
04/20 21:00:00,6392.926546019312,0.0
04/20 22:00:00,6308.0008996975785,0.0
04/20 23:00:00,5867.350028005925,0.0
04/21 00:00:00,5809.770307454981,0.0
04/21 01:00:00,5778.054429630474,0.0
04/21 02:00:00,5840.505493427944,0.0
04/21 03:00:00,5818.123605681452,0.0
04/21 04:00:00,5938.030832040404,0.0
04/21 05:00:00,6458.211673711008,4.0
04/21 06:00:00,7068.1279948335605,79.07
04/21 07:00:00,10860.70790120717,189.11
04/21 08:00:00,10600.553172537462,349.92
04/21 09:00:00,10018.253677553334,486.01
04/21 10:00:00,9865.447350732476,507.87
04/21 11:00:00,9375.488787017017,594.53
04/21 12:00:00,9789.487327817395,412.25
04/21 13:00:00,9725.055551427513,249.96
04/21 14:00:00,9764.09935323581,462.6
04/21 15:00:00,9641.310788758909,160.56
04/21 16:00:00,7402.122746473561,87.98
04/21 17:00:00,6458.768760145086,49.7
04/21 18:00:00,6612.319630552287,35.76
04/21 19:00:00,6538.181005389706,6.22
04/21 20:00:00,6688.465654127427,0.0
04/21 21:00:00,6388.454132283824,0.0
04/21 22:00:00,6168.944573234955,0.0
04/21 23:00:00,5303.469683522971,0.0
04/22 00:00:00,5352.762629973196,0.0
04/22 01:00:00,5347.9435450984965,0.0
04/22 02:00:00,5392.96836478997,0.0
04/22 03:00:00,5345.282131009593,0.0
04/22 04:00:00,5410.633032461755,0.0
04/22 05:00:00,6375.8163353814425,5.0
04/22 06:00:00,6457.356112481494,130.58
04/22 07:00:00,7484.873487475312,288.9
04/22 08:00:00,7240.6233414695,374.17
04/22 09:00:00,6822.4282298303715,282.52
04/22 10:00:00,6780.728595234384,476.81
04/22 11:00:00,5803.255900117328,392.28
04/22 12:00:00,5719.995050992294,768.02
04/22 13:00:00,5698.180368654007,489.69
04/22 14:00:00,5715.149096403369,168.99
04/22 15:00:00,5798.384605331033,178.45
04/22 16:00:00,5544.996531737007,100.49
04/22 17:00:00,5436.572763345495,69.77
04/22 18:00:00,5288.894511093398,26.39
04/22 19:00:00,5443.854362465605,7.25
04/22 20:00:00,5445.676238280095,0.0
04/22 21:00:00,5409.753463642678,0.0
04/22 22:00:00,5369.4619698590095,0.0
04/22 23:00:00,5286.610154453376,0.0
04/23 00:00:00,5340.261859459403,0.0
04/23 01:00:00,5305.747648141174,0.0
04/23 02:00:00,5337.821296583206,0.0
04/23 03:00:00,5272.739401377364,0.0
04/23 04:00:00,5358.298829823695,0.0
04/23 05:00:00,5709.467998463155,2.0
04/23 06:00:00,5746.813832930545,35.24
04/23 07:00:00,5882.637750211844,83.28
04/23 08:00:00,5837.139074042099,145.19
04/23 09:00:00,5872.819299876676,260.33
04/23 10:00:00,5905.700416196298,341.98
04/23 11:00:00,5917.350855926216,214.3
04/23 12:00:00,5886.988008705836,161.91
04/23 13:00:00,5874.991039036531,103.54
04/23 14:00:00,5904.760296264832,66.72
04/23 15:00:00,5857.667397199481,52.62
04/23 16:00:00,5924.892199761228,39.5
04/23 17:00:00,5522.666658704037,18.0
04/23 18:00:00,5556.658655950569,16.2
04/23 19:00:00,5611.086844448328,9.39
04/23 20:00:00,5514.581344279238,0.0
04/23 21:00:00,5393.348210591678,0.0
04/23 22:00:00,5300.371639422927,0.0
04/23 23:00:00,5659.107675832235,0.0
04/24 00:00:00,5711.346623625115,0.0
04/24 01:00:00,5717.386749588706,0.0
04/24 02:00:00,5693.103039230387,0.0
04/24 03:00:00,5726.334169393607,0.0
04/24 04:00:00,5826.125829582864,0.0
04/24 05:00:00,6370.018328055034,5.0
04/24 06:00:00,7245.33474368719,59.42
04/24 07:00:00,11437.80677615492,100.45
04/24 08:00:00,11334.92183364617,166.89
04/24 09:00:00,11186.094152287516,305.61
04/24 10:00:00,11277.968384941661,581.71
04/24 11:00:00,10784.090368107403,600.19
04/24 12:00:00,11146.351941845553,788.55
04/24 13:00:00,11152.779532578548,771.72
04/24 14:00:00,11062.94951647252,597.72
04/24 15:00:00,10982.088127620265,588.09
04/24 16:00:00,8331.708617182589,467.54
04/24 17:00:00,7107.963651200753,300.62
04/24 18:00:00,7072.99750465939,247.0
04/24 19:00:00,6874.2464334888455,45.66
04/24 20:00:00,6825.591750246983,0.0
04/24 21:00:00,6430.629584442679,0.0
04/24 22:00:00,6058.0901371713,0.0
04/24 23:00:00,5610.5642749291865,0.0
04/25 00:00:00,5574.128149948765,0.0
04/25 01:00:00,5659.5219433386155,0.0
04/25 02:00:00,5615.01993435339,0.0
04/25 03:00:00,5691.425322147974,0.0
04/25 04:00:00,5762.9939496401785,0.0
04/25 05:00:00,6294.005523671334,4.0
04/25 06:00:00,7076.811674193309,87.78
04/25 07:00:00,10874.469378655673,172.72
04/25 08:00:00,10429.632415528797,154.25
04/25 09:00:00,9796.113430061567,137.13
04/25 10:00:00,9710.576614018826,258.33
04/25 11:00:00,9324.972610303515,156.81
04/25 12:00:00,9695.871437338177,128.37
04/25 13:00:00,9635.72974644575,211.77
04/25 14:00:00,9690.349487258176,527.62
04/25 15:00:00,9553.776846676432,524.66
04/25 16:00:00,7337.657194215512,437.23
04/25 17:00:00,6375.197654986884,254.47
04/25 18:00:00,6616.64375699827,23.41
04/25 19:00:00,6581.316246717861,5.09
04/25 20:00:00,6658.075076532568,0.0
04/25 21:00:00,6352.146967919869,0.0
04/25 22:00:00,6073.580882662484,0.0
04/25 23:00:00,5606.554225026807,0.0
04/26 00:00:00,5662.512139782536,0.0
04/26 01:00:00,5689.730669057037,0.0
04/26 02:00:00,5661.623478299536,0.0
04/26 03:00:00,5674.520937295132,0.0
04/26 04:00:00,5784.1316436788065,0.0
04/26 05:00:00,6338.531120295538,1.0
04/26 06:00:00,7094.803207067433,18.3
04/26 07:00:00,10741.57585667564,36.62
04/26 08:00:00,10247.248935753645,222.67
04/26 09:00:00,9743.508064620824,178.72
04/26 10:00:00,9697.841360037555,245.64
04/26 11:00:00,9337.96923569443,247.24
04/26 12:00:00,9737.608559661674,335.15
04/26 13:00:00,9563.61845996947,324.86
04/26 14:00:00,9631.229229671755,343.09
04/26 15:00:00,9579.527161389142,271.38
04/26 16:00:00,7311.709471902094,346.82
04/26 17:00:00,6345.69895469992,85.57
04/26 18:00:00,6628.859096433121,111.77
04/26 19:00:00,6569.1700553007095,12.46
04/26 20:00:00,6521.699080480501,0.0
04/26 21:00:00,6298.578893226275,0.0
04/26 22:00:00,6063.023365808785,0.0
04/26 23:00:00,5639.110298024585,0.0
04/27 00:00:00,5714.362322525046,0.0
04/27 01:00:00,5759.733480278623,0.0
04/27 02:00:00,5725.146718897873,0.0
04/27 03:00:00,5768.152196696432,0.0
04/27 04:00:00,5841.1845991991995,0.0
04/27 05:00:00,6428.303759070175,12.0
04/27 06:00:00,7092.952627838643,101.06
04/27 07:00:00,10824.56864756786,180.32
04/27 08:00:00,10182.320424688827,405.19
04/27 09:00:00,9781.597564877567,515.64
04/27 10:00:00,9675.375514866359,595.15
04/27 11:00:00,9249.967667694815,402.57
04/27 12:00:00,9786.814887467961,796.69
04/27 13:00:00,9628.335807537158,632.74
04/27 14:00:00,9564.995664814838,600.26
04/27 15:00:00,9435.232628633385,590.26
04/27 16:00:00,7256.748064251915,492.73
04/27 17:00:00,6248.541721127671,349.15
04/27 18:00:00,6503.493388794309,255.06
04/27 19:00:00,6444.545983883343,61.61
04/27 20:00:00,6481.60319719433,0.0
04/27 21:00:00,6201.16132891722,0.0
04/27 22:00:00,5992.562176582925,0.0
04/27 23:00:00,5604.880996861666,0.0
04/28 00:00:00,5640.592668308469,0.0
04/28 01:00:00,5709.502776757526,0.0
04/28 02:00:00,5675.717180175882,0.0
04/28 03:00:00,5703.906817205682,0.0
04/28 04:00:00,5754.714721966764,0.0
04/28 05:00:00,6277.607848460112,8.22
04/28 06:00:00,7065.340519561328,26.48
04/28 07:00:00,10709.196763002503,64.6
04/28 08:00:00,10283.101523969099,182.65
04/28 09:00:00,9703.066905526412,367.67
04/28 10:00:00,9625.50016080632,415.7
04/28 11:00:00,9212.818001960313,444.44
04/28 12:00:00,9535.386818353145,445.62
04/28 13:00:00,9520.639615063428,398.99
04/28 14:00:00,9526.363177356776,405.15
04/28 15:00:00,9347.373209666965,527.41
04/28 16:00:00,7174.8488041989085,451.01
04/28 17:00:00,6341.795993950974,357.42
04/28 18:00:00,6545.5203401713325,259.57
04/28 19:00:00,6500.2473797869925,53.69
04/28 20:00:00,6566.323213744278,0.0
04/28 21:00:00,6268.140807019727,0.0
04/28 22:00:00,6048.3831052774085,0.0
04/28 23:00:00,5316.648804289747,0.0
04/29 00:00:00,5242.416087172089,0.0
04/29 01:00:00,5201.489690446373,0.0
04/29 02:00:00,5222.894808550665,0.0
04/29 03:00:00,5246.295527504693,0.0
04/29 04:00:00,5351.374962586365,0.0
04/29 05:00:00,6302.773349379279,5.56
04/29 06:00:00,6300.694117863507,62.65
04/29 07:00:00,7301.7033607020785,174.22
04/29 08:00:00,7052.7712657065595,238.66
04/29 09:00:00,6651.12125584295,389.24
04/29 10:00:00,6668.582669227274,336.07
04/29 11:00:00,5702.5580962681715,318.15
04/29 12:00:00,5650.668004341257,500.57
04/29 13:00:00,5639.05267448974,473.14
04/29 14:00:00,5641.897252671633,480.81
04/29 15:00:00,5699.1505854026145,483.09
04/29 16:00:00,5433.025783070555,482.69
04/29 17:00:00,5306.527323910448,364.31
04/29 18:00:00,5137.467657723552,204.32
04/29 19:00:00,5329.839527966215,59.9
04/29 20:00:00,5359.354622863398,0.0
04/29 21:00:00,5348.497529869532,0.0
04/29 22:00:00,5322.6158404563275,0.0
04/29 23:00:00,5227.465431822236,0.0
04/30 00:00:00,5235.467828941612,0.0
04/30 01:00:00,5248.085676308069,0.0
04/30 02:00:00,5243.733153239604,0.0
04/30 03:00:00,5245.061843132387,0.0
04/30 04:00:00,5308.861171787843,0.0
04/30 05:00:00,5699.645466032937,4.66
04/30 06:00:00,5756.6587455086055,67.63
04/30 07:00:00,5879.44979957419,184.21
04/30 08:00:00,5885.391221522181,442.1
04/30 09:00:00,5883.406294657493,507.89
04/30 10:00:00,5779.476506723452,424.63
04/30 11:00:00,5672.444270438372,773.25
04/30 12:00:00,5706.763184988715,562.5
04/30 13:00:00,5789.057548310954,668.8
04/30 14:00:00,5757.202142906436,615.91
04/30 15:00:00,5675.885909707365,426.0
04/30 16:00:00,5727.102498195146,180.51
04/30 17:00:00,5445.55371318568,188.33
04/30 18:00:00,5429.516912098483,120.06
04/30 19:00:00,5564.2281715566,35.89
04/30 20:00:00,5494.964577081553,0.0
04/30 21:00:00,5401.0147289524675,0.0
04/30 22:00:00,5319.518519549798,0.0
04/30 23:00:00,3149.479023875534,0.0
05/01 00:00:00,3113.085261594562,0.0
05/01 01:00:00,3100.505196376641,0.0
05/01 02:00:00,3100.2503288761955,0.0
05/01 03:00:00,3111.0314443949646,0.0
05/01 04:00:00,3225.4304643942623,0.0
05/01 05:00:00,3769.462194513296,18.49
05/01 06:00:00,4636.147938549168,146.36
05/01 07:00:00,8782.329076843378,257.98
05/01 08:00:00,8600.882252063791,341.29
05/01 09:00:00,8539.344852727207,507.14
05/01 10:00:00,8506.577458509144,625.15
05/01 11:00:00,8117.474184605169,716.39
05/01 12:00:00,8591.440584315022,752.73
05/01 13:00:00,8475.907277441536,639.23
05/01 14:00:00,8487.159448550034,650.68
05/01 15:00:00,8311.296750821053,555.48
05/01 16:00:00,5737.0427523932585,455.09
05/01 17:00:00,4534.563420087935,343.74
05/01 18:00:00,4521.682712250244,220.65
05/01 19:00:00,4397.670299820809,49.36
05/01 20:00:00,4333.808173797459,0.0
05/01 21:00:00,3943.284027595772,0.0
05/01 22:00:00,3615.039584136647,0.0
05/01 23:00:00,3179.9783626358467,0.0
05/02 00:00:00,3159.833537733505,0.0
05/02 01:00:00,3138.207022723756,0.0
05/02 02:00:00,3127.310075274228,0.0
05/02 03:00:00,3118.4647542243397,0.0
05/02 04:00:00,3228.968230690129,0.0
05/02 05:00:00,3754.5199815128503,12.06
05/02 06:00:00,4518.1890547564535,106.25
05/02 07:00:00,8378.285839824577,146.84
05/02 08:00:00,8048.13447162068,190.6
05/02 09:00:00,7758.030342299861,291.76
05/02 10:00:00,7694.0605914146345,374.63
05/02 11:00:00,7261.530754121655,386.62
05/02 12:00:00,7655.763590349007,427.9
05/02 13:00:00,7563.00371975097,499.21
05/02 14:00:00,7615.56794091494,619.36
05/02 15:00:00,7522.952591935684,504.37
05/02 16:00:00,5216.791604078194,457.74
05/02 17:00:00,4235.191574314624,346.76
05/02 18:00:00,4298.7102143163465,223.23
05/02 19:00:00,4167.888536263956,56.67
05/02 20:00:00,4166.833488609226,0.0
05/02 21:00:00,3796.4288160596434,0.0
05/02 22:00:00,3518.1115285197066,0.0
05/02 23:00:00,3154.0689060356217,0.0
05/03 00:00:00,3141.1469482191,0.0
05/03 01:00:00,3124.1497479055356,0.0
05/03 02:00:00,3135.198272405263,0.0
05/03 03:00:00,3151.726209225098,0.0
05/03 04:00:00,3232.155737959424,0.0
05/03 05:00:00,3800.4429930843103,21.76
05/03 06:00:00,4542.455227168589,144.87
05/03 07:00:00,8371.088888944503,309.99
05/03 08:00:00,8193.458932069943,420.29
05/03 09:00:00,7793.746977874314,527.76
05/03 10:00:00,7652.290116795144,628.99
05/03 11:00:00,7232.704850244996,721.22
05/03 12:00:00,7555.118636603679,762.13
05/03 13:00:00,7499.53485880781,726.95
05/03 14:00:00,7528.892458690777,494.72
05/03 15:00:00,7382.435724111081,259.35
05/03 16:00:00,5157.239393019314,334.51
05/03 17:00:00,4193.5138436906755,321.1
05/03 18:00:00,4334.960417024875,152.15
05/03 19:00:00,4288.135059436062,16.47
05/03 20:00:00,4223.793032686515,0.0
05/03 21:00:00,3854.067427011595,0.0
05/03 22:00:00,3578.0098994424,0.0
05/03 23:00:00,3147.832099039095,0.0
05/04 00:00:00,3143.158468891208,0.0
05/04 01:00:00,3165.15210523189,0.0
05/04 02:00:00,3163.8319370588047,0.0
05/04 03:00:00,3181.2626893603015,0.0
05/04 04:00:00,3262.5228890307426,0.0
05/04 05:00:00,3821.8862938095403,19.51
05/04 06:00:00,4574.406540827454,147.65
05/04 07:00:00,8341.633504320129,293.1
05/04 08:00:00,7886.949273159903,312.41
05/04 09:00:00,7619.80211186891,462.6
05/04 10:00:00,7590.727348120232,403.56
05/04 11:00:00,7238.289487801801,263.25
05/04 12:00:00,7566.175875502093,119.64
05/04 13:00:00,7488.716695452584,59.8
05/04 14:00:00,7482.832022909973,153.75
05/04 15:00:00,7348.615109270874,185.25
05/04 16:00:00,5159.928160440088,155.46
05/04 17:00:00,4216.50563685954,205.57
05/04 18:00:00,4331.703212652502,153.42
05/04 19:00:00,4225.197189019773,23.07
05/04 20:00:00,4239.925567065796,0.0
05/04 21:00:00,3898.46480006822,0.0
05/04 22:00:00,3659.636193792184,0.0
05/04 23:00:00,3193.697863773567,0.0
05/05 00:00:00,3198.3355698592623,0.0
05/05 01:00:00,3199.715989178479,0.0
05/05 02:00:00,3200.1986864419105,0.0
05/05 03:00:00,3216.928013523622,0.0
05/05 04:00:00,3277.7621949393642,0.0
05/05 05:00:00,3879.34045924318,5.11
05/05 06:00:00,4701.128298562051,33.77
05/05 07:00:00,8394.941382014322,132.77
05/05 08:00:00,8087.525529655392,94.99
05/05 09:00:00,7604.463051873891,79.25
05/05 10:00:00,7483.819579177473,53.73
05/05 11:00:00,7061.804924989746,110.59
05/05 12:00:00,7427.310590625369,291.08
05/05 13:00:00,7408.27969456479,138.42
05/05 14:00:00,7433.401326566139,164.52
05/05 15:00:00,7228.814554885716,205.94
05/05 16:00:00,5139.183025945258,272.06
05/05 17:00:00,4205.902202679076,289.23
05/05 18:00:00,4341.201961822337,212.02
05/05 19:00:00,4203.883135505176,68.92
05/05 20:00:00,4228.025244493417,0.0
05/05 21:00:00,3854.6014485250357,0.0
05/05 22:00:00,3560.7386294086114,0.0
05/05 23:00:00,2829.1500682159876,0.0
05/06 00:00:00,2826.336230834069,0.0
05/06 01:00:00,2808.4300361938167,0.0
05/06 02:00:00,2797.1844589343523,0.0
05/06 03:00:00,2836.961210386967,0.0
05/06 04:00:00,2858.605162823112,0.0
05/06 05:00:00,3843.436349672908,30.17
05/06 06:00:00,3908.8246287856346,160.06
05/06 07:00:00,4970.970166995647,319.82
05/06 08:00:00,4819.0851475419695,409.39
05/06 09:00:00,4487.036468635077,477.99
05/06 10:00:00,4483.1515147256505,636.94
05/06 11:00:00,3574.4512436865484,729.73
05/06 12:00:00,3563.913270940116,616.83
05/06 13:00:00,3549.1738691858623,604.21
05/06 14:00:00,3577.731273228938,633.23
05/06 15:00:00,3672.5652851298996,472.28
05/06 16:00:00,3376.240948744177,382.96
05/06 17:00:00,3168.860832340672,310.51
05/06 18:00:00,2989.6586551950495,151.59
05/06 19:00:00,3039.3939014614884,52.64
05/06 20:00:00,3028.2024738387872,0.0
05/06 21:00:00,2973.5243752277174,0.0
05/06 22:00:00,2924.644097396484,0.0
05/06 23:00:00,2841.266407370541,0.0
05/07 00:00:00,2812.1748552046733,0.0
05/07 01:00:00,2828.740547214845,0.0
05/07 02:00:00,2797.1348463402383,0.0
05/07 03:00:00,2815.6942629079304,0.0
05/07 04:00:00,2849.144195771502,0.0
05/07 05:00:00,3245.1799043355873,25.09
05/07 06:00:00,3301.6355572812354,177.67
05/07 07:00:00,3445.5437763743475,229.04
05/07 08:00:00,3445.980757602672,221.69
05/07 09:00:00,3507.5076468580774,524.61
05/07 10:00:00,3492.423120714595,564.79
05/07 11:00:00,3492.653504758534,543.45
05/07 12:00:00,3489.6870178786767,759.65
05/07 13:00:00,3463.744046814453,563.5
05/07 14:00:00,3479.291295660265,666.28
05/07 15:00:00,3416.932075450288,559.38
05/07 16:00:00,3454.0291004775213,302.01
05/07 17:00:00,3146.0611476376207,365.21
05/07 18:00:00,3112.766330996639,246.26
05/07 19:00:00,3136.223476981511,82.92
05/07 20:00:00,3089.8091356324458,1.0
05/07 21:00:00,2983.4698832780045,0.0
05/07 22:00:00,2902.255389814654,0.0
05/07 23:00:00,3246.3951508363293,0.0
05/08 00:00:00,3217.6701188454845,0.0
05/08 01:00:00,3215.422111763554,0.0
05/08 02:00:00,3240.531779008249,0.0
05/08 03:00:00,3253.872332925166,0.0
05/08 04:00:00,3326.5808293507757,0.0
05/08 05:00:00,3917.4067789461224,38.03
05/08 06:00:00,4862.849352108122,193.28
05/08 07:00:00,9166.250759940274,325.22
05/08 08:00:00,8960.821070938642,435.52
05/08 09:00:00,9015.85661899413,543.25
05/08 10:00:00,8992.580202167683,642.89
05/08 11:00:00,8498.948776628378,735.72
05/08 12:00:00,8903.442083721457,692.61
05/08 13:00:00,8805.998311296802,531.31
05/08 14:00:00,8862.976467142911,378.3
05/08 15:00:00,8759.257572799477,313.57
05/08 16:00:00,6051.523753467953,273.06
05/08 17:00:00,4796.124970548535,190.23
05/08 18:00:00,4755.918800337496,123.45
05/08 19:00:00,4538.871784080377,34.7
05/08 20:00:00,4459.261570131511,0.0
05/08 21:00:00,4049.0417389625636,0.0
05/08 22:00:00,3684.311625150478,0.0
05/08 23:00:00,3211.508395777723,0.0
05/09 00:00:00,3243.843411736041,0.0
05/09 01:00:00,3263.8834567114077,0.0
05/09 02:00:00,3245.292377984025,0.0
05/09 03:00:00,3271.475896418324,0.0
05/09 04:00:00,3324.1006043037437,0.0
05/09 05:00:00,3872.78879652345,27.84
05/09 06:00:00,4617.130691095495,182.89
05/09 07:00:00,8443.090079425414,288.82
05/09 08:00:00,8054.187506483765,325.46
05/09 09:00:00,7608.951656280617,417.47
05/09 10:00:00,7578.945133703889,560.86
05/09 11:00:00,7196.363189730053,648.46
05/09 12:00:00,7550.625000666603,750.93
05/09 13:00:00,7530.000626151032,734.75
05/09 14:00:00,7741.098779608596,636.1
05/09 15:00:00,7585.659382654153,550.54
05/09 16:00:00,5358.725039749299,469.15
05/09 17:00:00,4350.896347941693,359.96
05/09 18:00:00,4514.587377870407,182.53
05/09 19:00:00,4359.862269572959,41.2
05/09 20:00:00,4396.699775733399,2.0
05/09 21:00:00,3961.8849097157736,0.0
05/09 22:00:00,3588.794521380598,0.0
05/09 23:00:00,3209.1835427812125,0.0
05/10 00:00:00,3276.220668573155,0.0
05/10 01:00:00,3226.403163310272,0.0
05/10 02:00:00,3218.3916895628017,0.0
05/10 03:00:00,3239.2283658470515,0.0
05/10 04:00:00,3287.6235421235633,0.0
05/10 05:00:00,3819.551208663124,41.1
05/10 06:00:00,4569.925181562063,171.49
05/10 07:00:00,8377.54025533877,241.61
05/10 08:00:00,8014.652012626546,367.44
05/10 09:00:00,7667.736100345205,481.29
05/10 10:00:00,7055.450467789088,533.31
05/10 11:00:00,6659.73969220983,726.27
05/10 12:00:00,7005.879527435,756.35
05/10 13:00:00,6990.21769834904,609.85
05/10 14:00:00,7110.130319321289,614.42
05/10 15:00:00,6969.238753747357,551.39
05/10 16:00:00,4901.011386961636,452.61
05/10 17:00:00,3912.0292883731336,339.2
05/10 18:00:00,3998.764873130755,231.91
05/10 19:00:00,3873.654779276279,94.69
05/10 20:00:00,3892.742431810616,1.0
05/10 21:00:00,3484.2408189645757,0.0
05/10 22:00:00,3200.770121051965,0.0
05/10 23:00:00,2811.8182747659425,0.0
05/11 00:00:00,2762.2526754612522,0.0
05/11 01:00:00,2738.366474160901,0.0
05/11 02:00:00,2748.344799699547,0.0
05/11 03:00:00,2763.360163330159,0.0
05/11 04:00:00,2840.787216345273,0.0
05/11 05:00:00,3330.7841866368562,45.18
05/11 06:00:00,4043.602625607186,203.09
05/11 07:00:00,7338.568494588524,331.19
05/11 08:00:00,7216.067061796332,447.78
05/11 09:00:00,6991.1072872146915,553.64
05/11 10:00:00,6963.813662875651,654.93
05/11 11:00:00,6607.869386417302,755.71
05/11 12:00:00,6883.472197408307,820.14
05/11 13:00:00,6869.04346266883,774.31
05/11 14:00:00,6984.022651930522,684.18
05/11 15:00:00,6817.199478602976,588.13
05/11 16:00:00,4798.372758649285,479.14
05/11 17:00:00,3910.8496645908454,369.6
05/11 18:00:00,3996.868101193004,256.55
05/11 19:00:00,3776.9986538267926,102.32
05/11 20:00:00,3791.3780427157303,2.0
05/11 21:00:00,3462.870274231448,0.0
05/11 22:00:00,3090.053603639677,0.0
05/11 23:00:00,2715.0896810405197,0.0
05/12 00:00:00,2703.772944192396,0.0
05/12 01:00:00,2727.500364842412,0.0
05/12 02:00:00,2707.150675567699,0.0
05/12 03:00:00,2735.5155003100867,0.0
05/12 04:00:00,2811.1685571522794,0.0
05/12 05:00:00,3260.396554677298,38.55
05/12 06:00:00,3957.358978705762,99.72
05/12 07:00:00,7217.6672272437045,133.2
05/12 08:00:00,7138.6576526394865,181.92
05/12 09:00:00,6858.303455242877,279.2
05/12 10:00:00,6902.825089987102,119.24
05/12 11:00:00,6584.677412155446,83.81
05/12 12:00:00,6901.517758562438,73.84
05/12 13:00:00,6853.071600725483,71.83
05/12 14:00:00,6899.879970610234,203.94
05/12 15:00:00,6748.492642040088,346.48
05/12 16:00:00,4752.923731069842,234.34
05/12 17:00:00,3879.3813347991604,161.17
05/12 18:00:00,3923.301474192493,119.55
05/12 19:00:00,3748.6397055744014,42.86
05/12 20:00:00,3737.7977178404412,1.0
05/12 21:00:00,3399.2648059715657,0.0
05/12 22:00:00,3092.5094429947108,0.0
05/12 23:00:00,2420.5285950068683,0.0
05/13 00:00:00,2416.3332966394064,0.0
05/13 01:00:00,2421.698032128603,0.0
05/13 02:00:00,2417.6002468824577,0.0
05/13 03:00:00,2397.773573501619,0.0
05/13 04:00:00,2448.57293590115,0.0
05/13 05:00:00,3269.8064567831616,23.46
05/13 06:00:00,3372.9177243604336,102.12
05/13 07:00:00,4357.965269421824,184.19
05/13 08:00:00,4380.592423967565,425.26
05/13 09:00:00,4256.018416240551,515.2
05/13 10:00:00,4249.669973659678,543.05
05/13 11:00:00,3390.464553942064,474.4
05/13 12:00:00,3347.512435986027,444.95
05/13 13:00:00,3357.515765349845,446.49
05/13 14:00:00,3367.5181583273543,538.48
05/13 15:00:00,3414.260043379993,215.26
05/13 16:00:00,3142.456265354968,284.88
05/13 17:00:00,2905.6333970608757,369.27
05/13 18:00:00,2656.168074067492,148.57
05/13 19:00:00,2701.654686828411,46.54
05/13 20:00:00,2672.178345739683,1.0
05/13 21:00:00,2551.722098729898,0.0
05/13 22:00:00,2473.9105359357977,0.0
05/13 23:00:00,2355.0206500827558,0.0
05/14 00:00:00,2367.390677344457,0.0
05/14 01:00:00,2364.5969019258578,0.0
05/14 02:00:00,2353.548625943064,0.0
05/14 03:00:00,2379.2820993382443,0.0
05/14 04:00:00,2439.1219188739096,0.0
05/14 05:00:00,2750.4469607413894,16.56
05/14 06:00:00,2824.5838519941694,129.39
05/14 07:00:00,2956.901910008607,271.52
05/14 08:00:00,2936.3215667397267,199.18
05/14 09:00:00,2965.6810173224785,81.31
05/14 10:00:00,3037.683078346044,89.51
05/14 11:00:00,3043.455596312414,117.64
05/14 12:00:00,3011.317904447841,101.69
05/14 13:00:00,2977.849057920481,118.66
05/14 14:00:00,2977.985879053567,153.88
05/14 15:00:00,2953.1215587146235,141.43
05/14 16:00:00,2989.802552365157,279.11
05/14 17:00:00,2742.2852496329206,37.43
05/14 18:00:00,2718.010857193006,72.72
05/14 19:00:00,2688.6827116257714,57.0
05/14 20:00:00,2660.3654420995385,3.0
05/14 21:00:00,2548.1977658995324,0.0
05/14 22:00:00,2442.455555794015,0.0
05/14 23:00:00,2747.983224516369,0.0
05/15 00:00:00,2743.3135569275346,0.0
05/15 01:00:00,2713.5084171808603,0.0
05/15 02:00:00,2737.9742866695337,0.0
05/15 03:00:00,2712.9087072290113,0.0
05/15 04:00:00,2826.5567165524253,0.0
05/15 05:00:00,3302.1619903941205,53.75
05/15 06:00:00,4107.228391024226,203.48
05/15 07:00:00,7697.992607124347,152.6
05/15 08:00:00,7575.517440024465,334.57
05/15 09:00:00,7558.036069306737,529.29
05/15 10:00:00,7624.683596468865,475.11
05/15 11:00:00,7194.287113044832,353.45
05/15 12:00:00,7575.233499211379,447.35
05/15 13:00:00,7538.539470280809,261.49
05/15 14:00:00,7574.313133477076,212.79
05/15 15:00:00,7523.25302540375,334.78
05/15 16:00:00,5141.195727478837,154.69
05/15 17:00:00,4145.183946258968,192.41
05/15 18:00:00,4116.199305799609,47.1
05/15 19:00:00,4012.9073053460065,19.36
05/15 20:00:00,3928.4021195200053,4.0
05/15 21:00:00,3525.941454588903,0.0
05/15 22:00:00,3183.129551751647,0.0
05/15 23:00:00,2786.2964881146904,0.0
05/16 00:00:00,2720.289112355394,0.0
05/16 01:00:00,2747.2513999011057,0.0
05/16 02:00:00,2738.365169663117,0.0
05/16 03:00:00,2768.820303018111,0.0
05/16 04:00:00,2850.0571833710947,0.0
05/16 05:00:00,3321.8841326205247,8.08
05/16 06:00:00,4069.948967241215,27.46
05/16 07:00:00,7401.233361643194,52.77
05/16 08:00:00,7224.559026392919,99.12
05/16 09:00:00,6894.995308003535,186.23
05/16 10:00:00,7011.742995950364,159.79
05/16 11:00:00,6810.757250115565,439.48
05/16 12:00:00,7085.216489632613,823.29
05/16 13:00:00,6973.817035770664,614.09
05/16 14:00:00,6956.951569014831,450.62
05/16 15:00:00,6918.675877310419,351.24
05/16 16:00:00,4881.21217254645,414.31
05/16 17:00:00,3991.31977391503,305.1
05/16 18:00:00,4064.601092990494,97.11
05/16 19:00:00,3879.2931383421637,49.81
05/16 20:00:00,3825.361382238029,2.0
05/16 21:00:00,3488.5777442633,0.0
05/16 22:00:00,3158.4574670487527,0.0
05/16 23:00:00,2791.0290417561505,0.0
05/17 00:00:00,2768.231936287085,0.0
05/17 01:00:00,2778.6206256975706,0.0
05/17 02:00:00,2772.2607676399066,0.0
05/17 03:00:00,2797.0208923466926,0.0
05/17 04:00:00,2899.549564675222,0.0
05/17 05:00:00,3418.4661277996115,26.43
05/17 06:00:00,4146.736133839029,37.7
05/17 07:00:00,7604.575902818602,51.77
05/17 08:00:00,7351.001888277894,186.19
05/17 09:00:00,7119.781388114419,402.96
05/17 10:00:00,7402.830927207713,538.1
05/17 11:00:00,7244.875097953377,638.42
05/17 12:00:00,7664.990403313863,612.86
05/17 13:00:00,7652.744849139444,642.12
05/17 14:00:00,7548.688227892556,680.93
05/17 15:00:00,7395.0713355458865,414.59
05/17 16:00:00,4971.792847791487,481.7
05/17 17:00:00,3801.920569868385,376.6
05/17 18:00:00,3836.87779295897,256.05
05/17 19:00:00,3745.547751059938,34.39
05/17 20:00:00,3736.3296860785235,0.0
05/17 21:00:00,3412.766091369261,0.0
05/17 22:00:00,3108.1777554087357,0.0
05/17 23:00:00,2724.6853106311387,0.0
05/18 00:00:00,2709.128281185119,0.0
05/18 01:00:00,2722.014499876706,0.0
05/18 02:00:00,2719.6571452227136,0.0
05/18 03:00:00,2732.6124262947255,0.0
05/18 04:00:00,2824.6821750034233,0.0
05/18 05:00:00,3329.586323770856,6.08
05/18 06:00:00,4056.5574903938555,30.47
05/18 07:00:00,7279.62667658547,47.78
05/18 08:00:00,7202.7008451086585,350.23
05/18 09:00:00,7029.832562669193,423.49
05/18 10:00:00,7616.497041843598,664.51
05/18 11:00:00,7338.302918811061,718.5
05/18 12:00:00,7726.201602936481,843.78
05/18 13:00:00,7588.249329086623,789.35
05/18 14:00:00,7554.332661262024,535.26
05/18 15:00:00,6892.8578413306395,599.41
05/18 16:00:00,4822.890685594281,486.72
05/18 17:00:00,3896.5955147565846,386.19
05/18 18:00:00,3935.143917336616,275.39
05/18 19:00:00,3789.5968752588674,128.9
05/18 20:00:00,3791.742697317801,6.0
05/18 21:00:00,3463.428446729453,0.0
05/18 22:00:00,3131.39282290706,0.0
05/18 23:00:00,2721.4964162315123,0.0
05/19 00:00:00,2717.456269877433,0.0
05/19 01:00:00,2703.7058417681237,0.0
05/19 02:00:00,2725.331928623557,0.0
05/19 03:00:00,2709.891543041048,0.0
05/19 04:00:00,2799.2795985605044,0.0
05/19 05:00:00,3272.536300882397,45.78
05/19 06:00:00,4018.677180238442,189.4
05/19 07:00:00,7423.043654186066,333.59
05/19 08:00:00,7367.535013099878,456.78
05/19 09:00:00,7097.691753735767,565.77
05/19 10:00:00,7054.669969242689,670.06
05/19 11:00:00,6707.110839806414,739.22
05/19 12:00:00,7095.9456891032205,837.79
05/19 13:00:00,7054.09156648976,752.75
05/19 14:00:00,6972.370238129621,709.35
05/19 15:00:00,6838.825475626545,603.83
05/19 16:00:00,4787.103095316318,404.12
05/19 17:00:00,3846.1416126446106,232.39
05/19 18:00:00,3951.859623168843,141.63
05/19 19:00:00,3792.9440313228597,77.62
05/19 20:00:00,3821.3285163975133,2.0
05/19 21:00:00,3498.2016177015466,0.0
05/19 22:00:00,3108.0730381101,0.0
05/19 23:00:00,2431.060388746458,0.0
05/20 00:00:00,2395.8202364155477,0.0
05/20 01:00:00,2411.8491213564844,0.0
05/20 02:00:00,2380.272708950668,0.0
05/20 03:00:00,2425.6103930760696,0.0
05/20 04:00:00,2453.6440700979865,1.0
05/20 05:00:00,3286.237385227406,68.62
05/20 06:00:00,3385.992217755012,231.78
05/20 07:00:00,4283.002702074737,348.69
05/20 08:00:00,4357.40164283186,464.2
05/20 09:00:00,4164.289602232036,573.86
05/20 10:00:00,4153.45044643165,679.21
05/20 11:00:00,3366.8659064414,790.69
05/20 12:00:00,3388.1483211371665,850.1
05/20 13:00:00,3350.0058770660166,820.36
05/20 14:00:00,3359.709867211829,678.47
05/20 15:00:00,3437.6860012424154,572.7
05/20 16:00:00,3126.563130343113,454.87
05/20 17:00:00,2865.7509268755857,349.45
05/20 18:00:00,2636.6431110554863,234.39
05/20 19:00:00,2683.775326994835,100.1
05/20 20:00:00,2644.1014144907263,7.0
05/20 21:00:00,2562.366224098258,0.0
05/20 22:00:00,2475.451115689808,0.0
05/20 23:00:00,2375.053292342066,0.0
05/21 00:00:00,2347.932183893328,0.0
05/21 01:00:00,2370.0030418791075,0.0
05/21 02:00:00,2347.5085474164885,0.0
05/21 03:00:00,2373.3913124647943,0.0
05/21 04:00:00,2407.544259419685,1.0
05/21 05:00:00,2717.4760083684864,71.71
05/21 06:00:00,2760.9458175103387,231.7
05/21 07:00:00,2880.6199135705842,347.51
05/21 08:00:00,2889.6574523941654,461.14
05/21 09:00:00,2961.151591502809,567.23
05/21 10:00:00,2994.419650078711,671.44
05/21 11:00:00,2967.6669276063453,777.54
05/21 12:00:00,2950.903552051049,846.25
05/21 13:00:00,2891.952907094806,819.72
05/21 14:00:00,2902.398441999856,715.04
05/21 15:00:00,2825.2799554735,607.63
05/21 16:00:00,2902.253672754497,500.4
05/21 17:00:00,2668.2730488039992,389.89
05/21 18:00:00,2655.5156219054784,281.09
05/21 19:00:00,2648.758864260505,136.86
05/21 20:00:00,2614.394563079292,7.0
05/21 21:00:00,2494.648026709326,0.0
05/21 22:00:00,2400.7084457520373,0.0
05/21 23:00:00,2676.2366965381175,0.0
05/22 00:00:00,2669.864003451479,0.0
05/22 01:00:00,2685.586650126211,0.0
05/22 02:00:00,2641.1924954018355,0.0
05/22 03:00:00,2661.928436758378,0.0
05/22 04:00:00,2761.8271138585956,1.0
05/22 05:00:00,3244.6530548056016,71.89
05/22 06:00:00,4079.5535804822252,207.6
05/22 07:00:00,7527.584766890781,296.15
05/22 08:00:00,7537.555415066287,356.09
05/22 09:00:00,7404.949541715856,561.13
05/22 10:00:00,7421.208658291598,662.48
05/22 11:00:00,7118.870112208176,763.73
05/22 12:00:00,7371.40746362732,829.94
05/22 13:00:00,7255.3705246163545,764.6
05/22 14:00:00,7364.01577551469,701.1
05/22 15:00:00,7225.696281116023,603.52
05/22 16:00:00,5015.0225098404035,495.14
05/22 17:00:00,4015.102420572273,360.49
05/22 18:00:00,3953.8378679485068,181.81
05/22 19:00:00,3797.660745987226,129.5
05/22 20:00:00,3768.021371680506,7.0
05/22 21:00:00,3407.8373727480853,0.0
05/22 22:00:00,3065.9992812448,0.0
05/22 23:00:00,2704.145355626705,0.0
05/23 00:00:00,2689.936754056225,0.0
05/23 01:00:00,2684.6067520665074,0.0
05/23 02:00:00,2690.488145598327,0.0
05/23 03:00:00,2745.154231170827,0.0
05/23 04:00:00,2807.1747181897413,0.0
05/23 05:00:00,3287.44180214696,19.48
05/23 06:00:00,3946.562674619606,129.07
05/23 07:00:00,7235.904529440444,45.8
05/23 08:00:00,7138.74149810372,92.64
05/23 09:00:00,6908.645152179242,224.1
05/23 10:00:00,7147.9289318117835,164.63
05/23 11:00:00,7319.728392348799,538.27
05/23 12:00:00,7691.279227177329,261.07
05/23 13:00:00,7557.151106506693,316.05
05/23 14:00:00,7512.761687538858,569.43
05/23 15:00:00,7432.7842700903575,511.84
05/23 16:00:00,5162.292543291758,461.55
05/23 17:00:00,4261.177215479157,322.34
05/23 18:00:00,4355.106936426921,274.38
05/23 19:00:00,4244.735762463401,138.99
05/23 20:00:00,4245.60666129827,9.0
05/23 21:00:00,3877.0019873288834,0.0
05/23 22:00:00,3591.5416153740885,0.0
05/23 23:00:00,3164.425041698583,0.0
05/24 00:00:00,3137.4374121686637,0.0
05/24 01:00:00,3159.1281417586897,0.0
05/24 02:00:00,3152.9075758710915,0.0
05/24 03:00:00,3161.4627803278017,0.0
05/24 04:00:00,3249.524049784408,2.0
05/24 05:00:00,3811.4575946514806,79.08
05/24 06:00:00,4556.155723055919,149.01
05/24 07:00:00,8481.081216212953,353.96
05/24 08:00:00,8102.982526373376,428.07
05/24 09:00:00,7633.5241696143285,575.48
05/24 10:00:00,7636.615457021091,678.81
05/24 11:00:00,7185.390722542731,617.1
05/24 12:00:00,7577.961808881127,621.51
05/24 13:00:00,7564.555653388093,594.09
05/24 14:00:00,7576.546558314672,377.03
05/24 15:00:00,7418.21803608953,369.95
05/24 16:00:00,5191.147738773344,279.44
05/24 17:00:00,4247.264615092267,341.02
05/24 18:00:00,4374.615061073096,140.99
05/24 19:00:00,4296.310324570136,90.26
05/24 20:00:00,4301.493067150319,9.0
05/24 21:00:00,3933.245482618255,0.0
05/24 22:00:00,3612.0203991908506,0.0
05/24 23:00:00,3184.9440006276654,0.0
05/25 00:00:00,3168.5159523195452,0.0
05/25 01:00:00,3206.425032141334,0.0
05/25 02:00:00,3199.622230476478,0.0
05/25 03:00:00,3213.9080276291484,0.0
05/25 04:00:00,3298.974382288639,2.0
05/25 05:00:00,3883.742431720924,24.81
05/25 06:00:00,4645.095208760237,150.06
05/25 07:00:00,8493.76059458426,122.67
05/25 08:00:00,8067.7401832011465,159.6
05/25 09:00:00,7704.6631302617425,374.95
05/25 10:00:00,7663.384507317217,292.9
05/25 11:00:00,7244.867918253735,269.42
05/25 12:00:00,7625.028565179867,221.79
05/25 13:00:00,7562.761070574648,143.55
05/25 14:00:00,7528.692551031802,131.4
05/25 15:00:00,7149.13041158463,169.97
05/25 16:00:00,4817.5849403916145,156.93
05/25 17:00:00,3833.7054196810277,119.08
05/25 18:00:00,3946.491011042501,24.3
05/25 19:00:00,3781.158197144662,8.15
05/25 20:00:00,3705.4178370003824,2.28
05/25 21:00:00,3393.092759716495,0.0
05/25 22:00:00,3134.831129270584,0.0
05/25 23:00:00,2716.8379407186844,0.0
05/26 00:00:00,2707.412958848408,0.0
05/26 01:00:00,2708.5411414724413,0.0
05/26 02:00:00,2719.999483106405,0.0
05/26 03:00:00,2729.7718668431207,0.0
05/26 04:00:00,2817.2684871664746,2.0
05/26 05:00:00,3290.666707356817,88.16
05/26 06:00:00,4060.212324796102,244.3
05/26 07:00:00,7604.021447009081,360.46
05/26 08:00:00,7492.187529523547,472.83
05/26 09:00:00,7442.606700097656,584.39
05/26 10:00:00,7495.39241426653,678.39
05/26 11:00:00,7022.679074832794,773.09
05/26 12:00:00,7333.9606310069175,472.54
05/26 13:00:00,7311.974440760886,737.39
05/26 14:00:00,7319.308487594214,354.63
05/26 15:00:00,7119.876233550504,417.9
05/26 16:00:00,4975.267512051996,335.01
05/26 17:00:00,4029.1144914533247,223.91
05/26 18:00:00,4013.4729075015402,91.27
05/26 19:00:00,3859.7430858067237,15.15
05/26 20:00:00,3789.127298092858,1.11
05/26 21:00:00,3463.5753855019984,0.0
05/26 22:00:00,3106.88309508369,0.0
05/26 23:00:00,2398.664324343905,0.0
05/27 00:00:00,2405.240868187226,0.0
05/27 01:00:00,2395.2326832730564,0.0
05/27 02:00:00,2389.0359995025933,0.0
05/27 03:00:00,2408.0025883300077,0.0
05/27 04:00:00,2476.7031887293506,1.0
05/27 05:00:00,3320.049608020093,36.2
05/27 06:00:00,3398.59224732253,43.77
05/27 07:00:00,4359.075185015543,111.09
05/27 08:00:00,4492.389016002231,127.87
05/27 09:00:00,4380.923291085371,197.14
05/27 10:00:00,4421.611488418176,271.32
05/27 11:00:00,3507.238312076389,316.73
05/27 12:00:00,3444.1948141566095,489.71
05/27 13:00:00,3438.724189334187,427.4
05/27 14:00:00,3461.1628265063673,344.7
05/27 15:00:00,3565.3507599004847,263.86
05/27 16:00:00,3238.738314338844,169.16
05/27 17:00:00,2990.4527273865892,391.37
05/27 18:00:00,2694.952317393642,273.76
05/27 19:00:00,2687.132955153994,52.09
05/27 20:00:00,2677.2472714873356,11.67
05/27 21:00:00,2550.0057788094487,0.0
05/27 22:00:00,2463.390248040599,0.0
05/27 23:00:00,2338.645908165167,0.0
05/28 00:00:00,2364.262033263767,0.0
05/28 01:00:00,2354.749009189271,0.0
05/28 02:00:00,2351.5284014526483,0.0
05/28 03:00:00,2395.2407334485606,0.0
05/28 04:00:00,2410.749351505692,3.0
05/28 05:00:00,2739.4587696498716,90.09
05/28 06:00:00,2825.7049149380396,242.16
05/28 07:00:00,2931.121083295086,354.59
05/28 08:00:00,2933.1841489525546,464.99
05/28 09:00:00,2980.4157139760214,570.7
05/28 10:00:00,2970.9518269387177,671.63
05/28 11:00:00,2972.1945301306287,773.71
05/28 12:00:00,2959.455218286436,839.33
05/28 13:00:00,2934.6314045899517,809.65
05/28 14:00:00,2919.4448542291343,715.36
05/28 15:00:00,2902.8874754009166,608.83
05/28 16:00:00,2953.82128688045,503.04
05/28 17:00:00,2700.227974527312,395.67
05/28 18:00:00,2670.5070081293534,285.65
05/28 19:00:00,2648.895407562744,149.81
05/28 20:00:00,2630.553695447518,11.9
05/28 21:00:00,2524.644298259307,0.0
05/28 22:00:00,2429.690787868397,0.0
05/28 23:00:00,2338.333911772294,0.0
05/29 00:00:00,2309.348732558122,0.0
05/29 01:00:00,2343.9870341559367,0.0
05/29 02:00:00,2329.8580796056663,0.0
05/29 03:00:00,2360.9628033265576,0.0
05/29 04:00:00,2403.3064974918652,3.0
05/29 05:00:00,2708.800900553424,91.93
05/29 06:00:00,2846.066485704034,195.67
05/29 07:00:00,2946.452121726737,324.58
05/29 08:00:00,2985.121623114893,357.83
05/29 09:00:00,2968.1307514897026,439.52
05/29 10:00:00,2979.350691169041,477.73
05/29 11:00:00,2965.123391332806,613.89
05/29 12:00:00,2926.9099641804796,798.2
05/29 13:00:00,2909.164881796574,663.78
05/29 14:00:00,2919.58906495112,637.49
05/29 15:00:00,2937.6485152978303,606.28
05/29 16:00:00,2974.0874106782826,500.8
05/29 17:00:00,2705.828386323589,391.72
05/29 18:00:00,2674.0148950058197,284.51
05/29 19:00:00,2650.329624513423,149.3
05/29 20:00:00,2629.4097051261306,9.15
05/29 21:00:00,2520.051720990612,0.0
05/29 22:00:00,2424.166498204464,0.0
05/29 23:00:00,2722.8116186645093,0.0
05/30 00:00:00,2682.166158872395,0.0
05/30 01:00:00,2698.7765317774174,0.0
05/30 02:00:00,2667.475322205855,0.0
05/30 03:00:00,2711.6396763179987,0.0
05/30 04:00:00,2742.2669802337523,2.0
05/30 05:00:00,3232.368396418262,64.49
05/30 06:00:00,3919.992524957694,218.59
05/30 07:00:00,7274.19756663973,345.98
05/30 08:00:00,7262.533526398337,374.03
05/30 09:00:00,7502.141541704841,471.71
05/30 10:00:00,7540.87778094197,491.98
05/30 11:00:00,7239.266403604662,369.2
05/30 12:00:00,7628.970457170031,202.11
05/30 13:00:00,7629.911572915659,169.3
05/30 14:00:00,7653.029158829848,163.03
05/30 15:00:00,7472.188371423203,167.04
05/30 16:00:00,5209.35100672195,156.42
05/30 17:00:00,4224.086040134223,291.12
05/30 18:00:00,4356.40113934787,261.08
05/30 19:00:00,4195.318515625266,151.79
05/30 20:00:00,4251.037558262125,15.44
05/30 21:00:00,3863.7754996750677,0.0
05/30 22:00:00,3612.1420568657086,0.0
05/30 23:00:00,3177.104793423161,0.0
05/31 00:00:00,3191.3978595105996,0.0
05/31 01:00:00,3204.7791609385,0.0
05/31 02:00:00,3216.648397265849,0.0
05/31 03:00:00,3221.9915235438643,0.0
05/31 04:00:00,3308.154143501219,2.0
05/31 05:00:00,3850.049503445002,42.03
05/31 06:00:00,4608.992341690935,239.87
05/31 07:00:00,8525.403172617263,183.08
05/31 08:00:00,8245.102546658374,125.35
05/31 09:00:00,7744.786522061941,389.72
05/31 10:00:00,7752.822957208516,453.87
05/31 11:00:00,7352.809585174984,675.22
05/31 12:00:00,7671.5826276348125,822.75
05/31 13:00:00,7579.872005757999,763.94
05/31 14:00:00,7688.525644939625,218.08
05/31 15:00:00,7537.5083992363225,475.32
05/31 16:00:00,5278.501818550073,315.59
05/31 17:00:00,4321.707485445931,229.64
05/31 18:00:00,4462.142103578619,220.32
05/31 19:00:00,4296.007455160527,120.7
05/31 20:00:00,4266.636341997523,15.73
05/31 21:00:00,3963.802380788575,0.0
05/31 22:00:00,3682.2603692595158,0.0
05/31 23:00:00,4079.934969874167,0.0
06/01 00:00:00,4073.6783026382195,0.0
06/01 01:00:00,4077.298248501419,0.0
06/01 02:00:00,4086.1597997059002,0.0
06/01 03:00:00,4097.597045212414,0.0
06/01 04:00:00,4168.385698479881,3.0
06/01 05:00:00,4705.108014888476,79.18
06/01 06:00:00,5510.885073185804,213.32
06/01 07:00:00,9430.57194690997,354.2
06/01 08:00:00,8891.996924581632,470.49
06/01 09:00:00,8367.622269278909,568.18
06/01 10:00:00,8349.037270870986,659.45
06/01 11:00:00,7936.403168167992,493.05
06/01 12:00:00,8305.568325905366,749.14
06/01 13:00:00,8201.935081303442,649.16
06/01 14:00:00,8226.581693977263,654.43
06/01 15:00:00,8209.030111256869,604.24
06/01 16:00:00,5480.1911528429555,503.25
06/01 17:00:00,4505.16180348369,402.54
06/01 18:00:00,4569.057860478411,289.95
06/01 19:00:00,4418.428253443935,141.59
06/01 20:00:00,4486.281586292375,12.04
06/01 21:00:00,4120.208260624026,0.0
06/01 22:00:00,3799.11908285396,0.0
06/01 23:00:00,3351.385131639355,0.0
06/02 00:00:00,3351.2697128410873,0.0
06/02 01:00:00,3384.103479994587,0.0
06/02 02:00:00,3382.3110507681276,0.0
06/02 03:00:00,3408.2632372046455,0.0
06/02 04:00:00,3471.053223299463,3.0
06/02 05:00:00,3956.6278046080897,69.19
06/02 06:00:00,4558.226691412668,241.03
06/02 07:00:00,7973.818722733139,332.18
06/02 08:00:00,7895.265513882388,314.35
06/02 09:00:00,8239.223453613598,396.77
06/02 10:00:00,7994.5686101611545,207.06
06/02 11:00:00,7347.028852104215,115.7
06/02 12:00:00,7708.831235285179,264.26
06/02 13:00:00,7663.234397228512,187.18
06/02 14:00:00,8198.148199149757,188.68
06/02 15:00:00,8237.375898091199,345.9
06/02 16:00:00,6017.381657177267,209.16
06/02 17:00:00,5140.69804251517,141.58
06/02 18:00:00,5263.40506545558,60.28
06/02 19:00:00,5224.875456689005,48.02
06/02 20:00:00,5204.315859657168,12.34
06/02 21:00:00,4875.820601349248,0.0
06/02 22:00:00,4453.1620458287825,0.0
06/02 23:00:00,3690.4228894971793,0.0
06/03 00:00:00,3687.546990942557,0.0
06/03 01:00:00,3678.3343493146176,0.0
06/03 02:00:00,3714.677985238783,0.0
06/03 03:00:00,3712.774921459265,0.0
06/03 04:00:00,3741.1572537114175,3.0
06/03 05:00:00,4744.098426755974,71.61
06/03 06:00:00,4804.669102301704,250.91
06/03 07:00:00,5787.743197543738,367.74
06/03 08:00:00,5680.340803647649,404.48
06/03 09:00:00,5407.76430941842,505.15
06/03 10:00:00,5382.632966759863,631.49
06/03 11:00:00,4379.312834996463,640.8
06/03 12:00:00,4406.8076175606775,696.47
06/03 13:00:00,4412.895106446082,646.94
06/03 14:00:00,4454.109484886479,714.11
06/03 15:00:00,4583.279330103967,604.39
06/03 16:00:00,4235.721057743623,452.19
06/03 17:00:00,4062.3247590961696,407.32
06/03 18:00:00,3844.2493432842975,247.41
06/03 19:00:00,3923.3765359349245,140.34
06/03 20:00:00,3940.847655200024,15.7
06/03 21:00:00,3881.052792815609,0.0
06/03 22:00:00,3804.17415741192,0.0
06/03 23:00:00,3735.713837114242,0.0
06/04 00:00:00,3713.0509045101808,0.0
06/04 01:00:00,3683.49394122457,0.0
06/04 02:00:00,3699.883290588445,0.0
06/04 03:00:00,3705.077793297649,0.0
06/04 04:00:00,3732.823808216663,4.0
06/04 05:00:00,4111.937235726518,87.57
06/04 06:00:00,4229.987575996797,215.34
06/04 07:00:00,4344.417896286833,261.55
06/04 08:00:00,4334.608401029926,276.81
06/04 09:00:00,4343.051334551388,544.05
06/04 10:00:00,4342.532039960304,597.58
06/04 11:00:00,4386.504577068853,790.1
06/04 12:00:00,4339.912940589416,866.22
06/04 13:00:00,4347.522452617141,763.85
06/04 14:00:00,4311.237113407405,582.42
06/04 15:00:00,4239.245056510519,490.86
06/04 16:00:00,4311.728747186028,324.83
06/04 17:00:00,3973.6043842393533,388.87
06/04 18:00:00,3964.5009722936484,218.78
06/04 19:00:00,3962.4571491743477,63.49
06/04 20:00:00,3972.48760482329,17.06
06/04 21:00:00,3838.4679301591923,0.0
06/04 22:00:00,3736.4448762286206,0.0
06/04 23:00:00,4095.699385240535,0.0
06/05 00:00:00,4091.379775275331,0.0
06/05 01:00:00,4090.1328517131774,0.0
06/05 02:00:00,4113.89270093482,0.0
06/05 03:00:00,4122.920620086631,0.0
06/05 04:00:00,4219.367501028542,3.0
06/05 05:00:00,4792.4780853152515,97.15
06/05 06:00:00,5709.035104074699,238.52
06/05 07:00:00,10074.63036732804,339.52
06/05 08:00:00,9896.454196285978,457.0
06/05 09:00:00,9774.282857634593,573.74
06/05 10:00:00,9691.836060996005,664.98
06/05 11:00:00,9284.374598528153,767.54
06/05 12:00:00,9705.881992571167,664.41
06/05 13:00:00,9641.2812352842,805.28
06/05 14:00:00,9672.103543974265,649.85
06/05 15:00:00,9545.384942046841,528.54
06/05 16:00:00,6804.586532528402,443.9
06/05 17:00:00,5640.5635874871705,386.59
06/05 18:00:00,5604.322691747876,289.48
06/05 19:00:00,5304.085122040512,158.86
06/05 20:00:00,5300.337944247107,17.42
06/05 21:00:00,4948.1829880261175,0.0
06/05 22:00:00,4553.641002999668,0.0
06/05 23:00:00,4069.056396574803,0.0
06/06 00:00:00,4084.269125128584,0.0
06/06 01:00:00,4076.277518377323,0.0
06/06 02:00:00,4122.294402980632,0.0
06/06 03:00:00,4108.430032165108,0.0
06/06 04:00:00,4214.884612978485,4.0
06/06 05:00:00,4771.215221184614,96.7
06/06 06:00:00,5725.003990376452,249.26
06/06 07:00:00,9944.924127732258,363.52
06/06 08:00:00,9805.47269614212,458.46
06/06 09:00:00,9624.281228028383,566.62
06/06 10:00:00,9441.04584163978,652.73
06/06 11:00:00,9110.958990748937,644.93
06/06 12:00:00,9557.692065789204,448.47
06/06 13:00:00,9556.89461900052,252.41
06/06 14:00:00,9542.47361354778,696.21
06/06 15:00:00,9409.059255076063,324.03
06/06 16:00:00,6752.039907263836,138.68
06/06 17:00:00,5633.107707702848,257.21
06/06 18:00:00,5604.732493626998,269.25
06/06 19:00:00,5354.9281233000975,50.12
06/06 20:00:00,5354.413280756884,9.64
06/06 21:00:00,4981.235044418317,0.0
06/06 22:00:00,4567.565382357107,0.0
06/06 23:00:00,4125.859618465752,0.0
06/07 00:00:00,4086.6572442331153,0.0
06/07 01:00:00,4091.856190789101,0.0
06/07 02:00:00,4080.12953606478,0.0
06/07 03:00:00,4107.921535595897,0.0
06/07 04:00:00,4197.474454550058,2.0
06/07 05:00:00,4770.352143444756,64.03
06/07 06:00:00,5485.024908158259,184.45
06/07 07:00:00,9344.28758781081,289.86
06/07 08:00:00,8678.43941883347,427.98
06/07 09:00:00,8415.929252120812,450.74
06/07 10:00:00,8392.686379593268,597.99
06/07 11:00:00,7979.013246105305,633.42
06/07 12:00:00,8389.081747859935,261.44
06/07 13:00:00,8276.560866873073,178.34
06/07 14:00:00,8326.429895994672,318.51
06/07 15:00:00,8163.146335233649,261.81
06/07 16:00:00,5907.857839458193,292.54
06/07 17:00:00,4999.185040713623,223.75
06/07 18:00:00,5162.457390378607,191.13
06/07 19:00:00,5081.1496534332055,117.02
06/07 20:00:00,5093.617302079354,10.53
06/07 21:00:00,4720.996501764383,0.0
06/07 22:00:00,4355.79755049222,0.0
06/07 23:00:00,4058.519737589177,0.0
06/08 00:00:00,4072.5069781387156,0.0
06/08 01:00:00,4038.998201196142,0.0
06/08 02:00:00,4038.6066097117964,0.0
06/08 03:00:00,4066.8409834879108,0.0
06/08 04:00:00,4170.241968432866,2.0
06/08 05:00:00,4739.405673939072,42.44
06/08 06:00:00,5431.1935059144635,64.9
06/08 07:00:00,9153.696320095898,102.38
06/08 08:00:00,8721.761877608076,80.13
06/08 09:00:00,8282.516734755869,257.94
06/08 10:00:00,8204.698318470622,289.71
06/08 11:00:00,7866.8585774701405,397.8
06/08 12:00:00,8228.755616733482,584.81
06/08 13:00:00,8235.636726388728,612.68
06/08 14:00:00,8257.377200807883,614.98
06/08 15:00:00,8097.509705956358,563.87
06/08 16:00:00,5869.60548594548,507.67
06/08 17:00:00,5032.839572820044,408.28
06/08 18:00:00,5163.023166423606,224.07
06/08 19:00:00,5071.899252171271,69.76
06/08 20:00:00,5064.513549425297,3.04
06/08 21:00:00,4711.5749152614935,0.0
06/08 22:00:00,4458.7393728716,0.0
06/08 23:00:00,4012.8938027578124,0.0
06/09 00:00:00,4001.079297307333,0.0
06/09 01:00:00,3991.610276852956,0.0
06/09 02:00:00,4013.594119050617,0.0
06/09 03:00:00,4044.2734265723775,0.0
06/09 04:00:00,4175.978272819454,3.0
06/09 05:00:00,4672.605467612536,85.04
06/09 06:00:00,5415.68153364122,59.63
06/09 07:00:00,9196.372576468306,177.49
06/09 08:00:00,8657.67511284013,218.41
06/09 09:00:00,8397.754446190733,273.1
06/09 10:00:00,8372.374034839138,442.94
06/09 11:00:00,7900.637397692307,591.92
06/09 12:00:00,8366.486186478603,482.69
06/09 13:00:00,8266.547398704535,598.03
06/09 14:00:00,8328.83988294946,494.5
06/09 15:00:00,8165.286155987643,543.64
06/09 16:00:00,5605.4557397344815,368.85
06/09 17:00:00,4561.684834620245,199.29
06/09 18:00:00,4665.51409201523,61.33
06/09 19:00:00,4581.0580497041265,53.36
06/09 20:00:00,4451.860111660779,20.53
06/09 21:00:00,4178.386564425406,0.0
06/09 22:00:00,3851.4742703032603,0.0
06/09 23:00:00,3180.9530375134145,0.0
06/10 00:00:00,3131.2037303431507,0.0
06/10 01:00:00,3121.8304984060414,0.0
06/10 02:00:00,3156.0493143697972,0.0
06/10 03:00:00,3157.943707675028,0.0
06/10 04:00:00,3201.4615751870156,3.0
06/10 05:00:00,3988.55158629556,62.87
06/10 06:00:00,4186.976240039454,194.8
06/10 07:00:00,5091.137163587402,371.93
06/10 08:00:00,5069.313308837531,477.95
06/10 09:00:00,4903.393763656419,575.48
06/10 10:00:00,4919.134058291382,680.88
06/10 11:00:00,4082.1096077932416,782.47
06/10 12:00:00,4046.142362893609,683.84
06/10 13:00:00,4035.48172937616,493.58
06/10 14:00:00,4079.4504698197347,609.79
06/10 15:00:00,4155.524615927849,457.77
06/10 16:00:00,3843.5158401426015,488.47
06/10 17:00:00,3590.121067467786,352.46
06/10 18:00:00,3358.287353113382,178.39
06/10 19:00:00,3422.569192621328,53.38
06/10 20:00:00,3386.3601063824294,11.69
06/10 21:00:00,3322.9136083247527,0.0
06/10 22:00:00,3167.612618512243,0.0
06/10 23:00:00,3110.912099627834,0.0
06/11 00:00:00,3068.612075226789,0.0
06/11 01:00:00,3095.975730718139,0.0
06/11 02:00:00,3060.4000108942637,0.0
06/11 03:00:00,3085.588267637448,0.0
06/11 04:00:00,3152.647832202795,4.0
06/11 05:00:00,3443.3530624844248,86.48
06/11 06:00:00,3599.2665508652276,198.29
06/11 07:00:00,3630.3535343012727,309.05
06/11 08:00:00,3716.176438603784,423.43
06/11 09:00:00,3698.6169517065905,535.29
06/11 10:00:00,3757.8892061355423,661.97
06/11 11:00:00,3763.589248246971,807.5
06/11 12:00:00,3763.56451927152,876.79
06/11 13:00:00,3792.4987317497717,832.42
06/11 14:00:00,3783.4804349118986,716.62
06/11 15:00:00,3764.8561572670146,626.13
06/11 16:00:00,3757.776120800961,446.36
06/11 17:00:00,3520.3072618290566,235.43
06/11 18:00:00,3474.9555919608683,224.11
06/11 19:00:00,3487.3614091048103,145.41
06/11 20:00:00,3430.379148377814,20.47
06/11 21:00:00,3331.8025288508034,0.0
06/11 22:00:00,3147.1183860412193,0.0
06/11 23:00:00,3450.183069371618,0.0
06/12 00:00:00,3413.4213152056636,0.0
06/12 01:00:00,3440.704298722063,0.0
06/12 02:00:00,3410.697086331112,0.0
06/12 03:00:00,3434.526337932746,0.0
06/12 04:00:00,3548.187434286217,3.0
06/12 05:00:00,4008.7864042111537,64.2
06/12 06:00:00,4846.528300202202,129.11
06/12 07:00:00,8300.428054525495,210.1
06/12 08:00:00,8261.224233203731,288.77
06/12 09:00:00,8287.9565361245,268.75
06/12 10:00:00,8326.252945404767,641.04
06/12 11:00:00,7901.296764616194,270.69
06/12 12:00:00,8179.338319732358,264.48
06/12 13:00:00,8201.86458405016,121.74
06/12 14:00:00,8151.790738100111,238.86
06/12 15:00:00,8109.509732429621,230.04
06/12 16:00:00,5762.960693891426,407.14
06/12 17:00:00,4805.7207516119925,347.58
06/12 18:00:00,4744.2422856631065,224.07
06/12 19:00:00,4599.352338114315,172.32
06/12 20:00:00,4493.507325238919,18.11
06/12 21:00:00,4204.674419851274,0.0
06/12 22:00:00,3863.3985533723185,0.0
06/12 23:00:00,3478.3708412326196,0.0
06/13 00:00:00,3475.903681264771,0.0
06/13 01:00:00,3450.7345246225723,0.0
06/13 02:00:00,3471.187667267491,0.0
06/13 03:00:00,3401.333441032713,0.0
06/13 04:00:00,3496.6825149930896,3.0
06/13 05:00:00,3967.311561150333,54.36
06/13 06:00:00,4652.87121399929,239.24
06/13 07:00:00,8002.021667584687,373.26
06/13 08:00:00,7976.072999214378,438.51
06/13 09:00:00,7661.179842800829,505.97
06/13 10:00:00,7721.697758814454,658.34
06/13 11:00:00,7430.034159886302,600.62
06/13 12:00:00,7774.233430752555,681.14
06/13 13:00:00,7669.8052189912405,587.26
06/13 14:00:00,7775.2774519112645,347.89
06/13 15:00:00,7690.570803471491,279.64
06/13 16:00:00,5585.5123878814475,334.38
06/13 17:00:00,4664.002172611232,202.48
06/13 18:00:00,4700.159085555706,107.74
06/13 19:00:00,4609.221259692892,24.37
06/13 20:00:00,4483.959712831334,10.31
06/13 21:00:00,4184.980273739145,0.0
06/13 22:00:00,3758.336654197108,0.0
06/13 23:00:00,3367.5428061411176,0.0
06/14 00:00:00,3404.578151235033,0.0
06/14 01:00:00,3423.839163701113,0.0
06/14 02:00:00,3434.958408665493,0.0
06/14 03:00:00,3453.2862016784884,0.0
06/14 04:00:00,3501.758097247048,3.0
06/14 05:00:00,4010.7185972198704,41.25
06/14 06:00:00,4694.436791000692,58.37
06/14 07:00:00,8062.820816562973,113.24
06/14 08:00:00,7976.008128643132,194.34
06/14 09:00:00,7753.089796707618,155.15
06/14 10:00:00,7848.1061283461195,119.37
06/14 11:00:00,7488.190481190881,150.42
06/14 12:00:00,7782.837660594679,172.42
06/14 13:00:00,7716.893762130853,272.09
06/14 14:00:00,7754.131741095646,329.16
06/14 15:00:00,7633.384479249777,203.12
06/14 16:00:00,5535.094783486176,118.49
06/14 17:00:00,4603.5894702048245,52.49
06/14 18:00:00,4709.949293289001,65.69
06/14 19:00:00,4609.853405745866,13.19
06/14 20:00:00,4559.619051540251,3.05
06/14 21:00:00,4182.345605255939,0.0
06/14 22:00:00,3849.6703685158714,0.0
06/14 23:00:00,3464.023335115538,0.0
06/15 00:00:00,3401.171680097415,0.0
06/15 01:00:00,3412.6975038871474,0.0
06/15 02:00:00,3391.7017346237076,0.0
06/15 03:00:00,3432.07811775077,0.0
06/15 04:00:00,3479.593858546781,1.0
06/15 05:00:00,4040.3806593053123,14.25
06/15 06:00:00,4745.935025800262,14.0
06/15 07:00:00,8293.751357833882,41.42
06/15 08:00:00,8103.242888679613,126.4
06/15 09:00:00,7922.452877060461,579.86
06/15 10:00:00,7956.994740276092,550.5
06/15 11:00:00,7588.953598676801,422.94
06/15 12:00:00,7880.088956596083,577.98
06/15 13:00:00,7822.6447760125475,433.88
06/15 14:00:00,7949.626790178512,539.79
06/15 15:00:00,7752.472505577919,448.98
06/15 16:00:00,5657.901293059671,245.98
06/15 17:00:00,4694.867411322437,196.6
06/15 18:00:00,4721.271704523327,303.83
06/15 19:00:00,4566.766339876062,161.69
06/15 20:00:00,4589.882735493352,25.56
06/15 21:00:00,4227.228617898906,0.0
06/15 22:00:00,3932.484456866403,0.0
06/15 23:00:00,3475.755166406226,0.0
06/16 00:00:00,3463.153197592237,0.0
06/16 01:00:00,3413.6026022598803,0.0
06/16 02:00:00,3461.2064874152093,0.0
06/16 03:00:00,3450.8874111500036,0.0
06/16 04:00:00,3539.223526868887,3.0
06/16 05:00:00,4026.089990529196,28.88
06/16 06:00:00,4707.674744853008,42.82
06/16 07:00:00,8142.689146643175,273.57
06/16 08:00:00,8022.162859588368,375.15
06/16 09:00:00,7732.699548368859,283.91
06/16 10:00:00,7816.416461553653,243.86
06/16 11:00:00,7416.030031585177,364.11
06/16 12:00:00,7790.625540108864,398.24
06/16 13:00:00,7768.636090898194,458.77
06/16 14:00:00,7849.2523483015975,207.59
06/16 15:00:00,7728.882490538824,191.65
06/16 16:00:00,5661.522479999777,128.13
06/16 17:00:00,4705.035916530821,92.96
06/16 18:00:00,4683.691004218906,260.23
06/16 19:00:00,4448.754508572403,123.93
06/16 20:00:00,4480.252269337496,16.05
06/16 21:00:00,4096.2445937353905,0.0
06/16 22:00:00,3890.720670753694,0.0
06/16 23:00:00,3127.2498926815274,0.0
06/17 00:00:00,3184.759799145112,0.0
06/17 01:00:00,3151.307686988854,0.0
06/17 02:00:00,3171.7521426412736,0.0
06/17 03:00:00,3168.831161373306,0.0
06/17 04:00:00,3217.3395986918804,3.0
06/17 05:00:00,4089.9322128135336,54.38
06/17 06:00:00,4175.185174054215,69.19
06/17 07:00:00,5090.182043306291,115.24
06/17 08:00:00,5100.764012109092,225.7
06/17 09:00:00,4984.958822206156,388.55
06/17 10:00:00,5008.650328214265,342.79
06/17 11:00:00,4116.890564600419,643.49
06/17 12:00:00,4134.332773543253,709.29
06/17 13:00:00,4147.2399023648895,756.29
06/17 14:00:00,4187.802667055993,707.79
06/17 15:00:00,4269.504806274812,616.52
06/17 16:00:00,3977.1898409788855,513.58
06/17 17:00:00,3765.698009360443,416.22
06/17 18:00:00,3468.567694637546,311.27
06/17 19:00:00,3483.466793669725,180.05
06/17 20:00:00,3497.325248665138,26.59
06/17 21:00:00,3389.1770354960418,0.0
06/17 22:00:00,3303.3148410753124,0.0
06/17 23:00:00,3208.375704573181,0.0
06/18 00:00:00,3195.071326199978,0.0
06/18 01:00:00,3173.524481810024,0.0
06/18 02:00:00,3135.6580049192657,0.0
06/18 03:00:00,3158.648909549713,0.0
06/18 04:00:00,3187.57281053695,5.0
06/18 05:00:00,3525.0267113148593,102.25
06/18 06:00:00,3566.39453799676,238.9
06/18 07:00:00,3735.677454434306,332.35
06/18 08:00:00,3695.556671106035,407.96
06/18 09:00:00,3706.3971325844136,467.91
06/18 10:00:00,3745.12187318578,632.24
06/18 11:00:00,3792.1503017011814,753.49
06/18 12:00:00,3770.9240668967977,743.09
06/18 13:00:00,3779.2378051005066,757.96
06/18 14:00:00,3853.749190863451,698.88
06/18 15:00:00,3769.2716286396712,611.44
06/18 16:00:00,3858.5905740738112,457.27
06/18 17:00:00,3599.8071089183836,415.2
06/18 18:00:00,3522.337314286929,311.09
06/18 19:00:00,3490.126949991245,179.59
06/18 20:00:00,3480.7329914731085,27.08
06/18 21:00:00,3336.649309207754,0.0
06/18 22:00:00,3204.127284684314,0.0
06/18 23:00:00,3552.56323308514,0.0
06/19 00:00:00,3460.7776965633375,0.0
06/19 01:00:00,3531.5203740684137,0.0
06/19 02:00:00,3447.2332664069736,1.0
06/19 03:00:00,3507.0958470363016,0.0
06/19 04:00:00,3516.183460613155,3.0
06/19 05:00:00,4032.3880668067623,61.36
06/19 06:00:00,4805.903432265508,139.29
06/19 07:00:00,8371.406814112737,348.99
06/19 08:00:00,8173.86239963239,462.7
06/19 09:00:00,8239.969159662995,558.49
06/19 10:00:00,8102.03277183451,638.24
06/19 11:00:00,7797.333497230287,617.52
06/19 12:00:00,8014.679267002987,636.59
06/19 13:00:00,8068.170084006076,639.92
06/19 14:00:00,8013.7518637406865,541.2
06/19 15:00:00,7950.273540908593,520.57
06/19 16:00:00,5733.476629247594,463.25
06/19 17:00:00,4818.912045398749,399.11
06/19 18:00:00,4768.687560438032,293.53
06/19 19:00:00,4543.969537115111,164.28
06/19 20:00:00,4566.173016073672,23.66
06/19 21:00:00,4191.347565822105,0.0
06/19 22:00:00,3835.88688381109,0.0
06/19 23:00:00,3463.5904642257356,0.0
06/20 00:00:00,3430.6385305841727,0.0
06/20 01:00:00,3431.597801598665,0.0
06/20 02:00:00,3380.755983816377,0.0
06/20 03:00:00,3441.192254748816,0.0
06/20 04:00:00,3471.6725140179296,4.0
06/20 05:00:00,3970.9293682751486,85.72
06/20 06:00:00,4606.119443525614,228.73
06/20 07:00:00,7887.921041526403,351.03
06/20 08:00:00,7870.002845588134,452.98
06/20 09:00:00,7758.084125315507,546.93
06/20 10:00:00,7839.882685342716,612.53
06/20 11:00:00,7388.924784980869,710.22
06/20 12:00:00,7704.171904854928,808.01
06/20 13:00:00,7622.340763295795,780.21
06/20 14:00:00,7707.473151843597,700.74
06/20 15:00:00,7608.810681122662,603.6
06/20 16:00:00,5522.908309071482,508.8
06/20 17:00:00,4676.584176539023,414.47
06/20 18:00:00,4747.793514136753,310.24
06/20 19:00:00,4527.730129531418,179.74
06/20 20:00:00,4517.135615550611,29.26
06/20 21:00:00,4195.131468131129,0.0
06/20 22:00:00,3888.343218342422,0.0
06/20 23:00:00,3446.520825897048,0.0
06/21 00:00:00,3472.310790711866,0.0
06/21 01:00:00,3406.3490155228396,0.0
06/21 02:00:00,3425.492932887182,0.0
06/21 03:00:00,3430.3439286952103,0.0
06/21 04:00:00,3512.3037062604985,4.0
06/21 05:00:00,4021.9963333533105,97.69
06/21 06:00:00,4688.544133582672,241.03
06/21 07:00:00,8039.922409725945,315.39
06/21 08:00:00,7909.494378598397,368.48
06/21 09:00:00,7670.8482297552,556.43
06/21 10:00:00,7829.366376884424,651.31
06/21 11:00:00,7487.708928806665,746.51
06/21 12:00:00,7803.441958356042,756.74
06/21 13:00:00,7795.656884530731,758.42
06/21 14:00:00,7860.048831543107,699.4
06/21 15:00:00,7726.047053402802,577.07
06/21 16:00:00,5578.102985256207,477.47
06/21 17:00:00,4625.949067898292,350.41
06/21 18:00:00,4693.482790792951,311.92
06/21 19:00:00,4552.195903183735,179.97
06/21 20:00:00,4604.637992827424,24.39
06/21 21:00:00,4314.236123440958,0.0
06/21 22:00:00,3999.3992780798976,0.0
06/21 23:00:00,3549.3688335399274,0.0
06/22 00:00:00,3490.989325616343,0.0
06/22 01:00:00,3496.4924761338125,0.0
06/22 02:00:00,3468.5445694182517,0.0
06/22 03:00:00,3479.952509327374,0.0
06/22 04:00:00,3499.9066537846497,4.0
06/22 05:00:00,4012.249151730367,99.53
06/22 06:00:00,4786.78230845886,247.48
06/22 07:00:00,8151.0856985365945,359.4
06/22 08:00:00,8015.691745191259,466.68
06/22 09:00:00,7614.531529338178,560.9
06/22 10:00:00,7594.408505601287,655.63
06/22 11:00:00,7277.15865901383,756.09
06/22 12:00:00,7707.797537031999,825.5
06/22 13:00:00,7551.599595848859,796.73
06/22 14:00:00,7735.379513192549,707.39
06/22 15:00:00,7673.273748247376,618.18
06/22 16:00:00,5639.947759383152,514.39
06/22 17:00:00,4791.722234675416,383.78
06/22 18:00:00,4780.48539445807,275.19
06/22 19:00:00,4545.83507765549,184.36
06/22 20:00:00,4582.751792347205,36.97
06/22 21:00:00,4250.425199698354,0.0
06/22 22:00:00,3847.8504945700392,0.0
06/22 23:00:00,3409.2050301740555,0.0
06/23 00:00:00,3469.871521264352,0.0
06/23 01:00:00,3437.687024223455,0.0
06/23 02:00:00,3471.4528059366094,0.0
06/23 03:00:00,3441.246919262294,0.0
06/23 04:00:00,3588.8202161834583,4.0
06/23 05:00:00,4027.088193103566,96.21
06/23 06:00:00,4783.264780536371,248.15
06/23 07:00:00,8168.499733249549,362.92
06/23 08:00:00,7958.898493637444,470.18
06/23 09:00:00,7666.428321481197,566.4
06/23 10:00:00,7925.4390915595795,668.69
06/23 11:00:00,7541.456054802437,771.74
06/23 12:00:00,7920.440311487972,851.88
06/23 13:00:00,7807.339385337783,824.38
06/23 14:00:00,7894.549247671973,723.06
06/23 15:00:00,7698.268143887821,626.16
06/23 16:00:00,5596.955156079527,523.79
06/23 17:00:00,4719.8864019837665,425.94
06/23 18:00:00,4772.315548160087,320.78
06/23 19:00:00,4618.029407547949,184.71
06/23 20:00:00,4680.2583384727395,39.07
06/23 21:00:00,4330.784483464879,0.0
06/23 22:00:00,3916.3538611339172,0.0
06/23 23:00:00,3248.9656326398595,0.0
06/24 00:00:00,3219.2903213322525,0.0
06/24 01:00:00,3253.587669305445,0.0
06/24 02:00:00,3202.308903768087,0.0
06/24 03:00:00,3250.871864265106,0.0
06/24 04:00:00,3257.015574538912,4.0
06/24 05:00:00,4117.919669057062,98.75
06/24 06:00:00,4275.16874701995,247.5
06/24 07:00:00,5255.685339618535,360.58
06/24 08:00:00,5171.353382220093,468.72
06/24 09:00:00,5030.6068226619345,566.44
06/24 10:00:00,5117.551194408023,665.73
06/24 11:00:00,4188.915237184833,771.41
06/24 12:00:00,4139.595319338747,852.63
06/24 13:00:00,4190.170710685028,817.98
06/24 14:00:00,4179.370542801685,717.54
06/24 15:00:00,4224.529548507633,621.09
06/24 16:00:00,3924.471680148723,517.08
06/24 17:00:00,3704.8102262548746,392.89
06/24 18:00:00,3458.4419163562147,276.93
06/24 19:00:00,3444.921841961084,183.83
06/24 20:00:00,3444.20922394869,36.15
06/24 21:00:00,3383.9239518497657,0.0
06/24 22:00:00,3313.2737768851816,0.0
06/24 23:00:00,3204.642552270065,0.0
06/25 00:00:00,3218.6210624215755,0.0
06/25 01:00:00,3124.052504457889,0.0
06/25 02:00:00,3140.352477771241,0.0
06/25 03:00:00,3158.2463717697465,0.0
06/25 04:00:00,3273.172982094541,4.0
06/25 05:00:00,3578.5143144856947,100.39
06/25 06:00:00,3716.4999804752865,253.82
06/25 07:00:00,3812.2215681357015,359.73
06/25 08:00:00,3829.493286758382,469.75
06/25 09:00:00,3836.3017499452662,490.0
06/25 10:00:00,3913.4868389704056,590.31
06/25 11:00:00,3889.814513279443,652.12
06/25 12:00:00,3875.320370701932,642.93
06/25 13:00:00,3848.5786322261597,664.15
06/25 14:00:00,3922.7682052579926,745.29
06/25 15:00:00,3799.9607318370454,635.91
06/25 16:00:00,3835.1888528456243,476.78
06/25 17:00:00,3486.725479150802,395.45
06/25 18:00:00,3497.7489992811143,282.76
06/25 19:00:00,3471.292784618879,151.78
06/25 20:00:00,3510.0981303128033,34.22
06/25 21:00:00,3368.067611246583,0.0
06/25 22:00:00,3241.611377823494,0.0
06/25 23:00:00,3527.945651998187,0.0
06/26 00:00:00,3571.118455382069,0.0
06/26 01:00:00,3501.8553292644433,0.0
06/26 02:00:00,3557.724057057385,0.0
06/26 03:00:00,3529.595729808884,0.0
06/26 04:00:00,3667.4096934661006,3.0
06/26 05:00:00,4151.907153776871,63.96
06/26 06:00:00,4926.935904600102,192.46
06/26 07:00:00,8673.05105874892,328.0
06/26 08:00:00,8526.701171994851,333.83
06/26 09:00:00,8485.294690831533,352.72
06/26 10:00:00,8416.611564473973,663.81
06/26 11:00:00,8011.137643043289,533.73
06/26 12:00:00,8566.463332976457,324.11
06/26 13:00:00,8474.303523063347,167.5
06/26 14:00:00,8588.50513347207,114.65
06/26 15:00:00,8425.796509990163,87.49
06/26 16:00:00,6076.474039483237,62.63
06/26 17:00:00,5014.4659180702065,55.99
06/26 18:00:00,4980.216024565858,43.69
06/26 19:00:00,4778.8958209976245,35.78
06/26 20:00:00,4697.511483784911,41.22
06/26 21:00:00,4288.272422474484,0.0
06/26 22:00:00,3972.6532215894345,0.0
06/26 23:00:00,3502.800271368736,0.0
06/27 00:00:00,3520.8355507200827,0.0
06/27 01:00:00,3527.874380272834,0.0
06/27 02:00:00,3496.2655293751277,0.0
06/27 03:00:00,3532.4595609206,0.0
06/27 04:00:00,3568.2715715302743,2.0
06/27 05:00:00,4137.998233298067,32.19
06/27 06:00:00,4827.435033985209,68.41
06/27 07:00:00,8361.402700733393,152.04
06/27 08:00:00,8096.700910957431,435.86
06/27 09:00:00,7764.122765139572,373.4
06/27 10:00:00,7674.30233451975,358.93
06/27 11:00:00,7558.505673902806,458.01
06/27 12:00:00,8427.738008002128,764.01
06/27 13:00:00,8264.220751603903,558.2
06/27 14:00:00,8281.025566755263,637.71
06/27 15:00:00,8200.099642607453,455.11
06/27 16:00:00,5951.237763756823,190.82
06/27 17:00:00,5148.136989895182,94.98
06/27 18:00:00,5299.484747125483,43.69
06/27 19:00:00,5272.417725019135,46.37
06/27 20:00:00,5312.448512234003,4.05
06/27 21:00:00,4917.406658582671,0.0
06/27 22:00:00,4538.227531102496,0.0
06/27 23:00:00,4059.6863786938693,0.0
06/28 00:00:00,4042.324399448545,0.0
06/28 01:00:00,4019.45816520082,0.0
06/28 02:00:00,4056.198177409255,0.0
06/28 03:00:00,4094.252564891361,0.0
06/28 04:00:00,4139.582804834911,1.0
06/28 05:00:00,4758.074286765846,24.59
06/28 06:00:00,5525.429324675429,65.13
06/28 07:00:00,9353.247449158489,273.61
06/28 08:00:00,8802.801879532095,208.57
06/28 09:00:00,8586.187729353163,361.09
06/28 10:00:00,8500.827865054573,452.87
06/28 11:00:00,8099.275807192429,666.76
06/28 12:00:00,8550.239593997105,625.22
06/28 13:00:00,8471.98750503421,838.72
06/28 14:00:00,8462.56108058259,740.69
06/28 15:00:00,8315.478033169784,636.39
06/28 16:00:00,6164.5163447143605,531.07
06/28 17:00:00,5234.6380380674955,430.3
06/28 18:00:00,5402.323130524692,322.54
06/28 19:00:00,5227.408645266171,187.1
06/28 20:00:00,5192.966799229877,39.18
06/28 21:00:00,4788.35367869643,0.0
06/28 22:00:00,4469.299673177068,0.0
06/28 23:00:00,4013.416333723615,0.0
06/29 00:00:00,4085.6318870643036,0.0
06/29 01:00:00,4052.5419933651046,0.0
06/29 02:00:00,4074.85631833839,0.0
06/29 03:00:00,4075.4563166938033,0.0
06/29 04:00:00,4175.127668662548,3.0
06/29 05:00:00,4770.610505767728,81.94
06/29 06:00:00,5460.646214358718,230.69
06/29 07:00:00,9257.491881849823,311.39
06/29 08:00:00,8876.881564653917,293.23
06/29 09:00:00,8571.148345465004,184.85
06/29 10:00:00,8471.245617755374,261.14
06/29 11:00:00,8183.891927284308,186.12
06/29 12:00:00,8538.734892789395,114.77
06/29 13:00:00,8564.404327084007,177.37
06/29 14:00:00,8537.798878808202,194.78
06/29 15:00:00,8420.986963745843,132.97
06/29 16:00:00,6126.8365978150005,190.81
06/29 17:00:00,5296.579482170692,59.99
06/29 18:00:00,5587.871166235592,41.69
06/29 19:00:00,5442.617169791595,20.2
06/29 20:00:00,5238.2102533020725,3.05
06/29 21:00:00,4819.0230055377415,0.0
06/29 22:00:00,4477.999233621882,0.0
06/29 23:00:00,4053.9231829665123,0.0
06/30 00:00:00,4063.114243762559,0.0
06/30 01:00:00,4075.1181202981184,0.0
06/30 02:00:00,4053.9834252557825,0.0
06/30 03:00:00,4070.719262114667,0.0
06/30 04:00:00,4188.760172893312,2.0
06/30 05:00:00,4771.821792166615,72.29
06/30 06:00:00,5547.176275251288,185.03
06/30 07:00:00,9575.186292222686,178.43
06/30 08:00:00,9038.305144576045,445.46
06/30 09:00:00,8501.086783565655,435.02
06/30 10:00:00,8507.003020476348,439.48
06/30 11:00:00,8070.532389525757,393.04
06/30 12:00:00,8512.867953935407,487.34
06/30 13:00:00,8383.458100795291,798.18
06/30 14:00:00,8347.533140258864,734.64
06/30 15:00:00,8192.975551659745,630.06
06/30 16:00:00,5984.6021701954805,515.61
06/30 17:00:00,5130.579971028911,427.19
06/30 18:00:00,5249.311783274212,312.99
06/30 19:00:00,5123.273901605432,172.89
06/30 20:00:00,5155.917101369617,24.08
06/30 21:00:00,4839.188411443744,0.0
06/30 22:00:00,4448.818373786898,0.0
06/30 23:00:00,4530.972318764749,0.0
07/01 00:00:00,4514.912115869823,0.0
07/01 01:00:00,4492.664789348313,0.0
07/01 02:00:00,4440.002924426657,0.0
07/01 03:00:00,4456.210484003785,0.0
07/01 04:00:00,4509.233158813734,4.0
07/01 05:00:00,5477.641215819213,80.4
07/01 06:00:00,5598.217254488368,258.64
07/01 07:00:00,6650.610785049264,384.97
07/01 08:00:00,6524.488445310078,489.02
07/01 09:00:00,6154.533554201996,585.24
07/01 10:00:00,6195.222337543808,686.1
07/01 11:00:00,5171.711521019249,703.68
07/01 12:00:00,5189.232417790717,719.02
07/01 13:00:00,5158.948280931048,736.87
07/01 14:00:00,5117.075481015179,740.17
07/01 15:00:00,5228.473025164141,639.73
07/01 16:00:00,4961.992727534699,543.86
07/01 17:00:00,4854.836132762249,440.73
07/01 18:00:00,4684.732048387106,326.81
07/01 19:00:00,4723.338240424459,189.53
07/01 20:00:00,4722.361138941827,33.88
07/01 21:00:00,4604.466223753879,0.0
07/01 22:00:00,4530.452505235169,0.0
07/01 23:00:00,4490.135319167321,0.0
07/02 00:00:00,4461.087676232008,0.0
07/02 01:00:00,4423.278859247577,0.0
07/02 02:00:00,4462.251731330867,0.0
07/02 03:00:00,4468.23117221828,0.0
07/02 04:00:00,4502.372362106123,5.0
07/02 05:00:00,4906.353898504805,92.26
07/02 06:00:00,5007.758860894983,254.43
07/02 07:00:00,5157.4583376742785,381.74
07/02 08:00:00,5132.390541959184,484.77
07/02 09:00:00,5151.166059944587,584.67
07/02 10:00:00,5156.897852066738,684.23
07/02 11:00:00,5187.7948991288995,780.25
07/02 12:00:00,5168.167223740083,742.58
07/02 13:00:00,5110.838223883703,828.05
07/02 14:00:00,5150.4246209037565,735.49
07/02 15:00:00,5083.744304065773,636.83
07/02 16:00:00,5211.30596237605,544.31
07/02 17:00:00,4819.824455009518,441.98
07/02 18:00:00,4771.820691691871,328.58
07/02 19:00:00,4779.6809828737505,192.33
07/02 20:00:00,4763.142132169089,33.74
07/02 21:00:00,4639.44695829944,0.0
07/02 22:00:00,4470.218740902633,0.0
07/02 23:00:00,4870.763240679942,0.0
07/03 00:00:00,4864.422467611547,0.0
07/03 01:00:00,4828.193606970574,0.0
07/03 02:00:00,4806.479895011684,0.0
07/03 03:00:00,4819.650689349267,0.0
07/03 04:00:00,4910.806283191993,5.0
07/03 05:00:00,5509.5287403722505,91.61
07/03 06:00:00,6381.644624117053,254.45
07/03 07:00:00,10500.401641994302,381.47
07/03 08:00:00,10409.925844570007,485.94
07/03 09:00:00,10314.662358697167,588.61
07/03 10:00:00,10289.298361988132,687.72
07/03 11:00:00,9792.72506814453,796.18
07/03 12:00:00,10271.348152573619,863.04
07/03 13:00:00,10216.357251134272,843.18
07/03 14:00:00,10307.438047601136,740.92
07/03 15:00:00,10192.39662518268,640.27
07/03 16:00:00,7552.577613283219,544.71
07/03 17:00:00,6351.184998296119,440.23
07/03 18:00:00,6315.70148799595,327.29
07/03 19:00:00,6078.0075653366,189.89
07/03 20:00:00,6068.632409867532,32.58
07/03 21:00:00,5745.190666414409,0.0
07/03 22:00:00,5336.61306461939,0.0
07/03 23:00:00,4502.443865675637,0.0
07/04 00:00:00,4515.192270680003,0.0
07/04 01:00:00,4513.948014486556,0.0
07/04 02:00:00,4482.177136848024,0.0
07/04 03:00:00,4489.739108722771,0.0
07/04 04:00:00,4553.15445844223,4.0
07/04 05:00:00,4914.231211933489,88.83
07/04 06:00:00,4917.476552854923,251.18
07/04 07:00:00,4950.837892333287,378.15
07/04 08:00:00,4750.193790545166,480.44
07/04 09:00:00,4555.159384337222,580.36
07/04 10:00:00,4497.663753134577,646.57
07/04 11:00:00,4581.831769487271,769.46
07/04 12:00:00,4568.789707629834,834.54
07/04 13:00:00,4564.525964393224,789.6
07/04 14:00:00,4550.905210555788,725.09
07/04 15:00:00,4552.219820048779,592.81
07/04 16:00:00,4644.222923291047,504.96
07/04 17:00:00,4470.93910753628,409.8
07/04 18:00:00,4627.616487155447,324.6
07/04 19:00:00,4678.351495562068,186.41
07/04 20:00:00,4757.63706550495,31.35
07/04 21:00:00,4595.581537071596,0.0
07/04 22:00:00,4571.49703451725,0.0
07/04 23:00:00,4914.370971478877,0.0
07/05 00:00:00,4954.17445697828,0.0
07/05 01:00:00,4972.451336031515,0.0
07/05 02:00:00,4969.72694762898,0.0
07/05 03:00:00,4918.198179842164,0.0
07/05 04:00:00,4971.846068538369,3.0
07/05 05:00:00,5522.647508161072,80.04
07/05 06:00:00,6346.529184788851,248.88
07/05 07:00:00,10594.63659123237,375.8
07/05 08:00:00,10056.03653686968,453.52
07/05 09:00:00,9200.086211306783,475.03
07/05 10:00:00,9168.59092645364,306.18
07/05 11:00:00,8684.281723831187,242.18
07/05 12:00:00,9103.165940354887,394.97
07/05 13:00:00,9075.630884093323,473.84
07/05 14:00:00,9026.113385440996,697.68
07/05 15:00:00,8928.03592309193,610.15
07/05 16:00:00,6779.414215578697,364.19
07/05 17:00:00,5917.970121979403,185.28
07/05 18:00:00,6154.130533525958,67.72
07/05 19:00:00,5999.007313971526,42.15
07/05 20:00:00,6058.659038581486,6.1
07/05 21:00:00,5833.911486362558,0.0
07/05 22:00:00,5490.195690984076,0.0
07/05 23:00:00,4922.559505583148,0.0
07/06 00:00:00,5025.541484193877,0.0
07/06 01:00:00,4984.996467939089,0.0
07/06 02:00:00,5026.106280194976,0.0
07/06 03:00:00,4987.418846919894,0.0
07/06 04:00:00,5090.222974030868,1.0
07/06 05:00:00,5736.072854026759,18.32
07/06 06:00:00,6548.673663161952,71.81
07/06 07:00:00,10515.31187621549,96.85
07/06 08:00:00,9979.41658932797,178.36
07/06 09:00:00,9456.506876866202,206.49
07/06 10:00:00,9403.8801651105,192.23
07/06 11:00:00,8905.764075014135,158.39
07/06 12:00:00,9212.522393141553,156.51
07/06 13:00:00,9233.985861705865,130.61
07/06 14:00:00,9336.235053679206,202.58
07/06 15:00:00,9193.868553683827,295.42
07/06 16:00:00,6928.867344626827,410.25
07/06 17:00:00,5872.007027851401,395.12
07/06 18:00:00,6083.557702358164,286.42
07/06 19:00:00,5981.569941313739,165.32
07/06 20:00:00,5976.087940528108,26.93
07/06 21:00:00,5673.111235398352,0.0
07/06 22:00:00,5329.921425746069,0.0
07/06 23:00:00,5066.898588724342,0.0
07/07 00:00:00,5075.637889876269,0.0
07/07 01:00:00,5109.6207348916505,0.0
07/07 02:00:00,5055.331175467938,0.0
07/07 03:00:00,5043.658384432449,0.0
07/07 04:00:00,5127.821996298209,1.0
07/07 05:00:00,5735.407499120143,45.3
07/07 06:00:00,6446.347316968967,165.21
07/07 07:00:00,10660.490759198632,358.43
07/07 08:00:00,10016.910343806214,471.58
07/07 09:00:00,9286.648587867996,548.51
07/07 10:00:00,9204.276415724495,510.9
07/07 11:00:00,8824.590213754625,329.39
07/07 12:00:00,9282.468584199894,634.59
07/07 13:00:00,9180.756825403436,667.26
07/07 14:00:00,9244.84460778996,713.19
07/07 15:00:00,9199.775697826479,626.29
07/07 16:00:00,7028.959238638881,530.55
07/07 17:00:00,6088.803192287663,431.89
07/07 18:00:00,6273.897835292459,263.62
07/07 19:00:00,6169.319640045112,179.72
07/07 20:00:00,6149.323820415831,26.42
07/07 21:00:00,5765.716272728228,0.0
07/07 22:00:00,5512.845194663424,0.0
07/07 23:00:00,4715.090690417958,0.0
07/08 00:00:00,4714.224066891966,0.0
07/08 01:00:00,4671.412859588556,0.0
07/08 02:00:00,4651.150935153242,0.0
07/08 03:00:00,4625.937558767139,0.0
07/08 04:00:00,4680.654300402273,1.0
07/08 05:00:00,5759.573417762976,37.57
07/08 06:00:00,5803.207840433773,48.01
07/08 07:00:00,6767.188167682711,128.45
07/08 08:00:00,6407.364023115981,436.1
07/08 09:00:00,6159.144639849391,543.1
07/08 10:00:00,6233.962167854109,565.86
07/08 11:00:00,5184.854412760418,562.53
07/08 12:00:00,5190.554297047183,405.22
07/08 13:00:00,5242.704975852563,239.55
07/08 14:00:00,5299.041541479082,94.64
07/08 15:00:00,5348.277971786217,94.48
07/08 16:00:00,4971.517144297126,208.88
07/08 17:00:00,4468.298334498848,97.45
07/08 18:00:00,4282.923207091809,17.0
07/08 19:00:00,4368.303501033996,15.19
07/08 20:00:00,4395.955102913459,6.09
07/08 21:00:00,4204.957121440513,0.0
07/08 22:00:00,4082.901354040579,0.0
07/08 23:00:00,3991.385727858335,0.0
07/09 00:00:00,3975.41076136235,0.0
07/09 01:00:00,3984.0867360746797,0.0
07/09 02:00:00,3965.729521496043,0.0
07/09 03:00:00,3959.4646630725397,0.0
07/09 04:00:00,3942.900803505481,0.0
07/09 05:00:00,4264.971577152255,16.3
07/09 06:00:00,4359.853971489131,53.25
07/09 07:00:00,4475.405499748474,135.63
07/09 08:00:00,4546.896742746704,423.75
07/09 09:00:00,4554.053487388016,376.45
07/09 10:00:00,4599.853431028579,441.82
07/09 11:00:00,4569.126001884677,578.07
07/09 12:00:00,4542.789504295912,645.26
07/09 13:00:00,4521.089900446953,821.6
07/09 14:00:00,4534.920796744551,695.89
07/09 15:00:00,4493.627091956764,613.78
07/09 16:00:00,4604.828229441082,540.52
07/09 17:00:00,4305.423438059803,268.31
07/09 18:00:00,4289.503413504349,87.06
07/09 19:00:00,4324.115468246236,184.21
07/09 20:00:00,4256.014709183424,26.05
07/09 21:00:00,4104.185790318956,0.0
07/09 22:00:00,3944.8159244305884,0.0
07/09 23:00:00,4270.840120798871,0.0
07/10 00:00:00,4275.487324295292,0.0
07/10 01:00:00,4302.511858761176,0.0
07/10 02:00:00,4275.071317374857,0.0
07/10 03:00:00,4289.76168256361,0.0
07/10 04:00:00,4388.558017422213,1.0
07/10 05:00:00,4907.273694954797,23.69
07/10 06:00:00,5797.901938046202,87.45
07/10 07:00:00,9467.705093313518,252.37
07/10 08:00:00,9265.202109374617,273.3
07/10 09:00:00,9105.35211304596,169.38
07/10 10:00:00,9163.805482386875,450.95
07/10 11:00:00,8848.921568260137,334.98
07/10 12:00:00,9067.540644576082,664.15
07/10 13:00:00,8921.410709859434,690.42
07/10 14:00:00,9043.285518606399,519.63
07/10 15:00:00,8972.813024446756,220.58
07/10 16:00:00,6618.907284996337,153.99
07/10 17:00:00,5595.636771753486,379.57
07/10 18:00:00,5546.6291478553385,286.76
07/10 19:00:00,5427.168735592268,102.2
07/10 20:00:00,5378.521079155152,12.5
07/10 21:00:00,5043.550102023003,0.0
07/10 22:00:00,4750.2442505013105,0.0
07/10 23:00:00,4273.027704390542,0.0
07/11 00:00:00,4323.58670142979,0.0
07/11 01:00:00,4333.216376719516,0.0
07/11 02:00:00,4313.52855844765,0.0
07/11 03:00:00,4284.089662637025,0.0
07/11 04:00:00,4374.480567751681,0.0
07/11 05:00:00,4920.15371731242,30.36
07/11 06:00:00,5596.233804368277,129.39
07/11 07:00:00,9230.96823542721,188.88
07/11 08:00:00,8887.175524631512,176.23
07/11 09:00:00,8400.1440997379,166.37
07/11 10:00:00,8390.939233080366,185.41
07/11 11:00:00,7987.439864971076,400.35
07/11 12:00:00,8385.070978836782,300.47
07/11 13:00:00,8323.12965861035,197.06
07/11 14:00:00,8309.910402987345,133.46
07/11 15:00:00,8202.954067216382,183.89
07/11 16:00:00,6168.49429638144,140.73
07/11 17:00:00,5330.5717009038735,42.49
07/11 18:00:00,5584.244535538105,35.34
07/11 19:00:00,5355.815389094081,16.18
07/11 20:00:00,5315.981103819878,1.0
07/11 21:00:00,4892.64880262676,0.0
07/11 22:00:00,4624.6486018971755,0.0
07/11 23:00:00,4261.106312664131,0.0
07/12 00:00:00,4240.958731683304,0.0
07/12 01:00:00,4316.300892896716,0.0
07/12 02:00:00,4291.69262167032,0.0
07/12 03:00:00,4241.5987632565475,0.0
07/12 04:00:00,4319.439427970837,0.0
07/12 05:00:00,4851.109621731614,17.38
07/12 06:00:00,5586.133659968758,91.34
07/12 07:00:00,9033.663135634113,89.38
07/12 08:00:00,8739.53432919186,119.25
07/12 09:00:00,8464.25517692242,223.04
07/12 10:00:00,8439.94614711378,517.38
07/12 11:00:00,8106.543969326737,516.02
07/12 12:00:00,8535.844117149636,766.74
07/12 13:00:00,8486.024364071565,569.88
07/12 14:00:00,8476.350616228267,631.21
07/12 15:00:00,8374.051315792487,622.58
07/12 16:00:00,6297.49260112849,533.05
07/12 17:00:00,5451.059687616574,376.2
07/12 18:00:00,5577.257112285577,221.57
07/12 19:00:00,5468.397875100572,60.12
07/12 20:00:00,5485.713732975483,12.69
07/12 21:00:00,4945.915073096863,0.0
07/12 22:00:00,4632.568197380167,0.0
07/12 23:00:00,4307.528059824938,0.0
07/13 00:00:00,4344.868164446507,0.0
07/13 01:00:00,4290.56459337395,0.0
07/13 02:00:00,4207.337158373787,0.0
07/13 03:00:00,4240.111789828214,0.0
07/13 04:00:00,4353.821983673915,0.0
07/13 05:00:00,4841.335367056853,18.37
07/13 06:00:00,5650.16815381357,46.97
07/13 07:00:00,9228.005767562434,96.15
07/13 08:00:00,9059.810591023825,205.1
07/13 09:00:00,8511.320447904409,355.07
07/13 10:00:00,8538.57808784309,397.89
07/13 11:00:00,8194.318087854017,436.34
07/13 12:00:00,8571.325995019866,450.31
07/13 13:00:00,8593.345535844623,474.52
07/13 14:00:00,8720.416647799571,473.13
07/13 15:00:00,8460.325628980938,369.74
07/13 16:00:00,6338.116474484651,240.6
07/13 17:00:00,5575.167405439905,196.94
07/13 18:00:00,5804.292561265506,54.0
07/13 19:00:00,5629.858859675573,13.18
07/13 20:00:00,5554.012120931051,2.04
07/13 21:00:00,4957.898017452435,0.0
07/13 22:00:00,4668.000661083253,0.0
07/13 23:00:00,4316.143669829006,0.0
07/14 00:00:00,4305.428874292631,0.0
07/14 01:00:00,4327.65381148908,0.0
07/14 02:00:00,4255.957812596932,0.0
07/14 03:00:00,4274.749540968533,0.0
07/14 04:00:00,4387.10279948352,1.0
07/14 05:00:00,4847.0148186992665,9.09
07/14 06:00:00,5741.430608579657,41.96
07/14 07:00:00,9065.74671075276,222.65
07/14 08:00:00,8819.013761865152,446.56
07/14 09:00:00,8430.452710197538,486.37
07/14 10:00:00,8578.762283876833,667.65
07/14 11:00:00,8211.14180734894,686.98
07/14 12:00:00,8577.708034868725,838.43
07/14 13:00:00,8575.756527974121,817.64
07/14 14:00:00,8482.351279166485,729.44
07/14 15:00:00,8304.414406401971,610.09
07/14 16:00:00,6310.919157711857,537.66
07/14 17:00:00,5458.095397727442,334.95
07/14 18:00:00,5642.564404885432,308.46
07/14 19:00:00,5466.150147489734,161.52
07/14 20:00:00,5496.3962223273975,19.86
07/14 21:00:00,5055.810002003945,0.0
07/14 22:00:00,4685.170298075585,0.0
07/14 23:00:00,3950.0059460200678,0.0
07/15 00:00:00,3973.483746413234,0.0
07/15 01:00:00,4070.7535490803252,0.0
07/15 02:00:00,4042.5546013754156,0.0
07/15 03:00:00,3940.25645727411,0.0
07/15 04:00:00,3984.4667943372806,1.0
07/15 05:00:00,4854.896370975815,65.69
07/15 06:00:00,4985.715326767278,234.95
07/15 07:00:00,6019.399278600865,365.75
07/15 08:00:00,5908.193741627524,472.62
07/15 09:00:00,5655.223669103477,575.49
07/15 10:00:00,5589.6858349701315,662.84
07/15 11:00:00,4731.1035850969065,601.76
07/15 12:00:00,4799.168175396527,741.29
07/15 13:00:00,4838.052114615146,527.47
07/15 14:00:00,4848.92603670904,454.16
07/15 15:00:00,4937.032301887617,176.85
07/15 16:00:00,4737.330652523503,130.09
07/15 17:00:00,4601.153433157354,212.13
07/15 18:00:00,4362.968729329691,162.2
07/15 19:00:00,4391.777003266009,104.18
07/15 20:00:00,4361.828898876056,11.71
07/15 21:00:00,4291.083503030138,0.0
07/15 22:00:00,4170.44580517904,0.0
07/15 23:00:00,4005.2859391467705,0.0
07/16 00:00:00,4051.921388359646,0.0
07/16 01:00:00,4065.934480616357,0.0
07/16 02:00:00,4080.3544687781514,0.0
07/16 03:00:00,4049.938257932439,0.0
07/16 04:00:00,4116.743273202304,0.0
07/16 05:00:00,4505.532158876288,5.09
07/16 06:00:00,4516.694166832742,20.23
07/16 07:00:00,4605.73117045701,98.1
07/16 08:00:00,4558.614825585125,205.47
07/16 09:00:00,4581.413366991541,414.22
07/16 10:00:00,4621.495158938347,537.61
07/16 11:00:00,4704.707809197617,487.88
07/16 12:00:00,4632.419065206917,308.94
07/16 13:00:00,4635.368542312558,577.56
07/16 14:00:00,4678.244014146868,571.47
07/16 15:00:00,4696.809656473292,504.21
07/16 16:00:00,4740.420905825992,227.4
07/16 17:00:00,4467.456362684454,398.77
07/16 18:00:00,4425.3188921512165,188.54
07/16 19:00:00,4363.334250556384,21.35
07/16 20:00:00,4284.815841438373,17.49
07/16 21:00:00,4134.191827316416,0.0
07/16 22:00:00,4034.4746445837177,0.0
07/16 23:00:00,4329.425086186786,0.0
07/17 00:00:00,4398.105482885226,0.0
07/17 01:00:00,4378.974822062725,0.0
07/17 02:00:00,4390.821093567871,0.0
07/17 03:00:00,4397.879168784175,0.0
07/17 04:00:00,4492.362516382619,0.0
07/17 05:00:00,5050.814554473324,58.69
07/17 06:00:00,5883.7661569553875,177.79
07/17 07:00:00,9636.697040901108,355.9
07/17 08:00:00,9506.22618789055,343.24
07/17 09:00:00,9276.78621151759,383.51
07/17 10:00:00,9314.08375772596,668.77
07/17 11:00:00,9017.731202322228,758.01
07/17 12:00:00,9527.874814458044,823.5
07/17 13:00:00,9434.503403607196,812.87
07/17 14:00:00,9522.53010846673,693.67
07/17 15:00:00,9456.095359581539,616.67
07/17 16:00:00,7133.670554855809,528.71
07/17 17:00:00,5832.650423730313,425.92
07/17 18:00:00,5810.917799937278,309.81
07/17 19:00:00,5605.397424885864,150.83
07/17 20:00:00,5639.007933951985,15.08
07/17 21:00:00,4994.449760519794,0.0
07/17 22:00:00,4613.400423293615,0.0
07/17 23:00:00,4266.113031035457,0.0
07/18 00:00:00,4325.721278925463,0.0
07/18 01:00:00,4409.355558444078,0.0
07/18 02:00:00,4307.235886607861,0.0
07/18 03:00:00,4281.724692855107,0.0
07/18 04:00:00,4410.091727081312,0.0
07/18 05:00:00,4903.736465008451,18.56
07/18 06:00:00,5782.346184976266,128.77
07/18 07:00:00,9144.753548099425,249.81
07/18 08:00:00,8894.412963829725,371.01
07/18 09:00:00,9606.85502941367,488.9
07/18 10:00:00,9512.414383603538,417.2
07/18 11:00:00,9042.850600752066,303.96
07/18 12:00:00,9433.58313755124,264.1
07/18 13:00:00,9345.746301503472,239.42
07/18 14:00:00,9396.626330626961,100.62
07/18 15:00:00,9391.082379671183,127.91
07/18 16:00:00,7034.385502307245,108.45
07/18 17:00:00,6066.228855389603,72.43
07/18 18:00:00,6233.137824802425,70.95
07/18 19:00:00,6144.973762452211,22.34
07/18 20:00:00,6206.78631369218,8.31
07/18 21:00:00,5678.860876953989,0.0
07/18 22:00:00,5349.728018088357,0.0
07/18 23:00:00,4923.10996693104,0.0
07/19 00:00:00,4947.973614766773,0.0
07/19 01:00:00,5078.328004974193,0.0
07/19 02:00:00,4991.70163077542,0.0
07/19 03:00:00,4952.175859391823,0.0
07/19 04:00:00,5077.011756172986,0.0
07/19 05:00:00,5662.589408555944,6.08
07/19 06:00:00,6666.4589384657265,13.23
07/19 07:00:00,10813.50749907462,39.38
07/19 08:00:00,10146.12392884883,49.53
07/19 09:00:00,9711.773154530845,85.31
07/19 10:00:00,9684.902003123174,126.28
07/19 11:00:00,9049.093122057158,214.47
07/19 12:00:00,9537.441785559078,299.11
07/19 13:00:00,9516.561979300608,207.84
07/19 14:00:00,9519.48935138495,120.42
07/19 15:00:00,9492.963034810238,73.72
07/19 16:00:00,7188.022200214659,104.83
07/19 17:00:00,6282.948247732599,196.54
07/19 18:00:00,6381.75154371712,45.65
07/19 19:00:00,6185.348712925424,42.36
07/19 20:00:00,6268.283862813007,2.02
07/19 21:00:00,5765.904704070396,0.0
07/19 22:00:00,5488.7619459643565,0.0
07/19 23:00:00,5063.301512951634,0.0
07/20 00:00:00,5080.551413932078,0.0
07/20 01:00:00,5118.980159070382,0.0
07/20 02:00:00,5075.985667662935,0.0
07/20 03:00:00,5083.366830601128,0.0
07/20 04:00:00,5203.618493725638,0.0
07/20 05:00:00,5713.84898193309,50.69
07/20 06:00:00,6595.469134212917,72.83
07/20 07:00:00,10692.53310778139,76.89
07/20 08:00:00,10094.984402849006,190.6
07/20 09:00:00,9508.667861257905,378.78
07/20 10:00:00,9477.106394365032,639.38
07/20 11:00:00,9101.613008747769,616.65
07/20 12:00:00,9596.616719512422,757.84
07/20 13:00:00,9559.32650500371,787.43
07/20 14:00:00,9535.72832398686,713.31
07/20 15:00:00,9489.82914375017,615.18
07/20 16:00:00,6705.6863506484915,465.81
07/20 17:00:00,5557.401349515928,357.92
07/20 18:00:00,5595.883727768392,305.73
07/20 19:00:00,5446.700708828316,158.71
07/20 20:00:00,5432.954153028325,15.0
07/20 21:00:00,4960.994034722261,0.0
07/20 22:00:00,4699.86384239144,0.0
07/20 23:00:00,4320.958026760174,0.0
07/21 00:00:00,4348.223041667985,0.0
07/21 01:00:00,4352.959241432237,0.0
07/21 02:00:00,4340.9617643441115,0.0
07/21 03:00:00,4325.4301814662385,0.0
07/21 04:00:00,4434.167575371614,0.0
07/21 05:00:00,4928.619661892424,53.68
07/21 06:00:00,5797.886372264614,221.98
07/21 07:00:00,9561.231272233827,354.51
07/21 08:00:00,9526.025487324407,445.77
07/21 09:00:00,9284.810222871321,277.75
07/21 10:00:00,9342.50531036575,317.49
07/21 11:00:00,8874.758386815794,387.94
07/21 12:00:00,9194.445160557672,740.76
07/21 13:00:00,9258.621851985868,726.45
07/21 14:00:00,9220.414407159456,708.05
07/21 15:00:00,9027.151540309404,504.34
07/21 16:00:00,6712.946968611093,395.88
07/21 17:00:00,5647.989725737225,384.07
07/21 18:00:00,5638.470739529361,202.12
07/21 19:00:00,5437.06253314877,94.0
07/21 20:00:00,5482.4222138732575,10.18
07/21 21:00:00,4951.155369091066,0.0
07/21 22:00:00,4590.039894552984,0.0
07/21 23:00:00,3922.4628598991903,0.0
07/22 00:00:00,3904.2349171469527,0.0
07/22 01:00:00,3956.5297910797062,0.0
07/22 02:00:00,3951.2729937577315,0.0
07/22 03:00:00,3893.017252925585,0.0
07/22 04:00:00,3964.8821972408823,0.0
07/22 05:00:00,4859.313361738318,45.2
07/22 06:00:00,5004.590370227503,212.12
07/22 07:00:00,6018.960072379294,297.23
07/22 08:00:00,6017.453237137551,443.56
07/22 09:00:00,5839.421216703849,548.86
07/22 10:00:00,5831.392788194003,613.41
07/22 11:00:00,4924.237654220373,737.07
07/22 12:00:00,4960.251690580268,804.27
07/22 13:00:00,4972.104769872157,707.51
07/22 14:00:00,4984.3309530228935,691.9
07/22 15:00:00,5056.462511601079,546.2
07/22 16:00:00,4755.514101596489,521.7
07/22 17:00:00,4568.511698105682,417.79
07/22 18:00:00,4247.243691091231,301.88
07/22 19:00:00,4275.042161757981,134.68
07/22 20:00:00,4227.932648534865,12.32
07/22 21:00:00,4172.985811798928,0.0
07/22 22:00:00,4078.2146969423784,0.0
07/22 23:00:00,3863.0198441442803,0.0
07/23 00:00:00,3904.650138552545,0.0
07/23 01:00:00,3917.926827713483,0.0
07/23 02:00:00,3922.0982468864095,0.0
07/23 03:00:00,3925.3196327295877,0.0
07/23 04:00:00,3968.650003999791,0.0
07/23 05:00:00,4332.599415060684,30.18
07/23 06:00:00,4452.940485104621,152.83
07/23 07:00:00,4585.882250254432,348.0
07/23 08:00:00,4523.2200888854095,449.36
07/23 09:00:00,4562.9146000439205,386.35
07/23 10:00:00,4596.396508721818,366.64
07/23 11:00:00,4574.222482410752,672.95
07/23 12:00:00,4531.529440125608,797.45
07/23 13:00:00,4535.708917664452,791.35
07/23 14:00:00,4587.35137305598,702.92
07/23 15:00:00,4568.989979702663,604.29
07/23 16:00:00,4621.501339098915,523.19
07/23 17:00:00,4387.072537812781,419.0
07/23 18:00:00,4341.070053690373,300.9
07/23 19:00:00,4398.001524877681,151.05
07/23 20:00:00,4366.907075026595,12.01
07/23 21:00:00,4232.692122762086,0.0
07/23 22:00:00,4130.49806053462,0.0
07/23 23:00:00,4405.70787582857,0.0
07/24 00:00:00,4399.5704797991175,0.0
07/24 01:00:00,4326.782546112832,0.0
07/24 02:00:00,4358.46974038615,0.0
07/24 03:00:00,4323.5311162805065,0.0
07/24 04:00:00,4434.090522622829,0.0
07/24 05:00:00,4884.047379708375,22.27
07/24 06:00:00,5753.647896781655,129.36
07/24 07:00:00,9440.791496249556,253.08
07/24 08:00:00,9437.764491199276,227.74
07/24 09:00:00,9327.21723734732,204.34
07/24 10:00:00,9219.920498579082,360.26
07/24 11:00:00,9231.225044780751,718.99
07/24 12:00:00,9536.158488004843,781.13
07/24 13:00:00,9467.40513845428,760.89
07/24 14:00:00,9538.309751306198,654.48
07/24 15:00:00,9342.70638746299,604.11
07/24 16:00:00,7068.667524665797,506.93
07/24 17:00:00,5940.229268472357,345.16
07/24 18:00:00,5855.798183065471,262.13
07/24 19:00:00,5650.390980263586,28.63
07/24 20:00:00,5622.607444727667,1.01
07/24 21:00:00,5063.541023929252,0.0
07/24 22:00:00,4770.366737599263,0.0
07/24 23:00:00,4373.326628296504,0.0
07/25 00:00:00,4399.371662377315,0.0
07/25 01:00:00,4425.947205251932,0.0
07/25 02:00:00,4330.446431997233,0.0
07/25 03:00:00,4280.527181014078,0.0
07/25 04:00:00,4409.231624454349,0.0
07/25 05:00:00,4965.051626326608,7.12
07/25 06:00:00,5762.152231949701,19.21
07/25 07:00:00,9292.939384546524,56.1
07/25 08:00:00,8931.790633575762,129.11
07/25 09:00:00,8820.072302191162,133.22
07/25 10:00:00,9721.567012621897,175.24
07/25 11:00:00,9447.31423572097,132.46
07/25 12:00:00,9922.24167034496,224.67
07/25 13:00:00,9768.447863374773,196.91
07/25 14:00:00,9809.676155279561,114.59
07/25 15:00:00,9138.865310216923,419.04
07/25 16:00:00,6536.7450384452095,150.79
07/25 17:00:00,5601.2428229161,386.24
07/25 18:00:00,5701.9052467284455,266.55
07/25 19:00:00,5533.203846240585,146.75
07/25 20:00:00,5570.669938119761,9.46
07/25 21:00:00,5113.623954033482,0.0
07/25 22:00:00,4721.739708628898,0.0
07/25 23:00:00,4289.02928879612,0.0
07/26 00:00:00,4335.043578858597,0.0
07/26 01:00:00,4332.673675498168,0.0
07/26 02:00:00,4380.4396170806185,0.0
07/26 03:00:00,4275.580214816519,0.0
07/26 04:00:00,4421.91972173968,0.0
07/26 05:00:00,4939.668910892526,14.52
07/26 06:00:00,5580.959494759403,92.39
07/26 07:00:00,8948.753572937145,267.4
07/26 08:00:00,8804.83297736866,220.98
07/26 09:00:00,8633.457406356792,543.84
07/26 10:00:00,8563.088516591728,268.16
07/26 11:00:00,8114.1568656208865,527.76
07/26 12:00:00,8485.57085487326,519.99
07/26 13:00:00,8390.518886492853,447.51
07/26 14:00:00,8546.55110625044,523.6
07/26 15:00:00,8399.857732007222,576.66
07/26 16:00:00,6318.980825654802,374.97
07/26 17:00:00,5440.4056660454835,406.97
07/26 18:00:00,5482.342718038866,273.36
07/26 19:00:00,5370.229517421851,142.93
07/26 20:00:00,5374.721841543833,10.22
07/26 21:00:00,4988.041817583128,0.0
07/26 22:00:00,4641.776090577918,0.0
07/26 23:00:00,4191.927039583939,0.0
07/27 00:00:00,4228.33623502285,0.0
07/27 01:00:00,4204.225645671295,0.0
07/27 02:00:00,4170.36748101587,0.0
07/27 03:00:00,4261.00299469132,0.0
07/27 04:00:00,4270.295212886507,0.0
07/27 05:00:00,4796.190483513056,28.11
07/27 06:00:00,5517.56418261332,195.09
07/27 07:00:00,8942.950138634713,333.39
07/27 08:00:00,8800.133707583977,365.56
07/27 09:00:00,8420.399938719458,457.03
07/27 10:00:00,8420.282679440596,647.18
07/27 11:00:00,8133.909832458254,610.14
07/27 12:00:00,8628.111108524352,789.5
07/27 13:00:00,8544.479247663472,599.06
07/27 14:00:00,8444.465044825798,521.35
07/27 15:00:00,8339.200171372015,606.61
07/27 16:00:00,6293.238614138323,514.84
07/27 17:00:00,5371.11627883226,388.86
07/27 18:00:00,5417.839831210529,247.16
07/27 19:00:00,5169.669796876526,58.45
07/27 20:00:00,5258.3437626749055,16.01
07/27 21:00:00,4990.540012338056,0.0
07/27 22:00:00,4683.000521746201,0.0
07/27 23:00:00,4290.555687043305,0.0
07/28 00:00:00,4222.820567159622,0.0
07/28 01:00:00,4314.503113251247,0.0
07/28 02:00:00,4255.05358455533,0.0
07/28 03:00:00,4308.155926562343,0.0
07/28 04:00:00,4317.444354269806,0.0
07/28 05:00:00,4866.893224871391,37.1
07/28 06:00:00,5519.2589656413975,174.21
07/28 07:00:00,9035.266047116103,211.41
07/28 08:00:00,8803.823465422862,177.63
07/28 09:00:00,8596.274356346643,376.53
07/28 10:00:00,8510.073549709357,300.21
07/28 11:00:00,8292.87111777709,498.85
07/28 12:00:00,8678.048916425714,705.74
07/28 13:00:00,8568.12228586219,630.26
07/28 14:00:00,8547.082920783067,474.27
07/28 15:00:00,8312.311055173686,573.27
07/28 16:00:00,6349.655260432087,365.01
07/28 17:00:00,5441.232496917321,269.89
07/28 18:00:00,5578.783207799025,63.5
07/28 19:00:00,5389.163967326949,57.21
07/28 20:00:00,5371.1081421185145,7.0
07/28 21:00:00,5106.048219547925,0.0
07/28 22:00:00,4770.694370182841,0.0
07/28 23:00:00,3943.3827265410646,0.0
07/29 00:00:00,4000.019375477676,0.0
07/29 01:00:00,3962.5963624266756,0.0
07/29 02:00:00,4028.274801623339,0.0
07/29 03:00:00,3970.8201382993584,0.0
07/29 04:00:00,4067.503049067213,0.0
07/29 05:00:00,4908.022079177932,12.38
07/29 06:00:00,4972.277549646333,67.8
07/29 07:00:00,5839.155552983864,133.59
07/29 08:00:00,5991.845146133982,275.87
07/29 09:00:00,5709.835074819426,325.76
07/29 10:00:00,5696.4937546077035,568.91
07/29 11:00:00,4855.323119676993,592.33
07/29 12:00:00,4924.142915835419,504.33
07/29 13:00:00,4970.143358508399,442.25
07/29 14:00:00,4998.230093986295,361.8
07/29 15:00:00,5120.375355202795,202.45
07/29 16:00:00,4911.272199469969,375.54
07/29 17:00:00,4698.57937518921,260.74
07/29 18:00:00,4412.4595229020015,158.81
07/29 19:00:00,4446.531766598889,112.58
07/29 20:00:00,4420.760887685386,6.0
07/29 21:00:00,4170.0744658506765,0.0
07/29 22:00:00,4041.3515718702606,0.0
07/29 23:00:00,3891.240503102132,0.0
07/30 00:00:00,3910.757262047286,0.0
07/30 01:00:00,3909.0729358481276,0.0
07/30 02:00:00,3936.525285948792,0.0
07/30 03:00:00,3925.007584311226,0.0
07/30 04:00:00,4025.3563489273797,0.0
07/30 05:00:00,4302.649038075696,7.13
07/30 06:00:00,4399.280534687674,41.98
07/30 07:00:00,4566.904944351443,71.76
07/30 08:00:00,4574.278463809811,107.01
07/30 09:00:00,4560.267961002297,93.9
07/30 10:00:00,4572.821903067538,130.95
07/30 11:00:00,4573.712406509542,147.23
07/30 12:00:00,4589.020490649673,263.62
07/30 13:00:00,4591.448998319807,334.52
07/30 14:00:00,4540.295710446116,283.08
07/30 15:00:00,4574.025953920653,267.65
07/30 16:00:00,4633.777237017274,228.59
07/30 17:00:00,4458.971390960981,100.68
07/30 18:00:00,4424.569941053066,38.59
07/30 19:00:00,4353.643244462727,11.14
07/30 20:00:00,4248.145622575658,1.0
07/30 21:00:00,4066.742141016643,0.0
07/30 22:00:00,3985.4072404327726,0.0
07/30 23:00:00,4258.354685664194,0.0
07/31 00:00:00,4230.828174833145,0.0
07/31 01:00:00,4265.22632805928,0.0
07/31 02:00:00,4206.844412547627,0.0
07/31 03:00:00,4250.217408361903,0.0
07/31 04:00:00,4360.452565374194,0.0
07/31 05:00:00,4838.982274750856,20.39
07/31 06:00:00,5639.386198820046,121.7
07/31 07:00:00,9230.514614721831,288.85
07/31 08:00:00,9153.25365888241,368.43
07/31 09:00:00,9223.458448250853,308.18
07/31 10:00:00,9188.59184964326,632.0
07/31 11:00:00,8759.56130377125,573.52
07/31 12:00:00,9144.492296026507,632.89
07/31 13:00:00,8966.045243482326,672.87
07/31 14:00:00,9156.42018862529,671.85
07/31 15:00:00,9007.080705342303,563.47
07/31 16:00:00,6715.360597721199,445.72
07/31 17:00:00,5743.760554742145,395.43
07/31 18:00:00,5648.255847530071,280.28
07/31 19:00:00,5421.4793257146,117.78
07/31 20:00:00,5441.343387651054,6.0
07/31 21:00:00,5044.1828546397155,0.0
07/31 22:00:00,4685.886488263721,0.0
07/31 23:00:00,5038.332295140421,0.0
08/01 00:00:00,4990.33877779289,0.0
08/01 01:00:00,5008.910918701535,0.0
08/01 02:00:00,4926.416160348343,0.0
08/01 03:00:00,5002.315170240604,0.0
08/01 04:00:00,5060.537935963183,0.0
08/01 05:00:00,5592.998628496857,27.0
08/01 06:00:00,6260.77386199828,174.71
08/01 07:00:00,9963.020043686673,268.9
08/01 08:00:00,9460.205401500089,375.9
08/01 09:00:00,9068.508478715188,490.44
08/01 10:00:00,9171.195283105539,629.47
08/01 11:00:00,8891.731143112695,733.99
08/01 12:00:00,9327.517222517248,798.68
08/01 13:00:00,9222.158029498842,779.24
08/01 14:00:00,9214.763836061926,698.19
08/01 15:00:00,9054.67900696928,589.23
08/01 16:00:00,7056.535933410765,495.47
08/01 17:00:00,6272.04861301082,391.16
08/01 18:00:00,6218.950675451771,270.64
08/01 19:00:00,6066.599412717014,115.82
08/01 20:00:00,5926.127961274527,5.0
08/01 21:00:00,5637.900821145406,0.0
08/01 22:00:00,5271.27805966824,0.0
08/01 23:00:00,4963.640267599634,0.0
08/02 00:00:00,4912.187805623475,0.0
08/02 01:00:00,4942.2434389469245,0.0
08/02 02:00:00,5013.252770745043,0.0
08/02 03:00:00,4983.014052886782,0.0
08/02 04:00:00,5052.275991496599,0.0
08/02 05:00:00,5499.270609841886,24.31
08/02 06:00:00,6185.511461520481,167.65
08/02 07:00:00,9454.861616990815,302.75
08/02 08:00:00,9383.115606427926,367.57
08/02 09:00:00,9335.200415305208,451.83
08/02 10:00:00,9340.667023668735,603.88
08/02 11:00:00,8999.773150419605,730.41
08/02 12:00:00,9466.072790964561,777.21
08/02 13:00:00,9412.709726291985,756.49
08/02 14:00:00,9507.453749524304,650.39
08/02 15:00:00,9278.191222638345,471.83
08/02 16:00:00,7143.884145639047,450.03
08/02 17:00:00,6208.863755957318,376.81
08/02 18:00:00,6374.160188331102,257.69
08/02 19:00:00,6158.615698080704,82.55
08/02 20:00:00,6189.251340841334,3.0
08/02 21:00:00,5809.477845120566,0.0
08/02 22:00:00,5366.406021177772,0.0
08/02 23:00:00,4936.659655094947,0.0
08/03 00:00:00,4917.812893475819,0.0
08/03 01:00:00,4965.882410468412,0.0
08/03 02:00:00,4885.292419857047,0.0
08/03 03:00:00,4881.718559223423,0.0
08/03 04:00:00,4988.808143992186,0.0
08/03 05:00:00,5339.689426113643,22.66
08/03 06:00:00,6121.934572149296,173.42
08/03 07:00:00,9480.108594659503,301.98
08/03 08:00:00,9643.433100254344,399.39
08/03 09:00:00,9364.983567634536,503.44
08/03 10:00:00,9306.238408949179,613.2
08/03 11:00:00,8976.907619758755,709.88
08/03 12:00:00,9311.328136015676,415.9
08/03 13:00:00,9329.823572667843,411.34
08/03 14:00:00,9384.792633207291,354.36
08/03 15:00:00,9166.727685587286,199.29
08/03 16:00:00,7078.915665490422,145.6
08/03 17:00:00,6185.452263666708,153.13
08/03 18:00:00,6253.391548921872,44.84
08/03 19:00:00,6041.924089427703,9.12
08/03 20:00:00,6049.7206716343735,1.0
08/03 21:00:00,5698.378221094563,0.0
08/03 22:00:00,5322.020099373557,0.0
08/03 23:00:00,4973.2281044474685,0.0
08/04 00:00:00,5037.077831267369,0.0
08/04 01:00:00,4973.206019064705,0.0
08/04 02:00:00,4927.662293617846,0.0
08/04 03:00:00,4878.031107435536,0.0
08/04 04:00:00,4953.772781311988,0.0
08/04 05:00:00,5489.8975979692295,7.22
08/04 06:00:00,6093.191191393184,60.08
08/04 07:00:00,9308.949173699035,159.59
08/04 08:00:00,9581.678596314678,164.26
08/04 09:00:00,9374.849983408625,271.86
08/04 10:00:00,9309.771960531434,349.65
08/04 11:00:00,8978.291749738639,338.85
08/04 12:00:00,9626.727422214637,341.86
08/04 13:00:00,9628.905930689443,464.3
08/04 14:00:00,9654.611616626149,496.72
08/04 15:00:00,9455.249672812035,378.56
08/04 16:00:00,7233.940292563677,293.15
08/04 17:00:00,6396.130525996065,273.25
08/04 18:00:00,6471.220854054099,243.0
08/04 19:00:00,6370.312867691572,84.63
08/04 20:00:00,6423.639872789538,3.0
08/04 21:00:00,5943.766367618199,0.0
08/04 22:00:00,5573.698711093082,0.0
08/04 23:00:00,4935.724852753697,0.0
08/05 00:00:00,4905.778246174341,0.0
08/05 01:00:00,4906.107052712375,0.0
08/05 02:00:00,4947.016724299419,0.0
08/05 03:00:00,4919.577204816314,0.0
08/05 04:00:00,4992.829107236267,0.0
08/05 05:00:00,5901.077629915891,3.05
08/05 06:00:00,5907.390168131896,19.18
08/05 07:00:00,6895.9083316113,72.01
08/05 08:00:00,6840.981905966804,120.87
08/05 09:00:00,6532.746794840611,122.08
08/05 10:00:00,6505.165268985923,126.89
08/05 11:00:00,5607.891811654441,400.53
08/05 12:00:00,5581.336778078655,620.24
08/05 13:00:00,5583.7700086790965,677.35
08/05 14:00:00,5611.9561206155795,550.93
08/05 15:00:00,5662.545866793056,575.36
08/05 16:00:00,5387.781693025649,482.94
08/05 17:00:00,5209.898246138693,369.48
08/05 18:00:00,4919.646387738476,250.26
08/05 19:00:00,5012.379437298137,83.97
08/05 20:00:00,5026.019160066434,2.0
08/05 21:00:00,5115.015219759358,0.0
08/05 22:00:00,4953.475612613895,0.0
08/05 23:00:00,4891.474649216874,0.0
08/06 00:00:00,4856.936529232482,0.0
08/06 01:00:00,4915.334432206492,0.0
08/06 02:00:00,4888.539754639917,0.0
08/06 03:00:00,4948.271925838157,0.0
08/06 04:00:00,5006.8299606175415,0.0
08/06 05:00:00,5349.126455468109,14.91
08/06 06:00:00,5381.294028605627,114.05
08/06 07:00:00,5608.7307932522435,256.98
08/06 08:00:00,5561.877309408106,377.02
08/06 09:00:00,5587.114248164497,448.08
08/06 10:00:00,5580.573585960175,464.98
08/06 11:00:00,5546.050089887717,468.96
08/06 12:00:00,5502.6028273718175,548.31
08/06 13:00:00,5512.421916302354,716.38
08/06 14:00:00,5510.075341774194,576.63
08/06 15:00:00,5458.912783953947,520.64
08/06 16:00:00,5546.4370264277695,420.16
08/06 17:00:00,5258.645882620028,262.79
08/06 18:00:00,5252.97959052456,188.47
08/06 19:00:00,5208.107494940229,71.6
08/06 20:00:00,5091.029055238014,1.0
08/06 21:00:00,5018.470161590895,0.0
08/06 22:00:00,4859.316390472253,0.0
08/06 23:00:00,5236.816879502109,0.0
08/07 00:00:00,5207.464980162311,0.0
08/07 01:00:00,5245.145618713446,0.0
08/07 02:00:00,5212.284555943483,0.0
08/07 03:00:00,5278.4752038821825,0.0
08/07 04:00:00,5350.3755915995425,0.0
08/07 05:00:00,5856.862343175429,15.45
08/07 06:00:00,6733.420056654984,160.84
08/07 07:00:00,10610.19566487735,255.09
08/07 08:00:00,10589.750332490035,152.66
08/07 09:00:00,10473.591998972786,82.22
08/07 10:00:00,10488.45310190724,67.72
08/07 11:00:00,10014.448950153454,148.15
08/07 12:00:00,10355.453224851692,130.46
08/07 13:00:00,10303.798368344032,160.07
08/07 14:00:00,10289.711255217322,128.29
08/07 15:00:00,10152.368116087257,152.07
08/07 16:00:00,7783.39809472497,199.36
08/07 17:00:00,6760.412466471413,163.21
08/07 18:00:00,6662.112896934233,68.13
08/07 19:00:00,6430.874242975231,90.95
08/07 20:00:00,6415.366939578697,1.0
08/07 21:00:00,6001.17399661607,0.0
08/07 22:00:00,5656.548357217649,0.0
08/07 23:00:00,5257.569208512913,0.0
08/08 00:00:00,5240.13907172085,0.0
08/08 01:00:00,5236.192162093285,0.0
08/08 02:00:00,5216.96067073639,0.0
08/08 03:00:00,5226.165113967434,0.0
08/08 04:00:00,5341.051850947532,0.0
08/08 05:00:00,5830.5741472939535,11.04
08/08 06:00:00,6601.94650952651,102.48
08/08 07:00:00,10281.71424992468,270.38
08/08 08:00:00,9985.625530178215,230.43
08/08 09:00:00,9640.649385541397,130.65
08/08 10:00:00,9496.487143769751,98.43
08/08 11:00:00,9024.94067162309,101.57
08/08 12:00:00,9377.540750131397,250.46
08/08 13:00:00,9378.044218303346,383.01
08/08 14:00:00,9381.637094745152,449.6
08/08 15:00:00,9327.294466264659,345.03
08/08 16:00:00,7251.313048053933,72.12
08/08 17:00:00,6409.043604512711,52.83
08/08 18:00:00,6480.386018077919,33.53
08/08 19:00:00,6466.935303127537,12.21
08/08 20:00:00,6436.561580511982,0.0
08/08 21:00:00,6052.460942993095,0.0
08/08 22:00:00,5666.642815119768,0.0
08/08 23:00:00,5259.809901349483,0.0
08/09 00:00:00,5233.6784139282345,0.0
08/09 01:00:00,5259.963058845601,0.0
08/09 02:00:00,5269.475033640645,0.0
08/09 03:00:00,5285.111833601863,0.0
08/09 04:00:00,5361.360270776733,0.0
08/09 05:00:00,5898.701323756369,2.04
08/09 06:00:00,6743.441861029009,18.16
08/09 07:00:00,10385.599583935786,33.32
08/09 08:00:00,10115.964962038293,48.47
08/09 09:00:00,9642.192992935546,359.12
08/09 10:00:00,9617.390983800857,128.84
08/09 11:00:00,9280.676527679596,117.35
08/09 12:00:00,9650.27523225922,62.82
08/09 13:00:00,9628.567977846244,47.81
08/09 14:00:00,9727.087648704892,55.76
08/09 15:00:00,9635.279740440865,71.67
08/09 16:00:00,7467.550533056152,45.55
08/09 17:00:00,6572.323959125344,32.41
08/09 18:00:00,6618.790357303934,26.26
08/09 19:00:00,6547.564986367777,12.2
08/09 20:00:00,6473.728383242475,0.0
08/09 21:00:00,6052.137823399875,0.0
08/09 22:00:00,5721.363874020974,0.0
08/09 23:00:00,5280.490918773963,0.0
08/10 00:00:00,5297.453885674153,0.0
08/10 01:00:00,5305.292641705792,0.0
08/10 02:00:00,5293.153952273097,0.0
08/10 03:00:00,5314.250325303477,0.0
08/10 04:00:00,5366.259713049085,0.0
08/10 05:00:00,5959.47414016609,3.22
08/10 06:00:00,6655.907107377088,35.96
08/10 07:00:00,10215.546346139225,70.91
08/10 08:00:00,10120.767517898908,189.96
08/10 09:00:00,9754.877917218382,507.14
08/10 10:00:00,9727.018157494576,613.05
08/10 11:00:00,9319.308062746877,718.74
08/10 12:00:00,9776.021621478736,750.23
08/10 13:00:00,9756.69938821672,758.21
08/10 14:00:00,9670.041614452733,678.87
08/10 15:00:00,9579.730895771312,535.67
08/10 16:00:00,7425.2455515116935,448.17
08/10 17:00:00,6545.655487905551,304.36
08/10 18:00:00,6591.821782037995,225.93
08/10 19:00:00,6565.61818250199,76.01
08/10 20:00:00,6706.686377400244,0.0
08/10 21:00:00,6281.165284541401,0.0
08/10 22:00:00,5772.9396888301235,0.0
08/10 23:00:00,5316.198674379709,0.0
08/11 00:00:00,5282.5615568795665,0.0
08/11 01:00:00,5293.112219969595,0.0
08/11 02:00:00,5259.471675064293,0.0
08/11 03:00:00,5278.189947264684,0.0
08/11 04:00:00,5344.248586610726,0.0
08/11 05:00:00,5810.767050949461,5.12
08/11 06:00:00,6413.263095566263,81.26
08/11 07:00:00,10040.098244537096,161.3
08/11 08:00:00,9998.889185133094,238.37
08/11 09:00:00,9685.705131151119,262.37
08/11 10:00:00,9666.301445346204,366.54
08/11 11:00:00,9417.397059624047,202.99
08/11 12:00:00,9804.68852821484,353.64
08/11 13:00:00,9814.178278457037,222.82
08/11 14:00:00,9700.187465307723,180.27
08/11 15:00:00,9504.164319576892,208.98
08/11 16:00:00,7374.954001068792,216.97
08/11 17:00:00,6458.108980700038,201.99
08/11 18:00:00,6521.948069671376,78.5
08/11 19:00:00,6398.105315373321,18.37
08/11 20:00:00,6462.899923857288,0.0
08/11 21:00:00,5991.579142536888,0.0
08/11 22:00:00,5638.95871165383,0.0
08/11 23:00:00,4846.271265388387,0.0
08/12 00:00:00,4839.068400113409,0.0
08/12 01:00:00,4767.755627928057,0.0
08/12 02:00:00,4766.988376110114,0.0
08/12 03:00:00,4801.442221093567,0.0
08/12 04:00:00,4789.584113121213,0.0
08/12 05:00:00,5706.10137618328,10.0
08/12 06:00:00,5762.066108372245,108.35
08/12 07:00:00,6585.17601733654,200.39
08/12 08:00:00,6803.492941345156,305.27
08/12 09:00:00,6739.284532283906,245.47
08/12 10:00:00,6691.819163496673,238.34
08/12 11:00:00,5720.031850511721,408.13
08/12 12:00:00,5700.878079929835,751.35
08/12 13:00:00,5726.866093277339,665.58
08/12 14:00:00,5731.809549624679,663.09
08/12 15:00:00,5810.212386735997,563.87
08/12 16:00:00,5545.272261307572,469.95
08/12 17:00:00,5409.5323073130885,360.39
08/12 18:00:00,5091.5144939987085,229.47
08/12 19:00:00,5138.576390964845,66.2
08/12 20:00:00,5128.2077356147465,0.0
08/12 21:00:00,4995.8078997156845,0.0
08/12 22:00:00,4933.990398049064,0.0
08/12 23:00:00,4868.439720690704,0.0
08/13 00:00:00,4862.205245884661,0.0
08/13 01:00:00,4839.108972151528,0.0
08/13 02:00:00,4832.181196479635,0.0
08/13 03:00:00,4797.314876728406,0.0
08/13 04:00:00,4845.5024917703095,0.0
08/13 05:00:00,5195.779341957389,10.0
08/13 06:00:00,5225.965979829517,135.01
08/13 07:00:00,5405.16406112488,292.83
08/13 08:00:00,5435.6170928964775,319.23
08/13 09:00:00,5419.972763520813,436.05
08/13 10:00:00,5493.057565157362,431.3
08/13 11:00:00,5479.7678747907175,302.14
08/13 12:00:00,5472.972771918341,179.82
08/13 13:00:00,5434.383577804045,746.4
08/13 14:00:00,5490.28467522107,527.01
08/13 15:00:00,5423.844544914297,511.44
08/13 16:00:00,5530.738449176319,391.44
08/13 17:00:00,5216.157291246971,330.38
08/13 18:00:00,5166.728923999609,216.12
08/13 19:00:00,5150.621121382801,60.34
08/13 20:00:00,5109.17438269659,0.0
08/13 21:00:00,4993.873285999507,0.0
08/13 22:00:00,4846.931789286734,0.0
08/13 23:00:00,5132.51276793341,0.0
08/14 00:00:00,5158.183577632744,0.0
08/14 01:00:00,5186.653388533232,0.0
08/14 02:00:00,5213.360795889881,0.0
08/14 03:00:00,5180.37503327073,0.0
08/14 04:00:00,5288.801554989547,0.0
08/14 05:00:00,5795.59039383355,6.0
08/14 06:00:00,6628.3391482983225,112.01
08/14 07:00:00,10393.473854805497,203.0
08/14 08:00:00,10247.669278519308,272.87
08/14 09:00:00,10081.09976029103,353.98
08/14 10:00:00,10220.94832911526,478.99
08/14 11:00:00,9906.499506372598,513.77
08/14 12:00:00,10278.245849430501,608.47
08/14 13:00:00,10214.159697690608,597.94
08/14 14:00:00,10224.53952843238,607.07
08/14 15:00:00,10051.919603202072,510.32
08/14 16:00:00,7720.979525327022,384.29
08/14 17:00:00,6679.401025735957,328.13
08/14 18:00:00,6557.87159585995,206.77
08/14 19:00:00,6389.822944947156,44.22
08/14 20:00:00,6307.273434871266,0.0
08/14 21:00:00,5922.694888743558,0.0
08/14 22:00:00,5606.611582061172,0.0
08/14 23:00:00,5235.613129736452,0.0
08/15 00:00:00,5195.074618416614,0.0
08/15 01:00:00,5277.853167479578,0.0
08/15 02:00:00,5254.541849529947,0.0
08/15 03:00:00,5246.687240625578,0.0
08/15 04:00:00,5341.984200590613,0.0
08/15 05:00:00,5789.050596497167,8.0
08/15 06:00:00,6653.605400586182,129.89
08/15 07:00:00,10362.795566339008,279.27
08/15 08:00:00,10409.751997684692,403.25
08/15 09:00:00,10531.46016972434,503.98
08/15 10:00:00,10543.437917058802,591.8
08/15 11:00:00,10089.741844365635,686.51
08/15 12:00:00,10516.967166156526,737.57
08/15 13:00:00,10418.16907540887,726.41
08/15 14:00:00,10528.046311471557,627.0
08/15 15:00:00,10340.903874240728,534.31
08/15 16:00:00,7941.254133955208,437.89
08/15 17:00:00,6838.403362711677,341.66
08/15 18:00:00,6717.354300525047,206.43
08/15 19:00:00,6451.88774020376,50.74
08/15 20:00:00,6449.0856308819575,0.0
08/15 21:00:00,6048.30772680858,0.0
08/15 22:00:00,5587.317046868562,0.0
08/15 23:00:00,5264.727670910669,0.0
08/16 00:00:00,5215.075490179372,0.0
08/16 01:00:00,5245.082523249885,0.0
08/16 02:00:00,5252.2046242463675,0.0
08/16 03:00:00,5217.875763917689,0.0
08/16 04:00:00,5318.816441137061,0.0
08/16 05:00:00,5820.428866998698,8.0
08/16 06:00:00,6554.211551580413,126.81
08/16 07:00:00,10077.99683995142,282.49
08/16 08:00:00,9747.299175200977,400.74
08/16 09:00:00,9352.96831313702,501.26
08/16 10:00:00,9245.047534775862,589.82
08/16 11:00:00,8940.563226281463,682.28
08/16 12:00:00,9453.006525763545,736.77
08/16 13:00:00,9391.460802909562,726.43
08/16 14:00:00,9287.165812766052,643.8
08/16 15:00:00,9182.38725631161,546.63
08/16 16:00:00,7007.896360707838,454.41
08/16 17:00:00,5998.984725212892,348.6
08/16 18:00:00,6166.238533378124,213.87
08/16 19:00:00,6134.286177855849,46.74
08/16 20:00:00,6159.6374669169,0.0
08/16 21:00:00,5799.614883024572,0.0
08/16 22:00:00,5403.340324228331,0.0
08/16 23:00:00,5018.009229147824,0.0
08/17 00:00:00,5062.6022507466205,0.0
08/17 01:00:00,5061.2715776252735,0.0
08/17 02:00:00,4972.579690553198,0.0
08/17 03:00:00,5025.866815650498,0.0
08/17 04:00:00,5106.400805829234,0.0
08/17 05:00:00,5622.965987399489,5.0
08/17 06:00:00,6259.715965955887,69.17
08/17 07:00:00,9597.036199410613,266.72
08/17 08:00:00,9437.443816954903,391.69
08/17 09:00:00,9149.587381621444,477.31
08/17 10:00:00,9131.3747632034,499.51
08/17 11:00:00,8814.997971992345,372.07
08/17 12:00:00,9158.506205136502,395.95
08/17 13:00:00,9124.10095199133,518.48
08/17 14:00:00,9052.311419273638,629.75
08/17 15:00:00,8888.17897516222,431.76
08/17 16:00:00,6791.6323035794485,208.22
08/17 17:00:00,5853.7280657349465,185.95
08/17 18:00:00,5987.941201127694,111.95
08/17 19:00:00,6109.71730972232,3.0
08/17 20:00:00,6033.332910404047,0.0
08/17 21:00:00,5628.643172363246,0.0
08/17 22:00:00,5361.80949725908,0.0
08/17 23:00:00,4890.6694033815065,0.0
08/18 00:00:00,4901.559946923927,0.0
08/18 01:00:00,4883.60317685539,0.0
08/18 02:00:00,4868.952433078733,0.0
08/18 03:00:00,4821.149844696452,0.0
08/18 04:00:00,4922.025395663954,0.0
08/18 05:00:00,5431.707583085956,1.0
08/18 06:00:00,6164.321372317822,15.26
08/18 07:00:00,9630.681221218392,40.58
08/18 08:00:00,9420.790230260163,123.88
08/18 09:00:00,9062.120003398868,292.3
08/18 10:00:00,9080.73603131516,416.61
08/18 11:00:00,8674.692216423406,546.87
08/18 12:00:00,9101.883037671183,693.02
08/18 13:00:00,9042.039408208575,534.07
08/18 14:00:00,9060.86126979174,266.46
08/18 15:00:00,8952.365053610256,458.14
08/18 16:00:00,6877.9761540722175,387.86
08/18 17:00:00,5977.643188148352,245.62
08/18 18:00:00,6123.729234769401,142.06
08/18 19:00:00,6134.1391855181955,35.05
08/18 20:00:00,6184.0400600114,0.0
08/18 21:00:00,5890.327600400066,0.0
08/18 22:00:00,5392.364516014699,0.0
08/18 23:00:00,4622.103552356491,0.0
08/19 00:00:00,4616.895090042206,0.0
08/19 01:00:00,4689.281000327625,0.0
08/19 02:00:00,4704.184669246049,0.0
08/19 03:00:00,4656.74663091253,0.0
08/19 04:00:00,4649.988561095205,0.0
08/19 05:00:00,5560.200063594804,2.0
08/19 06:00:00,5599.7040154550405,56.51
08/19 07:00:00,6416.790518357569,217.87
08/19 08:00:00,6507.850860412008,319.52
08/19 09:00:00,6234.643252357562,330.61
08/19 10:00:00,6194.569696809988,517.95
08/19 11:00:00,5335.695222719027,422.48
08/19 12:00:00,5366.982915046077,504.21
08/19 13:00:00,5389.507943725852,366.92
08/19 14:00:00,5366.360948692626,231.58
08/19 15:00:00,5540.303398988316,190.25
08/19 16:00:00,5271.906185266615,51.51
08/19 17:00:00,5032.446030316061,118.56
08/19 18:00:00,4823.923743906048,35.64
08/19 19:00:00,5000.598327759509,7.11
08/19 20:00:00,4980.214198080761,0.0
08/19 21:00:00,4862.742177494794,0.0
08/19 22:00:00,4673.077753406655,0.0
08/19 23:00:00,4607.359755567884,0.0
08/20 00:00:00,4598.575864381736,0.0
08/20 01:00:00,4583.022301503041,0.0
08/20 02:00:00,4593.43076434809,0.0
08/20 03:00:00,4596.030915135787,0.0
08/20 04:00:00,4645.846841464695,0.0
08/20 05:00:00,4933.033210725327,2.0
08/20 06:00:00,4944.651910442098,84.75
08/20 07:00:00,5121.890163309225,141.64
08/20 08:00:00,5073.663657211274,311.32
08/20 09:00:00,5145.2029276459625,294.09
08/20 10:00:00,5103.457564805553,309.53
08/20 11:00:00,5085.227830282523,383.4
08/20 12:00:00,5081.307165408352,603.09
08/20 13:00:00,5060.271560510197,670.08
08/20 14:00:00,5086.345935560618,602.23
08/20 15:00:00,5057.562474375199,533.98
08/20 16:00:00,5177.6447916815705,439.57
08/20 17:00:00,4938.1996675414275,331.45
08/20 18:00:00,4972.843458009023,180.05
08/20 19:00:00,4984.450838455337,28.37
08/20 20:00:00,4926.907214984401,0.0
08/20 21:00:00,4732.87403678459,0.0
08/20 22:00:00,4619.696158606501,0.0
08/20 23:00:00,4861.745480440565,0.0
08/21 00:00:00,4900.9298726987845,0.0
08/21 01:00:00,4893.483770562576,0.0
08/21 02:00:00,4833.813770051462,0.0
08/21 03:00:00,4851.41383872092,0.0
08/21 04:00:00,4987.933442883107,0.0
08/21 05:00:00,5491.952735337174,0.0
08/21 06:00:00,6203.992876388822,16.24
08/21 07:00:00,9787.600540989126,82.37
08/21 08:00:00,9732.000130974766,39.43
08/21 09:00:00,9693.027845990962,31.57
08/21 10:00:00,9621.831725613396,62.67
08/21 11:00:00,9160.917600311524,67.75
08/21 12:00:00,9526.7511268499,70.78
08/21 13:00:00,9471.869367490035,68.77
08/21 14:00:00,9658.691086487735,75.72
08/21 15:00:00,9561.43831740796,44.63
08/21 16:00:00,7337.542111082692,41.51
08/21 17:00:00,6301.995459199792,33.36
08/21 18:00:00,6359.055626889254,16.2
08/21 19:00:00,6069.429470972259,2.0
08/21 20:00:00,6019.860215883788,0.0
08/21 21:00:00,5543.0022580213,0.0
08/21 22:00:00,5209.038846254609,0.0
08/21 23:00:00,4855.022474541869,0.0
08/22 00:00:00,4863.037482241337,0.0
08/22 01:00:00,4862.109627924214,0.0
08/22 02:00:00,4769.012282658874,0.0
08/22 03:00:00,4829.791302475059,0.0
08/22 04:00:00,4959.255486319773,0.0
08/22 05:00:00,5484.657574709233,0.0
08/22 06:00:00,6070.60148624982,17.23
08/22 07:00:00,9381.860134667018,44.83
08/22 08:00:00,9309.737987950675,60.86
08/22 09:00:00,9055.87125753908,107.26
08/22 10:00:00,9097.945654785648,129.68
08/22 11:00:00,8726.986831891014,242.61
08/22 12:00:00,9124.027977135715,199.96
08/22 13:00:00,9147.607273417221,100.53
08/22 14:00:00,9314.984014625057,68.71
08/22 15:00:00,9145.23419361787,56.62
08/22 16:00:00,6984.333490185863,46.5
08/22 17:00:00,6082.062687740621,50.71
08/22 18:00:00,6335.710781527546,42.99
08/22 19:00:00,6243.053195130489,4.04
08/22 20:00:00,6154.05568279596,0.0
08/22 21:00:00,5733.890872943136,0.0
08/22 22:00:00,5350.6136494353195,0.0
08/22 23:00:00,4908.795243206869,0.0
08/23 00:00:00,4899.93514167948,0.0
08/23 01:00:00,4908.136945899883,0.0
08/23 02:00:00,4843.137329496866,0.0
08/23 03:00:00,4796.784592387597,0.0
08/23 04:00:00,4963.561150820632,0.0
08/23 05:00:00,5396.6576962421605,1.0
08/23 06:00:00,6038.0078710845255,35.58
08/23 07:00:00,9328.162856771873,251.38
08/23 08:00:00,9410.03791582907,354.54
08/23 09:00:00,9159.674625380985,431.38
08/23 10:00:00,9049.568879319075,394.02
08/23 11:00:00,8783.042521595242,557.17
08/23 12:00:00,9292.104774694888,539.45
08/23 13:00:00,9143.564355889084,541.61
08/23 14:00:00,9069.158473476238,414.98
08/23 15:00:00,8927.423953000494,273.81
08/23 16:00:00,6873.3778858893875,214.36
08/23 17:00:00,5988.32123431777,204.57
08/23 18:00:00,6087.919217386769,101.28
08/23 19:00:00,6045.991598265743,19.61
08/23 20:00:00,6041.6507812233485,0.0
08/23 21:00:00,5744.324829602226,0.0
08/23 22:00:00,5437.778463526187,0.0
08/23 23:00:00,5001.13665915673,0.0
08/24 00:00:00,5028.484811740415,0.0
08/24 01:00:00,5094.726329775746,0.0
08/24 02:00:00,5053.585613240118,0.0
08/24 03:00:00,5024.0121101545965,0.0
08/24 04:00:00,5052.885636325446,0.0
08/24 05:00:00,5517.437932679717,1.0
08/24 06:00:00,6089.966418215109,71.41
08/24 07:00:00,9551.912096591317,260.39
08/24 08:00:00,9272.49685721689,381.61
08/24 09:00:00,9119.888941315492,486.14
08/24 10:00:00,9188.715122083704,572.19
08/24 11:00:00,8880.657252710853,655.79
08/24 12:00:00,9317.434504771292,704.99
08/24 13:00:00,9236.673611863753,663.07
08/24 14:00:00,9296.607323335182,582.49
08/24 15:00:00,9121.772081565246,524.91
08/24 16:00:00,6949.561202890172,431.87
08/24 17:00:00,6068.647178213628,317.02
08/24 18:00:00,6201.338013225463,177.87
08/24 19:00:00,6138.26645669833,19.22
08/24 20:00:00,6226.5938073067455,0.0
08/24 21:00:00,5860.503693810577,0.0
08/24 22:00:00,5581.262182546067,0.0
08/24 23:00:00,5048.403101269749,0.0
08/25 00:00:00,5031.6986941058885,0.0
08/25 01:00:00,5052.943107916296,0.0
08/25 02:00:00,5059.462598181462,0.0
08/25 03:00:00,5075.625188734492,0.0
08/25 04:00:00,5162.069448606773,0.0
08/25 05:00:00,5671.219711672206,1.0
08/25 06:00:00,6279.000608992093,77.08
08/25 07:00:00,9692.929182968235,185.41
08/25 08:00:00,9507.223237442777,154.06
08/25 09:00:00,9228.113855812091,332.7
08/25 10:00:00,9295.174025798517,431.62
08/25 11:00:00,8939.803604818962,582.56
08/25 12:00:00,9376.659220873975,507.12
08/25 13:00:00,9345.255737077141,313.8
08/25 14:00:00,9287.049233629185,263.18
08/25 15:00:00,9078.495187702032,244.49
08/25 16:00:00,7044.302617384355,71.97
08/25 17:00:00,6107.64256851526,57.03
08/25 18:00:00,6299.955805263662,37.91
08/25 19:00:00,6241.753094401097,6.13
08/25 20:00:00,6196.410950466231,0.0
08/25 21:00:00,5811.281812151874,0.0
08/25 22:00:00,5481.541639414798,0.0
08/25 23:00:00,4719.016745032409,0.0
08/26 00:00:00,4697.675546015145,0.0
08/26 01:00:00,4697.727805453137,0.0
08/26 02:00:00,4704.7429254560775,0.0
08/26 03:00:00,4672.427871813113,0.0
08/26 04:00:00,4752.214753874927,0.0
08/26 05:00:00,5605.343613065289,1.0
08/26 06:00:00,5637.082124108573,67.39
08/26 07:00:00,6436.250801428872,220.84
08/26 08:00:00,6464.06085654473,257.92
08/26 09:00:00,6437.005523129866,181.35
08/26 10:00:00,6386.101859340578,325.62
08/26 11:00:00,5442.487409816275,603.83
08/26 12:00:00,5449.831457760091,544.14
08/26 13:00:00,5478.307442955942,577.23
08/26 14:00:00,5450.724832145658,560.22
08/26 15:00:00,5528.964800464277,444.35
08/26 16:00:00,5212.062936627563,422.94
08/26 17:00:00,5032.43521967106,316.29
08/26 18:00:00,4737.91583215331,169.94
08/26 19:00:00,4950.079122791034,12.51
08/26 20:00:00,4973.752926957413,0.0
08/26 21:00:00,4839.713703067014,0.0
08/26 22:00:00,4759.964578583903,0.0
08/26 23:00:00,4651.870528939049,0.0
08/27 00:00:00,4676.196059480437,0.0
08/27 01:00:00,4616.924028664283,0.0
08/27 02:00:00,4635.677774675805,0.0
08/27 03:00:00,4625.078376173268,0.0
08/27 04:00:00,4664.488798072193,0.0
08/27 05:00:00,5019.141092749258,1.0
08/27 06:00:00,5029.03881081965,77.46
08/27 07:00:00,5198.604988371325,247.52
08/27 08:00:00,5167.224725059424,352.14
08/27 09:00:00,5222.310054053629,465.52
08/27 10:00:00,5239.4576305072715,498.26
08/27 11:00:00,5160.597163571717,538.6
08/27 12:00:00,5164.969534933062,477.79
08/27 13:00:00,5148.675795182498,331.18
08/27 14:00:00,5102.014210493325,579.42
08/27 15:00:00,5050.228635395051,505.45
08/27 16:00:00,5153.259512968973,400.31
08/27 17:00:00,4833.69604547997,299.93
08/27 18:00:00,4856.996489065451,157.38
08/27 19:00:00,4864.148415083893,9.86
08/27 20:00:00,4811.213661275864,0.0
08/27 21:00:00,4695.296402795466,0.0
08/27 22:00:00,4602.69962317223,0.0
08/27 23:00:00,4889.134644312949,0.0
08/28 00:00:00,4863.443411770418,0.0
08/28 01:00:00,4870.274995433353,0.0
08/28 02:00:00,4894.419937550061,0.0
08/28 03:00:00,4928.1070915594755,0.0
08/28 04:00:00,5004.154473568248,0.0
08/28 05:00:00,5546.143231187064,0.0
08/28 06:00:00,6237.463635597754,73.69
08/28 07:00:00,9874.333277111913,243.6
08/28 08:00:00,9645.397757798175,366.69
08/28 09:00:00,9669.912920908042,472.16
08/28 10:00:00,9602.473150456935,554.64
08/28 11:00:00,9160.530616500228,630.38
08/28 12:00:00,9560.794074484727,669.79
08/28 13:00:00,9572.218103205358,649.68
08/28 14:00:00,9507.221849783678,585.73
08/28 15:00:00,9485.748161230144,510.93
08/28 16:00:00,7225.186506619671,413.9
08/28 17:00:00,6248.472971140549,281.57
08/28 18:00:00,6275.653476605857,139.88
08/28 19:00:00,6162.564411677955,7.34
08/28 20:00:00,6135.324626124322,0.0
08/28 21:00:00,5679.075335679707,0.0
08/28 22:00:00,5358.371674782446,0.0
08/28 23:00:00,4874.699408721348,0.0
08/29 00:00:00,4852.540130821501,0.0
08/29 01:00:00,4906.413072328721,0.0
08/29 02:00:00,4906.861966664539,0.0
08/29 03:00:00,4930.943046557933,0.0
08/29 04:00:00,4962.098832953312,0.0
08/29 05:00:00,5491.982306438913,0.0
08/29 06:00:00,6191.5967722906535,68.97
08/29 07:00:00,9349.403749538456,239.7
08/29 08:00:00,9209.04253324256,364.45
08/29 09:00:00,8884.320120755732,465.64
08/29 10:00:00,8868.176166671581,548.23
08/29 11:00:00,8584.486742970566,622.17
08/29 12:00:00,9036.257821485535,661.42
08/29 13:00:00,9042.174173214797,646.24
08/29 14:00:00,8963.823299373085,581.33
08/29 15:00:00,8921.965467378835,506.2
08/29 16:00:00,6868.712275337291,412.66
08/29 17:00:00,6084.786866780131,302.58
08/29 18:00:00,6341.414867924343,150.44
08/29 19:00:00,6245.8523272729035,9.0
08/29 20:00:00,6212.351626819991,0.0
08/29 21:00:00,5845.179041242158,0.0
08/29 22:00:00,5441.493957752182,0.0
08/29 23:00:00,4986.887431643489,0.0
08/30 00:00:00,4874.163838548403,0.0
08/30 01:00:00,4905.52698333664,0.0
08/30 02:00:00,4883.8289050340145,0.0
08/30 03:00:00,4870.939400254871,0.0
08/30 04:00:00,5014.416637057997,0.0
08/30 05:00:00,5509.570612824593,0.0
08/30 06:00:00,6085.684603963264,64.31
08/30 07:00:00,9304.779627803986,236.81
08/30 08:00:00,9143.207878223537,359.34
08/30 09:00:00,8900.13788283315,464.29
08/30 10:00:00,8948.760549488561,548.69
08/30 11:00:00,8581.520792398518,622.13
08/30 12:00:00,9007.96954129704,660.96
08/30 13:00:00,8968.855484647722,643.69
08/30 14:00:00,8922.332645165341,580.36
08/30 15:00:00,8792.112708684,505.49
08/30 16:00:00,6849.037761527668,408.57
08/30 17:00:00,6034.272791464353,298.25
08/30 18:00:00,6151.426024617058,143.92
08/30 19:00:00,6001.560620763539,7.0
08/30 20:00:00,5947.2562373305445,0.0
08/30 21:00:00,5541.594593586916,0.0
08/30 22:00:00,5210.646655185636,0.0
08/30 23:00:00,4818.073817400864,0.0
08/31 00:00:00,4778.294549809062,0.0
08/31 01:00:00,4808.21217567543,0.0
08/31 02:00:00,4778.721045527608,0.0
08/31 03:00:00,4855.93847757536,0.0
08/31 04:00:00,4878.350412081996,0.0
08/31 05:00:00,5398.984178812007,0.0
08/31 06:00:00,6092.710236319175,46.58
08/31 07:00:00,9470.856598714976,174.76
08/31 08:00:00,9105.993931280193,333.18
08/31 09:00:00,8824.474952990848,456.79
08/31 10:00:00,8931.406453206815,526.34
08/31 11:00:00,8610.817606632449,473.64
08/31 12:00:00,8901.195190066475,503.0
08/31 13:00:00,8893.879274629948,429.56
08/31 14:00:00,8988.721759081383,451.2
08/31 15:00:00,8889.140494365593,462.29
08/31 16:00:00,6961.584244092412,399.97
08/31 17:00:00,6097.862966560559,290.62
08/31 18:00:00,6268.0004675146,135.63
08/31 19:00:00,6170.043915328438,6.0
08/31 20:00:00,6041.503362143904,0.0
08/31 21:00:00,5651.805303685346,0.0
08/31 22:00:00,5252.915144323279,0.0
08/31 23:00:00,2729.9148747012014,0.0
09/01 00:00:00,2761.963581430452,0.0
09/01 01:00:00,2716.661939981113,0.0
09/01 02:00:00,2667.910369315469,0.0
09/01 03:00:00,2691.2400800898495,0.0
09/01 04:00:00,2803.18549393197,0.0
09/01 05:00:00,3287.365009797079,0.0
09/01 06:00:00,3955.2325514694935,71.17
09/01 07:00:00,7193.577944832408,232.09
09/01 08:00:00,7049.371934270824,350.64
09/01 09:00:00,7037.916243089298,428.8
09/01 10:00:00,7095.057435434997,550.48
09/01 11:00:00,6699.966901087215,652.75
09/01 12:00:00,7046.701523134964,614.66
09/01 13:00:00,7020.20909311826,670.55
09/01 14:00:00,6996.723307809522,548.7
09/01 15:00:00,6845.542793608654,497.88
09/01 16:00:00,4827.479154295966,363.87
09/01 17:00:00,3955.135859477715,245.27
09/01 18:00:00,4075.6767364942707,71.81
09/01 19:00:00,3905.5084673928823,1.0
09/01 20:00:00,3787.795662913369,0.0
09/01 21:00:00,3429.4425197234705,0.0
09/01 22:00:00,3105.621482136334,0.0
09/01 23:00:00,2413.827078790378,0.0
09/02 00:00:00,2354.7159864358855,0.0
09/02 01:00:00,2348.1488398626025,0.0
09/02 02:00:00,2356.781034179547,0.0
09/02 03:00:00,2376.3578142509427,0.0
09/02 04:00:00,2439.069538653772,0.0
09/02 05:00:00,3225.0269554326496,0.0
09/02 06:00:00,3319.4636768712003,15.37
09/02 07:00:00,4241.744605757737,39.71
09/02 08:00:00,4305.089656244107,55.78
09/02 09:00:00,4238.803128639027,99.1
09/02 10:00:00,4283.188455882994,98.89
09/02 11:00:00,3370.1006370963614,81.4
09/02 12:00:00,3377.1230601336147,77.73
09/02 13:00:00,3387.255662185486,52.72
09/02 14:00:00,3404.3717952467823,39.66
09/02 15:00:00,3484.284923053289,67.14
09/02 16:00:00,3166.485780046418,56.89
09/02 17:00:00,2948.003783779061,189.56
09/02 18:00:00,2689.0416498003297,12.14
09/02 19:00:00,2704.687131908781,0.0
09/02 20:00:00,2709.7293501141053,0.0
09/02 21:00:00,2570.432483114995,0.0
09/02 22:00:00,2496.535229652136,0.0
09/02 23:00:00,2387.5658612308844,0.0
09/03 00:00:00,2390.0505273484373,0.0
09/03 01:00:00,2387.863975941674,0.0
09/03 02:00:00,2379.6802656741916,0.0
09/03 03:00:00,2407.6343386295052,0.0
09/03 04:00:00,2440.594412497711,0.0
09/03 05:00:00,2776.235731891138,0.0
09/03 06:00:00,2840.8789467893816,53.2
09/03 07:00:00,2974.4393502528856,191.04
09/03 08:00:00,2900.2307765278592,345.22
09/03 09:00:00,2921.7489217600546,364.14
09/03 10:00:00,2970.1109300574503,415.15
09/03 11:00:00,2977.291031270797,433.42
09/03 12:00:00,2945.775064246482,404.17
09/03 13:00:00,2899.597448809109,402.37
09/03 14:00:00,2926.856737857991,419.44
09/03 15:00:00,2929.6861152703414,486.86
09/03 16:00:00,2983.0127466613167,386.54
09/03 17:00:00,2718.8766162957672,218.3
09/03 18:00:00,2719.8695097149075,123.66
09/03 19:00:00,2704.974078760821,3.0
09/03 20:00:00,2664.21027016623,0.0
09/03 21:00:00,2515.411032453162,0.0
09/03 22:00:00,2405.392482602773,0.0
09/03 23:00:00,2337.6873890143574,0.0
09/04 00:00:00,2356.4685901701428,0.0
09/04 01:00:00,2344.9843114344003,0.0
09/04 02:00:00,2348.62863842389,0.0
09/04 03:00:00,2322.58648826905,0.0
09/04 04:00:00,2411.164976853383,0.0
09/04 05:00:00,2738.8683231934965,0.0
09/04 06:00:00,2735.6904589646474,19.79
09/04 07:00:00,2896.362373427324,221.2
09/04 08:00:00,2869.2516949515357,252.25
09/04 09:00:00,2850.9682988912023,448.25
09/04 10:00:00,2905.3685666554916,544.78
09/04 11:00:00,2923.1443200318813,562.4
09/04 12:00:00,2880.8155432485382,596.17
09/04 13:00:00,2927.619455657925,671.63
09/04 14:00:00,2931.2864975237803,595.38
09/04 15:00:00,2901.209662542817,481.75
09/04 16:00:00,2956.2897918778035,346.73
09/04 17:00:00,2757.1079740761543,238.45
09/04 18:00:00,2723.15157571207,122.44
09/04 19:00:00,2724.8386912595156,3.0
09/04 20:00:00,2645.867755665339,0.0
09/04 21:00:00,2513.4647881463798,0.0
09/04 22:00:00,2419.886394624075,0.0
09/04 23:00:00,2718.3272126348365,0.0
09/05 00:00:00,2684.832466081305,0.0
09/05 01:00:00,2691.633794427734,0.0
09/05 02:00:00,2686.2277035787624,0.0
09/05 03:00:00,2691.9880364323467,0.0
09/05 04:00:00,2741.159105867236,0.0
09/05 05:00:00,3277.650683433402,0.0
09/05 06:00:00,3986.718126067814,51.5
09/05 07:00:00,7224.835136476577,191.44
09/05 08:00:00,7102.554279913644,205.14
09/05 09:00:00,6896.032827035267,169.7
09/05 10:00:00,6898.898386164308,227.82
09/05 11:00:00,6618.714107073483,174.5
09/05 12:00:00,6979.457664145504,239.9
09/05 13:00:00,7007.393410569936,160.22
09/05 14:00:00,6938.028104271032,150.54
09/05 15:00:00,6775.360937066356,92.66
09/05 16:00:00,4848.899473666926,68.29
09/05 17:00:00,4056.778479064766,26.28
09/05 18:00:00,4230.495127218882,31.97
09/05 19:00:00,4005.654722491547,1.0
09/05 20:00:00,3775.755580590241,0.0
09/05 21:00:00,3455.540413198604,0.0
09/05 22:00:00,3096.1774541077666,0.0
09/05 23:00:00,2692.7275726495386,0.0
09/06 00:00:00,2646.9672084457857,0.0
09/06 01:00:00,2650.6026766570626,0.0
09/06 02:00:00,2634.4385628238074,0.0
09/06 03:00:00,2620.7856302624323,0.0
09/06 04:00:00,2695.2228678908573,0.0
09/06 05:00:00,3258.2882022613335,0.0
09/06 06:00:00,3919.483598104809,14.4
09/06 07:00:00,7192.034111897911,76.4
09/06 08:00:00,7026.755037941497,119.98
09/06 09:00:00,6897.594857822136,208.27
09/06 10:00:00,6930.71847342161,192.2
09/06 11:00:00,6549.196818123378,349.92
09/06 12:00:00,6953.56889761883,585.45
09/06 13:00:00,6866.3524268772235,611.44
09/06 14:00:00,6947.755115973451,570.89
09/06 15:00:00,6830.5173893808515,461.87
09/06 16:00:00,4800.184037187454,365.78
09/06 17:00:00,3889.662854288217,251.55
09/06 18:00:00,3997.448428234721,108.18
09/06 19:00:00,3811.708687781268,2.0
09/06 20:00:00,3813.732438735823,0.0
09/06 21:00:00,3410.088236348181,0.0
09/06 22:00:00,3064.816127038204,0.0
09/06 23:00:00,2698.6430138380933,0.0
09/07 00:00:00,2654.1665647088107,0.0
09/07 01:00:00,2637.8850523283136,0.0
09/07 02:00:00,2614.8394650882547,0.0
09/07 03:00:00,2631.838916470434,0.0
09/07 04:00:00,2726.0694282642753,0.0
09/07 05:00:00,3220.4071674027423,0.0
09/07 06:00:00,3885.346963061363,37.05
09/07 07:00:00,7123.328631312877,199.54
09/07 08:00:00,7042.482669394631,322.9
09/07 09:00:00,6979.909359076333,423.47
09/07 10:00:00,7072.529457933793,538.2
09/07 11:00:00,6665.608228056604,618.33
09/07 12:00:00,7048.064977448868,662.05
09/07 13:00:00,7002.488895214505,635.95
09/07 14:00:00,7336.475535246173,566.58
09/07 15:00:00,7119.852898197004,463.69
09/07 16:00:00,4762.460679084897,366.06
09/07 17:00:00,3910.1914801552166,240.86
09/07 18:00:00,4055.6777959845535,101.17
09/07 19:00:00,3853.5084183133677,1.0
09/07 20:00:00,3766.2234804777518,0.0
09/07 21:00:00,3342.0058512891715,0.0
09/07 22:00:00,3106.885892728154,0.0
09/07 23:00:00,2651.256801127906,0.0
09/08 00:00:00,2681.19664727577,0.0
09/08 01:00:00,2688.6404529836877,0.0
09/08 02:00:00,2669.4638538300255,0.0
09/08 03:00:00,2634.4202960063335,0.0
09/08 04:00:00,2740.2999504857653,0.0
09/08 05:00:00,3212.1163465302125,0.0
09/08 06:00:00,3941.5843022146732,13.39
09/08 07:00:00,7232.393198827097,34.64
09/08 08:00:00,7144.5811852714305,57.1
09/08 09:00:00,7550.78786264654,140.5
09/08 10:00:00,7700.294887549265,250.18
09/08 11:00:00,7296.681652877443,184.75
09/08 12:00:00,7780.037620977373,134.81
09/08 13:00:00,7760.0936356358625,243.47
09/08 14:00:00,7769.100603615014,435.36
09/08 15:00:00,7647.0066973378125,321.76
09/08 16:00:00,5168.447114980753,129.79
09/08 17:00:00,3857.0153255834175,180.01
09/08 18:00:00,3941.904918138019,96.17
09/08 19:00:00,3828.5472575558138,1.0
09/08 20:00:00,3699.634179861438,0.0
09/08 21:00:00,3327.3434351268393,0.0
09/08 22:00:00,3016.49604236503,0.0
09/08 23:00:00,2368.2810394652097,0.0
09/09 00:00:00,2357.9749386270782,0.0
09/09 01:00:00,2350.6520278686653,1.0
09/09 02:00:00,2333.655469699955,0.0
09/09 03:00:00,2312.675878649321,0.0
09/09 04:00:00,2370.89184352795,0.0
09/09 05:00:00,3183.4473021811627,0.0
09/09 06:00:00,3375.39767367575,14.63
09/09 07:00:00,4256.660233349372,58.08
09/09 08:00:00,4211.634147821735,114.43
09/09 09:00:00,4158.3996432886015,200.87
09/09 10:00:00,4209.276470521833,306.47
09/09 11:00:00,3343.8285168739535,317.53
09/09 12:00:00,3322.4536438747627,193.98
09/09 13:00:00,3288.839843276175,114.05
09/09 14:00:00,3298.668074219649,75.26
09/09 15:00:00,3355.1695889418675,76.07
09/09 16:00:00,3082.904688842786,40.41
09/09 17:00:00,2894.8234308664264,54.3
09/09 18:00:00,2660.99507122988,17.29
09/09 19:00:00,2665.8271481203724,0.0
09/09 20:00:00,2652.308477027851,0.0
09/09 21:00:00,2467.7805958394974,0.0
09/09 22:00:00,2433.1921486049473,0.0
09/09 23:00:00,2308.9357915641353,0.0
09/10 00:00:00,2286.1272340598393,0.0
09/10 01:00:00,2312.7732178159386,0.0
09/10 02:00:00,2316.7733049253757,0.0
09/10 03:00:00,2314.8471566600074,0.0
09/10 04:00:00,2340.444097262131,0.0
09/10 05:00:00,2674.3875243553075,0.0
09/10 06:00:00,2766.299389860494,1.0
09/10 07:00:00,2902.570496592797,14.2
09/10 08:00:00,2806.189556149164,55.07
09/10 09:00:00,2866.672259907379,48.49
09/10 10:00:00,2906.4382756342566,92.79
09/10 11:00:00,2909.5291640592723,108.0
09/10 12:00:00,2896.3326036704234,98.39
09/10 13:00:00,2856.3729694817807,325.38
09/10 14:00:00,2827.4819318856044,521.29
09/10 15:00:00,2811.9854542058847,454.75
09/10 16:00:00,2902.6295836096688,353.76
09/10 17:00:00,2623.8384102997275,240.09
09/10 18:00:00,2629.651730810399,81.67
09/10 19:00:00,2640.5518260053946,0.0
09/10 20:00:00,2590.4085781319363,0.0
09/10 21:00:00,2471.644094305416,0.0
09/10 22:00:00,2372.2099315796254,0.0
09/10 23:00:00,2659.722350095292,0.0
09/11 00:00:00,2655.1561294250096,0.0
09/11 01:00:00,2651.509934372648,0.0
09/11 02:00:00,2606.498838790634,0.0
09/11 03:00:00,2675.582654718814,0.0
09/11 04:00:00,2748.2785399310087,0.0
09/11 05:00:00,3242.2787900211606,0.0
09/11 06:00:00,4022.9576164592454,25.99
09/11 07:00:00,7344.042116506531,201.12
09/11 08:00:00,7316.711259322065,322.58
09/11 09:00:00,7044.532300672643,420.39
09/11 10:00:00,7082.995968687566,528.35
09/11 11:00:00,6921.4045271610275,610.74
09/11 12:00:00,7291.574236640763,650.77
09/11 13:00:00,7201.8537816920725,625.84
09/11 14:00:00,7118.898456743996,551.17
09/11 15:00:00,6959.583278771061,453.12
09/11 16:00:00,4860.880880901045,349.92
09/11 17:00:00,3933.8951160538827,237.35
09/11 18:00:00,3912.058940703031,74.99
09/11 19:00:00,3717.9412060523246,0.0
09/11 20:00:00,3688.0361225853862,0.0
09/11 21:00:00,3346.592902554074,0.0
09/11 22:00:00,3035.663379843224,0.0
09/11 23:00:00,2625.694305230467,0.0
09/12 00:00:00,2590.040492552823,0.0
09/12 01:00:00,2633.6991203050047,0.0
09/12 02:00:00,2617.8809878638826,0.0
09/12 03:00:00,2629.610025529656,0.0
09/12 04:00:00,2698.527056301712,0.0
09/12 05:00:00,3178.373509062337,0.0
09/12 06:00:00,3863.5621992703022,23.13
09/12 07:00:00,7093.399750499295,183.15
09/12 08:00:00,6986.206974553018,318.04
09/12 09:00:00,6838.777757715638,410.08
09/12 10:00:00,6915.831261910987,428.31
09/12 11:00:00,6528.660753615158,257.04
09/12 12:00:00,6799.549318791752,612.41
09/12 13:00:00,6733.3569952386115,361.54
09/12 14:00:00,6692.756349968725,377.62
09/12 15:00:00,6676.220242340287,255.09
09/12 16:00:00,4841.161348980597,161.28
09/12 17:00:00,3935.431234566693,94.75
09/12 18:00:00,3980.9427631078174,11.16
09/12 19:00:00,3829.376600628372,0.0
09/12 20:00:00,3680.7537475427794,0.0
09/12 21:00:00,3320.635405970043,0.0
09/12 22:00:00,3019.6096027796075,0.0
09/12 23:00:00,2619.6906104037375,0.0
09/13 00:00:00,2596.07463484434,0.0
09/13 01:00:00,2602.085059120599,0.0
09/13 02:00:00,2583.7808979929,0.0
09/13 03:00:00,2598.2844176590575,0.0
09/13 04:00:00,2692.461197564093,0.0
09/13 05:00:00,3202.31844354054,0.0
09/13 06:00:00,3926.3501387764586,9.31
09/13 07:00:00,7281.721597352142,57.3
09/13 08:00:00,6963.200084488829,63.38
09/13 09:00:00,7245.520657767653,121.83
09/13 10:00:00,7008.486627147097,210.84
09/13 11:00:00,6646.020140582114,201.13
09/13 12:00:00,7053.81687975239,126.72
09/13 13:00:00,7017.146496484618,86.33
09/13 14:00:00,7027.5704485011165,75.21
09/13 15:00:00,6839.134093246645,116.07
09/13 16:00:00,4768.208541786399,39.38
09/13 17:00:00,3906.2450025179883,27.47
09/13 18:00:00,4006.9402598105307,8.07
09/13 19:00:00,3840.1964901343913,0.0
09/13 20:00:00,3742.226932577751,0.0
09/13 21:00:00,3426.9761417242976,0.0
09/13 22:00:00,3061.741679869062,0.0
09/13 23:00:00,2640.346900415556,0.0
09/14 00:00:00,2632.288178846682,0.0
09/14 01:00:00,2646.81844436981,0.0
09/14 02:00:00,2666.5455891239976,0.0
09/14 03:00:00,2643.624940061351,0.0
09/14 04:00:00,2758.2272058929834,0.0
09/14 05:00:00,3253.0926045568244,0.0
09/14 06:00:00,3967.650324724816,20.63
09/14 07:00:00,7174.3446941695875,189.52
09/14 08:00:00,6928.499600173242,314.64
09/14 09:00:00,6850.8264756571025,416.04
09/14 10:00:00,6822.239061711038,513.81
09/14 11:00:00,6481.584012510167,597.5
09/14 12:00:00,6876.443460487897,633.65
09/14 13:00:00,6900.062574278343,612.42
09/14 14:00:00,7485.728912881043,540.7
09/14 15:00:00,7542.771758234813,437.54
09/14 16:00:00,5170.877203091788,338.37
09/14 17:00:00,3829.902877814919,221.55
09/14 18:00:00,3886.1855684600623,55.93
09/14 19:00:00,3833.999749284768,0.0
09/14 20:00:00,3709.223011974101,0.0
09/14 21:00:00,3353.981777220525,0.0
09/14 22:00:00,3068.0606648977937,0.0
09/14 23:00:00,2627.3528606397804,0.0
09/15 00:00:00,2673.3471551341445,0.0
09/15 01:00:00,2653.526054649777,0.0
09/15 02:00:00,2672.53659106576,0.0
09/15 03:00:00,2641.681483651271,0.0
09/15 04:00:00,2722.717712026165,0.0
09/15 05:00:00,3318.1525445300754,0.0
09/15 06:00:00,3942.255210423467,8.54
09/15 07:00:00,7076.1286684001325,72.13
09/15 08:00:00,6999.89209061877,143.8
09/15 09:00:00,6695.073297974962,242.76
09/15 10:00:00,6831.020322970287,458.51
09/15 11:00:00,6565.004090037698,435.68
09/15 12:00:00,6917.494024862359,543.25
09/15 13:00:00,6738.40786356663,350.51
09/15 14:00:00,6779.602192209461,183.34
09/15 15:00:00,6532.196719020942,142.5
09/15 16:00:00,4636.722717842836,90.61
09/15 17:00:00,3793.779046563645,27.45
09/15 18:00:00,3897.871987296853,6.06
09/15 19:00:00,3736.2899985907156,0.0
09/15 20:00:00,3658.770223493912,0.0
09/15 21:00:00,3365.2933320956854,0.0
09/15 22:00:00,3031.595163324254,0.0
09/15 23:00:00,2344.0208493706486,0.0
09/16 00:00:00,2325.929325086493,0.0
09/16 01:00:00,2318.3694204394765,0.0
09/16 02:00:00,2300.668384911922,1.0
09/16 03:00:00,2318.47481746315,0.0
09/16 04:00:00,2377.3825196014777,0.0
09/16 05:00:00,3170.776350182678,0.0
09/16 06:00:00,3243.0432770597026,17.39
09/16 07:00:00,4166.53482934687,183.04
09/16 08:00:00,4156.956302120453,305.29
09/16 09:00:00,4121.72958041702,365.13
09/16 10:00:00,4213.164000828192,472.47
09/16 11:00:00,3359.4659737037528,481.45
09/16 12:00:00,3337.2422235003696,507.94
09/16 13:00:00,3428.8213109087337,516.27
09/16 14:00:00,3454.60056034222,428.99
09/16 15:00:00,3375.4062371057153,344.11
09/16 16:00:00,3108.9602037907707,304.82
09/16 17:00:00,2777.982364257866,143.67
09/16 18:00:00,2546.107222440571,12.27
09/16 19:00:00,2592.194225140778,0.0
09/16 20:00:00,2588.216095495845,0.0
09/16 21:00:00,2451.2511048034103,0.0
09/16 22:00:00,2317.7101768353004,0.0
09/16 23:00:00,2259.750532467109,0.0
09/17 00:00:00,2289.0193217642695,0.0
09/17 01:00:00,2317.3264501339186,0.0
09/17 02:00:00,2276.5908247889097,0.0
09/17 03:00:00,2293.0962848435506,0.0
09/17 04:00:00,2377.9008303013547,0.0
09/17 05:00:00,2658.515650941268,0.0
09/17 06:00:00,2692.8194406622915,7.92
09/17 07:00:00,2936.633702620531,61.32
09/17 08:00:00,2899.4823519083793,104.93
09/17 09:00:00,2873.82756527774,396.27
09/17 10:00:00,2882.517044628437,497.94
09/17 11:00:00,2905.0613286269177,576.23
09/17 12:00:00,2917.2121403870906,609.1
09/17 13:00:00,2893.5738374480825,579.48
09/17 14:00:00,2897.33901819482,497.86
09/17 15:00:00,2887.8514859723914,414.8
09/17 16:00:00,2892.468443705578,327.96
09/17 17:00:00,2600.9221727781833,206.19
09/17 18:00:00,2633.833691552425,27.44
09/17 19:00:00,2621.7659214125956,0.0
09/17 20:00:00,2542.4958191697224,0.0
09/17 21:00:00,2410.587881577291,0.0
09/17 22:00:00,2403.6988781512923,0.0
09/17 23:00:00,2645.5709753023416,0.0
09/18 00:00:00,2594.4805519076895,0.0
09/18 01:00:00,2673.8331725514963,0.0
09/18 02:00:00,2606.0594476919077,0.0
09/18 03:00:00,2629.5504060656813,0.0
09/18 04:00:00,2767.475220697084,0.0
09/18 05:00:00,3205.832581304387,0.0
09/18 06:00:00,3937.6330870209144,10.51
09/18 07:00:00,7437.551126764195,148.54
09/18 08:00:00,7192.028685078112,285.21
09/18 09:00:00,7213.085207124732,393.37
09/18 10:00:00,7212.753760227673,436.63
09/18 11:00:00,6764.15159269339,477.66
09/18 12:00:00,7162.334137399917,572.96
09/18 13:00:00,7280.277560121992,461.48
09/18 14:00:00,7300.584398787,479.25
09/18 15:00:00,7304.490956768127,416.92
09/18 16:00:00,5016.2327352094035,310.15
09/18 17:00:00,3953.0357404255647,196.75
09/18 18:00:00,4042.471128062996,23.83
09/18 19:00:00,3863.462136407944,0.0
09/18 20:00:00,3736.496532591231,0.0
09/18 21:00:00,3468.645001959683,0.0
09/18 22:00:00,3093.553898088931,0.0
09/18 23:00:00,2700.117606316432,0.0
09/19 00:00:00,2754.7901352226336,0.0
09/19 01:00:00,2741.6161970400835,0.0
09/19 02:00:00,2704.2176384916274,0.0
09/19 03:00:00,2786.0871411830453,0.0
09/19 04:00:00,2795.7859789207637,0.0
09/19 05:00:00,3348.5139794707893,0.0
09/19 06:00:00,4062.6013286686994,9.18
09/19 07:00:00,7347.073882050051,153.86
09/19 08:00:00,7867.865151946409,238.42
09/19 09:00:00,7543.500252316111,300.58
09/19 10:00:00,7562.486485306609,472.27
09/19 11:00:00,7171.490231930535,529.41
09/19 12:00:00,7530.966962039295,592.61
09/19 13:00:00,7464.888923410336,570.07
09/19 14:00:00,7502.7195237398955,503.32
09/19 15:00:00,7433.320367119767,410.52
09/19 16:00:00,5211.939027955349,315.82
09/19 17:00:00,4295.950114983252,195.41
09/19 18:00:00,4622.5414054080065,23.82
09/19 19:00:00,4523.200736710548,0.0
09/19 20:00:00,4407.882988697325,0.0
09/19 21:00:00,4039.28131260967,0.0
09/19 22:00:00,3665.167818321344,0.0
09/19 23:00:00,3172.962954745553,0.0
09/20 00:00:00,3204.9813936485507,0.0
09/20 01:00:00,3177.566594412386,0.0
09/20 02:00:00,3157.2039717484786,0.0
09/20 03:00:00,3183.78377538358,0.0
09/20 04:00:00,3286.4032355345353,0.0
09/20 05:00:00,3847.571206491497,0.0
09/20 06:00:00,4692.774145777327,10.0
09/20 07:00:00,8378.162358409307,91.04
09/20 08:00:00,8009.759047898386,195.64
09/20 09:00:00,7583.417653486493,332.57
09/20 10:00:00,7484.934901613536,407.32
09/20 11:00:00,7149.119804912853,497.76
09/20 12:00:00,7597.893617866762,286.35
09/20 13:00:00,7507.35362639044,325.28
09/20 14:00:00,7511.791364255533,294.73
09/20 15:00:00,7376.949643322363,153.54
09/20 16:00:00,5178.794339870373,56.03
09/20 17:00:00,4346.2330807507105,19.19
09/20 18:00:00,4547.7522380074015,5.06
09/20 19:00:00,4383.739990862745,0.0
09/20 20:00:00,4283.653171524771,0.0
09/20 21:00:00,3973.971728978602,0.0
09/20 22:00:00,3726.663957666988,0.0
09/20 23:00:00,3207.1139960330293,0.0
09/21 00:00:00,3213.3205297502886,0.0
09/21 01:00:00,3225.2905636008095,0.0
09/21 02:00:00,3218.613211502232,0.0
09/21 03:00:00,3247.7710414566095,0.0
09/21 04:00:00,3310.875831931775,0.0
09/21 05:00:00,3919.6574919776845,0.0
09/21 06:00:00,4728.968704043649,9.0
09/21 07:00:00,8602.53836487992,61.1
09/21 08:00:00,8132.068239477205,27.31
09/21 09:00:00,7661.9545999828715,76.33
09/21 10:00:00,7544.178815489513,88.64
09/21 11:00:00,7191.613986449862,211.66
09/21 12:00:00,7527.113663340413,142.83
09/21 13:00:00,7553.440386004437,92.24
09/21 14:00:00,7490.650481761333,73.12
09/21 15:00:00,7458.994320958952,51.47
09/21 16:00:00,5238.900927135151,48.67
09/21 17:00:00,4377.7958768297985,21.19
09/21 18:00:00,4550.864100891647,9.42
09/21 19:00:00,4363.841664088179,0.0
09/21 20:00:00,4279.746788741859,0.0
09/21 21:00:00,3924.543570891457,0.0
09/21 22:00:00,3683.5511046477,0.0
09/21 23:00:00,3212.924561860683,0.0
09/22 00:00:00,3203.4011331962743,0.0
09/22 01:00:00,3179.1935738461916,0.0
09/22 02:00:00,3210.5972278196027,0.0
09/22 03:00:00,3191.6855655648524,0.0
09/22 04:00:00,3321.627444294739,0.0
09/22 05:00:00,3893.050918144505,0.0
09/22 06:00:00,4740.255348190461,6.0
09/22 07:00:00,8524.9865393109,57.53
09/22 08:00:00,8142.797631421394,130.35
09/22 09:00:00,7704.87143392822,258.93
09/22 10:00:00,7621.039455659754,198.48
09/22 11:00:00,6495.434829150437,117.44
09/22 12:00:00,6943.005889656981,142.8
09/22 13:00:00,6850.303048336497,117.46
09/22 14:00:00,6856.106331750338,61.56
09/22 15:00:00,6760.67684963001,46.46
09/22 16:00:00,4861.13233560385,18.33
09/22 17:00:00,3942.31252303425,17.18
09/22 18:00:00,4023.5226819671716,13.71
09/22 19:00:00,3823.773915892037,0.0
09/22 20:00:00,3685.0615161387705,0.0
09/22 21:00:00,3394.731596517219,0.0
09/22 22:00:00,3147.067715407272,0.0
09/22 23:00:00,2436.7890532080614,0.0
09/23 00:00:00,2394.9267850714,0.0
09/23 01:00:00,2420.47431150875,0.0
09/23 02:00:00,2402.883864232541,0.0
09/23 03:00:00,2427.4170084173516,0.0
09/23 04:00:00,2476.1222831473196,0.0
09/23 05:00:00,3320.922306319867,0.0
09/23 06:00:00,3408.78353079896,4.0
09/23 07:00:00,4358.5595079561135,24.45
09/23 08:00:00,4340.334582993314,42.6
09/23 09:00:00,4141.311005168564,81.74
09/23 10:00:00,4177.465727946502,144.84
09/23 11:00:00,3321.864810192314,266.36
09/23 12:00:00,3295.250830542383,239.35
09/23 13:00:00,3293.0290846859434,306.52
09/23 14:00:00,3299.120219652363,348.99
09/23 15:00:00,3394.1661675188593,378.25
09/23 16:00:00,3121.4774391704755,255.12
09/23 17:00:00,2852.854161566954,173.45
09/23 18:00:00,2663.832023739101,11.94
09/23 19:00:00,2681.022394606468,0.0
09/23 20:00:00,2643.2499390108846,0.0
09/23 21:00:00,2590.9396771041925,0.0
09/23 22:00:00,2492.366070680068,0.0
09/23 23:00:00,2373.4163983834646,0.0
09/24 00:00:00,2362.889846780717,0.0
09/24 01:00:00,2364.7030329782524,0.0
09/24 02:00:00,2297.868901620513,0.0
09/24 03:00:00,2370.688580274338,0.0
09/24 04:00:00,2401.2716312059715,0.0
09/24 05:00:00,2711.100010928244,0.0
09/24 06:00:00,2746.639192426219,2.0
09/24 07:00:00,2895.7259230817053,56.91
09/24 08:00:00,2884.155625735993,184.68
09/24 09:00:00,2962.6478298237944,276.3
09/24 10:00:00,2932.0155285927767,348.72
09/24 11:00:00,2906.798067085731,416.12
09/24 12:00:00,2908.7252219338957,243.46
09/24 13:00:00,2922.1139595574464,269.63
09/24 14:00:00,2940.009225438557,108.73
09/24 15:00:00,2840.072625582792,109.13
09/24 16:00:00,2948.849749300163,32.32
09/24 17:00:00,2672.452275489677,14.17
09/24 18:00:00,2652.2887602039355,2.02
09/24 19:00:00,2637.0259386429925,0.0
09/24 20:00:00,2614.2683617135467,0.0
09/24 21:00:00,2503.4693055609537,0.0
09/24 22:00:00,2402.7097149951524,0.0
09/24 23:00:00,2675.500544065741,0.0
09/25 00:00:00,2628.410338864555,0.0
09/25 01:00:00,2623.5047041011794,0.0
09/25 02:00:00,2644.0258383590826,0.0
09/25 03:00:00,2631.8231777341853,0.0
09/25 04:00:00,2725.7236193900535,0.0
09/25 05:00:00,3239.7563939423453,0.0
09/25 06:00:00,4033.5097088409807,1.0
09/25 07:00:00,7634.513264493552,9.14
09/25 08:00:00,7329.261693959608,45.88
09/25 09:00:00,7305.678229775208,71.28
09/25 10:00:00,7345.0071738106735,49.53
09/25 11:00:00,6845.443021240785,71.19
09/25 12:00:00,7326.338605488694,63.62
09/25 13:00:00,7263.5738869310835,45.6
09/25 14:00:00,7209.549637018774,42.54
09/25 15:00:00,7039.855719093181,59.88
09/25 16:00:00,4956.608336566005,39.63
09/25 17:00:00,3879.9890371523047,75.92
09/25 18:00:00,3991.256251516019,2.0
09/25 19:00:00,3755.7375759974316,0.0
09/25 20:00:00,3610.1039682164087,0.0
09/25 21:00:00,3303.40968041733,0.0
09/25 22:00:00,3017.7948768563647,0.0
09/25 23:00:00,2651.03571095827,0.0
09/26 00:00:00,2558.6948751630875,0.0
09/26 01:00:00,2593.6972568527726,0.0
09/26 02:00:00,2599.3715716424003,0.0
09/26 03:00:00,2565.031956169039,0.0
09/26 04:00:00,2696.850108359439,0.0
09/26 05:00:00,3195.925721920113,0.0
09/26 06:00:00,3942.080690426051,2.0
09/26 07:00:00,7117.792047624676,38.36
09/26 08:00:00,6834.7181418977825,110.51
09/26 09:00:00,6672.714115966823,345.83
09/26 10:00:00,6733.123009847924,452.76
09/26 11:00:00,6407.082578511266,403.04
09/26 12:00:00,6807.244096059532,493.71
09/26 13:00:00,6648.786972416836,478.51
09/26 14:00:00,6714.840892860274,271.88
09/26 15:00:00,6640.801322119226,189.42
09/26 16:00:00,4602.57991368819,182.31
09/26 17:00:00,3759.3148275284166,36.93
09/26 18:00:00,3918.3614099739502,9.0
09/26 19:00:00,3797.86533650173,0.0
09/26 20:00:00,3756.7222447879913,0.0
09/26 21:00:00,3374.0283284617453,0.0
09/26 22:00:00,2993.843215913589,0.0
09/26 23:00:00,2645.199334572684,0.0
09/27 00:00:00,2631.166443998083,0.0
09/27 01:00:00,2639.7063900051376,0.0
09/27 02:00:00,2562.2107726461463,0.0
09/27 03:00:00,2626.221568411945,0.0
09/27 04:00:00,2725.574802807625,0.0
09/27 05:00:00,3222.2498524729444,0.0
09/27 06:00:00,4080.279269705996,7.0
09/27 07:00:00,7412.626881242606,128.11
09/27 08:00:00,7201.36310155018,241.38
09/27 09:00:00,7073.147760416731,350.6
09/27 10:00:00,7028.29878013124,453.52
09/27 11:00:00,6539.660264409974,519.39
09/27 12:00:00,7022.02980745944,490.1
09/27 13:00:00,6991.2845670579245,297.01
09/27 14:00:00,7062.827016583087,267.94
09/27 15:00:00,6805.0282451436,312.96
09/27 16:00:00,4780.851993660299,260.68
09/27 17:00:00,3854.683915802151,77.44
09/27 18:00:00,3925.9798926918274,4.0
09/27 19:00:00,3743.116667467126,0.0
09/27 20:00:00,3584.8322572996167,0.0
09/27 21:00:00,3241.1721167880737,0.0
09/27 22:00:00,2993.4996094951975,0.0
09/27 23:00:00,2599.279610592597,0.0
09/28 00:00:00,2592.4790907510765,0.0
09/28 01:00:00,2596.208599943319,0.0
09/28 02:00:00,2571.304889099249,0.0
09/28 03:00:00,2566.3928083050446,0.0
09/28 04:00:00,2683.0062472175873,0.0
09/28 05:00:00,3182.6437845332857,0.0
09/28 06:00:00,3919.8126031548827,5.0
09/28 07:00:00,6975.396883804379,90.67
09/28 08:00:00,6945.347196986649,166.27
09/28 09:00:00,6847.325430894904,234.05
09/28 10:00:00,7569.526366727703,296.02
09/28 11:00:00,7210.68185728848,398.62
09/28 12:00:00,7526.718515046492,348.24
09/28 13:00:00,7435.850651964051,342.1
09/28 14:00:00,7474.575046351806,366.42
09/28 15:00:00,7304.7157683522355,320.89
09/28 16:00:00,4731.552584304145,219.32
09/28 17:00:00,3820.9875912409066,92.02
09/28 18:00:00,3989.2953442925236,2.0
09/28 19:00:00,3815.2997092136916,0.0
09/28 20:00:00,3753.9940682915317,0.0
09/28 21:00:00,3396.6698408036855,0.0
09/28 22:00:00,3114.0039969131726,0.0
09/28 23:00:00,2704.894906738917,0.0
09/29 00:00:00,2715.388891896623,0.0
09/29 01:00:00,2639.627176117046,0.0
09/29 02:00:00,2626.695393233782,0.0
09/29 03:00:00,2637.3246583730975,0.0
09/29 04:00:00,2698.0725094948407,0.0
09/29 05:00:00,3236.4137810399275,0.0
09/29 06:00:00,3951.871560125426,4.0
09/29 07:00:00,6920.821178708249,100.19
09/29 08:00:00,6837.04635546238,179.02
09/29 09:00:00,6765.3506461024845,294.1
09/29 10:00:00,7394.600177089933,218.32
09/29 11:00:00,7072.883590979502,280.97
09/29 12:00:00,7474.205711340269,428.7
09/29 13:00:00,7602.09999650717,402.51
09/29 14:00:00,7539.325373431769,348.36
09/29 15:00:00,7283.649808542343,314.82
09/29 16:00:00,5088.14408265216,271.15
09/29 17:00:00,4260.481595451402,130.33
09/29 18:00:00,4474.688962074635,5.0
09/29 19:00:00,4281.513537607298,0.0
09/29 20:00:00,4164.430398914386,0.0
09/29 21:00:00,3825.131061948861,1.0
09/29 22:00:00,3518.88868772358,0.0
09/29 23:00:00,2728.594123638047,0.0
09/30 00:00:00,2706.847597218744,0.0
09/30 01:00:00,2679.6702764985785,0.0
09/30 02:00:00,2658.73921894567,0.0
09/30 03:00:00,2646.4008466803716,0.0
09/30 04:00:00,2710.649287457183,0.0
09/30 05:00:00,3677.718091324591,0.0
09/30 06:00:00,3875.5196801387588,2.0
09/30 07:00:00,4923.538810404644,57.16
09/30 08:00:00,4729.89020607933,83.52
09/30 09:00:00,4504.460055572508,98.82
09/30 10:00:00,4501.523448389489,100.52
09/30 11:00:00,3596.9205641054855,104.27
09/30 12:00:00,3564.9582165236216,188.87
09/30 13:00:00,3568.9737651969813,214.72
09/30 14:00:00,3583.3111829588765,117.06
09/30 15:00:00,3717.741686038508,137.99
09/30 16:00:00,3356.1501187786716,69.97
09/30 17:00:00,3209.5132045389164,19.26
09/30 18:00:00,3079.684742064608,1.0
09/30 19:00:00,3089.2137834589316,0.0
09/30 20:00:00,3045.959832372476,0.0
09/30 21:00:00,3008.9855147871394,0.0
09/30 22:00:00,2967.870787900412,0.0
09/30 23:00:00,3680.229717132435,0.0
10/01 00:00:00,3722.480181867747,0.0
10/01 01:00:00,3716.6641147103246,0.0
10/01 02:00:00,3696.5341341871663,0.0
10/01 03:00:00,3698.9414684800277,0.0
10/01 04:00:00,3764.444199530206,0.0
10/01 05:00:00,4115.792358648362,0.0
10/01 06:00:00,4192.509000750247,3.0
10/01 07:00:00,4299.654706510521,76.55
10/01 08:00:00,4288.510039961058,236.79
10/01 09:00:00,4300.965161873013,338.74
10/01 10:00:00,4349.027067865445,438.74
10/01 11:00:00,4415.5362253568765,509.59
10/01 12:00:00,4391.791610644969,543.07
10/01 13:00:00,4382.890143993645,508.69
10/01 14:00:00,4397.934320315356,438.25
10/01 15:00:00,4335.716218446005,339.71
10/01 16:00:00,4367.804884746443,192.54
10/01 17:00:00,4057.0934386345757,33.0
10/01 18:00:00,4020.1884450752077,0.0
10/01 19:00:00,3992.1801913445465,0.0
10/01 20:00:00,3981.453957393924,0.0
10/01 21:00:00,3898.588498825244,0.0
10/01 22:00:00,3811.9183674250216,0.0
10/01 23:00:00,4184.646353225606,0.0
10/02 00:00:00,4167.354846120146,0.0
10/02 01:00:00,4163.56687369165,0.0
10/02 02:00:00,4165.6842799855385,0.0
10/02 03:00:00,4173.052764738063,0.0
10/02 04:00:00,4247.490221898694,0.0
10/02 05:00:00,4816.438385240384,0.0
10/02 06:00:00,5693.0467589763175,0.0
10/02 07:00:00,10177.281428344644,10.11
10/02 08:00:00,9872.108480183144,36.52
10/02 09:00:00,9662.806954422776,45.79
10/02 10:00:00,9848.319512389635,65.99
10/02 11:00:00,9344.962473093768,58.56
10/02 12:00:00,9892.995113310546,54.58
10/02 13:00:00,9916.271404632405,56.56
10/02 14:00:00,10018.530270957892,44.5
10/02 15:00:00,10031.472871696024,27.4
10/02 16:00:00,7179.346716727897,20.27
10/02 17:00:00,5740.003361094449,9.12
10/02 18:00:00,5707.677579131935,0.0
10/02 19:00:00,5401.539667120827,0.0
10/02 20:00:00,5318.388202550637,0.0
10/02 21:00:00,4970.892798252213,1.0
10/02 22:00:00,4624.670549238935,0.0
10/02 23:00:00,4097.0510012273,0.0
10/03 00:00:00,4104.534233248491,0.0
10/03 01:00:00,4116.139626557171,0.0
10/03 02:00:00,4122.448897001024,0.0
10/03 03:00:00,4172.7363353902965,0.0
10/03 04:00:00,4224.90987088736,0.0
10/03 05:00:00,4829.825726810577,0.0
10/03 06:00:00,5706.854593154968,1.0
10/03 07:00:00,9573.870213466882,64.77
10/03 08:00:00,8752.428551003153,117.82
10/03 09:00:00,8259.560362083783,282.21
10/03 10:00:00,8188.240434567086,285.65
10/03 11:00:00,7778.916980262972,456.35
10/03 12:00:00,8144.752688590022,451.55
10/03 13:00:00,8116.759133710065,431.02
10/03 14:00:00,8163.0049513785125,308.83
10/03 15:00:00,7945.1654387146355,222.9
10/03 16:00:00,5790.775756518637,219.36
10/03 17:00:00,4958.078997136267,101.88
10/03 18:00:00,5179.461822021753,1.0
10/03 19:00:00,5063.730877176282,0.0
10/03 20:00:00,4996.978487613227,0.0
10/03 21:00:00,4739.930536435181,0.0
10/03 22:00:00,4473.395693994336,0.0
10/03 23:00:00,3984.221040010013,0.0
10/04 00:00:00,3955.2285520701816,0.0
10/04 01:00:00,3920.622635909791,0.0
10/04 02:00:00,3895.1373857869794,0.0
10/04 03:00:00,3950.115933885174,0.0
10/04 04:00:00,4015.4706973333523,0.0
10/04 05:00:00,4590.606549807326,0.0
10/04 06:00:00,5456.415364120463,0.0
10/04 07:00:00,9238.344927017642,59.37
10/04 08:00:00,8631.176134648804,163.93
10/04 09:00:00,8259.233708260279,260.21
10/04 10:00:00,8264.30821594789,401.05
10/04 11:00:00,7824.711465156671,419.65
10/04 12:00:00,8276.093730218505,504.94
10/04 13:00:00,8170.468797204579,464.55
10/04 14:00:00,8221.064810281856,373.87
10/04 15:00:00,8052.03118106701,323.15
10/04 16:00:00,5931.1468783702885,224.13
10/04 17:00:00,5054.944256816029,85.77
10/04 18:00:00,5259.724149305411,1.0
10/04 19:00:00,5036.788058253703,0.0
10/04 20:00:00,5058.286211723876,0.0
10/04 21:00:00,4778.037134674672,0.0
10/04 22:00:00,4603.470238306898,0.0
10/04 23:00:00,4159.496669240311,0.0
10/05 00:00:00,4124.412180365749,0.0
10/05 01:00:00,4067.3038301206498,0.0
10/05 02:00:00,4049.7121598239164,0.0
10/05 03:00:00,4084.550508790434,0.0
10/05 04:00:00,4134.068850059305,0.0
10/05 05:00:00,4753.53878411619,0.0
10/05 06:00:00,5601.248157567582,0.0
10/05 07:00:00,9430.749760072285,20.48
10/05 08:00:00,8631.995619528172,146.24
10/05 09:00:00,8360.726356588028,256.8
10/05 10:00:00,8345.910273341391,149.7
10/05 11:00:00,7884.441349837505,255.71
10/05 12:00:00,8261.517345254244,168.77
10/05 13:00:00,8230.034670780307,249.06
10/05 14:00:00,8169.423166741732,188.46
10/05 15:00:00,8029.98902420953,74.53
10/05 16:00:00,5825.84529442397,68.26
10/05 17:00:00,5040.005851558802,27.9
10/05 18:00:00,5169.7307597507515,0.0
10/05 19:00:00,5022.842842751348,0.0
10/05 20:00:00,4951.861139842205,0.0
10/05 21:00:00,4667.577335519736,0.0
10/05 22:00:00,4354.186840715878,0.0
10/05 23:00:00,3924.6101488118447,0.0
10/06 00:00:00,3914.847144731297,0.0
10/06 01:00:00,3905.234576100733,0.0
10/06 02:00:00,3904.2131410760967,0.0
10/06 03:00:00,3911.998976995924,0.0
10/06 04:00:00,4017.368502007406,0.0
10/06 05:00:00,4569.974487259682,0.0
10/06 06:00:00,5433.017198068078,0.0
10/06 07:00:00,9238.659726289121,24.83
10/06 08:00:00,8524.134666553426,84.38
10/06 09:00:00,8214.292248159003,155.32
10/06 10:00:00,8207.657814069564,283.54
10/06 11:00:00,7776.11649149488,422.17
10/06 12:00:00,8174.5812896787675,389.97
10/06 13:00:00,8136.531469060307,281.9
10/06 14:00:00,8132.325952391422,131.75
10/06 15:00:00,8065.736253268019,198.65
10/06 16:00:00,5800.866722155857,115.51
10/06 17:00:00,4950.362928428038,16.28
10/06 18:00:00,5015.34065781598,0.0
10/06 19:00:00,4977.878590490527,0.0
10/06 20:00:00,4949.847307577119,0.0
10/06 21:00:00,4743.740075837654,0.0
10/06 22:00:00,4383.5047455273925,0.0
10/06 23:00:00,3518.3939161928215,0.0
10/07 00:00:00,3523.984013197407,0.0
10/07 01:00:00,3547.9843143928792,0.0
10/07 02:00:00,3531.9930397959197,0.0
10/07 03:00:00,3536.206888349925,0.0
10/07 04:00:00,3569.0273671848704,0.0
10/07 05:00:00,4555.4670304023975,0.0
10/07 06:00:00,4614.811677206852,0.0
10/07 07:00:00,5559.232179206339,9.09
10/07 08:00:00,5479.002327654166,57.67
10/07 09:00:00,5210.226008124215,88.58
10/07 10:00:00,5152.739166029574,112.28
10/07 11:00:00,4195.334149016811,122.19
10/07 12:00:00,4227.764773473694,145.97
10/07 13:00:00,4298.558875571103,152.85
10/07 14:00:00,4346.93439848945,154.5
10/07 15:00:00,4433.707378167316,164.51
10/07 16:00:00,4095.4105606332323,116.16
10/07 17:00:00,3866.155662526314,25.88
10/07 18:00:00,3668.275125303552,0.0
10/07 19:00:00,3718.112194369625,0.0
10/07 20:00:00,3698.6835792080415,0.0
10/07 21:00:00,3686.6263892466436,0.0
10/07 22:00:00,3639.6951393871477,0.0
10/07 23:00:00,3629.184671079955,0.0
10/08 00:00:00,3557.555316756837,0.0
10/08 01:00:00,3581.4382294798734,0.0
10/08 02:00:00,3543.2620668078093,0.0
10/08 03:00:00,3576.6792425796502,0.0
10/08 04:00:00,3618.772420996283,0.0
10/08 05:00:00,4020.4227796692035,0.0
10/08 06:00:00,4057.2093594206885,0.0
10/08 07:00:00,4157.307093329615,60.02
10/08 08:00:00,4147.799571345711,179.63
10/08 09:00:00,4199.981739836198,128.27
10/08 10:00:00,4225.85589130732,246.98
10/08 11:00:00,4214.555040039616,221.4
10/08 12:00:00,4173.002522055894,226.05
10/08 13:00:00,4201.895968394691,265.22
10/08 14:00:00,4184.099200970198,352.79
10/08 15:00:00,4176.167369544252,210.69
10/08 16:00:00,4228.9393572588015,34.47
10/08 17:00:00,3919.291540592924,17.33
10/08 18:00:00,3881.9555885205073,0.0
10/08 19:00:00,3943.223177419773,0.0
10/08 20:00:00,3843.4472583353104,0.0
10/08 21:00:00,3752.800627084962,0.0
10/08 22:00:00,3657.856862283115,0.0
10/08 23:00:00,3587.638543548761,0.0
10/09 00:00:00,3587.7196655129324,0.0
10/09 01:00:00,3589.4961864400834,0.0
10/09 02:00:00,3549.5603541831556,0.0
10/09 03:00:00,3606.317770921047,0.0
10/09 04:00:00,3634.029512284379,0.0
10/09 05:00:00,3993.8977465740504,0.0
10/09 06:00:00,4061.191674043933,0.0
10/09 07:00:00,4177.273486028022,27.25
10/09 08:00:00,4173.515681086497,130.6
10/09 09:00:00,4205.153749853955,226.68
10/09 10:00:00,4251.886837834593,278.3
10/09 11:00:00,4231.128452758314,401.59
10/09 12:00:00,4183.950555147654,326.49
10/09 13:00:00,4189.96305246265,241.48
10/09 14:00:00,4177.724358111793,113.2
10/09 15:00:00,4171.057252018054,51.71
10/09 16:00:00,4255.532891066777,25.23
10/09 17:00:00,3953.3277007738047,19.53
10/09 18:00:00,3887.688823009708,0.0
10/09 19:00:00,3855.4349321195755,0.0
10/09 20:00:00,3855.4318860319363,0.0
10/09 21:00:00,3733.1309997645803,0.0
10/09 22:00:00,3654.4995973609975,0.0
10/09 23:00:00,4009.7984754392164,0.0
10/10 00:00:00,3980.2565879606864,0.0
10/10 01:00:00,3978.3146436643906,0.0
10/10 02:00:00,3973.1921096144265,0.0
10/10 03:00:00,3994.640468912951,0.0
10/10 04:00:00,4062.8858810725274,0.0
10/10 05:00:00,4696.234667835748,0.0
10/10 06:00:00,5544.4242761686,0.0
10/10 07:00:00,9292.456642139194,43.89
10/10 08:00:00,8673.902599458079,67.69
10/10 09:00:00,8326.166902771369,143.97
10/10 10:00:00,8183.763028974633,114.62
10/10 11:00:00,7722.249269803152,98.06
10/10 12:00:00,8106.289243421229,172.04
10/10 13:00:00,8082.948278553727,163.2
10/10 14:00:00,8056.037147267538,221.08
10/10 15:00:00,7879.251466284124,197.78
10/10 16:00:00,5744.574531320183,114.49
10/10 17:00:00,4953.1159835233975,10.14
10/10 18:00:00,5202.708330287301,0.0
10/10 19:00:00,5045.220643008201,0.0
10/10 20:00:00,4960.293313974119,0.0
10/10 21:00:00,4720.557024418455,0.0
10/10 22:00:00,4406.187192990395,0.0
10/10 23:00:00,3978.5354066323803,0.0
10/11 00:00:00,3972.824980953172,0.0
10/11 01:00:00,3941.1011645270464,0.0
10/11 02:00:00,3966.6714109482446,0.0
10/11 03:00:00,3974.338471943454,0.0
10/11 04:00:00,4048.1625911267083,0.0
10/11 05:00:00,4638.932702540135,0.0
10/11 06:00:00,5463.214821185351,0.0
10/11 07:00:00,9272.949373666903,58.74
10/11 08:00:00,8686.232167962477,179.19
10/11 09:00:00,8312.30966445917,284.18
10/11 10:00:00,8171.734999690532,349.2
10/11 11:00:00,7881.236903990212,325.61
10/11 12:00:00,8134.445024108803,389.76
10/11 13:00:00,8186.738598499963,267.66
10/11 14:00:00,8201.914402155588,379.02
10/11 15:00:00,8123.5415556296775,274.27
10/11 16:00:00,5984.206203575962,52.51
10/11 17:00:00,5066.158048136533,18.64
10/11 18:00:00,5238.281400547049,0.0
10/11 19:00:00,5007.519807306095,0.0
10/11 20:00:00,4980.083276393725,0.0
10/11 21:00:00,4665.194774166479,0.0
10/11 22:00:00,4387.951785148831,0.0
10/11 23:00:00,3860.5806628236987,0.0
10/12 00:00:00,3850.8145628932784,0.0
10/12 01:00:00,3898.6586964057765,0.0
10/12 02:00:00,3974.1295813156967,0.0
10/12 03:00:00,3981.7414685477343,0.0
10/12 04:00:00,4053.1402633131124,0.0
10/12 05:00:00,4658.152264758434,0.0
10/12 06:00:00,5457.3112522880265,0.0
10/12 07:00:00,9248.99773151757,28.01
10/12 08:00:00,8641.778164851487,119.78
10/12 09:00:00,8236.711206230008,131.6
10/12 10:00:00,8286.562569662381,219.0
10/12 11:00:00,7946.19404093974,322.72
10/12 12:00:00,8225.41252349253,325.68
10/12 13:00:00,8163.761992364923,261.71
10/12 14:00:00,8141.834988280704,275.69
10/12 15:00:00,7986.093255057834,241.9
10/12 16:00:00,5818.103476984657,164.59
10/12 17:00:00,4982.371420941141,38.05
10/12 18:00:00,5162.384774371645,0.0
10/12 19:00:00,5064.854161503361,0.0
10/12 20:00:00,4989.70797717124,0.0
10/12 21:00:00,4586.868669271109,0.0
10/12 22:00:00,4339.353850742878,0.0
10/12 23:00:00,3871.0674270644977,0.0
10/13 00:00:00,3864.9449815464354,0.0
10/13 01:00:00,3876.7454191739307,0.0
10/13 02:00:00,3890.603505242571,0.0
10/13 03:00:00,3931.214312652193,0.0
10/13 04:00:00,3989.700650061681,0.0
10/13 05:00:00,4551.332739163971,0.0
10/13 06:00:00,5459.170359128421,0.0
10/13 07:00:00,9338.016468408056,10.18
10/13 08:00:00,8694.064702861571,49.26
10/13 09:00:00,8146.220485453006,122.12
10/13 10:00:00,8134.260986857113,160.62
10/13 11:00:00,7764.257213718332,187.97
10/13 12:00:00,8132.016155679258,216.66
10/13 13:00:00,8079.322152165913,281.19
10/13 14:00:00,8144.098598877913,259.52
10/13 15:00:00,7969.225248937388,179.69
10/13 16:00:00,5817.708131593338,93.16
10/13 17:00:00,5011.310715457219,18.84
10/13 18:00:00,5188.288482122752,0.0
10/13 19:00:00,5057.900273881118,0.0
10/13 20:00:00,5008.769015400145,0.0
10/13 21:00:00,4765.38491160125,0.0
10/13 22:00:00,4448.971824097652,0.0
10/13 23:00:00,3645.670295708194,0.0
10/14 00:00:00,3620.8843143232734,0.0
10/14 01:00:00,3639.3410243731,0.0
10/14 02:00:00,3610.4889462801902,0.0
10/14 03:00:00,3637.2193232030577,0.0
10/14 04:00:00,3626.0973105512244,0.0
10/14 05:00:00,4656.612591257065,0.0
10/14 06:00:00,4728.922002330924,0.0
10/14 07:00:00,5665.844133633184,40.18
10/14 08:00:00,5389.69212415716,175.34
10/14 09:00:00,5169.451900381379,253.24
10/14 10:00:00,5164.05157660383,175.4
10/14 11:00:00,4227.103140404601,178.37
10/14 12:00:00,4227.623676168652,363.91
10/14 13:00:00,4245.910458619686,234.53
10/14 14:00:00,4280.824843665858,256.34
10/14 15:00:00,4353.637600567186,241.1
10/14 16:00:00,4016.121303537163,163.07
10/14 17:00:00,3874.247505380911,26.09
10/14 18:00:00,3692.4749429218095,0.0
10/14 19:00:00,3762.958026808886,0.0
10/14 20:00:00,3778.762812192531,0.0
10/14 21:00:00,3695.1022049376334,0.0
10/14 22:00:00,3599.1345641322087,0.0
10/14 23:00:00,3568.90125784005,0.0
10/15 00:00:00,3558.1609675487484,0.0
10/15 01:00:00,3566.8642677597813,0.0
10/15 02:00:00,3573.382407475327,0.0
10/15 03:00:00,3590.124918666827,0.0
10/15 04:00:00,3609.592313980309,0.0
10/15 05:00:00,4005.193655424487,0.0
10/15 06:00:00,4036.2957644146577,0.0
10/15 07:00:00,4162.756848506342,21.43
10/15 08:00:00,4133.691818225665,179.99
10/15 09:00:00,4160.255008592831,273.8
10/15 10:00:00,4139.781006636778,240.71
10/15 11:00:00,4179.843420173245,226.92
10/15 12:00:00,4183.688374200847,279.75
10/15 13:00:00,4173.980909246131,365.03
10/15 14:00:00,4183.450474793086,307.51
10/15 15:00:00,4149.805015307573,263.56
10/15 16:00:00,4179.082667347381,155.81
10/15 17:00:00,3878.7310467748866,13.53
10/15 18:00:00,3824.442869145142,0.0
10/15 19:00:00,3828.6012744346385,0.0
10/15 20:00:00,3786.3942707713413,0.0
10/15 21:00:00,3713.549485299757,0.0
10/15 22:00:00,3607.7226251274724,0.0
10/15 23:00:00,3944.741669847737,0.0
10/16 00:00:00,3949.5275425087984,0.0
10/16 01:00:00,3931.467258808409,0.0
10/16 02:00:00,3931.6392341089295,0.0
10/16 03:00:00,3944.0533967240012,0.0
10/16 04:00:00,3997.8711689834613,0.0
10/16 05:00:00,4604.205726792678,0.0
10/16 06:00:00,5576.0055856829495,0.0
10/16 07:00:00,9914.123702900464,7.09
10/16 08:00:00,9624.53765524095,36.78
10/16 09:00:00,9472.267785159162,47.65
10/16 10:00:00,9469.23616494469,128.49
10/16 11:00:00,9040.273348715515,69.97
10/16 12:00:00,9469.521356085115,48.5
10/16 13:00:00,9416.010907771079,54.96
10/16 14:00:00,9641.57690894759,29.42
10/16 15:00:00,9508.152960094196,22.32
10/16 16:00:00,6816.4152624884655,13.19
10/16 17:00:00,5542.757171464147,2.0
10/16 18:00:00,5512.339564310066,0.0
10/16 19:00:00,5169.730957845774,0.0
10/16 20:00:00,5135.851746734269,0.0
10/16 21:00:00,4727.047840788166,0.0
10/16 22:00:00,4413.066037769954,0.0
10/16 23:00:00,3976.318573222762,0.0
10/17 00:00:00,3942.082739043417,0.0
10/17 01:00:00,3971.1903056713873,0.0
10/17 02:00:00,3959.761545711797,0.0
10/17 03:00:00,4007.934388045763,0.0
10/17 04:00:00,4064.291608393044,0.0
10/17 05:00:00,4646.488829059026,0.0
10/17 06:00:00,5463.233880041219,0.0
10/17 07:00:00,9207.196278771917,28.44
10/17 08:00:00,8463.16382792801,156.63
10/17 09:00:00,8101.4610365264925,244.66
10/17 10:00:00,8064.34853326779,271.35
10/17 11:00:00,7798.3790303105325,300.05
10/17 12:00:00,8273.888203526976,254.3
10/17 13:00:00,8195.404855451745,239.3
10/17 14:00:00,8211.083063587572,255.36
10/17 15:00:00,8044.2351557468,221.62
10/17 16:00:00,5859.9302778552155,100.25
10/17 17:00:00,5068.777481671367,7.15
10/17 18:00:00,5238.602045991726,0.0
10/17 19:00:00,4992.618472524989,0.0
10/17 20:00:00,4949.339360900146,0.0
10/17 21:00:00,4735.491936625326,0.0
10/17 22:00:00,4415.485671087141,0.0
10/17 23:00:00,3930.7836943856337,0.0
10/18 00:00:00,3952.40347988269,0.0
10/18 01:00:00,3957.1628125979223,0.0
10/18 02:00:00,3947.704685348308,0.0
10/18 03:00:00,3954.2423288964046,0.0
10/18 04:00:00,4061.3328519862057,0.0
10/18 05:00:00,4615.326356648028,0.0
10/18 06:00:00,5435.1872480520005,0.0
10/18 07:00:00,9383.649134420282,3.04
10/18 08:00:00,8767.236176413766,30.56
10/18 09:00:00,8082.6128115442225,107.34
10/18 10:00:00,8103.627258816511,133.17
10/18 11:00:00,7699.140400011975,129.72
10/18 12:00:00,8105.977242520946,263.8
10/18 13:00:00,8027.330887363211,187.59
10/18 14:00:00,8101.353648841631,171.17
10/18 15:00:00,7983.9006693834635,138.41
10/18 16:00:00,5934.856409743676,40.05
10/18 17:00:00,4985.303839032441,2.02
10/18 18:00:00,5164.046624014103,0.0
10/18 19:00:00,4932.411100939372,0.0
10/18 20:00:00,4974.02736160309,0.0
10/18 21:00:00,4642.299717302477,0.0
10/18 22:00:00,4341.82100045461,0.0
10/18 23:00:00,3855.925848943365,0.0
10/19 00:00:00,3853.175465821461,0.0
10/19 01:00:00,3888.2735925933625,0.0
10/19 02:00:00,3865.6038667368075,0.0
10/19 03:00:00,3887.151377866002,0.0
10/19 04:00:00,3964.420697334244,0.0
10/19 05:00:00,4528.319492758921,0.0
10/19 06:00:00,5402.401265860068,0.0
10/19 07:00:00,9306.212274845671,4.03
10/19 08:00:00,8649.621711504644,28.55
10/19 09:00:00,8263.072154573705,46.93
10/19 10:00:00,8290.41162549081,66.22
10/19 11:00:00,7890.321954319229,71.4
10/19 12:00:00,8342.588216940574,99.43
10/19 13:00:00,8241.672669605392,153.41
10/19 14:00:00,8247.560589346145,97.79
10/19 15:00:00,8027.650363548407,86.29
10/19 16:00:00,5863.279023271139,72.93
10/19 17:00:00,5012.794380468294,3.04
10/19 18:00:00,5147.733759091968,0.0
10/19 19:00:00,4992.8543206833365,0.0
10/19 20:00:00,5027.266595760999,0.0
10/19 21:00:00,4709.081223012437,0.0
10/19 22:00:00,4405.8585855180445,0.0
10/19 23:00:00,3973.596562066827,0.0
10/20 00:00:00,3952.698694397329,0.0
10/20 01:00:00,3986.7775754247223,0.0
10/20 02:00:00,3995.9077917627847,0.0
10/20 03:00:00,4003.783323202838,0.0
10/20 04:00:00,4013.943605839073,0.0
10/20 05:00:00,4588.757442747926,0.0
10/20 06:00:00,5411.004643445725,0.0
10/20 07:00:00,9215.474967450164,7.17
10/20 08:00:00,8676.329688505175,59.84
10/20 09:00:00,8177.197058166097,70.83
10/20 10:00:00,8150.695916985886,271.46
10/20 11:00:00,7748.599333797969,260.6
10/20 12:00:00,8107.680688088145,158.69
10/20 13:00:00,8142.680947454615,172.98
10/20 14:00:00,8125.144448289834,92.36
10/20 15:00:00,8075.4123928207,88.52
10/20 16:00:00,5999.642146136123,19.16
10/20 17:00:00,5022.879776671995,8.82
10/20 18:00:00,5143.942321089838,0.0
10/20 19:00:00,4971.320949005471,0.0
10/20 20:00:00,4985.154797463462,0.0
10/20 21:00:00,4638.967139980897,0.0
10/20 22:00:00,4396.501399033695,0.0
10/20 23:00:00,3553.4356690001973,0.0
10/21 00:00:00,3552.642051071466,0.0
10/21 01:00:00,3539.6598683134985,0.0
10/21 02:00:00,3506.5087331461045,0.0
10/21 03:00:00,3557.1937061074495,0.0
10/21 04:00:00,3570.8821097567047,0.0
10/21 05:00:00,4552.962065866511,0.0
10/21 06:00:00,4594.072737290181,0.0
10/21 07:00:00,5670.475789974914,5.1
10/21 08:00:00,5360.068844703902,92.45
10/21 09:00:00,5129.473576302785,91.89
10/21 10:00:00,5160.8651260691795,137.13
10/21 11:00:00,4245.313248665967,177.86
10/21 12:00:00,4276.198763548262,362.34
10/21 13:00:00,4272.8650754897535,315.38
10/21 14:00:00,4285.083228782208,209.21
10/21 15:00:00,4404.284763274051,107.62
10/21 16:00:00,4046.732892438915,51.22
10/21 17:00:00,3904.5719219795087,5.43
10/21 18:00:00,3697.3927455060575,0.0
10/21 19:00:00,3767.0510197171584,0.0
10/21 20:00:00,3777.8002919095607,0.0
10/21 21:00:00,3732.8268280350753,0.0
10/21 22:00:00,3661.9828128878453,0.0
10/21 23:00:00,3580.5332037031158,0.0
10/22 00:00:00,3578.4125616607653,0.0
10/22 01:00:00,3574.1044673339516,0.0
10/22 02:00:00,3567.363990461814,0.0
10/22 03:00:00,3611.3831677065155,0.0
10/22 04:00:00,3668.300755399183,0.0
10/22 05:00:00,3987.516665951822,0.0
10/22 06:00:00,4019.520337784133,0.0
10/22 07:00:00,4167.334406134468,8.51
10/22 08:00:00,4153.086066681266,119.6
10/22 09:00:00,4161.2061560061475,77.36
10/22 10:00:00,4168.678249485598,102.13
10/22 11:00:00,4119.4090799307,121.06
10/22 12:00:00,4092.5480663583176,147.57
10/22 13:00:00,4117.4215868502615,144.7
10/22 14:00:00,4122.4873334510785,124.74
10/22 15:00:00,4094.893697641534,107.78
10/22 16:00:00,4135.634009117004,32.76
10/22 17:00:00,3846.7355857317975,1.01
10/22 18:00:00,3768.7117810311606,0.0
10/22 19:00:00,3814.7272846617725,0.0
10/22 20:00:00,3811.7233062477526,0.0
10/22 21:00:00,3715.127733697102,0.0
10/22 22:00:00,3627.931535841166,0.0
10/22 23:00:00,3932.2160408695436,0.0
10/23 00:00:00,3906.385244585966,0.0
10/23 01:00:00,3932.1405759409618,0.0
10/23 02:00:00,3900.651358203932,0.0
10/23 03:00:00,3891.7060428662635,0.0
10/23 04:00:00,3969.974691402167,0.0
10/23 05:00:00,4561.420819576832,0.0
10/23 06:00:00,5465.910014139497,0.0
10/23 07:00:00,9706.52023745205,15.38
10/23 08:00:00,9358.530550553958,122.43
10/23 09:00:00,9359.982279617972,181.56
10/23 10:00:00,9351.52602819111,174.98
10/23 11:00:00,8893.553023363402,231.96
10/23 12:00:00,9309.045904183668,262.42
10/23 13:00:00,9365.171229905873,228.74
10/23 14:00:00,9377.020160644726,234.28
10/23 15:00:00,9212.250079888248,220.02
10/23 16:00:00,6565.531971038574,125.44
10/23 17:00:00,5526.135584764803,7.0
10/23 18:00:00,5527.167875819587,0.0
10/23 19:00:00,5241.129960222742,0.0
10/23 20:00:00,5199.032555353091,0.0
10/23 21:00:00,4828.962541358524,0.0
10/23 22:00:00,4430.074727861797,0.0
10/23 23:00:00,3889.465537385842,0.0
10/24 00:00:00,3883.4177365357586,0.0
10/24 01:00:00,3871.590579662571,0.0
10/24 02:00:00,3860.225800752625,0.0
10/24 03:00:00,3887.541745561943,0.0
10/24 04:00:00,3962.6641612952358,0.0
10/24 05:00:00,4517.246214962967,0.0
10/24 06:00:00,5362.006445649156,0.0
10/24 07:00:00,9219.09148851201,8.86
10/24 08:00:00,8483.44740713941,85.35
10/24 09:00:00,8079.715003891697,234.11
10/24 10:00:00,8150.245273728562,227.21
10/24 11:00:00,7765.975198262933,378.43
10/24 12:00:00,8111.039930642986,320.06
10/24 13:00:00,8041.7827015010525,356.73
10/24 14:00:00,8062.688951389258,184.66
10/24 15:00:00,7883.89039127167,205.36
10/24 16:00:00,5747.1969603755,64.97
10/24 17:00:00,4990.942086504925,11.0
10/24 18:00:00,5149.388862691923,0.0
10/24 19:00:00,4925.973419548827,0.0
10/24 20:00:00,4880.605229987086,0.0
10/24 21:00:00,4606.9483202710235,0.0
10/24 22:00:00,4293.0113278731515,0.0
10/24 23:00:00,3847.276773367372,0.0
10/25 00:00:00,3841.0894902555415,0.0
10/25 01:00:00,3849.366490223514,0.0
10/25 02:00:00,3866.308297733208,0.0
10/25 03:00:00,3852.9431312869247,0.0
10/25 04:00:00,3938.126397601986,0.0
10/25 05:00:00,4459.3672196349635,0.0
10/25 06:00:00,5312.95516284232,0.0
10/25 07:00:00,9059.71201214932,3.08
10/25 08:00:00,8408.433228069567,50.3
10/25 09:00:00,8092.023296241638,167.4
10/25 10:00:00,8045.610258091905,176.78
10/25 11:00:00,7731.614835015202,139.52
10/25 12:00:00,8065.137755036161,106.72
10/25 13:00:00,8045.766724826135,74.29
10/25 14:00:00,8144.836898683686,33.37
10/25 15:00:00,8221.795800191492,12.0
10/25 16:00:00,5954.248405804568,7.0
10/25 17:00:00,4977.6503019870015,0.0
10/25 18:00:00,5103.8863916059045,0.0
10/25 19:00:00,4946.621831307791,0.0
10/25 20:00:00,4837.545607979107,0.0
10/25 21:00:00,4452.415618976422,0.0
10/25 22:00:00,4137.043827377238,0.0
10/25 23:00:00,3771.2702835488544,0.0
10/26 00:00:00,3726.3964980918154,0.0
10/26 01:00:00,3758.967113871259,0.0
10/26 02:00:00,3738.584385789641,0.0
10/26 03:00:00,3777.352411079574,0.0
10/26 04:00:00,3813.9234728492393,0.0
10/26 05:00:00,4376.558549227035,0.0
10/26 06:00:00,5191.795204721827,0.0
10/26 07:00:00,8889.802888469192,7.1
10/26 08:00:00,8292.160953379826,73.34
10/26 09:00:00,8150.17700614693,82.3
10/26 10:00:00,8149.999907168228,122.93
10/26 11:00:00,7762.813995475582,272.03
10/26 12:00:00,8147.278203128021,283.45
10/26 13:00:00,8151.438439583508,244.0
10/26 14:00:00,8098.088513460035,308.95
10/26 15:00:00,7987.025875087551,225.09
10/26 16:00:00,5744.2080147187935,81.79
10/26 17:00:00,4904.65397839822,2.0
10/26 18:00:00,5103.1978527059755,0.0
10/26 19:00:00,4913.696945493951,0.0
10/26 20:00:00,4775.588517416028,0.0
10/26 21:00:00,4513.397634325994,0.0
10/26 22:00:00,4235.798161004846,0.0
10/26 23:00:00,3774.1916855985,0.0
10/27 00:00:00,3740.333916344434,0.0
10/27 01:00:00,3768.1456248905465,0.0
10/27 02:00:00,3786.347577115562,0.0
10/27 03:00:00,3794.4105407648162,0.0
10/27 04:00:00,3874.8109425389457,0.0
10/27 05:00:00,4414.3400620584825,0.0
10/27 06:00:00,5251.489726745091,0.0
10/27 07:00:00,8821.635616576295,3.0
10/27 08:00:00,8372.05885906753,59.18
10/27 09:00:00,7914.302730825221,54.08
10/27 10:00:00,7940.926477534317,258.81
10/27 11:00:00,7565.649797372801,150.06
10/27 12:00:00,8032.23103062225,195.71
10/27 13:00:00,8005.506660222128,162.9
10/27 14:00:00,7996.617122870831,299.42
10/27 15:00:00,7813.001193864673,188.04
10/27 16:00:00,5684.832843686144,79.11
10/27 17:00:00,4901.541398604193,3.0
10/27 18:00:00,5040.835262206677,0.0
10/27 19:00:00,4862.925558747208,0.0
10/27 20:00:00,4820.3819983227695,0.0
10/27 21:00:00,4491.1546024500985,0.0
10/27 22:00:00,4206.051979162654,0.0
10/27 23:00:00,3418.07223950916,0.0
10/28 00:00:00,3433.3900786283134,0.0
10/28 01:00:00,3437.56213582394,0.0
10/28 02:00:00,3414.33021198354,0.0
10/28 03:00:00,3428.877415491733,0.0
10/28 04:00:00,3469.0247859563992,0.0
10/28 05:00:00,4389.11311150795,0.0
10/28 06:00:00,4483.782139980153,0.0
10/28 07:00:00,5526.432152647033,4.0
10/28 08:00:00,5270.789369368993,69.1
10/28 09:00:00,5120.735792380223,150.24
10/28 10:00:00,5112.278036034523,211.09
10/28 11:00:00,4223.200136845217,347.38
10/28 12:00:00,4261.3595307783635,379.07
10/28 13:00:00,4243.645317557833,357.8
10/28 14:00:00,4217.499964778979,300.47
10/28 15:00:00,4311.429398021862,226.24
10/28 16:00:00,4009.1938386150932,116.43
10/28 17:00:00,3823.393472332975,5.0
10/28 18:00:00,3595.579952265979,0.0
10/28 19:00:00,3637.223425654346,0.0
10/28 20:00:00,3646.069767977707,0.0
10/28 21:00:00,3543.720942495907,0.0
10/28 22:00:00,3470.179012921896,0.0
10/28 23:00:00,3360.259109176756,0.0
10/29 00:00:00,3346.0935085002884,0.0
10/29 01:00:00,3345.39226737447,0.0
10/29 02:00:00,3345.3710446569726,0.0
10/29 03:00:00,3332.8357086717856,0.0
10/29 04:00:00,3402.075726719674,0.0
10/29 05:00:00,3732.360674964026,0.0
10/29 06:00:00,3823.9556875111202,0.0
10/29 07:00:00,4010.4827825638354,9.0
10/29 08:00:00,3939.267557772516,116.7
10/29 09:00:00,3945.747361868289,237.86
10/29 10:00:00,3962.603724257149,308.19
10/29 11:00:00,3961.106642205223,359.36
10/29 12:00:00,3940.0402918975537,377.79
10/29 13:00:00,3951.49730076816,355.85
10/29 14:00:00,3937.0222566746393,297.75
10/29 15:00:00,3937.8547515613477,222.14
10/29 16:00:00,3989.7864942816723,112.66
10/29 17:00:00,3715.103778114706,4.0
10/29 18:00:00,3667.159135248855,0.0
10/29 19:00:00,3629.574026788639,0.0
10/29 20:00:00,3581.7883677611885,0.0
10/29 21:00:00,3507.122272173912,0.0
10/29 22:00:00,3401.69240317492,0.0
10/29 23:00:00,3717.1511930632973,0.0
10/30 00:00:00,3707.600640252044,0.0
10/30 01:00:00,3721.639753939175,0.0
10/30 02:00:00,3734.5724648928644,0.0
10/30 03:00:00,3729.4494158597486,0.0
10/30 04:00:00,3852.998679452811,0.0
10/30 05:00:00,4390.724568443872,0.0
10/30 06:00:00,5285.056095695884,0.0
10/30 07:00:00,9271.737955348493,9.0
10/30 08:00:00,8968.487500565565,129.05
10/30 09:00:00,8966.784633772137,235.04
10/30 10:00:00,8931.390122895602,306.11
10/30 11:00:00,8431.091695790972,358.72
10/30 12:00:00,8848.10312594304,375.94
10/30 13:00:00,8767.729108456053,353.63
10/30 14:00:00,8797.116579638468,293.89
10/30 15:00:00,8676.45571512176,219.13
10/30 16:00:00,6273.054325793528,108.12
10/30 17:00:00,5256.788543815811,3.0
10/30 18:00:00,5206.578548454584,0.0
10/30 19:00:00,4970.103063825432,0.0
10/30 20:00:00,4945.702901269014,0.0
10/30 21:00:00,4557.409325301816,0.0
10/30 22:00:00,4241.775116455167,0.0
10/30 23:00:00,3812.3349988536083,0.0
10/31 00:00:00,3759.5527990355586,0.0
10/31 01:00:00,3786.5100011897403,0.0
10/31 02:00:00,3782.1021859237144,0.0
10/31 03:00:00,3790.6684315464368,0.0
10/31 04:00:00,3862.3979095349396,0.0
10/31 05:00:00,4414.586610945836,0.0
10/31 06:00:00,5302.66746935404,0.0
10/31 07:00:00,9207.247029579787,8.0
10/31 08:00:00,8825.970704938842,121.36
10/31 09:00:00,8598.18961368716,227.03
10/31 10:00:00,8618.486500201107,297.26
10/31 11:00:00,8130.655777977252,351.39
10/31 12:00:00,8580.054660483007,367.62
10/31 13:00:00,8613.426006411808,346.18
10/31 14:00:00,8615.215673647845,286.34
10/31 15:00:00,8472.368024706262,215.22
10/31 16:00:00,6110.206805174138,102.7
10/31 17:00:00,5097.280143017699,3.0
10/31 18:00:00,5182.360117801673,0.0
10/31 19:00:00,4999.645455991396,0.0
10/31 20:00:00,4863.497144562901,0.0
10/31 21:00:00,4562.141216469846,0.0
10/31 22:00:00,4200.030341570678,0.0
10/31 23:00:00,4557.357301001885,0.0
11/01 00:00:00,4548.628347037288,0.0
11/01 01:00:00,4557.341292971572,0.0
11/01 02:00:00,4560.609774959909,0.0
11/01 03:00:00,4541.850975801643,0.0
11/01 04:00:00,4664.013450058005,0.0
11/01 05:00:00,5193.128537126976,0.0
11/01 06:00:00,6177.162074666305,0.0
11/01 07:00:00,10308.101181946518,6.0
11/01 08:00:00,9948.129177776409,84.65
11/01 09:00:00,9879.718435441242,85.42
11/01 10:00:00,9932.064617159891,48.68
11/01 11:00:00,9600.920534495694,27.4
11/01 12:00:00,9827.40042750055,53.83
11/01 13:00:00,9822.725288082886,102.15
11/01 14:00:00,9784.636393258383,122.25
11/01 15:00:00,9710.113292016576,94.92
11/01 16:00:00,7241.61848911861,21.41
11/01 17:00:00,6060.368779743518,0.0
11/01 18:00:00,5924.705904565854,0.0
11/01 19:00:00,5686.1825457293935,0.0
11/01 20:00:00,5625.2656875380035,0.0
11/01 21:00:00,5305.706145256813,0.0
11/01 22:00:00,5026.150392461235,0.0
11/01 23:00:00,4525.75034387976,0.0
11/02 00:00:00,4543.1313365066535,0.0
11/02 01:00:00,4529.865590488069,0.0
11/02 02:00:00,4517.073362596265,0.0
11/02 03:00:00,4537.927204513155,0.0
11/02 04:00:00,4627.568784043805,0.0
11/02 05:00:00,5215.031350839815,0.0
11/02 06:00:00,6106.677290170076,0.0
11/02 07:00:00,10033.831178915272,3.0
11/02 08:00:00,9558.206149763226,68.82
11/02 09:00:00,9231.889872795686,178.72
11/02 10:00:00,9183.96041618145,261.44
11/02 11:00:00,8785.784736428268,314.08
11/02 12:00:00,9167.205814233703,248.71
11/02 13:00:00,9119.318175207742,299.29
11/02 14:00:00,9001.231951125386,196.57
11/02 15:00:00,8837.350710631461,154.59
11/02 16:00:00,6785.217475902273,73.0
11/02 17:00:00,5817.272696355186,1.0
11/02 18:00:00,5837.585220080991,0.0
11/02 19:00:00,5732.7106227789,0.0
11/02 20:00:00,5715.378633598375,0.0
11/02 21:00:00,5368.045416066886,0.0
11/02 22:00:00,5032.837220693057,0.0
11/02 23:00:00,4566.607847885896,0.0
11/03 00:00:00,4527.576013231912,0.0
11/03 01:00:00,4518.023664279295,0.0
11/03 02:00:00,4552.307158592075,0.0
11/03 03:00:00,4551.87812102054,0.0
11/03 04:00:00,4614.23892528931,0.0
11/03 05:00:00,5164.002814343091,0.0
11/03 06:00:00,5975.090776156583,0.0
11/03 07:00:00,9840.874776215,0.0
11/03 08:00:00,9466.341395757861,7.11
11/03 09:00:00,9156.538733935555,27.47
11/03 10:00:00,8926.189856257522,62.32
11/03 11:00:00,8621.02944559085,32.39
11/03 12:00:00,9078.19826273041,30.41
11/03 13:00:00,8853.548392353858,51.77
11/03 14:00:00,8796.821941898343,49.96
11/03 15:00:00,8712.53029150219,34.66
11/03 16:00:00,6672.7681518066465,25.84
11/03 17:00:00,5661.965128575355,0.0
11/03 18:00:00,5826.7454782735085,0.0
11/03 19:00:00,5746.417252439189,0.0
11/03 20:00:00,5775.707590153614,0.0
11/03 21:00:00,5396.232267783319,0.0
11/03 22:00:00,5040.982488930693,0.0
11/03 23:00:00,4233.9293613238415,0.0
11/04 00:00:00,4238.247582684858,0.0
11/04 01:00:00,4233.235140541829,0.0
11/04 02:00:00,4238.344006992515,0.0
11/04 03:00:00,4231.7389391508805,0.0
11/04 04:00:00,4284.0370545574015,0.0
11/04 05:00:00,5242.272754473383,0.0
11/04 06:00:00,5258.419392027369,0.0
11/04 07:00:00,6314.817076545006,0.0
11/04 08:00:00,6078.21653307903,13.21
11/04 09:00:00,5959.086536645913,59.85
11/04 10:00:00,5897.034504301824,94.58
11/04 11:00:00,4996.609235944916,303.91
11/04 12:00:00,4983.462272927719,121.82
11/04 13:00:00,4954.5087914687965,296.82
11/04 14:00:00,4643.164332631834,153.65
11/04 15:00:00,4533.061767637657,123.63
11/04 16:00:00,4266.234796034645,62.11
11/04 17:00:00,3966.077243095826,0.0
11/04 18:00:00,3772.6473444181006,0.0
11/04 19:00:00,3804.7789306240893,0.0
11/04 20:00:00,3959.4609145884447,0.0
11/04 21:00:00,3775.6468777596197,0.0
11/04 22:00:00,3747.677765154123,0.0
11/04 23:00:00,3564.6755009606954,0.0
11/05 00:00:00,3605.698360336699,0.0
11/05 01:00:00,3597.901005768211,0.0
11/05 02:00:00,3568.820695743168,0.0
11/05 03:00:00,3572.1286654344894,0.0
11/05 04:00:00,3648.5609608444915,0.0
11/05 05:00:00,3948.557102131335,0.0
11/05 06:00:00,3961.1289854504084,0.0
11/05 07:00:00,4156.734775179254,3.0
11/05 08:00:00,3649.1136244344516,69.05
11/05 09:00:00,3261.9651485756985,91.58
11/05 10:00:00,3300.2997013026684,90.21
11/05 11:00:00,3292.55794660283,191.26
11/05 12:00:00,3273.534628050859,160.91
11/05 13:00:00,3267.6348786277194,148.46
11/05 14:00:00,3808.8616265629425,160.42
11/05 15:00:00,4311.776731856389,60.12
11/05 16:00:00,4327.648255704103,59.05
11/05 17:00:00,4164.322644533175,0.0
11/05 18:00:00,4102.467602229821,0.0
11/05 19:00:00,4155.492252986851,0.0
11/05 20:00:00,4047.088145238048,0.0
11/05 21:00:00,3978.2141661855226,0.0
11/05 22:00:00,3886.9743021063787,0.0
11/05 23:00:00,4112.590216401353,0.0
11/06 00:00:00,4124.566494223111,0.0
11/06 01:00:00,4109.813041098683,0.0
11/06 02:00:00,4204.380010113682,0.0
11/06 03:00:00,4047.1125372437323,0.0
11/06 04:00:00,4142.638551265335,0.0
11/06 05:00:00,4236.947967743585,0.0
11/06 06:00:00,4660.2262177437315,0.0
11/06 07:00:00,5560.796029822011,1.0
11/06 08:00:00,9179.020048562528,46.43
11/06 09:00:00,9007.865631296443,162.0
11/06 10:00:00,8848.439180477753,209.57
11/06 11:00:00,8965.804346557017,310.68
11/06 12:00:00,8433.507619597383,335.63
11/06 13:00:00,8763.872373070211,305.85
11/06 14:00:00,8731.810364070985,236.81
11/06 15:00:00,8618.26524156679,141.87
11/06 16:00:00,8817.805633708014,19.48
11/06 17:00:00,6540.523950153362,0.0
11/06 18:00:00,5436.131748885567,0.0
11/06 19:00:00,5490.617190241478,0.0
11/06 20:00:00,5223.291615486581,0.0
11/06 21:00:00,5218.5580058908245,0.0
11/06 22:00:00,4780.3103529850405,0.0
11/06 23:00:00,4528.043723296027,0.0
11/07 00:00:00,4112.422461831707,0.0
11/07 01:00:00,4040.0267507105177,0.0
11/07 02:00:00,4123.224967266331,0.0
11/07 03:00:00,3964.553181372317,0.0
11/07 04:00:00,4045.8472951145395,0.0
11/07 05:00:00,4088.018598937223,0.0
11/07 06:00:00,4502.001739617999,0.0
11/07 07:00:00,5378.943919185984,1.0
11/07 08:00:00,8400.586472181576,71.02
11/07 09:00:00,7969.349774600545,137.64
11/07 10:00:00,8178.589674670713,161.81
11/07 11:00:00,8666.792669055241,239.81
11/07 12:00:00,8305.9373587733,100.1
11/07 13:00:00,8718.1576985706,37.36
11/07 14:00:00,8791.826898578076,26.3
11/07 15:00:00,8896.152656493497,13.2
11/07 16:00:00,8917.265213630457,6.08
11/07 17:00:00,6698.175161310292,0.0
11/07 18:00:00,5891.984079495066,0.0
11/07 19:00:00,6127.086382790107,0.0
11/07 20:00:00,5809.407774063147,0.0
11/07 21:00:00,5740.446497488812,0.0
11/07 22:00:00,5457.466182227703,0.0
11/07 23:00:00,5189.387761073729,0.0
11/08 00:00:00,4702.41986008964,0.0
11/08 01:00:00,4718.301783265899,0.0
11/08 02:00:00,4676.431305407634,0.0
11/08 03:00:00,4681.36264573074,0.0
11/08 04:00:00,4675.7487316207,0.0
11/08 05:00:00,4760.731232810047,0.0
11/08 06:00:00,5203.616880913017,0.0
11/08 07:00:00,5929.1979184121765,0.0
11/08 08:00:00,9447.120821166827,13.18
11/08 09:00:00,8832.99901664889,42.85
11/08 10:00:00,8719.994896071086,40.61
11/08 11:00:00,8618.714102881091,100.28
11/08 12:00:00,8290.85663178309,284.83
11/08 13:00:00,8649.03665707026,156.66
11/08 14:00:00,8599.41243633294,104.64
11/08 15:00:00,8780.57936482001,54.79
11/08 16:00:00,8885.480575854268,13.22
11/08 17:00:00,6714.753218277418,0.0
11/08 18:00:00,5820.202163181214,0.0
11/08 19:00:00,5939.336372967955,0.0
11/08 20:00:00,5694.431855887492,0.0
11/08 21:00:00,5567.4799674176975,0.0
11/08 22:00:00,5283.132764973006,0.0
11/08 23:00:00,4981.513733867191,0.0
11/09 00:00:00,4577.437817936617,0.0
11/09 01:00:00,4558.134536502256,0.0
11/09 02:00:00,4552.766350629532,0.0
11/09 03:00:00,4533.532310349159,0.0
11/09 04:00:00,4517.315205793691,0.0
11/09 05:00:00,4650.913416569421,0.0
11/09 06:00:00,5305.92483029149,0.0
11/09 07:00:00,6163.259364650958,0.0
11/09 08:00:00,9547.064337811371,29.36
11/09 09:00:00,8878.596819826596,105.14
11/09 10:00:00,8774.054663913283,196.69
11/09 11:00:00,8820.422303592843,178.61
11/09 12:00:00,8578.431990596357,177.53
11/09 13:00:00,8978.169357186574,98.55
11/09 14:00:00,8830.589884819765,79.63
11/09 15:00:00,8841.38599289983,99.64
11/09 16:00:00,8846.930961610153,53.53
11/09 17:00:00,6914.208741193559,0.0
11/09 18:00:00,6094.536188865594,0.0
11/09 19:00:00,6134.570053962164,0.0
11/09 20:00:00,5856.555657408808,0.0
11/09 21:00:00,5702.688204291008,0.0
11/09 22:00:00,5508.649299664944,0.0
11/09 23:00:00,5158.1417568007055,0.0
11/10 00:00:00,4720.253157838671,0.0
11/10 01:00:00,4697.1872389223445,0.0
11/10 02:00:00,4705.900742099092,0.0
11/10 03:00:00,4678.735025164041,0.0
11/10 04:00:00,4710.016822531384,0.0
11/10 05:00:00,4758.238702802814,0.0
11/10 06:00:00,5189.405712320533,0.0
11/10 07:00:00,5918.185915980989,0.0
11/10 08:00:00,9549.14444215229,12.16
11/10 09:00:00,8894.03352265694,42.02
11/10 10:00:00,8757.504907500956,52.89
11/10 11:00:00,8684.901188040838,110.62
11/10 12:00:00,8410.539156807497,92.61
11/10 13:00:00,8837.600942830852,94.15
11/10 14:00:00,8700.374704698628,72.02
11/10 15:00:00,8669.61913708063,68.81
11/10 16:00:00,8826.795905409841,25.41
11/10 17:00:00,6798.960535334152,0.0
11/10 18:00:00,5917.599933819544,0.0
11/10 19:00:00,6143.92304217376,0.0
11/10 20:00:00,5958.734942581173,0.0
11/10 21:00:00,5859.91127532662,0.0
11/10 22:00:00,5608.423606881566,0.0
11/10 23:00:00,5275.5762197640715,0.0
11/11 00:00:00,4389.528985100334,0.0
11/11 01:00:00,4414.58758324413,0.0
11/11 02:00:00,4388.144335283286,0.0
11/11 03:00:00,4384.568696120807,0.0
11/11 04:00:00,4425.8668773550335,0.0
11/11 05:00:00,4447.820435741477,0.0
11/11 06:00:00,4808.383492287362,0.0
11/11 07:00:00,4814.453891039323,0.0
11/11 08:00:00,4949.901543237335,15.31
11/11 09:00:00,4941.458083119592,69.59
11/11 10:00:00,4921.510204313906,199.81
11/11 11:00:00,4978.173905902049,156.04
11/11 12:00:00,4969.59053380312,228.29
11/11 13:00:00,4990.616451125568,274.63
11/11 14:00:00,4908.387842913865,162.94
11/11 15:00:00,4966.18979034994,80.52
11/11 16:00:00,4922.305621410536,28.29
11/11 17:00:00,4949.5619943924075,0.0
11/11 18:00:00,4685.421450439095,0.0
11/11 19:00:00,4653.028393274199,0.0
11/11 20:00:00,4645.882207877612,0.0
11/11 21:00:00,4634.222717241915,0.0
11/11 22:00:00,4475.4670248044085,0.0
11/11 23:00:00,4410.553842289685,0.0
11/12 00:00:00,4382.321814976724,0.0
11/12 01:00:00,4351.399586812597,0.0
11/12 02:00:00,4340.310058976912,0.0
11/12 03:00:00,4247.441732485032,0.0
11/12 04:00:00,4306.499908139102,0.0
11/12 05:00:00,4355.131505772976,0.0
11/12 06:00:00,4726.432514880227,0.0
11/12 07:00:00,4819.988421323484,0.0
11/12 08:00:00,4952.512132020832,26.38
11/12 09:00:00,4972.071958769205,40.98
11/12 10:00:00,4988.039983101384,42.58
11/12 11:00:00,5053.15504276004,45.69
11/12 12:00:00,5029.18410611595,133.66
11/12 13:00:00,5038.113522883199,68.37
11/12 14:00:00,5027.872834661813,48.84
11/12 15:00:00,5021.893535255533,16.18
11/12 16:00:00,5005.2176590738445,27.6
11/12 17:00:00,4981.599108016522,0.0
11/12 18:00:00,4711.721225874317,0.0
11/12 19:00:00,4674.163447256508,0.0
11/12 20:00:00,4693.662380152885,0.0
11/12 21:00:00,4668.090413073303,0.0
11/12 22:00:00,4529.188838288722,0.0
11/12 23:00:00,4489.34056915287,0.0
11/13 00:00:00,4794.967257633521,0.0
11/13 01:00:00,4843.305178138675,0.0
11/13 02:00:00,4821.091532229833,0.0
11/13 03:00:00,4800.726561473754,0.0
11/13 04:00:00,4794.967467743535,0.0
11/13 05:00:00,4818.399525515561,0.0
11/13 06:00:00,5399.609436394941,0.0
11/13 07:00:00,6338.125866574374,0.0
11/13 08:00:00,10447.587151303967,32.0
11/13 09:00:00,10222.878470880702,98.98
11/13 10:00:00,10112.360968580479,152.17
11/13 11:00:00,10070.798095584949,195.55
11/13 12:00:00,9707.196082527327,226.31
11/13 13:00:00,10061.673549434745,166.92
11/13 14:00:00,10028.495672053159,117.37
11/13 15:00:00,9927.514316949828,109.32
11/13 16:00:00,10014.037534629719,21.17
11/13 17:00:00,7446.263511405266,0.0
11/13 18:00:00,6284.060049595531,0.0
11/13 19:00:00,6315.46954158612,0.0
11/13 20:00:00,6058.224937388607,0.0
11/13 21:00:00,5989.713575540432,0.0
11/13 22:00:00,5552.141382294452,0.0
11/13 23:00:00,5215.250583983189,0.0
11/14 00:00:00,4776.002679231922,0.0
11/14 01:00:00,4760.191759331121,0.0
11/14 02:00:00,4767.835503234428,0.0
11/14 03:00:00,4716.807860867413,0.0
11/14 04:00:00,4680.300978474844,0.0
11/14 05:00:00,4788.452119788105,0.0
11/14 06:00:00,5199.100099428963,0.0
11/14 07:00:00,5991.7347936585475,0.0
11/14 08:00:00,9341.79540402474,43.39
11/14 09:00:00,8884.983111112422,140.48
11/14 10:00:00,8636.606143488565,214.18
11/14 11:00:00,8699.52346353693,272.0
11/14 12:00:00,8340.450467500004,293.85
11/14 13:00:00,8739.585421019618,268.03
11/14 14:00:00,8674.026219670188,205.22
11/14 15:00:00,8682.254021248767,134.59
11/14 16:00:00,8861.994218657568,35.52
11/14 17:00:00,6736.659259214748,0.0
11/14 18:00:00,5958.2883249999695,0.0
11/14 19:00:00,6040.234209100352,0.0
11/14 20:00:00,5842.61922902249,0.0
11/14 21:00:00,5825.2339520622645,0.0
11/14 22:00:00,5500.864726053629,0.0
11/14 23:00:00,5170.018811288423,0.0
11/15 00:00:00,4717.739060503115,0.0
11/15 01:00:00,4715.9480668114475,0.0
11/15 02:00:00,4676.000116345365,0.0
11/15 03:00:00,4640.958536945874,0.0
11/15 04:00:00,4656.176903988306,0.0
11/15 05:00:00,4751.765486050933,0.0
11/15 06:00:00,5097.873490324818,0.0
11/15 07:00:00,5844.3696937681625,0.0
11/15 08:00:00,9460.617637461042,43.43
11/15 09:00:00,8807.217987724931,141.07
11/15 10:00:00,8703.08999108308,210.93
11/15 11:00:00,8794.552806650961,268.03
11/15 12:00:00,8475.04754342108,289.27
11/15 13:00:00,8877.785429524454,265.15
11/15 14:00:00,8690.583225661312,203.67
11/15 15:00:00,8729.8837873027,134.72
11/15 16:00:00,8818.418518596978,34.62
11/15 17:00:00,6825.889046515773,0.0
11/15 18:00:00,5970.198816503353,0.0
11/15 19:00:00,5995.781520893974,0.0
11/15 20:00:00,5746.340001218902,0.0
11/15 21:00:00,5685.396425950759,0.0
11/15 22:00:00,5368.188556726823,0.0
11/15 23:00:00,5104.041895190711,0.0
11/16 00:00:00,4689.389596943571,0.0
11/16 01:00:00,4737.857330997417,0.0
11/16 02:00:00,4708.65747884316,0.0
11/16 03:00:00,4700.898594448989,0.0
11/16 04:00:00,4672.9970796954385,0.0
11/16 05:00:00,4742.25267892004,0.0
11/16 06:00:00,5186.574491185773,0.0
11/16 07:00:00,5972.071752335945,0.0
11/16 08:00:00,9392.864292316437,40.15
11/16 09:00:00,8738.188213649393,137.96
11/16 10:00:00,8615.105554471293,206.86
11/16 11:00:00,8681.817206296852,262.8
11/16 12:00:00,8334.25961741338,285.19
11/16 13:00:00,8674.44223473,253.31
11/16 14:00:00,8547.16551030417,189.69
11/16 15:00:00,8658.245139278144,130.83
11/16 16:00:00,8791.71901826965,31.78
11/16 17:00:00,6769.072177685716,0.0
11/16 18:00:00,5915.131565375197,0.0
11/16 19:00:00,6071.843994069475,0.0
11/16 20:00:00,5865.805548811285,0.0
11/16 21:00:00,5898.230362684759,0.0
11/16 22:00:00,5548.029570943639,0.0
11/16 23:00:00,5166.540056303277,0.0
11/17 00:00:00,4785.273192131086,0.0
11/17 01:00:00,4793.007076621389,0.0
11/17 02:00:00,4781.145561440285,0.0
11/17 03:00:00,4775.173910049016,0.0
11/17 04:00:00,4762.132150314126,0.0
11/17 05:00:00,4858.431643357056,0.0
11/17 06:00:00,5217.152542825212,0.0
11/17 07:00:00,5990.783359056593,0.0
11/17 08:00:00,9437.241046388044,12.31
11/17 09:00:00,8786.880660222498,48.74
11/17 10:00:00,8652.484615142257,90.54
11/17 11:00:00,8612.590130757051,121.15
11/17 12:00:00,8344.713932272252,48.69
11/17 13:00:00,8634.844618150802,134.29
11/17 14:00:00,8683.749456139043,27.26
11/17 15:00:00,8828.161980859728,22.33
11/17 16:00:00,8865.50227664662,10.24
11/17 17:00:00,6673.423763645659,0.0
11/17 18:00:00,5831.4599258211,0.0
11/17 19:00:00,6213.318034829062,0.0
11/17 20:00:00,5955.553958610484,0.0
11/17 21:00:00,5871.473624021816,0.0
11/17 22:00:00,5506.18919691503,0.0
11/17 23:00:00,5206.286897530627,0.0
11/18 00:00:00,4428.990312643155,0.0
11/18 01:00:00,4397.554830818711,0.0
11/18 02:00:00,4370.5101990436415,0.0
11/18 03:00:00,4370.062859254757,0.0
11/18 04:00:00,4345.241639886241,0.0
11/18 05:00:00,4420.468503755051,0.0
11/18 06:00:00,5247.0000789567985,0.0
11/18 07:00:00,5313.603507571791,0.0
11/18 08:00:00,6126.861455073768,11.29
11/18 09:00:00,5760.190597797425,80.33
11/18 10:00:00,5298.816206274511,100.32
11/18 11:00:00,5304.243981680957,165.83
11/18 12:00:00,4511.719274181399,167.7
11/18 13:00:00,4421.928655631118,147.94
11/18 14:00:00,4439.760151007945,124.61
11/18 15:00:00,4447.020557930688,49.93
11/18 16:00:00,4569.308329051588,6.07
11/18 17:00:00,4220.982929095377,0.0
11/18 18:00:00,4058.4209326476575,0.0
11/18 19:00:00,3957.6289720785044,0.0
11/18 20:00:00,3905.7703120356114,0.0
11/18 21:00:00,3930.548809513156,0.0
11/18 22:00:00,3799.1379702235054,0.0
11/18 23:00:00,3737.2254449886304,0.0
11/19 00:00:00,3630.794241585204,0.0
11/19 01:00:00,3593.275628045558,0.0
11/19 02:00:00,3615.5666885979595,0.0
11/19 03:00:00,3510.220543633883,0.0
11/19 04:00:00,3543.7906109993824,0.0
11/19 05:00:00,3580.779097581469,0.0
11/19 06:00:00,3903.066060490012,0.0
11/19 07:00:00,3973.1744707263015,0.0
11/19 08:00:00,4036.2136124432,28.0
11/19 09:00:00,4049.13842938052,84.45
11/19 10:00:00,4101.412728398044,68.07
11/19 11:00:00,4137.365405065546,64.27
11/19 12:00:00,4122.175091132143,104.37
11/19 13:00:00,4083.430070322772,60.26
11/19 14:00:00,4135.606731823754,50.01
11/19 15:00:00,4078.6711928360705,22.32
11/19 16:00:00,4076.6018388435646,6.1
11/19 17:00:00,4055.705562592859,0.0
11/19 18:00:00,3887.8887128800716,0.0
11/19 19:00:00,3821.318892714825,0.0
11/19 20:00:00,3797.771413021002,0.0
11/19 21:00:00,3754.7516768459914,0.0
11/19 22:00:00,3624.7020448945036,0.0
11/19 23:00:00,3584.3170648046253,0.0
11/20 00:00:00,3796.1524587177896,0.0
11/20 01:00:00,3835.289467299601,0.0
11/20 02:00:00,3837.1236067834543,0.0
11/20 03:00:00,3808.5514117187377,0.0
11/20 04:00:00,3846.500512230707,0.0
11/20 05:00:00,3895.0582708471993,0.0
11/20 06:00:00,4373.8607385725545,0.0
11/20 07:00:00,5202.045349849732,0.0
11/20 08:00:00,8490.08765842665,8.16
11/20 09:00:00,8333.149603778851,46.78
11/20 10:00:00,8099.716567204503,146.02
11/20 11:00:00,8181.478760730112,169.05
11/20 12:00:00,7944.4171482078345,136.29
11/20 13:00:00,8244.482637421886,61.24
11/20 14:00:00,8360.927011966123,21.25
11/20 15:00:00,8357.916586284378,10.15
11/20 16:00:00,8291.177685481596,7.12
11/20 17:00:00,6102.8666042593995,0.0
11/20 18:00:00,5190.099477644963,0.0
11/20 19:00:00,5153.4441753714955,0.0
11/20 20:00:00,4891.226320080625,0.0
11/20 21:00:00,4910.071701854443,0.0
11/20 22:00:00,4531.187756325989,0.0
11/20 23:00:00,4264.305667803029,0.0
11/21 00:00:00,3832.851105290229,0.0
11/21 01:00:00,3846.2436480470474,0.0
11/21 02:00:00,3832.57446572913,0.0
11/21 03:00:00,3820.424585832911,0.0
11/21 04:00:00,3871.0533735096315,0.0
11/21 05:00:00,3913.893917143194,0.0
11/21 06:00:00,4292.083010257473,0.0
11/21 07:00:00,4986.567653948065,0.0
11/21 08:00:00,8191.416220709626,5.07
11/21 09:00:00,7824.716552972592,28.47
11/21 10:00:00,8262.94433325918,55.26
11/21 11:00:00,8558.061936388336,57.24
11/21 12:00:00,8221.138574426404,80.3
11/21 13:00:00,8634.793662349526,70.84
11/21 14:00:00,8605.50616735321,67.22
11/21 15:00:00,8774.060839424968,39.21
11/21 16:00:00,8255.42865202688,6.11
11/21 17:00:00,5882.693895586742,0.0
11/21 18:00:00,5101.98097973888,0.0
11/21 19:00:00,5176.5286062795585,0.0
11/21 20:00:00,4983.349258661864,0.0
11/21 21:00:00,4935.609883132277,0.0
11/21 22:00:00,4593.510961767492,0.0
11/21 23:00:00,4323.680316718084,0.0
11/22 00:00:00,3898.1275696343737,0.0
11/22 01:00:00,3923.764317928946,0.0
11/22 02:00:00,3896.3652818234523,0.0
11/22 03:00:00,3846.4641389871067,0.0
11/22 04:00:00,3878.9865282480173,0.0
11/22 05:00:00,3909.827214741137,0.0
11/22 06:00:00,4291.025518546927,0.0
11/22 07:00:00,5076.694727769996,0.0
11/22 08:00:00,8387.322667162789,14.0
11/22 09:00:00,7980.986410766971,116.89
11/22 10:00:00,7908.319033826122,186.98
11/22 11:00:00,7977.496558610364,241.19
11/22 12:00:00,7570.530403818805,225.48
11/22 13:00:00,7906.6767531745645,186.69
11/22 14:00:00,8039.923202473904,177.39
11/22 15:00:00,8626.019424103679,110.8
11/22 16:00:00,8592.63518213397,20.07
11/22 17:00:00,6026.700477221661,0.0
11/22 18:00:00,5128.47533157342,0.0
11/22 19:00:00,5158.274426628496,0.0
11/22 20:00:00,4936.670274867478,0.0
11/22 21:00:00,4919.079922281967,0.0
11/22 22:00:00,4563.101868871122,0.0
11/22 23:00:00,4279.426072367102,0.0
11/23 00:00:00,3612.8970378978925,0.0
11/23 01:00:00,3581.2077583150763,0.0
11/23 02:00:00,3622.3747279639406,0.0
11/23 03:00:00,3549.0595684482178,0.0
11/23 04:00:00,3610.5410321967565,0.0
11/23 05:00:00,3623.2637044035496,0.0
11/23 06:00:00,3879.9897073743214,0.0
11/23 07:00:00,3926.362882661335,0.0
11/23 08:00:00,3970.016404872519,11.8
11/23 09:00:00,4226.848739168068,65.42
11/23 10:00:00,4305.585744274289,116.67
11/23 11:00:00,4326.809987321471,170.99
11/23 12:00:00,4356.373014596289,164.21
11/23 13:00:00,4298.535005829181,238.55
11/23 14:00:00,4290.157215413025,183.17
11/23 15:00:00,4271.632846045984,93.93
11/23 16:00:00,4279.395247735832,7.19
11/23 17:00:00,4440.837140609742,0.0
11/23 18:00:00,4305.079992688211,0.0
11/23 19:00:00,4457.242066325354,0.0
11/23 20:00:00,4459.263011896383,0.0
11/23 21:00:00,4466.821500000212,0.0
11/23 22:00:00,4414.556245250138,0.0
11/23 23:00:00,4410.730964081361,0.0
11/24 00:00:00,4744.2840559333235,0.0
11/24 01:00:00,4703.248445789279,0.0
11/24 02:00:00,4753.758499200968,0.0
11/24 03:00:00,4683.500814963517,0.0
11/24 04:00:00,4650.889272058967,0.0
11/24 05:00:00,4668.805147207811,0.0
11/24 06:00:00,5140.035589977899,0.0
11/24 07:00:00,5958.676199750099,0.0
11/24 08:00:00,9479.186498541625,8.3
11/24 09:00:00,8843.908077039096,63.14
11/24 10:00:00,8613.631322092328,68.4
11/24 11:00:00,8657.892452317703,78.39
11/24 12:00:00,8276.665564818632,67.59
11/24 13:00:00,8711.028242895025,78.38
11/24 14:00:00,8556.802647967908,38.71
11/24 15:00:00,8641.606502782386,33.86
11/24 16:00:00,7994.376012350392,7.21
11/24 17:00:00,6020.231542312071,0.0
11/24 18:00:00,5179.806109970568,0.0
11/24 19:00:00,5209.7006203085875,0.0
11/24 20:00:00,5009.891076374202,0.0
11/24 21:00:00,4863.636394549033,0.0
11/24 22:00:00,4564.073048276336,0.0
11/24 23:00:00,4260.8875613425325,0.0
11/25 00:00:00,3528.3886176054707,0.0
11/25 01:00:00,3548.292409502298,0.0
11/25 02:00:00,3502.99025085598,0.0
11/25 03:00:00,3523.0734649604456,0.0
11/25 04:00:00,3517.4514554384336,0.0
11/25 05:00:00,3540.303115848603,0.0
11/25 06:00:00,4278.890198278012,0.0
11/25 07:00:00,4401.767214862288,0.0
11/25 08:00:00,5478.899932599483,2.02
11/25 09:00:00,5953.757255368848,9.14
11/25 10:00:00,5796.945284353501,28.47
11/25 11:00:00,5822.454134553091,65.77
11/25 12:00:00,4946.656578300502,77.2
11/25 13:00:00,4920.233797657289,181.42
11/25 14:00:00,4877.450646483974,181.9
11/25 15:00:00,4929.973518292992,114.92
11/25 16:00:00,4990.7138826782075,14.9
11/25 17:00:00,4701.014223501832,0.0
11/25 18:00:00,4599.089173025418,0.0
11/25 19:00:00,4385.470776603194,0.0
11/25 20:00:00,4451.681984865347,0.0
11/25 21:00:00,4486.237878735868,0.0
11/25 22:00:00,4390.524881180197,0.0
11/25 23:00:00,4304.916961497265,0.0
11/26 00:00:00,4233.661075047285,0.0
11/26 01:00:00,4171.391472509185,0.0
11/26 02:00:00,4147.319271180016,0.0
11/26 03:00:00,4160.171888022746,0.0
11/26 04:00:00,4143.457223821457,0.0
11/26 05:00:00,4233.014928317201,0.0
11/26 06:00:00,4536.716711272441,0.0
11/26 07:00:00,4607.561580344139,0.0
11/26 08:00:00,4685.799193009761,8.81
11/26 09:00:00,4723.959960074188,101.05
11/26 10:00:00,4726.34472731699,148.42
11/26 11:00:00,4794.758175201104,101.25
11/26 12:00:00,4812.0433525177505,157.31
11/26 13:00:00,4813.402211952438,164.67
11/26 14:00:00,4753.671664421392,178.18
11/26 15:00:00,4787.042842580051,111.51
11/26 16:00:00,4734.61992526908,7.28
11/26 17:00:00,4809.032251461286,0.0
11/26 18:00:00,4536.0058570095935,0.0
11/26 19:00:00,4501.98816306108,0.0
11/26 20:00:00,4469.173494790265,0.0
11/26 21:00:00,4438.880088008401,0.0
11/26 22:00:00,4344.496325439321,0.0
11/26 23:00:00,4285.1503558716195,0.0
11/27 00:00:00,4582.41660913671,0.0
11/27 01:00:00,4606.450924452647,0.0
11/27 02:00:00,4601.589679833769,0.0
11/27 03:00:00,4578.399009731435,0.0
11/27 04:00:00,4587.552787296306,0.0
11/27 05:00:00,4654.019391251568,0.0
11/27 06:00:00,5215.289038524578,0.0
11/27 07:00:00,6123.64659698491,0.0
11/27 08:00:00,10259.821101795102,1.01
11/27 09:00:00,10185.954691213066,11.14
11/27 10:00:00,10134.826511904146,18.23
11/27 11:00:00,10035.274045544336,28.29
11/27 12:00:00,9591.261888715013,28.31
11/27 13:00:00,10002.87038746627,24.29
11/27 14:00:00,10047.367152017257,17.23
11/27 15:00:00,10076.762550339858,11.14
11/27 16:00:00,9973.484782331228,1.01
11/27 17:00:00,7291.187400591156,0.0
11/27 18:00:00,6173.775225739772,0.0
11/27 19:00:00,6158.272236181727,0.0
11/27 20:00:00,5937.316526427252,0.0
11/27 21:00:00,5832.6922391382095,0.0
11/27 22:00:00,5419.156900203376,0.0
11/27 23:00:00,5089.380058790502,0.0
11/28 00:00:00,4658.627818736467,0.0
11/28 01:00:00,4646.171050228269,0.0
11/28 02:00:00,4665.844155712278,0.0
11/28 03:00:00,4594.413206441272,0.0
11/28 04:00:00,4618.609918227164,0.0
11/28 05:00:00,4710.063279606259,0.0
11/28 06:00:00,5203.758658062677,0.0
11/28 07:00:00,5916.308351927613,0.0
11/28 08:00:00,9516.92303709272,0.0
11/28 09:00:00,9026.87373778214,8.13
11/28 10:00:00,8773.639949281647,17.23
11/28 11:00:00,8585.540246978391,40.57
11/28 12:00:00,8208.713418001244,90.36
11/28 13:00:00,8540.767166230487,116.57
11/28 14:00:00,8486.67700455583,82.55
11/28 15:00:00,8537.745356361289,99.45
11/28 16:00:00,8639.20046888421,9.1
11/28 17:00:00,6592.467576208777,0.0
11/28 18:00:00,5769.242721629925,0.0
11/28 19:00:00,5895.209878717454,0.0
11/28 20:00:00,5546.4028765636685,0.0
11/28 21:00:00,5592.20273330869,0.0
11/28 22:00:00,5262.516171245049,0.0
11/28 23:00:00,4930.199962465396,0.0
11/29 00:00:00,4528.791305578385,0.0
11/29 01:00:00,4508.322169226348,0.0
11/29 02:00:00,4501.296074611763,0.0
11/29 03:00:00,4512.376495255234,0.0
11/29 04:00:00,4500.238868117447,0.0
11/29 05:00:00,4605.091807294848,0.0
11/29 06:00:00,5049.090741136042,0.0
11/29 07:00:00,5908.439934193304,0.0
11/29 08:00:00,9541.305801413373,1.01
11/29 09:00:00,8967.160914948063,11.13
11/29 10:00:00,8728.198442345085,25.22
11/29 11:00:00,8564.880303753227,59.41
11/29 12:00:00,8301.481965338462,64.51
11/29 13:00:00,8726.460450634058,63.7
11/29 14:00:00,8793.646190364394,43.9
11/29 15:00:00,8862.39767213153,22.4
11/29 16:00:00,8746.486063039156,4.11
11/29 17:00:00,6587.14864852526,0.0
11/29 18:00:00,5728.98479352557,0.0
11/29 19:00:00,5889.480273894038,0.0
11/29 20:00:00,5628.578796870884,0.0
11/29 21:00:00,5499.762240316563,0.0
11/29 22:00:00,5204.111798135757,0.0
11/29 23:00:00,4909.620955459267,1.0
11/30 00:00:00,4464.0926550090735,0.0
11/30 01:00:00,4456.813245482648,0.0
11/30 02:00:00,4483.625210249131,0.0
11/30 03:00:00,4433.031177975102,0.0
11/30 04:00:00,4457.049748997258,0.0
11/30 05:00:00,4529.026244649186,0.0
11/30 06:00:00,4981.9943486400925,0.0
11/30 07:00:00,5813.704562421458,0.0
11/30 08:00:00,9315.6199571317,1.01
11/30 09:00:00,8854.76991240554,13.13
11/30 10:00:00,8574.483411962014,34.66
11/30 11:00:00,8466.047158001782,93.47
11/30 12:00:00,8298.914623106351,31.3
11/30 13:00:00,8865.08537478846,19.28
11/30 14:00:00,8770.071985675255,17.22
11/30 15:00:00,8819.90415497534,7.0
11/30 16:00:00,8687.283800721338,1.01
11/30 17:00:00,6588.800330272733,0.0
11/30 18:00:00,5710.711600998379,0.0
11/30 19:00:00,5763.4176932541295,0.0
11/30 20:00:00,5677.468045291263,0.0
11/30 21:00:00,5570.114209645042,0.0
11/30 22:00:00,5236.925170911737,0.0
11/30 23:00:00,4924.818922404233,0.0
12/01 00:00:00,5259.536093971511,0.0
12/01 01:00:00,5282.162326696491,0.0
12/01 02:00:00,5272.715741897094,0.0
12/01 03:00:00,5247.607234803588,0.0
12/01 04:00:00,5248.008838758048,0.0
12/01 05:00:00,5339.827378831143,0.0
12/01 06:00:00,5777.995731781673,0.0
12/01 07:00:00,6628.886369489623,0.0
12/01 08:00:00,10182.146531132765,4.09
12/01 09:00:00,9447.900742841188,102.04
12/01 10:00:00,9253.476741767903,163.12
12/01 11:00:00,9292.391265676844,205.08
12/01 12:00:00,9016.500715854854,183.42
12/01 13:00:00,9409.323698649834,60.39
12/01 14:00:00,9410.287330892108,41.88
12/01 15:00:00,9641.76927086559,25.51
12/01 16:00:00,9613.840469353487,3.07
12/01 17:00:00,7388.396451121743,0.0
12/01 18:00:00,6535.345387730523,0.0
12/01 19:00:00,6637.72439910423,0.0
12/01 20:00:00,6388.882676979599,0.0
12/01 21:00:00,6358.112736930103,0.0
12/01 22:00:00,5985.392038544379,0.0
12/01 23:00:00,5684.502469632116,0.0
12/02 00:00:00,4950.4940517051555,0.0
12/02 01:00:00,4929.276775063883,0.0
12/02 02:00:00,4895.642224698988,0.0
12/02 03:00:00,4917.564137021254,0.0
12/02 04:00:00,4905.818459007576,0.0
12/02 05:00:00,4951.985555554454,0.0
12/02 06:00:00,5790.677538875405,0.0
12/02 07:00:00,5898.70640487614,0.0
12/02 08:00:00,6806.551367925434,2.0
12/02 09:00:00,6569.142861117703,18.36
12/02 10:00:00,6494.00173816236,36.64
12/02 11:00:00,6473.351451389289,52.09
12/02 12:00:00,5578.252634750904,58.18
12/02 13:00:00,5517.797852811752,47.83
12/02 14:00:00,5557.729968455724,29.44
12/02 15:00:00,5640.253891350895,22.38
12/02 16:00:00,5760.850018643279,1.01
12/02 17:00:00,5482.976817170359,0.0
12/02 18:00:00,5452.121995635384,0.0
12/02 19:00:00,5207.372977369232,0.0
12/02 20:00:00,5218.204234555021,0.0
12/02 21:00:00,5250.7827280502115,0.0
12/02 22:00:00,5166.100105607686,0.0
12/02 23:00:00,5090.360758551704,0.0
12/03 00:00:00,5024.284076928696,0.0
12/03 01:00:00,5030.655621093866,0.0
12/03 02:00:00,5036.173578639014,0.0
12/03 03:00:00,5007.446261698815,0.0
12/03 04:00:00,5042.366092357943,0.0
12/03 05:00:00,5050.243343584859,0.0
12/03 06:00:00,5434.083498191967,0.0
12/03 07:00:00,5409.846809354472,0.0
12/03 08:00:00,5546.820033290662,1.0
12/03 09:00:00,5526.522910735377,29.82
12/03 10:00:00,5551.499633723693,39.84
12/03 11:00:00,5537.117376202938,59.35
12/03 12:00:00,5575.4725672515515,72.05
12/03 13:00:00,5566.461956715744,53.1
12/03 14:00:00,5568.8079653698405,40.87
12/03 15:00:00,5570.019400952458,21.38
12/03 16:00:00,5554.953156873085,0.0
12/03 17:00:00,5553.85293807193,0.0
12/03 18:00:00,5233.371594436907,0.0
12/03 19:00:00,5225.489052372046,0.0
12/03 20:00:00,5245.991182549138,0.0
12/03 21:00:00,5222.6450061724845,0.0
12/03 22:00:00,5129.353094928269,0.0
12/03 23:00:00,5051.647658144681,0.0
12/04 00:00:00,5384.18900863969,0.0
12/04 01:00:00,5410.207977104401,0.0
12/04 02:00:00,5395.255473535634,0.0
12/04 03:00:00,5360.994634270978,0.0
12/04 04:00:00,5285.476082965391,0.0
12/04 05:00:00,5395.467174488873,0.0
12/04 06:00:00,5912.254287404,0.0
12/04 07:00:00,6967.909085431222,0.0
12/04 08:00:00,11032.726514530808,0.0
12/04 09:00:00,10993.670542954678,4.0
12/04 10:00:00,10837.31335324523,14.21
12/04 11:00:00,10888.808152246416,14.0
12/04 12:00:00,10364.472143192032,16.29
12/04 13:00:00,10785.445871036825,14.0
12/04 14:00:00,10753.339546946896,8.0
12/04 15:00:00,10876.054242707143,5.0
12/04 16:00:00,10748.266832611182,0.0
12/04 17:00:00,8067.611052991408,0.0
12/04 18:00:00,6844.852508642713,0.0
12/04 19:00:00,6853.8464629371,0.0
12/04 20:00:00,6588.941366783474,0.0
12/04 21:00:00,6555.5815807227245,0.0
12/04 22:00:00,6176.903753617878,0.0
12/04 23:00:00,5865.458235530151,0.0
12/05 00:00:00,5458.399055752427,0.0
12/05 01:00:00,5406.824944580997,0.0
12/05 02:00:00,5346.559799737172,0.0
12/05 03:00:00,5328.450325453605,0.0
12/05 04:00:00,5332.210691670672,0.0
12/05 05:00:00,5398.979999988582,0.0
12/05 06:00:00,5857.99103550849,0.0
12/05 07:00:00,6625.272263684597,0.0
12/05 08:00:00,10227.952915145044,0.0
12/05 09:00:00,9521.62202339338,4.0
12/05 10:00:00,9398.034736819716,11.0
12/05 11:00:00,9285.062651339125,40.53
12/05 12:00:00,8998.115054694366,49.86
12/05 13:00:00,9348.325947760011,64.89
12/05 14:00:00,9266.417559860229,66.78
12/05 15:00:00,9312.883490016859,45.45
12/05 16:00:00,9524.569715973166,3.2
12/05 17:00:00,7344.737083624271,0.0
12/05 18:00:00,6533.075530901924,0.0
12/05 19:00:00,6715.485855434384,0.0
12/05 20:00:00,6529.038822210761,0.0
12/05 21:00:00,6475.234486467135,0.0
12/05 22:00:00,6156.403945111937,0.0
12/05 23:00:00,5830.495102375074,0.0
12/06 00:00:00,5429.927683198577,0.0
12/06 01:00:00,5440.648963257776,0.0
12/06 02:00:00,5447.085178498303,0.0
12/06 03:00:00,5438.989373882635,0.0
12/06 04:00:00,5433.698533307854,0.0
12/06 05:00:00,5567.698579948299,0.0
12/06 06:00:00,5873.265725177386,0.0
12/06 07:00:00,6711.902304050343,0.0
12/06 08:00:00,10241.580592042434,5.0
12/06 09:00:00,9477.386249259982,60.15
12/06 10:00:00,9312.461956438226,138.65
12/06 11:00:00,9351.454971322344,72.37
12/06 12:00:00,9074.775560869515,180.28
12/06 13:00:00,9517.403189273959,213.34
12/06 14:00:00,9469.10437083627,159.75
12/06 15:00:00,9408.108083037514,100.39
12/06 16:00:00,9596.331145645965,8.16
12/06 17:00:00,7477.771906375695,0.0
12/06 18:00:00,6661.473788357496,0.0
12/06 19:00:00,6846.277699338702,0.0
12/06 20:00:00,6632.685092628071,0.0
12/06 21:00:00,6626.4183833222105,0.0
12/06 22:00:00,6326.83091540552,0.0
12/06 23:00:00,6044.299871362764,0.0
12/07 00:00:00,5531.55846181374,0.0
12/07 01:00:00,5537.5486707075015,0.0
12/07 02:00:00,5521.554421482662,0.0
12/07 03:00:00,5544.035920006558,0.0
12/07 04:00:00,5534.601794929683,0.0
12/07 05:00:00,5626.607907758134,0.0
12/07 06:00:00,6024.983653014362,0.0
12/07 07:00:00,6853.12325650695,0.0
12/07 08:00:00,10426.716761517931,3.0
12/07 09:00:00,9561.759599547846,54.8
12/07 10:00:00,9457.77606430657,122.9
12/07 11:00:00,9372.857401329362,180.92
12/07 12:00:00,9121.223267112546,239.67
12/07 13:00:00,9416.858751698574,208.08
12/07 14:00:00,9372.937663257653,165.32
12/07 15:00:00,9384.366964158688,102.82
12/07 16:00:00,9513.530891782782,6.11
12/07 17:00:00,7403.854317930442,0.0
12/07 18:00:00,6403.8107154468,0.0
12/07 19:00:00,6515.607138912329,0.0
12/07 20:00:00,6320.9793840553275,0.0
12/07 21:00:00,6261.256695701779,0.0
12/07 22:00:00,5993.947743712602,0.0
12/07 23:00:00,5780.121751106853,0.0
12/08 00:00:00,5390.655613769249,0.0
12/08 01:00:00,5380.535319199979,0.0
12/08 02:00:00,5290.447756010389,0.0
12/08 03:00:00,5266.145174373632,0.0
12/08 04:00:00,5286.4978481937,0.0
12/08 05:00:00,5338.157392908956,0.0
12/08 06:00:00,5752.400566565457,0.0
12/08 07:00:00,6522.585649703467,0.0
12/08 08:00:00,10278.930844508812,1.0
12/08 09:00:00,9663.597343645895,22.52
12/08 10:00:00,9384.632097762382,39.79
12/08 11:00:00,9395.592782704269,46.78
12/08 12:00:00,9080.506349787645,42.85
12/08 13:00:00,9497.881374860446,38.53
12/08 14:00:00,8315.126159110214,32.63
12/08 15:00:00,7250.937906612477,13.12
12/08 16:00:00,7113.615932287911,2.07
12/08 17:00:00,5460.468886949536,0.0
12/08 18:00:00,4671.888951843,0.0
12/08 19:00:00,4640.193833652201,0.0
12/08 20:00:00,4437.975856645843,0.0
12/08 21:00:00,4340.515027747199,0.0
12/08 22:00:00,4066.2999728924246,0.0
12/08 23:00:00,3788.906205666374,0.0
12/09 00:00:00,3281.724175948641,0.0
12/09 01:00:00,3258.482878993802,0.0
12/09 02:00:00,3247.562002509397,0.0
12/09 03:00:00,3236.41288551287,0.0
12/09 04:00:00,3258.2777858833365,0.0
12/09 05:00:00,3303.0079130207255,0.0
12/09 06:00:00,3926.256832317013,0.0
12/09 07:00:00,4073.503866616691,0.0
12/09 08:00:00,4882.4840780152235,1.0
12/09 09:00:00,4953.146789075414,11.1
12/09 10:00:00,4956.797085701587,23.39
12/09 11:00:00,4980.356814730229,30.51
12/09 12:00:00,4283.26090630309,32.56
12/09 13:00:00,4265.23514887883,44.79
12/09 14:00:00,4289.584768132175,21.21
12/09 15:00:00,4317.718901880569,7.12
12/09 16:00:00,4398.357614870703,1.01
12/09 17:00:00,4118.714742301883,0.0
12/09 18:00:00,3849.094130192234,0.0
12/09 19:00:00,3596.59065653201,0.0
12/09 20:00:00,3563.821755817862,0.0
12/09 21:00:00,3554.128761518486,0.0
12/09 22:00:00,3437.0701083691847,0.0
12/09 23:00:00,3349.5972383373905,0.0
12/10 00:00:00,3240.19635766934,0.0
12/10 01:00:00,3227.62580548818,0.0
12/10 02:00:00,3223.0614269161147,0.0
12/10 03:00:00,3219.481250640805,0.0
12/10 04:00:00,3228.79014884314,0.0
12/10 05:00:00,3286.595962404574,0.0
12/10 06:00:00,3531.129952934273,0.0
12/10 07:00:00,3602.3087547083624,0.0
12/10 08:00:00,3708.031736146487,5.0
12/10 09:00:00,3707.9453239938625,82.58
12/10 10:00:00,3750.173698527821,89.54
12/10 11:00:00,3780.754642732159,52.28
12/10 12:00:00,3792.6293345675886,31.28
12/10 13:00:00,3771.095166581797,60.57
12/10 14:00:00,3756.2382726134065,128.82
12/10 15:00:00,3766.133673973557,82.3
12/10 16:00:00,3732.951641103747,9.01
12/10 17:00:00,3766.870010187583,0.0
12/10 18:00:00,3574.138491289245,0.0
12/10 19:00:00,3549.9895676741376,0.0
12/10 20:00:00,3541.6109477306095,0.0
12/10 21:00:00,3500.0809789877576,0.0
12/10 22:00:00,3393.487348843285,0.0
12/10 23:00:00,3309.9530495506524,0.0
12/11 00:00:00,3491.1463930799923,0.0
12/11 01:00:00,3472.649284154803,0.0
12/11 02:00:00,3470.292438489718,0.0
12/11 03:00:00,3471.3024054029383,0.0
12/11 04:00:00,3478.1635042363687,0.0
12/11 05:00:00,3555.198225818419,0.0
12/11 06:00:00,3928.9165399018757,0.0
12/11 07:00:00,4616.297017238315,0.0
12/11 08:00:00,7271.5230179917,0.0
12/11 09:00:00,7198.87571504988,6.1
12/11 10:00:00,7054.899141922466,47.35
12/11 11:00:00,7041.365531493159,53.27
12/11 12:00:00,6773.530285442032,103.1
12/11 13:00:00,6993.941981801465,156.6
12/11 14:00:00,6961.029751953575,128.12
12/11 15:00:00,7005.038929937121,76.01
12/11 16:00:00,7008.597270514014,6.0
12/11 17:00:00,5399.6218839873645,0.0
12/11 18:00:00,4621.693310658477,0.0
12/11 19:00:00,4620.471470367064,0.0
12/11 20:00:00,4437.670571213783,0.0
12/11 21:00:00,4367.035653531383,0.0
12/11 22:00:00,4088.9003838719154,0.0
12/11 23:00:00,3792.1532170870178,0.0
12/12 00:00:00,3497.6469047148585,0.0
12/12 01:00:00,3480.0928444343313,0.0
12/12 02:00:00,3473.4884540356134,0.0
12/12 03:00:00,3464.896785964298,0.0
12/12 04:00:00,3484.4791473263604,0.0
12/12 05:00:00,3544.7428987328867,0.0
12/12 06:00:00,3918.64257818206,0.0
12/12 07:00:00,4595.313829024441,0.0
12/12 08:00:00,7282.1759877449595,1.0
12/12 09:00:00,7171.310251804566,23.66
12/12 10:00:00,7058.980358310396,65.23
12/12 11:00:00,7063.963053319735,186.28
12/12 12:00:00,6792.213017443061,232.06
12/12 13:00:00,7052.51914695029,210.07
12/12 14:00:00,7035.89915891342,160.62
12/12 15:00:00,7059.966764137154,98.95
12/12 16:00:00,7087.627600123585,7.0
12/12 17:00:00,5474.968534580809,0.0
12/12 18:00:00,4669.7348569153055,0.0
12/12 19:00:00,4624.140862557121,0.0
12/12 20:00:00,4429.459356042031,0.0
12/12 21:00:00,4345.064875966369,0.0
12/12 22:00:00,4062.911656687118,0.0
12/12 23:00:00,3784.066591522391,0.0
12/13 00:00:00,3479.9060290041407,0.0
12/13 01:00:00,3468.4526621919094,0.0
12/13 02:00:00,3466.7255010420986,0.0
12/13 03:00:00,3459.4860425618413,0.0
12/13 04:00:00,3474.5998308937365,0.0
12/13 05:00:00,3538.476276958494,0.0
12/13 06:00:00,3919.3071410842517,0.0
12/13 07:00:00,4601.244821512314,0.0
12/13 08:00:00,7260.647779903946,0.0
12/13 09:00:00,7217.2447109520335,8.09
12/13 10:00:00,7169.023020882669,26.38
12/13 11:00:00,7114.576817389427,50.0
12/13 12:00:00,6808.782438250154,87.84
12/13 13:00:00,7053.499882722771,95.44
12/13 14:00:00,7034.745969831073,64.67
12/13 15:00:00,7123.134472642074,43.46
12/13 16:00:00,7102.941649896151,1.0
12/13 17:00:00,5457.990554989021,0.0
12/13 18:00:00,4672.771210166295,0.0
12/13 19:00:00,4630.106169339774,0.0
12/13 20:00:00,4418.2689416124385,0.0
12/13 21:00:00,4336.518178523222,0.0
12/13 22:00:00,4068.000411555673,0.0
12/13 23:00:00,3779.935977405185,0.0
12/14 00:00:00,3487.519456011138,0.0
12/14 01:00:00,3466.3988575044496,0.0
12/14 02:00:00,3465.818794487169,0.0
12/14 03:00:00,3463.923670528236,0.0
12/14 04:00:00,3474.298315287037,0.0
12/14 05:00:00,3541.0767660238694,0.0
12/14 06:00:00,3927.494571016343,0.0
12/14 07:00:00,4607.516055372844,0.0
12/14 08:00:00,7263.831019888928,0.0
12/14 09:00:00,7247.218877920293,4.0
12/14 10:00:00,7245.5450978951,11.19
12/14 11:00:00,7270.321291106815,11.0
12/14 12:00:00,6945.707544672206,30.27
12/14 13:00:00,7228.429561125446,21.26
12/14 14:00:00,7240.905046602126,10.0
12/14 15:00:00,7248.985415626535,7.12
12/14 16:00:00,7100.787540229221,1.0
12/14 17:00:00,5435.703193732364,0.0
12/14 18:00:00,4662.378500157527,0.0
12/14 19:00:00,4620.982196200884,0.0
12/14 20:00:00,4430.658229167879,0.0
12/14 21:00:00,4323.186211217835,0.0
12/14 22:00:00,4065.099514345317,0.0
12/14 23:00:00,3784.7918296634666,0.0
12/15 00:00:00,3477.9315010085925,0.0
12/15 01:00:00,3462.9745309985788,0.0
12/15 02:00:00,3460.4641500380794,0.0
12/15 03:00:00,3452.7424257932144,0.0
12/15 04:00:00,3468.663382223012,0.0
12/15 05:00:00,3544.718962621335,0.0
12/15 06:00:00,3911.380228004054,0.0
12/15 07:00:00,4611.340963117384,0.0
12/15 08:00:00,7210.769176626569,4.0
12/15 09:00:00,7026.801920218511,76.97
12/15 10:00:00,7017.431232663494,146.67
12/15 11:00:00,7065.836855745017,193.5
12/15 12:00:00,6789.970452563677,225.99
12/15 13:00:00,7042.632631764222,206.62
12/15 14:00:00,7008.872201319005,153.35
12/15 15:00:00,7071.988885911203,84.92
12/15 16:00:00,7059.47207121979,8.01
12/15 17:00:00,5446.981071002656,0.0
12/15 18:00:00,4655.425169383632,0.0
12/15 19:00:00,4623.1098030604735,0.0
12/15 20:00:00,4441.286829920703,0.0
12/15 21:00:00,4324.185478866667,0.0
12/15 22:00:00,4053.3550769697395,0.0
12/15 23:00:00,3783.4329944881147,0.0
12/16 00:00:00,3259.1965570238626,0.0
12/16 01:00:00,3238.3693571914796,0.0
12/16 02:00:00,3246.4280799137177,0.0
12/16 03:00:00,3231.5316496945097,0.0
12/16 04:00:00,3238.1531098550195,0.0
12/16 05:00:00,3290.228561582179,0.0
12/16 06:00:00,3905.5588248006748,0.0
12/16 07:00:00,4072.882255944227,0.0
12/16 08:00:00,4846.571286433543,1.0
12/16 09:00:00,4865.775913449015,46.32
12/16 10:00:00,4875.271679670616,100.08
12/16 11:00:00,4919.051991024914,134.22
12/16 12:00:00,4252.298983658597,143.1
12/16 13:00:00,4243.702535021061,138.07
12/16 14:00:00,4236.236725777505,136.64
12/16 15:00:00,4251.4713623621865,87.57
12/16 16:00:00,4355.426020843633,5.03
12/16 17:00:00,4095.1605535383205,0.0
12/16 18:00:00,3826.9075671428614,0.0
12/16 19:00:00,3577.2624488056863,0.0
12/16 20:00:00,3575.767030924205,0.0
12/16 21:00:00,3540.342633955024,0.0
12/16 22:00:00,3437.464606146838,0.0
12/16 23:00:00,3353.3794146422665,0.0
12/17 00:00:00,3246.157077339132,0.0
12/17 01:00:00,3232.4022944167277,0.0
12/17 02:00:00,3221.355512297619,0.0
12/17 03:00:00,3217.126829700215,0.0
12/17 04:00:00,3223.3970556948266,0.0
12/17 05:00:00,3272.530575208292,0.0
12/17 06:00:00,3515.111499803776,0.0
12/17 07:00:00,3581.565984366542,0.0
12/17 08:00:00,3703.638399706601,3.0
12/17 09:00:00,3696.2242439025913,74.55
12/17 10:00:00,3724.293270266284,145.73
12/17 11:00:00,3766.0424893676495,190.08
12/17 12:00:00,3759.965266867855,211.22
12/17 13:00:00,3738.138627239355,181.61
12/17 14:00:00,3743.608490625303,146.49
12/17 15:00:00,3745.1733107433665,91.8
12/17 16:00:00,3708.466924353046,9.06
12/17 17:00:00,3741.6865378596835,0.0
12/17 18:00:00,3569.794292563928,0.0
12/17 19:00:00,3543.164779835198,0.0
12/17 20:00:00,3533.3238607082303,0.0
12/17 21:00:00,3503.8872793183496,0.0
12/17 22:00:00,3396.9214002472463,0.0
12/17 23:00:00,3311.0218466873266,0.0
12/18 00:00:00,3494.2597256647036,0.0
12/18 01:00:00,3476.8171910902865,0.0
12/18 02:00:00,3474.1614989521026,0.0
12/18 03:00:00,3462.269273629442,0.0
12/18 04:00:00,3475.3872304614115,0.0
12/18 05:00:00,3547.0057615489736,0.0
12/18 06:00:00,3927.00384865909,0.0
12/18 07:00:00,4578.590730705578,0.0
12/18 08:00:00,7199.361400481933,2.0
12/18 09:00:00,6973.81656762331,64.95
12/18 10:00:00,6939.400886895942,127.09
12/18 11:00:00,6990.3860819644615,97.61
12/18 12:00:00,6700.153847947055,173.72
12/18 13:00:00,6981.1371434636185,157.62
12/18 14:00:00,6930.690112476337,133.36
12/18 15:00:00,6950.071886090292,82.57
12/18 16:00:00,6964.405588331792,7.09
12/18 17:00:00,5369.106059195516,0.0
12/18 18:00:00,4612.711817042282,0.0
12/18 19:00:00,4589.595508477779,0.0
12/18 20:00:00,4438.126039986347,0.0
12/18 21:00:00,4349.448388077079,0.0
12/18 22:00:00,4071.068125529122,0.0
12/18 23:00:00,3792.406728524193,0.0
12/19 00:00:00,3493.5935146481274,0.0
12/19 01:00:00,3471.4767330134428,0.0
12/19 02:00:00,3472.7908915825064,0.0
12/19 03:00:00,3465.6111982417856,0.0
12/19 04:00:00,3476.2348341458905,0.0
12/19 05:00:00,3556.6843915943905,0.0
12/19 06:00:00,3925.146290204255,0.0
12/19 07:00:00,4603.790499024844,0.0
12/19 08:00:00,7259.9687343817,3.0
12/19 09:00:00,7073.89535263463,67.38
12/19 10:00:00,7036.709352546274,139.25
12/19 11:00:00,7073.275546821862,186.85
12/19 12:00:00,6810.238876433011,215.24
12/19 13:00:00,7074.652379723143,202.02
12/19 14:00:00,7054.257985407891,158.98
12/19 15:00:00,7067.677406841264,105.18
12/19 16:00:00,7092.333329872557,10.14
12/19 17:00:00,5466.450710667205,0.0
12/19 18:00:00,4685.048637119399,0.0
12/19 19:00:00,4641.368327011533,0.0
12/19 20:00:00,4447.29575703041,0.0
12/19 21:00:00,4372.0890796973135,0.0
12/19 22:00:00,4086.8821060362616,0.0
12/19 23:00:00,3805.664785377387,0.0
12/20 00:00:00,3501.985966947256,0.0
12/20 01:00:00,3485.2281405161675,0.0
12/20 02:00:00,3476.24933801177,0.0
12/20 03:00:00,3473.0762156192436,0.0
12/20 04:00:00,3473.563604767226,0.0
12/20 05:00:00,3556.1301328949767,0.0
12/20 06:00:00,3949.062608811846,0.0
12/20 07:00:00,4627.6621652829335,0.0
12/20 08:00:00,7272.113610782818,3.0
12/20 09:00:00,7068.231430261263,70.92
12/20 10:00:00,7040.398764337843,143.04
12/20 11:00:00,7098.046966194312,192.14
12/20 12:00:00,6809.907496571329,228.65
12/20 13:00:00,7063.364219471467,210.36
12/20 14:00:00,7010.911678807337,156.57
12/20 15:00:00,7064.588747161919,89.17
12/20 16:00:00,7071.923729917235,8.19
12/20 17:00:00,5447.41479997195,0.0
12/20 18:00:00,4668.3012657761155,0.0
12/20 19:00:00,4636.466275976024,0.0
12/20 20:00:00,4455.699086181514,0.0
12/20 21:00:00,4368.632907199116,0.0
12/20 22:00:00,4079.7349746391933,0.0
12/20 23:00:00,3804.3265409545756,0.0
12/21 00:00:00,3498.5607278359453,0.0
12/21 01:00:00,3477.8279849818528,0.0
12/21 02:00:00,3487.0291390565826,0.0
12/21 03:00:00,3476.8913801574795,0.0
12/21 04:00:00,3491.8610224897966,0.0
12/21 05:00:00,3554.299313439347,0.0
12/21 06:00:00,3956.6905864917157,0.0
12/21 07:00:00,4618.47188889695,0.0
12/21 08:00:00,7272.106082474293,2.0
12/21 09:00:00,7084.341311375804,62.42
12/21 10:00:00,7063.261575874521,133.0
12/21 11:00:00,7092.390180645213,185.52
12/21 12:00:00,6824.601206122297,231.95
12/21 13:00:00,7077.75070589702,214.63
12/21 14:00:00,7053.625082964381,166.94
12/21 15:00:00,7087.132984173347,104.84
12/21 16:00:00,7101.160596360414,9.26
12/21 17:00:00,5477.443172802588,0.0
12/21 18:00:00,4692.990375744733,0.0
12/21 19:00:00,4648.396903404685,0.0
12/21 20:00:00,4451.48386229209,0.0
12/21 21:00:00,4362.763012041152,0.0
12/21 22:00:00,4100.061131567742,0.0
12/21 23:00:00,3808.5020139995504,0.0
12/22 00:00:00,3509.9291481026985,0.0
12/22 01:00:00,3490.368465446038,0.0
12/22 02:00:00,3486.2029130236006,0.0
12/22 03:00:00,3478.987629649374,0.0
12/22 04:00:00,3495.8077795458553,0.0
12/22 05:00:00,3571.92325912939,0.0
12/22 06:00:00,3952.5091103834443,0.0
12/22 07:00:00,4629.5649837447945,0.0
12/22 08:00:00,7315.180739129349,1.0
12/22 09:00:00,7111.025086159707,47.35
12/22 10:00:00,7063.1275234394525,119.44
12/22 11:00:00,7090.115481751916,157.98
12/22 12:00:00,6814.4279329094625,182.51
12/22 13:00:00,7103.549541304678,133.99
12/22 14:00:00,7041.760047484028,134.62
12/22 15:00:00,7076.062892176389,88.1
12/22 16:00:00,7090.031685865118,10.33
12/22 17:00:00,5464.192979551028,0.0
12/22 18:00:00,4683.731366086025,0.0
12/22 19:00:00,4650.510708363693,0.0
12/22 20:00:00,4477.376571046876,0.0
12/22 21:00:00,4373.961150569306,0.0
12/22 22:00:00,4102.670754785465,0.0
12/22 23:00:00,3817.149875037716,0.0
12/23 00:00:00,3296.718814996535,0.0
12/23 01:00:00,3285.035585394307,0.0
12/23 02:00:00,3272.320249640197,0.0
12/23 03:00:00,3267.9527194884035,0.0
12/23 04:00:00,3289.930796075665,0.0
12/23 05:00:00,3328.540942515268,0.0
12/23 06:00:00,3954.167814223294,0.0
12/23 07:00:00,4120.652733450946,0.0
12/23 08:00:00,4924.422767949155,1.0
12/23 09:00:00,4939.796518390335,29.67
12/23 10:00:00,4939.196328323062,44.24
12/23 11:00:00,4943.404050152542,129.64
12/23 12:00:00,4274.259691504887,198.19
12/23 13:00:00,4254.291380278106,153.36
12/23 14:00:00,4255.900262367845,113.58
12/23 15:00:00,4281.783955759103,66.66
12/23 16:00:00,4364.426761567835,6.42
12/23 17:00:00,4104.733664161656,0.0
12/23 18:00:00,3855.180589482967,0.0
12/23 19:00:00,3611.0194068611013,0.0
12/23 20:00:00,3601.5622738642314,0.0
12/23 21:00:00,3567.1425343782525,0.0
12/23 22:00:00,3451.914475675541,0.0
12/23 23:00:00,3360.704815120048,0.0
12/24 00:00:00,3255.8839221024828,0.0
12/24 01:00:00,3250.674588827299,0.0
12/24 02:00:00,3242.342565728484,0.0
12/24 03:00:00,3236.6341556078037,0.0
12/24 04:00:00,3248.9915685731944,0.0
12/24 05:00:00,3302.475884196726,0.0
12/24 06:00:00,3558.4742070489647,0.0
12/24 07:00:00,3614.6188338618676,0.0
12/24 08:00:00,3751.1839158861158,1.0
12/24 09:00:00,3754.9834171364378,51.68
12/24 10:00:00,3773.1385071270397,112.0
12/24 11:00:00,3794.6745997979915,158.13
12/24 12:00:00,3812.1518725277683,205.48
12/24 13:00:00,3801.2099834557594,181.79
12/24 14:00:00,3774.5341929770702,130.1
12/24 15:00:00,3793.264401121901,88.44
12/24 16:00:00,3731.853986415827,5.53
12/24 17:00:00,3776.292728014145,0.0
12/24 18:00:00,3595.7994856127625,0.0
12/24 19:00:00,3572.026504779792,0.0
12/24 20:00:00,3574.0570737209255,0.0
12/24 21:00:00,3519.5441031006617,0.0
12/24 22:00:00,3417.2820360325313,0.0
12/24 23:00:00,3330.2811552155704,0.0
12/25 00:00:00,3265.0135257046136,0.0
12/25 01:00:00,3244.6729254987904,0.0
12/25 02:00:00,3229.841387084773,0.0
12/25 03:00:00,3227.932048051485,0.0
12/25 04:00:00,3252.4698404326787,0.0
12/25 05:00:00,3297.708784787061,0.0
12/25 06:00:00,3550.5575077805406,0.0
12/25 07:00:00,3620.8046259518383,0.0
12/25 08:00:00,3777.1687411108683,0.0
12/25 09:00:00,3770.7833414364795,6.08
12/25 10:00:00,3775.7623301532317,37.88
12/25 11:00:00,3789.110202927862,46.97
12/25 12:00:00,3791.594786112163,60.62
12/25 13:00:00,3765.2822154861515,93.17
12/25 14:00:00,3746.952695066408,72.75
12/25 15:00:00,3769.191066960072,50.83
12/25 16:00:00,3714.7236882728766,6.64
12/25 17:00:00,3765.7973899449453,0.0
12/25 18:00:00,3585.420438141308,0.0
12/25 19:00:00,3564.8691169526987,0.0
12/25 20:00:00,3573.246142478688,0.0
12/25 21:00:00,3535.0673133518,0.0
12/25 22:00:00,3428.786299999773,0.0
12/25 23:00:00,3338.9412233074786,0.0
12/26 00:00:00,3508.9016238612053,0.0
12/26 01:00:00,3500.1839885599416,0.0
12/26 02:00:00,3491.3074686631567,0.0
12/26 03:00:00,3489.895789907594,0.0
12/26 04:00:00,3492.2443873041407,0.0
12/26 05:00:00,3572.2587702098585,0.0
12/26 06:00:00,3951.349404853902,0.0
12/26 07:00:00,4644.331828126709,0.0
12/26 08:00:00,7332.446398765371,0.0
12/26 09:00:00,7249.75693654278,4.0
12/26 10:00:00,7223.009581761789,18.18
12/26 11:00:00,7254.515384046197,19.24
12/26 12:00:00,6919.8562062823175,38.54
12/26 13:00:00,7173.748575986723,24.26
12/26 14:00:00,7157.537227402491,35.63
12/26 15:00:00,7240.819288830705,7.12
12/26 16:00:00,7074.173003707468,1.01
12/26 17:00:00,5414.62957361727,0.0
12/26 18:00:00,4647.036567619318,0.0
12/26 19:00:00,4622.626267001397,0.0
12/26 20:00:00,4444.630062139733,0.0
12/26 21:00:00,4376.9097297500875,0.0
12/26 22:00:00,4085.8665312094004,0.0
12/26 23:00:00,3794.833815741287,0.0
12/27 00:00:00,3489.7532019613664,0.0
12/27 01:00:00,3469.189426520539,0.0
12/27 02:00:00,3472.91648517107,0.0
12/27 03:00:00,3464.231162274354,0.0
12/27 04:00:00,3488.2438706693592,0.0
12/27 05:00:00,3557.2193327778873,0.0
12/27 06:00:00,3941.7298094393964,0.0
12/27 07:00:00,4608.652388784722,0.0
12/27 08:00:00,7254.860986649431,1.0
12/27 09:00:00,7035.673451081901,63.78
12/27 10:00:00,7010.112165852163,71.11
12/27 11:00:00,7084.5317338841105,76.15
12/27 12:00:00,6803.8098548679245,70.17
12/27 13:00:00,7027.516654174632,107.06
12/27 14:00:00,7000.662041946667,72.79
12/27 15:00:00,7061.519906220965,56.05
12/27 16:00:00,7053.539633591576,5.49
12/27 17:00:00,5420.523685074481,0.0
12/27 18:00:00,4655.498670388338,0.0
12/27 19:00:00,4636.452223450215,0.0
12/27 20:00:00,4460.401967448244,0.0
12/27 21:00:00,4365.616725704994,0.0
12/27 22:00:00,4096.743780780582,0.0
12/27 23:00:00,3818.198438085233,0.0
12/28 00:00:00,3502.4438691846526,0.0
12/28 01:00:00,3491.5325496750697,0.0
12/28 02:00:00,3485.304533418669,0.0
12/28 03:00:00,3487.6292547285198,0.0
12/28 04:00:00,3492.7692732639175,0.0
12/28 05:00:00,3575.8126285439826,0.0
12/28 06:00:00,3940.744298862325,0.0
12/28 07:00:00,4630.073516000655,0.0
12/28 08:00:00,7293.643280256498,1.0
12/28 09:00:00,7026.276222416858,60.73
12/28 10:00:00,7051.925838379407,83.46
12/28 11:00:00,7120.630715201458,50.21
12/28 12:00:00,6925.191477179986,28.27
12/28 13:00:00,7185.390999082943,27.26
12/28 14:00:00,7179.2928135224365,16.21
12/28 15:00:00,7188.634849172831,16.26
12/28 16:00:00,7062.8451458456275,3.08
12/28 17:00:00,5435.288848375628,0.0
12/28 18:00:00,4669.659691027294,0.0
12/28 19:00:00,4646.072775482476,0.0
12/28 20:00:00,4468.143060056362,0.0
12/28 21:00:00,4393.320515479154,0.0
12/28 22:00:00,4111.16255672717,0.0
12/28 23:00:00,3827.3338104725767,0.0
12/29 00:00:00,3517.407553313323,0.0
12/29 01:00:00,3491.8727827699918,0.0
12/29 02:00:00,3490.3688845768347,0.0
12/29 03:00:00,3494.2098899495863,0.0
12/29 04:00:00,3506.6013003133453,0.0
12/29 05:00:00,3583.281375704958,0.0
12/29 06:00:00,3957.9474172318883,0.0
12/29 07:00:00,4656.320834661716,0.0
12/29 08:00:00,7280.122920758193,1.0
12/29 09:00:00,7057.2737047731025,60.7
12/29 10:00:00,7015.356012101254,124.35
12/29 11:00:00,7088.1989314271095,66.19
12/29 12:00:00,6813.331483367357,60.63
12/29 13:00:00,7058.859410853025,76.89
12/29 14:00:00,7027.547920592822,66.99
12/29 15:00:00,7101.934701245939,47.85
12/29 16:00:00,7061.124333105341,8.32
12/29 17:00:00,5443.901752710429,0.0
12/29 18:00:00,4701.96907921802,0.0
12/29 19:00:00,4663.758203602512,0.0
12/29 20:00:00,4455.644272650975,0.0
12/29 21:00:00,4373.007918737926,0.0
12/29 22:00:00,4098.579485219335,0.0
12/29 23:00:00,3806.8687587152995,0.0
12/30 00:00:00,3285.574833230728,0.0
12/30 01:00:00,3264.981428035384,0.0
12/30 02:00:00,3255.687349868283,0.0
12/30 03:00:00,3250.0276770787336,0.0
12/30 04:00:00,3260.2213406706123,0.0
12/30 05:00:00,3309.002884773355,0.0
12/30 06:00:00,3918.289352097865,0.0
12/30 07:00:00,4092.996523480246,0.0
12/30 08:00:00,4875.864808502233,0.0
12/30 09:00:00,4938.864736850841,6.08
12/30 10:00:00,4922.641729190586,32.71
12/30 11:00:00,4939.232706015753,49.22
12/30 12:00:00,4281.396544621485,34.55
12/30 13:00:00,4281.209726202711,21.26
12/30 14:00:00,4261.866645372775,47.29
12/30 15:00:00,4288.519188909186,10.13
12/30 16:00:00,4370.764041662536,3.07
12/30 17:00:00,4106.840404354679,0.0
12/30 18:00:00,3870.7996928537177,0.0
12/30 19:00:00,3636.5795211566024,0.0
12/30 20:00:00,3623.2547877813136,0.0
12/30 21:00:00,3584.5931661691193,0.0
12/30 22:00:00,3465.1936297479683,0.0
12/30 23:00:00,3379.5021077044266,0.0
12/31 00:00:00,3276.8683707535224,0.0
12/31 01:00:00,3257.3389327822943,0.0
12/31 02:00:00,3252.7411146226077,0.0
12/31 03:00:00,3256.162313170807,0.0
12/31 04:00:00,3259.4271746874683,0.0
12/31 05:00:00,3308.5500030335625,0.0
12/31 06:00:00,3557.776738382454,0.0
12/31 07:00:00,3634.8003811871718,0.0
12/31 08:00:00,3772.279080770846,0.0
12/31 09:00:00,3776.3526376240056,14.31
12/31 10:00:00,3791.9142190046878,38.89
12/31 11:00:00,3830.369901430349,47.98
12/31 12:00:00,3812.702814246351,70.2
12/31 13:00:00,3789.3694511644417,221.81
12/31 14:00:00,3773.867805454978,175.26
12/31 15:00:00,3785.5122810283924,123.41
12/31 16:00:00,3740.75229056498,23.82
12/31 17:00:00,3800.441027515936,0.0
12/31 18:00:00,3598.062136805101,0.0
12/31 19:00:00,3569.001897038711,0.0
12/31 20:00:00,3583.12345130456,0.0
12/31 21:00:00,3538.2834420321706,0.0
12/31 22:00:00,3440.1619135327187,0.0
12/31 23:00:00,3343.7939012351326,0.0
