Name,periods,lines,conductors,subs_hv,subs_mv,buses,SetUnion_OrderedSet,NPWB,Value
C_cond,,,,,,,,,174.8812730488958
C_subs_hv,,,,,,,,,103.4989687164661
C_subs_mv,,,,,,,,,93.29466464489673
subs_hv_inst_cost,,,,,,,,,10.0
subs_mv_inst_cost,,,,,,,,,100.0
C_electricity,1.0,,,,,,,,0.04860983203592747
C_electricity,2.0,,,,,,,,0.047056515148011915
C_electricity,3.0,,,,,,,,0.047418616754172443
C_electricity,4.0,,,,,,,,0.046738712729579544
C_electricity,5.0,,,,,,,,0.048452892275521624
C_electricity,6.0,,,,,,,,0.055850696362258
C_electricity,7.0,,,,,,,,0.06706803812208582
C_electricity,8.0,,,,,,,,0.08179716402923339
C_electricity,9.0,,,,,,,,0.1489334620862066
C_electricity,10.0,,,,,,,,0.143175565282411
C_electricity,11.0,,,,,,,,0.14448565519417791
C_electricity,12.0,,,,,,,,0.1494813179658225
C_electricity,13.0,,,,,,,,0.14459766981139227
C_electricity,14.0,,,,,,,,0.14815590220745564
C_electricity,15.0,,,,,,,,0.14726219384961003
C_electricity,16.0,,,,,,,,0.14869139974913273
C_electricity,17.0,,,,,,,,0.15524845307469912
C_electricity,18.0,,,,,,,,0.12387507238969467
C_electricity,19.0,,,,,,,,0.10466383690602309
C_electricity,20.0,,,,,,,,0.10094560379323526
C_electricity,21.0,,,,,,,,0.09644843624512951
C_electricity,22.0,,,,,,,,0.07892411022958341
C_electricity,23.0,,,,,,,,0.06378050940606825
C_electricity,24.0,,,,,,,,0.05429454599621206
C_losses,1.0,,,,,,,,6.612989834446454e-06
C_losses,2.0,,,,,,,,6.066963702264068e-06
C_losses,3.0,,,,,,,,6.432842491749014e-06
C_losses,4.0,,,,,,,,6.115241871752162e-06
C_losses,5.0,,,,,,,,7.110056742885434e-06
C_losses,6.0,,,,,,,,1.1882472720047745e-05
C_losses,7.0,,,,,,,,1.8582380701557738e-05
C_losses,8.0,,,,,,,,2.720638937851518e-05
C_losses,9.0,,,,,,,,7.596083453026537e-05
C_losses,10.0,,,,,,,,7.572213699819021e-05
C_losses,11.0,,,,,,,,7.80210423980025e-05
C_losses,12.0,,,,,,,,8.717491525962978e-05
C_losses,13.0,,,,,,,,8.03719523935239e-05
C_losses,14.0,,,,,,,,8.183798730408854e-05
C_losses,15.0,,,,,,,,8.161859971458922e-05
C_losses,16.0,,,,,,,,8.415514736596238e-05
C_losses,17.0,,,,,,,,9.572059007464001e-05
C_losses,18.0,,,,,,,,6.717005107085873e-05
C_losses,19.0,,,,,,,,5.054480978240478e-05
C_losses,20.0,,,,,,,,4.711393728333321e-05
C_losses,21.0,,,,,,,,4.3739493148510915e-05
C_losses,22.0,,,,,,,,2.5596375329844184e-05
C_losses,23.0,,,,,,,,1.3272942306489588e-05
C_losses,24.0,,,,,,,,8.102124162697705e-06
unserved_fictitious_power_cost,,,,,,,,,0.0
line_opt,,0.0,Poppy,,,,,,0.0
line_opt,,0.0,Oxlip,,,,,,1.0
line_opt,,0.0,Daisy,,,,,,0.0
line_opt,,0.0,Tulip,,,,,,0.0
line_opt,,0.0,Maryj,,,,,,0.0
line_opt,,2.0,Poppy,,,,,,0.0
line_opt,,2.0,Oxlip,,,,,,0.0
line_opt,,2.0,Daisy,,,,,,1.0
line_opt,,2.0,Tulip,,,,,,0.0
line_opt,,2.0,Maryj,,,,,,0.0
line_opt,,6.0,Poppy,,,,,,1.0
line_opt,,6.0,Oxlip,,,,,,0.0
line_opt,,6.0,Daisy,,,,,,0.0
line_opt,,6.0,Tulip,,,,,,0.0
line_opt,,6.0,Maryj,,,,,,0.0
line_opt,,10.0,Poppy,,,,,,0.0
line_opt,,10.0,Oxlip,,,,,,0.0
line_opt,,10.0,Daisy,,,,,,1.0
line_opt,,10.0,Tulip,,,,,,0.0
line_opt,,10.0,Maryj,,,,,,0.0
line_opt,,11.0,Poppy,,,,,,1.0
line_opt,,11.0,Oxlip,,,,,,0.0
line_opt,,11.0,Daisy,,,,,,0.0
line_opt,,11.0,Tulip,,,,,,0.0
line_opt,,11.0,Maryj,,,,,,0.0
line_opt,,12.0,Poppy,,,,,,1.0
line_opt,,12.0,Oxlip,,,,,,0.0
line_opt,,12.0,Daisy,,,,,,0.0
line_opt,,12.0,Tulip,,,,,,0.0
line_opt,,12.0,Maryj,,,,,,0.0
line_opt,,13.0,Poppy,,,,,,0.0
line_opt,,13.0,Oxlip,,,,,,0.0
line_opt,,13.0,Daisy,,,,,,0.0
line_opt,,13.0,Tulip,,,,,,1.0
line_opt,,13.0,Maryj,,,,,,0.0
line_opt,,14.0,Poppy,,,,,,0.0
line_opt,,14.0,Oxlip,,,,,,1.0
line_opt,,14.0,Daisy,,,,,,0.0
line_opt,,14.0,Tulip,,,,,,0.0
line_opt,,14.0,Maryj,,,,,,0.0
line_opt,,15.0,Poppy,,,,,,0.0
line_opt,,15.0,Oxlip,,,,,,0.0
line_opt,,15.0,Daisy,,,,,,1.0
line_opt,,15.0,Tulip,,,,,,0.0
line_opt,,15.0,Maryj,,,,,,0.0
line_opt,,17.0,Poppy,,,,,,1.0
line_opt,,17.0,Oxlip,,,,,,0.0
line_opt,,17.0,Daisy,,,,,,0.0
line_opt,,17.0,Tulip,,,,,,0.0
line_opt,,17.0,Maryj,,,,,,0.0
line_opt,,18.0,Poppy,,,,,,1.0
line_opt,,18.0,Oxlip,,,,,,0.0
line_opt,,18.0,Daisy,,,,,,0.0
line_opt,,18.0,Tulip,,,,,,0.0
line_opt,,18.0,Maryj,,,,,,0.0
line_opt,,19.0,Poppy,,,,,,0.0
line_opt,,19.0,Oxlip,,,,,,0.0
line_opt,,19.0,Daisy,,,,,,0.0
line_opt,,19.0,Tulip,,,,,,0.0
line_opt,,19.0,Maryj,,,,,,1.0
line_act,,0.0,,,,,,,1.0
line_act,,2.0,,,,,,,1.0
line_act,,6.0,,,,,,,1.0
line_act,,10.0,,,,,,,1.0
line_act,,11.0,,,,,,,1.0
line_act,,12.0,,,,,,,1.0
line_act,,13.0,,,,,,,1.0
line_act,,14.0,,,,,,,1.0
line_act,,15.0,,,,,,,1.0
line_act,,17.0,,,,,,,1.0
line_act,,18.0,,,,,,,1.0
line_act,,19.0,,,,,,,1.0
subs_hv_capacity,,,,0.0,,,,,0.5174948435823304
subs_hv_S,1.0,,,0.0,,,,,0.16203277345309156
subs_hv_S,2.0,,,0.0,,,,,0.15685505049337306
subs_hv_S,3.0,,,0.0,,,,,0.15806205584724148
subs_hv_S,4.0,,,0.0,,,,,0.1557957090985985
subs_hv_S,5.0,,,0.0,,,,,0.16150964091840542
subs_hv_S,6.0,,,0.0,,,,,0.18616898787419334
subs_hv_S,7.0,,,0.0,,,,,0.2235601270736194
subs_hv_S,8.0,,,0.0,,,,,0.272657213430778
subs_hv_S,9.0,,,0.0,,,,,0.49644487362068873
subs_hv_S,10.0,,,0.0,,,,,0.4772518842747033
subs_hv_S,11.0,,,0.0,,,,,0.48161885064725973
subs_hv_S,12.0,,,0.0,,,,,0.498271059886075
subs_hv_S,13.0,,,0.0,,,,,0.4819922327046409
subs_hv_S,14.0,,,0.0,,,,,0.4938530073581855
subs_hv_S,15.0,,,0.0,,,,,0.4908739794987001
subs_hv_S,16.0,,,0.0,,,,,0.49563799916377577
subs_hv_S,17.0,,,0.0,,,,,0.5174948435823304
subs_hv_S,18.0,,,0.0,,,,,0.4129169079656489
subs_hv_S,19.0,,,0.0,,,,,0.3488794563534103
subs_hv_S,20.0,,,0.0,,,,,0.3364853459774509
subs_hv_S,21.0,,,0.0,,,,,0.32149478748376503
subs_hv_S,22.0,,,0.0,,,,,0.26308036743194474
subs_hv_S,23.0,,,0.0,,,,,0.21260169802022752
subs_hv_S,24.0,,,0.0,,,,,0.18098181998737353
subs_hv_P,1.0,,,0.0,,,,,0.1463661301903613
subs_hv_P,2.0,,,0.0,,,,,0.1405645662157913
subs_hv_P,3.0,,,0.0,,,,,0.14141951192575375
subs_hv_P,4.0,,,0.0,,,,,0.13840696952874454
subs_hv_P,5.0,,,0.0,,,,,0.14607459288194252
subs_hv_P,6.0,,,0.0,,,,,0.17203712539349292
subs_hv_P,7.0,,,0.0,,,,,0.2100940715917301
subs_hv_P,8.0,,,0.0,,,,,0.25686726380666886
subs_hv_P,9.0,,,0.0,,,,,0.4598288723791019
subs_hv_P,10.0,,,0.0,,,,,0.44933421804223206
subs_hv_P,11.0,,,0.0,,,,,0.4547236755373718
subs_hv_P,12.0,,,0.0,,,,,0.470763896363776
subs_hv_P,13.0,,,0.0,,,,,0.4556573064493595
subs_hv_P,14.0,,,0.0,,,,,0.46573830797340915
subs_hv_P,15.0,,,0.0,,,,,0.46348587856590373
subs_hv_P,16.0,,,0.0,,,,,0.4716923634682038
subs_hv_P,17.0,,,0.0,,,,,0.5071534209030552
subs_hv_P,18.0,,,0.0,,,,,0.40498282536232383
subs_hv_P,19.0,,,0.0,,,,,0.3421758354265061
subs_hv_P,20.0,,,0.0,,,,,0.33001987440607217
subs_hv_P,21.0,,,0.0,,,,,0.31325818177781256
subs_hv_P,22.0,,,0.0,,,,,0.2567522029252495
subs_hv_P,23.0,,,0.0,,,,,0.20520334923938433
subs_hv_P,24.0,,,0.0,,,,,0.17329077790491007
subs_hv_Q,1.0,,,0.0,,,,,0.06191709269926419
subs_hv_Q,2.0,,,0.0,,,,,0.0626532488910155
subs_hv_Q,3.0,,,0.0,,,,,0.06368268014853656
subs_hv_Q,4.0,,,0.0,,,,,0.0651471511033219
subs_hv_Q,5.0,,,0.0,,,,,0.061280181205369114
subs_hv_Q,6.0,,,0.0,,,,,0.061800873218920284
subs_hv_Q,7.0,,,0.0,,,,,0.06575356380271405
subs_hv_Q,8.0,,,0.0,,,,,0.07866472731468029
subs_hv_Q,9.0,,,0.0,,,,,0.1622207570370485
subs_hv_Q,10.0,,,0.0,,,,,0.13836707085623767
subs_hv_Q,11.0,,,0.0,,,,,0.13654792641451838
subs_hv_Q,12.0,,,0.0,,,,,0.14050159692124675
subs_hv_Q,13.0,,,0.0,,,,,0.13525088604136093
subs_hv_Q,14.0,,,0.0,,,,,0.14131135255368887
subs_hv_Q,15.0,,,0.0,,,,,0.13911420192643784
subs_hv_Q,16.0,,,0.0,,,,,0.13151175575433388
subs_hv_Q,17.0,,,0.0,,,,,0.101918357403405
subs_hv_Q,18.0,,,0.0,,,,,0.06737887032657455
subs_hv_Q,19.0,,,0.0,,,,,0.05218397424816524
subs_hv_Q,20.0,,,0.0,,,,,0.06125260598343374
subs_hv_Q,21.0,,,0.0,,,,,0.0676915000393433
subs_hv_Q,22.0,,,0.0,,,,,0.054397835027282036
subs_hv_Q,23.0,,,0.0,,,,,0.049475272514559986
subs_hv_Q,24.0,,,0.0,,,,,0.04547999564499802
subs_hv_F,1.0,,,0.0,,,,,11.0
subs_hv_F,2.0,,,0.0,,,,,11.0
subs_hv_F,3.0,,,0.0,,,,,11.0
subs_hv_F,4.0,,,0.0,,,,,11.0
subs_hv_F,5.0,,,0.0,,,,,11.0
subs_hv_F,6.0,,,0.0,,,,,11.0
subs_hv_F,7.0,,,0.0,,,,,11.0
subs_hv_F,8.0,,,0.0,,,,,11.0
subs_hv_F,9.0,,,0.0,,,,,11.0
subs_hv_F,10.0,,,0.0,,,,,11.0
subs_hv_F,11.0,,,0.0,,,,,11.0
subs_hv_F,12.0,,,0.0,,,,,11.0
subs_hv_F,13.0,,,0.0,,,,,11.0
subs_hv_F,14.0,,,0.0,,,,,11.0
subs_hv_F,15.0,,,0.0,,,,,11.0
subs_hv_F,16.0,,,0.0,,,,,11.0
subs_hv_F,17.0,,,0.0,,,,,11.0
subs_hv_F,18.0,,,0.0,,,,,11.0
subs_hv_F,19.0,,,0.0,,,,,11.0
subs_hv_F,20.0,,,0.0,,,,,11.0
subs_hv_F,21.0,,,0.0,,,,,11.0
subs_hv_F,22.0,,,0.0,,,,,11.0
subs_hv_F,23.0,,,0.0,,,,,11.0
subs_hv_F,24.0,,,0.0,,,,,11.0
beta,,,,0.0,,,,,1.0
subs_mv_capacity,,,,,45.0,,,,0.3109822154829891
subs_mv_capacity,,,,,46.0,,,,0.0
subs_mv_capacity,,,,,47.0,,,,0.0
subs_mv_S,1.0,,,,45.0,,,,0.3109822154829891
subs_mv_S,1.0,,,,46.0,,,,0.0
subs_mv_S,1.0,,,,47.0,,,,0.0
subs_mv_S,2.0,,,,45.0,,,,0.3109822154829891
subs_mv_S,2.0,,,,46.0,,,,0.0
subs_mv_S,2.0,,,,47.0,,,,0.0
subs_mv_S,3.0,,,,45.0,,,,0.3109822154829891
subs_mv_S,3.0,,,,46.0,,,,0.0
subs_mv_S,3.0,,,,47.0,,,,0.0
subs_mv_S,4.0,,,,45.0,,,,0.3109822154829891
subs_mv_S,4.0,,,,46.0,,,,0.0
subs_mv_S,4.0,,,,47.0,,,,0.0
subs_mv_S,5.0,,,,45.0,,,,0.3109822154829891
subs_mv_S,5.0,,,,46.0,,,,0.0
subs_mv_S,5.0,,,,47.0,,,,0.0
subs_mv_S,6.0,,,,45.0,,,,0.3109822154829891
subs_mv_S,6.0,,,,46.0,,,,0.0
subs_mv_S,6.0,,,,47.0,,,,0.0
subs_mv_S,7.0,,,,45.0,,,,0.3109822154829891
subs_mv_S,7.0,,,,46.0,,,,0.0
subs_mv_S,7.0,,,,47.0,,,,0.0
subs_mv_S,8.0,,,,45.0,,,,0.3109822154829891
subs_mv_S,8.0,,,,46.0,,,,0.0
subs_mv_S,8.0,,,,47.0,,,,0.0
subs_mv_S,9.0,,,,45.0,,,,0.3109822154829891
subs_mv_S,9.0,,,,46.0,,,,0.0
subs_mv_S,9.0,,,,47.0,,,,0.0
subs_mv_S,10.0,,,,45.0,,,,0.3109822154829891
subs_mv_S,10.0,,,,46.0,,,,0.0
subs_mv_S,10.0,,,,47.0,,,,0.0
subs_mv_S,11.0,,,,45.0,,,,0.3109822154829891
subs_mv_S,11.0,,,,46.0,,,,0.0
subs_mv_S,11.0,,,,47.0,,,,0.0
subs_mv_S,12.0,,,,45.0,,,,0.3109822154829891
subs_mv_S,12.0,,,,46.0,,,,0.0
subs_mv_S,12.0,,,,47.0,,,,0.0
subs_mv_S,13.0,,,,45.0,,,,0.3109822154829891
subs_mv_S,13.0,,,,46.0,,,,0.0
subs_mv_S,13.0,,,,47.0,,,,0.0
subs_mv_S,14.0,,,,45.0,,,,0.3109822154829891
subs_mv_S,14.0,,,,46.0,,,,0.0
subs_mv_S,14.0,,,,47.0,,,,0.0
subs_mv_S,15.0,,,,45.0,,,,0.3109822154829891
subs_mv_S,15.0,,,,46.0,,,,0.0
subs_mv_S,15.0,,,,47.0,,,,0.0
subs_mv_S,16.0,,,,45.0,,,,0.3109822154829891
subs_mv_S,16.0,,,,46.0,,,,0.0
subs_mv_S,16.0,,,,47.0,,,,0.0
subs_mv_S,17.0,,,,45.0,,,,0.3109822154829891
subs_mv_S,17.0,,,,46.0,,,,0.0
subs_mv_S,17.0,,,,47.0,,,,0.0
subs_mv_S,18.0,,,,45.0,,,,0.3109822154829891
subs_mv_S,18.0,,,,46.0,,,,0.0
subs_mv_S,18.0,,,,47.0,,,,0.0
subs_mv_S,19.0,,,,45.0,,,,0.3109822154829891
subs_mv_S,19.0,,,,46.0,,,,0.0
subs_mv_S,19.0,,,,47.0,,,,0.0
subs_mv_S,20.0,,,,45.0,,,,0.3109822154829891
subs_mv_S,20.0,,,,46.0,,,,0.0
subs_mv_S,20.0,,,,47.0,,,,0.0
subs_mv_S,21.0,,,,45.0,,,,0.3109822154829891
subs_mv_S,21.0,,,,46.0,,,,0.0
subs_mv_S,21.0,,,,47.0,,,,0.0
subs_mv_S,22.0,,,,45.0,,,,0.3109822154829891
subs_mv_S,22.0,,,,46.0,,,,0.0
subs_mv_S,22.0,,,,47.0,,,,0.0
subs_mv_S,23.0,,,,45.0,,,,0.3109822154829891
subs_mv_S,23.0,,,,46.0,,,,0.0
subs_mv_S,23.0,,,,47.0,,,,0.0
subs_mv_S,24.0,,,,45.0,,,,0.3109822154829891
subs_mv_S,24.0,,,,46.0,,,,0.0
subs_mv_S,24.0,,,,47.0,,,,0.0
subs_mv_P,1.0,,,,45.0,,,,0.07239275149494445
subs_mv_P,1.0,,,,46.0,,,,0.0
subs_mv_P,1.0,,,,47.0,,,,0.0
subs_mv_P,2.0,,,,45.0,,,,0.06912196911380503
subs_mv_P,2.0,,,,46.0,,,,0.0
subs_mv_P,2.0,,,,47.0,,,,0.0
subs_mv_P,3.0,,,,45.0,,,,0.07124112858964482
subs_mv_P,3.0,,,,46.0,,,,0.0
subs_mv_P,3.0,,,,47.0,,,,0.0
subs_mv_P,4.0,,,,45.0,,,,0.0688615139930059
subs_mv_P,4.0,,,,46.0,,,,0.0
subs_mv_P,4.0,,,,47.0,,,,0.0
subs_mv_P,5.0,,,,45.0,,,,0.07600435184073795
subs_mv_P,5.0,,,,46.0,,,,0.0
subs_mv_P,5.0,,,,47.0,,,,0.0
subs_mv_P,6.0,,,,45.0,,,,0.0963794292175726
subs_mv_P,6.0,,,,46.0,,,,0.0
subs_mv_P,6.0,,,,47.0,,,,0.0
subs_mv_P,7.0,,,,45.0,,,,0.11930125278444141
subs_mv_P,7.0,,,,46.0,,,,0.0
subs_mv_P,7.0,,,,47.0,,,,0.0
subs_mv_P,8.0,,,,45.0,,,,0.14965262245541425
subs_mv_P,8.0,,,,46.0,,,,0.0
subs_mv_P,8.0,,,,47.0,,,,0.0
subs_mv_P,9.0,,,,45.0,,,,0.27049293085076054
subs_mv_P,9.0,,,,46.0,,,,0.0
subs_mv_P,9.0,,,,47.0,,,,0.0
subs_mv_P,10.0,,,,45.0,,,,0.2685958352521133
subs_mv_P,10.0,,,,46.0,,,,0.0
subs_mv_P,10.0,,,,47.0,,,,0.0
subs_mv_P,11.0,,,,45.0,,,,0.27508853567670366
subs_mv_P,11.0,,,,46.0,,,,0.0
subs_mv_P,11.0,,,,47.0,,,,0.0
subs_mv_P,12.0,,,,45.0,,,,0.28812143177172883
subs_mv_P,12.0,,,,46.0,,,,0.0
subs_mv_P,12.0,,,,47.0,,,,0.0
subs_mv_P,13.0,,,,45.0,,,,0.27553502447914036
subs_mv_P,13.0,,,,46.0,,,,0.0
subs_mv_P,13.0,,,,47.0,,,,0.0
subs_mv_P,14.0,,,,45.0,,,,0.28355581879915687
subs_mv_P,14.0,,,,46.0,,,,0.0
subs_mv_P,14.0,,,,47.0,,,,0.0
subs_mv_P,15.0,,,,45.0,,,,0.28083706349587284
subs_mv_P,15.0,,,,46.0,,,,0.0
subs_mv_P,15.0,,,,47.0,,,,0.0
subs_mv_P,16.0,,,,45.0,,,,0.2851282645519076
subs_mv_P,16.0,,,,46.0,,,,0.0
subs_mv_P,16.0,,,,47.0,,,,0.0
subs_mv_P,17.0,,,,45.0,,,,0.30283344787895133
subs_mv_P,17.0,,,,46.0,,,,0.0
subs_mv_P,17.0,,,,47.0,,,,0.0
subs_mv_P,18.0,,,,45.0,,,,0.23712374457796787
subs_mv_P,18.0,,,,46.0,,,,0.0
subs_mv_P,18.0,,,,47.0,,,,0.0
subs_mv_P,19.0,,,,45.0,,,,0.18885149978420818
subs_mv_P,19.0,,,,46.0,,,,0.0
subs_mv_P,19.0,,,,47.0,,,,0.0
subs_mv_P,20.0,,,,45.0,,,,0.18182175082516092
subs_mv_P,20.0,,,,46.0,,,,0.0
subs_mv_P,20.0,,,,47.0,,,,0.0
subs_mv_P,21.0,,,,45.0,,,,0.17098899952936367
subs_mv_P,21.0,,,,46.0,,,,0.0
subs_mv_P,21.0,,,,47.0,,,,0.0
subs_mv_P,22.0,,,,45.0,,,,0.14313838300579518
subs_mv_P,22.0,,,,46.0,,,,0.0
subs_mv_P,22.0,,,,47.0,,,,0.0
subs_mv_P,23.0,,,,45.0,,,,0.10660764419453728
subs_mv_P,23.0,,,,46.0,,,,0.0
subs_mv_P,23.0,,,,47.0,,,,0.0
subs_mv_P,24.0,,,,45.0,,,,0.08597047821639192
subs_mv_P,24.0,,,,46.0,,,,0.0
subs_mv_P,24.0,,,,47.0,,,,0.0
subs_mv_Q,1.0,,,,45.0,,,,0.03763173117804301
subs_mv_Q,1.0,,,,46.0,,,,0.0
subs_mv_Q,1.0,,,,47.0,,,,0.0
subs_mv_Q,2.0,,,,45.0,,,,0.038439276317047896
subs_mv_Q,2.0,,,,46.0,,,,0.0
subs_mv_Q,2.0,,,,47.0,,,,0.0
subs_mv_Q,3.0,,,,45.0,,,,0.03871641010914196
subs_mv_Q,3.0,,,,46.0,,,,0.0
subs_mv_Q,3.0,,,,47.0,,,,0.0
subs_mv_Q,4.0,,,,45.0,,,,0.039639631713069126
subs_mv_Q,4.0,,,,46.0,,,,0.0
subs_mv_Q,4.0,,,,47.0,,,,0.0
subs_mv_Q,5.0,,,,45.0,,,,0.03828399105249936
subs_mv_Q,5.0,,,,46.0,,,,0.0
subs_mv_Q,5.0,,,,47.0,,,,0.0
subs_mv_Q,6.0,,,,45.0,,,,0.03918520757623043
subs_mv_Q,6.0,,,,46.0,,,,0.0
subs_mv_Q,6.0,,,,47.0,,,,0.0
subs_mv_Q,7.0,,,,45.0,,,,0.043367568504546414
subs_mv_Q,7.0,,,,46.0,,,,0.0
subs_mv_Q,7.0,,,,47.0,,,,0.0
subs_mv_Q,8.0,,,,45.0,,,,0.053313953497550685
subs_mv_Q,8.0,,,,46.0,,,,0.0
subs_mv_Q,8.0,,,,47.0,,,,0.0
subs_mv_Q,9.0,,,,45.0,,,,0.1082862549807374
subs_mv_Q,9.0,,,,46.0,,,,0.0
subs_mv_Q,9.0,,,,47.0,,,,0.0
subs_mv_Q,10.0,,,,45.0,,,,0.09203725923016932
subs_mv_Q,10.0,,,,46.0,,,,0.0
subs_mv_Q,10.0,,,,47.0,,,,0.0
subs_mv_Q,11.0,,,,45.0,,,,0.09011672839829427
subs_mv_Q,11.0,,,,46.0,,,,0.0
subs_mv_Q,11.0,,,,47.0,,,,0.0
subs_mv_Q,12.0,,,,45.0,,,,0.09306184047689338
subs_mv_Q,12.0,,,,46.0,,,,0.0
subs_mv_Q,12.0,,,,47.0,,,,0.0
subs_mv_Q,13.0,,,,45.0,,,,0.08901995521531798
subs_mv_Q,13.0,,,,46.0,,,,0.0
subs_mv_Q,13.0,,,,47.0,,,,0.0
subs_mv_Q,14.0,,,,45.0,,,,0.09345761706027836
subs_mv_Q,14.0,,,,46.0,,,,0.0
subs_mv_Q,14.0,,,,47.0,,,,0.0
subs_mv_Q,15.0,,,,45.0,,,,0.09175225295899217
subs_mv_Q,15.0,,,,46.0,,,,0.0
subs_mv_Q,15.0,,,,47.0,,,,0.0
subs_mv_Q,16.0,,,,45.0,,,,0.08626457794107088
subs_mv_Q,16.0,,,,46.0,,,,0.0
subs_mv_Q,16.0,,,,47.0,,,,0.0
subs_mv_Q,17.0,,,,45.0,,,,0.06591621155498344
subs_mv_Q,17.0,,,,46.0,,,,0.0
subs_mv_Q,17.0,,,,47.0,,,,0.0
subs_mv_Q,18.0,,,,45.0,,,,0.0442911128797027
subs_mv_Q,18.0,,,,46.0,,,,0.0
subs_mv_Q,18.0,,,,47.0,,,,0.0
subs_mv_Q,19.0,,,,45.0,,,,0.033751190146593425
subs_mv_Q,19.0,,,,46.0,,,,0.0
subs_mv_Q,19.0,,,,47.0,,,,0.0
subs_mv_Q,20.0,,,,45.0,,,,0.038132388867842135
subs_mv_Q,20.0,,,,46.0,,,,0.0
subs_mv_Q,20.0,,,,47.0,,,,0.0
subs_mv_Q,21.0,,,,45.0,,,,0.03865082302803594
subs_mv_Q,21.0,,,,46.0,,,,0.0
subs_mv_Q,21.0,,,,47.0,,,,0.0
subs_mv_Q,22.0,,,,45.0,,,,0.03295570112830147
subs_mv_Q,22.0,,,,46.0,,,,0.0
subs_mv_Q,22.0,,,,47.0,,,,0.0
subs_mv_Q,23.0,,,,45.0,,,,0.02916092495852141
subs_mv_Q,23.0,,,,46.0,,,,0.0
subs_mv_Q,23.0,,,,47.0,,,,0.0
subs_mv_Q,24.0,,,,45.0,,,,0.026445704815421914
subs_mv_Q,24.0,,,,46.0,,,,0.0
subs_mv_Q,24.0,,,,47.0,,,,0.0
gamma,,,,,45.0,,,,1.0
gamma,,,,,46.0,,,,0.0
gamma,,,,,47.0,,,,0.0
current_squared_k,1.0,0.0,Poppy,,,,,,0.0
current_squared_k,1.0,0.0,Oxlip,,,,,,7.61588415158084e-05
current_squared_k,1.0,0.0,Daisy,,,,,,0.0
current_squared_k,1.0,0.0,Tulip,,,,,,0.0
current_squared_k,1.0,0.0,Maryj,,,,,,0.0
current_squared_k,1.0,2.0,Poppy,,,,,,0.0
current_squared_k,1.0,2.0,Oxlip,,,,,,0.0
current_squared_k,1.0,2.0,Daisy,,,,,,0.00013630036734412927
current_squared_k,1.0,2.0,Tulip,,,,,,0.0
current_squared_k,1.0,2.0,Maryj,,,,,,0.0
current_squared_k,1.0,6.0,Poppy,,,,,,1.2039574576083272e-05
current_squared_k,1.0,6.0,Oxlip,,,,,,0.0
current_squared_k,1.0,6.0,Daisy,,,,,,0.0
current_squared_k,1.0,6.0,Tulip,,,,,,0.0
current_squared_k,1.0,6.0,Maryj,,,,,,0.0
current_squared_k,1.0,10.0,Poppy,,,,,,0.0
current_squared_k,1.0,10.0,Oxlip,,,,,,0.0
current_squared_k,1.0,10.0,Daisy,,,,,,0.00045352841986502765
current_squared_k,1.0,10.0,Tulip,,,,,,0.0
current_squared_k,1.0,10.0,Maryj,,,,,,0.0
current_squared_k,1.0,11.0,Poppy,,,,,,0.0006947485309469685
current_squared_k,1.0,11.0,Oxlip,,,,,,0.0
current_squared_k,1.0,11.0,Daisy,,,,,,0.0
current_squared_k,1.0,11.0,Tulip,,,,,,0.0
current_squared_k,1.0,11.0,Maryj,,,,,,0.0
current_squared_k,1.0,12.0,Poppy,,,,,,0.002322334060177167
current_squared_k,1.0,12.0,Oxlip,,,,,,0.0
current_squared_k,1.0,12.0,Daisy,,,,,,0.0
current_squared_k,1.0,12.0,Tulip,,,,,,0.0
current_squared_k,1.0,12.0,Maryj,,,,,,0.0
current_squared_k,1.0,13.0,Poppy,,,,,,0.0
current_squared_k,1.0,13.0,Oxlip,,,,,,0.0
current_squared_k,1.0,13.0,Daisy,,,,,,0.0
current_squared_k,1.0,13.0,Tulip,,,,,,0.0009955682278768533
current_squared_k,1.0,13.0,Maryj,,,,,,0.0
current_squared_k,1.0,14.0,Poppy,,,,,,0.0
current_squared_k,1.0,14.0,Oxlip,,,,,,0.0001420920212884125
current_squared_k,1.0,14.0,Daisy,,,,,,0.0
current_squared_k,1.0,14.0,Tulip,,,,,,0.0
current_squared_k,1.0,14.0,Maryj,,,,,,0.0
current_squared_k,1.0,15.0,Poppy,,,,,,0.0
current_squared_k,1.0,15.0,Oxlip,,,,,,0.0
current_squared_k,1.0,15.0,Daisy,,,,,,0.0003517688594307518
current_squared_k,1.0,15.0,Tulip,,,,,,0.0
current_squared_k,1.0,15.0,Maryj,,,,,,0.0
current_squared_k,1.0,17.0,Poppy,,,,,,0.026368612989219716
current_squared_k,1.0,17.0,Oxlip,,,,,,0.0
current_squared_k,1.0,17.0,Daisy,,,,,,0.0
current_squared_k,1.0,17.0,Tulip,,,,,,0.0
current_squared_k,1.0,17.0,Maryj,,,,,,0.0
current_squared_k,1.0,18.0,Poppy,,,,,,0.0013034443747905545
current_squared_k,1.0,18.0,Oxlip,,,,,,0.0
current_squared_k,1.0,18.0,Daisy,,,,,,0.0
current_squared_k,1.0,18.0,Tulip,,,,,,0.0
current_squared_k,1.0,18.0,Maryj,,,,,,0.0
current_squared_k,1.0,19.0,Poppy,,,,,,0.0
current_squared_k,1.0,19.0,Oxlip,,,,,,0.0
current_squared_k,1.0,19.0,Daisy,,,,,,0.0
current_squared_k,1.0,19.0,Tulip,,,,,,0.0
current_squared_k,1.0,19.0,Maryj,,,,,,0.0055097813105706595
current_squared_k,2.0,0.0,Poppy,,,,,,0.0
current_squared_k,2.0,0.0,Oxlip,,,,,,7.543835614987385e-05
current_squared_k,2.0,0.0,Daisy,,,,,,0.0
current_squared_k,2.0,0.0,Tulip,,,,,,0.0
current_squared_k,2.0,0.0,Maryj,,,,,,0.0
current_squared_k,2.0,2.0,Poppy,,,,,,0.0
current_squared_k,2.0,2.0,Oxlip,,,,,,0.0
current_squared_k,2.0,2.0,Daisy,,,,,,0.00013864371076923628
current_squared_k,2.0,2.0,Tulip,,,,,,0.0
current_squared_k,2.0,2.0,Maryj,,,,,,0.0
current_squared_k,2.0,6.0,Poppy,,,,,,1.1813023441587081e-05
current_squared_k,2.0,6.0,Oxlip,,,,,,0.0
current_squared_k,2.0,6.0,Daisy,,,,,,0.0
current_squared_k,2.0,6.0,Tulip,,,,,,0.0
current_squared_k,2.0,6.0,Maryj,,,,,,0.0
current_squared_k,2.0,10.0,Poppy,,,,,,0.0
current_squared_k,2.0,10.0,Oxlip,,,,,,0.0
current_squared_k,2.0,10.0,Daisy,,,,,,0.0004495936029654759
current_squared_k,2.0,10.0,Tulip,,,,,,0.0
current_squared_k,2.0,10.0,Maryj,,,,,,0.0
current_squared_k,2.0,11.0,Poppy,,,,,,0.0007063910466431329
current_squared_k,2.0,11.0,Oxlip,,,,,,0.0
current_squared_k,2.0,11.0,Daisy,,,,,,0.0
current_squared_k,2.0,11.0,Tulip,,,,,,0.0
current_squared_k,2.0,11.0,Maryj,,,,,,0.0
current_squared_k,2.0,12.0,Poppy,,,,,,0.002317758284680174
current_squared_k,2.0,12.0,Oxlip,,,,,,0.0
current_squared_k,2.0,12.0,Daisy,,,,,,0.0
current_squared_k,2.0,12.0,Tulip,,,,,,0.0
current_squared_k,2.0,12.0,Maryj,,,,,,0.0
current_squared_k,2.0,13.0,Poppy,,,,,,0.0
current_squared_k,2.0,13.0,Oxlip,,,,,,0.0
current_squared_k,2.0,13.0,Daisy,,,,,,0.0
current_squared_k,2.0,13.0,Tulip,,,,,,0.0007810485085012773
current_squared_k,2.0,13.0,Maryj,,,,,,0.0
current_squared_k,2.0,14.0,Poppy,,,,,,0.0
current_squared_k,2.0,14.0,Oxlip,,,,,,0.0001392882549340211
current_squared_k,2.0,14.0,Daisy,,,,,,0.0
current_squared_k,2.0,14.0,Tulip,,,,,,0.0
current_squared_k,2.0,14.0,Maryj,,,,,,0.0
current_squared_k,2.0,15.0,Poppy,,,,,,0.0
current_squared_k,2.0,15.0,Oxlip,,,,,,0.0
current_squared_k,2.0,15.0,Daisy,,,,,,0.0003602071220607608
current_squared_k,2.0,15.0,Tulip,,,,,,0.0
current_squared_k,2.0,15.0,Maryj,,,,,,0.0
current_squared_k,2.0,17.0,Poppy,,,,,,0.025052720707120925
current_squared_k,2.0,17.0,Oxlip,,,,,,0.0
current_squared_k,2.0,17.0,Daisy,,,,,,0.0
current_squared_k,2.0,17.0,Tulip,,,,,,0.0
current_squared_k,2.0,17.0,Maryj,,,,,,0.0
current_squared_k,2.0,18.0,Poppy,,,,,,0.0011385122151189521
current_squared_k,2.0,18.0,Oxlip,,,,,,0.0
current_squared_k,2.0,18.0,Daisy,,,,,,0.0
current_squared_k,2.0,18.0,Tulip,,,,,,0.0
current_squared_k,2.0,18.0,Maryj,,,,,,0.0
current_squared_k,2.0,19.0,Poppy,,,,,,0.0
current_squared_k,2.0,19.0,Oxlip,,,,,,0.0
current_squared_k,2.0,19.0,Daisy,,,,,,0.0
current_squared_k,2.0,19.0,Tulip,,,,,,0.0
current_squared_k,2.0,19.0,Maryj,,,,,,0.0051261010558027315
current_squared_k,3.0,0.0,Poppy,,,,,,0.0
current_squared_k,3.0,0.0,Oxlip,,,,,,7.715597505803934e-05
current_squared_k,3.0,0.0,Daisy,,,,,,0.0
current_squared_k,3.0,0.0,Tulip,,,,,,0.0
current_squared_k,3.0,0.0,Maryj,,,,,,0.0
current_squared_k,3.0,2.0,Poppy,,,,,,0.0
current_squared_k,3.0,2.0,Oxlip,,,,,,0.0
current_squared_k,3.0,2.0,Daisy,,,,,,0.00013853467821216836
current_squared_k,3.0,2.0,Tulip,,,,,,0.0
current_squared_k,3.0,2.0,Maryj,,,,,,0.0
current_squared_k,3.0,6.0,Poppy,,,,,,1.1841791839618342e-05
current_squared_k,3.0,6.0,Oxlip,,,,,,0.0
current_squared_k,3.0,6.0,Daisy,,,,,,0.0
current_squared_k,3.0,6.0,Tulip,,,,,,0.0
current_squared_k,3.0,6.0,Maryj,,,,,,0.0
current_squared_k,3.0,10.0,Poppy,,,,,,0.0
current_squared_k,3.0,10.0,Oxlip,,,,,,0.0
current_squared_k,3.0,10.0,Daisy,,,,,,0.00045274828727443405
current_squared_k,3.0,10.0,Tulip,,,,,,0.0
current_squared_k,3.0,10.0,Maryj,,,,,,0.0
current_squared_k,3.0,11.0,Poppy,,,,,,0.0007058493363485789
current_squared_k,3.0,11.0,Oxlip,,,,,,0.0
current_squared_k,3.0,11.0,Daisy,,,,,,0.0
current_squared_k,3.0,11.0,Tulip,,,,,,0.0
current_squared_k,3.0,11.0,Maryj,,,,,,0.0
current_squared_k,3.0,12.0,Poppy,,,,,,0.0023667976149054884
current_squared_k,3.0,12.0,Oxlip,,,,,,0.0
current_squared_k,3.0,12.0,Daisy,,,,,,0.0
current_squared_k,3.0,12.0,Tulip,,,,,,0.0
current_squared_k,3.0,12.0,Maryj,,,,,,0.0
current_squared_k,3.0,13.0,Poppy,,,,,,0.0
current_squared_k,3.0,13.0,Oxlip,,,,,,0.0
current_squared_k,3.0,13.0,Daisy,,,,,,0.0
current_squared_k,3.0,13.0,Tulip,,,,,,0.0009256880029509006
current_squared_k,3.0,13.0,Maryj,,,,,,0.0
current_squared_k,3.0,14.0,Poppy,,,,,,0.0
current_squared_k,3.0,14.0,Oxlip,,,,,,0.00013864477867770098
current_squared_k,3.0,14.0,Daisy,,,,,,0.0
current_squared_k,3.0,14.0,Tulip,,,,,,0.0
current_squared_k,3.0,14.0,Maryj,,,,,,0.0
current_squared_k,3.0,15.0,Poppy,,,,,,0.0
current_squared_k,3.0,15.0,Oxlip,,,,,,0.0
current_squared_k,3.0,15.0,Daisy,,,,,,0.00035969317297669163
current_squared_k,3.0,15.0,Tulip,,,,,,0.0
current_squared_k,3.0,15.0,Maryj,,,,,,0.0
current_squared_k,3.0,17.0,Poppy,,,,,,0.025394317553687408
current_squared_k,3.0,17.0,Oxlip,,,,,,0.0
current_squared_k,3.0,17.0,Daisy,,,,,,0.0
current_squared_k,3.0,17.0,Tulip,,,,,,0.0
current_squared_k,3.0,17.0,Maryj,,,,,,0.0
current_squared_k,3.0,18.0,Poppy,,,,,,0.0010560461352831529
current_squared_k,3.0,18.0,Oxlip,,,,,,0.0
current_squared_k,3.0,18.0,Daisy,,,,,,0.0
current_squared_k,3.0,18.0,Tulip,,,,,,0.0
current_squared_k,3.0,18.0,Maryj,,,,,,0.0
current_squared_k,3.0,19.0,Poppy,,,,,,0.0
current_squared_k,3.0,19.0,Oxlip,,,,,,0.0
current_squared_k,3.0,19.0,Daisy,,,,,,0.0
current_squared_k,3.0,19.0,Tulip,,,,,,0.0
current_squared_k,3.0,19.0,Maryj,,,,,,0.00541975036942292
current_squared_k,4.0,0.0,Poppy,,,,,,0.0
current_squared_k,4.0,0.0,Oxlip,,,,,,7.79613783348415e-05
current_squared_k,4.0,0.0,Daisy,,,,,,0.0
current_squared_k,4.0,0.0,Tulip,,,,,,0.0
current_squared_k,4.0,0.0,Maryj,,,,,,0.0
current_squared_k,4.0,2.0,Poppy,,,,,,0.0
current_squared_k,4.0,2.0,Oxlip,,,,,,0.0
current_squared_k,4.0,2.0,Daisy,,,,,,0.00014073315585317426
current_squared_k,4.0,2.0,Tulip,,,,,,0.0
current_squared_k,4.0,2.0,Maryj,,,,,,0.0
current_squared_k,4.0,6.0,Poppy,,,,,,1.1730037678035364e-05
current_squared_k,4.0,6.0,Oxlip,,,,,,0.0
current_squared_k,4.0,6.0,Daisy,,,,,,0.0
current_squared_k,4.0,6.0,Tulip,,,,,,0.0
current_squared_k,4.0,6.0,Maryj,,,,,,0.0
current_squared_k,4.0,10.0,Poppy,,,,,,0.0
current_squared_k,4.0,10.0,Oxlip,,,,,,0.0
current_squared_k,4.0,10.0,Daisy,,,,,,0.00045709305901706895
current_squared_k,4.0,10.0,Tulip,,,,,,0.0
current_squared_k,4.0,10.0,Maryj,,,,,,0.0
current_squared_k,4.0,11.0,Poppy,,,,,,0.0007167721102658971
current_squared_k,4.0,11.0,Oxlip,,,,,,0.0
current_squared_k,4.0,11.0,Daisy,,,,,,0.0
current_squared_k,4.0,11.0,Tulip,,,,,,0.0
current_squared_k,4.0,11.0,Maryj,,,,,,0.0
current_squared_k,4.0,12.0,Poppy,,,,,,0.002402126359699971
current_squared_k,4.0,12.0,Oxlip,,,,,,0.0
current_squared_k,4.0,12.0,Daisy,,,,,,0.0
current_squared_k,4.0,12.0,Tulip,,,,,,0.0
current_squared_k,4.0,12.0,Maryj,,,,,,0.0
current_squared_k,4.0,13.0,Poppy,,,,,,0.0
current_squared_k,4.0,13.0,Oxlip,,,,,,0.0
current_squared_k,4.0,13.0,Daisy,,,,,,0.0
current_squared_k,4.0,13.0,Tulip,,,,,,0.00078178876146996
current_squared_k,4.0,13.0,Maryj,,,,,,0.0
current_squared_k,4.0,14.0,Poppy,,,,,,0.0
current_squared_k,4.0,14.0,Oxlip,,,,,,0.00013899369867817607
current_squared_k,4.0,14.0,Daisy,,,,,,0.0
current_squared_k,4.0,14.0,Tulip,,,,,,0.0
current_squared_k,4.0,14.0,Maryj,,,,,,0.0
current_squared_k,4.0,15.0,Poppy,,,,,,0.0
current_squared_k,4.0,15.0,Oxlip,,,,,,0.0
current_squared_k,4.0,15.0,Daisy,,,,,,0.0003669388711707181
current_squared_k,4.0,15.0,Tulip,,,,,,0.0
current_squared_k,4.0,15.0,Maryj,,,,,,0.0
current_squared_k,4.0,17.0,Poppy,,,,,,0.024851473805585153
current_squared_k,4.0,17.0,Oxlip,,,,,,0.0
current_squared_k,4.0,17.0,Daisy,,,,,,0.0
current_squared_k,4.0,17.0,Tulip,,,,,,0.0
current_squared_k,4.0,17.0,Maryj,,,,,,0.0
current_squared_k,4.0,18.0,Poppy,,,,,,0.001014813095365252
current_squared_k,4.0,18.0,Oxlip,,,,,,0.0
current_squared_k,4.0,18.0,Daisy,,,,,,0.0
current_squared_k,4.0,18.0,Tulip,,,,,,0.0
current_squared_k,4.0,18.0,Maryj,,,,,,0.0
current_squared_k,4.0,19.0,Poppy,,,,,,0.0
current_squared_k,4.0,19.0,Oxlip,,,,,,0.0
current_squared_k,4.0,19.0,Daisy,,,,,,0.0
current_squared_k,4.0,19.0,Tulip,,,,,,0.0
current_squared_k,4.0,19.0,Maryj,,,,,,0.005160002601334937
current_squared_k,5.0,0.0,Poppy,,,,,,0.0
current_squared_k,5.0,0.0,Oxlip,,,,,,7.345763333461933e-05
current_squared_k,5.0,0.0,Daisy,,,,,,0.0
current_squared_k,5.0,0.0,Tulip,,,,,,0.0
current_squared_k,5.0,0.0,Maryj,,,,,,0.0
current_squared_k,5.0,2.0,Poppy,,,,,,0.0
current_squared_k,5.0,2.0,Oxlip,,,,,,0.0
current_squared_k,5.0,2.0,Daisy,,,,,,0.00013920608922148101
current_squared_k,5.0,2.0,Tulip,,,,,,0.0
current_squared_k,5.0,2.0,Maryj,,,,,,0.0
current_squared_k,5.0,6.0,Poppy,,,,,,1.1577897111523878e-05
current_squared_k,5.0,6.0,Oxlip,,,,,,0.0
current_squared_k,5.0,6.0,Daisy,,,,,,0.0
current_squared_k,5.0,6.0,Tulip,,,,,,0.0
current_squared_k,5.0,6.0,Maryj,,,,,,0.0
current_squared_k,5.0,10.0,Poppy,,,,,,0.0
current_squared_k,5.0,10.0,Oxlip,,,,,,0.0
current_squared_k,5.0,10.0,Daisy,,,,,,0.0004365097591782307
current_squared_k,5.0,10.0,Tulip,,,,,,0.0
current_squared_k,5.0,10.0,Maryj,,,,,,0.0
current_squared_k,5.0,11.0,Poppy,,,,,,0.0007091851313203055
current_squared_k,5.0,11.0,Oxlip,,,,,,0.0
current_squared_k,5.0,11.0,Daisy,,,,,,0.0
current_squared_k,5.0,11.0,Tulip,,,,,,0.0
current_squared_k,5.0,11.0,Maryj,,,,,,0.0
current_squared_k,5.0,12.0,Poppy,,,,,,0.0022382764376730467
current_squared_k,5.0,12.0,Oxlip,,,,,,0.0
current_squared_k,5.0,12.0,Daisy,,,,,,0.0
current_squared_k,5.0,12.0,Tulip,,,,,,0.0
current_squared_k,5.0,12.0,Maryj,,,,,,0.0
current_squared_k,5.0,13.0,Poppy,,,,,,0.0
current_squared_k,5.0,13.0,Oxlip,,,,,,0.0
current_squared_k,5.0,13.0,Daisy,,,,,,0.0
current_squared_k,5.0,13.0,Tulip,,,,,,0.0012246021288937806
current_squared_k,5.0,13.0,Maryj,,,,,,0.0
current_squared_k,5.0,14.0,Poppy,,,,,,0.0
current_squared_k,5.0,14.0,Oxlip,,,,,,0.0001347449812541571
current_squared_k,5.0,14.0,Daisy,,,,,,0.0
current_squared_k,5.0,14.0,Tulip,,,,,,0.0
current_squared_k,5.0,14.0,Maryj,,,,,,0.0
current_squared_k,5.0,15.0,Poppy,,,,,,0.0
current_squared_k,5.0,15.0,Oxlip,,,,,,0.0
current_squared_k,5.0,15.0,Daisy,,,,,,0.00036343540746301993
current_squared_k,5.0,15.0,Tulip,,,,,,0.0
current_squared_k,5.0,15.0,Maryj,,,,,,0.0
current_squared_k,5.0,17.0,Poppy,,,,,,0.02621502679499123
current_squared_k,5.0,17.0,Oxlip,,,,,,0.0
current_squared_k,5.0,17.0,Daisy,,,,,,0.0
current_squared_k,5.0,17.0,Tulip,,,,,,0.0
current_squared_k,5.0,17.0,Maryj,,,,,,0.0
current_squared_k,5.0,18.0,Poppy,,,,,,0.0010489347434349096
current_squared_k,5.0,18.0,Oxlip,,,,,,0.0
current_squared_k,5.0,18.0,Daisy,,,,,,0.0
current_squared_k,5.0,18.0,Tulip,,,,,,0.0
current_squared_k,5.0,18.0,Maryj,,,,,,0.0
current_squared_k,5.0,19.0,Poppy,,,,,,0.0
current_squared_k,5.0,19.0,Oxlip,,,,,,0.0
current_squared_k,5.0,19.0,Daisy,,,,,,0.0
current_squared_k,5.0,19.0,Tulip,,,,,,0.0
current_squared_k,5.0,19.0,Maryj,,,,,,0.006006329456685767
current_squared_k,6.0,0.0,Poppy,,,,,,0.0
current_squared_k,6.0,0.0,Oxlip,,,,,,7.229926185938261e-05
current_squared_k,6.0,0.0,Daisy,,,,,,0.0
current_squared_k,6.0,0.0,Tulip,,,,,,0.0
current_squared_k,6.0,0.0,Maryj,,,,,,0.0
current_squared_k,6.0,2.0,Poppy,,,,,,0.0
current_squared_k,6.0,2.0,Oxlip,,,,,,0.0
current_squared_k,6.0,2.0,Daisy,,,,,,0.00014530294949698048
current_squared_k,6.0,2.0,Tulip,,,,,,0.0
current_squared_k,6.0,2.0,Maryj,,,,,,0.0
current_squared_k,6.0,6.0,Poppy,,,,,,1.1462704968308042e-05
current_squared_k,6.0,6.0,Oxlip,,,,,,0.0
current_squared_k,6.0,6.0,Daisy,,,,,,0.0
current_squared_k,6.0,6.0,Tulip,,,,,,0.0
current_squared_k,6.0,6.0,Maryj,,,,,,0.0
current_squared_k,6.0,10.0,Poppy,,,,,,0.0
current_squared_k,6.0,10.0,Oxlip,,,,,,0.0
current_squared_k,6.0,10.0,Daisy,,,,,,0.0005069481941574006
current_squared_k,6.0,10.0,Tulip,,,,,,0.0
current_squared_k,6.0,10.0,Maryj,,,,,,0.0
current_squared_k,6.0,11.0,Poppy,,,,,,0.0007380249617887622
current_squared_k,6.0,11.0,Oxlip,,,,,,0.0
current_squared_k,6.0,11.0,Daisy,,,,,,0.0
current_squared_k,6.0,11.0,Tulip,,,,,,0.0
current_squared_k,6.0,11.0,Maryj,,,,,,0.0
current_squared_k,6.0,12.0,Poppy,,,,,,0.0022354765271512833
current_squared_k,6.0,12.0,Oxlip,,,,,,0.0
current_squared_k,6.0,12.0,Daisy,,,,,,0.0
current_squared_k,6.0,12.0,Tulip,,,,,,0.0
current_squared_k,6.0,12.0,Maryj,,,,,,0.0
current_squared_k,6.0,13.0,Poppy,,,,,,0.0
current_squared_k,6.0,13.0,Oxlip,,,,,,0.0
current_squared_k,6.0,13.0,Daisy,,,,,,0.0
current_squared_k,6.0,13.0,Tulip,,,,,,0.0029541830005328255
current_squared_k,6.0,13.0,Maryj,,,,,,0.0
current_squared_k,6.0,14.0,Poppy,,,,,,0.0
current_squared_k,6.0,14.0,Oxlip,,,,,,0.0001735225775642918
current_squared_k,6.0,14.0,Daisy,,,,,,0.0
current_squared_k,6.0,14.0,Tulip,,,,,,0.0
current_squared_k,6.0,14.0,Maryj,,,,,,0.0
current_squared_k,6.0,15.0,Poppy,,,,,,0.0
current_squared_k,6.0,15.0,Oxlip,,,,,,0.0
current_squared_k,6.0,15.0,Daisy,,,,,,0.00038040582879148325
current_squared_k,6.0,15.0,Tulip,,,,,,0.0
current_squared_k,6.0,15.0,Maryj,,,,,,0.0
current_squared_k,6.0,17.0,Poppy,,,,,,0.035436365705375845
current_squared_k,6.0,17.0,Oxlip,,,,,,0.0
current_squared_k,6.0,17.0,Daisy,,,,,,0.0
current_squared_k,6.0,17.0,Tulip,,,,,,0.0
current_squared_k,6.0,17.0,Maryj,,,,,,0.0
current_squared_k,6.0,18.0,Poppy,,,,,,0.0013900298176065238
current_squared_k,6.0,18.0,Oxlip,,,,,,0.0
current_squared_k,6.0,18.0,Daisy,,,,,,0.0
current_squared_k,6.0,18.0,Tulip,,,,,,0.0
current_squared_k,6.0,18.0,Maryj,,,,,,0.0
current_squared_k,6.0,19.0,Poppy,,,,,,0.0
current_squared_k,6.0,19.0,Oxlip,,,,,,0.0
current_squared_k,6.0,19.0,Daisy,,,,,,0.0
current_squared_k,6.0,19.0,Tulip,,,,,,0.0
current_squared_k,6.0,19.0,Maryj,,,,,,0.008851049055920952
current_squared_k,7.0,0.0,Poppy,,,,,,0.0
current_squared_k,7.0,0.0,Oxlip,,,,,,6.923179859065953e-05
current_squared_k,7.0,0.0,Daisy,,,,,,0.0
current_squared_k,7.0,0.0,Tulip,,,,,,0.0
current_squared_k,7.0,0.0,Maryj,,,,,,0.0
current_squared_k,7.0,2.0,Poppy,,,,,,0.0
current_squared_k,7.0,2.0,Oxlip,,,,,,0.0
current_squared_k,7.0,2.0,Daisy,,,,,,0.00021361773181439157
current_squared_k,7.0,2.0,Tulip,,,,,,0.0
current_squared_k,7.0,2.0,Maryj,,,,,,0.0
current_squared_k,7.0,6.0,Poppy,,,,,,1.0716228266645205e-05
current_squared_k,7.0,6.0,Oxlip,,,,,,0.0
current_squared_k,7.0,6.0,Daisy,,,,,,0.0
current_squared_k,7.0,6.0,Tulip,,,,,,0.0
current_squared_k,7.0,6.0,Maryj,,,,,,0.0
current_squared_k,7.0,10.0,Poppy,,,,,,0.0
current_squared_k,7.0,10.0,Oxlip,,,,,,0.0
current_squared_k,7.0,10.0,Daisy,,,,,,0.0009157324432668473
current_squared_k,7.0,10.0,Tulip,,,,,,0.0
current_squared_k,7.0,10.0,Maryj,,,,,,0.0
current_squared_k,7.0,11.0,Poppy,,,,,,0.0011238153197227463
current_squared_k,7.0,11.0,Oxlip,,,,,,0.0
current_squared_k,7.0,11.0,Daisy,,,,,,0.0
current_squared_k,7.0,11.0,Tulip,,,,,,0.0
current_squared_k,7.0,11.0,Maryj,,,,,,0.0
current_squared_k,7.0,12.0,Poppy,,,,,,0.0026136098460064826
current_squared_k,7.0,12.0,Oxlip,,,,,,0.0
current_squared_k,7.0,12.0,Daisy,,,,,,0.0
current_squared_k,7.0,12.0,Tulip,,,,,,0.0
current_squared_k,7.0,12.0,Maryj,,,,,,0.0
current_squared_k,7.0,13.0,Poppy,,,,,,0.0
current_squared_k,7.0,13.0,Oxlip,,,,,,0.0
current_squared_k,7.0,13.0,Daisy,,,,,,0.0
current_squared_k,7.0,13.0,Tulip,,,,,,0.004539743201239906
current_squared_k,7.0,13.0,Maryj,,,,,,0.0
current_squared_k,7.0,14.0,Poppy,,,,,,0.0
current_squared_k,7.0,14.0,Oxlip,,,,,,0.0003747673287296709
current_squared_k,7.0,14.0,Daisy,,,,,,0.0
current_squared_k,7.0,14.0,Tulip,,,,,,0.0
current_squared_k,7.0,14.0,Maryj,,,,,,0.0
current_squared_k,7.0,15.0,Poppy,,,,,,0.0
current_squared_k,7.0,15.0,Oxlip,,,,,,0.0
current_squared_k,7.0,15.0,Daisy,,,,,,0.0005620311271838862
current_squared_k,7.0,15.0,Tulip,,,,,,0.0
current_squared_k,7.0,15.0,Maryj,,,,,,0.0
current_squared_k,7.0,17.0,Poppy,,,,,,0.05280091292151266
current_squared_k,7.0,17.0,Oxlip,,,,,,0.0
current_squared_k,7.0,17.0,Daisy,,,,,,0.0
current_squared_k,7.0,17.0,Tulip,,,,,,0.0
current_squared_k,7.0,17.0,Maryj,,,,,,0.0
current_squared_k,7.0,18.0,Poppy,,,,,,0.002117537638451707
current_squared_k,7.0,18.0,Oxlip,,,,,,0.0
current_squared_k,7.0,18.0,Daisy,,,,,,0.0
current_squared_k,7.0,18.0,Tulip,,,,,,0.0
current_squared_k,7.0,18.0,Maryj,,,,,,0.0
current_squared_k,7.0,19.0,Poppy,,,,,,0.0
current_squared_k,7.0,19.0,Oxlip,,,,,,0.0
current_squared_k,7.0,19.0,Daisy,,,,,,0.0
current_squared_k,7.0,19.0,Tulip,,,,,,0.0
current_squared_k,7.0,19.0,Maryj,,,,,,0.014092979488075655
current_squared_k,8.0,0.0,Poppy,,,,,,0.0
current_squared_k,8.0,0.0,Oxlip,,,,,,6.841242442270044e-05
current_squared_k,8.0,0.0,Daisy,,,,,,0.0
current_squared_k,8.0,0.0,Tulip,,,,,,0.0
current_squared_k,8.0,0.0,Maryj,,,,,,0.0
current_squared_k,8.0,2.0,Poppy,,,,,,0.0
current_squared_k,8.0,2.0,Oxlip,,,,,,0.0
current_squared_k,8.0,2.0,Daisy,,,,,,0.00032841847552935843
current_squared_k,8.0,2.0,Tulip,,,,,,0.0
current_squared_k,8.0,2.0,Maryj,,,,,,0.0
current_squared_k,8.0,6.0,Poppy,,,,,,5.026679911069643e-05
current_squared_k,8.0,6.0,Oxlip,,,,,,0.0
current_squared_k,8.0,6.0,Daisy,,,,,,0.0
current_squared_k,8.0,6.0,Tulip,,,,,,0.0
current_squared_k,8.0,6.0,Maryj,,,,,,0.0
current_squared_k,8.0,10.0,Poppy,,,,,,0.0
current_squared_k,8.0,10.0,Oxlip,,,,,,0.0
current_squared_k,8.0,10.0,Daisy,,,,,,0.0013804983603608446
current_squared_k,8.0,10.0,Tulip,,,,,,0.0
current_squared_k,8.0,10.0,Maryj,,,,,,0.0
current_squared_k,8.0,11.0,Poppy,,,,,,0.00175427336853162
current_squared_k,8.0,11.0,Oxlip,,,,,,0.0
current_squared_k,8.0,11.0,Daisy,,,,,,0.0
current_squared_k,8.0,11.0,Tulip,,,,,,0.0
current_squared_k,8.0,11.0,Maryj,,,,,,0.0
current_squared_k,8.0,12.0,Poppy,,,,,,0.0038480070223678533
current_squared_k,8.0,12.0,Oxlip,,,,,,0.0
current_squared_k,8.0,12.0,Daisy,,,,,,0.0
current_squared_k,8.0,12.0,Tulip,,,,,,0.0
current_squared_k,8.0,12.0,Maryj,,,,,,0.0
current_squared_k,8.0,13.0,Poppy,,,,,,0.0
current_squared_k,8.0,13.0,Oxlip,,,,,,0.0
current_squared_k,8.0,13.0,Daisy,,,,,,0.0
current_squared_k,8.0,13.0,Tulip,,,,,,0.0061557780619039
current_squared_k,8.0,13.0,Maryj,,,,,,0.0
current_squared_k,8.0,14.0,Poppy,,,,,,0.0
current_squared_k,8.0,14.0,Oxlip,,,,,,0.0005188235039610304
current_squared_k,8.0,14.0,Daisy,,,,,,0.0
current_squared_k,8.0,14.0,Tulip,,,,,,0.0
current_squared_k,8.0,14.0,Maryj,,,,,,0.0
current_squared_k,8.0,15.0,Poppy,,,,,,0.0
current_squared_k,8.0,15.0,Oxlip,,,,,,0.0
current_squared_k,8.0,15.0,Daisy,,,,,,0.001107208924091172
current_squared_k,8.0,15.0,Tulip,,,,,,0.0
current_squared_k,8.0,15.0,Maryj,,,,,,0.0
current_squared_k,8.0,17.0,Poppy,,,,,,0.07518764898261596
current_squared_k,8.0,17.0,Oxlip,,,,,,0.0
current_squared_k,8.0,17.0,Daisy,,,,,,0.0
current_squared_k,8.0,17.0,Tulip,,,,,,0.0
current_squared_k,8.0,17.0,Maryj,,,,,,0.0
current_squared_k,8.0,18.0,Poppy,,,,,,0.0032029944199476433
current_squared_k,8.0,18.0,Oxlip,,,,,,0.0
current_squared_k,8.0,18.0,Daisy,,,,,,0.0
current_squared_k,8.0,18.0,Tulip,,,,,,0.0
current_squared_k,8.0,18.0,Maryj,,,,,,0.0
current_squared_k,8.0,19.0,Poppy,,,,,,0.0
current_squared_k,8.0,19.0,Oxlip,,,,,,0.0
current_squared_k,8.0,19.0,Daisy,,,,,,0.0
current_squared_k,8.0,19.0,Tulip,,,,,,0.0
current_squared_k,8.0,19.0,Maryj,,,,,,0.021156536272547127
current_squared_k,9.0,0.0,Poppy,,,,,,0.0
current_squared_k,9.0,0.0,Oxlip,,,,,,0.0005379481084744005
current_squared_k,9.0,0.0,Daisy,,,,,,0.0
current_squared_k,9.0,0.0,Tulip,,,,,,0.0
current_squared_k,9.0,0.0,Maryj,,,,,,0.0
current_squared_k,9.0,2.0,Poppy,,,,,,0.0
current_squared_k,9.0,2.0,Oxlip,,,,,,0.0
current_squared_k,9.0,2.0,Daisy,,,,,,0.0015455235118871696
current_squared_k,9.0,2.0,Tulip,,,,,,0.0
current_squared_k,9.0,2.0,Maryj,,,,,,0.0
current_squared_k,9.0,6.0,Poppy,,,,,,9.06713808097788e-05
current_squared_k,9.0,6.0,Oxlip,,,,,,0.0
current_squared_k,9.0,6.0,Daisy,,,,,,0.0
current_squared_k,9.0,6.0,Tulip,,,,,,0.0
current_squared_k,9.0,6.0,Maryj,,,,,,0.0
current_squared_k,9.0,10.0,Poppy,,,,,,0.0
current_squared_k,9.0,10.0,Oxlip,,,,,,0.0
current_squared_k,9.0,10.0,Daisy,,,,,,0.004500952338562835
current_squared_k,9.0,10.0,Tulip,,,,,,0.0
current_squared_k,9.0,10.0,Maryj,,,,,,0.0
current_squared_k,9.0,11.0,Poppy,,,,,,0.007956216735338247
current_squared_k,9.0,11.0,Oxlip,,,,,,0.0
current_squared_k,9.0,11.0,Daisy,,,,,,0.0
current_squared_k,9.0,11.0,Tulip,,,,,,0.0
current_squared_k,9.0,11.0,Maryj,,,,,,0.0
current_squared_k,9.0,12.0,Poppy,,,,,,0.02263890535531673
current_squared_k,9.0,12.0,Oxlip,,,,,,0.0
current_squared_k,9.0,12.0,Daisy,,,,,,0.0
current_squared_k,9.0,12.0,Tulip,,,,,,0.0
current_squared_k,9.0,12.0,Maryj,,,,,,0.0
current_squared_k,9.0,13.0,Poppy,,,,,,0.0
current_squared_k,9.0,13.0,Oxlip,,,,,,0.0
current_squared_k,9.0,13.0,Daisy,,,,,,0.0
current_squared_k,9.0,13.0,Tulip,,,,,,0.013399944682997714
current_squared_k,9.0,13.0,Maryj,,,,,,0.0
current_squared_k,9.0,14.0,Poppy,,,,,,0.0
current_squared_k,9.0,14.0,Oxlip,,,,,,0.0012385851350118957
current_squared_k,9.0,14.0,Daisy,,,,,,0.0
current_squared_k,9.0,14.0,Tulip,,,,,,0.0
current_squared_k,9.0,14.0,Maryj,,,,,,0.0
current_squared_k,9.0,15.0,Poppy,,,,,,0.0
current_squared_k,9.0,15.0,Oxlip,,,,,,0.0
current_squared_k,9.0,15.0,Daisy,,,,,,0.00456888710492207
current_squared_k,9.0,15.0,Tulip,,,,,,0.0
current_squared_k,9.0,15.0,Maryj,,,,,,0.0
current_squared_k,9.0,17.0,Poppy,,,,,,0.2468120611920567
current_squared_k,9.0,17.0,Oxlip,,,,,,0.0
current_squared_k,9.0,17.0,Daisy,,,,,,0.0
current_squared_k,9.0,17.0,Tulip,,,,,,0.0
current_squared_k,9.0,17.0,Maryj,,,,,,0.0
current_squared_k,9.0,18.0,Poppy,,,,,,0.003173479142832616
current_squared_k,9.0,18.0,Oxlip,,,,,,0.0
current_squared_k,9.0,18.0,Daisy,,,,,,0.0
current_squared_k,9.0,18.0,Tulip,,,,,,0.0
current_squared_k,9.0,18.0,Maryj,,,,,,0.0
current_squared_k,9.0,19.0,Poppy,,,,,,0.0
current_squared_k,9.0,19.0,Oxlip,,,,,,0.0
current_squared_k,9.0,19.0,Daisy,,,,,,0.0
current_squared_k,9.0,19.0,Tulip,,,,,,0.0
current_squared_k,9.0,19.0,Maryj,,,,,,0.06820779715532285
current_squared_k,10.0,0.0,Poppy,,,,,,0.0
current_squared_k,10.0,0.0,Oxlip,,,,,,0.0005100586653277417
current_squared_k,10.0,0.0,Daisy,,,,,,0.0
current_squared_k,10.0,0.0,Tulip,,,,,,0.0
current_squared_k,10.0,0.0,Maryj,,,,,,0.0
current_squared_k,10.0,2.0,Poppy,,,,,,0.0
current_squared_k,10.0,2.0,Oxlip,,,,,,0.0
current_squared_k,10.0,2.0,Daisy,,,,,,0.0012484862372968816
current_squared_k,10.0,2.0,Tulip,,,,,,0.0
current_squared_k,10.0,2.0,Maryj,,,,,,0.0
current_squared_k,10.0,6.0,Poppy,,,,,,0.00024462879983306695
current_squared_k,10.0,6.0,Oxlip,,,,,,0.0
current_squared_k,10.0,6.0,Daisy,,,,,,0.0
current_squared_k,10.0,6.0,Tulip,,,,,,0.0
current_squared_k,10.0,6.0,Maryj,,,,,,0.0
current_squared_k,10.0,10.0,Poppy,,,,,,0.0
current_squared_k,10.0,10.0,Oxlip,,,,,,0.0
current_squared_k,10.0,10.0,Daisy,,,,,,0.0038847003070991925
current_squared_k,10.0,10.0,Tulip,,,,,,0.0
current_squared_k,10.0,10.0,Maryj,,,,,,0.0
current_squared_k,10.0,11.0,Poppy,,,,,,0.006784902891836007
current_squared_k,10.0,11.0,Oxlip,,,,,,0.0
current_squared_k,10.0,11.0,Daisy,,,,,,0.0
current_squared_k,10.0,11.0,Tulip,,,,,,0.0
current_squared_k,10.0,11.0,Maryj,,,,,,0.0
current_squared_k,10.0,12.0,Poppy,,,,,,0.020198997017329707
current_squared_k,10.0,12.0,Oxlip,,,,,,0.0
current_squared_k,10.0,12.0,Daisy,,,,,,0.0
current_squared_k,10.0,12.0,Tulip,,,,,,0.0
current_squared_k,10.0,12.0,Maryj,,,,,,0.0
current_squared_k,10.0,13.0,Poppy,,,,,,0.0
current_squared_k,10.0,13.0,Oxlip,,,,,,0.0
current_squared_k,10.0,13.0,Daisy,,,,,,0.0
current_squared_k,10.0,13.0,Tulip,,,,,,0.013800191180256686
current_squared_k,10.0,13.0,Maryj,,,,,,0.0
current_squared_k,10.0,14.0,Poppy,,,,,,0.0
current_squared_k,10.0,14.0,Oxlip,,,,,,0.0011276981899000869
current_squared_k,10.0,14.0,Daisy,,,,,,0.0
current_squared_k,10.0,14.0,Tulip,,,,,,0.0
current_squared_k,10.0,14.0,Maryj,,,,,,0.0
current_squared_k,10.0,15.0,Poppy,,,,,,0.0
current_squared_k,10.0,15.0,Oxlip,,,,,,0.0
current_squared_k,10.0,15.0,Daisy,,,,,,0.00468832371449897
current_squared_k,10.0,15.0,Tulip,,,,,,0.0
current_squared_k,10.0,15.0,Maryj,,,,,,0.0
current_squared_k,10.0,17.0,Poppy,,,,,,0.23180232847487878
current_squared_k,10.0,17.0,Oxlip,,,,,,0.0
current_squared_k,10.0,17.0,Daisy,,,,,,0.0
current_squared_k,10.0,17.0,Tulip,,,,,,0.0
current_squared_k,10.0,17.0,Maryj,,,,,,0.0
current_squared_k,10.0,18.0,Poppy,,,,,,0.002835979664685967
current_squared_k,10.0,18.0,Oxlip,,,,,,0.0
current_squared_k,10.0,18.0,Daisy,,,,,,0.0
current_squared_k,10.0,18.0,Tulip,,,,,,0.0
current_squared_k,10.0,18.0,Maryj,,,,,,0.0
current_squared_k,10.0,19.0,Poppy,,,,,,0.0
current_squared_k,10.0,19.0,Oxlip,,,,,,0.0
current_squared_k,10.0,19.0,Daisy,,,,,,0.0
current_squared_k,10.0,19.0,Tulip,,,,,,0.0
current_squared_k,10.0,19.0,Maryj,,,,,,0.0663505639877834
current_squared_k,11.0,0.0,Poppy,,,,,,0.0
current_squared_k,11.0,0.0,Oxlip,,,,,,0.000547847397743839
current_squared_k,11.0,0.0,Daisy,,,,,,0.0
current_squared_k,11.0,0.0,Tulip,,,,,,0.0
current_squared_k,11.0,0.0,Maryj,,,,,,0.0
current_squared_k,11.0,2.0,Poppy,,,,,,0.0
current_squared_k,11.0,2.0,Oxlip,,,,,,0.0
current_squared_k,11.0,2.0,Daisy,,,,,,0.0011970619514574746
current_squared_k,11.0,2.0,Tulip,,,,,,0.0
current_squared_k,11.0,2.0,Maryj,,,,,,0.0
current_squared_k,11.0,6.0,Poppy,,,,,,0.00023567316485379727
current_squared_k,11.0,6.0,Oxlip,,,,,,0.0
current_squared_k,11.0,6.0,Daisy,,,,,,0.0
current_squared_k,11.0,6.0,Tulip,,,,,,0.0
current_squared_k,11.0,6.0,Maryj,,,,,,0.0
current_squared_k,11.0,10.0,Poppy,,,,,,0.0
current_squared_k,11.0,10.0,Oxlip,,,,,,0.0
current_squared_k,11.0,10.0,Daisy,,,,,,0.003434550597880614
current_squared_k,11.0,10.0,Tulip,,,,,,0.0
current_squared_k,11.0,10.0,Maryj,,,,,,0.0
current_squared_k,11.0,11.0,Poppy,,,,,,0.006577646185416248
current_squared_k,11.0,11.0,Oxlip,,,,,,0.0
current_squared_k,11.0,11.0,Daisy,,,,,,0.0
current_squared_k,11.0,11.0,Tulip,,,,,,0.0
current_squared_k,11.0,11.0,Maryj,,,,,,0.0
current_squared_k,11.0,12.0,Poppy,,,,,,0.020395221531951942
current_squared_k,11.0,12.0,Oxlip,,,,,,0.0
current_squared_k,11.0,12.0,Daisy,,,,,,0.0
current_squared_k,11.0,12.0,Tulip,,,,,,0.0
current_squared_k,11.0,12.0,Maryj,,,,,,0.0
current_squared_k,11.0,13.0,Poppy,,,,,,0.0
current_squared_k,11.0,13.0,Oxlip,,,,,,0.0
current_squared_k,11.0,13.0,Daisy,,,,,,0.0
current_squared_k,11.0,13.0,Tulip,,,,,,0.015806178162020065
current_squared_k,11.0,13.0,Maryj,,,,,,0.0
current_squared_k,11.0,14.0,Poppy,,,,,,0.0
current_squared_k,11.0,14.0,Oxlip,,,,,,0.0008685266708750927
current_squared_k,11.0,14.0,Daisy,,,,,,0.0
current_squared_k,11.0,14.0,Tulip,,,,,,0.0
current_squared_k,11.0,14.0,Maryj,,,,,,0.0
current_squared_k,11.0,15.0,Poppy,,,,,,0.0
current_squared_k,11.0,15.0,Oxlip,,,,,,0.0
current_squared_k,11.0,15.0,Daisy,,,,,,0.00449796707890171
current_squared_k,11.0,15.0,Tulip,,,,,,0.0
current_squared_k,11.0,15.0,Maryj,,,,,,0.0
current_squared_k,11.0,17.0,Poppy,,,,,,0.23563629944537945
current_squared_k,11.0,17.0,Oxlip,,,,,,0.0
current_squared_k,11.0,17.0,Daisy,,,,,,0.0
current_squared_k,11.0,17.0,Tulip,,,,,,0.0
current_squared_k,11.0,17.0,Maryj,,,,,,0.0
current_squared_k,11.0,18.0,Poppy,,,,,,0.002594329091952359
current_squared_k,11.0,18.0,Oxlip,,,,,,0.0
current_squared_k,11.0,18.0,Daisy,,,,,,0.0
current_squared_k,11.0,18.0,Tulip,,,,,,0.0
current_squared_k,11.0,18.0,Maryj,,,,,,0.0
current_squared_k,11.0,19.0,Poppy,,,,,,0.0
current_squared_k,11.0,19.0,Oxlip,,,,,,0.0
current_squared_k,11.0,19.0,Daisy,,,,,,0.0
current_squared_k,11.0,19.0,Tulip,,,,,,0.0
current_squared_k,11.0,19.0,Maryj,,,,,,0.0693043034669068
current_squared_k,12.0,0.0,Poppy,,,,,,0.0
current_squared_k,12.0,0.0,Oxlip,,,,,,0.0005684065639249226
current_squared_k,12.0,0.0,Daisy,,,,,,0.0
current_squared_k,12.0,0.0,Tulip,,,,,,0.0
current_squared_k,12.0,0.0,Maryj,,,,,,0.0
current_squared_k,12.0,2.0,Poppy,,,,,,0.0
current_squared_k,12.0,2.0,Oxlip,,,,,,0.0
current_squared_k,12.0,2.0,Daisy,,,,,,0.0012429955099631307
current_squared_k,12.0,2.0,Tulip,,,,,,0.0
current_squared_k,12.0,2.0,Maryj,,,,,,0.0
current_squared_k,12.0,6.0,Poppy,,,,,,0.00025069031872064333
current_squared_k,12.0,6.0,Oxlip,,,,,,0.0
current_squared_k,12.0,6.0,Daisy,,,,,,0.0
current_squared_k,12.0,6.0,Tulip,,,,,,0.0
current_squared_k,12.0,6.0,Maryj,,,,,,0.0
current_squared_k,12.0,10.0,Poppy,,,,,,0.0
current_squared_k,12.0,10.0,Oxlip,,,,,,0.0
current_squared_k,12.0,10.0,Daisy,,,,,,0.003532119352613291
current_squared_k,12.0,10.0,Tulip,,,,,,0.0
current_squared_k,12.0,10.0,Maryj,,,,,,0.0
current_squared_k,12.0,11.0,Poppy,,,,,,0.006770080369984306
current_squared_k,12.0,11.0,Oxlip,,,,,,0.0
current_squared_k,12.0,11.0,Daisy,,,,,,0.0
current_squared_k,12.0,11.0,Tulip,,,,,,0.0
current_squared_k,12.0,11.0,Maryj,,,,,,0.0
current_squared_k,12.0,12.0,Poppy,,,,,,0.02105856786758093
current_squared_k,12.0,12.0,Oxlip,,,,,,0.0
current_squared_k,12.0,12.0,Daisy,,,,,,0.0
current_squared_k,12.0,12.0,Tulip,,,,,,0.0
current_squared_k,12.0,12.0,Maryj,,,,,,0.0
current_squared_k,12.0,13.0,Poppy,,,,,,0.0
current_squared_k,12.0,13.0,Oxlip,,,,,,0.0
current_squared_k,12.0,13.0,Daisy,,,,,,0.0
current_squared_k,12.0,13.0,Tulip,,,,,,0.018918910291335356
current_squared_k,12.0,13.0,Maryj,,,,,,0.0
current_squared_k,12.0,14.0,Poppy,,,,,,0.0
current_squared_k,12.0,14.0,Oxlip,,,,,,0.0008950469137334852
current_squared_k,12.0,14.0,Daisy,,,,,,0.0
current_squared_k,12.0,14.0,Tulip,,,,,,0.0
current_squared_k,12.0,14.0,Maryj,,,,,,0.0
current_squared_k,12.0,15.0,Poppy,,,,,,0.0
current_squared_k,12.0,15.0,Oxlip,,,,,,0.0
current_squared_k,12.0,15.0,Daisy,,,,,,0.004710902205778834
current_squared_k,12.0,15.0,Tulip,,,,,,0.0
current_squared_k,12.0,15.0,Maryj,,,,,,0.0
current_squared_k,12.0,17.0,Poppy,,,,,,0.2493261019392891
current_squared_k,12.0,17.0,Oxlip,,,,,,0.0
current_squared_k,12.0,17.0,Daisy,,,,,,0.0
current_squared_k,12.0,17.0,Tulip,,,,,,0.0
current_squared_k,12.0,17.0,Maryj,,,,,,0.0
current_squared_k,12.0,18.0,Poppy,,,,,,0.0026976555792815465
current_squared_k,12.0,18.0,Oxlip,,,,,,0.0
current_squared_k,12.0,18.0,Daisy,,,,,,0.0
current_squared_k,12.0,18.0,Tulip,,,,,,0.0
current_squared_k,12.0,18.0,Maryj,,,,,,0.0
current_squared_k,12.0,19.0,Poppy,,,,,,0.0
current_squared_k,12.0,19.0,Oxlip,,,,,,0.0
current_squared_k,12.0,19.0,Daisy,,,,,,0.0
current_squared_k,12.0,19.0,Tulip,,,,,,0.0
current_squared_k,12.0,19.0,Maryj,,,,,,0.0751663124394616
current_squared_k,13.0,0.0,Poppy,,,,,,0.0
current_squared_k,13.0,0.0,Oxlip,,,,,,0.0005936090638337894
current_squared_k,13.0,0.0,Daisy,,,,,,0.0
current_squared_k,13.0,0.0,Tulip,,,,,,0.0
current_squared_k,13.0,0.0,Maryj,,,,,,0.0
current_squared_k,13.0,2.0,Poppy,,,,,,0.0
current_squared_k,13.0,2.0,Oxlip,,,,,,0.0
current_squared_k,13.0,2.0,Daisy,,,,,,0.0011491441863325427
current_squared_k,13.0,2.0,Tulip,,,,,,0.0
current_squared_k,13.0,2.0,Maryj,,,,,,0.0
current_squared_k,13.0,6.0,Poppy,,,,,,0.00025060230464726976
current_squared_k,13.0,6.0,Oxlip,,,,,,0.0
current_squared_k,13.0,6.0,Daisy,,,,,,0.0
current_squared_k,13.0,6.0,Tulip,,,,,,0.0
current_squared_k,13.0,6.0,Maryj,,,,,,0.0
current_squared_k,13.0,10.0,Poppy,,,,,,0.0
current_squared_k,13.0,10.0,Oxlip,,,,,,0.0
current_squared_k,13.0,10.0,Daisy,,,,,,0.0034471975984884393
current_squared_k,13.0,10.0,Tulip,,,,,,0.0
current_squared_k,13.0,10.0,Maryj,,,,,,0.0
current_squared_k,13.0,11.0,Poppy,,,,,,0.006296270769985663
current_squared_k,13.0,11.0,Oxlip,,,,,,0.0
current_squared_k,13.0,11.0,Daisy,,,,,,0.0
current_squared_k,13.0,11.0,Tulip,,,,,,0.0
current_squared_k,13.0,11.0,Maryj,,,,,,0.0
current_squared_k,13.0,12.0,Poppy,,,,,,0.020391687825653468
current_squared_k,13.0,12.0,Oxlip,,,,,,0.0
current_squared_k,13.0,12.0,Daisy,,,,,,0.0
current_squared_k,13.0,12.0,Tulip,,,,,,0.0
current_squared_k,13.0,12.0,Maryj,,,,,,0.0
current_squared_k,13.0,13.0,Poppy,,,,,,0.0
current_squared_k,13.0,13.0,Oxlip,,,,,,0.0
current_squared_k,13.0,13.0,Daisy,,,,,,0.0
current_squared_k,13.0,13.0,Tulip,,,,,,0.01677645912022442
current_squared_k,13.0,13.0,Maryj,,,,,,0.0
current_squared_k,13.0,14.0,Poppy,,,,,,0.0
current_squared_k,13.0,14.0,Oxlip,,,,,,0.0009283315871891683
current_squared_k,13.0,14.0,Daisy,,,,,,0.0
current_squared_k,13.0,14.0,Tulip,,,,,,0.0
current_squared_k,13.0,14.0,Maryj,,,,,,0.0
current_squared_k,13.0,15.0,Poppy,,,,,,0.0
current_squared_k,13.0,15.0,Oxlip,,,,,,0.0
current_squared_k,13.0,15.0,Daisy,,,,,,0.004391200218676084
current_squared_k,13.0,15.0,Tulip,,,,,,0.0
current_squared_k,13.0,15.0,Maryj,,,,,,0.0
current_squared_k,13.0,17.0,Poppy,,,,,,0.23606158656175416
current_squared_k,13.0,17.0,Oxlip,,,,,,0.0
current_squared_k,13.0,17.0,Daisy,,,,,,0.0
current_squared_k,13.0,17.0,Tulip,,,,,,0.0
current_squared_k,13.0,17.0,Maryj,,,,,,0.0
current_squared_k,13.0,18.0,Poppy,,,,,,0.002645478772334871
current_squared_k,13.0,18.0,Oxlip,,,,,,0.0
current_squared_k,13.0,18.0,Daisy,,,,,,0.0
current_squared_k,13.0,18.0,Tulip,,,,,,0.0
current_squared_k,13.0,18.0,Maryj,,,,,,0.0
current_squared_k,13.0,19.0,Poppy,,,,,,0.0
current_squared_k,13.0,19.0,Oxlip,,,,,,0.0
current_squared_k,13.0,19.0,Daisy,,,,,,0.0
current_squared_k,13.0,19.0,Tulip,,,,,,0.0
current_squared_k,13.0,19.0,Maryj,,,,,,0.06966969739376652
current_squared_k,14.0,0.0,Poppy,,,,,,0.0
current_squared_k,14.0,0.0,Oxlip,,,,,,0.0005683581712582922
current_squared_k,14.0,0.0,Daisy,,,,,,0.0
current_squared_k,14.0,0.0,Tulip,,,,,,0.0
current_squared_k,14.0,0.0,Maryj,,,,,,0.0
current_squared_k,14.0,2.0,Poppy,,,,,,0.0
current_squared_k,14.0,2.0,Oxlip,,,,,,0.0
current_squared_k,14.0,2.0,Daisy,,,,,,0.0013310970882769075
current_squared_k,14.0,2.0,Tulip,,,,,,0.0
current_squared_k,14.0,2.0,Maryj,,,,,,0.0
current_squared_k,14.0,6.0,Poppy,,,,,,0.00026513724631705907
current_squared_k,14.0,6.0,Oxlip,,,,,,0.0
current_squared_k,14.0,6.0,Daisy,,,,,,0.0
current_squared_k,14.0,6.0,Tulip,,,,,,0.0
current_squared_k,14.0,6.0,Maryj,,,,,,0.0
current_squared_k,14.0,10.0,Poppy,,,,,,0.0
current_squared_k,14.0,10.0,Oxlip,,,,,,0.0
current_squared_k,14.0,10.0,Daisy,,,,,,0.00364521648061525
current_squared_k,14.0,10.0,Tulip,,,,,,0.0
current_squared_k,14.0,10.0,Maryj,,,,,,0.0
current_squared_k,14.0,11.0,Poppy,,,,,,0.007082740821839642
current_squared_k,14.0,11.0,Oxlip,,,,,,0.0
current_squared_k,14.0,11.0,Daisy,,,,,,0.0
current_squared_k,14.0,11.0,Tulip,,,,,,0.0
current_squared_k,14.0,11.0,Maryj,,,,,,0.0
current_squared_k,14.0,12.0,Poppy,,,,,,0.02145451694199614
current_squared_k,14.0,12.0,Oxlip,,,,,,0.0
current_squared_k,14.0,12.0,Daisy,,,,,,0.0
current_squared_k,14.0,12.0,Tulip,,,,,,0.0
current_squared_k,14.0,12.0,Maryj,,,,,,0.0
current_squared_k,14.0,13.0,Poppy,,,,,,0.0
current_squared_k,14.0,13.0,Oxlip,,,,,,0.0
current_squared_k,14.0,13.0,Daisy,,,,,,0.0
current_squared_k,14.0,13.0,Tulip,,,,,,0.016021474044726546
current_squared_k,14.0,13.0,Maryj,,,,,,0.0
current_squared_k,14.0,14.0,Poppy,,,,,,0.0
current_squared_k,14.0,14.0,Oxlip,,,,,,0.0009162646372739786
current_squared_k,14.0,14.0,Daisy,,,,,,0.0
current_squared_k,14.0,14.0,Tulip,,,,,,0.0
current_squared_k,14.0,14.0,Maryj,,,,,,0.0
current_squared_k,14.0,15.0,Poppy,,,,,,0.0
current_squared_k,14.0,15.0,Oxlip,,,,,,0.0
current_squared_k,14.0,15.0,Daisy,,,,,,0.005026479966542903
current_squared_k,14.0,15.0,Tulip,,,,,,0.0
current_squared_k,14.0,15.0,Maryj,,,,,,0.0
current_squared_k,14.0,17.0,Poppy,,,,,,0.24553529263798873
current_squared_k,14.0,17.0,Oxlip,,,,,,0.0
current_squared_k,14.0,17.0,Daisy,,,,,,0.0
current_squared_k,14.0,17.0,Tulip,,,,,,0.0
current_squared_k,14.0,17.0,Maryj,,,,,,0.0
current_squared_k,14.0,18.0,Poppy,,,,,,0.0024562162246380033
current_squared_k,14.0,18.0,Oxlip,,,,,,0.0
current_squared_k,14.0,18.0,Daisy,,,,,,0.0
current_squared_k,14.0,18.0,Tulip,,,,,,0.0
current_squared_k,14.0,18.0,Maryj,,,,,,0.0
current_squared_k,14.0,19.0,Poppy,,,,,,0.0
current_squared_k,14.0,19.0,Oxlip,,,,,,0.0
current_squared_k,14.0,19.0,Daisy,,,,,,0.0
current_squared_k,14.0,19.0,Tulip,,,,,,0.0
current_squared_k,14.0,19.0,Maryj,,,,,,0.07262643509930676
current_squared_k,15.0,0.0,Poppy,,,,,,0.0
current_squared_k,15.0,0.0,Oxlip,,,,,,0.0006087372256121666
current_squared_k,15.0,0.0,Daisy,,,,,,0.0
current_squared_k,15.0,0.0,Tulip,,,,,,0.0
current_squared_k,15.0,0.0,Maryj,,,,,,0.0
current_squared_k,15.0,2.0,Poppy,,,,,,0.0
current_squared_k,15.0,2.0,Oxlip,,,,,,0.0
current_squared_k,15.0,2.0,Daisy,,,,,,0.0013075331099340985
current_squared_k,15.0,2.0,Tulip,,,,,,0.0
current_squared_k,15.0,2.0,Maryj,,,,,,0.0
current_squared_k,15.0,6.0,Poppy,,,,,,0.00035462886818228296
current_squared_k,15.0,6.0,Oxlip,,,,,,0.0
current_squared_k,15.0,6.0,Daisy,,,,,,0.0
current_squared_k,15.0,6.0,Tulip,,,,,,0.0
current_squared_k,15.0,6.0,Maryj,,,,,,0.0
current_squared_k,15.0,10.0,Poppy,,,,,,0.0
current_squared_k,15.0,10.0,Oxlip,,,,,,0.0
current_squared_k,15.0,10.0,Daisy,,,,,,0.0037090943021061335
current_squared_k,15.0,10.0,Tulip,,,,,,0.0
current_squared_k,15.0,10.0,Maryj,,,,,,0.0
current_squared_k,15.0,11.0,Poppy,,,,,,0.006924700420582279
current_squared_k,15.0,11.0,Oxlip,,,,,,0.0
current_squared_k,15.0,11.0,Daisy,,,,,,0.0
current_squared_k,15.0,11.0,Tulip,,,,,,0.0
current_squared_k,15.0,11.0,Maryj,,,,,,0.0
current_squared_k,15.0,12.0,Poppy,,,,,,0.021583338912676574
current_squared_k,15.0,12.0,Oxlip,,,,,,0.0
current_squared_k,15.0,12.0,Daisy,,,,,,0.0
current_squared_k,15.0,12.0,Tulip,,,,,,0.0
current_squared_k,15.0,12.0,Maryj,,,,,,0.0
current_squared_k,15.0,13.0,Poppy,,,,,,0.0
current_squared_k,15.0,13.0,Oxlip,,,,,,0.0
current_squared_k,15.0,13.0,Daisy,,,,,,0.0
current_squared_k,15.0,13.0,Tulip,,,,,,0.015096159255215097
current_squared_k,15.0,13.0,Maryj,,,,,,0.0
current_squared_k,15.0,14.0,Poppy,,,,,,0.0
current_squared_k,15.0,14.0,Oxlip,,,,,,0.000986118610950148
current_squared_k,15.0,14.0,Daisy,,,,,,0.0
current_squared_k,15.0,14.0,Tulip,,,,,,0.0
current_squared_k,15.0,14.0,Maryj,,,,,,0.0
current_squared_k,15.0,15.0,Poppy,,,,,,0.0
current_squared_k,15.0,15.0,Oxlip,,,,,,0.0
current_squared_k,15.0,15.0,Daisy,,,,,,0.0052719204277995695
current_squared_k,15.0,15.0,Tulip,,,,,,0.0
current_squared_k,15.0,15.0,Maryj,,,,,,0.0
current_squared_k,15.0,17.0,Poppy,,,,,,0.2432134539135516
current_squared_k,15.0,17.0,Oxlip,,,,,,0.0
current_squared_k,15.0,17.0,Daisy,,,,,,0.0
current_squared_k,15.0,17.0,Tulip,,,,,,0.0
current_squared_k,15.0,17.0,Maryj,,,,,,0.0
current_squared_k,15.0,18.0,Poppy,,,,,,0.0024144655593772955
current_squared_k,15.0,18.0,Oxlip,,,,,,0.0
current_squared_k,15.0,18.0,Daisy,,,,,,0.0
current_squared_k,15.0,18.0,Tulip,,,,,,0.0
current_squared_k,15.0,18.0,Maryj,,,,,,0.0
current_squared_k,15.0,19.0,Poppy,,,,,,0.0
current_squared_k,15.0,19.0,Oxlip,,,,,,0.0
current_squared_k,15.0,19.0,Daisy,,,,,,0.0
current_squared_k,15.0,19.0,Tulip,,,,,,0.0
current_squared_k,15.0,19.0,Maryj,,,,,,0.07134160031348706
current_squared_k,16.0,0.0,Poppy,,,,,,0.0
current_squared_k,16.0,0.0,Oxlip,,,,,,0.0006353349678345069
current_squared_k,16.0,0.0,Daisy,,,,,,0.0
current_squared_k,16.0,0.0,Tulip,,,,,,0.0
current_squared_k,16.0,0.0,Maryj,,,,,,0.0
current_squared_k,16.0,2.0,Poppy,,,,,,0.0
current_squared_k,16.0,2.0,Oxlip,,,,,,0.0
current_squared_k,16.0,2.0,Daisy,,,,,,0.001304278610797978
current_squared_k,16.0,2.0,Tulip,,,,,,0.0
current_squared_k,16.0,2.0,Maryj,,,,,,0.0
current_squared_k,16.0,6.0,Poppy,,,,,,0.0004297461233722828
current_squared_k,16.0,6.0,Oxlip,,,,,,0.0
current_squared_k,16.0,6.0,Daisy,,,,,,0.0
current_squared_k,16.0,6.0,Tulip,,,,,,0.0
current_squared_k,16.0,6.0,Maryj,,,,,,0.0
current_squared_k,16.0,10.0,Poppy,,,,,,0.0
current_squared_k,16.0,10.0,Oxlip,,,,,,0.0
current_squared_k,16.0,10.0,Daisy,,,,,,0.0037661299020118485
current_squared_k,16.0,10.0,Tulip,,,,,,0.0
current_squared_k,16.0,10.0,Maryj,,,,,,0.0
current_squared_k,16.0,11.0,Poppy,,,,,,0.006834568323201302
current_squared_k,16.0,11.0,Oxlip,,,,,,0.0
current_squared_k,16.0,11.0,Daisy,,,,,,0.0
current_squared_k,16.0,11.0,Tulip,,,,,,0.0
current_squared_k,16.0,11.0,Maryj,,,,,,0.0
current_squared_k,16.0,12.0,Poppy,,,,,,0.021634700552129547
current_squared_k,16.0,12.0,Oxlip,,,,,,0.0
current_squared_k,16.0,12.0,Daisy,,,,,,0.0
current_squared_k,16.0,12.0,Tulip,,,,,,0.0
current_squared_k,16.0,12.0,Maryj,,,,,,0.0
current_squared_k,16.0,13.0,Poppy,,,,,,0.0
current_squared_k,16.0,13.0,Oxlip,,,,,,0.0
current_squared_k,16.0,13.0,Daisy,,,,,,0.0
current_squared_k,16.0,13.0,Tulip,,,,,,0.015335665655011876
current_squared_k,16.0,13.0,Maryj,,,,,,0.0
current_squared_k,16.0,14.0,Poppy,,,,,,0.0
current_squared_k,16.0,14.0,Oxlip,,,,,,0.0010339670940383494
current_squared_k,16.0,14.0,Daisy,,,,,,0.0
current_squared_k,16.0,14.0,Tulip,,,,,,0.0
current_squared_k,16.0,14.0,Maryj,,,,,,0.0
current_squared_k,16.0,15.0,Poppy,,,,,,0.0
current_squared_k,16.0,15.0,Oxlip,,,,,,0.0
current_squared_k,16.0,15.0,Daisy,,,,,,0.005510536462742813
current_squared_k,16.0,15.0,Tulip,,,,,,0.0
current_squared_k,16.0,15.0,Maryj,,,,,,0.0
current_squared_k,16.0,17.0,Poppy,,,,,,0.2478757504201268
current_squared_k,16.0,17.0,Oxlip,,,,,,0.0
current_squared_k,16.0,17.0,Daisy,,,,,,0.0
current_squared_k,16.0,17.0,Tulip,,,,,,0.0
current_squared_k,16.0,17.0,Maryj,,,,,,0.0
current_squared_k,16.0,18.0,Poppy,,,,,,0.0027477802674530766
current_squared_k,16.0,18.0,Oxlip,,,,,,0.0
current_squared_k,16.0,18.0,Daisy,,,,,,0.0
current_squared_k,16.0,18.0,Tulip,,,,,,0.0
current_squared_k,16.0,18.0,Maryj,,,,,,0.0
current_squared_k,16.0,19.0,Poppy,,,,,,0.0
current_squared_k,16.0,19.0,Oxlip,,,,,,0.0
current_squared_k,16.0,19.0,Daisy,,,,,,0.0
current_squared_k,16.0,19.0,Tulip,,,,,,0.0
current_squared_k,16.0,19.0,Maryj,,,,,,0.07250759387870385
current_squared_k,17.0,0.0,Poppy,,,,,,0.0
current_squared_k,17.0,0.0,Oxlip,,,,,,0.000740152169464326
current_squared_k,17.0,0.0,Daisy,,,,,,0.0
current_squared_k,17.0,0.0,Tulip,,,,,,0.0
current_squared_k,17.0,0.0,Maryj,,,,,,0.0
current_squared_k,17.0,2.0,Poppy,,,,,,0.0
current_squared_k,17.0,2.0,Oxlip,,,,,,0.0
current_squared_k,17.0,2.0,Daisy,,,,,,0.0012755416204705194
current_squared_k,17.0,2.0,Tulip,,,,,,0.0
current_squared_k,17.0,2.0,Maryj,,,,,,0.0
current_squared_k,17.0,6.0,Poppy,,,,,,0.0004886094731965126
current_squared_k,17.0,6.0,Oxlip,,,,,,0.0
current_squared_k,17.0,6.0,Daisy,,,,,,0.0
current_squared_k,17.0,6.0,Tulip,,,,,,0.0
current_squared_k,17.0,6.0,Maryj,,,,,,0.0
current_squared_k,17.0,10.0,Poppy,,,,,,0.0
current_squared_k,17.0,10.0,Oxlip,,,,,,0.0
current_squared_k,17.0,10.0,Daisy,,,,,,0.004152781428597165
current_squared_k,17.0,10.0,Tulip,,,,,,0.0
current_squared_k,17.0,10.0,Maryj,,,,,,0.0
current_squared_k,17.0,11.0,Poppy,,,,,,0.006537515232127044
current_squared_k,17.0,11.0,Oxlip,,,,,,0.0
current_squared_k,17.0,11.0,Daisy,,,,,,0.0
current_squared_k,17.0,11.0,Tulip,,,,,,0.0
current_squared_k,17.0,11.0,Maryj,,,,,,0.0
current_squared_k,17.0,12.0,Poppy,,,,,,0.02246577489335845
current_squared_k,17.0,12.0,Oxlip,,,,,,0.0
current_squared_k,17.0,12.0,Daisy,,,,,,0.0
current_squared_k,17.0,12.0,Tulip,,,,,,0.0
current_squared_k,17.0,12.0,Maryj,,,,,,0.0
current_squared_k,17.0,13.0,Poppy,,,,,,0.0
current_squared_k,17.0,13.0,Oxlip,,,,,,0.0
current_squared_k,17.0,13.0,Daisy,,,,,,0.0
current_squared_k,17.0,13.0,Tulip,,,,,,0.018673025961835496
current_squared_k,17.0,13.0,Maryj,,,,,,0.0
current_squared_k,17.0,14.0,Poppy,,,,,,0.0
current_squared_k,17.0,14.0,Oxlip,,,,,,0.001235727976627834
current_squared_k,17.0,14.0,Daisy,,,,,,0.0
current_squared_k,17.0,14.0,Tulip,,,,,,0.0
current_squared_k,17.0,14.0,Maryj,,,,,,0.0
current_squared_k,17.0,15.0,Poppy,,,,,,0.0
current_squared_k,17.0,15.0,Oxlip,,,,,,0.0
current_squared_k,17.0,15.0,Daisy,,,,,,0.005659153021410775
current_squared_k,17.0,15.0,Tulip,,,,,,0.0
current_squared_k,17.0,15.0,Maryj,,,,,,0.0
current_squared_k,17.0,17.0,Poppy,,,,,,0.2688145199957417
current_squared_k,17.0,17.0,Oxlip,,,,,,0.0
current_squared_k,17.0,17.0,Daisy,,,,,,0.0
current_squared_k,17.0,17.0,Tulip,,,,,,0.0
current_squared_k,17.0,17.0,Maryj,,,,,,0.0
current_squared_k,17.0,18.0,Poppy,,,,,,0.004258914973270341
current_squared_k,17.0,18.0,Oxlip,,,,,,0.0
current_squared_k,17.0,18.0,Daisy,,,,,,0.0
current_squared_k,17.0,18.0,Tulip,,,,,,0.0
current_squared_k,17.0,18.0,Maryj,,,,,,0.0
current_squared_k,17.0,19.0,Poppy,,,,,,0.0
current_squared_k,17.0,19.0,Oxlip,,,,,,0.0
current_squared_k,17.0,19.0,Daisy,,,,,,0.0
current_squared_k,17.0,19.0,Tulip,,,,,,0.0
current_squared_k,17.0,19.0,Maryj,,,,,,0.07774362325024885
current_squared_k,18.0,0.0,Poppy,,,,,,0.0
current_squared_k,18.0,0.0,Oxlip,,,,,,0.0003781989661703899
current_squared_k,18.0,0.0,Daisy,,,,,,0.0
current_squared_k,18.0,0.0,Tulip,,,,,,0.0
current_squared_k,18.0,0.0,Maryj,,,,,,0.0
current_squared_k,18.0,2.0,Poppy,,,,,,0.0
current_squared_k,18.0,2.0,Oxlip,,,,,,0.0
current_squared_k,18.0,2.0,Daisy,,,,,,0.0005389118599430594
current_squared_k,18.0,2.0,Tulip,,,,,,0.0
current_squared_k,18.0,2.0,Maryj,,,,,,0.0
current_squared_k,18.0,6.0,Poppy,,,,,,0.0005309666514061784
current_squared_k,18.0,6.0,Oxlip,,,,,,0.0
current_squared_k,18.0,6.0,Daisy,,,,,,0.0
current_squared_k,18.0,6.0,Tulip,,,,,,0.0
current_squared_k,18.0,6.0,Maryj,,,,,,0.0
current_squared_k,18.0,10.0,Poppy,,,,,,0.0
current_squared_k,18.0,10.0,Oxlip,,,,,,0.0
current_squared_k,18.0,10.0,Daisy,,,,,,0.002379049281093943
current_squared_k,18.0,10.0,Tulip,,,,,,0.0
current_squared_k,18.0,10.0,Maryj,,,,,,0.0
current_squared_k,18.0,11.0,Poppy,,,,,,0.002775975900468231
current_squared_k,18.0,11.0,Oxlip,,,,,,0.0
current_squared_k,18.0,11.0,Daisy,,,,,,0.0
current_squared_k,18.0,11.0,Tulip,,,,,,0.0
current_squared_k,18.0,11.0,Maryj,,,,,,0.0
current_squared_k,18.0,12.0,Poppy,,,,,,0.009164120030793449
current_squared_k,18.0,12.0,Oxlip,,,,,,0.0
current_squared_k,18.0,12.0,Daisy,,,,,,0.0
current_squared_k,18.0,12.0,Tulip,,,,,,0.0
current_squared_k,18.0,12.0,Maryj,,,,,,0.0
current_squared_k,18.0,13.0,Poppy,,,,,,0.0
current_squared_k,18.0,13.0,Oxlip,,,,,,0.0
current_squared_k,18.0,13.0,Daisy,,,,,,0.0
current_squared_k,18.0,13.0,Tulip,,,,,,0.014607912231671662
current_squared_k,18.0,13.0,Maryj,,,,,,0.0
current_squared_k,18.0,14.0,Poppy,,,,,,0.0
current_squared_k,18.0,14.0,Oxlip,,,,,,0.0008634561182661615
current_squared_k,18.0,14.0,Daisy,,,,,,0.0
current_squared_k,18.0,14.0,Tulip,,,,,,0.0
current_squared_k,18.0,14.0,Maryj,,,,,,0.0
current_squared_k,18.0,15.0,Poppy,,,,,,0.0
current_squared_k,18.0,15.0,Oxlip,,,,,,0.0
current_squared_k,18.0,15.0,Daisy,,,,,,0.0032368442869993813
current_squared_k,18.0,15.0,Tulip,,,,,,0.0
current_squared_k,18.0,15.0,Maryj,,,,,,0.0
current_squared_k,18.0,17.0,Poppy,,,,,,0.18139244339965424
current_squared_k,18.0,17.0,Oxlip,,,,,,0.0
current_squared_k,18.0,17.0,Daisy,,,,,,0.0
current_squared_k,18.0,17.0,Tulip,,,,,,0.0
current_squared_k,18.0,17.0,Maryj,,,,,,0.0
current_squared_k,18.0,18.0,Poppy,,,,,,0.006189455326860944
current_squared_k,18.0,18.0,Oxlip,,,,,,0.0
current_squared_k,18.0,18.0,Daisy,,,,,,0.0
current_squared_k,18.0,18.0,Tulip,,,,,,0.0
current_squared_k,18.0,18.0,Maryj,,,,,,0.0
current_squared_k,18.0,19.0,Poppy,,,,,,0.0
current_squared_k,18.0,19.0,Oxlip,,,,,,0.0
current_squared_k,18.0,19.0,Daisy,,,,,,0.0
current_squared_k,18.0,19.0,Tulip,,,,,,0.0
current_squared_k,18.0,19.0,Maryj,,,,,,0.051987680377683324
current_squared_k,19.0,0.0,Poppy,,,,,,0.0
current_squared_k,19.0,0.0,Oxlip,,,,,,0.0004004005918886082
current_squared_k,19.0,0.0,Daisy,,,,,,0.0
current_squared_k,19.0,0.0,Tulip,,,,,,0.0
current_squared_k,19.0,0.0,Maryj,,,,,,0.0
current_squared_k,19.0,2.0,Poppy,,,,,,0.0
current_squared_k,19.0,2.0,Oxlip,,,,,,0.0
current_squared_k,19.0,2.0,Daisy,,,,,,0.00023946480572846027
current_squared_k,19.0,2.0,Tulip,,,,,,0.0
current_squared_k,19.0,2.0,Maryj,,,,,,0.0
current_squared_k,19.0,6.0,Poppy,,,,,,0.00028796961545714397
current_squared_k,19.0,6.0,Oxlip,,,,,,0.0
current_squared_k,19.0,6.0,Daisy,,,,,,0.0
current_squared_k,19.0,6.0,Tulip,,,,,,0.0
current_squared_k,19.0,6.0,Maryj,,,,,,0.0
current_squared_k,19.0,10.0,Poppy,,,,,,0.0
current_squared_k,19.0,10.0,Oxlip,,,,,,0.0
current_squared_k,19.0,10.0,Daisy,,,,,,0.0017728316428965996
current_squared_k,19.0,10.0,Tulip,,,,,,0.0
current_squared_k,19.0,10.0,Maryj,,,,,,0.0
current_squared_k,19.0,11.0,Poppy,,,,,,0.001305344477514558
current_squared_k,19.0,11.0,Oxlip,,,,,,0.0
current_squared_k,19.0,11.0,Daisy,,,,,,0.0
current_squared_k,19.0,11.0,Tulip,,,,,,0.0
current_squared_k,19.0,11.0,Maryj,,,,,,0.0
current_squared_k,19.0,12.0,Poppy,,,,,,0.006367969608019842
current_squared_k,19.0,12.0,Oxlip,,,,,,0.0
current_squared_k,19.0,12.0,Daisy,,,,,,0.0
current_squared_k,19.0,12.0,Tulip,,,,,,0.0
current_squared_k,19.0,12.0,Maryj,,,,,,0.0
current_squared_k,19.0,13.0,Poppy,,,,,,0.0
current_squared_k,19.0,13.0,Oxlip,,,,,,0.0
current_squared_k,19.0,13.0,Daisy,,,,,,0.0
current_squared_k,19.0,13.0,Tulip,,,,,,0.012439737903367502
current_squared_k,19.0,13.0,Maryj,,,,,,0.0
current_squared_k,19.0,14.0,Poppy,,,,,,0.0
current_squared_k,19.0,14.0,Oxlip,,,,,,0.0008942661221291868
current_squared_k,19.0,14.0,Daisy,,,,,,0.0
current_squared_k,19.0,14.0,Tulip,,,,,,0.0
current_squared_k,19.0,14.0,Maryj,,,,,,0.0
current_squared_k,19.0,15.0,Poppy,,,,,,0.0
current_squared_k,19.0,15.0,Oxlip,,,,,,0.0
current_squared_k,19.0,15.0,Daisy,,,,,,0.0015596331566513923
current_squared_k,19.0,15.0,Tulip,,,,,,0.0
current_squared_k,19.0,15.0,Maryj,,,,,,0.0
current_squared_k,19.0,17.0,Poppy,,,,,,0.12958299733148831
current_squared_k,19.0,17.0,Oxlip,,,,,,0.0
current_squared_k,19.0,17.0,Daisy,,,,,,0.0
current_squared_k,19.0,17.0,Tulip,,,,,,0.0
current_squared_k,19.0,17.0,Maryj,,,,,,0.0
current_squared_k,19.0,18.0,Poppy,,,,,,0.0062994996737557405
current_squared_k,19.0,18.0,Oxlip,,,,,,0.0
current_squared_k,19.0,18.0,Daisy,,,,,,0.0
current_squared_k,19.0,18.0,Tulip,,,,,,0.0
current_squared_k,19.0,18.0,Maryj,,,,,,0.0
current_squared_k,19.0,19.0,Poppy,,,,,,0.0
current_squared_k,19.0,19.0,Oxlip,,,,,,0.0
current_squared_k,19.0,19.0,Daisy,,,,,,0.0
current_squared_k,19.0,19.0,Tulip,,,,,,0.0
current_squared_k,19.0,19.0,Maryj,,,,,,0.03329812516610491
current_squared_k,20.0,0.0,Poppy,,,,,,0.0
current_squared_k,20.0,0.0,Oxlip,,,,,,0.00041759489504065685
current_squared_k,20.0,0.0,Daisy,,,,,,0.0
current_squared_k,20.0,0.0,Tulip,,,,,,0.0
current_squared_k,20.0,0.0,Maryj,,,,,,0.0
current_squared_k,20.0,2.0,Poppy,,,,,,0.0
current_squared_k,20.0,2.0,Oxlip,,,,,,0.0
current_squared_k,20.0,2.0,Daisy,,,,,,0.0002490138587193647
current_squared_k,20.0,2.0,Tulip,,,,,,0.0
current_squared_k,20.0,2.0,Maryj,,,,,,0.0
current_squared_k,20.0,6.0,Poppy,,,,,,0.00022979951380438845
current_squared_k,20.0,6.0,Oxlip,,,,,,0.0
current_squared_k,20.0,6.0,Daisy,,,,,,0.0
current_squared_k,20.0,6.0,Tulip,,,,,,0.0
current_squared_k,20.0,6.0,Maryj,,,,,,0.0
current_squared_k,20.0,10.0,Poppy,,,,,,0.0
current_squared_k,20.0,10.0,Oxlip,,,,,,0.0
current_squared_k,20.0,10.0,Daisy,,,,,,0.0017871922080871325
current_squared_k,20.0,10.0,Tulip,,,,,,0.0
current_squared_k,20.0,10.0,Maryj,,,,,,0.0
current_squared_k,20.0,11.0,Poppy,,,,,,0.0013529534717567598
current_squared_k,20.0,11.0,Oxlip,,,,,,0.0
current_squared_k,20.0,11.0,Daisy,,,,,,0.0
current_squared_k,20.0,11.0,Tulip,,,,,,0.0
current_squared_k,20.0,11.0,Maryj,,,,,,0.0
current_squared_k,20.0,12.0,Poppy,,,,,,0.0065933038810974285
current_squared_k,20.0,12.0,Oxlip,,,,,,0.0
current_squared_k,20.0,12.0,Daisy,,,,,,0.0
current_squared_k,20.0,12.0,Tulip,,,,,,0.0
current_squared_k,20.0,12.0,Maryj,,,,,,0.0
current_squared_k,20.0,13.0,Poppy,,,,,,0.0
current_squared_k,20.0,13.0,Oxlip,,,,,,0.0
current_squared_k,20.0,13.0,Daisy,,,,,,0.0
current_squared_k,20.0,13.0,Tulip,,,,,,0.011439060170139638
current_squared_k,20.0,13.0,Maryj,,,,,,0.0
current_squared_k,20.0,14.0,Poppy,,,,,,0.0
current_squared_k,20.0,14.0,Oxlip,,,,,,0.0008943639268019922
current_squared_k,20.0,14.0,Daisy,,,,,,0.0
current_squared_k,20.0,14.0,Tulip,,,,,,0.0
current_squared_k,20.0,14.0,Maryj,,,,,,0.0
current_squared_k,20.0,15.0,Poppy,,,,,,0.0
current_squared_k,20.0,15.0,Oxlip,,,,,,0.0
current_squared_k,20.0,15.0,Daisy,,,,,,0.0014469103791346068
current_squared_k,20.0,15.0,Tulip,,,,,,0.0
current_squared_k,20.0,15.0,Maryj,,,,,,0.0
current_squared_k,20.0,17.0,Poppy,,,,,,0.12111417213172726
current_squared_k,20.0,17.0,Oxlip,,,,,,0.0
current_squared_k,20.0,17.0,Daisy,,,,,,0.0
current_squared_k,20.0,17.0,Tulip,,,,,,0.0
current_squared_k,20.0,17.0,Maryj,,,,,,0.0
current_squared_k,20.0,18.0,Poppy,,,,,,0.005621434049694407
current_squared_k,20.0,18.0,Oxlip,,,,,,0.0
current_squared_k,20.0,18.0,Daisy,,,,,,0.0
current_squared_k,20.0,18.0,Tulip,,,,,,0.0
current_squared_k,20.0,18.0,Maryj,,,,,,0.0
current_squared_k,20.0,19.0,Poppy,,,,,,0.0
current_squared_k,20.0,19.0,Oxlip,,,,,,0.0
current_squared_k,20.0,19.0,Daisy,,,,,,0.0
current_squared_k,20.0,19.0,Tulip,,,,,,0.0
current_squared_k,20.0,19.0,Maryj,,,,,,0.030420213296925312
current_squared_k,21.0,0.0,Poppy,,,,,,0.0
current_squared_k,21.0,0.0,Oxlip,,,,,,0.00041892789856407756
current_squared_k,21.0,0.0,Daisy,,,,,,0.0
current_squared_k,21.0,0.0,Tulip,,,,,,0.0
current_squared_k,21.0,0.0,Maryj,,,,,,0.0
current_squared_k,21.0,2.0,Poppy,,,,,,0.0
current_squared_k,21.0,2.0,Oxlip,,,,,,0.0
current_squared_k,21.0,2.0,Daisy,,,,,,0.00021739270507816136
current_squared_k,21.0,2.0,Tulip,,,,,,0.0
current_squared_k,21.0,2.0,Maryj,,,,,,0.0
current_squared_k,21.0,6.0,Poppy,,,,,,0.00022407943048427946
current_squared_k,21.0,6.0,Oxlip,,,,,,0.0
current_squared_k,21.0,6.0,Daisy,,,,,,0.0
current_squared_k,21.0,6.0,Tulip,,,,,,0.0
current_squared_k,21.0,6.0,Maryj,,,,,,0.0
current_squared_k,21.0,10.0,Poppy,,,,,,0.0
current_squared_k,21.0,10.0,Oxlip,,,,,,0.0
current_squared_k,21.0,10.0,Daisy,,,,,,0.0017948236465880946
current_squared_k,21.0,10.0,Tulip,,,,,,0.0
current_squared_k,21.0,10.0,Maryj,,,,,,0.0
current_squared_k,21.0,11.0,Poppy,,,,,,0.0011702069685464442
current_squared_k,21.0,11.0,Oxlip,,,,,,0.0
current_squared_k,21.0,11.0,Daisy,,,,,,0.0
current_squared_k,21.0,11.0,Tulip,,,,,,0.0
current_squared_k,21.0,11.0,Maryj,,,,,,0.0
current_squared_k,21.0,12.0,Poppy,,,,,,0.0065407871977629815
current_squared_k,21.0,12.0,Oxlip,,,,,,0.0
current_squared_k,21.0,12.0,Daisy,,,,,,0.0
current_squared_k,21.0,12.0,Tulip,,,,,,0.0
current_squared_k,21.0,12.0,Maryj,,,,,,0.0
current_squared_k,21.0,13.0,Poppy,,,,,,0.0
current_squared_k,21.0,13.0,Oxlip,,,,,,0.0
current_squared_k,21.0,13.0,Daisy,,,,,,0.0
current_squared_k,21.0,13.0,Tulip,,,,,,0.010384074955946784
current_squared_k,21.0,13.0,Maryj,,,,,,0.0
current_squared_k,21.0,14.0,Poppy,,,,,,0.0
current_squared_k,21.0,14.0,Oxlip,,,,,,0.0009615089071536391
current_squared_k,21.0,14.0,Daisy,,,,,,0.0
current_squared_k,21.0,14.0,Tulip,,,,,,0.0
current_squared_k,21.0,14.0,Maryj,,,,,,0.0
current_squared_k,21.0,15.0,Poppy,,,,,,0.0
current_squared_k,21.0,15.0,Oxlip,,,,,,0.0
current_squared_k,21.0,15.0,Daisy,,,,,,0.0012875442740100378
current_squared_k,21.0,15.0,Tulip,,,,,,0.0
current_squared_k,21.0,15.0,Maryj,,,,,,0.0
current_squared_k,21.0,17.0,Poppy,,,,,,0.1086494008300863
current_squared_k,21.0,17.0,Oxlip,,,,,,0.0
current_squared_k,21.0,17.0,Daisy,,,,,,0.0
current_squared_k,21.0,17.0,Tulip,,,,,,0.0
current_squared_k,21.0,17.0,Maryj,,,,,,0.0
current_squared_k,21.0,18.0,Poppy,,,,,,0.005293186148283282
current_squared_k,21.0,18.0,Oxlip,,,,,,0.0
current_squared_k,21.0,18.0,Daisy,,,,,,0.0
current_squared_k,21.0,18.0,Tulip,,,,,,0.0
current_squared_k,21.0,18.0,Maryj,,,,,,0.0
current_squared_k,21.0,19.0,Poppy,,,,,,0.0
current_squared_k,21.0,19.0,Oxlip,,,,,,0.0
current_squared_k,21.0,19.0,Daisy,,,,,,0.0
current_squared_k,21.0,19.0,Tulip,,,,,,0.0
current_squared_k,21.0,19.0,Maryj,,,,,,0.02621371466745699
current_squared_k,22.0,0.0,Poppy,,,,,,0.0
current_squared_k,22.0,0.0,Oxlip,,,,,,7.945260389498136e-05
current_squared_k,22.0,0.0,Daisy,,,,,,0.0
current_squared_k,22.0,0.0,Tulip,,,,,,0.0
current_squared_k,22.0,0.0,Maryj,,,,,,0.0
current_squared_k,22.0,2.0,Poppy,,,,,,0.0
current_squared_k,22.0,2.0,Oxlip,,,,,,0.0
current_squared_k,22.0,2.0,Daisy,,,,,,0.00021714625688137344
current_squared_k,22.0,2.0,Tulip,,,,,,0.0
current_squared_k,22.0,2.0,Maryj,,,,,,0.0
current_squared_k,22.0,6.0,Poppy,,,,,,1.2349039282377815e-05
current_squared_k,22.0,6.0,Oxlip,,,,,,0.0
current_squared_k,22.0,6.0,Daisy,,,,,,0.0
current_squared_k,22.0,6.0,Tulip,,,,,,0.0
current_squared_k,22.0,6.0,Maryj,,,,,,0.0
current_squared_k,22.0,10.0,Poppy,,,,,,0.0
current_squared_k,22.0,10.0,Oxlip,,,,,,0.0
current_squared_k,22.0,10.0,Daisy,,,,,,0.0009706682111367597
current_squared_k,22.0,10.0,Tulip,,,,,,0.0
current_squared_k,22.0,10.0,Maryj,,,,,,0.0
current_squared_k,22.0,11.0,Poppy,,,,,,0.0011689275226312685
current_squared_k,22.0,11.0,Oxlip,,,,,,0.0
current_squared_k,22.0,11.0,Daisy,,,,,,0.0
current_squared_k,22.0,11.0,Tulip,,,,,,0.0
current_squared_k,22.0,11.0,Maryj,,,,,,0.0
current_squared_k,22.0,12.0,Poppy,,,,,,0.0030188539861467217
current_squared_k,22.0,12.0,Oxlip,,,,,,0.0
current_squared_k,22.0,12.0,Daisy,,,,,,0.0
current_squared_k,22.0,12.0,Tulip,,,,,,0.0
current_squared_k,22.0,12.0,Maryj,,,,,,0.0
current_squared_k,22.0,13.0,Poppy,,,,,,0.0
current_squared_k,22.0,13.0,Oxlip,,,,,,0.0
current_squared_k,22.0,13.0,Daisy,,,,,,0.0
current_squared_k,22.0,13.0,Tulip,,,,,,0.007084220008479804
current_squared_k,22.0,13.0,Maryj,,,,,,0.0
current_squared_k,22.0,14.0,Poppy,,,,,,0.0
current_squared_k,22.0,14.0,Oxlip,,,,,,0.00037087131711643483
current_squared_k,22.0,14.0,Daisy,,,,,,0.0
current_squared_k,22.0,14.0,Tulip,,,,,,0.0
current_squared_k,22.0,14.0,Maryj,,,,,,0.0
current_squared_k,22.0,15.0,Poppy,,,,,,0.0
current_squared_k,22.0,15.0,Oxlip,,,,,,0.0
current_squared_k,22.0,15.0,Daisy,,,,,,0.0005918559748489777
current_squared_k,22.0,15.0,Tulip,,,,,,0.0
current_squared_k,22.0,15.0,Maryj,,,,,,0.0
current_squared_k,22.0,17.0,Poppy,,,,,,0.07198729573667945
current_squared_k,22.0,17.0,Oxlip,,,,,,0.0
current_squared_k,22.0,17.0,Daisy,,,,,,0.0
current_squared_k,22.0,17.0,Tulip,,,,,,0.0
current_squared_k,22.0,17.0,Maryj,,,,,,0.0
current_squared_k,22.0,18.0,Poppy,,,,,,0.004608388499244678
current_squared_k,22.0,18.0,Oxlip,,,,,,0.0
current_squared_k,22.0,18.0,Daisy,,,,,,0.0
current_squared_k,22.0,18.0,Tulip,,,,,,0.0
current_squared_k,22.0,18.0,Maryj,,,,,,0.0
current_squared_k,22.0,19.0,Poppy,,,,,,0.0
current_squared_k,22.0,19.0,Oxlip,,,,,,0.0
current_squared_k,22.0,19.0,Daisy,,,,,,0.0
current_squared_k,22.0,19.0,Tulip,,,,,,0.0
current_squared_k,22.0,19.0,Maryj,,,,,,0.01903976825292378
current_squared_k,23.0,0.0,Poppy,,,,,,0.0
current_squared_k,23.0,0.0,Oxlip,,,,,,7.591410521690365e-05
current_squared_k,23.0,0.0,Daisy,,,,,,0.0
current_squared_k,23.0,0.0,Tulip,,,,,,0.0
current_squared_k,23.0,0.0,Maryj,,,,,,0.0
current_squared_k,23.0,2.0,Poppy,,,,,,0.0
current_squared_k,23.0,2.0,Oxlip,,,,,,0.0
current_squared_k,23.0,2.0,Daisy,,,,,,0.00017872832934158993
current_squared_k,23.0,2.0,Tulip,,,,,,0.0
current_squared_k,23.0,2.0,Maryj,,,,,,0.0
current_squared_k,23.0,6.0,Poppy,,,,,,1.2039574576083272e-05
current_squared_k,23.0,6.0,Oxlip,,,,,,0.0
current_squared_k,23.0,6.0,Daisy,,,,,,0.0
current_squared_k,23.0,6.0,Tulip,,,,,,0.0
current_squared_k,23.0,6.0,Maryj,,,,,,0.0
current_squared_k,23.0,10.0,Poppy,,,,,,0.0
current_squared_k,23.0,10.0,Oxlip,,,,,,0.0
current_squared_k,23.0,10.0,Daisy,,,,,,0.0006690659428175078
current_squared_k,23.0,10.0,Tulip,,,,,,0.0
current_squared_k,23.0,10.0,Maryj,,,,,,0.0
current_squared_k,23.0,11.0,Poppy,,,,,,0.000952412368206766
current_squared_k,23.0,11.0,Oxlip,,,,,,0.0
current_squared_k,23.0,11.0,Daisy,,,,,,0.0
current_squared_k,23.0,11.0,Tulip,,,,,,0.0
current_squared_k,23.0,11.0,Maryj,,,,,,0.0
current_squared_k,23.0,12.0,Poppy,,,,,,0.0025296780272945118
current_squared_k,23.0,12.0,Oxlip,,,,,,0.0
current_squared_k,23.0,12.0,Daisy,,,,,,0.0
current_squared_k,23.0,12.0,Tulip,,,,,,0.0
current_squared_k,23.0,12.0,Maryj,,,,,,0.0
current_squared_k,23.0,13.0,Poppy,,,,,,0.0
current_squared_k,23.0,13.0,Oxlip,,,,,,0.0
current_squared_k,23.0,13.0,Daisy,,,,,,0.0
current_squared_k,23.0,13.0,Tulip,,,,,,0.0029250239037026727
current_squared_k,23.0,13.0,Maryj,,,,,,0.0
current_squared_k,23.0,14.0,Poppy,,,,,,0.0
current_squared_k,23.0,14.0,Oxlip,,,,,,0.00022859892196529943
current_squared_k,23.0,14.0,Daisy,,,,,,0.0
current_squared_k,23.0,14.0,Tulip,,,,,,0.0
current_squared_k,23.0,14.0,Maryj,,,,,,0.0
current_squared_k,23.0,15.0,Poppy,,,,,,0.0
current_squared_k,23.0,15.0,Oxlip,,,,,,0.0
current_squared_k,23.0,15.0,Daisy,,,,,,0.0004798693973272583
current_squared_k,23.0,15.0,Tulip,,,,,,0.0
current_squared_k,23.0,15.0,Maryj,,,,,,0.0
current_squared_k,23.0,17.0,Poppy,,,,,,0.04852268002564431
current_squared_k,23.0,17.0,Oxlip,,,,,,0.0
current_squared_k,23.0,17.0,Daisy,,,,,,0.0
current_squared_k,23.0,17.0,Tulip,,,,,,0.0
current_squared_k,23.0,17.0,Maryj,,,,,,0.0
current_squared_k,23.0,18.0,Poppy,,,,,,0.003102994934045797
current_squared_k,23.0,18.0,Oxlip,,,,,,0.0
current_squared_k,23.0,18.0,Daisy,,,,,,0.0
current_squared_k,23.0,18.0,Tulip,,,,,,0.0
current_squared_k,23.0,18.0,Maryj,,,,,,0.0
current_squared_k,23.0,19.0,Poppy,,,,,,0.0
current_squared_k,23.0,19.0,Oxlip,,,,,,0.0
current_squared_k,23.0,19.0,Daisy,,,,,,0.0
current_squared_k,23.0,19.0,Tulip,,,,,,0.0
current_squared_k,23.0,19.0,Maryj,,,,,,0.010244083580623793
current_squared_k,24.0,0.0,Poppy,,,,,,0.0
current_squared_k,24.0,0.0,Oxlip,,,,,,7.690845766068564e-05
current_squared_k,24.0,0.0,Daisy,,,,,,0.0
current_squared_k,24.0,0.0,Tulip,,,,,,0.0
current_squared_k,24.0,0.0,Maryj,,,,,,0.0
current_squared_k,24.0,2.0,Poppy,,,,,,0.0
current_squared_k,24.0,2.0,Oxlip,,,,,,0.0
current_squared_k,24.0,2.0,Daisy,,,,,,0.0001570688490117052
current_squared_k,24.0,2.0,Tulip,,,,,,0.0
current_squared_k,24.0,2.0,Maryj,,,,,,0.0
current_squared_k,24.0,6.0,Poppy,,,,,,1.1802235292325357e-05
current_squared_k,24.0,6.0,Oxlip,,,,,,0.0
current_squared_k,24.0,6.0,Daisy,,,,,,0.0
current_squared_k,24.0,6.0,Tulip,,,,,,0.0
current_squared_k,24.0,6.0,Maryj,,,,,,0.0
current_squared_k,24.0,10.0,Poppy,,,,,,0.0
current_squared_k,24.0,10.0,Oxlip,,,,,,0.0
current_squared_k,24.0,10.0,Daisy,,,,,,0.0005070363865672327
current_squared_k,24.0,10.0,Tulip,,,,,,0.0
current_squared_k,24.0,10.0,Maryj,,,,,,0.0
current_squared_k,24.0,11.0,Poppy,,,,,,0.0008319780481364939
current_squared_k,24.0,11.0,Oxlip,,,,,,0.0
current_squared_k,24.0,11.0,Daisy,,,,,,0.0
current_squared_k,24.0,11.0,Tulip,,,,,,0.0
current_squared_k,24.0,11.0,Maryj,,,,,,0.0
current_squared_k,24.0,12.0,Poppy,,,,,,0.002367882933850429
current_squared_k,24.0,12.0,Oxlip,,,,,,0.0
current_squared_k,24.0,12.0,Daisy,,,,,,0.0
current_squared_k,24.0,12.0,Tulip,,,,,,0.0
current_squared_k,24.0,12.0,Maryj,,,,,,0.0
current_squared_k,24.0,13.0,Poppy,,,,,,0.0
current_squared_k,24.0,13.0,Oxlip,,,,,,0.0
current_squared_k,24.0,13.0,Daisy,,,,,,0.0
current_squared_k,24.0,13.0,Tulip,,,,,,0.0013154213681093533
current_squared_k,24.0,13.0,Maryj,,,,,,0.0
current_squared_k,24.0,14.0,Poppy,,,,,,0.0
current_squared_k,24.0,14.0,Oxlip,,,,,,0.0001492774478193574
current_squared_k,24.0,14.0,Daisy,,,,,,0.0
current_squared_k,24.0,14.0,Tulip,,,,,,0.0
current_squared_k,24.0,14.0,Maryj,,,,,,0.0
current_squared_k,24.0,15.0,Poppy,,,,,,0.0
current_squared_k,24.0,15.0,Oxlip,,,,,,0.0
current_squared_k,24.0,15.0,Daisy,,,,,,0.0004318152356142783
current_squared_k,24.0,15.0,Tulip,,,,,,0.0
current_squared_k,24.0,15.0,Maryj,,,,,,0.0
current_squared_k,24.0,17.0,Poppy,,,,,,0.03387332595766971
current_squared_k,24.0,17.0,Oxlip,,,,,,0.0
current_squared_k,24.0,17.0,Daisy,,,,,,0.0
current_squared_k,24.0,17.0,Tulip,,,,,,0.0
current_squared_k,24.0,17.0,Maryj,,,,,,0.0
current_squared_k,24.0,18.0,Poppy,,,,,,0.0018651191560117948
current_squared_k,24.0,18.0,Oxlip,,,,,,0.0
current_squared_k,24.0,18.0,Daisy,,,,,,0.0
current_squared_k,24.0,18.0,Tulip,,,,,,0.0
current_squared_k,24.0,18.0,Maryj,,,,,,0.0
current_squared_k,24.0,19.0,Poppy,,,,,,0.0
current_squared_k,24.0,19.0,Oxlip,,,,,,0.0
current_squared_k,24.0,19.0,Daisy,,,,,,0.0
current_squared_k,24.0,19.0,Tulip,,,,,,0.0
current_squared_k,24.0,19.0,Maryj,,,,,,0.006435222917999181
c_s_k_1000,1.0,0.0,Poppy,,,,,,0.0
c_s_k_1000,1.0,0.0,Oxlip,,,,,,7.61588415158084e-08
c_s_k_1000,1.0,0.0,Daisy,,,,,,0.0
c_s_k_1000,1.0,0.0,Tulip,,,,,,0.0
c_s_k_1000,1.0,0.0,Maryj,,,,,,0.0
c_s_k_1000,1.0,2.0,Poppy,,,,,,0.0
c_s_k_1000,1.0,2.0,Oxlip,,,,,,0.0
c_s_k_1000,1.0,2.0,Daisy,,,,,,1.3630036734412927e-07
c_s_k_1000,1.0,2.0,Tulip,,,,,,0.0
c_s_k_1000,1.0,2.0,Maryj,,,,,,0.0
c_s_k_1000,1.0,6.0,Poppy,,,,,,1.2039574576083271e-08
c_s_k_1000,1.0,6.0,Oxlip,,,,,,0.0
c_s_k_1000,1.0,6.0,Daisy,,,,,,0.0
c_s_k_1000,1.0,6.0,Tulip,,,,,,0.0
c_s_k_1000,1.0,6.0,Maryj,,,,,,0.0
c_s_k_1000,1.0,10.0,Poppy,,,,,,0.0
c_s_k_1000,1.0,10.0,Oxlip,,,,,,0.0
c_s_k_1000,1.0,10.0,Daisy,,,,,,4.5352841986502763e-07
c_s_k_1000,1.0,10.0,Tulip,,,,,,0.0
c_s_k_1000,1.0,10.0,Maryj,,,,,,0.0
c_s_k_1000,1.0,11.0,Poppy,,,,,,6.947485309469685e-07
c_s_k_1000,1.0,11.0,Oxlip,,,,,,0.0
c_s_k_1000,1.0,11.0,Daisy,,,,,,0.0
c_s_k_1000,1.0,11.0,Tulip,,,,,,0.0
c_s_k_1000,1.0,11.0,Maryj,,,,,,0.0
c_s_k_1000,1.0,12.0,Poppy,,,,,,2.322334060177167e-06
c_s_k_1000,1.0,12.0,Oxlip,,,,,,0.0
c_s_k_1000,1.0,12.0,Daisy,,,,,,0.0
c_s_k_1000,1.0,12.0,Tulip,,,,,,0.0
c_s_k_1000,1.0,12.0,Maryj,,,,,,0.0
c_s_k_1000,1.0,13.0,Poppy,,,,,,0.0
c_s_k_1000,1.0,13.0,Oxlip,,,,,,0.0
c_s_k_1000,1.0,13.0,Daisy,,,,,,0.0
c_s_k_1000,1.0,13.0,Tulip,,,,,,9.955682278768533e-07
c_s_k_1000,1.0,13.0,Maryj,,,,,,0.0
c_s_k_1000,1.0,14.0,Poppy,,,,,,0.0
c_s_k_1000,1.0,14.0,Oxlip,,,,,,1.420920212884125e-07
c_s_k_1000,1.0,14.0,Daisy,,,,,,0.0
c_s_k_1000,1.0,14.0,Tulip,,,,,,0.0
c_s_k_1000,1.0,14.0,Maryj,,,,,,0.0
c_s_k_1000,1.0,15.0,Poppy,,,,,,0.0
c_s_k_1000,1.0,15.0,Oxlip,,,,,,0.0
c_s_k_1000,1.0,15.0,Daisy,,,,,,3.517688594307518e-07
c_s_k_1000,1.0,15.0,Tulip,,,,,,0.0
c_s_k_1000,1.0,15.0,Maryj,,,,,,0.0
c_s_k_1000,1.0,17.0,Poppy,,,,,,2.6368612989219716e-05
c_s_k_1000,1.0,17.0,Oxlip,,,,,,0.0
c_s_k_1000,1.0,17.0,Daisy,,,,,,0.0
c_s_k_1000,1.0,17.0,Tulip,,,,,,0.0
c_s_k_1000,1.0,17.0,Maryj,,,,,,0.0
c_s_k_1000,1.0,18.0,Poppy,,,,,,1.3034443747905544e-06
c_s_k_1000,1.0,18.0,Oxlip,,,,,,0.0
c_s_k_1000,1.0,18.0,Daisy,,,,,,0.0
c_s_k_1000,1.0,18.0,Tulip,,,,,,0.0
c_s_k_1000,1.0,18.0,Maryj,,,,,,0.0
c_s_k_1000,1.0,19.0,Poppy,,,,,,0.0
c_s_k_1000,1.0,19.0,Oxlip,,,,,,0.0
c_s_k_1000,1.0,19.0,Daisy,,,,,,0.0
c_s_k_1000,1.0,19.0,Tulip,,,,,,0.0
c_s_k_1000,1.0,19.0,Maryj,,,,,,5.509781310570659e-06
c_s_k_1000,2.0,0.0,Poppy,,,,,,0.0
c_s_k_1000,2.0,0.0,Oxlip,,,,,,7.543835614987385e-08
c_s_k_1000,2.0,0.0,Daisy,,,,,,0.0
c_s_k_1000,2.0,0.0,Tulip,,,,,,0.0
c_s_k_1000,2.0,0.0,Maryj,,,,,,0.0
c_s_k_1000,2.0,2.0,Poppy,,,,,,0.0
c_s_k_1000,2.0,2.0,Oxlip,,,,,,0.0
c_s_k_1000,2.0,2.0,Daisy,,,,,,1.386437107692363e-07
c_s_k_1000,2.0,2.0,Tulip,,,,,,0.0
c_s_k_1000,2.0,2.0,Maryj,,,,,,0.0
c_s_k_1000,2.0,6.0,Poppy,,,,,,1.1813023441587081e-08
c_s_k_1000,2.0,6.0,Oxlip,,,,,,0.0
c_s_k_1000,2.0,6.0,Daisy,,,,,,0.0
c_s_k_1000,2.0,6.0,Tulip,,,,,,0.0
c_s_k_1000,2.0,6.0,Maryj,,,,,,0.0
c_s_k_1000,2.0,10.0,Poppy,,,,,,0.0
c_s_k_1000,2.0,10.0,Oxlip,,,,,,0.0
c_s_k_1000,2.0,10.0,Daisy,,,,,,4.4959360296547593e-07
c_s_k_1000,2.0,10.0,Tulip,,,,,,0.0
c_s_k_1000,2.0,10.0,Maryj,,,,,,0.0
c_s_k_1000,2.0,11.0,Poppy,,,,,,7.063910466431329e-07
c_s_k_1000,2.0,11.0,Oxlip,,,,,,0.0
c_s_k_1000,2.0,11.0,Daisy,,,,,,0.0
c_s_k_1000,2.0,11.0,Tulip,,,,,,0.0
c_s_k_1000,2.0,11.0,Maryj,,,,,,0.0
c_s_k_1000,2.0,12.0,Poppy,,,,,,2.317758284680174e-06
c_s_k_1000,2.0,12.0,Oxlip,,,,,,0.0
c_s_k_1000,2.0,12.0,Daisy,,,,,,0.0
c_s_k_1000,2.0,12.0,Tulip,,,,,,0.0
c_s_k_1000,2.0,12.0,Maryj,,,,,,0.0
c_s_k_1000,2.0,13.0,Poppy,,,,,,0.0
c_s_k_1000,2.0,13.0,Oxlip,,,,,,0.0
c_s_k_1000,2.0,13.0,Daisy,,,,,,0.0
c_s_k_1000,2.0,13.0,Tulip,,,,,,7.810485085012773e-07
c_s_k_1000,2.0,13.0,Maryj,,,,,,0.0
c_s_k_1000,2.0,14.0,Poppy,,,,,,0.0
c_s_k_1000,2.0,14.0,Oxlip,,,,,,1.392882549340211e-07
c_s_k_1000,2.0,14.0,Daisy,,,,,,0.0
c_s_k_1000,2.0,14.0,Tulip,,,,,,0.0
c_s_k_1000,2.0,14.0,Maryj,,,,,,0.0
c_s_k_1000,2.0,15.0,Poppy,,,,,,0.0
c_s_k_1000,2.0,15.0,Oxlip,,,,,,0.0
c_s_k_1000,2.0,15.0,Daisy,,,,,,3.6020712206076075e-07
c_s_k_1000,2.0,15.0,Tulip,,,,,,0.0
c_s_k_1000,2.0,15.0,Maryj,,,,,,0.0
c_s_k_1000,2.0,17.0,Poppy,,,,,,2.5052720707120926e-05
c_s_k_1000,2.0,17.0,Oxlip,,,,,,0.0
c_s_k_1000,2.0,17.0,Daisy,,,,,,0.0
c_s_k_1000,2.0,17.0,Tulip,,,,,,0.0
c_s_k_1000,2.0,17.0,Maryj,,,,,,0.0
c_s_k_1000,2.0,18.0,Poppy,,,,,,1.1385122151189522e-06
c_s_k_1000,2.0,18.0,Oxlip,,,,,,0.0
c_s_k_1000,2.0,18.0,Daisy,,,,,,0.0
c_s_k_1000,2.0,18.0,Tulip,,,,,,0.0
c_s_k_1000,2.0,18.0,Maryj,,,,,,0.0
c_s_k_1000,2.0,19.0,Poppy,,,,,,0.0
c_s_k_1000,2.0,19.0,Oxlip,,,,,,0.0
c_s_k_1000,2.0,19.0,Daisy,,,,,,0.0
c_s_k_1000,2.0,19.0,Tulip,,,,,,0.0
c_s_k_1000,2.0,19.0,Maryj,,,,,,5.1261010558027315e-06
c_s_k_1000,3.0,0.0,Poppy,,,,,,0.0
c_s_k_1000,3.0,0.0,Oxlip,,,,,,7.715597505803934e-08
c_s_k_1000,3.0,0.0,Daisy,,,,,,0.0
c_s_k_1000,3.0,0.0,Tulip,,,,,,0.0
c_s_k_1000,3.0,0.0,Maryj,,,,,,0.0
c_s_k_1000,3.0,2.0,Poppy,,,,,,0.0
c_s_k_1000,3.0,2.0,Oxlip,,,,,,0.0
c_s_k_1000,3.0,2.0,Daisy,,,,,,1.3853467821216837e-07
c_s_k_1000,3.0,2.0,Tulip,,,,,,0.0
c_s_k_1000,3.0,2.0,Maryj,,,,,,0.0
c_s_k_1000,3.0,6.0,Poppy,,,,,,1.1841791839618342e-08
c_s_k_1000,3.0,6.0,Oxlip,,,,,,0.0
c_s_k_1000,3.0,6.0,Daisy,,,,,,0.0
c_s_k_1000,3.0,6.0,Tulip,,,,,,0.0
c_s_k_1000,3.0,6.0,Maryj,,,,,,0.0
c_s_k_1000,3.0,10.0,Poppy,,,,,,0.0
c_s_k_1000,3.0,10.0,Oxlip,,,,,,0.0
c_s_k_1000,3.0,10.0,Daisy,,,,,,4.527482872744341e-07
c_s_k_1000,3.0,10.0,Tulip,,,,,,0.0
c_s_k_1000,3.0,10.0,Maryj,,,,,,0.0
c_s_k_1000,3.0,11.0,Poppy,,,,,,7.05849336348579e-07
c_s_k_1000,3.0,11.0,Oxlip,,,,,,0.0
c_s_k_1000,3.0,11.0,Daisy,,,,,,0.0
c_s_k_1000,3.0,11.0,Tulip,,,,,,0.0
c_s_k_1000,3.0,11.0,Maryj,,,,,,0.0
c_s_k_1000,3.0,12.0,Poppy,,,,,,2.3667976149054884e-06
c_s_k_1000,3.0,12.0,Oxlip,,,,,,0.0
c_s_k_1000,3.0,12.0,Daisy,,,,,,0.0
c_s_k_1000,3.0,12.0,Tulip,,,,,,0.0
c_s_k_1000,3.0,12.0,Maryj,,,,,,0.0
c_s_k_1000,3.0,13.0,Poppy,,,,,,0.0
c_s_k_1000,3.0,13.0,Oxlip,,,,,,0.0
c_s_k_1000,3.0,13.0,Daisy,,,,,,0.0
c_s_k_1000,3.0,13.0,Tulip,,,,,,9.256880029509007e-07
c_s_k_1000,3.0,13.0,Maryj,,,,,,0.0
c_s_k_1000,3.0,14.0,Poppy,,,,,,0.0
c_s_k_1000,3.0,14.0,Oxlip,,,,,,1.3864477867770097e-07
c_s_k_1000,3.0,14.0,Daisy,,,,,,0.0
c_s_k_1000,3.0,14.0,Tulip,,,,,,0.0
c_s_k_1000,3.0,14.0,Maryj,,,,,,0.0
c_s_k_1000,3.0,15.0,Poppy,,,,,,0.0
c_s_k_1000,3.0,15.0,Oxlip,,,,,,0.0
c_s_k_1000,3.0,15.0,Daisy,,,,,,3.5969317297669165e-07
c_s_k_1000,3.0,15.0,Tulip,,,,,,0.0
c_s_k_1000,3.0,15.0,Maryj,,,,,,0.0
c_s_k_1000,3.0,17.0,Poppy,,,,,,2.5394317553687408e-05
c_s_k_1000,3.0,17.0,Oxlip,,,,,,0.0
c_s_k_1000,3.0,17.0,Daisy,,,,,,0.0
c_s_k_1000,3.0,17.0,Tulip,,,,,,0.0
c_s_k_1000,3.0,17.0,Maryj,,,,,,0.0
c_s_k_1000,3.0,18.0,Poppy,,,,,,1.0560461352831528e-06
c_s_k_1000,3.0,18.0,Oxlip,,,,,,0.0
c_s_k_1000,3.0,18.0,Daisy,,,,,,0.0
c_s_k_1000,3.0,18.0,Tulip,,,,,,0.0
c_s_k_1000,3.0,18.0,Maryj,,,,,,0.0
c_s_k_1000,3.0,19.0,Poppy,,,,,,0.0
c_s_k_1000,3.0,19.0,Oxlip,,,,,,0.0
c_s_k_1000,3.0,19.0,Daisy,,,,,,0.0
c_s_k_1000,3.0,19.0,Tulip,,,,,,0.0
c_s_k_1000,3.0,19.0,Maryj,,,,,,5.41975036942292e-06
c_s_k_1000,4.0,0.0,Poppy,,,,,,0.0
c_s_k_1000,4.0,0.0,Oxlip,,,,,,7.796137833484151e-08
c_s_k_1000,4.0,0.0,Daisy,,,,,,0.0
c_s_k_1000,4.0,0.0,Tulip,,,,,,0.0
c_s_k_1000,4.0,0.0,Maryj,,,,,,0.0
c_s_k_1000,4.0,2.0,Poppy,,,,,,0.0
c_s_k_1000,4.0,2.0,Oxlip,,,,,,0.0
c_s_k_1000,4.0,2.0,Daisy,,,,,,1.4073315585317425e-07
c_s_k_1000,4.0,2.0,Tulip,,,,,,0.0
c_s_k_1000,4.0,2.0,Maryj,,,,,,0.0
c_s_k_1000,4.0,6.0,Poppy,,,,,,1.1730037678035364e-08
c_s_k_1000,4.0,6.0,Oxlip,,,,,,0.0
c_s_k_1000,4.0,6.0,Daisy,,,,,,0.0
c_s_k_1000,4.0,6.0,Tulip,,,,,,0.0
c_s_k_1000,4.0,6.0,Maryj,,,,,,0.0
c_s_k_1000,4.0,10.0,Poppy,,,,,,0.0
c_s_k_1000,4.0,10.0,Oxlip,,,,,,0.0
c_s_k_1000,4.0,10.0,Daisy,,,,,,4.5709305901706894e-07
c_s_k_1000,4.0,10.0,Tulip,,,,,,0.0
c_s_k_1000,4.0,10.0,Maryj,,,,,,0.0
c_s_k_1000,4.0,11.0,Poppy,,,,,,7.167721102658971e-07
c_s_k_1000,4.0,11.0,Oxlip,,,,,,0.0
c_s_k_1000,4.0,11.0,Daisy,,,,,,0.0
c_s_k_1000,4.0,11.0,Tulip,,,,,,0.0
c_s_k_1000,4.0,11.0,Maryj,,,,,,0.0
c_s_k_1000,4.0,12.0,Poppy,,,,,,2.402126359699971e-06
c_s_k_1000,4.0,12.0,Oxlip,,,,,,0.0
c_s_k_1000,4.0,12.0,Daisy,,,,,,0.0
c_s_k_1000,4.0,12.0,Tulip,,,,,,0.0
c_s_k_1000,4.0,12.0,Maryj,,,,,,0.0
c_s_k_1000,4.0,13.0,Poppy,,,,,,0.0
c_s_k_1000,4.0,13.0,Oxlip,,,,,,0.0
c_s_k_1000,4.0,13.0,Daisy,,,,,,0.0
c_s_k_1000,4.0,13.0,Tulip,,,,,,7.8178876146996e-07
c_s_k_1000,4.0,13.0,Maryj,,,,,,0.0
c_s_k_1000,4.0,14.0,Poppy,,,,,,0.0
c_s_k_1000,4.0,14.0,Oxlip,,,,,,1.3899369867817608e-07
c_s_k_1000,4.0,14.0,Daisy,,,,,,0.0
c_s_k_1000,4.0,14.0,Tulip,,,,,,0.0
c_s_k_1000,4.0,14.0,Maryj,,,,,,0.0
c_s_k_1000,4.0,15.0,Poppy,,,,,,0.0
c_s_k_1000,4.0,15.0,Oxlip,,,,,,0.0
c_s_k_1000,4.0,15.0,Daisy,,,,,,3.669388711707181e-07
c_s_k_1000,4.0,15.0,Tulip,,,,,,0.0
c_s_k_1000,4.0,15.0,Maryj,,,,,,0.0
c_s_k_1000,4.0,17.0,Poppy,,,,,,2.4851473805585152e-05
c_s_k_1000,4.0,17.0,Oxlip,,,,,,0.0
c_s_k_1000,4.0,17.0,Daisy,,,,,,0.0
c_s_k_1000,4.0,17.0,Tulip,,,,,,0.0
c_s_k_1000,4.0,17.0,Maryj,,,,,,0.0
c_s_k_1000,4.0,18.0,Poppy,,,,,,1.014813095365252e-06
c_s_k_1000,4.0,18.0,Oxlip,,,,,,0.0
c_s_k_1000,4.0,18.0,Daisy,,,,,,0.0
c_s_k_1000,4.0,18.0,Tulip,,,,,,0.0
c_s_k_1000,4.0,18.0,Maryj,,,,,,0.0
c_s_k_1000,4.0,19.0,Poppy,,,,,,0.0
c_s_k_1000,4.0,19.0,Oxlip,,,,,,0.0
c_s_k_1000,4.0,19.0,Daisy,,,,,,0.0
c_s_k_1000,4.0,19.0,Tulip,,,,,,0.0
c_s_k_1000,4.0,19.0,Maryj,,,,,,5.160002601334937e-06
c_s_k_1000,5.0,0.0,Poppy,,,,,,0.0
c_s_k_1000,5.0,0.0,Oxlip,,,,,,7.345763333461932e-08
c_s_k_1000,5.0,0.0,Daisy,,,,,,0.0
c_s_k_1000,5.0,0.0,Tulip,,,,,,0.0
c_s_k_1000,5.0,0.0,Maryj,,,,,,0.0
c_s_k_1000,5.0,2.0,Poppy,,,,,,0.0
c_s_k_1000,5.0,2.0,Oxlip,,,,,,0.0
c_s_k_1000,5.0,2.0,Daisy,,,,,,1.3920608922148102e-07
c_s_k_1000,5.0,2.0,Tulip,,,,,,0.0
c_s_k_1000,5.0,2.0,Maryj,,,,,,0.0
c_s_k_1000,5.0,6.0,Poppy,,,,,,1.1577897111523878e-08
c_s_k_1000,5.0,6.0,Oxlip,,,,,,0.0
c_s_k_1000,5.0,6.0,Daisy,,,,,,0.0
c_s_k_1000,5.0,6.0,Tulip,,,,,,0.0
c_s_k_1000,5.0,6.0,Maryj,,,,,,0.0
c_s_k_1000,5.0,10.0,Poppy,,,,,,0.0
c_s_k_1000,5.0,10.0,Oxlip,,,,,,0.0
c_s_k_1000,5.0,10.0,Daisy,,,,,,4.365097591782307e-07
c_s_k_1000,5.0,10.0,Tulip,,,,,,0.0
c_s_k_1000,5.0,10.0,Maryj,,,,,,0.0
c_s_k_1000,5.0,11.0,Poppy,,,,,,7.091851313203055e-07
c_s_k_1000,5.0,11.0,Oxlip,,,,,,0.0
c_s_k_1000,5.0,11.0,Daisy,,,,,,0.0
c_s_k_1000,5.0,11.0,Tulip,,,,,,0.0
c_s_k_1000,5.0,11.0,Maryj,,,,,,0.0
c_s_k_1000,5.0,12.0,Poppy,,,,,,2.2382764376730467e-06
c_s_k_1000,5.0,12.0,Oxlip,,,,,,0.0
c_s_k_1000,5.0,12.0,Daisy,,,,,,0.0
c_s_k_1000,5.0,12.0,Tulip,,,,,,0.0
c_s_k_1000,5.0,12.0,Maryj,,,,,,0.0
c_s_k_1000,5.0,13.0,Poppy,,,,,,0.0
c_s_k_1000,5.0,13.0,Oxlip,,,,,,0.0
c_s_k_1000,5.0,13.0,Daisy,,,,,,0.0
c_s_k_1000,5.0,13.0,Tulip,,,,,,1.2246021288937807e-06
c_s_k_1000,5.0,13.0,Maryj,,,,,,0.0
c_s_k_1000,5.0,14.0,Poppy,,,,,,0.0
c_s_k_1000,5.0,14.0,Oxlip,,,,,,1.347449812541571e-07
c_s_k_1000,5.0,14.0,Daisy,,,,,,0.0
c_s_k_1000,5.0,14.0,Tulip,,,,,,0.0
c_s_k_1000,5.0,14.0,Maryj,,,,,,0.0
c_s_k_1000,5.0,15.0,Poppy,,,,,,0.0
c_s_k_1000,5.0,15.0,Oxlip,,,,,,0.0
c_s_k_1000,5.0,15.0,Daisy,,,,,,3.634354074630199e-07
c_s_k_1000,5.0,15.0,Tulip,,,,,,0.0
c_s_k_1000,5.0,15.0,Maryj,,,,,,0.0
c_s_k_1000,5.0,17.0,Poppy,,,,,,2.6215026794991233e-05
c_s_k_1000,5.0,17.0,Oxlip,,,,,,0.0
c_s_k_1000,5.0,17.0,Daisy,,,,,,0.0
c_s_k_1000,5.0,17.0,Tulip,,,,,,0.0
c_s_k_1000,5.0,17.0,Maryj,,,,,,0.0
c_s_k_1000,5.0,18.0,Poppy,,,,,,1.0489347434349097e-06
c_s_k_1000,5.0,18.0,Oxlip,,,,,,0.0
c_s_k_1000,5.0,18.0,Daisy,,,,,,0.0
c_s_k_1000,5.0,18.0,Tulip,,,,,,0.0
c_s_k_1000,5.0,18.0,Maryj,,,,,,0.0
c_s_k_1000,5.0,19.0,Poppy,,,,,,0.0
c_s_k_1000,5.0,19.0,Oxlip,,,,,,0.0
c_s_k_1000,5.0,19.0,Daisy,,,,,,0.0
c_s_k_1000,5.0,19.0,Tulip,,,,,,0.0
c_s_k_1000,5.0,19.0,Maryj,,,,,,6.006329456685767e-06
c_s_k_1000,6.0,0.0,Poppy,,,,,,0.0
c_s_k_1000,6.0,0.0,Oxlip,,,,,,7.229926185938262e-08
c_s_k_1000,6.0,0.0,Daisy,,,,,,0.0
c_s_k_1000,6.0,0.0,Tulip,,,,,,0.0
c_s_k_1000,6.0,0.0,Maryj,,,,,,0.0
c_s_k_1000,6.0,2.0,Poppy,,,,,,0.0
c_s_k_1000,6.0,2.0,Oxlip,,,,,,0.0
c_s_k_1000,6.0,2.0,Daisy,,,,,,1.4530294949698048e-07
c_s_k_1000,6.0,2.0,Tulip,,,,,,0.0
c_s_k_1000,6.0,2.0,Maryj,,,,,,0.0
c_s_k_1000,6.0,6.0,Poppy,,,,,,1.1462704968308042e-08
c_s_k_1000,6.0,6.0,Oxlip,,,,,,0.0
c_s_k_1000,6.0,6.0,Daisy,,,,,,0.0
c_s_k_1000,6.0,6.0,Tulip,,,,,,0.0
c_s_k_1000,6.0,6.0,Maryj,,,,,,0.0
c_s_k_1000,6.0,10.0,Poppy,,,,,,0.0
c_s_k_1000,6.0,10.0,Oxlip,,,,,,0.0
c_s_k_1000,6.0,10.0,Daisy,,,,,,5.069481941574005e-07
c_s_k_1000,6.0,10.0,Tulip,,,,,,0.0
c_s_k_1000,6.0,10.0,Maryj,,,,,,0.0
c_s_k_1000,6.0,11.0,Poppy,,,,,,7.380249617887623e-07
c_s_k_1000,6.0,11.0,Oxlip,,,,,,0.0
c_s_k_1000,6.0,11.0,Daisy,,,,,,0.0
c_s_k_1000,6.0,11.0,Tulip,,,,,,0.0
c_s_k_1000,6.0,11.0,Maryj,,,,,,0.0
c_s_k_1000,6.0,12.0,Poppy,,,,,,2.235476527151283e-06
c_s_k_1000,6.0,12.0,Oxlip,,,,,,0.0
c_s_k_1000,6.0,12.0,Daisy,,,,,,0.0
c_s_k_1000,6.0,12.0,Tulip,,,,,,0.0
c_s_k_1000,6.0,12.0,Maryj,,,,,,0.0
c_s_k_1000,6.0,13.0,Poppy,,,,,,0.0
c_s_k_1000,6.0,13.0,Oxlip,,,,,,0.0
c_s_k_1000,6.0,13.0,Daisy,,,,,,0.0
c_s_k_1000,6.0,13.0,Tulip,,,,,,2.9541830005328254e-06
c_s_k_1000,6.0,13.0,Maryj,,,,,,0.0
c_s_k_1000,6.0,14.0,Poppy,,,,,,0.0
c_s_k_1000,6.0,14.0,Oxlip,,,,,,1.7352257756429183e-07
c_s_k_1000,6.0,14.0,Daisy,,,,,,0.0
c_s_k_1000,6.0,14.0,Tulip,,,,,,0.0
c_s_k_1000,6.0,14.0,Maryj,,,,,,0.0
c_s_k_1000,6.0,15.0,Poppy,,,,,,0.0
c_s_k_1000,6.0,15.0,Oxlip,,,,,,0.0
c_s_k_1000,6.0,15.0,Daisy,,,,,,3.8040582879148327e-07
c_s_k_1000,6.0,15.0,Tulip,,,,,,0.0
c_s_k_1000,6.0,15.0,Maryj,,,,,,0.0
c_s_k_1000,6.0,17.0,Poppy,,,,,,3.5436365705375844e-05
c_s_k_1000,6.0,17.0,Oxlip,,,,,,0.0
c_s_k_1000,6.0,17.0,Daisy,,,,,,0.0
c_s_k_1000,6.0,17.0,Tulip,,,,,,0.0
c_s_k_1000,6.0,17.0,Maryj,,,,,,0.0
c_s_k_1000,6.0,18.0,Poppy,,,,,,1.3900298176065238e-06
c_s_k_1000,6.0,18.0,Oxlip,,,,,,0.0
c_s_k_1000,6.0,18.0,Daisy,,,,,,0.0
c_s_k_1000,6.0,18.0,Tulip,,,,,,0.0
c_s_k_1000,6.0,18.0,Maryj,,,,,,0.0
c_s_k_1000,6.0,19.0,Poppy,,,,,,0.0
c_s_k_1000,6.0,19.0,Oxlip,,,,,,0.0
c_s_k_1000,6.0,19.0,Daisy,,,,,,0.0
c_s_k_1000,6.0,19.0,Tulip,,,,,,0.0
c_s_k_1000,6.0,19.0,Maryj,,,,,,8.851049055920952e-06
c_s_k_1000,7.0,0.0,Poppy,,,,,,0.0
c_s_k_1000,7.0,0.0,Oxlip,,,,,,6.923179859065953e-08
c_s_k_1000,7.0,0.0,Daisy,,,,,,0.0
c_s_k_1000,7.0,0.0,Tulip,,,,,,0.0
c_s_k_1000,7.0,0.0,Maryj,,,,,,0.0
c_s_k_1000,7.0,2.0,Poppy,,,,,,0.0
c_s_k_1000,7.0,2.0,Oxlip,,,,,,0.0
c_s_k_1000,7.0,2.0,Daisy,,,,,,2.1361773181439156e-07
c_s_k_1000,7.0,2.0,Tulip,,,,,,0.0
c_s_k_1000,7.0,2.0,Maryj,,,,,,0.0
c_s_k_1000,7.0,6.0,Poppy,,,,,,1.0716228266645206e-08
c_s_k_1000,7.0,6.0,Oxlip,,,,,,0.0
c_s_k_1000,7.0,6.0,Daisy,,,,,,0.0
c_s_k_1000,7.0,6.0,Tulip,,,,,,0.0
c_s_k_1000,7.0,6.0,Maryj,,,,,,0.0
c_s_k_1000,7.0,10.0,Poppy,,,,,,0.0
c_s_k_1000,7.0,10.0,Oxlip,,,,,,0.0
c_s_k_1000,7.0,10.0,Daisy,,,,,,9.157324432668473e-07
c_s_k_1000,7.0,10.0,Tulip,,,,,,0.0
c_s_k_1000,7.0,10.0,Maryj,,,,,,0.0
c_s_k_1000,7.0,11.0,Poppy,,,,,,1.1238153197227462e-06
c_s_k_1000,7.0,11.0,Oxlip,,,,,,0.0
c_s_k_1000,7.0,11.0,Daisy,,,,,,0.0
c_s_k_1000,7.0,11.0,Tulip,,,,,,0.0
c_s_k_1000,7.0,11.0,Maryj,,,,,,0.0
c_s_k_1000,7.0,12.0,Poppy,,,,,,2.6136098460064825e-06
c_s_k_1000,7.0,12.0,Oxlip,,,,,,0.0
c_s_k_1000,7.0,12.0,Daisy,,,,,,0.0
c_s_k_1000,7.0,12.0,Tulip,,,,,,0.0
c_s_k_1000,7.0,12.0,Maryj,,,,,,0.0
c_s_k_1000,7.0,13.0,Poppy,,,,,,0.0
c_s_k_1000,7.0,13.0,Oxlip,,,,,,0.0
c_s_k_1000,7.0,13.0,Daisy,,,,,,0.0
c_s_k_1000,7.0,13.0,Tulip,,,,,,4.539743201239906e-06
c_s_k_1000,7.0,13.0,Maryj,,,,,,0.0
c_s_k_1000,7.0,14.0,Poppy,,,,,,0.0
c_s_k_1000,7.0,14.0,Oxlip,,,,,,3.747673287296709e-07
c_s_k_1000,7.0,14.0,Daisy,,,,,,0.0
c_s_k_1000,7.0,14.0,Tulip,,,,,,0.0
c_s_k_1000,7.0,14.0,Maryj,,,,,,0.0
c_s_k_1000,7.0,15.0,Poppy,,,,,,0.0
c_s_k_1000,7.0,15.0,Oxlip,,,,,,0.0
c_s_k_1000,7.0,15.0,Daisy,,,,,,5.620311271838862e-07
c_s_k_1000,7.0,15.0,Tulip,,,,,,0.0
c_s_k_1000,7.0,15.0,Maryj,,,,,,0.0
c_s_k_1000,7.0,17.0,Poppy,,,,,,5.280091292151266e-05
c_s_k_1000,7.0,17.0,Oxlip,,,,,,0.0
c_s_k_1000,7.0,17.0,Daisy,,,,,,0.0
c_s_k_1000,7.0,17.0,Tulip,,,,,,0.0
c_s_k_1000,7.0,17.0,Maryj,,,,,,0.0
c_s_k_1000,7.0,18.0,Poppy,,,,,,2.117537638451707e-06
c_s_k_1000,7.0,18.0,Oxlip,,,,,,0.0
c_s_k_1000,7.0,18.0,Daisy,,,,,,0.0
c_s_k_1000,7.0,18.0,Tulip,,,,,,0.0
c_s_k_1000,7.0,18.0,Maryj,,,,,,0.0
c_s_k_1000,7.0,19.0,Poppy,,,,,,0.0
c_s_k_1000,7.0,19.0,Oxlip,,,,,,0.0
c_s_k_1000,7.0,19.0,Daisy,,,,,,0.0
c_s_k_1000,7.0,19.0,Tulip,,,,,,0.0
c_s_k_1000,7.0,19.0,Maryj,,,,,,1.4092979488075654e-05
c_s_k_1000,8.0,0.0,Poppy,,,,,,0.0
c_s_k_1000,8.0,0.0,Oxlip,,,,,,6.841242442270044e-08
c_s_k_1000,8.0,0.0,Daisy,,,,,,0.0
c_s_k_1000,8.0,0.0,Tulip,,,,,,0.0
c_s_k_1000,8.0,0.0,Maryj,,,,,,0.0
c_s_k_1000,8.0,2.0,Poppy,,,,,,0.0
c_s_k_1000,8.0,2.0,Oxlip,,,,,,0.0
c_s_k_1000,8.0,2.0,Daisy,,,,,,3.2841847552935843e-07
c_s_k_1000,8.0,2.0,Tulip,,,,,,0.0
c_s_k_1000,8.0,2.0,Maryj,,,,,,0.0
c_s_k_1000,8.0,6.0,Poppy,,,,,,5.026679911069643e-08
c_s_k_1000,8.0,6.0,Oxlip,,,,,,0.0
c_s_k_1000,8.0,6.0,Daisy,,,,,,0.0
c_s_k_1000,8.0,6.0,Tulip,,,,,,0.0
c_s_k_1000,8.0,6.0,Maryj,,,,,,0.0
c_s_k_1000,8.0,10.0,Poppy,,,,,,0.0
c_s_k_1000,8.0,10.0,Oxlip,,,,,,0.0
c_s_k_1000,8.0,10.0,Daisy,,,,,,1.3804983603608447e-06
c_s_k_1000,8.0,10.0,Tulip,,,,,,0.0
c_s_k_1000,8.0,10.0,Maryj,,,,,,0.0
c_s_k_1000,8.0,11.0,Poppy,,,,,,1.75427336853162e-06
c_s_k_1000,8.0,11.0,Oxlip,,,,,,0.0
c_s_k_1000,8.0,11.0,Daisy,,,,,,0.0
c_s_k_1000,8.0,11.0,Tulip,,,,,,0.0
c_s_k_1000,8.0,11.0,Maryj,,,,,,0.0
c_s_k_1000,8.0,12.0,Poppy,,,,,,3.848007022367853e-06
c_s_k_1000,8.0,12.0,Oxlip,,,,,,0.0
c_s_k_1000,8.0,12.0,Daisy,,,,,,0.0
c_s_k_1000,8.0,12.0,Tulip,,,,,,0.0
c_s_k_1000,8.0,12.0,Maryj,,,,,,0.0
c_s_k_1000,8.0,13.0,Poppy,,,,,,0.0
c_s_k_1000,8.0,13.0,Oxlip,,,,,,0.0
c_s_k_1000,8.0,13.0,Daisy,,,,,,0.0
c_s_k_1000,8.0,13.0,Tulip,,,,,,6.1557780619039006e-06
c_s_k_1000,8.0,13.0,Maryj,,,,,,0.0
c_s_k_1000,8.0,14.0,Poppy,,,,,,0.0
c_s_k_1000,8.0,14.0,Oxlip,,,,,,5.188235039610304e-07
c_s_k_1000,8.0,14.0,Daisy,,,,,,0.0
c_s_k_1000,8.0,14.0,Tulip,,,,,,0.0
c_s_k_1000,8.0,14.0,Maryj,,,,,,0.0
c_s_k_1000,8.0,15.0,Poppy,,,,,,0.0
c_s_k_1000,8.0,15.0,Oxlip,,,,,,0.0
c_s_k_1000,8.0,15.0,Daisy,,,,,,1.107208924091172e-06
c_s_k_1000,8.0,15.0,Tulip,,,,,,0.0
c_s_k_1000,8.0,15.0,Maryj,,,,,,0.0
c_s_k_1000,8.0,17.0,Poppy,,,,,,7.518764898261596e-05
c_s_k_1000,8.0,17.0,Oxlip,,,,,,0.0
c_s_k_1000,8.0,17.0,Daisy,,,,,,0.0
c_s_k_1000,8.0,17.0,Tulip,,,,,,0.0
c_s_k_1000,8.0,17.0,Maryj,,,,,,0.0
c_s_k_1000,8.0,18.0,Poppy,,,,,,3.2029944199476434e-06
c_s_k_1000,8.0,18.0,Oxlip,,,,,,0.0
c_s_k_1000,8.0,18.0,Daisy,,,,,,0.0
c_s_k_1000,8.0,18.0,Tulip,,,,,,0.0
c_s_k_1000,8.0,18.0,Maryj,,,,,,0.0
c_s_k_1000,8.0,19.0,Poppy,,,,,,0.0
c_s_k_1000,8.0,19.0,Oxlip,,,,,,0.0
c_s_k_1000,8.0,19.0,Daisy,,,,,,0.0
c_s_k_1000,8.0,19.0,Tulip,,,,,,0.0
c_s_k_1000,8.0,19.0,Maryj,,,,,,2.1156536272547127e-05
c_s_k_1000,9.0,0.0,Poppy,,,,,,0.0
c_s_k_1000,9.0,0.0,Oxlip,,,,,,5.379481084744005e-07
c_s_k_1000,9.0,0.0,Daisy,,,,,,0.0
c_s_k_1000,9.0,0.0,Tulip,,,,,,0.0
c_s_k_1000,9.0,0.0,Maryj,,,,,,0.0
c_s_k_1000,9.0,2.0,Poppy,,,,,,0.0
c_s_k_1000,9.0,2.0,Oxlip,,,,,,0.0
c_s_k_1000,9.0,2.0,Daisy,,,,,,1.5455235118871697e-06
c_s_k_1000,9.0,2.0,Tulip,,,,,,0.0
c_s_k_1000,9.0,2.0,Maryj,,,,,,0.0
c_s_k_1000,9.0,6.0,Poppy,,,,,,9.067138080977879e-08
c_s_k_1000,9.0,6.0,Oxlip,,,,,,0.0
c_s_k_1000,9.0,6.0,Daisy,,,,,,0.0
c_s_k_1000,9.0,6.0,Tulip,,,,,,0.0
c_s_k_1000,9.0,6.0,Maryj,,,,,,0.0
c_s_k_1000,9.0,10.0,Poppy,,,,,,0.0
c_s_k_1000,9.0,10.0,Oxlip,,,,,,0.0
c_s_k_1000,9.0,10.0,Daisy,,,,,,4.500952338562835e-06
c_s_k_1000,9.0,10.0,Tulip,,,,,,0.0
c_s_k_1000,9.0,10.0,Maryj,,,,,,0.0
c_s_k_1000,9.0,11.0,Poppy,,,,,,7.956216735338247e-06
c_s_k_1000,9.0,11.0,Oxlip,,,,,,0.0
c_s_k_1000,9.0,11.0,Daisy,,,,,,0.0
c_s_k_1000,9.0,11.0,Tulip,,,,,,0.0
c_s_k_1000,9.0,11.0,Maryj,,,,,,0.0
c_s_k_1000,9.0,12.0,Poppy,,,,,,2.2638905355316733e-05
c_s_k_1000,9.0,12.0,Oxlip,,,,,,0.0
c_s_k_1000,9.0,12.0,Daisy,,,,,,0.0
c_s_k_1000,9.0,12.0,Tulip,,,,,,0.0
c_s_k_1000,9.0,12.0,Maryj,,,,,,0.0
c_s_k_1000,9.0,13.0,Poppy,,,,,,0.0
c_s_k_1000,9.0,13.0,Oxlip,,,,,,0.0
c_s_k_1000,9.0,13.0,Daisy,,,,,,0.0
c_s_k_1000,9.0,13.0,Tulip,,,,,,1.3399944682997715e-05
c_s_k_1000,9.0,13.0,Maryj,,,,,,0.0
c_s_k_1000,9.0,14.0,Poppy,,,,,,0.0
c_s_k_1000,9.0,14.0,Oxlip,,,,,,1.2385851350118958e-06
c_s_k_1000,9.0,14.0,Daisy,,,,,,0.0
c_s_k_1000,9.0,14.0,Tulip,,,,,,0.0
c_s_k_1000,9.0,14.0,Maryj,,,,,,0.0
c_s_k_1000,9.0,15.0,Poppy,,,,,,0.0
c_s_k_1000,9.0,15.0,Oxlip,,,,,,0.0
c_s_k_1000,9.0,15.0,Daisy,,,,,,4.56888710492207e-06
c_s_k_1000,9.0,15.0,Tulip,,,,,,0.0
c_s_k_1000,9.0,15.0,Maryj,,,,,,0.0
c_s_k_1000,9.0,17.0,Poppy,,,,,,0.0002468120611920567
c_s_k_1000,9.0,17.0,Oxlip,,,,,,0.0
c_s_k_1000,9.0,17.0,Daisy,,,,,,0.0
c_s_k_1000,9.0,17.0,Tulip,,,,,,0.0
c_s_k_1000,9.0,17.0,Maryj,,,,,,0.0
c_s_k_1000,9.0,18.0,Poppy,,,,,,3.1734791428326157e-06
c_s_k_1000,9.0,18.0,Oxlip,,,,,,0.0
c_s_k_1000,9.0,18.0,Daisy,,,,,,0.0
c_s_k_1000,9.0,18.0,Tulip,,,,,,0.0
c_s_k_1000,9.0,18.0,Maryj,,,,,,0.0
c_s_k_1000,9.0,19.0,Poppy,,,,,,0.0
c_s_k_1000,9.0,19.0,Oxlip,,,,,,0.0
c_s_k_1000,9.0,19.0,Daisy,,,,,,0.0
c_s_k_1000,9.0,19.0,Tulip,,,,,,0.0
c_s_k_1000,9.0,19.0,Maryj,,,,,,6.820779715532285e-05
c_s_k_1000,10.0,0.0,Poppy,,,,,,0.0
c_s_k_1000,10.0,0.0,Oxlip,,,,,,5.100586653277417e-07
c_s_k_1000,10.0,0.0,Daisy,,,,,,0.0
c_s_k_1000,10.0,0.0,Tulip,,,,,,0.0
c_s_k_1000,10.0,0.0,Maryj,,,,,,0.0
c_s_k_1000,10.0,2.0,Poppy,,,,,,0.0
c_s_k_1000,10.0,2.0,Oxlip,,,,,,0.0
c_s_k_1000,10.0,2.0,Daisy,,,,,,1.2484862372968816e-06
c_s_k_1000,10.0,2.0,Tulip,,,,,,0.0
c_s_k_1000,10.0,2.0,Maryj,,,,,,0.0
c_s_k_1000,10.0,6.0,Poppy,,,,,,2.4462879983306693e-07
c_s_k_1000,10.0,6.0,Oxlip,,,,,,0.0
c_s_k_1000,10.0,6.0,Daisy,,,,,,0.0
c_s_k_1000,10.0,6.0,Tulip,,,,,,0.0
c_s_k_1000,10.0,6.0,Maryj,,,,,,0.0
c_s_k_1000,10.0,10.0,Poppy,,,,,,0.0
c_s_k_1000,10.0,10.0,Oxlip,,,,,,0.0
c_s_k_1000,10.0,10.0,Daisy,,,,,,3.8847003070991924e-06
c_s_k_1000,10.0,10.0,Tulip,,,,,,0.0
c_s_k_1000,10.0,10.0,Maryj,,,,,,0.0
c_s_k_1000,10.0,11.0,Poppy,,,,,,6.784902891836007e-06
c_s_k_1000,10.0,11.0,Oxlip,,,,,,0.0
c_s_k_1000,10.0,11.0,Daisy,,,,,,0.0
c_s_k_1000,10.0,11.0,Tulip,,,,,,0.0
c_s_k_1000,10.0,11.0,Maryj,,,,,,0.0
c_s_k_1000,10.0,12.0,Poppy,,,,,,2.0198997017329707e-05
c_s_k_1000,10.0,12.0,Oxlip,,,,,,0.0
c_s_k_1000,10.0,12.0,Daisy,,,,,,0.0
c_s_k_1000,10.0,12.0,Tulip,,,,,,0.0
c_s_k_1000,10.0,12.0,Maryj,,,,,,0.0
c_s_k_1000,10.0,13.0,Poppy,,,,,,0.0
c_s_k_1000,10.0,13.0,Oxlip,,,,,,0.0
c_s_k_1000,10.0,13.0,Daisy,,,,,,0.0
c_s_k_1000,10.0,13.0,Tulip,,,,,,1.3800191180256686e-05
c_s_k_1000,10.0,13.0,Maryj,,,,,,0.0
c_s_k_1000,10.0,14.0,Poppy,,,,,,0.0
c_s_k_1000,10.0,14.0,Oxlip,,,,,,1.1276981899000868e-06
c_s_k_1000,10.0,14.0,Daisy,,,,,,0.0
c_s_k_1000,10.0,14.0,Tulip,,,,,,0.0
c_s_k_1000,10.0,14.0,Maryj,,,,,,0.0
c_s_k_1000,10.0,15.0,Poppy,,,,,,0.0
c_s_k_1000,10.0,15.0,Oxlip,,,,,,0.0
c_s_k_1000,10.0,15.0,Daisy,,,,,,4.68832371449897e-06
c_s_k_1000,10.0,15.0,Tulip,,,,,,0.0
c_s_k_1000,10.0,15.0,Maryj,,,,,,0.0
c_s_k_1000,10.0,17.0,Poppy,,,,,,0.00023180232847487878
c_s_k_1000,10.0,17.0,Oxlip,,,,,,0.0
c_s_k_1000,10.0,17.0,Daisy,,,,,,0.0
c_s_k_1000,10.0,17.0,Tulip,,,,,,0.0
c_s_k_1000,10.0,17.0,Maryj,,,,,,0.0
c_s_k_1000,10.0,18.0,Poppy,,,,,,2.835979664685967e-06
c_s_k_1000,10.0,18.0,Oxlip,,,,,,0.0
c_s_k_1000,10.0,18.0,Daisy,,,,,,0.0
c_s_k_1000,10.0,18.0,Tulip,,,,,,0.0
c_s_k_1000,10.0,18.0,Maryj,,,,,,0.0
c_s_k_1000,10.0,19.0,Poppy,,,,,,0.0
c_s_k_1000,10.0,19.0,Oxlip,,,,,,0.0
c_s_k_1000,10.0,19.0,Daisy,,,,,,0.0
c_s_k_1000,10.0,19.0,Tulip,,,,,,0.0
c_s_k_1000,10.0,19.0,Maryj,,,,,,6.63505639877834e-05
c_s_k_1000,11.0,0.0,Poppy,,,,,,0.0
c_s_k_1000,11.0,0.0,Oxlip,,,,,,5.47847397743839e-07
c_s_k_1000,11.0,0.0,Daisy,,,,,,0.0
c_s_k_1000,11.0,0.0,Tulip,,,,,,0.0
c_s_k_1000,11.0,0.0,Maryj,,,,,,0.0
c_s_k_1000,11.0,2.0,Poppy,,,,,,0.0
c_s_k_1000,11.0,2.0,Oxlip,,,,,,0.0
c_s_k_1000,11.0,2.0,Daisy,,,,,,1.1970619514574745e-06
c_s_k_1000,11.0,2.0,Tulip,,,,,,0.0
c_s_k_1000,11.0,2.0,Maryj,,,,,,0.0
c_s_k_1000,11.0,6.0,Poppy,,,,,,2.3567316485379728e-07
c_s_k_1000,11.0,6.0,Oxlip,,,,,,0.0
c_s_k_1000,11.0,6.0,Daisy,,,,,,0.0
c_s_k_1000,11.0,6.0,Tulip,,,,,,0.0
c_s_k_1000,11.0,6.0,Maryj,,,,,,0.0
c_s_k_1000,11.0,10.0,Poppy,,,,,,0.0
c_s_k_1000,11.0,10.0,Oxlip,,,,,,0.0
c_s_k_1000,11.0,10.0,Daisy,,,,,,3.434550597880614e-06
c_s_k_1000,11.0,10.0,Tulip,,,,,,0.0
c_s_k_1000,11.0,10.0,Maryj,,,,,,0.0
c_s_k_1000,11.0,11.0,Poppy,,,,,,6.577646185416248e-06
c_s_k_1000,11.0,11.0,Oxlip,,,,,,0.0
c_s_k_1000,11.0,11.0,Daisy,,,,,,0.0
c_s_k_1000,11.0,11.0,Tulip,,,,,,0.0
c_s_k_1000,11.0,11.0,Maryj,,,,,,0.0
c_s_k_1000,11.0,12.0,Poppy,,,,,,2.0395221531951942e-05
c_s_k_1000,11.0,12.0,Oxlip,,,,,,0.0
c_s_k_1000,11.0,12.0,Daisy,,,,,,0.0
c_s_k_1000,11.0,12.0,Tulip,,,,,,0.0
c_s_k_1000,11.0,12.0,Maryj,,,,,,0.0
c_s_k_1000,11.0,13.0,Poppy,,,,,,0.0
c_s_k_1000,11.0,13.0,Oxlip,,,,,,0.0
c_s_k_1000,11.0,13.0,Daisy,,,,,,0.0
c_s_k_1000,11.0,13.0,Tulip,,,,,,1.5806178162020063e-05
c_s_k_1000,11.0,13.0,Maryj,,,,,,0.0
c_s_k_1000,11.0,14.0,Poppy,,,,,,0.0
c_s_k_1000,11.0,14.0,Oxlip,,,,,,8.685266708750927e-07
c_s_k_1000,11.0,14.0,Daisy,,,,,,0.0
c_s_k_1000,11.0,14.0,Tulip,,,,,,0.0
c_s_k_1000,11.0,14.0,Maryj,,,,,,0.0
c_s_k_1000,11.0,15.0,Poppy,,,,,,0.0
c_s_k_1000,11.0,15.0,Oxlip,,,,,,0.0
c_s_k_1000,11.0,15.0,Daisy,,,,,,4.49796707890171e-06
c_s_k_1000,11.0,15.0,Tulip,,,,,,0.0
c_s_k_1000,11.0,15.0,Maryj,,,,,,0.0
c_s_k_1000,11.0,17.0,Poppy,,,,,,0.00023563629944537944
c_s_k_1000,11.0,17.0,Oxlip,,,,,,0.0
c_s_k_1000,11.0,17.0,Daisy,,,,,,0.0
c_s_k_1000,11.0,17.0,Tulip,,,,,,0.0
c_s_k_1000,11.0,17.0,Maryj,,,,,,0.0
c_s_k_1000,11.0,18.0,Poppy,,,,,,2.594329091952359e-06
c_s_k_1000,11.0,18.0,Oxlip,,,,,,0.0
c_s_k_1000,11.0,18.0,Daisy,,,,,,0.0
c_s_k_1000,11.0,18.0,Tulip,,,,,,0.0
c_s_k_1000,11.0,18.0,Maryj,,,,,,0.0
c_s_k_1000,11.0,19.0,Poppy,,,,,,0.0
c_s_k_1000,11.0,19.0,Oxlip,,,,,,0.0
c_s_k_1000,11.0,19.0,Daisy,,,,,,0.0
c_s_k_1000,11.0,19.0,Tulip,,,,,,0.0
c_s_k_1000,11.0,19.0,Maryj,,,,,,6.930430346690681e-05
c_s_k_1000,12.0,0.0,Poppy,,,,,,0.0
c_s_k_1000,12.0,0.0,Oxlip,,,,,,5.684065639249226e-07
c_s_k_1000,12.0,0.0,Daisy,,,,,,0.0
c_s_k_1000,12.0,0.0,Tulip,,,,,,0.0
c_s_k_1000,12.0,0.0,Maryj,,,,,,0.0
c_s_k_1000,12.0,2.0,Poppy,,,,,,0.0
c_s_k_1000,12.0,2.0,Oxlip,,,,,,0.0
c_s_k_1000,12.0,2.0,Daisy,,,,,,1.2429955099631308e-06
c_s_k_1000,12.0,2.0,Tulip,,,,,,0.0
c_s_k_1000,12.0,2.0,Maryj,,,,,,0.0
c_s_k_1000,12.0,6.0,Poppy,,,,,,2.506903187206433e-07
c_s_k_1000,12.0,6.0,Oxlip,,,,,,0.0
c_s_k_1000,12.0,6.0,Daisy,,,,,,0.0
c_s_k_1000,12.0,6.0,Tulip,,,,,,0.0
c_s_k_1000,12.0,6.0,Maryj,,,,,,0.0
c_s_k_1000,12.0,10.0,Poppy,,,,,,0.0
c_s_k_1000,12.0,10.0,Oxlip,,,,,,0.0
c_s_k_1000,12.0,10.0,Daisy,,,,,,3.5321193526132907e-06
c_s_k_1000,12.0,10.0,Tulip,,,,,,0.0
c_s_k_1000,12.0,10.0,Maryj,,,,,,0.0
c_s_k_1000,12.0,11.0,Poppy,,,,,,6.770080369984306e-06
c_s_k_1000,12.0,11.0,Oxlip,,,,,,0.0
c_s_k_1000,12.0,11.0,Daisy,,,,,,0.0
c_s_k_1000,12.0,11.0,Tulip,,,,,,0.0
c_s_k_1000,12.0,11.0,Maryj,,,,,,0.0
c_s_k_1000,12.0,12.0,Poppy,,,,,,2.105856786758093e-05
c_s_k_1000,12.0,12.0,Oxlip,,,,,,0.0
c_s_k_1000,12.0,12.0,Daisy,,,,,,0.0
c_s_k_1000,12.0,12.0,Tulip,,,,,,0.0
c_s_k_1000,12.0,12.0,Maryj,,,,,,0.0
c_s_k_1000,12.0,13.0,Poppy,,,,,,0.0
c_s_k_1000,12.0,13.0,Oxlip,,,,,,0.0
c_s_k_1000,12.0,13.0,Daisy,,,,,,0.0
c_s_k_1000,12.0,13.0,Tulip,,,,,,1.8918910291335356e-05
c_s_k_1000,12.0,13.0,Maryj,,,,,,0.0
c_s_k_1000,12.0,14.0,Poppy,,,,,,0.0
c_s_k_1000,12.0,14.0,Oxlip,,,,,,8.950469137334851e-07
c_s_k_1000,12.0,14.0,Daisy,,,,,,0.0
c_s_k_1000,12.0,14.0,Tulip,,,,,,0.0
c_s_k_1000,12.0,14.0,Maryj,,,,,,0.0
c_s_k_1000,12.0,15.0,Poppy,,,,,,0.0
c_s_k_1000,12.0,15.0,Oxlip,,,,,,0.0
c_s_k_1000,12.0,15.0,Daisy,,,,,,4.7109022057788344e-06
c_s_k_1000,12.0,15.0,Tulip,,,,,,0.0
c_s_k_1000,12.0,15.0,Maryj,,,,,,0.0
c_s_k_1000,12.0,17.0,Poppy,,,,,,0.0002493261019392891
c_s_k_1000,12.0,17.0,Oxlip,,,,,,0.0
c_s_k_1000,12.0,17.0,Daisy,,,,,,0.0
c_s_k_1000,12.0,17.0,Tulip,,,,,,0.0
c_s_k_1000,12.0,17.0,Maryj,,,,,,0.0
c_s_k_1000,12.0,18.0,Poppy,,,,,,2.6976555792815465e-06
c_s_k_1000,12.0,18.0,Oxlip,,,,,,0.0
c_s_k_1000,12.0,18.0,Daisy,,,,,,0.0
c_s_k_1000,12.0,18.0,Tulip,,,,,,0.0
c_s_k_1000,12.0,18.0,Maryj,,,,,,0.0
c_s_k_1000,12.0,19.0,Poppy,,,,,,0.0
c_s_k_1000,12.0,19.0,Oxlip,,,,,,0.0
c_s_k_1000,12.0,19.0,Daisy,,,,,,0.0
c_s_k_1000,12.0,19.0,Tulip,,,,,,0.0
c_s_k_1000,12.0,19.0,Maryj,,,,,,7.516631243946161e-05
c_s_k_1000,13.0,0.0,Poppy,,,,,,0.0
c_s_k_1000,13.0,0.0,Oxlip,,,,,,5.936090638337895e-07
c_s_k_1000,13.0,0.0,Daisy,,,,,,0.0
c_s_k_1000,13.0,0.0,Tulip,,,,,,0.0
c_s_k_1000,13.0,0.0,Maryj,,,,,,0.0
c_s_k_1000,13.0,2.0,Poppy,,,,,,0.0
c_s_k_1000,13.0,2.0,Oxlip,,,,,,0.0
c_s_k_1000,13.0,2.0,Daisy,,,,,,1.1491441863325427e-06
c_s_k_1000,13.0,2.0,Tulip,,,,,,0.0
c_s_k_1000,13.0,2.0,Maryj,,,,,,0.0
c_s_k_1000,13.0,6.0,Poppy,,,,,,2.506023046472698e-07
c_s_k_1000,13.0,6.0,Oxlip,,,,,,0.0
c_s_k_1000,13.0,6.0,Daisy,,,,,,0.0
c_s_k_1000,13.0,6.0,Tulip,,,,,,0.0
c_s_k_1000,13.0,6.0,Maryj,,,,,,0.0
c_s_k_1000,13.0,10.0,Poppy,,,,,,0.0
c_s_k_1000,13.0,10.0,Oxlip,,,,,,0.0
c_s_k_1000,13.0,10.0,Daisy,,,,,,3.447197598488439e-06
c_s_k_1000,13.0,10.0,Tulip,,,,,,0.0
c_s_k_1000,13.0,10.0,Maryj,,,,,,0.0
c_s_k_1000,13.0,11.0,Poppy,,,,,,6.296270769985664e-06
c_s_k_1000,13.0,11.0,Oxlip,,,,,,0.0
c_s_k_1000,13.0,11.0,Daisy,,,,,,0.0
c_s_k_1000,13.0,11.0,Tulip,,,,,,0.0
c_s_k_1000,13.0,11.0,Maryj,,,,,,0.0
c_s_k_1000,13.0,12.0,Poppy,,,,,,2.0391687825653467e-05
c_s_k_1000,13.0,12.0,Oxlip,,,,,,0.0
c_s_k_1000,13.0,12.0,Daisy,,,,,,0.0
c_s_k_1000,13.0,12.0,Tulip,,,,,,0.0
c_s_k_1000,13.0,12.0,Maryj,,,,,,0.0
c_s_k_1000,13.0,13.0,Poppy,,,,,,0.0
c_s_k_1000,13.0,13.0,Oxlip,,,,,,0.0
c_s_k_1000,13.0,13.0,Daisy,,,,,,0.0
c_s_k_1000,13.0,13.0,Tulip,,,,,,1.677645912022442e-05
c_s_k_1000,13.0,13.0,Maryj,,,,,,0.0
c_s_k_1000,13.0,14.0,Poppy,,,,,,0.0
c_s_k_1000,13.0,14.0,Oxlip,,,,,,9.283315871891683e-07
c_s_k_1000,13.0,14.0,Daisy,,,,,,0.0
c_s_k_1000,13.0,14.0,Tulip,,,,,,0.0
c_s_k_1000,13.0,14.0,Maryj,,,,,,0.0
c_s_k_1000,13.0,15.0,Poppy,,,,,,0.0
c_s_k_1000,13.0,15.0,Oxlip,,,,,,0.0
c_s_k_1000,13.0,15.0,Daisy,,,,,,4.391200218676084e-06
c_s_k_1000,13.0,15.0,Tulip,,,,,,0.0
c_s_k_1000,13.0,15.0,Maryj,,,,,,0.0
c_s_k_1000,13.0,17.0,Poppy,,,,,,0.00023606158656175417
c_s_k_1000,13.0,17.0,Oxlip,,,,,,0.0
c_s_k_1000,13.0,17.0,Daisy,,,,,,0.0
c_s_k_1000,13.0,17.0,Tulip,,,,,,0.0
c_s_k_1000,13.0,17.0,Maryj,,,,,,0.0
c_s_k_1000,13.0,18.0,Poppy,,,,,,2.645478772334871e-06
c_s_k_1000,13.0,18.0,Oxlip,,,,,,0.0
c_s_k_1000,13.0,18.0,Daisy,,,,,,0.0
c_s_k_1000,13.0,18.0,Tulip,,,,,,0.0
c_s_k_1000,13.0,18.0,Maryj,,,,,,0.0
c_s_k_1000,13.0,19.0,Poppy,,,,,,0.0
c_s_k_1000,13.0,19.0,Oxlip,,,,,,0.0
c_s_k_1000,13.0,19.0,Daisy,,,,,,0.0
c_s_k_1000,13.0,19.0,Tulip,,,,,,0.0
c_s_k_1000,13.0,19.0,Maryj,,,,,,6.966969739376653e-05
c_s_k_1000,14.0,0.0,Poppy,,,,,,0.0
c_s_k_1000,14.0,0.0,Oxlip,,,,,,5.683581712582922e-07
c_s_k_1000,14.0,0.0,Daisy,,,,,,0.0
c_s_k_1000,14.0,0.0,Tulip,,,,,,0.0
c_s_k_1000,14.0,0.0,Maryj,,,,,,0.0
c_s_k_1000,14.0,2.0,Poppy,,,,,,0.0
c_s_k_1000,14.0,2.0,Oxlip,,,,,,0.0
c_s_k_1000,14.0,2.0,Daisy,,,,,,1.3310970882769074e-06
c_s_k_1000,14.0,2.0,Tulip,,,,,,0.0
c_s_k_1000,14.0,2.0,Maryj,,,,,,0.0
c_s_k_1000,14.0,6.0,Poppy,,,,,,2.6513724631705906e-07
c_s_k_1000,14.0,6.0,Oxlip,,,,,,0.0
c_s_k_1000,14.0,6.0,Daisy,,,,,,0.0
c_s_k_1000,14.0,6.0,Tulip,,,,,,0.0
c_s_k_1000,14.0,6.0,Maryj,,,,,,0.0
c_s_k_1000,14.0,10.0,Poppy,,,,,,0.0
c_s_k_1000,14.0,10.0,Oxlip,,,,,,0.0
c_s_k_1000,14.0,10.0,Daisy,,,,,,3.64521648061525e-06
c_s_k_1000,14.0,10.0,Tulip,,,,,,0.0
c_s_k_1000,14.0,10.0,Maryj,,,,,,0.0
c_s_k_1000,14.0,11.0,Poppy,,,,,,7.082740821839642e-06
c_s_k_1000,14.0,11.0,Oxlip,,,,,,0.0
c_s_k_1000,14.0,11.0,Daisy,,,,,,0.0
c_s_k_1000,14.0,11.0,Tulip,,,,,,0.0
c_s_k_1000,14.0,11.0,Maryj,,,,,,0.0
c_s_k_1000,14.0,12.0,Poppy,,,,,,2.1454516941996142e-05
c_s_k_1000,14.0,12.0,Oxlip,,,,,,0.0
c_s_k_1000,14.0,12.0,Daisy,,,,,,0.0
c_s_k_1000,14.0,12.0,Tulip,,,,,,0.0
c_s_k_1000,14.0,12.0,Maryj,,,,,,0.0
c_s_k_1000,14.0,13.0,Poppy,,,,,,0.0
c_s_k_1000,14.0,13.0,Oxlip,,,,,,0.0
c_s_k_1000,14.0,13.0,Daisy,,,,,,0.0
c_s_k_1000,14.0,13.0,Tulip,,,,,,1.6021474044726546e-05
c_s_k_1000,14.0,13.0,Maryj,,,,,,0.0
c_s_k_1000,14.0,14.0,Poppy,,,,,,0.0
c_s_k_1000,14.0,14.0,Oxlip,,,,,,9.162646372739786e-07
c_s_k_1000,14.0,14.0,Daisy,,,,,,0.0
c_s_k_1000,14.0,14.0,Tulip,,,,,,0.0
c_s_k_1000,14.0,14.0,Maryj,,,,,,0.0
c_s_k_1000,14.0,15.0,Poppy,,,,,,0.0
c_s_k_1000,14.0,15.0,Oxlip,,,,,,0.0
c_s_k_1000,14.0,15.0,Daisy,,,,,,5.026479966542904e-06
c_s_k_1000,14.0,15.0,Tulip,,,,,,0.0
c_s_k_1000,14.0,15.0,Maryj,,,,,,0.0
c_s_k_1000,14.0,17.0,Poppy,,,,,,0.0002455352926379887
c_s_k_1000,14.0,17.0,Oxlip,,,,,,0.0
c_s_k_1000,14.0,17.0,Daisy,,,,,,0.0
c_s_k_1000,14.0,17.0,Tulip,,,,,,0.0
c_s_k_1000,14.0,17.0,Maryj,,,,,,0.0
c_s_k_1000,14.0,18.0,Poppy,,,,,,2.4562162246380033e-06
c_s_k_1000,14.0,18.0,Oxlip,,,,,,0.0
c_s_k_1000,14.0,18.0,Daisy,,,,,,0.0
c_s_k_1000,14.0,18.0,Tulip,,,,,,0.0
c_s_k_1000,14.0,18.0,Maryj,,,,,,0.0
c_s_k_1000,14.0,19.0,Poppy,,,,,,0.0
c_s_k_1000,14.0,19.0,Oxlip,,,,,,0.0
c_s_k_1000,14.0,19.0,Daisy,,,,,,0.0
c_s_k_1000,14.0,19.0,Tulip,,,,,,0.0
c_s_k_1000,14.0,19.0,Maryj,,,,,,7.262643509930675e-05
c_s_k_1000,15.0,0.0,Poppy,,,,,,0.0
c_s_k_1000,15.0,0.0,Oxlip,,,,,,6.087372256121666e-07
c_s_k_1000,15.0,0.0,Daisy,,,,,,0.0
c_s_k_1000,15.0,0.0,Tulip,,,,,,0.0
c_s_k_1000,15.0,0.0,Maryj,,,,,,0.0
c_s_k_1000,15.0,2.0,Poppy,,,,,,0.0
c_s_k_1000,15.0,2.0,Oxlip,,,,,,0.0
c_s_k_1000,15.0,2.0,Daisy,,,,,,1.3075331099340985e-06
c_s_k_1000,15.0,2.0,Tulip,,,,,,0.0
c_s_k_1000,15.0,2.0,Maryj,,,,,,0.0
c_s_k_1000,15.0,6.0,Poppy,,,,,,3.5462886818228294e-07
c_s_k_1000,15.0,6.0,Oxlip,,,,,,0.0
c_s_k_1000,15.0,6.0,Daisy,,,,,,0.0
c_s_k_1000,15.0,6.0,Tulip,,,,,,0.0
c_s_k_1000,15.0,6.0,Maryj,,,,,,0.0
c_s_k_1000,15.0,10.0,Poppy,,,,,,0.0
c_s_k_1000,15.0,10.0,Oxlip,,,,,,0.0
c_s_k_1000,15.0,10.0,Daisy,,,,,,3.7090943021061337e-06
c_s_k_1000,15.0,10.0,Tulip,,,,,,0.0
c_s_k_1000,15.0,10.0,Maryj,,,,,,0.0
c_s_k_1000,15.0,11.0,Poppy,,,,,,6.924700420582279e-06
c_s_k_1000,15.0,11.0,Oxlip,,,,,,0.0
c_s_k_1000,15.0,11.0,Daisy,,,,,,0.0
c_s_k_1000,15.0,11.0,Tulip,,,,,,0.0
c_s_k_1000,15.0,11.0,Maryj,,,,,,0.0
c_s_k_1000,15.0,12.0,Poppy,,,,,,2.1583338912676572e-05
c_s_k_1000,15.0,12.0,Oxlip,,,,,,0.0
c_s_k_1000,15.0,12.0,Daisy,,,,,,0.0
c_s_k_1000,15.0,12.0,Tulip,,,,,,0.0
c_s_k_1000,15.0,12.0,Maryj,,,,,,0.0
c_s_k_1000,15.0,13.0,Poppy,,,,,,0.0
c_s_k_1000,15.0,13.0,Oxlip,,,,,,0.0
c_s_k_1000,15.0,13.0,Daisy,,,,,,0.0
c_s_k_1000,15.0,13.0,Tulip,,,,,,1.5096159255215097e-05
c_s_k_1000,15.0,13.0,Maryj,,,,,,0.0
c_s_k_1000,15.0,14.0,Poppy,,,,,,0.0
c_s_k_1000,15.0,14.0,Oxlip,,,,,,9.86118610950148e-07
c_s_k_1000,15.0,14.0,Daisy,,,,,,0.0
c_s_k_1000,15.0,14.0,Tulip,,,,,,0.0
c_s_k_1000,15.0,14.0,Maryj,,,,,,0.0
c_s_k_1000,15.0,15.0,Poppy,,,,,,0.0
c_s_k_1000,15.0,15.0,Oxlip,,,,,,0.0
c_s_k_1000,15.0,15.0,Daisy,,,,,,5.271920427799569e-06
c_s_k_1000,15.0,15.0,Tulip,,,,,,0.0
c_s_k_1000,15.0,15.0,Maryj,,,,,,0.0
c_s_k_1000,15.0,17.0,Poppy,,,,,,0.0002432134539135516
c_s_k_1000,15.0,17.0,Oxlip,,,,,,0.0
c_s_k_1000,15.0,17.0,Daisy,,,,,,0.0
c_s_k_1000,15.0,17.0,Tulip,,,,,,0.0
c_s_k_1000,15.0,17.0,Maryj,,,,,,0.0
c_s_k_1000,15.0,18.0,Poppy,,,,,,2.4144655593772956e-06
c_s_k_1000,15.0,18.0,Oxlip,,,,,,0.0
c_s_k_1000,15.0,18.0,Daisy,,,,,,0.0
c_s_k_1000,15.0,18.0,Tulip,,,,,,0.0
c_s_k_1000,15.0,18.0,Maryj,,,,,,0.0
c_s_k_1000,15.0,19.0,Poppy,,,,,,0.0
c_s_k_1000,15.0,19.0,Oxlip,,,,,,0.0
c_s_k_1000,15.0,19.0,Daisy,,,,,,0.0
c_s_k_1000,15.0,19.0,Tulip,,,,,,0.0
c_s_k_1000,15.0,19.0,Maryj,,,,,,7.134160031348706e-05
c_s_k_1000,16.0,0.0,Poppy,,,,,,0.0
c_s_k_1000,16.0,0.0,Oxlip,,,,,,6.353349678345069e-07
c_s_k_1000,16.0,0.0,Daisy,,,,,,0.0
c_s_k_1000,16.0,0.0,Tulip,,,,,,0.0
c_s_k_1000,16.0,0.0,Maryj,,,,,,0.0
c_s_k_1000,16.0,2.0,Poppy,,,,,,0.0
c_s_k_1000,16.0,2.0,Oxlip,,,,,,0.0
c_s_k_1000,16.0,2.0,Daisy,,,,,,1.304278610797978e-06
c_s_k_1000,16.0,2.0,Tulip,,,,,,0.0
c_s_k_1000,16.0,2.0,Maryj,,,,,,0.0
c_s_k_1000,16.0,6.0,Poppy,,,,,,4.297461233722828e-07
c_s_k_1000,16.0,6.0,Oxlip,,,,,,0.0
c_s_k_1000,16.0,6.0,Daisy,,,,,,0.0
c_s_k_1000,16.0,6.0,Tulip,,,,,,0.0
c_s_k_1000,16.0,6.0,Maryj,,,,,,0.0
c_s_k_1000,16.0,10.0,Poppy,,,,,,0.0
c_s_k_1000,16.0,10.0,Oxlip,,,,,,0.0
c_s_k_1000,16.0,10.0,Daisy,,,,,,3.7661299020118484e-06
c_s_k_1000,16.0,10.0,Tulip,,,,,,0.0
c_s_k_1000,16.0,10.0,Maryj,,,,,,0.0
c_s_k_1000,16.0,11.0,Poppy,,,,,,6.834568323201302e-06
c_s_k_1000,16.0,11.0,Oxlip,,,,,,0.0
c_s_k_1000,16.0,11.0,Daisy,,,,,,0.0
c_s_k_1000,16.0,11.0,Tulip,,,,,,0.0
c_s_k_1000,16.0,11.0,Maryj,,,,,,0.0
c_s_k_1000,16.0,12.0,Poppy,,,,,,2.1634700552129548e-05
c_s_k_1000,16.0,12.0,Oxlip,,,,,,0.0
c_s_k_1000,16.0,12.0,Daisy,,,,,,0.0
c_s_k_1000,16.0,12.0,Tulip,,,,,,0.0
c_s_k_1000,16.0,12.0,Maryj,,,,,,0.0
c_s_k_1000,16.0,13.0,Poppy,,,,,,0.0
c_s_k_1000,16.0,13.0,Oxlip,,,,,,0.0
c_s_k_1000,16.0,13.0,Daisy,,,,,,0.0
c_s_k_1000,16.0,13.0,Tulip,,,,,,1.5335665655011876e-05
c_s_k_1000,16.0,13.0,Maryj,,,,,,0.0
c_s_k_1000,16.0,14.0,Poppy,,,,,,0.0
c_s_k_1000,16.0,14.0,Oxlip,,,,,,1.0339670940383495e-06
c_s_k_1000,16.0,14.0,Daisy,,,,,,0.0
c_s_k_1000,16.0,14.0,Tulip,,,,,,0.0
c_s_k_1000,16.0,14.0,Maryj,,,,,,0.0
c_s_k_1000,16.0,15.0,Poppy,,,,,,0.0
c_s_k_1000,16.0,15.0,Oxlip,,,,,,0.0
c_s_k_1000,16.0,15.0,Daisy,,,,,,5.510536462742813e-06
c_s_k_1000,16.0,15.0,Tulip,,,,,,0.0
c_s_k_1000,16.0,15.0,Maryj,,,,,,0.0
c_s_k_1000,16.0,17.0,Poppy,,,,,,0.0002478757504201268
c_s_k_1000,16.0,17.0,Oxlip,,,,,,0.0
c_s_k_1000,16.0,17.0,Daisy,,,,,,0.0
c_s_k_1000,16.0,17.0,Tulip,,,,,,0.0
c_s_k_1000,16.0,17.0,Maryj,,,,,,0.0
c_s_k_1000,16.0,18.0,Poppy,,,,,,2.7477802674530765e-06
c_s_k_1000,16.0,18.0,Oxlip,,,,,,0.0
c_s_k_1000,16.0,18.0,Daisy,,,,,,0.0
c_s_k_1000,16.0,18.0,Tulip,,,,,,0.0
c_s_k_1000,16.0,18.0,Maryj,,,,,,0.0
c_s_k_1000,16.0,19.0,Poppy,,,,,,0.0
c_s_k_1000,16.0,19.0,Oxlip,,,,,,0.0
c_s_k_1000,16.0,19.0,Daisy,,,,,,0.0
c_s_k_1000,16.0,19.0,Tulip,,,,,,0.0
c_s_k_1000,16.0,19.0,Maryj,,,,,,7.250759387870385e-05
c_s_k_1000,17.0,0.0,Poppy,,,,,,0.0
c_s_k_1000,17.0,0.0,Oxlip,,,,,,7.40152169464326e-07
c_s_k_1000,17.0,0.0,Daisy,,,,,,0.0
c_s_k_1000,17.0,0.0,Tulip,,,,,,0.0
c_s_k_1000,17.0,0.0,Maryj,,,,,,0.0
c_s_k_1000,17.0,2.0,Poppy,,,,,,0.0
c_s_k_1000,17.0,2.0,Oxlip,,,,,,0.0
c_s_k_1000,17.0,2.0,Daisy,,,,,,1.2755416204705195e-06
c_s_k_1000,17.0,2.0,Tulip,,,,,,0.0
c_s_k_1000,17.0,2.0,Maryj,,,,,,0.0
c_s_k_1000,17.0,6.0,Poppy,,,,,,4.886094731965125e-07
c_s_k_1000,17.0,6.0,Oxlip,,,,,,0.0
c_s_k_1000,17.0,6.0,Daisy,,,,,,0.0
c_s_k_1000,17.0,6.0,Tulip,,,,,,0.0
c_s_k_1000,17.0,6.0,Maryj,,,,,,0.0
c_s_k_1000,17.0,10.0,Poppy,,,,,,0.0
c_s_k_1000,17.0,10.0,Oxlip,,,,,,0.0
c_s_k_1000,17.0,10.0,Daisy,,,,,,4.152781428597165e-06
c_s_k_1000,17.0,10.0,Tulip,,,,,,0.0
c_s_k_1000,17.0,10.0,Maryj,,,,,,0.0
c_s_k_1000,17.0,11.0,Poppy,,,,,,6.537515232127044e-06
c_s_k_1000,17.0,11.0,Oxlip,,,,,,0.0
c_s_k_1000,17.0,11.0,Daisy,,,,,,0.0
c_s_k_1000,17.0,11.0,Tulip,,,,,,0.0
c_s_k_1000,17.0,11.0,Maryj,,,,,,0.0
c_s_k_1000,17.0,12.0,Poppy,,,,,,2.246577489335845e-05
c_s_k_1000,17.0,12.0,Oxlip,,,,,,0.0
c_s_k_1000,17.0,12.0,Daisy,,,,,,0.0
c_s_k_1000,17.0,12.0,Tulip,,,,,,0.0
c_s_k_1000,17.0,12.0,Maryj,,,,,,0.0
c_s_k_1000,17.0,13.0,Poppy,,,,,,0.0
c_s_k_1000,17.0,13.0,Oxlip,,,,,,0.0
c_s_k_1000,17.0,13.0,Daisy,,,,,,0.0
c_s_k_1000,17.0,13.0,Tulip,,,,,,1.8673025961835497e-05
c_s_k_1000,17.0,13.0,Maryj,,,,,,0.0
c_s_k_1000,17.0,14.0,Poppy,,,,,,0.0
c_s_k_1000,17.0,14.0,Oxlip,,,,,,1.235727976627834e-06
c_s_k_1000,17.0,14.0,Daisy,,,,,,0.0
c_s_k_1000,17.0,14.0,Tulip,,,,,,0.0
c_s_k_1000,17.0,14.0,Maryj,,,,,,0.0
c_s_k_1000,17.0,15.0,Poppy,,,,,,0.0
c_s_k_1000,17.0,15.0,Oxlip,,,,,,0.0
c_s_k_1000,17.0,15.0,Daisy,,,,,,5.659153021410775e-06
c_s_k_1000,17.0,15.0,Tulip,,,,,,0.0
c_s_k_1000,17.0,15.0,Maryj,,,,,,0.0
c_s_k_1000,17.0,17.0,Poppy,,,,,,0.0002688145199957417
c_s_k_1000,17.0,17.0,Oxlip,,,,,,0.0
c_s_k_1000,17.0,17.0,Daisy,,,,,,0.0
c_s_k_1000,17.0,17.0,Tulip,,,,,,0.0
c_s_k_1000,17.0,17.0,Maryj,,,,,,0.0
c_s_k_1000,17.0,18.0,Poppy,,,,,,4.258914973270341e-06
c_s_k_1000,17.0,18.0,Oxlip,,,,,,0.0
c_s_k_1000,17.0,18.0,Daisy,,,,,,0.0
c_s_k_1000,17.0,18.0,Tulip,,,,,,0.0
c_s_k_1000,17.0,18.0,Maryj,,,,,,0.0
c_s_k_1000,17.0,19.0,Poppy,,,,,,0.0
c_s_k_1000,17.0,19.0,Oxlip,,,,,,0.0
c_s_k_1000,17.0,19.0,Daisy,,,,,,0.0
c_s_k_1000,17.0,19.0,Tulip,,,,,,0.0
c_s_k_1000,17.0,19.0,Maryj,,,,,,7.774362325024885e-05
c_s_k_1000,18.0,0.0,Poppy,,,,,,0.0
c_s_k_1000,18.0,0.0,Oxlip,,,,,,3.781989661703899e-07
c_s_k_1000,18.0,0.0,Daisy,,,,,,0.0
c_s_k_1000,18.0,0.0,Tulip,,,,,,0.0
c_s_k_1000,18.0,0.0,Maryj,,,,,,0.0
c_s_k_1000,18.0,2.0,Poppy,,,,,,0.0
c_s_k_1000,18.0,2.0,Oxlip,,,,,,0.0
c_s_k_1000,18.0,2.0,Daisy,,,,,,5.389118599430593e-07
c_s_k_1000,18.0,2.0,Tulip,,,,,,0.0
c_s_k_1000,18.0,2.0,Maryj,,,,,,0.0
c_s_k_1000,18.0,6.0,Poppy,,,,,,5.309666514061784e-07
c_s_k_1000,18.0,6.0,Oxlip,,,,,,0.0
c_s_k_1000,18.0,6.0,Daisy,,,,,,0.0
c_s_k_1000,18.0,6.0,Tulip,,,,,,0.0
c_s_k_1000,18.0,6.0,Maryj,,,,,,0.0
c_s_k_1000,18.0,10.0,Poppy,,,,,,0.0
c_s_k_1000,18.0,10.0,Oxlip,,,,,,0.0
c_s_k_1000,18.0,10.0,Daisy,,,,,,2.379049281093943e-06
c_s_k_1000,18.0,10.0,Tulip,,,,,,0.0
c_s_k_1000,18.0,10.0,Maryj,,,,,,0.0
c_s_k_1000,18.0,11.0,Poppy,,,,,,2.7759759004682314e-06
c_s_k_1000,18.0,11.0,Oxlip,,,,,,0.0
c_s_k_1000,18.0,11.0,Daisy,,,,,,0.0
c_s_k_1000,18.0,11.0,Tulip,,,,,,0.0
c_s_k_1000,18.0,11.0,Maryj,,,,,,0.0
c_s_k_1000,18.0,12.0,Poppy,,,,,,9.16412003079345e-06
c_s_k_1000,18.0,12.0,Oxlip,,,,,,0.0
c_s_k_1000,18.0,12.0,Daisy,,,,,,0.0
c_s_k_1000,18.0,12.0,Tulip,,,,,,0.0
c_s_k_1000,18.0,12.0,Maryj,,,,,,0.0
c_s_k_1000,18.0,13.0,Poppy,,,,,,0.0
c_s_k_1000,18.0,13.0,Oxlip,,,,,,0.0
c_s_k_1000,18.0,13.0,Daisy,,,,,,0.0
c_s_k_1000,18.0,13.0,Tulip,,,,,,1.4607912231671662e-05
c_s_k_1000,18.0,13.0,Maryj,,,,,,0.0
c_s_k_1000,18.0,14.0,Poppy,,,,,,0.0
c_s_k_1000,18.0,14.0,Oxlip,,,,,,8.634561182661615e-07
c_s_k_1000,18.0,14.0,Daisy,,,,,,0.0
c_s_k_1000,18.0,14.0,Tulip,,,,,,0.0
c_s_k_1000,18.0,14.0,Maryj,,,,,,0.0
c_s_k_1000,18.0,15.0,Poppy,,,,,,0.0
c_s_k_1000,18.0,15.0,Oxlip,,,,,,0.0
c_s_k_1000,18.0,15.0,Daisy,,,,,,3.236844286999381e-06
c_s_k_1000,18.0,15.0,Tulip,,,,,,0.0
c_s_k_1000,18.0,15.0,Maryj,,,,,,0.0
c_s_k_1000,18.0,17.0,Poppy,,,,,,0.00018139244339965423
c_s_k_1000,18.0,17.0,Oxlip,,,,,,0.0
c_s_k_1000,18.0,17.0,Daisy,,,,,,0.0
c_s_k_1000,18.0,17.0,Tulip,,,,,,0.0
c_s_k_1000,18.0,17.0,Maryj,,,,,,0.0
c_s_k_1000,18.0,18.0,Poppy,,,,,,6.1894553268609435e-06
c_s_k_1000,18.0,18.0,Oxlip,,,,,,0.0
c_s_k_1000,18.0,18.0,Daisy,,,,,,0.0
c_s_k_1000,18.0,18.0,Tulip,,,,,,0.0
c_s_k_1000,18.0,18.0,Maryj,,,,,,0.0
c_s_k_1000,18.0,19.0,Poppy,,,,,,0.0
c_s_k_1000,18.0,19.0,Oxlip,,,,,,0.0
c_s_k_1000,18.0,19.0,Daisy,,,,,,0.0
c_s_k_1000,18.0,19.0,Tulip,,,,,,0.0
c_s_k_1000,18.0,19.0,Maryj,,,,,,5.198768037768333e-05
c_s_k_1000,19.0,0.0,Poppy,,,,,,0.0
c_s_k_1000,19.0,0.0,Oxlip,,,,,,4.004005918886082e-07
c_s_k_1000,19.0,0.0,Daisy,,,,,,0.0
c_s_k_1000,19.0,0.0,Tulip,,,,,,0.0
c_s_k_1000,19.0,0.0,Maryj,,,,,,0.0
c_s_k_1000,19.0,2.0,Poppy,,,,,,0.0
c_s_k_1000,19.0,2.0,Oxlip,,,,,,0.0
c_s_k_1000,19.0,2.0,Daisy,,,,,,2.3946480572846026e-07
c_s_k_1000,19.0,2.0,Tulip,,,,,,0.0
c_s_k_1000,19.0,2.0,Maryj,,,,,,0.0
c_s_k_1000,19.0,6.0,Poppy,,,,,,2.87969615457144e-07
c_s_k_1000,19.0,6.0,Oxlip,,,,,,0.0
c_s_k_1000,19.0,6.0,Daisy,,,,,,0.0
c_s_k_1000,19.0,6.0,Tulip,,,,,,0.0
c_s_k_1000,19.0,6.0,Maryj,,,,,,0.0
c_s_k_1000,19.0,10.0,Poppy,,,,,,0.0
c_s_k_1000,19.0,10.0,Oxlip,,,,,,0.0
c_s_k_1000,19.0,10.0,Daisy,,,,,,1.7728316428965996e-06
c_s_k_1000,19.0,10.0,Tulip,,,,,,0.0
c_s_k_1000,19.0,10.0,Maryj,,,,,,0.0
c_s_k_1000,19.0,11.0,Poppy,,,,,,1.305344477514558e-06
c_s_k_1000,19.0,11.0,Oxlip,,,,,,0.0
c_s_k_1000,19.0,11.0,Daisy,,,,,,0.0
c_s_k_1000,19.0,11.0,Tulip,,,,,,0.0
c_s_k_1000,19.0,11.0,Maryj,,,,,,0.0
c_s_k_1000,19.0,12.0,Poppy,,,,,,6.367969608019842e-06
c_s_k_1000,19.0,12.0,Oxlip,,,,,,0.0
c_s_k_1000,19.0,12.0,Daisy,,,,,,0.0
c_s_k_1000,19.0,12.0,Tulip,,,,,,0.0
c_s_k_1000,19.0,12.0,Maryj,,,,,,0.0
c_s_k_1000,19.0,13.0,Poppy,,,,,,0.0
c_s_k_1000,19.0,13.0,Oxlip,,,,,,0.0
c_s_k_1000,19.0,13.0,Daisy,,,,,,0.0
c_s_k_1000,19.0,13.0,Tulip,,,,,,1.2439737903367501e-05
c_s_k_1000,19.0,13.0,Maryj,,,,,,0.0
c_s_k_1000,19.0,14.0,Poppy,,,,,,0.0
c_s_k_1000,19.0,14.0,Oxlip,,,,,,8.942661221291868e-07
c_s_k_1000,19.0,14.0,Daisy,,,,,,0.0
c_s_k_1000,19.0,14.0,Tulip,,,,,,0.0
c_s_k_1000,19.0,14.0,Maryj,,,,,,0.0
c_s_k_1000,19.0,15.0,Poppy,,,,,,0.0
c_s_k_1000,19.0,15.0,Oxlip,,,,,,0.0
c_s_k_1000,19.0,15.0,Daisy,,,,,,1.5596331566513923e-06
c_s_k_1000,19.0,15.0,Tulip,,,,,,0.0
c_s_k_1000,19.0,15.0,Maryj,,,,,,0.0
c_s_k_1000,19.0,17.0,Poppy,,,,,,0.0001295829973314883
c_s_k_1000,19.0,17.0,Oxlip,,,,,,0.0
c_s_k_1000,19.0,17.0,Daisy,,,,,,0.0
c_s_k_1000,19.0,17.0,Tulip,,,,,,0.0
c_s_k_1000,19.0,17.0,Maryj,,,,,,0.0
c_s_k_1000,19.0,18.0,Poppy,,,,,,6.29949967375574e-06
c_s_k_1000,19.0,18.0,Oxlip,,,,,,0.0
c_s_k_1000,19.0,18.0,Daisy,,,,,,0.0
c_s_k_1000,19.0,18.0,Tulip,,,,,,0.0
c_s_k_1000,19.0,18.0,Maryj,,,,,,0.0
c_s_k_1000,19.0,19.0,Poppy,,,,,,0.0
c_s_k_1000,19.0,19.0,Oxlip,,,,,,0.0
c_s_k_1000,19.0,19.0,Daisy,,,,,,0.0
c_s_k_1000,19.0,19.0,Tulip,,,,,,0.0
c_s_k_1000,19.0,19.0,Maryj,,,,,,3.329812516610491e-05
c_s_k_1000,20.0,0.0,Poppy,,,,,,0.0
c_s_k_1000,20.0,0.0,Oxlip,,,,,,4.1759489504065683e-07
c_s_k_1000,20.0,0.0,Daisy,,,,,,0.0
c_s_k_1000,20.0,0.0,Tulip,,,,,,0.0
c_s_k_1000,20.0,0.0,Maryj,,,,,,0.0
c_s_k_1000,20.0,2.0,Poppy,,,,,,0.0
c_s_k_1000,20.0,2.0,Oxlip,,,,,,0.0
c_s_k_1000,20.0,2.0,Daisy,,,,,,2.490138587193647e-07
c_s_k_1000,20.0,2.0,Tulip,,,,,,0.0
c_s_k_1000,20.0,2.0,Maryj,,,,,,0.0
c_s_k_1000,20.0,6.0,Poppy,,,,,,2.2979951380438845e-07
c_s_k_1000,20.0,6.0,Oxlip,,,,,,0.0
c_s_k_1000,20.0,6.0,Daisy,,,,,,0.0
c_s_k_1000,20.0,6.0,Tulip,,,,,,0.0
c_s_k_1000,20.0,6.0,Maryj,,,,,,0.0
c_s_k_1000,20.0,10.0,Poppy,,,,,,0.0
c_s_k_1000,20.0,10.0,Oxlip,,,,,,0.0
c_s_k_1000,20.0,10.0,Daisy,,,,,,1.7871922080871325e-06
c_s_k_1000,20.0,10.0,Tulip,,,,,,0.0
c_s_k_1000,20.0,10.0,Maryj,,,,,,0.0
c_s_k_1000,20.0,11.0,Poppy,,,,,,1.3529534717567599e-06
c_s_k_1000,20.0,11.0,Oxlip,,,,,,0.0
c_s_k_1000,20.0,11.0,Daisy,,,,,,0.0
c_s_k_1000,20.0,11.0,Tulip,,,,,,0.0
c_s_k_1000,20.0,11.0,Maryj,,,,,,0.0
c_s_k_1000,20.0,12.0,Poppy,,,,,,6.593303881097428e-06
c_s_k_1000,20.0,12.0,Oxlip,,,,,,0.0
c_s_k_1000,20.0,12.0,Daisy,,,,,,0.0
c_s_k_1000,20.0,12.0,Tulip,,,,,,0.0
c_s_k_1000,20.0,12.0,Maryj,,,,,,0.0
c_s_k_1000,20.0,13.0,Poppy,,,,,,0.0
c_s_k_1000,20.0,13.0,Oxlip,,,,,,0.0
c_s_k_1000,20.0,13.0,Daisy,,,,,,0.0
c_s_k_1000,20.0,13.0,Tulip,,,,,,1.1439060170139638e-05
c_s_k_1000,20.0,13.0,Maryj,,,,,,0.0
c_s_k_1000,20.0,14.0,Poppy,,,,,,0.0
c_s_k_1000,20.0,14.0,Oxlip,,,,,,8.943639268019922e-07
c_s_k_1000,20.0,14.0,Daisy,,,,,,0.0
c_s_k_1000,20.0,14.0,Tulip,,,,,,0.0
c_s_k_1000,20.0,14.0,Maryj,,,,,,0.0
c_s_k_1000,20.0,15.0,Poppy,,,,,,0.0
c_s_k_1000,20.0,15.0,Oxlip,,,,,,0.0
c_s_k_1000,20.0,15.0,Daisy,,,,,,1.4469103791346068e-06
c_s_k_1000,20.0,15.0,Tulip,,,,,,0.0
c_s_k_1000,20.0,15.0,Maryj,,,,,,0.0
c_s_k_1000,20.0,17.0,Poppy,,,,,,0.00012111417213172725
c_s_k_1000,20.0,17.0,Oxlip,,,,,,0.0
c_s_k_1000,20.0,17.0,Daisy,,,,,,0.0
c_s_k_1000,20.0,17.0,Tulip,,,,,,0.0
c_s_k_1000,20.0,17.0,Maryj,,,,,,0.0
c_s_k_1000,20.0,18.0,Poppy,,,,,,5.621434049694407e-06
c_s_k_1000,20.0,18.0,Oxlip,,,,,,0.0
c_s_k_1000,20.0,18.0,Daisy,,,,,,0.0
c_s_k_1000,20.0,18.0,Tulip,,,,,,0.0
c_s_k_1000,20.0,18.0,Maryj,,,,,,0.0
c_s_k_1000,20.0,19.0,Poppy,,,,,,0.0
c_s_k_1000,20.0,19.0,Oxlip,,,,,,0.0
c_s_k_1000,20.0,19.0,Daisy,,,,,,0.0
c_s_k_1000,20.0,19.0,Tulip,,,,,,0.0
c_s_k_1000,20.0,19.0,Maryj,,,,,,3.0420213296925312e-05
c_s_k_1000,21.0,0.0,Poppy,,,,,,0.0
c_s_k_1000,21.0,0.0,Oxlip,,,,,,4.1892789856407757e-07
c_s_k_1000,21.0,0.0,Daisy,,,,,,0.0
c_s_k_1000,21.0,0.0,Tulip,,,,,,0.0
c_s_k_1000,21.0,0.0,Maryj,,,,,,0.0
c_s_k_1000,21.0,2.0,Poppy,,,,,,0.0
c_s_k_1000,21.0,2.0,Oxlip,,,,,,0.0
c_s_k_1000,21.0,2.0,Daisy,,,,,,2.1739270507816138e-07
c_s_k_1000,21.0,2.0,Tulip,,,,,,0.0
c_s_k_1000,21.0,2.0,Maryj,,,,,,0.0
c_s_k_1000,21.0,6.0,Poppy,,,,,,2.2407943048427944e-07
c_s_k_1000,21.0,6.0,Oxlip,,,,,,0.0
c_s_k_1000,21.0,6.0,Daisy,,,,,,0.0
c_s_k_1000,21.0,6.0,Tulip,,,,,,0.0
c_s_k_1000,21.0,6.0,Maryj,,,,,,0.0
c_s_k_1000,21.0,10.0,Poppy,,,,,,0.0
c_s_k_1000,21.0,10.0,Oxlip,,,,,,0.0
c_s_k_1000,21.0,10.0,Daisy,,,,,,1.7948236465880945e-06
c_s_k_1000,21.0,10.0,Tulip,,,,,,0.0
c_s_k_1000,21.0,10.0,Maryj,,,,,,0.0
c_s_k_1000,21.0,11.0,Poppy,,,,,,1.1702069685464441e-06
c_s_k_1000,21.0,11.0,Oxlip,,,,,,0.0
c_s_k_1000,21.0,11.0,Daisy,,,,,,0.0
c_s_k_1000,21.0,11.0,Tulip,,,,,,0.0
c_s_k_1000,21.0,11.0,Maryj,,,,,,0.0
c_s_k_1000,21.0,12.0,Poppy,,,,,,6.540787197762981e-06
c_s_k_1000,21.0,12.0,Oxlip,,,,,,0.0
c_s_k_1000,21.0,12.0,Daisy,,,,,,0.0
c_s_k_1000,21.0,12.0,Tulip,,,,,,0.0
c_s_k_1000,21.0,12.0,Maryj,,,,,,0.0
c_s_k_1000,21.0,13.0,Poppy,,,,,,0.0
c_s_k_1000,21.0,13.0,Oxlip,,,,,,0.0
c_s_k_1000,21.0,13.0,Daisy,,,,,,0.0
c_s_k_1000,21.0,13.0,Tulip,,,,,,1.0384074955946783e-05
c_s_k_1000,21.0,13.0,Maryj,,,,,,0.0
c_s_k_1000,21.0,14.0,Poppy,,,,,,0.0
c_s_k_1000,21.0,14.0,Oxlip,,,,,,9.615089071536391e-07
c_s_k_1000,21.0,14.0,Daisy,,,,,,0.0
c_s_k_1000,21.0,14.0,Tulip,,,,,,0.0
c_s_k_1000,21.0,14.0,Maryj,,,,,,0.0
c_s_k_1000,21.0,15.0,Poppy,,,,,,0.0
c_s_k_1000,21.0,15.0,Oxlip,,,,,,0.0
c_s_k_1000,21.0,15.0,Daisy,,,,,,1.2875442740100378e-06
c_s_k_1000,21.0,15.0,Tulip,,,,,,0.0
c_s_k_1000,21.0,15.0,Maryj,,,,,,0.0
c_s_k_1000,21.0,17.0,Poppy,,,,,,0.0001086494008300863
c_s_k_1000,21.0,17.0,Oxlip,,,,,,0.0
c_s_k_1000,21.0,17.0,Daisy,,,,,,0.0
c_s_k_1000,21.0,17.0,Tulip,,,,,,0.0
c_s_k_1000,21.0,17.0,Maryj,,,,,,0.0
c_s_k_1000,21.0,18.0,Poppy,,,,,,5.293186148283282e-06
c_s_k_1000,21.0,18.0,Oxlip,,,,,,0.0
c_s_k_1000,21.0,18.0,Daisy,,,,,,0.0
c_s_k_1000,21.0,18.0,Tulip,,,,,,0.0
c_s_k_1000,21.0,18.0,Maryj,,,,,,0.0
c_s_k_1000,21.0,19.0,Poppy,,,,,,0.0
c_s_k_1000,21.0,19.0,Oxlip,,,,,,0.0
c_s_k_1000,21.0,19.0,Daisy,,,,,,0.0
c_s_k_1000,21.0,19.0,Tulip,,,,,,0.0
c_s_k_1000,21.0,19.0,Maryj,,,,,,2.6213714667456993e-05
c_s_k_1000,22.0,0.0,Poppy,,,,,,0.0
c_s_k_1000,22.0,0.0,Oxlip,,,,,,7.945260389498136e-08
c_s_k_1000,22.0,0.0,Daisy,,,,,,0.0
c_s_k_1000,22.0,0.0,Tulip,,,,,,0.0
c_s_k_1000,22.0,0.0,Maryj,,,,,,0.0
c_s_k_1000,22.0,2.0,Poppy,,,,,,0.0
c_s_k_1000,22.0,2.0,Oxlip,,,,,,0.0
c_s_k_1000,22.0,2.0,Daisy,,,,,,2.1714625688137344e-07
c_s_k_1000,22.0,2.0,Tulip,,,,,,0.0
c_s_k_1000,22.0,2.0,Maryj,,,,,,0.0
c_s_k_1000,22.0,6.0,Poppy,,,,,,1.2349039282377815e-08
c_s_k_1000,22.0,6.0,Oxlip,,,,,,0.0
c_s_k_1000,22.0,6.0,Daisy,,,,,,0.0
c_s_k_1000,22.0,6.0,Tulip,,,,,,0.0
c_s_k_1000,22.0,6.0,Maryj,,,,,,0.0
c_s_k_1000,22.0,10.0,Poppy,,,,,,0.0
c_s_k_1000,22.0,10.0,Oxlip,,,,,,0.0
c_s_k_1000,22.0,10.0,Daisy,,,,,,9.706682111367597e-07
c_s_k_1000,22.0,10.0,Tulip,,,,,,0.0
c_s_k_1000,22.0,10.0,Maryj,,,,,,0.0
c_s_k_1000,22.0,11.0,Poppy,,,,,,1.1689275226312685e-06
c_s_k_1000,22.0,11.0,Oxlip,,,,,,0.0
c_s_k_1000,22.0,11.0,Daisy,,,,,,0.0
c_s_k_1000,22.0,11.0,Tulip,,,,,,0.0
c_s_k_1000,22.0,11.0,Maryj,,,,,,0.0
c_s_k_1000,22.0,12.0,Poppy,,,,,,3.0188539861467215e-06
c_s_k_1000,22.0,12.0,Oxlip,,,,,,0.0
c_s_k_1000,22.0,12.0,Daisy,,,,,,0.0
c_s_k_1000,22.0,12.0,Tulip,,,,,,0.0
c_s_k_1000,22.0,12.0,Maryj,,,,,,0.0
c_s_k_1000,22.0,13.0,Poppy,,,,,,0.0
c_s_k_1000,22.0,13.0,Oxlip,,,,,,0.0
c_s_k_1000,22.0,13.0,Daisy,,,,,,0.0
c_s_k_1000,22.0,13.0,Tulip,,,,,,7.084220008479804e-06
c_s_k_1000,22.0,13.0,Maryj,,,,,,0.0
c_s_k_1000,22.0,14.0,Poppy,,,,,,0.0
c_s_k_1000,22.0,14.0,Oxlip,,,,,,3.7087131711643484e-07
c_s_k_1000,22.0,14.0,Daisy,,,,,,0.0
c_s_k_1000,22.0,14.0,Tulip,,,,,,0.0
c_s_k_1000,22.0,14.0,Maryj,,,,,,0.0
c_s_k_1000,22.0,15.0,Poppy,,,,,,0.0
c_s_k_1000,22.0,15.0,Oxlip,,,,,,0.0
c_s_k_1000,22.0,15.0,Daisy,,,,,,5.918559748489777e-07
c_s_k_1000,22.0,15.0,Tulip,,,,,,0.0
c_s_k_1000,22.0,15.0,Maryj,,,,,,0.0
c_s_k_1000,22.0,17.0,Poppy,,,,,,7.198729573667945e-05
c_s_k_1000,22.0,17.0,Oxlip,,,,,,0.0
c_s_k_1000,22.0,17.0,Daisy,,,,,,0.0
c_s_k_1000,22.0,17.0,Tulip,,,,,,0.0
c_s_k_1000,22.0,17.0,Maryj,,,,,,0.0
c_s_k_1000,22.0,18.0,Poppy,,,,,,4.608388499244679e-06
c_s_k_1000,22.0,18.0,Oxlip,,,,,,0.0
c_s_k_1000,22.0,18.0,Daisy,,,,,,0.0
c_s_k_1000,22.0,18.0,Tulip,,,,,,0.0
c_s_k_1000,22.0,18.0,Maryj,,,,,,0.0
c_s_k_1000,22.0,19.0,Poppy,,,,,,0.0
c_s_k_1000,22.0,19.0,Oxlip,,,,,,0.0
c_s_k_1000,22.0,19.0,Daisy,,,,,,0.0
c_s_k_1000,22.0,19.0,Tulip,,,,,,0.0
c_s_k_1000,22.0,19.0,Maryj,,,,,,1.903976825292378e-05
c_s_k_1000,23.0,0.0,Poppy,,,,,,0.0
c_s_k_1000,23.0,0.0,Oxlip,,,,,,7.591410521690366e-08
c_s_k_1000,23.0,0.0,Daisy,,,,,,0.0
c_s_k_1000,23.0,0.0,Tulip,,,,,,0.0
c_s_k_1000,23.0,0.0,Maryj,,,,,,0.0
c_s_k_1000,23.0,2.0,Poppy,,,,,,0.0
c_s_k_1000,23.0,2.0,Oxlip,,,,,,0.0
c_s_k_1000,23.0,2.0,Daisy,,,,,,1.7872832934158992e-07
c_s_k_1000,23.0,2.0,Tulip,,,,,,0.0
c_s_k_1000,23.0,2.0,Maryj,,,,,,0.0
c_s_k_1000,23.0,6.0,Poppy,,,,,,1.2039574576083271e-08
c_s_k_1000,23.0,6.0,Oxlip,,,,,,0.0
c_s_k_1000,23.0,6.0,Daisy,,,,,,0.0
c_s_k_1000,23.0,6.0,Tulip,,,,,,0.0
c_s_k_1000,23.0,6.0,Maryj,,,,,,0.0
c_s_k_1000,23.0,10.0,Poppy,,,,,,0.0
c_s_k_1000,23.0,10.0,Oxlip,,,,,,0.0
c_s_k_1000,23.0,10.0,Daisy,,,,,,6.690659428175078e-07
c_s_k_1000,23.0,10.0,Tulip,,,,,,0.0
c_s_k_1000,23.0,10.0,Maryj,,,,,,0.0
c_s_k_1000,23.0,11.0,Poppy,,,,,,9.52412368206766e-07
c_s_k_1000,23.0,11.0,Oxlip,,,,,,0.0
c_s_k_1000,23.0,11.0,Daisy,,,,,,0.0
c_s_k_1000,23.0,11.0,Tulip,,,,,,0.0
c_s_k_1000,23.0,11.0,Maryj,,,,,,0.0
c_s_k_1000,23.0,12.0,Poppy,,,,,,2.529678027294512e-06
c_s_k_1000,23.0,12.0,Oxlip,,,,,,0.0
c_s_k_1000,23.0,12.0,Daisy,,,,,,0.0
c_s_k_1000,23.0,12.0,Tulip,,,,,,0.0
c_s_k_1000,23.0,12.0,Maryj,,,,,,0.0
c_s_k_1000,23.0,13.0,Poppy,,,,,,0.0
c_s_k_1000,23.0,13.0,Oxlip,,,,,,0.0
c_s_k_1000,23.0,13.0,Daisy,,,,,,0.0
c_s_k_1000,23.0,13.0,Tulip,,,,,,2.9250239037026726e-06
c_s_k_1000,23.0,13.0,Maryj,,,,,,0.0
c_s_k_1000,23.0,14.0,Poppy,,,,,,0.0
c_s_k_1000,23.0,14.0,Oxlip,,,,,,2.2859892196529942e-07
c_s_k_1000,23.0,14.0,Daisy,,,,,,0.0
c_s_k_1000,23.0,14.0,Tulip,,,,,,0.0
c_s_k_1000,23.0,14.0,Maryj,,,,,,0.0
c_s_k_1000,23.0,15.0,Poppy,,,,,,0.0
c_s_k_1000,23.0,15.0,Oxlip,,,,,,0.0
c_s_k_1000,23.0,15.0,Daisy,,,,,,4.798693973272583e-07
c_s_k_1000,23.0,15.0,Tulip,,,,,,0.0
c_s_k_1000,23.0,15.0,Maryj,,,,,,0.0
c_s_k_1000,23.0,17.0,Poppy,,,,,,4.852268002564431e-05
c_s_k_1000,23.0,17.0,Oxlip,,,,,,0.0
c_s_k_1000,23.0,17.0,Daisy,,,,,,0.0
c_s_k_1000,23.0,17.0,Tulip,,,,,,0.0
c_s_k_1000,23.0,17.0,Maryj,,,,,,0.0
c_s_k_1000,23.0,18.0,Poppy,,,,,,3.1029949340457968e-06
c_s_k_1000,23.0,18.0,Oxlip,,,,,,0.0
c_s_k_1000,23.0,18.0,Daisy,,,,,,0.0
c_s_k_1000,23.0,18.0,Tulip,,,,,,0.0
c_s_k_1000,23.0,18.0,Maryj,,,,,,0.0
c_s_k_1000,23.0,19.0,Poppy,,,,,,0.0
c_s_k_1000,23.0,19.0,Oxlip,,,,,,0.0
c_s_k_1000,23.0,19.0,Daisy,,,,,,0.0
c_s_k_1000,23.0,19.0,Tulip,,,,,,0.0
c_s_k_1000,23.0,19.0,Maryj,,,,,,1.0244083580623793e-05
c_s_k_1000,24.0,0.0,Poppy,,,,,,0.0
c_s_k_1000,24.0,0.0,Oxlip,,,,,,7.690845766068564e-08
c_s_k_1000,24.0,0.0,Daisy,,,,,,0.0
c_s_k_1000,24.0,0.0,Tulip,,,,,,0.0
c_s_k_1000,24.0,0.0,Maryj,,,,,,0.0
c_s_k_1000,24.0,2.0,Poppy,,,,,,0.0
c_s_k_1000,24.0,2.0,Oxlip,,,,,,0.0
c_s_k_1000,24.0,2.0,Daisy,,,,,,1.5706884901170522e-07
c_s_k_1000,24.0,2.0,Tulip,,,,,,0.0
c_s_k_1000,24.0,2.0,Maryj,,,,,,0.0
c_s_k_1000,24.0,6.0,Poppy,,,,,,1.1802235292325356e-08
c_s_k_1000,24.0,6.0,Oxlip,,,,,,0.0
c_s_k_1000,24.0,6.0,Daisy,,,,,,0.0
c_s_k_1000,24.0,6.0,Tulip,,,,,,0.0
c_s_k_1000,24.0,6.0,Maryj,,,,,,0.0
c_s_k_1000,24.0,10.0,Poppy,,,,,,0.0
c_s_k_1000,24.0,10.0,Oxlip,,,,,,0.0
c_s_k_1000,24.0,10.0,Daisy,,,,,,5.070363865672327e-07
c_s_k_1000,24.0,10.0,Tulip,,,,,,0.0
c_s_k_1000,24.0,10.0,Maryj,,,,,,0.0
c_s_k_1000,24.0,11.0,Poppy,,,,,,8.319780481364939e-07
c_s_k_1000,24.0,11.0,Oxlip,,,,,,0.0
c_s_k_1000,24.0,11.0,Daisy,,,,,,0.0
c_s_k_1000,24.0,11.0,Tulip,,,,,,0.0
c_s_k_1000,24.0,11.0,Maryj,,,,,,0.0
c_s_k_1000,24.0,12.0,Poppy,,,,,,2.3678829338504288e-06
c_s_k_1000,24.0,12.0,Oxlip,,,,,,0.0
c_s_k_1000,24.0,12.0,Daisy,,,,,,0.0
c_s_k_1000,24.0,12.0,Tulip,,,,,,0.0
c_s_k_1000,24.0,12.0,Maryj,,,,,,0.0
c_s_k_1000,24.0,13.0,Poppy,,,,,,0.0
c_s_k_1000,24.0,13.0,Oxlip,,,,,,0.0
c_s_k_1000,24.0,13.0,Daisy,,,,,,0.0
c_s_k_1000,24.0,13.0,Tulip,,,,,,1.3154213681093534e-06
c_s_k_1000,24.0,13.0,Maryj,,,,,,0.0
c_s_k_1000,24.0,14.0,Poppy,,,,,,0.0
c_s_k_1000,24.0,14.0,Oxlip,,,,,,1.492774478193574e-07
c_s_k_1000,24.0,14.0,Daisy,,,,,,0.0
c_s_k_1000,24.0,14.0,Tulip,,,,,,0.0
c_s_k_1000,24.0,14.0,Maryj,,,,,,0.0
c_s_k_1000,24.0,15.0,Poppy,,,,,,0.0
c_s_k_1000,24.0,15.0,Oxlip,,,,,,0.0
c_s_k_1000,24.0,15.0,Daisy,,,,,,4.318152356142783e-07
c_s_k_1000,24.0,15.0,Tulip,,,,,,0.0
c_s_k_1000,24.0,15.0,Maryj,,,,,,0.0
c_s_k_1000,24.0,17.0,Poppy,,,,,,3.387332595766971e-05
c_s_k_1000,24.0,17.0,Oxlip,,,,,,0.0
c_s_k_1000,24.0,17.0,Daisy,,,,,,0.0
c_s_k_1000,24.0,17.0,Tulip,,,,,,0.0
c_s_k_1000,24.0,17.0,Maryj,,,,,,0.0
c_s_k_1000,24.0,18.0,Poppy,,,,,,1.8651191560117947e-06
c_s_k_1000,24.0,18.0,Oxlip,,,,,,0.0
c_s_k_1000,24.0,18.0,Daisy,,,,,,0.0
c_s_k_1000,24.0,18.0,Tulip,,,,,,0.0
c_s_k_1000,24.0,18.0,Maryj,,,,,,0.0
c_s_k_1000,24.0,19.0,Poppy,,,,,,0.0
c_s_k_1000,24.0,19.0,Oxlip,,,,,,0.0
c_s_k_1000,24.0,19.0,Daisy,,,,,,0.0
c_s_k_1000,24.0,19.0,Tulip,,,,,,0.0
c_s_k_1000,24.0,19.0,Maryj,,,,,,6.435222917999181e-06
current_squared,1.0,0.0,,,,,,,7.61588415158084e-05
current_squared,1.0,2.0,,,,,,,0.00013630036734412927
current_squared,1.0,6.0,,,,,,,1.2039574576083272e-05
current_squared,1.0,10.0,,,,,,,0.00045352841986502765
current_squared,1.0,11.0,,,,,,,0.0006947485309469685
current_squared,1.0,12.0,,,,,,,0.002322334060177167
current_squared,1.0,13.0,,,,,,,0.0009955682278768533
current_squared,1.0,14.0,,,,,,,0.0001420920212884125
current_squared,1.0,15.0,,,,,,,0.0003517688594307518
current_squared,1.0,17.0,,,,,,,0.026368612989219716
current_squared,1.0,18.0,,,,,,,0.0013034443747905545
current_squared,1.0,19.0,,,,,,,0.0055097813105706595
current_squared,2.0,0.0,,,,,,,7.543835614987385e-05
current_squared,2.0,2.0,,,,,,,0.00013864371076923628
current_squared,2.0,6.0,,,,,,,1.1813023441587081e-05
current_squared,2.0,10.0,,,,,,,0.0004495936029654759
current_squared,2.0,11.0,,,,,,,0.0007063910466431329
current_squared,2.0,12.0,,,,,,,0.002317758284680174
current_squared,2.0,13.0,,,,,,,0.0007810485085012773
current_squared,2.0,14.0,,,,,,,0.0001392882549340211
current_squared,2.0,15.0,,,,,,,0.0003602071220607608
current_squared,2.0,17.0,,,,,,,0.025052720707120925
current_squared,2.0,18.0,,,,,,,0.0011385122151189521
current_squared,2.0,19.0,,,,,,,0.0051261010558027315
current_squared,3.0,0.0,,,,,,,7.715597505803934e-05
current_squared,3.0,2.0,,,,,,,0.00013853467821216836
current_squared,3.0,6.0,,,,,,,1.1841791839618342e-05
current_squared,3.0,10.0,,,,,,,0.00045274828727443405
current_squared,3.0,11.0,,,,,,,0.0007058493363485789
current_squared,3.0,12.0,,,,,,,0.0023667976149054884
current_squared,3.0,13.0,,,,,,,0.0009256880029509006
current_squared,3.0,14.0,,,,,,,0.00013864477867770098
current_squared,3.0,15.0,,,,,,,0.00035969317297669163
current_squared,3.0,17.0,,,,,,,0.025394317553687408
current_squared,3.0,18.0,,,,,,,0.0010560461352831529
current_squared,3.0,19.0,,,,,,,0.00541975036942292
current_squared,4.0,0.0,,,,,,,7.79613783348415e-05
current_squared,4.0,2.0,,,,,,,0.00014073315585317426
current_squared,4.0,6.0,,,,,,,1.1730037678035364e-05
current_squared,4.0,10.0,,,,,,,0.00045709305901706895
current_squared,4.0,11.0,,,,,,,0.0007167721102658971
current_squared,4.0,12.0,,,,,,,0.002402126359699971
current_squared,4.0,13.0,,,,,,,0.00078178876146996
current_squared,4.0,14.0,,,,,,,0.00013899369867817607
current_squared,4.0,15.0,,,,,,,0.0003669388711707181
current_squared,4.0,17.0,,,,,,,0.024851473805585153
current_squared,4.0,18.0,,,,,,,0.001014813095365252
current_squared,4.0,19.0,,,,,,,0.005160002601334937
current_squared,5.0,0.0,,,,,,,7.345763333461933e-05
current_squared,5.0,2.0,,,,,,,0.00013920608922148101
current_squared,5.0,6.0,,,,,,,1.1577897111523878e-05
current_squared,5.0,10.0,,,,,,,0.0004365097591782307
current_squared,5.0,11.0,,,,,,,0.0007091851313203055
current_squared,5.0,12.0,,,,,,,0.0022382764376730467
current_squared,5.0,13.0,,,,,,,0.0012246021288937806
current_squared,5.0,14.0,,,,,,,0.0001347449812541571
current_squared,5.0,15.0,,,,,,,0.00036343540746301993
current_squared,5.0,17.0,,,,,,,0.02621502679499123
current_squared,5.0,18.0,,,,,,,0.0010489347434349096
current_squared,5.0,19.0,,,,,,,0.006006329456685767
current_squared,6.0,0.0,,,,,,,7.229926185938261e-05
current_squared,6.0,2.0,,,,,,,0.00014530294949698048
current_squared,6.0,6.0,,,,,,,1.1462704968308042e-05
current_squared,6.0,10.0,,,,,,,0.0005069481941574006
current_squared,6.0,11.0,,,,,,,0.0007380249617887622
current_squared,6.0,12.0,,,,,,,0.0022354765271512833
current_squared,6.0,13.0,,,,,,,0.0029541830005328255
current_squared,6.0,14.0,,,,,,,0.0001735225775642918
current_squared,6.0,15.0,,,,,,,0.00038040582879148325
current_squared,6.0,17.0,,,,,,,0.035436365705375845
current_squared,6.0,18.0,,,,,,,0.0013900298176065238
current_squared,6.0,19.0,,,,,,,0.008851049055920952
current_squared,7.0,0.0,,,,,,,6.923179859065953e-05
current_squared,7.0,2.0,,,,,,,0.00021361773181439157
current_squared,7.0,6.0,,,,,,,1.0716228266645205e-05
current_squared,7.0,10.0,,,,,,,0.0009157324432668473
current_squared,7.0,11.0,,,,,,,0.0011238153197227463
current_squared,7.0,12.0,,,,,,,0.0026136098460064826
current_squared,7.0,13.0,,,,,,,0.004539743201239906
current_squared,7.0,14.0,,,,,,,0.0003747673287296709
current_squared,7.0,15.0,,,,,,,0.0005620311271838862
current_squared,7.0,17.0,,,,,,,0.05280091292151266
current_squared,7.0,18.0,,,,,,,0.002117537638451707
current_squared,7.0,19.0,,,,,,,0.014092979488075655
current_squared,8.0,0.0,,,,,,,6.841242442270044e-05
current_squared,8.0,2.0,,,,,,,0.00032841847552935843
current_squared,8.0,6.0,,,,,,,5.026679911069643e-05
current_squared,8.0,10.0,,,,,,,0.0013804983603608446
current_squared,8.0,11.0,,,,,,,0.00175427336853162
current_squared,8.0,12.0,,,,,,,0.0038480070223678533
current_squared,8.0,13.0,,,,,,,0.0061557780619039
current_squared,8.0,14.0,,,,,,,0.0005188235039610304
current_squared,8.0,15.0,,,,,,,0.001107208924091172
current_squared,8.0,17.0,,,,,,,0.07518764898261596
current_squared,8.0,18.0,,,,,,,0.0032029944199476433
current_squared,8.0,19.0,,,,,,,0.021156536272547127
current_squared,9.0,0.0,,,,,,,0.0005379481084744005
current_squared,9.0,2.0,,,,,,,0.0015455235118871696
current_squared,9.0,6.0,,,,,,,9.06713808097788e-05
current_squared,9.0,10.0,,,,,,,0.004500952338562835
current_squared,9.0,11.0,,,,,,,0.007956216735338247
current_squared,9.0,12.0,,,,,,,0.02263890535531673
current_squared,9.0,13.0,,,,,,,0.013399944682997714
current_squared,9.0,14.0,,,,,,,0.0012385851350118957
current_squared,9.0,15.0,,,,,,,0.00456888710492207
current_squared,9.0,17.0,,,,,,,0.2468120611920567
current_squared,9.0,18.0,,,,,,,0.003173479142832616
current_squared,9.0,19.0,,,,,,,0.06820779715532285
current_squared,10.0,0.0,,,,,,,0.0005100586653277417
current_squared,10.0,2.0,,,,,,,0.0012484862372968816
current_squared,10.0,6.0,,,,,,,0.00024462879983306695
current_squared,10.0,10.0,,,,,,,0.0038847003070991925
current_squared,10.0,11.0,,,,,,,0.006784902891836007
current_squared,10.0,12.0,,,,,,,0.020198997017329707
current_squared,10.0,13.0,,,,,,,0.013800191180256686
current_squared,10.0,14.0,,,,,,,0.0011276981899000869
current_squared,10.0,15.0,,,,,,,0.00468832371449897
current_squared,10.0,17.0,,,,,,,0.23180232847487878
current_squared,10.0,18.0,,,,,,,0.002835979664685967
current_squared,10.0,19.0,,,,,,,0.0663505639877834
current_squared,11.0,0.0,,,,,,,0.000547847397743839
current_squared,11.0,2.0,,,,,,,0.0011970619514574746
current_squared,11.0,6.0,,,,,,,0.00023567316485379727
current_squared,11.0,10.0,,,,,,,0.003434550597880614
current_squared,11.0,11.0,,,,,,,0.006577646185416248
current_squared,11.0,12.0,,,,,,,0.020395221531951942
current_squared,11.0,13.0,,,,,,,0.015806178162020065
current_squared,11.0,14.0,,,,,,,0.0008685266708750927
current_squared,11.0,15.0,,,,,,,0.00449796707890171
current_squared,11.0,17.0,,,,,,,0.23563629944537945
current_squared,11.0,18.0,,,,,,,0.002594329091952359
current_squared,11.0,19.0,,,,,,,0.0693043034669068
current_squared,12.0,0.0,,,,,,,0.0005684065639249226
current_squared,12.0,2.0,,,,,,,0.0012429955099631307
current_squared,12.0,6.0,,,,,,,0.00025069031872064333
current_squared,12.0,10.0,,,,,,,0.003532119352613291
current_squared,12.0,11.0,,,,,,,0.006770080369984306
current_squared,12.0,12.0,,,,,,,0.02105856786758093
current_squared,12.0,13.0,,,,,,,0.018918910291335356
current_squared,12.0,14.0,,,,,,,0.0008950469137334852
current_squared,12.0,15.0,,,,,,,0.004710902205778834
current_squared,12.0,17.0,,,,,,,0.2493261019392891
current_squared,12.0,18.0,,,,,,,0.0026976555792815465
current_squared,12.0,19.0,,,,,,,0.0751663124394616
current_squared,13.0,0.0,,,,,,,0.0005936090638337894
current_squared,13.0,2.0,,,,,,,0.0011491441863325427
current_squared,13.0,6.0,,,,,,,0.00025060230464726976
current_squared,13.0,10.0,,,,,,,0.0034471975984884393
current_squared,13.0,11.0,,,,,,,0.006296270769985663
current_squared,13.0,12.0,,,,,,,0.020391687825653468
current_squared,13.0,13.0,,,,,,,0.01677645912022442
current_squared,13.0,14.0,,,,,,,0.0009283315871891683
current_squared,13.0,15.0,,,,,,,0.004391200218676084
current_squared,13.0,17.0,,,,,,,0.23606158656175416
current_squared,13.0,18.0,,,,,,,0.002645478772334871
current_squared,13.0,19.0,,,,,,,0.06966969739376652
current_squared,14.0,0.0,,,,,,,0.0005683581712582922
current_squared,14.0,2.0,,,,,,,0.0013310970882769075
current_squared,14.0,6.0,,,,,,,0.00026513724631705907
current_squared,14.0,10.0,,,,,,,0.00364521648061525
current_squared,14.0,11.0,,,,,,,0.007082740821839642
current_squared,14.0,12.0,,,,,,,0.02145451694199614
current_squared,14.0,13.0,,,,,,,0.016021474044726546
current_squared,14.0,14.0,,,,,,,0.0009162646372739786
current_squared,14.0,15.0,,,,,,,0.005026479966542903
current_squared,14.0,17.0,,,,,,,0.24553529263798873
current_squared,14.0,18.0,,,,,,,0.0024562162246380033
current_squared,14.0,19.0,,,,,,,0.07262643509930676
current_squared,15.0,0.0,,,,,,,0.0006087372256121666
current_squared,15.0,2.0,,,,,,,0.0013075331099340985
current_squared,15.0,6.0,,,,,,,0.00035462886818228296
current_squared,15.0,10.0,,,,,,,0.0037090943021061335
current_squared,15.0,11.0,,,,,,,0.006924700420582279
current_squared,15.0,12.0,,,,,,,0.021583338912676574
current_squared,15.0,13.0,,,,,,,0.015096159255215097
current_squared,15.0,14.0,,,,,,,0.000986118610950148
current_squared,15.0,15.0,,,,,,,0.0052719204277995695
current_squared,15.0,17.0,,,,,,,0.2432134539135516
current_squared,15.0,18.0,,,,,,,0.0024144655593772955
current_squared,15.0,19.0,,,,,,,0.07134160031348706
current_squared,16.0,0.0,,,,,,,0.0006353349678345069
current_squared,16.0,2.0,,,,,,,0.001304278610797978
current_squared,16.0,6.0,,,,,,,0.0004297461233722828
current_squared,16.0,10.0,,,,,,,0.0037661299020118485
current_squared,16.0,11.0,,,,,,,0.006834568323201302
current_squared,16.0,12.0,,,,,,,0.021634700552129547
current_squared,16.0,13.0,,,,,,,0.015335665655011876
current_squared,16.0,14.0,,,,,,,0.0010339670940383494
current_squared,16.0,15.0,,,,,,,0.005510536462742813
current_squared,16.0,17.0,,,,,,,0.2478757504201268
current_squared,16.0,18.0,,,,,,,0.0027477802674530766
current_squared,16.0,19.0,,,,,,,0.07250759387870385
current_squared,17.0,0.0,,,,,,,0.000740152169464326
current_squared,17.0,2.0,,,,,,,0.0012755416204705194
current_squared,17.0,6.0,,,,,,,0.0004886094731965126
current_squared,17.0,10.0,,,,,,,0.004152781428597165
current_squared,17.0,11.0,,,,,,,0.006537515232127044
current_squared,17.0,12.0,,,,,,,0.02246577489335845
current_squared,17.0,13.0,,,,,,,0.018673025961835496
current_squared,17.0,14.0,,,,,,,0.001235727976627834
current_squared,17.0,15.0,,,,,,,0.005659153021410775
current_squared,17.0,17.0,,,,,,,0.2688145199957417
current_squared,17.0,18.0,,,,,,,0.004258914973270341
current_squared,17.0,19.0,,,,,,,0.07774362325024885
current_squared,18.0,0.0,,,,,,,0.0003781989661703899
current_squared,18.0,2.0,,,,,,,0.0005389118599430594
current_squared,18.0,6.0,,,,,,,0.0005309666514061784
current_squared,18.0,10.0,,,,,,,0.002379049281093943
current_squared,18.0,11.0,,,,,,,0.002775975900468231
current_squared,18.0,12.0,,,,,,,0.009164120030793449
current_squared,18.0,13.0,,,,,,,0.014607912231671662
current_squared,18.0,14.0,,,,,,,0.0008634561182661615
current_squared,18.0,15.0,,,,,,,0.0032368442869993813
current_squared,18.0,17.0,,,,,,,0.18139244339965424
current_squared,18.0,18.0,,,,,,,0.006189455326860944
current_squared,18.0,19.0,,,,,,,0.051987680377683324
current_squared,19.0,0.0,,,,,,,0.0004004005918886082
current_squared,19.0,2.0,,,,,,,0.00023946480572846027
current_squared,19.0,6.0,,,,,,,0.00028796961545714397
current_squared,19.0,10.0,,,,,,,0.0017728316428965996
current_squared,19.0,11.0,,,,,,,0.001305344477514558
current_squared,19.0,12.0,,,,,,,0.006367969608019842
current_squared,19.0,13.0,,,,,,,0.012439737903367502
current_squared,19.0,14.0,,,,,,,0.0008942661221291868
current_squared,19.0,15.0,,,,,,,0.0015596331566513923
current_squared,19.0,17.0,,,,,,,0.12958299733148831
current_squared,19.0,18.0,,,,,,,0.0062994996737557405
current_squared,19.0,19.0,,,,,,,0.03329812516610491
current_squared,20.0,0.0,,,,,,,0.00041759489504065685
current_squared,20.0,2.0,,,,,,,0.0002490138587193647
current_squared,20.0,6.0,,,,,,,0.00022979951380438845
current_squared,20.0,10.0,,,,,,,0.0017871922080871325
current_squared,20.0,11.0,,,,,,,0.0013529534717567598
current_squared,20.0,12.0,,,,,,,0.0065933038810974285
current_squared,20.0,13.0,,,,,,,0.011439060170139638
current_squared,20.0,14.0,,,,,,,0.0008943639268019922
current_squared,20.0,15.0,,,,,,,0.0014469103791346068
current_squared,20.0,17.0,,,,,,,0.12111417213172726
current_squared,20.0,18.0,,,,,,,0.005621434049694407
current_squared,20.0,19.0,,,,,,,0.030420213296925312
current_squared,21.0,0.0,,,,,,,0.00041892789856407756
current_squared,21.0,2.0,,,,,,,0.00021739270507816136
current_squared,21.0,6.0,,,,,,,0.00022407943048427946
current_squared,21.0,10.0,,,,,,,0.0017948236465880946
current_squared,21.0,11.0,,,,,,,0.0011702069685464442
current_squared,21.0,12.0,,,,,,,0.0065407871977629815
current_squared,21.0,13.0,,,,,,,0.010384074955946784
current_squared,21.0,14.0,,,,,,,0.0009615089071536391
current_squared,21.0,15.0,,,,,,,0.0012875442740100378
current_squared,21.0,17.0,,,,,,,0.1086494008300863
current_squared,21.0,18.0,,,,,,,0.005293186148283282
current_squared,21.0,19.0,,,,,,,0.02621371466745699
current_squared,22.0,0.0,,,,,,,7.945260389498136e-05
current_squared,22.0,2.0,,,,,,,0.00021714625688137344
current_squared,22.0,6.0,,,,,,,1.2349039282377815e-05
current_squared,22.0,10.0,,,,,,,0.0009706682111367597
current_squared,22.0,11.0,,,,,,,0.0011689275226312685
current_squared,22.0,12.0,,,,,,,0.0030188539861467217
current_squared,22.0,13.0,,,,,,,0.007084220008479804
current_squared,22.0,14.0,,,,,,,0.00037087131711643483
current_squared,22.0,15.0,,,,,,,0.0005918559748489777
current_squared,22.0,17.0,,,,,,,0.07198729573667945
current_squared,22.0,18.0,,,,,,,0.004608388499244678
current_squared,22.0,19.0,,,,,,,0.01903976825292378
current_squared,23.0,0.0,,,,,,,7.591410521690365e-05
current_squared,23.0,2.0,,,,,,,0.00017872832934158993
current_squared,23.0,6.0,,,,,,,1.2039574576083272e-05
current_squared,23.0,10.0,,,,,,,0.0006690659428175078
current_squared,23.0,11.0,,,,,,,0.000952412368206766
current_squared,23.0,12.0,,,,,,,0.0025296780272945118
current_squared,23.0,13.0,,,,,,,0.0029250239037026727
current_squared,23.0,14.0,,,,,,,0.00022859892196529943
current_squared,23.0,15.0,,,,,,,0.0004798693973272583
current_squared,23.0,17.0,,,,,,,0.04852268002564431
current_squared,23.0,18.0,,,,,,,0.003102994934045797
current_squared,23.0,19.0,,,,,,,0.010244083580623793
current_squared,24.0,0.0,,,,,,,7.690845766068564e-05
current_squared,24.0,2.0,,,,,,,0.0001570688490117052
current_squared,24.0,6.0,,,,,,,1.1802235292325357e-05
current_squared,24.0,10.0,,,,,,,0.0005070363865672327
current_squared,24.0,11.0,,,,,,,0.0008319780481364939
current_squared,24.0,12.0,,,,,,,0.002367882933850429
current_squared,24.0,13.0,,,,,,,0.0013154213681093533
current_squared,24.0,14.0,,,,,,,0.0001492774478193574
current_squared,24.0,15.0,,,,,,,0.0004318152356142783
current_squared,24.0,17.0,,,,,,,0.03387332595766971
current_squared,24.0,18.0,,,,,,,0.0018651191560117948
current_squared,24.0,19.0,,,,,,,0.006435222917999181
current_slack,1.0,0.0,Poppy,,,,,,0.0
current_slack,1.0,0.0,Oxlip,,,,,,0.0
current_slack,1.0,0.0,Daisy,,,,,,0.0
current_slack,1.0,0.0,Tulip,,,,,,0.0
current_slack,1.0,0.0,Maryj,,,,,,0.0
current_slack,1.0,2.0,Poppy,,,,,,0.0
current_slack,1.0,2.0,Oxlip,,,,,,0.0
current_slack,1.0,2.0,Daisy,,,,,,0.0
current_slack,1.0,2.0,Tulip,,,,,,0.0
current_slack,1.0,2.0,Maryj,,,,,,0.0
current_slack,1.0,6.0,Poppy,,,,,,0.0
current_slack,1.0,6.0,Oxlip,,,,,,0.0
current_slack,1.0,6.0,Daisy,,,,,,0.0
current_slack,1.0,6.0,Tulip,,,,,,0.0
current_slack,1.0,6.0,Maryj,,,,,,0.0
current_slack,1.0,10.0,Poppy,,,,,,0.0
current_slack,1.0,10.0,Oxlip,,,,,,0.0
current_slack,1.0,10.0,Daisy,,,,,,0.0
current_slack,1.0,10.0,Tulip,,,,,,0.0
current_slack,1.0,10.0,Maryj,,,,,,0.0
current_slack,1.0,11.0,Poppy,,,,,,0.0
current_slack,1.0,11.0,Oxlip,,,,,,0.0
current_slack,1.0,11.0,Daisy,,,,,,0.0
current_slack,1.0,11.0,Tulip,,,,,,0.0
current_slack,1.0,11.0,Maryj,,,,,,0.0
current_slack,1.0,12.0,Poppy,,,,,,0.0
current_slack,1.0,12.0,Oxlip,,,,,,0.0
current_slack,1.0,12.0,Daisy,,,,,,0.0
current_slack,1.0,12.0,Tulip,,,,,,0.0
current_slack,1.0,12.0,Maryj,,,,,,0.0
current_slack,1.0,13.0,Poppy,,,,,,0.0
current_slack,1.0,13.0,Oxlip,,,,,,0.0
current_slack,1.0,13.0,Daisy,,,,,,0.0
current_slack,1.0,13.0,Tulip,,,,,,0.0
current_slack,1.0,13.0,Maryj,,,,,,0.0
current_slack,1.0,14.0,Poppy,,,,,,0.0
current_slack,1.0,14.0,Oxlip,,,,,,0.0
current_slack,1.0,14.0,Daisy,,,,,,0.0
current_slack,1.0,14.0,Tulip,,,,,,0.0
current_slack,1.0,14.0,Maryj,,,,,,0.0
current_slack,1.0,15.0,Poppy,,,,,,0.0
current_slack,1.0,15.0,Oxlip,,,,,,0.0
current_slack,1.0,15.0,Daisy,,,,,,0.0
current_slack,1.0,15.0,Tulip,,,,,,0.0
current_slack,1.0,15.0,Maryj,,,,,,0.0
current_slack,1.0,17.0,Poppy,,,,,,0.0
current_slack,1.0,17.0,Oxlip,,,,,,0.0
current_slack,1.0,17.0,Daisy,,,,,,0.0
current_slack,1.0,17.0,Tulip,,,,,,0.0
current_slack,1.0,17.0,Maryj,,,,,,0.0
current_slack,1.0,18.0,Poppy,,,,,,0.0
current_slack,1.0,18.0,Oxlip,,,,,,0.0
current_slack,1.0,18.0,Daisy,,,,,,0.0
current_slack,1.0,18.0,Tulip,,,,,,0.0
current_slack,1.0,18.0,Maryj,,,,,,0.0
current_slack,1.0,19.0,Poppy,,,,,,0.0
current_slack,1.0,19.0,Oxlip,,,,,,0.0
current_slack,1.0,19.0,Daisy,,,,,,0.0
current_slack,1.0,19.0,Tulip,,,,,,0.0
current_slack,1.0,19.0,Maryj,,,,,,0.0
current_slack,2.0,0.0,Poppy,,,,,,0.0
current_slack,2.0,0.0,Oxlip,,,,,,0.0
current_slack,2.0,0.0,Daisy,,,,,,0.0
current_slack,2.0,0.0,Tulip,,,,,,0.0
current_slack,2.0,0.0,Maryj,,,,,,0.0
current_slack,2.0,2.0,Poppy,,,,,,0.0
current_slack,2.0,2.0,Oxlip,,,,,,0.0
current_slack,2.0,2.0,Daisy,,,,,,0.0
current_slack,2.0,2.0,Tulip,,,,,,0.0
current_slack,2.0,2.0,Maryj,,,,,,0.0
current_slack,2.0,6.0,Poppy,,,,,,0.0
current_slack,2.0,6.0,Oxlip,,,,,,0.0
current_slack,2.0,6.0,Daisy,,,,,,0.0
current_slack,2.0,6.0,Tulip,,,,,,0.0
current_slack,2.0,6.0,Maryj,,,,,,0.0
current_slack,2.0,10.0,Poppy,,,,,,0.0
current_slack,2.0,10.0,Oxlip,,,,,,0.0
current_slack,2.0,10.0,Daisy,,,,,,0.0
current_slack,2.0,10.0,Tulip,,,,,,0.0
current_slack,2.0,10.0,Maryj,,,,,,0.0
current_slack,2.0,11.0,Poppy,,,,,,0.0
current_slack,2.0,11.0,Oxlip,,,,,,0.0
current_slack,2.0,11.0,Daisy,,,,,,0.0
current_slack,2.0,11.0,Tulip,,,,,,0.0
current_slack,2.0,11.0,Maryj,,,,,,0.0
current_slack,2.0,12.0,Poppy,,,,,,0.0
current_slack,2.0,12.0,Oxlip,,,,,,0.0
current_slack,2.0,12.0,Daisy,,,,,,0.0
current_slack,2.0,12.0,Tulip,,,,,,0.0
current_slack,2.0,12.0,Maryj,,,,,,0.0
current_slack,2.0,13.0,Poppy,,,,,,0.0
current_slack,2.0,13.0,Oxlip,,,,,,0.0
current_slack,2.0,13.0,Daisy,,,,,,0.0
current_slack,2.0,13.0,Tulip,,,,,,0.0
current_slack,2.0,13.0,Maryj,,,,,,0.0
current_slack,2.0,14.0,Poppy,,,,,,0.0
current_slack,2.0,14.0,Oxlip,,,,,,0.0
current_slack,2.0,14.0,Daisy,,,,,,0.0
current_slack,2.0,14.0,Tulip,,,,,,0.0
current_slack,2.0,14.0,Maryj,,,,,,0.0
current_slack,2.0,15.0,Poppy,,,,,,0.0
current_slack,2.0,15.0,Oxlip,,,,,,0.0
current_slack,2.0,15.0,Daisy,,,,,,0.0
current_slack,2.0,15.0,Tulip,,,,,,0.0
current_slack,2.0,15.0,Maryj,,,,,,0.0
current_slack,2.0,17.0,Poppy,,,,,,0.0
current_slack,2.0,17.0,Oxlip,,,,,,0.0
current_slack,2.0,17.0,Daisy,,,,,,0.0
current_slack,2.0,17.0,Tulip,,,,,,0.0
current_slack,2.0,17.0,Maryj,,,,,,0.0
current_slack,2.0,18.0,Poppy,,,,,,0.0
current_slack,2.0,18.0,Oxlip,,,,,,0.0
current_slack,2.0,18.0,Daisy,,,,,,0.0
current_slack,2.0,18.0,Tulip,,,,,,0.0
current_slack,2.0,18.0,Maryj,,,,,,0.0
current_slack,2.0,19.0,Poppy,,,,,,0.0
current_slack,2.0,19.0,Oxlip,,,,,,0.0
current_slack,2.0,19.0,Daisy,,,,,,0.0
current_slack,2.0,19.0,Tulip,,,,,,0.0
current_slack,2.0,19.0,Maryj,,,,,,0.0
current_slack,3.0,0.0,Poppy,,,,,,0.0
current_slack,3.0,0.0,Oxlip,,,,,,0.0
current_slack,3.0,0.0,Daisy,,,,,,0.0
current_slack,3.0,0.0,Tulip,,,,,,0.0
current_slack,3.0,0.0,Maryj,,,,,,0.0
current_slack,3.0,2.0,Poppy,,,,,,0.0
current_slack,3.0,2.0,Oxlip,,,,,,0.0
current_slack,3.0,2.0,Daisy,,,,,,0.0
current_slack,3.0,2.0,Tulip,,,,,,0.0
current_slack,3.0,2.0,Maryj,,,,,,0.0
current_slack,3.0,6.0,Poppy,,,,,,0.0
current_slack,3.0,6.0,Oxlip,,,,,,0.0
current_slack,3.0,6.0,Daisy,,,,,,0.0
current_slack,3.0,6.0,Tulip,,,,,,0.0
current_slack,3.0,6.0,Maryj,,,,,,0.0
current_slack,3.0,10.0,Poppy,,,,,,0.0
current_slack,3.0,10.0,Oxlip,,,,,,0.0
current_slack,3.0,10.0,Daisy,,,,,,0.0
current_slack,3.0,10.0,Tulip,,,,,,0.0
current_slack,3.0,10.0,Maryj,,,,,,0.0
current_slack,3.0,11.0,Poppy,,,,,,0.0
current_slack,3.0,11.0,Oxlip,,,,,,0.0
current_slack,3.0,11.0,Daisy,,,,,,0.0
current_slack,3.0,11.0,Tulip,,,,,,0.0
current_slack,3.0,11.0,Maryj,,,,,,0.0
current_slack,3.0,12.0,Poppy,,,,,,0.0
current_slack,3.0,12.0,Oxlip,,,,,,0.0
current_slack,3.0,12.0,Daisy,,,,,,0.0
current_slack,3.0,12.0,Tulip,,,,,,0.0
current_slack,3.0,12.0,Maryj,,,,,,0.0
current_slack,3.0,13.0,Poppy,,,,,,0.0
current_slack,3.0,13.0,Oxlip,,,,,,0.0
current_slack,3.0,13.0,Daisy,,,,,,0.0
current_slack,3.0,13.0,Tulip,,,,,,0.0
current_slack,3.0,13.0,Maryj,,,,,,0.0
current_slack,3.0,14.0,Poppy,,,,,,0.0
current_slack,3.0,14.0,Oxlip,,,,,,0.0
current_slack,3.0,14.0,Daisy,,,,,,0.0
current_slack,3.0,14.0,Tulip,,,,,,0.0
current_slack,3.0,14.0,Maryj,,,,,,0.0
current_slack,3.0,15.0,Poppy,,,,,,0.0
current_slack,3.0,15.0,Oxlip,,,,,,0.0
current_slack,3.0,15.0,Daisy,,,,,,0.0
current_slack,3.0,15.0,Tulip,,,,,,0.0
current_slack,3.0,15.0,Maryj,,,,,,0.0
current_slack,3.0,17.0,Poppy,,,,,,0.0
current_slack,3.0,17.0,Oxlip,,,,,,0.0
current_slack,3.0,17.0,Daisy,,,,,,0.0
current_slack,3.0,17.0,Tulip,,,,,,0.0
current_slack,3.0,17.0,Maryj,,,,,,0.0
current_slack,3.0,18.0,Poppy,,,,,,0.0
current_slack,3.0,18.0,Oxlip,,,,,,0.0
current_slack,3.0,18.0,Daisy,,,,,,0.0
current_slack,3.0,18.0,Tulip,,,,,,0.0
current_slack,3.0,18.0,Maryj,,,,,,0.0
current_slack,3.0,19.0,Poppy,,,,,,0.0
current_slack,3.0,19.0,Oxlip,,,,,,0.0
current_slack,3.0,19.0,Daisy,,,,,,0.0
current_slack,3.0,19.0,Tulip,,,,,,0.0
current_slack,3.0,19.0,Maryj,,,,,,0.0
current_slack,4.0,0.0,Poppy,,,,,,0.0
current_slack,4.0,0.0,Oxlip,,,,,,0.0
current_slack,4.0,0.0,Daisy,,,,,,0.0
current_slack,4.0,0.0,Tulip,,,,,,0.0
current_slack,4.0,0.0,Maryj,,,,,,0.0
current_slack,4.0,2.0,Poppy,,,,,,0.0
current_slack,4.0,2.0,Oxlip,,,,,,0.0
current_slack,4.0,2.0,Daisy,,,,,,0.0
current_slack,4.0,2.0,Tulip,,,,,,0.0
current_slack,4.0,2.0,Maryj,,,,,,0.0
current_slack,4.0,6.0,Poppy,,,,,,0.0
current_slack,4.0,6.0,Oxlip,,,,,,0.0
current_slack,4.0,6.0,Daisy,,,,,,0.0
current_slack,4.0,6.0,Tulip,,,,,,0.0
current_slack,4.0,6.0,Maryj,,,,,,0.0
current_slack,4.0,10.0,Poppy,,,,,,0.0
current_slack,4.0,10.0,Oxlip,,,,,,0.0
current_slack,4.0,10.0,Daisy,,,,,,0.0
current_slack,4.0,10.0,Tulip,,,,,,0.0
current_slack,4.0,10.0,Maryj,,,,,,0.0
current_slack,4.0,11.0,Poppy,,,,,,0.0
current_slack,4.0,11.0,Oxlip,,,,,,0.0
current_slack,4.0,11.0,Daisy,,,,,,0.0
current_slack,4.0,11.0,Tulip,,,,,,0.0
current_slack,4.0,11.0,Maryj,,,,,,0.0
current_slack,4.0,12.0,Poppy,,,,,,0.0
current_slack,4.0,12.0,Oxlip,,,,,,0.0
current_slack,4.0,12.0,Daisy,,,,,,0.0
current_slack,4.0,12.0,Tulip,,,,,,0.0
current_slack,4.0,12.0,Maryj,,,,,,0.0
current_slack,4.0,13.0,Poppy,,,,,,0.0
current_slack,4.0,13.0,Oxlip,,,,,,0.0
current_slack,4.0,13.0,Daisy,,,,,,0.0
current_slack,4.0,13.0,Tulip,,,,,,0.0
current_slack,4.0,13.0,Maryj,,,,,,0.0
current_slack,4.0,14.0,Poppy,,,,,,0.0
current_slack,4.0,14.0,Oxlip,,,,,,0.0
current_slack,4.0,14.0,Daisy,,,,,,0.0
current_slack,4.0,14.0,Tulip,,,,,,0.0
current_slack,4.0,14.0,Maryj,,,,,,0.0
current_slack,4.0,15.0,Poppy,,,,,,0.0
current_slack,4.0,15.0,Oxlip,,,,,,0.0
current_slack,4.0,15.0,Daisy,,,,,,0.0
current_slack,4.0,15.0,Tulip,,,,,,0.0
current_slack,4.0,15.0,Maryj,,,,,,0.0
current_slack,4.0,17.0,Poppy,,,,,,0.0
current_slack,4.0,17.0,Oxlip,,,,,,0.0
current_slack,4.0,17.0,Daisy,,,,,,0.0
current_slack,4.0,17.0,Tulip,,,,,,0.0
current_slack,4.0,17.0,Maryj,,,,,,0.0
current_slack,4.0,18.0,Poppy,,,,,,0.0
current_slack,4.0,18.0,Oxlip,,,,,,0.0
current_slack,4.0,18.0,Daisy,,,,,,0.0
current_slack,4.0,18.0,Tulip,,,,,,0.0
current_slack,4.0,18.0,Maryj,,,,,,0.0
current_slack,4.0,19.0,Poppy,,,,,,0.0
current_slack,4.0,19.0,Oxlip,,,,,,0.0
current_slack,4.0,19.0,Daisy,,,,,,0.0
current_slack,4.0,19.0,Tulip,,,,,,0.0
current_slack,4.0,19.0,Maryj,,,,,,0.0
current_slack,5.0,0.0,Poppy,,,,,,0.0
current_slack,5.0,0.0,Oxlip,,,,,,0.0
current_slack,5.0,0.0,Daisy,,,,,,0.0
current_slack,5.0,0.0,Tulip,,,,,,0.0
current_slack,5.0,0.0,Maryj,,,,,,0.0
current_slack,5.0,2.0,Poppy,,,,,,0.0
current_slack,5.0,2.0,Oxlip,,,,,,0.0
current_slack,5.0,2.0,Daisy,,,,,,0.0
current_slack,5.0,2.0,Tulip,,,,,,0.0
current_slack,5.0,2.0,Maryj,,,,,,0.0
current_slack,5.0,6.0,Poppy,,,,,,0.0
current_slack,5.0,6.0,Oxlip,,,,,,0.0
current_slack,5.0,6.0,Daisy,,,,,,0.0
current_slack,5.0,6.0,Tulip,,,,,,0.0
current_slack,5.0,6.0,Maryj,,,,,,0.0
current_slack,5.0,10.0,Poppy,,,,,,0.0
current_slack,5.0,10.0,Oxlip,,,,,,0.0
current_slack,5.0,10.0,Daisy,,,,,,0.0
current_slack,5.0,10.0,Tulip,,,,,,0.0
current_slack,5.0,10.0,Maryj,,,,,,0.0
current_slack,5.0,11.0,Poppy,,,,,,0.0
current_slack,5.0,11.0,Oxlip,,,,,,0.0
current_slack,5.0,11.0,Daisy,,,,,,0.0
current_slack,5.0,11.0,Tulip,,,,,,0.0
current_slack,5.0,11.0,Maryj,,,,,,0.0
current_slack,5.0,12.0,Poppy,,,,,,0.0
current_slack,5.0,12.0,Oxlip,,,,,,0.0
current_slack,5.0,12.0,Daisy,,,,,,0.0
current_slack,5.0,12.0,Tulip,,,,,,0.0
current_slack,5.0,12.0,Maryj,,,,,,0.0
current_slack,5.0,13.0,Poppy,,,,,,0.0
current_slack,5.0,13.0,Oxlip,,,,,,0.0
current_slack,5.0,13.0,Daisy,,,,,,0.0
current_slack,5.0,13.0,Tulip,,,,,,0.0
current_slack,5.0,13.0,Maryj,,,,,,0.0
current_slack,5.0,14.0,Poppy,,,,,,0.0
current_slack,5.0,14.0,Oxlip,,,,,,0.0
current_slack,5.0,14.0,Daisy,,,,,,0.0
current_slack,5.0,14.0,Tulip,,,,,,0.0
current_slack,5.0,14.0,Maryj,,,,,,0.0
current_slack,5.0,15.0,Poppy,,,,,,0.0
current_slack,5.0,15.0,Oxlip,,,,,,0.0
current_slack,5.0,15.0,Daisy,,,,,,0.0
current_slack,5.0,15.0,Tulip,,,,,,0.0
current_slack,5.0,15.0,Maryj,,,,,,0.0
current_slack,5.0,17.0,Poppy,,,,,,0.0
current_slack,5.0,17.0,Oxlip,,,,,,0.0
current_slack,5.0,17.0,Daisy,,,,,,0.0
current_slack,5.0,17.0,Tulip,,,,,,0.0
current_slack,5.0,17.0,Maryj,,,,,,0.0
current_slack,5.0,18.0,Poppy,,,,,,0.0
current_slack,5.0,18.0,Oxlip,,,,,,0.0
current_slack,5.0,18.0,Daisy,,,,,,0.0
current_slack,5.0,18.0,Tulip,,,,,,0.0
current_slack,5.0,18.0,Maryj,,,,,,0.0
current_slack,5.0,19.0,Poppy,,,,,,0.0
current_slack,5.0,19.0,Oxlip,,,,,,0.0
current_slack,5.0,19.0,Daisy,,,,,,0.0
current_slack,5.0,19.0,Tulip,,,,,,0.0
current_slack,5.0,19.0,Maryj,,,,,,0.0
current_slack,6.0,0.0,Poppy,,,,,,0.0
current_slack,6.0,0.0,Oxlip,,,,,,0.0
current_slack,6.0,0.0,Daisy,,,,,,0.0
current_slack,6.0,0.0,Tulip,,,,,,0.0
current_slack,6.0,0.0,Maryj,,,,,,0.0
current_slack,6.0,2.0,Poppy,,,,,,0.0
current_slack,6.0,2.0,Oxlip,,,,,,0.0
current_slack,6.0,2.0,Daisy,,,,,,0.0
current_slack,6.0,2.0,Tulip,,,,,,0.0
current_slack,6.0,2.0,Maryj,,,,,,0.0
current_slack,6.0,6.0,Poppy,,,,,,0.0
current_slack,6.0,6.0,Oxlip,,,,,,0.0
current_slack,6.0,6.0,Daisy,,,,,,0.0
current_slack,6.0,6.0,Tulip,,,,,,0.0
current_slack,6.0,6.0,Maryj,,,,,,0.0
current_slack,6.0,10.0,Poppy,,,,,,0.0
current_slack,6.0,10.0,Oxlip,,,,,,0.0
current_slack,6.0,10.0,Daisy,,,,,,0.0
current_slack,6.0,10.0,Tulip,,,,,,0.0
current_slack,6.0,10.0,Maryj,,,,,,0.0
current_slack,6.0,11.0,Poppy,,,,,,0.0
current_slack,6.0,11.0,Oxlip,,,,,,0.0
current_slack,6.0,11.0,Daisy,,,,,,0.0
current_slack,6.0,11.0,Tulip,,,,,,0.0
current_slack,6.0,11.0,Maryj,,,,,,0.0
current_slack,6.0,12.0,Poppy,,,,,,0.0
current_slack,6.0,12.0,Oxlip,,,,,,0.0
current_slack,6.0,12.0,Daisy,,,,,,0.0
current_slack,6.0,12.0,Tulip,,,,,,0.0
current_slack,6.0,12.0,Maryj,,,,,,0.0
current_slack,6.0,13.0,Poppy,,,,,,0.0
current_slack,6.0,13.0,Oxlip,,,,,,0.0
current_slack,6.0,13.0,Daisy,,,,,,0.0
current_slack,6.0,13.0,Tulip,,,,,,0.0
current_slack,6.0,13.0,Maryj,,,,,,0.0
current_slack,6.0,14.0,Poppy,,,,,,0.0
current_slack,6.0,14.0,Oxlip,,,,,,0.0
current_slack,6.0,14.0,Daisy,,,,,,0.0
current_slack,6.0,14.0,Tulip,,,,,,0.0
current_slack,6.0,14.0,Maryj,,,,,,0.0
current_slack,6.0,15.0,Poppy,,,,,,0.0
current_slack,6.0,15.0,Oxlip,,,,,,0.0
current_slack,6.0,15.0,Daisy,,,,,,0.0
current_slack,6.0,15.0,Tulip,,,,,,0.0
current_slack,6.0,15.0,Maryj,,,,,,0.0
current_slack,6.0,17.0,Poppy,,,,,,0.0
current_slack,6.0,17.0,Oxlip,,,,,,0.0
current_slack,6.0,17.0,Daisy,,,,,,0.0
current_slack,6.0,17.0,Tulip,,,,,,0.0
current_slack,6.0,17.0,Maryj,,,,,,0.0
current_slack,6.0,18.0,Poppy,,,,,,0.0
current_slack,6.0,18.0,Oxlip,,,,,,0.0
current_slack,6.0,18.0,Daisy,,,,,,0.0
current_slack,6.0,18.0,Tulip,,,,,,0.0
current_slack,6.0,18.0,Maryj,,,,,,0.0
current_slack,6.0,19.0,Poppy,,,,,,0.0
current_slack,6.0,19.0,Oxlip,,,,,,0.0
current_slack,6.0,19.0,Daisy,,,,,,0.0
current_slack,6.0,19.0,Tulip,,,,,,0.0
current_slack,6.0,19.0,Maryj,,,,,,0.0
current_slack,7.0,0.0,Poppy,,,,,,0.0
current_slack,7.0,0.0,Oxlip,,,,,,0.0
current_slack,7.0,0.0,Daisy,,,,,,0.0
current_slack,7.0,0.0,Tulip,,,,,,0.0
current_slack,7.0,0.0,Maryj,,,,,,0.0
current_slack,7.0,2.0,Poppy,,,,,,0.0
current_slack,7.0,2.0,Oxlip,,,,,,0.0
current_slack,7.0,2.0,Daisy,,,,,,0.0
current_slack,7.0,2.0,Tulip,,,,,,0.0
current_slack,7.0,2.0,Maryj,,,,,,0.0
current_slack,7.0,6.0,Poppy,,,,,,0.0
current_slack,7.0,6.0,Oxlip,,,,,,0.0
current_slack,7.0,6.0,Daisy,,,,,,0.0
current_slack,7.0,6.0,Tulip,,,,,,0.0
current_slack,7.0,6.0,Maryj,,,,,,0.0
current_slack,7.0,10.0,Poppy,,,,,,0.0
current_slack,7.0,10.0,Oxlip,,,,,,0.0
current_slack,7.0,10.0,Daisy,,,,,,0.0
current_slack,7.0,10.0,Tulip,,,,,,0.0
current_slack,7.0,10.0,Maryj,,,,,,0.0
current_slack,7.0,11.0,Poppy,,,,,,0.0
current_slack,7.0,11.0,Oxlip,,,,,,0.0
current_slack,7.0,11.0,Daisy,,,,,,0.0
current_slack,7.0,11.0,Tulip,,,,,,0.0
current_slack,7.0,11.0,Maryj,,,,,,0.0
current_slack,7.0,12.0,Poppy,,,,,,0.0
current_slack,7.0,12.0,Oxlip,,,,,,0.0
current_slack,7.0,12.0,Daisy,,,,,,0.0
current_slack,7.0,12.0,Tulip,,,,,,0.0
current_slack,7.0,12.0,Maryj,,,,,,0.0
current_slack,7.0,13.0,Poppy,,,,,,0.0
current_slack,7.0,13.0,Oxlip,,,,,,0.0
current_slack,7.0,13.0,Daisy,,,,,,0.0
current_slack,7.0,13.0,Tulip,,,,,,0.0
current_slack,7.0,13.0,Maryj,,,,,,0.0
current_slack,7.0,14.0,Poppy,,,,,,0.0
current_slack,7.0,14.0,Oxlip,,,,,,0.0
current_slack,7.0,14.0,Daisy,,,,,,0.0
current_slack,7.0,14.0,Tulip,,,,,,0.0
current_slack,7.0,14.0,Maryj,,,,,,0.0
current_slack,7.0,15.0,Poppy,,,,,,0.0
current_slack,7.0,15.0,Oxlip,,,,,,0.0
current_slack,7.0,15.0,Daisy,,,,,,0.0
current_slack,7.0,15.0,Tulip,,,,,,0.0
current_slack,7.0,15.0,Maryj,,,,,,0.0
current_slack,7.0,17.0,Poppy,,,,,,0.0
current_slack,7.0,17.0,Oxlip,,,,,,0.0
current_slack,7.0,17.0,Daisy,,,,,,0.0
current_slack,7.0,17.0,Tulip,,,,,,0.0
current_slack,7.0,17.0,Maryj,,,,,,0.0
current_slack,7.0,18.0,Poppy,,,,,,0.0
current_slack,7.0,18.0,Oxlip,,,,,,0.0
current_slack,7.0,18.0,Daisy,,,,,,0.0
current_slack,7.0,18.0,Tulip,,,,,,0.0
current_slack,7.0,18.0,Maryj,,,,,,0.0
current_slack,7.0,19.0,Poppy,,,,,,0.0
current_slack,7.0,19.0,Oxlip,,,,,,0.0
current_slack,7.0,19.0,Daisy,,,,,,0.0
current_slack,7.0,19.0,Tulip,,,,,,0.0
current_slack,7.0,19.0,Maryj,,,,,,0.0
current_slack,8.0,0.0,Poppy,,,,,,0.0
current_slack,8.0,0.0,Oxlip,,,,,,0.0
current_slack,8.0,0.0,Daisy,,,,,,0.0
current_slack,8.0,0.0,Tulip,,,,,,0.0
current_slack,8.0,0.0,Maryj,,,,,,0.0
current_slack,8.0,2.0,Poppy,,,,,,0.0
current_slack,8.0,2.0,Oxlip,,,,,,0.0
current_slack,8.0,2.0,Daisy,,,,,,0.0
current_slack,8.0,2.0,Tulip,,,,,,0.0
current_slack,8.0,2.0,Maryj,,,,,,0.0
current_slack,8.0,6.0,Poppy,,,,,,0.0
current_slack,8.0,6.0,Oxlip,,,,,,0.0
current_slack,8.0,6.0,Daisy,,,,,,0.0
current_slack,8.0,6.0,Tulip,,,,,,0.0
current_slack,8.0,6.0,Maryj,,,,,,0.0
current_slack,8.0,10.0,Poppy,,,,,,0.0
current_slack,8.0,10.0,Oxlip,,,,,,0.0
current_slack,8.0,10.0,Daisy,,,,,,0.0
current_slack,8.0,10.0,Tulip,,,,,,0.0
current_slack,8.0,10.0,Maryj,,,,,,0.0
current_slack,8.0,11.0,Poppy,,,,,,0.0
current_slack,8.0,11.0,Oxlip,,,,,,0.0
current_slack,8.0,11.0,Daisy,,,,,,0.0
current_slack,8.0,11.0,Tulip,,,,,,0.0
current_slack,8.0,11.0,Maryj,,,,,,0.0
current_slack,8.0,12.0,Poppy,,,,,,0.0
current_slack,8.0,12.0,Oxlip,,,,,,0.0
current_slack,8.0,12.0,Daisy,,,,,,0.0
current_slack,8.0,12.0,Tulip,,,,,,0.0
current_slack,8.0,12.0,Maryj,,,,,,0.0
current_slack,8.0,13.0,Poppy,,,,,,0.0
current_slack,8.0,13.0,Oxlip,,,,,,0.0
current_slack,8.0,13.0,Daisy,,,,,,0.0
current_slack,8.0,13.0,Tulip,,,,,,0.0
current_slack,8.0,13.0,Maryj,,,,,,0.0
current_slack,8.0,14.0,Poppy,,,,,,0.0
current_slack,8.0,14.0,Oxlip,,,,,,0.0
current_slack,8.0,14.0,Daisy,,,,,,0.0
current_slack,8.0,14.0,Tulip,,,,,,0.0
current_slack,8.0,14.0,Maryj,,,,,,0.0
current_slack,8.0,15.0,Poppy,,,,,,0.0
current_slack,8.0,15.0,Oxlip,,,,,,0.0
current_slack,8.0,15.0,Daisy,,,,,,0.0
current_slack,8.0,15.0,Tulip,,,,,,0.0
current_slack,8.0,15.0,Maryj,,,,,,0.0
current_slack,8.0,17.0,Poppy,,,,,,0.0
current_slack,8.0,17.0,Oxlip,,,,,,0.0
current_slack,8.0,17.0,Daisy,,,,,,0.0
current_slack,8.0,17.0,Tulip,,,,,,0.0
current_slack,8.0,17.0,Maryj,,,,,,0.0
current_slack,8.0,18.0,Poppy,,,,,,0.0
current_slack,8.0,18.0,Oxlip,,,,,,0.0
current_slack,8.0,18.0,Daisy,,,,,,0.0
current_slack,8.0,18.0,Tulip,,,,,,0.0
current_slack,8.0,18.0,Maryj,,,,,,0.0
current_slack,8.0,19.0,Poppy,,,,,,0.0
current_slack,8.0,19.0,Oxlip,,,,,,0.0
current_slack,8.0,19.0,Daisy,,,,,,0.0
current_slack,8.0,19.0,Tulip,,,,,,0.0
current_slack,8.0,19.0,Maryj,,,,,,0.0
current_slack,9.0,0.0,Poppy,,,,,,0.0
current_slack,9.0,0.0,Oxlip,,,,,,0.0
current_slack,9.0,0.0,Daisy,,,,,,0.0
current_slack,9.0,0.0,Tulip,,,,,,0.0
current_slack,9.0,0.0,Maryj,,,,,,0.0
current_slack,9.0,2.0,Poppy,,,,,,0.0
current_slack,9.0,2.0,Oxlip,,,,,,0.0
current_slack,9.0,2.0,Daisy,,,,,,0.0
current_slack,9.0,2.0,Tulip,,,,,,0.0
current_slack,9.0,2.0,Maryj,,,,,,0.0
current_slack,9.0,6.0,Poppy,,,,,,0.0
current_slack,9.0,6.0,Oxlip,,,,,,0.0
current_slack,9.0,6.0,Daisy,,,,,,0.0
current_slack,9.0,6.0,Tulip,,,,,,0.0
current_slack,9.0,6.0,Maryj,,,,,,0.0
current_slack,9.0,10.0,Poppy,,,,,,0.0
current_slack,9.0,10.0,Oxlip,,,,,,0.0
current_slack,9.0,10.0,Daisy,,,,,,0.0
current_slack,9.0,10.0,Tulip,,,,,,0.0
current_slack,9.0,10.0,Maryj,,,,,,0.0
current_slack,9.0,11.0,Poppy,,,,,,0.0
current_slack,9.0,11.0,Oxlip,,,,,,0.0
current_slack,9.0,11.0,Daisy,,,,,,0.0
current_slack,9.0,11.0,Tulip,,,,,,0.0
current_slack,9.0,11.0,Maryj,,,,,,0.0
current_slack,9.0,12.0,Poppy,,,,,,0.0
current_slack,9.0,12.0,Oxlip,,,,,,0.0
current_slack,9.0,12.0,Daisy,,,,,,0.0
current_slack,9.0,12.0,Tulip,,,,,,0.0
current_slack,9.0,12.0,Maryj,,,,,,0.0
current_slack,9.0,13.0,Poppy,,,,,,0.0
current_slack,9.0,13.0,Oxlip,,,,,,0.0
current_slack,9.0,13.0,Daisy,,,,,,0.0
current_slack,9.0,13.0,Tulip,,,,,,0.0
current_slack,9.0,13.0,Maryj,,,,,,0.0
current_slack,9.0,14.0,Poppy,,,,,,0.0
current_slack,9.0,14.0,Oxlip,,,,,,0.0
current_slack,9.0,14.0,Daisy,,,,,,0.0
current_slack,9.0,14.0,Tulip,,,,,,0.0
current_slack,9.0,14.0,Maryj,,,,,,0.0
current_slack,9.0,15.0,Poppy,,,,,,0.0
current_slack,9.0,15.0,Oxlip,,,,,,0.0
current_slack,9.0,15.0,Daisy,,,,,,0.0
current_slack,9.0,15.0,Tulip,,,,,,0.0
current_slack,9.0,15.0,Maryj,,,,,,0.0
current_slack,9.0,17.0,Poppy,,,,,,0.0
current_slack,9.0,17.0,Oxlip,,,,,,0.0
current_slack,9.0,17.0,Daisy,,,,,,0.0
current_slack,9.0,17.0,Tulip,,,,,,0.0
current_slack,9.0,17.0,Maryj,,,,,,0.0
current_slack,9.0,18.0,Poppy,,,,,,0.0
current_slack,9.0,18.0,Oxlip,,,,,,0.0
current_slack,9.0,18.0,Daisy,,,,,,0.0
current_slack,9.0,18.0,Tulip,,,,,,0.0
current_slack,9.0,18.0,Maryj,,,,,,0.0
current_slack,9.0,19.0,Poppy,,,,,,0.0
current_slack,9.0,19.0,Oxlip,,,,,,0.0
current_slack,9.0,19.0,Daisy,,,,,,0.0
current_slack,9.0,19.0,Tulip,,,,,,0.0
current_slack,9.0,19.0,Maryj,,,,,,0.0
current_slack,10.0,0.0,Poppy,,,,,,0.0
current_slack,10.0,0.0,Oxlip,,,,,,0.0
current_slack,10.0,0.0,Daisy,,,,,,0.0
current_slack,10.0,0.0,Tulip,,,,,,0.0
current_slack,10.0,0.0,Maryj,,,,,,0.0
current_slack,10.0,2.0,Poppy,,,,,,0.0
current_slack,10.0,2.0,Oxlip,,,,,,0.0
current_slack,10.0,2.0,Daisy,,,,,,0.0
current_slack,10.0,2.0,Tulip,,,,,,0.0
current_slack,10.0,2.0,Maryj,,,,,,0.0
current_slack,10.0,6.0,Poppy,,,,,,0.0
current_slack,10.0,6.0,Oxlip,,,,,,0.0
current_slack,10.0,6.0,Daisy,,,,,,0.0
current_slack,10.0,6.0,Tulip,,,,,,0.0
current_slack,10.0,6.0,Maryj,,,,,,0.0
current_slack,10.0,10.0,Poppy,,,,,,0.0
current_slack,10.0,10.0,Oxlip,,,,,,0.0
current_slack,10.0,10.0,Daisy,,,,,,0.0
current_slack,10.0,10.0,Tulip,,,,,,0.0
current_slack,10.0,10.0,Maryj,,,,,,0.0
current_slack,10.0,11.0,Poppy,,,,,,0.0
current_slack,10.0,11.0,Oxlip,,,,,,0.0
current_slack,10.0,11.0,Daisy,,,,,,0.0
current_slack,10.0,11.0,Tulip,,,,,,0.0
current_slack,10.0,11.0,Maryj,,,,,,0.0
current_slack,10.0,12.0,Poppy,,,,,,0.0
current_slack,10.0,12.0,Oxlip,,,,,,0.0
current_slack,10.0,12.0,Daisy,,,,,,0.0
current_slack,10.0,12.0,Tulip,,,,,,0.0
current_slack,10.0,12.0,Maryj,,,,,,0.0
current_slack,10.0,13.0,Poppy,,,,,,0.0
current_slack,10.0,13.0,Oxlip,,,,,,0.0
current_slack,10.0,13.0,Daisy,,,,,,0.0
current_slack,10.0,13.0,Tulip,,,,,,0.0
current_slack,10.0,13.0,Maryj,,,,,,0.0
current_slack,10.0,14.0,Poppy,,,,,,0.0
current_slack,10.0,14.0,Oxlip,,,,,,0.0
current_slack,10.0,14.0,Daisy,,,,,,0.0
current_slack,10.0,14.0,Tulip,,,,,,0.0
current_slack,10.0,14.0,Maryj,,,,,,0.0
current_slack,10.0,15.0,Poppy,,,,,,0.0
current_slack,10.0,15.0,Oxlip,,,,,,0.0
current_slack,10.0,15.0,Daisy,,,,,,0.0
current_slack,10.0,15.0,Tulip,,,,,,0.0
current_slack,10.0,15.0,Maryj,,,,,,0.0
current_slack,10.0,17.0,Poppy,,,,,,0.0
current_slack,10.0,17.0,Oxlip,,,,,,0.0
current_slack,10.0,17.0,Daisy,,,,,,0.0
current_slack,10.0,17.0,Tulip,,,,,,0.0
current_slack,10.0,17.0,Maryj,,,,,,0.0
current_slack,10.0,18.0,Poppy,,,,,,0.0
current_slack,10.0,18.0,Oxlip,,,,,,0.0
current_slack,10.0,18.0,Daisy,,,,,,0.0
current_slack,10.0,18.0,Tulip,,,,,,0.0
current_slack,10.0,18.0,Maryj,,,,,,0.0
current_slack,10.0,19.0,Poppy,,,,,,0.0
current_slack,10.0,19.0,Oxlip,,,,,,0.0
current_slack,10.0,19.0,Daisy,,,,,,0.0
current_slack,10.0,19.0,Tulip,,,,,,0.0
current_slack,10.0,19.0,Maryj,,,,,,0.0
current_slack,11.0,0.0,Poppy,,,,,,0.0
current_slack,11.0,0.0,Oxlip,,,,,,0.0
current_slack,11.0,0.0,Daisy,,,,,,0.0
current_slack,11.0,0.0,Tulip,,,,,,0.0
current_slack,11.0,0.0,Maryj,,,,,,0.0
current_slack,11.0,2.0,Poppy,,,,,,0.0
current_slack,11.0,2.0,Oxlip,,,,,,0.0
current_slack,11.0,2.0,Daisy,,,,,,0.0
current_slack,11.0,2.0,Tulip,,,,,,0.0
current_slack,11.0,2.0,Maryj,,,,,,0.0
current_slack,11.0,6.0,Poppy,,,,,,0.0
current_slack,11.0,6.0,Oxlip,,,,,,0.0
current_slack,11.0,6.0,Daisy,,,,,,0.0
current_slack,11.0,6.0,Tulip,,,,,,0.0
current_slack,11.0,6.0,Maryj,,,,,,0.0
current_slack,11.0,10.0,Poppy,,,,,,0.0
current_slack,11.0,10.0,Oxlip,,,,,,0.0
current_slack,11.0,10.0,Daisy,,,,,,0.0
current_slack,11.0,10.0,Tulip,,,,,,0.0
current_slack,11.0,10.0,Maryj,,,,,,0.0
current_slack,11.0,11.0,Poppy,,,,,,0.0
current_slack,11.0,11.0,Oxlip,,,,,,0.0
current_slack,11.0,11.0,Daisy,,,,,,0.0
current_slack,11.0,11.0,Tulip,,,,,,0.0
current_slack,11.0,11.0,Maryj,,,,,,0.0
current_slack,11.0,12.0,Poppy,,,,,,0.0
current_slack,11.0,12.0,Oxlip,,,,,,0.0
current_slack,11.0,12.0,Daisy,,,,,,0.0
current_slack,11.0,12.0,Tulip,,,,,,0.0
current_slack,11.0,12.0,Maryj,,,,,,0.0
current_slack,11.0,13.0,Poppy,,,,,,0.0
current_slack,11.0,13.0,Oxlip,,,,,,0.0
current_slack,11.0,13.0,Daisy,,,,,,0.0
current_slack,11.0,13.0,Tulip,,,,,,0.0
current_slack,11.0,13.0,Maryj,,,,,,0.0
current_slack,11.0,14.0,Poppy,,,,,,0.0
current_slack,11.0,14.0,Oxlip,,,,,,0.0
current_slack,11.0,14.0,Daisy,,,,,,0.0
current_slack,11.0,14.0,Tulip,,,,,,0.0
current_slack,11.0,14.0,Maryj,,,,,,0.0
current_slack,11.0,15.0,Poppy,,,,,,0.0
current_slack,11.0,15.0,Oxlip,,,,,,0.0
current_slack,11.0,15.0,Daisy,,,,,,0.0
current_slack,11.0,15.0,Tulip,,,,,,0.0
current_slack,11.0,15.0,Maryj,,,,,,0.0
current_slack,11.0,17.0,Poppy,,,,,,0.0
current_slack,11.0,17.0,Oxlip,,,,,,0.0
current_slack,11.0,17.0,Daisy,,,,,,0.0
current_slack,11.0,17.0,Tulip,,,,,,0.0
current_slack,11.0,17.0,Maryj,,,,,,0.0
current_slack,11.0,18.0,Poppy,,,,,,0.0
current_slack,11.0,18.0,Oxlip,,,,,,0.0
current_slack,11.0,18.0,Daisy,,,,,,0.0
current_slack,11.0,18.0,Tulip,,,,,,0.0
current_slack,11.0,18.0,Maryj,,,,,,0.0
current_slack,11.0,19.0,Poppy,,,,,,0.0
current_slack,11.0,19.0,Oxlip,,,,,,0.0
current_slack,11.0,19.0,Daisy,,,,,,0.0
current_slack,11.0,19.0,Tulip,,,,,,0.0
current_slack,11.0,19.0,Maryj,,,,,,0.0
current_slack,12.0,0.0,Poppy,,,,,,0.0
current_slack,12.0,0.0,Oxlip,,,,,,0.0
current_slack,12.0,0.0,Daisy,,,,,,0.0
current_slack,12.0,0.0,Tulip,,,,,,0.0
current_slack,12.0,0.0,Maryj,,,,,,0.0
current_slack,12.0,2.0,Poppy,,,,,,0.0
current_slack,12.0,2.0,Oxlip,,,,,,0.0
current_slack,12.0,2.0,Daisy,,,,,,0.0
current_slack,12.0,2.0,Tulip,,,,,,0.0
current_slack,12.0,2.0,Maryj,,,,,,0.0
current_slack,12.0,6.0,Poppy,,,,,,0.0
current_slack,12.0,6.0,Oxlip,,,,,,0.0
current_slack,12.0,6.0,Daisy,,,,,,0.0
current_slack,12.0,6.0,Tulip,,,,,,0.0
current_slack,12.0,6.0,Maryj,,,,,,0.0
current_slack,12.0,10.0,Poppy,,,,,,0.0
current_slack,12.0,10.0,Oxlip,,,,,,0.0
current_slack,12.0,10.0,Daisy,,,,,,0.0
current_slack,12.0,10.0,Tulip,,,,,,0.0
current_slack,12.0,10.0,Maryj,,,,,,0.0
current_slack,12.0,11.0,Poppy,,,,,,0.0
current_slack,12.0,11.0,Oxlip,,,,,,0.0
current_slack,12.0,11.0,Daisy,,,,,,0.0
current_slack,12.0,11.0,Tulip,,,,,,0.0
current_slack,12.0,11.0,Maryj,,,,,,0.0
current_slack,12.0,12.0,Poppy,,,,,,0.0
current_slack,12.0,12.0,Oxlip,,,,,,0.0
current_slack,12.0,12.0,Daisy,,,,,,0.0
current_slack,12.0,12.0,Tulip,,,,,,0.0
current_slack,12.0,12.0,Maryj,,,,,,0.0
current_slack,12.0,13.0,Poppy,,,,,,0.0
current_slack,12.0,13.0,Oxlip,,,,,,0.0
current_slack,12.0,13.0,Daisy,,,,,,0.0
current_slack,12.0,13.0,Tulip,,,,,,0.0
current_slack,12.0,13.0,Maryj,,,,,,0.0
current_slack,12.0,14.0,Poppy,,,,,,0.0
current_slack,12.0,14.0,Oxlip,,,,,,0.0
current_slack,12.0,14.0,Daisy,,,,,,0.0
current_slack,12.0,14.0,Tulip,,,,,,0.0
current_slack,12.0,14.0,Maryj,,,,,,0.0
current_slack,12.0,15.0,Poppy,,,,,,0.0
current_slack,12.0,15.0,Oxlip,,,,,,0.0
current_slack,12.0,15.0,Daisy,,,,,,0.0
current_slack,12.0,15.0,Tulip,,,,,,0.0
current_slack,12.0,15.0,Maryj,,,,,,0.0
current_slack,12.0,17.0,Poppy,,,,,,0.0
current_slack,12.0,17.0,Oxlip,,,,,,0.0
current_slack,12.0,17.0,Daisy,,,,,,0.0
current_slack,12.0,17.0,Tulip,,,,,,0.0
current_slack,12.0,17.0,Maryj,,,,,,0.0
current_slack,12.0,18.0,Poppy,,,,,,0.0
current_slack,12.0,18.0,Oxlip,,,,,,0.0
current_slack,12.0,18.0,Daisy,,,,,,0.0
current_slack,12.0,18.0,Tulip,,,,,,0.0
current_slack,12.0,18.0,Maryj,,,,,,0.0
current_slack,12.0,19.0,Poppy,,,,,,0.0
current_slack,12.0,19.0,Oxlip,,,,,,0.0
current_slack,12.0,19.0,Daisy,,,,,,0.0
current_slack,12.0,19.0,Tulip,,,,,,0.0
current_slack,12.0,19.0,Maryj,,,,,,0.0
current_slack,13.0,0.0,Poppy,,,,,,0.0
current_slack,13.0,0.0,Oxlip,,,,,,0.0
current_slack,13.0,0.0,Daisy,,,,,,0.0
current_slack,13.0,0.0,Tulip,,,,,,0.0
current_slack,13.0,0.0,Maryj,,,,,,0.0
current_slack,13.0,2.0,Poppy,,,,,,0.0
current_slack,13.0,2.0,Oxlip,,,,,,0.0
current_slack,13.0,2.0,Daisy,,,,,,0.0
current_slack,13.0,2.0,Tulip,,,,,,0.0
current_slack,13.0,2.0,Maryj,,,,,,0.0
current_slack,13.0,6.0,Poppy,,,,,,0.0
current_slack,13.0,6.0,Oxlip,,,,,,0.0
current_slack,13.0,6.0,Daisy,,,,,,0.0
current_slack,13.0,6.0,Tulip,,,,,,0.0
current_slack,13.0,6.0,Maryj,,,,,,0.0
current_slack,13.0,10.0,Poppy,,,,,,0.0
current_slack,13.0,10.0,Oxlip,,,,,,0.0
current_slack,13.0,10.0,Daisy,,,,,,0.0
current_slack,13.0,10.0,Tulip,,,,,,0.0
current_slack,13.0,10.0,Maryj,,,,,,0.0
current_slack,13.0,11.0,Poppy,,,,,,0.0
current_slack,13.0,11.0,Oxlip,,,,,,0.0
current_slack,13.0,11.0,Daisy,,,,,,0.0
current_slack,13.0,11.0,Tulip,,,,,,0.0
current_slack,13.0,11.0,Maryj,,,,,,0.0
current_slack,13.0,12.0,Poppy,,,,,,0.0
current_slack,13.0,12.0,Oxlip,,,,,,0.0
current_slack,13.0,12.0,Daisy,,,,,,0.0
current_slack,13.0,12.0,Tulip,,,,,,0.0
current_slack,13.0,12.0,Maryj,,,,,,0.0
current_slack,13.0,13.0,Poppy,,,,,,0.0
current_slack,13.0,13.0,Oxlip,,,,,,0.0
current_slack,13.0,13.0,Daisy,,,,,,0.0
current_slack,13.0,13.0,Tulip,,,,,,0.0
current_slack,13.0,13.0,Maryj,,,,,,0.0
current_slack,13.0,14.0,Poppy,,,,,,0.0
current_slack,13.0,14.0,Oxlip,,,,,,0.0
current_slack,13.0,14.0,Daisy,,,,,,0.0
current_slack,13.0,14.0,Tulip,,,,,,0.0
current_slack,13.0,14.0,Maryj,,,,,,0.0
current_slack,13.0,15.0,Poppy,,,,,,0.0
current_slack,13.0,15.0,Oxlip,,,,,,0.0
current_slack,13.0,15.0,Daisy,,,,,,0.0
current_slack,13.0,15.0,Tulip,,,,,,0.0
current_slack,13.0,15.0,Maryj,,,,,,0.0
current_slack,13.0,17.0,Poppy,,,,,,0.0
current_slack,13.0,17.0,Oxlip,,,,,,0.0
current_slack,13.0,17.0,Daisy,,,,,,0.0
current_slack,13.0,17.0,Tulip,,,,,,0.0
current_slack,13.0,17.0,Maryj,,,,,,0.0
current_slack,13.0,18.0,Poppy,,,,,,0.0
current_slack,13.0,18.0,Oxlip,,,,,,0.0
current_slack,13.0,18.0,Daisy,,,,,,0.0
current_slack,13.0,18.0,Tulip,,,,,,0.0
current_slack,13.0,18.0,Maryj,,,,,,0.0
current_slack,13.0,19.0,Poppy,,,,,,0.0
current_slack,13.0,19.0,Oxlip,,,,,,0.0
current_slack,13.0,19.0,Daisy,,,,,,0.0
current_slack,13.0,19.0,Tulip,,,,,,0.0
current_slack,13.0,19.0,Maryj,,,,,,0.0
current_slack,14.0,0.0,Poppy,,,,,,0.0
current_slack,14.0,0.0,Oxlip,,,,,,0.0
current_slack,14.0,0.0,Daisy,,,,,,0.0
current_slack,14.0,0.0,Tulip,,,,,,0.0
current_slack,14.0,0.0,Maryj,,,,,,0.0
current_slack,14.0,2.0,Poppy,,,,,,0.0
current_slack,14.0,2.0,Oxlip,,,,,,0.0
current_slack,14.0,2.0,Daisy,,,,,,0.0
current_slack,14.0,2.0,Tulip,,,,,,0.0
current_slack,14.0,2.0,Maryj,,,,,,0.0
current_slack,14.0,6.0,Poppy,,,,,,0.0
current_slack,14.0,6.0,Oxlip,,,,,,0.0
current_slack,14.0,6.0,Daisy,,,,,,0.0
current_slack,14.0,6.0,Tulip,,,,,,0.0
current_slack,14.0,6.0,Maryj,,,,,,0.0
current_slack,14.0,10.0,Poppy,,,,,,0.0
current_slack,14.0,10.0,Oxlip,,,,,,0.0
current_slack,14.0,10.0,Daisy,,,,,,0.0
current_slack,14.0,10.0,Tulip,,,,,,0.0
current_slack,14.0,10.0,Maryj,,,,,,0.0
current_slack,14.0,11.0,Poppy,,,,,,0.0
current_slack,14.0,11.0,Oxlip,,,,,,0.0
current_slack,14.0,11.0,Daisy,,,,,,0.0
current_slack,14.0,11.0,Tulip,,,,,,0.0
current_slack,14.0,11.0,Maryj,,,,,,0.0
current_slack,14.0,12.0,Poppy,,,,,,0.0
current_slack,14.0,12.0,Oxlip,,,,,,0.0
current_slack,14.0,12.0,Daisy,,,,,,0.0
current_slack,14.0,12.0,Tulip,,,,,,0.0
current_slack,14.0,12.0,Maryj,,,,,,0.0
current_slack,14.0,13.0,Poppy,,,,,,0.0
current_slack,14.0,13.0,Oxlip,,,,,,0.0
current_slack,14.0,13.0,Daisy,,,,,,0.0
current_slack,14.0,13.0,Tulip,,,,,,0.0
current_slack,14.0,13.0,Maryj,,,,,,0.0
current_slack,14.0,14.0,Poppy,,,,,,0.0
current_slack,14.0,14.0,Oxlip,,,,,,0.0
current_slack,14.0,14.0,Daisy,,,,,,0.0
current_slack,14.0,14.0,Tulip,,,,,,0.0
current_slack,14.0,14.0,Maryj,,,,,,0.0
current_slack,14.0,15.0,Poppy,,,,,,0.0
current_slack,14.0,15.0,Oxlip,,,,,,0.0
current_slack,14.0,15.0,Daisy,,,,,,0.0
current_slack,14.0,15.0,Tulip,,,,,,0.0
current_slack,14.0,15.0,Maryj,,,,,,0.0
current_slack,14.0,17.0,Poppy,,,,,,0.0
current_slack,14.0,17.0,Oxlip,,,,,,0.0
current_slack,14.0,17.0,Daisy,,,,,,0.0
current_slack,14.0,17.0,Tulip,,,,,,0.0
current_slack,14.0,17.0,Maryj,,,,,,0.0
current_slack,14.0,18.0,Poppy,,,,,,0.0
current_slack,14.0,18.0,Oxlip,,,,,,0.0
current_slack,14.0,18.0,Daisy,,,,,,0.0
current_slack,14.0,18.0,Tulip,,,,,,0.0
current_slack,14.0,18.0,Maryj,,,,,,0.0
current_slack,14.0,19.0,Poppy,,,,,,0.0
current_slack,14.0,19.0,Oxlip,,,,,,0.0
current_slack,14.0,19.0,Daisy,,,,,,0.0
current_slack,14.0,19.0,Tulip,,,,,,0.0
current_slack,14.0,19.0,Maryj,,,,,,0.0
current_slack,15.0,0.0,Poppy,,,,,,0.0
current_slack,15.0,0.0,Oxlip,,,,,,0.0
current_slack,15.0,0.0,Daisy,,,,,,0.0
current_slack,15.0,0.0,Tulip,,,,,,0.0
current_slack,15.0,0.0,Maryj,,,,,,0.0
current_slack,15.0,2.0,Poppy,,,,,,0.0
current_slack,15.0,2.0,Oxlip,,,,,,0.0
current_slack,15.0,2.0,Daisy,,,,,,0.0
current_slack,15.0,2.0,Tulip,,,,,,0.0
current_slack,15.0,2.0,Maryj,,,,,,0.0
current_slack,15.0,6.0,Poppy,,,,,,0.0
current_slack,15.0,6.0,Oxlip,,,,,,0.0
current_slack,15.0,6.0,Daisy,,,,,,0.0
current_slack,15.0,6.0,Tulip,,,,,,0.0
current_slack,15.0,6.0,Maryj,,,,,,0.0
current_slack,15.0,10.0,Poppy,,,,,,0.0
current_slack,15.0,10.0,Oxlip,,,,,,0.0
current_slack,15.0,10.0,Daisy,,,,,,0.0
current_slack,15.0,10.0,Tulip,,,,,,0.0
current_slack,15.0,10.0,Maryj,,,,,,0.0
current_slack,15.0,11.0,Poppy,,,,,,0.0
current_slack,15.0,11.0,Oxlip,,,,,,0.0
current_slack,15.0,11.0,Daisy,,,,,,0.0
current_slack,15.0,11.0,Tulip,,,,,,0.0
current_slack,15.0,11.0,Maryj,,,,,,0.0
current_slack,15.0,12.0,Poppy,,,,,,0.0
current_slack,15.0,12.0,Oxlip,,,,,,0.0
current_slack,15.0,12.0,Daisy,,,,,,0.0
current_slack,15.0,12.0,Tulip,,,,,,0.0
current_slack,15.0,12.0,Maryj,,,,,,0.0
current_slack,15.0,13.0,Poppy,,,,,,0.0
current_slack,15.0,13.0,Oxlip,,,,,,0.0
current_slack,15.0,13.0,Daisy,,,,,,0.0
current_slack,15.0,13.0,Tulip,,,,,,0.0
current_slack,15.0,13.0,Maryj,,,,,,0.0
current_slack,15.0,14.0,Poppy,,,,,,0.0
current_slack,15.0,14.0,Oxlip,,,,,,0.0
current_slack,15.0,14.0,Daisy,,,,,,0.0
current_slack,15.0,14.0,Tulip,,,,,,0.0
current_slack,15.0,14.0,Maryj,,,,,,0.0
current_slack,15.0,15.0,Poppy,,,,,,0.0
current_slack,15.0,15.0,Oxlip,,,,,,0.0
current_slack,15.0,15.0,Daisy,,,,,,0.0
current_slack,15.0,15.0,Tulip,,,,,,0.0
current_slack,15.0,15.0,Maryj,,,,,,0.0
current_slack,15.0,17.0,Poppy,,,,,,0.0
current_slack,15.0,17.0,Oxlip,,,,,,0.0
current_slack,15.0,17.0,Daisy,,,,,,0.0
current_slack,15.0,17.0,Tulip,,,,,,0.0
current_slack,15.0,17.0,Maryj,,,,,,0.0
current_slack,15.0,18.0,Poppy,,,,,,0.0
current_slack,15.0,18.0,Oxlip,,,,,,0.0
current_slack,15.0,18.0,Daisy,,,,,,0.0
current_slack,15.0,18.0,Tulip,,,,,,0.0
current_slack,15.0,18.0,Maryj,,,,,,0.0
current_slack,15.0,19.0,Poppy,,,,,,0.0
current_slack,15.0,19.0,Oxlip,,,,,,0.0
current_slack,15.0,19.0,Daisy,,,,,,0.0
current_slack,15.0,19.0,Tulip,,,,,,0.0
current_slack,15.0,19.0,Maryj,,,,,,0.0
current_slack,16.0,0.0,Poppy,,,,,,0.0
current_slack,16.0,0.0,Oxlip,,,,,,0.0
current_slack,16.0,0.0,Daisy,,,,,,0.0
current_slack,16.0,0.0,Tulip,,,,,,0.0
current_slack,16.0,0.0,Maryj,,,,,,0.0
current_slack,16.0,2.0,Poppy,,,,,,0.0
current_slack,16.0,2.0,Oxlip,,,,,,0.0
current_slack,16.0,2.0,Daisy,,,,,,0.0
current_slack,16.0,2.0,Tulip,,,,,,0.0
current_slack,16.0,2.0,Maryj,,,,,,0.0
current_slack,16.0,6.0,Poppy,,,,,,0.0
current_slack,16.0,6.0,Oxlip,,,,,,0.0
current_slack,16.0,6.0,Daisy,,,,,,0.0
current_slack,16.0,6.0,Tulip,,,,,,0.0
current_slack,16.0,6.0,Maryj,,,,,,0.0
current_slack,16.0,10.0,Poppy,,,,,,0.0
current_slack,16.0,10.0,Oxlip,,,,,,0.0
current_slack,16.0,10.0,Daisy,,,,,,0.0
current_slack,16.0,10.0,Tulip,,,,,,0.0
current_slack,16.0,10.0,Maryj,,,,,,0.0
current_slack,16.0,11.0,Poppy,,,,,,0.0
current_slack,16.0,11.0,Oxlip,,,,,,0.0
current_slack,16.0,11.0,Daisy,,,,,,0.0
current_slack,16.0,11.0,Tulip,,,,,,0.0
current_slack,16.0,11.0,Maryj,,,,,,0.0
current_slack,16.0,12.0,Poppy,,,,,,0.0
current_slack,16.0,12.0,Oxlip,,,,,,0.0
current_slack,16.0,12.0,Daisy,,,,,,0.0
current_slack,16.0,12.0,Tulip,,,,,,0.0
current_slack,16.0,12.0,Maryj,,,,,,0.0
current_slack,16.0,13.0,Poppy,,,,,,0.0
current_slack,16.0,13.0,Oxlip,,,,,,0.0
current_slack,16.0,13.0,Daisy,,,,,,0.0
current_slack,16.0,13.0,Tulip,,,,,,0.0
current_slack,16.0,13.0,Maryj,,,,,,0.0
current_slack,16.0,14.0,Poppy,,,,,,0.0
current_slack,16.0,14.0,Oxlip,,,,,,0.0
current_slack,16.0,14.0,Daisy,,,,,,0.0
current_slack,16.0,14.0,Tulip,,,,,,0.0
current_slack,16.0,14.0,Maryj,,,,,,0.0
current_slack,16.0,15.0,Poppy,,,,,,0.0
current_slack,16.0,15.0,Oxlip,,,,,,0.0
current_slack,16.0,15.0,Daisy,,,,,,0.0
current_slack,16.0,15.0,Tulip,,,,,,0.0
current_slack,16.0,15.0,Maryj,,,,,,0.0
current_slack,16.0,17.0,Poppy,,,,,,0.0
current_slack,16.0,17.0,Oxlip,,,,,,0.0
current_slack,16.0,17.0,Daisy,,,,,,0.0
current_slack,16.0,17.0,Tulip,,,,,,0.0
current_slack,16.0,17.0,Maryj,,,,,,0.0
current_slack,16.0,18.0,Poppy,,,,,,0.0
current_slack,16.0,18.0,Oxlip,,,,,,0.0
current_slack,16.0,18.0,Daisy,,,,,,0.0
current_slack,16.0,18.0,Tulip,,,,,,0.0
current_slack,16.0,18.0,Maryj,,,,,,0.0
current_slack,16.0,19.0,Poppy,,,,,,0.0
current_slack,16.0,19.0,Oxlip,,,,,,0.0
current_slack,16.0,19.0,Daisy,,,,,,0.0
current_slack,16.0,19.0,Tulip,,,,,,0.0
current_slack,16.0,19.0,Maryj,,,,,,0.0
current_slack,17.0,0.0,Poppy,,,,,,0.0
current_slack,17.0,0.0,Oxlip,,,,,,0.0
current_slack,17.0,0.0,Daisy,,,,,,0.0
current_slack,17.0,0.0,Tulip,,,,,,0.0
current_slack,17.0,0.0,Maryj,,,,,,0.0
current_slack,17.0,2.0,Poppy,,,,,,0.0
current_slack,17.0,2.0,Oxlip,,,,,,0.0
current_slack,17.0,2.0,Daisy,,,,,,0.0
current_slack,17.0,2.0,Tulip,,,,,,0.0
current_slack,17.0,2.0,Maryj,,,,,,0.0
current_slack,17.0,6.0,Poppy,,,,,,0.0
current_slack,17.0,6.0,Oxlip,,,,,,0.0
current_slack,17.0,6.0,Daisy,,,,,,0.0
current_slack,17.0,6.0,Tulip,,,,,,0.0
current_slack,17.0,6.0,Maryj,,,,,,0.0
current_slack,17.0,10.0,Poppy,,,,,,0.0
current_slack,17.0,10.0,Oxlip,,,,,,0.0
current_slack,17.0,10.0,Daisy,,,,,,0.0
current_slack,17.0,10.0,Tulip,,,,,,0.0
current_slack,17.0,10.0,Maryj,,,,,,0.0
current_slack,17.0,11.0,Poppy,,,,,,0.0
current_slack,17.0,11.0,Oxlip,,,,,,0.0
current_slack,17.0,11.0,Daisy,,,,,,0.0
current_slack,17.0,11.0,Tulip,,,,,,0.0
current_slack,17.0,11.0,Maryj,,,,,,0.0
current_slack,17.0,12.0,Poppy,,,,,,0.0
current_slack,17.0,12.0,Oxlip,,,,,,0.0
current_slack,17.0,12.0,Daisy,,,,,,0.0
current_slack,17.0,12.0,Tulip,,,,,,0.0
current_slack,17.0,12.0,Maryj,,,,,,0.0
current_slack,17.0,13.0,Poppy,,,,,,0.0
current_slack,17.0,13.0,Oxlip,,,,,,0.0
current_slack,17.0,13.0,Daisy,,,,,,0.0
current_slack,17.0,13.0,Tulip,,,,,,0.0
current_slack,17.0,13.0,Maryj,,,,,,0.0
current_slack,17.0,14.0,Poppy,,,,,,0.0
current_slack,17.0,14.0,Oxlip,,,,,,0.0
current_slack,17.0,14.0,Daisy,,,,,,0.0
current_slack,17.0,14.0,Tulip,,,,,,0.0
current_slack,17.0,14.0,Maryj,,,,,,0.0
current_slack,17.0,15.0,Poppy,,,,,,0.0
current_slack,17.0,15.0,Oxlip,,,,,,0.0
current_slack,17.0,15.0,Daisy,,,,,,0.0
current_slack,17.0,15.0,Tulip,,,,,,0.0
current_slack,17.0,15.0,Maryj,,,,,,0.0
current_slack,17.0,17.0,Poppy,,,,,,0.0
current_slack,17.0,17.0,Oxlip,,,,,,0.0
current_slack,17.0,17.0,Daisy,,,,,,0.0
current_slack,17.0,17.0,Tulip,,,,,,0.0
current_slack,17.0,17.0,Maryj,,,,,,0.0
current_slack,17.0,18.0,Poppy,,,,,,0.0
current_slack,17.0,18.0,Oxlip,,,,,,0.0
current_slack,17.0,18.0,Daisy,,,,,,0.0
current_slack,17.0,18.0,Tulip,,,,,,0.0
current_slack,17.0,18.0,Maryj,,,,,,0.0
current_slack,17.0,19.0,Poppy,,,,,,0.0
current_slack,17.0,19.0,Oxlip,,,,,,0.0
current_slack,17.0,19.0,Daisy,,,,,,0.0
current_slack,17.0,19.0,Tulip,,,,,,0.0
current_slack,17.0,19.0,Maryj,,,,,,0.0
current_slack,18.0,0.0,Poppy,,,,,,0.0
current_slack,18.0,0.0,Oxlip,,,,,,0.0
current_slack,18.0,0.0,Daisy,,,,,,0.0
current_slack,18.0,0.0,Tulip,,,,,,0.0
current_slack,18.0,0.0,Maryj,,,,,,0.0
current_slack,18.0,2.0,Poppy,,,,,,0.0
current_slack,18.0,2.0,Oxlip,,,,,,0.0
current_slack,18.0,2.0,Daisy,,,,,,0.0
current_slack,18.0,2.0,Tulip,,,,,,0.0
current_slack,18.0,2.0,Maryj,,,,,,0.0
current_slack,18.0,6.0,Poppy,,,,,,0.0
current_slack,18.0,6.0,Oxlip,,,,,,0.0
current_slack,18.0,6.0,Daisy,,,,,,0.0
current_slack,18.0,6.0,Tulip,,,,,,0.0
current_slack,18.0,6.0,Maryj,,,,,,0.0
current_slack,18.0,10.0,Poppy,,,,,,0.0
current_slack,18.0,10.0,Oxlip,,,,,,0.0
current_slack,18.0,10.0,Daisy,,,,,,0.0
current_slack,18.0,10.0,Tulip,,,,,,0.0
current_slack,18.0,10.0,Maryj,,,,,,0.0
current_slack,18.0,11.0,Poppy,,,,,,0.0
current_slack,18.0,11.0,Oxlip,,,,,,0.0
current_slack,18.0,11.0,Daisy,,,,,,0.0
current_slack,18.0,11.0,Tulip,,,,,,0.0
current_slack,18.0,11.0,Maryj,,,,,,0.0
current_slack,18.0,12.0,Poppy,,,,,,0.0
current_slack,18.0,12.0,Oxlip,,,,,,0.0
current_slack,18.0,12.0,Daisy,,,,,,0.0
current_slack,18.0,12.0,Tulip,,,,,,0.0
current_slack,18.0,12.0,Maryj,,,,,,0.0
current_slack,18.0,13.0,Poppy,,,,,,0.0
current_slack,18.0,13.0,Oxlip,,,,,,0.0
current_slack,18.0,13.0,Daisy,,,,,,0.0
current_slack,18.0,13.0,Tulip,,,,,,0.0
current_slack,18.0,13.0,Maryj,,,,,,0.0
current_slack,18.0,14.0,Poppy,,,,,,0.0
current_slack,18.0,14.0,Oxlip,,,,,,0.0
current_slack,18.0,14.0,Daisy,,,,,,0.0
current_slack,18.0,14.0,Tulip,,,,,,0.0
current_slack,18.0,14.0,Maryj,,,,,,0.0
current_slack,18.0,15.0,Poppy,,,,,,0.0
current_slack,18.0,15.0,Oxlip,,,,,,0.0
current_slack,18.0,15.0,Daisy,,,,,,0.0
current_slack,18.0,15.0,Tulip,,,,,,0.0
current_slack,18.0,15.0,Maryj,,,,,,0.0
current_slack,18.0,17.0,Poppy,,,,,,0.0
current_slack,18.0,17.0,Oxlip,,,,,,0.0
current_slack,18.0,17.0,Daisy,,,,,,0.0
current_slack,18.0,17.0,Tulip,,,,,,0.0
current_slack,18.0,17.0,Maryj,,,,,,0.0
current_slack,18.0,18.0,Poppy,,,,,,0.0
current_slack,18.0,18.0,Oxlip,,,,,,0.0
current_slack,18.0,18.0,Daisy,,,,,,0.0
current_slack,18.0,18.0,Tulip,,,,,,0.0
current_slack,18.0,18.0,Maryj,,,,,,0.0
current_slack,18.0,19.0,Poppy,,,,,,0.0
current_slack,18.0,19.0,Oxlip,,,,,,0.0
current_slack,18.0,19.0,Daisy,,,,,,0.0
current_slack,18.0,19.0,Tulip,,,,,,0.0
current_slack,18.0,19.0,Maryj,,,,,,0.0
current_slack,19.0,0.0,Poppy,,,,,,0.0
current_slack,19.0,0.0,Oxlip,,,,,,0.0
current_slack,19.0,0.0,Daisy,,,,,,0.0
current_slack,19.0,0.0,Tulip,,,,,,0.0
current_slack,19.0,0.0,Maryj,,,,,,0.0
current_slack,19.0,2.0,Poppy,,,,,,0.0
current_slack,19.0,2.0,Oxlip,,,,,,0.0
current_slack,19.0,2.0,Daisy,,,,,,0.0
current_slack,19.0,2.0,Tulip,,,,,,0.0
current_slack,19.0,2.0,Maryj,,,,,,0.0
current_slack,19.0,6.0,Poppy,,,,,,0.0
current_slack,19.0,6.0,Oxlip,,,,,,0.0
current_slack,19.0,6.0,Daisy,,,,,,0.0
current_slack,19.0,6.0,Tulip,,,,,,0.0
current_slack,19.0,6.0,Maryj,,,,,,0.0
current_slack,19.0,10.0,Poppy,,,,,,0.0
current_slack,19.0,10.0,Oxlip,,,,,,0.0
current_slack,19.0,10.0,Daisy,,,,,,0.0
current_slack,19.0,10.0,Tulip,,,,,,0.0
current_slack,19.0,10.0,Maryj,,,,,,0.0
current_slack,19.0,11.0,Poppy,,,,,,0.0
current_slack,19.0,11.0,Oxlip,,,,,,0.0
current_slack,19.0,11.0,Daisy,,,,,,0.0
current_slack,19.0,11.0,Tulip,,,,,,0.0
current_slack,19.0,11.0,Maryj,,,,,,0.0
current_slack,19.0,12.0,Poppy,,,,,,0.0
current_slack,19.0,12.0,Oxlip,,,,,,0.0
current_slack,19.0,12.0,Daisy,,,,,,0.0
current_slack,19.0,12.0,Tulip,,,,,,0.0
current_slack,19.0,12.0,Maryj,,,,,,0.0
current_slack,19.0,13.0,Poppy,,,,,,0.0
current_slack,19.0,13.0,Oxlip,,,,,,0.0
current_slack,19.0,13.0,Daisy,,,,,,0.0
current_slack,19.0,13.0,Tulip,,,,,,0.0
current_slack,19.0,13.0,Maryj,,,,,,0.0
current_slack,19.0,14.0,Poppy,,,,,,0.0
current_slack,19.0,14.0,Oxlip,,,,,,0.0
current_slack,19.0,14.0,Daisy,,,,,,0.0
current_slack,19.0,14.0,Tulip,,,,,,0.0
current_slack,19.0,14.0,Maryj,,,,,,0.0
current_slack,19.0,15.0,Poppy,,,,,,0.0
current_slack,19.0,15.0,Oxlip,,,,,,0.0
current_slack,19.0,15.0,Daisy,,,,,,0.0
current_slack,19.0,15.0,Tulip,,,,,,0.0
current_slack,19.0,15.0,Maryj,,,,,,0.0
current_slack,19.0,17.0,Poppy,,,,,,0.0
current_slack,19.0,17.0,Oxlip,,,,,,0.0
current_slack,19.0,17.0,Daisy,,,,,,0.0
current_slack,19.0,17.0,Tulip,,,,,,0.0
current_slack,19.0,17.0,Maryj,,,,,,0.0
current_slack,19.0,18.0,Poppy,,,,,,0.0
current_slack,19.0,18.0,Oxlip,,,,,,0.0
current_slack,19.0,18.0,Daisy,,,,,,0.0
current_slack,19.0,18.0,Tulip,,,,,,0.0
current_slack,19.0,18.0,Maryj,,,,,,0.0
current_slack,19.0,19.0,Poppy,,,,,,0.0
current_slack,19.0,19.0,Oxlip,,,,,,0.0
current_slack,19.0,19.0,Daisy,,,,,,0.0
current_slack,19.0,19.0,Tulip,,,,,,0.0
current_slack,19.0,19.0,Maryj,,,,,,0.0
current_slack,20.0,0.0,Poppy,,,,,,0.0
current_slack,20.0,0.0,Oxlip,,,,,,0.0
current_slack,20.0,0.0,Daisy,,,,,,0.0
current_slack,20.0,0.0,Tulip,,,,,,0.0
current_slack,20.0,0.0,Maryj,,,,,,0.0
current_slack,20.0,2.0,Poppy,,,,,,0.0
current_slack,20.0,2.0,Oxlip,,,,,,0.0
current_slack,20.0,2.0,Daisy,,,,,,0.0
current_slack,20.0,2.0,Tulip,,,,,,0.0
current_slack,20.0,2.0,Maryj,,,,,,0.0
current_slack,20.0,6.0,Poppy,,,,,,0.0
current_slack,20.0,6.0,Oxlip,,,,,,0.0
current_slack,20.0,6.0,Daisy,,,,,,0.0
current_slack,20.0,6.0,Tulip,,,,,,0.0
current_slack,20.0,6.0,Maryj,,,,,,0.0
current_slack,20.0,10.0,Poppy,,,,,,0.0
current_slack,20.0,10.0,Oxlip,,,,,,0.0
current_slack,20.0,10.0,Daisy,,,,,,0.0
current_slack,20.0,10.0,Tulip,,,,,,0.0
current_slack,20.0,10.0,Maryj,,,,,,0.0
current_slack,20.0,11.0,Poppy,,,,,,0.0
current_slack,20.0,11.0,Oxlip,,,,,,0.0
current_slack,20.0,11.0,Daisy,,,,,,0.0
current_slack,20.0,11.0,Tulip,,,,,,0.0
current_slack,20.0,11.0,Maryj,,,,,,0.0
current_slack,20.0,12.0,Poppy,,,,,,0.0
current_slack,20.0,12.0,Oxlip,,,,,,0.0
current_slack,20.0,12.0,Daisy,,,,,,0.0
current_slack,20.0,12.0,Tulip,,,,,,0.0
current_slack,20.0,12.0,Maryj,,,,,,0.0
current_slack,20.0,13.0,Poppy,,,,,,0.0
current_slack,20.0,13.0,Oxlip,,,,,,0.0
current_slack,20.0,13.0,Daisy,,,,,,0.0
current_slack,20.0,13.0,Tulip,,,,,,0.0
current_slack,20.0,13.0,Maryj,,,,,,0.0
current_slack,20.0,14.0,Poppy,,,,,,0.0
current_slack,20.0,14.0,Oxlip,,,,,,0.0
current_slack,20.0,14.0,Daisy,,,,,,0.0
current_slack,20.0,14.0,Tulip,,,,,,0.0
current_slack,20.0,14.0,Maryj,,,,,,0.0
current_slack,20.0,15.0,Poppy,,,,,,0.0
current_slack,20.0,15.0,Oxlip,,,,,,0.0
current_slack,20.0,15.0,Daisy,,,,,,0.0
current_slack,20.0,15.0,Tulip,,,,,,0.0
current_slack,20.0,15.0,Maryj,,,,,,0.0
current_slack,20.0,17.0,Poppy,,,,,,0.0
current_slack,20.0,17.0,Oxlip,,,,,,0.0
current_slack,20.0,17.0,Daisy,,,,,,0.0
current_slack,20.0,17.0,Tulip,,,,,,0.0
current_slack,20.0,17.0,Maryj,,,,,,0.0
current_slack,20.0,18.0,Poppy,,,,,,0.0
current_slack,20.0,18.0,Oxlip,,,,,,0.0
current_slack,20.0,18.0,Daisy,,,,,,0.0
current_slack,20.0,18.0,Tulip,,,,,,0.0
current_slack,20.0,18.0,Maryj,,,,,,0.0
current_slack,20.0,19.0,Poppy,,,,,,0.0
current_slack,20.0,19.0,Oxlip,,,,,,0.0
current_slack,20.0,19.0,Daisy,,,,,,0.0
current_slack,20.0,19.0,Tulip,,,,,,0.0
current_slack,20.0,19.0,Maryj,,,,,,0.0
current_slack,21.0,0.0,Poppy,,,,,,0.0
current_slack,21.0,0.0,Oxlip,,,,,,0.0
current_slack,21.0,0.0,Daisy,,,,,,0.0
current_slack,21.0,0.0,Tulip,,,,,,0.0
current_slack,21.0,0.0,Maryj,,,,,,0.0
current_slack,21.0,2.0,Poppy,,,,,,0.0
current_slack,21.0,2.0,Oxlip,,,,,,0.0
current_slack,21.0,2.0,Daisy,,,,,,0.0
current_slack,21.0,2.0,Tulip,,,,,,0.0
current_slack,21.0,2.0,Maryj,,,,,,0.0
current_slack,21.0,6.0,Poppy,,,,,,0.0
current_slack,21.0,6.0,Oxlip,,,,,,0.0
current_slack,21.0,6.0,Daisy,,,,,,0.0
current_slack,21.0,6.0,Tulip,,,,,,0.0
current_slack,21.0,6.0,Maryj,,,,,,0.0
current_slack,21.0,10.0,Poppy,,,,,,0.0
current_slack,21.0,10.0,Oxlip,,,,,,0.0
current_slack,21.0,10.0,Daisy,,,,,,0.0
current_slack,21.0,10.0,Tulip,,,,,,0.0
current_slack,21.0,10.0,Maryj,,,,,,0.0
current_slack,21.0,11.0,Poppy,,,,,,0.0
current_slack,21.0,11.0,Oxlip,,,,,,0.0
current_slack,21.0,11.0,Daisy,,,,,,0.0
current_slack,21.0,11.0,Tulip,,,,,,0.0
current_slack,21.0,11.0,Maryj,,,,,,0.0
current_slack,21.0,12.0,Poppy,,,,,,0.0
current_slack,21.0,12.0,Oxlip,,,,,,0.0
current_slack,21.0,12.0,Daisy,,,,,,0.0
current_slack,21.0,12.0,Tulip,,,,,,0.0
current_slack,21.0,12.0,Maryj,,,,,,0.0
current_slack,21.0,13.0,Poppy,,,,,,0.0
current_slack,21.0,13.0,Oxlip,,,,,,0.0
current_slack,21.0,13.0,Daisy,,,,,,0.0
current_slack,21.0,13.0,Tulip,,,,,,0.0
current_slack,21.0,13.0,Maryj,,,,,,0.0
current_slack,21.0,14.0,Poppy,,,,,,0.0
current_slack,21.0,14.0,Oxlip,,,,,,0.0
current_slack,21.0,14.0,Daisy,,,,,,0.0
current_slack,21.0,14.0,Tulip,,,,,,0.0
current_slack,21.0,14.0,Maryj,,,,,,0.0
current_slack,21.0,15.0,Poppy,,,,,,0.0
current_slack,21.0,15.0,Oxlip,,,,,,0.0
current_slack,21.0,15.0,Daisy,,,,,,0.0
current_slack,21.0,15.0,Tulip,,,,,,0.0
current_slack,21.0,15.0,Maryj,,,,,,0.0
current_slack,21.0,17.0,Poppy,,,,,,0.0
current_slack,21.0,17.0,Oxlip,,,,,,0.0
current_slack,21.0,17.0,Daisy,,,,,,0.0
current_slack,21.0,17.0,Tulip,,,,,,0.0
current_slack,21.0,17.0,Maryj,,,,,,0.0
current_slack,21.0,18.0,Poppy,,,,,,0.0
current_slack,21.0,18.0,Oxlip,,,,,,0.0
current_slack,21.0,18.0,Daisy,,,,,,0.0
current_slack,21.0,18.0,Tulip,,,,,,0.0
current_slack,21.0,18.0,Maryj,,,,,,0.0
current_slack,21.0,19.0,Poppy,,,,,,0.0
current_slack,21.0,19.0,Oxlip,,,,,,0.0
current_slack,21.0,19.0,Daisy,,,,,,0.0
current_slack,21.0,19.0,Tulip,,,,,,0.0
current_slack,21.0,19.0,Maryj,,,,,,0.0
current_slack,22.0,0.0,Poppy,,,,,,0.0
current_slack,22.0,0.0,Oxlip,,,,,,0.0
current_slack,22.0,0.0,Daisy,,,,,,0.0
current_slack,22.0,0.0,Tulip,,,,,,0.0
current_slack,22.0,0.0,Maryj,,,,,,0.0
current_slack,22.0,2.0,Poppy,,,,,,0.0
current_slack,22.0,2.0,Oxlip,,,,,,0.0
current_slack,22.0,2.0,Daisy,,,,,,0.0
current_slack,22.0,2.0,Tulip,,,,,,0.0
current_slack,22.0,2.0,Maryj,,,,,,0.0
current_slack,22.0,6.0,Poppy,,,,,,0.0
current_slack,22.0,6.0,Oxlip,,,,,,0.0
current_slack,22.0,6.0,Daisy,,,,,,0.0
current_slack,22.0,6.0,Tulip,,,,,,0.0
current_slack,22.0,6.0,Maryj,,,,,,0.0
current_slack,22.0,10.0,Poppy,,,,,,0.0
current_slack,22.0,10.0,Oxlip,,,,,,0.0
current_slack,22.0,10.0,Daisy,,,,,,0.0
current_slack,22.0,10.0,Tulip,,,,,,0.0
current_slack,22.0,10.0,Maryj,,,,,,0.0
current_slack,22.0,11.0,Poppy,,,,,,0.0
current_slack,22.0,11.0,Oxlip,,,,,,0.0
current_slack,22.0,11.0,Daisy,,,,,,0.0
current_slack,22.0,11.0,Tulip,,,,,,0.0
current_slack,22.0,11.0,Maryj,,,,,,0.0
current_slack,22.0,12.0,Poppy,,,,,,0.0
current_slack,22.0,12.0,Oxlip,,,,,,0.0
current_slack,22.0,12.0,Daisy,,,,,,0.0
current_slack,22.0,12.0,Tulip,,,,,,0.0
current_slack,22.0,12.0,Maryj,,,,,,0.0
current_slack,22.0,13.0,Poppy,,,,,,0.0
current_slack,22.0,13.0,Oxlip,,,,,,0.0
current_slack,22.0,13.0,Daisy,,,,,,0.0
current_slack,22.0,13.0,Tulip,,,,,,0.0
current_slack,22.0,13.0,Maryj,,,,,,0.0
current_slack,22.0,14.0,Poppy,,,,,,0.0
current_slack,22.0,14.0,Oxlip,,,,,,0.0
current_slack,22.0,14.0,Daisy,,,,,,0.0
current_slack,22.0,14.0,Tulip,,,,,,0.0
current_slack,22.0,14.0,Maryj,,,,,,0.0
current_slack,22.0,15.0,Poppy,,,,,,0.0
current_slack,22.0,15.0,Oxlip,,,,,,0.0
current_slack,22.0,15.0,Daisy,,,,,,0.0
current_slack,22.0,15.0,Tulip,,,,,,0.0
current_slack,22.0,15.0,Maryj,,,,,,0.0
current_slack,22.0,17.0,Poppy,,,,,,0.0
current_slack,22.0,17.0,Oxlip,,,,,,0.0
current_slack,22.0,17.0,Daisy,,,,,,0.0
current_slack,22.0,17.0,Tulip,,,,,,0.0
current_slack,22.0,17.0,Maryj,,,,,,0.0
current_slack,22.0,18.0,Poppy,,,,,,0.0
current_slack,22.0,18.0,Oxlip,,,,,,0.0
current_slack,22.0,18.0,Daisy,,,,,,0.0
current_slack,22.0,18.0,Tulip,,,,,,0.0
current_slack,22.0,18.0,Maryj,,,,,,0.0
current_slack,22.0,19.0,Poppy,,,,,,0.0
current_slack,22.0,19.0,Oxlip,,,,,,0.0
current_slack,22.0,19.0,Daisy,,,,,,0.0
current_slack,22.0,19.0,Tulip,,,,,,0.0
current_slack,22.0,19.0,Maryj,,,,,,0.0
current_slack,23.0,0.0,Poppy,,,,,,0.0
current_slack,23.0,0.0,Oxlip,,,,,,0.0
current_slack,23.0,0.0,Daisy,,,,,,0.0
current_slack,23.0,0.0,Tulip,,,,,,0.0
current_slack,23.0,0.0,Maryj,,,,,,0.0
current_slack,23.0,2.0,Poppy,,,,,,0.0
current_slack,23.0,2.0,Oxlip,,,,,,0.0
current_slack,23.0,2.0,Daisy,,,,,,0.0
current_slack,23.0,2.0,Tulip,,,,,,0.0
current_slack,23.0,2.0,Maryj,,,,,,0.0
current_slack,23.0,6.0,Poppy,,,,,,0.0
current_slack,23.0,6.0,Oxlip,,,,,,0.0
current_slack,23.0,6.0,Daisy,,,,,,0.0
current_slack,23.0,6.0,Tulip,,,,,,0.0
current_slack,23.0,6.0,Maryj,,,,,,0.0
current_slack,23.0,10.0,Poppy,,,,,,0.0
current_slack,23.0,10.0,Oxlip,,,,,,0.0
current_slack,23.0,10.0,Daisy,,,,,,0.0
current_slack,23.0,10.0,Tulip,,,,,,0.0
current_slack,23.0,10.0,Maryj,,,,,,0.0
current_slack,23.0,11.0,Poppy,,,,,,0.0
current_slack,23.0,11.0,Oxlip,,,,,,0.0
current_slack,23.0,11.0,Daisy,,,,,,0.0
current_slack,23.0,11.0,Tulip,,,,,,0.0
current_slack,23.0,11.0,Maryj,,,,,,0.0
current_slack,23.0,12.0,Poppy,,,,,,0.0
current_slack,23.0,12.0,Oxlip,,,,,,0.0
current_slack,23.0,12.0,Daisy,,,,,,0.0
current_slack,23.0,12.0,Tulip,,,,,,0.0
current_slack,23.0,12.0,Maryj,,,,,,0.0
current_slack,23.0,13.0,Poppy,,,,,,0.0
current_slack,23.0,13.0,Oxlip,,,,,,0.0
current_slack,23.0,13.0,Daisy,,,,,,0.0
current_slack,23.0,13.0,Tulip,,,,,,0.0
current_slack,23.0,13.0,Maryj,,,,,,0.0
current_slack,23.0,14.0,Poppy,,,,,,0.0
current_slack,23.0,14.0,Oxlip,,,,,,0.0
current_slack,23.0,14.0,Daisy,,,,,,0.0
current_slack,23.0,14.0,Tulip,,,,,,0.0
current_slack,23.0,14.0,Maryj,,,,,,0.0
current_slack,23.0,15.0,Poppy,,,,,,0.0
current_slack,23.0,15.0,Oxlip,,,,,,0.0
current_slack,23.0,15.0,Daisy,,,,,,0.0
current_slack,23.0,15.0,Tulip,,,,,,0.0
current_slack,23.0,15.0,Maryj,,,,,,0.0
current_slack,23.0,17.0,Poppy,,,,,,0.0
current_slack,23.0,17.0,Oxlip,,,,,,0.0
current_slack,23.0,17.0,Daisy,,,,,,0.0
current_slack,23.0,17.0,Tulip,,,,,,0.0
current_slack,23.0,17.0,Maryj,,,,,,0.0
current_slack,23.0,18.0,Poppy,,,,,,0.0
current_slack,23.0,18.0,Oxlip,,,,,,0.0
current_slack,23.0,18.0,Daisy,,,,,,0.0
current_slack,23.0,18.0,Tulip,,,,,,0.0
current_slack,23.0,18.0,Maryj,,,,,,0.0
current_slack,23.0,19.0,Poppy,,,,,,0.0
current_slack,23.0,19.0,Oxlip,,,,,,0.0
current_slack,23.0,19.0,Daisy,,,,,,0.0
current_slack,23.0,19.0,Tulip,,,,,,0.0
current_slack,23.0,19.0,Maryj,,,,,,0.0
current_slack,24.0,0.0,Poppy,,,,,,0.0
current_slack,24.0,0.0,Oxlip,,,,,,0.0
current_slack,24.0,0.0,Daisy,,,,,,0.0
current_slack,24.0,0.0,Tulip,,,,,,0.0
current_slack,24.0,0.0,Maryj,,,,,,0.0
current_slack,24.0,2.0,Poppy,,,,,,0.0
current_slack,24.0,2.0,Oxlip,,,,,,0.0
current_slack,24.0,2.0,Daisy,,,,,,0.0
current_slack,24.0,2.0,Tulip,,,,,,0.0
current_slack,24.0,2.0,Maryj,,,,,,0.0
current_slack,24.0,6.0,Poppy,,,,,,0.0
current_slack,24.0,6.0,Oxlip,,,,,,0.0
current_slack,24.0,6.0,Daisy,,,,,,0.0
current_slack,24.0,6.0,Tulip,,,,,,0.0
current_slack,24.0,6.0,Maryj,,,,,,0.0
current_slack,24.0,10.0,Poppy,,,,,,0.0
current_slack,24.0,10.0,Oxlip,,,,,,0.0
current_slack,24.0,10.0,Daisy,,,,,,0.0
current_slack,24.0,10.0,Tulip,,,,,,0.0
current_slack,24.0,10.0,Maryj,,,,,,0.0
current_slack,24.0,11.0,Poppy,,,,,,0.0
current_slack,24.0,11.0,Oxlip,,,,,,0.0
current_slack,24.0,11.0,Daisy,,,,,,0.0
current_slack,24.0,11.0,Tulip,,,,,,0.0
current_slack,24.0,11.0,Maryj,,,,,,0.0
current_slack,24.0,12.0,Poppy,,,,,,0.0
current_slack,24.0,12.0,Oxlip,,,,,,0.0
current_slack,24.0,12.0,Daisy,,,,,,0.0
current_slack,24.0,12.0,Tulip,,,,,,0.0
current_slack,24.0,12.0,Maryj,,,,,,0.0
current_slack,24.0,13.0,Poppy,,,,,,0.0
current_slack,24.0,13.0,Oxlip,,,,,,0.0
current_slack,24.0,13.0,Daisy,,,,,,0.0
current_slack,24.0,13.0,Tulip,,,,,,0.0
current_slack,24.0,13.0,Maryj,,,,,,0.0
current_slack,24.0,14.0,Poppy,,,,,,0.0
current_slack,24.0,14.0,Oxlip,,,,,,0.0
current_slack,24.0,14.0,Daisy,,,,,,0.0
current_slack,24.0,14.0,Tulip,,,,,,0.0
current_slack,24.0,14.0,Maryj,,,,,,0.0
current_slack,24.0,15.0,Poppy,,,,,,0.0
current_slack,24.0,15.0,Oxlip,,,,,,0.0
current_slack,24.0,15.0,Daisy,,,,,,0.0
current_slack,24.0,15.0,Tulip,,,,,,0.0
current_slack,24.0,15.0,Maryj,,,,,,0.0
current_slack,24.0,17.0,Poppy,,,,,,0.0
current_slack,24.0,17.0,Oxlip,,,,,,0.0
current_slack,24.0,17.0,Daisy,,,,,,0.0
current_slack,24.0,17.0,Tulip,,,,,,0.0
current_slack,24.0,17.0,Maryj,,,,,,0.0
current_slack,24.0,18.0,Poppy,,,,,,0.0
current_slack,24.0,18.0,Oxlip,,,,,,0.0
current_slack,24.0,18.0,Daisy,,,,,,0.0
current_slack,24.0,18.0,Tulip,,,,,,0.0
current_slack,24.0,18.0,Maryj,,,,,,0.0
current_slack,24.0,19.0,Poppy,,,,,,0.0
current_slack,24.0,19.0,Oxlip,,,,,,0.0
current_slack,24.0,19.0,Daisy,,,,,,0.0
current_slack,24.0,19.0,Tulip,,,,,,0.0
current_slack,24.0,19.0,Maryj,,,,,,0.0
phi,1.0,,,,,,,,0.0
phi,2.0,,,,,,,,0.0
phi,3.0,,,,,,,,0.0
phi,4.0,,,,,,,,0.0
phi,5.0,,,,,,,,0.0
phi,6.0,,,,,,,,0.0
phi,7.0,,,,,,,,0.0
phi,8.0,,,,,,,,0.0
phi,9.0,,,,,,,,0.0
phi,10.0,,,,,,,,0.0
phi,11.0,,,,,,,,0.0
phi,12.0,,,,,,,,0.0
phi,13.0,,,,,,,,0.0
phi,14.0,,,,,,,,0.0
phi,15.0,,,,,,,,0.0
phi,16.0,,,,,,,,0.0
phi,17.0,,,,,,,,0.0
phi,18.0,,,,,,,,0.0
phi,19.0,,,,,,,,0.0
phi,20.0,,,,,,,,0.0
phi,21.0,,,,,,,,0.0
phi,22.0,,,,,,,,0.0
phi,23.0,,,,,,,,0.0
phi,24.0,,,,,,,,0.0
phi_1000,1.0,,,,,,,,0.0
phi_1000,2.0,,,,,,,,0.0
phi_1000,3.0,,,,,,,,0.0
phi_1000,4.0,,,,,,,,0.0
phi_1000,5.0,,,,,,,,0.0
phi_1000,6.0,,,,,,,,0.0
phi_1000,7.0,,,,,,,,0.0
phi_1000,8.0,,,,,,,,0.0
phi_1000,9.0,,,,,,,,0.0
phi_1000,10.0,,,,,,,,0.0
phi_1000,11.0,,,,,,,,0.0
phi_1000,12.0,,,,,,,,0.0
phi_1000,13.0,,,,,,,,0.0
phi_1000,14.0,,,,,,,,0.0
phi_1000,15.0,,,,,,,,0.0
phi_1000,16.0,,,,,,,,0.0
phi_1000,17.0,,,,,,,,0.0
phi_1000,18.0,,,,,,,,0.0
phi_1000,19.0,,,,,,,,0.0
phi_1000,20.0,,,,,,,,0.0
phi_1000,21.0,,,,,,,,0.0
phi_1000,22.0,,,,,,,,0.0
phi_1000,23.0,,,,,,,,0.0
phi_1000,24.0,,,,,,,,0.0
losses,1.0,0.0,,,,,,,7.845312661647212e-06
losses,1.0,2.0,,,,,,,1.540649427035894e-06
losses,1.0,6.0,,,,,,,3.2335282689803607e-06
losses,1.0,10.0,,,,,,,4.498616300795973e-05
losses,1.0,11.0,,,,,,,3.2678835117509355e-07
losses,1.0,12.0,,,,,,,7.985229379154707e-07
losses,1.0,13.0,,,,,,,7.84579340457039e-05
losses,1.0,14.0,,,,,,,1.0909965238280246e-05
losses,1.0,15.0,,,,,,,4.122966076159393e-05
losses,1.0,17.0,,,,,,,3.066423508859679e-05
losses,1.0,18.0,,,,,,,2.2897868531294505e-07
losses,1.0,19.0,,,,,,,2.1125600734685003e-07
losses,2.0,0.0,,,,,,,7.77109366288888e-06
losses,2.0,2.0,,,,,,,1.5671370350709062e-06
losses,2.0,6.0,,,,,,,3.1726823069296556e-06
losses,2.0,10.0,,,,,,,4.4595862628322244e-05
losses,2.0,11.0,,,,,,,3.322646326473175e-07
losses,2.0,12.0,,,,,,,7.969495804232149e-07
losses,2.0,13.0,,,,,,,6.155223785834653e-05
losses,2.0,14.0,,,,,,,1.0694689298186598e-05
losses,2.0,15.0,,,,,,,4.221868152430586e-05
losses,2.0,17.0,,,,,,,2.9133975218422957e-05
losses,2.0,18.0,,,,,,,2.00004722313184e-07
losses,2.0,19.0,,,,,,,1.9654494094488795e-07
losses,3.0,0.0,,,,,,,7.948029880666278e-06
losses,3.0,2.0,,,,,,,1.5659046029810436e-06
losses,3.0,6.0,,,,,,,3.180408778301173e-06
losses,3.0,10.0,,,,,,,4.4908780488251906e-05
losses,3.0,11.0,,,,,,,3.3200982877787925e-07
losses,3.0,12.0,,,,,,,8.138115085654295e-07
losses,3.0,13.0,,,,,,,7.295086991406557e-05
losses,3.0,14.0,,,,,,,1.064528255793155e-05
losses,3.0,15.0,,,,,,,4.215844325756675e-05
losses,3.0,17.0,,,,,,,2.953122045892614e-05
losses,3.0,18.0,,,,,,,1.855177408133038e-07
losses,3.0,19.0,,,,,,,2.0780404145338327e-07
losses,4.0,0.0,,,,,,,8.030996485717861e-06
losses,4.0,2.0,,,,,,,1.5907547437691111e-06
losses,4.0,6.0,,,,,,,3.150394408742584e-06
losses,4.0,10.0,,,,,,,4.533974490257619e-05
losses,4.0,11.0,,,,,,,3.3714756584345236e-07
losses,4.0,12.0,,,,,,,8.259591205605806e-07
losses,4.0,13.0,,,,,,,6.161057511436554e-05
losses,4.0,14.0,,,,,,,1.0672072978967206e-05
losses,4.0,15.0,,,,,,,4.3007687499948054e-05
losses,4.0,17.0,,,,,,,2.889994386068459e-05
losses,4.0,18.0,,,,,,,1.7827425006336347e-07
losses,4.0,19.0,,,,,,,1.9784479383347375e-07
losses,5.0,0.0,,,,,,,7.567054453882473e-06
losses,5.0,2.0,,,,,,,1.5734937900607195e-06
losses,5.0,6.0,,,,,,,3.109533262066285e-06
losses,5.0,10.0,,,,,,,4.329805657339219e-05
losses,5.0,11.0,,,,,,,3.335788841844201e-07
losses,5.0,12.0,,,,,,,7.696201453210843e-07
losses,5.0,13.0,,,,,,,9.650745209685559e-05
losses,5.0,14.0,,,,,,,1.0345852273659366e-05
losses,5.0,15.0,,,,,,,4.259705814409005e-05
losses,5.0,17.0,,,,,,,3.0485628683773355e-05
losses,5.0,18.0,,,,,,,1.8426846835668854e-07
losses,5.0,19.0,,,,,,,2.30294653872168e-07
losses,6.0,0.0,,,,,,,7.447727712289653e-06
losses,6.0,2.0,,,,,,,1.6424086761552705e-06
losses,6.0,6.0,,,,,,,3.07859553672566e-06
losses,6.0,10.0,,,,,,,5.0284950402320355e-05
losses,6.0,11.0,,,,,,,3.471442538500605e-07
losses,6.0,12.0,,,,,,,7.686574101082319e-07
losses,6.0,13.0,,,,,,,0.00023281085969269598
losses,6.0,14.0,,,,,,,1.3323234282385387e-05
losses,6.0,15.0,,,,,,,4.4586104916127025e-05
losses,6.0,17.0,,,,,,,4.120918491690787e-05
losses,6.0,18.0,,,,,,,2.4418932356241055e-07
losses,6.0,19.0,,,,,,,3.3936687846351274e-07
losses,7.0,0.0,,,,,,,7.131740652320315e-06
losses,7.0,2.0,,,,,,,2.414593904164742e-06
losses,7.0,6.0,,,,,,,2.8781105858905245e-06
losses,7.0,10.0,,,,,,,9.083287212020705e-05
losses,7.0,11.0,,,,,,,5.286081783532979e-07
losses,7.0,12.0,,,,,,,8.986766583609773e-07
losses,7.0,13.0,,,,,,,0.0003577644029750724
losses,7.0,14.0,,,,,,,2.877500433739896e-05
losses,7.0,15.0,,,,,,,6.587380346499809e-05
losses,7.0,17.0,,,,,,,6.140253214606809e-05
losses,7.0,18.0,,,,,,,3.7199208031509775e-07
losses,7.0,19.0,,,,,,,5.403529487749415e-07
losses,8.0,0.0,,,,,,,7.04733487084343e-06
losses,8.0,2.0,,,,,,,3.7122257702712004e-06
losses,8.0,6.0,,,,,,,1.3500403597190158e-05
losses,8.0,10.0,,,,,,,0.0001369336993035549
losses,8.0,11.0,,,,,,,8.251562631322564e-07
losses,8.0,12.0,,,,,,,1.3231179464276243e-06
losses,8.0,13.0,,,,,,,0.0004851195685611896
losses,8.0,14.0,,,,,,,3.9835779248494596e-05
losses,8.0,15.0,,,,,,,0.00012977228401161227
losses,8.0,17.0,,,,,,,8.743621612196358e-05
losses,8.0,18.0,,,,,,,5.626764482850759e-07
losses,8.0,19.0,,,,,,,8.111838075410303e-07
losses,9.0,0.0,,,,,,,5.5415379524219185e-05
losses,9.0,2.0,,,,,,,1.7469578105007433e-05
losses,9.0,6.0,,,,,,,2.4352062540342977e-05
losses,9.0,10.0,,,,,,,0.00044645620147444013
losses,9.0,11.0,,,,,,,3.742359764314974e-06
losses,9.0,12.0,,,,,,,7.78427424611715e-06
losses,9.0,13.0,,,,,,,0.001056011980612101
losses,9.0,14.0,,,,,,,9.509978565371002e-05
losses,9.0,15.0,,,,,,,0.0005355040969197578
losses,9.0,17.0,,,,,,,0.0002870193843790158
losses,9.0,18.0,,,,,,,5.574914404081327e-07
losses,9.0,19.0,,,,,,,2.615223016077373e-06
losses,10.0,0.0,,,,,,,5.2542418262073996e-05
losses,10.0,2.0,,,,,,,1.4112064726115267e-05
losses,10.0,6.0,,,,,,,6.57011703086517e-05
losses,10.0,10.0,,,,,,,0.0003853292397954781
losses,10.0,11.0,,,,,,,3.1914097405633203e-06
losses,10.0,12.0,,,,,,,6.94532398150913e-06
losses,10.0,13.0,,,,,,,0.0010875542821888974
losses,10.0,14.0,,,,,,,8.658577687560009e-05
losses,10.0,15.0,,,,,,,0.0005495028656093436
losses,10.0,17.0,,,,,,,0.0002695644665627198
losses,10.0,18.0,,,,,,,4.9820223076139e-07
losses,10.0,19.0,,,,,,,2.5440129912922165e-06
losses,11.0,0.0,,,,,,,5.6435130060087216e-05
losses,11.0,2.0,,,,,,,1.3530798526632607e-05
losses,11.0,6.0,,,,,,,6.329591099577999e-05
losses,11.0,10.0,,,,,,,0.00034067821615528526
losses,11.0,11.0,,,,,,,3.093922557296339e-06
losses,11.0,12.0,,,,,,,7.0127947983024865e-06
losses,11.0,13.0,,,,,,,0.0012456404784984881
losses,11.0,14.0,,,,,,,6.668633257410955e-05
losses,11.0,15.0,,,,,,,0.0005271917959993335
losses,11.0,17.0,,,,,,,0.0002740230168554619
losses,11.0,18.0,,,,,,,4.557509904017444e-07
losses,11.0,19.0,,,,,,,2.657265255570878e-06
losses,12.0,0.0,,,,,,,5.855298116631609e-05
losses,12.0,2.0,,,,,,,1.4050001166892454e-05
losses,12.0,6.0,,,,,,,6.732914250584814e-05
losses,12.0,10.0,,,,,,,0.000350356207021203
losses,12.0,11.0,,,,,,,3.184437681954471e-06
losses,12.0,12.0,,,,,,,7.240883114219238e-06
losses,12.0,13.0,,,,,,,0.0014909461494363632
losses,12.0,14.0,,,,,,,6.872258292140056e-05
losses,12.0,15.0,,,,,,,0.0005521492156514817
losses,12.0,17.0,,,,,,,0.00028994297905299293
losses,12.0,18.0,,,,,,,4.739025614884997e-07
losses,12.0,19.0,,,,,,,2.8820263741650887e-06
losses,13.0,0.0,,,,,,,6.114915368817824e-05
losses,13.0,2.0,,,,,,,1.2989167723847052e-05
losses,13.0,6.0,,,,,,,6.730550412954813e-05
losses,13.0,10.0,,,,,,,0.00034193269108118894
losses,13.0,11.0,,,,,,,2.9615722118491364e-06
losses,13.0,12.0,,,,,,,7.011579751086164e-06
losses,13.0,13.0,,,,,,,0.0013221055938898727
losses,13.0,14.0,,,,,,,7.127821290735126e-05
losses,13.0,15.0,,,,,,,0.0005146780065899853
losses,13.0,17.0,,,,,,,0.0002745175860662883
losses,13.0,18.0,,,,,,,4.647365572542209e-07
losses,13.0,19.0,,,,,,,2.671275187679994e-06
losses,14.0,0.0,,,,,,,5.854799611674483e-05
losses,14.0,2.0,,,,,,,1.5045843282324025e-05
losses,14.0,6.0,,,,,,,7.120922551772812e-05
losses,14.0,10.0,,,,,,,0.0003615744804814249
losses,14.0,11.0,,,,,,,3.3315035467792565e-06
losses,14.0,12.0,,,,,,,7.377028220812053e-06
losses,14.0,13.0,,,,,,,0.0012626073419365871
losses,14.0,14.0,,,,,,,7.035170061684361e-05
losses,14.0,15.0,,,,,,,0.00058913703782898
losses,14.0,17.0,,,,,,,0.0002855346217518851
losses,14.0,18.0,,,,,,,4.314884262339992e-07
losses,14.0,19.0,,,,,,,2.7846424099408753e-06
losses,15.0,0.0,,,,,,,6.270754345337332e-05
losses,15.0,2.0,,,,,,,1.4779491617688557e-05
losses,15.0,6.0,,,,,,,9.524443434586612e-05
losses,15.0,10.0,,,,,,,0.00036791061723562756
losses,15.0,11.0,,,,,,,3.2571662004655498e-06
losses,15.0,12.0,,,,,,,7.421323010377319e-06
losses,15.0,13.0,,,,,,,0.0011896858839247875
losses,15.0,14.0,,,,,,,7.571515746440202e-05
losses,15.0,15.0,,,,,,,0.0006179042998633658
losses,15.0,17.0,,,,,,,0.00028283454008611617
losses,15.0,18.0,,,,,,,4.2415400320281014e-07
losses,15.0,19.0,,,,,,,2.735379281033768e-06
losses,16.0,0.0,,,,,,,6.544744337405214e-05
losses,16.0,2.0,,,,,,,1.4742704906639616e-05
losses,16.0,6.0,,,,,,,0.00011541904820868374
losses,16.0,10.0,,,,,,,0.0003735680637863395
losses,16.0,11.0,,,,,,,3.2147708326755157e-06
losses,16.0,12.0,,,,,,,7.438983452918913e-06
losses,16.0,13.0,,,,,,,0.0012085607101723606
losses,16.0,14.0,,,,,,,7.938901108730976e-05
losses,16.0,15.0,,,,,,,0.0006458716935346161
losses,16.0,17.0,,,,,,,0.0002882563556434538
losses,16.0,18.0,,,,,,,4.827080659052744e-07
losses,16.0,19.0,,,,,,,2.780085800457187e-06
losses,17.0,0.0,,,,,,,7.624492535694389e-05
losses,17.0,2.0,,,,,,,1.4417880927471948e-05
losses,17.0,6.0,,,,,,,0.00013122827007617662
losses,17.0,10.0,,,,,,,0.00041192060761902825
losses,17.0,11.0,,,,,,,3.0750461905646405e-06
losses,17.0,12.0,,,,,,,7.724744203692917e-06
losses,17.0,13.0,,,,,,,0.0014715686964737336
losses,17.0,14.0,,,,,,,9.488041022103105e-05
losses,17.0,15.0,,,,,,,0.000663290547231192
losses,17.0,17.0,,,,,,,0.0003126061897813021
losses,17.0,18.0,,,,,,,7.481721278637307e-07
losses,17.0,19.0,,,,,,,2.980845612332346e-06
losses,18.0,0.0,,,,,,,3.895922100262729e-05
losses,18.0,2.0,,,,,,,6.091504112735496e-06
losses,18.0,6.0,,,,,,,0.0001426043475504814
losses,18.0,10.0,,,,,,,0.00023598146020289645
losses,18.0,11.0,,,,,,,1.3057337252362668e-06
losses,18.0,12.0,,,,,,,3.151036784880526e-06
losses,18.0,13.0,,,,,,,0.001151208508192463
losses,18.0,14.0,,,,,,,6.629701055447253e-05
losses,18.0,15.0,,,,,,,0.00037937977826419636
losses,18.0,17.0,,,,,,,0.00021094247657152103
losses,18.0,18.0,,,,,,,1.0873140204203625e-06
losses,18.0,19.0,,,,,,,1.993311380025727e-06
losses,19.0,0.0,,,,,,,4.1246265971925254e-05
losses,19.0,2.0,,,,,,,2.7067521748444105e-06
losses,19.0,6.0,,,,,,,7.734142816290477e-05
losses,19.0,10.0,,,,,,,0.0001758498250159281
losses,19.0,11.0,,,,,,,6.139939136554395e-07
losses,19.0,12.0,,,,,,,2.1895944632377775e-06
losses,19.0,13.0,,,,,,,0.0009803407829211842
losses,19.0,14.0,,,,,,,6.866263297358509e-05
losses,19.0,15.0,,,,,,,0.00018279942705937371
losses,19.0,17.0,,,,,,,0.00015069292781088944
losses,19.0,18.0,,,,,,,1.1066457313590368e-06
losses,19.0,19.0,,,,,,,1.2767165479383467e-06
losses,20.0,0.0,,,,,,,4.3017494125375665e-05
losses,20.0,2.0,,,,,,,2.8146883697779743e-06
losses,20.0,6.0,,,,,,,6.171839539584188e-05
losses,20.0,10.0,,,,,,,0.00017727427097841047
losses,20.0,11.0,,,,,,,6.36387720963398e-07
losses,20.0,12.0,,,,,,,2.267074524714047e-06
losses,20.0,13.0,,,,,,,0.0009014801831187691
losses,20.0,14.0,,,,,,,6.867014251262023e-05
losses,20.0,15.0,,,,,,,0.000169587564347471
losses,20.0,17.0,,,,,,,0.00014084447476726993
losses,20.0,18.0,,,,,,,9.875285843933951e-07
losses,20.0,19.0,,,,,,,1.1663716654994422e-06
losses,21.0,0.0,,,,,,,4.315481015083204e-05
losses,21.0,2.0,,,,,,,2.457263711365033e-06
losses,21.0,6.0,,,,,,,6.01821242427699e-05
losses,21.0,10.0,,,,,,,0.00017803124478942692
losses,21.0,11.0,,,,,,,5.50429383799715e-07
losses,21.0,12.0,,,,,,,2.2490169261174866e-06
losses,21.0,13.0,,,,,,,0.0008183397633698834
losses,21.0,14.0,,,,,,,7.38256001865918e-05
losses,21.0,15.0,,,,,,,0.00015090879198025422
losses,21.0,17.0,,,,,,,0.0001263491094753838
losses,21.0,18.0,,,,,,,9.298646177711677e-07
losses,21.0,19.0,,,,,,,1.0050861161680051e-06
losses,22.0,0.0,,,,,,,8.184611358731768e-06
losses,22.0,2.0,,,,,,,2.454478023545009e-06
losses,22.0,6.0,,,,,,,3.316642740320813e-06
losses,22.0,10.0,,,,,,,9.628203318733225e-05
losses,22.0,11.0,,,,,,,5.498275717736167e-07
losses,22.0,12.0,,,,,,,1.0380178267599481e-06
losses,22.0,13.0,,,,,,,0.0005582874690325248
losses,22.0,14.0,,,,,,,2.8475864731368123e-05
losses,22.0,15.0,,,,,,,6.936947489392401e-05
losses,22.0,17.0,,,,,,,8.37145040872778e-05
losses,22.0,18.0,,,,,,,8.095648424873537e-07
losses,22.0,19.0,,,,,,,7.300226987603242e-07
losses,23.0,0.0,,,,,,,7.820101763656288e-06
losses,23.0,2.0,,,,,,,2.0202271172166674e-06
losses,23.0,6.0,,,,,,,3.2335282689803607e-06
losses,23.0,10.0,,,,,,,6.6365652621329e-05
losses,23.0,11.0,,,,,,,4.479854991860537e-07
losses,23.0,12.0,,,,,,,8.698171227705814e-07
losses,23.0,13.0,,,,,,,0.0002305129132216527
losses,23.0,14.0,,,,,,,1.755205021038813e-05
losses,23.0,15.0,,,,,,,5.6243899740557276e-05
losses,23.0,17.0,,,,,,,5.642734671116072e-05
losses,23.0,18.0,,,,,,,5.451093382060941e-07
losses,23.0,19.0,,,,,,,3.927786012156376e-07
losses,24.0,0.0,,,,,,,7.922532494771379e-06
losses,24.0,2.0,,,,,,,1.7754026416091968e-06
losses,24.0,6.0,,,,,,,3.1697848801653357e-06
losses,24.0,10.0,,,,,,,5.029369833949694e-05
losses,24.0,11.0,,,,,,,3.913368973861862e-07
losses,24.0,12.0,,,,,,,8.141846900501049e-07
losses,24.0,13.0,,,,,,,0.00010366466109663676
losses,24.0,14.0,,,,,,,1.146166935906059e-05
losses,24.0,15.0,,,,,,,5.061163090125439e-05
losses,24.0,17.0,,,,,,,3.9391515618333955e-05
losses,24.0,18.0,,,,,,,3.276492196793554e-07
losses,24.0,19.0,,,,,,,2.4673928481249443e-07
active_power_k,1.0,0.0,Poppy,,,,,,0.0
active_power_k,1.0,0.0,Oxlip,,,,,,0.007481966999551595
active_power_k,1.0,0.0,Daisy,,,,,,0.0
active_power_k,1.0,0.0,Tulip,,,,,,0.0
active_power_k,1.0,0.0,Maryj,,,,,,0.0
active_power_k,1.0,2.0,Poppy,,,,,,0.0
active_power_k,1.0,2.0,Oxlip,,,,,,0.0
active_power_k,1.0,2.0,Daisy,,,,,,0.009234223131185661
active_power_k,1.0,2.0,Tulip,,,,,,0.0
active_power_k,1.0,2.0,Maryj,,,,,,0.0
active_power_k,1.0,6.0,Poppy,,,,,,0.002493177645301506
active_power_k,1.0,6.0,Oxlip,,,,,,0.0
active_power_k,1.0,6.0,Daisy,,,,,,0.0
active_power_k,1.0,6.0,Tulip,,,,,,0.0
active_power_k,1.0,6.0,Maryj,,,,,,0.0
active_power_k,1.0,10.0,Poppy,,,,,,0.0
active_power_k,1.0,10.0,Oxlip,,,,,,0.0
active_power_k,1.0,10.0,Daisy,,,,,,-0.018651181365902575
active_power_k,1.0,10.0,Tulip,,,,,,0.0
active_power_k,1.0,10.0,Maryj,,,,,,0.0
active_power_k,1.0,11.0,Poppy,,,,,,-0.02077353558395691
active_power_k,1.0,11.0,Oxlip,,,,,,0.0
active_power_k,1.0,11.0,Daisy,,,,,,0.0
active_power_k,1.0,11.0,Tulip,,,,,,0.0
active_power_k,1.0,11.0,Maryj,,,,,,0.0
active_power_k,1.0,12.0,Poppy,,,,,,0.03975335524344989
active_power_k,1.0,12.0,Oxlip,,,,,,0.0
active_power_k,1.0,12.0,Daisy,,,,,,0.0
active_power_k,1.0,12.0,Tulip,,,,,,0.0
active_power_k,1.0,12.0,Maryj,,,,,,0.0
active_power_k,1.0,13.0,Poppy,,,,,,0.0
active_power_k,1.0,13.0,Oxlip,,,,,,0.0
active_power_k,1.0,13.0,Daisy,,,,,,0.0
active_power_k,1.0,13.0,Tulip,,,,,,0.02946360642575299
active_power_k,1.0,13.0,Maryj,,,,,,0.0
active_power_k,1.0,14.0,Poppy,,,,,,0.0
active_power_k,1.0,14.0,Oxlip,,,,,,0.010861105521918733
active_power_k,1.0,14.0,Daisy,,,,,,0.0
active_power_k,1.0,14.0,Tulip,,,,,,0.0
active_power_k,1.0,14.0,Maryj,,,,,,0.0
active_power_k,1.0,15.0,Poppy,,,,,,0.0
active_power_k,1.0,15.0,Oxlip,,,,,,0.0
active_power_k,1.0,15.0,Daisy,,,,,,-0.016342201367939443
active_power_k,1.0,15.0,Tulip,,,,,,0.0
active_power_k,1.0,15.0,Maryj,,,,,,0.0
active_power_k,1.0,17.0,Poppy,,,,,,0.1463661301903613
active_power_k,1.0,17.0,Oxlip,,,,,,0.0
active_power_k,1.0,17.0,Daisy,,,,,,0.0
active_power_k,1.0,17.0,Tulip,,,,,,0.0
active_power_k,1.0,17.0,Maryj,,,,,,0.0
active_power_k,1.0,18.0,Poppy,,,,,,-0.03418913023819301
active_power_k,1.0,18.0,Oxlip,,,,,,0.0
active_power_k,1.0,18.0,Daisy,,,,,,0.0
active_power_k,1.0,18.0,Tulip,,,,,,0.0
active_power_k,1.0,18.0,Maryj,,,,,,0.0
active_power_k,1.0,19.0,Poppy,,,,,,0.0
active_power_k,1.0,19.0,Oxlip,,,,,,0.0
active_power_k,1.0,19.0,Daisy,,,,,,0.0
active_power_k,1.0,19.0,Tulip,,,,,,0.0
active_power_k,1.0,19.0,Maryj,,,,,,-0.06315831710775144
active_power_k,2.0,0.0,Poppy,,,,,,0.0
active_power_k,2.0,0.0,Oxlip,,,,,,0.007481892780552837
active_power_k,2.0,0.0,Daisy,,,,,,0.0
active_power_k,2.0,0.0,Tulip,,,,,,0.0
active_power_k,2.0,0.0,Maryj,,,,,,0.0
active_power_k,2.0,2.0,Poppy,,,,,,0.0
active_power_k,2.0,2.0,Oxlip,,,,,,0.0
active_power_k,2.0,2.0,Daisy,,,,,,0.009234249618793697
active_power_k,2.0,2.0,Tulip,,,,,,0.0
active_power_k,2.0,2.0,Maryj,,,,,,0.0
active_power_k,2.0,6.0,Poppy,,,,,,0.0024931167993394554
active_power_k,2.0,6.0,Oxlip,,,,,,0.0
active_power_k,2.0,6.0,Daisy,,,,,,0.0
active_power_k,2.0,6.0,Tulip,,,,,,0.0
active_power_k,2.0,6.0,Maryj,,,,,,0.0
active_power_k,2.0,10.0,Poppy,,,,,,0.0
active_power_k,2.0,10.0,Oxlip,,,,,,0.0
active_power_k,2.0,10.0,Daisy,,,,,,-0.018565503147877693
active_power_k,2.0,10.0,Tulip,,,,,,0.0
active_power_k,2.0,10.0,Maryj,,,,,,0.0
active_power_k,2.0,11.0,Poppy,,,,,,-0.02077353558395691
active_power_k,2.0,11.0,Oxlip,,,,,,0.0
active_power_k,2.0,11.0,Daisy,,,,,,0.0
active_power_k,2.0,11.0,Tulip,,,,,,0.0
active_power_k,2.0,11.0,Maryj,,,,,,0.0
active_power_k,2.0,12.0,Poppy,,,,,,0.039753359146373866
active_power_k,2.0,12.0,Oxlip,,,,,,0.0
active_power_k,2.0,12.0,Daisy,,,,,,0.0
active_power_k,2.0,12.0,Tulip,,,,,,0.0
active_power_k,2.0,12.0,Maryj,,,,,,0.0
active_power_k,2.0,13.0,Poppy,,,,,,0.0
active_power_k,2.0,13.0,Oxlip,,,,,,0.0
active_power_k,2.0,13.0,Daisy,,,,,,0.0
active_power_k,2.0,13.0,Tulip,,,,,,0.026191884093271257
active_power_k,2.0,13.0,Maryj,,,,,,0.0
active_power_k,2.0,14.0,Poppy,,,,,,0.0
active_power_k,2.0,14.0,Oxlip,,,,,,0.010775427303893852
active_power_k,2.0,14.0,Daisy,,,,,,0.0
active_power_k,2.0,14.0,Tulip,,,,,,0.0
active_power_k,2.0,14.0,Maryj,,,,,,0.0
active_power_k,2.0,15.0,Poppy,,,,,,0.0
active_power_k,2.0,15.0,Oxlip,,,,,,0.0
active_power_k,2.0,15.0,Daisy,,,,,,-0.016342140521977393
active_power_k,2.0,15.0,Tulip,,,,,,0.0
active_power_k,2.0,15.0,Maryj,,,,,,0.0
active_power_k,2.0,17.0,Poppy,,,,,,0.1405645662157913
active_power_k,2.0,17.0,Oxlip,,,,,,0.0
active_power_k,2.0,17.0,Daisy,,,,,,0.0
active_power_k,2.0,17.0,Tulip,,,,,,0.0
active_power_k,2.0,17.0,Maryj,,,,,,0.0
active_power_k,2.0,18.0,Poppy,,,,,,-0.03165990397567167
active_power_k,2.0,18.0,Oxlip,,,,,,0.0
active_power_k,2.0,18.0,Daisy,,,,,,0.0
active_power_k,2.0,18.0,Tulip,,,,,,0.0
active_power_k,2.0,18.0,Maryj,,,,,,0.0
active_power_k,2.0,19.0,Poppy,,,,,,0.0
active_power_k,2.0,19.0,Oxlip,,,,,,0.0
active_power_k,2.0,19.0,Daisy,,,,,,0.0
active_power_k,2.0,19.0,Tulip,,,,,,0.0
active_power_k,2.0,19.0,Maryj,,,,,,-0.05988752295007038
active_power_k,3.0,0.0,Poppy,,,,,,0.0
active_power_k,3.0,0.0,Oxlip,,,,,,0.007482069716770614
active_power_k,3.0,0.0,Daisy,,,,,,0.0
active_power_k,3.0,0.0,Tulip,,,,,,0.0
active_power_k,3.0,0.0,Maryj,,,,,,0.0
active_power_k,3.0,2.0,Poppy,,,,,,0.0
active_power_k,3.0,2.0,Oxlip,,,,,,0.0
active_power_k,3.0,2.0,Daisy,,,,,,0.009234248386361606
active_power_k,3.0,2.0,Tulip,,,,,,0.0
active_power_k,3.0,2.0,Maryj,,,,,,0.0
active_power_k,3.0,6.0,Poppy,,,,,,0.002493124525810827
active_power_k,3.0,6.0,Oxlip,,,,,,0.0
active_power_k,3.0,6.0,Daisy,,,,,,0.0
active_power_k,3.0,6.0,Tulip,,,,,,0.0
active_power_k,3.0,6.0,Maryj,,,,,,0.0
active_power_k,3.0,10.0,Poppy,,,,,,0.0
active_power_k,3.0,10.0,Oxlip,,,,,,0.0
active_power_k,3.0,10.0,Daisy,,,,,,-0.018463164209651994
active_power_k,3.0,10.0,Tulip,,,,,,0.0
active_power_k,3.0,10.0,Maryj,,,,,,0.0
active_power_k,3.0,11.0,Poppy,,,,,,-0.02077353558395691
active_power_k,3.0,11.0,Oxlip,,,,,,0.0
active_power_k,3.0,11.0,Daisy,,,,,,0.0
active_power_k,3.0,11.0,Tulip,,,,,,0.0
active_power_k,3.0,11.0,Maryj,,,,,,0.0
active_power_k,3.0,12.0,Poppy,,,,,,0.03975337575349813
active_power_k,3.0,12.0,Oxlip,,,,,,0.0
active_power_k,3.0,12.0,Daisy,,,,,,0.0
active_power_k,3.0,12.0,Tulip,,,,,,0.0
active_power_k,3.0,12.0,Maryj,,,,,,0.0
active_power_k,3.0,13.0,Poppy,,,,,,0.0
active_power_k,3.0,13.0,Oxlip,,,,,,0.0
active_power_k,3.0,13.0,Daisy,,,,,,0.0
active_power_k,3.0,13.0,Tulip,,,,,,0.02831108605423801
active_power_k,3.0,13.0,Maryj,,,,,,0.0
active_power_k,3.0,14.0,Poppy,,,,,,0.0
active_power_k,3.0,14.0,Oxlip,,,,,,0.010673088365668153
active_power_k,3.0,14.0,Daisy,,,,,,0.0
active_power_k,3.0,14.0,Tulip,,,,,,0.0
active_power_k,3.0,14.0,Maryj,,,,,,0.0
active_power_k,3.0,15.0,Poppy,,,,,,0.0
active_power_k,3.0,15.0,Oxlip,,,,,,0.0
active_power_k,3.0,15.0,Daisy,,,,,,-0.016342148248448766
active_power_k,3.0,15.0,Tulip,,,,,,0.0
active_power_k,3.0,15.0,Maryj,,,,,,0.0
active_power_k,3.0,17.0,Poppy,,,,,,0.14141951192575375
active_power_k,3.0,17.0,Oxlip,,,,,,0.0
active_power_k,3.0,17.0,Daisy,,,,,,0.0
active_power_k,3.0,17.0,Tulip,,,,,,0.0
active_power_k,3.0,17.0,Maryj,,,,,,0.0
active_power_k,3.0,18.0,Poppy,,,,,,-0.03039529084441103
active_power_k,3.0,18.0,Oxlip,,,,,,0.0
active_power_k,3.0,18.0,Daisy,,,,,,0.0
active_power_k,3.0,18.0,Tulip,,,,,,0.0
active_power_k,3.0,18.0,Maryj,,,,,,0.0
active_power_k,3.0,19.0,Poppy,,,,,,0.0
active_power_k,3.0,19.0,Oxlip,,,,,,0.0
active_power_k,3.0,19.0,Daisy,,,,,,0.0
active_power_k,3.0,19.0,Tulip,,,,,,0.0
active_power_k,3.0,19.0,Maryj,,,,,,-0.062006672399241736
active_power_k,4.0,0.0,Poppy,,,,,,0.0
active_power_k,4.0,0.0,Oxlip,,,,,,0.007482152683375666
active_power_k,4.0,0.0,Daisy,,,,,,0.0
active_power_k,4.0,0.0,Tulip,,,,,,0.0
active_power_k,4.0,0.0,Maryj,,,,,,0.0
active_power_k,4.0,2.0,Poppy,,,,,,0.0
active_power_k,4.0,2.0,Oxlip,,,,,,0.0
active_power_k,4.0,2.0,Daisy,,,,,,0.009234273236502395
active_power_k,4.0,2.0,Tulip,,,,,,0.0
active_power_k,4.0,2.0,Maryj,,,,,,0.0
active_power_k,4.0,6.0,Poppy,,,,,,0.002493094511441268
active_power_k,4.0,6.0,Oxlip,,,,,,0.0
active_power_k,4.0,6.0,Daisy,,,,,,0.0
active_power_k,4.0,6.0,Tulip,,,,,,0.0
active_power_k,4.0,6.0,Maryj,,,,,,0.0
active_power_k,4.0,10.0,Poppy,,,,,,0.0
active_power_k,4.0,10.0,Oxlip,,,,,,0.0
active_power_k,4.0,10.0,Daisy,,,,,,-0.0184632739666781
active_power_k,4.0,10.0,Tulip,,,,,,0.0
active_power_k,4.0,10.0,Maryj,,,,,,0.0
active_power_k,4.0,11.0,Poppy,,,,,,-0.02077353558395691
active_power_k,4.0,11.0,Oxlip,,,,,,0.0
active_power_k,4.0,11.0,Daisy,,,,,,0.0
active_power_k,4.0,11.0,Tulip,,,,,,0.0
active_power_k,4.0,11.0,Maryj,,,,,,0.0
active_power_k,4.0,12.0,Poppy,,,,,,0.039753393038847194
active_power_k,4.0,12.0,Oxlip,,,,,,0.0
active_power_k,4.0,12.0,Daisy,,,,,,0.0
active_power_k,4.0,12.0,Tulip,,,,,,0.0
active_power_k,4.0,12.0,Maryj,,,,,,0.0
active_power_k,4.0,13.0,Poppy,,,,,,0.0
active_power_k,4.0,13.0,Oxlip,,,,,,0.0
active_power_k,4.0,13.0,Daisy,,,,,,0.0
active_power_k,4.0,13.0,Tulip,,,,,,0.025930637336833078
active_power_k,4.0,13.0,Maryj,,,,,,0.0
active_power_k,4.0,14.0,Poppy,,,,,,0.0
active_power_k,4.0,14.0,Oxlip,,,,,,0.01067319812269426
active_power_k,4.0,14.0,Daisy,,,,,,0.0
active_power_k,4.0,14.0,Tulip,,,,,,0.0
active_power_k,4.0,14.0,Maryj,,,,,,0.0
active_power_k,4.0,15.0,Poppy,,,,,,0.0
active_power_k,4.0,15.0,Oxlip,,,,,,0.0
active_power_k,4.0,15.0,Daisy,,,,,,-0.016342118234079207
active_power_k,4.0,15.0,Tulip,,,,,,0.0
active_power_k,4.0,15.0,Maryj,,,,,,0.0
active_power_k,4.0,17.0,Poppy,,,,,,0.13840696952874454
active_power_k,4.0,17.0,Oxlip,,,,,,0.0
active_power_k,4.0,17.0,Daisy,,,,,,0.0
active_power_k,4.0,17.0,Tulip,,,,,,0.0
active_power_k,4.0,17.0,Maryj,,,,,,0.0
active_power_k,4.0,18.0,Poppy,,,,,,-0.02976298427878069
active_power_k,4.0,18.0,Oxlip,,,,,,0.0
active_power_k,4.0,18.0,Daisy,,,,,,0.0
active_power_k,4.0,18.0,Tulip,,,,,,0.0
active_power_k,4.0,18.0,Maryj,,,,,,0.0
active_power_k,4.0,19.0,Poppy,,,,,,0.0
active_power_k,4.0,19.0,Oxlip,,,,,,0.0
active_power_k,4.0,19.0,Daisy,,,,,,0.0
active_power_k,4.0,19.0,Tulip,,,,,,0.0
active_power_k,4.0,19.0,Maryj,,,,,,-0.059627042911709616
active_power_k,5.0,0.0,Poppy,,,,,,0.0
active_power_k,5.0,0.0,Oxlip,,,,,,0.00748168874134383
active_power_k,5.0,0.0,Daisy,,,,,,0.0
active_power_k,5.0,0.0,Tulip,,,,,,0.0
active_power_k,5.0,0.0,Maryj,,,,,,0.0
active_power_k,5.0,2.0,Poppy,,,,,,0.0
active_power_k,5.0,2.0,Oxlip,,,,,,0.0
active_power_k,5.0,2.0,Daisy,,,,,,0.009234255975548685
active_power_k,5.0,2.0,Tulip,,,,,,0.0
active_power_k,5.0,2.0,Maryj,,,,,,0.0
active_power_k,5.0,6.0,Poppy,,,,,,0.002493053650294592
active_power_k,5.0,6.0,Oxlip,,,,,,0.0
active_power_k,5.0,6.0,Daisy,,,,,,0.0
active_power_k,5.0,6.0,Tulip,,,,,,0.0
active_power_k,5.0,6.0,Maryj,,,,,,0.0
active_power_k,5.0,10.0,Poppy,,,,,,0.0
active_power_k,5.0,10.0,Oxlip,,,,,,0.0
active_power_k,5.0,10.0,Daisy,,,,,,-0.018464745495216123
active_power_k,5.0,10.0,Tulip,,,,,,0.0
active_power_k,5.0,10.0,Maryj,,,,,,0.0
active_power_k,5.0,11.0,Poppy,,,,,,-0.02077353558395691
active_power_k,5.0,11.0,Oxlip,,,,,,0.0
active_power_k,5.0,11.0,Daisy,,,,,,0.0
active_power_k,5.0,11.0,Tulip,,,,,,0.0
active_power_k,5.0,11.0,Maryj,,,,,,0.0
active_power_k,5.0,12.0,Poppy,,,,,,0.0397533331311903
active_power_k,5.0,12.0,Oxlip,,,,,,0.0
active_power_k,5.0,12.0,Daisy,,,,,,0.0
active_power_k,5.0,12.0,Tulip,,,,,,0.0
active_power_k,5.0,12.0,Maryj,,,,,,0.0
active_power_k,5.0,13.0,Poppy,,,,,,0.0
active_power_k,5.0,13.0,Oxlip,,,,,,0.0
active_power_k,5.0,13.0,Daisy,,,,,,0.0
active_power_k,5.0,13.0,Tulip,,,,,,0.033073911486161345
active_power_k,5.0,13.0,Maryj,,,,,,0.0
active_power_k,5.0,14.0,Poppy,,,,,,0.0
active_power_k,5.0,14.0,Oxlip,,,,,,0.010674669651232281
active_power_k,5.0,14.0,Daisy,,,,,,0.0
active_power_k,5.0,14.0,Tulip,,,,,,0.0
active_power_k,5.0,14.0,Maryj,,,,,,0.0
active_power_k,5.0,15.0,Poppy,,,,,,0.0
active_power_k,5.0,15.0,Oxlip,,,,,,0.0
active_power_k,5.0,15.0,Daisy,,,,,,-0.016342077372932532
active_power_k,5.0,15.0,Tulip,,,,,,0.0
active_power_k,5.0,15.0,Maryj,,,,,,0.0
active_power_k,5.0,17.0,Poppy,,,,,,0.14607459288194252
active_power_k,5.0,17.0,Oxlip,,,,,,0.0
active_power_k,5.0,17.0,Daisy,,,,,,0.0
active_power_k,5.0,17.0,Tulip,,,,,,0.0
active_power_k,5.0,17.0,Maryj,,,,,,0.0
active_power_k,5.0,18.0,Poppy,,,,,,-0.03028623801286217
active_power_k,5.0,18.0,Oxlip,,,,,,0.0
active_power_k,5.0,18.0,Daisy,,,,,,0.0
active_power_k,5.0,18.0,Tulip,,,,,,0.0
active_power_k,5.0,18.0,Maryj,,,,,,0.0
active_power_k,5.0,19.0,Poppy,,,,,,0.0
active_power_k,5.0,19.0,Oxlip,,,,,,0.0
active_power_k,5.0,19.0,Daisy,,,,,,0.0
active_power_k,5.0,19.0,Tulip,,,,,,0.0
active_power_k,5.0,19.0,Maryj,,,,,,-0.06676986557053544
active_power_k,6.0,0.0,Poppy,,,,,,0.0
active_power_k,6.0,0.0,Oxlip,,,,,,0.0074815694146022375
active_power_k,6.0,0.0,Daisy,,,,,,0.0
active_power_k,6.0,0.0,Tulip,,,,,,0.0
active_power_k,6.0,0.0,Maryj,,,,,,0.0
active_power_k,6.0,2.0,Poppy,,,,,,0.0
active_power_k,6.0,2.0,Oxlip,,,,,,0.0
active_power_k,6.0,2.0,Daisy,,,,,,0.009388095324679583
active_power_k,6.0,2.0,Tulip,,,,,,0.0
active_power_k,6.0,2.0,Maryj,,,,,,0.0
active_power_k,6.0,6.0,Poppy,,,,,,0.002493022712569251
active_power_k,6.0,6.0,Oxlip,,,,,,0.0
active_power_k,6.0,6.0,Daisy,,,,,,0.0
active_power_k,6.0,6.0,Tulip,,,,,,0.0
active_power_k,6.0,6.0,Maryj,,,,,,0.0
active_power_k,6.0,10.0,Poppy,,,,,,0.0
active_power_k,6.0,10.0,Oxlip,,,,,,0.0
active_power_k,6.0,10.0,Daisy,,,,,,-0.020169042193688314
active_power_k,6.0,10.0,Tulip,,,,,,0.0
active_power_k,6.0,10.0,Maryj,,,,,,0.0
active_power_k,6.0,11.0,Poppy,,,,,,-0.021119519061007702
active_power_k,6.0,11.0,Oxlip,,,,,,0.0
active_power_k,6.0,11.0,Daisy,,,,,,0.0
active_power_k,6.0,11.0,Tulip,,,,,,0.0
active_power_k,6.0,11.0,Maryj,,,,,,0.0
active_power_k,6.0,12.0,Poppy,,,,,,0.04009932921087554
active_power_k,6.0,12.0,Oxlip,,,,,,0.0
active_power_k,6.0,12.0,Daisy,,,,,,0.0
active_power_k,6.0,12.0,Tulip,,,,,,0.0
active_power_k,6.0,12.0,Maryj,,,,,,0.0
active_power_k,6.0,13.0,Poppy,,,,,,0.0
active_power_k,6.0,13.0,Oxlip,,,,,,0.0
active_power_k,6.0,13.0,Daisy,,,,,,0.0
active_power_k,6.0,13.0,Tulip,,,,,,0.05277410711701763
active_power_k,6.0,13.0,Maryj,,,,,,0.0
active_power_k,6.0,14.0,Poppy,,,,,,0.0
active_power_k,6.0,14.0,Oxlip,,,,,,0.012249222545810427
active_power_k,6.0,14.0,Daisy,,,,,,0.0
active_power_k,6.0,14.0,Tulip,,,,,,0.0
active_power_k,6.0,14.0,Maryj,,,,,,0.0
active_power_k,6.0,15.0,Poppy,,,,,,0.0
active_power_k,6.0,15.0,Oxlip,,,,,,0.0
active_power_k,6.0,15.0,Daisy,,,,,,-0.016572702086574378
active_power_k,6.0,15.0,Tulip,,,,,,0.0
active_power_k,6.0,15.0,Maryj,,,,,,0.0
active_power_k,6.0,17.0,Poppy,,,,,,0.17203712539349292
active_power_k,6.0,17.0,Oxlip,,,,,,0.0
active_power_k,6.0,17.0,Daisy,,,,,,0.0
active_power_k,6.0,17.0,Tulip,,,,,,0.0
active_power_k,6.0,17.0,Maryj,,,,,,0.0
active_power_k,6.0,18.0,Poppy,,,,,,-0.035516913590804354
active_power_k,6.0,18.0,Oxlip,,,,,,0.0
active_power_k,6.0,18.0,Daisy,,,,,,0.0
active_power_k,6.0,18.0,Tulip,,,,,,0.0
active_power_k,6.0,18.0,Maryj,,,,,,0.0
active_power_k,6.0,19.0,Poppy,,,,,,0.0
active_power_k,6.0,19.0,Oxlip,,,,,,0.0
active_power_k,6.0,19.0,Daisy,,,,,,0.0
active_power_k,6.0,19.0,Tulip,,,,,,0.0
active_power_k,6.0,19.0,Maryj,,,,,,-0.08699099452601455
active_power_k,7.0,0.0,Poppy,,,,,,0.0
active_power_k,7.0,0.0,Oxlip,,,,,,0.007481253427542268
active_power_k,7.0,0.0,Daisy,,,,,,0.0
active_power_k,7.0,0.0,Tulip,,,,,,0.0
active_power_k,7.0,0.0,Maryj,,,,,,0.0
active_power_k,7.0,2.0,Poppy,,,,,,0.0
active_power_k,7.0,2.0,Oxlip,,,,,,0.0
active_power_k,7.0,2.0,Daisy,,,,,,0.011670112822862582
active_power_k,7.0,2.0,Tulip,,,,,,0.0
active_power_k,7.0,2.0,Maryj,,,,,,0.0
active_power_k,7.0,6.0,Poppy,,,,,,0.002492822227618416
active_power_k,7.0,6.0,Oxlip,,,,,,0.0
active_power_k,7.0,6.0,Daisy,,,,,,0.0
active_power_k,7.0,6.0,Tulip,,,,,,0.0
active_power_k,7.0,6.0,Maryj,,,,,,0.0
active_power_k,7.0,10.0,Poppy,,,,,,0.0
active_power_k,7.0,10.0,Oxlip,,,,,,0.0
active_power_k,7.0,10.0,Daisy,,,,,,-0.028513248030993144
active_power_k,7.0,10.0,Tulip,,,,,,0.0
active_power_k,7.0,10.0,Maryj,,,,,,0.0
active_power_k,7.0,11.0,Poppy,,,,,,-0.026252321015156444
active_power_k,7.0,11.0,Oxlip,,,,,,0.0
active_power_k,7.0,11.0,Daisy,,,,,,0.0
active_power_k,7.0,11.0,Tulip,,,,,,0.0
active_power_k,7.0,11.0,Maryj,,,,,,0.0
active_power_k,7.0,12.0,Poppy,,,,,,0.04523244264819704
active_power_k,7.0,12.0,Oxlip,,,,,,0.0
active_power_k,7.0,12.0,Daisy,,,,,,0.0
active_power_k,7.0,12.0,Tulip,,,,,,0.0
active_power_k,7.0,12.0,Maryj,,,,,,0.0
active_power_k,7.0,13.0,Poppy,,,,,,0.0
active_power_k,7.0,13.0,Oxlip,,,,,,0.0
active_power_k,7.0,13.0,Daisy,,,,,,0.0
active_power_k,7.0,13.0,Tulip,,,,,,0.06569342205481196
active_power_k,7.0,13.0,Maryj,,,,,,0.0
active_power_k,7.0,14.0,Poppy,,,,,,0.0
active_power_k,7.0,14.0,Oxlip,,,,,,0.018668627650309473
active_power_k,7.0,14.0,Daisy,,,,,,0.0
active_power_k,7.0,14.0,Tulip,,,,,,0.0
active_power_k,7.0,14.0,Maryj,,,,,,0.0
active_power_k,7.0,15.0,Poppy,,,,,,0.0
active_power_k,7.0,15.0,Oxlip,,,,,,0.0
active_power_k,7.0,15.0,Daisy,,,,,,-0.019994369571056055
active_power_k,7.0,15.0,Tulip,,,,,,0.0
active_power_k,7.0,15.0,Maryj,,,,,,0.0
active_power_k,7.0,17.0,Poppy,,,,,,0.2100940715917301
active_power_k,7.0,17.0,Oxlip,,,,,,0.0
active_power_k,7.0,17.0,Daisy,,,,,,0.0
active_power_k,7.0,17.0,Tulip,,,,,,0.0
active_power_k,7.0,17.0,Maryj,,,,,,0.0
active_power_k,7.0,18.0,Poppy,,,,,,-0.04549860163486528
active_power_k,7.0,18.0,Oxlip,,,,,,0.0
active_power_k,7.0,18.0,Daisy,,,,,,0.0
active_power_k,7.0,18.0,Tulip,,,,,,0.0
active_power_k,7.0,18.0,Maryj,,,,,,0.0
active_power_k,7.0,19.0,Poppy,,,,,,0.0
active_power_k,7.0,19.0,Oxlip,,,,,,0.0
active_power_k,7.0,19.0,Daisy,,,,,,0.0
active_power_k,7.0,19.0,Tulip,,,,,,0.0
active_power_k,7.0,19.0,Maryj,,,,,,-0.10763059960863008
active_power_k,8.0,0.0,Poppy,,,,,,0.0
active_power_k,8.0,0.0,Oxlip,,,,,,0.007499089982356954
active_power_k,8.0,0.0,Daisy,,,,,,0.0
active_power_k,8.0,0.0,Tulip,,,,,,0.0
active_power_k,8.0,0.0,Maryj,,,,,,0.0
active_power_k,8.0,2.0,Poppy,,,,,,0.0
active_power_k,8.0,2.0,Oxlip,,,,,,0.0
active_power_k,8.0,2.0,Daisy,,,,,,0.015218567279368421
active_power_k,8.0,2.0,Tulip,,,,,,0.0
active_power_k,8.0,2.0,Maryj,,,,,,0.0
active_power_k,8.0,6.0,Poppy,,,,,,0.00653447927846985
active_power_k,8.0,6.0,Oxlip,,,,,,0.0
active_power_k,8.0,6.0,Daisy,,,,,,0.0
active_power_k,8.0,6.0,Tulip,,,,,,0.0
active_power_k,8.0,6.0,Maryj,,,,,,0.0
active_power_k,8.0,10.0,Poppy,,,,,,0.0
active_power_k,8.0,10.0,Oxlip,,,,,,0.0
active_power_k,8.0,10.0,Daisy,,,,,,-0.03482923538511441
active_power_k,8.0,10.0,Tulip,,,,,,0.0
active_power_k,8.0,10.0,Maryj,,,,,,0.0
active_power_k,8.0,11.0,Poppy,,,,,,-0.03423342387059585
active_power_k,8.0,11.0,Oxlip,,,,,,0.0
active_power_k,8.0,11.0,Daisy,,,,,,0.0
active_power_k,8.0,11.0,Tulip,,,,,,0.0
active_power_k,8.0,11.0,Maryj,,,,,,0.0
active_power_k,8.0,12.0,Poppy,,,,,,0.0532643444017271
active_power_k,8.0,12.0,Oxlip,,,,,,0.0
active_power_k,8.0,12.0,Daisy,,,,,,0.0
active_power_k,8.0,12.0,Tulip,,,,,,0.0
active_power_k,8.0,12.0,Maryj,,,,,,0.0
active_power_k,8.0,13.0,Poppy,,,,,,0.0
active_power_k,8.0,13.0,Oxlip,,,,,,0.0
active_power_k,8.0,13.0,Daisy,,,,,,0.0
active_power_k,8.0,13.0,Tulip,,,,,,0.07641885662386302
active_power_k,8.0,13.0,Maryj,,,,,,0.0
active_power_k,8.0,14.0,Poppy,,,,,,0.0
active_power_k,8.0,14.0,Oxlip,,,,,,0.021991701433640976
active_power_k,8.0,14.0,Daisy,,,,,,0.0
active_power_k,8.0,14.0,Tulip,,,,,,0.0
active_power_k,8.0,14.0,Maryj,,,,,,0.0
active_power_k,8.0,15.0,Poppy,,,,,,0.0
active_power_k,8.0,15.0,Oxlip,,,,,,0.0
active_power_k,8.0,15.0,Daisy,,,,,,-0.02935676185886708
active_power_k,8.0,15.0,Tulip,,,,,,0.0
active_power_k,8.0,15.0,Maryj,,,,,,0.0
active_power_k,8.0,17.0,Poppy,,,,,,0.25686726380666886
active_power_k,8.0,17.0,Oxlip,,,,,,0.0
active_power_k,8.0,17.0,Daisy,,,,,,0.0
active_power_k,8.0,17.0,Tulip,,,,,,0.0
active_power_k,8.0,17.0,Maryj,,,,,,0.0
active_power_k,8.0,18.0,Poppy,,,,,,-0.05386229805695728
active_power_k,8.0,18.0,Oxlip,,,,,,0.0
active_power_k,8.0,18.0,Daisy,,,,,,0.0
active_power_k,8.0,18.0,Tulip,,,,,,0.0
active_power_k,8.0,18.0,Maryj,,,,,,0.0
active_power_k,8.0,19.0,Poppy,,,,,,0.0
active_power_k,8.0,19.0,Oxlip,,,,,,0.0
active_power_k,8.0,19.0,Daisy,,,,,,0.0
active_power_k,8.0,19.0,Tulip,,,,,,0.0
active_power_k,8.0,19.0,Maryj,,,,,,-0.13443324399223822
active_power_k,9.0,0.0,Poppy,,,,,,0.0
active_power_k,9.0,0.0,Oxlip,,,,,,0.02203622492086692
active_power_k,9.0,0.0,Daisy,,,,,,0.0
active_power_k,9.0,0.0,Tulip,,,,,,0.0
active_power_k,9.0,0.0,Maryj,,,,,,0.0
active_power_k,9.0,2.0,Poppy,,,,,,0.0
active_power_k,9.0,2.0,Oxlip,,,,,,0.0
active_power_k,9.0,2.0,Daisy,,,,,,0.03380763802463257
active_power_k,9.0,2.0,Tulip,,,,,,0.0
active_power_k,9.0,2.0,Maryj,,,,,,0.0
active_power_k,9.0,6.0,Poppy,,,,,,0.009111705136446593
active_power_k,9.0,6.0,Oxlip,,,,,,0.0
active_power_k,9.0,6.0,Daisy,,,,,,0.0
active_power_k,9.0,6.0,Tulip,,,,,,0.0
active_power_k,9.0,6.0,Maryj,,,,,,0.0
active_power_k,9.0,10.0,Poppy,,,,,,0.0
active_power_k,9.0,10.0,Oxlip,,,,,,0.0
active_power_k,9.0,10.0,Daisy,,,,,,-0.06263234355861695
active_power_k,9.0,10.0,Tulip,,,,,,0.0
active_power_k,9.0,10.0,Maryj,,,,,,0.0
active_power_k,9.0,11.0,Poppy,,,,,,-0.07686329500468701
active_power_k,9.0,11.0,Oxlip,,,,,,0.0
active_power_k,9.0,11.0,Daisy,,,,,,0.0
active_power_k,9.0,11.0,Tulip,,,,,,0.0
active_power_k,9.0,11.0,Maryj,,,,,,0.0
active_power_k,9.0,12.0,Poppy,,,,,,0.13541348865585504
active_power_k,9.0,12.0,Oxlip,,,,,,0.0
active_power_k,9.0,12.0,Daisy,,,,,,0.0
active_power_k,9.0,12.0,Tulip,,,,,,0.0
active_power_k,9.0,12.0,Maryj,,,,,,0.0
active_power_k,9.0,13.0,Poppy,,,,,,0.0
active_power_k,9.0,13.0,Oxlip,,,,,,0.0
active_power_k,9.0,13.0,Daisy,,,,,,0.0
active_power_k,9.0,13.0,Tulip,,,,,,0.11174052586271509
active_power_k,9.0,13.0,Maryj,,,,,,0.0
active_power_k,9.0,14.0,Poppy,,,,,,0.0
active_power_k,9.0,14.0,Oxlip,,,,,,0.03380860793185933
active_power_k,9.0,14.0,Daisy,,,,,,0.0
active_power_k,9.0,14.0,Tulip,,,,,,0.0
active_power_k,9.0,14.0,Maryj,,,,,,0.0
active_power_k,9.0,15.0,Poppy,,,,,,0.0
active_power_k,9.0,15.0,Oxlip,,,,,,0.0
active_power_k,9.0,15.0,Daisy,,,,,,-0.060353901806237925
active_power_k,9.0,15.0,Tulip,,,,,,0.0
active_power_k,9.0,15.0,Maryj,,,,,,0.0
active_power_k,9.0,17.0,Poppy,,,,,,0.4598288723791019
active_power_k,9.0,17.0,Oxlip,,,,,,0.0
active_power_k,9.0,17.0,Daisy,,,,,,0.0
active_power_k,9.0,17.0,Tulip,,,,,,0.0
active_power_k,9.0,17.0,Maryj,,,,,,0.0
active_power_k,9.0,18.0,Poppy,,,,,,-0.05363487599666687
active_power_k,9.0,18.0,Oxlip,,,,,,0.0
active_power_k,9.0,18.0,Daisy,,,,,,0.0
active_power_k,9.0,18.0,Tulip,,,,,,0.0
active_power_k,9.0,18.0,Maryj,,,,,,0.0
active_power_k,9.0,19.0,Poppy,,,,,,0.0
active_power_k,9.0,19.0,Oxlip,,,,,,0.0
active_power_k,9.0,19.0,Daisy,,,,,,0.0
active_power_k,9.0,19.0,Tulip,,,,,,0.0
active_power_k,9.0,19.0,Maryj,,,,,,-0.2366826776031119
active_power_k,10.0,0.0,Poppy,,,,,,0.0
active_power_k,10.0,0.0,Oxlip,,,,,,0.02129312251334192
active_power_k,10.0,0.0,Daisy,,,,,,0.0
active_power_k,10.0,0.0,Tulip,,,,,,0.0
active_power_k,10.0,0.0,Maryj,,,,,,0.0
active_power_k,10.0,2.0,Poppy,,,,,,0.0
active_power_k,10.0,2.0,Oxlip,,,,,,0.0
active_power_k,10.0,2.0,Daisy,,,,,,0.031296495416111125
active_power_k,10.0,2.0,Tulip,,,,,,0.0
active_power_k,10.0,2.0,Maryj,,,,,,0.0
active_power_k,10.0,6.0,Poppy,,,,,,0.014494609685077414
active_power_k,10.0,6.0,Oxlip,,,,,,0.0
active_power_k,10.0,6.0,Daisy,,,,,,0.0
active_power_k,10.0,6.0,Tulip,,,,,,0.0
active_power_k,10.0,6.0,Maryj,,,,,,0.0
active_power_k,10.0,10.0,Poppy,,,,,,0.0
active_power_k,10.0,10.0,Oxlip,,,,,,0.0
active_power_k,10.0,10.0,Daisy,,,,,,-0.05906800999366185
active_power_k,10.0,10.0,Tulip,,,,,,0.0
active_power_k,10.0,10.0,Maryj,,,,,,0.0
active_power_k,10.0,11.0,Poppy,,,,,,-0.07202156254061631
active_power_k,10.0,11.0,Oxlip,,,,,,0.0
active_power_k,10.0,11.0,Daisy,,,,,,0.0
active_power_k,10.0,11.0,Tulip,,,,,,0.0
active_power_k,10.0,11.0,Maryj,,,,,,0.0
active_power_k,10.0,12.0,Poppy,,,,,,0.12943395593309978
active_power_k,10.0,12.0,Oxlip,,,,,,0.0
active_power_k,10.0,12.0,Daisy,,,,,,0.0
active_power_k,10.0,12.0,Tulip,,,,,,0.0
active_power_k,10.0,12.0,Maryj,,,,,,0.0
active_power_k,10.0,13.0,Poppy,,,,,,0.0
active_power_k,10.0,13.0,Oxlip,,,,,,0.0
active_power_k,10.0,13.0,Daisy,,,,,,0.0
active_power_k,10.0,13.0,Tulip,,,,,,0.11422033946139971
active_power_k,10.0,13.0,Maryj,,,,,,0.0
active_power_k,10.0,14.0,Poppy,,,,,,0.0
active_power_k,10.0,14.0,Oxlip,,,,,,0.032059924040930735
active_power_k,10.0,14.0,Daisy,,,,,,0.0
active_power_k,10.0,14.0,Tulip,,,,,,0.0
active_power_k,10.0,14.0,Maryj,,,,,,0.0
active_power_k,10.0,15.0,Poppy,,,,,,0.0
active_power_k,10.0,15.0,Oxlip,,,,,,0.0
active_power_k,10.0,15.0,Daisy,,,,,,-0.06250898471215495
active_power_k,10.0,15.0,Tulip,,,,,,0.0
active_power_k,10.0,15.0,Maryj,,,,,,0.0
active_power_k,10.0,17.0,Poppy,,,,,,0.44933421804223206
active_power_k,10.0,17.0,Oxlip,,,,,,0.0
active_power_k,10.0,17.0,Daisy,,,,,,0.0
active_power_k,10.0,17.0,Tulip,,,,,,0.0
active_power_k,10.0,17.0,Maryj,,,,,,0.0
active_power_k,10.0,18.0,Poppy,,,,,,-0.051034364188225406
active_power_k,10.0,18.0,Oxlip,,,,,,0.0
active_power_k,10.0,18.0,Daisy,,,,,,0.0
active_power_k,10.0,18.0,Tulip,,,,,,0.0
active_power_k,10.0,18.0,Maryj,,,,,,0.0
active_power_k,10.0,19.0,Poppy,,,,,,0.0
active_power_k,10.0,19.0,Oxlip,,,,,,0.0
active_power_k,10.0,19.0,Daisy,,,,,,0.0
active_power_k,10.0,19.0,Tulip,,,,,,0.0
active_power_k,10.0,19.0,Maryj,,,,,,-0.2372967958230109
active_power_k,11.0,0.0,Poppy,,,,,,0.0
active_power_k,11.0,0.0,Oxlip,,,,,,0.022066100222375182
active_power_k,11.0,0.0,Daisy,,,,,,0.0
active_power_k,11.0,0.0,Tulip,,,,,,0.0
active_power_k,11.0,0.0,Maryj,,,,,,0.0
active_power_k,11.0,2.0,Poppy,,,,,,0.0
active_power_k,11.0,2.0,Oxlip,,,,,,0.0
active_power_k,11.0,2.0,Daisy,,,,,,0.030656581589494154
active_power_k,11.0,2.0,Tulip,,,,,,0.0
active_power_k,11.0,2.0,Maryj,,,,,,0.0
active_power_k,11.0,6.0,Poppy,,,,,,0.014213405976487988
active_power_k,11.0,6.0,Oxlip,,,,,,0.0
active_power_k,11.0,6.0,Daisy,,,,,,0.0
active_power_k,11.0,6.0,Tulip,,,,,,0.0
active_power_k,11.0,6.0,Maryj,,,,,,0.0
active_power_k,11.0,10.0,Poppy,,,,,,0.0
active_power_k,11.0,10.0,Oxlip,,,,,,0.0
active_power_k,11.0,10.0,Daisy,,,,,,-0.05476782113272645
active_power_k,11.0,10.0,Tulip,,,,,,0.0
active_power_k,11.0,10.0,Maryj,,,,,,0.0
active_power_k,11.0,11.0,Poppy,,,,,,-0.0708133202796769
active_power_k,11.0,11.0,Oxlip,,,,,,0.0
active_power_k,11.0,11.0,Daisy,,,,,,0.0
active_power_k,11.0,11.0,Tulip,,,,,,0.0
active_power_k,11.0,11.0,Maryj,,,,,,0.0
active_power_k,11.0,12.0,Poppy,,,,,,0.1301882706515232
active_power_k,11.0,12.0,Oxlip,,,,,,0.0
active_power_k,11.0,12.0,Daisy,,,,,,0.0
active_power_k,11.0,12.0,Tulip,,,,,,0.0
active_power_k,11.0,12.0,Maryj,,,,,,0.0
active_power_k,11.0,13.0,Poppy,,,,,,0.0
active_power_k,11.0,13.0,Oxlip,,,,,,0.0
active_power_k,11.0,13.0,Daisy,,,,,,0.0
active_power_k,11.0,13.0,Tulip,,,,,,0.12346871862995124
active_power_k,11.0,13.0,Maryj,,,,,,0.0
active_power_k,11.0,14.0,Poppy,,,,,,0.0
active_power_k,11.0,14.0,Oxlip,,,,,,0.028212826027847596
active_power_k,11.0,14.0,Daisy,,,,,,0.0
active_power_k,11.0,14.0,Tulip,,,,,,0.0
active_power_k,11.0,14.0,Maryj,,,,,,0.0
active_power_k,11.0,15.0,Poppy,,,,,,0.0
active_power_k,11.0,15.0,Oxlip,,,,,,0.0
active_power_k,11.0,15.0,Daisy,,,,,,-0.06142228616293926
active_power_k,11.0,15.0,Tulip,,,,,,0.0
active_power_k,11.0,15.0,Maryj,,,,,,0.0
active_power_k,11.0,17.0,Poppy,,,,,,0.4547236755373718
active_power_k,11.0,17.0,Oxlip,,,,,,0.0
active_power_k,11.0,17.0,Daisy,,,,,,0.0
active_power_k,11.0,17.0,Tulip,,,,,,0.0
active_power_k,11.0,17.0,Maryj,,,,,,0.0
active_power_k,11.0,18.0,Poppy,,,,,,-0.0491723904412991
active_power_k,11.0,18.0,Oxlip,,,,,,0.0
active_power_k,11.0,18.0,Daisy,,,,,,0.0
active_power_k,11.0,18.0,Tulip,,,,,,0.0
active_power_k,11.0,18.0,Maryj,,,,,,0.0
active_power_k,11.0,19.0,Poppy,,,,,,0.0
active_power_k,11.0,19.0,Oxlip,,,,,,0.0
active_power_k,11.0,19.0,Daisy,,,,,,0.0
active_power_k,11.0,19.0,Tulip,,,,,,0.0
active_power_k,11.0,19.0,Maryj,,,,,,-0.2444292968219539
active_power_k,12.0,0.0,Poppy,,,,,,0.0
active_power_k,12.0,0.0,Oxlip,,,,,,0.022528108512727765
active_power_k,12.0,0.0,Daisy,,,,,,0.0
active_power_k,12.0,0.0,Tulip,,,,,,0.0
active_power_k,12.0,0.0,Maryj,,,,,,0.0
active_power_k,12.0,2.0,Poppy,,,,,,0.0
active_power_k,12.0,2.0,Oxlip,,,,,,0.0
active_power_k,12.0,2.0,Daisy,,,,,,0.031207889352551907
active_power_k,12.0,2.0,Tulip,,,,,,0.0
active_power_k,12.0,2.0,Maryj,,,,,,0.0
active_power_k,12.0,6.0,Poppy,,,,,,0.01467196197372653
active_power_k,12.0,6.0,Oxlip,,,,,,0.0
active_power_k,12.0,6.0,Daisy,,,,,,0.0
active_power_k,12.0,6.0,Tulip,,,,,,0.0
active_power_k,12.0,6.0,Maryj,,,,,,0.0
active_power_k,12.0,10.0,Poppy,,,,,,0.0
active_power_k,12.0,10.0,Oxlip,,,,,,0.0
active_power_k,12.0,10.0,Daisy,,,,,,-0.055530160025795416
active_power_k,12.0,10.0,Tulip,,,,,,0.0
active_power_k,12.0,10.0,Maryj,,,,,,0.0
active_power_k,12.0,11.0,Poppy,,,,,,-0.0718887465406163
active_power_k,12.0,11.0,Oxlip,,,,,,0.0
active_power_k,12.0,11.0,Daisy,,,,,,0.0
active_power_k,12.0,11.0,Tulip,,,,,,0.0
active_power_k,12.0,11.0,Maryj,,,,,,0.0
active_power_k,12.0,12.0,Poppy,,,,,,0.13238350270350327
active_power_k,12.0,12.0,Oxlip,,,,,,0.0
active_power_k,12.0,12.0,Daisy,,,,,,0.0
active_power_k,12.0,12.0,Tulip,,,,,,0.0
active_power_k,12.0,12.0,Maryj,,,,,,0.0
active_power_k,12.0,13.0,Poppy,,,,,,0.0
active_power_k,12.0,13.0,Oxlip,,,,,,0.0
active_power_k,12.0,13.0,Daisy,,,,,,0.0
active_power_k,12.0,13.0,Tulip,,,,,,0.13385342939250028
active_power_k,12.0,13.0,Maryj,,,,,,0.0
active_power_k,12.0,14.0,Poppy,,,,,,0.0
active_power_k,12.0,14.0,Oxlip,,,,,,0.028571880073064295
active_power_k,12.0,14.0,Daisy,,,,,,0.0
active_power_k,12.0,14.0,Tulip,,,,,,0.0
active_power_k,12.0,14.0,Maryj,,,,,,0.0
active_power_k,12.0,15.0,Poppy,,,,,,0.0
active_power_k,12.0,15.0,Oxlip,,,,,,0.0
active_power_k,12.0,15.0,Daisy,,,,,,-0.06259779300080406
active_power_k,12.0,15.0,Tulip,,,,,,0.0
active_power_k,12.0,15.0,Maryj,,,,,,0.0
active_power_k,12.0,17.0,Poppy,,,,,,0.470763896363776
active_power_k,12.0,17.0,Oxlip,,,,,,0.0
active_power_k,12.0,17.0,Daisy,,,,,,0.0
active_power_k,12.0,17.0,Tulip,,,,,,0.0
active_power_k,12.0,17.0,Maryj,,,,,,0.0
active_power_k,12.0,18.0,Poppy,,,,,,-0.04996854500692949
active_power_k,12.0,18.0,Oxlip,,,,,,0.0
active_power_k,12.0,18.0,Daisy,,,,,,0.0
active_power_k,12.0,18.0,Tulip,,,,,,0.0
active_power_k,12.0,18.0,Maryj,,,,,,0.0
active_power_k,12.0,19.0,Poppy,,,,,,0.0
active_power_k,12.0,19.0,Oxlip,,,,,,0.0
active_power_k,12.0,19.0,Daisy,,,,,,0.0
active_power_k,12.0,19.0,Tulip,,,,,,0.0
active_power_k,12.0,19.0,Maryj,,,,,,-0.25691066039280275
active_power_k,13.0,0.0,Poppy,,,,,,0.0
active_power_k,13.0,0.0,Oxlip,,,,,,0.023102864246003278
active_power_k,13.0,0.0,Daisy,,,,,,0.0
active_power_k,13.0,0.0,Tulip,,,,,,0.0
active_power_k,13.0,0.0,Maryj,,,,,,0.0
active_power_k,13.0,2.0,Poppy,,,,,,0.0
active_power_k,13.0,2.0,Oxlip,,,,,,0.0
active_power_k,13.0,2.0,Daisy,,,,,,0.030018359052749452
active_power_k,13.0,2.0,Tulip,,,,,,0.0
active_power_k,13.0,2.0,Maryj,,,,,,0.0
active_power_k,13.0,6.0,Poppy,,,,,,0.01493809401889831
active_power_k,13.0,6.0,Oxlip,,,,,,0.0
active_power_k,13.0,6.0,Daisy,,,,,,0.0
active_power_k,13.0,6.0,Tulip,,,,,,0.0
active_power_k,13.0,6.0,Maryj,,,,,,0.0
active_power_k,13.0,10.0,Poppy,,,,,,0.0
active_power_k,13.0,10.0,Oxlip,,,,,,0.0
active_power_k,13.0,10.0,Daisy,,,,,,-0.054916880401630785
active_power_k,13.0,10.0,Tulip,,,,,,0.0
active_power_k,13.0,10.0,Maryj,,,,,,0.0
active_power_k,13.0,11.0,Poppy,,,,,,-0.06888315424130763
active_power_k,13.0,11.0,Oxlip,,,,,,0.0
active_power_k,13.0,11.0,Daisy,,,,,,0.0
active_power_k,13.0,11.0,Tulip,,,,,,0.0
active_power_k,13.0,11.0,Maryj,,,,,,0.0
active_power_k,13.0,12.0,Poppy,,,,,,0.13028078904776125
active_power_k,13.0,12.0,Oxlip,,,,,,0.0
active_power_k,13.0,12.0,Daisy,,,,,,0.0
active_power_k,13.0,12.0,Tulip,,,,,,0.0
active_power_k,13.0,12.0,Maryj,,,,,,0.0
active_power_k,13.0,13.0,Poppy,,,,,,0.0
active_power_k,13.0,13.0,Oxlip,,,,,,0.0
active_power_k,13.0,13.0,Daisy,,,,,,0.0
active_power_k,13.0,13.0,Tulip,,,,,,0.1267364907637535
active_power_k,13.0,13.0,Maryj,,,,,,0.0
active_power_k,13.0,14.0,Poppy,,,,,,0.0
active_power_k,13.0,14.0,Oxlip,,,,,,0.02908569756114043
active_power_k,13.0,14.0,Daisy,,,,,,0.0
active_power_k,13.0,14.0,Tulip,,,,,,0.0
active_power_k,13.0,14.0,Maryj,,,,,,0.0
active_power_k,13.0,15.0,Poppy,,,,,,0.0
active_power_k,13.0,15.0,Oxlip,,,,,,0.0
active_power_k,13.0,15.0,Daisy,,,,,,-0.060860196846436725
active_power_k,13.0,15.0,Tulip,,,,,,0.0
active_power_k,13.0,15.0,Maryj,,,,,,0.0
active_power_k,13.0,17.0,Poppy,,,,,,0.4556573064493595
active_power_k,13.0,17.0,Oxlip,,,,,,0.0
active_power_k,13.0,17.0,Daisy,,,,,,0.0
active_power_k,13.0,17.0,Tulip,,,,,,0.0
active_power_k,13.0,17.0,Maryj,,,,,,0.0
active_power_k,13.0,18.0,Poppy,,,,,,-0.04956651059983437
active_power_k,13.0,18.0,Oxlip,,,,,,0.0
active_power_k,13.0,18.0,Daisy,,,,,,0.0
active_power_k,13.0,18.0,Tulip,,,,,,0.0
active_power_k,13.0,18.0,Maryj,,,,,,0.0
active_power_k,13.0,19.0,Poppy,,,,,,0.0
active_power_k,13.0,19.0,Oxlip,,,,,,0.0
active_power_k,13.0,19.0,Daisy,,,,,,0.0
active_power_k,13.0,19.0,Tulip,,,,,,0.0
active_power_k,13.0,19.0,Maryj,,,,,,-0.24551399415120323
active_power_k,14.0,0.0,Poppy,,,,,,0.0
active_power_k,14.0,0.0,Oxlip,,,,,,0.022586524951375458
active_power_k,14.0,0.0,Daisy,,,,,,0.0
active_power_k,14.0,0.0,Tulip,,,,,,0.0
active_power_k,14.0,0.0,Maryj,,,,,,0.0
active_power_k,14.0,2.0,Poppy,,,,,,0.0
active_power_k,14.0,2.0,Oxlip,,,,,,0.0
active_power_k,14.0,2.0,Daisy,,,,,,0.032377662328348635
active_power_k,14.0,2.0,Tulip,,,,,,0.0
active_power_k,14.0,2.0,Maryj,,,,,,0.0
active_power_k,14.0,6.0,Poppy,,,,,,0.01570802103722571
active_power_k,14.0,6.0,Oxlip,,,,,,0.0
active_power_k,14.0,6.0,Daisy,,,,,,0.0
active_power_k,14.0,6.0,Tulip,,,,,,0.0
active_power_k,14.0,6.0,Maryj,,,,,,0.0
active_power_k,14.0,10.0,Poppy,,,,,,0.0
active_power_k,14.0,10.0,Oxlip,,,,,,0.0
active_power_k,14.0,10.0,Daisy,,,,,,-0.05663520776583644
active_power_k,14.0,10.0,Tulip,,,,,,0.0
active_power_k,14.0,10.0,Maryj,,,,,,0.0
active_power_k,14.0,11.0,Poppy,,,,,,-0.0738496150913992
active_power_k,14.0,11.0,Oxlip,,,,,,0.0
active_power_k,14.0,11.0,Daisy,,,,,,0.0
active_power_k,14.0,11.0,Tulip,,,,,,0.0
active_power_k,14.0,11.0,Maryj,,,,,,0.0
active_power_k,14.0,12.0,Poppy,,,,,,0.13378832431966603
active_power_k,14.0,12.0,Oxlip,,,,,,0.0
active_power_k,14.0,12.0,Daisy,,,,,,0.0
active_power_k,14.0,12.0,Tulip,,,,,,0.0
active_power_k,14.0,12.0,Maryj,,,,,,0.0
active_power_k,14.0,13.0,Poppy,,,,,,0.0
active_power_k,14.0,13.0,Oxlip,,,,,,0.0
active_power_k,14.0,13.0,Daisy,,,,,,0.0
active_power_k,14.0,13.0,Tulip,,,,,,0.12410379111624482
active_power_k,14.0,13.0,Maryj,,,,,,0.0
active_power_k,14.0,14.0,Poppy,,,,,,0.0
active_power_k,14.0,14.0,Oxlip,,,,,,0.028941602106561746
active_power_k,14.0,14.0,Daisy,,,,,,0.0
active_power_k,14.0,14.0,Tulip,,,,,,0.0
active_power_k,14.0,14.0,Maryj,,,,,,0.0
active_power_k,14.0,15.0,Poppy,,,,,,0.0
active_power_k,14.0,15.0,Oxlip,,,,,,0.0
active_power_k,14.0,15.0,Daisy,,,,,,-0.06494109776482518
active_power_k,14.0,15.0,Tulip,,,,,,0.0
active_power_k,14.0,15.0,Maryj,,,,,,0.0
active_power_k,14.0,17.0,Poppy,,,,,,0.46573830797340915
active_power_k,14.0,17.0,Oxlip,,,,,,0.0
active_power_k,14.0,17.0,Daisy,,,,,,0.0
active_power_k,14.0,17.0,Tulip,,,,,,0.0
active_power_k,14.0,17.0,Maryj,,,,,,0.0
active_power_k,14.0,18.0,Poppy,,,,,,-0.04810819874440815
active_power_k,14.0,18.0,Oxlip,,,,,,0.0
active_power_k,14.0,18.0,Daisy,,,,,,0.0
active_power_k,14.0,18.0,Tulip,,,,,,0.0
active_power_k,14.0,18.0,Maryj,,,,,,0.0
active_power_k,14.0,19.0,Poppy,,,,,,0.0
active_power_k,14.0,19.0,Oxlip,,,,,,0.0
active_power_k,14.0,19.0,Daisy,,,,,,0.0
active_power_k,14.0,19.0,Tulip,,,,,,0.0
active_power_k,14.0,19.0,Maryj,,,,,,-0.2511753718283982
active_power_k,15.0,0.0,Poppy,,,,,,0.0
active_power_k,15.0,0.0,Oxlip,,,,,,0.02346970930637677
active_power_k,15.0,0.0,Daisy,,,,,,0.0
active_power_k,15.0,0.0,Tulip,,,,,,0.0
active_power_k,15.0,0.0,Maryj,,,,,,0.0
active_power_k,15.0,2.0,Poppy,,,,,,0.0
active_power_k,15.0,2.0,Oxlip,,,,,,0.0
active_power_k,15.0,2.0,Daisy,,,,,,0.032182278282585214
active_power_k,15.0,2.0,Tulip,,,,,,0.0
active_power_k,15.0,2.0,Maryj,,,,,,0.0
active_power_k,15.0,6.0,Poppy,,,,,,0.01794640559952091
active_power_k,15.0,6.0,Oxlip,,,,,,0.0
active_power_k,15.0,6.0,Daisy,,,,,,0.0
active_power_k,15.0,6.0,Tulip,,,,,,0.0
active_power_k,15.0,6.0,Maryj,,,,,,0.0
active_power_k,15.0,10.0,Poppy,,,,,,0.0
active_power_k,15.0,10.0,Oxlip,,,,,,0.0
active_power_k,15.0,10.0,Daisy,,,,,,-0.05738257203511743
active_power_k,15.0,10.0,Tulip,,,,,,0.0
active_power_k,15.0,10.0,Maryj,,,,,,0.0
active_power_k,15.0,11.0,Poppy,,,,,,-0.07309999227967691
active_power_k,15.0,11.0,Oxlip,,,,,,0.0
active_power_k,15.0,11.0,Daisy,,,,,,0.0
active_power_k,15.0,11.0,Tulip,,,,,,0.0
active_power_k,15.0,11.0,Maryj,,,,,,0.0
active_power_k,15.0,12.0,Poppy,,,,,,0.13457905619716368
active_power_k,15.0,12.0,Oxlip,,,,,,0.0
active_power_k,15.0,12.0,Daisy,,,,,,0.0
active_power_k,15.0,12.0,Tulip,,,,,,0.0
active_power_k,15.0,12.0,Maryj,,,,,,0.0
active_power_k,15.0,13.0,Poppy,,,,,,0.0
active_power_k,15.0,13.0,Oxlip,,,,,,0.0
active_power_k,15.0,13.0,Daisy,,,,,,0.0
active_power_k,15.0,13.0,Tulip,,,,,,0.120437751515107
active_power_k,15.0,13.0,Maryj,,,,,,0.0
active_power_k,15.0,14.0,Poppy,,,,,,0.0
active_power_k,15.0,14.0,Oxlip,,,,,,0.029970074930238576
active_power_k,15.0,14.0,Daisy,,,,,,0.0
active_power_k,15.0,14.0,Tulip,,,,,,0.0
active_power_k,15.0,14.0,Maryj,,,,,,0.0
active_power_k,15.0,15.0,Poppy,,,,,,0.0
active_power_k,15.0,15.0,Oxlip,,,,,,0.0
active_power_k,15.0,15.0,Daisy,,,,,,-0.0666797337859722
active_power_k,15.0,15.0,Tulip,,,,,,0.0
active_power_k,15.0,15.0,Maryj,,,,,,0.0
active_power_k,15.0,17.0,Poppy,,,,,,0.46348587856590373
active_power_k,15.0,17.0,Oxlip,,,,,,0.0
active_power_k,15.0,17.0,Daisy,,,,,,0.0
active_power_k,15.0,17.0,Tulip,,,,,,0.0
active_power_k,15.0,17.0,Maryj,,,,,,0.0
active_power_k,15.0,18.0,Poppy,,,,,,-0.047786500178777835
active_power_k,15.0,18.0,Oxlip,,,,,,0.0
active_power_k,15.0,18.0,Daisy,,,,,,0.0
active_power_k,15.0,18.0,Tulip,,,,,,0.0
active_power_k,15.0,18.0,Maryj,,,,,,0.0
active_power_k,15.0,19.0,Poppy,,,,,,0.0
active_power_k,15.0,19.0,Oxlip,,,,,,0.0
active_power_k,15.0,19.0,Daisy,,,,,,0.0
active_power_k,15.0,19.0,Tulip,,,,,,0.0
active_power_k,15.0,19.0,Maryj,,,,,,-0.24865204983400657
active_power_k,16.0,0.0,Poppy,,,,,,0.0
active_power_k,16.0,0.0,Oxlip,,,,,,0.024037575754602435
active_power_k,16.0,0.0,Daisy,,,,,,0.0
active_power_k,16.0,0.0,Tulip,,,,,,0.0
active_power_k,16.0,0.0,Maryj,,,,,,0.0
active_power_k,16.0,2.0,Poppy,,,,,,0.0
active_power_k,16.0,2.0,Oxlip,,,,,,0.0
active_power_k,16.0,2.0,Daisy,,,,,,0.03255792149587415
active_power_k,16.0,2.0,Tulip,,,,,,0.0
active_power_k,16.0,2.0,Maryj,,,,,,0.0
active_power_k,16.0,6.0,Poppy,,,,,,0.0196967092205757
active_power_k,16.0,6.0,Oxlip,,,,,,0.0
active_power_k,16.0,6.0,Daisy,,,,,,0.0
active_power_k,16.0,6.0,Tulip,,,,,,0.0
active_power_k,16.0,6.0,Maryj,,,,,,0.0
active_power_k,16.0,10.0,Poppy,,,,,,0.0
active_power_k,16.0,10.0,Oxlip,,,,,,0.0
active_power_k,16.0,10.0,Daisy,,,,,,-0.058274321883819424
active_power_k,16.0,10.0,Tulip,,,,,,0.0
active_power_k,16.0,10.0,Maryj,,,,,,0.0
active_power_k,16.0,11.0,Poppy,,,,,,-0.07366351227967691
active_power_k,16.0,11.0,Oxlip,,,,,,0.0
active_power_k,16.0,11.0,Daisy,,,,,,0.0
active_power_k,16.0,11.0,Tulip,,,,,,0.0
active_power_k,16.0,11.0,Maryj,,,,,,0.0
active_power_k,16.0,12.0,Poppy,,,,,,0.13592059248999536
active_power_k,16.0,12.0,Oxlip,,,,,,0.0
active_power_k,16.0,12.0,Daisy,,,,,,0.0
active_power_k,16.0,12.0,Tulip,,,,,,0.0
active_power_k,16.0,12.0,Maryj,,,,,,0.0
active_power_k,16.0,13.0,Poppy,,,,,,0.0
active_power_k,16.0,13.0,Oxlip,,,,,,0.0
active_power_k,16.0,13.0,Daisy,,,,,,0.0
active_power_k,16.0,13.0,Tulip,,,,,,0.12172971363660727
active_power_k,16.0,13.0,Maryj,,,,,,0.0
active_power_k,16.0,14.0,Poppy,,,,,,0.0
active_power_k,16.0,14.0,Oxlip,,,,,,0.030650504778940574
active_power_k,16.0,14.0,Daisy,,,,,,0.0
active_power_k,16.0,14.0,Tulip,,,,,,0.0
active_power_k,16.0,14.0,Maryj,,,,,,0.0
active_power_k,16.0,15.0,Poppy,,,,,,0.0
active_power_k,16.0,15.0,Oxlip,,,,,,0.0
active_power_k,16.0,15.0,Daisy,,,,,,-0.06880571740702697
active_power_k,16.0,15.0,Tulip,,,,,,0.0
active_power_k,16.0,15.0,Maryj,,,,,,0.0
active_power_k,16.0,17.0,Poppy,,,,,,0.4716923634682038
active_power_k,16.0,17.0,Oxlip,,,,,,0.0
active_power_k,16.0,17.0,Daisy,,,,,,0.0
active_power_k,16.0,17.0,Tulip,,,,,,0.0
active_power_k,16.0,17.0,Maryj,,,,,,0.0
active_power_k,16.0,18.0,Poppy,,,,,,-0.050354767362591535
active_power_k,16.0,18.0,Oxlip,,,,,,0.0
active_power_k,16.0,18.0,Daisy,,,,,,0.0
active_power_k,16.0,18.0,Tulip,,,,,,0.0
active_power_k,16.0,18.0,Maryj,,,,,,0.0
active_power_k,16.0,19.0,Poppy,,,,,,0.0
active_power_k,16.0,19.0,Oxlip,,,,,,0.0
active_power_k,16.0,19.0,Daisy,,,,,,0.0
active_power_k,16.0,19.0,Tulip,,,,,,0.0
active_power_k,16.0,19.0,Maryj,,,,,,-0.252567562970233
active_power_k,17.0,0.0,Poppy,,,,,,0.0
active_power_k,17.0,0.0,Oxlip,,,,,,0.026453300907126664
active_power_k,17.0,0.0,Daisy,,,,,,0.0
active_power_k,17.0,0.0,Tulip,,,,,,0.0
active_power_k,17.0,0.0,Maryj,,,,,,0.0
active_power_k,17.0,2.0,Poppy,,,,,,0.0
active_power_k,17.0,2.0,Oxlip,,,,,,0.0
active_power_k,17.0,2.0,Daisy,,,,,,0.03362557003803008
active_power_k,17.0,2.0,Tulip,,,,,,0.0
active_power_k,17.0,2.0,Maryj,,,,,,0.0
active_power_k,17.0,6.0,Poppy,,,,,,0.021212795821836695
active_power_k,17.0,6.0,Oxlip,,,,,,0.0
active_power_k,17.0,6.0,Daisy,,,,,,0.0
active_power_k,17.0,6.0,Tulip,,,,,,0.0
active_power_k,17.0,6.0,Maryj,,,,,,0.0
active_power_k,17.0,10.0,Poppy,,,,,,0.0
active_power_k,17.0,10.0,Oxlip,,,,,,0.0
active_power_k,17.0,10.0,Daisy,,,,,,-0.06208153007102035
active_power_k,17.0,10.0,Tulip,,,,,,0.0
active_power_k,17.0,10.0,Maryj,,,,,,0.0
active_power_k,17.0,11.0,Poppy,,,,,,-0.0758161803534809
active_power_k,17.0,11.0,Oxlip,,,,,,0.0
active_power_k,17.0,11.0,Daisy,,,,,,0.0
active_power_k,17.0,11.0,Tulip,,,,,,0.0
active_power_k,17.0,11.0,Maryj,,,,,,0.0
active_power_k,17.0,12.0,Poppy,,,,,,0.14200820767620176
active_power_k,17.0,12.0,Oxlip,,,,,,0.0
active_power_k,17.0,12.0,Daisy,,,,,,0.0
active_power_k,17.0,12.0,Tulip,,,,,,0.0
active_power_k,17.0,12.0,Maryj,,,,,,0.0
active_power_k,17.0,13.0,Poppy,,,,,,0.0
active_power_k,17.0,13.0,Oxlip,,,,,,0.0
active_power_k,17.0,13.0,Daisy,,,,,,0.0
active_power_k,17.0,13.0,Tulip,,,,,,0.13360454009601966
active_power_k,17.0,13.0,Maryj,,,,,,0.0
active_power_k,17.0,14.0,Poppy,,,,,,0.0
active_power_k,17.0,14.0,Oxlip,,,,,,0.03365046243846501
active_power_k,17.0,14.0,Daisy,,,,,,0.0
active_power_k,17.0,14.0,Tulip,,,,,,0.0
active_power_k,17.0,14.0,Maryj,,,,,,0.0
active_power_k,17.0,15.0,Poppy,,,,,,0.0
active_power_k,17.0,15.0,Oxlip,,,,,,0.0
active_power_k,17.0,15.0,Daisy,,,,,,-0.07175691605749064
active_power_k,17.0,15.0,Tulip,,,,,,0.0
active_power_k,17.0,15.0,Maryj,,,,,,0.0
active_power_k,17.0,17.0,Poppy,,,,,,0.5071534209030552
active_power_k,17.0,17.0,Oxlip,,,,,,0.0
active_power_k,17.0,17.0,Daisy,,,,,,0.0
active_power_k,17.0,17.0,Tulip,,,,,,0.0
active_power_k,17.0,17.0,Maryj,,,,,,0.0
active_power_k,17.0,18.0,Poppy,,,,,,-0.06199841098599288
active_power_k,17.0,18.0,Oxlip,,,,,,0.0
active_power_k,17.0,18.0,Daisy,,,,,,0.0
active_power_k,17.0,18.0,Tulip,,,,,,0.0
active_power_k,17.0,18.0,Maryj,,,,,,0.0
active_power_k,17.0,19.0,Poppy,,,,,,0.0
active_power_k,17.0,19.0,Oxlip,,,,,,0.0
active_power_k,17.0,19.0,Daisy,,,,,,0.0
active_power_k,17.0,19.0,Tulip,,,,,,0.0
active_power_k,17.0,19.0,Maryj,,,,,,-0.2692048969953089
active_power_k,18.0,0.0,Poppy,,,,,,0.0
active_power_k,18.0,0.0,Oxlip,,,,,,0.018505043019283546
active_power_k,18.0,0.0,Daisy,,,,,,0.0
active_power_k,18.0,0.0,Tulip,,,,,,0.0
active_power_k,18.0,0.0,Maryj,,,,,,0.0
active_power_k,18.0,2.0,Poppy,,,,,,0.0
active_power_k,18.0,2.0,Oxlip,,,,,,0.0
active_power_k,18.0,2.0,Daisy,,,,,,0.021681541614928166
active_power_k,18.0,2.0,Tulip,,,,,,0.0
active_power_k,18.0,2.0,Maryj,,,,,,0.0
active_power_k,18.0,6.0,Poppy,,,,,,0.022201298491913282
active_power_k,18.0,6.0,Oxlip,,,,,,0.0
active_power_k,18.0,6.0,Daisy,,,,,,0.0
active_power_k,18.0,6.0,Tulip,,,,,,0.0
active_power_k,18.0,6.0,Maryj,,,,,,0.0
active_power_k,18.0,10.0,Poppy,,,,,,0.0
active_power_k,18.0,10.0,Oxlip,,,,,,0.0
active_power_k,18.0,10.0,Daisy,,,,,,-0.04666424181352549
active_power_k,18.0,10.0,Tulip,,,,,,0.0
active_power_k,18.0,10.0,Maryj,,,,,,0.0
active_power_k,18.0,11.0,Poppy,,,,,,-0.04879856274933471
active_power_k,18.0,11.0,Oxlip,,,,,,0.0
active_power_k,18.0,11.0,Daisy,,,,,,0.0
active_power_k,18.0,11.0,Tulip,,,,,,0.0
active_power_k,18.0,11.0,Maryj,,,,,,0.0
active_power_k,18.0,12.0,Poppy,,,,,,0.09077337852957798
active_power_k,18.0,12.0,Oxlip,,,,,,0.0
active_power_k,18.0,12.0,Daisy,,,,,,0.0
active_power_k,18.0,12.0,Tulip,,,,,,0.0
active_power_k,18.0,12.0,Maryj,,,,,,0.0
active_power_k,18.0,13.0,Poppy,,,,,,0.0
active_power_k,18.0,13.0,Oxlip,,,,,,0.0
active_power_k,18.0,13.0,Daisy,,,,,,0.0
active_power_k,18.0,13.0,Tulip,,,,,,0.11966168725748012
active_power_k,18.0,13.0,Maryj,,,,,,0.0
active_power_k,18.0,14.0,Poppy,,,,,,0.0
active_power_k,18.0,14.0,Oxlip,,,,,,0.02836478078252498
active_power_k,18.0,14.0,Daisy,,,,,,0.0
active_power_k,18.0,14.0,Tulip,,,,,,0.0
active_power_k,18.0,14.0,Maryj,,,,,,0.0
active_power_k,18.0,15.0,Poppy,,,,,,0.0
active_power_k,18.0,15.0,Oxlip,,,,,,0.0
active_power_k,18.0,15.0,Daisy,,,,,,-0.054733673658136424
active_power_k,18.0,15.0,Tulip,,,,,,0.0
active_power_k,18.0,15.0,Maryj,,,,,,0.0
active_power_k,18.0,17.0,Poppy,,,,,,0.40498282536232383
active_power_k,18.0,17.0,Oxlip,,,,,,0.0
active_power_k,18.0,17.0,Daisy,,,,,,0.0
active_power_k,18.0,17.0,Tulip,,,,,,0.0
active_power_k,18.0,17.0,Maryj,,,,,,0.0
active_power_k,18.0,18.0,Poppy,,,,,,-0.07687367246418599
active_power_k,18.0,18.0,Oxlip,,,,,,0.0
active_power_k,18.0,18.0,Daisy,,,,,,0.0
active_power_k,18.0,18.0,Tulip,,,,,,0.0
active_power_k,18.0,18.0,Maryj,,,,,,0.0
active_power_k,18.0,19.0,Poppy,,,,,,0.0
active_power_k,18.0,19.0,Oxlip,,,,,,0.0
active_power_k,18.0,19.0,Daisy,,,,,,0.0
active_power_k,18.0,19.0,Tulip,,,,,,0.0
active_power_k,18.0,19.0,Maryj,,,,,,-0.21544020965165966
active_power_k,19.0,0.0,Poppy,,,,,,0.0
active_power_k,19.0,0.0,Oxlip,,,,,,0.019144453765250768
active_power_k,19.0,0.0,Daisy,,,,,,0.0
active_power_k,19.0,0.0,Tulip,,,,,,0.0
active_power_k,19.0,0.0,Maryj,,,,,,0.0
active_power_k,19.0,2.0,Poppy,,,,,,0.0
active_power_k,19.0,2.0,Oxlip,,,,,,0.0
active_power_k,19.0,2.0,Daisy,,,,,,0.014282803059801095
active_power_k,19.0,2.0,Tulip,,,,,,0.0
active_power_k,19.0,2.0,Maryj,,,,,,0.0
active_power_k,19.0,6.0,Poppy,,,,,,0.016624217009765567
active_power_k,19.0,6.0,Oxlip,,,,,,0.0
active_power_k,19.0,6.0,Daisy,,,,,,0.0
active_power_k,19.0,6.0,Tulip,,,,,,0.0
active_power_k,19.0,6.0,Maryj,,,,,,0.0
active_power_k,19.0,10.0,Poppy,,,,,,0.0
active_power_k,19.0,10.0,Oxlip,,,,,,0.0
active_power_k,19.0,10.0,Daisy,,,,,,-0.04103492069406814
active_power_k,19.0,10.0,Tulip,,,,,,0.0
active_power_k,19.0,10.0,Maryj,,,,,,0.0
active_power_k,19.0,11.0,Poppy,,,,,,-0.03213021669215906
active_power_k,19.0,11.0,Oxlip,,,,,,0.0
active_power_k,19.0,11.0,Daisy,,,,,,0.0
active_power_k,19.0,11.0,Tulip,,,,,,0.0
active_power_k,19.0,11.0,Maryj,,,,,,0.0
active_power_k,19.0,12.0,Poppy,,,,,,0.0754509463718568
active_power_k,19.0,12.0,Oxlip,,,,,,0.0
active_power_k,19.0,12.0,Daisy,,,,,,0.0
active_power_k,19.0,12.0,Tulip,,,,,,0.0
active_power_k,19.0,12.0,Maryj,,,,,,0.0
active_power_k,19.0,13.0,Poppy,,,,,,0.0
active_power_k,19.0,13.0,Oxlip,,,,,,0.0
active_power_k,19.0,13.0,Daisy,,,,,,0.0
active_power_k,19.0,13.0,Tulip,,,,,,0.10956507853279562
active_power_k,19.0,13.0,Maryj,,,,,,0.0
active_power_k,19.0,14.0,Poppy,,,,,,0.0
active_power_k,19.0,14.0,Oxlip,,,,,,0.028986089434508484
active_power_k,19.0,14.0,Daisy,,,,,,0.0
active_power_k,19.0,14.0,Tulip,,,,,,0.0
active_power_k,19.0,14.0,Maryj,,,,,,0.0
active_power_k,19.0,15.0,Poppy,,,,,,0.0
active_power_k,19.0,15.0,Oxlip,,,,,,0.0
active_power_k,19.0,15.0,Daisy,,,,,,-0.03804436147120495
active_power_k,19.0,15.0,Tulip,,,,,,0.0
active_power_k,19.0,15.0,Maryj,,,,,,0.0
active_power_k,19.0,17.0,Poppy,,,,,,0.3421758354265061
active_power_k,19.0,17.0,Oxlip,,,,,,0.0
active_power_k,19.0,17.0,Daisy,,,,,,0.0
active_power_k,19.0,17.0,Tulip,,,,,,0.0
active_power_k,19.0,17.0,Maryj,,,,,,0.0
active_power_k,19.0,18.0,Poppy,,,,,,-0.07772158969689887
active_power_k,19.0,18.0,Oxlip,,,,,,0.0
active_power_k,19.0,18.0,Daisy,,,,,,0.0
active_power_k,19.0,18.0,Tulip,,,,,,0.0
active_power_k,19.0,18.0,Maryj,,,,,,0.0
active_power_k,19.0,19.0,Poppy,,,,,,0.0
active_power_k,19.0,19.0,Oxlip,,,,,,0.0
active_power_k,19.0,19.0,Daisy,,,,,,0.0
active_power_k,19.0,19.0,Tulip,,,,,,0.0
active_power_k,19.0,19.0,Maryj,,,,,,-0.1745674200078592
active_power_k,20.0,0.0,Poppy,,,,,,0.0
active_power_k,20.0,0.0,Oxlip,,,,,,0.019188470274871024
active_power_k,20.0,0.0,Daisy,,,,,,0.0
active_power_k,20.0,0.0,Tulip,,,,,,0.0
active_power_k,20.0,0.0,Maryj,,,,,,0.0
active_power_k,20.0,2.0,Poppy,,,,,,0.0
active_power_k,20.0,2.0,Oxlip,,,,,,0.0
active_power_k,20.0,2.0,Daisy,,,,,,0.014291080747177467
active_power_k,20.0,2.0,Tulip,,,,,,0.0
active_power_k,20.0,2.0,Maryj,,,,,,0.0
active_power_k,20.0,6.0,Poppy,,,,,,0.014535262452572422
active_power_k,20.0,6.0,Oxlip,,,,,,0.0
active_power_k,20.0,6.0,Daisy,,,,,,0.0
active_power_k,20.0,6.0,Tulip,,,,,,0.0
active_power_k,20.0,6.0,Maryj,,,,,,0.0
active_power_k,20.0,10.0,Poppy,,,,,,0.0
active_power_k,20.0,10.0,Oxlip,,,,,,0.0
active_power_k,20.0,10.0,Daisy,,,,,,-0.04087481012923268
active_power_k,20.0,10.0,Tulip,,,,,,0.0
active_power_k,20.0,10.0,Maryj,,,,,,0.0
active_power_k,20.0,11.0,Poppy,,,,,,-0.0321485986323173
active_power_k,20.0,11.0,Oxlip,,,,,,0.0
active_power_k,20.0,11.0,Daisy,,,,,,0.0
active_power_k,20.0,11.0,Tulip,,,,,,0.0
active_power_k,20.0,11.0,Maryj,,,,,,0.0
active_power_k,20.0,12.0,Poppy,,,,,,0.07555935488443082
active_power_k,20.0,12.0,Oxlip,,,,,,0.0
active_power_k,20.0,12.0,Daisy,,,,,,0.0
active_power_k,20.0,12.0,Tulip,,,,,,0.0
active_power_k,20.0,12.0,Maryj,,,,,,0.0
active_power_k,20.0,13.0,Poppy,,,,,,0.0
active_power_k,20.0,13.0,Oxlip,,,,,,0.0
active_power_k,20.0,13.0,Daisy,,,,,,0.0
active_power_k,20.0,13.0,Tulip,,,,,,0.1046017557409221
active_power_k,20.0,13.0,Maryj,,,,,,0.0
active_power_k,20.0,14.0,Poppy,,,,,,0.0
active_power_k,20.0,14.0,Oxlip,,,,,,0.028819085642113697
active_power_k,20.0,14.0,Daisy,,,,,,0.0
active_power_k,20.0,14.0,Tulip,,,,,,0.0
active_power_k,20.0,14.0,Maryj,,,,,,0.0
active_power_k,20.0,15.0,Poppy,,,,,,0.0
active_power_k,20.0,15.0,Oxlip,,,,,,0.0
active_power_k,20.0,15.0,Daisy,,,,,,-0.03596766154078395
active_power_k,20.0,15.0,Tulip,,,,,,0.0
active_power_k,20.0,15.0,Maryj,,,,,,0.0
active_power_k,20.0,17.0,Poppy,,,,,,0.33001987440607217
active_power_k,20.0,17.0,Oxlip,,,,,,0.0
active_power_k,20.0,17.0,Daisy,,,,,,0.0
active_power_k,20.0,17.0,Tulip,,,,,,0.0
active_power_k,20.0,17.0,Maryj,,,,,,0.0
active_power_k,20.0,18.0,Poppy,,,,,,-0.07249693669312877
active_power_k,20.0,18.0,Oxlip,,,,,,0.0
active_power_k,20.0,18.0,Daisy,,,,,,0.0
active_power_k,20.0,18.0,Tulip,,,,,,0.0
active_power_k,20.0,18.0,Maryj,,,,,,0.0
active_power_k,20.0,19.0,Poppy,,,,,,0.0
active_power_k,20.0,19.0,Oxlip,,,,,,0.0
active_power_k,20.0,19.0,Daisy,,,,,,0.0
active_power_k,20.0,19.0,Tulip,,,,,,0.0
active_power_k,20.0,19.0,Maryj,,,,,,-0.16752950370631792
active_power_k,21.0,0.0,Poppy,,,,,,0.0
active_power_k,21.0,0.0,Oxlip,,,,,,0.018495126679707673
active_power_k,21.0,0.0,Daisy,,,,,,0.0
active_power_k,21.0,0.0,Tulip,,,,,,0.0
active_power_k,21.0,0.0,Maryj,,,,,,0.0
active_power_k,21.0,2.0,Poppy,,,,,,0.0
active_power_k,21.0,2.0,Oxlip,,,,,,0.0
active_power_k,21.0,2.0,Daisy,,,,,,0.013029485715442296
active_power_k,21.0,2.0,Tulip,,,,,,0.0
active_power_k,21.0,2.0,Maryj,,,,,,0.0
active_power_k,21.0,6.0,Poppy,,,,,,0.01453372618141935
active_power_k,21.0,6.0,Oxlip,,,,,,0.0
active_power_k,21.0,6.0,Daisy,,,,,,0.0
active_power_k,21.0,6.0,Tulip,,,,,,0.0
active_power_k,21.0,6.0,Maryj,,,,,,0.0
active_power_k,21.0,10.0,Poppy,,,,,,0.0
active_power_k,21.0,10.0,Oxlip,,,,,,0.0
active_power_k,21.0,10.0,Daisy,,,,,,-0.04042405311322335
active_power_k,21.0,10.0,Tulip,,,,,,0.0
active_power_k,21.0,10.0,Maryj,,,,,,0.0
active_power_k,21.0,11.0,Poppy,,,,,,-0.02931081401639459
active_power_k,21.0,11.0,Oxlip,,,,,,0.0
active_power_k,21.0,11.0,Daisy,,,,,,0.0
active_power_k,21.0,11.0,Tulip,,,,,,0.0
active_power_k,21.0,11.0,Maryj,,,,,,0.0
active_power_k,21.0,12.0,Poppy,,,,,,0.0721741928437483
active_power_k,21.0,12.0,Oxlip,,,,,,0.0
active_power_k,21.0,12.0,Daisy,,,,,,0.0
active_power_k,21.0,12.0,Tulip,,,,,,0.0
active_power_k,21.0,12.0,Maryj,,,,,,0.0
active_power_k,21.0,13.0,Poppy,,,,,,0.0
active_power_k,21.0,13.0,Oxlip,,,,,,0.0
active_power_k,21.0,13.0,Daisy,,,,,,0.0
active_power_k,21.0,13.0,Tulip,,,,,,0.09930765272981369
active_power_k,21.0,13.0,Maryj,,,,,,0.0
active_power_k,21.0,14.0,Poppy,,,,,,0.0
active_power_k,21.0,14.0,Oxlip,,,,,,0.029432497857075378
active_power_k,21.0,14.0,Daisy,,,,,,0.0
active_power_k,21.0,14.0,Tulip,,,,,,0.0
active_power_k,21.0,14.0,Maryj,,,,,,0.0
active_power_k,21.0,15.0,Poppy,,,,,,0.0
active_power_k,21.0,15.0,Oxlip,,,,,,0.0
active_power_k,21.0,15.0,Daisy,,,,,,-0.03407426885901575
active_power_k,21.0,15.0,Tulip,,,,,,0.0
active_power_k,21.0,15.0,Maryj,,,,,,0.0
active_power_k,21.0,17.0,Poppy,,,,,,0.31325818177781256
active_power_k,21.0,17.0,Oxlip,,,,,,0.0
active_power_k,21.0,17.0,Daisy,,,,,,0.0
active_power_k,21.0,17.0,Tulip,,,,,,0.0
active_power_k,21.0,17.0,Maryj,,,,,,0.0
active_power_k,21.0,18.0,Poppy,,,,,,-0.06996771043060741
active_power_k,21.0,18.0,Oxlip,,,,,,0.0
active_power_k,21.0,18.0,Daisy,,,,,,0.0
active_power_k,21.0,18.0,Tulip,,,,,,0.0
active_power_k,21.0,18.0,Maryj,,,,,,0.0
active_power_k,21.0,19.0,Poppy,,,,,,0.0
active_power_k,21.0,19.0,Oxlip,,,,,,0.0
active_power_k,21.0,19.0,Daisy,,,,,,0.0
active_power_k,21.0,19.0,Tulip,,,,,,0.0
active_power_k,21.0,19.0,Maryj,,,,,,-0.15795850872780526
active_power_k,22.0,0.0,Poppy,,,,,,0.0
active_power_k,22.0,0.0,Oxlip,,,,,,0.007749227119197332
active_power_k,22.0,0.0,Daisy,,,,,,0.0
active_power_k,22.0,0.0,Tulip,,,,,,0.0
active_power_k,22.0,0.0,Maryj,,,,,,0.0
active_power_k,22.0,2.0,Poppy,,,,,,0.0
active_power_k,22.0,2.0,Oxlip,,,,,,0.0
active_power_k,22.0,2.0,Daisy,,,,,,0.013026777253319317
active_power_k,22.0,2.0,Tulip,,,,,,0.0
active_power_k,22.0,2.0,Maryj,,,,,,0.0
active_power_k,22.0,6.0,Poppy,,,,,,0.0029008461736431354
active_power_k,22.0,6.0,Oxlip,,,,,,0.0
active_power_k,22.0,6.0,Daisy,,,,,,0.0
active_power_k,22.0,6.0,Tulip,,,,,,0.0
active_power_k,22.0,6.0,Maryj,,,,,,0.0
active_power_k,22.0,10.0,Poppy,,,,,,0.0
active_power_k,22.0,10.0,Oxlip,,,,,,0.0
active_power_k,22.0,10.0,Daisy,,,,,,-0.029402735153127232
active_power_k,22.0,10.0,Tulip,,,,,,0.0
active_power_k,22.0,10.0,Maryj,,,,,,0.0
active_power_k,22.0,11.0,Poppy,,,,,,-0.02930472624441547
active_power_k,22.0,11.0,Oxlip,,,,,,0.0
active_power_k,22.0,11.0,Daisy,,,,,,0.0
active_power_k,22.0,11.0,Tulip,,,,,,0.0
active_power_k,22.0,11.0,Maryj,,,,,,0.0
active_power_k,22.0,12.0,Poppy,,,,,,0.048838110238554264
active_power_k,22.0,12.0,Oxlip,,,,,,0.0
active_power_k,22.0,12.0,Daisy,,,,,,0.0
active_power_k,22.0,12.0,Tulip,,,,,,0.0
active_power_k,22.0,12.0,Maryj,,,,,,0.0
active_power_k,22.0,13.0,Poppy,,,,,,0.0
active_power_k,22.0,13.0,Oxlip,,,,,,0.0
active_power_k,22.0,13.0,Daisy,,,,,,0.0
active_power_k,22.0,13.0,Tulip,,,,,,0.08318357071461684
active_power_k,22.0,13.0,Maryj,,,,,,0.0
active_power_k,22.0,14.0,Poppy,,,,,,0.0
active_power_k,22.0,14.0,Oxlip,,,,,,0.01841346281147143
active_power_k,22.0,14.0,Daisy,,,,,,0.0
active_power_k,22.0,14.0,Tulip,,,,,,0.0
active_power_k,22.0,14.0,Maryj,,,,,,0.0
active_power_k,22.0,15.0,Poppy,,,,,,0.0
active_power_k,22.0,15.0,Oxlip,,,,,,0.0
active_power_k,22.0,15.0,Daisy,,,,,,-0.022437330336586778
active_power_k,22.0,15.0,Tulip,,,,,,0.0
active_power_k,22.0,15.0,Maryj,,,,,,0.0
active_power_k,22.0,17.0,Poppy,,,,,,0.2567522029252495
active_power_k,22.0,17.0,Oxlip,,,,,,0.0
active_power_k,22.0,17.0,Daisy,,,,,,0.0
active_power_k,22.0,17.0,Tulip,,,,,,0.0
active_power_k,22.0,17.0,Maryj,,,,,,0.0
active_power_k,22.0,18.0,Poppy,,,,,,-0.06469118561197038
active_power_k,22.0,18.0,Oxlip,,,,,,0.0
active_power_k,22.0,18.0,Daisy,,,,,,0.0
active_power_k,22.0,18.0,Tulip,,,,,,0.0
active_power_k,22.0,18.0,Maryj,,,,,,0.0
active_power_k,22.0,19.0,Poppy,,,,,,0.0
active_power_k,22.0,19.0,Oxlip,,,,,,0.0
active_power_k,22.0,19.0,Daisy,,,,,,0.0
active_power_k,22.0,19.0,Tulip,,,,,,0.0
active_power_k,22.0,19.0,Maryj,,,,,,-0.1301108757297771
active_power_k,23.0,0.0,Poppy,,,,,,0.0
active_power_k,23.0,0.0,Oxlip,,,,,,0.007481941788653604
active_power_k,23.0,0.0,Daisy,,,,,,0.0
active_power_k,23.0,0.0,Tulip,,,,,,0.0
active_power_k,23.0,0.0,Maryj,,,,,,0.0
active_power_k,23.0,2.0,Poppy,,,,,,0.0
active_power_k,23.0,2.0,Oxlip,,,,,,0.0
active_power_k,23.0,2.0,Daisy,,,,,,0.011765105395336229
active_power_k,23.0,2.0,Tulip,,,,,,0.0
active_power_k,23.0,2.0,Maryj,,,,,,0.0
active_power_k,23.0,6.0,Poppy,,,,,,0.002493177645301506
active_power_k,23.0,6.0,Oxlip,,,,,,0.0
active_power_k,23.0,6.0,Daisy,,,,,,0.0
active_power_k,23.0,6.0,Tulip,,,,,,0.0
active_power_k,23.0,6.0,Maryj,,,,,,0.0
active_power_k,23.0,10.0,Poppy,,,,,,0.0
active_power_k,23.0,10.0,Oxlip,,,,,,0.0
active_power_k,23.0,10.0,Daisy,,,,,,-0.024187305914762952
active_power_k,23.0,10.0,Tulip,,,,,,0.0
active_power_k,23.0,10.0,Maryj,,,,,,0.0
active_power_k,23.0,11.0,Poppy,,,,,,-0.02646694162849278
active_power_k,23.0,11.0,Oxlip,,,,,,0.0
active_power_k,23.0,11.0,Daisy,,,,,,0.0
active_power_k,23.0,11.0,Tulip,,,,,,0.0
active_power_k,23.0,11.0,Maryj,,,,,,0.0
active_power_k,23.0,12.0,Poppy,,,,,,0.04544695377931861
active_power_k,23.0,12.0,Oxlip,,,,,,0.0
active_power_k,23.0,12.0,Daisy,,,,,,0.0
active_power_k,23.0,12.0,Tulip,,,,,,0.0
active_power_k,23.0,12.0,Maryj,,,,,,0.0
active_power_k,23.0,13.0,Poppy,,,,,,0.0
active_power_k,23.0,13.0,Oxlip,,,,,,0.0
active_power_k,23.0,13.0,Daisy,,,,,,0.0
active_power_k,23.0,13.0,Tulip,,,,,,0.0525923120328186
active_power_k,23.0,13.0,Maryj,,,,,,0.0
active_power_k,23.0,14.0,Poppy,,,,,,0.0
active_power_k,23.0,14.0,Oxlip,,,,,,0.01426220280407816
active_power_k,23.0,14.0,Daisy,,,,,,0.0
active_power_k,23.0,14.0,Tulip,,,,,,0.0
active_power_k,23.0,14.0,Maryj,,,,,,0.0
active_power_k,23.0,15.0,Poppy,,,,,,0.0
active_power_k,23.0,15.0,Oxlip,,,,,,0.0
active_power_k,23.0,15.0,Daisy,,,,,,-0.020137805397630028
active_power_k,23.0,15.0,Tulip,,,,,,0.0
active_power_k,23.0,15.0,Maryj,,,,,,0.0
active_power_k,23.0,17.0,Poppy,,,,,,0.20520334923938433
active_power_k,23.0,17.0,Oxlip,,,,,,0.0
active_power_k,23.0,17.0,Daisy,,,,,,0.0
active_power_k,23.0,17.0,Tulip,,,,,,0.0
active_power_k,23.0,17.0,Maryj,,,,,,0.0
active_power_k,23.0,18.0,Poppy,,,,,,-0.05309177880947913
active_power_k,23.0,18.0,Oxlip,,,,,,0.0
active_power_k,23.0,18.0,Daisy,,,,,,0.0
active_power_k,23.0,18.0,Tulip,,,,,,0.0
active_power_k,23.0,18.0,Maryj,,,,,,0.0
active_power_k,23.0,19.0,Poppy,,,,,,0.0
active_power_k,23.0,19.0,Oxlip,,,,,,0.0
active_power_k,23.0,19.0,Daisy,,,,,,0.0
active_power_k,23.0,19.0,Tulip,,,,,,0.0
active_power_k,23.0,19.0,Maryj,,,,,,-0.09484214602059982
active_power_k,24.0,0.0,Poppy,,,,,,0.0
active_power_k,24.0,0.0,Oxlip,,,,,,0.007600584658631058
active_power_k,24.0,0.0,Daisy,,,,,,0.0
active_power_k,24.0,0.0,Tulip,,,,,,0.0
active_power_k,24.0,0.0,Maryj,,,,,,0.0
active_power_k,24.0,2.0,Poppy,,,,,,0.0
active_power_k,24.0,2.0,Oxlip,,,,,,0.0
active_power_k,24.0,2.0,Daisy,,,,,,0.01113415544031287
active_power_k,24.0,2.0,Tulip,,,,,,0.0
active_power_k,24.0,2.0,Maryj,,,,,,0.0
active_power_k,24.0,6.0,Poppy,,,,,,0.0024931139019126907
active_power_k,24.0,6.0,Oxlip,,,,,,0.0
active_power_k,24.0,6.0,Daisy,,,,,,0.0
active_power_k,24.0,6.0,Tulip,,,,,,0.0
active_power_k,24.0,6.0,Maryj,,,,,,0.0
active_power_k,24.0,10.0,Poppy,,,,,,0.0
active_power_k,24.0,10.0,Oxlip,,,,,,0.0
active_power_k,24.0,10.0,Daisy,,,,,,-0.020563337423968514
active_power_k,24.0,10.0,Tulip,,,,,,0.0
active_power_k,24.0,10.0,Maryj,,,,,,0.0
active_power_k,24.0,11.0,Poppy,,,,,,-0.02504785508476034
active_power_k,24.0,11.0,Oxlip,,,,,,0.0
active_power_k,24.0,11.0,Daisy,,,,,,0.0
active_power_k,24.0,11.0,Tulip,,,,,,0.0
active_power_k,24.0,11.0,Maryj,,,,,,0.0
active_power_k,24.0,12.0,Poppy,,,,,,0.04447819614215171
active_power_k,24.0,12.0,Oxlip,,,,,,0.0
active_power_k,24.0,12.0,Daisy,,,,,,0.0
active_power_k,24.0,12.0,Tulip,,,,,,0.0
active_power_k,24.0,12.0,Maryj,,,,,,0.0
active_power_k,24.0,13.0,Poppy,,,,,,0.0
active_power_k,24.0,13.0,Oxlip,,,,,,0.0
active_power_k,24.0,13.0,Daisy,,,,,,0.0
active_power_k,24.0,13.0,Tulip,,,,,,0.03472056787683979
active_power_k,24.0,13.0,Maryj,,,,,,0.0
active_power_k,24.0,14.0,Poppy,,,,,,0.0
active_power_k,24.0,14.0,Oxlip,,,,,,0.011170391767183386
active_power_k,24.0,14.0,Daisy,,,,,,0.0
active_power_k,24.0,14.0,Tulip,,,,,,0.0
active_power_k,24.0,14.0,Maryj,,,,,,0.0
active_power_k,24.0,15.0,Poppy,,,,,,0.0
active_power_k,24.0,15.0,Oxlip,,,,,,0.0
active_power_k,24.0,15.0,Daisy,,,,,,-0.01919168395841959
active_power_k,24.0,15.0,Tulip,,,,,,0.0
active_power_k,24.0,15.0,Maryj,,,,,,0.0
active_power_k,24.0,17.0,Poppy,,,,,,0.17329077790491007
active_power_k,24.0,17.0,Oxlip,,,,,,0.0
active_power_k,24.0,17.0,Daisy,,,,,,0.0
active_power_k,24.0,17.0,Tulip,,,,,,0.0
active_power_k,24.0,17.0,Maryj,,,,,,0.0
active_power_k,24.0,18.0,Poppy,,,,,,-0.04280238438152844
active_power_k,24.0,18.0,Oxlip,,,,,,0.0
active_power_k,24.0,18.0,Daisy,,,,,,0.0
active_power_k,24.0,18.0,Tulip,,,,,,0.0
active_power_k,24.0,18.0,Maryj,,,,,,0.0
active_power_k,24.0,19.0,Poppy,,,,,,0.0
active_power_k,24.0,19.0,Oxlip,,,,,,0.0
active_power_k,24.0,19.0,Daisy,,,,,,0.0
active_power_k,24.0,19.0,Tulip,,,,,,0.0
active_power_k,24.0,19.0,Maryj,,,,,,-0.07483607603679421
active_power,1.0,0.0,,,,,,,0.007481966999551595
active_power,1.0,2.0,,,,,,,0.009234223131185661
active_power,1.0,6.0,,,,,,,0.002493177645301506
active_power,1.0,10.0,,,,,,,-0.018651181365902575
active_power,1.0,11.0,,,,,,,-0.02077353558395691
active_power,1.0,12.0,,,,,,,0.03975335524344989
active_power,1.0,13.0,,,,,,,0.02946360642575299
active_power,1.0,14.0,,,,,,,0.010861105521918733
active_power,1.0,15.0,,,,,,,-0.016342201367939443
active_power,1.0,17.0,,,,,,,0.1463661301903613
active_power,1.0,18.0,,,,,,,-0.03418913023819301
active_power,1.0,19.0,,,,,,,-0.06315831710775144
active_power,2.0,0.0,,,,,,,0.007481892780552837
active_power,2.0,2.0,,,,,,,0.009234249618793697
active_power,2.0,6.0,,,,,,,0.0024931167993394554
active_power,2.0,10.0,,,,,,,-0.018565503147877693
active_power,2.0,11.0,,,,,,,-0.02077353558395691
active_power,2.0,12.0,,,,,,,0.039753359146373866
active_power,2.0,13.0,,,,,,,0.026191884093271257
active_power,2.0,14.0,,,,,,,0.010775427303893852
active_power,2.0,15.0,,,,,,,-0.016342140521977393
active_power,2.0,17.0,,,,,,,0.1405645662157913
active_power,2.0,18.0,,,,,,,-0.03165990397567167
active_power,2.0,19.0,,,,,,,-0.05988752295007038
active_power,3.0,0.0,,,,,,,0.007482069716770614
active_power,3.0,2.0,,,,,,,0.009234248386361606
active_power,3.0,6.0,,,,,,,0.002493124525810827
active_power,3.0,10.0,,,,,,,-0.018463164209651994
active_power,3.0,11.0,,,,,,,-0.02077353558395691
active_power,3.0,12.0,,,,,,,0.03975337575349813
active_power,3.0,13.0,,,,,,,0.02831108605423801
active_power,3.0,14.0,,,,,,,0.010673088365668153
active_power,3.0,15.0,,,,,,,-0.016342148248448766
active_power,3.0,17.0,,,,,,,0.14141951192575375
active_power,3.0,18.0,,,,,,,-0.03039529084441103
active_power,3.0,19.0,,,,,,,-0.062006672399241736
active_power,4.0,0.0,,,,,,,0.007482152683375666
active_power,4.0,2.0,,,,,,,0.009234273236502395
active_power,4.0,6.0,,,,,,,0.002493094511441268
active_power,4.0,10.0,,,,,,,-0.0184632739666781
active_power,4.0,11.0,,,,,,,-0.02077353558395691
active_power,4.0,12.0,,,,,,,0.039753393038847194
active_power,4.0,13.0,,,,,,,0.025930637336833078
active_power,4.0,14.0,,,,,,,0.01067319812269426
active_power,4.0,15.0,,,,,,,-0.016342118234079207
active_power,4.0,17.0,,,,,,,0.13840696952874454
active_power,4.0,18.0,,,,,,,-0.02976298427878069
active_power,4.0,19.0,,,,,,,-0.059627042911709616
active_power,5.0,0.0,,,,,,,0.00748168874134383
active_power,5.0,2.0,,,,,,,0.009234255975548685
active_power,5.0,6.0,,,,,,,0.002493053650294592
active_power,5.0,10.0,,,,,,,-0.018464745495216123
active_power,5.0,11.0,,,,,,,-0.02077353558395691
active_power,5.0,12.0,,,,,,,0.0397533331311903
active_power,5.0,13.0,,,,,,,0.033073911486161345
active_power,5.0,14.0,,,,,,,0.010674669651232281
active_power,5.0,15.0,,,,,,,-0.016342077372932532
active_power,5.0,17.0,,,,,,,0.14607459288194252
active_power,5.0,18.0,,,,,,,-0.03028623801286217
active_power,5.0,19.0,,,,,,,-0.06676986557053544
active_power,6.0,0.0,,,,,,,0.0074815694146022375
active_power,6.0,2.0,,,,,,,0.009388095324679583
active_power,6.0,6.0,,,,,,,0.002493022712569251
active_power,6.0,10.0,,,,,,,-0.020169042193688314
active_power,6.0,11.0,,,,,,,-0.021119519061007702
active_power,6.0,12.0,,,,,,,0.04009932921087554
active_power,6.0,13.0,,,,,,,0.05277410711701763
active_power,6.0,14.0,,,,,,,0.012249222545810427
active_power,6.0,15.0,,,,,,,-0.016572702086574378
active_power,6.0,17.0,,,,,,,0.17203712539349292
active_power,6.0,18.0,,,,,,,-0.035516913590804354
active_power,6.0,19.0,,,,,,,-0.08699099452601455
active_power,7.0,0.0,,,,,,,0.007481253427542268
active_power,7.0,2.0,,,,,,,0.011670112822862582
active_power,7.0,6.0,,,,,,,0.002492822227618416
active_power,7.0,10.0,,,,,,,-0.028513248030993144
active_power,7.0,11.0,,,,,,,-0.026252321015156444
active_power,7.0,12.0,,,,,,,0.04523244264819704
active_power,7.0,13.0,,,,,,,0.06569342205481196
active_power,7.0,14.0,,,,,,,0.018668627650309473
active_power,7.0,15.0,,,,,,,-0.019994369571056055
active_power,7.0,17.0,,,,,,,0.2100940715917301
active_power,7.0,18.0,,,,,,,-0.04549860163486528
active_power,7.0,19.0,,,,,,,-0.10763059960863008
active_power,8.0,0.0,,,,,,,0.007499089982356954
active_power,8.0,2.0,,,,,,,0.015218567279368421
active_power,8.0,6.0,,,,,,,0.00653447927846985
active_power,8.0,10.0,,,,,,,-0.03482923538511441
active_power,8.0,11.0,,,,,,,-0.03423342387059585
active_power,8.0,12.0,,,,,,,0.0532643444017271
active_power,8.0,13.0,,,,,,,0.07641885662386302
active_power,8.0,14.0,,,,,,,0.021991701433640976
active_power,8.0,15.0,,,,,,,-0.02935676185886708
active_power,8.0,17.0,,,,,,,0.25686726380666886
active_power,8.0,18.0,,,,,,,-0.05386229805695728
active_power,8.0,19.0,,,,,,,-0.13443324399223822
active_power,9.0,0.0,,,,,,,0.02203622492086692
active_power,9.0,2.0,,,,,,,0.03380763802463257
active_power,9.0,6.0,,,,,,,0.009111705136446593
active_power,9.0,10.0,,,,,,,-0.06263234355861695
active_power,9.0,11.0,,,,,,,-0.07686329500468701
active_power,9.0,12.0,,,,,,,0.13541348865585504
active_power,9.0,13.0,,,,,,,0.11174052586271509
active_power,9.0,14.0,,,,,,,0.03380860793185933
active_power,9.0,15.0,,,,,,,-0.060353901806237925
active_power,9.0,17.0,,,,,,,0.4598288723791019
active_power,9.0,18.0,,,,,,,-0.05363487599666687
active_power,9.0,19.0,,,,,,,-0.2366826776031119
active_power,10.0,0.0,,,,,,,0.02129312251334192
active_power,10.0,2.0,,,,,,,0.031296495416111125
active_power,10.0,6.0,,,,,,,0.014494609685077414
active_power,10.0,10.0,,,,,,,-0.05906800999366185
active_power,10.0,11.0,,,,,,,-0.07202156254061631
active_power,10.0,12.0,,,,,,,0.12943395593309978
active_power,10.0,13.0,,,,,,,0.11422033946139971
active_power,10.0,14.0,,,,,,,0.032059924040930735
active_power,10.0,15.0,,,,,,,-0.06250898471215495
active_power,10.0,17.0,,,,,,,0.44933421804223206
active_power,10.0,18.0,,,,,,,-0.051034364188225406
active_power,10.0,19.0,,,,,,,-0.2372967958230109
active_power,11.0,0.0,,,,,,,0.022066100222375182
active_power,11.0,2.0,,,,,,,0.030656581589494154
active_power,11.0,6.0,,,,,,,0.014213405976487988
active_power,11.0,10.0,,,,,,,-0.05476782113272645
active_power,11.0,11.0,,,,,,,-0.0708133202796769
active_power,11.0,12.0,,,,,,,0.1301882706515232
active_power,11.0,13.0,,,,,,,0.12346871862995124
active_power,11.0,14.0,,,,,,,0.028212826027847596
active_power,11.0,15.0,,,,,,,-0.06142228616293926
active_power,11.0,17.0,,,,,,,0.4547236755373718
active_power,11.0,18.0,,,,,,,-0.0491723904412991
active_power,11.0,19.0,,,,,,,-0.2444292968219539
active_power,12.0,0.0,,,,,,,0.022528108512727765
active_power,12.0,2.0,,,,,,,0.031207889352551907
active_power,12.0,6.0,,,,,,,0.01467196197372653
active_power,12.0,10.0,,,,,,,-0.055530160025795416
active_power,12.0,11.0,,,,,,,-0.0718887465406163
active_power,12.0,12.0,,,,,,,0.13238350270350327
active_power,12.0,13.0,,,,,,,0.13385342939250028
active_power,12.0,14.0,,,,,,,0.028571880073064295
active_power,12.0,15.0,,,,,,,-0.06259779300080406
active_power,12.0,17.0,,,,,,,0.470763896363776
active_power,12.0,18.0,,,,,,,-0.04996854500692949
active_power,12.0,19.0,,,,,,,-0.25691066039280275
active_power,13.0,0.0,,,,,,,0.023102864246003278
active_power,13.0,2.0,,,,,,,0.030018359052749452
active_power,13.0,6.0,,,,,,,0.01493809401889831
active_power,13.0,10.0,,,,,,,-0.054916880401630785
active_power,13.0,11.0,,,,,,,-0.06888315424130763
active_power,13.0,12.0,,,,,,,0.13028078904776125
active_power,13.0,13.0,,,,,,,0.1267364907637535
active_power,13.0,14.0,,,,,,,0.02908569756114043
active_power,13.0,15.0,,,,,,,-0.060860196846436725
active_power,13.0,17.0,,,,,,,0.4556573064493595
active_power,13.0,18.0,,,,,,,-0.04956651059983437
active_power,13.0,19.0,,,,,,,-0.24551399415120323
active_power,14.0,0.0,,,,,,,0.022586524951375458
active_power,14.0,2.0,,,,,,,0.032377662328348635
active_power,14.0,6.0,,,,,,,0.01570802103722571
active_power,14.0,10.0,,,,,,,-0.05663520776583644
active_power,14.0,11.0,,,,,,,-0.0738496150913992
active_power,14.0,12.0,,,,,,,0.13378832431966603
active_power,14.0,13.0,,,,,,,0.12410379111624482
active_power,14.0,14.0,,,,,,,0.028941602106561746
active_power,14.0,15.0,,,,,,,-0.06494109776482518
active_power,14.0,17.0,,,,,,,0.46573830797340915
active_power,14.0,18.0,,,,,,,-0.04810819874440815
active_power,14.0,19.0,,,,,,,-0.2511753718283982
active_power,15.0,0.0,,,,,,,0.02346970930637677
active_power,15.0,2.0,,,,,,,0.032182278282585214
active_power,15.0,6.0,,,,,,,0.01794640559952091
active_power,15.0,10.0,,,,,,,-0.05738257203511743
active_power,15.0,11.0,,,,,,,-0.07309999227967691
active_power,15.0,12.0,,,,,,,0.13457905619716368
active_power,15.0,13.0,,,,,,,0.120437751515107
active_power,15.0,14.0,,,,,,,0.029970074930238576
active_power,15.0,15.0,,,,,,,-0.0666797337859722
active_power,15.0,17.0,,,,,,,0.46348587856590373
active_power,15.0,18.0,,,,,,,-0.047786500178777835
active_power,15.0,19.0,,,,,,,-0.24865204983400657
active_power,16.0,0.0,,,,,,,0.024037575754602435
active_power,16.0,2.0,,,,,,,0.03255792149587415
active_power,16.0,6.0,,,,,,,0.0196967092205757
active_power,16.0,10.0,,,,,,,-0.058274321883819424
active_power,16.0,11.0,,,,,,,-0.07366351227967691
active_power,16.0,12.0,,,,,,,0.13592059248999536
active_power,16.0,13.0,,,,,,,0.12172971363660727
active_power,16.0,14.0,,,,,,,0.030650504778940574
active_power,16.0,15.0,,,,,,,-0.06880571740702697
active_power,16.0,17.0,,,,,,,0.4716923634682038
active_power,16.0,18.0,,,,,,,-0.050354767362591535
active_power,16.0,19.0,,,,,,,-0.252567562970233
active_power,17.0,0.0,,,,,,,0.026453300907126664
active_power,17.0,2.0,,,,,,,0.03362557003803008
active_power,17.0,6.0,,,,,,,0.021212795821836695
active_power,17.0,10.0,,,,,,,-0.06208153007102035
active_power,17.0,11.0,,,,,,,-0.0758161803534809
active_power,17.0,12.0,,,,,,,0.14200820767620176
active_power,17.0,13.0,,,,,,,0.13360454009601966
active_power,17.0,14.0,,,,,,,0.03365046243846501
active_power,17.0,15.0,,,,,,,-0.07175691605749064
active_power,17.0,17.0,,,,,,,0.5071534209030552
active_power,17.0,18.0,,,,,,,-0.06199841098599288
active_power,17.0,19.0,,,,,,,-0.2692048969953089
active_power,18.0,0.0,,,,,,,0.018505043019283546
active_power,18.0,2.0,,,,,,,0.021681541614928166
active_power,18.0,6.0,,,,,,,0.022201298491913282
active_power,18.0,10.0,,,,,,,-0.04666424181352549
active_power,18.0,11.0,,,,,,,-0.04879856274933471
active_power,18.0,12.0,,,,,,,0.09077337852957798
active_power,18.0,13.0,,,,,,,0.11966168725748012
active_power,18.0,14.0,,,,,,,0.02836478078252498
active_power,18.0,15.0,,,,,,,-0.054733673658136424
active_power,18.0,17.0,,,,,,,0.40498282536232383
active_power,18.0,18.0,,,,,,,-0.07687367246418599
active_power,18.0,19.0,,,,,,,-0.21544020965165966
active_power,19.0,0.0,,,,,,,0.019144453765250768
active_power,19.0,2.0,,,,,,,0.014282803059801095
active_power,19.0,6.0,,,,,,,0.016624217009765567
active_power,19.0,10.0,,,,,,,-0.04103492069406814
active_power,19.0,11.0,,,,,,,-0.03213021669215906
active_power,19.0,12.0,,,,,,,0.0754509463718568
active_power,19.0,13.0,,,,,,,0.10956507853279562
active_power,19.0,14.0,,,,,,,0.028986089434508484
active_power,19.0,15.0,,,,,,,-0.03804436147120495
active_power,19.0,17.0,,,,,,,0.3421758354265061
active_power,19.0,18.0,,,,,,,-0.07772158969689887
active_power,19.0,19.0,,,,,,,-0.1745674200078592
active_power,20.0,0.0,,,,,,,0.019188470274871024
active_power,20.0,2.0,,,,,,,0.014291080747177467
active_power,20.0,6.0,,,,,,,0.014535262452572422
active_power,20.0,10.0,,,,,,,-0.04087481012923268
active_power,20.0,11.0,,,,,,,-0.0321485986323173
active_power,20.0,12.0,,,,,,,0.07555935488443082
active_power,20.0,13.0,,,,,,,0.1046017557409221
active_power,20.0,14.0,,,,,,,0.028819085642113697
active_power,20.0,15.0,,,,,,,-0.03596766154078395
active_power,20.0,17.0,,,,,,,0.33001987440607217
active_power,20.0,18.0,,,,,,,-0.07249693669312877
active_power,20.0,19.0,,,,,,,-0.16752950370631792
active_power,21.0,0.0,,,,,,,0.018495126679707673
active_power,21.0,2.0,,,,,,,0.013029485715442296
active_power,21.0,6.0,,,,,,,0.01453372618141935
active_power,21.0,10.0,,,,,,,-0.04042405311322335
active_power,21.0,11.0,,,,,,,-0.02931081401639459
active_power,21.0,12.0,,,,,,,0.0721741928437483
active_power,21.0,13.0,,,,,,,0.09930765272981369
active_power,21.0,14.0,,,,,,,0.029432497857075378
active_power,21.0,15.0,,,,,,,-0.03407426885901575
active_power,21.0,17.0,,,,,,,0.31325818177781256
active_power,21.0,18.0,,,,,,,-0.06996771043060741
active_power,21.0,19.0,,,,,,,-0.15795850872780526
active_power,22.0,0.0,,,,,,,0.007749227119197332
active_power,22.0,2.0,,,,,,,0.013026777253319317
active_power,22.0,6.0,,,,,,,0.0029008461736431354
active_power,22.0,10.0,,,,,,,-0.029402735153127232
active_power,22.0,11.0,,,,,,,-0.02930472624441547
active_power,22.0,12.0,,,,,,,0.048838110238554264
active_power,22.0,13.0,,,,,,,0.08318357071461684
active_power,22.0,14.0,,,,,,,0.01841346281147143
active_power,22.0,15.0,,,,,,,-0.022437330336586778
active_power,22.0,17.0,,,,,,,0.2567522029252495
active_power,22.0,18.0,,,,,,,-0.06469118561197038
active_power,22.0,19.0,,,,,,,-0.1301108757297771
active_power,23.0,0.0,,,,,,,0.007481941788653604
active_power,23.0,2.0,,,,,,,0.011765105395336229
active_power,23.0,6.0,,,,,,,0.002493177645301506
active_power,23.0,10.0,,,,,,,-0.024187305914762952
active_power,23.0,11.0,,,,,,,-0.02646694162849278
active_power,23.0,12.0,,,,,,,0.04544695377931861
active_power,23.0,13.0,,,,,,,0.0525923120328186
active_power,23.0,14.0,,,,,,,0.01426220280407816
active_power,23.0,15.0,,,,,,,-0.020137805397630028
active_power,23.0,17.0,,,,,,,0.20520334923938433
active_power,23.0,18.0,,,,,,,-0.05309177880947913
active_power,23.0,19.0,,,,,,,-0.09484214602059982
active_power,24.0,0.0,,,,,,,0.007600584658631058
active_power,24.0,2.0,,,,,,,0.01113415544031287
active_power,24.0,6.0,,,,,,,0.0024931139019126907
active_power,24.0,10.0,,,,,,,-0.020563337423968514
active_power,24.0,11.0,,,,,,,-0.02504785508476034
active_power,24.0,12.0,,,,,,,0.04447819614215171
active_power,24.0,13.0,,,,,,,0.03472056787683979
active_power,24.0,14.0,,,,,,,0.011170391767183386
active_power,24.0,15.0,,,,,,,-0.01919168395841959
active_power,24.0,17.0,,,,,,,0.17329077790491007
active_power,24.0,18.0,,,,,,,-0.04280238438152844
active_power,24.0,19.0,,,,,,,-0.07483607603679421
reactive_power_k,1.0,0.0,Poppy,,,,,,0.0
reactive_power_k,1.0,0.0,Oxlip,,,,,,0.003758123996094366
reactive_power_k,1.0,0.0,Daisy,,,,,,0.0
reactive_power_k,1.0,0.0,Tulip,,,,,,0.0
reactive_power_k,1.0,0.0,Maryj,,,,,,0.0
reactive_power_k,1.0,2.0,Poppy,,,,,,0.0
reactive_power_k,1.0,2.0,Oxlip,,,,,,0.0
reactive_power_k,1.0,2.0,Daisy,,,,,,0.006556881061583454
reactive_power_k,1.0,2.0,Tulip,,,,,,0.0
reactive_power_k,1.0,2.0,Maryj,,,,,,0.0
reactive_power_k,1.0,6.0,Poppy,,,,,,-0.0006652365052399133
reactive_power_k,1.0,6.0,Oxlip,,,,,,0.0
reactive_power_k,1.0,6.0,Daisy,,,,,,0.0
reactive_power_k,1.0,6.0,Tulip,,,,,,0.0
reactive_power_k,1.0,6.0,Maryj,,,,,,0.0
reactive_power_k,1.0,10.0,Poppy,,,,,,0.0
reactive_power_k,1.0,10.0,Oxlip,,,,,,0.0
reactive_power_k,1.0,10.0,Daisy,,,,,,-0.00929115406733716
reactive_power_k,1.0,10.0,Tulip,,,,,,0.0
reactive_power_k,1.0,10.0,Maryj,,,,,,0.0
reactive_power_k,1.0,11.0,Poppy,,,,,,-0.01474671731646613
reactive_power_k,1.0,11.0,Oxlip,,,,,,0.0
reactive_power_k,1.0,11.0,Daisy,,,,,,0.0
reactive_power_k,1.0,11.0,Tulip,,,,,,0.0
reactive_power_k,1.0,11.0,Maryj,,,,,,0.0
reactive_power_k,1.0,12.0,Poppy,,,,,,0.024261273573731156
reactive_power_k,1.0,12.0,Oxlip,,,,,,0.0
reactive_power_k,1.0,12.0,Daisy,,,,,,0.0
reactive_power_k,1.0,12.0,Tulip,,,,,,0.0
reactive_power_k,1.0,12.0,Maryj,,,,,,0.0
reactive_power_k,1.0,13.0,Poppy,,,,,,0.0
reactive_power_k,1.0,13.0,Oxlip,,,,,,0.0
reactive_power_k,1.0,13.0,Daisy,,,,,,0.0
reactive_power_k,1.0,13.0,Tulip,,,,,,0.00954504866971024
reactive_power_k,1.0,13.0,Maryj,,,,,,0.0
reactive_power_k,1.0,14.0,Poppy,,,,,,0.0
reactive_power_k,1.0,14.0,Oxlip,,,,,,0.0037611350736623615
reactive_power_k,1.0,14.0,Daisy,,,,,,0.0
reactive_power_k,1.0,14.0,Tulip,,,,,,0.0
reactive_power_k,1.0,14.0,Maryj,,,,,,0.0
reactive_power_k,1.0,15.0,Poppy,,,,,,0.0
reactive_power_k,1.0,15.0,Oxlip,,,,,,0.0
reactive_power_k,1.0,15.0,Daisy,,,,,,-0.009165908372404172
reactive_power_k,1.0,15.0,Tulip,,,,,,0.0
reactive_power_k,1.0,15.0,Maryj,,,,,,0.0
reactive_power_k,1.0,17.0,Poppy,,,,,,0.06191709269926419
reactive_power_k,1.0,17.0,Oxlip,,,,,,0.0
reactive_power_k,1.0,17.0,Daisy,,,,,,0.0
reactive_power_k,1.0,17.0,Tulip,,,,,,0.0
reactive_power_k,1.0,17.0,Maryj,,,,,,0.0
reactive_power_k,1.0,18.0,Poppy,,,,,,0.0
reactive_power_k,1.0,18.0,Oxlip,,,,,,0.0
reactive_power_k,1.0,18.0,Daisy,,,,,,0.0
reactive_power_k,1.0,18.0,Tulip,,,,,,0.0
reactive_power_k,1.0,18.0,Maryj,,,,,,0.0
reactive_power_k,1.0,19.0,Poppy,,,,,,0.0
reactive_power_k,1.0,19.0,Oxlip,,,,,,0.0
reactive_power_k,1.0,19.0,Daisy,,,,,,0.0
reactive_power_k,1.0,19.0,Tulip,,,,,,0.0
reactive_power_k,1.0,19.0,Maryj,,,,,,-0.031074404131555156
reactive_power_k,2.0,0.0,Poppy,,,,,,0.0
reactive_power_k,2.0,0.0,Oxlip,,,,,,0.0035693656768861623
reactive_power_k,2.0,0.0,Daisy,,,,,,0.0
reactive_power_k,2.0,0.0,Tulip,,,,,,0.0
reactive_power_k,2.0,0.0,Maryj,,,,,,0.0
reactive_power_k,2.0,2.0,Poppy,,,,,,0.0
reactive_power_k,2.0,2.0,Oxlip,,,,,,0.0
reactive_power_k,2.0,2.0,Daisy,,,,,,0.006738641517999744
reactive_power_k,2.0,2.0,Tulip,,,,,,0.0
reactive_power_k,2.0,2.0,Maryj,,,,,,0.0
reactive_power_k,2.0,6.0,Poppy,,,,,,-0.0006058648268638194
reactive_power_k,2.0,6.0,Oxlip,,,,,,0.0
reactive_power_k,2.0,6.0,Daisy,,,,,,0.0
reactive_power_k,2.0,6.0,Tulip,,,,,,0.0
reactive_power_k,2.0,6.0,Maryj,,,,,,0.0
reactive_power_k,2.0,10.0,Poppy,,,,,,0.0
reactive_power_k,2.0,10.0,Oxlip,,,,,,0.0
reactive_power_k,2.0,10.0,Daisy,,,,,,-0.009280424692501094
reactive_power_k,2.0,10.0,Tulip,,,,,,0.0
reactive_power_k,2.0,10.0,Maryj,,,,,,0.0
reactive_power_k,2.0,11.0,Poppy,,,,,,-0.0151555706311802
reactive_power_k,2.0,11.0,Oxlip,,,,,,0.0
reactive_power_k,2.0,11.0,Daisy,,,,,,0.0
reactive_power_k,2.0,11.0,Tulip,,,,,,0.0
reactive_power_k,2.0,11.0,Maryj,,,,,,0.0
reactive_power_k,2.0,12.0,Poppy,,,,,,0.024191100386772826
reactive_power_k,2.0,12.0,Oxlip,,,,,,0.0
reactive_power_k,2.0,12.0,Daisy,,,,,,0.0
reactive_power_k,2.0,12.0,Tulip,,,,,,0.0
reactive_power_k,2.0,12.0,Maryj,,,,,,0.0
reactive_power_k,2.0,13.0,Poppy,,,,,,0.0
reactive_power_k,2.0,13.0,Oxlip,,,,,,0.0
reactive_power_k,2.0,13.0,Daisy,,,,,,0.0
reactive_power_k,2.0,13.0,Tulip,,,,,,0.009496425262306525
reactive_power_k,2.0,13.0,Maryj,,,,,,0.0
reactive_power_k,2.0,14.0,Poppy,,,,,,0.0
reactive_power_k,2.0,14.0,Oxlip,,,,,,0.00359708570580852
reactive_power_k,2.0,14.0,Daisy,,,,,,0.0
reactive_power_k,2.0,14.0,Tulip,,,,,,0.0
reactive_power_k,2.0,14.0,Maryj,,,,,,0.0
reactive_power_k,2.0,15.0,Poppy,,,,,,0.0
reactive_power_k,2.0,15.0,Oxlip,,,,,,0.0
reactive_power_k,2.0,15.0,Daisy,,,,,,-0.009497848927256308
reactive_power_k,2.0,15.0,Tulip,,,,,,0.0
reactive_power_k,2.0,15.0,Maryj,,,,,,0.0
reactive_power_k,2.0,17.0,Poppy,,,,,,0.0626532488910155
reactive_power_k,2.0,17.0,Oxlip,,,,,,0.0
reactive_power_k,2.0,17.0,Daisy,,,,,,0.0
reactive_power_k,2.0,17.0,Tulip,,,,,,0.0
reactive_power_k,2.0,17.0,Maryj,,,,,,0.0
reactive_power_k,2.0,18.0,Poppy,,,,,,0.0
reactive_power_k,2.0,18.0,Oxlip,,,,,,0.0
reactive_power_k,2.0,18.0,Daisy,,,,,,0.0
reactive_power_k,2.0,18.0,Tulip,,,,,,0.0
reactive_power_k,2.0,18.0,Maryj,,,,,,0.0
reactive_power_k,2.0,19.0,Poppy,,,,,,0.0
reactive_power_k,2.0,19.0,Oxlip,,,,,,0.0
reactive_power_k,2.0,19.0,Daisy,,,,,,0.0
reactive_power_k,2.0,19.0,Tulip,,,,,,0.0
reactive_power_k,2.0,19.0,Maryj,,,,,,-0.031700219870839486
reactive_power_k,3.0,0.0,Poppy,,,,,,0.0
reactive_power_k,3.0,0.0,Oxlip,,,,,,0.003873260801466471
reactive_power_k,3.0,0.0,Daisy,,,,,,0.0
reactive_power_k,3.0,0.0,Tulip,,,,,,0.0
reactive_power_k,3.0,0.0,Maryj,,,,,,0.0
reactive_power_k,3.0,2.0,Poppy,,,,,,0.0
reactive_power_k,3.0,2.0,Oxlip,,,,,,0.0
reactive_power_k,3.0,2.0,Daisy,,,,,,0.0067301844531390985
reactive_power_k,3.0,2.0,Tulip,,,,,,0.0
reactive_power_k,3.0,2.0,Maryj,,,,,,0.0
reactive_power_k,3.0,6.0,Poppy,,,,,,-0.0006134040876099898
reactive_power_k,3.0,6.0,Oxlip,,,,,,0.0
reactive_power_k,3.0,6.0,Daisy,,,,,,0.0
reactive_power_k,3.0,6.0,Tulip,,,,,,0.0
reactive_power_k,3.0,6.0,Maryj,,,,,,0.0
reactive_power_k,3.0,10.0,Poppy,,,,,,0.0
reactive_power_k,3.0,10.0,Oxlip,,,,,,0.0
reactive_power_k,3.0,10.0,Daisy,,,,,,-0.009576535081500442
reactive_power_k,3.0,10.0,Tulip,,,,,,0.0
reactive_power_k,3.0,10.0,Maryj,,,,,,0.0
reactive_power_k,3.0,11.0,Poppy,,,,,,-0.0151365472469458
reactive_power_k,3.0,11.0,Oxlip,,,,,,0.0
reactive_power_k,3.0,11.0,Daisy,,,,,,0.0
reactive_power_k,3.0,11.0,Tulip,,,,,,0.0
reactive_power_k,3.0,11.0,Maryj,,,,,,0.0
reactive_power_k,3.0,12.0,Poppy,,,,,,0.024943099409282476
reactive_power_k,3.0,12.0,Oxlip,,,,,,0.0
reactive_power_k,3.0,12.0,Daisy,,,,,,0.0
reactive_power_k,3.0,12.0,Tulip,,,,,,0.0
reactive_power_k,3.0,12.0,Maryj,,,,,,0.0
reactive_power_k,3.0,13.0,Poppy,,,,,,0.0
reactive_power_k,3.0,13.0,Oxlip,,,,,,0.0
reactive_power_k,3.0,13.0,Daisy,,,,,,0.0
reactive_power_k,3.0,13.0,Tulip,,,,,,0.009818175558142643
reactive_power_k,3.0,13.0,Maryj,,,,,,0.0
reactive_power_k,3.0,14.0,Poppy,,,,,,0.0
reactive_power_k,3.0,14.0,Oxlip,,,,,,0.003900329863895765
reactive_power_k,3.0,14.0,Daisy,,,,,,0.0
reactive_power_k,3.0,14.0,Tulip,,,,,,0.0
reactive_power_k,3.0,14.0,Maryj,,,,,,0.0
reactive_power_k,3.0,15.0,Poppy,,,,,,0.0
reactive_power_k,3.0,15.0,Oxlip,,,,,,0.0
reactive_power_k,3.0,15.0,Daisy,,,,,,-0.00947762741035388
reactive_power_k,3.0,15.0,Tulip,,,,,,0.0
reactive_power_k,3.0,15.0,Maryj,,,,,,0.0
reactive_power_k,3.0,17.0,Poppy,,,,,,0.06368268014853656
reactive_power_k,3.0,17.0,Oxlip,,,,,,0.0
reactive_power_k,3.0,17.0,Daisy,,,,,,0.0
reactive_power_k,3.0,17.0,Tulip,,,,,,0.0
reactive_power_k,3.0,17.0,Maryj,,,,,,0.0
reactive_power_k,3.0,18.0,Poppy,,,,,,0.0
reactive_power_k,3.0,18.0,Oxlip,,,,,,0.0
reactive_power_k,3.0,18.0,Daisy,,,,,,0.0
reactive_power_k,3.0,18.0,Tulip,,,,,,0.0
reactive_power_k,3.0,18.0,Maryj,,,,,,0.0
reactive_power_k,3.0,19.0,Poppy,,,,,,0.0
reactive_power_k,3.0,19.0,Oxlip,,,,,,0.0
reactive_power_k,3.0,19.0,Daisy,,,,,,0.0
reactive_power_k,3.0,19.0,Tulip,,,,,,0.0
reactive_power_k,3.0,19.0,Maryj,,,,,,-0.03198578695858201
reactive_power_k,4.0,0.0,Poppy,,,,,,0.0
reactive_power_k,4.0,0.0,Oxlip,,,,,,0.0039356665634012
reactive_power_k,4.0,0.0,Daisy,,,,,,0.0
reactive_power_k,4.0,0.0,Tulip,,,,,,0.0
reactive_power_k,4.0,0.0,Maryj,,,,,,0.0
reactive_power_k,4.0,2.0,Poppy,,,,,,0.0
reactive_power_k,4.0,2.0,Oxlip,,,,,,0.0
reactive_power_k,4.0,2.0,Daisy,,,,,,0.006900708455369793
reactive_power_k,4.0,2.0,Tulip,,,,,,0.0
reactive_power_k,4.0,2.0,Maryj,,,,,,0.0
reactive_power_k,4.0,6.0,Poppy,,,,,,-0.0005841169593267882
reactive_power_k,4.0,6.0,Oxlip,,,,,,0.0
reactive_power_k,4.0,6.0,Daisy,,,,,,0.0
reactive_power_k,4.0,6.0,Tulip,,,,,,0.0
reactive_power_k,4.0,6.0,Maryj,,,,,,0.0
reactive_power_k,4.0,10.0,Poppy,,,,,,0.0
reactive_power_k,4.0,10.0,Oxlip,,,,,,0.0
reactive_power_k,4.0,10.0,Daisy,,,,,,-0.009747231910567394
reactive_power_k,4.0,10.0,Tulip,,,,,,0.0
reactive_power_k,4.0,10.0,Maryj,,,,,,0.0
reactive_power_k,4.0,11.0,Poppy,,,,,,-0.015520125198525383
reactive_power_k,4.0,11.0,Oxlip,,,,,,0.0
reactive_power_k,4.0,11.0,Daisy,,,,,,0.0
reactive_power_k,4.0,11.0,Tulip,,,,,,0.0
reactive_power_k,4.0,11.0,Maryj,,,,,,0.0
reactive_power_k,4.0,12.0,Poppy,,,,,,0.02548484662476838
reactive_power_k,4.0,12.0,Oxlip,,,,,,0.0
reactive_power_k,4.0,12.0,Daisy,,,,,,0.0
reactive_power_k,4.0,12.0,Tulip,,,,,,0.0
reactive_power_k,4.0,12.0,Maryj,,,,,,0.0
reactive_power_k,4.0,13.0,Poppy,,,,,,0.0
reactive_power_k,4.0,13.0,Oxlip,,,,,,0.0
reactive_power_k,4.0,13.0,Daisy,,,,,,0.0
reactive_power_k,4.0,13.0,Tulip,,,,,,0.00996470525664332
reactive_power_k,4.0,13.0,Maryj,,,,,,0.0
reactive_power_k,4.0,14.0,Poppy,,,,,,0.0
reactive_power_k,4.0,14.0,Oxlip,,,,,,0.003927184961120378
reactive_power_k,4.0,14.0,Daisy,,,,,,0.0
reactive_power_k,4.0,14.0,Tulip,,,,,,0.0
reactive_power_k,4.0,14.0,Maryj,,,,,,0.0
reactive_power_k,4.0,15.0,Poppy,,,,,,0.0
reactive_power_k,4.0,15.0,Oxlip,,,,,,0.0
reactive_power_k,4.0,15.0,Daisy,,,,,,-0.009762633173023458
reactive_power_k,4.0,15.0,Tulip,,,,,,0.0
reactive_power_k,4.0,15.0,Maryj,,,,,,0.0
reactive_power_k,4.0,17.0,Poppy,,,,,,0.0651471511033219
reactive_power_k,4.0,17.0,Oxlip,,,,,,0.0
reactive_power_k,4.0,17.0,Daisy,,,,,,0.0
reactive_power_k,4.0,17.0,Tulip,,,,,,0.0
reactive_power_k,4.0,17.0,Maryj,,,,,,0.0
reactive_power_k,4.0,18.0,Poppy,,,,,,0.0
reactive_power_k,4.0,18.0,Oxlip,,,,,,0.0
reactive_power_k,4.0,18.0,Daisy,,,,,,0.0
reactive_power_k,4.0,18.0,Tulip,,,,,,0.0
reactive_power_k,4.0,18.0,Maryj,,,,,,0.0
reactive_power_k,4.0,19.0,Poppy,,,,,,0.0
reactive_power_k,4.0,19.0,Oxlip,,,,,,0.0
reactive_power_k,4.0,19.0,Daisy,,,,,,0.0
reactive_power_k,4.0,19.0,Tulip,,,,,,0.0
reactive_power_k,4.0,19.0,Maryj,,,,,,-0.03273850558535685
reactive_power_k,5.0,0.0,Poppy,,,,,,0.0
reactive_power_k,5.0,0.0,Oxlip,,,,,,0.003050440620108877
reactive_power_k,5.0,0.0,Daisy,,,,,,0.0
reactive_power_k,5.0,0.0,Tulip,,,,,,0.0
reactive_power_k,5.0,0.0,Maryj,,,,,,0.0
reactive_power_k,5.0,2.0,Poppy,,,,,,0.0
reactive_power_k,5.0,2.0,Oxlip,,,,,,0.0
reactive_power_k,5.0,2.0,Daisy,,,,,,0.006782262168333582
reactive_power_k,5.0,2.0,Tulip,,,,,,0.0
reactive_power_k,5.0,2.0,Maryj,,,,,,0.0
reactive_power_k,5.0,6.0,Poppy,,,,,,-0.0005442458688422314
reactive_power_k,5.0,6.0,Oxlip,,,,,,0.0
reactive_power_k,5.0,6.0,Daisy,,,,,,0.0
reactive_power_k,5.0,6.0,Tulip,,,,,,0.0
reactive_power_k,5.0,6.0,Maryj,,,,,,0.0
reactive_power_k,5.0,10.0,Poppy,,,,,,0.0
reactive_power_k,5.0,10.0,Oxlip,,,,,,0.0
reactive_power_k,5.0,10.0,Daisy,,,,,,-0.008797415972636169
reactive_power_k,5.0,10.0,Tulip,,,,,,0.0
reactive_power_k,5.0,10.0,Maryj,,,,,,0.0
reactive_power_k,5.0,11.0,Poppy,,,,,,-0.0152536912445997
reactive_power_k,5.0,11.0,Oxlip,,,,,,0.0
reactive_power_k,5.0,11.0,Daisy,,,,,,0.0
reactive_power_k,5.0,11.0,Tulip,,,,,,0.0
reactive_power_k,5.0,11.0,Maryj,,,,,,0.0
reactive_power_k,5.0,12.0,Poppy,,,,,,0.022972276329027028
reactive_power_k,5.0,12.0,Oxlip,,,,,,0.0
reactive_power_k,5.0,12.0,Daisy,,,,,,0.0
reactive_power_k,5.0,12.0,Tulip,,,,,,0.0
reactive_power_k,5.0,12.0,Maryj,,,,,,0.0
reactive_power_k,5.0,13.0,Poppy,,,,,,0.0
reactive_power_k,5.0,13.0,Oxlip,,,,,,0.0
reactive_power_k,5.0,13.0,Daisy,,,,,,0.0
reactive_power_k,5.0,13.0,Tulip,,,,,,0.009087964364887628
reactive_power_k,5.0,13.0,Maryj,,,,,,0.0
reactive_power_k,5.0,14.0,Poppy,,,,,,0.0
reactive_power_k,5.0,14.0,Oxlip,,,,,,0.0030772817559112844
reactive_power_k,5.0,14.0,Daisy,,,,,,0.0
reactive_power_k,5.0,14.0,Tulip,,,,,,0.0
reactive_power_k,5.0,14.0,Maryj,,,,,,0.0
reactive_power_k,5.0,15.0,Poppy,,,,,,0.0
reactive_power_k,5.0,15.0,Oxlip,,,,,,0.0
reactive_power_k,5.0,15.0,Daisy,,,,,,-0.009624881627557567
reactive_power_k,5.0,15.0,Tulip,,,,,,0.0
reactive_power_k,5.0,15.0,Maryj,,,,,,0.0
reactive_power_k,5.0,17.0,Poppy,,,,,,0.061280181205369114
reactive_power_k,5.0,17.0,Oxlip,,,,,,0.0
reactive_power_k,5.0,17.0,Daisy,,,,,,0.0
reactive_power_k,5.0,17.0,Tulip,,,,,,0.0
reactive_power_k,5.0,17.0,Maryj,,,,,,0.0
reactive_power_k,5.0,18.0,Poppy,,,,,,0.0
reactive_power_k,5.0,18.0,Oxlip,,,,,,0.0
reactive_power_k,5.0,18.0,Daisy,,,,,,0.0
reactive_power_k,5.0,18.0,Tulip,,,,,,0.0
reactive_power_k,5.0,18.0,Maryj,,,,,,0.0
reactive_power_k,5.0,19.0,Poppy,,,,,,0.0
reactive_power_k,5.0,19.0,Oxlip,,,,,,0.0
reactive_power_k,5.0,19.0,Daisy,,,,,,0.0
reactive_power_k,5.0,19.0,Tulip,,,,,,0.0
reactive_power_k,5.0,19.0,Maryj,,,,,,-0.03150124270656318
reactive_power_k,6.0,0.0,Poppy,,,,,,0.0
reactive_power_k,6.0,0.0,Oxlip,,,,,,0.0027469615169618
reactive_power_k,6.0,0.0,Daisy,,,,,,0.0
reactive_power_k,6.0,0.0,Tulip,,,,,,0.0
reactive_power_k,6.0,0.0,Maryj,,,,,,0.0
reactive_power_k,6.0,2.0,Poppy,,,,,,0.0
reactive_power_k,6.0,2.0,Oxlip,,,,,,0.0
reactive_power_k,6.0,2.0,Daisy,,,,,,0.00695181994679009
reactive_power_k,6.0,2.0,Tulip,,,,,,0.0
reactive_power_k,6.0,2.0,Maryj,,,,,,0.0
reactive_power_k,6.0,6.0,Poppy,,,,,,-0.0005140577574753531
reactive_power_k,6.0,6.0,Oxlip,,,,,,0.0
reactive_power_k,6.0,6.0,Daisy,,,,,,0.0
reactive_power_k,6.0,6.0,Tulip,,,,,,0.0
reactive_power_k,6.0,6.0,Maryj,,,,,,0.0
reactive_power_k,6.0,10.0,Poppy,,,,,,0.0
reactive_power_k,6.0,10.0,Oxlip,,,,,,0.0
reactive_power_k,6.0,10.0,Daisy,,,,,,-0.008610760616258206
reactive_power_k,6.0,10.0,Tulip,,,,,,0.0
reactive_power_k,6.0,10.0,Maryj,,,,,,0.0
reactive_power_k,6.0,11.0,Poppy,,,,,,-0.01563491600279416
reactive_power_k,6.0,11.0,Oxlip,,,,,,0.0
reactive_power_k,6.0,11.0,Daisy,,,,,,0.0
reactive_power_k,6.0,11.0,Tulip,,,,,,0.0
reactive_power_k,6.0,11.0,Maryj,,,,,,0.0
reactive_power_k,6.0,12.0,Poppy,,,,,,0.022583343764192652
reactive_power_k,6.0,12.0,Oxlip,,,,,,0.0
reactive_power_k,6.0,12.0,Daisy,,,,,,0.0
reactive_power_k,6.0,12.0,Tulip,,,,,,0.0
reactive_power_k,6.0,12.0,Maryj,,,,,,0.0
reactive_power_k,6.0,13.0,Poppy,,,,,,0.0
reactive_power_k,6.0,13.0,Oxlip,,,,,,0.0
reactive_power_k,6.0,13.0,Daisy,,,,,,0.0
reactive_power_k,6.0,13.0,Tulip,,,,,,0.00921377271522028
reactive_power_k,6.0,13.0,Maryj,,,,,,0.0
reactive_power_k,6.0,14.0,Poppy,,,,,,0.0
reactive_power_k,6.0,14.0,Oxlip,,,,,,0.0027476671152103964
reactive_power_k,6.0,14.0,Daisy,,,,,,0.0
reactive_power_k,6.0,14.0,Tulip,,,,,,0.0
reactive_power_k,6.0,14.0,Maryj,,,,,,0.0
reactive_power_k,6.0,15.0,Poppy,,,,,,0.0
reactive_power_k,6.0,15.0,Oxlip,,,,,,0.0
reactive_power_k,6.0,15.0,Daisy,,,,,,-0.009909219577720757
reactive_power_k,6.0,15.0,Tulip,,,,,,0.0
reactive_power_k,6.0,15.0,Maryj,,,,,,0.0
reactive_power_k,6.0,17.0,Poppy,,,,,,0.061800873218920284
reactive_power_k,6.0,17.0,Oxlip,,,,,,0.0
reactive_power_k,6.0,17.0,Daisy,,,,,,0.0
reactive_power_k,6.0,17.0,Tulip,,,,,,0.0
reactive_power_k,6.0,17.0,Maryj,,,,,,0.0
reactive_power_k,6.0,18.0,Poppy,,,,,,0.0
reactive_power_k,6.0,18.0,Oxlip,,,,,,0.0
reactive_power_k,6.0,18.0,Daisy,,,,,,0.0
reactive_power_k,6.0,18.0,Tulip,,,,,,0.0
reactive_power_k,6.0,18.0,Maryj,,,,,,0.0
reactive_power_k,6.0,19.0,Poppy,,,,,,0.0
reactive_power_k,6.0,19.0,Oxlip,,,,,,0.0
reactive_power_k,6.0,19.0,Daisy,,,,,,0.0
reactive_power_k,6.0,19.0,Tulip,,,,,,0.0
reactive_power_k,6.0,19.0,Maryj,,,,,,-0.03223267118825246
reactive_power_k,7.0,0.0,Poppy,,,,,,0.0
reactive_power_k,7.0,0.0,Oxlip,,,,,,0.0019433238052005935
reactive_power_k,7.0,0.0,Daisy,,,,,,0.0
reactive_power_k,7.0,0.0,Tulip,,,,,,0.0
reactive_power_k,7.0,0.0,Maryj,,,,,,0.0
reactive_power_k,7.0,2.0,Poppy,,,,,,0.0
reactive_power_k,7.0,2.0,Oxlip,,,,,,0.0
reactive_power_k,7.0,2.0,Daisy,,,,,,0.007750419203931682
reactive_power_k,7.0,2.0,Tulip,,,,,,0.0
reactive_power_k,7.0,2.0,Maryj,,,,,,0.0
reactive_power_k,7.0,6.0,Poppy,,,,,,-0.00031843051091606106
reactive_power_k,7.0,6.0,Oxlip,,,,,,0.0
reactive_power_k,7.0,6.0,Daisy,,,,,,0.0
reactive_power_k,7.0,6.0,Tulip,,,,,,0.0
reactive_power_k,7.0,6.0,Maryj,,,,,,0.0
reactive_power_k,7.0,10.0,Poppy,,,,,,0.0
reactive_power_k,7.0,10.0,Oxlip,,,,,,0.0
reactive_power_k,7.0,10.0,Daisy,,,,,,-0.008721281503393435
reactive_power_k,7.0,10.0,Tulip,,,,,,0.0
reactive_power_k,7.0,10.0,Maryj,,,,,,0.0
reactive_power_k,7.0,11.0,Poppy,,,,,,-0.017428624229506643
reactive_power_k,7.0,11.0,Oxlip,,,,,,0.0
reactive_power_k,7.0,11.0,Daisy,,,,,,0.0
reactive_power_k,7.0,11.0,Tulip,,,,,,0.0
reactive_power_k,7.0,11.0,Maryj,,,,,,0.0
reactive_power_k,7.0,12.0,Poppy,,,,,,0.022337828684403323
reactive_power_k,7.0,12.0,Oxlip,,,,,,0.0
reactive_power_k,7.0,12.0,Daisy,,,,,,0.0
reactive_power_k,7.0,12.0,Tulip,,,,,,0.0
reactive_power_k,7.0,12.0,Maryj,,,,,,0.0
reactive_power_k,7.0,13.0,Poppy,,,,,,0.0
reactive_power_k,7.0,13.0,Oxlip,,,,,,0.0
reactive_power_k,7.0,13.0,Daisy,,,,,,0.0
reactive_power_k,7.0,13.0,Tulip,,,,,,0.009672446398463135
reactive_power_k,7.0,13.0,Maryj,,,,,,0.0
reactive_power_k,7.0,14.0,Poppy,,,,,,0.0
reactive_power_k,7.0,14.0,Oxlip,,,,,,0.0021855474173284447
reactive_power_k,7.0,14.0,Daisy,,,,,,0.0
reactive_power_k,7.0,14.0,Tulip,,,,,,0.0
reactive_power_k,7.0,14.0,Maryj,,,,,,0.0
reactive_power_k,7.0,15.0,Poppy,,,,,,0.0
reactive_power_k,7.0,15.0,Oxlip,,,,,,0.0
reactive_power_k,7.0,15.0,Daisy,,,,,,-0.011300652308755038
reactive_power_k,7.0,15.0,Tulip,,,,,,0.0
reactive_power_k,7.0,15.0,Maryj,,,,,,0.0
reactive_power_k,7.0,17.0,Poppy,,,,,,0.06575356380271405
reactive_power_k,7.0,17.0,Oxlip,,,,,,0.0
reactive_power_k,7.0,17.0,Daisy,,,,,,0.0
reactive_power_k,7.0,17.0,Tulip,,,,,,0.0
reactive_power_k,7.0,17.0,Maryj,,,,,,0.0
reactive_power_k,7.0,18.0,Poppy,,,,,,0.0
reactive_power_k,7.0,18.0,Oxlip,,,,,,0.0
reactive_power_k,7.0,18.0,Daisy,,,,,,0.0
reactive_power_k,7.0,18.0,Tulip,,,,,,0.0
reactive_power_k,7.0,18.0,Maryj,,,,,,0.0
reactive_power_k,7.0,19.0,Poppy,,,,,,0.0
reactive_power_k,7.0,19.0,Oxlip,,,,,,0.0
reactive_power_k,7.0,19.0,Daisy,,,,,,0.0
reactive_power_k,7.0,19.0,Tulip,,,,,,0.0
reactive_power_k,7.0,19.0,Maryj,,,,,,-0.03561600855550062
reactive_power_k,8.0,0.0,Poppy,,,,,,0.0
reactive_power_k,8.0,0.0,Oxlip,,,,,,0.0016680636524412352
reactive_power_k,8.0,0.0,Daisy,,,,,,0.0
reactive_power_k,8.0,0.0,Tulip,,,,,,0.0
reactive_power_k,8.0,0.0,Maryj,,,,,,0.0
reactive_power_k,8.0,2.0,Poppy,,,,,,0.0
reactive_power_k,8.0,2.0,Oxlip,,,,,,0.0
reactive_power_k,8.0,2.0,Daisy,,,,,,0.009371164004240927
reactive_power_k,8.0,2.0,Tulip,,,,,,0.0
reactive_power_k,8.0,2.0,Maryj,,,,,,0.0
reactive_power_k,8.0,6.0,Poppy,,,,,,0.00016934496113786196
reactive_power_k,8.0,6.0,Oxlip,,,,,,0.0
reactive_power_k,8.0,6.0,Daisy,,,,,,0.0
reactive_power_k,8.0,6.0,Tulip,,,,,,0.0
reactive_power_k,8.0,6.0,Maryj,,,,,,0.0
reactive_power_k,8.0,10.0,Poppy,,,,,,0.0
reactive_power_k,8.0,10.0,Oxlip,,,,,,0.0
reactive_power_k,8.0,10.0,Daisy,,,,,,-0.010617517985423292
reactive_power_k,8.0,10.0,Tulip,,,,,,0.0
reactive_power_k,8.0,10.0,Maryj,,,,,,0.0
reactive_power_k,8.0,11.0,Poppy,,,,,,-0.021070023192361606
reactive_power_k,8.0,11.0,Oxlip,,,,,,0.0
reactive_power_k,8.0,11.0,Daisy,,,,,,0.0
reactive_power_k,8.0,11.0,Tulip,,,,,,0.0
reactive_power_k,8.0,11.0,Maryj,,,,,,0.0
reactive_power_k,8.0,12.0,Poppy,,,,,,0.025282159631537758
reactive_power_k,8.0,12.0,Oxlip,,,,,,0.0
reactive_power_k,8.0,12.0,Daisy,,,,,,0.0
reactive_power_k,8.0,12.0,Tulip,,,,,,0.0
reactive_power_k,8.0,12.0,Maryj,,,,,,0.0
reactive_power_k,8.0,13.0,Poppy,,,,,,0.0
reactive_power_k,8.0,13.0,Oxlip,,,,,,0.0
reactive_power_k,8.0,13.0,Daisy,,,,,,0.0
reactive_power_k,8.0,13.0,Tulip,,,,,,0.011932154676128993
reactive_power_k,8.0,13.0,Maryj,,,,,,0.0
reactive_power_k,8.0,14.0,Poppy,,,,,,0.0
reactive_power_k,8.0,14.0,Oxlip,,,,,,0.002716259288287691
reactive_power_k,8.0,14.0,Daisy,,,,,,0.0
reactive_power_k,8.0,14.0,Tulip,,,,,,0.0
reactive_power_k,8.0,14.0,Maryj,,,,,,0.0
reactive_power_k,8.0,15.0,Poppy,,,,,,0.0
reactive_power_k,8.0,15.0,Oxlip,,,,,,0.0
reactive_power_k,8.0,15.0,Daisy,,,,,,-0.014216027089378929
reactive_power_k,8.0,15.0,Tulip,,,,,,0.0
reactive_power_k,8.0,15.0,Maryj,,,,,,0.0
reactive_power_k,8.0,17.0,Poppy,,,,,,0.07866472731468029
reactive_power_k,8.0,17.0,Oxlip,,,,,,0.0
reactive_power_k,8.0,17.0,Daisy,,,,,,0.0
reactive_power_k,8.0,17.0,Tulip,,,,,,0.0
reactive_power_k,8.0,17.0,Maryj,,,,,,0.0
reactive_power_k,8.0,18.0,Poppy,,,,,,0.0
reactive_power_k,8.0,18.0,Oxlip,,,,,,0.0
reactive_power_k,8.0,18.0,Daisy,,,,,,0.0
reactive_power_k,8.0,18.0,Tulip,,,,,,0.0
reactive_power_k,8.0,18.0,Maryj,,,,,,0.0
reactive_power_k,8.0,19.0,Poppy,,,,,,0.0
reactive_power_k,8.0,19.0,Oxlip,,,,,,0.0
reactive_power_k,8.0,19.0,Daisy,,,,,,0.0
reactive_power_k,8.0,19.0,Tulip,,,,,,0.0
reactive_power_k,8.0,19.0,Maryj,,,,,,-0.0439410769941605
reactive_power_k,9.0,0.0,Poppy,,,,,,0.0
reactive_power_k,9.0,0.0,Oxlip,,,,,,0.004824034116100494
reactive_power_k,9.0,0.0,Daisy,,,,,,0.0
reactive_power_k,9.0,0.0,Tulip,,,,,,0.0
reactive_power_k,9.0,0.0,Maryj,,,,,,0.0
reactive_power_k,9.0,2.0,Poppy,,,,,,0.0
reactive_power_k,9.0,2.0,Oxlip,,,,,,0.0
reactive_power_k,9.0,2.0,Daisy,,,,,,0.01839367414689419
reactive_power_k,9.0,2.0,Tulip,,,,,,0.0
reactive_power_k,9.0,2.0,Maryj,,,,,,0.0
reactive_power_k,9.0,6.0,Poppy,,,,,,0.0019402684343779184
reactive_power_k,9.0,6.0,Oxlip,,,,,,0.0
reactive_power_k,9.0,6.0,Daisy,,,,,,0.0
reactive_power_k,9.0,6.0,Tulip,,,,,,0.0
reactive_power_k,9.0,6.0,Maryj,,,,,,0.0
reactive_power_k,9.0,10.0,Poppy,,,,,,0.0
reactive_power_k,9.0,10.0,Oxlip,,,,,,0.0
reactive_power_k,9.0,10.0,Daisy,,,,,,-0.021876983487143425
reactive_power_k,9.0,10.0,Tulip,,,,,,0.0
reactive_power_k,9.0,10.0,Maryj,,,,,,0.0
reactive_power_k,9.0,11.0,Poppy,,,,,,-0.04131472655074087
reactive_power_k,9.0,11.0,Oxlip,,,,,,0.0
reactive_power_k,9.0,11.0,Daisy,,,,,,0.0
reactive_power_k,9.0,11.0,Tulip,,,,,,0.0
reactive_power_k,9.0,11.0,Maryj,,,,,,0.0
reactive_power_k,9.0,12.0,Poppy,,,,,,0.053710273630781236
reactive_power_k,9.0,12.0,Oxlip,,,,,,0.0
reactive_power_k,9.0,12.0,Daisy,,,,,,0.0
reactive_power_k,9.0,12.0,Tulip,,,,,,0.0
reactive_power_k,9.0,12.0,Maryj,,,,,,0.0
reactive_power_k,9.0,13.0,Poppy,,,,,,0.0
reactive_power_k,9.0,13.0,Oxlip,,,,,,0.0
reactive_power_k,9.0,13.0,Daisy,,,,,,0.0
reactive_power_k,9.0,13.0,Tulip,,,,,,0.025006863867232665
reactive_power_k,9.0,13.0,Maryj,,,,,,0.0
reactive_power_k,9.0,14.0,Poppy,,,,,,0.0
reactive_power_k,9.0,14.0,Oxlip,,,,,,0.006383961030615592
reactive_power_k,9.0,14.0,Daisy,,,,,,0.0
reactive_power_k,9.0,14.0,Tulip,,,,,,0.0
reactive_power_k,9.0,14.0,Maryj,,,,,,0.0
reactive_power_k,9.0,15.0,Poppy,,,,,,0.0
reactive_power_k,9.0,15.0,Oxlip,,,,,,0.0
reactive_power_k,9.0,15.0,Daisy,,,,,,-0.029483419468205162
reactive_power_k,9.0,15.0,Tulip,,,,,,0.0
reactive_power_k,9.0,15.0,Maryj,,,,,,0.0
reactive_power_k,9.0,17.0,Poppy,,,,,,0.1622207570370485
reactive_power_k,9.0,17.0,Oxlip,,,,,,0.0
reactive_power_k,9.0,17.0,Daisy,,,,,,0.0
reactive_power_k,9.0,17.0,Tulip,,,,,,0.0
reactive_power_k,9.0,17.0,Maryj,,,,,,0.0
reactive_power_k,9.0,18.0,Poppy,,,,,,0.0
reactive_power_k,9.0,18.0,Oxlip,,,,,,0.0
reactive_power_k,9.0,18.0,Daisy,,,,,,0.0
reactive_power_k,9.0,18.0,Tulip,,,,,,0.0
reactive_power_k,9.0,18.0,Maryj,,,,,,0.0
reactive_power_k,9.0,19.0,Poppy,,,,,,0.0
reactive_power_k,9.0,19.0,Oxlip,,,,,,0.0
reactive_power_k,9.0,19.0,Daisy,,,,,,0.0
reactive_power_k,9.0,19.0,Tulip,,,,,,0.0
reactive_power_k,9.0,19.0,Maryj,,,,,,-0.08988705980747591
reactive_power_k,10.0,0.0,Poppy,,,,,,0.0
reactive_power_k,10.0,0.0,Oxlip,,,,,,0.005124440205187447
reactive_power_k,10.0,0.0,Daisy,,,,,,0.0
reactive_power_k,10.0,0.0,Tulip,,,,,,0.0
reactive_power_k,10.0,0.0,Maryj,,,,,,0.0
reactive_power_k,10.0,2.0,Poppy,,,,,,0.0
reactive_power_k,10.0,2.0,Oxlip,,,,,,0.0
reactive_power_k,10.0,2.0,Daisy,,,,,,0.014687150615241925
reactive_power_k,10.0,2.0,Tulip,,,,,,0.0
reactive_power_k,10.0,2.0,Maryj,,,,,,0.0
reactive_power_k,10.0,6.0,Poppy,,,,,,0.004584591574244936
reactive_power_k,10.0,6.0,Oxlip,,,,,,0.0
reactive_power_k,10.0,6.0,Daisy,,,,,,0.0
reactive_power_k,10.0,6.0,Tulip,,,,,,0.0
reactive_power_k,10.0,6.0,Maryj,,,,,,0.0
reactive_power_k,10.0,10.0,Poppy,,,,,,0.0
reactive_power_k,10.0,10.0,Oxlip,,,,,,0.0
reactive_power_k,10.0,10.0,Daisy,,,,,,-0.019195166181924628
reactive_power_k,10.0,10.0,Tulip,,,,,,0.0
reactive_power_k,10.0,10.0,Maryj,,,,,,0.0
reactive_power_k,10.0,11.0,Poppy,,,,,,-0.03298870197888286
reactive_power_k,10.0,11.0,Oxlip,,,,,,0.0
reactive_power_k,10.0,11.0,Daisy,,,,,,0.0
reactive_power_k,10.0,11.0,Tulip,,,,,,0.0
reactive_power_k,10.0,11.0,Maryj,,,,,,0.0
reactive_power_k,10.0,12.0,Poppy,,,,,,0.04611923931615852
reactive_power_k,10.0,12.0,Oxlip,,,,,,0.0
reactive_power_k,10.0,12.0,Daisy,,,,,,0.0
reactive_power_k,10.0,12.0,Tulip,,,,,,0.0
reactive_power_k,10.0,12.0,Maryj,,,,,,0.0
reactive_power_k,10.0,13.0,Poppy,,,,,,0.0
reactive_power_k,10.0,13.0,Oxlip,,,,,,0.0
reactive_power_k,10.0,13.0,Daisy,,,,,,0.0
reactive_power_k,10.0,13.0,Tulip,,,,,,0.022283955171613655
reactive_power_k,10.0,13.0,Maryj,,,,,,0.0
reactive_power_k,10.0,14.0,Poppy,,,,,,0.0
reactive_power_k,10.0,14.0,Oxlip,,,,,,0.006824402939843547
reactive_power_k,10.0,14.0,Daisy,,,,,,0.0
reactive_power_k,10.0,14.0,Tulip,,,,,,0.0
reactive_power_k,10.0,14.0,Maryj,,,,,,0.0
reactive_power_k,10.0,15.0,Poppy,,,,,,0.0
reactive_power_k,10.0,15.0,Oxlip,,,,,,0.0
reactive_power_k,10.0,15.0,Daisy,,,,,,-0.02657705956016685
reactive_power_k,10.0,15.0,Tulip,,,,,,0.0
reactive_power_k,10.0,15.0,Maryj,,,,,,0.0
reactive_power_k,10.0,17.0,Poppy,,,,,,0.13836707085623767
reactive_power_k,10.0,17.0,Oxlip,,,,,,0.0
reactive_power_k,10.0,17.0,Daisy,,,,,,0.0
reactive_power_k,10.0,17.0,Tulip,,,,,,0.0
reactive_power_k,10.0,17.0,Maryj,,,,,,0.0
reactive_power_k,10.0,18.0,Poppy,,,,,,0.0
reactive_power_k,10.0,18.0,Oxlip,,,,,,0.0
reactive_power_k,10.0,18.0,Daisy,,,,,,0.0
reactive_power_k,10.0,18.0,Tulip,,,,,,0.0
reactive_power_k,10.0,18.0,Maryj,,,,,,0.0
reactive_power_k,10.0,19.0,Poppy,,,,,,0.0
reactive_power_k,10.0,19.0,Oxlip,,,,,,0.0
reactive_power_k,10.0,19.0,Daisy,,,,,,0.0
reactive_power_k,10.0,19.0,Tulip,,,,,,0.0
reactive_power_k,10.0,19.0,Maryj,,,,,,-0.07734473792083463
reactive_power_k,11.0,0.0,Poppy,,,,,,0.0
reactive_power_k,11.0,0.0,Oxlip,,,,,,0.0054930172349582276
reactive_power_k,11.0,0.0,Daisy,,,,,,0.0
reactive_power_k,11.0,0.0,Tulip,,,,,,0.0
reactive_power_k,11.0,0.0,Maryj,,,,,,0.0
reactive_power_k,11.0,2.0,Poppy,,,,,,0.0
reactive_power_k,11.0,2.0,Oxlip,,,,,,0.0
reactive_power_k,11.0,2.0,Daisy,,,,,,0.014342265452855867
reactive_power_k,11.0,2.0,Tulip,,,,,,0.0
reactive_power_k,11.0,2.0,Maryj,,,,,,0.0
reactive_power_k,11.0,6.0,Poppy,,,,,,0.004444481815942121
reactive_power_k,11.0,6.0,Oxlip,,,,,,0.0
reactive_power_k,11.0,6.0,Daisy,,,,,,0.0
reactive_power_k,11.0,6.0,Tulip,,,,,,0.0
reactive_power_k,11.0,6.0,Maryj,,,,,,0.0
reactive_power_k,11.0,10.0,Poppy,,,,,,0.0
reactive_power_k,11.0,10.0,Oxlip,,,,,,0.0
reactive_power_k,11.0,10.0,Daisy,,,,,,-0.018693103125567073
reactive_power_k,11.0,10.0,Tulip,,,,,,0.0
reactive_power_k,11.0,10.0,Maryj,,,,,,0.0
reactive_power_k,11.0,11.0,Poppy,,,,,,-0.032215074090513496
reactive_power_k,11.0,11.0,Oxlip,,,,,,0.0
reactive_power_k,11.0,11.0,Daisy,,,,,,0.0
reactive_power_k,11.0,11.0,Tulip,,,,,,0.0
reactive_power_k,11.0,11.0,Maryj,,,,,,0.0
reactive_power_k,11.0,12.0,Poppy,,,,,,0.04621718240116436
reactive_power_k,11.0,12.0,Oxlip,,,,,,0.0
reactive_power_k,11.0,12.0,Daisy,,,,,,0.0
reactive_power_k,11.0,12.0,Tulip,,,,,,0.0
reactive_power_k,11.0,12.0,Maryj,,,,,,0.0
reactive_power_k,11.0,13.0,Poppy,,,,,,0.0
reactive_power_k,11.0,13.0,Oxlip,,,,,,0.0
reactive_power_k,11.0,13.0,Daisy,,,,,,0.0
reactive_power_k,11.0,13.0,Tulip,,,,,,0.022048945681135686
reactive_power_k,11.0,13.0,Maryj,,,,,,0.0
reactive_power_k,11.0,14.0,Poppy,,,,,,0.0
reactive_power_k,11.0,14.0,Oxlip,,,,,,0.0066124503416245
reactive_power_k,11.0,14.0,Daisy,,,,,,0.0
reactive_power_k,11.0,14.0,Tulip,,,,,,0.0
reactive_power_k,11.0,14.0,Maryj,,,,,,0.0
reactive_power_k,11.0,15.0,Poppy,,,,,,0.0
reactive_power_k,11.0,15.0,Oxlip,,,,,,0.0
reactive_power_k,11.0,15.0,Daisy,,,,,,-0.025921197876284455
reactive_power_k,11.0,15.0,Tulip,,,,,,0.0
reactive_power_k,11.0,15.0,Maryj,,,,,,0.0
reactive_power_k,11.0,17.0,Poppy,,,,,,0.13654792641451838
reactive_power_k,11.0,17.0,Oxlip,,,,,,0.0
reactive_power_k,11.0,17.0,Daisy,,,,,,0.0
reactive_power_k,11.0,17.0,Tulip,,,,,,0.0
reactive_power_k,11.0,17.0,Maryj,,,,,,0.0
reactive_power_k,11.0,18.0,Poppy,,,,,,0.0
reactive_power_k,11.0,18.0,Oxlip,,,,,,0.0
reactive_power_k,11.0,18.0,Daisy,,,,,,0.0
reactive_power_k,11.0,18.0,Tulip,,,,,,0.0
reactive_power_k,11.0,18.0,Maryj,,,,,,0.0
reactive_power_k,11.0,19.0,Poppy,,,,,,0.0
reactive_power_k,11.0,19.0,Oxlip,,,,,,0.0
reactive_power_k,11.0,19.0,Daisy,,,,,,0.0
reactive_power_k,11.0,19.0,Tulip,,,,,,0.0
reactive_power_k,11.0,19.0,Maryj,,,,,,-0.07576885316323223
reactive_power_k,12.0,0.0,Poppy,,,,,,0.0
reactive_power_k,12.0,0.0,Oxlip,,,,,,0.0055560363791836145
reactive_power_k,12.0,0.0,Daisy,,,,,,0.0
reactive_power_k,12.0,0.0,Tulip,,,,,,0.0
reactive_power_k,12.0,0.0,Maryj,,,,,,0.0
reactive_power_k,12.0,2.0,Poppy,,,,,,0.0
reactive_power_k,12.0,2.0,Oxlip,,,,,,0.0
reactive_power_k,12.0,2.0,Daisy,,,,,,0.014703495209504387
reactive_power_k,12.0,2.0,Tulip,,,,,,0.0
reactive_power_k,12.0,2.0,Maryj,,,,,,0.0
reactive_power_k,12.0,6.0,Poppy,,,,,,0.004705023392735833
reactive_power_k,12.0,6.0,Oxlip,,,,,,0.0
reactive_power_k,12.0,6.0,Daisy,,,,,,0.0
reactive_power_k,12.0,6.0,Tulip,,,,,,0.0
reactive_power_k,12.0,6.0,Maryj,,,,,,0.0
reactive_power_k,12.0,10.0,Poppy,,,,,,0.0
reactive_power_k,12.0,10.0,Oxlip,,,,,,0.0
reactive_power_k,12.0,10.0,Daisy,,,,,,-0.019197772196099055
reactive_power_k,12.0,10.0,Tulip,,,,,,0.0
reactive_power_k,12.0,10.0,Maryj,,,,,,0.0
reactive_power_k,12.0,11.0,Poppy,,,,,,-0.03302572969829104
reactive_power_k,12.0,11.0,Oxlip,,,,,,0.0
reactive_power_k,12.0,11.0,Daisy,,,,,,0.0
reactive_power_k,12.0,11.0,Tulip,,,,,,0.0
reactive_power_k,12.0,11.0,Maryj,,,,,,0.0
reactive_power_k,12.0,12.0,Poppy,,,,,,0.04721331361953946
reactive_power_k,12.0,12.0,Oxlip,,,,,,0.0
reactive_power_k,12.0,12.0,Daisy,,,,,,0.0
reactive_power_k,12.0,12.0,Tulip,,,,,,0.0
reactive_power_k,12.0,12.0,Maryj,,,,,,0.0
reactive_power_k,12.0,13.0,Poppy,,,,,,0.0
reactive_power_k,12.0,13.0,Oxlip,,,,,,0.0
reactive_power_k,12.0,13.0,Daisy,,,,,,0.0
reactive_power_k,12.0,13.0,Tulip,,,,,,0.023110721989835364
reactive_power_k,12.0,13.0,Maryj,,,,,,0.0
reactive_power_k,12.0,14.0,Poppy,,,,,,0.0
reactive_power_k,12.0,14.0,Oxlip,,,,,,0.006813123559239905
reactive_power_k,12.0,14.0,Daisy,,,,,,0.0
reactive_power_k,12.0,14.0,Tulip,,,,,,0.0
reactive_power_k,12.0,14.0,Maryj,,,,,,0.0
reactive_power_k,12.0,15.0,Poppy,,,,,,0.0
reactive_power_k,12.0,15.0,Oxlip,,,,,,0.0
reactive_power_k,12.0,15.0,Daisy,,,,,,-0.02672217652492987
reactive_power_k,12.0,15.0,Tulip,,,,,,0.0
reactive_power_k,12.0,15.0,Maryj,,,,,,0.0
reactive_power_k,12.0,17.0,Poppy,,,,,,0.14050159692124675
reactive_power_k,12.0,17.0,Oxlip,,,,,,0.0
reactive_power_k,12.0,17.0,Daisy,,,,,,0.0
reactive_power_k,12.0,17.0,Tulip,,,,,,0.0
reactive_power_k,12.0,17.0,Maryj,,,,,,0.0
reactive_power_k,12.0,18.0,Poppy,,,,,,0.0
reactive_power_k,12.0,18.0,Oxlip,,,,,,0.0
reactive_power_k,12.0,18.0,Daisy,,,,,,0.0
reactive_power_k,12.0,18.0,Tulip,,,,,,0.0
reactive_power_k,12.0,18.0,Maryj,,,,,,0.0
reactive_power_k,12.0,19.0,Poppy,,,,,,0.0
reactive_power_k,12.0,19.0,Oxlip,,,,,,0.0
reactive_power_k,12.0,19.0,Daisy,,,,,,0.0
reactive_power_k,12.0,19.0,Tulip,,,,,,0.0
reactive_power_k,12.0,19.0,Maryj,,,,,,-0.078352260989488
reactive_power_k,13.0,0.0,Poppy,,,,,,0.0
reactive_power_k,13.0,0.0,Oxlip,,,,,,0.005605426542209906
reactive_power_k,13.0,0.0,Daisy,,,,,,0.0
reactive_power_k,13.0,0.0,Tulip,,,,,,0.0
reactive_power_k,13.0,0.0,Maryj,,,,,,0.0
reactive_power_k,13.0,2.0,Poppy,,,,,,0.0
reactive_power_k,13.0,2.0,Oxlip,,,,,,0.0
reactive_power_k,13.0,2.0,Daisy,,,,,,0.014130858909291735
reactive_power_k,13.0,2.0,Tulip,,,,,,0.0
reactive_power_k,13.0,2.0,Maryj,,,,,,0.0
reactive_power_k,13.0,6.0,Poppy,,,,,,0.004173196466592422
reactive_power_k,13.0,6.0,Oxlip,,,,,,0.0
reactive_power_k,13.0,6.0,Daisy,,,,,,0.0
reactive_power_k,13.0,6.0,Tulip,,,,,,0.0
reactive_power_k,13.0,6.0,Maryj,,,,,,0.0
reactive_power_k,13.0,10.0,Poppy,,,,,,0.0
reactive_power_k,13.0,10.0,Oxlip,,,,,,0.0
reactive_power_k,13.0,10.0,Daisy,,,,,,-0.018641329328600215
reactive_power_k,13.0,10.0,Tulip,,,,,,0.0
reactive_power_k,13.0,10.0,Maryj,,,,,,0.0
reactive_power_k,13.0,11.0,Poppy,,,,,,-0.03174161191660736
reactive_power_k,13.0,11.0,Oxlip,,,,,,0.0
reactive_power_k,13.0,11.0,Daisy,,,,,,0.0
reactive_power_k,13.0,11.0,Tulip,,,,,,0.0
reactive_power_k,13.0,11.0,Maryj,,,,,,0.0
reactive_power_k,13.0,12.0,Poppy,,,,,,0.04601652258103115
reactive_power_k,13.0,12.0,Oxlip,,,,,,0.0
reactive_power_k,13.0,12.0,Daisy,,,,,,0.0
reactive_power_k,13.0,12.0,Tulip,,,,,,0.0
reactive_power_k,13.0,12.0,Maryj,,,,,,0.0
reactive_power_k,13.0,13.0,Poppy,,,,,,0.0
reactive_power_k,13.0,13.0,Oxlip,,,,,,0.0
reactive_power_k,13.0,13.0,Daisy,,,,,,0.0
reactive_power_k,13.0,13.0,Tulip,,,,,,0.022167644740671903
reactive_power_k,13.0,13.0,Maryj,,,,,,0.0
reactive_power_k,13.0,14.0,Poppy,,,,,,0.0
reactive_power_k,13.0,14.0,Oxlip,,,,,,0.0067382248598724555
reactive_power_k,13.0,14.0,Daisy,,,,,,0.0
reactive_power_k,13.0,14.0,Tulip,,,,,,0.0
reactive_power_k,13.0,14.0,Maryj,,,,,,0.0
reactive_power_k,13.0,15.0,Poppy,,,,,,0.0
reactive_power_k,13.0,15.0,Oxlip,,,,,,0.0
reactive_power_k,13.0,15.0,Daisy,,,,,,-0.025334271077663992
reactive_power_k,13.0,15.0,Tulip,,,,,,0.0
reactive_power_k,13.0,15.0,Maryj,,,,,,0.0
reactive_power_k,13.0,17.0,Poppy,,,,,,0.13525088604136093
reactive_power_k,13.0,17.0,Oxlip,,,,,,0.0
reactive_power_k,13.0,17.0,Daisy,,,,,,0.0
reactive_power_k,13.0,17.0,Tulip,,,,,,0.0
reactive_power_k,13.0,17.0,Maryj,,,,,,0.0
reactive_power_k,13.0,18.0,Poppy,,,,,,0.0
reactive_power_k,13.0,18.0,Oxlip,,,,,,0.0
reactive_power_k,13.0,18.0,Daisy,,,,,,0.0
reactive_power_k,13.0,18.0,Tulip,,,,,,0.0
reactive_power_k,13.0,18.0,Maryj,,,,,,0.0
reactive_power_k,13.0,19.0,Poppy,,,,,,0.0
reactive_power_k,13.0,19.0,Oxlip,,,,,,0.0
reactive_power_k,13.0,19.0,Daisy,,,,,,0.0
reactive_power_k,13.0,19.0,Tulip,,,,,,0.0
reactive_power_k,13.0,19.0,Maryj,,,,,,-0.0748834569472967
reactive_power_k,14.0,0.0,Poppy,,,,,,0.0
reactive_power_k,14.0,0.0,Oxlip,,,,,,0.005358562343849731
reactive_power_k,14.0,0.0,Daisy,,,,,,0.0
reactive_power_k,14.0,0.0,Tulip,,,,,,0.0
reactive_power_k,14.0,0.0,Maryj,,,,,,0.0
reactive_power_k,14.0,2.0,Poppy,,,,,,0.0
reactive_power_k,14.0,2.0,Oxlip,,,,,,0.0
reactive_power_k,14.0,2.0,Daisy,,,,,,0.015101789473439499
reactive_power_k,14.0,2.0,Tulip,,,,,,0.0
reactive_power_k,14.0,2.0,Maryj,,,,,,0.0
reactive_power_k,14.0,6.0,Poppy,,,,,,0.0037110734929930527
reactive_power_k,14.0,6.0,Oxlip,,,,,,0.0
reactive_power_k,14.0,6.0,Daisy,,,,,,0.0
reactive_power_k,14.0,6.0,Tulip,,,,,,0.0
reactive_power_k,14.0,6.0,Maryj,,,,,,0.0
reactive_power_k,14.0,10.0,Poppy,,,,,,0.0
reactive_power_k,14.0,10.0,Oxlip,,,,,,0.0
reactive_power_k,14.0,10.0,Daisy,,,,,,-0.01926640913538899
reactive_power_k,14.0,10.0,Tulip,,,,,,0.0
reactive_power_k,14.0,10.0,Maryj,,,,,,0.0
reactive_power_k,14.0,11.0,Poppy,,,,,,-0.03391784218647842
reactive_power_k,14.0,11.0,Oxlip,,,,,,0.0
reactive_power_k,14.0,11.0,Daisy,,,,,,0.0
reactive_power_k,14.0,11.0,Tulip,,,,,,0.0
reactive_power_k,14.0,11.0,Maryj,,,,,,0.0
reactive_power_k,14.0,12.0,Poppy,,,,,,0.04763076300837522
reactive_power_k,14.0,12.0,Oxlip,,,,,,0.0
reactive_power_k,14.0,12.0,Daisy,,,,,,0.0
reactive_power_k,14.0,12.0,Tulip,,,,,,0.0
reactive_power_k,14.0,12.0,Maryj,,,,,,0.0
reactive_power_k,14.0,13.0,Poppy,,,,,,0.0
reactive_power_k,14.0,13.0,Oxlip,,,,,,0.0
reactive_power_k,14.0,13.0,Daisy,,,,,,0.0
reactive_power_k,14.0,13.0,Tulip,,,,,,0.022697341514941873
reactive_power_k,14.0,13.0,Maryj,,,,,,0.0
reactive_power_k,14.0,14.0,Poppy,,,,,,0.0
reactive_power_k,14.0,14.0,Oxlip,,,,,,0.006547218315459579
reactive_power_k,14.0,14.0,Daisy,,,,,,0.0
reactive_power_k,14.0,14.0,Tulip,,,,,,0.0
reactive_power_k,14.0,14.0,Maryj,,,,,,0.0
reactive_power_k,14.0,15.0,Poppy,,,,,,0.0
reactive_power_k,14.0,15.0,Oxlip,,,,,,0.0
reactive_power_k,14.0,15.0,Daisy,,,,,,-0.026322968283978666
reactive_power_k,14.0,15.0,Tulip,,,,,,0.0
reactive_power_k,14.0,15.0,Maryj,,,,,,0.0
reactive_power_k,14.0,17.0,Poppy,,,,,,0.14131135255368887
reactive_power_k,14.0,17.0,Oxlip,,,,,,0.0
reactive_power_k,14.0,17.0,Daisy,,,,,,0.0
reactive_power_k,14.0,17.0,Tulip,,,,,,0.0
reactive_power_k,14.0,17.0,Maryj,,,,,,0.0
reactive_power_k,14.0,18.0,Poppy,,,,,,0.0
reactive_power_k,14.0,18.0,Oxlip,,,,,,0.0
reactive_power_k,14.0,18.0,Daisy,,,,,,0.0
reactive_power_k,14.0,18.0,Tulip,,,,,,0.0
reactive_power_k,14.0,18.0,Maryj,,,,,,0.0
reactive_power_k,14.0,19.0,Poppy,,,,,,0.0
reactive_power_k,14.0,19.0,Oxlip,,,,,,0.0
reactive_power_k,14.0,19.0,Daisy,,,,,,0.0
reactive_power_k,14.0,19.0,Tulip,,,,,,0.0
reactive_power_k,14.0,19.0,Maryj,,,,,,-0.07834994889730673
reactive_power_k,15.0,0.0,Poppy,,,,,,0.0
reactive_power_k,15.0,0.0,Oxlip,,,,,,0.00556264934900119
reactive_power_k,15.0,0.0,Daisy,,,,,,0.0
reactive_power_k,15.0,0.0,Tulip,,,,,,0.0
reactive_power_k,15.0,0.0,Maryj,,,,,,0.0
reactive_power_k,15.0,2.0,Poppy,,,,,,0.0
reactive_power_k,15.0,2.0,Oxlip,,,,,,0.0
reactive_power_k,15.0,2.0,Daisy,,,,,,0.014687244727888682
reactive_power_k,15.0,2.0,Tulip,,,,,,0.0
reactive_power_k,15.0,2.0,Maryj,,,,,,0.0
reactive_power_k,15.0,6.0,Poppy,,,,,,0.004163441153851894
reactive_power_k,15.0,6.0,Oxlip,,,,,,0.0
reactive_power_k,15.0,6.0,Daisy,,,,,,0.0
reactive_power_k,15.0,6.0,Tulip,,,,,,0.0
reactive_power_k,15.0,6.0,Maryj,,,,,,0.0
reactive_power_k,15.0,10.0,Poppy,,,,,,0.0
reactive_power_k,15.0,10.0,Oxlip,,,,,,0.0
reactive_power_k,15.0,10.0,Daisy,,,,,,-0.019017756560102156
reactive_power_k,15.0,10.0,Tulip,,,,,,0.0
reactive_power_k,15.0,10.0,Maryj,,,,,,0.0
reactive_power_k,15.0,11.0,Poppy,,,,,,-0.032986199631698715
reactive_power_k,15.0,11.0,Oxlip,,,,,,0.0
reactive_power_k,15.0,11.0,Daisy,,,,,,0.0
reactive_power_k,15.0,11.0,Tulip,,,,,,0.0
reactive_power_k,15.0,11.0,Maryj,,,,,,0.0
reactive_power_k,15.0,12.0,Poppy,,,,,,0.047141087499317134
reactive_power_k,15.0,12.0,Oxlip,,,,,,0.0
reactive_power_k,15.0,12.0,Daisy,,,,,,0.0
reactive_power_k,15.0,12.0,Tulip,,,,,,0.0
reactive_power_k,15.0,12.0,Maryj,,,,,,0.0
reactive_power_k,15.0,13.0,Poppy,,,,,,0.0
reactive_power_k,15.0,13.0,Oxlip,,,,,,0.0
reactive_power_k,15.0,13.0,Daisy,,,,,,0.0
reactive_power_k,15.0,13.0,Tulip,,,,,,0.02229973012292601
reactive_power_k,15.0,13.0,Maryj,,,,,,0.0
reactive_power_k,15.0,14.0,Poppy,,,,,,0.0
reactive_power_k,15.0,14.0,Oxlip,,,,,,0.0066479316982151464
reactive_power_k,15.0,14.0,Daisy,,,,,,0.0
reactive_power_k,15.0,14.0,Tulip,,,,,,0.0
reactive_power_k,15.0,14.0,Maryj,,,,,,0.0
reactive_power_k,15.0,15.0,Poppy,,,,,,0.0
reactive_power_k,15.0,15.0,Oxlip,,,,,,0.0
reactive_power_k,15.0,15.0,Daisy,,,,,,-0.026154240908317694
reactive_power_k,15.0,15.0,Tulip,,,,,,0.0
reactive_power_k,15.0,15.0,Maryj,,,,,,0.0
reactive_power_k,15.0,17.0,Poppy,,,,,,0.13911420192643784
reactive_power_k,15.0,17.0,Oxlip,,,,,,0.0
reactive_power_k,15.0,17.0,Daisy,,,,,,0.0
reactive_power_k,15.0,17.0,Tulip,,,,,,0.0
reactive_power_k,15.0,17.0,Maryj,,,,,,0.0
reactive_power_k,15.0,18.0,Poppy,,,,,,0.0
reactive_power_k,15.0,18.0,Oxlip,,,,,,0.0
reactive_power_k,15.0,18.0,Daisy,,,,,,0.0
reactive_power_k,15.0,18.0,Tulip,,,,,,0.0
reactive_power_k,15.0,18.0,Maryj,,,,,,0.0
reactive_power_k,15.0,19.0,Poppy,,,,,,0.0
reactive_power_k,15.0,19.0,Oxlip,,,,,,0.0
reactive_power_k,15.0,19.0,Daisy,,,,,,0.0
reactive_power_k,15.0,19.0,Tulip,,,,,,0.0
reactive_power_k,15.0,19.0,Maryj,,,,,,-0.07705923354151023
reactive_power_k,16.0,0.0,Poppy,,,,,,0.0
reactive_power_k,16.0,0.0,Oxlip,,,,,,0.005743138118166299
reactive_power_k,16.0,0.0,Daisy,,,,,,0.0
reactive_power_k,16.0,0.0,Tulip,,,,,,0.0
reactive_power_k,16.0,0.0,Maryj,,,,,,0.0
reactive_power_k,16.0,2.0,Poppy,,,,,,0.0
reactive_power_k,16.0,2.0,Oxlip,,,,,,0.0
reactive_power_k,16.0,2.0,Daisy,,,,,,0.013574427868118863
reactive_power_k,16.0,2.0,Tulip,,,,,,0.0
reactive_power_k,16.0,2.0,Maryj,,,,,,0.0
reactive_power_k,16.0,6.0,Poppy,,,,,,0.004187233650557711
reactive_power_k,16.0,6.0,Oxlip,,,,,,0.0
reactive_power_k,16.0,6.0,Daisy,,,,,,0.0
reactive_power_k,16.0,6.0,Tulip,,,,,,0.0
reactive_power_k,16.0,6.0,Maryj,,,,,,0.0
reactive_power_k,16.0,10.0,Poppy,,,,,,0.0
reactive_power_k,16.0,10.0,Oxlip,,,,,,0.0
reactive_power_k,16.0,10.0,Daisy,,,,,,-0.018272252277157952
reactive_power_k,16.0,10.0,Tulip,,,,,,0.0
reactive_power_k,16.0,10.0,Maryj,,,,,,0.0
reactive_power_k,16.0,11.0,Poppy,,,,,,-0.030482511290883325
reactive_power_k,16.0,11.0,Oxlip,,,,,,0.0
reactive_power_k,16.0,11.0,Daisy,,,,,,0.0
reactive_power_k,16.0,11.0,Tulip,,,,,,0.0
reactive_power_k,16.0,11.0,Maryj,,,,,,0.0
reactive_power_k,16.0,12.0,Poppy,,,,,,0.04502204321069791
reactive_power_k,16.0,12.0,Oxlip,,,,,,0.0
reactive_power_k,16.0,12.0,Daisy,,,,,,0.0
reactive_power_k,16.0,12.0,Tulip,,,,,,0.0
reactive_power_k,16.0,12.0,Maryj,,,,,,0.0
reactive_power_k,16.0,13.0,Poppy,,,,,,0.0
reactive_power_k,16.0,13.0,Oxlip,,,,,,0.0
reactive_power_k,16.0,13.0,Daisy,,,,,,0.0
reactive_power_k,16.0,13.0,Tulip,,,,,,0.021605971024978958
reactive_power_k,16.0,13.0,Maryj,,,,,,0.0
reactive_power_k,16.0,14.0,Poppy,,,,,,0.0
reactive_power_k,16.0,14.0,Oxlip,,,,,,0.006841310543076701
reactive_power_k,16.0,14.0,Daisy,,,,,,0.0
reactive_power_k,16.0,14.0,Tulip,,,,,,0.0
reactive_power_k,16.0,14.0,Maryj,,,,,,0.0
reactive_power_k,16.0,15.0,Poppy,,,,,,0.0
reactive_power_k,16.0,15.0,Oxlip,,,,,,0.0
reactive_power_k,16.0,15.0,Daisy,,,,,,-0.02450890784447993
reactive_power_k,16.0,15.0,Tulip,,,,,,0.0
reactive_power_k,16.0,15.0,Maryj,,,,,,0.0
reactive_power_k,16.0,17.0,Poppy,,,,,,0.13151175575433388
reactive_power_k,16.0,17.0,Oxlip,,,,,,0.0
reactive_power_k,16.0,17.0,Daisy,,,,,,0.0
reactive_power_k,16.0,17.0,Tulip,,,,,,0.0
reactive_power_k,16.0,17.0,Maryj,,,,,,0.0
reactive_power_k,16.0,18.0,Poppy,,,,,,0.0
reactive_power_k,16.0,18.0,Oxlip,,,,,,0.0
reactive_power_k,16.0,18.0,Daisy,,,,,,0.0
reactive_power_k,16.0,18.0,Tulip,,,,,,0.0
reactive_power_k,16.0,18.0,Maryj,,,,,,0.0
reactive_power_k,16.0,19.0,Poppy,,,,,,0.0
reactive_power_k,16.0,19.0,Oxlip,,,,,,0.0
reactive_power_k,16.0,19.0,Daisy,,,,,,0.0
reactive_power_k,16.0,19.0,Tulip,,,,,,0.0
reactive_power_k,16.0,19.0,Maryj,,,,,,-0.07268428100292879
reactive_power_k,17.0,0.0,Poppy,,,,,,0.0
reactive_power_k,17.0,0.0,Oxlip,,,,,,0.005752155785160992
reactive_power_k,17.0,0.0,Daisy,,,,,,0.0
reactive_power_k,17.0,0.0,Tulip,,,,,,0.0
reactive_power_k,17.0,0.0,Maryj,,,,,,0.0
reactive_power_k,17.0,2.0,Poppy,,,,,,0.0
reactive_power_k,17.0,2.0,Oxlip,,,,,,0.0
reactive_power_k,17.0,2.0,Daisy,,,,,,0.009645159497799809
reactive_power_k,17.0,2.0,Tulip,,,,,,0.0
reactive_power_k,17.0,2.0,Maryj,,,,,,0.0
reactive_power_k,17.0,6.0,Poppy,,,,,,0.003523614677215742
reactive_power_k,17.0,6.0,Oxlip,,,,,,0.0
reactive_power_k,17.0,6.0,Daisy,,,,,,0.0
reactive_power_k,17.0,6.0,Tulip,,,,,,0.0
reactive_power_k,17.0,6.0,Maryj,,,,,,0.0
reactive_power_k,17.0,10.0,Poppy,,,,,,0.0
reactive_power_k,17.0,10.0,Oxlip,,,,,,0.0
reactive_power_k,17.0,10.0,Daisy,,,,,,-0.015096294130617555
reactive_power_k,17.0,10.0,Tulip,,,,,,0.0
reactive_power_k,17.0,10.0,Maryj,,,,,,0.0
reactive_power_k,17.0,11.0,Poppy,,,,,,-0.02164297835884679
reactive_power_k,17.0,11.0,Oxlip,,,,,,0.0
reactive_power_k,17.0,11.0,Daisy,,,,,,0.0
reactive_power_k,17.0,11.0,Tulip,,,,,,0.0
reactive_power_k,17.0,11.0,Maryj,,,,,,0.0
reactive_power_k,17.0,12.0,Poppy,,,,,,0.03575781829251639
reactive_power_k,17.0,12.0,Oxlip,,,,,,0.0
reactive_power_k,17.0,12.0,Daisy,,,,,,0.0
reactive_power_k,17.0,12.0,Tulip,,,,,,0.0
reactive_power_k,17.0,12.0,Maryj,,,,,,0.0
reactive_power_k,17.0,13.0,Poppy,,,,,,0.0
reactive_power_k,17.0,13.0,Oxlip,,,,,,0.0
reactive_power_k,17.0,13.0,Daisy,,,,,,0.0
reactive_power_k,17.0,13.0,Tulip,,,,,,0.01907788577288625
reactive_power_k,17.0,13.0,Maryj,,,,,,0.0
reactive_power_k,17.0,14.0,Poppy,,,,,,0.0
reactive_power_k,17.0,14.0,Oxlip,,,,,,0.006980177246050006
reactive_power_k,17.0,14.0,Daisy,,,,,,0.0
reactive_power_k,17.0,14.0,Tulip,,,,,,0.0
reactive_power_k,17.0,14.0,Maryj,,,,,,0.0
reactive_power_k,17.0,15.0,Poppy,,,,,,0.0
reactive_power_k,17.0,15.0,Oxlip,,,,,,0.0
reactive_power_k,17.0,15.0,Daisy,,,,,,-0.01795226691644693
reactive_power_k,17.0,15.0,Tulip,,,,,,0.0
reactive_power_k,17.0,15.0,Maryj,,,,,,0.0
reactive_power_k,17.0,17.0,Poppy,,,,,,0.101918357403405
reactive_power_k,17.0,17.0,Oxlip,,,,,,0.0
reactive_power_k,17.0,17.0,Daisy,,,,,,0.0
reactive_power_k,17.0,17.0,Tulip,,,,,,0.0
reactive_power_k,17.0,17.0,Maryj,,,,,,0.0
reactive_power_k,17.0,18.0,Poppy,,,,,,0.0
reactive_power_k,17.0,18.0,Oxlip,,,,,,0.0
reactive_power_k,17.0,18.0,Daisy,,,,,,0.0
reactive_power_k,17.0,18.0,Tulip,,,,,,0.0
reactive_power_k,17.0,18.0,Maryj,,,,,,0.0
reactive_power_k,17.0,19.0,Poppy,,,,,,0.0
reactive_power_k,17.0,19.0,Oxlip,,,,,,0.0
reactive_power_k,17.0,19.0,Daisy,,,,,,0.0
reactive_power_k,17.0,19.0,Tulip,,,,,,0.0
reactive_power_k,17.0,19.0,Maryj,,,,,,-0.05626475916089091
reactive_power_k,18.0,0.0,Poppy,,,,,,0.0
reactive_power_k,18.0,0.0,Oxlip,,,,,,0.004139629564264773
reactive_power_k,18.0,0.0,Daisy,,,,,,0.0
reactive_power_k,18.0,0.0,Tulip,,,,,,0.0
reactive_power_k,18.0,0.0,Maryj,,,,,,0.0
reactive_power_k,18.0,2.0,Poppy,,,,,,0.0
reactive_power_k,18.0,2.0,Oxlip,,,,,,0.0
reactive_power_k,18.0,2.0,Daisy,,,,,,0.0060750021130200615
reactive_power_k,18.0,2.0,Tulip,,,,,,0.0
reactive_power_k,18.0,2.0,Maryj,,,,,,0.0
reactive_power_k,18.0,6.0,Poppy,,,,,,0.0035517090684259274
reactive_power_k,18.0,6.0,Oxlip,,,,,,0.0
reactive_power_k,18.0,6.0,Daisy,,,,,,0.0
reactive_power_k,18.0,6.0,Tulip,,,,,,0.0
reactive_power_k,18.0,6.0,Maryj,,,,,,0.0
reactive_power_k,18.0,10.0,Poppy,,,,,,0.0
reactive_power_k,18.0,10.0,Oxlip,,,,,,0.0
reactive_power_k,18.0,10.0,Daisy,,,,,,-0.010549658750957619
reactive_power_k,18.0,10.0,Tulip,,,,,,0.0
reactive_power_k,18.0,10.0,Maryj,,,,,,0.0
reactive_power_k,18.0,11.0,Poppy,,,,,,-0.01364398356899266
reactive_power_k,18.0,11.0,Oxlip,,,,,,0.0
reactive_power_k,18.0,11.0,Daisy,,,,,,0.0
reactive_power_k,18.0,11.0,Tulip,,,,,,0.0
reactive_power_k,18.0,11.0,Maryj,,,,,,0.0
reactive_power_k,18.0,12.0,Poppy,,,,,,0.022922434327708012
reactive_power_k,18.0,12.0,Oxlip,,,,,,0.0
reactive_power_k,18.0,12.0,Daisy,,,,,,0.0
reactive_power_k,18.0,12.0,Tulip,,,,,,0.0
reactive_power_k,18.0,12.0,Maryj,,,,,,0.0
reactive_power_k,18.0,13.0,Poppy,,,,,,0.0
reactive_power_k,18.0,13.0,Oxlip,,,,,,0.0
reactive_power_k,18.0,13.0,Daisy,,,,,,0.0
reactive_power_k,18.0,13.0,Tulip,,,,,,0.013508550203350332
reactive_power_k,18.0,13.0,Maryj,,,,,,0.0
reactive_power_k,18.0,14.0,Poppy,,,,,,0.0
reactive_power_k,18.0,14.0,Oxlip,,,,,,0.005433164912585372
reactive_power_k,18.0,14.0,Daisy,,,,,,0.0
reactive_power_k,18.0,14.0,Tulip,,,,,,0.0
reactive_power_k,18.0,14.0,Maryj,,,,,,0.0
reactive_power_k,18.0,15.0,Poppy,,,,,,0.0
reactive_power_k,18.0,15.0,Oxlip,,,,,,0.0
reactive_power_k,18.0,15.0,Daisy,,,,,,-0.012647698114421034
reactive_power_k,18.0,15.0,Tulip,,,,,,0.0
reactive_power_k,18.0,15.0,Maryj,,,,,,0.0
reactive_power_k,18.0,17.0,Poppy,,,,,,0.06737887032657455
reactive_power_k,18.0,17.0,Oxlip,,,,,,0.0
reactive_power_k,18.0,17.0,Daisy,,,,,,0.0
reactive_power_k,18.0,17.0,Tulip,,,,,,0.0
reactive_power_k,18.0,17.0,Maryj,,,,,,0.0
reactive_power_k,18.0,18.0,Poppy,,,,,,0.0
reactive_power_k,18.0,18.0,Oxlip,,,,,,0.0
reactive_power_k,18.0,18.0,Daisy,,,,,,0.0
reactive_power_k,18.0,18.0,Tulip,,,,,,0.0
reactive_power_k,18.0,18.0,Maryj,,,,,,0.0
reactive_power_k,18.0,19.0,Poppy,,,,,,0.0
reactive_power_k,18.0,19.0,Oxlip,,,,,,0.0
reactive_power_k,18.0,19.0,Daisy,,,,,,0.0
reactive_power_k,18.0,19.0,Tulip,,,,,,0.0
reactive_power_k,18.0,19.0,Maryj,,,,,,-0.03821190266488039
reactive_power_k,19.0,0.0,Poppy,,,,,,0.0
reactive_power_k,19.0,0.0,Oxlip,,,,,,0.0035748113656570335
reactive_power_k,19.0,0.0,Daisy,,,,,,0.0
reactive_power_k,19.0,0.0,Tulip,,,,,,0.0
reactive_power_k,19.0,0.0,Maryj,,,,,,0.0
reactive_power_k,19.0,2.0,Poppy,,,,,,0.0
reactive_power_k,19.0,2.0,Oxlip,,,,,,0.0
reactive_power_k,19.0,2.0,Daisy,,,,,,0.00460176391021159
reactive_power_k,19.0,2.0,Tulip,,,,,,0.0
reactive_power_k,19.0,2.0,Maryj,,,,,,0.0
reactive_power_k,19.0,6.0,Poppy,,,,,,0.0023386100925290696
reactive_power_k,19.0,6.0,Oxlip,,,,,,0.0
reactive_power_k,19.0,6.0,Daisy,,,,,,0.0
reactive_power_k,19.0,6.0,Tulip,,,,,,0.0
reactive_power_k,19.0,6.0,Maryj,,,,,,0.0
reactive_power_k,19.0,10.0,Poppy,,,,,,0.0
reactive_power_k,19.0,10.0,Oxlip,,,,,,0.0
reactive_power_k,19.0,10.0,Daisy,,,,,,-0.008488953966246937
reactive_power_k,19.0,10.0,Tulip,,,,,,0.0
reactive_power_k,19.0,10.0,Maryj,,,,,,0.0
reactive_power_k,19.0,11.0,Poppy,,,,,,-0.01034296175300819
reactive_power_k,19.0,11.0,Oxlip,,,,,,0.0
reactive_power_k,19.0,11.0,Daisy,,,,,,0.0
reactive_power_k,19.0,11.0,Tulip,,,,,,0.0
reactive_power_k,19.0,11.0,Maryj,,,,,,0.0
reactive_power_k,19.0,12.0,Poppy,,,,,,0.01831442347443691
reactive_power_k,19.0,12.0,Oxlip,,,,,,0.0
reactive_power_k,19.0,12.0,Daisy,,,,,,0.0
reactive_power_k,19.0,12.0,Tulip,,,,,,0.0
reactive_power_k,19.0,12.0,Maryj,,,,,,0.0
reactive_power_k,19.0,13.0,Poppy,,,,,,0.0
reactive_power_k,19.0,13.0,Oxlip,,,,,,0.0
reactive_power_k,19.0,13.0,Daisy,,,,,,0.0
reactive_power_k,19.0,13.0,Tulip,,,,,,0.010963297607972433
reactive_power_k,19.0,13.0,Maryj,,,,,,0.0
reactive_power_k,19.0,14.0,Poppy,,,,,,0.0
reactive_power_k,19.0,14.0,Oxlip,,,,,,0.004610343308868864
reactive_power_k,19.0,14.0,Daisy,,,,,,0.0
reactive_power_k,19.0,14.0,Tulip,,,,,,0.0
reactive_power_k,19.0,14.0,Maryj,,,,,,0.0
reactive_power_k,19.0,15.0,Poppy,,,,,,0.0
reactive_power_k,19.0,15.0,Oxlip,,,,,,0.0
reactive_power_k,19.0,15.0,Daisy,,,,,,-0.009233917927867862
reactive_power_k,19.0,15.0,Tulip,,,,,,0.0
reactive_power_k,19.0,15.0,Maryj,,,,,,0.0
reactive_power_k,19.0,17.0,Poppy,,,,,,0.05218397424816524
reactive_power_k,19.0,17.0,Oxlip,,,,,,0.0
reactive_power_k,19.0,17.0,Daisy,,,,,,0.0
reactive_power_k,19.0,17.0,Tulip,,,,,,0.0
reactive_power_k,19.0,17.0,Maryj,,,,,,0.0
reactive_power_k,19.0,18.0,Poppy,,,,,,0.0
reactive_power_k,19.0,18.0,Oxlip,,,,,,0.0
reactive_power_k,19.0,18.0,Daisy,,,,,,0.0
reactive_power_k,19.0,18.0,Tulip,,,,,,0.0
reactive_power_k,19.0,18.0,Maryj,,,,,,0.0
reactive_power_k,19.0,19.0,Poppy,,,,,,0.0
reactive_power_k,19.0,19.0,Oxlip,,,,,,0.0
reactive_power_k,19.0,19.0,Daisy,,,,,,0.0
reactive_power_k,19.0,19.0,Tulip,,,,,,0.0
reactive_power_k,19.0,19.0,Maryj,,,,,,-0.029146730945891708
reactive_power_k,20.0,0.0,Poppy,,,,,,0.0
reactive_power_k,20.0,0.0,Oxlip,,,,,,0.004929869337197116
reactive_power_k,20.0,0.0,Daisy,,,,,,0.0
reactive_power_k,20.0,0.0,Tulip,,,,,,0.0
reactive_power_k,20.0,0.0,Maryj,,,,,,0.0
reactive_power_k,20.0,2.0,Poppy,,,,,,0.0
reactive_power_k,20.0,2.0,Oxlip,,,,,,0.0
reactive_power_k,20.0,2.0,Daisy,,,,,,0.005326315773942399
reactive_power_k,20.0,2.0,Tulip,,,,,,0.0
reactive_power_k,20.0,2.0,Maryj,,,,,,0.0
reactive_power_k,20.0,6.0,Poppy,,,,,,0.002263092891308665
reactive_power_k,20.0,6.0,Oxlip,,,,,,0.0
reactive_power_k,20.0,6.0,Daisy,,,,,,0.0
reactive_power_k,20.0,6.0,Tulip,,,,,,0.0
reactive_power_k,20.0,6.0,Maryj,,,,,,0.0
reactive_power_k,20.0,10.0,Poppy,,,,,,0.0
reactive_power_k,20.0,10.0,Oxlip,,,,,,0.0
reactive_power_k,20.0,10.0,Daisy,,,,,,-0.009971425791489297
reactive_power_k,20.0,10.0,Tulip,,,,,,0.0
reactive_power_k,20.0,10.0,Maryj,,,,,,0.0
reactive_power_k,20.0,11.0,Poppy,,,,,,-0.01197276452238045
reactive_power_k,20.0,11.0,Oxlip,,,,,,0.0
reactive_power_k,20.0,11.0,Daisy,,,,,,0.0
reactive_power_k,20.0,11.0,Tulip,,,,,,0.0
reactive_power_k,20.0,11.0,Maryj,,,,,,0.0
reactive_power_k,20.0,12.0,Poppy,,,,,,0.023009628367067686
reactive_power_k,20.0,12.0,Oxlip,,,,,,0.0
reactive_power_k,20.0,12.0,Daisy,,,,,,0.0
reactive_power_k,20.0,12.0,Tulip,,,,,,0.0
reactive_power_k,20.0,12.0,Maryj,,,,,,0.0
reactive_power_k,20.0,13.0,Poppy,,,,,,0.0
reactive_power_k,20.0,13.0,Oxlip,,,,,,0.0
reactive_power_k,20.0,13.0,Daisy,,,,,,0.0
reactive_power_k,20.0,13.0,Tulip,,,,,,0.012274868783640862
reactive_power_k,20.0,13.0,Maryj,,,,,,0.0
reactive_power_k,20.0,14.0,Poppy,,,,,,0.0
reactive_power_k,20.0,14.0,Oxlip,,,,,,0.005481639095596627
reactive_power_k,20.0,14.0,Daisy,,,,,,0.0
reactive_power_k,20.0,14.0,Tulip,,,,,,0.0
reactive_power_k,20.0,14.0,Maryj,,,,,,0.0
reactive_power_k,20.0,15.0,Poppy,,,,,,0.0
reactive_power_k,20.0,15.0,Oxlip,,,,,,0.0
reactive_power_k,20.0,15.0,Daisy,,,,,,-0.010244935906228965
reactive_power_k,20.0,15.0,Tulip,,,,,,0.0
reactive_power_k,20.0,15.0,Maryj,,,,,,0.0
reactive_power_k,20.0,17.0,Poppy,,,,,,0.06125260598343374
reactive_power_k,20.0,17.0,Oxlip,,,,,,0.0
reactive_power_k,20.0,17.0,Daisy,,,,,,0.0
reactive_power_k,20.0,17.0,Tulip,,,,,,0.0
reactive_power_k,20.0,17.0,Maryj,,,,,,0.0
reactive_power_k,20.0,18.0,Poppy,,,,,,0.0
reactive_power_k,20.0,18.0,Oxlip,,,,,,0.0
reactive_power_k,20.0,18.0,Daisy,,,,,,0.0
reactive_power_k,20.0,18.0,Tulip,,,,,,0.0
reactive_power_k,20.0,18.0,Maryj,,,,,,0.0
reactive_power_k,20.0,19.0,Poppy,,,,,,0.0
reactive_power_k,20.0,19.0,Oxlip,,,,,,0.0
reactive_power_k,20.0,19.0,Daisy,,,,,,0.0
reactive_power_k,20.0,19.0,Tulip,,,,,,0.0
reactive_power_k,20.0,19.0,Maryj,,,,,,-0.03280361075371696
reactive_power_k,21.0,0.0,Poppy,,,,,,0.0
reactive_power_k,21.0,0.0,Oxlip,,,,,,0.007332544775139209
reactive_power_k,21.0,0.0,Daisy,,,,,,0.0
reactive_power_k,21.0,0.0,Tulip,,,,,,0.0
reactive_power_k,21.0,0.0,Maryj,,,,,,0.0
reactive_power_k,21.0,2.0,Poppy,,,,,,0.0
reactive_power_k,21.0,2.0,Oxlip,,,,,,0.0
reactive_power_k,21.0,2.0,Daisy,,,,,,0.005361675239566494
reactive_power_k,21.0,2.0,Tulip,,,,,,0.0
reactive_power_k,21.0,2.0,Maryj,,,,,,0.0
reactive_power_k,21.0,6.0,Poppy,,,,,,0.0007727559973332561
reactive_power_k,21.0,6.0,Oxlip,,,,,,0.0
reactive_power_k,21.0,6.0,Daisy,,,,,,0.0
reactive_power_k,21.0,6.0,Tulip,,,,,,0.0
reactive_power_k,21.0,6.0,Maryj,,,,,,0.0
reactive_power_k,21.0,10.0,Poppy,,,,,,0.0
reactive_power_k,21.0,10.0,Oxlip,,,,,,0.0
reactive_power_k,21.0,10.0,Daisy,,,,,,-0.012038939962794315
reactive_power_k,21.0,10.0,Tulip,,,,,,0.0
reactive_power_k,21.0,10.0,Maryj,,,,,,0.0
reactive_power_k,21.0,11.0,Poppy,,,,,,-0.01205377679232679
reactive_power_k,21.0,11.0,Oxlip,,,,,,0.0
reactive_power_k,21.0,11.0,Daisy,,,,,,0.0
reactive_power_k,21.0,11.0,Tulip,,,,,,0.0
reactive_power_k,21.0,11.0,Maryj,,,,,,0.0
reactive_power_k,21.0,12.0,Poppy,,,,,,0.028941435499337226
reactive_power_k,21.0,12.0,Oxlip,,,,,,0.0
reactive_power_k,21.0,12.0,Daisy,,,,,,0.0
reactive_power_k,21.0,12.0,Tulip,,,,,,0.0
reactive_power_k,21.0,12.0,Maryj,,,,,,0.0
reactive_power_k,21.0,13.0,Poppy,,,,,,0.0
reactive_power_k,21.0,13.0,Oxlip,,,,,,0.0
reactive_power_k,21.0,13.0,Daisy,,,,,,0.0
reactive_power_k,21.0,13.0,Tulip,,,,,,0.014160861341150006
reactive_power_k,21.0,13.0,Maryj,,,,,,0.0
reactive_power_k,21.0,14.0,Poppy,,,,,,0.0
reactive_power_k,21.0,14.0,Oxlip,,,,,,0.007518773665671769
reactive_power_k,21.0,14.0,Daisy,,,,,,0.0
reactive_power_k,21.0,14.0,Tulip,,,,,,0.0
reactive_power_k,21.0,14.0,Maryj,,,,,,0.0
reactive_power_k,21.0,15.0,Poppy,,,,,,0.0
reactive_power_k,21.0,15.0,Oxlip,,,,,,0.0
reactive_power_k,21.0,15.0,Daisy,,,,,,-0.008808607192217783
reactive_power_k,21.0,15.0,Tulip,,,,,,0.0
reactive_power_k,21.0,15.0,Maryj,,,,,,0.0
reactive_power_k,21.0,17.0,Poppy,,,,,,0.0676915000393433
reactive_power_k,21.0,17.0,Oxlip,,,,,,0.0
reactive_power_k,21.0,17.0,Daisy,,,,,,0.0
reactive_power_k,21.0,17.0,Tulip,,,,,,0.0
reactive_power_k,21.0,17.0,Maryj,,,,,,0.0
reactive_power_k,21.0,18.0,Poppy,,,,,,0.0
reactive_power_k,21.0,18.0,Oxlip,,,,,,0.0
reactive_power_k,21.0,18.0,Daisy,,,,,,0.0
reactive_power_k,21.0,18.0,Tulip,,,,,,0.0
reactive_power_k,21.0,18.0,Maryj,,,,,,0.0
reactive_power_k,21.0,19.0,Poppy,,,,,,0.0
reactive_power_k,21.0,19.0,Oxlip,,,,,,0.0
reactive_power_k,21.0,19.0,Daisy,,,,,,0.0
reactive_power_k,21.0,19.0,Tulip,,,,,,0.0
reactive_power_k,21.0,19.0,Maryj,,,,,,-0.03328702594000199
reactive_power_k,22.0,0.0,Poppy,,,,,,0.0
reactive_power_k,22.0,0.0,Oxlip,,,,,,0.003718539153061278
reactive_power_k,22.0,0.0,Daisy,,,,,,0.0
reactive_power_k,22.0,0.0,Tulip,,,,,,0.0
reactive_power_k,22.0,0.0,Maryj,,,,,,0.0
reactive_power_k,22.0,2.0,Poppy,,,,,,0.0
reactive_power_k,22.0,2.0,Oxlip,,,,,,0.0
reactive_power_k,22.0,2.0,Daisy,,,,,,0.005347897070717487
reactive_power_k,22.0,2.0,Tulip,,,,,,0.0
reactive_power_k,22.0,2.0,Maryj,,,,,,0.0
reactive_power_k,22.0,6.0,Poppy,,,,,,-0.0003387517181739497
reactive_power_k,22.0,6.0,Oxlip,,,,,,0.0
reactive_power_k,22.0,6.0,Daisy,,,,,,0.0
reactive_power_k,22.0,6.0,Tulip,,,,,,0.0
reactive_power_k,22.0,6.0,Maryj,,,,,,0.0
reactive_power_k,22.0,10.0,Poppy,,,,,,0.0
reactive_power_k,22.0,10.0,Oxlip,,,,,,0.0
reactive_power_k,22.0,10.0,Daisy,,,,,,-0.008383341753493201
reactive_power_k,22.0,10.0,Tulip,,,,,,0.0
reactive_power_k,22.0,10.0,Maryj,,,,,,0.0
reactive_power_k,22.0,11.0,Poppy,,,,,,-0.012022787240454382
reactive_power_k,22.0,11.0,Oxlip,,,,,,0.0
reactive_power_k,22.0,11.0,Daisy,,,,,,0.0
reactive_power_k,22.0,11.0,Tulip,,,,,,0.0
reactive_power_k,22.0,11.0,Maryj,,,,,,0.0
reactive_power_k,22.0,12.0,Poppy,,,,,,0.021376229090600204
reactive_power_k,22.0,12.0,Oxlip,,,,,,0.0
reactive_power_k,22.0,12.0,Daisy,,,,,,0.0
reactive_power_k,22.0,12.0,Tulip,,,,,,0.0
reactive_power_k,22.0,12.0,Maryj,,,,,,0.0
reactive_power_k,22.0,13.0,Poppy,,,,,,0.0
reactive_power_k,22.0,13.0,Oxlip,,,,,,0.0
reactive_power_k,22.0,13.0,Daisy,,,,,,0.0
reactive_power_k,22.0,13.0,Tulip,,,,,,0.0097854595674759
reactive_power_k,22.0,13.0,Maryj,,,,,,0.0
reactive_power_k,22.0,14.0,Poppy,,,,,,0.0
reactive_power_k,22.0,14.0,Oxlip,,,,,,0.003874796538322808
reactive_power_k,22.0,14.0,Daisy,,,,,,0.0
reactive_power_k,22.0,14.0,Tulip,,,,,,0.0
reactive_power_k,22.0,14.0,Maryj,,,,,,0.0
reactive_power_k,22.0,15.0,Poppy,,,,,,0.0
reactive_power_k,22.0,15.0,Oxlip,,,,,,0.0
reactive_power_k,22.0,15.0,Daisy,,,,,,-0.007676439775462303
reactive_power_k,22.0,15.0,Tulip,,,,,,0.0
reactive_power_k,22.0,15.0,Maryj,,,,,,0.0
reactive_power_k,22.0,17.0,Poppy,,,,,,0.054397835027282036
reactive_power_k,22.0,17.0,Oxlip,,,,,,0.0
reactive_power_k,22.0,17.0,Daisy,,,,,,0.0
reactive_power_k,22.0,17.0,Tulip,,,,,,0.0
reactive_power_k,22.0,17.0,Maryj,,,,,,0.0
reactive_power_k,22.0,18.0,Poppy,,,,,,0.0
reactive_power_k,22.0,18.0,Oxlip,,,,,,0.0
reactive_power_k,22.0,18.0,Daisy,,,,,,0.0
reactive_power_k,22.0,18.0,Tulip,,,,,,0.0
reactive_power_k,22.0,18.0,Maryj,,,,,,0.0
reactive_power_k,22.0,19.0,Poppy,,,,,,0.0
reactive_power_k,22.0,19.0,Oxlip,,,,,,0.0
reactive_power_k,22.0,19.0,Daisy,,,,,,0.0
reactive_power_k,22.0,19.0,Tulip,,,,,,0.0
reactive_power_k,22.0,19.0,Maryj,,,,,,-0.02760626289855328
reactive_power_k,23.0,0.0,Poppy,,,,,,0.0
reactive_power_k,23.0,0.0,Oxlip,,,,,,0.0036940060908395153
reactive_power_k,23.0,0.0,Daisy,,,,,,0.0
reactive_power_k,23.0,0.0,Tulip,,,,,,0.0
reactive_power_k,23.0,0.0,Maryj,,,,,,0.0
reactive_power_k,23.0,2.0,Poppy,,,,,,0.0
reactive_power_k,23.0,2.0,Oxlip,,,,,,0.0
reactive_power_k,23.0,2.0,Daisy,,,,,,0.004856067600768542
reactive_power_k,23.0,2.0,Tulip,,,,,,0.0
reactive_power_k,23.0,2.0,Maryj,,,,,,0.0
reactive_power_k,23.0,6.0,Poppy,,,,,,-0.0006652365052399133
reactive_power_k,23.0,6.0,Oxlip,,,,,,0.0
reactive_power_k,23.0,6.0,Daisy,,,,,,0.0
reactive_power_k,23.0,6.0,Tulip,,,,,,0.0
reactive_power_k,23.0,6.0,Maryj,,,,,,0.0
reactive_power_k,23.0,10.0,Poppy,,,,,,0.0
reactive_power_k,23.0,10.0,Oxlip,,,,,,0.0
reactive_power_k,23.0,10.0,Daisy,,,,,,-0.007863687179466644
reactive_power_k,23.0,10.0,Tulip,,,,,,0.0
reactive_power_k,23.0,10.0,Maryj,,,,,,0.0
reactive_power_k,23.0,11.0,Poppy,,,,,,-0.010917936820355767
reactive_power_k,23.0,11.0,Oxlip,,,,,,0.0
reactive_power_k,23.0,11.0,Daisy,,,,,,0.0
reactive_power_k,23.0,11.0,Tulip,,,,,,0.0
reactive_power_k,23.0,11.0,Maryj,,,,,,0.0
reactive_power_k,23.0,12.0,Poppy,,,,,,0.020269925193906305
reactive_power_k,23.0,12.0,Oxlip,,,,,,0.0
reactive_power_k,23.0,12.0,Daisy,,,,,,0.0
reactive_power_k,23.0,12.0,Tulip,,,,,,0.0
reactive_power_k,23.0,12.0,Maryj,,,,,,0.0
reactive_power_k,23.0,13.0,Poppy,,,,,,0.0
reactive_power_k,23.0,13.0,Oxlip,,,,,,0.0
reactive_power_k,23.0,13.0,Daisy,,,,,,0.0
reactive_power_k,23.0,13.0,Tulip,,,,,,0.008490707614392735
reactive_power_k,23.0,13.0,Maryj,,,,,,0.0
reactive_power_k,23.0,14.0,Poppy,,,,,,0.0
reactive_power_k,23.0,14.0,Oxlip,,,,,,0.0037694608718332294
reactive_power_k,23.0,14.0,Daisy,,,,,,0.0
reactive_power_k,23.0,14.0,Tulip,,,,,,0.0
reactive_power_k,23.0,14.0,Maryj,,,,,,0.0
reactive_power_k,23.0,15.0,Poppy,,,,,,0.0
reactive_power_k,23.0,15.0,Oxlip,,,,,,0.0
reactive_power_k,23.0,15.0,Daisy,,,,,,-0.006613388041663936
reactive_power_k,23.0,15.0,Tulip,,,,,,0.0
reactive_power_k,23.0,15.0,Maryj,,,,,,0.0
reactive_power_k,23.0,17.0,Poppy,,,,,,0.049475272514559986
reactive_power_k,23.0,17.0,Oxlip,,,,,,0.0
reactive_power_k,23.0,17.0,Daisy,,,,,,0.0
reactive_power_k,23.0,17.0,Tulip,,,,,,0.0
reactive_power_k,23.0,17.0,Maryj,,,,,,0.0
reactive_power_k,23.0,18.0,Poppy,,,,,,0.0
reactive_power_k,23.0,18.0,Oxlip,,,,,,0.0
reactive_power_k,23.0,18.0,Daisy,,,,,,0.0
reactive_power_k,23.0,18.0,Tulip,,,,,,0.0
reactive_power_k,23.0,18.0,Maryj,,,,,,0.0
reactive_power_k,23.0,19.0,Poppy,,,,,,0.0
reactive_power_k,23.0,19.0,Oxlip,,,,,,0.0
reactive_power_k,23.0,19.0,Daisy,,,,,,0.0
reactive_power_k,23.0,19.0,Tulip,,,,,,0.0
reactive_power_k,23.0,19.0,Maryj,,,,,,-0.024304028158483648
reactive_power_k,24.0,0.0,Poppy,,,,,,0.0
reactive_power_k,24.0,0.0,Oxlip,,,,,,0.003553706415087179
reactive_power_k,24.0,0.0,Daisy,,,,,,0.0
reactive_power_k,24.0,0.0,Tulip,,,,,,0.0
reactive_power_k,24.0,0.0,Maryj,,,,,,0.0
reactive_power_k,24.0,2.0,Poppy,,,,,,0.0
reactive_power_k,24.0,2.0,Oxlip,,,,,,0.0
reactive_power_k,24.0,2.0,Daisy,,,,,,0.00442024986695418
reactive_power_k,24.0,2.0,Tulip,,,,,,0.0
reactive_power_k,24.0,2.0,Maryj,,,,,,0.0
reactive_power_k,24.0,6.0,Poppy,,,,,,-0.0006030376040840051
reactive_power_k,24.0,6.0,Oxlip,,,,,,0.0
reactive_power_k,24.0,6.0,Daisy,,,,,,0.0
reactive_power_k,24.0,6.0,Tulip,,,,,,0.0
reactive_power_k,24.0,6.0,Maryj,,,,,,0.0
reactive_power_k,24.0,10.0,Poppy,,,,,,0.0
reactive_power_k,24.0,10.0,Oxlip,,,,,,0.0
reactive_power_k,24.0,10.0,Daisy,,,,,,-0.007310049410858971
reactive_power_k,24.0,10.0,Tulip,,,,,,0.0
reactive_power_k,24.0,10.0,Maryj,,,,,,0.0
reactive_power_k,24.0,11.0,Poppy,,,,,,-0.00993834250137265
reactive_power_k,24.0,11.0,Oxlip,,,,,,0.0
reactive_power_k,24.0,11.0,Daisy,,,,,,0.0
reactive_power_k,24.0,11.0,Tulip,,,,,,0.0
reactive_power_k,24.0,11.0,Maryj,,,,,,0.0
reactive_power_k,24.0,12.0,Poppy,,,,,,0.019003321142706774
reactive_power_k,24.0,12.0,Oxlip,,,,,,0.0
reactive_power_k,24.0,12.0,Daisy,,,,,,0.0
reactive_power_k,24.0,12.0,Tulip,,,,,,0.0
reactive_power_k,24.0,12.0,Maryj,,,,,,0.0
reactive_power_k,24.0,13.0,Poppy,,,,,,0.0
reactive_power_k,24.0,13.0,Oxlip,,,,,,0.0
reactive_power_k,24.0,13.0,Daisy,,,,,,0.0
reactive_power_k,24.0,13.0,Tulip,,,,,,0.007628985509313586
reactive_power_k,24.0,13.0,Maryj,,,,,,0.0
reactive_power_k,24.0,14.0,Poppy,,,,,,0.0
reactive_power_k,24.0,14.0,Oxlip,,,,,,0.003583170972844226
reactive_power_k,24.0,14.0,Daisy,,,,,,0.0
reactive_power_k,24.0,14.0,Tulip,,,,,,0.0
reactive_power_k,24.0,14.0,Maryj,,,,,,0.0
reactive_power_k,24.0,15.0,Poppy,,,,,,0.0
reactive_power_k,24.0,15.0,Oxlip,,,,,,0.0
reactive_power_k,24.0,15.0,Daisy,,,,,,-0.006022524063497764
reactive_power_k,24.0,15.0,Tulip,,,,,,0.0
reactive_power_k,24.0,15.0,Maryj,,,,,,0.0
reactive_power_k,24.0,17.0,Poppy,,,,,,0.04547999564499802
reactive_power_k,24.0,17.0,Oxlip,,,,,,0.0
reactive_power_k,24.0,17.0,Daisy,,,,,,0.0
reactive_power_k,24.0,17.0,Tulip,,,,,,0.0
reactive_power_k,24.0,17.0,Maryj,,,,,,0.0
reactive_power_k,24.0,18.0,Poppy,,,,,,0.0
reactive_power_k,24.0,18.0,Oxlip,,,,,,0.0
reactive_power_k,24.0,18.0,Daisy,,,,,,0.0
reactive_power_k,24.0,18.0,Tulip,,,,,,0.0
reactive_power_k,24.0,18.0,Maryj,,,,,,0.0
reactive_power_k,24.0,19.0,Poppy,,,,,,0.0
reactive_power_k,24.0,19.0,Oxlip,,,,,,0.0
reactive_power_k,24.0,19.0,Daisy,,,,,,0.0
reactive_power_k,24.0,19.0,Tulip,,,,,,0.0
reactive_power_k,24.0,19.0,Maryj,,,,,,-0.022024934054422074
reactive_power,1.0,0.0,,,,,,,0.003758123996094366
reactive_power,1.0,2.0,,,,,,,0.006556881061583454
reactive_power,1.0,6.0,,,,,,,-0.0006652365052399133
reactive_power,1.0,10.0,,,,,,,-0.00929115406733716
reactive_power,1.0,11.0,,,,,,,-0.01474671731646613
reactive_power,1.0,12.0,,,,,,,0.024261273573731156
reactive_power,1.0,13.0,,,,,,,0.00954504866971024
reactive_power,1.0,14.0,,,,,,,0.0037611350736623615
reactive_power,1.0,15.0,,,,,,,-0.009165908372404172
reactive_power,1.0,17.0,,,,,,,0.06191709269926419
reactive_power,1.0,18.0,,,,,,,0.0
reactive_power,1.0,19.0,,,,,,,-0.031074404131555156
reactive_power,2.0,0.0,,,,,,,0.0035693656768861623
reactive_power,2.0,2.0,,,,,,,0.006738641517999744
reactive_power,2.0,6.0,,,,,,,-0.0006058648268638194
reactive_power,2.0,10.0,,,,,,,-0.009280424692501094
reactive_power,2.0,11.0,,,,,,,-0.0151555706311802
reactive_power,2.0,12.0,,,,,,,0.024191100386772826
reactive_power,2.0,13.0,,,,,,,0.009496425262306525
reactive_power,2.0,14.0,,,,,,,0.00359708570580852
reactive_power,2.0,15.0,,,,,,,-0.009497848927256308
reactive_power,2.0,17.0,,,,,,,0.0626532488910155
reactive_power,2.0,18.0,,,,,,,0.0
reactive_power,2.0,19.0,,,,,,,-0.031700219870839486
reactive_power,3.0,0.0,,,,,,,0.003873260801466471
reactive_power,3.0,2.0,,,,,,,0.0067301844531390985
reactive_power,3.0,6.0,,,,,,,-0.0006134040876099898
reactive_power,3.0,10.0,,,,,,,-0.009576535081500442
reactive_power,3.0,11.0,,,,,,,-0.0151365472469458
reactive_power,3.0,12.0,,,,,,,0.024943099409282476
reactive_power,3.0,13.0,,,,,,,0.009818175558142643
reactive_power,3.0,14.0,,,,,,,0.003900329863895765
reactive_power,3.0,15.0,,,,,,,-0.00947762741035388
reactive_power,3.0,17.0,,,,,,,0.06368268014853656
reactive_power,3.0,18.0,,,,,,,0.0
reactive_power,3.0,19.0,,,,,,,-0.03198578695858201
reactive_power,4.0,0.0,,,,,,,0.0039356665634012
reactive_power,4.0,2.0,,,,,,,0.006900708455369793
reactive_power,4.0,6.0,,,,,,,-0.0005841169593267882
reactive_power,4.0,10.0,,,,,,,-0.009747231910567394
reactive_power,4.0,11.0,,,,,,,-0.015520125198525383
reactive_power,4.0,12.0,,,,,,,0.02548484662476838
reactive_power,4.0,13.0,,,,,,,0.00996470525664332
reactive_power,4.0,14.0,,,,,,,0.003927184961120378
reactive_power,4.0,15.0,,,,,,,-0.009762633173023458
reactive_power,4.0,17.0,,,,,,,0.0651471511033219
reactive_power,4.0,18.0,,,,,,,0.0
reactive_power,4.0,19.0,,,,,,,-0.03273850558535685
reactive_power,5.0,0.0,,,,,,,0.003050440620108877
reactive_power,5.0,2.0,,,,,,,0.006782262168333582
reactive_power,5.0,6.0,,,,,,,-0.0005442458688422314
reactive_power,5.0,10.0,,,,,,,-0.008797415972636169
reactive_power,5.0,11.0,,,,,,,-0.0152536912445997
reactive_power,5.0,12.0,,,,,,,0.022972276329027028
reactive_power,5.0,13.0,,,,,,,0.009087964364887628
reactive_power,5.0,14.0,,,,,,,0.0030772817559112844
reactive_power,5.0,15.0,,,,,,,-0.009624881627557567
reactive_power,5.0,17.0,,,,,,,0.061280181205369114
reactive_power,5.0,18.0,,,,,,,0.0
reactive_power,5.0,19.0,,,,,,,-0.03150124270656318
reactive_power,6.0,0.0,,,,,,,0.0027469615169618
reactive_power,6.0,2.0,,,,,,,0.00695181994679009
reactive_power,6.0,6.0,,,,,,,-0.0005140577574753531
reactive_power,6.0,10.0,,,,,,,-0.008610760616258206
reactive_power,6.0,11.0,,,,,,,-0.01563491600279416
reactive_power,6.0,12.0,,,,,,,0.022583343764192652
reactive_power,6.0,13.0,,,,,,,0.00921377271522028
reactive_power,6.0,14.0,,,,,,,0.0027476671152103964
reactive_power,6.0,15.0,,,,,,,-0.009909219577720757
reactive_power,6.0,17.0,,,,,,,0.061800873218920284
reactive_power,6.0,18.0,,,,,,,0.0
reactive_power,6.0,19.0,,,,,,,-0.03223267118825246
reactive_power,7.0,0.0,,,,,,,0.0019433238052005935
reactive_power,7.0,2.0,,,,,,,0.007750419203931682
reactive_power,7.0,6.0,,,,,,,-0.00031843051091606106
reactive_power,7.0,10.0,,,,,,,-0.008721281503393435
reactive_power,7.0,11.0,,,,,,,-0.017428624229506643
reactive_power,7.0,12.0,,,,,,,0.022337828684403323
reactive_power,7.0,13.0,,,,,,,0.009672446398463135
reactive_power,7.0,14.0,,,,,,,0.0021855474173284447
reactive_power,7.0,15.0,,,,,,,-0.011300652308755038
reactive_power,7.0,17.0,,,,,,,0.06575356380271405
reactive_power,7.0,18.0,,,,,,,0.0
reactive_power,7.0,19.0,,,,,,,-0.03561600855550062
reactive_power,8.0,0.0,,,,,,,0.0016680636524412352
reactive_power,8.0,2.0,,,,,,,0.009371164004240927
reactive_power,8.0,6.0,,,,,,,0.00016934496113786196
reactive_power,8.0,10.0,,,,,,,-0.010617517985423292
reactive_power,8.0,11.0,,,,,,,-0.021070023192361606
reactive_power,8.0,12.0,,,,,,,0.025282159631537758
reactive_power,8.0,13.0,,,,,,,0.011932154676128993
reactive_power,8.0,14.0,,,,,,,0.002716259288287691
reactive_power,8.0,15.0,,,,,,,-0.014216027089378929
reactive_power,8.0,17.0,,,,,,,0.07866472731468029
reactive_power,8.0,18.0,,,,,,,0.0
reactive_power,8.0,19.0,,,,,,,-0.0439410769941605
reactive_power,9.0,0.0,,,,,,,0.004824034116100494
reactive_power,9.0,2.0,,,,,,,0.01839367414689419
reactive_power,9.0,6.0,,,,,,,0.0019402684343779184
reactive_power,9.0,10.0,,,,,,,-0.021876983487143425
reactive_power,9.0,11.0,,,,,,,-0.04131472655074087
reactive_power,9.0,12.0,,,,,,,0.053710273630781236
reactive_power,9.0,13.0,,,,,,,0.025006863867232665
reactive_power,9.0,14.0,,,,,,,0.006383961030615592
reactive_power,9.0,15.0,,,,,,,-0.029483419468205162
reactive_power,9.0,17.0,,,,,,,0.1622207570370485
reactive_power,9.0,18.0,,,,,,,0.0
reactive_power,9.0,19.0,,,,,,,-0.08988705980747591
reactive_power,10.0,0.0,,,,,,,0.005124440205187447
reactive_power,10.0,2.0,,,,,,,0.014687150615241925
reactive_power,10.0,6.0,,,,,,,0.004584591574244936
reactive_power,10.0,10.0,,,,,,,-0.019195166181924628
reactive_power,10.0,11.0,,,,,,,-0.03298870197888286
reactive_power,10.0,12.0,,,,,,,0.04611923931615852
reactive_power,10.0,13.0,,,,,,,0.022283955171613655
reactive_power,10.0,14.0,,,,,,,0.006824402939843547
reactive_power,10.0,15.0,,,,,,,-0.02657705956016685
reactive_power,10.0,17.0,,,,,,,0.13836707085623767
reactive_power,10.0,18.0,,,,,,,0.0
reactive_power,10.0,19.0,,,,,,,-0.07734473792083463
reactive_power,11.0,0.0,,,,,,,0.0054930172349582276
reactive_power,11.0,2.0,,,,,,,0.014342265452855867
reactive_power,11.0,6.0,,,,,,,0.004444481815942121
reactive_power,11.0,10.0,,,,,,,-0.018693103125567073
reactive_power,11.0,11.0,,,,,,,-0.032215074090513496
reactive_power,11.0,12.0,,,,,,,0.04621718240116436
reactive_power,11.0,13.0,,,,,,,0.022048945681135686
reactive_power,11.0,14.0,,,,,,,0.0066124503416245
reactive_power,11.0,15.0,,,,,,,-0.025921197876284455
reactive_power,11.0,17.0,,,,,,,0.13654792641451838
reactive_power,11.0,18.0,,,,,,,0.0
reactive_power,11.0,19.0,,,,,,,-0.07576885316323223
reactive_power,12.0,0.0,,,,,,,0.0055560363791836145
reactive_power,12.0,2.0,,,,,,,0.014703495209504387
reactive_power,12.0,6.0,,,,,,,0.004705023392735833
reactive_power,12.0,10.0,,,,,,,-0.019197772196099055
reactive_power,12.0,11.0,,,,,,,-0.03302572969829104
reactive_power,12.0,12.0,,,,,,,0.04721331361953946
reactive_power,12.0,13.0,,,,,,,0.023110721989835364
reactive_power,12.0,14.0,,,,,,,0.006813123559239905
reactive_power,12.0,15.0,,,,,,,-0.02672217652492987
reactive_power,12.0,17.0,,,,,,,0.14050159692124675
reactive_power,12.0,18.0,,,,,,,0.0
reactive_power,12.0,19.0,,,,,,,-0.078352260989488
reactive_power,13.0,0.0,,,,,,,0.005605426542209906
reactive_power,13.0,2.0,,,,,,,0.014130858909291735
reactive_power,13.0,6.0,,,,,,,0.004173196466592422
reactive_power,13.0,10.0,,,,,,,-0.018641329328600215
reactive_power,13.0,11.0,,,,,,,-0.03174161191660736
reactive_power,13.0,12.0,,,,,,,0.04601652258103115
reactive_power,13.0,13.0,,,,,,,0.022167644740671903
reactive_power,13.0,14.0,,,,,,,0.0067382248598724555
reactive_power,13.0,15.0,,,,,,,-0.025334271077663992
reactive_power,13.0,17.0,,,,,,,0.13525088604136093
reactive_power,13.0,18.0,,,,,,,0.0
reactive_power,13.0,19.0,,,,,,,-0.0748834569472967
reactive_power,14.0,0.0,,,,,,,0.005358562343849731
reactive_power,14.0,2.0,,,,,,,0.015101789473439499
reactive_power,14.0,6.0,,,,,,,0.0037110734929930527
reactive_power,14.0,10.0,,,,,,,-0.01926640913538899
reactive_power,14.0,11.0,,,,,,,-0.03391784218647842
reactive_power,14.0,12.0,,,,,,,0.04763076300837522
reactive_power,14.0,13.0,,,,,,,0.022697341514941873
reactive_power,14.0,14.0,,,,,,,0.006547218315459579
reactive_power,14.0,15.0,,,,,,,-0.026322968283978666
reactive_power,14.0,17.0,,,,,,,0.14131135255368887
reactive_power,14.0,18.0,,,,,,,0.0
reactive_power,14.0,19.0,,,,,,,-0.07834994889730673
reactive_power,15.0,0.0,,,,,,,0.00556264934900119
reactive_power,15.0,2.0,,,,,,,0.014687244727888682
reactive_power,15.0,6.0,,,,,,,0.004163441153851894
reactive_power,15.0,10.0,,,,,,,-0.019017756560102156
reactive_power,15.0,11.0,,,,,,,-0.032986199631698715
reactive_power,15.0,12.0,,,,,,,0.047141087499317134
reactive_power,15.0,13.0,,,,,,,0.02229973012292601
reactive_power,15.0,14.0,,,,,,,0.0066479316982151464
reactive_power,15.0,15.0,,,,,,,-0.026154240908317694
reactive_power,15.0,17.0,,,,,,,0.13911420192643784
reactive_power,15.0,18.0,,,,,,,0.0
reactive_power,15.0,19.0,,,,,,,-0.07705923354151023
reactive_power,16.0,0.0,,,,,,,0.005743138118166299
reactive_power,16.0,2.0,,,,,,,0.013574427868118863
reactive_power,16.0,6.0,,,,,,,0.004187233650557711
reactive_power,16.0,10.0,,,,,,,-0.018272252277157952
reactive_power,16.0,11.0,,,,,,,-0.030482511290883325
reactive_power,16.0,12.0,,,,,,,0.04502204321069791
reactive_power,16.0,13.0,,,,,,,0.021605971024978958
reactive_power,16.0,14.0,,,,,,,0.006841310543076701
reactive_power,16.0,15.0,,,,,,,-0.02450890784447993
reactive_power,16.0,17.0,,,,,,,0.13151175575433388
reactive_power,16.0,18.0,,,,,,,0.0
reactive_power,16.0,19.0,,,,,,,-0.07268428100292879
reactive_power,17.0,0.0,,,,,,,0.005752155785160992
reactive_power,17.0,2.0,,,,,,,0.009645159497799809
reactive_power,17.0,6.0,,,,,,,0.003523614677215742
reactive_power,17.0,10.0,,,,,,,-0.015096294130617555
reactive_power,17.0,11.0,,,,,,,-0.02164297835884679
reactive_power,17.0,12.0,,,,,,,0.03575781829251639
reactive_power,17.0,13.0,,,,,,,0.01907788577288625
reactive_power,17.0,14.0,,,,,,,0.006980177246050006
reactive_power,17.0,15.0,,,,,,,-0.01795226691644693
reactive_power,17.0,17.0,,,,,,,0.101918357403405
reactive_power,17.0,18.0,,,,,,,0.0
reactive_power,17.0,19.0,,,,,,,-0.05626475916089091
reactive_power,18.0,0.0,,,,,,,0.004139629564264773
reactive_power,18.0,2.0,,,,,,,0.0060750021130200615
reactive_power,18.0,6.0,,,,,,,0.0035517090684259274
reactive_power,18.0,10.0,,,,,,,-0.010549658750957619
reactive_power,18.0,11.0,,,,,,,-0.01364398356899266
reactive_power,18.0,12.0,,,,,,,0.022922434327708012
reactive_power,18.0,13.0,,,,,,,0.013508550203350332
reactive_power,18.0,14.0,,,,,,,0.005433164912585372
reactive_power,18.0,15.0,,,,,,,-0.012647698114421034
reactive_power,18.0,17.0,,,,,,,0.06737887032657455
reactive_power,18.0,18.0,,,,,,,0.0
reactive_power,18.0,19.0,,,,,,,-0.03821190266488039
reactive_power,19.0,0.0,,,,,,,0.0035748113656570335
reactive_power,19.0,2.0,,,,,,,0.00460176391021159
reactive_power,19.0,6.0,,,,,,,0.0023386100925290696
reactive_power,19.0,10.0,,,,,,,-0.008488953966246937
reactive_power,19.0,11.0,,,,,,,-0.01034296175300819
reactive_power,19.0,12.0,,,,,,,0.01831442347443691
reactive_power,19.0,13.0,,,,,,,0.010963297607972433
reactive_power,19.0,14.0,,,,,,,0.004610343308868864
reactive_power,19.0,15.0,,,,,,,-0.009233917927867862
reactive_power,19.0,17.0,,,,,,,0.05218397424816524
reactive_power,19.0,18.0,,,,,,,0.0
reactive_power,19.0,19.0,,,,,,,-0.029146730945891708
reactive_power,20.0,0.0,,,,,,,0.004929869337197116
reactive_power,20.0,2.0,,,,,,,0.005326315773942399
reactive_power,20.0,6.0,,,,,,,0.002263092891308665
reactive_power,20.0,10.0,,,,,,,-0.009971425791489297
reactive_power,20.0,11.0,,,,,,,-0.01197276452238045
reactive_power,20.0,12.0,,,,,,,0.023009628367067686
reactive_power,20.0,13.0,,,,,,,0.012274868783640862
reactive_power,20.0,14.0,,,,,,,0.005481639095596627
reactive_power,20.0,15.0,,,,,,,-0.010244935906228965
reactive_power,20.0,17.0,,,,,,,0.06125260598343374
reactive_power,20.0,18.0,,,,,,,0.0
reactive_power,20.0,19.0,,,,,,,-0.03280361075371696
reactive_power,21.0,0.0,,,,,,,0.007332544775139209
reactive_power,21.0,2.0,,,,,,,0.005361675239566494
reactive_power,21.0,6.0,,,,,,,0.0007727559973332561
reactive_power,21.0,10.0,,,,,,,-0.012038939962794315
reactive_power,21.0,11.0,,,,,,,-0.01205377679232679
reactive_power,21.0,12.0,,,,,,,0.028941435499337226
reactive_power,21.0,13.0,,,,,,,0.014160861341150006
reactive_power,21.0,14.0,,,,,,,0.007518773665671769
reactive_power,21.0,15.0,,,,,,,-0.008808607192217783
reactive_power,21.0,17.0,,,,,,,0.0676915000393433
reactive_power,21.0,18.0,,,,,,,0.0
reactive_power,21.0,19.0,,,,,,,-0.03328702594000199
reactive_power,22.0,0.0,,,,,,,0.003718539153061278
reactive_power,22.0,2.0,,,,,,,0.005347897070717487
reactive_power,22.0,6.0,,,,,,,-0.0003387517181739497
reactive_power,22.0,10.0,,,,,,,-0.008383341753493201
reactive_power,22.0,11.0,,,,,,,-0.012022787240454382
reactive_power,22.0,12.0,,,,,,,0.021376229090600204
reactive_power,22.0,13.0,,,,,,,0.0097854595674759
reactive_power,22.0,14.0,,,,,,,0.003874796538322808
reactive_power,22.0,15.0,,,,,,,-0.007676439775462303
reactive_power,22.0,17.0,,,,,,,0.054397835027282036
reactive_power,22.0,18.0,,,,,,,0.0
reactive_power,22.0,19.0,,,,,,,-0.02760626289855328
reactive_power,23.0,0.0,,,,,,,0.0036940060908395153
reactive_power,23.0,2.0,,,,,,,0.004856067600768542
reactive_power,23.0,6.0,,,,,,,-0.0006652365052399133
reactive_power,23.0,10.0,,,,,,,-0.007863687179466644
reactive_power,23.0,11.0,,,,,,,-0.010917936820355767
reactive_power,23.0,12.0,,,,,,,0.020269925193906305
reactive_power,23.0,13.0,,,,,,,0.008490707614392735
reactive_power,23.0,14.0,,,,,,,0.0037694608718332294
reactive_power,23.0,15.0,,,,,,,-0.006613388041663936
reactive_power,23.0,17.0,,,,,,,0.049475272514559986
reactive_power,23.0,18.0,,,,,,,0.0
reactive_power,23.0,19.0,,,,,,,-0.024304028158483648
reactive_power,24.0,0.0,,,,,,,0.003553706415087179
reactive_power,24.0,2.0,,,,,,,0.00442024986695418
reactive_power,24.0,6.0,,,,,,,-0.0006030376040840051
reactive_power,24.0,10.0,,,,,,,-0.007310049410858971
reactive_power,24.0,11.0,,,,,,,-0.00993834250137265
reactive_power,24.0,12.0,,,,,,,0.019003321142706774
reactive_power,24.0,13.0,,,,,,,0.007628985509313586
reactive_power,24.0,14.0,,,,,,,0.003583170972844226
reactive_power,24.0,15.0,,,,,,,-0.006022524063497764
reactive_power,24.0,17.0,,,,,,,0.04547999564499802
reactive_power,24.0,18.0,,,,,,,0.0
reactive_power,24.0,19.0,,,,,,,-0.022024934054422074
fictitious_power_k,1.0,0.0,Poppy,,,,,,0.0
fictitious_power_k,1.0,0.0,Oxlip,,,,,,1.0
fictitious_power_k,1.0,0.0,Daisy,,,,,,0.0
fictitious_power_k,1.0,0.0,Tulip,,,,,,0.0
fictitious_power_k,1.0,0.0,Maryj,,,,,,0.0
fictitious_power_k,1.0,2.0,Poppy,,,,,,0.0
fictitious_power_k,1.0,2.0,Oxlip,,,,,,0.0
fictitious_power_k,1.0,2.0,Daisy,,,,,,1.0
fictitious_power_k,1.0,2.0,Tulip,,,,,,0.0
fictitious_power_k,1.0,2.0,Maryj,,,,,,0.0
fictitious_power_k,1.0,6.0,Poppy,,,,,,1.0
fictitious_power_k,1.0,6.0,Oxlip,,,,,,0.0
fictitious_power_k,1.0,6.0,Daisy,,,,,,0.0
fictitious_power_k,1.0,6.0,Tulip,,,,,,0.0
fictitious_power_k,1.0,6.0,Maryj,,,,,,0.0
fictitious_power_k,1.0,10.0,Poppy,,,,,,0.0
fictitious_power_k,1.0,10.0,Oxlip,,,,,,0.0
fictitious_power_k,1.0,10.0,Daisy,,,,,,-3.0
fictitious_power_k,1.0,10.0,Tulip,,,,,,0.0
fictitious_power_k,1.0,10.0,Maryj,,,,,,0.0
fictitious_power_k,1.0,11.0,Poppy,,,,,,-1.0
fictitious_power_k,1.0,11.0,Oxlip,,,,,,0.0
fictitious_power_k,1.0,11.0,Daisy,,,,,,0.0
fictitious_power_k,1.0,11.0,Tulip,,,,,,0.0
fictitious_power_k,1.0,11.0,Maryj,,,,,,0.0
fictitious_power_k,1.0,12.0,Poppy,,,,,,2.0
fictitious_power_k,1.0,12.0,Oxlip,,,,,,0.0
fictitious_power_k,1.0,12.0,Daisy,,,,,,0.0
fictitious_power_k,1.0,12.0,Tulip,,,,,,0.0
fictitious_power_k,1.0,12.0,Maryj,,,,,,0.0
fictitious_power_k,1.0,13.0,Poppy,,,,,,0.0
fictitious_power_k,1.0,13.0,Oxlip,,,,,,0.0
fictitious_power_k,1.0,13.0,Daisy,,,,,,0.0
fictitious_power_k,1.0,13.0,Tulip,,,,,,4.0
fictitious_power_k,1.0,13.0,Maryj,,,,,,0.0
fictitious_power_k,1.0,14.0,Poppy,,,,,,0.0
fictitious_power_k,1.0,14.0,Oxlip,,,,,,2.0
fictitious_power_k,1.0,14.0,Daisy,,,,,,0.0
fictitious_power_k,1.0,14.0,Tulip,,,,,,0.0
fictitious_power_k,1.0,14.0,Maryj,,,,,,0.0
fictitious_power_k,1.0,15.0,Poppy,,,,,,0.0
fictitious_power_k,1.0,15.0,Oxlip,,,,,,0.0
fictitious_power_k,1.0,15.0,Daisy,,,,,,-2.0
fictitious_power_k,1.0,15.0,Tulip,,,,,,0.0
fictitious_power_k,1.0,15.0,Maryj,,,,,,0.0
fictitious_power_k,1.0,17.0,Poppy,,,,,,11.0
fictitious_power_k,1.0,17.0,Oxlip,,,,,,0.0
fictitious_power_k,1.0,17.0,Daisy,,,,,,0.0
fictitious_power_k,1.0,17.0,Tulip,,,,,,0.0
fictitious_power_k,1.0,17.0,Maryj,,,,,,0.0
fictitious_power_k,1.0,18.0,Poppy,,,,,,-1.0
fictitious_power_k,1.0,18.0,Oxlip,,,,,,0.0
fictitious_power_k,1.0,18.0,Daisy,,,,,,0.0
fictitious_power_k,1.0,18.0,Tulip,,,,,,0.0
fictitious_power_k,1.0,18.0,Maryj,,,,,,0.0
fictitious_power_k,1.0,19.0,Poppy,,,,,,0.0
fictitious_power_k,1.0,19.0,Oxlip,,,,,,0.0
fictitious_power_k,1.0,19.0,Daisy,,,,,,0.0
fictitious_power_k,1.0,19.0,Tulip,,,,,,0.0
fictitious_power_k,1.0,19.0,Maryj,,,,,,-7.0
fictitious_power_k,2.0,0.0,Poppy,,,,,,0.0
fictitious_power_k,2.0,0.0,Oxlip,,,,,,1.0
fictitious_power_k,2.0,0.0,Daisy,,,,,,0.0
fictitious_power_k,2.0,0.0,Tulip,,,,,,0.0
fictitious_power_k,2.0,0.0,Maryj,,,,,,0.0
fictitious_power_k,2.0,2.0,Poppy,,,,,,0.0
fictitious_power_k,2.0,2.0,Oxlip,,,,,,0.0
fictitious_power_k,2.0,2.0,Daisy,,,,,,1.0
fictitious_power_k,2.0,2.0,Tulip,,,,,,0.0
fictitious_power_k,2.0,2.0,Maryj,,,,,,0.0
fictitious_power_k,2.0,6.0,Poppy,,,,,,1.0
fictitious_power_k,2.0,6.0,Oxlip,,,,,,0.0
fictitious_power_k,2.0,6.0,Daisy,,,,,,0.0
fictitious_power_k,2.0,6.0,Tulip,,,,,,0.0
fictitious_power_k,2.0,6.0,Maryj,,,,,,0.0
fictitious_power_k,2.0,10.0,Poppy,,,,,,0.0
fictitious_power_k,2.0,10.0,Oxlip,,,,,,0.0
fictitious_power_k,2.0,10.0,Daisy,,,,,,-3.0
fictitious_power_k,2.0,10.0,Tulip,,,,,,0.0
fictitious_power_k,2.0,10.0,Maryj,,,,,,0.0
fictitious_power_k,2.0,11.0,Poppy,,,,,,-1.0
fictitious_power_k,2.0,11.0,Oxlip,,,,,,0.0
fictitious_power_k,2.0,11.0,Daisy,,,,,,0.0
fictitious_power_k,2.0,11.0,Tulip,,,,,,0.0
fictitious_power_k,2.0,11.0,Maryj,,,,,,0.0
fictitious_power_k,2.0,12.0,Poppy,,,,,,2.0
fictitious_power_k,2.0,12.0,Oxlip,,,,,,0.0
fictitious_power_k,2.0,12.0,Daisy,,,,,,0.0
fictitious_power_k,2.0,12.0,Tulip,,,,,,0.0
fictitious_power_k,2.0,12.0,Maryj,,,,,,0.0
fictitious_power_k,2.0,13.0,Poppy,,,,,,0.0
fictitious_power_k,2.0,13.0,Oxlip,,,,,,0.0
fictitious_power_k,2.0,13.0,Daisy,,,,,,0.0
fictitious_power_k,2.0,13.0,Tulip,,,,,,4.0
fictitious_power_k,2.0,13.0,Maryj,,,,,,0.0
fictitious_power_k,2.0,14.0,Poppy,,,,,,0.0
fictitious_power_k,2.0,14.0,Oxlip,,,,,,2.0
fictitious_power_k,2.0,14.0,Daisy,,,,,,0.0
fictitious_power_k,2.0,14.0,Tulip,,,,,,0.0
fictitious_power_k,2.0,14.0,Maryj,,,,,,0.0
fictitious_power_k,2.0,15.0,Poppy,,,,,,0.0
fictitious_power_k,2.0,15.0,Oxlip,,,,,,0.0
fictitious_power_k,2.0,15.0,Daisy,,,,,,-2.0
fictitious_power_k,2.0,15.0,Tulip,,,,,,0.0
fictitious_power_k,2.0,15.0,Maryj,,,,,,0.0
fictitious_power_k,2.0,17.0,Poppy,,,,,,11.0
fictitious_power_k,2.0,17.0,Oxlip,,,,,,0.0
fictitious_power_k,2.0,17.0,Daisy,,,,,,0.0
fictitious_power_k,2.0,17.0,Tulip,,,,,,0.0
fictitious_power_k,2.0,17.0,Maryj,,,,,,0.0
fictitious_power_k,2.0,18.0,Poppy,,,,,,-1.0
fictitious_power_k,2.0,18.0,Oxlip,,,,,,0.0
fictitious_power_k,2.0,18.0,Daisy,,,,,,0.0
fictitious_power_k,2.0,18.0,Tulip,,,,,,0.0
fictitious_power_k,2.0,18.0,Maryj,,,,,,0.0
fictitious_power_k,2.0,19.0,Poppy,,,,,,0.0
fictitious_power_k,2.0,19.0,Oxlip,,,,,,0.0
fictitious_power_k,2.0,19.0,Daisy,,,,,,0.0
fictitious_power_k,2.0,19.0,Tulip,,,,,,0.0
fictitious_power_k,2.0,19.0,Maryj,,,,,,-7.0
fictitious_power_k,3.0,0.0,Poppy,,,,,,0.0
fictitious_power_k,3.0,0.0,Oxlip,,,,,,1.0
fictitious_power_k,3.0,0.0,Daisy,,,,,,0.0
fictitious_power_k,3.0,0.0,Tulip,,,,,,0.0
fictitious_power_k,3.0,0.0,Maryj,,,,,,0.0
fictitious_power_k,3.0,2.0,Poppy,,,,,,0.0
fictitious_power_k,3.0,2.0,Oxlip,,,,,,0.0
fictitious_power_k,3.0,2.0,Daisy,,,,,,1.0
fictitious_power_k,3.0,2.0,Tulip,,,,,,0.0
fictitious_power_k,3.0,2.0,Maryj,,,,,,0.0
fictitious_power_k,3.0,6.0,Poppy,,,,,,1.0
fictitious_power_k,3.0,6.0,Oxlip,,,,,,0.0
fictitious_power_k,3.0,6.0,Daisy,,,,,,0.0
fictitious_power_k,3.0,6.0,Tulip,,,,,,0.0
fictitious_power_k,3.0,6.0,Maryj,,,,,,0.0
fictitious_power_k,3.0,10.0,Poppy,,,,,,0.0
fictitious_power_k,3.0,10.0,Oxlip,,,,,,0.0
fictitious_power_k,3.0,10.0,Daisy,,,,,,-3.0
fictitious_power_k,3.0,10.0,Tulip,,,,,,0.0
fictitious_power_k,3.0,10.0,Maryj,,,,,,0.0
fictitious_power_k,3.0,11.0,Poppy,,,,,,-1.0
fictitious_power_k,3.0,11.0,Oxlip,,,,,,0.0
fictitious_power_k,3.0,11.0,Daisy,,,,,,0.0
fictitious_power_k,3.0,11.0,Tulip,,,,,,0.0
fictitious_power_k,3.0,11.0,Maryj,,,,,,0.0
fictitious_power_k,3.0,12.0,Poppy,,,,,,2.0
fictitious_power_k,3.0,12.0,Oxlip,,,,,,0.0
fictitious_power_k,3.0,12.0,Daisy,,,,,,0.0
fictitious_power_k,3.0,12.0,Tulip,,,,,,0.0
fictitious_power_k,3.0,12.0,Maryj,,,,,,0.0
fictitious_power_k,3.0,13.0,Poppy,,,,,,0.0
fictitious_power_k,3.0,13.0,Oxlip,,,,,,0.0
fictitious_power_k,3.0,13.0,Daisy,,,,,,0.0
fictitious_power_k,3.0,13.0,Tulip,,,,,,4.0
fictitious_power_k,3.0,13.0,Maryj,,,,,,0.0
fictitious_power_k,3.0,14.0,Poppy,,,,,,0.0
fictitious_power_k,3.0,14.0,Oxlip,,,,,,2.0
fictitious_power_k,3.0,14.0,Daisy,,,,,,0.0
fictitious_power_k,3.0,14.0,Tulip,,,,,,0.0
fictitious_power_k,3.0,14.0,Maryj,,,,,,0.0
fictitious_power_k,3.0,15.0,Poppy,,,,,,0.0
fictitious_power_k,3.0,15.0,Oxlip,,,,,,0.0
fictitious_power_k,3.0,15.0,Daisy,,,,,,-2.0
fictitious_power_k,3.0,15.0,Tulip,,,,,,0.0
fictitious_power_k,3.0,15.0,Maryj,,,,,,0.0
fictitious_power_k,3.0,17.0,Poppy,,,,,,11.0
fictitious_power_k,3.0,17.0,Oxlip,,,,,,0.0
fictitious_power_k,3.0,17.0,Daisy,,,,,,0.0
fictitious_power_k,3.0,17.0,Tulip,,,,,,0.0
fictitious_power_k,3.0,17.0,Maryj,,,,,,0.0
fictitious_power_k,3.0,18.0,Poppy,,,,,,-1.0
fictitious_power_k,3.0,18.0,Oxlip,,,,,,0.0
fictitious_power_k,3.0,18.0,Daisy,,,,,,0.0
fictitious_power_k,3.0,18.0,Tulip,,,,,,0.0
fictitious_power_k,3.0,18.0,Maryj,,,,,,0.0
fictitious_power_k,3.0,19.0,Poppy,,,,,,0.0
fictitious_power_k,3.0,19.0,Oxlip,,,,,,0.0
fictitious_power_k,3.0,19.0,Daisy,,,,,,0.0
fictitious_power_k,3.0,19.0,Tulip,,,,,,0.0
fictitious_power_k,3.0,19.0,Maryj,,,,,,-7.0
fictitious_power_k,4.0,0.0,Poppy,,,,,,0.0
fictitious_power_k,4.0,0.0,Oxlip,,,,,,1.0
fictitious_power_k,4.0,0.0,Daisy,,,,,,0.0
fictitious_power_k,4.0,0.0,Tulip,,,,,,0.0
fictitious_power_k,4.0,0.0,Maryj,,,,,,0.0
fictitious_power_k,4.0,2.0,Poppy,,,,,,0.0
fictitious_power_k,4.0,2.0,Oxlip,,,,,,0.0
fictitious_power_k,4.0,2.0,Daisy,,,,,,1.0
fictitious_power_k,4.0,2.0,Tulip,,,,,,0.0
fictitious_power_k,4.0,2.0,Maryj,,,,,,0.0
fictitious_power_k,4.0,6.0,Poppy,,,,,,1.0
fictitious_power_k,4.0,6.0,Oxlip,,,,,,0.0
fictitious_power_k,4.0,6.0,Daisy,,,,,,0.0
fictitious_power_k,4.0,6.0,Tulip,,,,,,0.0
fictitious_power_k,4.0,6.0,Maryj,,,,,,0.0
fictitious_power_k,4.0,10.0,Poppy,,,,,,0.0
fictitious_power_k,4.0,10.0,Oxlip,,,,,,0.0
fictitious_power_k,4.0,10.0,Daisy,,,,,,-3.0
fictitious_power_k,4.0,10.0,Tulip,,,,,,0.0
fictitious_power_k,4.0,10.0,Maryj,,,,,,0.0
fictitious_power_k,4.0,11.0,Poppy,,,,,,-1.0
fictitious_power_k,4.0,11.0,Oxlip,,,,,,0.0
fictitious_power_k,4.0,11.0,Daisy,,,,,,0.0
fictitious_power_k,4.0,11.0,Tulip,,,,,,0.0
fictitious_power_k,4.0,11.0,Maryj,,,,,,0.0
fictitious_power_k,4.0,12.0,Poppy,,,,,,2.0
fictitious_power_k,4.0,12.0,Oxlip,,,,,,0.0
fictitious_power_k,4.0,12.0,Daisy,,,,,,0.0
fictitious_power_k,4.0,12.0,Tulip,,,,,,0.0
fictitious_power_k,4.0,12.0,Maryj,,,,,,0.0
fictitious_power_k,4.0,13.0,Poppy,,,,,,0.0
fictitious_power_k,4.0,13.0,Oxlip,,,,,,0.0
fictitious_power_k,4.0,13.0,Daisy,,,,,,0.0
fictitious_power_k,4.0,13.0,Tulip,,,,,,4.0
fictitious_power_k,4.0,13.0,Maryj,,,,,,0.0
fictitious_power_k,4.0,14.0,Poppy,,,,,,0.0
fictitious_power_k,4.0,14.0,Oxlip,,,,,,2.0
fictitious_power_k,4.0,14.0,Daisy,,,,,,0.0
fictitious_power_k,4.0,14.0,Tulip,,,,,,0.0
fictitious_power_k,4.0,14.0,Maryj,,,,,,0.0
fictitious_power_k,4.0,15.0,Poppy,,,,,,0.0
fictitious_power_k,4.0,15.0,Oxlip,,,,,,0.0
fictitious_power_k,4.0,15.0,Daisy,,,,,,-2.0
fictitious_power_k,4.0,15.0,Tulip,,,,,,0.0
fictitious_power_k,4.0,15.0,Maryj,,,,,,0.0
fictitious_power_k,4.0,17.0,Poppy,,,,,,11.0
fictitious_power_k,4.0,17.0,Oxlip,,,,,,0.0
fictitious_power_k,4.0,17.0,Daisy,,,,,,0.0
fictitious_power_k,4.0,17.0,Tulip,,,,,,0.0
fictitious_power_k,4.0,17.0,Maryj,,,,,,0.0
fictitious_power_k,4.0,18.0,Poppy,,,,,,-1.0
fictitious_power_k,4.0,18.0,Oxlip,,,,,,0.0
fictitious_power_k,4.0,18.0,Daisy,,,,,,0.0
fictitious_power_k,4.0,18.0,Tulip,,,,,,0.0
fictitious_power_k,4.0,18.0,Maryj,,,,,,0.0
fictitious_power_k,4.0,19.0,Poppy,,,,,,0.0
fictitious_power_k,4.0,19.0,Oxlip,,,,,,0.0
fictitious_power_k,4.0,19.0,Daisy,,,,,,0.0
fictitious_power_k,4.0,19.0,Tulip,,,,,,0.0
fictitious_power_k,4.0,19.0,Maryj,,,,,,-7.0
fictitious_power_k,5.0,0.0,Poppy,,,,,,0.0
fictitious_power_k,5.0,0.0,Oxlip,,,,,,1.0
fictitious_power_k,5.0,0.0,Daisy,,,,,,0.0
fictitious_power_k,5.0,0.0,Tulip,,,,,,0.0
fictitious_power_k,5.0,0.0,Maryj,,,,,,0.0
fictitious_power_k,5.0,2.0,Poppy,,,,,,0.0
fictitious_power_k,5.0,2.0,Oxlip,,,,,,0.0
fictitious_power_k,5.0,2.0,Daisy,,,,,,1.0
fictitious_power_k,5.0,2.0,Tulip,,,,,,0.0
fictitious_power_k,5.0,2.0,Maryj,,,,,,0.0
fictitious_power_k,5.0,6.0,Poppy,,,,,,1.0
fictitious_power_k,5.0,6.0,Oxlip,,,,,,0.0
fictitious_power_k,5.0,6.0,Daisy,,,,,,0.0
fictitious_power_k,5.0,6.0,Tulip,,,,,,0.0
fictitious_power_k,5.0,6.0,Maryj,,,,,,0.0
fictitious_power_k,5.0,10.0,Poppy,,,,,,0.0
fictitious_power_k,5.0,10.0,Oxlip,,,,,,0.0
fictitious_power_k,5.0,10.0,Daisy,,,,,,-3.0
fictitious_power_k,5.0,10.0,Tulip,,,,,,0.0
fictitious_power_k,5.0,10.0,Maryj,,,,,,0.0
fictitious_power_k,5.0,11.0,Poppy,,,,,,-1.0
fictitious_power_k,5.0,11.0,Oxlip,,,,,,0.0
fictitious_power_k,5.0,11.0,Daisy,,,,,,0.0
fictitious_power_k,5.0,11.0,Tulip,,,,,,0.0
fictitious_power_k,5.0,11.0,Maryj,,,,,,0.0
fictitious_power_k,5.0,12.0,Poppy,,,,,,2.0
fictitious_power_k,5.0,12.0,Oxlip,,,,,,0.0
fictitious_power_k,5.0,12.0,Daisy,,,,,,0.0
fictitious_power_k,5.0,12.0,Tulip,,,,,,0.0
fictitious_power_k,5.0,12.0,Maryj,,,,,,0.0
fictitious_power_k,5.0,13.0,Poppy,,,,,,0.0
fictitious_power_k,5.0,13.0,Oxlip,,,,,,0.0
fictitious_power_k,5.0,13.0,Daisy,,,,,,0.0
fictitious_power_k,5.0,13.0,Tulip,,,,,,4.0
fictitious_power_k,5.0,13.0,Maryj,,,,,,0.0
fictitious_power_k,5.0,14.0,Poppy,,,,,,0.0
fictitious_power_k,5.0,14.0,Oxlip,,,,,,2.0
fictitious_power_k,5.0,14.0,Daisy,,,,,,0.0
fictitious_power_k,5.0,14.0,Tulip,,,,,,0.0
fictitious_power_k,5.0,14.0,Maryj,,,,,,0.0
fictitious_power_k,5.0,15.0,Poppy,,,,,,0.0
fictitious_power_k,5.0,15.0,Oxlip,,,,,,0.0
fictitious_power_k,5.0,15.0,Daisy,,,,,,-2.0
fictitious_power_k,5.0,15.0,Tulip,,,,,,0.0
fictitious_power_k,5.0,15.0,Maryj,,,,,,0.0
fictitious_power_k,5.0,17.0,Poppy,,,,,,11.0
fictitious_power_k,5.0,17.0,Oxlip,,,,,,0.0
fictitious_power_k,5.0,17.0,Daisy,,,,,,0.0
fictitious_power_k,5.0,17.0,Tulip,,,,,,0.0
fictitious_power_k,5.0,17.0,Maryj,,,,,,0.0
fictitious_power_k,5.0,18.0,Poppy,,,,,,-1.0
fictitious_power_k,5.0,18.0,Oxlip,,,,,,0.0
fictitious_power_k,5.0,18.0,Daisy,,,,,,0.0
fictitious_power_k,5.0,18.0,Tulip,,,,,,0.0
fictitious_power_k,5.0,18.0,Maryj,,,,,,0.0
fictitious_power_k,5.0,19.0,Poppy,,,,,,0.0
fictitious_power_k,5.0,19.0,Oxlip,,,,,,0.0
fictitious_power_k,5.0,19.0,Daisy,,,,,,0.0
fictitious_power_k,5.0,19.0,Tulip,,,,,,0.0
fictitious_power_k,5.0,19.0,Maryj,,,,,,-7.0
fictitious_power_k,6.0,0.0,Poppy,,,,,,0.0
fictitious_power_k,6.0,0.0,Oxlip,,,,,,1.0
fictitious_power_k,6.0,0.0,Daisy,,,,,,0.0
fictitious_power_k,6.0,0.0,Tulip,,,,,,0.0
fictitious_power_k,6.0,0.0,Maryj,,,,,,0.0
fictitious_power_k,6.0,2.0,Poppy,,,,,,0.0
fictitious_power_k,6.0,2.0,Oxlip,,,,,,0.0
fictitious_power_k,6.0,2.0,Daisy,,,,,,1.0
fictitious_power_k,6.0,2.0,Tulip,,,,,,0.0
fictitious_power_k,6.0,2.0,Maryj,,,,,,0.0
fictitious_power_k,6.0,6.0,Poppy,,,,,,1.0
fictitious_power_k,6.0,6.0,Oxlip,,,,,,0.0
fictitious_power_k,6.0,6.0,Daisy,,,,,,0.0
fictitious_power_k,6.0,6.0,Tulip,,,,,,0.0
fictitious_power_k,6.0,6.0,Maryj,,,,,,0.0
fictitious_power_k,6.0,10.0,Poppy,,,,,,0.0
fictitious_power_k,6.0,10.0,Oxlip,,,,,,0.0
fictitious_power_k,6.0,10.0,Daisy,,,,,,-3.0
fictitious_power_k,6.0,10.0,Tulip,,,,,,0.0
fictitious_power_k,6.0,10.0,Maryj,,,,,,0.0
fictitious_power_k,6.0,11.0,Poppy,,,,,,-1.0
fictitious_power_k,6.0,11.0,Oxlip,,,,,,0.0
fictitious_power_k,6.0,11.0,Daisy,,,,,,0.0
fictitious_power_k,6.0,11.0,Tulip,,,,,,0.0
fictitious_power_k,6.0,11.0,Maryj,,,,,,0.0
fictitious_power_k,6.0,12.0,Poppy,,,,,,2.0
fictitious_power_k,6.0,12.0,Oxlip,,,,,,0.0
fictitious_power_k,6.0,12.0,Daisy,,,,,,0.0
fictitious_power_k,6.0,12.0,Tulip,,,,,,0.0
fictitious_power_k,6.0,12.0,Maryj,,,,,,0.0
fictitious_power_k,6.0,13.0,Poppy,,,,,,0.0
fictitious_power_k,6.0,13.0,Oxlip,,,,,,0.0
fictitious_power_k,6.0,13.0,Daisy,,,,,,0.0
fictitious_power_k,6.0,13.0,Tulip,,,,,,4.0
fictitious_power_k,6.0,13.0,Maryj,,,,,,0.0
fictitious_power_k,6.0,14.0,Poppy,,,,,,0.0
fictitious_power_k,6.0,14.0,Oxlip,,,,,,2.0
fictitious_power_k,6.0,14.0,Daisy,,,,,,0.0
fictitious_power_k,6.0,14.0,Tulip,,,,,,0.0
fictitious_power_k,6.0,14.0,Maryj,,,,,,0.0
fictitious_power_k,6.0,15.0,Poppy,,,,,,0.0
fictitious_power_k,6.0,15.0,Oxlip,,,,,,0.0
fictitious_power_k,6.0,15.0,Daisy,,,,,,-2.0
fictitious_power_k,6.0,15.0,Tulip,,,,,,0.0
fictitious_power_k,6.0,15.0,Maryj,,,,,,0.0
fictitious_power_k,6.0,17.0,Poppy,,,,,,11.0
fictitious_power_k,6.0,17.0,Oxlip,,,,,,0.0
fictitious_power_k,6.0,17.0,Daisy,,,,,,0.0
fictitious_power_k,6.0,17.0,Tulip,,,,,,0.0
fictitious_power_k,6.0,17.0,Maryj,,,,,,0.0
fictitious_power_k,6.0,18.0,Poppy,,,,,,-1.0
fictitious_power_k,6.0,18.0,Oxlip,,,,,,0.0
fictitious_power_k,6.0,18.0,Daisy,,,,,,0.0
fictitious_power_k,6.0,18.0,Tulip,,,,,,0.0
fictitious_power_k,6.0,18.0,Maryj,,,,,,0.0
fictitious_power_k,6.0,19.0,Poppy,,,,,,0.0
fictitious_power_k,6.0,19.0,Oxlip,,,,,,0.0
fictitious_power_k,6.0,19.0,Daisy,,,,,,0.0
fictitious_power_k,6.0,19.0,Tulip,,,,,,0.0
fictitious_power_k,6.0,19.0,Maryj,,,,,,-7.0
fictitious_power_k,7.0,0.0,Poppy,,,,,,0.0
fictitious_power_k,7.0,0.0,Oxlip,,,,,,1.0
fictitious_power_k,7.0,0.0,Daisy,,,,,,0.0
fictitious_power_k,7.0,0.0,Tulip,,,,,,0.0
fictitious_power_k,7.0,0.0,Maryj,,,,,,0.0
fictitious_power_k,7.0,2.0,Poppy,,,,,,0.0
fictitious_power_k,7.0,2.0,Oxlip,,,,,,0.0
fictitious_power_k,7.0,2.0,Daisy,,,,,,1.0
fictitious_power_k,7.0,2.0,Tulip,,,,,,0.0
fictitious_power_k,7.0,2.0,Maryj,,,,,,0.0
fictitious_power_k,7.0,6.0,Poppy,,,,,,1.0
fictitious_power_k,7.0,6.0,Oxlip,,,,,,0.0
fictitious_power_k,7.0,6.0,Daisy,,,,,,0.0
fictitious_power_k,7.0,6.0,Tulip,,,,,,0.0
fictitious_power_k,7.0,6.0,Maryj,,,,,,0.0
fictitious_power_k,7.0,10.0,Poppy,,,,,,0.0
fictitious_power_k,7.0,10.0,Oxlip,,,,,,0.0
fictitious_power_k,7.0,10.0,Daisy,,,,,,-3.0
fictitious_power_k,7.0,10.0,Tulip,,,,,,0.0
fictitious_power_k,7.0,10.0,Maryj,,,,,,0.0
fictitious_power_k,7.0,11.0,Poppy,,,,,,-1.0
fictitious_power_k,7.0,11.0,Oxlip,,,,,,0.0
fictitious_power_k,7.0,11.0,Daisy,,,,,,0.0
fictitious_power_k,7.0,11.0,Tulip,,,,,,0.0
fictitious_power_k,7.0,11.0,Maryj,,,,,,0.0
fictitious_power_k,7.0,12.0,Poppy,,,,,,2.0
fictitious_power_k,7.0,12.0,Oxlip,,,,,,0.0
fictitious_power_k,7.0,12.0,Daisy,,,,,,0.0
fictitious_power_k,7.0,12.0,Tulip,,,,,,0.0
fictitious_power_k,7.0,12.0,Maryj,,,,,,0.0
fictitious_power_k,7.0,13.0,Poppy,,,,,,0.0
fictitious_power_k,7.0,13.0,Oxlip,,,,,,0.0
fictitious_power_k,7.0,13.0,Daisy,,,,,,0.0
fictitious_power_k,7.0,13.0,Tulip,,,,,,4.0
fictitious_power_k,7.0,13.0,Maryj,,,,,,0.0
fictitious_power_k,7.0,14.0,Poppy,,,,,,0.0
fictitious_power_k,7.0,14.0,Oxlip,,,,,,2.0
fictitious_power_k,7.0,14.0,Daisy,,,,,,0.0
fictitious_power_k,7.0,14.0,Tulip,,,,,,0.0
fictitious_power_k,7.0,14.0,Maryj,,,,,,0.0
fictitious_power_k,7.0,15.0,Poppy,,,,,,0.0
fictitious_power_k,7.0,15.0,Oxlip,,,,,,0.0
fictitious_power_k,7.0,15.0,Daisy,,,,,,-2.0
fictitious_power_k,7.0,15.0,Tulip,,,,,,0.0
fictitious_power_k,7.0,15.0,Maryj,,,,,,0.0
fictitious_power_k,7.0,17.0,Poppy,,,,,,11.0
fictitious_power_k,7.0,17.0,Oxlip,,,,,,0.0
fictitious_power_k,7.0,17.0,Daisy,,,,,,0.0
fictitious_power_k,7.0,17.0,Tulip,,,,,,0.0
fictitious_power_k,7.0,17.0,Maryj,,,,,,0.0
fictitious_power_k,7.0,18.0,Poppy,,,,,,-1.0
fictitious_power_k,7.0,18.0,Oxlip,,,,,,0.0
fictitious_power_k,7.0,18.0,Daisy,,,,,,0.0
fictitious_power_k,7.0,18.0,Tulip,,,,,,0.0
fictitious_power_k,7.0,18.0,Maryj,,,,,,0.0
fictitious_power_k,7.0,19.0,Poppy,,,,,,0.0
fictitious_power_k,7.0,19.0,Oxlip,,,,,,0.0
fictitious_power_k,7.0,19.0,Daisy,,,,,,0.0
fictitious_power_k,7.0,19.0,Tulip,,,,,,0.0
fictitious_power_k,7.0,19.0,Maryj,,,,,,-7.0
fictitious_power_k,8.0,0.0,Poppy,,,,,,0.0
fictitious_power_k,8.0,0.0,Oxlip,,,,,,1.0
fictitious_power_k,8.0,0.0,Daisy,,,,,,0.0
fictitious_power_k,8.0,0.0,Tulip,,,,,,0.0
fictitious_power_k,8.0,0.0,Maryj,,,,,,0.0
fictitious_power_k,8.0,2.0,Poppy,,,,,,0.0
fictitious_power_k,8.0,2.0,Oxlip,,,,,,0.0
fictitious_power_k,8.0,2.0,Daisy,,,,,,1.0
fictitious_power_k,8.0,2.0,Tulip,,,,,,0.0
fictitious_power_k,8.0,2.0,Maryj,,,,,,0.0
fictitious_power_k,8.0,6.0,Poppy,,,,,,1.0
fictitious_power_k,8.0,6.0,Oxlip,,,,,,0.0
fictitious_power_k,8.0,6.0,Daisy,,,,,,0.0
fictitious_power_k,8.0,6.0,Tulip,,,,,,0.0
fictitious_power_k,8.0,6.0,Maryj,,,,,,0.0
fictitious_power_k,8.0,10.0,Poppy,,,,,,0.0
fictitious_power_k,8.0,10.0,Oxlip,,,,,,0.0
fictitious_power_k,8.0,10.0,Daisy,,,,,,-3.0
fictitious_power_k,8.0,10.0,Tulip,,,,,,0.0
fictitious_power_k,8.0,10.0,Maryj,,,,,,0.0
fictitious_power_k,8.0,11.0,Poppy,,,,,,-1.0
fictitious_power_k,8.0,11.0,Oxlip,,,,,,0.0
fictitious_power_k,8.0,11.0,Daisy,,,,,,0.0
fictitious_power_k,8.0,11.0,Tulip,,,,,,0.0
fictitious_power_k,8.0,11.0,Maryj,,,,,,0.0
fictitious_power_k,8.0,12.0,Poppy,,,,,,2.0
fictitious_power_k,8.0,12.0,Oxlip,,,,,,0.0
fictitious_power_k,8.0,12.0,Daisy,,,,,,0.0
fictitious_power_k,8.0,12.0,Tulip,,,,,,0.0
fictitious_power_k,8.0,12.0,Maryj,,,,,,0.0
fictitious_power_k,8.0,13.0,Poppy,,,,,,0.0
fictitious_power_k,8.0,13.0,Oxlip,,,,,,0.0
fictitious_power_k,8.0,13.0,Daisy,,,,,,0.0
fictitious_power_k,8.0,13.0,Tulip,,,,,,4.0
fictitious_power_k,8.0,13.0,Maryj,,,,,,0.0
fictitious_power_k,8.0,14.0,Poppy,,,,,,0.0
fictitious_power_k,8.0,14.0,Oxlip,,,,,,2.0
fictitious_power_k,8.0,14.0,Daisy,,,,,,0.0
fictitious_power_k,8.0,14.0,Tulip,,,,,,0.0
fictitious_power_k,8.0,14.0,Maryj,,,,,,0.0
fictitious_power_k,8.0,15.0,Poppy,,,,,,0.0
fictitious_power_k,8.0,15.0,Oxlip,,,,,,0.0
fictitious_power_k,8.0,15.0,Daisy,,,,,,-2.0
fictitious_power_k,8.0,15.0,Tulip,,,,,,0.0
fictitious_power_k,8.0,15.0,Maryj,,,,,,0.0
fictitious_power_k,8.0,17.0,Poppy,,,,,,11.0
fictitious_power_k,8.0,17.0,Oxlip,,,,,,0.0
fictitious_power_k,8.0,17.0,Daisy,,,,,,0.0
fictitious_power_k,8.0,17.0,Tulip,,,,,,0.0
fictitious_power_k,8.0,17.0,Maryj,,,,,,0.0
fictitious_power_k,8.0,18.0,Poppy,,,,,,-1.0
fictitious_power_k,8.0,18.0,Oxlip,,,,,,0.0
fictitious_power_k,8.0,18.0,Daisy,,,,,,0.0
fictitious_power_k,8.0,18.0,Tulip,,,,,,0.0
fictitious_power_k,8.0,18.0,Maryj,,,,,,0.0
fictitious_power_k,8.0,19.0,Poppy,,,,,,0.0
fictitious_power_k,8.0,19.0,Oxlip,,,,,,0.0
fictitious_power_k,8.0,19.0,Daisy,,,,,,0.0
fictitious_power_k,8.0,19.0,Tulip,,,,,,0.0
fictitious_power_k,8.0,19.0,Maryj,,,,,,-7.0
fictitious_power_k,9.0,0.0,Poppy,,,,,,0.0
fictitious_power_k,9.0,0.0,Oxlip,,,,,,1.0
fictitious_power_k,9.0,0.0,Daisy,,,,,,0.0
fictitious_power_k,9.0,0.0,Tulip,,,,,,0.0
fictitious_power_k,9.0,0.0,Maryj,,,,,,0.0
fictitious_power_k,9.0,2.0,Poppy,,,,,,0.0
fictitious_power_k,9.0,2.0,Oxlip,,,,,,0.0
fictitious_power_k,9.0,2.0,Daisy,,,,,,1.0
fictitious_power_k,9.0,2.0,Tulip,,,,,,0.0
fictitious_power_k,9.0,2.0,Maryj,,,,,,0.0
fictitious_power_k,9.0,6.0,Poppy,,,,,,1.0
fictitious_power_k,9.0,6.0,Oxlip,,,,,,0.0
fictitious_power_k,9.0,6.0,Daisy,,,,,,0.0
fictitious_power_k,9.0,6.0,Tulip,,,,,,0.0
fictitious_power_k,9.0,6.0,Maryj,,,,,,0.0
fictitious_power_k,9.0,10.0,Poppy,,,,,,0.0
fictitious_power_k,9.0,10.0,Oxlip,,,,,,0.0
fictitious_power_k,9.0,10.0,Daisy,,,,,,-3.0
fictitious_power_k,9.0,10.0,Tulip,,,,,,0.0
fictitious_power_k,9.0,10.0,Maryj,,,,,,0.0
fictitious_power_k,9.0,11.0,Poppy,,,,,,-1.0
fictitious_power_k,9.0,11.0,Oxlip,,,,,,0.0
fictitious_power_k,9.0,11.0,Daisy,,,,,,0.0
fictitious_power_k,9.0,11.0,Tulip,,,,,,0.0
fictitious_power_k,9.0,11.0,Maryj,,,,,,0.0
fictitious_power_k,9.0,12.0,Poppy,,,,,,2.0
fictitious_power_k,9.0,12.0,Oxlip,,,,,,0.0
fictitious_power_k,9.0,12.0,Daisy,,,,,,0.0
fictitious_power_k,9.0,12.0,Tulip,,,,,,0.0
fictitious_power_k,9.0,12.0,Maryj,,,,,,0.0
fictitious_power_k,9.0,13.0,Poppy,,,,,,0.0
fictitious_power_k,9.0,13.0,Oxlip,,,,,,0.0
fictitious_power_k,9.0,13.0,Daisy,,,,,,0.0
fictitious_power_k,9.0,13.0,Tulip,,,,,,4.0
fictitious_power_k,9.0,13.0,Maryj,,,,,,0.0
fictitious_power_k,9.0,14.0,Poppy,,,,,,0.0
fictitious_power_k,9.0,14.0,Oxlip,,,,,,2.0
fictitious_power_k,9.0,14.0,Daisy,,,,,,0.0
fictitious_power_k,9.0,14.0,Tulip,,,,,,0.0
fictitious_power_k,9.0,14.0,Maryj,,,,,,0.0
fictitious_power_k,9.0,15.0,Poppy,,,,,,0.0
fictitious_power_k,9.0,15.0,Oxlip,,,,,,0.0
fictitious_power_k,9.0,15.0,Daisy,,,,,,-2.0
fictitious_power_k,9.0,15.0,Tulip,,,,,,0.0
fictitious_power_k,9.0,15.0,Maryj,,,,,,0.0
fictitious_power_k,9.0,17.0,Poppy,,,,,,11.0
fictitious_power_k,9.0,17.0,Oxlip,,,,,,0.0
fictitious_power_k,9.0,17.0,Daisy,,,,,,0.0
fictitious_power_k,9.0,17.0,Tulip,,,,,,0.0
fictitious_power_k,9.0,17.0,Maryj,,,,,,0.0
fictitious_power_k,9.0,18.0,Poppy,,,,,,-1.0
fictitious_power_k,9.0,18.0,Oxlip,,,,,,0.0
fictitious_power_k,9.0,18.0,Daisy,,,,,,0.0
fictitious_power_k,9.0,18.0,Tulip,,,,,,0.0
fictitious_power_k,9.0,18.0,Maryj,,,,,,0.0
fictitious_power_k,9.0,19.0,Poppy,,,,,,0.0
fictitious_power_k,9.0,19.0,Oxlip,,,,,,0.0
fictitious_power_k,9.0,19.0,Daisy,,,,,,0.0
fictitious_power_k,9.0,19.0,Tulip,,,,,,0.0
fictitious_power_k,9.0,19.0,Maryj,,,,,,-7.0
fictitious_power_k,10.0,0.0,Poppy,,,,,,0.0
fictitious_power_k,10.0,0.0,Oxlip,,,,,,1.0
fictitious_power_k,10.0,0.0,Daisy,,,,,,0.0
fictitious_power_k,10.0,0.0,Tulip,,,,,,0.0
fictitious_power_k,10.0,0.0,Maryj,,,,,,0.0
fictitious_power_k,10.0,2.0,Poppy,,,,,,0.0
fictitious_power_k,10.0,2.0,Oxlip,,,,,,0.0
fictitious_power_k,10.0,2.0,Daisy,,,,,,1.0
fictitious_power_k,10.0,2.0,Tulip,,,,,,0.0
fictitious_power_k,10.0,2.0,Maryj,,,,,,0.0
fictitious_power_k,10.0,6.0,Poppy,,,,,,1.0
fictitious_power_k,10.0,6.0,Oxlip,,,,,,0.0
fictitious_power_k,10.0,6.0,Daisy,,,,,,0.0
fictitious_power_k,10.0,6.0,Tulip,,,,,,0.0
fictitious_power_k,10.0,6.0,Maryj,,,,,,0.0
fictitious_power_k,10.0,10.0,Poppy,,,,,,0.0
fictitious_power_k,10.0,10.0,Oxlip,,,,,,0.0
fictitious_power_k,10.0,10.0,Daisy,,,,,,-3.0
fictitious_power_k,10.0,10.0,Tulip,,,,,,0.0
fictitious_power_k,10.0,10.0,Maryj,,,,,,0.0
fictitious_power_k,10.0,11.0,Poppy,,,,,,-1.0
fictitious_power_k,10.0,11.0,Oxlip,,,,,,0.0
fictitious_power_k,10.0,11.0,Daisy,,,,,,0.0
fictitious_power_k,10.0,11.0,Tulip,,,,,,0.0
fictitious_power_k,10.0,11.0,Maryj,,,,,,0.0
fictitious_power_k,10.0,12.0,Poppy,,,,,,2.0
fictitious_power_k,10.0,12.0,Oxlip,,,,,,0.0
fictitious_power_k,10.0,12.0,Daisy,,,,,,0.0
fictitious_power_k,10.0,12.0,Tulip,,,,,,0.0
fictitious_power_k,10.0,12.0,Maryj,,,,,,0.0
fictitious_power_k,10.0,13.0,Poppy,,,,,,0.0
fictitious_power_k,10.0,13.0,Oxlip,,,,,,0.0
fictitious_power_k,10.0,13.0,Daisy,,,,,,0.0
fictitious_power_k,10.0,13.0,Tulip,,,,,,4.0
fictitious_power_k,10.0,13.0,Maryj,,,,,,0.0
fictitious_power_k,10.0,14.0,Poppy,,,,,,0.0
fictitious_power_k,10.0,14.0,Oxlip,,,,,,2.0
fictitious_power_k,10.0,14.0,Daisy,,,,,,0.0
fictitious_power_k,10.0,14.0,Tulip,,,,,,0.0
fictitious_power_k,10.0,14.0,Maryj,,,,,,0.0
fictitious_power_k,10.0,15.0,Poppy,,,,,,0.0
fictitious_power_k,10.0,15.0,Oxlip,,,,,,0.0
fictitious_power_k,10.0,15.0,Daisy,,,,,,-2.0
fictitious_power_k,10.0,15.0,Tulip,,,,,,0.0
fictitious_power_k,10.0,15.0,Maryj,,,,,,0.0
fictitious_power_k,10.0,17.0,Poppy,,,,,,11.0
fictitious_power_k,10.0,17.0,Oxlip,,,,,,0.0
fictitious_power_k,10.0,17.0,Daisy,,,,,,0.0
fictitious_power_k,10.0,17.0,Tulip,,,,,,0.0
fictitious_power_k,10.0,17.0,Maryj,,,,,,0.0
fictitious_power_k,10.0,18.0,Poppy,,,,,,-1.0
fictitious_power_k,10.0,18.0,Oxlip,,,,,,0.0
fictitious_power_k,10.0,18.0,Daisy,,,,,,0.0
fictitious_power_k,10.0,18.0,Tulip,,,,,,0.0
fictitious_power_k,10.0,18.0,Maryj,,,,,,0.0
fictitious_power_k,10.0,19.0,Poppy,,,,,,0.0
fictitious_power_k,10.0,19.0,Oxlip,,,,,,0.0
fictitious_power_k,10.0,19.0,Daisy,,,,,,0.0
fictitious_power_k,10.0,19.0,Tulip,,,,,,0.0
fictitious_power_k,10.0,19.0,Maryj,,,,,,-7.0
fictitious_power_k,11.0,0.0,Poppy,,,,,,0.0
fictitious_power_k,11.0,0.0,Oxlip,,,,,,1.0
fictitious_power_k,11.0,0.0,Daisy,,,,,,0.0
fictitious_power_k,11.0,0.0,Tulip,,,,,,0.0
fictitious_power_k,11.0,0.0,Maryj,,,,,,0.0
fictitious_power_k,11.0,2.0,Poppy,,,,,,0.0
fictitious_power_k,11.0,2.0,Oxlip,,,,,,0.0
fictitious_power_k,11.0,2.0,Daisy,,,,,,1.0
fictitious_power_k,11.0,2.0,Tulip,,,,,,0.0
fictitious_power_k,11.0,2.0,Maryj,,,,,,0.0
fictitious_power_k,11.0,6.0,Poppy,,,,,,1.0
fictitious_power_k,11.0,6.0,Oxlip,,,,,,0.0
fictitious_power_k,11.0,6.0,Daisy,,,,,,0.0
fictitious_power_k,11.0,6.0,Tulip,,,,,,0.0
fictitious_power_k,11.0,6.0,Maryj,,,,,,0.0
fictitious_power_k,11.0,10.0,Poppy,,,,,,0.0
fictitious_power_k,11.0,10.0,Oxlip,,,,,,0.0
fictitious_power_k,11.0,10.0,Daisy,,,,,,-3.0
fictitious_power_k,11.0,10.0,Tulip,,,,,,0.0
fictitious_power_k,11.0,10.0,Maryj,,,,,,0.0
fictitious_power_k,11.0,11.0,Poppy,,,,,,-1.0
fictitious_power_k,11.0,11.0,Oxlip,,,,,,0.0
fictitious_power_k,11.0,11.0,Daisy,,,,,,0.0
fictitious_power_k,11.0,11.0,Tulip,,,,,,0.0
fictitious_power_k,11.0,11.0,Maryj,,,,,,0.0
fictitious_power_k,11.0,12.0,Poppy,,,,,,2.0
fictitious_power_k,11.0,12.0,Oxlip,,,,,,0.0
fictitious_power_k,11.0,12.0,Daisy,,,,,,0.0
fictitious_power_k,11.0,12.0,Tulip,,,,,,0.0
fictitious_power_k,11.0,12.0,Maryj,,,,,,0.0
fictitious_power_k,11.0,13.0,Poppy,,,,,,0.0
fictitious_power_k,11.0,13.0,Oxlip,,,,,,0.0
fictitious_power_k,11.0,13.0,Daisy,,,,,,0.0
fictitious_power_k,11.0,13.0,Tulip,,,,,,4.0
fictitious_power_k,11.0,13.0,Maryj,,,,,,0.0
fictitious_power_k,11.0,14.0,Poppy,,,,,,0.0
fictitious_power_k,11.0,14.0,Oxlip,,,,,,2.0
fictitious_power_k,11.0,14.0,Daisy,,,,,,0.0
fictitious_power_k,11.0,14.0,Tulip,,,,,,0.0
fictitious_power_k,11.0,14.0,Maryj,,,,,,0.0
fictitious_power_k,11.0,15.0,Poppy,,,,,,0.0
fictitious_power_k,11.0,15.0,Oxlip,,,,,,0.0
fictitious_power_k,11.0,15.0,Daisy,,,,,,-2.0
fictitious_power_k,11.0,15.0,Tulip,,,,,,0.0
fictitious_power_k,11.0,15.0,Maryj,,,,,,0.0
fictitious_power_k,11.0,17.0,Poppy,,,,,,11.0
fictitious_power_k,11.0,17.0,Oxlip,,,,,,0.0
fictitious_power_k,11.0,17.0,Daisy,,,,,,0.0
fictitious_power_k,11.0,17.0,Tulip,,,,,,0.0
fictitious_power_k,11.0,17.0,Maryj,,,,,,0.0
fictitious_power_k,11.0,18.0,Poppy,,,,,,-1.0
fictitious_power_k,11.0,18.0,Oxlip,,,,,,0.0
fictitious_power_k,11.0,18.0,Daisy,,,,,,0.0
fictitious_power_k,11.0,18.0,Tulip,,,,,,0.0
fictitious_power_k,11.0,18.0,Maryj,,,,,,0.0
fictitious_power_k,11.0,19.0,Poppy,,,,,,0.0
fictitious_power_k,11.0,19.0,Oxlip,,,,,,0.0
fictitious_power_k,11.0,19.0,Daisy,,,,,,0.0
fictitious_power_k,11.0,19.0,Tulip,,,,,,0.0
fictitious_power_k,11.0,19.0,Maryj,,,,,,-7.0
fictitious_power_k,12.0,0.0,Poppy,,,,,,0.0
fictitious_power_k,12.0,0.0,Oxlip,,,,,,1.0
fictitious_power_k,12.0,0.0,Daisy,,,,,,0.0
fictitious_power_k,12.0,0.0,Tulip,,,,,,0.0
fictitious_power_k,12.0,0.0,Maryj,,,,,,0.0
fictitious_power_k,12.0,2.0,Poppy,,,,,,0.0
fictitious_power_k,12.0,2.0,Oxlip,,,,,,0.0
fictitious_power_k,12.0,2.0,Daisy,,,,,,1.0
fictitious_power_k,12.0,2.0,Tulip,,,,,,0.0
fictitious_power_k,12.0,2.0,Maryj,,,,,,0.0
fictitious_power_k,12.0,6.0,Poppy,,,,,,1.0
fictitious_power_k,12.0,6.0,Oxlip,,,,,,0.0
fictitious_power_k,12.0,6.0,Daisy,,,,,,0.0
fictitious_power_k,12.0,6.0,Tulip,,,,,,0.0
fictitious_power_k,12.0,6.0,Maryj,,,,,,0.0
fictitious_power_k,12.0,10.0,Poppy,,,,,,0.0
fictitious_power_k,12.0,10.0,Oxlip,,,,,,0.0
fictitious_power_k,12.0,10.0,Daisy,,,,,,-3.0
fictitious_power_k,12.0,10.0,Tulip,,,,,,0.0
fictitious_power_k,12.0,10.0,Maryj,,,,,,0.0
fictitious_power_k,12.0,11.0,Poppy,,,,,,-1.0
fictitious_power_k,12.0,11.0,Oxlip,,,,,,0.0
fictitious_power_k,12.0,11.0,Daisy,,,,,,0.0
fictitious_power_k,12.0,11.0,Tulip,,,,,,0.0
fictitious_power_k,12.0,11.0,Maryj,,,,,,0.0
fictitious_power_k,12.0,12.0,Poppy,,,,,,2.0
fictitious_power_k,12.0,12.0,Oxlip,,,,,,0.0
fictitious_power_k,12.0,12.0,Daisy,,,,,,0.0
fictitious_power_k,12.0,12.0,Tulip,,,,,,0.0
fictitious_power_k,12.0,12.0,Maryj,,,,,,0.0
fictitious_power_k,12.0,13.0,Poppy,,,,,,0.0
fictitious_power_k,12.0,13.0,Oxlip,,,,,,0.0
fictitious_power_k,12.0,13.0,Daisy,,,,,,0.0
fictitious_power_k,12.0,13.0,Tulip,,,,,,4.0
fictitious_power_k,12.0,13.0,Maryj,,,,,,0.0
fictitious_power_k,12.0,14.0,Poppy,,,,,,0.0
fictitious_power_k,12.0,14.0,Oxlip,,,,,,2.0
fictitious_power_k,12.0,14.0,Daisy,,,,,,0.0
fictitious_power_k,12.0,14.0,Tulip,,,,,,0.0
fictitious_power_k,12.0,14.0,Maryj,,,,,,0.0
fictitious_power_k,12.0,15.0,Poppy,,,,,,0.0
fictitious_power_k,12.0,15.0,Oxlip,,,,,,0.0
fictitious_power_k,12.0,15.0,Daisy,,,,,,-2.0
fictitious_power_k,12.0,15.0,Tulip,,,,,,0.0
fictitious_power_k,12.0,15.0,Maryj,,,,,,0.0
fictitious_power_k,12.0,17.0,Poppy,,,,,,11.0
fictitious_power_k,12.0,17.0,Oxlip,,,,,,0.0
fictitious_power_k,12.0,17.0,Daisy,,,,,,0.0
fictitious_power_k,12.0,17.0,Tulip,,,,,,0.0
fictitious_power_k,12.0,17.0,Maryj,,,,,,0.0
fictitious_power_k,12.0,18.0,Poppy,,,,,,-1.0
fictitious_power_k,12.0,18.0,Oxlip,,,,,,0.0
fictitious_power_k,12.0,18.0,Daisy,,,,,,0.0
fictitious_power_k,12.0,18.0,Tulip,,,,,,0.0
fictitious_power_k,12.0,18.0,Maryj,,,,,,0.0
fictitious_power_k,12.0,19.0,Poppy,,,,,,0.0
fictitious_power_k,12.0,19.0,Oxlip,,,,,,0.0
fictitious_power_k,12.0,19.0,Daisy,,,,,,0.0
fictitious_power_k,12.0,19.0,Tulip,,,,,,0.0
fictitious_power_k,12.0,19.0,Maryj,,,,,,-7.0
fictitious_power_k,13.0,0.0,Poppy,,,,,,0.0
fictitious_power_k,13.0,0.0,Oxlip,,,,,,1.0
fictitious_power_k,13.0,0.0,Daisy,,,,,,0.0
fictitious_power_k,13.0,0.0,Tulip,,,,,,0.0
fictitious_power_k,13.0,0.0,Maryj,,,,,,0.0
fictitious_power_k,13.0,2.0,Poppy,,,,,,0.0
fictitious_power_k,13.0,2.0,Oxlip,,,,,,0.0
fictitious_power_k,13.0,2.0,Daisy,,,,,,1.0
fictitious_power_k,13.0,2.0,Tulip,,,,,,0.0
fictitious_power_k,13.0,2.0,Maryj,,,,,,0.0
fictitious_power_k,13.0,6.0,Poppy,,,,,,1.0
fictitious_power_k,13.0,6.0,Oxlip,,,,,,0.0
fictitious_power_k,13.0,6.0,Daisy,,,,,,0.0
fictitious_power_k,13.0,6.0,Tulip,,,,,,0.0
fictitious_power_k,13.0,6.0,Maryj,,,,,,0.0
fictitious_power_k,13.0,10.0,Poppy,,,,,,0.0
fictitious_power_k,13.0,10.0,Oxlip,,,,,,0.0
fictitious_power_k,13.0,10.0,Daisy,,,,,,-3.0
fictitious_power_k,13.0,10.0,Tulip,,,,,,0.0
fictitious_power_k,13.0,10.0,Maryj,,,,,,0.0
fictitious_power_k,13.0,11.0,Poppy,,,,,,-1.0
fictitious_power_k,13.0,11.0,Oxlip,,,,,,0.0
fictitious_power_k,13.0,11.0,Daisy,,,,,,0.0
fictitious_power_k,13.0,11.0,Tulip,,,,,,0.0
fictitious_power_k,13.0,11.0,Maryj,,,,,,0.0
fictitious_power_k,13.0,12.0,Poppy,,,,,,2.0
fictitious_power_k,13.0,12.0,Oxlip,,,,,,0.0
fictitious_power_k,13.0,12.0,Daisy,,,,,,0.0
fictitious_power_k,13.0,12.0,Tulip,,,,,,0.0
fictitious_power_k,13.0,12.0,Maryj,,,,,,0.0
fictitious_power_k,13.0,13.0,Poppy,,,,,,0.0
fictitious_power_k,13.0,13.0,Oxlip,,,,,,0.0
fictitious_power_k,13.0,13.0,Daisy,,,,,,0.0
fictitious_power_k,13.0,13.0,Tulip,,,,,,4.0
fictitious_power_k,13.0,13.0,Maryj,,,,,,0.0
fictitious_power_k,13.0,14.0,Poppy,,,,,,0.0
fictitious_power_k,13.0,14.0,Oxlip,,,,,,2.0
fictitious_power_k,13.0,14.0,Daisy,,,,,,0.0
fictitious_power_k,13.0,14.0,Tulip,,,,,,0.0
fictitious_power_k,13.0,14.0,Maryj,,,,,,0.0
fictitious_power_k,13.0,15.0,Poppy,,,,,,0.0
fictitious_power_k,13.0,15.0,Oxlip,,,,,,0.0
fictitious_power_k,13.0,15.0,Daisy,,,,,,-2.0
fictitious_power_k,13.0,15.0,Tulip,,,,,,0.0
fictitious_power_k,13.0,15.0,Maryj,,,,,,0.0
fictitious_power_k,13.0,17.0,Poppy,,,,,,11.0
fictitious_power_k,13.0,17.0,Oxlip,,,,,,0.0
fictitious_power_k,13.0,17.0,Daisy,,,,,,0.0
fictitious_power_k,13.0,17.0,Tulip,,,,,,0.0
fictitious_power_k,13.0,17.0,Maryj,,,,,,0.0
fictitious_power_k,13.0,18.0,Poppy,,,,,,-1.0
fictitious_power_k,13.0,18.0,Oxlip,,,,,,0.0
fictitious_power_k,13.0,18.0,Daisy,,,,,,0.0
fictitious_power_k,13.0,18.0,Tulip,,,,,,0.0
fictitious_power_k,13.0,18.0,Maryj,,,,,,0.0
fictitious_power_k,13.0,19.0,Poppy,,,,,,0.0
fictitious_power_k,13.0,19.0,Oxlip,,,,,,0.0
fictitious_power_k,13.0,19.0,Daisy,,,,,,0.0
fictitious_power_k,13.0,19.0,Tulip,,,,,,0.0
fictitious_power_k,13.0,19.0,Maryj,,,,,,-7.0
fictitious_power_k,14.0,0.0,Poppy,,,,,,0.0
fictitious_power_k,14.0,0.0,Oxlip,,,,,,1.0
fictitious_power_k,14.0,0.0,Daisy,,,,,,0.0
fictitious_power_k,14.0,0.0,Tulip,,,,,,0.0
fictitious_power_k,14.0,0.0,Maryj,,,,,,0.0
fictitious_power_k,14.0,2.0,Poppy,,,,,,0.0
fictitious_power_k,14.0,2.0,Oxlip,,,,,,0.0
fictitious_power_k,14.0,2.0,Daisy,,,,,,1.0
fictitious_power_k,14.0,2.0,Tulip,,,,,,0.0
fictitious_power_k,14.0,2.0,Maryj,,,,,,0.0
fictitious_power_k,14.0,6.0,Poppy,,,,,,1.0
fictitious_power_k,14.0,6.0,Oxlip,,,,,,0.0
fictitious_power_k,14.0,6.0,Daisy,,,,,,0.0
fictitious_power_k,14.0,6.0,Tulip,,,,,,0.0
fictitious_power_k,14.0,6.0,Maryj,,,,,,0.0
fictitious_power_k,14.0,10.0,Poppy,,,,,,0.0
fictitious_power_k,14.0,10.0,Oxlip,,,,,,0.0
fictitious_power_k,14.0,10.0,Daisy,,,,,,-3.0
fictitious_power_k,14.0,10.0,Tulip,,,,,,0.0
fictitious_power_k,14.0,10.0,Maryj,,,,,,0.0
fictitious_power_k,14.0,11.0,Poppy,,,,,,-1.0
fictitious_power_k,14.0,11.0,Oxlip,,,,,,0.0
fictitious_power_k,14.0,11.0,Daisy,,,,,,0.0
fictitious_power_k,14.0,11.0,Tulip,,,,,,0.0
fictitious_power_k,14.0,11.0,Maryj,,,,,,0.0
fictitious_power_k,14.0,12.0,Poppy,,,,,,2.0
fictitious_power_k,14.0,12.0,Oxlip,,,,,,0.0
fictitious_power_k,14.0,12.0,Daisy,,,,,,0.0
fictitious_power_k,14.0,12.0,Tulip,,,,,,0.0
fictitious_power_k,14.0,12.0,Maryj,,,,,,0.0
fictitious_power_k,14.0,13.0,Poppy,,,,,,0.0
fictitious_power_k,14.0,13.0,Oxlip,,,,,,0.0
fictitious_power_k,14.0,13.0,Daisy,,,,,,0.0
fictitious_power_k,14.0,13.0,Tulip,,,,,,4.0
fictitious_power_k,14.0,13.0,Maryj,,,,,,0.0
fictitious_power_k,14.0,14.0,Poppy,,,,,,0.0
fictitious_power_k,14.0,14.0,Oxlip,,,,,,2.0
fictitious_power_k,14.0,14.0,Daisy,,,,,,0.0
fictitious_power_k,14.0,14.0,Tulip,,,,,,0.0
fictitious_power_k,14.0,14.0,Maryj,,,,,,0.0
fictitious_power_k,14.0,15.0,Poppy,,,,,,0.0
fictitious_power_k,14.0,15.0,Oxlip,,,,,,0.0
fictitious_power_k,14.0,15.0,Daisy,,,,,,-2.0
fictitious_power_k,14.0,15.0,Tulip,,,,,,0.0
fictitious_power_k,14.0,15.0,Maryj,,,,,,0.0
fictitious_power_k,14.0,17.0,Poppy,,,,,,11.0
fictitious_power_k,14.0,17.0,Oxlip,,,,,,0.0
fictitious_power_k,14.0,17.0,Daisy,,,,,,0.0
fictitious_power_k,14.0,17.0,Tulip,,,,,,0.0
fictitious_power_k,14.0,17.0,Maryj,,,,,,0.0
fictitious_power_k,14.0,18.0,Poppy,,,,,,-1.0
fictitious_power_k,14.0,18.0,Oxlip,,,,,,0.0
fictitious_power_k,14.0,18.0,Daisy,,,,,,0.0
fictitious_power_k,14.0,18.0,Tulip,,,,,,0.0
fictitious_power_k,14.0,18.0,Maryj,,,,,,0.0
fictitious_power_k,14.0,19.0,Poppy,,,,,,0.0
fictitious_power_k,14.0,19.0,Oxlip,,,,,,0.0
fictitious_power_k,14.0,19.0,Daisy,,,,,,0.0
fictitious_power_k,14.0,19.0,Tulip,,,,,,0.0
fictitious_power_k,14.0,19.0,Maryj,,,,,,-7.0
fictitious_power_k,15.0,0.0,Poppy,,,,,,0.0
fictitious_power_k,15.0,0.0,Oxlip,,,,,,1.0
fictitious_power_k,15.0,0.0,Daisy,,,,,,0.0
fictitious_power_k,15.0,0.0,Tulip,,,,,,0.0
fictitious_power_k,15.0,0.0,Maryj,,,,,,0.0
fictitious_power_k,15.0,2.0,Poppy,,,,,,0.0
fictitious_power_k,15.0,2.0,Oxlip,,,,,,0.0
fictitious_power_k,15.0,2.0,Daisy,,,,,,1.0
fictitious_power_k,15.0,2.0,Tulip,,,,,,0.0
fictitious_power_k,15.0,2.0,Maryj,,,,,,0.0
fictitious_power_k,15.0,6.0,Poppy,,,,,,1.0
fictitious_power_k,15.0,6.0,Oxlip,,,,,,0.0
fictitious_power_k,15.0,6.0,Daisy,,,,,,0.0
fictitious_power_k,15.0,6.0,Tulip,,,,,,0.0
fictitious_power_k,15.0,6.0,Maryj,,,,,,0.0
fictitious_power_k,15.0,10.0,Poppy,,,,,,0.0
fictitious_power_k,15.0,10.0,Oxlip,,,,,,0.0
fictitious_power_k,15.0,10.0,Daisy,,,,,,-3.0
fictitious_power_k,15.0,10.0,Tulip,,,,,,0.0
fictitious_power_k,15.0,10.0,Maryj,,,,,,0.0
fictitious_power_k,15.0,11.0,Poppy,,,,,,-1.0
fictitious_power_k,15.0,11.0,Oxlip,,,,,,0.0
fictitious_power_k,15.0,11.0,Daisy,,,,,,0.0
fictitious_power_k,15.0,11.0,Tulip,,,,,,0.0
fictitious_power_k,15.0,11.0,Maryj,,,,,,0.0
fictitious_power_k,15.0,12.0,Poppy,,,,,,2.0
fictitious_power_k,15.0,12.0,Oxlip,,,,,,0.0
fictitious_power_k,15.0,12.0,Daisy,,,,,,0.0
fictitious_power_k,15.0,12.0,Tulip,,,,,,0.0
fictitious_power_k,15.0,12.0,Maryj,,,,,,0.0
fictitious_power_k,15.0,13.0,Poppy,,,,,,0.0
fictitious_power_k,15.0,13.0,Oxlip,,,,,,0.0
fictitious_power_k,15.0,13.0,Daisy,,,,,,0.0
fictitious_power_k,15.0,13.0,Tulip,,,,,,4.0
fictitious_power_k,15.0,13.0,Maryj,,,,,,0.0
fictitious_power_k,15.0,14.0,Poppy,,,,,,0.0
fictitious_power_k,15.0,14.0,Oxlip,,,,,,2.0
fictitious_power_k,15.0,14.0,Daisy,,,,,,0.0
fictitious_power_k,15.0,14.0,Tulip,,,,,,0.0
fictitious_power_k,15.0,14.0,Maryj,,,,,,0.0
fictitious_power_k,15.0,15.0,Poppy,,,,,,0.0
fictitious_power_k,15.0,15.0,Oxlip,,,,,,0.0
fictitious_power_k,15.0,15.0,Daisy,,,,,,-2.0
fictitious_power_k,15.0,15.0,Tulip,,,,,,0.0
fictitious_power_k,15.0,15.0,Maryj,,,,,,0.0
fictitious_power_k,15.0,17.0,Poppy,,,,,,11.0
fictitious_power_k,15.0,17.0,Oxlip,,,,,,0.0
fictitious_power_k,15.0,17.0,Daisy,,,,,,0.0
fictitious_power_k,15.0,17.0,Tulip,,,,,,0.0
fictitious_power_k,15.0,17.0,Maryj,,,,,,0.0
fictitious_power_k,15.0,18.0,Poppy,,,,,,-1.0
fictitious_power_k,15.0,18.0,Oxlip,,,,,,0.0
fictitious_power_k,15.0,18.0,Daisy,,,,,,0.0
fictitious_power_k,15.0,18.0,Tulip,,,,,,0.0
fictitious_power_k,15.0,18.0,Maryj,,,,,,0.0
fictitious_power_k,15.0,19.0,Poppy,,,,,,0.0
fictitious_power_k,15.0,19.0,Oxlip,,,,,,0.0
fictitious_power_k,15.0,19.0,Daisy,,,,,,0.0
fictitious_power_k,15.0,19.0,Tulip,,,,,,0.0
fictitious_power_k,15.0,19.0,Maryj,,,,,,-7.0
fictitious_power_k,16.0,0.0,Poppy,,,,,,0.0
fictitious_power_k,16.0,0.0,Oxlip,,,,,,1.0
fictitious_power_k,16.0,0.0,Daisy,,,,,,0.0
fictitious_power_k,16.0,0.0,Tulip,,,,,,0.0
fictitious_power_k,16.0,0.0,Maryj,,,,,,0.0
fictitious_power_k,16.0,2.0,Poppy,,,,,,0.0
fictitious_power_k,16.0,2.0,Oxlip,,,,,,0.0
fictitious_power_k,16.0,2.0,Daisy,,,,,,1.0
fictitious_power_k,16.0,2.0,Tulip,,,,,,0.0
fictitious_power_k,16.0,2.0,Maryj,,,,,,0.0
fictitious_power_k,16.0,6.0,Poppy,,,,,,1.0
fictitious_power_k,16.0,6.0,Oxlip,,,,,,0.0
fictitious_power_k,16.0,6.0,Daisy,,,,,,0.0
fictitious_power_k,16.0,6.0,Tulip,,,,,,0.0
fictitious_power_k,16.0,6.0,Maryj,,,,,,0.0
fictitious_power_k,16.0,10.0,Poppy,,,,,,0.0
fictitious_power_k,16.0,10.0,Oxlip,,,,,,0.0
fictitious_power_k,16.0,10.0,Daisy,,,,,,-3.0
fictitious_power_k,16.0,10.0,Tulip,,,,,,0.0
fictitious_power_k,16.0,10.0,Maryj,,,,,,0.0
fictitious_power_k,16.0,11.0,Poppy,,,,,,-1.0
fictitious_power_k,16.0,11.0,Oxlip,,,,,,0.0
fictitious_power_k,16.0,11.0,Daisy,,,,,,0.0
fictitious_power_k,16.0,11.0,Tulip,,,,,,0.0
fictitious_power_k,16.0,11.0,Maryj,,,,,,0.0
fictitious_power_k,16.0,12.0,Poppy,,,,,,2.0
fictitious_power_k,16.0,12.0,Oxlip,,,,,,0.0
fictitious_power_k,16.0,12.0,Daisy,,,,,,0.0
fictitious_power_k,16.0,12.0,Tulip,,,,,,0.0
fictitious_power_k,16.0,12.0,Maryj,,,,,,0.0
fictitious_power_k,16.0,13.0,Poppy,,,,,,0.0
fictitious_power_k,16.0,13.0,Oxlip,,,,,,0.0
fictitious_power_k,16.0,13.0,Daisy,,,,,,0.0
fictitious_power_k,16.0,13.0,Tulip,,,,,,4.0
fictitious_power_k,16.0,13.0,Maryj,,,,,,0.0
fictitious_power_k,16.0,14.0,Poppy,,,,,,0.0
fictitious_power_k,16.0,14.0,Oxlip,,,,,,2.0
fictitious_power_k,16.0,14.0,Daisy,,,,,,0.0
fictitious_power_k,16.0,14.0,Tulip,,,,,,0.0
fictitious_power_k,16.0,14.0,Maryj,,,,,,0.0
fictitious_power_k,16.0,15.0,Poppy,,,,,,0.0
fictitious_power_k,16.0,15.0,Oxlip,,,,,,0.0
fictitious_power_k,16.0,15.0,Daisy,,,,,,-2.0
fictitious_power_k,16.0,15.0,Tulip,,,,,,0.0
fictitious_power_k,16.0,15.0,Maryj,,,,,,0.0
fictitious_power_k,16.0,17.0,Poppy,,,,,,11.0
fictitious_power_k,16.0,17.0,Oxlip,,,,,,0.0
fictitious_power_k,16.0,17.0,Daisy,,,,,,0.0
fictitious_power_k,16.0,17.0,Tulip,,,,,,0.0
fictitious_power_k,16.0,17.0,Maryj,,,,,,0.0
fictitious_power_k,16.0,18.0,Poppy,,,,,,-1.0
fictitious_power_k,16.0,18.0,Oxlip,,,,,,0.0
fictitious_power_k,16.0,18.0,Daisy,,,,,,0.0
fictitious_power_k,16.0,18.0,Tulip,,,,,,0.0
fictitious_power_k,16.0,18.0,Maryj,,,,,,0.0
fictitious_power_k,16.0,19.0,Poppy,,,,,,0.0
fictitious_power_k,16.0,19.0,Oxlip,,,,,,0.0
fictitious_power_k,16.0,19.0,Daisy,,,,,,0.0
fictitious_power_k,16.0,19.0,Tulip,,,,,,0.0
fictitious_power_k,16.0,19.0,Maryj,,,,,,-7.0
fictitious_power_k,17.0,0.0,Poppy,,,,,,0.0
fictitious_power_k,17.0,0.0,Oxlip,,,,,,1.0
fictitious_power_k,17.0,0.0,Daisy,,,,,,0.0
fictitious_power_k,17.0,0.0,Tulip,,,,,,0.0
fictitious_power_k,17.0,0.0,Maryj,,,,,,0.0
fictitious_power_k,17.0,2.0,Poppy,,,,,,0.0
fictitious_power_k,17.0,2.0,Oxlip,,,,,,0.0
fictitious_power_k,17.0,2.0,Daisy,,,,,,1.0
fictitious_power_k,17.0,2.0,Tulip,,,,,,0.0
fictitious_power_k,17.0,2.0,Maryj,,,,,,0.0
fictitious_power_k,17.0,6.0,Poppy,,,,,,1.0
fictitious_power_k,17.0,6.0,Oxlip,,,,,,0.0
fictitious_power_k,17.0,6.0,Daisy,,,,,,0.0
fictitious_power_k,17.0,6.0,Tulip,,,,,,0.0
fictitious_power_k,17.0,6.0,Maryj,,,,,,0.0
fictitious_power_k,17.0,10.0,Poppy,,,,,,0.0
fictitious_power_k,17.0,10.0,Oxlip,,,,,,0.0
fictitious_power_k,17.0,10.0,Daisy,,,,,,-3.0
fictitious_power_k,17.0,10.0,Tulip,,,,,,0.0
fictitious_power_k,17.0,10.0,Maryj,,,,,,0.0
fictitious_power_k,17.0,11.0,Poppy,,,,,,-1.0
fictitious_power_k,17.0,11.0,Oxlip,,,,,,0.0
fictitious_power_k,17.0,11.0,Daisy,,,,,,0.0
fictitious_power_k,17.0,11.0,Tulip,,,,,,0.0
fictitious_power_k,17.0,11.0,Maryj,,,,,,0.0
fictitious_power_k,17.0,12.0,Poppy,,,,,,2.0
fictitious_power_k,17.0,12.0,Oxlip,,,,,,0.0
fictitious_power_k,17.0,12.0,Daisy,,,,,,0.0
fictitious_power_k,17.0,12.0,Tulip,,,,,,0.0
fictitious_power_k,17.0,12.0,Maryj,,,,,,0.0
fictitious_power_k,17.0,13.0,Poppy,,,,,,0.0
fictitious_power_k,17.0,13.0,Oxlip,,,,,,0.0
fictitious_power_k,17.0,13.0,Daisy,,,,,,0.0
fictitious_power_k,17.0,13.0,Tulip,,,,,,4.0
fictitious_power_k,17.0,13.0,Maryj,,,,,,0.0
fictitious_power_k,17.0,14.0,Poppy,,,,,,0.0
fictitious_power_k,17.0,14.0,Oxlip,,,,,,2.0
fictitious_power_k,17.0,14.0,Daisy,,,,,,0.0
fictitious_power_k,17.0,14.0,Tulip,,,,,,0.0
fictitious_power_k,17.0,14.0,Maryj,,,,,,0.0
fictitious_power_k,17.0,15.0,Poppy,,,,,,0.0
fictitious_power_k,17.0,15.0,Oxlip,,,,,,0.0
fictitious_power_k,17.0,15.0,Daisy,,,,,,-2.0
fictitious_power_k,17.0,15.0,Tulip,,,,,,0.0
fictitious_power_k,17.0,15.0,Maryj,,,,,,0.0
fictitious_power_k,17.0,17.0,Poppy,,,,,,11.0
fictitious_power_k,17.0,17.0,Oxlip,,,,,,0.0
fictitious_power_k,17.0,17.0,Daisy,,,,,,0.0
fictitious_power_k,17.0,17.0,Tulip,,,,,,0.0
fictitious_power_k,17.0,17.0,Maryj,,,,,,0.0
fictitious_power_k,17.0,18.0,Poppy,,,,,,-1.0
fictitious_power_k,17.0,18.0,Oxlip,,,,,,0.0
fictitious_power_k,17.0,18.0,Daisy,,,,,,0.0
fictitious_power_k,17.0,18.0,Tulip,,,,,,0.0
fictitious_power_k,17.0,18.0,Maryj,,,,,,0.0
fictitious_power_k,17.0,19.0,Poppy,,,,,,0.0
fictitious_power_k,17.0,19.0,Oxlip,,,,,,0.0
fictitious_power_k,17.0,19.0,Daisy,,,,,,0.0
fictitious_power_k,17.0,19.0,Tulip,,,,,,0.0
fictitious_power_k,17.0,19.0,Maryj,,,,,,-7.0
fictitious_power_k,18.0,0.0,Poppy,,,,,,0.0
fictitious_power_k,18.0,0.0,Oxlip,,,,,,1.0
fictitious_power_k,18.0,0.0,Daisy,,,,,,0.0
fictitious_power_k,18.0,0.0,Tulip,,,,,,0.0
fictitious_power_k,18.0,0.0,Maryj,,,,,,0.0
fictitious_power_k,18.0,2.0,Poppy,,,,,,0.0
fictitious_power_k,18.0,2.0,Oxlip,,,,,,0.0
fictitious_power_k,18.0,2.0,Daisy,,,,,,1.0
fictitious_power_k,18.0,2.0,Tulip,,,,,,0.0
fictitious_power_k,18.0,2.0,Maryj,,,,,,0.0
fictitious_power_k,18.0,6.0,Poppy,,,,,,1.0
fictitious_power_k,18.0,6.0,Oxlip,,,,,,0.0
fictitious_power_k,18.0,6.0,Daisy,,,,,,0.0
fictitious_power_k,18.0,6.0,Tulip,,,,,,0.0
fictitious_power_k,18.0,6.0,Maryj,,,,,,0.0
fictitious_power_k,18.0,10.0,Poppy,,,,,,0.0
fictitious_power_k,18.0,10.0,Oxlip,,,,,,0.0
fictitious_power_k,18.0,10.0,Daisy,,,,,,-3.0
fictitious_power_k,18.0,10.0,Tulip,,,,,,0.0
fictitious_power_k,18.0,10.0,Maryj,,,,,,0.0
fictitious_power_k,18.0,11.0,Poppy,,,,,,-1.0
fictitious_power_k,18.0,11.0,Oxlip,,,,,,0.0
fictitious_power_k,18.0,11.0,Daisy,,,,,,0.0
fictitious_power_k,18.0,11.0,Tulip,,,,,,0.0
fictitious_power_k,18.0,11.0,Maryj,,,,,,0.0
fictitious_power_k,18.0,12.0,Poppy,,,,,,2.0
fictitious_power_k,18.0,12.0,Oxlip,,,,,,0.0
fictitious_power_k,18.0,12.0,Daisy,,,,,,0.0
fictitious_power_k,18.0,12.0,Tulip,,,,,,0.0
fictitious_power_k,18.0,12.0,Maryj,,,,,,0.0
fictitious_power_k,18.0,13.0,Poppy,,,,,,0.0
fictitious_power_k,18.0,13.0,Oxlip,,,,,,0.0
fictitious_power_k,18.0,13.0,Daisy,,,,,,0.0
fictitious_power_k,18.0,13.0,Tulip,,,,,,4.0
fictitious_power_k,18.0,13.0,Maryj,,,,,,0.0
fictitious_power_k,18.0,14.0,Poppy,,,,,,0.0
fictitious_power_k,18.0,14.0,Oxlip,,,,,,2.0
fictitious_power_k,18.0,14.0,Daisy,,,,,,0.0
fictitious_power_k,18.0,14.0,Tulip,,,,,,0.0
fictitious_power_k,18.0,14.0,Maryj,,,,,,0.0
fictitious_power_k,18.0,15.0,Poppy,,,,,,0.0
fictitious_power_k,18.0,15.0,Oxlip,,,,,,0.0
fictitious_power_k,18.0,15.0,Daisy,,,,,,-2.0
fictitious_power_k,18.0,15.0,Tulip,,,,,,0.0
fictitious_power_k,18.0,15.0,Maryj,,,,,,0.0
fictitious_power_k,18.0,17.0,Poppy,,,,,,11.0
fictitious_power_k,18.0,17.0,Oxlip,,,,,,0.0
fictitious_power_k,18.0,17.0,Daisy,,,,,,0.0
fictitious_power_k,18.0,17.0,Tulip,,,,,,0.0
fictitious_power_k,18.0,17.0,Maryj,,,,,,0.0
fictitious_power_k,18.0,18.0,Poppy,,,,,,-1.0
fictitious_power_k,18.0,18.0,Oxlip,,,,,,0.0
fictitious_power_k,18.0,18.0,Daisy,,,,,,0.0
fictitious_power_k,18.0,18.0,Tulip,,,,,,0.0
fictitious_power_k,18.0,18.0,Maryj,,,,,,0.0
fictitious_power_k,18.0,19.0,Poppy,,,,,,0.0
fictitious_power_k,18.0,19.0,Oxlip,,,,,,0.0
fictitious_power_k,18.0,19.0,Daisy,,,,,,0.0
fictitious_power_k,18.0,19.0,Tulip,,,,,,0.0
fictitious_power_k,18.0,19.0,Maryj,,,,,,-7.0
fictitious_power_k,19.0,0.0,Poppy,,,,,,0.0
fictitious_power_k,19.0,0.0,Oxlip,,,,,,1.0
fictitious_power_k,19.0,0.0,Daisy,,,,,,0.0
fictitious_power_k,19.0,0.0,Tulip,,,,,,0.0
fictitious_power_k,19.0,0.0,Maryj,,,,,,0.0
fictitious_power_k,19.0,2.0,Poppy,,,,,,0.0
fictitious_power_k,19.0,2.0,Oxlip,,,,,,0.0
fictitious_power_k,19.0,2.0,Daisy,,,,,,1.0
fictitious_power_k,19.0,2.0,Tulip,,,,,,0.0
fictitious_power_k,19.0,2.0,Maryj,,,,,,0.0
fictitious_power_k,19.0,6.0,Poppy,,,,,,1.0
fictitious_power_k,19.0,6.0,Oxlip,,,,,,0.0
fictitious_power_k,19.0,6.0,Daisy,,,,,,0.0
fictitious_power_k,19.0,6.0,Tulip,,,,,,0.0
fictitious_power_k,19.0,6.0,Maryj,,,,,,0.0
fictitious_power_k,19.0,10.0,Poppy,,,,,,0.0
fictitious_power_k,19.0,10.0,Oxlip,,,,,,0.0
fictitious_power_k,19.0,10.0,Daisy,,,,,,-3.0
fictitious_power_k,19.0,10.0,Tulip,,,,,,0.0
fictitious_power_k,19.0,10.0,Maryj,,,,,,0.0
fictitious_power_k,19.0,11.0,Poppy,,,,,,-1.0
fictitious_power_k,19.0,11.0,Oxlip,,,,,,0.0
fictitious_power_k,19.0,11.0,Daisy,,,,,,0.0
fictitious_power_k,19.0,11.0,Tulip,,,,,,0.0
fictitious_power_k,19.0,11.0,Maryj,,,,,,0.0
fictitious_power_k,19.0,12.0,Poppy,,,,,,2.0
fictitious_power_k,19.0,12.0,Oxlip,,,,,,0.0
fictitious_power_k,19.0,12.0,Daisy,,,,,,0.0
fictitious_power_k,19.0,12.0,Tulip,,,,,,0.0
fictitious_power_k,19.0,12.0,Maryj,,,,,,0.0
fictitious_power_k,19.0,13.0,Poppy,,,,,,0.0
fictitious_power_k,19.0,13.0,Oxlip,,,,,,0.0
fictitious_power_k,19.0,13.0,Daisy,,,,,,0.0
fictitious_power_k,19.0,13.0,Tulip,,,,,,4.0
fictitious_power_k,19.0,13.0,Maryj,,,,,,0.0
fictitious_power_k,19.0,14.0,Poppy,,,,,,0.0
fictitious_power_k,19.0,14.0,Oxlip,,,,,,2.0
fictitious_power_k,19.0,14.0,Daisy,,,,,,0.0
fictitious_power_k,19.0,14.0,Tulip,,,,,,0.0
fictitious_power_k,19.0,14.0,Maryj,,,,,,0.0
fictitious_power_k,19.0,15.0,Poppy,,,,,,0.0
fictitious_power_k,19.0,15.0,Oxlip,,,,,,0.0
fictitious_power_k,19.0,15.0,Daisy,,,,,,-2.0
fictitious_power_k,19.0,15.0,Tulip,,,,,,0.0
fictitious_power_k,19.0,15.0,Maryj,,,,,,0.0
fictitious_power_k,19.0,17.0,Poppy,,,,,,11.0
fictitious_power_k,19.0,17.0,Oxlip,,,,,,0.0
fictitious_power_k,19.0,17.0,Daisy,,,,,,0.0
fictitious_power_k,19.0,17.0,Tulip,,,,,,0.0
fictitious_power_k,19.0,17.0,Maryj,,,,,,0.0
fictitious_power_k,19.0,18.0,Poppy,,,,,,-1.0
fictitious_power_k,19.0,18.0,Oxlip,,,,,,0.0
fictitious_power_k,19.0,18.0,Daisy,,,,,,0.0
fictitious_power_k,19.0,18.0,Tulip,,,,,,0.0
fictitious_power_k,19.0,18.0,Maryj,,,,,,0.0
fictitious_power_k,19.0,19.0,Poppy,,,,,,0.0
fictitious_power_k,19.0,19.0,Oxlip,,,,,,0.0
fictitious_power_k,19.0,19.0,Daisy,,,,,,0.0
fictitious_power_k,19.0,19.0,Tulip,,,,,,0.0
fictitious_power_k,19.0,19.0,Maryj,,,,,,-7.0
fictitious_power_k,20.0,0.0,Poppy,,,,,,0.0
fictitious_power_k,20.0,0.0,Oxlip,,,,,,1.0
fictitious_power_k,20.0,0.0,Daisy,,,,,,0.0
fictitious_power_k,20.0,0.0,Tulip,,,,,,0.0
fictitious_power_k,20.0,0.0,Maryj,,,,,,0.0
fictitious_power_k,20.0,2.0,Poppy,,,,,,0.0
fictitious_power_k,20.0,2.0,Oxlip,,,,,,0.0
fictitious_power_k,20.0,2.0,Daisy,,,,,,1.0
fictitious_power_k,20.0,2.0,Tulip,,,,,,0.0
fictitious_power_k,20.0,2.0,Maryj,,,,,,0.0
fictitious_power_k,20.0,6.0,Poppy,,,,,,1.0
fictitious_power_k,20.0,6.0,Oxlip,,,,,,0.0
fictitious_power_k,20.0,6.0,Daisy,,,,,,0.0
fictitious_power_k,20.0,6.0,Tulip,,,,,,0.0
fictitious_power_k,20.0,6.0,Maryj,,,,,,0.0
fictitious_power_k,20.0,10.0,Poppy,,,,,,0.0
fictitious_power_k,20.0,10.0,Oxlip,,,,,,0.0
fictitious_power_k,20.0,10.0,Daisy,,,,,,-3.0
fictitious_power_k,20.0,10.0,Tulip,,,,,,0.0
fictitious_power_k,20.0,10.0,Maryj,,,,,,0.0
fictitious_power_k,20.0,11.0,Poppy,,,,,,-1.0
fictitious_power_k,20.0,11.0,Oxlip,,,,,,0.0
fictitious_power_k,20.0,11.0,Daisy,,,,,,0.0
fictitious_power_k,20.0,11.0,Tulip,,,,,,0.0
fictitious_power_k,20.0,11.0,Maryj,,,,,,0.0
fictitious_power_k,20.0,12.0,Poppy,,,,,,2.0
fictitious_power_k,20.0,12.0,Oxlip,,,,,,0.0
fictitious_power_k,20.0,12.0,Daisy,,,,,,0.0
fictitious_power_k,20.0,12.0,Tulip,,,,,,0.0
fictitious_power_k,20.0,12.0,Maryj,,,,,,0.0
fictitious_power_k,20.0,13.0,Poppy,,,,,,0.0
fictitious_power_k,20.0,13.0,Oxlip,,,,,,0.0
fictitious_power_k,20.0,13.0,Daisy,,,,,,0.0
fictitious_power_k,20.0,13.0,Tulip,,,,,,4.0
fictitious_power_k,20.0,13.0,Maryj,,,,,,0.0
fictitious_power_k,20.0,14.0,Poppy,,,,,,0.0
fictitious_power_k,20.0,14.0,Oxlip,,,,,,2.0
fictitious_power_k,20.0,14.0,Daisy,,,,,,0.0
fictitious_power_k,20.0,14.0,Tulip,,,,,,0.0
fictitious_power_k,20.0,14.0,Maryj,,,,,,0.0
fictitious_power_k,20.0,15.0,Poppy,,,,,,0.0
fictitious_power_k,20.0,15.0,Oxlip,,,,,,0.0
fictitious_power_k,20.0,15.0,Daisy,,,,,,-2.0
fictitious_power_k,20.0,15.0,Tulip,,,,,,0.0
fictitious_power_k,20.0,15.0,Maryj,,,,,,0.0
fictitious_power_k,20.0,17.0,Poppy,,,,,,11.0
fictitious_power_k,20.0,17.0,Oxlip,,,,,,0.0
fictitious_power_k,20.0,17.0,Daisy,,,,,,0.0
fictitious_power_k,20.0,17.0,Tulip,,,,,,0.0
fictitious_power_k,20.0,17.0,Maryj,,,,,,0.0
fictitious_power_k,20.0,18.0,Poppy,,,,,,-1.0
fictitious_power_k,20.0,18.0,Oxlip,,,,,,0.0
fictitious_power_k,20.0,18.0,Daisy,,,,,,0.0
fictitious_power_k,20.0,18.0,Tulip,,,,,,0.0
fictitious_power_k,20.0,18.0,Maryj,,,,,,0.0
fictitious_power_k,20.0,19.0,Poppy,,,,,,0.0
fictitious_power_k,20.0,19.0,Oxlip,,,,,,0.0
fictitious_power_k,20.0,19.0,Daisy,,,,,,0.0
fictitious_power_k,20.0,19.0,Tulip,,,,,,0.0
fictitious_power_k,20.0,19.0,Maryj,,,,,,-7.0
fictitious_power_k,21.0,0.0,Poppy,,,,,,0.0
fictitious_power_k,21.0,0.0,Oxlip,,,,,,1.0
fictitious_power_k,21.0,0.0,Daisy,,,,,,0.0
fictitious_power_k,21.0,0.0,Tulip,,,,,,0.0
fictitious_power_k,21.0,0.0,Maryj,,,,,,0.0
fictitious_power_k,21.0,2.0,Poppy,,,,,,0.0
fictitious_power_k,21.0,2.0,Oxlip,,,,,,0.0
fictitious_power_k,21.0,2.0,Daisy,,,,,,1.0
fictitious_power_k,21.0,2.0,Tulip,,,,,,0.0
fictitious_power_k,21.0,2.0,Maryj,,,,,,0.0
fictitious_power_k,21.0,6.0,Poppy,,,,,,1.0
fictitious_power_k,21.0,6.0,Oxlip,,,,,,0.0
fictitious_power_k,21.0,6.0,Daisy,,,,,,0.0
fictitious_power_k,21.0,6.0,Tulip,,,,,,0.0
fictitious_power_k,21.0,6.0,Maryj,,,,,,0.0
fictitious_power_k,21.0,10.0,Poppy,,,,,,0.0
fictitious_power_k,21.0,10.0,Oxlip,,,,,,0.0
fictitious_power_k,21.0,10.0,Daisy,,,,,,-3.0
fictitious_power_k,21.0,10.0,Tulip,,,,,,0.0
fictitious_power_k,21.0,10.0,Maryj,,,,,,0.0
fictitious_power_k,21.0,11.0,Poppy,,,,,,-1.0
fictitious_power_k,21.0,11.0,Oxlip,,,,,,0.0
fictitious_power_k,21.0,11.0,Daisy,,,,,,0.0
fictitious_power_k,21.0,11.0,Tulip,,,,,,0.0
fictitious_power_k,21.0,11.0,Maryj,,,,,,0.0
fictitious_power_k,21.0,12.0,Poppy,,,,,,2.0
fictitious_power_k,21.0,12.0,Oxlip,,,,,,0.0
fictitious_power_k,21.0,12.0,Daisy,,,,,,0.0
fictitious_power_k,21.0,12.0,Tulip,,,,,,0.0
fictitious_power_k,21.0,12.0,Maryj,,,,,,0.0
fictitious_power_k,21.0,13.0,Poppy,,,,,,0.0
fictitious_power_k,21.0,13.0,Oxlip,,,,,,0.0
fictitious_power_k,21.0,13.0,Daisy,,,,,,0.0
fictitious_power_k,21.0,13.0,Tulip,,,,,,4.0
fictitious_power_k,21.0,13.0,Maryj,,,,,,0.0
fictitious_power_k,21.0,14.0,Poppy,,,,,,0.0
fictitious_power_k,21.0,14.0,Oxlip,,,,,,2.0
fictitious_power_k,21.0,14.0,Daisy,,,,,,0.0
fictitious_power_k,21.0,14.0,Tulip,,,,,,0.0
fictitious_power_k,21.0,14.0,Maryj,,,,,,0.0
fictitious_power_k,21.0,15.0,Poppy,,,,,,0.0
fictitious_power_k,21.0,15.0,Oxlip,,,,,,0.0
fictitious_power_k,21.0,15.0,Daisy,,,,,,-2.0
fictitious_power_k,21.0,15.0,Tulip,,,,,,0.0
fictitious_power_k,21.0,15.0,Maryj,,,,,,0.0
fictitious_power_k,21.0,17.0,Poppy,,,,,,11.0
fictitious_power_k,21.0,17.0,Oxlip,,,,,,0.0
fictitious_power_k,21.0,17.0,Daisy,,,,,,0.0
fictitious_power_k,21.0,17.0,Tulip,,,,,,0.0
fictitious_power_k,21.0,17.0,Maryj,,,,,,0.0
fictitious_power_k,21.0,18.0,Poppy,,,,,,-1.0
fictitious_power_k,21.0,18.0,Oxlip,,,,,,0.0
fictitious_power_k,21.0,18.0,Daisy,,,,,,0.0
fictitious_power_k,21.0,18.0,Tulip,,,,,,0.0
fictitious_power_k,21.0,18.0,Maryj,,,,,,0.0
fictitious_power_k,21.0,19.0,Poppy,,,,,,0.0
fictitious_power_k,21.0,19.0,Oxlip,,,,,,0.0
fictitious_power_k,21.0,19.0,Daisy,,,,,,0.0
fictitious_power_k,21.0,19.0,Tulip,,,,,,0.0
fictitious_power_k,21.0,19.0,Maryj,,,,,,-7.0
fictitious_power_k,22.0,0.0,Poppy,,,,,,0.0
fictitious_power_k,22.0,0.0,Oxlip,,,,,,1.0
fictitious_power_k,22.0,0.0,Daisy,,,,,,0.0
fictitious_power_k,22.0,0.0,Tulip,,,,,,0.0
fictitious_power_k,22.0,0.0,Maryj,,,,,,0.0
fictitious_power_k,22.0,2.0,Poppy,,,,,,0.0
fictitious_power_k,22.0,2.0,Oxlip,,,,,,0.0
fictitious_power_k,22.0,2.0,Daisy,,,,,,1.0
fictitious_power_k,22.0,2.0,Tulip,,,,,,0.0
fictitious_power_k,22.0,2.0,Maryj,,,,,,0.0
fictitious_power_k,22.0,6.0,Poppy,,,,,,1.0
fictitious_power_k,22.0,6.0,Oxlip,,,,,,0.0
fictitious_power_k,22.0,6.0,Daisy,,,,,,0.0
fictitious_power_k,22.0,6.0,Tulip,,,,,,0.0
fictitious_power_k,22.0,6.0,Maryj,,,,,,0.0
fictitious_power_k,22.0,10.0,Poppy,,,,,,0.0
fictitious_power_k,22.0,10.0,Oxlip,,,,,,0.0
fictitious_power_k,22.0,10.0,Daisy,,,,,,-3.0
fictitious_power_k,22.0,10.0,Tulip,,,,,,0.0
fictitious_power_k,22.0,10.0,Maryj,,,,,,0.0
fictitious_power_k,22.0,11.0,Poppy,,,,,,-1.0
fictitious_power_k,22.0,11.0,Oxlip,,,,,,0.0
fictitious_power_k,22.0,11.0,Daisy,,,,,,0.0
fictitious_power_k,22.0,11.0,Tulip,,,,,,0.0
fictitious_power_k,22.0,11.0,Maryj,,,,,,0.0
fictitious_power_k,22.0,12.0,Poppy,,,,,,2.0
fictitious_power_k,22.0,12.0,Oxlip,,,,,,0.0
fictitious_power_k,22.0,12.0,Daisy,,,,,,0.0
fictitious_power_k,22.0,12.0,Tulip,,,,,,0.0
fictitious_power_k,22.0,12.0,Maryj,,,,,,0.0
fictitious_power_k,22.0,13.0,Poppy,,,,,,0.0
fictitious_power_k,22.0,13.0,Oxlip,,,,,,0.0
fictitious_power_k,22.0,13.0,Daisy,,,,,,0.0
fictitious_power_k,22.0,13.0,Tulip,,,,,,4.0
fictitious_power_k,22.0,13.0,Maryj,,,,,,0.0
fictitious_power_k,22.0,14.0,Poppy,,,,,,0.0
fictitious_power_k,22.0,14.0,Oxlip,,,,,,2.0
fictitious_power_k,22.0,14.0,Daisy,,,,,,0.0
fictitious_power_k,22.0,14.0,Tulip,,,,,,0.0
fictitious_power_k,22.0,14.0,Maryj,,,,,,0.0
fictitious_power_k,22.0,15.0,Poppy,,,,,,0.0
fictitious_power_k,22.0,15.0,Oxlip,,,,,,0.0
fictitious_power_k,22.0,15.0,Daisy,,,,,,-2.0
fictitious_power_k,22.0,15.0,Tulip,,,,,,0.0
fictitious_power_k,22.0,15.0,Maryj,,,,,,0.0
fictitious_power_k,22.0,17.0,Poppy,,,,,,11.0
fictitious_power_k,22.0,17.0,Oxlip,,,,,,0.0
fictitious_power_k,22.0,17.0,Daisy,,,,,,0.0
fictitious_power_k,22.0,17.0,Tulip,,,,,,0.0
fictitious_power_k,22.0,17.0,Maryj,,,,,,0.0
fictitious_power_k,22.0,18.0,Poppy,,,,,,-1.0
fictitious_power_k,22.0,18.0,Oxlip,,,,,,0.0
fictitious_power_k,22.0,18.0,Daisy,,,,,,0.0
fictitious_power_k,22.0,18.0,Tulip,,,,,,0.0
fictitious_power_k,22.0,18.0,Maryj,,,,,,0.0
fictitious_power_k,22.0,19.0,Poppy,,,,,,0.0
fictitious_power_k,22.0,19.0,Oxlip,,,,,,0.0
fictitious_power_k,22.0,19.0,Daisy,,,,,,0.0
fictitious_power_k,22.0,19.0,Tulip,,,,,,0.0
fictitious_power_k,22.0,19.0,Maryj,,,,,,-7.0
fictitious_power_k,23.0,0.0,Poppy,,,,,,0.0
fictitious_power_k,23.0,0.0,Oxlip,,,,,,1.0
fictitious_power_k,23.0,0.0,Daisy,,,,,,0.0
fictitious_power_k,23.0,0.0,Tulip,,,,,,0.0
fictitious_power_k,23.0,0.0,Maryj,,,,,,0.0
fictitious_power_k,23.0,2.0,Poppy,,,,,,0.0
fictitious_power_k,23.0,2.0,Oxlip,,,,,,0.0
fictitious_power_k,23.0,2.0,Daisy,,,,,,1.0
fictitious_power_k,23.0,2.0,Tulip,,,,,,0.0
fictitious_power_k,23.0,2.0,Maryj,,,,,,0.0
fictitious_power_k,23.0,6.0,Poppy,,,,,,1.0
fictitious_power_k,23.0,6.0,Oxlip,,,,,,0.0
fictitious_power_k,23.0,6.0,Daisy,,,,,,0.0
fictitious_power_k,23.0,6.0,Tulip,,,,,,0.0
fictitious_power_k,23.0,6.0,Maryj,,,,,,0.0
fictitious_power_k,23.0,10.0,Poppy,,,,,,0.0
fictitious_power_k,23.0,10.0,Oxlip,,,,,,0.0
fictitious_power_k,23.0,10.0,Daisy,,,,,,-3.0
fictitious_power_k,23.0,10.0,Tulip,,,,,,0.0
fictitious_power_k,23.0,10.0,Maryj,,,,,,0.0
fictitious_power_k,23.0,11.0,Poppy,,,,,,-1.0
fictitious_power_k,23.0,11.0,Oxlip,,,,,,0.0
fictitious_power_k,23.0,11.0,Daisy,,,,,,0.0
fictitious_power_k,23.0,11.0,Tulip,,,,,,0.0
fictitious_power_k,23.0,11.0,Maryj,,,,,,0.0
fictitious_power_k,23.0,12.0,Poppy,,,,,,2.0
fictitious_power_k,23.0,12.0,Oxlip,,,,,,0.0
fictitious_power_k,23.0,12.0,Daisy,,,,,,0.0
fictitious_power_k,23.0,12.0,Tulip,,,,,,0.0
fictitious_power_k,23.0,12.0,Maryj,,,,,,0.0
fictitious_power_k,23.0,13.0,Poppy,,,,,,0.0
fictitious_power_k,23.0,13.0,Oxlip,,,,,,0.0
fictitious_power_k,23.0,13.0,Daisy,,,,,,0.0
fictitious_power_k,23.0,13.0,Tulip,,,,,,4.0
fictitious_power_k,23.0,13.0,Maryj,,,,,,0.0
fictitious_power_k,23.0,14.0,Poppy,,,,,,0.0
fictitious_power_k,23.0,14.0,Oxlip,,,,,,2.0
fictitious_power_k,23.0,14.0,Daisy,,,,,,0.0
fictitious_power_k,23.0,14.0,Tulip,,,,,,0.0
fictitious_power_k,23.0,14.0,Maryj,,,,,,0.0
fictitious_power_k,23.0,15.0,Poppy,,,,,,0.0
fictitious_power_k,23.0,15.0,Oxlip,,,,,,0.0
fictitious_power_k,23.0,15.0,Daisy,,,,,,-2.0
fictitious_power_k,23.0,15.0,Tulip,,,,,,0.0
fictitious_power_k,23.0,15.0,Maryj,,,,,,0.0
fictitious_power_k,23.0,17.0,Poppy,,,,,,11.0
fictitious_power_k,23.0,17.0,Oxlip,,,,,,0.0
fictitious_power_k,23.0,17.0,Daisy,,,,,,0.0
fictitious_power_k,23.0,17.0,Tulip,,,,,,0.0
fictitious_power_k,23.0,17.0,Maryj,,,,,,0.0
fictitious_power_k,23.0,18.0,Poppy,,,,,,-1.0
fictitious_power_k,23.0,18.0,Oxlip,,,,,,0.0
fictitious_power_k,23.0,18.0,Daisy,,,,,,0.0
fictitious_power_k,23.0,18.0,Tulip,,,,,,0.0
fictitious_power_k,23.0,18.0,Maryj,,,,,,0.0
fictitious_power_k,23.0,19.0,Poppy,,,,,,0.0
fictitious_power_k,23.0,19.0,Oxlip,,,,,,0.0
fictitious_power_k,23.0,19.0,Daisy,,,,,,0.0
fictitious_power_k,23.0,19.0,Tulip,,,,,,0.0
fictitious_power_k,23.0,19.0,Maryj,,,,,,-7.0
fictitious_power_k,24.0,0.0,Poppy,,,,,,0.0
fictitious_power_k,24.0,0.0,Oxlip,,,,,,1.0
fictitious_power_k,24.0,0.0,Daisy,,,,,,0.0
fictitious_power_k,24.0,0.0,Tulip,,,,,,0.0
fictitious_power_k,24.0,0.0,Maryj,,,,,,0.0
fictitious_power_k,24.0,2.0,Poppy,,,,,,0.0
fictitious_power_k,24.0,2.0,Oxlip,,,,,,0.0
fictitious_power_k,24.0,2.0,Daisy,,,,,,1.0
fictitious_power_k,24.0,2.0,Tulip,,,,,,0.0
fictitious_power_k,24.0,2.0,Maryj,,,,,,0.0
fictitious_power_k,24.0,6.0,Poppy,,,,,,1.0
fictitious_power_k,24.0,6.0,Oxlip,,,,,,0.0
fictitious_power_k,24.0,6.0,Daisy,,,,,,0.0
fictitious_power_k,24.0,6.0,Tulip,,,,,,0.0
fictitious_power_k,24.0,6.0,Maryj,,,,,,0.0
fictitious_power_k,24.0,10.0,Poppy,,,,,,0.0
fictitious_power_k,24.0,10.0,Oxlip,,,,,,0.0
fictitious_power_k,24.0,10.0,Daisy,,,,,,-3.0
fictitious_power_k,24.0,10.0,Tulip,,,,,,0.0
fictitious_power_k,24.0,10.0,Maryj,,,,,,0.0
fictitious_power_k,24.0,11.0,Poppy,,,,,,-1.0
fictitious_power_k,24.0,11.0,Oxlip,,,,,,0.0
fictitious_power_k,24.0,11.0,Daisy,,,,,,0.0
fictitious_power_k,24.0,11.0,Tulip,,,,,,0.0
fictitious_power_k,24.0,11.0,Maryj,,,,,,0.0
fictitious_power_k,24.0,12.0,Poppy,,,,,,2.0
fictitious_power_k,24.0,12.0,Oxlip,,,,,,0.0
fictitious_power_k,24.0,12.0,Daisy,,,,,,0.0
fictitious_power_k,24.0,12.0,Tulip,,,,,,0.0
fictitious_power_k,24.0,12.0,Maryj,,,,,,0.0
fictitious_power_k,24.0,13.0,Poppy,,,,,,0.0
fictitious_power_k,24.0,13.0,Oxlip,,,,,,0.0
fictitious_power_k,24.0,13.0,Daisy,,,,,,0.0
fictitious_power_k,24.0,13.0,Tulip,,,,,,4.0
fictitious_power_k,24.0,13.0,Maryj,,,,,,0.0
fictitious_power_k,24.0,14.0,Poppy,,,,,,0.0
fictitious_power_k,24.0,14.0,Oxlip,,,,,,2.0
fictitious_power_k,24.0,14.0,Daisy,,,,,,0.0
fictitious_power_k,24.0,14.0,Tulip,,,,,,0.0
fictitious_power_k,24.0,14.0,Maryj,,,,,,0.0
fictitious_power_k,24.0,15.0,Poppy,,,,,,0.0
fictitious_power_k,24.0,15.0,Oxlip,,,,,,0.0
fictitious_power_k,24.0,15.0,Daisy,,,,,,-2.0
fictitious_power_k,24.0,15.0,Tulip,,,,,,0.0
fictitious_power_k,24.0,15.0,Maryj,,,,,,0.0
fictitious_power_k,24.0,17.0,Poppy,,,,,,11.0
fictitious_power_k,24.0,17.0,Oxlip,,,,,,0.0
fictitious_power_k,24.0,17.0,Daisy,,,,,,0.0
fictitious_power_k,24.0,17.0,Tulip,,,,,,0.0
fictitious_power_k,24.0,17.0,Maryj,,,,,,0.0
fictitious_power_k,24.0,18.0,Poppy,,,,,,-1.0
fictitious_power_k,24.0,18.0,Oxlip,,,,,,0.0
fictitious_power_k,24.0,18.0,Daisy,,,,,,0.0
fictitious_power_k,24.0,18.0,Tulip,,,,,,0.0
fictitious_power_k,24.0,18.0,Maryj,,,,,,0.0
fictitious_power_k,24.0,19.0,Poppy,,,,,,0.0
fictitious_power_k,24.0,19.0,Oxlip,,,,,,0.0
fictitious_power_k,24.0,19.0,Daisy,,,,,,0.0
fictitious_power_k,24.0,19.0,Tulip,,,,,,0.0
fictitious_power_k,24.0,19.0,Maryj,,,,,,-7.0
fictitious_power,1.0,0.0,,,,,,,1.0
fictitious_power,1.0,2.0,,,,,,,1.0
fictitious_power,1.0,6.0,,,,,,,1.0
fictitious_power,1.0,10.0,,,,,,,-3.0
fictitious_power,1.0,11.0,,,,,,,-1.0
fictitious_power,1.0,12.0,,,,,,,2.0
fictitious_power,1.0,13.0,,,,,,,4.0
fictitious_power,1.0,14.0,,,,,,,2.0
fictitious_power,1.0,15.0,,,,,,,-2.0
fictitious_power,1.0,17.0,,,,,,,11.0
fictitious_power,1.0,18.0,,,,,,,-1.0
fictitious_power,1.0,19.0,,,,,,,-7.0
fictitious_power,2.0,0.0,,,,,,,1.0
fictitious_power,2.0,2.0,,,,,,,1.0
fictitious_power,2.0,6.0,,,,,,,1.0
fictitious_power,2.0,10.0,,,,,,,-3.0
fictitious_power,2.0,11.0,,,,,,,-1.0
fictitious_power,2.0,12.0,,,,,,,2.0
fictitious_power,2.0,13.0,,,,,,,4.0
fictitious_power,2.0,14.0,,,,,,,2.0
fictitious_power,2.0,15.0,,,,,,,-2.0
fictitious_power,2.0,17.0,,,,,,,11.0
fictitious_power,2.0,18.0,,,,,,,-1.0
fictitious_power,2.0,19.0,,,,,,,-7.0
fictitious_power,3.0,0.0,,,,,,,1.0
fictitious_power,3.0,2.0,,,,,,,1.0
fictitious_power,3.0,6.0,,,,,,,1.0
fictitious_power,3.0,10.0,,,,,,,-3.0
fictitious_power,3.0,11.0,,,,,,,-1.0
fictitious_power,3.0,12.0,,,,,,,2.0
fictitious_power,3.0,13.0,,,,,,,4.0
fictitious_power,3.0,14.0,,,,,,,2.0
fictitious_power,3.0,15.0,,,,,,,-2.0
fictitious_power,3.0,17.0,,,,,,,11.0
fictitious_power,3.0,18.0,,,,,,,-1.0
fictitious_power,3.0,19.0,,,,,,,-7.0
fictitious_power,4.0,0.0,,,,,,,1.0
fictitious_power,4.0,2.0,,,,,,,1.0
fictitious_power,4.0,6.0,,,,,,,1.0
fictitious_power,4.0,10.0,,,,,,,-3.0
fictitious_power,4.0,11.0,,,,,,,-1.0
fictitious_power,4.0,12.0,,,,,,,2.0
fictitious_power,4.0,13.0,,,,,,,4.0
fictitious_power,4.0,14.0,,,,,,,2.0
fictitious_power,4.0,15.0,,,,,,,-2.0
fictitious_power,4.0,17.0,,,,,,,11.0
fictitious_power,4.0,18.0,,,,,,,-1.0
fictitious_power,4.0,19.0,,,,,,,-7.0
fictitious_power,5.0,0.0,,,,,,,1.0
fictitious_power,5.0,2.0,,,,,,,1.0
fictitious_power,5.0,6.0,,,,,,,1.0
fictitious_power,5.0,10.0,,,,,,,-3.0
fictitious_power,5.0,11.0,,,,,,,-1.0
fictitious_power,5.0,12.0,,,,,,,2.0
fictitious_power,5.0,13.0,,,,,,,4.0
fictitious_power,5.0,14.0,,,,,,,2.0
fictitious_power,5.0,15.0,,,,,,,-2.0
fictitious_power,5.0,17.0,,,,,,,11.0
fictitious_power,5.0,18.0,,,,,,,-1.0
fictitious_power,5.0,19.0,,,,,,,-7.0
fictitious_power,6.0,0.0,,,,,,,1.0
fictitious_power,6.0,2.0,,,,,,,1.0
fictitious_power,6.0,6.0,,,,,,,1.0
fictitious_power,6.0,10.0,,,,,,,-3.0
fictitious_power,6.0,11.0,,,,,,,-1.0
fictitious_power,6.0,12.0,,,,,,,2.0
fictitious_power,6.0,13.0,,,,,,,4.0
fictitious_power,6.0,14.0,,,,,,,2.0
fictitious_power,6.0,15.0,,,,,,,-2.0
fictitious_power,6.0,17.0,,,,,,,11.0
fictitious_power,6.0,18.0,,,,,,,-1.0
fictitious_power,6.0,19.0,,,,,,,-7.0
fictitious_power,7.0,0.0,,,,,,,1.0
fictitious_power,7.0,2.0,,,,,,,1.0
fictitious_power,7.0,6.0,,,,,,,1.0
fictitious_power,7.0,10.0,,,,,,,-3.0
fictitious_power,7.0,11.0,,,,,,,-1.0
fictitious_power,7.0,12.0,,,,,,,2.0
fictitious_power,7.0,13.0,,,,,,,4.0
fictitious_power,7.0,14.0,,,,,,,2.0
fictitious_power,7.0,15.0,,,,,,,-2.0
fictitious_power,7.0,17.0,,,,,,,11.0
fictitious_power,7.0,18.0,,,,,,,-1.0
fictitious_power,7.0,19.0,,,,,,,-7.0
fictitious_power,8.0,0.0,,,,,,,1.0
fictitious_power,8.0,2.0,,,,,,,1.0
fictitious_power,8.0,6.0,,,,,,,1.0
fictitious_power,8.0,10.0,,,,,,,-3.0
fictitious_power,8.0,11.0,,,,,,,-1.0
fictitious_power,8.0,12.0,,,,,,,2.0
fictitious_power,8.0,13.0,,,,,,,4.0
fictitious_power,8.0,14.0,,,,,,,2.0
fictitious_power,8.0,15.0,,,,,,,-2.0
fictitious_power,8.0,17.0,,,,,,,11.0
fictitious_power,8.0,18.0,,,,,,,-1.0
fictitious_power,8.0,19.0,,,,,,,-7.0
fictitious_power,9.0,0.0,,,,,,,1.0
fictitious_power,9.0,2.0,,,,,,,1.0
fictitious_power,9.0,6.0,,,,,,,1.0
fictitious_power,9.0,10.0,,,,,,,-3.0
fictitious_power,9.0,11.0,,,,,,,-1.0
fictitious_power,9.0,12.0,,,,,,,2.0
fictitious_power,9.0,13.0,,,,,,,4.0
fictitious_power,9.0,14.0,,,,,,,2.0
fictitious_power,9.0,15.0,,,,,,,-2.0
fictitious_power,9.0,17.0,,,,,,,11.0
fictitious_power,9.0,18.0,,,,,,,-1.0
fictitious_power,9.0,19.0,,,,,,,-7.0
fictitious_power,10.0,0.0,,,,,,,1.0
fictitious_power,10.0,2.0,,,,,,,1.0
fictitious_power,10.0,6.0,,,,,,,1.0
fictitious_power,10.0,10.0,,,,,,,-3.0
fictitious_power,10.0,11.0,,,,,,,-1.0
fictitious_power,10.0,12.0,,,,,,,2.0
fictitious_power,10.0,13.0,,,,,,,4.0
fictitious_power,10.0,14.0,,,,,,,2.0
fictitious_power,10.0,15.0,,,,,,,-2.0
fictitious_power,10.0,17.0,,,,,,,11.0
fictitious_power,10.0,18.0,,,,,,,-1.0
fictitious_power,10.0,19.0,,,,,,,-7.0
fictitious_power,11.0,0.0,,,,,,,1.0
fictitious_power,11.0,2.0,,,,,,,1.0
fictitious_power,11.0,6.0,,,,,,,1.0
fictitious_power,11.0,10.0,,,,,,,-3.0
fictitious_power,11.0,11.0,,,,,,,-1.0
fictitious_power,11.0,12.0,,,,,,,2.0
fictitious_power,11.0,13.0,,,,,,,4.0
fictitious_power,11.0,14.0,,,,,,,2.0
fictitious_power,11.0,15.0,,,,,,,-2.0
fictitious_power,11.0,17.0,,,,,,,11.0
fictitious_power,11.0,18.0,,,,,,,-1.0
fictitious_power,11.0,19.0,,,,,,,-7.0
fictitious_power,12.0,0.0,,,,,,,1.0
fictitious_power,12.0,2.0,,,,,,,1.0
fictitious_power,12.0,6.0,,,,,,,1.0
fictitious_power,12.0,10.0,,,,,,,-3.0
fictitious_power,12.0,11.0,,,,,,,-1.0
fictitious_power,12.0,12.0,,,,,,,2.0
fictitious_power,12.0,13.0,,,,,,,4.0
fictitious_power,12.0,14.0,,,,,,,2.0
fictitious_power,12.0,15.0,,,,,,,-2.0
fictitious_power,12.0,17.0,,,,,,,11.0
fictitious_power,12.0,18.0,,,,,,,-1.0
fictitious_power,12.0,19.0,,,,,,,-7.0
fictitious_power,13.0,0.0,,,,,,,1.0
fictitious_power,13.0,2.0,,,,,,,1.0
fictitious_power,13.0,6.0,,,,,,,1.0
fictitious_power,13.0,10.0,,,,,,,-3.0
fictitious_power,13.0,11.0,,,,,,,-1.0
fictitious_power,13.0,12.0,,,,,,,2.0
fictitious_power,13.0,13.0,,,,,,,4.0
fictitious_power,13.0,14.0,,,,,,,2.0
fictitious_power,13.0,15.0,,,,,,,-2.0
fictitious_power,13.0,17.0,,,,,,,11.0
fictitious_power,13.0,18.0,,,,,,,-1.0
fictitious_power,13.0,19.0,,,,,,,-7.0
fictitious_power,14.0,0.0,,,,,,,1.0
fictitious_power,14.0,2.0,,,,,,,1.0
fictitious_power,14.0,6.0,,,,,,,1.0
fictitious_power,14.0,10.0,,,,,,,-3.0
fictitious_power,14.0,11.0,,,,,,,-1.0
fictitious_power,14.0,12.0,,,,,,,2.0
fictitious_power,14.0,13.0,,,,,,,4.0
fictitious_power,14.0,14.0,,,,,,,2.0
fictitious_power,14.0,15.0,,,,,,,-2.0
fictitious_power,14.0,17.0,,,,,,,11.0
fictitious_power,14.0,18.0,,,,,,,-1.0
fictitious_power,14.0,19.0,,,,,,,-7.0
fictitious_power,15.0,0.0,,,,,,,1.0
fictitious_power,15.0,2.0,,,,,,,1.0
fictitious_power,15.0,6.0,,,,,,,1.0
fictitious_power,15.0,10.0,,,,,,,-3.0
fictitious_power,15.0,11.0,,,,,,,-1.0
fictitious_power,15.0,12.0,,,,,,,2.0
fictitious_power,15.0,13.0,,,,,,,4.0
fictitious_power,15.0,14.0,,,,,,,2.0
fictitious_power,15.0,15.0,,,,,,,-2.0
fictitious_power,15.0,17.0,,,,,,,11.0
fictitious_power,15.0,18.0,,,,,,,-1.0
fictitious_power,15.0,19.0,,,,,,,-7.0
fictitious_power,16.0,0.0,,,,,,,1.0
fictitious_power,16.0,2.0,,,,,,,1.0
fictitious_power,16.0,6.0,,,,,,,1.0
fictitious_power,16.0,10.0,,,,,,,-3.0
fictitious_power,16.0,11.0,,,,,,,-1.0
fictitious_power,16.0,12.0,,,,,,,2.0
fictitious_power,16.0,13.0,,,,,,,4.0
fictitious_power,16.0,14.0,,,,,,,2.0
fictitious_power,16.0,15.0,,,,,,,-2.0
fictitious_power,16.0,17.0,,,,,,,11.0
fictitious_power,16.0,18.0,,,,,,,-1.0
fictitious_power,16.0,19.0,,,,,,,-7.0
fictitious_power,17.0,0.0,,,,,,,1.0
fictitious_power,17.0,2.0,,,,,,,1.0
fictitious_power,17.0,6.0,,,,,,,1.0
fictitious_power,17.0,10.0,,,,,,,-3.0
fictitious_power,17.0,11.0,,,,,,,-1.0
fictitious_power,17.0,12.0,,,,,,,2.0
fictitious_power,17.0,13.0,,,,,,,4.0
fictitious_power,17.0,14.0,,,,,,,2.0
fictitious_power,17.0,15.0,,,,,,,-2.0
fictitious_power,17.0,17.0,,,,,,,11.0
fictitious_power,17.0,18.0,,,,,,,-1.0
fictitious_power,17.0,19.0,,,,,,,-7.0
fictitious_power,18.0,0.0,,,,,,,1.0
fictitious_power,18.0,2.0,,,,,,,1.0
fictitious_power,18.0,6.0,,,,,,,1.0
fictitious_power,18.0,10.0,,,,,,,-3.0
fictitious_power,18.0,11.0,,,,,,,-1.0
fictitious_power,18.0,12.0,,,,,,,2.0
fictitious_power,18.0,13.0,,,,,,,4.0
fictitious_power,18.0,14.0,,,,,,,2.0
fictitious_power,18.0,15.0,,,,,,,-2.0
fictitious_power,18.0,17.0,,,,,,,11.0
fictitious_power,18.0,18.0,,,,,,,-1.0
fictitious_power,18.0,19.0,,,,,,,-7.0
fictitious_power,19.0,0.0,,,,,,,1.0
fictitious_power,19.0,2.0,,,,,,,1.0
fictitious_power,19.0,6.0,,,,,,,1.0
fictitious_power,19.0,10.0,,,,,,,-3.0
fictitious_power,19.0,11.0,,,,,,,-1.0
fictitious_power,19.0,12.0,,,,,,,2.0
fictitious_power,19.0,13.0,,,,,,,4.0
fictitious_power,19.0,14.0,,,,,,,2.0
fictitious_power,19.0,15.0,,,,,,,-2.0
fictitious_power,19.0,17.0,,,,,,,11.0
fictitious_power,19.0,18.0,,,,,,,-1.0
fictitious_power,19.0,19.0,,,,,,,-7.0
fictitious_power,20.0,0.0,,,,,,,1.0
fictitious_power,20.0,2.0,,,,,,,1.0
fictitious_power,20.0,6.0,,,,,,,1.0
fictitious_power,20.0,10.0,,,,,,,-3.0
fictitious_power,20.0,11.0,,,,,,,-1.0
fictitious_power,20.0,12.0,,,,,,,2.0
fictitious_power,20.0,13.0,,,,,,,4.0
fictitious_power,20.0,14.0,,,,,,,2.0
fictitious_power,20.0,15.0,,,,,,,-2.0
fictitious_power,20.0,17.0,,,,,,,11.0
fictitious_power,20.0,18.0,,,,,,,-1.0
fictitious_power,20.0,19.0,,,,,,,-7.0
fictitious_power,21.0,0.0,,,,,,,1.0
fictitious_power,21.0,2.0,,,,,,,1.0
fictitious_power,21.0,6.0,,,,,,,1.0
fictitious_power,21.0,10.0,,,,,,,-3.0
fictitious_power,21.0,11.0,,,,,,,-1.0
fictitious_power,21.0,12.0,,,,,,,2.0
fictitious_power,21.0,13.0,,,,,,,4.0
fictitious_power,21.0,14.0,,,,,,,2.0
fictitious_power,21.0,15.0,,,,,,,-2.0
fictitious_power,21.0,17.0,,,,,,,11.0
fictitious_power,21.0,18.0,,,,,,,-1.0
fictitious_power,21.0,19.0,,,,,,,-7.0
fictitious_power,22.0,0.0,,,,,,,1.0
fictitious_power,22.0,2.0,,,,,,,1.0
fictitious_power,22.0,6.0,,,,,,,1.0
fictitious_power,22.0,10.0,,,,,,,-3.0
fictitious_power,22.0,11.0,,,,,,,-1.0
fictitious_power,22.0,12.0,,,,,,,2.0
fictitious_power,22.0,13.0,,,,,,,4.0
fictitious_power,22.0,14.0,,,,,,,2.0
fictitious_power,22.0,15.0,,,,,,,-2.0
fictitious_power,22.0,17.0,,,,,,,11.0
fictitious_power,22.0,18.0,,,,,,,-1.0
fictitious_power,22.0,19.0,,,,,,,-7.0
fictitious_power,23.0,0.0,,,,,,,1.0
fictitious_power,23.0,2.0,,,,,,,1.0
fictitious_power,23.0,6.0,,,,,,,1.0
fictitious_power,23.0,10.0,,,,,,,-3.0
fictitious_power,23.0,11.0,,,,,,,-1.0
fictitious_power,23.0,12.0,,,,,,,2.0
fictitious_power,23.0,13.0,,,,,,,4.0
fictitious_power,23.0,14.0,,,,,,,2.0
fictitious_power,23.0,15.0,,,,,,,-2.0
fictitious_power,23.0,17.0,,,,,,,11.0
fictitious_power,23.0,18.0,,,,,,,-1.0
fictitious_power,23.0,19.0,,,,,,,-7.0
fictitious_power,24.0,0.0,,,,,,,1.0
fictitious_power,24.0,2.0,,,,,,,1.0
fictitious_power,24.0,6.0,,,,,,,1.0
fictitious_power,24.0,10.0,,,,,,,-3.0
fictitious_power,24.0,11.0,,,,,,,-1.0
fictitious_power,24.0,12.0,,,,,,,2.0
fictitious_power,24.0,13.0,,,,,,,4.0
fictitious_power,24.0,14.0,,,,,,,2.0
fictitious_power,24.0,15.0,,,,,,,-2.0
fictitious_power,24.0,17.0,,,,,,,11.0
fictitious_power,24.0,18.0,,,,,,,-1.0
fictitious_power,24.0,19.0,,,,,,,-7.0
unserved_fictitious_power,1.0,,,,,11.0,,,0.0
unserved_fictitious_power,1.0,,,,,14.0,,,0.0
unserved_fictitious_power,1.0,,,,,8.0,,,0.0
unserved_fictitious_power,1.0,,,,,12.0,,,0.0
unserved_fictitious_power,1.0,,,,,6.0,,,0.0
unserved_fictitious_power,1.0,,,,,15.0,,,0.0
unserved_fictitious_power,1.0,,,,,10.0,,,0.0
unserved_fictitious_power,1.0,,,,,9.0,,,0.0
unserved_fictitious_power,1.0,,,,,7.0,,,0.0
unserved_fictitious_power,1.0,,,,,5.0,,,0.0
unserved_fictitious_power,1.0,,,,,13.0,,,0.0
unserved_fictitious_power,2.0,,,,,11.0,,,0.0
unserved_fictitious_power,2.0,,,,,14.0,,,0.0
unserved_fictitious_power,2.0,,,,,8.0,,,0.0
unserved_fictitious_power,2.0,,,,,12.0,,,0.0
unserved_fictitious_power,2.0,,,,,6.0,,,0.0
unserved_fictitious_power,2.0,,,,,15.0,,,0.0
unserved_fictitious_power,2.0,,,,,10.0,,,0.0
unserved_fictitious_power,2.0,,,,,9.0,,,0.0
unserved_fictitious_power,2.0,,,,,7.0,,,0.0
unserved_fictitious_power,2.0,,,,,5.0,,,0.0
unserved_fictitious_power,2.0,,,,,13.0,,,0.0
unserved_fictitious_power,3.0,,,,,11.0,,,0.0
unserved_fictitious_power,3.0,,,,,14.0,,,0.0
unserved_fictitious_power,3.0,,,,,8.0,,,0.0
unserved_fictitious_power,3.0,,,,,12.0,,,0.0
unserved_fictitious_power,3.0,,,,,6.0,,,0.0
unserved_fictitious_power,3.0,,,,,15.0,,,0.0
unserved_fictitious_power,3.0,,,,,10.0,,,0.0
unserved_fictitious_power,3.0,,,,,9.0,,,0.0
unserved_fictitious_power,3.0,,,,,7.0,,,0.0
unserved_fictitious_power,3.0,,,,,5.0,,,0.0
unserved_fictitious_power,3.0,,,,,13.0,,,0.0
unserved_fictitious_power,4.0,,,,,11.0,,,0.0
unserved_fictitious_power,4.0,,,,,14.0,,,0.0
unserved_fictitious_power,4.0,,,,,8.0,,,0.0
unserved_fictitious_power,4.0,,,,,12.0,,,0.0
unserved_fictitious_power,4.0,,,,,6.0,,,0.0
unserved_fictitious_power,4.0,,,,,15.0,,,0.0
unserved_fictitious_power,4.0,,,,,10.0,,,0.0
unserved_fictitious_power,4.0,,,,,9.0,,,0.0
unserved_fictitious_power,4.0,,,,,7.0,,,0.0
unserved_fictitious_power,4.0,,,,,5.0,,,0.0
unserved_fictitious_power,4.0,,,,,13.0,,,0.0
unserved_fictitious_power,5.0,,,,,11.0,,,0.0
unserved_fictitious_power,5.0,,,,,14.0,,,0.0
unserved_fictitious_power,5.0,,,,,8.0,,,0.0
unserved_fictitious_power,5.0,,,,,12.0,,,0.0
unserved_fictitious_power,5.0,,,,,6.0,,,0.0
unserved_fictitious_power,5.0,,,,,15.0,,,0.0
unserved_fictitious_power,5.0,,,,,10.0,,,0.0
unserved_fictitious_power,5.0,,,,,9.0,,,0.0
unserved_fictitious_power,5.0,,,,,7.0,,,0.0
unserved_fictitious_power,5.0,,,,,5.0,,,0.0
unserved_fictitious_power,5.0,,,,,13.0,,,0.0
unserved_fictitious_power,6.0,,,,,11.0,,,0.0
unserved_fictitious_power,6.0,,,,,14.0,,,0.0
unserved_fictitious_power,6.0,,,,,8.0,,,0.0
unserved_fictitious_power,6.0,,,,,12.0,,,0.0
unserved_fictitious_power,6.0,,,,,6.0,,,0.0
unserved_fictitious_power,6.0,,,,,15.0,,,0.0
unserved_fictitious_power,6.0,,,,,10.0,,,0.0
unserved_fictitious_power,6.0,,,,,9.0,,,0.0
unserved_fictitious_power,6.0,,,,,7.0,,,0.0
unserved_fictitious_power,6.0,,,,,5.0,,,0.0
unserved_fictitious_power,6.0,,,,,13.0,,,0.0
unserved_fictitious_power,7.0,,,,,11.0,,,0.0
unserved_fictitious_power,7.0,,,,,14.0,,,0.0
unserved_fictitious_power,7.0,,,,,8.0,,,0.0
unserved_fictitious_power,7.0,,,,,12.0,,,0.0
unserved_fictitious_power,7.0,,,,,6.0,,,0.0
unserved_fictitious_power,7.0,,,,,15.0,,,0.0
unserved_fictitious_power,7.0,,,,,10.0,,,0.0
unserved_fictitious_power,7.0,,,,,9.0,,,0.0
unserved_fictitious_power,7.0,,,,,7.0,,,0.0
unserved_fictitious_power,7.0,,,,,5.0,,,0.0
unserved_fictitious_power,7.0,,,,,13.0,,,0.0
unserved_fictitious_power,8.0,,,,,11.0,,,0.0
unserved_fictitious_power,8.0,,,,,14.0,,,0.0
unserved_fictitious_power,8.0,,,,,8.0,,,0.0
unserved_fictitious_power,8.0,,,,,12.0,,,0.0
unserved_fictitious_power,8.0,,,,,6.0,,,0.0
unserved_fictitious_power,8.0,,,,,15.0,,,0.0
unserved_fictitious_power,8.0,,,,,10.0,,,0.0
unserved_fictitious_power,8.0,,,,,9.0,,,0.0
unserved_fictitious_power,8.0,,,,,7.0,,,0.0
unserved_fictitious_power,8.0,,,,,5.0,,,0.0
unserved_fictitious_power,8.0,,,,,13.0,,,0.0
unserved_fictitious_power,9.0,,,,,11.0,,,0.0
unserved_fictitious_power,9.0,,,,,14.0,,,0.0
unserved_fictitious_power,9.0,,,,,8.0,,,0.0
unserved_fictitious_power,9.0,,,,,12.0,,,0.0
unserved_fictitious_power,9.0,,,,,6.0,,,0.0
unserved_fictitious_power,9.0,,,,,15.0,,,0.0
unserved_fictitious_power,9.0,,,,,10.0,,,0.0
unserved_fictitious_power,9.0,,,,,9.0,,,0.0
unserved_fictitious_power,9.0,,,,,7.0,,,0.0
unserved_fictitious_power,9.0,,,,,5.0,,,0.0
unserved_fictitious_power,9.0,,,,,13.0,,,0.0
unserved_fictitious_power,10.0,,,,,11.0,,,0.0
unserved_fictitious_power,10.0,,,,,14.0,,,0.0
unserved_fictitious_power,10.0,,,,,8.0,,,0.0
unserved_fictitious_power,10.0,,,,,12.0,,,0.0
unserved_fictitious_power,10.0,,,,,6.0,,,0.0
unserved_fictitious_power,10.0,,,,,15.0,,,0.0
unserved_fictitious_power,10.0,,,,,10.0,,,0.0
unserved_fictitious_power,10.0,,,,,9.0,,,0.0
unserved_fictitious_power,10.0,,,,,7.0,,,0.0
unserved_fictitious_power,10.0,,,,,5.0,,,0.0
unserved_fictitious_power,10.0,,,,,13.0,,,0.0
unserved_fictitious_power,11.0,,,,,11.0,,,0.0
unserved_fictitious_power,11.0,,,,,14.0,,,0.0
unserved_fictitious_power,11.0,,,,,8.0,,,0.0
unserved_fictitious_power,11.0,,,,,12.0,,,0.0
unserved_fictitious_power,11.0,,,,,6.0,,,0.0
unserved_fictitious_power,11.0,,,,,15.0,,,0.0
unserved_fictitious_power,11.0,,,,,10.0,,,0.0
unserved_fictitious_power,11.0,,,,,9.0,,,0.0
unserved_fictitious_power,11.0,,,,,7.0,,,0.0
unserved_fictitious_power,11.0,,,,,5.0,,,0.0
unserved_fictitious_power,11.0,,,,,13.0,,,0.0
unserved_fictitious_power,12.0,,,,,11.0,,,0.0
unserved_fictitious_power,12.0,,,,,14.0,,,0.0
unserved_fictitious_power,12.0,,,,,8.0,,,0.0
unserved_fictitious_power,12.0,,,,,12.0,,,0.0
unserved_fictitious_power,12.0,,,,,6.0,,,0.0
unserved_fictitious_power,12.0,,,,,15.0,,,0.0
unserved_fictitious_power,12.0,,,,,10.0,,,0.0
unserved_fictitious_power,12.0,,,,,9.0,,,0.0
unserved_fictitious_power,12.0,,,,,7.0,,,0.0
unserved_fictitious_power,12.0,,,,,5.0,,,0.0
unserved_fictitious_power,12.0,,,,,13.0,,,0.0
unserved_fictitious_power,13.0,,,,,11.0,,,0.0
unserved_fictitious_power,13.0,,,,,14.0,,,0.0
unserved_fictitious_power,13.0,,,,,8.0,,,0.0
unserved_fictitious_power,13.0,,,,,12.0,,,0.0
unserved_fictitious_power,13.0,,,,,6.0,,,0.0
unserved_fictitious_power,13.0,,,,,15.0,,,0.0
unserved_fictitious_power,13.0,,,,,10.0,,,0.0
unserved_fictitious_power,13.0,,,,,9.0,,,0.0
unserved_fictitious_power,13.0,,,,,7.0,,,0.0
unserved_fictitious_power,13.0,,,,,5.0,,,0.0
unserved_fictitious_power,13.0,,,,,13.0,,,0.0
unserved_fictitious_power,14.0,,,,,11.0,,,0.0
unserved_fictitious_power,14.0,,,,,14.0,,,0.0
unserved_fictitious_power,14.0,,,,,8.0,,,0.0
unserved_fictitious_power,14.0,,,,,12.0,,,0.0
unserved_fictitious_power,14.0,,,,,6.0,,,0.0
unserved_fictitious_power,14.0,,,,,15.0,,,0.0
unserved_fictitious_power,14.0,,,,,10.0,,,0.0
unserved_fictitious_power,14.0,,,,,9.0,,,0.0
unserved_fictitious_power,14.0,,,,,7.0,,,0.0
unserved_fictitious_power,14.0,,,,,5.0,,,0.0
unserved_fictitious_power,14.0,,,,,13.0,,,0.0
unserved_fictitious_power,15.0,,,,,11.0,,,0.0
unserved_fictitious_power,15.0,,,,,14.0,,,0.0
unserved_fictitious_power,15.0,,,,,8.0,,,0.0
unserved_fictitious_power,15.0,,,,,12.0,,,0.0
unserved_fictitious_power,15.0,,,,,6.0,,,0.0
unserved_fictitious_power,15.0,,,,,15.0,,,0.0
unserved_fictitious_power,15.0,,,,,10.0,,,0.0
unserved_fictitious_power,15.0,,,,,9.0,,,0.0
unserved_fictitious_power,15.0,,,,,7.0,,,0.0
unserved_fictitious_power,15.0,,,,,5.0,,,0.0
unserved_fictitious_power,15.0,,,,,13.0,,,0.0
unserved_fictitious_power,16.0,,,,,11.0,,,0.0
unserved_fictitious_power,16.0,,,,,14.0,,,0.0
unserved_fictitious_power,16.0,,,,,8.0,,,0.0
unserved_fictitious_power,16.0,,,,,12.0,,,0.0
unserved_fictitious_power,16.0,,,,,6.0,,,0.0
unserved_fictitious_power,16.0,,,,,15.0,,,0.0
unserved_fictitious_power,16.0,,,,,10.0,,,0.0
unserved_fictitious_power,16.0,,,,,9.0,,,0.0
unserved_fictitious_power,16.0,,,,,7.0,,,0.0
unserved_fictitious_power,16.0,,,,,5.0,,,0.0
unserved_fictitious_power,16.0,,,,,13.0,,,0.0
unserved_fictitious_power,17.0,,,,,11.0,,,0.0
unserved_fictitious_power,17.0,,,,,14.0,,,0.0
unserved_fictitious_power,17.0,,,,,8.0,,,0.0
unserved_fictitious_power,17.0,,,,,12.0,,,0.0
unserved_fictitious_power,17.0,,,,,6.0,,,0.0
unserved_fictitious_power,17.0,,,,,15.0,,,0.0
unserved_fictitious_power,17.0,,,,,10.0,,,0.0
unserved_fictitious_power,17.0,,,,,9.0,,,0.0
unserved_fictitious_power,17.0,,,,,7.0,,,0.0
unserved_fictitious_power,17.0,,,,,5.0,,,0.0
unserved_fictitious_power,17.0,,,,,13.0,,,0.0
unserved_fictitious_power,18.0,,,,,11.0,,,0.0
unserved_fictitious_power,18.0,,,,,14.0,,,0.0
unserved_fictitious_power,18.0,,,,,8.0,,,0.0
unserved_fictitious_power,18.0,,,,,12.0,,,0.0
unserved_fictitious_power,18.0,,,,,6.0,,,0.0
unserved_fictitious_power,18.0,,,,,15.0,,,0.0
unserved_fictitious_power,18.0,,,,,10.0,,,0.0
unserved_fictitious_power,18.0,,,,,9.0,,,0.0
unserved_fictitious_power,18.0,,,,,7.0,,,0.0
unserved_fictitious_power,18.0,,,,,5.0,,,0.0
unserved_fictitious_power,18.0,,,,,13.0,,,0.0
unserved_fictitious_power,19.0,,,,,11.0,,,0.0
unserved_fictitious_power,19.0,,,,,14.0,,,0.0
unserved_fictitious_power,19.0,,,,,8.0,,,0.0
unserved_fictitious_power,19.0,,,,,12.0,,,0.0
unserved_fictitious_power,19.0,,,,,6.0,,,0.0
unserved_fictitious_power,19.0,,,,,15.0,,,0.0
unserved_fictitious_power,19.0,,,,,10.0,,,0.0
unserved_fictitious_power,19.0,,,,,9.0,,,0.0
unserved_fictitious_power,19.0,,,,,7.0,,,0.0
unserved_fictitious_power,19.0,,,,,5.0,,,0.0
unserved_fictitious_power,19.0,,,,,13.0,,,0.0
unserved_fictitious_power,20.0,,,,,11.0,,,0.0
unserved_fictitious_power,20.0,,,,,14.0,,,0.0
unserved_fictitious_power,20.0,,,,,8.0,,,0.0
unserved_fictitious_power,20.0,,,,,12.0,,,0.0
unserved_fictitious_power,20.0,,,,,6.0,,,0.0
unserved_fictitious_power,20.0,,,,,15.0,,,0.0
unserved_fictitious_power,20.0,,,,,10.0,,,0.0
unserved_fictitious_power,20.0,,,,,9.0,,,0.0
unserved_fictitious_power,20.0,,,,,7.0,,,0.0
unserved_fictitious_power,20.0,,,,,5.0,,,0.0
unserved_fictitious_power,20.0,,,,,13.0,,,0.0
unserved_fictitious_power,21.0,,,,,11.0,,,0.0
unserved_fictitious_power,21.0,,,,,14.0,,,0.0
unserved_fictitious_power,21.0,,,,,8.0,,,0.0
unserved_fictitious_power,21.0,,,,,12.0,,,0.0
unserved_fictitious_power,21.0,,,,,6.0,,,0.0
unserved_fictitious_power,21.0,,,,,15.0,,,0.0
unserved_fictitious_power,21.0,,,,,10.0,,,0.0
unserved_fictitious_power,21.0,,,,,9.0,,,0.0
unserved_fictitious_power,21.0,,,,,7.0,,,0.0
unserved_fictitious_power,21.0,,,,,5.0,,,0.0
unserved_fictitious_power,21.0,,,,,13.0,,,0.0
unserved_fictitious_power,22.0,,,,,11.0,,,0.0
unserved_fictitious_power,22.0,,,,,14.0,,,0.0
unserved_fictitious_power,22.0,,,,,8.0,,,0.0
unserved_fictitious_power,22.0,,,,,12.0,,,0.0
unserved_fictitious_power,22.0,,,,,6.0,,,0.0
unserved_fictitious_power,22.0,,,,,15.0,,,0.0
unserved_fictitious_power,22.0,,,,,10.0,,,0.0
unserved_fictitious_power,22.0,,,,,9.0,,,0.0
unserved_fictitious_power,22.0,,,,,7.0,,,0.0
unserved_fictitious_power,22.0,,,,,5.0,,,0.0
unserved_fictitious_power,22.0,,,,,13.0,,,0.0
unserved_fictitious_power,23.0,,,,,11.0,,,0.0
unserved_fictitious_power,23.0,,,,,14.0,,,0.0
unserved_fictitious_power,23.0,,,,,8.0,,,0.0
unserved_fictitious_power,23.0,,,,,12.0,,,0.0
unserved_fictitious_power,23.0,,,,,6.0,,,0.0
unserved_fictitious_power,23.0,,,,,15.0,,,0.0
unserved_fictitious_power,23.0,,,,,10.0,,,0.0
unserved_fictitious_power,23.0,,,,,9.0,,,0.0
unserved_fictitious_power,23.0,,,,,7.0,,,0.0
unserved_fictitious_power,23.0,,,,,5.0,,,0.0
unserved_fictitious_power,23.0,,,,,13.0,,,0.0
unserved_fictitious_power,24.0,,,,,11.0,,,0.0
unserved_fictitious_power,24.0,,,,,14.0,,,0.0
unserved_fictitious_power,24.0,,,,,8.0,,,0.0
unserved_fictitious_power,24.0,,,,,12.0,,,0.0
unserved_fictitious_power,24.0,,,,,6.0,,,0.0
unserved_fictitious_power,24.0,,,,,15.0,,,0.0
unserved_fictitious_power,24.0,,,,,10.0,,,0.0
unserved_fictitious_power,24.0,,,,,9.0,,,0.0
unserved_fictitious_power,24.0,,,,,7.0,,,0.0
unserved_fictitious_power,24.0,,,,,5.0,,,0.0
unserved_fictitious_power,24.0,,,,,13.0,,,0.0
voltage_squared,1.0,,,,,,0.0,,1.0
voltage_squared,1.0,,,,,,11.0,,0.9994766458740791
voltage_squared,1.0,,,,,,14.0,,0.9995070054407644
voltage_squared,1.0,,,,,,8.0,,0.9845698630745124
voltage_squared,1.0,,,,,,12.0,,0.9916202790080986
voltage_squared,1.0,,,,,,6.0,,0.9820594215194264
voltage_squared,1.0,,,,,,15.0,,0.9793874138013235
voltage_squared,1.0,,,,,,10.0,,0.9995374780939746
voltage_squared,1.0,,,,,,9.0,,0.991802760255548
voltage_squared,1.0,,,,,,7.0,,0.9990707704341035
voltage_squared,1.0,,,,,,5.0,,0.9995353397454949
voltage_squared,1.0,,,,,,13.0,,0.9907435639404856
voltage_squared,1.0,,,,,,45.0,,0.9995473519562176
voltage_squared,1.0,,,,,,46.0,,0.9025
voltage_squared,1.0,,,,,,47.0,,0.9025
voltage_squared,2.0,,,,,,0.0,,1.0
voltage_squared,2.0,,,,,,11.0,,0.999488539088051
voltage_squared,2.0,,,,,,14.0,,0.9995191985565922
voltage_squared,2.0,,,,,,8.0,,0.9851279270569538
voltage_squared,2.0,,,,,,12.0,,0.9921573337465736
voltage_squared,2.0,,,,,,6.0,,0.9826674564568019
voltage_squared,2.0,,,,,,15.0,,0.9800523506440003
voltage_squared,2.0,,,,,,10.0,,0.9995497830945693
voltage_squared,2.0,,,,,,9.0,,0.991673953514403
voltage_squared,2.0,,,,,,7.0,,0.9990755002461611
voltage_squared,2.0,,,,,,5.0,,0.9995483838744649
voltage_squared,2.0,,,,,,13.0,,0.9905898972843515
voltage_squared,2.0,,,,,,45.0,,0.9995595074485113
voltage_squared,2.0,,,,,,46.0,,0.9025
voltage_squared,2.0,,,,,,47.0,,0.9025
voltage_squared,3.0,,,,,,0.0,,1.0
voltage_squared,3.0,,,,,,11.0,,0.9994842952666594
voltage_squared,3.0,,,,,,14.0,,0.999514940781178
voltage_squared,3.0,,,,,,8.0,,0.9845975373229517
voltage_squared,3.0,,,,,,12.0,,0.9917129431552427
voltage_squared,3.0,,,,,,6.0,,0.9820846236816003
voltage_squared,3.0,,,,,,15.0,,0.9793779142959753
voltage_squared,3.0,,,,,,10.0,,0.9995457198083433
voltage_squared,3.0,,,,,,9.0,,0.9916784856790949
voltage_squared,3.0,,,,,,7.0,,0.9990719912038323
voltage_squared,3.0,,,,,,5.0,,0.999544973643773
voltage_squared,3.0,,,,,,13.0,,0.9905975862636406
voltage_squared,3.0,,,,,,45.0,,0.9995556528994815
voltage_squared,3.0,,,,,,46.0,,0.9025
voltage_squared,3.0,,,,,,47.0,,0.9025
voltage_squared,4.0,,,,,,0.0,,1.0
voltage_squared,4.0,,,,,,11.0,,0.9994880730623523
voltage_squared,4.0,,,,,,14.0,,0.9995189999387565
voltage_squared,4.0,,,,,,8.0,,0.9848597114622157
voltage_squared,4.0,,,,,,12.0,,0.9920365240166817
voltage_squared,4.0,,,,,,6.0,,0.9823407524214036
voltage_squared,4.0,,,,,,15.0,,0.9796152374553254
voltage_squared,4.0,,,,,,10.0,,0.9995501300828216
voltage_squared,4.0,,,,,,9.0,,0.9915617314873171
voltage_squared,4.0,,,,,,7.0,,0.9990693742294214
voltage_squared,4.0,,,,,,5.0,,0.9995495454522847
voltage_squared,4.0,,,,,,13.0,,0.9904685690613436
voltage_squared,4.0,,,,,,45.0,,0.999560002548824
voltage_squared,4.0,,,,,,46.0,,0.9025
voltage_squared,4.0,,,,,,47.0,,0.9025
voltage_squared,5.0,,,,,,0.0,,1.0
voltage_squared,5.0,,,,,,11.0,,0.9994787979129065
voltage_squared,5.0,,,,,,14.0,,0.9995095293548254
voltage_squared,5.0,,,,,,8.0,,0.9843838250684422
voltage_squared,5.0,,,,,,12.0,,0.9912195133636266
voltage_squared,5.0,,,,,,6.0,,0.982055555722674
voltage_squared,5.0,,,,,,15.0,,0.9795968818200967
voltage_squared,5.0,,,,,,10.0,,0.9995389647922014
voltage_squared,5.0,,,,,,9.0,,0.9916091415564335
voltage_squared,5.0,,,,,,7.0,,0.9990633954169255
voltage_squared,5.0,,,,,,5.0,,0.9995385437663009
voltage_squared,5.0,,,,,,13.0,,0.9904992844376591
voltage_squared,5.0,,,,,,45.0,,0.9995491847065976
voltage_squared,5.0,,,,,,46.0,,0.9025
voltage_squared,5.0,,,,,,47.0,,0.9025
voltage_squared,6.0,,,,,,0.0,,1.0
voltage_squared,6.0,,,,,,11.0,,0.9994168551863859
voltage_squared,6.0,,,,,,14.0,,0.9994481917504576
voltage_squared,6.0,,,,,,8.0,,0.9809607786568324
voltage_squared,6.0,,,,,,12.0,,0.988070602853294
voltage_squared,6.0,,,,,,6.0,,0.9784655086495223
voltage_squared,6.0,,,,,,15.0,,0.9760983196640953
voltage_squared,6.0,,,,,,10.0,,0.999475987510043
voltage_squared,6.0,,,,,,9.0,,0.9913706442168044
voltage_squared,6.0,,,,,,7.0,,0.9989916849482229
voltage_squared,6.0,,,,,,5.0,,0.9994753977701692
voltage_squared,6.0,,,,,,13.0,,0.9902481468306576
voltage_squared,6.0,,,,,,45.0,,0.9994878764939131
voltage_squared,6.0,,,,,,46.0,,0.9025
voltage_squared,6.0,,,,,,47.0,,0.9025
voltage_squared,7.0,,,,,,0.0,,1.0
voltage_squared,7.0,,,,,,11.0,,0.9993116687538066
voltage_squared,7.0,,,,,,14.0,,0.9993491497813095
voltage_squared,7.0,,,,,,8.0,,0.9770130682717405
voltage_squared,7.0,,,,,,12.0,,0.9858350275704955
voltage_squared,7.0,,,,,,6.0,,0.9736620712153176
voltage_squared,7.0,,,,,,15.0,,0.9715371418406206
voltage_squared,7.0,,,,,,10.0,,0.9993782133212687
voltage_squared,7.0,,,,,,9.0,,0.989870639649152
voltage_squared,7.0,,,,,,7.0,,0.9988118605255597
voltage_squared,7.0,,,,,,5.0,,0.9993762470314835
voltage_squared,7.0,,,,,,13.0,,0.9886662298617765
voltage_squared,7.0,,,,,,45.0,,0.9993922327976106
voltage_squared,7.0,,,,,,46.0,,0.9025
voltage_squared,7.0,,,,,,47.0,,0.9025
voltage_squared,8.0,,,,,,0.0,,1.0
voltage_squared,8.0,,,,,,11.0,,0.9991622363131574
voltage_squared,8.0,,,,,,14.0,,0.9992098966958587
voltage_squared,8.0,,,,,,8.0,,0.9725097778721223
voltage_squared,8.0,,,,,,12.0,,0.9832841183299965
voltage_squared,8.0,,,,,,6.0,,0.9685318869401593
voltage_squared,8.0,,,,,,15.0,,0.9664862464098427
voltage_squared,8.0,,,,,,10.0,,0.9992426590966607
voltage_squared,8.0,,,,,,9.0,,0.9862733216615287
voltage_squared,8.0,,,,,,7.0,,0.9985333329236387
voltage_squared,8.0,,,,,,5.0,,0.9992411573409712
voltage_squared,8.0,,,,,,13.0,,0.9826982310345005
voltage_squared,8.0,,,,,,45.0,,0.9992600816955827
voltage_squared,8.0,,,,,,46.0,,0.9025
voltage_squared,8.0,,,,,,47.0,,0.9025
voltage_squared,9.0,,,,,,0.0,,1.0
voltage_squared,9.0,,,,,,11.0,,0.9984123436833824
voltage_squared,9.0,,,,,,14.0,,0.9985149595126295
voltage_squared,9.0,,,,,,8.0,,0.952349905773765
voltage_squared,9.0,,,,,,12.0,,0.9728079291292154
voltage_squared,9.0,,,,,,6.0,,0.9457464942034933
voltage_squared,9.0,,,,,,15.0,,0.9397699683284969
voltage_squared,9.0,,,,,,10.0,,0.998604175336097
voltage_squared,9.0,,,,,,9.0,,0.9716975515714733
voltage_squared,9.0,,,,,,7.0,,0.99712191360189
voltage_squared,9.0,,,,,,5.0,,0.9986180328799514
voltage_squared,9.0,,,,,,13.0,,0.9660010842601444
voltage_squared,9.0,,,,,,45.0,,0.9986368773297202
voltage_squared,9.0,,,,,,46.0,,0.9025
voltage_squared,9.0,,,,,,47.0,,0.9025
voltage_squared,10.0,,,,,,0.0,,1.0
voltage_squared,10.0,,,,,,11.0,,0.9984988220874801
voltage_squared,10.0,,,,,,14.0,,0.9985907754792522
voltage_squared,10.0,,,,,,8.0,,0.9546817824106247
voltage_squared,10.0,,,,,,12.0,,0.9734452804934486
voltage_squared,10.0,,,,,,6.0,,0.9482458702504183
voltage_squared,10.0,,,,,,15.0,,0.9423309398587474
voltage_squared,10.0,,,,,,10.0,,0.9986737927434396
voltage_squared,10.0,,,,,,9.0,,0.972486310102645
voltage_squared,10.0,,,,,,7.0,,0.9973975952480306
voltage_squared,10.0,,,,,,5.0,,0.9986865805997053
voltage_squared,10.0,,,,,,13.0,,0.9628087652613586
voltage_squared,10.0,,,,,,45.0,,0.9987045113584853
voltage_squared,10.0,,,,,,46.0,,0.9025
voltage_squared,10.0,,,,,,47.0,,0.9025
voltage_squared,11.0,,,,,,0.0,,1.0
voltage_squared,11.0,,,,,,11.0,,0.9984907274878075
voltage_squared,11.0,,,,,,14.0,,0.9985809767025545
voltage_squared,11.0,,,,,,8.0,,0.9544208037834552
voltage_squared,11.0,,,,,,12.0,,0.9721323088880348
voltage_squared,11.0,,,,,,6.0,,0.9486184905582491
voltage_squared,11.0,,,,,,15.0,,0.9424344412277712
voltage_squared,11.0,,,,,,10.0,,0.9986642733266801
voltage_squared,11.0,,,,,,9.0,,0.9730205495351144
voltage_squared,11.0,,,,,,7.0,,0.9974168972808675
voltage_squared,11.0,,,,,,5.0,,0.9986780072430873
voltage_squared,11.0,,,,,,13.0,,0.963551695933991
voltage_squared,11.0,,,,,,45.0,,0.9986952837965573
voltage_squared,11.0,,,,,,46.0,,0.9025
voltage_squared,11.0,,,,,,47.0,,0.9025
voltage_squared,12.0,,,,,,0.0,,1.0
voltage_squared,12.0,,,,,,11.0,,0.998442630787249
voltage_squared,12.0,,,,,,14.0,,0.9985344863887985
voltage_squared,12.0,,,,,,8.0,,0.9521466687637796
voltage_squared,12.0,,,,,,12.0,,0.9701944514282652
voltage_squared,12.0,,,,,,6.0,,0.9462446134091864
voltage_squared,12.0,,,,,,15.0,,0.9399470639325109
voltage_squared,12.0,,,,,,10.0,,0.9986184512630631
voltage_squared,12.0,,,,,,9.0,,0.9723473465311615
voltage_squared,12.0,,,,,,7.0,,0.9973452533034712
voltage_squared,12.0,,,,,,5.0,,0.9986332808418108
voltage_squared,12.0,,,,,,13.0,,0.9625248001605688
voltage_squared,12.0,,,,,,45.0,,0.998650837124544
voltage_squared,12.0,,,,,,46.0,,0.9025
voltage_squared,12.0,,,,,,47.0,,0.9025
voltage_squared,13.0,,,,,,0.0,,1.0
voltage_squared,13.0,,,,,,11.0,,0.9984931162519515
voltage_squared,13.0,,,,,,14.0,,0.9985812022961482
voltage_squared,13.0,,,,,,8.0,,0.9538884901763699
voltage_squared,13.0,,,,,,12.0,,0.9716115337391475
voltage_squared,13.0,,,,,,6.0,,0.9479249800477265
voltage_squared,13.0,,,,,,15.0,,0.9414949655660307
voltage_squared,13.0,,,,,,10.0,,0.9986645151040285
voltage_squared,13.0,,,,,,9.0,,0.9734074702587155
voltage_squared,13.0,,,,,,7.0,,0.9974401185142631
voltage_squared,13.0,,,,,,5.0,,0.9986780503925943
voltage_squared,13.0,,,,,,13.0,,0.9636647030926525
voltage_squared,13.0,,,,,,45.0,,0.9986954654203585
voltage_squared,13.0,,,,,,46.0,,0.9025
voltage_squared,13.0,,,,,,47.0,,0.9025
voltage_squared,14.0,,,,,,0.0,,1.0
voltage_squared,14.0,,,,,,11.0,,0.998449153659915
voltage_squared,14.0,,,,,,14.0,,0.9985435084100842
voltage_squared,14.0,,,,,,8.0,,0.9534836786331665
voltage_squared,14.0,,,,,,12.0,,0.9717800409894095
voltage_squared,14.0,,,,,,6.0,,0.9475849965122488
voltage_squared,14.0,,,,,,15.0,,0.941334948597204
voltage_squared,14.0,,,,,,10.0,,0.9986291033280199
voltage_squared,14.0,,,,,,9.0,,0.9719593309010038
voltage_squared,14.0,,,,,,7.0,,0.9973127950246555
voltage_squared,14.0,,,,,,5.0,,0.9986441463407736
voltage_squared,14.0,,,,,,13.0,,0.961998231835311
voltage_squared,14.0,,,,,,45.0,,0.9986610489900141
voltage_squared,14.0,,,,,,46.0,,0.9025
voltage_squared,14.0,,,,,,47.0,,0.9025
voltage_squared,15.0,,,,,,0.0,,1.0
voltage_squared,15.0,,,,,,11.0,,0.9984594792542166
voltage_squared,15.0,,,,,,14.0,,0.9985524453806205
voltage_squared,15.0,,,,,,8.0,,0.954113630077819
voltage_squared,15.0,,,,,,12.0,,0.9724717849969413
voltage_squared,15.0,,,,,,6.0,,0.9480356745873596
voltage_squared,15.0,,,,,,15.0,,0.9415434825054708
voltage_squared,15.0,,,,,,10.0,,0.998638723947461
voltage_squared,15.0,,,,,,9.0,,0.9716184904629956
voltage_squared,15.0,,,,,,7.0,,0.9973433547698884
voltage_squared,15.0,,,,,,5.0,,0.9986534775285705
voltage_squared,15.0,,,,,,13.0,,0.9602759603610622
voltage_squared,15.0,,,,,,45.0,,0.9986702671488759
voltage_squared,15.0,,,,,,46.0,,0.9025
voltage_squared,15.0,,,,,,47.0,,0.9025
voltage_squared,16.0,,,,,,0.0,,1.0
voltage_squared,16.0,,,,,,11.0,,0.9984557095591855
voltage_squared,16.0,,,,,,14.0,,0.9985473692997804
voltage_squared,16.0,,,,,,8.0,,0.9542423335768964
voltage_squared,16.0,,,,,,12.0,,0.9725124935818295
voltage_squared,16.0,,,,,,6.0,,0.9480173190953276
voltage_squared,16.0,,,,,,15.0,,0.9413546016571981
voltage_squared,16.0,,,,,,10.0,,0.9986338421672345
voltage_squared,16.0,,,,,,9.0,,0.9717983335927236
voltage_squared,16.0,,,,,,7.0,,0.9973750385924256
voltage_squared,16.0,,,,,,5.0,,0.998647285398874
voltage_squared,16.0,,,,,,13.0,,0.9595143757064286
voltage_squared,16.0,,,,,,45.0,,0.9986649773810048
voltage_squared,16.0,,,,,,46.0,,0.9025
voltage_squared,16.0,,,,,,47.0,,0.9025
voltage_squared,17.0,,,,,,0.0,,1.0
voltage_squared,17.0,,,,,,11.0,,0.998432186339016
voltage_squared,17.0,,,,,,14.0,,0.9985193871919814
voltage_squared,17.0,,,,,,8.0,,0.9537080680262977
voltage_squared,17.0,,,,,,12.0,,0.9716110188946036
voltage_squared,17.0,,,,,,6.0,,0.946994904084168
voltage_squared,17.0,,,,,,15.0,,0.9398352623504078
voltage_squared,17.0,,,,,,10.0,,0.9986064610576836
voltage_squared,17.0,,,,,,9.0,,0.973848257745778
voltage_squared,17.0,,,,,,7.0,,0.9974826653900454
voltage_squared,17.0,,,,,,5.0,,0.9986144310185778
voltage_squared,17.0,,,,,,13.0,,0.9610347013638095
voltage_squared,17.0,,,,,,45.0,,0.9986362140001115
voltage_squared,17.0,,,,,,46.0,,0.9025
voltage_squared,17.0,,,,,,47.0,,0.9025
voltage_squared,18.0,,,,,,0.0,,1.0
voltage_squared,18.0,,,,,,11.0,,0.9988056611714227
voltage_squared,18.0,,,,,,14.0,,0.9988615768355256
voltage_squared,18.0,,,,,,8.0,,0.9627595025589506
voltage_squared,18.0,,,,,,12.0,,0.9758992932419334
voltage_squared,18.0,,,,,,6.0,,0.9571987756722572
voltage_squared,18.0,,,,,,15.0,,0.9521507839415703
voltage_squared,18.0,,,,,,10.0,,0.9989135828228781
voltage_squared,18.0,,,,,,9.0,,0.9805351848839858
voltage_squared,18.0,,,,,,7.0,,0.9981982240962631
voltage_squared,18.0,,,,,,5.0,,0.998909280708155
voltage_squared,18.0,,,,,,13.0,,0.9671838005881316
voltage_squared,18.0,,,,,,45.0,,0.9989362901194725
voltage_squared,18.0,,,,,,46.0,,0.9025
voltage_squared,18.0,,,,,,47.0,,0.9025
voltage_squared,19.0,,,,,,0.0,,1.0
voltage_squared,19.0,,,,,,11.0,,0.9990102911947046
voltage_squared,19.0,,,,,,14.0,,0.9990481044502374
voltage_squared,19.0,,,,,,8.0,,0.967213913310304
voltage_squared,19.0,,,,,,12.0,,0.9784726385709326
voltage_squared,19.0,,,,,,6.0,,0.9617432561111616
voltage_squared,19.0,,,,,,15.0,,0.9567345626070701
voltage_squared,19.0,,,,,,10.0,,0.9990917050406988
voltage_squared,19.0,,,,,,9.0,,0.9861701043171484
voltage_squared,19.0,,,,,,7.0,,0.9985990355026928
voltage_squared,19.0,,,,,,5.0,,0.9990825030250002
voltage_squared,19.0,,,,,,13.0,,0.9762943403806974
voltage_squared,19.0,,,,,,45.0,,0.9991098103524173
voltage_squared,19.0,,,,,,46.0,,0.9025
voltage_squared,19.0,,,,,,47.0,,0.9025
voltage_squared,20.0,,,,,,0.0,,1.0
voltage_squared,20.0,,,,,,11.0,,0.9990182946608749
voltage_squared,20.0,,,,,,14.0,,0.999057320701452
voltage_squared,20.0,,,,,,8.0,,0.9670165576055214
voltage_squared,20.0,,,,,,12.0,,0.9787756559471483
voltage_squared,20.0,,,,,,6.0,,0.9613757458498159
voltage_squared,20.0,,,,,,15.0,,0.9559500070748248
voltage_squared,20.0,,,,,,10.0,,0.9991034610965217
voltage_squared,20.0,,,,,,9.0,,0.9862469408601461
voltage_squared,20.0,,,,,,7.0,,0.9985810582201331
voltage_squared,20.0,,,,,,5.0,,0.9990961470529129
voltage_squared,20.0,,,,,,13.0,,0.9775181402454535
voltage_squared,20.0,,,,,,45.0,,0.9991216186961567
voltage_squared,20.0,,,,,,46.0,,0.9025
voltage_squared,20.0,,,,,,47.0,,0.9025
voltage_squared,21.0,,,,,,0.0,,1.0
voltage_squared,21.0,,,,,,11.0,,0.999047332883454
voltage_squared,21.0,,,,,,14.0,,0.999083748668983
voltage_squared,21.0,,,,,,8.0,,0.966534565487627
voltage_squared,21.0,,,,,,12.0,,0.9789458593729997
voltage_squared,21.0,,,,,,6.0,,0.9603430057888267
voltage_squared,21.0,,,,,,15.0,,0.9543357509219478
voltage_squared,21.0,,,,,,10.0,,0.9991313975025073
voltage_squared,21.0,,,,,,9.0,,0.9873365758246313
voltage_squared,21.0,,,,,,7.0,,0.9986353974333239
voltage_squared,21.0,,,,,,5.0,,0.9991243163871735
voltage_squared,21.0,,,,,,13.0,,0.9792321267793711
voltage_squared,21.0,,,,,,45.0,,0.9991488993856369
voltage_squared,21.0,,,,,,46.0,,0.9025
voltage_squared,21.0,,,,,,47.0,,0.9025
voltage_squared,22.0,,,,,,0.0,,1.0
voltage_squared,22.0,,,,,,11.0,,0.9992229155118613
voltage_squared,22.0,,,,,,14.0,,0.9992593028388085
voltage_squared,22.0,,,,,,8.0,,0.9741635487064761
voltage_squared,22.0,,,,,,12.0,,0.9830431064519785
voltage_squared,22.0,,,,,,6.0,,0.9704720468839685
voltage_squared,22.0,,,,,,15.0,,0.9677570215345644
voltage_squared,22.0,,,,,,10.0,,0.9992899030385785
voltage_squared,22.0,,,,,,9.0,,0.9907433689341104
voltage_squared,22.0,,,,,,7.0,,0.9987914718371352
voltage_squared,22.0,,,,,,5.0,,0.9992816206576723
voltage_squared,22.0,,,,,,13.0,,0.9893284895216443
voltage_squared,22.0,,,,,,45.0,,0.9993043497467771
voltage_squared,22.0,,,,,,46.0,,0.9025
voltage_squared,22.0,,,,,,47.0,,0.9025
voltage_squared,23.0,,,,,,0.0,,1.0
voltage_squared,23.0,,,,,,11.0,,0.9993580897228096
voltage_squared,23.0,,,,,,14.0,,0.9993909969413685
voltage_squared,23.0,,,,,,8.0,,0.9806488953599508
voltage_squared,23.0,,,,,,12.0,,0.9882948203159225
voltage_squared,23.0,,,,,,6.0,,0.977615905760623
voltage_squared,23.0,,,,,,15.0,,0.9749632266262693
voltage_squared,23.0,,,,,,10.0,,0.9994219111771527
voltage_squared,23.0,,,,,,9.0,,0.9918713573180771
voltage_squared,23.0,,,,,,7.0,,0.998968837176965
voltage_squared,23.0,,,,,,5.0,,0.9994144650419731
voltage_squared,23.0,,,,,,13.0,,0.9908121610030146
voltage_squared,23.0,,,,,,45.0,,0.9994331186743017
voltage_squared,23.0,,,,,,46.0,,0.9025
voltage_squared,23.0,,,,,,47.0,,0.9025
voltage_squared,24.0,,,,,,0.0,,1.0
voltage_squared,24.0,,,,,,11.0,,0.9994429247889822
voltage_squared,24.0,,,,,,14.0,,0.9994737784337708
voltage_squared,24.0,,,,,,8.0,,0.9847137206001065
voltage_squared,24.0,,,,,,12.0,,0.9914354059320779
voltage_squared,24.0,,,,,,6.0,,0.9821959104717507
voltage_squared,24.0,,,,,,15.0,,0.9795611214412056
voltage_squared,24.0,,,,,,10.0,,0.9995052504730113
voltage_squared,24.0,,,,,,9.0,,0.9924296246957763
voltage_squared,24.0,,,,,,7.0,,0.9990823318325001
voltage_squared,24.0,,,,,,5.0,,0.9994995163815591
voltage_squared,24.0,,,,,,13.0,,0.9913443846603549
voltage_squared,24.0,,,,,,45.0,,0.9995145548353846
voltage_squared,24.0,,,,,,46.0,,0.9025
voltage_squared,24.0,,,,,,47.0,,0.9025
active_power_plus,1.0,0.0,,,,,,,0.007481966999551595
active_power_plus,1.0,2.0,,,,,,,0.009234223131185661
active_power_plus,1.0,6.0,,,,,,,0.002493177645301506
active_power_plus,1.0,10.0,,,,,,,0.0
active_power_plus,1.0,11.0,,,,,,,0.0
active_power_plus,1.0,12.0,,,,,,,0.03975335524344989
active_power_plus,1.0,13.0,,,,,,,0.02946360642575299
active_power_plus,1.0,14.0,,,,,,,0.010861105521918726
active_power_plus,1.0,15.0,,,,,,,0.0
active_power_plus,1.0,17.0,,,,,,,0.1463661301903613
active_power_plus,1.0,18.0,,,,,,,0.0
active_power_plus,1.0,19.0,,,,,,,0.0
active_power_plus,2.0,0.0,,,,,,,0.007481892780552837
active_power_plus,2.0,2.0,,,,,,,0.009234249618793697
active_power_plus,2.0,6.0,,,,,,,0.0024931167993394554
active_power_plus,2.0,10.0,,,,,,,0.0
active_power_plus,2.0,11.0,,,,,,,0.0
active_power_plus,2.0,12.0,,,,,,,0.039753359146373866
active_power_plus,2.0,13.0,,,,,,,0.026191884093271257
active_power_plus,2.0,14.0,,,,,,,0.010775427303893852
active_power_plus,2.0,15.0,,,,,,,0.0
active_power_plus,2.0,17.0,,,,,,,0.1405645662157913
active_power_plus,2.0,18.0,,,,,,,0.0
active_power_plus,2.0,19.0,,,,,,,0.0
active_power_plus,3.0,0.0,,,,,,,0.007482069716770614
active_power_plus,3.0,2.0,,,,,,,0.009234248386361606
active_power_plus,3.0,6.0,,,,,,,0.002493124525810827
active_power_plus,3.0,10.0,,,,,,,0.0
active_power_plus,3.0,11.0,,,,,,,0.0
active_power_plus,3.0,12.0,,,,,,,0.03975337575349813
active_power_plus,3.0,13.0,,,,,,,0.02831108605423801
active_power_plus,3.0,14.0,,,,,,,0.010673088365668153
active_power_plus,3.0,15.0,,,,,,,0.0
active_power_plus,3.0,17.0,,,,,,,0.14141951192575375
active_power_plus,3.0,18.0,,,,,,,0.0
active_power_plus,3.0,19.0,,,,,,,0.0
active_power_plus,4.0,0.0,,,,,,,0.007482152683375666
active_power_plus,4.0,2.0,,,,,,,0.009234273236502395
active_power_plus,4.0,6.0,,,,,,,0.002493094511441268
active_power_plus,4.0,10.0,,,,,,,0.0
active_power_plus,4.0,11.0,,,,,,,0.0
active_power_plus,4.0,12.0,,,,,,,0.039753393038847194
active_power_plus,4.0,13.0,,,,,,,0.025930637336833075
active_power_plus,4.0,14.0,,,,,,,0.010673198122694252
active_power_plus,4.0,15.0,,,,,,,0.0
active_power_plus,4.0,17.0,,,,,,,0.13840696952874454
active_power_plus,4.0,18.0,,,,,,,0.0
active_power_plus,4.0,19.0,,,,,,,0.0
active_power_plus,5.0,0.0,,,,,,,0.00748168874134383
active_power_plus,5.0,2.0,,,,,,,0.009234255975548685
active_power_plus,5.0,6.0,,,,,,,0.002493053650294592
active_power_plus,5.0,10.0,,,,,,,0.0
active_power_plus,5.0,11.0,,,,,,,0.0
active_power_plus,5.0,12.0,,,,,,,0.0397533331311903
active_power_plus,5.0,13.0,,,,,,,0.033073911486161345
active_power_plus,5.0,14.0,,,,,,,0.010674669651232274
active_power_plus,5.0,15.0,,,,,,,0.0
active_power_plus,5.0,17.0,,,,,,,0.14607459288194252
active_power_plus,5.0,18.0,,,,,,,0.0
active_power_plus,5.0,19.0,,,,,,,0.0
active_power_plus,6.0,0.0,,,,,,,0.0074815694146022375
active_power_plus,6.0,2.0,,,,,,,0.009388095324679583
active_power_plus,6.0,6.0,,,,,,,0.002493022712569251
active_power_plus,6.0,10.0,,,,,,,0.0
active_power_plus,6.0,11.0,,,,,,,0.0
active_power_plus,6.0,12.0,,,,,,,0.04009932921087554
active_power_plus,6.0,13.0,,,,,,,0.05277410711701763
active_power_plus,6.0,14.0,,,,,,,0.01224922254581043
active_power_plus,6.0,15.0,,,,,,,0.0
active_power_plus,6.0,17.0,,,,,,,0.17203712539349292
active_power_plus,6.0,18.0,,,,,,,0.0
active_power_plus,6.0,19.0,,,,,,,0.0
active_power_plus,7.0,0.0,,,,,,,0.007481253427542268
active_power_plus,7.0,2.0,,,,,,,0.011670112822862582
active_power_plus,7.0,6.0,,,,,,,0.002492822227618416
active_power_plus,7.0,10.0,,,,,,,0.0
active_power_plus,7.0,11.0,,,,,,,0.0
active_power_plus,7.0,12.0,,,,,,,0.04523244264819705
active_power_plus,7.0,13.0,,,,,,,0.06569342205481196
active_power_plus,7.0,14.0,,,,,,,0.018668627650309473
active_power_plus,7.0,15.0,,,,,,,0.0
active_power_plus,7.0,17.0,,,,,,,0.2100940715917301
active_power_plus,7.0,18.0,,,,,,,0.0
active_power_plus,7.0,19.0,,,,,,,0.0
active_power_plus,8.0,0.0,,,,,,,0.007499089982356954
active_power_plus,8.0,2.0,,,,,,,0.015218567279368421
active_power_plus,8.0,6.0,,,,,,,0.00653447927846985
active_power_plus,8.0,10.0,,,,,,,0.0
active_power_plus,8.0,11.0,,,,,,,0.0
active_power_plus,8.0,12.0,,,,,,,0.05326434440172711
active_power_plus,8.0,13.0,,,,,,,0.07641885662386302
active_power_plus,8.0,14.0,,,,,,,0.021991701433640976
active_power_plus,8.0,15.0,,,,,,,0.0
active_power_plus,8.0,17.0,,,,,,,0.25686726380666886
active_power_plus,8.0,18.0,,,,,,,0.0
active_power_plus,8.0,19.0,,,,,,,0.0
active_power_plus,9.0,0.0,,,,,,,0.02203622492086692
active_power_plus,9.0,2.0,,,,,,,0.03380763802463257
active_power_plus,9.0,6.0,,,,,,,0.009111705136446593
active_power_plus,9.0,10.0,,,,,,,0.0
active_power_plus,9.0,11.0,,,,,,,0.0
active_power_plus,9.0,12.0,,,,,,,0.13541348865585504
active_power_plus,9.0,13.0,,,,,,,0.11174052586271509
active_power_plus,9.0,14.0,,,,,,,0.03380860793185933
active_power_plus,9.0,15.0,,,,,,,0.0
active_power_plus,9.0,17.0,,,,,,,0.45982887237910186
active_power_plus,9.0,18.0,,,,,,,0.0
active_power_plus,9.0,19.0,,,,,,,0.0
active_power_plus,10.0,0.0,,,,,,,0.02129312251334192
active_power_plus,10.0,2.0,,,,,,,0.031296495416111125
active_power_plus,10.0,6.0,,,,,,,0.014494609685077414
active_power_plus,10.0,10.0,,,,,,,0.0
active_power_plus,10.0,11.0,,,,,,,0.0
active_power_plus,10.0,12.0,,,,,,,0.12943395593309978
active_power_plus,10.0,13.0,,,,,,,0.11422033946139971
active_power_plus,10.0,14.0,,,,,,,0.032059924040930735
active_power_plus,10.0,15.0,,,,,,,0.0
active_power_plus,10.0,17.0,,,,,,,0.44933421804223206
active_power_plus,10.0,18.0,,,,,,,0.0
active_power_plus,10.0,19.0,,,,,,,0.0
active_power_plus,11.0,0.0,,,,,,,0.022066100222375182
active_power_plus,11.0,2.0,,,,,,,0.03065658158949415
active_power_plus,11.0,6.0,,,,,,,0.014213405976487988
active_power_plus,11.0,10.0,,,,,,,0.0
active_power_plus,11.0,11.0,,,,,,,0.0
active_power_plus,11.0,12.0,,,,,,,0.1301882706515232
active_power_plus,11.0,13.0,,,,,,,0.12346871862995124
active_power_plus,11.0,14.0,,,,,,,0.028212826027847596
active_power_plus,11.0,15.0,,,,,,,0.0
active_power_plus,11.0,17.0,,,,,,,0.4547236755373718
active_power_plus,11.0,18.0,,,,,,,0.0
active_power_plus,11.0,19.0,,,,,,,0.0
active_power_plus,12.0,0.0,,,,,,,0.022528108512727765
active_power_plus,12.0,2.0,,,,,,,0.031207889352551907
active_power_plus,12.0,6.0,,,,,,,0.01467196197372653
active_power_plus,12.0,10.0,,,,,,,0.0
active_power_plus,12.0,11.0,,,,,,,0.0
active_power_plus,12.0,12.0,,,,,,,0.13238350270350327
active_power_plus,12.0,13.0,,,,,,,0.13385342939250028
active_power_plus,12.0,14.0,,,,,,,0.0285718800730643
active_power_plus,12.0,15.0,,,,,,,0.0
active_power_plus,12.0,17.0,,,,,,,0.470763896363776
active_power_plus,12.0,18.0,,,,,,,0.0
active_power_plus,12.0,19.0,,,,,,,0.0
active_power_plus,13.0,0.0,,,,,,,0.023102864246003278
active_power_plus,13.0,2.0,,,,,,,0.030018359052749452
active_power_plus,13.0,6.0,,,,,,,0.01493809401889831
active_power_plus,13.0,10.0,,,,,,,0.0
active_power_plus,13.0,11.0,,,,,,,0.0
active_power_plus,13.0,12.0,,,,,,,0.13028078904776125
active_power_plus,13.0,13.0,,,,,,,0.1267364907637535
active_power_plus,13.0,14.0,,,,,,,0.029085697561140433
active_power_plus,13.0,15.0,,,,,,,0.0
active_power_plus,13.0,17.0,,,,,,,0.4556573064493594
active_power_plus,13.0,18.0,,,,,,,0.0
active_power_plus,13.0,19.0,,,,,,,0.0
active_power_plus,14.0,0.0,,,,,,,0.022586524951375458
active_power_plus,14.0,2.0,,,,,,,0.032377662328348635
active_power_plus,14.0,6.0,,,,,,,0.01570802103722571
active_power_plus,14.0,10.0,,,,,,,0.0
active_power_plus,14.0,11.0,,,,,,,0.0
active_power_plus,14.0,12.0,,,,,,,0.13378832431966603
active_power_plus,14.0,13.0,,,,,,,0.12410379111624482
active_power_plus,14.0,14.0,,,,,,,0.02894160210656174
active_power_plus,14.0,15.0,,,,,,,0.0
active_power_plus,14.0,17.0,,,,,,,0.4657383079734091
active_power_plus,14.0,18.0,,,,,,,0.0
active_power_plus,14.0,19.0,,,,,,,0.0
active_power_plus,15.0,0.0,,,,,,,0.02346970930637677
active_power_plus,15.0,2.0,,,,,,,0.032182278282585214
active_power_plus,15.0,6.0,,,,,,,0.01794640559952091
active_power_plus,15.0,10.0,,,,,,,0.0
active_power_plus,15.0,11.0,,,,,,,0.0
active_power_plus,15.0,12.0,,,,,,,0.13457905619716368
active_power_plus,15.0,13.0,,,,,,,0.120437751515107
active_power_plus,15.0,14.0,,,,,,,0.029970074930238576
active_power_plus,15.0,15.0,,,,,,,0.0
active_power_plus,15.0,17.0,,,,,,,0.46348587856590373
active_power_plus,15.0,18.0,,,,,,,0.0
active_power_plus,15.0,19.0,,,,,,,0.0
active_power_plus,16.0,0.0,,,,,,,0.024037575754602435
active_power_plus,16.0,2.0,,,,,,,0.03255792149587415
active_power_plus,16.0,6.0,,,,,,,0.0196967092205757
active_power_plus,16.0,10.0,,,,,,,0.0
active_power_plus,16.0,11.0,,,,,,,0.0
active_power_plus,16.0,12.0,,,,,,,0.13592059248999536
active_power_plus,16.0,13.0,,,,,,,0.12172971363660727
active_power_plus,16.0,14.0,,,,,,,0.03065050477894057
active_power_plus,16.0,15.0,,,,,,,0.0
active_power_plus,16.0,17.0,,,,,,,0.47169236346820376
active_power_plus,16.0,18.0,,,,,,,0.0
active_power_plus,16.0,19.0,,,,,,,0.0
active_power_plus,17.0,0.0,,,,,,,0.026453300907126664
active_power_plus,17.0,2.0,,,,,,,0.03362557003803008
active_power_plus,17.0,6.0,,,,,,,0.021212795821836695
active_power_plus,17.0,10.0,,,,,,,0.0
active_power_plus,17.0,11.0,,,,,,,0.0
active_power_plus,17.0,12.0,,,,,,,0.14200820767620176
active_power_plus,17.0,13.0,,,,,,,0.13360454009601966
active_power_plus,17.0,14.0,,,,,,,0.03365046243846502
active_power_plus,17.0,15.0,,,,,,,0.0
active_power_plus,17.0,17.0,,,,,,,0.5071534209030552
active_power_plus,17.0,18.0,,,,,,,0.0
active_power_plus,17.0,19.0,,,,,,,0.0
active_power_plus,18.0,0.0,,,,,,,0.018505043019283546
active_power_plus,18.0,2.0,,,,,,,0.021681541614928166
active_power_plus,18.0,6.0,,,,,,,0.022201298491913282
active_power_plus,18.0,10.0,,,,,,,0.0
active_power_plus,18.0,11.0,,,,,,,0.0
active_power_plus,18.0,12.0,,,,,,,0.09077337852957798
active_power_plus,18.0,13.0,,,,,,,0.11966168725748012
active_power_plus,18.0,14.0,,,,,,,0.028364780782524978
active_power_plus,18.0,15.0,,,,,,,0.0
active_power_plus,18.0,17.0,,,,,,,0.4049828253623238
active_power_plus,18.0,18.0,,,,,,,0.0
active_power_plus,18.0,19.0,,,,,,,0.0
active_power_plus,19.0,0.0,,,,,,,0.019144453765250768
active_power_plus,19.0,2.0,,,,,,,0.014282803059801095
active_power_plus,19.0,6.0,,,,,,,0.016624217009765567
active_power_plus,19.0,10.0,,,,,,,0.0
active_power_plus,19.0,11.0,,,,,,,0.0
active_power_plus,19.0,12.0,,,,,,,0.0754509463718568
active_power_plus,19.0,13.0,,,,,,,0.10956507853279562
active_power_plus,19.0,14.0,,,,,,,0.028986089434508484
active_power_plus,19.0,15.0,,,,,,,0.0
active_power_plus,19.0,17.0,,,,,,,0.3421758354265061
active_power_plus,19.0,18.0,,,,,,,0.0
active_power_plus,19.0,19.0,,,,,,,0.0
active_power_plus,20.0,0.0,,,,,,,0.019188470274871024
active_power_plus,20.0,2.0,,,,,,,0.014291080747177467
active_power_plus,20.0,6.0,,,,,,,0.014535262452572422
active_power_plus,20.0,10.0,,,,,,,0.0
active_power_plus,20.0,11.0,,,,,,,0.0
active_power_plus,20.0,12.0,,,,,,,0.07555935488443082
active_power_plus,20.0,13.0,,,,,,,0.1046017557409221
active_power_plus,20.0,14.0,,,,,,,0.028819085642113697
active_power_plus,20.0,15.0,,,,,,,0.0
active_power_plus,20.0,17.0,,,,,,,0.33001987440607217
active_power_plus,20.0,18.0,,,,,,,0.0
active_power_plus,20.0,19.0,,,,,,,0.0
active_power_plus,21.0,0.0,,,,,,,0.018495126679707673
active_power_plus,21.0,2.0,,,,,,,0.013029485715442296
active_power_plus,21.0,6.0,,,,,,,0.01453372618141935
active_power_plus,21.0,10.0,,,,,,,0.0
active_power_plus,21.0,11.0,,,,,,,0.0
active_power_plus,21.0,12.0,,,,,,,0.0721741928437483
active_power_plus,21.0,13.0,,,,,,,0.09930765272981369
active_power_plus,21.0,14.0,,,,,,,0.029432497857075378
active_power_plus,21.0,15.0,,,,,,,0.0
active_power_plus,21.0,17.0,,,,,,,0.31325818177781256
active_power_plus,21.0,18.0,,,,,,,0.0
active_power_plus,21.0,19.0,,,,,,,0.0
active_power_plus,22.0,0.0,,,,,,,0.007749227119197332
active_power_plus,22.0,2.0,,,,,,,0.013026777253319317
active_power_plus,22.0,6.0,,,,,,,0.0029008461736431354
active_power_plus,22.0,10.0,,,,,,,0.0
active_power_plus,22.0,11.0,,,,,,,0.0
active_power_plus,22.0,12.0,,,,,,,0.048838110238554264
active_power_plus,22.0,13.0,,,,,,,0.08318357071461684
active_power_plus,22.0,14.0,,,,,,,0.018413462811471434
active_power_plus,22.0,15.0,,,,,,,0.0
active_power_plus,22.0,17.0,,,,,,,0.2567522029252495
active_power_plus,22.0,18.0,,,,,,,0.0
active_power_plus,22.0,19.0,,,,,,,0.0
active_power_plus,23.0,0.0,,,,,,,0.007481941788653604
active_power_plus,23.0,2.0,,,,,,,0.011765105395336229
active_power_plus,23.0,6.0,,,,,,,0.002493177645301506
active_power_plus,23.0,10.0,,,,,,,0.0
active_power_plus,23.0,11.0,,,,,,,0.0
active_power_plus,23.0,12.0,,,,,,,0.04544695377931861
active_power_plus,23.0,13.0,,,,,,,0.0525923120328186
active_power_plus,23.0,14.0,,,,,,,0.014262202804078153
active_power_plus,23.0,15.0,,,,,,,0.0
active_power_plus,23.0,17.0,,,,,,,0.20520334923938433
active_power_plus,23.0,18.0,,,,,,,0.0
active_power_plus,23.0,19.0,,,,,,,0.0
active_power_plus,24.0,0.0,,,,,,,0.007600584658631058
active_power_plus,24.0,2.0,,,,,,,0.01113415544031287
active_power_plus,24.0,6.0,,,,,,,0.0024931139019126907
active_power_plus,24.0,10.0,,,,,,,0.0
active_power_plus,24.0,11.0,,,,,,,0.0
active_power_plus,24.0,12.0,,,,,,,0.04447819614215172
active_power_plus,24.0,13.0,,,,,,,0.03472056787683979
active_power_plus,24.0,14.0,,,,,,,0.011170391767183381
active_power_plus,24.0,15.0,,,,,,,0.0
active_power_plus,24.0,17.0,,,,,,,0.17329077790491007
active_power_plus,24.0,18.0,,,,,,,0.0
active_power_plus,24.0,19.0,,,,,,,0.0
reactive_power_plus,1.0,0.0,,,,,,,0.003758123996094366
reactive_power_plus,1.0,2.0,,,,,,,0.006556881061583454
reactive_power_plus,1.0,6.0,,,,,,,0.0
reactive_power_plus,1.0,10.0,,,,,,,0.0
reactive_power_plus,1.0,11.0,,,,,,,0.0
reactive_power_plus,1.0,12.0,,,,,,,0.024261273573731156
reactive_power_plus,1.0,13.0,,,,,,,0.00954504866971024
reactive_power_plus,1.0,14.0,,,,,,,0.003761135073662364
reactive_power_plus,1.0,15.0,,,,,,,0.0
reactive_power_plus,1.0,17.0,,,,,,,0.06191709269926419
reactive_power_plus,1.0,18.0,,,,,,,0.0
reactive_power_plus,1.0,19.0,,,,,,,0.0
reactive_power_plus,2.0,0.0,,,,,,,0.0035693656768861623
reactive_power_plus,2.0,2.0,,,,,,,0.006738641517999744
reactive_power_plus,2.0,6.0,,,,,,,0.0
reactive_power_plus,2.0,10.0,,,,,,,0.0
reactive_power_plus,2.0,11.0,,,,,,,0.0
reactive_power_plus,2.0,12.0,,,,,,,0.024191100386772826
reactive_power_plus,2.0,13.0,,,,,,,0.009496425262306525
reactive_power_plus,2.0,14.0,,,,,,,0.0035970857058085217
reactive_power_plus,2.0,15.0,,,,,,,0.0
reactive_power_plus,2.0,17.0,,,,,,,0.0626532488910155
reactive_power_plus,2.0,18.0,,,,,,,0.0
reactive_power_plus,2.0,19.0,,,,,,,0.0
reactive_power_plus,3.0,0.0,,,,,,,0.003873260801466471
reactive_power_plus,3.0,2.0,,,,,,,0.0067301844531390985
reactive_power_plus,3.0,6.0,,,,,,,0.0
reactive_power_plus,3.0,10.0,,,,,,,0.0
reactive_power_plus,3.0,11.0,,,,,,,0.0
reactive_power_plus,3.0,12.0,,,,,,,0.024943099409282476
reactive_power_plus,3.0,13.0,,,,,,,0.009818175558142643
reactive_power_plus,3.0,14.0,,,,,,,0.00390032986389577
reactive_power_plus,3.0,15.0,,,,,,,0.0
reactive_power_plus,3.0,17.0,,,,,,,0.06368268014853656
reactive_power_plus,3.0,18.0,,,,,,,0.0
reactive_power_plus,3.0,19.0,,,,,,,0.0
reactive_power_plus,4.0,0.0,,,,,,,0.0039356665634012
reactive_power_plus,4.0,2.0,,,,,,,0.006900708455369793
reactive_power_plus,4.0,6.0,,,,,,,0.0
reactive_power_plus,4.0,10.0,,,,,,,0.0
reactive_power_plus,4.0,11.0,,,,,,,0.0
reactive_power_plus,4.0,12.0,,,,,,,0.02548484662476838
reactive_power_plus,4.0,13.0,,,,,,,0.00996470525664332
reactive_power_plus,4.0,14.0,,,,,,,0.0039271849611203745
reactive_power_plus,4.0,15.0,,,,,,,0.0
reactive_power_plus,4.0,17.0,,,,,,,0.0651471511033219
reactive_power_plus,4.0,18.0,,,,,,,0.0
reactive_power_plus,4.0,19.0,,,,,,,0.0
reactive_power_plus,5.0,0.0,,,,,,,0.003050440620108877
reactive_power_plus,5.0,2.0,,,,,,,0.006782262168333582
reactive_power_plus,5.0,6.0,,,,,,,0.0
reactive_power_plus,5.0,10.0,,,,,,,0.0
reactive_power_plus,5.0,11.0,,,,,,,0.0
reactive_power_plus,5.0,12.0,,,,,,,0.022972276329027028
reactive_power_plus,5.0,13.0,,,,,,,0.009087964364887628
reactive_power_plus,5.0,14.0,,,,,,,0.0030772817559112783
reactive_power_plus,5.0,15.0,,,,,,,0.0
reactive_power_plus,5.0,17.0,,,,,,,0.06128018120536912
reactive_power_plus,5.0,18.0,,,,,,,0.0
reactive_power_plus,5.0,19.0,,,,,,,0.0
reactive_power_plus,6.0,0.0,,,,,,,0.0027469615169618
reactive_power_plus,6.0,2.0,,,,,,,0.00695181994679009
reactive_power_plus,6.0,6.0,,,,,,,0.0
reactive_power_plus,6.0,10.0,,,,,,,0.0
reactive_power_plus,6.0,11.0,,,,,,,0.0
reactive_power_plus,6.0,12.0,,,,,,,0.022583343764192652
reactive_power_plus,6.0,13.0,,,,,,,0.00921377271522028
reactive_power_plus,6.0,14.0,,,,,,,0.0027476671152103947
reactive_power_plus,6.0,15.0,,,,,,,0.0
reactive_power_plus,6.0,17.0,,,,,,,0.061800873218920284
reactive_power_plus,6.0,18.0,,,,,,,0.0
reactive_power_plus,6.0,19.0,,,,,,,0.0
reactive_power_plus,7.0,0.0,,,,,,,0.0019433238052005935
reactive_power_plus,7.0,2.0,,,,,,,0.007750419203931682
reactive_power_plus,7.0,6.0,,,,,,,0.0
reactive_power_plus,7.0,10.0,,,,,,,0.0
reactive_power_plus,7.0,11.0,,,,,,,0.0
reactive_power_plus,7.0,12.0,,,,,,,0.022337828684403323
reactive_power_plus,7.0,13.0,,,,,,,0.009672446398463135
reactive_power_plus,7.0,14.0,,,,,,,0.0021855474173284387
reactive_power_plus,7.0,15.0,,,,,,,0.0
reactive_power_plus,7.0,17.0,,,,,,,0.06575356380271405
reactive_power_plus,7.0,18.0,,,,,,,0.0
reactive_power_plus,7.0,19.0,,,,,,,0.0
reactive_power_plus,8.0,0.0,,,,,,,0.0016680636524412352
reactive_power_plus,8.0,2.0,,,,,,,0.009371164004240927
reactive_power_plus,8.0,6.0,,,,,,,0.00016934496113786196
reactive_power_plus,8.0,10.0,,,,,,,0.0
reactive_power_plus,8.0,11.0,,,,,,,0.0
reactive_power_plus,8.0,12.0,,,,,,,0.025282159631537758
reactive_power_plus,8.0,13.0,,,,,,,0.011932154676128993
reactive_power_plus,8.0,14.0,,,,,,,0.0027162592882876944
reactive_power_plus,8.0,15.0,,,,,,,0.0
reactive_power_plus,8.0,17.0,,,,,,,0.0786647273146803
reactive_power_plus,8.0,18.0,,,,,,,0.0
reactive_power_plus,8.0,19.0,,,,,,,0.0
reactive_power_plus,9.0,0.0,,,,,,,0.004824034116100494
reactive_power_plus,9.0,2.0,,,,,,,0.01839367414689419
reactive_power_plus,9.0,6.0,,,,,,,0.0019402684343779184
reactive_power_plus,9.0,10.0,,,,,,,0.0
reactive_power_plus,9.0,11.0,,,,,,,0.0
reactive_power_plus,9.0,12.0,,,,,,,0.05371027363078124
reactive_power_plus,9.0,13.0,,,,,,,0.025006863867232665
reactive_power_plus,9.0,14.0,,,,,,,0.006383961030615597
reactive_power_plus,9.0,15.0,,,,,,,0.0
reactive_power_plus,9.0,17.0,,,,,,,0.1622207570370485
reactive_power_plus,9.0,18.0,,,,,,,0.0
reactive_power_plus,9.0,19.0,,,,,,,0.0
reactive_power_plus,10.0,0.0,,,,,,,0.005124440205187447
reactive_power_plus,10.0,2.0,,,,,,,0.014687150615241925
reactive_power_plus,10.0,6.0,,,,,,,0.004584591574244936
reactive_power_plus,10.0,10.0,,,,,,,0.0
reactive_power_plus,10.0,11.0,,,,,,,0.0
reactive_power_plus,10.0,12.0,,,,,,,0.04611923931615852
reactive_power_plus,10.0,13.0,,,,,,,0.022283955171613655
reactive_power_plus,10.0,14.0,,,,,,,0.006824402939843545
reactive_power_plus,10.0,15.0,,,,,,,0.0
reactive_power_plus,10.0,17.0,,,,,,,0.13836707085623767
reactive_power_plus,10.0,18.0,,,,,,,0.0
reactive_power_plus,10.0,19.0,,,,,,,0.0
reactive_power_plus,11.0,0.0,,,,,,,0.0054930172349582276
reactive_power_plus,11.0,2.0,,,,,,,0.014342265452855867
reactive_power_plus,11.0,6.0,,,,,,,0.004444481815942121
reactive_power_plus,11.0,10.0,,,,,,,0.0
reactive_power_plus,11.0,11.0,,,,,,,0.0
reactive_power_plus,11.0,12.0,,,,,,,0.04621718240116436
reactive_power_plus,11.0,13.0,,,,,,,0.022048945681135686
reactive_power_plus,11.0,14.0,,,,,,,0.006612450341624505
reactive_power_plus,11.0,15.0,,,,,,,0.0
reactive_power_plus,11.0,17.0,,,,,,,0.13654792641451838
reactive_power_plus,11.0,18.0,,,,,,,0.0
reactive_power_plus,11.0,19.0,,,,,,,0.0
reactive_power_plus,12.0,0.0,,,,,,,0.0055560363791836145
reactive_power_plus,12.0,2.0,,,,,,,0.014703495209504387
reactive_power_plus,12.0,6.0,,,,,,,0.004705023392735833
reactive_power_plus,12.0,10.0,,,,,,,0.0
reactive_power_plus,12.0,11.0,,,,,,,0.0
reactive_power_plus,12.0,12.0,,,,,,,0.04721331361953947
reactive_power_plus,12.0,13.0,,,,,,,0.023110721989835364
reactive_power_plus,12.0,14.0,,,,,,,0.006813123559239905
reactive_power_plus,12.0,15.0,,,,,,,0.0
reactive_power_plus,12.0,17.0,,,,,,,0.14050159692124675
reactive_power_plus,12.0,18.0,,,,,,,0.0
reactive_power_plus,12.0,19.0,,,,,,,0.0
reactive_power_plus,13.0,0.0,,,,,,,0.005605426542209906
reactive_power_plus,13.0,2.0,,,,,,,0.014130858909291735
reactive_power_plus,13.0,6.0,,,,,,,0.004173196466592422
reactive_power_plus,13.0,10.0,,,,,,,0.0
reactive_power_plus,13.0,11.0,,,,,,,0.0
reactive_power_plus,13.0,12.0,,,,,,,0.04601652258103116
reactive_power_plus,13.0,13.0,,,,,,,0.022167644740671903
reactive_power_plus,13.0,14.0,,,,,,,0.006738224859872452
reactive_power_plus,13.0,15.0,,,,,,,0.0
reactive_power_plus,13.0,17.0,,,,,,,0.13525088604136093
reactive_power_plus,13.0,18.0,,,,,,,0.0
reactive_power_plus,13.0,19.0,,,,,,,0.0
reactive_power_plus,14.0,0.0,,,,,,,0.005358562343849731
reactive_power_plus,14.0,2.0,,,,,,,0.015101789473439499
reactive_power_plus,14.0,6.0,,,,,,,0.0037110734929930527
reactive_power_plus,14.0,10.0,,,,,,,0.0
reactive_power_plus,14.0,11.0,,,,,,,0.0
reactive_power_plus,14.0,12.0,,,,,,,0.047630763008375224
reactive_power_plus,14.0,13.0,,,,,,,0.022697341514941873
reactive_power_plus,14.0,14.0,,,,,,,0.006547218315459579
reactive_power_plus,14.0,15.0,,,,,,,0.0
reactive_power_plus,14.0,17.0,,,,,,,0.14131135255368887
reactive_power_plus,14.0,18.0,,,,,,,0.0
reactive_power_plus,14.0,19.0,,,,,,,0.0
reactive_power_plus,15.0,0.0,,,,,,,0.00556264934900119
reactive_power_plus,15.0,2.0,,,,,,,0.014687244727888682
reactive_power_plus,15.0,6.0,,,,,,,0.004163441153851894
reactive_power_plus,15.0,10.0,,,,,,,0.0
reactive_power_plus,15.0,11.0,,,,,,,0.0
reactive_power_plus,15.0,12.0,,,,,,,0.04714108749931714
reactive_power_plus,15.0,13.0,,,,,,,0.02229973012292601
reactive_power_plus,15.0,14.0,,,,,,,0.006647931698215145
reactive_power_plus,15.0,15.0,,,,,,,0.0
reactive_power_plus,15.0,17.0,,,,,,,0.13911420192643784
reactive_power_plus,15.0,18.0,,,,,,,0.0
reactive_power_plus,15.0,19.0,,,,,,,0.0
reactive_power_plus,16.0,0.0,,,,,,,0.005743138118166299
reactive_power_plus,16.0,2.0,,,,,,,0.013574427868118863
reactive_power_plus,16.0,6.0,,,,,,,0.004187233650557711
reactive_power_plus,16.0,10.0,,,,,,,0.0
reactive_power_plus,16.0,11.0,,,,,,,0.0
reactive_power_plus,16.0,12.0,,,,,,,0.045022043210697915
reactive_power_plus,16.0,13.0,,,,,,,0.021605971024978958
reactive_power_plus,16.0,14.0,,,,,,,0.006841310543076696
reactive_power_plus,16.0,15.0,,,,,,,0.0
reactive_power_plus,16.0,17.0,,,,,,,0.13151175575433388
reactive_power_plus,16.0,18.0,,,,,,,0.0
reactive_power_plus,16.0,19.0,,,,,,,0.0
reactive_power_plus,17.0,0.0,,,,,,,0.005752155785160992
reactive_power_plus,17.0,2.0,,,,,,,0.009645159497799809
reactive_power_plus,17.0,6.0,,,,,,,0.003523614677215742
reactive_power_plus,17.0,10.0,,,,,,,0.0
reactive_power_plus,17.0,11.0,,,,,,,0.0
reactive_power_plus,17.0,12.0,,,,,,,0.03575781829251639
reactive_power_plus,17.0,13.0,,,,,,,0.01907788577288625
reactive_power_plus,17.0,14.0,,,,,,,0.0069801772460500126
reactive_power_plus,17.0,15.0,,,,,,,0.0
reactive_power_plus,17.0,17.0,,,,,,,0.10191835740340502
reactive_power_plus,17.0,18.0,,,,,,,0.0
reactive_power_plus,17.0,19.0,,,,,,,0.0
reactive_power_plus,18.0,0.0,,,,,,,0.004139629564264773
reactive_power_plus,18.0,2.0,,,,,,,0.0060750021130200615
reactive_power_plus,18.0,6.0,,,,,,,0.0035517090684259274
reactive_power_plus,18.0,10.0,,,,,,,0.0
reactive_power_plus,18.0,11.0,,,,,,,0.0
reactive_power_plus,18.0,12.0,,,,,,,0.022922434327708012
reactive_power_plus,18.0,13.0,,,,,,,0.013508550203350332
reactive_power_plus,18.0,14.0,,,,,,,0.005433164912585369
reactive_power_plus,18.0,15.0,,,,,,,0.0
reactive_power_plus,18.0,17.0,,,,,,,0.06737887032657455
reactive_power_plus,18.0,18.0,,,,,,,0.0
reactive_power_plus,18.0,19.0,,,,,,,0.0
reactive_power_plus,19.0,0.0,,,,,,,0.0035748113656570335
reactive_power_plus,19.0,2.0,,,,,,,0.00460176391021159
reactive_power_plus,19.0,6.0,,,,,,,0.0023386100925290696
reactive_power_plus,19.0,10.0,,,,,,,0.0
reactive_power_plus,19.0,11.0,,,,,,,0.0
reactive_power_plus,19.0,12.0,,,,,,,0.01831442347443691
reactive_power_plus,19.0,13.0,,,,,,,0.010963297607972433
reactive_power_plus,19.0,14.0,,,,,,,0.004610343308868862
reactive_power_plus,19.0,15.0,,,,,,,0.0
reactive_power_plus,19.0,17.0,,,,,,,0.05218397424816524
reactive_power_plus,19.0,18.0,,,,,,,0.0
reactive_power_plus,19.0,19.0,,,,,,,0.0
reactive_power_plus,20.0,0.0,,,,,,,0.004929869337197116
reactive_power_plus,20.0,2.0,,,,,,,0.005326315773942399
reactive_power_plus,20.0,6.0,,,,,,,0.002263092891308665
reactive_power_plus,20.0,10.0,,,,,,,0.0
reactive_power_plus,20.0,11.0,,,,,,,0.0
reactive_power_plus,20.0,12.0,,,,,,,0.023009628367067686
reactive_power_plus,20.0,13.0,,,,,,,0.012274868783640862
reactive_power_plus,20.0,14.0,,,,,,,0.005481639095596624
reactive_power_plus,20.0,15.0,,,,,,,0.0
reactive_power_plus,20.0,17.0,,,,,,,0.061252605983433746
reactive_power_plus,20.0,18.0,,,,,,,0.0
reactive_power_plus,20.0,19.0,,,,,,,0.0
reactive_power_plus,21.0,0.0,,,,,,,0.007332544775139209
reactive_power_plus,21.0,2.0,,,,,,,0.005361675239566494
reactive_power_plus,21.0,6.0,,,,,,,0.0007727559973332561
reactive_power_plus,21.0,10.0,,,,,,,0.0
reactive_power_plus,21.0,11.0,,,,,,,0.0
reactive_power_plus,21.0,12.0,,,,,,,0.028941435499337226
reactive_power_plus,21.0,13.0,,,,,,,0.014160861341150006
reactive_power_plus,21.0,14.0,,,,,,,0.007518773665671773
reactive_power_plus,21.0,15.0,,,,,,,0.0
reactive_power_plus,21.0,17.0,,,,,,,0.0676915000393433
reactive_power_plus,21.0,18.0,,,,,,,0.0
reactive_power_plus,21.0,19.0,,,,,,,0.0
reactive_power_plus,22.0,0.0,,,,,,,0.003718539153061278
reactive_power_plus,22.0,2.0,,,,,,,0.005347897070717487
reactive_power_plus,22.0,6.0,,,,,,,0.0
reactive_power_plus,22.0,10.0,,,,,,,0.0
reactive_power_plus,22.0,11.0,,,,,,,0.0
reactive_power_plus,22.0,12.0,,,,,,,0.021376229090600204
reactive_power_plus,22.0,13.0,,,,,,,0.0097854595674759
reactive_power_plus,22.0,14.0,,,,,,,0.003874796538322803
reactive_power_plus,22.0,15.0,,,,,,,0.0
reactive_power_plus,22.0,17.0,,,,,,,0.054397835027282036
reactive_power_plus,22.0,18.0,,,,,,,0.0
reactive_power_plus,22.0,19.0,,,,,,,0.0
reactive_power_plus,23.0,0.0,,,,,,,0.0036940060908395153
reactive_power_plus,23.0,2.0,,,,,,,0.004856067600768542
reactive_power_plus,23.0,6.0,,,,,,,0.0
reactive_power_plus,23.0,10.0,,,,,,,0.0
reactive_power_plus,23.0,11.0,,,,,,,0.0
reactive_power_plus,23.0,12.0,,,,,,,0.020269925193906305
reactive_power_plus,23.0,13.0,,,,,,,0.008490707614392735
reactive_power_plus,23.0,14.0,,,,,,,0.003769460871833226
reactive_power_plus,23.0,15.0,,,,,,,0.0
reactive_power_plus,23.0,17.0,,,,,,,0.04947527251455999
reactive_power_plus,23.0,18.0,,,,,,,0.0
reactive_power_plus,23.0,19.0,,,,,,,0.0
reactive_power_plus,24.0,0.0,,,,,,,0.003553706415087179
reactive_power_plus,24.0,2.0,,,,,,,0.00442024986695418
reactive_power_plus,24.0,6.0,,,,,,,0.0
reactive_power_plus,24.0,10.0,,,,,,,0.0
reactive_power_plus,24.0,11.0,,,,,,,0.0
reactive_power_plus,24.0,12.0,,,,,,,0.019003321142706774
reactive_power_plus,24.0,13.0,,,,,,,0.007628985509313586
reactive_power_plus,24.0,14.0,,,,,,,0.00358317097284422
reactive_power_plus,24.0,15.0,,,,,,,0.0
reactive_power_plus,24.0,17.0,,,,,,,0.04547999564499802
reactive_power_plus,24.0,18.0,,,,,,,0.0
reactive_power_plus,24.0,19.0,,,,,,,0.0
active_power_minus,1.0,0.0,,,,,,,0.0
active_power_minus,1.0,2.0,,,,,,,0.0
active_power_minus,1.0,6.0,,,,,,,0.0
active_power_minus,1.0,10.0,,,,,,,0.018651181365902568
active_power_minus,1.0,11.0,,,,,,,0.02077353558395691
active_power_minus,1.0,12.0,,,,,,,0.0
active_power_minus,1.0,13.0,,,,,,,0.0
active_power_minus,1.0,14.0,,,,,,,0.0
active_power_minus,1.0,15.0,,,,,,,0.016342201367939447
active_power_minus,1.0,17.0,,,,,,,0.0
active_power_minus,1.0,18.0,,,,,,,0.03418913023819301
active_power_minus,1.0,19.0,,,,,,,0.06315831710775145
active_power_minus,2.0,0.0,,,,,,,0.0
active_power_minus,2.0,2.0,,,,,,,0.0
active_power_minus,2.0,6.0,,,,,,,0.0
active_power_minus,2.0,10.0,,,,,,,0.018565503147877693
active_power_minus,2.0,11.0,,,,,,,0.02077353558395691
active_power_minus,2.0,12.0,,,,,,,0.0
active_power_minus,2.0,13.0,,,,,,,0.0
active_power_minus,2.0,14.0,,,,,,,0.0
active_power_minus,2.0,15.0,,,,,,,0.016342140521977397
active_power_minus,2.0,17.0,,,,,,,0.0
active_power_minus,2.0,18.0,,,,,,,0.03165990397567167
active_power_minus,2.0,19.0,,,,,,,0.05988752295007039
active_power_minus,3.0,0.0,,,,,,,0.0
active_power_minus,3.0,2.0,,,,,,,0.0
active_power_minus,3.0,6.0,,,,,,,0.0
active_power_minus,3.0,10.0,,,,,,,0.018463164209651994
active_power_minus,3.0,11.0,,,,,,,0.02077353558395691
active_power_minus,3.0,12.0,,,,,,,0.0
active_power_minus,3.0,13.0,,,,,,,0.0
active_power_minus,3.0,14.0,,,,,,,0.0
active_power_minus,3.0,15.0,,,,,,,0.016342148248448766
active_power_minus,3.0,17.0,,,,,,,0.0
active_power_minus,3.0,18.0,,,,,,,0.03039529084441103
active_power_minus,3.0,19.0,,,,,,,0.062006672399241756
active_power_minus,4.0,0.0,,,,,,,0.0
active_power_minus,4.0,2.0,,,,,,,0.0
active_power_minus,4.0,6.0,,,,,,,0.0
active_power_minus,4.0,10.0,,,,,,,0.018463273966678094
active_power_minus,4.0,11.0,,,,,,,0.02077353558395691
active_power_minus,4.0,12.0,,,,,,,0.0
active_power_minus,4.0,13.0,,,,,,,0.0
active_power_minus,4.0,14.0,,,,,,,0.0
active_power_minus,4.0,15.0,,,,,,,0.016342118234079207
active_power_minus,4.0,17.0,,,,,,,0.0
active_power_minus,4.0,18.0,,,,,,,0.02976298427878069
active_power_minus,4.0,19.0,,,,,,,0.05962704291170964
active_power_minus,5.0,0.0,,,,,,,0.0
active_power_minus,5.0,2.0,,,,,,,0.0
active_power_minus,5.0,6.0,,,,,,,0.0
active_power_minus,5.0,10.0,,,,,,,0.018464745495216116
active_power_minus,5.0,11.0,,,,,,,0.02077353558395691
active_power_minus,5.0,12.0,,,,,,,0.0
active_power_minus,5.0,13.0,,,,,,,0.0
active_power_minus,5.0,14.0,,,,,,,0.0
active_power_minus,5.0,15.0,,,,,,,0.016342077372932532
active_power_minus,5.0,17.0,,,,,,,0.0
active_power_minus,5.0,18.0,,,,,,,0.03028623801286217
active_power_minus,5.0,19.0,,,,,,,0.06676986557053542
active_power_minus,6.0,0.0,,,,,,,0.0
active_power_minus,6.0,2.0,,,,,,,0.0
active_power_minus,6.0,6.0,,,,,,,0.0
active_power_minus,6.0,10.0,,,,,,,0.020169042193688317
active_power_minus,6.0,11.0,,,,,,,0.021119519061007702
active_power_minus,6.0,12.0,,,,,,,0.0
active_power_minus,6.0,13.0,,,,,,,0.0
active_power_minus,6.0,14.0,,,,,,,0.0
active_power_minus,6.0,15.0,,,,,,,0.016572702086574378
active_power_minus,6.0,17.0,,,,,,,0.0
active_power_minus,6.0,18.0,,,,,,,0.035516913590804354
active_power_minus,6.0,19.0,,,,,,,0.08699099452601455
active_power_minus,7.0,0.0,,,,,,,0.0
active_power_minus,7.0,2.0,,,,,,,0.0
active_power_minus,7.0,6.0,,,,,,,0.0
active_power_minus,7.0,10.0,,,,,,,0.028513248030993144
active_power_minus,7.0,11.0,,,,,,,0.026252321015156444
active_power_minus,7.0,12.0,,,,,,,0.0
active_power_minus,7.0,13.0,,,,,,,0.0
active_power_minus,7.0,14.0,,,,,,,0.0
active_power_minus,7.0,15.0,,,,,,,0.019994369571056055
active_power_minus,7.0,17.0,,,,,,,0.0
active_power_minus,7.0,18.0,,,,,,,0.04549860163486528
active_power_minus,7.0,19.0,,,,,,,0.10763059960863008
active_power_minus,8.0,0.0,,,,,,,0.0
active_power_minus,8.0,2.0,,,,,,,0.0
active_power_minus,8.0,6.0,,,,,,,0.0
active_power_minus,8.0,10.0,,,,,,,0.03482923538511441
active_power_minus,8.0,11.0,,,,,,,0.03423342387059585
active_power_minus,8.0,12.0,,,,,,,0.0
active_power_minus,8.0,13.0,,,,,,,0.0
active_power_minus,8.0,14.0,,,,,,,0.0
active_power_minus,8.0,15.0,,,,,,,0.02935676185886708
active_power_minus,8.0,17.0,,,,,,,0.0
active_power_minus,8.0,18.0,,,,,,,0.05386229805695728
active_power_minus,8.0,19.0,,,,,,,0.13443324399223824
active_power_minus,9.0,0.0,,,,,,,0.0
active_power_minus,9.0,2.0,,,,,,,0.0
active_power_minus,9.0,6.0,,,,,,,0.0
active_power_minus,9.0,10.0,,,,,,,0.06263234355861695
active_power_minus,9.0,11.0,,,,,,,0.07686329500468701
active_power_minus,9.0,12.0,,,,,,,0.0
active_power_minus,9.0,13.0,,,,,,,0.0
active_power_minus,9.0,14.0,,,,,,,0.0
active_power_minus,9.0,15.0,,,,,,,0.060353901806237925
active_power_minus,9.0,17.0,,,,,,,0.0
active_power_minus,9.0,18.0,,,,,,,0.05363487599666687
active_power_minus,9.0,19.0,,,,,,,0.2366826776031119
active_power_minus,10.0,0.0,,,,,,,0.0
active_power_minus,10.0,2.0,,,,,,,0.0
active_power_minus,10.0,6.0,,,,,,,0.0
active_power_minus,10.0,10.0,,,,,,,0.05906800999366185
active_power_minus,10.0,11.0,,,,,,,0.07202156254061631
active_power_minus,10.0,12.0,,,,,,,0.0
active_power_minus,10.0,13.0,,,,,,,0.0
active_power_minus,10.0,14.0,,,,,,,0.0
active_power_minus,10.0,15.0,,,,,,,0.06250898471215495
active_power_minus,10.0,17.0,,,,,,,0.0
active_power_minus,10.0,18.0,,,,,,,0.051034364188225406
active_power_minus,10.0,19.0,,,,,,,0.23729679582301091
active_power_minus,11.0,0.0,,,,,,,0.0
active_power_minus,11.0,2.0,,,,,,,0.0
active_power_minus,11.0,6.0,,,,,,,0.0
active_power_minus,11.0,10.0,,,,,,,0.05476782113272645
active_power_minus,11.0,11.0,,,,,,,0.0708133202796769
active_power_minus,11.0,12.0,,,,,,,0.0
active_power_minus,11.0,13.0,,,,,,,0.0
active_power_minus,11.0,14.0,,,,,,,0.0
active_power_minus,11.0,15.0,,,,,,,0.06142228616293926
active_power_minus,11.0,17.0,,,,,,,0.0
active_power_minus,11.0,18.0,,,,,,,0.0491723904412991
active_power_minus,11.0,19.0,,,,,,,0.24442929682195394
active_power_minus,12.0,0.0,,,,,,,0.0
active_power_minus,12.0,2.0,,,,,,,0.0
active_power_minus,12.0,6.0,,,,,,,0.0
active_power_minus,12.0,10.0,,,,,,,0.055530160025795416
active_power_minus,12.0,11.0,,,,,,,0.0718887465406163
active_power_minus,12.0,12.0,,,,,,,0.0
active_power_minus,12.0,13.0,,,,,,,0.0
active_power_minus,12.0,14.0,,,,,,,0.0
active_power_minus,12.0,15.0,,,,,,,0.06259779300080406
active_power_minus,12.0,17.0,,,,,,,0.0
active_power_minus,12.0,18.0,,,,,,,0.04996854500692949
active_power_minus,12.0,19.0,,,,,,,0.25691066039280275
active_power_minus,13.0,0.0,,,,,,,0.0
active_power_minus,13.0,2.0,,,,,,,0.0
active_power_minus,13.0,6.0,,,,,,,0.0
active_power_minus,13.0,10.0,,,,,,,0.054916880401630785
active_power_minus,13.0,11.0,,,,,,,0.06888315424130763
active_power_minus,13.0,12.0,,,,,,,0.0
active_power_minus,13.0,13.0,,,,,,,0.0
active_power_minus,13.0,14.0,,,,,,,0.0
active_power_minus,13.0,15.0,,,,,,,0.060860196846436725
active_power_minus,13.0,17.0,,,,,,,0.0
active_power_minus,13.0,18.0,,,,,,,0.04956651059983437
active_power_minus,13.0,19.0,,,,,,,0.24551399415120323
active_power_minus,14.0,0.0,,,,,,,0.0
active_power_minus,14.0,2.0,,,,,,,0.0
active_power_minus,14.0,6.0,,,,,,,0.0
active_power_minus,14.0,10.0,,,,,,,0.05663520776583644
active_power_minus,14.0,11.0,,,,,,,0.0738496150913992
active_power_minus,14.0,12.0,,,,,,,0.0
active_power_minus,14.0,13.0,,,,,,,0.0
active_power_minus,14.0,14.0,,,,,,,0.0
active_power_minus,14.0,15.0,,,,,,,0.06494109776482518
active_power_minus,14.0,17.0,,,,,,,0.0
active_power_minus,14.0,18.0,,,,,,,0.04810819874440815
active_power_minus,14.0,19.0,,,,,,,0.2511753718283983
active_power_minus,15.0,0.0,,,,,,,0.0
active_power_minus,15.0,2.0,,,,,,,0.0
active_power_minus,15.0,6.0,,,,,,,0.0
active_power_minus,15.0,10.0,,,,,,,0.05738257203511743
active_power_minus,15.0,11.0,,,,,,,0.07309999227967691
active_power_minus,15.0,12.0,,,,,,,0.0
active_power_minus,15.0,13.0,,,,,,,0.0
active_power_minus,15.0,14.0,,,,,,,0.0
active_power_minus,15.0,15.0,,,,,,,0.0666797337859722
active_power_minus,15.0,17.0,,,,,,,0.0
active_power_minus,15.0,18.0,,,,,,,0.047786500178777835
active_power_minus,15.0,19.0,,,,,,,0.2486520498340066
active_power_minus,16.0,0.0,,,,,,,0.0
active_power_minus,16.0,2.0,,,,,,,0.0
active_power_minus,16.0,6.0,,,,,,,0.0
active_power_minus,16.0,10.0,,,,,,,0.058274321883819424
active_power_minus,16.0,11.0,,,,,,,0.07366351227967691
active_power_minus,16.0,12.0,,,,,,,0.0
active_power_minus,16.0,13.0,,,,,,,0.0
active_power_minus,16.0,14.0,,,,,,,0.0
active_power_minus,16.0,15.0,,,,,,,0.06880571740702697
active_power_minus,16.0,17.0,,,,,,,0.0
active_power_minus,16.0,18.0,,,,,,,0.050354767362591535
active_power_minus,16.0,19.0,,,,,,,0.252567562970233
active_power_minus,17.0,0.0,,,,,,,0.0
active_power_minus,17.0,2.0,,,,,,,0.0
active_power_minus,17.0,6.0,,,,,,,0.0
active_power_minus,17.0,10.0,,,,,,,0.06208153007102035
active_power_minus,17.0,11.0,,,,,,,0.0758161803534809
active_power_minus,17.0,12.0,,,,,,,0.0
active_power_minus,17.0,13.0,,,,,,,0.0
active_power_minus,17.0,14.0,,,,,,,0.0
active_power_minus,17.0,15.0,,,,,,,0.07175691605749064
active_power_minus,17.0,17.0,,,,,,,0.0
active_power_minus,17.0,18.0,,,,,,,0.06199841098599288
active_power_minus,17.0,19.0,,,,,,,0.2692048969953089
active_power_minus,18.0,0.0,,,,,,,0.0
active_power_minus,18.0,2.0,,,,,,,0.0
active_power_minus,18.0,6.0,,,,,,,0.0
active_power_minus,18.0,10.0,,,,,,,0.04666424181352549
active_power_minus,18.0,11.0,,,,,,,0.04879856274933471
active_power_minus,18.0,12.0,,,,,,,0.0
active_power_minus,18.0,13.0,,,,,,,0.0
active_power_minus,18.0,14.0,,,,,,,0.0
active_power_minus,18.0,15.0,,,,,,,0.054733673658136424
active_power_minus,18.0,17.0,,,,,,,0.0
active_power_minus,18.0,18.0,,,,,,,0.07687367246418599
active_power_minus,18.0,19.0,,,,,,,0.21544020965165966
active_power_minus,19.0,0.0,,,,,,,0.0
active_power_minus,19.0,2.0,,,,,,,0.0
active_power_minus,19.0,6.0,,,,,,,0.0
active_power_minus,19.0,10.0,,,,,,,0.04103492069406814
active_power_minus,19.0,11.0,,,,,,,0.03213021669215906
active_power_minus,19.0,12.0,,,,,,,0.0
active_power_minus,19.0,13.0,,,,,,,0.0
active_power_minus,19.0,14.0,,,,,,,0.0
active_power_minus,19.0,15.0,,,,,,,0.03804436147120495
active_power_minus,19.0,17.0,,,,,,,0.0
active_power_minus,19.0,18.0,,,,,,,0.07772158969689887
active_power_minus,19.0,19.0,,,,,,,0.1745674200078592
active_power_minus,20.0,0.0,,,,,,,0.0
active_power_minus,20.0,2.0,,,,,,,0.0
active_power_minus,20.0,6.0,,,,,,,0.0
active_power_minus,20.0,10.0,,,,,,,0.04087481012923268
active_power_minus,20.0,11.0,,,,,,,0.0321485986323173
active_power_minus,20.0,12.0,,,,,,,0.0
active_power_minus,20.0,13.0,,,,,,,0.0
active_power_minus,20.0,14.0,,,,,,,0.0
active_power_minus,20.0,15.0,,,,,,,0.03596766154078396
active_power_minus,20.0,17.0,,,,,,,0.0
active_power_minus,20.0,18.0,,,,,,,0.07249693669312877
active_power_minus,20.0,19.0,,,,,,,0.16752950370631794
active_power_minus,21.0,0.0,,,,,,,0.0
active_power_minus,21.0,2.0,,,,,,,0.0
active_power_minus,21.0,6.0,,,,,,,0.0
active_power_minus,21.0,10.0,,,,,,,0.04042405311322335
active_power_minus,21.0,11.0,,,,,,,0.02931081401639459
active_power_minus,21.0,12.0,,,,,,,0.0
active_power_minus,21.0,13.0,,,,,,,0.0
active_power_minus,21.0,14.0,,,,,,,0.0
active_power_minus,21.0,15.0,,,,,,,0.03407426885901575
active_power_minus,21.0,17.0,,,,,,,0.0
active_power_minus,21.0,18.0,,,,,,,0.06996771043060741
active_power_minus,21.0,19.0,,,,,,,0.15795850872780523
active_power_minus,22.0,0.0,,,,,,,0.0
active_power_minus,22.0,2.0,,,,,,,0.0
active_power_minus,22.0,6.0,,,,,,,0.0
active_power_minus,22.0,10.0,,,,,,,0.029402735153127232
active_power_minus,22.0,11.0,,,,,,,0.02930472624441547
active_power_minus,22.0,12.0,,,,,,,0.0
active_power_minus,22.0,13.0,,,,,,,0.0
active_power_minus,22.0,14.0,,,,,,,0.0
active_power_minus,22.0,15.0,,,,,,,0.022437330336586778
active_power_minus,22.0,17.0,,,,,,,0.0
active_power_minus,22.0,18.0,,,,,,,0.06469118561197038
active_power_minus,22.0,19.0,,,,,,,0.1301108757297771
active_power_minus,23.0,0.0,,,,,,,0.0
active_power_minus,23.0,2.0,,,,,,,0.0
active_power_minus,23.0,6.0,,,,,,,0.0
active_power_minus,23.0,10.0,,,,,,,0.024187305914762945
active_power_minus,23.0,11.0,,,,,,,0.02646694162849278
active_power_minus,23.0,12.0,,,,,,,0.0
active_power_minus,23.0,13.0,,,,,,,0.0
active_power_minus,23.0,14.0,,,,,,,0.0
active_power_minus,23.0,15.0,,,,,,,0.020137805397630028
active_power_minus,23.0,17.0,,,,,,,0.0
active_power_minus,23.0,18.0,,,,,,,0.05309177880947913
active_power_minus,23.0,19.0,,,,,,,0.09484214602059983
active_power_minus,24.0,0.0,,,,,,,0.0
active_power_minus,24.0,2.0,,,,,,,0.0
active_power_minus,24.0,6.0,,,,,,,0.0
active_power_minus,24.0,10.0,,,,,,,0.020563337423968507
active_power_minus,24.0,11.0,,,,,,,0.02504785508476034
active_power_minus,24.0,12.0,,,,,,,0.0
active_power_minus,24.0,13.0,,,,,,,0.0
active_power_minus,24.0,14.0,,,,,,,0.0
active_power_minus,24.0,15.0,,,,,,,0.01919168395841959
active_power_minus,24.0,17.0,,,,,,,0.0
active_power_minus,24.0,18.0,,,,,,,0.04280238438152844
active_power_minus,24.0,19.0,,,,,,,0.07483607603679424
reactive_power_minus,1.0,0.0,,,,,,,0.0
reactive_power_minus,1.0,2.0,,,,,,,0.0
reactive_power_minus,1.0,6.0,,,,,,,0.0006652365052399133
reactive_power_minus,1.0,10.0,,,,,,,0.009291154067337163
reactive_power_minus,1.0,11.0,,,,,,,0.01474671731646613
reactive_power_minus,1.0,12.0,,,,,,,0.0
reactive_power_minus,1.0,13.0,,,,,,,0.0
reactive_power_minus,1.0,14.0,,,,,,,0.0
reactive_power_minus,1.0,15.0,,,,,,,0.009165908372404172
reactive_power_minus,1.0,17.0,,,,,,,0.0
reactive_power_minus,1.0,18.0,,,,,,,0.0
reactive_power_minus,1.0,19.0,,,,,,,0.03107440413155516
reactive_power_minus,2.0,0.0,,,,,,,0.0
reactive_power_minus,2.0,2.0,,,,,,,0.0
reactive_power_minus,2.0,6.0,,,,,,,0.0006058648268638194
reactive_power_minus,2.0,10.0,,,,,,,0.009280424692501095
reactive_power_minus,2.0,11.0,,,,,,,0.0151555706311802
reactive_power_minus,2.0,12.0,,,,,,,0.0
reactive_power_minus,2.0,13.0,,,,,,,0.0
reactive_power_minus,2.0,14.0,,,,,,,0.0
reactive_power_minus,2.0,15.0,,,,,,,0.009497848927256308
reactive_power_minus,2.0,17.0,,,,,,,0.0
reactive_power_minus,2.0,18.0,,,,,,,0.0
reactive_power_minus,2.0,19.0,,,,,,,0.03170021987083949
reactive_power_minus,3.0,0.0,,,,,,,0.0
reactive_power_minus,3.0,2.0,,,,,,,0.0
reactive_power_minus,3.0,6.0,,,,,,,0.0006134040876099898
reactive_power_minus,3.0,10.0,,,,,,,0.009576535081500448
reactive_power_minus,3.0,11.0,,,,,,,0.0151365472469458
reactive_power_minus,3.0,12.0,,,,,,,0.0
reactive_power_minus,3.0,13.0,,,,,,,0.0
reactive_power_minus,3.0,14.0,,,,,,,0.0
reactive_power_minus,3.0,15.0,,,,,,,0.00947762741035388
reactive_power_minus,3.0,17.0,,,,,,,0.0
reactive_power_minus,3.0,18.0,,,,,,,0.0
reactive_power_minus,3.0,19.0,,,,,,,0.031985786958582015
reactive_power_minus,4.0,0.0,,,,,,,0.0
reactive_power_minus,4.0,2.0,,,,,,,0.0
reactive_power_minus,4.0,6.0,,,,,,,0.0005841169593267882
reactive_power_minus,4.0,10.0,,,,,,,0.009747231910567391
reactive_power_minus,4.0,11.0,,,,,,,0.015520125198525383
reactive_power_minus,4.0,12.0,,,,,,,0.0
reactive_power_minus,4.0,13.0,,,,,,,0.0
reactive_power_minus,4.0,14.0,,,,,,,0.0
reactive_power_minus,4.0,15.0,,,,,,,0.009762633173023458
reactive_power_minus,4.0,17.0,,,,,,,0.0
reactive_power_minus,4.0,18.0,,,,,,,0.0
reactive_power_minus,4.0,19.0,,,,,,,0.03273850558535682
reactive_power_minus,5.0,0.0,,,,,,,0.0
reactive_power_minus,5.0,2.0,,,,,,,0.0
reactive_power_minus,5.0,6.0,,,,,,,0.0005442458688422314
reactive_power_minus,5.0,10.0,,,,,,,0.008797415972636162
reactive_power_minus,5.0,11.0,,,,,,,0.0152536912445997
reactive_power_minus,5.0,12.0,,,,,,,0.0
reactive_power_minus,5.0,13.0,,,,,,,0.0
reactive_power_minus,5.0,14.0,,,,,,,0.0
reactive_power_minus,5.0,15.0,,,,,,,0.009624881627557567
reactive_power_minus,5.0,17.0,,,,,,,0.0
reactive_power_minus,5.0,18.0,,,,,,,0.0
reactive_power_minus,5.0,19.0,,,,,,,0.031501242706563175
reactive_power_minus,6.0,0.0,,,,,,,0.0
reactive_power_minus,6.0,2.0,,,,,,,0.0
reactive_power_minus,6.0,6.0,,,,,,,0.0005140577574753531
reactive_power_minus,6.0,10.0,,,,,,,0.008610760616258204
reactive_power_minus,6.0,11.0,,,,,,,0.01563491600279416
reactive_power_minus,6.0,12.0,,,,,,,0.0
reactive_power_minus,6.0,13.0,,,,,,,0.0
reactive_power_minus,6.0,14.0,,,,,,,0.0
reactive_power_minus,6.0,15.0,,,,,,,0.009909219577720757
reactive_power_minus,6.0,17.0,,,,,,,0.0
reactive_power_minus,6.0,18.0,,,,,,,0.0
reactive_power_minus,6.0,19.0,,,,,,,0.03223267118825247
reactive_power_minus,7.0,0.0,,,,,,,0.0
reactive_power_minus,7.0,2.0,,,,,,,0.0
reactive_power_minus,7.0,6.0,,,,,,,0.00031843051091606106
reactive_power_minus,7.0,10.0,,,,,,,0.008721281503393429
reactive_power_minus,7.0,11.0,,,,,,,0.017428624229506643
reactive_power_minus,7.0,12.0,,,,,,,0.0
reactive_power_minus,7.0,13.0,,,,,,,0.0
reactive_power_minus,7.0,14.0,,,,,,,0.0
reactive_power_minus,7.0,15.0,,,,,,,0.011300652308755038
reactive_power_minus,7.0,17.0,,,,,,,0.0
reactive_power_minus,7.0,18.0,,,,,,,0.0
reactive_power_minus,7.0,19.0,,,,,,,0.03561600855550064
reactive_power_minus,8.0,0.0,,,,,,,0.0
reactive_power_minus,8.0,2.0,,,,,,,0.0
reactive_power_minus,8.0,6.0,,,,,,,0.0
reactive_power_minus,8.0,10.0,,,,,,,0.010617517985423295
reactive_power_minus,8.0,11.0,,,,,,,0.021070023192361606
reactive_power_minus,8.0,12.0,,,,,,,0.0
reactive_power_minus,8.0,13.0,,,,,,,0.0
reactive_power_minus,8.0,14.0,,,,,,,0.0
reactive_power_minus,8.0,15.0,,,,,,,0.014216027089378929
reactive_power_minus,8.0,17.0,,,,,,,0.0
reactive_power_minus,8.0,18.0,,,,,,,0.0
reactive_power_minus,8.0,19.0,,,,,,,0.043941076994160506
reactive_power_minus,9.0,0.0,,,,,,,0.0
reactive_power_minus,9.0,2.0,,,,,,,0.0
reactive_power_minus,9.0,6.0,,,,,,,0.0
reactive_power_minus,9.0,10.0,,,,,,,0.02187698348714343
reactive_power_minus,9.0,11.0,,,,,,,0.04131472655074087
reactive_power_minus,9.0,12.0,,,,,,,0.0
reactive_power_minus,9.0,13.0,,,,,,,0.0
reactive_power_minus,9.0,14.0,,,,,,,0.0
reactive_power_minus,9.0,15.0,,,,,,,0.029483419468205162
reactive_power_minus,9.0,17.0,,,,,,,0.0
reactive_power_minus,9.0,18.0,,,,,,,0.0
reactive_power_minus,9.0,19.0,,,,,,,0.08988705980747594
reactive_power_minus,10.0,0.0,,,,,,,0.0
reactive_power_minus,10.0,2.0,,,,,,,0.0
reactive_power_minus,10.0,6.0,,,,,,,0.0
reactive_power_minus,10.0,10.0,,,,,,,0.019195166181924624
reactive_power_minus,10.0,11.0,,,,,,,0.03298870197888286
reactive_power_minus,10.0,12.0,,,,,,,0.0
reactive_power_minus,10.0,13.0,,,,,,,0.0
reactive_power_minus,10.0,14.0,,,,,,,0.0
reactive_power_minus,10.0,15.0,,,,,,,0.02657705956016685
reactive_power_minus,10.0,17.0,,,,,,,0.0
reactive_power_minus,10.0,18.0,,,,,,,0.0
reactive_power_minus,10.0,19.0,,,,,,,0.07734473792083466
reactive_power_minus,11.0,0.0,,,,,,,0.0
reactive_power_minus,11.0,2.0,,,,,,,0.0
reactive_power_minus,11.0,6.0,,,,,,,0.0
reactive_power_minus,11.0,10.0,,,,,,,0.018693103125567077
reactive_power_minus,11.0,11.0,,,,,,,0.032215074090513496
reactive_power_minus,11.0,12.0,,,,,,,0.0
reactive_power_minus,11.0,13.0,,,,,,,0.0
reactive_power_minus,11.0,14.0,,,,,,,0.0
reactive_power_minus,11.0,15.0,,,,,,,0.025921197876284455
reactive_power_minus,11.0,17.0,,,,,,,0.0
reactive_power_minus,11.0,18.0,,,,,,,0.0
reactive_power_minus,11.0,19.0,,,,,,,0.07576885316323222
reactive_power_minus,12.0,0.0,,,,,,,0.0
reactive_power_minus,12.0,2.0,,,,,,,0.0
reactive_power_minus,12.0,6.0,,,,,,,0.0
reactive_power_minus,12.0,10.0,,,,,,,0.019197772196099055
reactive_power_minus,12.0,11.0,,,,,,,0.03302572969829104
reactive_power_minus,12.0,12.0,,,,,,,0.0
reactive_power_minus,12.0,13.0,,,,,,,0.0
reactive_power_minus,12.0,14.0,,,,,,,0.0
reactive_power_minus,12.0,15.0,,,,,,,0.02672217652492987
reactive_power_minus,12.0,17.0,,,,,,,0.0
reactive_power_minus,12.0,18.0,,,,,,,0.0
reactive_power_minus,12.0,19.0,,,,,,,0.078352260989488
reactive_power_minus,13.0,0.0,,,,,,,0.0
reactive_power_minus,13.0,2.0,,,,,,,0.0
reactive_power_minus,13.0,6.0,,,,,,,0.0
reactive_power_minus,13.0,10.0,,,,,,,0.01864132932860021
reactive_power_minus,13.0,11.0,,,,,,,0.03174161191660736
reactive_power_minus,13.0,12.0,,,,,,,0.0
reactive_power_minus,13.0,13.0,,,,,,,0.0
reactive_power_minus,13.0,14.0,,,,,,,0.0
reactive_power_minus,13.0,15.0,,,,,,,0.025334271077663992
reactive_power_minus,13.0,17.0,,,,,,,0.0
reactive_power_minus,13.0,18.0,,,,,,,0.0
reactive_power_minus,13.0,19.0,,,,,,,0.0748834569472967
reactive_power_minus,14.0,0.0,,,,,,,0.0
reactive_power_minus,14.0,2.0,,,,,,,0.0
reactive_power_minus,14.0,6.0,,,,,,,0.0
reactive_power_minus,14.0,10.0,,,,,,,0.01926640913538899
reactive_power_minus,14.0,11.0,,,,,,,0.03391784218647842
reactive_power_minus,14.0,12.0,,,,,,,0.0
reactive_power_minus,14.0,13.0,,,,,,,0.0
reactive_power_minus,14.0,14.0,,,,,,,0.0
reactive_power_minus,14.0,15.0,,,,,,,0.026322968283978666
reactive_power_minus,14.0,17.0,,,,,,,0.0
reactive_power_minus,14.0,18.0,,,,,,,0.0
reactive_power_minus,14.0,19.0,,,,,,,0.07834994889730676
reactive_power_minus,15.0,0.0,,,,,,,0.0
reactive_power_minus,15.0,2.0,,,,,,,0.0
reactive_power_minus,15.0,6.0,,,,,,,0.0
reactive_power_minus,15.0,10.0,,,,,,,0.019017756560102152
reactive_power_minus,15.0,11.0,,,,,,,0.032986199631698715
reactive_power_minus,15.0,12.0,,,,,,,0.0
reactive_power_minus,15.0,13.0,,,,,,,0.0
reactive_power_minus,15.0,14.0,,,,,,,0.0
reactive_power_minus,15.0,15.0,,,,,,,0.026154240908317694
reactive_power_minus,15.0,17.0,,,,,,,0.0
reactive_power_minus,15.0,18.0,,,,,,,0.0
reactive_power_minus,15.0,19.0,,,,,,,0.07705923354151022
reactive_power_minus,16.0,0.0,,,,,,,0.0
reactive_power_minus,16.0,2.0,,,,,,,0.0
reactive_power_minus,16.0,6.0,,,,,,,0.0
reactive_power_minus,16.0,10.0,,,,,,,0.018272252277157945
reactive_power_minus,16.0,11.0,,,,,,,0.030482511290883325
reactive_power_minus,16.0,12.0,,,,,,,0.0
reactive_power_minus,16.0,13.0,,,,,,,0.0
reactive_power_minus,16.0,14.0,,,,,,,0.0
reactive_power_minus,16.0,15.0,,,,,,,0.02450890784447993
reactive_power_minus,16.0,17.0,,,,,,,0.0
reactive_power_minus,16.0,18.0,,,,,,,0.0
reactive_power_minus,16.0,19.0,,,,,,,0.07268428100292881
reactive_power_minus,17.0,0.0,,,,,,,0.0
reactive_power_minus,17.0,2.0,,,,,,,0.0
reactive_power_minus,17.0,6.0,,,,,,,0.0
reactive_power_minus,17.0,10.0,,,,,,,0.015096294130617562
reactive_power_minus,17.0,11.0,,,,,,,0.02164297835884679
reactive_power_minus,17.0,12.0,,,,,,,0.0
reactive_power_minus,17.0,13.0,,,,,,,0.0
reactive_power_minus,17.0,14.0,,,,,,,0.0
reactive_power_minus,17.0,15.0,,,,,,,0.01795226691644693
reactive_power_minus,17.0,17.0,,,,,,,0.0
reactive_power_minus,17.0,18.0,,,,,,,0.0
reactive_power_minus,17.0,19.0,,,,,,,0.05626475916089092
reactive_power_minus,18.0,0.0,,,,,,,0.0
reactive_power_minus,18.0,2.0,,,,,,,0.0
reactive_power_minus,18.0,6.0,,,,,,,0.0
reactive_power_minus,18.0,10.0,,,,,,,0.010549658750957615
reactive_power_minus,18.0,11.0,,,,,,,0.01364398356899266
reactive_power_minus,18.0,12.0,,,,,,,0.0
reactive_power_minus,18.0,13.0,,,,,,,0.0
reactive_power_minus,18.0,14.0,,,,,,,0.0
reactive_power_minus,18.0,15.0,,,,,,,0.012647698114421034
reactive_power_minus,18.0,17.0,,,,,,,0.0
reactive_power_minus,18.0,18.0,,,,,,,0.0
reactive_power_minus,18.0,19.0,,,,,,,0.03821190266488038
reactive_power_minus,19.0,0.0,,,,,,,0.0
reactive_power_minus,19.0,2.0,,,,,,,0.0
reactive_power_minus,19.0,6.0,,,,,,,0.0
reactive_power_minus,19.0,10.0,,,,,,,0.008488953966246935
reactive_power_minus,19.0,11.0,,,,,,,0.01034296175300819
reactive_power_minus,19.0,12.0,,,,,,,0.0
reactive_power_minus,19.0,13.0,,,,,,,0.0
reactive_power_minus,19.0,14.0,,,,,,,0.0
reactive_power_minus,19.0,15.0,,,,,,,0.009233917927867862
reactive_power_minus,19.0,17.0,,,,,,,0.0
reactive_power_minus,19.0,18.0,,,,,,,0.0
reactive_power_minus,19.0,19.0,,,,,,,0.029146730945891725
reactive_power_minus,20.0,0.0,,,,,,,0.0
reactive_power_minus,20.0,2.0,,,,,,,0.0
reactive_power_minus,20.0,6.0,,,,,,,0.0
reactive_power_minus,20.0,10.0,,,,,,,0.009971425791489293
reactive_power_minus,20.0,11.0,,,,,,,0.01197276452238045
reactive_power_minus,20.0,12.0,,,,,,,0.0
reactive_power_minus,20.0,13.0,,,,,,,0.0
reactive_power_minus,20.0,14.0,,,,,,,0.0
reactive_power_minus,20.0,15.0,,,,,,,0.010244935906228965
reactive_power_minus,20.0,17.0,,,,,,,0.0
reactive_power_minus,20.0,18.0,,,,,,,0.0
reactive_power_minus,20.0,19.0,,,,,,,0.03280361075371699
reactive_power_minus,21.0,0.0,,,,,,,0.0
reactive_power_minus,21.0,2.0,,,,,,,0.0
reactive_power_minus,21.0,6.0,,,,,,,0.0
reactive_power_minus,21.0,10.0,,,,,,,0.012038939962794318
reactive_power_minus,21.0,11.0,,,,,,,0.01205377679232679
reactive_power_minus,21.0,12.0,,,,,,,0.0
reactive_power_minus,21.0,13.0,,,,,,,0.0
reactive_power_minus,21.0,14.0,,,,,,,0.0
reactive_power_minus,21.0,15.0,,,,,,,0.008808607192217783
reactive_power_minus,21.0,17.0,,,,,,,0.0
reactive_power_minus,21.0,18.0,,,,,,,0.0
reactive_power_minus,21.0,19.0,,,,,,,0.03328702594000199
reactive_power_minus,22.0,0.0,,,,,,,0.0
reactive_power_minus,22.0,2.0,,,,,,,0.0
reactive_power_minus,22.0,6.0,,,,,,,0.0003387517181739497
reactive_power_minus,22.0,10.0,,,,,,,0.008383341753493196
reactive_power_minus,22.0,11.0,,,,,,,0.012022787240454382
reactive_power_minus,22.0,12.0,,,,,,,0.0
reactive_power_minus,22.0,13.0,,,,,,,0.0
reactive_power_minus,22.0,14.0,,,,,,,0.0
reactive_power_minus,22.0,15.0,,,,,,,0.007676439775462303
reactive_power_minus,22.0,17.0,,,,,,,0.0
reactive_power_minus,22.0,18.0,,,,,,,0.0
reactive_power_minus,22.0,19.0,,,,,,,0.02760626289855328
reactive_power_minus,23.0,0.0,,,,,,,0.0
reactive_power_minus,23.0,2.0,,,,,,,0.0
reactive_power_minus,23.0,6.0,,,,,,,0.0006652365052399133
reactive_power_minus,23.0,10.0,,,,,,,0.00786368717946664
reactive_power_minus,23.0,11.0,,,,,,,0.010917936820355767
reactive_power_minus,23.0,12.0,,,,,,,0.0
reactive_power_minus,23.0,13.0,,,,,,,0.0
reactive_power_minus,23.0,14.0,,,,,,,0.0
reactive_power_minus,23.0,15.0,,,,,,,0.006613388041663936
reactive_power_minus,23.0,17.0,,,,,,,0.0
reactive_power_minus,23.0,18.0,,,,,,,0.0
reactive_power_minus,23.0,19.0,,,,,,,0.02430402815848364
reactive_power_minus,24.0,0.0,,,,,,,0.0
reactive_power_minus,24.0,2.0,,,,,,,0.0
reactive_power_minus,24.0,6.0,,,,,,,0.0006030376040840051
reactive_power_minus,24.0,10.0,,,,,,,0.007310049410858965
reactive_power_minus,24.0,11.0,,,,,,,0.00993834250137265
reactive_power_minus,24.0,12.0,,,,,,,0.0
reactive_power_minus,24.0,13.0,,,,,,,0.0
reactive_power_minus,24.0,14.0,,,,,,,0.0
reactive_power_minus,24.0,15.0,,,,,,,0.006022524063497764
reactive_power_minus,24.0,17.0,,,,,,,0.0
reactive_power_minus,24.0,18.0,,,,,,,0.0
reactive_power_minus,24.0,19.0,,,,,,,0.022024934054422046
active_power_discr,1.0,0.0,,,,,,1.0,0.003811904963134563
active_power_discr,1.0,0.0,,,,,,2.0,0.0036700620364170317
active_power_discr,1.0,0.0,,,,,,3.0,0.0
active_power_discr,1.0,0.0,,,,,,4.0,0.0
active_power_discr,1.0,0.0,,,,,,5.0,0.0
active_power_discr,1.0,0.0,,,,,,6.0,0.0
active_power_discr,1.0,0.0,,,,,,7.0,0.0
active_power_discr,1.0,0.0,,,,,,8.0,0.0
active_power_discr,1.0,0.0,,,,,,9.0,0.0
active_power_discr,1.0,0.0,,,,,,10.0,0.0
active_power_discr,1.0,0.0,,,,,,11.0,0.0
active_power_discr,1.0,0.0,,,,,,12.0,0.0
active_power_discr,1.0,0.0,,,,,,13.0,0.0
active_power_discr,1.0,0.0,,,,,,14.0,0.0
active_power_discr,1.0,0.0,,,,,,15.0,0.0
active_power_discr,1.0,2.0,,,,,,1.0,0.003811904963134563
active_power_discr,1.0,2.0,,,,,,2.0,0.005264966907931571
active_power_discr,1.0,2.0,,,,,,3.0,0.00015735126011952663
active_power_discr,1.0,2.0,,,,,,4.0,0.0
active_power_discr,1.0,2.0,,,,,,5.0,0.0
active_power_discr,1.0,2.0,,,,,,6.0,0.0
active_power_discr,1.0,2.0,,,,,,7.0,0.0
active_power_discr,1.0,2.0,,,,,,8.0,0.0
active_power_discr,1.0,2.0,,,,,,9.0,0.0
active_power_discr,1.0,2.0,,,,,,10.0,0.0
active_power_discr,1.0,2.0,,,,,,11.0,0.0
active_power_discr,1.0,2.0,,,,,,12.0,0.0
active_power_discr,1.0,2.0,,,,,,13.0,0.0
active_power_discr,1.0,2.0,,,,,,14.0,0.0
active_power_discr,1.0,2.0,,,,,,15.0,0.0
active_power_discr,1.0,6.0,,,,,,1.0,0.002493177645301506
active_power_discr,1.0,6.0,,,,,,2.0,0.0
active_power_discr,1.0,6.0,,,,,,3.0,0.0
active_power_discr,1.0,6.0,,,,,,4.0,0.0
active_power_discr,1.0,6.0,,,,,,5.0,0.0
active_power_discr,1.0,6.0,,,,,,6.0,0.0
active_power_discr,1.0,6.0,,,,,,7.0,0.0
active_power_discr,1.0,6.0,,,,,,8.0,0.0
active_power_discr,1.0,6.0,,,,,,9.0,0.0
active_power_discr,1.0,6.0,,,,,,10.0,0.0
active_power_discr,1.0,6.0,,,,,,11.0,0.0
active_power_discr,1.0,6.0,,,,,,12.0,0.0
active_power_discr,1.0,6.0,,,,,,13.0,0.0
active_power_discr,1.0,6.0,,,,,,14.0,0.0
active_power_discr,1.0,6.0,,,,,,15.0,0.0
active_power_discr,1.0,10.0,,,,,,1.0,0.003811904963134563
active_power_discr,1.0,10.0,,,,,,2.0,0.005264966907931571
active_power_discr,1.0,10.0,,,,,,3.0,0.007271922256639911
active_power_discr,1.0,10.0,,,,,,4.0,0.0023023872381965176
active_power_discr,1.0,10.0,,,,,,5.0,0.0
active_power_discr,1.0,10.0,,,,,,6.0,0.0
active_power_discr,1.0,10.0,,,,,,7.0,0.0
active_power_discr,1.0,10.0,,,,,,8.0,0.0
active_power_discr,1.0,10.0,,,,,,9.0,0.0
active_power_discr,1.0,10.0,,,,,,10.0,0.0
active_power_discr,1.0,10.0,,,,,,11.0,0.0
active_power_discr,1.0,10.0,,,,,,12.0,0.0
active_power_discr,1.0,10.0,,,,,,13.0,0.0
active_power_discr,1.0,10.0,,,,,,14.0,0.0
active_power_discr,1.0,10.0,,,,,,15.0,0.0
active_power_discr,1.0,11.0,,,,,,1.0,0.0075778699824844125
active_power_discr,1.0,11.0,,,,,,2.0,0.013195665601472497
active_power_discr,1.0,11.0,,,,,,3.0,0.0
active_power_discr,1.0,11.0,,,,,,4.0,0.0
active_power_discr,1.0,11.0,,,,,,5.0,0.0
active_power_discr,1.0,11.0,,,,,,6.0,0.0
active_power_discr,1.0,11.0,,,,,,7.0,0.0
active_power_discr,1.0,11.0,,,,,,8.0,0.0
active_power_discr,1.0,11.0,,,,,,9.0,0.0
active_power_discr,1.0,11.0,,,,,,10.0,0.0
active_power_discr,1.0,11.0,,,,,,11.0,0.0
active_power_discr,1.0,11.0,,,,,,12.0,0.0
active_power_discr,1.0,11.0,,,,,,13.0,0.0
active_power_discr,1.0,11.0,,,,,,14.0,0.0
active_power_discr,1.0,11.0,,,,,,15.0,0.0
active_power_discr,1.0,12.0,,,,,,1.0,0.0075778699824844125
active_power_discr,1.0,12.0,,,,,,2.0,0.013320281329628255
active_power_discr,1.0,12.0,,,,,,3.0,0.018855203931337224
active_power_discr,1.0,12.0,,,,,,4.0,0.0
active_power_discr,1.0,12.0,,,,,,5.0,0.0
active_power_discr,1.0,12.0,,,,,,6.0,0.0
active_power_discr,1.0,12.0,,,,,,7.0,0.0
active_power_discr,1.0,12.0,,,,,,8.0,0.0
active_power_discr,1.0,12.0,,,,,,9.0,0.0
active_power_discr,1.0,12.0,,,,,,10.0,0.0
active_power_discr,1.0,12.0,,,,,,11.0,0.0
active_power_discr,1.0,12.0,,,,,,12.0,0.0
active_power_discr,1.0,12.0,,,,,,13.0,0.0
active_power_discr,1.0,12.0,,,,,,14.0,0.0
active_power_discr,1.0,12.0,,,,,,15.0,0.0
active_power_discr,1.0,13.0,,,,,,1.0,0.003811904963134563
active_power_discr,1.0,13.0,,,,,,2.0,0.005264966907931571
active_power_discr,1.0,13.0,,,,,,3.0,0.007271922256639911
active_power_discr,1.0,13.0,,,,,,4.0,0.010043909910801375
active_power_discr,1.0,13.0,,,,,,5.0,0.0030709023872455693
active_power_discr,1.0,13.0,,,,,,6.0,0.0
active_power_discr,1.0,13.0,,,,,,7.0,0.0
active_power_discr,1.0,13.0,,,,,,8.0,0.0
active_power_discr,1.0,13.0,,,,,,9.0,0.0
active_power_discr,1.0,13.0,,,,,,10.0,0.0
active_power_discr,1.0,13.0,,,,,,11.0,0.0
active_power_discr,1.0,13.0,,,,,,12.0,0.0
active_power_discr,1.0,13.0,,,,,,13.0,0.0
active_power_discr,1.0,13.0,,,,,,14.0,0.0
active_power_discr,1.0,13.0,,,,,,15.0,0.0
active_power_discr,1.0,14.0,,,,,,1.0,0.003811904963134563
active_power_discr,1.0,14.0,,,,,,2.0,0.005264966907931571
active_power_discr,1.0,14.0,,,,,,3.0,0.0017842336508525868
active_power_discr,1.0,14.0,,,,,,4.0,0.0
active_power_discr,1.0,14.0,,,,,,5.0,0.0
active_power_discr,1.0,14.0,,,,,,6.0,0.0
active_power_discr,1.0,14.0,,,,,,7.0,0.0
active_power_discr,1.0,14.0,,,,,,8.0,0.0
active_power_discr,1.0,14.0,,,,,,9.0,0.0
active_power_discr,1.0,14.0,,,,,,10.0,0.0
active_power_discr,1.0,14.0,,,,,,11.0,0.0
active_power_discr,1.0,14.0,,,,,,12.0,0.0
active_power_discr,1.0,14.0,,,,,,13.0,0.0
active_power_discr,1.0,14.0,,,,,,14.0,0.0
active_power_discr,1.0,14.0,,,,,,15.0,0.0
active_power_discr,1.0,15.0,,,,,,1.0,0.003811904963134563
active_power_discr,1.0,15.0,,,,,,2.0,0.005264966907931571
active_power_discr,1.0,15.0,,,,,,3.0,0.007265329496873311
active_power_discr,1.0,15.0,,,,,,4.0,0.0
active_power_discr,1.0,15.0,,,,,,5.0,0.0
active_power_discr,1.0,15.0,,,,,,6.0,0.0
active_power_discr,1.0,15.0,,,,,,7.0,0.0
active_power_discr,1.0,15.0,,,,,,8.0,0.0
active_power_discr,1.0,15.0,,,,,,9.0,0.0
active_power_discr,1.0,15.0,,,,,,10.0,0.0
active_power_discr,1.0,15.0,,,,,,11.0,0.0
active_power_discr,1.0,15.0,,,,,,12.0,0.0
active_power_discr,1.0,15.0,,,,,,13.0,0.0
active_power_discr,1.0,15.0,,,,,,14.0,0.0
active_power_discr,1.0,15.0,,,,,,15.0,0.0
active_power_discr,1.0,17.0,,,,,,1.0,0.0075778699824844125
active_power_discr,1.0,17.0,,,,,,2.0,0.013320281329628255
active_power_discr,1.0,17.0,,,,,,3.0,0.023414217334232015
active_power_discr,1.0,17.0,,,,,,4.0,0.041157206804276286
active_power_discr,1.0,17.0,,,,,,5.0,0.06089655473974033
active_power_discr,1.0,17.0,,,,,,6.0,0.0
active_power_discr,1.0,17.0,,,,,,7.0,0.0
active_power_discr,1.0,17.0,,,,,,8.0,0.0
active_power_discr,1.0,17.0,,,,,,9.0,0.0
active_power_discr,1.0,17.0,,,,,,10.0,0.0
active_power_discr,1.0,17.0,,,,,,11.0,0.0
active_power_discr,1.0,17.0,,,,,,12.0,0.0
active_power_discr,1.0,17.0,,,,,,13.0,0.0
active_power_discr,1.0,17.0,,,,,,14.0,0.0
active_power_discr,1.0,17.0,,,,,,15.0,0.0
active_power_discr,1.0,18.0,,,,,,1.0,0.0075778699824844125
active_power_discr,1.0,18.0,,,,,,2.0,0.013320281329628255
active_power_discr,1.0,18.0,,,,,,3.0,0.013290978926080343
active_power_discr,1.0,18.0,,,,,,4.0,0.0
active_power_discr,1.0,18.0,,,,,,5.0,0.0
active_power_discr,1.0,18.0,,,,,,6.0,0.0
active_power_discr,1.0,18.0,,,,,,7.0,0.0
active_power_discr,1.0,18.0,,,,,,8.0,0.0
active_power_discr,1.0,18.0,,,,,,9.0,0.0
active_power_discr,1.0,18.0,,,,,,10.0,0.0
active_power_discr,1.0,18.0,,,,,,11.0,0.0
active_power_discr,1.0,18.0,,,,,,12.0,0.0
active_power_discr,1.0,18.0,,,,,,13.0,0.0
active_power_discr,1.0,18.0,,,,,,14.0,0.0
active_power_discr,1.0,18.0,,,,,,15.0,0.0
active_power_discr,1.0,19.0,,,,,,1.0,0.0075778699824844125
active_power_discr,1.0,19.0,,,,,,2.0,0.013320281329628255
active_power_discr,1.0,19.0,,,,,,3.0,0.023414217334232015
active_power_discr,1.0,19.0,,,,,,4.0,0.018845948461406775
active_power_discr,1.0,19.0,,,,,,5.0,0.0
active_power_discr,1.0,19.0,,,,,,6.0,0.0
active_power_discr,1.0,19.0,,,,,,7.0,0.0
active_power_discr,1.0,19.0,,,,,,8.0,0.0
active_power_discr,1.0,19.0,,,,,,9.0,0.0
active_power_discr,1.0,19.0,,,,,,10.0,0.0
active_power_discr,1.0,19.0,,,,,,11.0,0.0
active_power_discr,1.0,19.0,,,,,,12.0,0.0
active_power_discr,1.0,19.0,,,,,,13.0,0.0
active_power_discr,1.0,19.0,,,,,,14.0,0.0
active_power_discr,1.0,19.0,,,,,,15.0,0.0
active_power_discr,2.0,0.0,,,,,,1.0,0.003811904963134563
active_power_discr,2.0,0.0,,,,,,2.0,0.003669987817418274
active_power_discr,2.0,0.0,,,,,,3.0,0.0
active_power_discr,2.0,0.0,,,,,,4.0,0.0
active_power_discr,2.0,0.0,,,,,,5.0,0.0
active_power_discr,2.0,0.0,,,,,,6.0,0.0
active_power_discr,2.0,0.0,,,,,,7.0,0.0
active_power_discr,2.0,0.0,,,,,,8.0,0.0
active_power_discr,2.0,0.0,,,,,,9.0,0.0
active_power_discr,2.0,0.0,,,,,,10.0,0.0
active_power_discr,2.0,0.0,,,,,,11.0,0.0
active_power_discr,2.0,0.0,,,,,,12.0,0.0
active_power_discr,2.0,0.0,,,,,,13.0,0.0
active_power_discr,2.0,0.0,,,,,,14.0,0.0
active_power_discr,2.0,0.0,,,,,,15.0,0.0
active_power_discr,2.0,2.0,,,,,,1.0,0.003811904963134563
active_power_discr,2.0,2.0,,,,,,2.0,0.005264966907931571
active_power_discr,2.0,2.0,,,,,,3.0,0.00015737774772756237
active_power_discr,2.0,2.0,,,,,,4.0,0.0
active_power_discr,2.0,2.0,,,,,,5.0,0.0
active_power_discr,2.0,2.0,,,,,,6.0,0.0
active_power_discr,2.0,2.0,,,,,,7.0,0.0
active_power_discr,2.0,2.0,,,,,,8.0,0.0
active_power_discr,2.0,2.0,,,,,,9.0,0.0
active_power_discr,2.0,2.0,,,,,,10.0,0.0
active_power_discr,2.0,2.0,,,,,,11.0,0.0
active_power_discr,2.0,2.0,,,,,,12.0,0.0
active_power_discr,2.0,2.0,,,,,,13.0,0.0
active_power_discr,2.0,2.0,,,,,,14.0,0.0
active_power_discr,2.0,2.0,,,,,,15.0,0.0
active_power_discr,2.0,6.0,,,,,,1.0,0.0024931167993394554
active_power_discr,2.0,6.0,,,,,,2.0,0.0
active_power_discr,2.0,6.0,,,,,,3.0,0.0
active_power_discr,2.0,6.0,,,,,,4.0,0.0
active_power_discr,2.0,6.0,,,,,,5.0,0.0
active_power_discr,2.0,6.0,,,,,,6.0,0.0
active_power_discr,2.0,6.0,,,,,,7.0,0.0
active_power_discr,2.0,6.0,,,,,,8.0,0.0
active_power_discr,2.0,6.0,,,,,,9.0,0.0
active_power_discr,2.0,6.0,,,,,,10.0,0.0
active_power_discr,2.0,6.0,,,,,,11.0,0.0
active_power_discr,2.0,6.0,,,,,,12.0,0.0
active_power_discr,2.0,6.0,,,,,,13.0,0.0
active_power_discr,2.0,6.0,,,,,,14.0,0.0
active_power_discr,2.0,6.0,,,,,,15.0,0.0
active_power_discr,2.0,10.0,,,,,,1.0,0.003811904963134563
active_power_discr,2.0,10.0,,,,,,2.0,0.005264966907931571
active_power_discr,2.0,10.0,,,,,,3.0,0.007271922256639911
active_power_discr,2.0,10.0,,,,,,4.0,0.00221670902017165
active_power_discr,2.0,10.0,,,,,,5.0,0.0
active_power_discr,2.0,10.0,,,,,,6.0,0.0
active_power_discr,2.0,10.0,,,,,,7.0,0.0
active_power_discr,2.0,10.0,,,,,,8.0,0.0
active_power_discr,2.0,10.0,,,,,,9.0,0.0
active_power_discr,2.0,10.0,,,,,,10.0,0.0
active_power_discr,2.0,10.0,,,,,,11.0,0.0
active_power_discr,2.0,10.0,,,,,,12.0,0.0
active_power_discr,2.0,10.0,,,,,,13.0,0.0
active_power_discr,2.0,10.0,,,,,,14.0,0.0
active_power_discr,2.0,10.0,,,,,,15.0,0.0
active_power_discr,2.0,11.0,,,,,,1.0,0.0075778699824844125
active_power_discr,2.0,11.0,,,,,,2.0,0.013195665601472497
active_power_discr,2.0,11.0,,,,,,3.0,0.0
active_power_discr,2.0,11.0,,,,,,4.0,0.0
active_power_discr,2.0,11.0,,,,,,5.0,0.0
active_power_discr,2.0,11.0,,,,,,6.0,0.0
active_power_discr,2.0,11.0,,,,,,7.0,0.0
active_power_discr,2.0,11.0,,,,,,8.0,0.0
active_power_discr,2.0,11.0,,,,,,9.0,0.0
active_power_discr,2.0,11.0,,,,,,10.0,0.0
active_power_discr,2.0,11.0,,,,,,11.0,0.0
active_power_discr,2.0,11.0,,,,,,12.0,0.0
active_power_discr,2.0,11.0,,,,,,13.0,0.0
active_power_discr,2.0,11.0,,,,,,14.0,0.0
active_power_discr,2.0,11.0,,,,,,15.0,0.0
active_power_discr,2.0,12.0,,,,,,1.0,0.0075778699824844125
active_power_discr,2.0,12.0,,,,,,2.0,0.013320281329628255
active_power_discr,2.0,12.0,,,,,,3.0,0.0188552078342612
active_power_discr,2.0,12.0,,,,,,4.0,0.0
active_power_discr,2.0,12.0,,,,,,5.0,0.0
active_power_discr,2.0,12.0,,,,,,6.0,0.0
active_power_discr,2.0,12.0,,,,,,7.0,0.0
active_power_discr,2.0,12.0,,,,,,8.0,0.0
active_power_discr,2.0,12.0,,,,,,9.0,0.0
active_power_discr,2.0,12.0,,,,,,10.0,0.0
active_power_discr,2.0,12.0,,,,,,11.0,0.0
active_power_discr,2.0,12.0,,,,,,12.0,0.0
active_power_discr,2.0,12.0,,,,,,13.0,0.0
active_power_discr,2.0,12.0,,,,,,14.0,0.0
active_power_discr,2.0,12.0,,,,,,15.0,0.0
active_power_discr,2.0,13.0,,,,,,1.0,0.003811904963134563
active_power_discr,2.0,13.0,,,,,,2.0,0.005264966907931571
active_power_discr,2.0,13.0,,,,,,3.0,0.007271922256639911
active_power_discr,2.0,13.0,,,,,,4.0,0.00984308996556521
active_power_discr,2.0,13.0,,,,,,5.0,0.0
active_power_discr,2.0,13.0,,,,,,6.0,0.0
active_power_discr,2.0,13.0,,,,,,7.0,0.0
active_power_discr,2.0,13.0,,,,,,8.0,0.0
active_power_discr,2.0,13.0,,,,,,9.0,0.0
active_power_discr,2.0,13.0,,,,,,10.0,0.0
active_power_discr,2.0,13.0,,,,,,11.0,0.0
active_power_discr,2.0,13.0,,,,,,12.0,0.0
active_power_discr,2.0,13.0,,,,,,13.0,0.0
active_power_discr,2.0,13.0,,,,,,14.0,0.0
active_power_discr,2.0,13.0,,,,,,15.0,0.0
active_power_discr,2.0,14.0,,,,,,1.0,0.003811904963134563
active_power_discr,2.0,14.0,,,,,,2.0,0.005264966907931571
active_power_discr,2.0,14.0,,,,,,3.0,0.001698555432827719
active_power_discr,2.0,14.0,,,,,,4.0,0.0
active_power_discr,2.0,14.0,,,,,,5.0,0.0
active_power_discr,2.0,14.0,,,,,,6.0,0.0
active_power_discr,2.0,14.0,,,,,,7.0,0.0
active_power_discr,2.0,14.0,,,,,,8.0,0.0
active_power_discr,2.0,14.0,,,,,,9.0,0.0
active_power_discr,2.0,14.0,,,,,,10.0,0.0
active_power_discr,2.0,14.0,,,,,,11.0,0.0
active_power_discr,2.0,14.0,,,,,,12.0,0.0
active_power_discr,2.0,14.0,,,,,,13.0,0.0
active_power_discr,2.0,14.0,,,,,,14.0,0.0
active_power_discr,2.0,14.0,,,,,,15.0,0.0
active_power_discr,2.0,15.0,,,,,,1.0,0.003811904963134563
active_power_discr,2.0,15.0,,,,,,2.0,0.005264966907931571
active_power_discr,2.0,15.0,,,,,,3.0,0.007265268650911261
active_power_discr,2.0,15.0,,,,,,4.0,0.0
active_power_discr,2.0,15.0,,,,,,5.0,0.0
active_power_discr,2.0,15.0,,,,,,6.0,0.0
active_power_discr,2.0,15.0,,,,,,7.0,0.0
active_power_discr,2.0,15.0,,,,,,8.0,0.0
active_power_discr,2.0,15.0,,,,,,9.0,0.0
active_power_discr,2.0,15.0,,,,,,10.0,0.0
active_power_discr,2.0,15.0,,,,,,11.0,0.0
active_power_discr,2.0,15.0,,,,,,12.0,0.0
active_power_discr,2.0,15.0,,,,,,13.0,0.0
active_power_discr,2.0,15.0,,,,,,14.0,0.0
active_power_discr,2.0,15.0,,,,,,15.0,0.0
active_power_discr,2.0,17.0,,,,,,1.0,0.0075778699824844125
active_power_discr,2.0,17.0,,,,,,2.0,0.013320281329628255
active_power_discr,2.0,17.0,,,,,,3.0,0.023414217334232015
active_power_discr,2.0,17.0,,,,,,4.0,0.041157206804276286
active_power_discr,2.0,17.0,,,,,,5.0,0.05509499076517034
active_power_discr,2.0,17.0,,,,,,6.0,0.0
active_power_discr,2.0,17.0,,,,,,7.0,0.0
active_power_discr,2.0,17.0,,,,,,8.0,0.0
active_power_discr,2.0,17.0,,,,,,9.0,0.0
active_power_discr,2.0,17.0,,,,,,10.0,0.0
active_power_discr,2.0,17.0,,,,,,11.0,0.0
active_power_discr,2.0,17.0,,,,,,12.0,0.0
active_power_discr,2.0,17.0,,,,,,13.0,0.0
active_power_discr,2.0,17.0,,,,,,14.0,0.0
active_power_discr,2.0,17.0,,,,,,15.0,0.0
active_power_discr,2.0,18.0,,,,,,1.0,0.0075778699824844125
active_power_discr,2.0,18.0,,,,,,2.0,0.013320281329628255
active_power_discr,2.0,18.0,,,,,,3.0,0.010761752663559002
active_power_discr,2.0,18.0,,,,,,4.0,0.0
active_power_discr,2.0,18.0,,,,,,5.0,0.0
active_power_discr,2.0,18.0,,,,,,6.0,0.0
active_power_discr,2.0,18.0,,,,,,7.0,0.0
active_power_discr,2.0,18.0,,,,,,8.0,0.0
active_power_discr,2.0,18.0,,,,,,9.0,0.0
active_power_discr,2.0,18.0,,,,,,10.0,0.0
active_power_discr,2.0,18.0,,,,,,11.0,0.0
active_power_discr,2.0,18.0,,,,,,12.0,0.0
active_power_discr,2.0,18.0,,,,,,13.0,0.0
active_power_discr,2.0,18.0,,,,,,14.0,0.0
active_power_discr,2.0,18.0,,,,,,15.0,0.0
active_power_discr,2.0,19.0,,,,,,1.0,0.0075778699824844125
active_power_discr,2.0,19.0,,,,,,2.0,0.013320281329628255
active_power_discr,2.0,19.0,,,,,,3.0,0.023414217334232015
active_power_discr,2.0,19.0,,,,,,4.0,0.015575154303725705
active_power_discr,2.0,19.0,,,,,,5.0,0.0
active_power_discr,2.0,19.0,,,,,,6.0,0.0
active_power_discr,2.0,19.0,,,,,,7.0,0.0
active_power_discr,2.0,19.0,,,,,,8.0,0.0
active_power_discr,2.0,19.0,,,,,,9.0,0.0
active_power_discr,2.0,19.0,,,,,,10.0,0.0
active_power_discr,2.0,19.0,,,,,,11.0,0.0
active_power_discr,2.0,19.0,,,,,,12.0,0.0
active_power_discr,2.0,19.0,,,,,,13.0,0.0
active_power_discr,2.0,19.0,,,,,,14.0,0.0
active_power_discr,2.0,19.0,,,,,,15.0,0.0
active_power_discr,3.0,0.0,,,,,,1.0,0.003811904963134563
active_power_discr,3.0,0.0,,,,,,2.0,0.003670164753636051
active_power_discr,3.0,0.0,,,,,,3.0,0.0
active_power_discr,3.0,0.0,,,,,,4.0,0.0
active_power_discr,3.0,0.0,,,,,,5.0,0.0
active_power_discr,3.0,0.0,,,,,,6.0,0.0
active_power_discr,3.0,0.0,,,,,,7.0,0.0
active_power_discr,3.0,0.0,,,,,,8.0,0.0
active_power_discr,3.0,0.0,,,,,,9.0,0.0
active_power_discr,3.0,0.0,,,,,,10.0,0.0
active_power_discr,3.0,0.0,,,,,,11.0,0.0
active_power_discr,3.0,0.0,,,,,,12.0,0.0
active_power_discr,3.0,0.0,,,,,,13.0,0.0
active_power_discr,3.0,0.0,,,,,,14.0,0.0
active_power_discr,3.0,0.0,,,,,,15.0,0.0
active_power_discr,3.0,2.0,,,,,,1.0,0.003811904963134563
active_power_discr,3.0,2.0,,,,,,2.0,0.005264966907931571
active_power_discr,3.0,2.0,,,,,,3.0,0.00015737651529547196
active_power_discr,3.0,2.0,,,,,,4.0,0.0
active_power_discr,3.0,2.0,,,,,,5.0,0.0
active_power_discr,3.0,2.0,,,,,,6.0,0.0
active_power_discr,3.0,2.0,,,,,,7.0,0.0
active_power_discr,3.0,2.0,,,,,,8.0,0.0
active_power_discr,3.0,2.0,,,,,,9.0,0.0
active_power_discr,3.0,2.0,,,,,,10.0,0.0
active_power_discr,3.0,2.0,,,,,,11.0,0.0
active_power_discr,3.0,2.0,,,,,,12.0,0.0
active_power_discr,3.0,2.0,,,,,,13.0,0.0
active_power_discr,3.0,2.0,,,,,,14.0,0.0
active_power_discr,3.0,2.0,,,,,,15.0,0.0
active_power_discr,3.0,6.0,,,,,,1.0,0.002493124525810827
active_power_discr,3.0,6.0,,,,,,2.0,0.0
active_power_discr,3.0,6.0,,,,,,3.0,0.0
active_power_discr,3.0,6.0,,,,,,4.0,0.0
active_power_discr,3.0,6.0,,,,,,5.0,0.0
active_power_discr,3.0,6.0,,,,,,6.0,0.0
active_power_discr,3.0,6.0,,,,,,7.0,0.0
active_power_discr,3.0,6.0,,,,,,8.0,0.0
active_power_discr,3.0,6.0,,,,,,9.0,0.0
active_power_discr,3.0,6.0,,,,,,10.0,0.0
active_power_discr,3.0,6.0,,,,,,11.0,0.0
active_power_discr,3.0,6.0,,,,,,12.0,0.0
active_power_discr,3.0,6.0,,,,,,13.0,0.0
active_power_discr,3.0,6.0,,,,,,14.0,0.0
active_power_discr,3.0,6.0,,,,,,15.0,0.0
active_power_discr,3.0,10.0,,,,,,1.0,0.003811904963134563
active_power_discr,3.0,10.0,,,,,,2.0,0.005264966907931571
active_power_discr,3.0,10.0,,,,,,3.0,0.007271922256639911
active_power_discr,3.0,10.0,,,,,,4.0,0.002114370081945951
active_power_discr,3.0,10.0,,,,,,5.0,0.0
active_power_discr,3.0,10.0,,,,,,6.0,0.0
active_power_discr,3.0,10.0,,,,,,7.0,0.0
active_power_discr,3.0,10.0,,,,,,8.0,0.0
active_power_discr,3.0,10.0,,,,,,9.0,0.0
active_power_discr,3.0,10.0,,,,,,10.0,0.0
active_power_discr,3.0,10.0,,,,,,11.0,0.0
active_power_discr,3.0,10.0,,,,,,12.0,0.0
active_power_discr,3.0,10.0,,,,,,13.0,0.0
active_power_discr,3.0,10.0,,,,,,14.0,0.0
active_power_discr,3.0,10.0,,,,,,15.0,0.0
active_power_discr,3.0,11.0,,,,,,1.0,0.0075778699824844125
active_power_discr,3.0,11.0,,,,,,2.0,0.013195665601472497
active_power_discr,3.0,11.0,,,,,,3.0,0.0
active_power_discr,3.0,11.0,,,,,,4.0,0.0
active_power_discr,3.0,11.0,,,,,,5.0,0.0
active_power_discr,3.0,11.0,,,,,,6.0,0.0
active_power_discr,3.0,11.0,,,,,,7.0,0.0
active_power_discr,3.0,11.0,,,,,,8.0,0.0
active_power_discr,3.0,11.0,,,,,,9.0,0.0
active_power_discr,3.0,11.0,,,,,,10.0,0.0
active_power_discr,3.0,11.0,,,,,,11.0,0.0
active_power_discr,3.0,11.0,,,,,,12.0,0.0
active_power_discr,3.0,11.0,,,,,,13.0,0.0
active_power_discr,3.0,11.0,,,,,,14.0,0.0
active_power_discr,3.0,11.0,,,,,,15.0,0.0
active_power_discr,3.0,12.0,,,,,,1.0,0.0075778699824844125
active_power_discr,3.0,12.0,,,,,,2.0,0.013320281329628255
active_power_discr,3.0,12.0,,,,,,3.0,0.018855224441385467
active_power_discr,3.0,12.0,,,,,,4.0,0.0
active_power_discr,3.0,12.0,,,,,,5.0,0.0
active_power_discr,3.0,12.0,,,,,,6.0,0.0
active_power_discr,3.0,12.0,,,,,,7.0,0.0
active_power_discr,3.0,12.0,,,,,,8.0,0.0
active_power_discr,3.0,12.0,,,,,,9.0,0.0
active_power_discr,3.0,12.0,,,,,,10.0,0.0
active_power_discr,3.0,12.0,,,,,,11.0,0.0
active_power_discr,3.0,12.0,,,,,,12.0,0.0
active_power_discr,3.0,12.0,,,,,,13.0,0.0
active_power_discr,3.0,12.0,,,,,,14.0,0.0
active_power_discr,3.0,12.0,,,,,,15.0,0.0
active_power_discr,3.0,13.0,,,,,,1.0,0.003811904963134563
active_power_discr,3.0,13.0,,,,,,2.0,0.005264966907931571
active_power_discr,3.0,13.0,,,,,,3.0,0.007271922256639911
active_power_discr,3.0,13.0,,,,,,4.0,0.010043909910801375
active_power_discr,3.0,13.0,,,,,,5.0,0.0019183820157305867
active_power_discr,3.0,13.0,,,,,,6.0,0.0
active_power_discr,3.0,13.0,,,,,,7.0,0.0
active_power_discr,3.0,13.0,,,,,,8.0,0.0
active_power_discr,3.0,13.0,,,,,,9.0,0.0
active_power_discr,3.0,13.0,,,,,,10.0,0.0
active_power_discr,3.0,13.0,,,,,,11.0,0.0
active_power_discr,3.0,13.0,,,,,,12.0,0.0
active_power_discr,3.0,13.0,,,,,,13.0,0.0
active_power_discr,3.0,13.0,,,,,,14.0,0.0
active_power_discr,3.0,13.0,,,,,,15.0,0.0
active_power_discr,3.0,14.0,,,,,,1.0,0.003811904963134563
active_power_discr,3.0,14.0,,,,,,2.0,0.005264966907931571
active_power_discr,3.0,14.0,,,,,,3.0,0.00159621649460202
active_power_discr,3.0,14.0,,,,,,4.0,0.0
active_power_discr,3.0,14.0,,,,,,5.0,0.0
active_power_discr,3.0,14.0,,,,,,6.0,0.0
active_power_discr,3.0,14.0,,,,,,7.0,0.0
active_power_discr,3.0,14.0,,,,,,8.0,0.0
active_power_discr,3.0,14.0,,,,,,9.0,0.0
active_power_discr,3.0,14.0,,,,,,10.0,0.0
active_power_discr,3.0,14.0,,,,,,11.0,0.0
active_power_discr,3.0,14.0,,,,,,12.0,0.0
active_power_discr,3.0,14.0,,,,,,13.0,0.0
active_power_discr,3.0,14.0,,,,,,14.0,0.0
active_power_discr,3.0,14.0,,,,,,15.0,0.0
active_power_discr,3.0,15.0,,,,,,1.0,0.003811904963134563
active_power_discr,3.0,15.0,,,,,,2.0,0.005264966907931571
active_power_discr,3.0,15.0,,,,,,3.0,0.007265276377382631
active_power_discr,3.0,15.0,,,,,,4.0,0.0
active_power_discr,3.0,15.0,,,,,,5.0,0.0
active_power_discr,3.0,15.0,,,,,,6.0,0.0
active_power_discr,3.0,15.0,,,,,,7.0,0.0
active_power_discr,3.0,15.0,,,,,,8.0,0.0
active_power_discr,3.0,15.0,,,,,,9.0,0.0
active_power_discr,3.0,15.0,,,,,,10.0,0.0
active_power_discr,3.0,15.0,,,,,,11.0,0.0
active_power_discr,3.0,15.0,,,,,,12.0,0.0
active_power_discr,3.0,15.0,,,,,,13.0,0.0
active_power_discr,3.0,15.0,,,,,,14.0,0.0
active_power_discr,3.0,15.0,,,,,,15.0,0.0
active_power_discr,3.0,17.0,,,,,,1.0,0.0075778699824844125
active_power_discr,3.0,17.0,,,,,,2.0,0.013320281329628255
active_power_discr,3.0,17.0,,,,,,3.0,0.023414217334232015
active_power_discr,3.0,17.0,,,,,,4.0,0.041157206804276286
active_power_discr,3.0,17.0,,,,,,5.0,0.055949936475132786
active_power_discr,3.0,17.0,,,,,,6.0,0.0
active_power_discr,3.0,17.0,,,,,,7.0,0.0
active_power_discr,3.0,17.0,,,,,,8.0,0.0
active_power_discr,3.0,17.0,,,,,,9.0,0.0
active_power_discr,3.0,17.0,,,,,,10.0,0.0
active_power_discr,3.0,17.0,,,,,,11.0,0.0
active_power_discr,3.0,17.0,,,,,,12.0,0.0
active_power_discr,3.0,17.0,,,,,,13.0,0.0
active_power_discr,3.0,17.0,,,,,,14.0,0.0
active_power_discr,3.0,17.0,,,,,,15.0,0.0
active_power_discr,3.0,18.0,,,,,,1.0,0.0075778699824844125
active_power_discr,3.0,18.0,,,,,,2.0,0.013320281329628255
active_power_discr,3.0,18.0,,,,,,3.0,0.009497139532298363
active_power_discr,3.0,18.0,,,,,,4.0,0.0
active_power_discr,3.0,18.0,,,,,,5.0,0.0
active_power_discr,3.0,18.0,,,,,,6.0,0.0
active_power_discr,3.0,18.0,,,,,,7.0,0.0
active_power_discr,3.0,18.0,,,,,,8.0,0.0
active_power_discr,3.0,18.0,,,,,,9.0,0.0
active_power_discr,3.0,18.0,,,,,,10.0,0.0
active_power_discr,3.0,18.0,,,,,,11.0,0.0
active_power_discr,3.0,18.0,,,,,,12.0,0.0
active_power_discr,3.0,18.0,,,,,,13.0,0.0
active_power_discr,3.0,18.0,,,,,,14.0,0.0
active_power_discr,3.0,18.0,,,,,,15.0,0.0
active_power_discr,3.0,19.0,,,,,,1.0,0.0075778699824844125
active_power_discr,3.0,19.0,,,,,,2.0,0.013320281329628255
active_power_discr,3.0,19.0,,,,,,3.0,0.023414217334232015
active_power_discr,3.0,19.0,,,,,,4.0,0.017694303752897093
active_power_discr,3.0,19.0,,,,,,5.0,0.0
active_power_discr,3.0,19.0,,,,,,6.0,0.0
active_power_discr,3.0,19.0,,,,,,7.0,0.0
active_power_discr,3.0,19.0,,,,,,8.0,0.0
active_power_discr,3.0,19.0,,,,,,9.0,0.0
active_power_discr,3.0,19.0,,,,,,10.0,0.0
active_power_discr,3.0,19.0,,,,,,11.0,0.0
active_power_discr,3.0,19.0,,,,,,12.0,0.0
active_power_discr,3.0,19.0,,,,,,13.0,0.0
active_power_discr,3.0,19.0,,,,,,14.0,0.0
active_power_discr,3.0,19.0,,,,,,15.0,0.0
active_power_discr,4.0,0.0,,,,,,1.0,0.003811904963134563
active_power_discr,4.0,0.0,,,,,,2.0,0.0036702477202411026
active_power_discr,4.0,0.0,,,,,,3.0,0.0
active_power_discr,4.0,0.0,,,,,,4.0,0.0
active_power_discr,4.0,0.0,,,,,,5.0,0.0
active_power_discr,4.0,0.0,,,,,,6.0,0.0
active_power_discr,4.0,0.0,,,,,,7.0,0.0
active_power_discr,4.0,0.0,,,,,,8.0,0.0
active_power_discr,4.0,0.0,,,,,,9.0,0.0
active_power_discr,4.0,0.0,,,,,,10.0,0.0
active_power_discr,4.0,0.0,,,,,,11.0,0.0
active_power_discr,4.0,0.0,,,,,,12.0,0.0
active_power_discr,4.0,0.0,,,,,,13.0,0.0
active_power_discr,4.0,0.0,,,,,,14.0,0.0
active_power_discr,4.0,0.0,,,,,,15.0,0.0
active_power_discr,4.0,2.0,,,,,,1.0,0.003811904963134563
active_power_discr,4.0,2.0,,,,,,2.0,0.005264966907931571
active_power_discr,4.0,2.0,,,,,,3.0,0.00015740136543626083
active_power_discr,4.0,2.0,,,,,,4.0,0.0
active_power_discr,4.0,2.0,,,,,,5.0,0.0
active_power_discr,4.0,2.0,,,,,,6.0,0.0
active_power_discr,4.0,2.0,,,,,,7.0,0.0
active_power_discr,4.0,2.0,,,,,,8.0,0.0
active_power_discr,4.0,2.0,,,,,,9.0,0.0
active_power_discr,4.0,2.0,,,,,,10.0,0.0
active_power_discr,4.0,2.0,,,,,,11.0,0.0
active_power_discr,4.0,2.0,,,,,,12.0,0.0
active_power_discr,4.0,2.0,,,,,,13.0,0.0
active_power_discr,4.0,2.0,,,,,,14.0,0.0
active_power_discr,4.0,2.0,,,,,,15.0,0.0
active_power_discr,4.0,6.0,,,,,,1.0,0.002493094511441268
active_power_discr,4.0,6.0,,,,,,2.0,0.0
active_power_discr,4.0,6.0,,,,,,3.0,0.0
active_power_discr,4.0,6.0,,,,,,4.0,0.0
active_power_discr,4.0,6.0,,,,,,5.0,0.0
active_power_discr,4.0,6.0,,,,,,6.0,0.0
active_power_discr,4.0,6.0,,,,,,7.0,0.0
active_power_discr,4.0,6.0,,,,,,8.0,0.0
active_power_discr,4.0,6.0,,,,,,9.0,0.0
active_power_discr,4.0,6.0,,,,,,10.0,0.0
active_power_discr,4.0,6.0,,,,,,11.0,0.0
active_power_discr,4.0,6.0,,,,,,12.0,0.0
active_power_discr,4.0,6.0,,,,,,13.0,0.0
active_power_discr,4.0,6.0,,,,,,14.0,0.0
active_power_discr,4.0,6.0,,,,,,15.0,0.0
active_power_discr,4.0,10.0,,,,,,1.0,0.003811904963134563
active_power_discr,4.0,10.0,,,,,,2.0,0.005264966907931571
active_power_discr,4.0,10.0,,,,,,3.0,0.007271922256639911
active_power_discr,4.0,10.0,,,,,,4.0,0.0021144798389720436
active_power_discr,4.0,10.0,,,,,,5.0,0.0
active_power_discr,4.0,10.0,,,,,,6.0,0.0
active_power_discr,4.0,10.0,,,,,,7.0,0.0
active_power_discr,4.0,10.0,,,,,,8.0,0.0
active_power_discr,4.0,10.0,,,,,,9.0,0.0
active_power_discr,4.0,10.0,,,,,,10.0,0.0
active_power_discr,4.0,10.0,,,,,,11.0,0.0
active_power_discr,4.0,10.0,,,,,,12.0,0.0
active_power_discr,4.0,10.0,,,,,,13.0,0.0
active_power_discr,4.0,10.0,,,,,,14.0,0.0
active_power_discr,4.0,10.0,,,,,,15.0,0.0
active_power_discr,4.0,11.0,,,,,,1.0,0.0075778699824844125
active_power_discr,4.0,11.0,,,,,,2.0,0.013195665601472497
active_power_discr,4.0,11.0,,,,,,3.0,0.0
active_power_discr,4.0,11.0,,,,,,4.0,0.0
active_power_discr,4.0,11.0,,,,,,5.0,0.0
active_power_discr,4.0,11.0,,,,,,6.0,0.0
active_power_discr,4.0,11.0,,,,,,7.0,0.0
active_power_discr,4.0,11.0,,,,,,8.0,0.0
active_power_discr,4.0,11.0,,,,,,9.0,0.0
active_power_discr,4.0,11.0,,,,,,10.0,0.0
active_power_discr,4.0,11.0,,,,,,11.0,0.0
active_power_discr,4.0,11.0,,,,,,12.0,0.0
active_power_discr,4.0,11.0,,,,,,13.0,0.0
active_power_discr,4.0,11.0,,,,,,14.0,0.0
active_power_discr,4.0,11.0,,,,,,15.0,0.0
active_power_discr,4.0,12.0,,,,,,1.0,0.0075778699824844125
active_power_discr,4.0,12.0,,,,,,2.0,0.013320281329628255
active_power_discr,4.0,12.0,,,,,,3.0,0.01885524172673453
active_power_discr,4.0,12.0,,,,,,4.0,0.0
active_power_discr,4.0,12.0,,,,,,5.0,0.0
active_power_discr,4.0,12.0,,,,,,6.0,0.0
active_power_discr,4.0,12.0,,,,,,7.0,0.0
active_power_discr,4.0,12.0,,,,,,8.0,0.0
active_power_discr,4.0,12.0,,,,,,9.0,0.0
active_power_discr,4.0,12.0,,,,,,10.0,0.0
active_power_discr,4.0,12.0,,,,,,11.0,0.0
active_power_discr,4.0,12.0,,,,,,12.0,0.0
active_power_discr,4.0,12.0,,,,,,13.0,0.0
active_power_discr,4.0,12.0,,,,,,14.0,0.0
active_power_discr,4.0,12.0,,,,,,15.0,0.0
active_power_discr,4.0,13.0,,,,,,1.0,0.003811904963134563
active_power_discr,4.0,13.0,,,,,,2.0,0.005264966907931571
active_power_discr,4.0,13.0,,,,,,3.0,0.007271922256639911
active_power_discr,4.0,13.0,,,,,,4.0,0.009581843209127031
active_power_discr,4.0,13.0,,,,,,5.0,0.0
active_power_discr,4.0,13.0,,,,,,6.0,0.0
active_power_discr,4.0,13.0,,,,,,7.0,0.0
active_power_discr,4.0,13.0,,,,,,8.0,0.0
active_power_discr,4.0,13.0,,,,,,9.0,0.0
active_power_discr,4.0,13.0,,,,,,10.0,0.0
active_power_discr,4.0,13.0,,,,,,11.0,0.0
active_power_discr,4.0,13.0,,,,,,12.0,0.0
active_power_discr,4.0,13.0,,,,,,13.0,0.0
active_power_discr,4.0,13.0,,,,,,14.0,0.0
active_power_discr,4.0,13.0,,,,,,15.0,0.0
active_power_discr,4.0,14.0,,,,,,1.0,0.003811904963134563
active_power_discr,4.0,14.0,,,,,,2.0,0.005264966907931571
active_power_discr,4.0,14.0,,,,,,3.0,0.0015963262516281128
active_power_discr,4.0,14.0,,,,,,4.0,0.0
active_power_discr,4.0,14.0,,,,,,5.0,0.0
active_power_discr,4.0,14.0,,,,,,6.0,0.0
active_power_discr,4.0,14.0,,,,,,7.0,0.0
active_power_discr,4.0,14.0,,,,,,8.0,0.0
active_power_discr,4.0,14.0,,,,,,9.0,0.0
active_power_discr,4.0,14.0,,,,,,10.0,0.0
active_power_discr,4.0,14.0,,,,,,11.0,0.0
active_power_discr,4.0,14.0,,,,,,12.0,0.0
active_power_discr,4.0,14.0,,,,,,13.0,0.0
active_power_discr,4.0,14.0,,,,,,14.0,0.0
active_power_discr,4.0,14.0,,,,,,15.0,0.0
active_power_discr,4.0,15.0,,,,,,1.0,0.003811904963134563
active_power_discr,4.0,15.0,,,,,,2.0,0.005264966907931571
active_power_discr,4.0,15.0,,,,,,3.0,0.007265246363013073
active_power_discr,4.0,15.0,,,,,,4.0,0.0
active_power_discr,4.0,15.0,,,,,,5.0,0.0
active_power_discr,4.0,15.0,,,,,,6.0,0.0
active_power_discr,4.0,15.0,,,,,,7.0,0.0
active_power_discr,4.0,15.0,,,,,,8.0,0.0
active_power_discr,4.0,15.0,,,,,,9.0,0.0
active_power_discr,4.0,15.0,,,,,,10.0,0.0
active_power_discr,4.0,15.0,,,,,,11.0,0.0
active_power_discr,4.0,15.0,,,,,,12.0,0.0
active_power_discr,4.0,15.0,,,,,,13.0,0.0
active_power_discr,4.0,15.0,,,,,,14.0,0.0
active_power_discr,4.0,15.0,,,,,,15.0,0.0
active_power_discr,4.0,17.0,,,,,,1.0,0.0075778699824844125
active_power_discr,4.0,17.0,,,,,,2.0,0.013320281329628255
active_power_discr,4.0,17.0,,,,,,3.0,0.023414217334232015
active_power_discr,4.0,17.0,,,,,,4.0,0.041157206804276286
active_power_discr,4.0,17.0,,,,,,5.0,0.052937394078123576
active_power_discr,4.0,17.0,,,,,,6.0,0.0
active_power_discr,4.0,17.0,,,,,,7.0,0.0
active_power_discr,4.0,17.0,,,,,,8.0,0.0
active_power_discr,4.0,17.0,,,,,,9.0,0.0
active_power_discr,4.0,17.0,,,,,,10.0,0.0
active_power_discr,4.0,17.0,,,,,,11.0,0.0
active_power_discr,4.0,17.0,,,,,,12.0,0.0
active_power_discr,4.0,17.0,,,,,,13.0,0.0
active_power_discr,4.0,17.0,,,,,,14.0,0.0
active_power_discr,4.0,17.0,,,,,,15.0,0.0
active_power_discr,4.0,18.0,,,,,,1.0,0.0075778699824844125
active_power_discr,4.0,18.0,,,,,,2.0,0.013320281329628255
active_power_discr,4.0,18.0,,,,,,3.0,0.008864832966668023
active_power_discr,4.0,18.0,,,,,,4.0,0.0
active_power_discr,4.0,18.0,,,,,,5.0,0.0
active_power_discr,4.0,18.0,,,,,,6.0,0.0
active_power_discr,4.0,18.0,,,,,,7.0,0.0
active_power_discr,4.0,18.0,,,,,,8.0,0.0
active_power_discr,4.0,18.0,,,,,,9.0,0.0
active_power_discr,4.0,18.0,,,,,,10.0,0.0
active_power_discr,4.0,18.0,,,,,,11.0,0.0
active_power_discr,4.0,18.0,,,,,,12.0,0.0
active_power_discr,4.0,18.0,,,,,,13.0,0.0
active_power_discr,4.0,18.0,,,,,,14.0,0.0
active_power_discr,4.0,18.0,,,,,,15.0,0.0
active_power_discr,4.0,19.0,,,,,,1.0,0.0075778699824844125
active_power_discr,4.0,19.0,,,,,,2.0,0.013320281329628255
active_power_discr,4.0,19.0,,,,,,3.0,0.023414217334232015
active_power_discr,4.0,19.0,,,,,,4.0,0.015314674265364987
active_power_discr,4.0,19.0,,,,,,5.0,0.0
active_power_discr,4.0,19.0,,,,,,6.0,0.0
active_power_discr,4.0,19.0,,,,,,7.0,0.0
active_power_discr,4.0,19.0,,,,,,8.0,0.0
active_power_discr,4.0,19.0,,,,,,9.0,0.0
active_power_discr,4.0,19.0,,,,,,10.0,0.0
active_power_discr,4.0,19.0,,,,,,11.0,0.0
active_power_discr,4.0,19.0,,,,,,12.0,0.0
active_power_discr,4.0,19.0,,,,,,13.0,0.0
active_power_discr,4.0,19.0,,,,,,14.0,0.0
active_power_discr,4.0,19.0,,,,,,15.0,0.0
active_power_discr,5.0,0.0,,,,,,1.0,0.003811904963134563
active_power_discr,5.0,0.0,,,,,,2.0,0.0036697837782092672
active_power_discr,5.0,0.0,,,,,,3.0,0.0
active_power_discr,5.0,0.0,,,,,,4.0,0.0
active_power_discr,5.0,0.0,,,,,,5.0,0.0
active_power_discr,5.0,0.0,,,,,,6.0,0.0
active_power_discr,5.0,0.0,,,,,,7.0,0.0
active_power_discr,5.0,0.0,,,,,,8.0,0.0
active_power_discr,5.0,0.0,,,,,,9.0,0.0
active_power_discr,5.0,0.0,,,,,,10.0,0.0
active_power_discr,5.0,0.0,,,,,,11.0,0.0
active_power_discr,5.0,0.0,,,,,,12.0,0.0
active_power_discr,5.0,0.0,,,,,,13.0,0.0
active_power_discr,5.0,0.0,,,,,,14.0,0.0
active_power_discr,5.0,0.0,,,,,,15.0,0.0
active_power_discr,5.0,2.0,,,,,,1.0,0.003811904963134563
active_power_discr,5.0,2.0,,,,,,2.0,0.005264966907931571
active_power_discr,5.0,2.0,,,,,,3.0,0.00015738410448255108
active_power_discr,5.0,2.0,,,,,,4.0,0.0
active_power_discr,5.0,2.0,,,,,,5.0,0.0
active_power_discr,5.0,2.0,,,,,,6.0,0.0
active_power_discr,5.0,2.0,,,,,,7.0,0.0
active_power_discr,5.0,2.0,,,,,,8.0,0.0
active_power_discr,5.0,2.0,,,,,,9.0,0.0
active_power_discr,5.0,2.0,,,,,,10.0,0.0
active_power_discr,5.0,2.0,,,,,,11.0,0.0
active_power_discr,5.0,2.0,,,,,,12.0,0.0
active_power_discr,5.0,2.0,,,,,,13.0,0.0
active_power_discr,5.0,2.0,,,,,,14.0,0.0
active_power_discr,5.0,2.0,,,,,,15.0,0.0
active_power_discr,5.0,6.0,,,,,,1.0,0.002493053650294592
active_power_discr,5.0,6.0,,,,,,2.0,0.0
active_power_discr,5.0,6.0,,,,,,3.0,0.0
active_power_discr,5.0,6.0,,,,,,4.0,0.0
active_power_discr,5.0,6.0,,,,,,5.0,0.0
active_power_discr,5.0,6.0,,,,,,6.0,0.0
active_power_discr,5.0,6.0,,,,,,7.0,0.0
active_power_discr,5.0,6.0,,,,,,8.0,0.0
active_power_discr,5.0,6.0,,,,,,9.0,0.0
active_power_discr,5.0,6.0,,,,,,10.0,0.0
active_power_discr,5.0,6.0,,,,,,11.0,0.0
active_power_discr,5.0,6.0,,,,,,12.0,0.0
active_power_discr,5.0,6.0,,,,,,13.0,0.0
active_power_discr,5.0,6.0,,,,,,14.0,0.0
active_power_discr,5.0,6.0,,,,,,15.0,0.0
active_power_discr,5.0,10.0,,,,,,1.0,0.003811904963134563
active_power_discr,5.0,10.0,,,,,,2.0,0.005264966907931571
active_power_discr,5.0,10.0,,,,,,3.0,0.007271922256639911
active_power_discr,5.0,10.0,,,,,,4.0,0.0021159513675100654
active_power_discr,5.0,10.0,,,,,,5.0,0.0
active_power_discr,5.0,10.0,,,,,,6.0,0.0
active_power_discr,5.0,10.0,,,,,,7.0,0.0
active_power_discr,5.0,10.0,,,,,,8.0,0.0
active_power_discr,5.0,10.0,,,,,,9.0,0.0
active_power_discr,5.0,10.0,,,,,,10.0,0.0
active_power_discr,5.0,10.0,,,,,,11.0,0.0
active_power_discr,5.0,10.0,,,,,,12.0,0.0
active_power_discr,5.0,10.0,,,,,,13.0,0.0
active_power_discr,5.0,10.0,,,,,,14.0,0.0
active_power_discr,5.0,10.0,,,,,,15.0,0.0
active_power_discr,5.0,11.0,,,,,,1.0,0.0075778699824844125
active_power_discr,5.0,11.0,,,,,,2.0,0.013195665601472497
active_power_discr,5.0,11.0,,,,,,3.0,0.0
active_power_discr,5.0,11.0,,,,,,4.0,0.0
active_power_discr,5.0,11.0,,,,,,5.0,0.0
active_power_discr,5.0,11.0,,,,,,6.0,0.0
active_power_discr,5.0,11.0,,,,,,7.0,0.0
active_power_discr,5.0,11.0,,,,,,8.0,0.0
active_power_discr,5.0,11.0,,,,,,9.0,0.0
active_power_discr,5.0,11.0,,,,,,10.0,0.0
active_power_discr,5.0,11.0,,,,,,11.0,0.0
active_power_discr,5.0,11.0,,,,,,12.0,0.0
active_power_discr,5.0,11.0,,,,,,13.0,0.0
active_power_discr,5.0,11.0,,,,,,14.0,0.0
active_power_discr,5.0,11.0,,,,,,15.0,0.0
active_power_discr,5.0,12.0,,,,,,1.0,0.0075778699824844125
active_power_discr,5.0,12.0,,,,,,2.0,0.013320281329628255
active_power_discr,5.0,12.0,,,,,,3.0,0.01885518181907763
active_power_discr,5.0,12.0,,,,,,4.0,0.0
active_power_discr,5.0,12.0,,,,,,5.0,0.0
active_power_discr,5.0,12.0,,,,,,6.0,0.0
active_power_discr,5.0,12.0,,,,,,7.0,0.0
active_power_discr,5.0,12.0,,,,,,8.0,0.0
active_power_discr,5.0,12.0,,,,,,9.0,0.0
active_power_discr,5.0,12.0,,,,,,10.0,0.0
active_power_discr,5.0,12.0,,,,,,11.0,0.0
active_power_discr,5.0,12.0,,,,,,12.0,0.0
active_power_discr,5.0,12.0,,,,,,13.0,0.0
active_power_discr,5.0,12.0,,,,,,14.0,0.0
active_power_discr,5.0,12.0,,,,,,15.0,0.0
active_power_discr,5.0,13.0,,,,,,1.0,0.003811904963134563
active_power_discr,5.0,13.0,,,,,,2.0,0.005264966907931571
active_power_discr,5.0,13.0,,,,,,3.0,0.007271922256639911
active_power_discr,5.0,13.0,,,,,,4.0,0.010043909910801375
active_power_discr,5.0,13.0,,,,,,5.0,0.006681207447653922
active_power_discr,5.0,13.0,,,,,,6.0,0.0
active_power_discr,5.0,13.0,,,,,,7.0,0.0
active_power_discr,5.0,13.0,,,,,,8.0,0.0
active_power_discr,5.0,13.0,,,,,,9.0,0.0
active_power_discr,5.0,13.0,,,,,,10.0,0.0
active_power_discr,5.0,13.0,,,,,,11.0,0.0
active_power_discr,5.0,13.0,,,,,,12.0,0.0
active_power_discr,5.0,13.0,,,,,,13.0,0.0
active_power_discr,5.0,13.0,,,,,,14.0,0.0
active_power_discr,5.0,13.0,,,,,,15.0,0.0
active_power_discr,5.0,14.0,,,,,,1.0,0.003811904963134563
active_power_discr,5.0,14.0,,,,,,2.0,0.005264966907931571
active_power_discr,5.0,14.0,,,,,,3.0,0.0015977977801661346
active_power_discr,5.0,14.0,,,,,,4.0,0.0
active_power_discr,5.0,14.0,,,,,,5.0,0.0
active_power_discr,5.0,14.0,,,,,,6.0,0.0
active_power_discr,5.0,14.0,,,,,,7.0,0.0
active_power_discr,5.0,14.0,,,,,,8.0,0.0
active_power_discr,5.0,14.0,,,,,,9.0,0.0
active_power_discr,5.0,14.0,,,,,,10.0,0.0
active_power_discr,5.0,14.0,,,,,,11.0,0.0
active_power_discr,5.0,14.0,,,,,,12.0,0.0
active_power_discr,5.0,14.0,,,,,,13.0,0.0
active_power_discr,5.0,14.0,,,,,,14.0,0.0
active_power_discr,5.0,14.0,,,,,,15.0,0.0
active_power_discr,5.0,15.0,,,,,,1.0,0.003811904963134563
active_power_discr,5.0,15.0,,,,,,2.0,0.005264966907931571
active_power_discr,5.0,15.0,,,,,,3.0,0.007265205501866397
active_power_discr,5.0,15.0,,,,,,4.0,0.0
active_power_discr,5.0,15.0,,,,,,5.0,0.0
active_power_discr,5.0,15.0,,,,,,6.0,0.0
active_power_discr,5.0,15.0,,,,,,7.0,0.0
active_power_discr,5.0,15.0,,,,,,8.0,0.0
active_power_discr,5.0,15.0,,,,,,9.0,0.0
active_power_discr,5.0,15.0,,,,,,10.0,0.0
active_power_discr,5.0,15.0,,,,,,11.0,0.0
active_power_discr,5.0,15.0,,,,,,12.0,0.0
active_power_discr,5.0,15.0,,,,,,13.0,0.0
active_power_discr,5.0,15.0,,,,,,14.0,0.0
active_power_discr,5.0,15.0,,,,,,15.0,0.0
active_power_discr,5.0,17.0,,,,,,1.0,0.0075778699824844125
active_power_discr,5.0,17.0,,,,,,2.0,0.013320281329628255
active_power_discr,5.0,17.0,,,,,,3.0,0.023414217334232015
active_power_discr,5.0,17.0,,,,,,4.0,0.041157206804276286
active_power_discr,5.0,17.0,,,,,,5.0,0.06060501743132156
active_power_discr,5.0,17.0,,,,,,6.0,0.0
active_power_discr,5.0,17.0,,,,,,7.0,0.0
active_power_discr,5.0,17.0,,,,,,8.0,0.0
active_power_discr,5.0,17.0,,,,,,9.0,0.0
active_power_discr,5.0,17.0,,,,,,10.0,0.0
active_power_discr,5.0,17.0,,,,,,11.0,0.0
active_power_discr,5.0,17.0,,,,,,12.0,0.0
active_power_discr,5.0,17.0,,,,,,13.0,0.0
active_power_discr,5.0,17.0,,,,,,14.0,0.0
active_power_discr,5.0,17.0,,,,,,15.0,0.0
active_power_discr,5.0,18.0,,,,,,1.0,0.0075778699824844125
active_power_discr,5.0,18.0,,,,,,2.0,0.013320281329628255
active_power_discr,5.0,18.0,,,,,,3.0,0.0093880867007495
active_power_discr,5.0,18.0,,,,,,4.0,0.0
active_power_discr,5.0,18.0,,,,,,5.0,0.0
active_power_discr,5.0,18.0,,,,,,6.0,0.0
active_power_discr,5.0,18.0,,,,,,7.0,0.0
active_power_discr,5.0,18.0,,,,,,8.0,0.0
active_power_discr,5.0,18.0,,,,,,9.0,0.0
active_power_discr,5.0,18.0,,,,,,10.0,0.0
active_power_discr,5.0,18.0,,,,,,11.0,0.0
active_power_discr,5.0,18.0,,,,,,12.0,0.0
active_power_discr,5.0,18.0,,,,,,13.0,0.0
active_power_discr,5.0,18.0,,,,,,14.0,0.0
active_power_discr,5.0,18.0,,,,,,15.0,0.0
active_power_discr,5.0,19.0,,,,,,1.0,0.0075778699824844125
active_power_discr,5.0,19.0,,,,,,2.0,0.013320281329628255
active_power_discr,5.0,19.0,,,,,,3.0,0.023414217334232015
active_power_discr,5.0,19.0,,,,,,4.0,0.022457496924190717
active_power_discr,5.0,19.0,,,,,,5.0,0.0
active_power_discr,5.0,19.0,,,,,,6.0,0.0
active_power_discr,5.0,19.0,,,,,,7.0,0.0
active_power_discr,5.0,19.0,,,,,,8.0,0.0
active_power_discr,5.0,19.0,,,,,,9.0,0.0
active_power_discr,5.0,19.0,,,,,,10.0,0.0
active_power_discr,5.0,19.0,,,,,,11.0,0.0
active_power_discr,5.0,19.0,,,,,,12.0,0.0
active_power_discr,5.0,19.0,,,,,,13.0,0.0
active_power_discr,5.0,19.0,,,,,,14.0,0.0
active_power_discr,5.0,19.0,,,,,,15.0,0.0
active_power_discr,6.0,0.0,,,,,,1.0,0.003811904963134563
active_power_discr,6.0,0.0,,,,,,2.0,0.0036696644514676744
active_power_discr,6.0,0.0,,,,,,3.0,0.0
active_power_discr,6.0,0.0,,,,,,4.0,0.0
active_power_discr,6.0,0.0,,,,,,5.0,0.0
active_power_discr,6.0,0.0,,,,,,6.0,0.0
active_power_discr,6.0,0.0,,,,,,7.0,0.0
active_power_discr,6.0,0.0,,,,,,8.0,0.0
active_power_discr,6.0,0.0,,,,,,9.0,0.0
active_power_discr,6.0,0.0,,,,,,10.0,0.0
active_power_discr,6.0,0.0,,,,,,11.0,0.0
active_power_discr,6.0,0.0,,,,,,12.0,0.0
active_power_discr,6.0,0.0,,,,,,13.0,0.0
active_power_discr,6.0,0.0,,,,,,14.0,0.0
active_power_discr,6.0,0.0,,,,,,15.0,0.0
active_power_discr,6.0,2.0,,,,,,1.0,0.003811904963134563
active_power_discr,6.0,2.0,,,,,,2.0,0.005264966907931571
active_power_discr,6.0,2.0,,,,,,3.0,0.00031122345361344825
active_power_discr,6.0,2.0,,,,,,4.0,0.0
active_power_discr,6.0,2.0,,,,,,5.0,0.0
active_power_discr,6.0,2.0,,,,,,6.0,0.0
active_power_discr,6.0,2.0,,,,,,7.0,0.0
active_power_discr,6.0,2.0,,,,,,8.0,0.0
active_power_discr,6.0,2.0,,,,,,9.0,0.0
active_power_discr,6.0,2.0,,,,,,10.0,0.0
active_power_discr,6.0,2.0,,,,,,11.0,0.0
active_power_discr,6.0,2.0,,,,,,12.0,0.0
active_power_discr,6.0,2.0,,,,,,13.0,0.0
active_power_discr,6.0,2.0,,,,,,14.0,0.0
active_power_discr,6.0,2.0,,,,,,15.0,0.0
active_power_discr,6.0,6.0,,,,,,1.0,0.002493022712569251
active_power_discr,6.0,6.0,,,,,,2.0,0.0
active_power_discr,6.0,6.0,,,,,,3.0,0.0
active_power_discr,6.0,6.0,,,,,,4.0,0.0
active_power_discr,6.0,6.0,,,,,,5.0,0.0
active_power_discr,6.0,6.0,,,,,,6.0,0.0
active_power_discr,6.0,6.0,,,,,,7.0,0.0
active_power_discr,6.0,6.0,,,,,,8.0,0.0
active_power_discr,6.0,6.0,,,,,,9.0,0.0
active_power_discr,6.0,6.0,,,,,,10.0,0.0
active_power_discr,6.0,6.0,,,,,,11.0,0.0
active_power_discr,6.0,6.0,,,,,,12.0,0.0
active_power_discr,6.0,6.0,,,,,,13.0,0.0
active_power_discr,6.0,6.0,,,,,,14.0,0.0
active_power_discr,6.0,6.0,,,,,,15.0,0.0
active_power_discr,6.0,10.0,,,,,,1.0,0.003811904963134563
active_power_discr,6.0,10.0,,,,,,2.0,0.005264966907931571
active_power_discr,6.0,10.0,,,,,,3.0,0.007271922256639911
active_power_discr,6.0,10.0,,,,,,4.0,0.0038202480659822735
active_power_discr,6.0,10.0,,,,,,5.0,0.0
active_power_discr,6.0,10.0,,,,,,6.0,0.0
active_power_discr,6.0,10.0,,,,,,7.0,0.0
active_power_discr,6.0,10.0,,,,,,8.0,0.0
active_power_discr,6.0,10.0,,,,,,9.0,0.0
active_power_discr,6.0,10.0,,,,,,10.0,0.0
active_power_discr,6.0,10.0,,,,,,11.0,0.0
active_power_discr,6.0,10.0,,,,,,12.0,0.0
active_power_discr,6.0,10.0,,,,,,13.0,0.0
active_power_discr,6.0,10.0,,,,,,14.0,0.0
active_power_discr,6.0,10.0,,,,,,15.0,0.0
active_power_discr,6.0,11.0,,,,,,1.0,0.0075778699824844125
active_power_discr,6.0,11.0,,,,,,2.0,0.013320281329628255
active_power_discr,6.0,11.0,,,,,,3.0,0.00022136774889503462
active_power_discr,6.0,11.0,,,,,,4.0,0.0
active_power_discr,6.0,11.0,,,,,,5.0,0.0
active_power_discr,6.0,11.0,,,,,,6.0,0.0
active_power_discr,6.0,11.0,,,,,,7.0,0.0
active_power_discr,6.0,11.0,,,,,,8.0,0.0
active_power_discr,6.0,11.0,,,,,,9.0,0.0
active_power_discr,6.0,11.0,,,,,,10.0,0.0
active_power_discr,6.0,11.0,,,,,,11.0,0.0
active_power_discr,6.0,11.0,,,,,,12.0,0.0
active_power_discr,6.0,11.0,,,,,,13.0,0.0
active_power_discr,6.0,11.0,,,,,,14.0,0.0
active_power_discr,6.0,11.0,,,,,,15.0,0.0
active_power_discr,6.0,12.0,,,,,,1.0,0.0075778699824844125
active_power_discr,6.0,12.0,,,,,,2.0,0.013320281329628255
active_power_discr,6.0,12.0,,,,,,3.0,0.019201177898762876
active_power_discr,6.0,12.0,,,,,,4.0,0.0
active_power_discr,6.0,12.0,,,,,,5.0,0.0
active_power_discr,6.0,12.0,,,,,,6.0,0.0
active_power_discr,6.0,12.0,,,,,,7.0,0.0
active_power_discr,6.0,12.0,,,,,,8.0,0.0
active_power_discr,6.0,12.0,,,,,,9.0,0.0
active_power_discr,6.0,12.0,,,,,,10.0,0.0
active_power_discr,6.0,12.0,,,,,,11.0,0.0
active_power_discr,6.0,12.0,,,,,,12.0,0.0
active_power_discr,6.0,12.0,,,,,,13.0,0.0
active_power_discr,6.0,12.0,,,,,,14.0,0.0
active_power_discr,6.0,12.0,,,,,,15.0,0.0
active_power_discr,6.0,13.0,,,,,,1.0,0.003811904963134563
active_power_discr,6.0,13.0,,,,,,2.0,0.005264966907931571
active_power_discr,6.0,13.0,,,,,,3.0,0.007271922256639911
active_power_discr,6.0,13.0,,,,,,4.0,0.010043909910801375
active_power_discr,6.0,13.0,,,,,,5.0,0.01387255291462737
active_power_discr,6.0,13.0,,,,,,6.0,0.01250885016388284
active_power_discr,6.0,13.0,,,,,,7.0,0.0
active_power_discr,6.0,13.0,,,,,,8.0,0.0
active_power_discr,6.0,13.0,,,,,,9.0,0.0
active_power_discr,6.0,13.0,,,,,,10.0,0.0
active_power_discr,6.0,13.0,,,,,,11.0,0.0
active_power_discr,6.0,13.0,,,,,,12.0,0.0
active_power_discr,6.0,13.0,,,,,,13.0,0.0
active_power_discr,6.0,13.0,,,,,,14.0,0.0
active_power_discr,6.0,13.0,,,,,,15.0,0.0
active_power_discr,6.0,14.0,,,,,,1.0,0.003811904963134563
active_power_discr,6.0,14.0,,,,,,2.0,0.005264966907931571
active_power_discr,6.0,14.0,,,,,,3.0,0.0031723506747442995
active_power_discr,6.0,14.0,,,,,,4.0,0.0
active_power_discr,6.0,14.0,,,,,,5.0,0.0
active_power_discr,6.0,14.0,,,,,,6.0,0.0
active_power_discr,6.0,14.0,,,,,,7.0,0.0
active_power_discr,6.0,14.0,,,,,,8.0,0.0
active_power_discr,6.0,14.0,,,,,,9.0,0.0
active_power_discr,6.0,14.0,,,,,,10.0,0.0
active_power_discr,6.0,14.0,,,,,,11.0,0.0
active_power_discr,6.0,14.0,,,,,,12.0,0.0
active_power_discr,6.0,14.0,,,,,,13.0,0.0
active_power_discr,6.0,14.0,,,,,,14.0,0.0
active_power_discr,6.0,14.0,,,,,,15.0,0.0
active_power_discr,6.0,15.0,,,,,,1.0,0.003811904963134563
active_power_discr,6.0,15.0,,,,,,2.0,0.005264966907931571
active_power_discr,6.0,15.0,,,,,,3.0,0.007271922256639911
active_power_discr,6.0,15.0,,,,,,4.0,0.00022390795886833258
active_power_discr,6.0,15.0,,,,,,5.0,0.0
active_power_discr,6.0,15.0,,,,,,6.0,0.0
active_power_discr,6.0,15.0,,,,,,7.0,0.0
active_power_discr,6.0,15.0,,,,,,8.0,0.0
active_power_discr,6.0,15.0,,,,,,9.0,0.0
active_power_discr,6.0,15.0,,,,,,10.0,0.0
active_power_discr,6.0,15.0,,,,,,11.0,0.0
active_power_discr,6.0,15.0,,,,,,12.0,0.0
active_power_discr,6.0,15.0,,,,,,13.0,0.0
active_power_discr,6.0,15.0,,,,,,14.0,0.0
active_power_discr,6.0,15.0,,,,,,15.0,0.0
active_power_discr,6.0,17.0,,,,,,1.0,0.0075778699824844125
active_power_discr,6.0,17.0,,,,,,2.0,0.013320281329628255
active_power_discr,6.0,17.0,,,,,,3.0,0.023414217334232015
active_power_discr,6.0,17.0,,,,,,4.0,0.041157206804276286
active_power_discr,6.0,17.0,,,,,,5.0,0.07234560300477912
active_power_discr,6.0,17.0,,,,,,6.0,0.014221946938092839
active_power_discr,6.0,17.0,,,,,,7.0,0.0
active_power_discr,6.0,17.0,,,,,,8.0,0.0
active_power_discr,6.0,17.0,,,,,,9.0,0.0
active_power_discr,6.0,17.0,,,,,,10.0,0.0
active_power_discr,6.0,17.0,,,,,,11.0,0.0
active_power_discr,6.0,17.0,,,,,,12.0,0.0
active_power_discr,6.0,17.0,,,,,,13.0,0.0
active_power_discr,6.0,17.0,,,,,,14.0,0.0
active_power_discr,6.0,17.0,,,,,,15.0,0.0
active_power_discr,6.0,18.0,,,,,,1.0,0.0075778699824844125
active_power_discr,6.0,18.0,,,,,,2.0,0.013320281329628255
active_power_discr,6.0,18.0,,,,,,3.0,0.014618762278691685
active_power_discr,6.0,18.0,,,,,,4.0,0.0
active_power_discr,6.0,18.0,,,,,,5.0,0.0
active_power_discr,6.0,18.0,,,,,,6.0,0.0
active_power_discr,6.0,18.0,,,,,,7.0,0.0
active_power_discr,6.0,18.0,,,,,,8.0,0.0
active_power_discr,6.0,18.0,,,,,,9.0,0.0
active_power_discr,6.0,18.0,,,,,,10.0,0.0
active_power_discr,6.0,18.0,,,,,,11.0,0.0
active_power_discr,6.0,18.0,,,,,,12.0,0.0
active_power_discr,6.0,18.0,,,,,,13.0,0.0
active_power_discr,6.0,18.0,,,,,,14.0,0.0
active_power_discr,6.0,18.0,,,,,,15.0,0.0
active_power_discr,6.0,19.0,,,,,,1.0,0.0075778699824844125
active_power_discr,6.0,19.0,,,,,,2.0,0.013320281329628255
active_power_discr,6.0,19.0,,,,,,3.0,0.023414217334232015
active_power_discr,6.0,19.0,,,,,,4.0,0.041157206804276286
active_power_discr,6.0,19.0,,,,,,5.0,0.0015214190753935902
active_power_discr,6.0,19.0,,,,,,6.0,0.0
active_power_discr,6.0,19.0,,,,,,7.0,0.0
active_power_discr,6.0,19.0,,,,,,8.0,0.0
active_power_discr,6.0,19.0,,,,,,9.0,0.0
active_power_discr,6.0,19.0,,,,,,10.0,0.0
active_power_discr,6.0,19.0,,,,,,11.0,0.0
active_power_discr,6.0,19.0,,,,,,12.0,0.0
active_power_discr,6.0,19.0,,,,,,13.0,0.0
active_power_discr,6.0,19.0,,,,,,14.0,0.0
active_power_discr,6.0,19.0,,,,,,15.0,0.0
active_power_discr,7.0,0.0,,,,,,1.0,0.003811904963134563
active_power_discr,7.0,0.0,,,,,,2.0,0.0036693484644077052
active_power_discr,7.0,0.0,,,,,,3.0,0.0
active_power_discr,7.0,0.0,,,,,,4.0,0.0
active_power_discr,7.0,0.0,,,,,,5.0,0.0
active_power_discr,7.0,0.0,,,,,,6.0,0.0
active_power_discr,7.0,0.0,,,,,,7.0,0.0
active_power_discr,7.0,0.0,,,,,,8.0,0.0
active_power_discr,7.0,0.0,,,,,,9.0,0.0
active_power_discr,7.0,0.0,,,,,,10.0,0.0
active_power_discr,7.0,0.0,,,,,,11.0,0.0
active_power_discr,7.0,0.0,,,,,,12.0,0.0
active_power_discr,7.0,0.0,,,,,,13.0,0.0
active_power_discr,7.0,0.0,,,,,,14.0,0.0
active_power_discr,7.0,0.0,,,,,,15.0,0.0
active_power_discr,7.0,2.0,,,,,,1.0,0.003811904963134563
active_power_discr,7.0,2.0,,,,,,2.0,0.005264966907931571
active_power_discr,7.0,2.0,,,,,,3.0,0.0025932409517964473
active_power_discr,7.0,2.0,,,,,,4.0,0.0
active_power_discr,7.0,2.0,,,,,,5.0,0.0
active_power_discr,7.0,2.0,,,,,,6.0,0.0
active_power_discr,7.0,2.0,,,,,,7.0,0.0
active_power_discr,7.0,2.0,,,,,,8.0,0.0
active_power_discr,7.0,2.0,,,,,,9.0,0.0
active_power_discr,7.0,2.0,,,,,,10.0,0.0
active_power_discr,7.0,2.0,,,,,,11.0,0.0
active_power_discr,7.0,2.0,,,,,,12.0,0.0
active_power_discr,7.0,2.0,,,,,,13.0,0.0
active_power_discr,7.0,2.0,,,,,,14.0,0.0
active_power_discr,7.0,2.0,,,,,,15.0,0.0
active_power_discr,7.0,6.0,,,,,,1.0,0.002492822227618416
active_power_discr,7.0,6.0,,,,,,2.0,0.0
active_power_discr,7.0,6.0,,,,,,3.0,0.0
active_power_discr,7.0,6.0,,,,,,4.0,0.0
active_power_discr,7.0,6.0,,,,,,5.0,0.0
active_power_discr,7.0,6.0,,,,,,6.0,0.0
active_power_discr,7.0,6.0,,,,,,7.0,0.0
active_power_discr,7.0,6.0,,,,,,8.0,0.0
active_power_discr,7.0,6.0,,,,,,9.0,0.0
active_power_discr,7.0,6.0,,,,,,10.0,0.0
active_power_discr,7.0,6.0,,,,,,11.0,0.0
active_power_discr,7.0,6.0,,,,,,12.0,0.0
active_power_discr,7.0,6.0,,,,,,13.0,0.0
active_power_discr,7.0,6.0,,,,,,14.0,0.0
active_power_discr,7.0,6.0,,,,,,15.0,0.0
active_power_discr,7.0,10.0,,,,,,1.0,0.003811904963134563
active_power_discr,7.0,10.0,,,,,,2.0,0.005264966907931571
active_power_discr,7.0,10.0,,,,,,3.0,0.007271922256639911
active_power_discr,7.0,10.0,,,,,,4.0,0.010043909910801375
active_power_discr,7.0,10.0,,,,,,5.0,0.0021205439924857246
active_power_discr,7.0,10.0,,,,,,6.0,0.0
active_power_discr,7.0,10.0,,,,,,7.0,0.0
active_power_discr,7.0,10.0,,,,,,8.0,0.0
active_power_discr,7.0,10.0,,,,,,9.0,0.0
active_power_discr,7.0,10.0,,,,,,10.0,0.0
active_power_discr,7.0,10.0,,,,,,11.0,0.0
active_power_discr,7.0,10.0,,,,,,12.0,0.0
active_power_discr,7.0,10.0,,,,,,13.0,0.0
active_power_discr,7.0,10.0,,,,,,14.0,0.0
active_power_discr,7.0,10.0,,,,,,15.0,0.0
active_power_discr,7.0,11.0,,,,,,1.0,0.0075778699824844125
active_power_discr,7.0,11.0,,,,,,2.0,0.013320281329628255
active_power_discr,7.0,11.0,,,,,,3.0,0.005354169703043778
active_power_discr,7.0,11.0,,,,,,4.0,0.0
active_power_discr,7.0,11.0,,,,,,5.0,0.0
active_power_discr,7.0,11.0,,,,,,6.0,0.0
active_power_discr,7.0,11.0,,,,,,7.0,0.0
active_power_discr,7.0,11.0,,,,,,8.0,0.0
active_power_discr,7.0,11.0,,,,,,9.0,0.0
active_power_discr,7.0,11.0,,,,,,10.0,0.0
active_power_discr,7.0,11.0,,,,,,11.0,0.0
active_power_discr,7.0,11.0,,,,,,12.0,0.0
active_power_discr,7.0,11.0,,,,,,13.0,0.0
active_power_discr,7.0,11.0,,,,,,14.0,0.0
active_power_discr,7.0,11.0,,,,,,15.0,0.0
active_power_discr,7.0,12.0,,,,,,1.0,0.0075778699824844125
active_power_discr,7.0,12.0,,,,,,2.0,0.013320281329628255
active_power_discr,7.0,12.0,,,,,,3.0,0.023414217334232015
active_power_discr,7.0,12.0,,,,,,4.0,0.0009200740018523654
active_power_discr,7.0,12.0,,,,,,5.0,0.0
active_power_discr,7.0,12.0,,,,,,6.0,0.0
active_power_discr,7.0,12.0,,,,,,7.0,0.0
active_power_discr,7.0,12.0,,,,,,8.0,0.0
active_power_discr,7.0,12.0,,,,,,9.0,0.0
active_power_discr,7.0,12.0,,,,,,10.0,0.0
active_power_discr,7.0,12.0,,,,,,11.0,0.0
active_power_discr,7.0,12.0,,,,,,12.0,0.0
active_power_discr,7.0,12.0,,,,,,13.0,0.0
active_power_discr,7.0,12.0,,,,,,14.0,0.0
active_power_discr,7.0,12.0,,,,,,15.0,0.0
active_power_discr,7.0,13.0,,,,,,1.0,0.003811904963134563
active_power_discr,7.0,13.0,,,,,,2.0,0.005264966907931571
active_power_discr,7.0,13.0,,,,,,3.0,0.007271922256639911
active_power_discr,7.0,13.0,,,,,,4.0,0.010043909910801375
active_power_discr,7.0,13.0,,,,,,5.0,0.01387255291462737
active_power_discr,7.0,13.0,,,,,,6.0,0.019160638245288873
active_power_discr,7.0,13.0,,,,,,7.0,0.006267526856388296
active_power_discr,7.0,13.0,,,,,,8.0,0.0
active_power_discr,7.0,13.0,,,,,,9.0,0.0
active_power_discr,7.0,13.0,,,,,,10.0,0.0
active_power_discr,7.0,13.0,,,,,,11.0,0.0
active_power_discr,7.0,13.0,,,,,,12.0,0.0
active_power_discr,7.0,13.0,,,,,,13.0,0.0
active_power_discr,7.0,13.0,,,,,,14.0,0.0
active_power_discr,7.0,13.0,,,,,,15.0,0.0
active_power_discr,7.0,14.0,,,,,,1.0,0.003811904963134563
active_power_discr,7.0,14.0,,,,,,2.0,0.005264966907931571
active_power_discr,7.0,14.0,,,,,,3.0,0.007271922256639911
active_power_discr,7.0,14.0,,,,,,4.0,0.0023198335226034296
active_power_discr,7.0,14.0,,,,,,5.0,0.0
active_power_discr,7.0,14.0,,,,,,6.0,0.0
active_power_discr,7.0,14.0,,,,,,7.0,0.0
active_power_discr,7.0,14.0,,,,,,8.0,0.0
active_power_discr,7.0,14.0,,,,,,9.0,0.0
active_power_discr,7.0,14.0,,,,,,10.0,0.0
active_power_discr,7.0,14.0,,,,,,11.0,0.0
active_power_discr,7.0,14.0,,,,,,12.0,0.0
active_power_discr,7.0,14.0,,,,,,13.0,0.0
active_power_discr,7.0,14.0,,,,,,14.0,0.0
active_power_discr,7.0,14.0,,,,,,15.0,0.0
active_power_discr,7.0,15.0,,,,,,1.0,0.003811904963134563
active_power_discr,7.0,15.0,,,,,,2.0,0.005264966907931571
active_power_discr,7.0,15.0,,,,,,3.0,0.007271922256639911
active_power_discr,7.0,15.0,,,,,,4.0,0.0036455754433500093
active_power_discr,7.0,15.0,,,,,,5.0,0.0
active_power_discr,7.0,15.0,,,,,,6.0,0.0
active_power_discr,7.0,15.0,,,,,,7.0,0.0
active_power_discr,7.0,15.0,,,,,,8.0,0.0
active_power_discr,7.0,15.0,,,,,,9.0,0.0
active_power_discr,7.0,15.0,,,,,,10.0,0.0
active_power_discr,7.0,15.0,,,,,,11.0,0.0
active_power_discr,7.0,15.0,,,,,,12.0,0.0
active_power_discr,7.0,15.0,,,,,,13.0,0.0
active_power_discr,7.0,15.0,,,,,,14.0,0.0
active_power_discr,7.0,15.0,,,,,,15.0,0.0
active_power_discr,7.0,17.0,,,,,,1.0,0.0075778699824844125
active_power_discr,7.0,17.0,,,,,,2.0,0.013320281329628255
active_power_discr,7.0,17.0,,,,,,3.0,0.023414217334232015
active_power_discr,7.0,17.0,,,,,,4.0,0.041157206804276286
active_power_discr,7.0,17.0,,,,,,5.0,0.07234560300477912
active_power_discr,7.0,17.0,,,,,,6.0,0.052278893136330024
active_power_discr,7.0,17.0,,,,,,7.0,0.0
active_power_discr,7.0,17.0,,,,,,8.0,0.0
active_power_discr,7.0,17.0,,,,,,9.0,0.0
active_power_discr,7.0,17.0,,,,,,10.0,0.0
active_power_discr,7.0,17.0,,,,,,11.0,0.0
active_power_discr,7.0,17.0,,,,,,12.0,0.0
active_power_discr,7.0,17.0,,,,,,13.0,0.0
active_power_discr,7.0,17.0,,,,,,14.0,0.0
active_power_discr,7.0,17.0,,,,,,15.0,0.0
active_power_discr,7.0,18.0,,,,,,1.0,0.0075778699824844125
active_power_discr,7.0,18.0,,,,,,2.0,0.013320281329628255
active_power_discr,7.0,18.0,,,,,,3.0,0.023414217334232015
active_power_discr,7.0,18.0,,,,,,4.0,0.0011862329885205941
active_power_discr,7.0,18.0,,,,,,5.0,0.0
active_power_discr,7.0,18.0,,,,,,6.0,0.0
active_power_discr,7.0,18.0,,,,,,7.0,0.0
active_power_discr,7.0,18.0,,,,,,8.0,0.0
active_power_discr,7.0,18.0,,,,,,9.0,0.0
active_power_discr,7.0,18.0,,,,,,10.0,0.0
active_power_discr,7.0,18.0,,,,,,11.0,0.0
active_power_discr,7.0,18.0,,,,,,12.0,0.0
active_power_discr,7.0,18.0,,,,,,13.0,0.0
active_power_discr,7.0,18.0,,,,,,14.0,0.0
active_power_discr,7.0,18.0,,,,,,15.0,0.0
active_power_discr,7.0,19.0,,,,,,1.0,0.0075778699824844125
active_power_discr,7.0,19.0,,,,,,2.0,0.013320281329628255
active_power_discr,7.0,19.0,,,,,,3.0,0.023414217334232015
active_power_discr,7.0,19.0,,,,,,4.0,0.041157206804276286
active_power_discr,7.0,19.0,,,,,,5.0,0.022161024158009093
active_power_discr,7.0,19.0,,,,,,6.0,0.0
active_power_discr,7.0,19.0,,,,,,7.0,0.0
active_power_discr,7.0,19.0,,,,,,8.0,0.0
active_power_discr,7.0,19.0,,,,,,9.0,0.0
active_power_discr,7.0,19.0,,,,,,10.0,0.0
active_power_discr,7.0,19.0,,,,,,11.0,0.0
active_power_discr,7.0,19.0,,,,,,12.0,0.0
active_power_discr,7.0,19.0,,,,,,13.0,0.0
active_power_discr,7.0,19.0,,,,,,14.0,0.0
active_power_discr,7.0,19.0,,,,,,15.0,0.0
active_power_discr,8.0,0.0,,,,,,1.0,0.003811904963134563
active_power_discr,8.0,0.0,,,,,,2.0,0.003687185019222391
active_power_discr,8.0,0.0,,,,,,3.0,0.0
active_power_discr,8.0,0.0,,,,,,4.0,0.0
active_power_discr,8.0,0.0,,,,,,5.0,0.0
active_power_discr,8.0,0.0,,,,,,6.0,0.0
active_power_discr,8.0,0.0,,,,,,7.0,0.0
active_power_discr,8.0,0.0,,,,,,8.0,0.0
active_power_discr,8.0,0.0,,,,,,9.0,0.0
active_power_discr,8.0,0.0,,,,,,10.0,0.0
active_power_discr,8.0,0.0,,,,,,11.0,0.0
active_power_discr,8.0,0.0,,,,,,12.0,0.0
active_power_discr,8.0,0.0,,,,,,13.0,0.0
active_power_discr,8.0,0.0,,,,,,14.0,0.0
active_power_discr,8.0,0.0,,,,,,15.0,0.0
active_power_discr,8.0,2.0,,,,,,1.0,0.003811904963134563
active_power_discr,8.0,2.0,,,,,,2.0,0.005264966907931571
active_power_discr,8.0,2.0,,,,,,3.0,0.006141695408302287
active_power_discr,8.0,2.0,,,,,,4.0,0.0
active_power_discr,8.0,2.0,,,,,,5.0,0.0
active_power_discr,8.0,2.0,,,,,,6.0,0.0
active_power_discr,8.0,2.0,,,,,,7.0,0.0
active_power_discr,8.0,2.0,,,,,,8.0,0.0
active_power_discr,8.0,2.0,,,,,,9.0,0.0
active_power_discr,8.0,2.0,,,,,,10.0,0.0
active_power_discr,8.0,2.0,,,,,,11.0,0.0
active_power_discr,8.0,2.0,,,,,,12.0,0.0
active_power_discr,8.0,2.0,,,,,,13.0,0.0
active_power_discr,8.0,2.0,,,,,,14.0,0.0
active_power_discr,8.0,2.0,,,,,,15.0,0.0
active_power_discr,8.0,6.0,,,,,,1.0,0.003811904963134563
active_power_discr,8.0,6.0,,,,,,2.0,0.0027225743153352867
active_power_discr,8.0,6.0,,,,,,3.0,0.0
active_power_discr,8.0,6.0,,,,,,4.0,0.0
active_power_discr,8.0,6.0,,,,,,5.0,0.0
active_power_discr,8.0,6.0,,,,,,6.0,0.0
active_power_discr,8.0,6.0,,,,,,7.0,0.0
active_power_discr,8.0,6.0,,,,,,8.0,0.0
active_power_discr,8.0,6.0,,,,,,9.0,0.0
active_power_discr,8.0,6.0,,,,,,10.0,0.0
active_power_discr,8.0,6.0,,,,,,11.0,0.0
active_power_discr,8.0,6.0,,,,,,12.0,0.0
active_power_discr,8.0,6.0,,,,,,13.0,0.0
active_power_discr,8.0,6.0,,,,,,14.0,0.0
active_power_discr,8.0,6.0,,,,,,15.0,0.0
active_power_discr,8.0,10.0,,,,,,1.0,0.003811904963134563
active_power_discr,8.0,10.0,,,,,,2.0,0.005264966907931571
active_power_discr,8.0,10.0,,,,,,3.0,0.007271922256639911
active_power_discr,8.0,10.0,,,,,,4.0,0.010043909910801375
active_power_discr,8.0,10.0,,,,,,5.0,0.00843653134660699
active_power_discr,8.0,10.0,,,,,,6.0,0.0
active_power_discr,8.0,10.0,,,,,,7.0,0.0
active_power_discr,8.0,10.0,,,,,,8.0,0.0
active_power_discr,8.0,10.0,,,,,,9.0,0.0
active_power_discr,8.0,10.0,,,,,,10.0,0.0
active_power_discr,8.0,10.0,,,,,,11.0,0.0
active_power_discr,8.0,10.0,,,,,,12.0,0.0
active_power_discr,8.0,10.0,,,,,,13.0,0.0
active_power_discr,8.0,10.0,,,,,,14.0,0.0
active_power_discr,8.0,10.0,,,,,,15.0,0.0
active_power_discr,8.0,11.0,,,,,,1.0,0.0075778699824844125
active_power_discr,8.0,11.0,,,,,,2.0,0.013320281329628255
active_power_discr,8.0,11.0,,,,,,3.0,0.013335272558483182
active_power_discr,8.0,11.0,,,,,,4.0,0.0
active_power_discr,8.0,11.0,,,,,,5.0,0.0
active_power_discr,8.0,11.0,,,,,,6.0,0.0
active_power_discr,8.0,11.0,,,,,,7.0,0.0
active_power_discr,8.0,11.0,,,,,,8.0,0.0
active_power_discr,8.0,11.0,,,,,,9.0,0.0
active_power_discr,8.0,11.0,,,,,,10.0,0.0
active_power_discr,8.0,11.0,,,,,,11.0,0.0
active_power_discr,8.0,11.0,,,,,,12.0,0.0
active_power_discr,8.0,11.0,,,,,,13.0,0.0
active_power_discr,8.0,11.0,,,,,,14.0,0.0
active_power_discr,8.0,11.0,,,,,,15.0,0.0
active_power_discr,8.0,12.0,,,,,,1.0,0.0075778699824844125
active_power_discr,8.0,12.0,,,,,,2.0,0.013320281329628255
active_power_discr,8.0,12.0,,,,,,3.0,0.023414217334232015
active_power_discr,8.0,12.0,,,,,,4.0,0.008951975755382424
active_power_discr,8.0,12.0,,,,,,5.0,0.0
active_power_discr,8.0,12.0,,,,,,6.0,0.0
active_power_discr,8.0,12.0,,,,,,7.0,0.0
active_power_discr,8.0,12.0,,,,,,8.0,0.0
active_power_discr,8.0,12.0,,,,,,9.0,0.0
active_power_discr,8.0,12.0,,,,,,10.0,0.0
active_power_discr,8.0,12.0,,,,,,11.0,0.0
active_power_discr,8.0,12.0,,,,,,12.0,0.0
active_power_discr,8.0,12.0,,,,,,13.0,0.0
active_power_discr,8.0,12.0,,,,,,14.0,0.0
active_power_discr,8.0,12.0,,,,,,15.0,0.0
active_power_discr,8.0,13.0,,,,,,1.0,0.003811904963134563
active_power_discr,8.0,13.0,,,,,,2.0,0.005264966907931571
active_power_discr,8.0,13.0,,,,,,3.0,0.007271922256639911
active_power_discr,8.0,13.0,,,,,,4.0,0.010043909910801375
active_power_discr,8.0,13.0,,,,,,5.0,0.01387255291462737
active_power_discr,8.0,13.0,,,,,,6.0,0.019160638245288873
active_power_discr,8.0,13.0,,,,,,7.0,0.016992961425439358
active_power_discr,8.0,13.0,,,,,,8.0,0.0
active_power_discr,8.0,13.0,,,,,,9.0,0.0
active_power_discr,8.0,13.0,,,,,,10.0,0.0
active_power_discr,8.0,13.0,,,,,,11.0,0.0
active_power_discr,8.0,13.0,,,,,,12.0,0.0
active_power_discr,8.0,13.0,,,,,,13.0,0.0
active_power_discr,8.0,13.0,,,,,,14.0,0.0
active_power_discr,8.0,13.0,,,,,,15.0,0.0
active_power_discr,8.0,14.0,,,,,,1.0,0.003811904963134563
active_power_discr,8.0,14.0,,,,,,2.0,0.005264966907931571
active_power_discr,8.0,14.0,,,,,,3.0,0.007271922256639911
active_power_discr,8.0,14.0,,,,,,4.0,0.005642907305934933
active_power_discr,8.0,14.0,,,,,,5.0,0.0
active_power_discr,8.0,14.0,,,,,,6.0,0.0
active_power_discr,8.0,14.0,,,,,,7.0,0.0
active_power_discr,8.0,14.0,,,,,,8.0,0.0
active_power_discr,8.0,14.0,,,,,,9.0,0.0
active_power_discr,8.0,14.0,,,,,,10.0,0.0
active_power_discr,8.0,14.0,,,,,,11.0,0.0
active_power_discr,8.0,14.0,,,,,,12.0,0.0
active_power_discr,8.0,14.0,,,,,,13.0,0.0
active_power_discr,8.0,14.0,,,,,,14.0,0.0
active_power_discr,8.0,14.0,,,,,,15.0,0.0
active_power_discr,8.0,15.0,,,,,,1.0,0.003811904963134563
active_power_discr,8.0,15.0,,,,,,2.0,0.005264966907931571
active_power_discr,8.0,15.0,,,,,,3.0,0.007271922256639911
active_power_discr,8.0,15.0,,,,,,4.0,0.010043909910801375
active_power_discr,8.0,15.0,,,,,,5.0,0.0029640578203596587
active_power_discr,8.0,15.0,,,,,,6.0,0.0
active_power_discr,8.0,15.0,,,,,,7.0,0.0
active_power_discr,8.0,15.0,,,,,,8.0,0.0
active_power_discr,8.0,15.0,,,,,,9.0,0.0
active_power_discr,8.0,15.0,,,,,,10.0,0.0
active_power_discr,8.0,15.0,,,,,,11.0,0.0
active_power_discr,8.0,15.0,,,,,,12.0,0.0
active_power_discr,8.0,15.0,,,,,,13.0,0.0
active_power_discr,8.0,15.0,,,,,,14.0,0.0
active_power_discr,8.0,15.0,,,,,,15.0,0.0
active_power_discr,8.0,17.0,,,,,,1.0,0.0075778699824844125
active_power_discr,8.0,17.0,,,,,,2.0,0.013320281329628255
active_power_discr,8.0,17.0,,,,,,3.0,0.023414217334232015
active_power_discr,8.0,17.0,,,,,,4.0,0.041157206804276286
active_power_discr,8.0,17.0,,,,,,5.0,0.07234560300477912
active_power_discr,8.0,17.0,,,,,,6.0,0.09905208535126878
active_power_discr,8.0,17.0,,,,,,7.0,0.0
active_power_discr,8.0,17.0,,,,,,8.0,0.0
active_power_discr,8.0,17.0,,,,,,9.0,0.0
active_power_discr,8.0,17.0,,,,,,10.0,0.0
active_power_discr,8.0,17.0,,,,,,11.0,0.0
active_power_discr,8.0,17.0,,,,,,12.0,0.0
active_power_discr,8.0,17.0,,,,,,13.0,0.0
active_power_discr,8.0,17.0,,,,,,14.0,0.0
active_power_discr,8.0,17.0,,,,,,15.0,0.0
active_power_discr,8.0,18.0,,,,,,1.0,0.0075778699824844125
active_power_discr,8.0,18.0,,,,,,2.0,0.013320281329628255
active_power_discr,8.0,18.0,,,,,,3.0,0.023414217334232015
active_power_discr,8.0,18.0,,,,,,4.0,0.009549929410612602
active_power_discr,8.0,18.0,,,,,,5.0,0.0
active_power_discr,8.0,18.0,,,,,,6.0,0.0
active_power_discr,8.0,18.0,,,,,,7.0,0.0
active_power_discr,8.0,18.0,,,,,,8.0,0.0
active_power_discr,8.0,18.0,,,,,,9.0,0.0
active_power_discr,8.0,18.0,,,,,,10.0,0.0
active_power_discr,8.0,18.0,,,,,,11.0,0.0
active_power_discr,8.0,18.0,,,,,,12.0,0.0
active_power_discr,8.0,18.0,,,,,,13.0,0.0
active_power_discr,8.0,18.0,,,,,,14.0,0.0
active_power_discr,8.0,18.0,,,,,,15.0,0.0
active_power_discr,8.0,19.0,,,,,,1.0,0.0075778699824844125
active_power_discr,8.0,19.0,,,,,,2.0,0.013320281329628255
active_power_discr,8.0,19.0,,,,,,3.0,0.023414217334232015
active_power_discr,8.0,19.0,,,,,,4.0,0.041157206804276286
active_power_discr,8.0,19.0,,,,,,5.0,0.04896366854161731
active_power_discr,8.0,19.0,,,,,,6.0,0.0
active_power_discr,8.0,19.0,,,,,,7.0,0.0
active_power_discr,8.0,19.0,,,,,,8.0,0.0
active_power_discr,8.0,19.0,,,,,,9.0,0.0
active_power_discr,8.0,19.0,,,,,,10.0,0.0
active_power_discr,8.0,19.0,,,,,,11.0,0.0
active_power_discr,8.0,19.0,,,,,,12.0,0.0
active_power_discr,8.0,19.0,,,,,,13.0,0.0
active_power_discr,8.0,19.0,,,,,,14.0,0.0
active_power_discr,8.0,19.0,,,,,,15.0,0.0
active_power_discr,9.0,0.0,,,,,,1.0,0.003811904963134563
active_power_discr,9.0,0.0,,,,,,2.0,0.005264966907931571
active_power_discr,9.0,0.0,,,,,,3.0,0.007271922256639911
active_power_discr,9.0,0.0,,,,,,4.0,0.005687430793160874
active_power_discr,9.0,0.0,,,,,,5.0,0.0
active_power_discr,9.0,0.0,,,,,,6.0,0.0
active_power_discr,9.0,0.0,,,,,,7.0,0.0
active_power_discr,9.0,0.0,,,,,,8.0,0.0
active_power_discr,9.0,0.0,,,,,,9.0,0.0
active_power_discr,9.0,0.0,,,,,,10.0,0.0
active_power_discr,9.0,0.0,,,,,,11.0,0.0
active_power_discr,9.0,0.0,,,,,,12.0,0.0
active_power_discr,9.0,0.0,,,,,,13.0,0.0
active_power_discr,9.0,0.0,,,,,,14.0,0.0
active_power_discr,9.0,0.0,,,,,,15.0,0.0
active_power_discr,9.0,2.0,,,,,,1.0,0.003811904963134563
active_power_discr,9.0,2.0,,,,,,2.0,0.005264966907931571
active_power_discr,9.0,2.0,,,,,,3.0,0.007271922256639911
active_power_discr,9.0,2.0,,,,,,4.0,0.010043909910801375
active_power_discr,9.0,2.0,,,,,,5.0,0.007414933986125145
active_power_discr,9.0,2.0,,,,,,6.0,0.0
active_power_discr,9.0,2.0,,,,,,7.0,0.0
active_power_discr,9.0,2.0,,,,,,8.0,0.0
active_power_discr,9.0,2.0,,,,,,9.0,0.0
active_power_discr,9.0,2.0,,,,,,10.0,0.0
active_power_discr,9.0,2.0,,,,,,11.0,0.0
active_power_discr,9.0,2.0,,,,,,12.0,0.0
active_power_discr,9.0,2.0,,,,,,13.0,0.0
active_power_discr,9.0,2.0,,,,,,14.0,0.0
active_power_discr,9.0,2.0,,,,,,15.0,0.0
active_power_discr,9.0,6.0,,,,,,1.0,0.003811904963134563
active_power_discr,9.0,6.0,,,,,,2.0,0.005264966907931571
active_power_discr,9.0,6.0,,,,,,3.0,3.483326538045867e-05
active_power_discr,9.0,6.0,,,,,,4.0,0.0
active_power_discr,9.0,6.0,,,,,,5.0,0.0
active_power_discr,9.0,6.0,,,,,,6.0,0.0
active_power_discr,9.0,6.0,,,,,,7.0,0.0
active_power_discr,9.0,6.0,,,,,,8.0,0.0
active_power_discr,9.0,6.0,,,,,,9.0,0.0
active_power_discr,9.0,6.0,,,,,,10.0,0.0
active_power_discr,9.0,6.0,,,,,,11.0,0.0
active_power_discr,9.0,6.0,,,,,,12.0,0.0
active_power_discr,9.0,6.0,,,,,,13.0,0.0
active_power_discr,9.0,6.0,,,,,,14.0,0.0
active_power_discr,9.0,6.0,,,,,,15.0,0.0
active_power_discr,9.0,10.0,,,,,,1.0,0.003811904963134563
active_power_discr,9.0,10.0,,,,,,2.0,0.005264966907931571
active_power_discr,9.0,10.0,,,,,,3.0,0.007271922256639911
active_power_discr,9.0,10.0,,,,,,4.0,0.010043909910801375
active_power_discr,9.0,10.0,,,,,,5.0,0.01387255291462737
active_power_discr,9.0,10.0,,,,,,6.0,0.019160638245288873
active_power_discr,9.0,10.0,,,,,,7.0,0.0032064483601932856
active_power_discr,9.0,10.0,,,,,,8.0,0.0
active_power_discr,9.0,10.0,,,,,,9.0,0.0
active_power_discr,9.0,10.0,,,,,,10.0,0.0
active_power_discr,9.0,10.0,,,,,,11.0,0.0
active_power_discr,9.0,10.0,,,,,,12.0,0.0
active_power_discr,9.0,10.0,,,,,,13.0,0.0
active_power_discr,9.0,10.0,,,,,,14.0,0.0
active_power_discr,9.0,10.0,,,,,,15.0,0.0
active_power_discr,9.0,11.0,,,,,,1.0,0.0075778699824844125
active_power_discr,9.0,11.0,,,,,,2.0,0.013320281329628255
active_power_discr,9.0,11.0,,,,,,3.0,0.023414217334232015
active_power_discr,9.0,11.0,,,,,,4.0,0.03255092635834232
active_power_discr,9.0,11.0,,,,,,5.0,0.0
active_power_discr,9.0,11.0,,,,,,6.0,0.0
active_power_discr,9.0,11.0,,,,,,7.0,0.0
active_power_discr,9.0,11.0,,,,,,8.0,0.0
active_power_discr,9.0,11.0,,,,,,9.0,0.0
active_power_discr,9.0,11.0,,,,,,10.0,0.0
active_power_discr,9.0,11.0,,,,,,11.0,0.0
active_power_discr,9.0,11.0,,,,,,12.0,0.0
active_power_discr,9.0,11.0,,,,,,13.0,0.0
active_power_discr,9.0,11.0,,,,,,14.0,0.0
active_power_discr,9.0,11.0,,,,,,15.0,0.0
active_power_discr,9.0,12.0,,,,,,1.0,0.0075778699824844125
active_power_discr,9.0,12.0,,,,,,2.0,0.013320281329628255
active_power_discr,9.0,12.0,,,,,,3.0,0.023414217334232015
active_power_discr,9.0,12.0,,,,,,4.0,0.041157206804276286
active_power_discr,9.0,12.0,,,,,,5.0,0.04994391320523407
active_power_discr,9.0,12.0,,,,,,6.0,0.0
active_power_discr,9.0,12.0,,,,,,7.0,0.0
active_power_discr,9.0,12.0,,,,,,8.0,0.0
active_power_discr,9.0,12.0,,,,,,9.0,0.0
active_power_discr,9.0,12.0,,,,,,10.0,0.0
active_power_discr,9.0,12.0,,,,,,11.0,0.0
active_power_discr,9.0,12.0,,,,,,12.0,0.0
active_power_discr,9.0,12.0,,,,,,13.0,0.0
active_power_discr,9.0,12.0,,,,,,14.0,0.0
active_power_discr,9.0,12.0,,,,,,15.0,0.0
active_power_discr,9.0,13.0,,,,,,1.0,0.003811904963134563
active_power_discr,9.0,13.0,,,,,,2.0,0.005264966907931571
active_power_discr,9.0,13.0,,,,,,3.0,0.007271922256639911
active_power_discr,9.0,13.0,,,,,,4.0,0.010043909910801375
active_power_discr,9.0,13.0,,,,,,5.0,0.01387255291462737
active_power_discr,9.0,13.0,,,,,,6.0,0.019160638245288873
active_power_discr,9.0,13.0,,,,,,7.0,0.026464491447693153
active_power_discr,9.0,13.0,,,,,,8.0,0.025850139216598275
active_power_discr,9.0,13.0,,,,,,9.0,0.0
active_power_discr,9.0,13.0,,,,,,10.0,0.0
active_power_discr,9.0,13.0,,,,,,11.0,0.0
active_power_discr,9.0,13.0,,,,,,12.0,0.0
active_power_discr,9.0,13.0,,,,,,13.0,0.0
active_power_discr,9.0,13.0,,,,,,14.0,0.0
active_power_discr,9.0,13.0,,,,,,15.0,0.0
active_power_discr,9.0,14.0,,,,,,1.0,0.003811904963134563
active_power_discr,9.0,14.0,,,,,,2.0,0.005264966907931571
active_power_discr,9.0,14.0,,,,,,3.0,0.007271922256639911
active_power_discr,9.0,14.0,,,,,,4.0,0.010043909910801375
active_power_discr,9.0,14.0,,,,,,5.0,0.007415903893351908
active_power_discr,9.0,14.0,,,,,,6.0,0.0
active_power_discr,9.0,14.0,,,,,,7.0,0.0
active_power_discr,9.0,14.0,,,,,,8.0,0.0
active_power_discr,9.0,14.0,,,,,,9.0,0.0
active_power_discr,9.0,14.0,,,,,,10.0,0.0
active_power_discr,9.0,14.0,,,,,,11.0,0.0
active_power_discr,9.0,14.0,,,,,,12.0,0.0
active_power_discr,9.0,14.0,,,,,,13.0,0.0
active_power_discr,9.0,14.0,,,,,,14.0,0.0
active_power_discr,9.0,14.0,,,,,,15.0,0.0
active_power_discr,9.0,15.0,,,,,,1.0,0.003811904963134563
active_power_discr,9.0,15.0,,,,,,2.0,0.005264966907931571
active_power_discr,9.0,15.0,,,,,,3.0,0.007271922256639911
active_power_discr,9.0,15.0,,,,,,4.0,0.010043909910801375
active_power_discr,9.0,15.0,,,,,,5.0,0.01387255291462737
active_power_discr,9.0,15.0,,,,,,6.0,0.019160638245288873
active_power_discr,9.0,15.0,,,,,,7.0,0.0009280066078142576
active_power_discr,9.0,15.0,,,,,,8.0,0.0
active_power_discr,9.0,15.0,,,,,,9.0,0.0
active_power_discr,9.0,15.0,,,,,,10.0,0.0
active_power_discr,9.0,15.0,,,,,,11.0,0.0
active_power_discr,9.0,15.0,,,,,,12.0,0.0
active_power_discr,9.0,15.0,,,,,,13.0,0.0
active_power_discr,9.0,15.0,,,,,,14.0,0.0
active_power_discr,9.0,15.0,,,,,,15.0,0.0
active_power_discr,9.0,17.0,,,,,,1.0,0.0075778699824844125
active_power_discr,9.0,17.0,,,,,,2.0,0.013320281329628255
active_power_discr,9.0,17.0,,,,,,3.0,0.023414217334232015
active_power_discr,9.0,17.0,,,,,,4.0,0.041157206804276286
active_power_discr,9.0,17.0,,,,,,5.0,0.07234560300477912
active_power_discr,9.0,17.0,,,,,,6.0,0.12716816034224418
active_power_discr,9.0,17.0,,,,,,7.0,0.17484553358145766
active_power_discr,9.0,17.0,,,,,,8.0,0.0
active_power_discr,9.0,17.0,,,,,,9.0,0.0
active_power_discr,9.0,17.0,,,,,,10.0,0.0
active_power_discr,9.0,17.0,,,,,,11.0,0.0
active_power_discr,9.0,17.0,,,,,,12.0,0.0
active_power_discr,9.0,17.0,,,,,,13.0,0.0
active_power_discr,9.0,17.0,,,,,,14.0,0.0
active_power_discr,9.0,17.0,,,,,,15.0,0.0
active_power_discr,9.0,18.0,,,,,,1.0,0.0075778699824844125
active_power_discr,9.0,18.0,,,,,,2.0,0.013320281329628255
active_power_discr,9.0,18.0,,,,,,3.0,0.023414217334232015
active_power_discr,9.0,18.0,,,,,,4.0,0.009322507350322185
active_power_discr,9.0,18.0,,,,,,5.0,0.0
active_power_discr,9.0,18.0,,,,,,6.0,0.0
active_power_discr,9.0,18.0,,,,,,7.0,0.0
active_power_discr,9.0,18.0,,,,,,8.0,0.0
active_power_discr,9.0,18.0,,,,,,9.0,0.0
active_power_discr,9.0,18.0,,,,,,10.0,0.0
active_power_discr,9.0,18.0,,,,,,11.0,0.0
active_power_discr,9.0,18.0,,,,,,12.0,0.0
active_power_discr,9.0,18.0,,,,,,13.0,0.0
active_power_discr,9.0,18.0,,,,,,14.0,0.0
active_power_discr,9.0,18.0,,,,,,15.0,0.0
active_power_discr,9.0,19.0,,,,,,1.0,0.0075778699824844125
active_power_discr,9.0,19.0,,,,,,2.0,0.013320281329628255
active_power_discr,9.0,19.0,,,,,,3.0,0.023414217334232015
active_power_discr,9.0,19.0,,,,,,4.0,0.041157206804276286
active_power_discr,9.0,19.0,,,,,,5.0,0.07234560300477912
active_power_discr,9.0,19.0,,,,,,6.0,0.07886749914771182
active_power_discr,9.0,19.0,,,,,,7.0,0.0
active_power_discr,9.0,19.0,,,,,,8.0,0.0
active_power_discr,9.0,19.0,,,,,,9.0,0.0
active_power_discr,9.0,19.0,,,,,,10.0,0.0
active_power_discr,9.0,19.0,,,,,,11.0,0.0
active_power_discr,9.0,19.0,,,,,,12.0,0.0
active_power_discr,9.0,19.0,,,,,,13.0,0.0
active_power_discr,9.0,19.0,,,,,,14.0,0.0
active_power_discr,9.0,19.0,,,,,,15.0,0.0
active_power_discr,10.0,0.0,,,,,,1.0,0.003811904963134563
active_power_discr,10.0,0.0,,,,,,2.0,0.005264966907931571
active_power_discr,10.0,0.0,,,,,,3.0,0.007271922256639911
active_power_discr,10.0,0.0,,,,,,4.0,0.004944328385635872
active_power_discr,10.0,0.0,,,,,,5.0,0.0
active_power_discr,10.0,0.0,,,,,,6.0,0.0
active_power_discr,10.0,0.0,,,,,,7.0,0.0
active_power_discr,10.0,0.0,,,,,,8.0,0.0
active_power_discr,10.0,0.0,,,,,,9.0,0.0
active_power_discr,10.0,0.0,,,,,,10.0,0.0
active_power_discr,10.0,0.0,,,,,,11.0,0.0
active_power_discr,10.0,0.0,,,,,,12.0,0.0
active_power_discr,10.0,0.0,,,,,,13.0,0.0
active_power_discr,10.0,0.0,,,,,,14.0,0.0
active_power_discr,10.0,0.0,,,,,,15.0,0.0
active_power_discr,10.0,2.0,,,,,,1.0,0.003811904963134563
active_power_discr,10.0,2.0,,,,,,2.0,0.005264966907931571
active_power_discr,10.0,2.0,,,,,,3.0,0.007271922256639911
active_power_discr,10.0,2.0,,,,,,4.0,0.010043909910801375
active_power_discr,10.0,2.0,,,,,,5.0,0.004903791377603703
active_power_discr,10.0,2.0,,,,,,6.0,0.0
active_power_discr,10.0,2.0,,,,,,7.0,0.0
active_power_discr,10.0,2.0,,,,,,8.0,0.0
active_power_discr,10.0,2.0,,,,,,9.0,0.0
active_power_discr,10.0,2.0,,,,,,10.0,0.0
active_power_discr,10.0,2.0,,,,,,11.0,0.0
active_power_discr,10.0,2.0,,,,,,12.0,0.0
active_power_discr,10.0,2.0,,,,,,13.0,0.0
active_power_discr,10.0,2.0,,,,,,14.0,0.0
active_power_discr,10.0,2.0,,,,,,15.0,0.0
active_power_discr,10.0,6.0,,,,,,1.0,0.003811904963134563
active_power_discr,10.0,6.0,,,,,,2.0,0.005264966907931571
active_power_discr,10.0,6.0,,,,,,3.0,0.005417737814011279
active_power_discr,10.0,6.0,,,,,,4.0,0.0
active_power_discr,10.0,6.0,,,,,,5.0,0.0
active_power_discr,10.0,6.0,,,,,,6.0,0.0
active_power_discr,10.0,6.0,,,,,,7.0,0.0
active_power_discr,10.0,6.0,,,,,,8.0,0.0
active_power_discr,10.0,6.0,,,,,,9.0,0.0
active_power_discr,10.0,6.0,,,,,,10.0,0.0
active_power_discr,10.0,6.0,,,,,,11.0,0.0
active_power_discr,10.0,6.0,,,,,,12.0,0.0
active_power_discr,10.0,6.0,,,,,,13.0,0.0
active_power_discr,10.0,6.0,,,,,,14.0,0.0
active_power_discr,10.0,6.0,,,,,,15.0,0.0
active_power_discr,10.0,10.0,,,,,,1.0,0.003811904963134563
active_power_discr,10.0,10.0,,,,,,2.0,0.005264966907931571
active_power_discr,10.0,10.0,,,,,,3.0,0.007271922256639911
active_power_discr,10.0,10.0,,,,,,4.0,0.010043909910801375
active_power_discr,10.0,10.0,,,,,,5.0,0.01387255291462737
active_power_discr,10.0,10.0,,,,,,6.0,0.01880275304052706
active_power_discr,10.0,10.0,,,,,,7.0,0.0
active_power_discr,10.0,10.0,,,,,,8.0,0.0
active_power_discr,10.0,10.0,,,,,,9.0,0.0
active_power_discr,10.0,10.0,,,,,,10.0,0.0
active_power_discr,10.0,10.0,,,,,,11.0,0.0
active_power_discr,10.0,10.0,,,,,,12.0,0.0
active_power_discr,10.0,10.0,,,,,,13.0,0.0
active_power_discr,10.0,10.0,,,,,,14.0,0.0
active_power_discr,10.0,10.0,,,,,,15.0,0.0
active_power_discr,10.0,11.0,,,,,,1.0,0.0075778699824844125
active_power_discr,10.0,11.0,,,,,,2.0,0.013320281329628255
active_power_discr,10.0,11.0,,,,,,3.0,0.023414217334232015
active_power_discr,10.0,11.0,,,,,,4.0,0.027709193894271626
active_power_discr,10.0,11.0,,,,,,5.0,0.0
active_power_discr,10.0,11.0,,,,,,6.0,0.0
active_power_discr,10.0,11.0,,,,,,7.0,0.0
active_power_discr,10.0,11.0,,,,,,8.0,0.0
active_power_discr,10.0,11.0,,,,,,9.0,0.0
active_power_discr,10.0,11.0,,,,,,10.0,0.0
active_power_discr,10.0,11.0,,,,,,11.0,0.0
active_power_discr,10.0,11.0,,,,,,12.0,0.0
active_power_discr,10.0,11.0,,,,,,13.0,0.0
active_power_discr,10.0,11.0,,,,,,14.0,0.0
active_power_discr,10.0,11.0,,,,,,15.0,0.0
active_power_discr,10.0,12.0,,,,,,1.0,0.0075778699824844125
active_power_discr,10.0,12.0,,,,,,2.0,0.013320281329628255
active_power_discr,10.0,12.0,,,,,,3.0,0.023414217334232015
active_power_discr,10.0,12.0,,,,,,4.0,0.041157206804276286
active_power_discr,10.0,12.0,,,,,,5.0,0.04396438048247882
active_power_discr,10.0,12.0,,,,,,6.0,0.0
active_power_discr,10.0,12.0,,,,,,7.0,0.0
active_power_discr,10.0,12.0,,,,,,8.0,0.0
active_power_discr,10.0,12.0,,,,,,9.0,0.0
active_power_discr,10.0,12.0,,,,,,10.0,0.0
active_power_discr,10.0,12.0,,,,,,11.0,0.0
active_power_discr,10.0,12.0,,,,,,12.0,0.0
active_power_discr,10.0,12.0,,,,,,13.0,0.0
active_power_discr,10.0,12.0,,,,,,14.0,0.0
active_power_discr,10.0,12.0,,,,,,15.0,0.0
active_power_discr,10.0,13.0,,,,,,1.0,0.003811904963134563
active_power_discr,10.0,13.0,,,,,,2.0,0.005264966907931571
active_power_discr,10.0,13.0,,,,,,3.0,0.007271922256639911
active_power_discr,10.0,13.0,,,,,,4.0,0.010043909910801375
active_power_discr,10.0,13.0,,,,,,5.0,0.01387255291462737
active_power_discr,10.0,13.0,,,,,,6.0,0.019160638245288873
active_power_discr,10.0,13.0,,,,,,7.0,0.026464491447693153
active_power_discr,10.0,13.0,,,,,,8.0,0.028329952815282902
active_power_discr,10.0,13.0,,,,,,9.0,0.0
active_power_discr,10.0,13.0,,,,,,10.0,0.0
active_power_discr,10.0,13.0,,,,,,11.0,0.0
active_power_discr,10.0,13.0,,,,,,12.0,0.0
active_power_discr,10.0,13.0,,,,,,13.0,0.0
active_power_discr,10.0,13.0,,,,,,14.0,0.0
active_power_discr,10.0,13.0,,,,,,15.0,0.0
active_power_discr,10.0,14.0,,,,,,1.0,0.003811904963134563
active_power_discr,10.0,14.0,,,,,,2.0,0.005264966907931571
active_power_discr,10.0,14.0,,,,,,3.0,0.007271922256639911
active_power_discr,10.0,14.0,,,,,,4.0,0.010043909910801375
active_power_discr,10.0,14.0,,,,,,5.0,0.005667220002423312
active_power_discr,10.0,14.0,,,,,,6.0,0.0
active_power_discr,10.0,14.0,,,,,,7.0,0.0
active_power_discr,10.0,14.0,,,,,,8.0,0.0
active_power_discr,10.0,14.0,,,,,,9.0,0.0
active_power_discr,10.0,14.0,,,,,,10.0,0.0
active_power_discr,10.0,14.0,,,,,,11.0,0.0
active_power_discr,10.0,14.0,,,,,,12.0,0.0
active_power_discr,10.0,14.0,,,,,,13.0,0.0
active_power_discr,10.0,14.0,,,,,,14.0,0.0
active_power_discr,10.0,14.0,,,,,,15.0,0.0
active_power_discr,10.0,15.0,,,,,,1.0,0.003811904963134563
active_power_discr,10.0,15.0,,,,,,2.0,0.005264966907931571
active_power_discr,10.0,15.0,,,,,,3.0,0.007271922256639911
active_power_discr,10.0,15.0,,,,,,4.0,0.010043909910801375
active_power_discr,10.0,15.0,,,,,,5.0,0.01387255291462737
active_power_discr,10.0,15.0,,,,,,6.0,0.019160638245288873
active_power_discr,10.0,15.0,,,,,,7.0,0.0030830895137312873
active_power_discr,10.0,15.0,,,,,,8.0,0.0
active_power_discr,10.0,15.0,,,,,,9.0,0.0
active_power_discr,10.0,15.0,,,,,,10.0,0.0
active_power_discr,10.0,15.0,,,,,,11.0,0.0
active_power_discr,10.0,15.0,,,,,,12.0,0.0
active_power_discr,10.0,15.0,,,,,,13.0,0.0
active_power_discr,10.0,15.0,,,,,,14.0,0.0
active_power_discr,10.0,15.0,,,,,,15.0,0.0
active_power_discr,10.0,17.0,,,,,,1.0,0.0075778699824844125
active_power_discr,10.0,17.0,,,,,,2.0,0.013320281329628255
active_power_discr,10.0,17.0,,,,,,3.0,0.023414217334232015
active_power_discr,10.0,17.0,,,,,,4.0,0.041157206804276286
active_power_discr,10.0,17.0,,,,,,5.0,0.07234560300477912
active_power_discr,10.0,17.0,,,,,,6.0,0.12716816034224418
active_power_discr,10.0,17.0,,,,,,7.0,0.1643508792445878
active_power_discr,10.0,17.0,,,,,,8.0,0.0
active_power_discr,10.0,17.0,,,,,,9.0,0.0
active_power_discr,10.0,17.0,,,,,,10.0,0.0
active_power_discr,10.0,17.0,,,,,,11.0,0.0
active_power_discr,10.0,17.0,,,,,,12.0,0.0
active_power_discr,10.0,17.0,,,,,,13.0,0.0
active_power_discr,10.0,17.0,,,,,,14.0,0.0
active_power_discr,10.0,17.0,,,,,,15.0,0.0
active_power_discr,10.0,18.0,,,,,,1.0,0.0075778699824844125
active_power_discr,10.0,18.0,,,,,,2.0,0.013320281329628255
active_power_discr,10.0,18.0,,,,,,3.0,0.023414217334232015
active_power_discr,10.0,18.0,,,,,,4.0,0.006721995541880722
active_power_discr,10.0,18.0,,,,,,5.0,0.0
active_power_discr,10.0,18.0,,,,,,6.0,0.0
active_power_discr,10.0,18.0,,,,,,7.0,0.0
active_power_discr,10.0,18.0,,,,,,8.0,0.0
active_power_discr,10.0,18.0,,,,,,9.0,0.0
active_power_discr,10.0,18.0,,,,,,10.0,0.0
active_power_discr,10.0,18.0,,,,,,11.0,0.0
active_power_discr,10.0,18.0,,,,,,12.0,0.0
active_power_discr,10.0,18.0,,,,,,13.0,0.0
active_power_discr,10.0,18.0,,,,,,14.0,0.0
active_power_discr,10.0,18.0,,,,,,15.0,0.0
active_power_discr,10.0,19.0,,,,,,1.0,0.0075778699824844125
active_power_discr,10.0,19.0,,,,,,2.0,0.013320281329628255
active_power_discr,10.0,19.0,,,,,,3.0,0.023414217334232015
active_power_discr,10.0,19.0,,,,,,4.0,0.041157206804276286
active_power_discr,10.0,19.0,,,,,,5.0,0.07234560300477912
active_power_discr,10.0,19.0,,,,,,6.0,0.07948161736761084
active_power_discr,10.0,19.0,,,,,,7.0,0.0
active_power_discr,10.0,19.0,,,,,,8.0,0.0
active_power_discr,10.0,19.0,,,,,,9.0,0.0
active_power_discr,10.0,19.0,,,,,,10.0,0.0
active_power_discr,10.0,19.0,,,,,,11.0,0.0
active_power_discr,10.0,19.0,,,,,,12.0,0.0
active_power_discr,10.0,19.0,,,,,,13.0,0.0
active_power_discr,10.0,19.0,,,,,,14.0,0.0
active_power_discr,10.0,19.0,,,,,,15.0,0.0
active_power_discr,11.0,0.0,,,,,,1.0,0.003811904963134563
active_power_discr,11.0,0.0,,,,,,2.0,0.005264966907931571
active_power_discr,11.0,0.0,,,,,,3.0,0.007271922256639911
active_power_discr,11.0,0.0,,,,,,4.0,0.0057173060946691355
active_power_discr,11.0,0.0,,,,,,5.0,0.0
active_power_discr,11.0,0.0,,,,,,6.0,0.0
active_power_discr,11.0,0.0,,,,,,7.0,0.0
active_power_discr,11.0,0.0,,,,,,8.0,0.0
active_power_discr,11.0,0.0,,,,,,9.0,0.0
active_power_discr,11.0,0.0,,,,,,10.0,0.0
active_power_discr,11.0,0.0,,,,,,11.0,0.0
active_power_discr,11.0,0.0,,,,,,12.0,0.0
active_power_discr,11.0,0.0,,,,,,13.0,0.0
active_power_discr,11.0,0.0,,,,,,14.0,0.0
active_power_discr,11.0,0.0,,,,,,15.0,0.0
active_power_discr,11.0,2.0,,,,,,1.0,0.003811904963134563
active_power_discr,11.0,2.0,,,,,,2.0,0.005264966907931571
active_power_discr,11.0,2.0,,,,,,3.0,0.007271922256639911
active_power_discr,11.0,2.0,,,,,,4.0,0.010043909910801375
active_power_discr,11.0,2.0,,,,,,5.0,0.004263877550986731
active_power_discr,11.0,2.0,,,,,,6.0,0.0
active_power_discr,11.0,2.0,,,,,,7.0,0.0
active_power_discr,11.0,2.0,,,,,,8.0,0.0
active_power_discr,11.0,2.0,,,,,,9.0,0.0
active_power_discr,11.0,2.0,,,,,,10.0,0.0
active_power_discr,11.0,2.0,,,,,,11.0,0.0
active_power_discr,11.0,2.0,,,,,,12.0,0.0
active_power_discr,11.0,2.0,,,,,,13.0,0.0
active_power_discr,11.0,2.0,,,,,,14.0,0.0
active_power_discr,11.0,2.0,,,,,,15.0,0.0
active_power_discr,11.0,6.0,,,,,,1.0,0.003811904963134563
active_power_discr,11.0,6.0,,,,,,2.0,0.005264966907931571
active_power_discr,11.0,6.0,,,,,,3.0,0.005136534105421853
active_power_discr,11.0,6.0,,,,,,4.0,0.0
active_power_discr,11.0,6.0,,,,,,5.0,0.0
active_power_discr,11.0,6.0,,,,,,6.0,0.0
active_power_discr,11.0,6.0,,,,,,7.0,0.0
active_power_discr,11.0,6.0,,,,,,8.0,0.0
active_power_discr,11.0,6.0,,,,,,9.0,0.0
active_power_discr,11.0,6.0,,,,,,10.0,0.0
active_power_discr,11.0,6.0,,,,,,11.0,0.0
active_power_discr,11.0,6.0,,,,,,12.0,0.0
active_power_discr,11.0,6.0,,,,,,13.0,0.0
active_power_discr,11.0,6.0,,,,,,14.0,0.0
active_power_discr,11.0,6.0,,,,,,15.0,0.0
active_power_discr,11.0,10.0,,,,,,1.0,0.003811904963134563
active_power_discr,11.0,10.0,,,,,,2.0,0.005264966907931571
active_power_discr,11.0,10.0,,,,,,3.0,0.007271922256639911
active_power_discr,11.0,10.0,,,,,,4.0,0.010043909910801375
active_power_discr,11.0,10.0,,,,,,5.0,0.01387255291462737
active_power_discr,11.0,10.0,,,,,,6.0,0.014502564179591657
active_power_discr,11.0,10.0,,,,,,7.0,0.0
active_power_discr,11.0,10.0,,,,,,8.0,0.0
active_power_discr,11.0,10.0,,,,,,9.0,0.0
active_power_discr,11.0,10.0,,,,,,10.0,0.0
active_power_discr,11.0,10.0,,,,,,11.0,0.0
active_power_discr,11.0,10.0,,,,,,12.0,0.0
active_power_discr,11.0,10.0,,,,,,13.0,0.0
active_power_discr,11.0,10.0,,,,,,14.0,0.0
active_power_discr,11.0,10.0,,,,,,15.0,0.0
active_power_discr,11.0,11.0,,,,,,1.0,0.0075778699824844125
active_power_discr,11.0,11.0,,,,,,2.0,0.013320281329628255
active_power_discr,11.0,11.0,,,,,,3.0,0.023414217334232015
active_power_discr,11.0,11.0,,,,,,4.0,0.02650095163333222
active_power_discr,11.0,11.0,,,,,,5.0,0.0
active_power_discr,11.0,11.0,,,,,,6.0,0.0
active_power_discr,11.0,11.0,,,,,,7.0,0.0
active_power_discr,11.0,11.0,,,,,,8.0,0.0
active_power_discr,11.0,11.0,,,,,,9.0,0.0
active_power_discr,11.0,11.0,,,,,,10.0,0.0
active_power_discr,11.0,11.0,,,,,,11.0,0.0
active_power_discr,11.0,11.0,,,,,,12.0,0.0
active_power_discr,11.0,11.0,,,,,,13.0,0.0
active_power_discr,11.0,11.0,,,,,,14.0,0.0
active_power_discr,11.0,11.0,,,,,,15.0,0.0
active_power_discr,11.0,12.0,,,,,,1.0,0.0075778699824844125
active_power_discr,11.0,12.0,,,,,,2.0,0.013320281329628255
active_power_discr,11.0,12.0,,,,,,3.0,0.023414217334232015
active_power_discr,11.0,12.0,,,,,,4.0,0.041157206804276286
active_power_discr,11.0,12.0,,,,,,5.0,0.04471869520090223
active_power_discr,11.0,12.0,,,,,,6.0,0.0
active_power_discr,11.0,12.0,,,,,,7.0,0.0
active_power_discr,11.0,12.0,,,,,,8.0,0.0
active_power_discr,11.0,12.0,,,,,,9.0,0.0
active_power_discr,11.0,12.0,,,,,,10.0,0.0
active_power_discr,11.0,12.0,,,,,,11.0,0.0
active_power_discr,11.0,12.0,,,,,,12.0,0.0
active_power_discr,11.0,12.0,,,,,,13.0,0.0
active_power_discr,11.0,12.0,,,,,,14.0,0.0
active_power_discr,11.0,12.0,,,,,,15.0,0.0
active_power_discr,11.0,13.0,,,,,,1.0,0.003811904963134563
active_power_discr,11.0,13.0,,,,,,2.0,0.005264966907931571
active_power_discr,11.0,13.0,,,,,,3.0,0.007271922256639911
active_power_discr,11.0,13.0,,,,,,4.0,0.010043909910801375
active_power_discr,11.0,13.0,,,,,,5.0,0.01387255291462737
active_power_discr,11.0,13.0,,,,,,6.0,0.019160638245288873
active_power_discr,11.0,13.0,,,,,,7.0,0.026464491447693153
active_power_discr,11.0,13.0,,,,,,8.0,0.03655250407732255
active_power_discr,11.0,13.0,,,,,,9.0,0.0010258279065118725
active_power_discr,11.0,13.0,,,,,,10.0,0.0
active_power_discr,11.0,13.0,,,,,,11.0,0.0
active_power_discr,11.0,13.0,,,,,,12.0,0.0
active_power_discr,11.0,13.0,,,,,,13.0,0.0
active_power_discr,11.0,13.0,,,,,,14.0,0.0
active_power_discr,11.0,13.0,,,,,,15.0,0.0
active_power_discr,11.0,14.0,,,,,,1.0,0.003811904963134563
active_power_discr,11.0,14.0,,,,,,2.0,0.005264966907931571
active_power_discr,11.0,14.0,,,,,,3.0,0.007271922256639911
active_power_discr,11.0,14.0,,,,,,4.0,0.010043909910801375
active_power_discr,11.0,14.0,,,,,,5.0,0.0018201219893401732
active_power_discr,11.0,14.0,,,,,,6.0,0.0
active_power_discr,11.0,14.0,,,,,,7.0,0.0
active_power_discr,11.0,14.0,,,,,,8.0,0.0
active_power_discr,11.0,14.0,,,,,,9.0,0.0
active_power_discr,11.0,14.0,,,,,,10.0,0.0
active_power_discr,11.0,14.0,,,,,,11.0,0.0
active_power_discr,11.0,14.0,,,,,,12.0,0.0
active_power_discr,11.0,14.0,,,,,,13.0,0.0
active_power_discr,11.0,14.0,,,,,,14.0,0.0
active_power_discr,11.0,14.0,,,,,,15.0,0.0
active_power_discr,11.0,15.0,,,,,,1.0,0.003811904963134563
active_power_discr,11.0,15.0,,,,,,2.0,0.005264966907931571
active_power_discr,11.0,15.0,,,,,,3.0,0.007271922256639911
active_power_discr,11.0,15.0,,,,,,4.0,0.010043909910801375
active_power_discr,11.0,15.0,,,,,,5.0,0.01387255291462737
active_power_discr,11.0,15.0,,,,,,6.0,0.019160638245288873
active_power_discr,11.0,15.0,,,,,,7.0,0.001996390964515595
active_power_discr,11.0,15.0,,,,,,8.0,0.0
active_power_discr,11.0,15.0,,,,,,9.0,0.0
active_power_discr,11.0,15.0,,,,,,10.0,0.0
active_power_discr,11.0,15.0,,,,,,11.0,0.0
active_power_discr,11.0,15.0,,,,,,12.0,0.0
active_power_discr,11.0,15.0,,,,,,13.0,0.0
active_power_discr,11.0,15.0,,,,,,14.0,0.0
active_power_discr,11.0,15.0,,,,,,15.0,0.0
active_power_discr,11.0,17.0,,,,,,1.0,0.0075778699824844125
active_power_discr,11.0,17.0,,,,,,2.0,0.013320281329628255
active_power_discr,11.0,17.0,,,,,,3.0,0.023414217334232015
active_power_discr,11.0,17.0,,,,,,4.0,0.041157206804276286
active_power_discr,11.0,17.0,,,,,,5.0,0.07234560300477912
active_power_discr,11.0,17.0,,,,,,6.0,0.12716816034224418
active_power_discr,11.0,17.0,,,,,,7.0,0.16974033673972755
active_power_discr,11.0,17.0,,,,,,8.0,0.0
active_power_discr,11.0,17.0,,,,,,9.0,0.0
active_power_discr,11.0,17.0,,,,,,10.0,0.0
active_power_discr,11.0,17.0,,,,,,11.0,0.0
active_power_discr,11.0,17.0,,,,,,12.0,0.0
active_power_discr,11.0,17.0,,,,,,13.0,0.0
active_power_discr,11.0,17.0,,,,,,14.0,0.0
active_power_discr,11.0,17.0,,,,,,15.0,0.0
active_power_discr,11.0,18.0,,,,,,1.0,0.0075778699824844125
active_power_discr,11.0,18.0,,,,,,2.0,0.013320281329628255
active_power_discr,11.0,18.0,,,,,,3.0,0.023414217334232015
active_power_discr,11.0,18.0,,,,,,4.0,0.004860021794954414
active_power_discr,11.0,18.0,,,,,,5.0,0.0
active_power_discr,11.0,18.0,,,,,,6.0,0.0
active_power_discr,11.0,18.0,,,,,,7.0,0.0
active_power_discr,11.0,18.0,,,,,,8.0,0.0
active_power_discr,11.0,18.0,,,,,,9.0,0.0
active_power_discr,11.0,18.0,,,,,,10.0,0.0
active_power_discr,11.0,18.0,,,,,,11.0,0.0
active_power_discr,11.0,18.0,,,,,,12.0,0.0
active_power_discr,11.0,18.0,,,,,,13.0,0.0
active_power_discr,11.0,18.0,,,,,,14.0,0.0
active_power_discr,11.0,18.0,,,,,,15.0,0.0
active_power_discr,11.0,19.0,,,,,,1.0,0.0075778699824844125
active_power_discr,11.0,19.0,,,,,,2.0,0.013320281329628255
active_power_discr,11.0,19.0,,,,,,3.0,0.023414217334232015
active_power_discr,11.0,19.0,,,,,,4.0,0.041157206804276286
active_power_discr,11.0,19.0,,,,,,5.0,0.07234560300477912
active_power_discr,11.0,19.0,,,,,,6.0,0.08661411836655386
active_power_discr,11.0,19.0,,,,,,7.0,0.0
active_power_discr,11.0,19.0,,,,,,8.0,0.0
active_power_discr,11.0,19.0,,,,,,9.0,0.0
active_power_discr,11.0,19.0,,,,,,10.0,0.0
active_power_discr,11.0,19.0,,,,,,11.0,0.0
active_power_discr,11.0,19.0,,,,,,12.0,0.0
active_power_discr,11.0,19.0,,,,,,13.0,0.0
active_power_discr,11.0,19.0,,,,,,14.0,0.0
active_power_discr,11.0,19.0,,,,,,15.0,0.0
active_power_discr,12.0,0.0,,,,,,1.0,0.003811904963134563
active_power_discr,12.0,0.0,,,,,,2.0,0.005264966907931571
active_power_discr,12.0,0.0,,,,,,3.0,0.007271922256639911
active_power_discr,12.0,0.0,,,,,,4.0,0.006179314385021718
active_power_discr,12.0,0.0,,,,,,5.0,0.0
active_power_discr,12.0,0.0,,,,,,6.0,0.0
active_power_discr,12.0,0.0,,,,,,7.0,0.0
active_power_discr,12.0,0.0,,,,,,8.0,0.0
active_power_discr,12.0,0.0,,,,,,9.0,0.0
active_power_discr,12.0,0.0,,,,,,10.0,0.0
active_power_discr,12.0,0.0,,,,,,11.0,0.0
active_power_discr,12.0,0.0,,,,,,12.0,0.0
active_power_discr,12.0,0.0,,,,,,13.0,0.0
active_power_discr,12.0,0.0,,,,,,14.0,0.0
active_power_discr,12.0,0.0,,,,,,15.0,0.0
active_power_discr,12.0,2.0,,,,,,1.0,0.003811904963134563
active_power_discr,12.0,2.0,,,,,,2.0,0.005264966907931571
active_power_discr,12.0,2.0,,,,,,3.0,0.007271922256639911
active_power_discr,12.0,2.0,,,,,,4.0,0.010043909910801375
active_power_discr,12.0,2.0,,,,,,5.0,0.0048151853140444845
active_power_discr,12.0,2.0,,,,,,6.0,0.0
active_power_discr,12.0,2.0,,,,,,7.0,0.0
active_power_discr,12.0,2.0,,,,,,8.0,0.0
active_power_discr,12.0,2.0,,,,,,9.0,0.0
active_power_discr,12.0,2.0,,,,,,10.0,0.0
active_power_discr,12.0,2.0,,,,,,11.0,0.0
active_power_discr,12.0,2.0,,,,,,12.0,0.0
active_power_discr,12.0,2.0,,,,,,13.0,0.0
active_power_discr,12.0,2.0,,,,,,14.0,0.0
active_power_discr,12.0,2.0,,,,,,15.0,0.0
active_power_discr,12.0,6.0,,,,,,1.0,0.003811904963134563
active_power_discr,12.0,6.0,,,,,,2.0,0.005264966907931571
active_power_discr,12.0,6.0,,,,,,3.0,0.005595090102660396
active_power_discr,12.0,6.0,,,,,,4.0,0.0
active_power_discr,12.0,6.0,,,,,,5.0,0.0
active_power_discr,12.0,6.0,,,,,,6.0,0.0
active_power_discr,12.0,6.0,,,,,,7.0,0.0
active_power_discr,12.0,6.0,,,,,,8.0,0.0
active_power_discr,12.0,6.0,,,,,,9.0,0.0
active_power_discr,12.0,6.0,,,,,,10.0,0.0
active_power_discr,12.0,6.0,,,,,,11.0,0.0
active_power_discr,12.0,6.0,,,,,,12.0,0.0
active_power_discr,12.0,6.0,,,,,,13.0,0.0
active_power_discr,12.0,6.0,,,,,,14.0,0.0
active_power_discr,12.0,6.0,,,,,,15.0,0.0
active_power_discr,12.0,10.0,,,,,,1.0,0.003811904963134563
active_power_discr,12.0,10.0,,,,,,2.0,0.005264966907931571
active_power_discr,12.0,10.0,,,,,,3.0,0.007271922256639911
active_power_discr,12.0,10.0,,,,,,4.0,0.010043909910801375
active_power_discr,12.0,10.0,,,,,,5.0,0.01387255291462737
active_power_discr,12.0,10.0,,,,,,6.0,0.01526490307266063
active_power_discr,12.0,10.0,,,,,,7.0,0.0
active_power_discr,12.0,10.0,,,,,,8.0,0.0
active_power_discr,12.0,10.0,,,,,,9.0,0.0
active_power_discr,12.0,10.0,,,,,,10.0,0.0
active_power_discr,12.0,10.0,,,,,,11.0,0.0
active_power_discr,12.0,10.0,,,,,,12.0,0.0
active_power_discr,12.0,10.0,,,,,,13.0,0.0
active_power_discr,12.0,10.0,,,,,,14.0,0.0
active_power_discr,12.0,10.0,,,,,,15.0,0.0
active_power_discr,12.0,11.0,,,,,,1.0,0.0075778699824844125
active_power_discr,12.0,11.0,,,,,,2.0,0.013320281329628255
active_power_discr,12.0,11.0,,,,,,3.0,0.023414217334232015
active_power_discr,12.0,11.0,,,,,,4.0,0.027576377894271618
active_power_discr,12.0,11.0,,,,,,5.0,0.0
active_power_discr,12.0,11.0,,,,,,6.0,0.0
active_power_discr,12.0,11.0,,,,,,7.0,0.0
active_power_discr,12.0,11.0,,,,,,8.0,0.0
active_power_discr,12.0,11.0,,,,,,9.0,0.0
active_power_discr,12.0,11.0,,,,,,10.0,0.0
active_power_discr,12.0,11.0,,,,,,11.0,0.0
active_power_discr,12.0,11.0,,,,,,12.0,0.0
active_power_discr,12.0,11.0,,,,,,13.0,0.0
active_power_discr,12.0,11.0,,,,,,14.0,0.0
active_power_discr,12.0,11.0,,,,,,15.0,0.0
active_power_discr,12.0,12.0,,,,,,1.0,0.0075778699824844125
active_power_discr,12.0,12.0,,,,,,2.0,0.013320281329628255
active_power_discr,12.0,12.0,,,,,,3.0,0.023414217334232015
active_power_discr,12.0,12.0,,,,,,4.0,0.041157206804276286
active_power_discr,12.0,12.0,,,,,,5.0,0.046913927252882306
active_power_discr,12.0,12.0,,,,,,6.0,0.0
active_power_discr,12.0,12.0,,,,,,7.0,0.0
active_power_discr,12.0,12.0,,,,,,8.0,0.0
active_power_discr,12.0,12.0,,,,,,9.0,0.0
active_power_discr,12.0,12.0,,,,,,10.0,0.0
active_power_discr,12.0,12.0,,,,,,11.0,0.0
active_power_discr,12.0,12.0,,,,,,12.0,0.0
active_power_discr,12.0,12.0,,,,,,13.0,0.0
active_power_discr,12.0,12.0,,,,,,14.0,0.0
active_power_discr,12.0,12.0,,,,,,15.0,0.0
active_power_discr,12.0,13.0,,,,,,1.0,0.003811904963134563
active_power_discr,12.0,13.0,,,,,,2.0,0.005264966907931571
active_power_discr,12.0,13.0,,,,,,3.0,0.007271922256639911
active_power_discr,12.0,13.0,,,,,,4.0,0.010043909910801375
active_power_discr,12.0,13.0,,,,,,5.0,0.01387255291462737
active_power_discr,12.0,13.0,,,,,,6.0,0.019160638245288873
active_power_discr,12.0,13.0,,,,,,7.0,0.026464491447693153
active_power_discr,12.0,13.0,,,,,,8.0,0.03655250407732255
active_power_discr,12.0,13.0,,,,,,9.0,0.011410538669060916
active_power_discr,12.0,13.0,,,,,,10.0,0.0
active_power_discr,12.0,13.0,,,,,,11.0,0.0
active_power_discr,12.0,13.0,,,,,,12.0,0.0
active_power_discr,12.0,13.0,,,,,,13.0,0.0
active_power_discr,12.0,13.0,,,,,,14.0,0.0
active_power_discr,12.0,13.0,,,,,,15.0,0.0
active_power_discr,12.0,14.0,,,,,,1.0,0.003811904963134563
active_power_discr,12.0,14.0,,,,,,2.0,0.005264966907931571
active_power_discr,12.0,14.0,,,,,,3.0,0.007271922256639911
active_power_discr,12.0,14.0,,,,,,4.0,0.010043909910801375
active_power_discr,12.0,14.0,,,,,,5.0,0.002179176034556883
active_power_discr,12.0,14.0,,,,,,6.0,0.0
active_power_discr,12.0,14.0,,,,,,7.0,0.0
active_power_discr,12.0,14.0,,,,,,8.0,0.0
active_power_discr,12.0,14.0,,,,,,9.0,0.0
active_power_discr,12.0,14.0,,,,,,10.0,0.0
active_power_discr,12.0,14.0,,,,,,11.0,0.0
active_power_discr,12.0,14.0,,,,,,12.0,0.0
active_power_discr,12.0,14.0,,,,,,13.0,0.0
active_power_discr,12.0,14.0,,,,,,14.0,0.0
active_power_discr,12.0,14.0,,,,,,15.0,0.0
active_power_discr,12.0,15.0,,,,,,1.0,0.003811904963134563
active_power_discr,12.0,15.0,,,,,,2.0,0.005264966907931571
active_power_discr,12.0,15.0,,,,,,3.0,0.007271922256639911
active_power_discr,12.0,15.0,,,,,,4.0,0.010043909910801375
active_power_discr,12.0,15.0,,,,,,5.0,0.01387255291462737
active_power_discr,12.0,15.0,,,,,,6.0,0.019160638245288873
active_power_discr,12.0,15.0,,,,,,7.0,0.0031718978023803947
active_power_discr,12.0,15.0,,,,,,8.0,0.0
active_power_discr,12.0,15.0,,,,,,9.0,0.0
active_power_discr,12.0,15.0,,,,,,10.0,0.0
active_power_discr,12.0,15.0,,,,,,11.0,0.0
active_power_discr,12.0,15.0,,,,,,12.0,0.0
active_power_discr,12.0,15.0,,,,,,13.0,0.0
active_power_discr,12.0,15.0,,,,,,14.0,0.0
active_power_discr,12.0,15.0,,,,,,15.0,0.0
active_power_discr,12.0,17.0,,,,,,1.0,0.0075778699824844125
active_power_discr,12.0,17.0,,,,,,2.0,0.013320281329628255
active_power_discr,12.0,17.0,,,,,,3.0,0.023414217334232015
active_power_discr,12.0,17.0,,,,,,4.0,0.041157206804276286
active_power_discr,12.0,17.0,,,,,,5.0,0.07234560300477912
active_power_discr,12.0,17.0,,,,,,6.0,0.12716816034224418
active_power_discr,12.0,17.0,,,,,,7.0,0.18578055756613177
active_power_discr,12.0,17.0,,,,,,8.0,0.0
active_power_discr,12.0,17.0,,,,,,9.0,0.0
active_power_discr,12.0,17.0,,,,,,10.0,0.0
active_power_discr,12.0,17.0,,,,,,11.0,0.0
active_power_discr,12.0,17.0,,,,,,12.0,0.0
active_power_discr,12.0,17.0,,,,,,13.0,0.0
active_power_discr,12.0,17.0,,,,,,14.0,0.0
active_power_discr,12.0,17.0,,,,,,15.0,0.0
active_power_discr,12.0,18.0,,,,,,1.0,0.0075778699824844125
active_power_discr,12.0,18.0,,,,,,2.0,0.013320281329628255
active_power_discr,12.0,18.0,,,,,,3.0,0.023414217334232015
active_power_discr,12.0,18.0,,,,,,4.0,0.005656176360584804
active_power_discr,12.0,18.0,,,,,,5.0,0.0
active_power_discr,12.0,18.0,,,,,,6.0,0.0
active_power_discr,12.0,18.0,,,,,,7.0,0.0
active_power_discr,12.0,18.0,,,,,,8.0,0.0
active_power_discr,12.0,18.0,,,,,,9.0,0.0
active_power_discr,12.0,18.0,,,,,,10.0,0.0
active_power_discr,12.0,18.0,,,,,,11.0,0.0
active_power_discr,12.0,18.0,,,,,,12.0,0.0
active_power_discr,12.0,18.0,,,,,,13.0,0.0
active_power_discr,12.0,18.0,,,,,,14.0,0.0
active_power_discr,12.0,18.0,,,,,,15.0,0.0
active_power_discr,12.0,19.0,,,,,,1.0,0.0075778699824844125
active_power_discr,12.0,19.0,,,,,,2.0,0.013320281329628255
active_power_discr,12.0,19.0,,,,,,3.0,0.023414217334232015
active_power_discr,12.0,19.0,,,,,,4.0,0.041157206804276286
active_power_discr,12.0,19.0,,,,,,5.0,0.07234560300477912
active_power_discr,12.0,19.0,,,,,,6.0,0.09909548193740267
active_power_discr,12.0,19.0,,,,,,7.0,0.0
active_power_discr,12.0,19.0,,,,,,8.0,0.0
active_power_discr,12.0,19.0,,,,,,9.0,0.0
active_power_discr,12.0,19.0,,,,,,10.0,0.0
active_power_discr,12.0,19.0,,,,,,11.0,0.0
active_power_discr,12.0,19.0,,,,,,12.0,0.0
active_power_discr,12.0,19.0,,,,,,13.0,0.0
active_power_discr,12.0,19.0,,,,,,14.0,0.0
active_power_discr,12.0,19.0,,,,,,15.0,0.0
active_power_discr,13.0,0.0,,,,,,1.0,0.003811904963134563
active_power_discr,13.0,0.0,,,,,,2.0,0.005264966907931571
active_power_discr,13.0,0.0,,,,,,3.0,0.007271922256639911
active_power_discr,13.0,0.0,,,,,,4.0,0.0067540701182972306
active_power_discr,13.0,0.0,,,,,,5.0,0.0
active_power_discr,13.0,0.0,,,,,,6.0,0.0
active_power_discr,13.0,0.0,,,,,,7.0,0.0
active_power_discr,13.0,0.0,,,,,,8.0,0.0
active_power_discr,13.0,0.0,,,,,,9.0,0.0
active_power_discr,13.0,0.0,,,,,,10.0,0.0
active_power_discr,13.0,0.0,,,,,,11.0,0.0
active_power_discr,13.0,0.0,,,,,,12.0,0.0
active_power_discr,13.0,0.0,,,,,,13.0,0.0
active_power_discr,13.0,0.0,,,,,,14.0,0.0
active_power_discr,13.0,0.0,,,,,,15.0,0.0
active_power_discr,13.0,2.0,,,,,,1.0,0.003811904963134563
active_power_discr,13.0,2.0,,,,,,2.0,0.005264966907931571
active_power_discr,13.0,2.0,,,,,,3.0,0.007271922256639911
active_power_discr,13.0,2.0,,,,,,4.0,0.010043909910801375
active_power_discr,13.0,2.0,,,,,,5.0,0.0036256550142420296
active_power_discr,13.0,2.0,,,,,,6.0,0.0
active_power_discr,13.0,2.0,,,,,,7.0,0.0
active_power_discr,13.0,2.0,,,,,,8.0,0.0
active_power_discr,13.0,2.0,,,,,,9.0,0.0
active_power_discr,13.0,2.0,,,,,,10.0,0.0
active_power_discr,13.0,2.0,,,,,,11.0,0.0
active_power_discr,13.0,2.0,,,,,,12.0,0.0
active_power_discr,13.0,2.0,,,,,,13.0,0.0
active_power_discr,13.0,2.0,,,,,,14.0,0.0
active_power_discr,13.0,2.0,,,,,,15.0,0.0
active_power_discr,13.0,6.0,,,,,,1.0,0.003811904963134563
active_power_discr,13.0,6.0,,,,,,2.0,0.005264966907931571
active_power_discr,13.0,6.0,,,,,,3.0,0.005861222147832176
active_power_discr,13.0,6.0,,,,,,4.0,0.0
active_power_discr,13.0,6.0,,,,,,5.0,0.0
active_power_discr,13.0,6.0,,,,,,6.0,0.0
active_power_discr,13.0,6.0,,,,,,7.0,0.0
active_power_discr,13.0,6.0,,,,,,8.0,0.0
active_power_discr,13.0,6.0,,,,,,9.0,0.0
active_power_discr,13.0,6.0,,,,,,10.0,0.0
active_power_discr,13.0,6.0,,,,,,11.0,0.0
active_power_discr,13.0,6.0,,,,,,12.0,0.0
active_power_discr,13.0,6.0,,,,,,13.0,0.0
active_power_discr,13.0,6.0,,,,,,14.0,0.0
active_power_discr,13.0,6.0,,,,,,15.0,0.0
active_power_discr,13.0,10.0,,,,,,1.0,0.003811904963134563
active_power_discr,13.0,10.0,,,,,,2.0,0.005264966907931571
active_power_discr,13.0,10.0,,,,,,3.0,0.007271922256639911
active_power_discr,13.0,10.0,,,,,,4.0,0.010043909910801375
active_power_discr,13.0,10.0,,,,,,5.0,0.01387255291462737
active_power_discr,13.0,10.0,,,,,,6.0,0.014651623448496
active_power_discr,13.0,10.0,,,,,,7.0,0.0
active_power_discr,13.0,10.0,,,,,,8.0,0.0
active_power_discr,13.0,10.0,,,,,,9.0,0.0
active_power_discr,13.0,10.0,,,,,,10.0,0.0
active_power_discr,13.0,10.0,,,,,,11.0,0.0
active_power_discr,13.0,10.0,,,,,,12.0,0.0
active_power_discr,13.0,10.0,,,,,,13.0,0.0
active_power_discr,13.0,10.0,,,,,,14.0,0.0
active_power_discr,13.0,10.0,,,,,,15.0,0.0
active_power_discr,13.0,11.0,,,,,,1.0,0.0075778699824844125
active_power_discr,13.0,11.0,,,,,,2.0,0.013320281329628255
active_power_discr,13.0,11.0,,,,,,3.0,0.023414217334232015
active_power_discr,13.0,11.0,,,,,,4.0,0.02457078559496294
active_power_discr,13.0,11.0,,,,,,5.0,0.0
active_power_discr,13.0,11.0,,,,,,6.0,0.0
active_power_discr,13.0,11.0,,,,,,7.0,0.0
active_power_discr,13.0,11.0,,,,,,8.0,0.0
active_power_discr,13.0,11.0,,,,,,9.0,0.0
active_power_discr,13.0,11.0,,,,,,10.0,0.0
active_power_discr,13.0,11.0,,,,,,11.0,0.0
active_power_discr,13.0,11.0,,,,,,12.0,0.0
active_power_discr,13.0,11.0,,,,,,13.0,0.0
active_power_discr,13.0,11.0,,,,,,14.0,0.0
active_power_discr,13.0,11.0,,,,,,15.0,0.0
active_power_discr,13.0,12.0,,,,,,1.0,0.0075778699824844125
active_power_discr,13.0,12.0,,,,,,2.0,0.013320281329628255
active_power_discr,13.0,12.0,,,,,,3.0,0.023414217334232015
active_power_discr,13.0,12.0,,,,,,4.0,0.041157206804276286
active_power_discr,13.0,12.0,,,,,,5.0,0.044811213597140284
active_power_discr,13.0,12.0,,,,,,6.0,0.0
active_power_discr,13.0,12.0,,,,,,7.0,0.0
active_power_discr,13.0,12.0,,,,,,8.0,0.0
active_power_discr,13.0,12.0,,,,,,9.0,0.0
active_power_discr,13.0,12.0,,,,,,10.0,0.0
active_power_discr,13.0,12.0,,,,,,11.0,0.0
active_power_discr,13.0,12.0,,,,,,12.0,0.0
active_power_discr,13.0,12.0,,,,,,13.0,0.0
active_power_discr,13.0,12.0,,,,,,14.0,0.0
active_power_discr,13.0,12.0,,,,,,15.0,0.0
active_power_discr,13.0,13.0,,,,,,1.0,0.003811904963134563
active_power_discr,13.0,13.0,,,,,,2.0,0.005264966907931571
active_power_discr,13.0,13.0,,,,,,3.0,0.007271922256639911
active_power_discr,13.0,13.0,,,,,,4.0,0.010043909910801375
active_power_discr,13.0,13.0,,,,,,5.0,0.01387255291462737
active_power_discr,13.0,13.0,,,,,,6.0,0.019160638245288873
active_power_discr,13.0,13.0,,,,,,7.0,0.026464491447693153
active_power_discr,13.0,13.0,,,,,,8.0,0.03655250407732255
active_power_discr,13.0,13.0,,,,,,9.0,0.0042936000403141494
active_power_discr,13.0,13.0,,,,,,10.0,0.0
active_power_discr,13.0,13.0,,,,,,11.0,0.0
active_power_discr,13.0,13.0,,,,,,12.0,0.0
active_power_discr,13.0,13.0,,,,,,13.0,0.0
active_power_discr,13.0,13.0,,,,,,14.0,0.0
active_power_discr,13.0,13.0,,,,,,15.0,0.0
active_power_discr,13.0,14.0,,,,,,1.0,0.003811904963134563
active_power_discr,13.0,14.0,,,,,,2.0,0.005264966907931571
active_power_discr,13.0,14.0,,,,,,3.0,0.007271922256639911
active_power_discr,13.0,14.0,,,,,,4.0,0.010043909910801375
active_power_discr,13.0,14.0,,,,,,5.0,0.002692993522633018
active_power_discr,13.0,14.0,,,,,,6.0,0.0
active_power_discr,13.0,14.0,,,,,,7.0,0.0
active_power_discr,13.0,14.0,,,,,,8.0,0.0
active_power_discr,13.0,14.0,,,,,,9.0,0.0
active_power_discr,13.0,14.0,,,,,,10.0,0.0
active_power_discr,13.0,14.0,,,,,,11.0,0.0
active_power_discr,13.0,14.0,,,,,,12.0,0.0
active_power_discr,13.0,14.0,,,,,,13.0,0.0
active_power_discr,13.0,14.0,,,,,,14.0,0.0
active_power_discr,13.0,14.0,,,,,,15.0,0.0
active_power_discr,13.0,15.0,,,,,,1.0,0.003811904963134563
active_power_discr,13.0,15.0,,,,,,2.0,0.005264966907931571
active_power_discr,13.0,15.0,,,,,,3.0,0.007271922256639911
active_power_discr,13.0,15.0,,,,,,4.0,0.010043909910801375
active_power_discr,13.0,15.0,,,,,,5.0,0.01387255291462737
active_power_discr,13.0,15.0,,,,,,6.0,0.019160638245288873
active_power_discr,13.0,15.0,,,,,,7.0,0.001434301648013057
active_power_discr,13.0,15.0,,,,,,8.0,0.0
active_power_discr,13.0,15.0,,,,,,9.0,0.0
active_power_discr,13.0,15.0,,,,,,10.0,0.0
active_power_discr,13.0,15.0,,,,,,11.0,0.0
active_power_discr,13.0,15.0,,,,,,12.0,0.0
active_power_discr,13.0,15.0,,,,,,13.0,0.0
active_power_discr,13.0,15.0,,,,,,14.0,0.0
active_power_discr,13.0,15.0,,,,,,15.0,0.0
active_power_discr,13.0,17.0,,,,,,1.0,0.0075778699824844125
active_power_discr,13.0,17.0,,,,,,2.0,0.013320281329628255
active_power_discr,13.0,17.0,,,,,,3.0,0.023414217334232015
active_power_discr,13.0,17.0,,,,,,4.0,0.041157206804276286
active_power_discr,13.0,17.0,,,,,,5.0,0.07234560300477912
active_power_discr,13.0,17.0,,,,,,6.0,0.12716816034224418
active_power_discr,13.0,17.0,,,,,,7.0,0.17067396765171522
active_power_discr,13.0,17.0,,,,,,8.0,0.0
active_power_discr,13.0,17.0,,,,,,9.0,0.0
active_power_discr,13.0,17.0,,,,,,10.0,0.0
active_power_discr,13.0,17.0,,,,,,11.0,0.0
active_power_discr,13.0,17.0,,,,,,12.0,0.0
active_power_discr,13.0,17.0,,,,,,13.0,0.0
active_power_discr,13.0,17.0,,,,,,14.0,0.0
active_power_discr,13.0,17.0,,,,,,15.0,0.0
active_power_discr,13.0,18.0,,,,,,1.0,0.0075778699824844125
active_power_discr,13.0,18.0,,,,,,2.0,0.013320281329628255
active_power_discr,13.0,18.0,,,,,,3.0,0.023414217334232015
active_power_discr,13.0,18.0,,,,,,4.0,0.005254141953489687
active_power_discr,13.0,18.0,,,,,,5.0,0.0
active_power_discr,13.0,18.0,,,,,,6.0,0.0
active_power_discr,13.0,18.0,,,,,,7.0,0.0
active_power_discr,13.0,18.0,,,,,,8.0,0.0
active_power_discr,13.0,18.0,,,,,,9.0,0.0
active_power_discr,13.0,18.0,,,,,,10.0,0.0
active_power_discr,13.0,18.0,,,,,,11.0,0.0
active_power_discr,13.0,18.0,,,,,,12.0,0.0
active_power_discr,13.0,18.0,,,,,,13.0,0.0
active_power_discr,13.0,18.0,,,,,,14.0,0.0
active_power_discr,13.0,18.0,,,,,,15.0,0.0
active_power_discr,13.0,19.0,,,,,,1.0,0.0075778699824844125
active_power_discr,13.0,19.0,,,,,,2.0,0.013320281329628255
active_power_discr,13.0,19.0,,,,,,3.0,0.023414217334232015
active_power_discr,13.0,19.0,,,,,,4.0,0.041157206804276286
active_power_discr,13.0,19.0,,,,,,5.0,0.07234560300477912
active_power_discr,13.0,19.0,,,,,,6.0,0.08769881569580315
active_power_discr,13.0,19.0,,,,,,7.0,0.0
active_power_discr,13.0,19.0,,,,,,8.0,0.0
active_power_discr,13.0,19.0,,,,,,9.0,0.0
active_power_discr,13.0,19.0,,,,,,10.0,0.0
active_power_discr,13.0,19.0,,,,,,11.0,0.0
active_power_discr,13.0,19.0,,,,,,12.0,0.0
active_power_discr,13.0,19.0,,,,,,13.0,0.0
active_power_discr,13.0,19.0,,,,,,14.0,0.0
active_power_discr,13.0,19.0,,,,,,15.0,0.0
active_power_discr,14.0,0.0,,,,,,1.0,0.003811904963134563
active_power_discr,14.0,0.0,,,,,,2.0,0.005264966907931571
active_power_discr,14.0,0.0,,,,,,3.0,0.007271922256639911
active_power_discr,14.0,0.0,,,,,,4.0,0.006237730823669411
active_power_discr,14.0,0.0,,,,,,5.0,0.0
active_power_discr,14.0,0.0,,,,,,6.0,0.0
active_power_discr,14.0,0.0,,,,,,7.0,0.0
active_power_discr,14.0,0.0,,,,,,8.0,0.0
active_power_discr,14.0,0.0,,,,,,9.0,0.0
active_power_discr,14.0,0.0,,,,,,10.0,0.0
active_power_discr,14.0,0.0,,,,,,11.0,0.0
active_power_discr,14.0,0.0,,,,,,12.0,0.0
active_power_discr,14.0,0.0,,,,,,13.0,0.0
active_power_discr,14.0,0.0,,,,,,14.0,0.0
active_power_discr,14.0,0.0,,,,,,15.0,0.0
active_power_discr,14.0,2.0,,,,,,1.0,0.003811904963134563
active_power_discr,14.0,2.0,,,,,,2.0,0.005264966907931571
active_power_discr,14.0,2.0,,,,,,3.0,0.007271922256639911
active_power_discr,14.0,2.0,,,,,,4.0,0.010043909910801375
active_power_discr,14.0,2.0,,,,,,5.0,0.005984958289841212
active_power_discr,14.0,2.0,,,,,,6.0,0.0
active_power_discr,14.0,2.0,,,,,,7.0,0.0
active_power_discr,14.0,2.0,,,,,,8.0,0.0
active_power_discr,14.0,2.0,,,,,,9.0,0.0
active_power_discr,14.0,2.0,,,,,,10.0,0.0
active_power_discr,14.0,2.0,,,,,,11.0,0.0
active_power_discr,14.0,2.0,,,,,,12.0,0.0
active_power_discr,14.0,2.0,,,,,,13.0,0.0
active_power_discr,14.0,2.0,,,,,,14.0,0.0
active_power_discr,14.0,2.0,,,,,,15.0,0.0
active_power_discr,14.0,6.0,,,,,,1.0,0.003811904963134563
active_power_discr,14.0,6.0,,,,,,2.0,0.005264966907931571
active_power_discr,14.0,6.0,,,,,,3.0,0.006631149166159577
active_power_discr,14.0,6.0,,,,,,4.0,0.0
active_power_discr,14.0,6.0,,,,,,5.0,0.0
active_power_discr,14.0,6.0,,,,,,6.0,0.0
active_power_discr,14.0,6.0,,,,,,7.0,0.0
active_power_discr,14.0,6.0,,,,,,8.0,0.0
active_power_discr,14.0,6.0,,,,,,9.0,0.0
active_power_discr,14.0,6.0,,,,,,10.0,0.0
active_power_discr,14.0,6.0,,,,,,11.0,0.0
active_power_discr,14.0,6.0,,,,,,12.0,0.0
active_power_discr,14.0,6.0,,,,,,13.0,0.0
active_power_discr,14.0,6.0,,,,,,14.0,0.0
active_power_discr,14.0,6.0,,,,,,15.0,0.0
active_power_discr,14.0,10.0,,,,,,1.0,0.003811904963134563
active_power_discr,14.0,10.0,,,,,,2.0,0.005264966907931571
active_power_discr,14.0,10.0,,,,,,3.0,0.007271922256639911
active_power_discr,14.0,10.0,,,,,,4.0,0.010043909910801375
active_power_discr,14.0,10.0,,,,,,5.0,0.01387255291462737
active_power_discr,14.0,10.0,,,,,,6.0,0.016369950812701643
active_power_discr,14.0,10.0,,,,,,7.0,0.0
active_power_discr,14.0,10.0,,,,,,8.0,0.0
active_power_discr,14.0,10.0,,,,,,9.0,0.0
active_power_discr,14.0,10.0,,,,,,10.0,0.0
active_power_discr,14.0,10.0,,,,,,11.0,0.0
active_power_discr,14.0,10.0,,,,,,12.0,0.0
active_power_discr,14.0,10.0,,,,,,13.0,0.0
active_power_discr,14.0,10.0,,,,,,14.0,0.0
active_power_discr,14.0,10.0,,,,,,15.0,0.0
active_power_discr,14.0,11.0,,,,,,1.0,0.0075778699824844125
active_power_discr,14.0,11.0,,,,,,2.0,0.013320281329628255
active_power_discr,14.0,11.0,,,,,,3.0,0.023414217334232015
active_power_discr,14.0,11.0,,,,,,4.0,0.029537246445054514
active_power_discr,14.0,11.0,,,,,,5.0,0.0
active_power_discr,14.0,11.0,,,,,,6.0,0.0
active_power_discr,14.0,11.0,,,,,,7.0,0.0
active_power_discr,14.0,11.0,,,,,,8.0,0.0
active_power_discr,14.0,11.0,,,,,,9.0,0.0
active_power_discr,14.0,11.0,,,,,,10.0,0.0
active_power_discr,14.0,11.0,,,,,,11.0,0.0
active_power_discr,14.0,11.0,,,,,,12.0,0.0
active_power_discr,14.0,11.0,,,,,,13.0,0.0
active_power_discr,14.0,11.0,,,,,,14.0,0.0
active_power_discr,14.0,11.0,,,,,,15.0,0.0
active_power_discr,14.0,12.0,,,,,,1.0,0.0075778699824844125
active_power_discr,14.0,12.0,,,,,,2.0,0.013320281329628255
active_power_discr,14.0,12.0,,,,,,3.0,0.023414217334232015
active_power_discr,14.0,12.0,,,,,,4.0,0.041157206804276286
active_power_discr,14.0,12.0,,,,,,5.0,0.04831874886904507
active_power_discr,14.0,12.0,,,,,,6.0,0.0
active_power_discr,14.0,12.0,,,,,,7.0,0.0
active_power_discr,14.0,12.0,,,,,,8.0,0.0
active_power_discr,14.0,12.0,,,,,,9.0,0.0
active_power_discr,14.0,12.0,,,,,,10.0,0.0
active_power_discr,14.0,12.0,,,,,,11.0,0.0
active_power_discr,14.0,12.0,,,,,,12.0,0.0
active_power_discr,14.0,12.0,,,,,,13.0,0.0
active_power_discr,14.0,12.0,,,,,,14.0,0.0
active_power_discr,14.0,12.0,,,,,,15.0,0.0
active_power_discr,14.0,13.0,,,,,,1.0,0.003811904963134563
active_power_discr,14.0,13.0,,,,,,2.0,0.005264966907931571
active_power_discr,14.0,13.0,,,,,,3.0,0.007271922256639911
active_power_discr,14.0,13.0,,,,,,4.0,0.010043909910801375
active_power_discr,14.0,13.0,,,,,,5.0,0.01387255291462737
active_power_discr,14.0,13.0,,,,,,6.0,0.019160638245288873
active_power_discr,14.0,13.0,,,,,,7.0,0.026464491447693153
active_power_discr,14.0,13.0,,,,,,8.0,0.03655250407732255
active_power_discr,14.0,13.0,,,,,,9.0,0.0016609003928054616
active_power_discr,14.0,13.0,,,,,,10.0,0.0
active_power_discr,14.0,13.0,,,,,,11.0,0.0
active_power_discr,14.0,13.0,,,,,,12.0,0.0
active_power_discr,14.0,13.0,,,,,,13.0,0.0
active_power_discr,14.0,13.0,,,,,,14.0,0.0
active_power_discr,14.0,13.0,,,,,,15.0,0.0
active_power_discr,14.0,14.0,,,,,,1.0,0.003811904963134563
active_power_discr,14.0,14.0,,,,,,2.0,0.005264966907931571
active_power_discr,14.0,14.0,,,,,,3.0,0.007271922256639911
active_power_discr,14.0,14.0,,,,,,4.0,0.010043909910801375
active_power_discr,14.0,14.0,,,,,,5.0,0.002548898068054313
active_power_discr,14.0,14.0,,,,,,6.0,0.0
active_power_discr,14.0,14.0,,,,,,7.0,0.0
active_power_discr,14.0,14.0,,,,,,8.0,0.0
active_power_discr,14.0,14.0,,,,,,9.0,0.0
active_power_discr,14.0,14.0,,,,,,10.0,0.0
active_power_discr,14.0,14.0,,,,,,11.0,0.0
active_power_discr,14.0,14.0,,,,,,12.0,0.0
active_power_discr,14.0,14.0,,,,,,13.0,0.0
active_power_discr,14.0,14.0,,,,,,14.0,0.0
active_power_discr,14.0,14.0,,,,,,15.0,0.0
active_power_discr,14.0,15.0,,,,,,1.0,0.003811904963134563
active_power_discr,14.0,15.0,,,,,,2.0,0.005264966907931571
active_power_discr,14.0,15.0,,,,,,3.0,0.007271922256639911
active_power_discr,14.0,15.0,,,,,,4.0,0.010043909910801375
active_power_discr,14.0,15.0,,,,,,5.0,0.01387255291462737
active_power_discr,14.0,15.0,,,,,,6.0,0.019160638245288873
active_power_discr,14.0,15.0,,,,,,7.0,0.005515202566401513
active_power_discr,14.0,15.0,,,,,,8.0,0.0
active_power_discr,14.0,15.0,,,,,,9.0,0.0
active_power_discr,14.0,15.0,,,,,,10.0,0.0
active_power_discr,14.0,15.0,,,,,,11.0,0.0
active_power_discr,14.0,15.0,,,,,,12.0,0.0
active_power_discr,14.0,15.0,,,,,,13.0,0.0
active_power_discr,14.0,15.0,,,,,,14.0,0.0
active_power_discr,14.0,15.0,,,,,,15.0,0.0
active_power_discr,14.0,17.0,,,,,,1.0,0.0075778699824844125
active_power_discr,14.0,17.0,,,,,,2.0,0.013320281329628255
active_power_discr,14.0,17.0,,,,,,3.0,0.023414217334232015
active_power_discr,14.0,17.0,,,,,,4.0,0.041157206804276286
active_power_discr,14.0,17.0,,,,,,5.0,0.07234560300477912
active_power_discr,14.0,17.0,,,,,,6.0,0.12716816034224418
active_power_discr,14.0,17.0,,,,,,7.0,0.1807549691757649
active_power_discr,14.0,17.0,,,,,,8.0,0.0
active_power_discr,14.0,17.0,,,,,,9.0,0.0
active_power_discr,14.0,17.0,,,,,,10.0,0.0
active_power_discr,14.0,17.0,,,,,,11.0,0.0
active_power_discr,14.0,17.0,,,,,,12.0,0.0
active_power_discr,14.0,17.0,,,,,,13.0,0.0
active_power_discr,14.0,17.0,,,,,,14.0,0.0
active_power_discr,14.0,17.0,,,,,,15.0,0.0
active_power_discr,14.0,18.0,,,,,,1.0,0.0075778699824844125
active_power_discr,14.0,18.0,,,,,,2.0,0.013320281329628255
active_power_discr,14.0,18.0,,,,,,3.0,0.023414217334232015
active_power_discr,14.0,18.0,,,,,,4.0,0.003795830098063467
active_power_discr,14.0,18.0,,,,,,5.0,0.0
active_power_discr,14.0,18.0,,,,,,6.0,0.0
active_power_discr,14.0,18.0,,,,,,7.0,0.0
active_power_discr,14.0,18.0,,,,,,8.0,0.0
active_power_discr,14.0,18.0,,,,,,9.0,0.0
active_power_discr,14.0,18.0,,,,,,10.0,0.0
active_power_discr,14.0,18.0,,,,,,11.0,0.0
active_power_discr,14.0,18.0,,,,,,12.0,0.0
active_power_discr,14.0,18.0,,,,,,13.0,0.0
active_power_discr,14.0,18.0,,,,,,14.0,0.0
active_power_discr,14.0,18.0,,,,,,15.0,0.0
active_power_discr,14.0,19.0,,,,,,1.0,0.0075778699824844125
active_power_discr,14.0,19.0,,,,,,2.0,0.013320281329628255
active_power_discr,14.0,19.0,,,,,,3.0,0.023414217334232015
active_power_discr,14.0,19.0,,,,,,4.0,0.041157206804276286
active_power_discr,14.0,19.0,,,,,,5.0,0.07234560300477912
active_power_discr,14.0,19.0,,,,,,6.0,0.0933601933729982
active_power_discr,14.0,19.0,,,,,,7.0,0.0
active_power_discr,14.0,19.0,,,,,,8.0,0.0
active_power_discr,14.0,19.0,,,,,,9.0,0.0
active_power_discr,14.0,19.0,,,,,,10.0,0.0
active_power_discr,14.0,19.0,,,,,,11.0,0.0
active_power_discr,14.0,19.0,,,,,,12.0,0.0
active_power_discr,14.0,19.0,,,,,,13.0,0.0
active_power_discr,14.0,19.0,,,,,,14.0,0.0
active_power_discr,14.0,19.0,,,,,,15.0,0.0
active_power_discr,15.0,0.0,,,,,,1.0,0.003811904963134563
active_power_discr,15.0,0.0,,,,,,2.0,0.005264966907931571
active_power_discr,15.0,0.0,,,,,,3.0,0.007271922256639911
active_power_discr,15.0,0.0,,,,,,4.0,0.0071209151786707225
active_power_discr,15.0,0.0,,,,,,5.0,0.0
active_power_discr,15.0,0.0,,,,,,6.0,0.0
active_power_discr,15.0,0.0,,,,,,7.0,0.0
active_power_discr,15.0,0.0,,,,,,8.0,0.0
active_power_discr,15.0,0.0,,,,,,9.0,0.0
active_power_discr,15.0,0.0,,,,,,10.0,0.0
active_power_discr,15.0,0.0,,,,,,11.0,0.0
active_power_discr,15.0,0.0,,,,,,12.0,0.0
active_power_discr,15.0,0.0,,,,,,13.0,0.0
active_power_discr,15.0,0.0,,,,,,14.0,0.0
active_power_discr,15.0,0.0,,,,,,15.0,0.0
active_power_discr,15.0,2.0,,,,,,1.0,0.003811904963134563
active_power_discr,15.0,2.0,,,,,,2.0,0.005264966907931571
active_power_discr,15.0,2.0,,,,,,3.0,0.007271922256639911
active_power_discr,15.0,2.0,,,,,,4.0,0.010043909910801375
active_power_discr,15.0,2.0,,,,,,5.0,0.005789574244077791
active_power_discr,15.0,2.0,,,,,,6.0,0.0
active_power_discr,15.0,2.0,,,,,,7.0,0.0
active_power_discr,15.0,2.0,,,,,,8.0,0.0
active_power_discr,15.0,2.0,,,,,,9.0,0.0
active_power_discr,15.0,2.0,,,,,,10.0,0.0
active_power_discr,15.0,2.0,,,,,,11.0,0.0
active_power_discr,15.0,2.0,,,,,,12.0,0.0
active_power_discr,15.0,2.0,,,,,,13.0,0.0
active_power_discr,15.0,2.0,,,,,,14.0,0.0
active_power_discr,15.0,2.0,,,,,,15.0,0.0
active_power_discr,15.0,6.0,,,,,,1.0,0.003811904963134563
active_power_discr,15.0,6.0,,,,,,2.0,0.005264966907931571
active_power_discr,15.0,6.0,,,,,,3.0,0.007271922256639911
active_power_discr,15.0,6.0,,,,,,4.0,0.0015976114718148637
active_power_discr,15.0,6.0,,,,,,5.0,0.0
active_power_discr,15.0,6.0,,,,,,6.0,0.0
active_power_discr,15.0,6.0,,,,,,7.0,0.0
active_power_discr,15.0,6.0,,,,,,8.0,0.0
active_power_discr,15.0,6.0,,,,,,9.0,0.0
active_power_discr,15.0,6.0,,,,,,10.0,0.0
active_power_discr,15.0,6.0,,,,,,11.0,0.0
active_power_discr,15.0,6.0,,,,,,12.0,0.0
active_power_discr,15.0,6.0,,,,,,13.0,0.0
active_power_discr,15.0,6.0,,,,,,14.0,0.0
active_power_discr,15.0,6.0,,,,,,15.0,0.0
active_power_discr,15.0,10.0,,,,,,1.0,0.003811904963134563
active_power_discr,15.0,10.0,,,,,,2.0,0.005264966907931571
active_power_discr,15.0,10.0,,,,,,3.0,0.007271922256639911
active_power_discr,15.0,10.0,,,,,,4.0,0.010043909910801375
active_power_discr,15.0,10.0,,,,,,5.0,0.01387255291462737
active_power_discr,15.0,10.0,,,,,,6.0,0.017117315081982637
active_power_discr,15.0,10.0,,,,,,7.0,0.0
active_power_discr,15.0,10.0,,,,,,8.0,0.0
active_power_discr,15.0,10.0,,,,,,9.0,0.0
active_power_discr,15.0,10.0,,,,,,10.0,0.0
active_power_discr,15.0,10.0,,,,,,11.0,0.0
active_power_discr,15.0,10.0,,,,,,12.0,0.0
active_power_discr,15.0,10.0,,,,,,13.0,0.0
active_power_discr,15.0,10.0,,,,,,14.0,0.0
active_power_discr,15.0,10.0,,,,,,15.0,0.0
active_power_discr,15.0,11.0,,,,,,1.0,0.0075778699824844125
active_power_discr,15.0,11.0,,,,,,2.0,0.013320281329628255
active_power_discr,15.0,11.0,,,,,,3.0,0.023414217334232015
active_power_discr,15.0,11.0,,,,,,4.0,0.028787623633332222
active_power_discr,15.0,11.0,,,,,,5.0,0.0
active_power_discr,15.0,11.0,,,,,,6.0,0.0
active_power_discr,15.0,11.0,,,,,,7.0,0.0
active_power_discr,15.0,11.0,,,,,,8.0,0.0
active_power_discr,15.0,11.0,,,,,,9.0,0.0
active_power_discr,15.0,11.0,,,,,,10.0,0.0
active_power_discr,15.0,11.0,,,,,,11.0,0.0
active_power_discr,15.0,11.0,,,,,,12.0,0.0
active_power_discr,15.0,11.0,,,,,,13.0,0.0
active_power_discr,15.0,11.0,,,,,,14.0,0.0
active_power_discr,15.0,11.0,,,,,,15.0,0.0
active_power_discr,15.0,12.0,,,,,,1.0,0.0075778699824844125
active_power_discr,15.0,12.0,,,,,,2.0,0.013320281329628255
active_power_discr,15.0,12.0,,,,,,3.0,0.023414217334232015
active_power_discr,15.0,12.0,,,,,,4.0,0.041157206804276286
active_power_discr,15.0,12.0,,,,,,5.0,0.049109480746542714
active_power_discr,15.0,12.0,,,,,,6.0,0.0
active_power_discr,15.0,12.0,,,,,,7.0,0.0
active_power_discr,15.0,12.0,,,,,,8.0,0.0
active_power_discr,15.0,12.0,,,,,,9.0,0.0
active_power_discr,15.0,12.0,,,,,,10.0,0.0
active_power_discr,15.0,12.0,,,,,,11.0,0.0
active_power_discr,15.0,12.0,,,,,,12.0,0.0
active_power_discr,15.0,12.0,,,,,,13.0,0.0
active_power_discr,15.0,12.0,,,,,,14.0,0.0
active_power_discr,15.0,12.0,,,,,,15.0,0.0
active_power_discr,15.0,13.0,,,,,,1.0,0.003811904963134563
active_power_discr,15.0,13.0,,,,,,2.0,0.005264966907931571
active_power_discr,15.0,13.0,,,,,,3.0,0.007271922256639911
active_power_discr,15.0,13.0,,,,,,4.0,0.010043909910801375
active_power_discr,15.0,13.0,,,,,,5.0,0.01387255291462737
active_power_discr,15.0,13.0,,,,,,6.0,0.019160638245288873
active_power_discr,15.0,13.0,,,,,,7.0,0.026464491447693153
active_power_discr,15.0,13.0,,,,,,8.0,0.03454736486899018
active_power_discr,15.0,13.0,,,,,,9.0,0.0
active_power_discr,15.0,13.0,,,,,,10.0,0.0
active_power_discr,15.0,13.0,,,,,,11.0,0.0
active_power_discr,15.0,13.0,,,,,,12.0,0.0
active_power_discr,15.0,13.0,,,,,,13.0,0.0
active_power_discr,15.0,13.0,,,,,,14.0,0.0
active_power_discr,15.0,13.0,,,,,,15.0,0.0
active_power_discr,15.0,14.0,,,,,,1.0,0.003811904963134563
active_power_discr,15.0,14.0,,,,,,2.0,0.005264966907931571
active_power_discr,15.0,14.0,,,,,,3.0,0.007271922256639911
active_power_discr,15.0,14.0,,,,,,4.0,0.010043909910801375
active_power_discr,15.0,14.0,,,,,,5.0,0.0035773708917311575
active_power_discr,15.0,14.0,,,,,,6.0,0.0
active_power_discr,15.0,14.0,,,,,,7.0,0.0
active_power_discr,15.0,14.0,,,,,,8.0,0.0
active_power_discr,15.0,14.0,,,,,,9.0,0.0
active_power_discr,15.0,14.0,,,,,,10.0,0.0
active_power_discr,15.0,14.0,,,,,,11.0,0.0
active_power_discr,15.0,14.0,,,,,,12.0,0.0
active_power_discr,15.0,14.0,,,,,,13.0,0.0
active_power_discr,15.0,14.0,,,,,,14.0,0.0
active_power_discr,15.0,14.0,,,,,,15.0,0.0
active_power_discr,15.0,15.0,,,,,,1.0,0.003811904963134563
active_power_discr,15.0,15.0,,,,,,2.0,0.005264966907931571
active_power_discr,15.0,15.0,,,,,,3.0,0.007271922256639911
active_power_discr,15.0,15.0,,,,,,4.0,0.010043909910801375
active_power_discr,15.0,15.0,,,,,,5.0,0.01387255291462737
active_power_discr,15.0,15.0,,,,,,6.0,0.019160638245288873
active_power_discr,15.0,15.0,,,,,,7.0,0.007253838587548522
active_power_discr,15.0,15.0,,,,,,8.0,0.0
active_power_discr,15.0,15.0,,,,,,9.0,0.0
active_power_discr,15.0,15.0,,,,,,10.0,0.0
active_power_discr,15.0,15.0,,,,,,11.0,0.0
active_power_discr,15.0,15.0,,,,,,12.0,0.0
active_power_discr,15.0,15.0,,,,,,13.0,0.0
active_power_discr,15.0,15.0,,,,,,14.0,0.0
active_power_discr,15.0,15.0,,,,,,15.0,0.0
active_power_discr,15.0,17.0,,,,,,1.0,0.0075778699824844125
active_power_discr,15.0,17.0,,,,,,2.0,0.013320281329628255
active_power_discr,15.0,17.0,,,,,,3.0,0.023414217334232015
active_power_discr,15.0,17.0,,,,,,4.0,0.041157206804276286
active_power_discr,15.0,17.0,,,,,,5.0,0.07234560300477912
active_power_discr,15.0,17.0,,,,,,6.0,0.12716816034224418
active_power_discr,15.0,17.0,,,,,,7.0,0.17850253976825947
active_power_discr,15.0,17.0,,,,,,8.0,0.0
active_power_discr,15.0,17.0,,,,,,9.0,0.0
active_power_discr,15.0,17.0,,,,,,10.0,0.0
active_power_discr,15.0,17.0,,,,,,11.0,0.0
active_power_discr,15.0,17.0,,,,,,12.0,0.0
active_power_discr,15.0,17.0,,,,,,13.0,0.0
active_power_discr,15.0,17.0,,,,,,14.0,0.0
active_power_discr,15.0,17.0,,,,,,15.0,0.0
active_power_discr,15.0,18.0,,,,,,1.0,0.0075778699824844125
active_power_discr,15.0,18.0,,,,,,2.0,0.013320281329628255
active_power_discr,15.0,18.0,,,,,,3.0,0.023414217334232015
active_power_discr,15.0,18.0,,,,,,4.0,0.0034741315324331515
active_power_discr,15.0,18.0,,,,,,5.0,0.0
active_power_discr,15.0,18.0,,,,,,6.0,0.0
active_power_discr,15.0,18.0,,,,,,7.0,0.0
active_power_discr,15.0,18.0,,,,,,8.0,0.0
active_power_discr,15.0,18.0,,,,,,9.0,0.0
active_power_discr,15.0,18.0,,,,,,10.0,0.0
active_power_discr,15.0,18.0,,,,,,11.0,0.0
active_power_discr,15.0,18.0,,,,,,12.0,0.0
active_power_discr,15.0,18.0,,,,,,13.0,0.0
active_power_discr,15.0,18.0,,,,,,14.0,0.0
active_power_discr,15.0,18.0,,,,,,15.0,0.0
active_power_discr,15.0,19.0,,,,,,1.0,0.0075778699824844125
active_power_discr,15.0,19.0,,,,,,2.0,0.013320281329628255
active_power_discr,15.0,19.0,,,,,,3.0,0.023414217334232015
active_power_discr,15.0,19.0,,,,,,4.0,0.041157206804276286
active_power_discr,15.0,19.0,,,,,,5.0,0.07234560300477912
active_power_discr,15.0,19.0,,,,,,6.0,0.09083687137860655
active_power_discr,15.0,19.0,,,,,,7.0,0.0
active_power_discr,15.0,19.0,,,,,,8.0,0.0
active_power_discr,15.0,19.0,,,,,,9.0,0.0
active_power_discr,15.0,19.0,,,,,,10.0,0.0
active_power_discr,15.0,19.0,,,,,,11.0,0.0
active_power_discr,15.0,19.0,,,,,,12.0,0.0
active_power_discr,15.0,19.0,,,,,,13.0,0.0
active_power_discr,15.0,19.0,,,,,,14.0,0.0
active_power_discr,15.0,19.0,,,,,,15.0,0.0
active_power_discr,16.0,0.0,,,,,,1.0,0.003811904963134563
active_power_discr,16.0,0.0,,,,,,2.0,0.005264966907931571
active_power_discr,16.0,0.0,,,,,,3.0,0.007271922256639911
active_power_discr,16.0,0.0,,,,,,4.0,0.007688781626896388
active_power_discr,16.0,0.0,,,,,,5.0,0.0
active_power_discr,16.0,0.0,,,,,,6.0,0.0
active_power_discr,16.0,0.0,,,,,,7.0,0.0
active_power_discr,16.0,0.0,,,,,,8.0,0.0
active_power_discr,16.0,0.0,,,,,,9.0,0.0
active_power_discr,16.0,0.0,,,,,,10.0,0.0
active_power_discr,16.0,0.0,,,,,,11.0,0.0
active_power_discr,16.0,0.0,,,,,,12.0,0.0
active_power_discr,16.0,0.0,,,,,,13.0,0.0
active_power_discr,16.0,0.0,,,,,,14.0,0.0
active_power_discr,16.0,0.0,,,,,,15.0,0.0
active_power_discr,16.0,2.0,,,,,,1.0,0.003811904963134563
active_power_discr,16.0,2.0,,,,,,2.0,0.005264966907931571
active_power_discr,16.0,2.0,,,,,,3.0,0.007271922256639911
active_power_discr,16.0,2.0,,,,,,4.0,0.010043909910801375
active_power_discr,16.0,2.0,,,,,,5.0,0.0061652174573667284
active_power_discr,16.0,2.0,,,,,,6.0,0.0
active_power_discr,16.0,2.0,,,,,,7.0,0.0
active_power_discr,16.0,2.0,,,,,,8.0,0.0
active_power_discr,16.0,2.0,,,,,,9.0,0.0
active_power_discr,16.0,2.0,,,,,,10.0,0.0
active_power_discr,16.0,2.0,,,,,,11.0,0.0
active_power_discr,16.0,2.0,,,,,,12.0,0.0
active_power_discr,16.0,2.0,,,,,,13.0,0.0
active_power_discr,16.0,2.0,,,,,,14.0,0.0
active_power_discr,16.0,2.0,,,,,,15.0,0.0
active_power_discr,16.0,6.0,,,,,,1.0,0.003811904963134563
active_power_discr,16.0,6.0,,,,,,2.0,0.005264966907931571
active_power_discr,16.0,6.0,,,,,,3.0,0.007271922256639911
active_power_discr,16.0,6.0,,,,,,4.0,0.003347915092869653
active_power_discr,16.0,6.0,,,,,,5.0,0.0
active_power_discr,16.0,6.0,,,,,,6.0,0.0
active_power_discr,16.0,6.0,,,,,,7.0,0.0
active_power_discr,16.0,6.0,,,,,,8.0,0.0
active_power_discr,16.0,6.0,,,,,,9.0,0.0
active_power_discr,16.0,6.0,,,,,,10.0,0.0
active_power_discr,16.0,6.0,,,,,,11.0,0.0
active_power_discr,16.0,6.0,,,,,,12.0,0.0
active_power_discr,16.0,6.0,,,,,,13.0,0.0
active_power_discr,16.0,6.0,,,,,,14.0,0.0
active_power_discr,16.0,6.0,,,,,,15.0,0.0
active_power_discr,16.0,10.0,,,,,,1.0,0.003811904963134563
active_power_discr,16.0,10.0,,,,,,2.0,0.005264966907931571
active_power_discr,16.0,10.0,,,,,,3.0,0.007271922256639911
active_power_discr,16.0,10.0,,,,,,4.0,0.010043909910801375
active_power_discr,16.0,10.0,,,,,,5.0,0.01387255291462737
active_power_discr,16.0,10.0,,,,,,6.0,0.018009064930684625
active_power_discr,16.0,10.0,,,,,,7.0,0.0
active_power_discr,16.0,10.0,,,,,,8.0,0.0
active_power_discr,16.0,10.0,,,,,,9.0,0.0
active_power_discr,16.0,10.0,,,,,,10.0,0.0
active_power_discr,16.0,10.0,,,,,,11.0,0.0
active_power_discr,16.0,10.0,,,,,,12.0,0.0
active_power_discr,16.0,10.0,,,,,,13.0,0.0
active_power_discr,16.0,10.0,,,,,,14.0,0.0
active_power_discr,16.0,10.0,,,,,,15.0,0.0
active_power_discr,16.0,11.0,,,,,,1.0,0.0075778699824844125
active_power_discr,16.0,11.0,,,,,,2.0,0.013320281329628255
active_power_discr,16.0,11.0,,,,,,3.0,0.023414217334232015
active_power_discr,16.0,11.0,,,,,,4.0,0.02935114363333222
active_power_discr,16.0,11.0,,,,,,5.0,0.0
active_power_discr,16.0,11.0,,,,,,6.0,0.0
active_power_discr,16.0,11.0,,,,,,7.0,0.0
active_power_discr,16.0,11.0,,,,,,8.0,0.0
active_power_discr,16.0,11.0,,,,,,9.0,0.0
active_power_discr,16.0,11.0,,,,,,10.0,0.0
active_power_discr,16.0,11.0,,,,,,11.0,0.0
active_power_discr,16.0,11.0,,,,,,12.0,0.0
active_power_discr,16.0,11.0,,,,,,13.0,0.0
active_power_discr,16.0,11.0,,,,,,14.0,0.0
active_power_discr,16.0,11.0,,,,,,15.0,0.0
active_power_discr,16.0,12.0,,,,,,1.0,0.0075778699824844125
active_power_discr,16.0,12.0,,,,,,2.0,0.013320281329628255
active_power_discr,16.0,12.0,,,,,,3.0,0.023414217334232015
active_power_discr,16.0,12.0,,,,,,4.0,0.041157206804276286
active_power_discr,16.0,12.0,,,,,,5.0,0.05045101703937439
active_power_discr,16.0,12.0,,,,,,6.0,0.0
active_power_discr,16.0,12.0,,,,,,7.0,0.0
active_power_discr,16.0,12.0,,,,,,8.0,0.0
active_power_discr,16.0,12.0,,,,,,9.0,0.0
active_power_discr,16.0,12.0,,,,,,10.0,0.0
active_power_discr,16.0,12.0,,,,,,11.0,0.0
active_power_discr,16.0,12.0,,,,,,12.0,0.0
active_power_discr,16.0,12.0,,,,,,13.0,0.0
active_power_discr,16.0,12.0,,,,,,14.0,0.0
active_power_discr,16.0,12.0,,,,,,15.0,0.0
active_power_discr,16.0,13.0,,,,,,1.0,0.003811904963134563
active_power_discr,16.0,13.0,,,,,,2.0,0.005264966907931571
active_power_discr,16.0,13.0,,,,,,3.0,0.007271922256639911
active_power_discr,16.0,13.0,,,,,,4.0,0.010043909910801375
active_power_discr,16.0,13.0,,,,,,5.0,0.01387255291462737
active_power_discr,16.0,13.0,,,,,,6.0,0.019160638245288873
active_power_discr,16.0,13.0,,,,,,7.0,0.026464491447693153
active_power_discr,16.0,13.0,,,,,,8.0,0.03583932699049046
active_power_discr,16.0,13.0,,,,,,9.0,0.0
active_power_discr,16.0,13.0,,,,,,10.0,0.0
active_power_discr,16.0,13.0,,,,,,11.0,0.0
active_power_discr,16.0,13.0,,,,,,12.0,0.0
active_power_discr,16.0,13.0,,,,,,13.0,0.0
active_power_discr,16.0,13.0,,,,,,14.0,0.0
active_power_discr,16.0,13.0,,,,,,15.0,0.0
active_power_discr,16.0,14.0,,,,,,1.0,0.003811904963134563
active_power_discr,16.0,14.0,,,,,,2.0,0.005264966907931571
active_power_discr,16.0,14.0,,,,,,3.0,0.007271922256639911
active_power_discr,16.0,14.0,,,,,,4.0,0.010043909910801375
active_power_discr,16.0,14.0,,,,,,5.0,0.0042578007404331444
active_power_discr,16.0,14.0,,,,,,6.0,0.0
active_power_discr,16.0,14.0,,,,,,7.0,0.0
active_power_discr,16.0,14.0,,,,,,8.0,0.0
active_power_discr,16.0,14.0,,,,,,9.0,0.0
active_power_discr,16.0,14.0,,,,,,10.0,0.0
active_power_discr,16.0,14.0,,,,,,11.0,0.0
active_power_discr,16.0,14.0,,,,,,12.0,0.0
active_power_discr,16.0,14.0,,,,,,13.0,0.0
active_power_discr,16.0,14.0,,,,,,14.0,0.0
active_power_discr,16.0,14.0,,,,,,15.0,0.0
active_power_discr,16.0,15.0,,,,,,1.0,0.003811904963134563
active_power_discr,16.0,15.0,,,,,,2.0,0.005264966907931571
active_power_discr,16.0,15.0,,,,,,3.0,0.007271922256639911
active_power_discr,16.0,15.0,,,,,,4.0,0.010043909910801375
active_power_discr,16.0,15.0,,,,,,5.0,0.01387255291462737
active_power_discr,16.0,15.0,,,,,,6.0,0.019160638245288873
active_power_discr,16.0,15.0,,,,,,7.0,0.009379822208603308
active_power_discr,16.0,15.0,,,,,,8.0,0.0
active_power_discr,16.0,15.0,,,,,,9.0,0.0
active_power_discr,16.0,15.0,,,,,,10.0,0.0
active_power_discr,16.0,15.0,,,,,,11.0,0.0
active_power_discr,16.0,15.0,,,,,,12.0,0.0
active_power_discr,16.0,15.0,,,,,,13.0,0.0
active_power_discr,16.0,15.0,,,,,,14.0,0.0
active_power_discr,16.0,15.0,,,,,,15.0,0.0
active_power_discr,16.0,17.0,,,,,,1.0,0.0075778699824844125
active_power_discr,16.0,17.0,,,,,,2.0,0.013320281329628255
active_power_discr,16.0,17.0,,,,,,3.0,0.023414217334232015
active_power_discr,16.0,17.0,,,,,,4.0,0.041157206804276286
active_power_discr,16.0,17.0,,,,,,5.0,0.07234560300477912
active_power_discr,16.0,17.0,,,,,,6.0,0.12716816034224418
active_power_discr,16.0,17.0,,,,,,7.0,0.18670902467055955
active_power_discr,16.0,17.0,,,,,,8.0,0.0
active_power_discr,16.0,17.0,,,,,,9.0,0.0
active_power_discr,16.0,17.0,,,,,,10.0,0.0
active_power_discr,16.0,17.0,,,,,,11.0,0.0
active_power_discr,16.0,17.0,,,,,,12.0,0.0
active_power_discr,16.0,17.0,,,,,,13.0,0.0
active_power_discr,16.0,17.0,,,,,,14.0,0.0
active_power_discr,16.0,17.0,,,,,,15.0,0.0
active_power_discr,16.0,18.0,,,,,,1.0,0.0075778699824844125
active_power_discr,16.0,18.0,,,,,,2.0,0.013320281329628255
active_power_discr,16.0,18.0,,,,,,3.0,0.023414217334232015
active_power_discr,16.0,18.0,,,,,,4.0,0.006042398716246851
active_power_discr,16.0,18.0,,,,,,5.0,0.0
active_power_discr,16.0,18.0,,,,,,6.0,0.0
active_power_discr,16.0,18.0,,,,,,7.0,0.0
active_power_discr,16.0,18.0,,,,,,8.0,0.0
active_power_discr,16.0,18.0,,,,,,9.0,0.0
active_power_discr,16.0,18.0,,,,,,10.0,0.0
active_power_discr,16.0,18.0,,,,,,11.0,0.0
active_power_discr,16.0,18.0,,,,,,12.0,0.0
active_power_discr,16.0,18.0,,,,,,13.0,0.0
active_power_discr,16.0,18.0,,,,,,14.0,0.0
active_power_discr,16.0,18.0,,,,,,15.0,0.0
active_power_discr,16.0,19.0,,,,,,1.0,0.0075778699824844125
active_power_discr,16.0,19.0,,,,,,2.0,0.013320281329628255
active_power_discr,16.0,19.0,,,,,,3.0,0.023414217334232015
active_power_discr,16.0,19.0,,,,,,4.0,0.041157206804276286
active_power_discr,16.0,19.0,,,,,,5.0,0.07234560300477912
active_power_discr,16.0,19.0,,,,,,6.0,0.0947523845148329
active_power_discr,16.0,19.0,,,,,,7.0,0.0
active_power_discr,16.0,19.0,,,,,,8.0,0.0
active_power_discr,16.0,19.0,,,,,,9.0,0.0
active_power_discr,16.0,19.0,,,,,,10.0,0.0
active_power_discr,16.0,19.0,,,,,,11.0,0.0
active_power_discr,16.0,19.0,,,,,,12.0,0.0
active_power_discr,16.0,19.0,,,,,,13.0,0.0
active_power_discr,16.0,19.0,,,,,,14.0,0.0
active_power_discr,16.0,19.0,,,,,,15.0,0.0
active_power_discr,17.0,0.0,,,,,,1.0,0.003811904963134563
active_power_discr,17.0,0.0,,,,,,2.0,0.005264966907931571
active_power_discr,17.0,0.0,,,,,,3.0,0.007271922256639911
active_power_discr,17.0,0.0,,,,,,4.0,0.010043909910801375
active_power_discr,17.0,0.0,,,,,,5.0,6.059686861924207e-05
active_power_discr,17.0,0.0,,,,,,6.0,0.0
active_power_discr,17.0,0.0,,,,,,7.0,0.0
active_power_discr,17.0,0.0,,,,,,8.0,0.0
active_power_discr,17.0,0.0,,,,,,9.0,0.0
active_power_discr,17.0,0.0,,,,,,10.0,0.0
active_power_discr,17.0,0.0,,,,,,11.0,0.0
active_power_discr,17.0,0.0,,,,,,12.0,0.0
active_power_discr,17.0,0.0,,,,,,13.0,0.0
active_power_discr,17.0,0.0,,,,,,14.0,0.0
active_power_discr,17.0,0.0,,,,,,15.0,0.0
active_power_discr,17.0,2.0,,,,,,1.0,0.003811904963134563
active_power_discr,17.0,2.0,,,,,,2.0,0.005264966907931571
active_power_discr,17.0,2.0,,,,,,3.0,0.007271922256639911
active_power_discr,17.0,2.0,,,,,,4.0,0.010043909910801375
active_power_discr,17.0,2.0,,,,,,5.0,0.007232865999522657
active_power_discr,17.0,2.0,,,,,,6.0,0.0
active_power_discr,17.0,2.0,,,,,,7.0,0.0
active_power_discr,17.0,2.0,,,,,,8.0,0.0
active_power_discr,17.0,2.0,,,,,,9.0,0.0
active_power_discr,17.0,2.0,,,,,,10.0,0.0
active_power_discr,17.0,2.0,,,,,,11.0,0.0
active_power_discr,17.0,2.0,,,,,,12.0,0.0
active_power_discr,17.0,2.0,,,,,,13.0,0.0
active_power_discr,17.0,2.0,,,,,,14.0,0.0
active_power_discr,17.0,2.0,,,,,,15.0,0.0
active_power_discr,17.0,6.0,,,,,,1.0,0.003811904963134563
active_power_discr,17.0,6.0,,,,,,2.0,0.005264966907931571
active_power_discr,17.0,6.0,,,,,,3.0,0.007271922256639911
active_power_discr,17.0,6.0,,,,,,4.0,0.0048640016941306485
active_power_discr,17.0,6.0,,,,,,5.0,0.0
active_power_discr,17.0,6.0,,,,,,6.0,0.0
active_power_discr,17.0,6.0,,,,,,7.0,0.0
active_power_discr,17.0,6.0,,,,,,8.0,0.0
active_power_discr,17.0,6.0,,,,,,9.0,0.0
active_power_discr,17.0,6.0,,,,,,10.0,0.0
active_power_discr,17.0,6.0,,,,,,11.0,0.0
active_power_discr,17.0,6.0,,,,,,12.0,0.0
active_power_discr,17.0,6.0,,,,,,13.0,0.0
active_power_discr,17.0,6.0,,,,,,14.0,0.0
active_power_discr,17.0,6.0,,,,,,15.0,0.0
active_power_discr,17.0,10.0,,,,,,1.0,0.003811904963134563
active_power_discr,17.0,10.0,,,,,,2.0,0.005264966907931571
active_power_discr,17.0,10.0,,,,,,3.0,0.007271922256639911
active_power_discr,17.0,10.0,,,,,,4.0,0.010043909910801375
active_power_discr,17.0,10.0,,,,,,5.0,0.01387255291462737
active_power_discr,17.0,10.0,,,,,,6.0,0.019160638245288873
active_power_discr,17.0,10.0,,,,,,7.0,0.0026556348725966933
active_power_discr,17.0,10.0,,,,,,8.0,0.0
active_power_discr,17.0,10.0,,,,,,9.0,0.0
active_power_discr,17.0,10.0,,,,,,10.0,0.0
active_power_discr,17.0,10.0,,,,,,11.0,0.0
active_power_discr,17.0,10.0,,,,,,12.0,0.0
active_power_discr,17.0,10.0,,,,,,13.0,0.0
active_power_discr,17.0,10.0,,,,,,14.0,0.0
active_power_discr,17.0,10.0,,,,,,15.0,0.0
active_power_discr,17.0,11.0,,,,,,1.0,0.0075778699824844125
active_power_discr,17.0,11.0,,,,,,2.0,0.013320281329628255
active_power_discr,17.0,11.0,,,,,,3.0,0.023414217334232015
active_power_discr,17.0,11.0,,,,,,4.0,0.0315038117071362
active_power_discr,17.0,11.0,,,,,,5.0,0.0
active_power_discr,17.0,11.0,,,,,,6.0,0.0
active_power_discr,17.0,11.0,,,,,,7.0,0.0
active_power_discr,17.0,11.0,,,,,,8.0,0.0
active_power_discr,17.0,11.0,,,,,,9.0,0.0
active_power_discr,17.0,11.0,,,,,,10.0,0.0
active_power_discr,17.0,11.0,,,,,,11.0,0.0
active_power_discr,17.0,11.0,,,,,,12.0,0.0
active_power_discr,17.0,11.0,,,,,,13.0,0.0
active_power_discr,17.0,11.0,,,,,,14.0,0.0
active_power_discr,17.0,11.0,,,,,,15.0,0.0
active_power_discr,17.0,12.0,,,,,,1.0,0.0075778699824844125
active_power_discr,17.0,12.0,,,,,,2.0,0.013320281329628255
active_power_discr,17.0,12.0,,,,,,3.0,0.023414217334232015
active_power_discr,17.0,12.0,,,,,,4.0,0.041157206804276286
active_power_discr,17.0,12.0,,,,,,5.0,0.056538632225580795
active_power_discr,17.0,12.0,,,,,,6.0,0.0
active_power_discr,17.0,12.0,,,,,,7.0,0.0
active_power_discr,17.0,12.0,,,,,,8.0,0.0
active_power_discr,17.0,12.0,,,,,,9.0,0.0
active_power_discr,17.0,12.0,,,,,,10.0,0.0
active_power_discr,17.0,12.0,,,,,,11.0,0.0
active_power_discr,17.0,12.0,,,,,,12.0,0.0
active_power_discr,17.0,12.0,,,,,,13.0,0.0
active_power_discr,17.0,12.0,,,,,,14.0,0.0
active_power_discr,17.0,12.0,,,,,,15.0,0.0
active_power_discr,17.0,13.0,,,,,,1.0,0.003811904963134563
active_power_discr,17.0,13.0,,,,,,2.0,0.005264966907931571
active_power_discr,17.0,13.0,,,,,,3.0,0.007271922256639911
active_power_discr,17.0,13.0,,,,,,4.0,0.010043909910801375
active_power_discr,17.0,13.0,,,,,,5.0,0.01387255291462737
active_power_discr,17.0,13.0,,,,,,6.0,0.019160638245288873
active_power_discr,17.0,13.0,,,,,,7.0,0.026464491447693153
active_power_discr,17.0,13.0,,,,,,8.0,0.03655250407732255
active_power_discr,17.0,13.0,,,,,,9.0,0.011161649372580296
active_power_discr,17.0,13.0,,,,,,10.0,0.0
active_power_discr,17.0,13.0,,,,,,11.0,0.0
active_power_discr,17.0,13.0,,,,,,12.0,0.0
active_power_discr,17.0,13.0,,,,,,13.0,0.0
active_power_discr,17.0,13.0,,,,,,14.0,0.0
active_power_discr,17.0,13.0,,,,,,15.0,0.0
active_power_discr,17.0,14.0,,,,,,1.0,0.003811904963134563
active_power_discr,17.0,14.0,,,,,,2.0,0.005264966907931571
active_power_discr,17.0,14.0,,,,,,3.0,0.007271922256639911
active_power_discr,17.0,14.0,,,,,,4.0,0.010043909910801375
active_power_discr,17.0,14.0,,,,,,5.0,0.007257758399957598
active_power_discr,17.0,14.0,,,,,,6.0,0.0
active_power_discr,17.0,14.0,,,,,,7.0,0.0
active_power_discr,17.0,14.0,,,,,,8.0,0.0
active_power_discr,17.0,14.0,,,,,,9.0,0.0
active_power_discr,17.0,14.0,,,,,,10.0,0.0
active_power_discr,17.0,14.0,,,,,,11.0,0.0
active_power_discr,17.0,14.0,,,,,,12.0,0.0
active_power_discr,17.0,14.0,,,,,,13.0,0.0
active_power_discr,17.0,14.0,,,,,,14.0,0.0
active_power_discr,17.0,14.0,,,,,,15.0,0.0
active_power_discr,17.0,15.0,,,,,,1.0,0.003811904963134563
active_power_discr,17.0,15.0,,,,,,2.0,0.005264966907931571
active_power_discr,17.0,15.0,,,,,,3.0,0.007271922256639911
active_power_discr,17.0,15.0,,,,,,4.0,0.010043909910801375
active_power_discr,17.0,15.0,,,,,,5.0,0.01387255291462737
active_power_discr,17.0,15.0,,,,,,6.0,0.019160638245288873
active_power_discr,17.0,15.0,,,,,,7.0,0.012331020859066975
active_power_discr,17.0,15.0,,,,,,8.0,0.0
active_power_discr,17.0,15.0,,,,,,9.0,0.0
active_power_discr,17.0,15.0,,,,,,10.0,0.0
active_power_discr,17.0,15.0,,,,,,11.0,0.0
active_power_discr,17.0,15.0,,,,,,12.0,0.0
active_power_discr,17.0,15.0,,,,,,13.0,0.0
active_power_discr,17.0,15.0,,,,,,14.0,0.0
active_power_discr,17.0,15.0,,,,,,15.0,0.0
active_power_discr,17.0,17.0,,,,,,1.0,0.0075778699824844125
active_power_discr,17.0,17.0,,,,,,2.0,0.013320281329628255
active_power_discr,17.0,17.0,,,,,,3.0,0.023414217334232015
active_power_discr,17.0,17.0,,,,,,4.0,0.041157206804276286
active_power_discr,17.0,17.0,,,,,,5.0,0.07234560300477912
active_power_discr,17.0,17.0,,,,,,6.0,0.12716816034224418
active_power_discr,17.0,17.0,,,,,,7.0,0.2221700821054109
active_power_discr,17.0,17.0,,,,,,8.0,0.0
active_power_discr,17.0,17.0,,,,,,9.0,0.0
active_power_discr,17.0,17.0,,,,,,10.0,0.0
active_power_discr,17.0,17.0,,,,,,11.0,0.0
active_power_discr,17.0,17.0,,,,,,12.0,0.0
active_power_discr,17.0,17.0,,,,,,13.0,0.0
active_power_discr,17.0,17.0,,,,,,14.0,0.0
active_power_discr,17.0,17.0,,,,,,15.0,0.0
active_power_discr,17.0,18.0,,,,,,1.0,0.0075778699824844125
active_power_discr,17.0,18.0,,,,,,2.0,0.013320281329628255
active_power_discr,17.0,18.0,,,,,,3.0,0.023414217334232015
active_power_discr,17.0,18.0,,,,,,4.0,0.0176860423396482
active_power_discr,17.0,18.0,,,,,,5.0,0.0
active_power_discr,17.0,18.0,,,,,,6.0,0.0
active_power_discr,17.0,18.0,,,,,,7.0,0.0
active_power_discr,17.0,18.0,,,,,,8.0,0.0
active_power_discr,17.0,18.0,,,,,,9.0,0.0
active_power_discr,17.0,18.0,,,,,,10.0,0.0
active_power_discr,17.0,18.0,,,,,,11.0,0.0
active_power_discr,17.0,18.0,,,,,,12.0,0.0
active_power_discr,17.0,18.0,,,,,,13.0,0.0
active_power_discr,17.0,18.0,,,,,,14.0,0.0
active_power_discr,17.0,18.0,,,,,,15.0,0.0
active_power_discr,17.0,19.0,,,,,,1.0,0.0075778699824844125
active_power_discr,17.0,19.0,,,,,,2.0,0.013320281329628255
active_power_discr,17.0,19.0,,,,,,3.0,0.023414217334232015
active_power_discr,17.0,19.0,,,,,,4.0,0.041157206804276286
active_power_discr,17.0,19.0,,,,,,5.0,0.07234560300477912
active_power_discr,17.0,19.0,,,,,,6.0,0.11138971853990884
active_power_discr,17.0,19.0,,,,,,7.0,0.0
active_power_discr,17.0,19.0,,,,,,8.0,0.0
active_power_discr,17.0,19.0,,,,,,9.0,0.0
active_power_discr,17.0,19.0,,,,,,10.0,0.0
active_power_discr,17.0,19.0,,,,,,11.0,0.0
active_power_discr,17.0,19.0,,,,,,12.0,0.0
active_power_discr,17.0,19.0,,,,,,13.0,0.0
active_power_discr,17.0,19.0,,,,,,14.0,0.0
active_power_discr,17.0,19.0,,,,,,15.0,0.0
active_power_discr,18.0,0.0,,,,,,1.0,0.003811904963134563
active_power_discr,18.0,0.0,,,,,,2.0,0.005264966907931571
active_power_discr,18.0,0.0,,,,,,3.0,0.007271922256639911
active_power_discr,18.0,0.0,,,,,,4.0,0.002156248891577499
active_power_discr,18.0,0.0,,,,,,5.0,0.0
active_power_discr,18.0,0.0,,,,,,6.0,0.0
active_power_discr,18.0,0.0,,,,,,7.0,0.0
active_power_discr,18.0,0.0,,,,,,8.0,0.0
active_power_discr,18.0,0.0,,,,,,9.0,0.0
active_power_discr,18.0,0.0,,,,,,10.0,0.0
active_power_discr,18.0,0.0,,,,,,11.0,0.0
active_power_discr,18.0,0.0,,,,,,12.0,0.0
active_power_discr,18.0,0.0,,,,,,13.0,0.0
active_power_discr,18.0,0.0,,,,,,14.0,0.0
active_power_discr,18.0,0.0,,,,,,15.0,0.0
active_power_discr,18.0,2.0,,,,,,1.0,0.003811904963134563
active_power_discr,18.0,2.0,,,,,,2.0,0.005264966907931571
active_power_discr,18.0,2.0,,,,,,3.0,0.007271922256639911
active_power_discr,18.0,2.0,,,,,,4.0,0.005332747487222119
active_power_discr,18.0,2.0,,,,,,5.0,0.0
active_power_discr,18.0,2.0,,,,,,6.0,0.0
active_power_discr,18.0,2.0,,,,,,7.0,0.0
active_power_discr,18.0,2.0,,,,,,8.0,0.0
active_power_discr,18.0,2.0,,,,,,9.0,0.0
active_power_discr,18.0,2.0,,,,,,10.0,0.0
active_power_discr,18.0,2.0,,,,,,11.0,0.0
active_power_discr,18.0,2.0,,,,,,12.0,0.0
active_power_discr,18.0,2.0,,,,,,13.0,0.0
active_power_discr,18.0,2.0,,,,,,14.0,0.0
active_power_discr,18.0,2.0,,,,,,15.0,0.0
active_power_discr,18.0,6.0,,,,,,1.0,0.003811904963134563
active_power_discr,18.0,6.0,,,,,,2.0,0.005264966907931571
active_power_discr,18.0,6.0,,,,,,3.0,0.007271922256639911
active_power_discr,18.0,6.0,,,,,,4.0,0.005852504364207235
active_power_discr,18.0,6.0,,,,,,5.0,0.0
active_power_discr,18.0,6.0,,,,,,6.0,0.0
active_power_discr,18.0,6.0,,,,,,7.0,0.0
active_power_discr,18.0,6.0,,,,,,8.0,0.0
active_power_discr,18.0,6.0,,,,,,9.0,0.0
active_power_discr,18.0,6.0,,,,,,10.0,0.0
active_power_discr,18.0,6.0,,,,,,11.0,0.0
active_power_discr,18.0,6.0,,,,,,12.0,0.0
active_power_discr,18.0,6.0,,,,,,13.0,0.0
active_power_discr,18.0,6.0,,,,,,14.0,0.0
active_power_discr,18.0,6.0,,,,,,15.0,0.0
active_power_discr,18.0,10.0,,,,,,1.0,0.003811904963134563
active_power_discr,18.0,10.0,,,,,,2.0,0.005264966907931571
active_power_discr,18.0,10.0,,,,,,3.0,0.007271922256639911
active_power_discr,18.0,10.0,,,,,,4.0,0.010043909910801375
active_power_discr,18.0,10.0,,,,,,5.0,0.01387255291462737
active_power_discr,18.0,10.0,,,,,,6.0,0.006398984860390693
active_power_discr,18.0,10.0,,,,,,7.0,0.0
active_power_discr,18.0,10.0,,,,,,8.0,0.0
active_power_discr,18.0,10.0,,,,,,9.0,0.0
active_power_discr,18.0,10.0,,,,,,10.0,0.0
active_power_discr,18.0,10.0,,,,,,11.0,0.0
active_power_discr,18.0,10.0,,,,,,12.0,0.0
active_power_discr,18.0,10.0,,,,,,13.0,0.0
active_power_discr,18.0,10.0,,,,,,14.0,0.0
active_power_discr,18.0,10.0,,,,,,15.0,0.0
active_power_discr,18.0,11.0,,,,,,1.0,0.0075778699824844125
active_power_discr,18.0,11.0,,,,,,2.0,0.013320281329628255
active_power_discr,18.0,11.0,,,,,,3.0,0.023414217334232015
active_power_discr,18.0,11.0,,,,,,4.0,0.004486194102990025
active_power_discr,18.0,11.0,,,,,,5.0,0.0
active_power_discr,18.0,11.0,,,,,,6.0,0.0
active_power_discr,18.0,11.0,,,,,,7.0,0.0
active_power_discr,18.0,11.0,,,,,,8.0,0.0
active_power_discr,18.0,11.0,,,,,,9.0,0.0
active_power_discr,18.0,11.0,,,,,,10.0,0.0
active_power_discr,18.0,11.0,,,,,,11.0,0.0
active_power_discr,18.0,11.0,,,,,,12.0,0.0
active_power_discr,18.0,11.0,,,,,,13.0,0.0
active_power_discr,18.0,11.0,,,,,,14.0,0.0
active_power_discr,18.0,11.0,,,,,,15.0,0.0
active_power_discr,18.0,12.0,,,,,,1.0,0.0075778699824844125
active_power_discr,18.0,12.0,,,,,,2.0,0.013320281329628255
active_power_discr,18.0,12.0,,,,,,3.0,0.023414217334232015
active_power_discr,18.0,12.0,,,,,,4.0,0.041157206804276286
active_power_discr,18.0,12.0,,,,,,5.0,0.005303803078957017
active_power_discr,18.0,12.0,,,,,,6.0,0.0
active_power_discr,18.0,12.0,,,,,,7.0,0.0
active_power_discr,18.0,12.0,,,,,,8.0,0.0
active_power_discr,18.0,12.0,,,,,,9.0,0.0
active_power_discr,18.0,12.0,,,,,,10.0,0.0
active_power_discr,18.0,12.0,,,,,,11.0,0.0
active_power_discr,18.0,12.0,,,,,,12.0,0.0
active_power_discr,18.0,12.0,,,,,,13.0,0.0
active_power_discr,18.0,12.0,,,,,,14.0,0.0
active_power_discr,18.0,12.0,,,,,,15.0,0.0
active_power_discr,18.0,13.0,,,,,,1.0,0.003811904963134563
active_power_discr,18.0,13.0,,,,,,2.0,0.005264966907931571
active_power_discr,18.0,13.0,,,,,,3.0,0.007271922256639911
active_power_discr,18.0,13.0,,,,,,4.0,0.010043909910801375
active_power_discr,18.0,13.0,,,,,,5.0,0.01387255291462737
active_power_discr,18.0,13.0,,,,,,6.0,0.019160638245288873
active_power_discr,18.0,13.0,,,,,,7.0,0.026464491447693153
active_power_discr,18.0,13.0,,,,,,8.0,0.03377130061136331
active_power_discr,18.0,13.0,,,,,,9.0,0.0
active_power_discr,18.0,13.0,,,,,,10.0,0.0
active_power_discr,18.0,13.0,,,,,,11.0,0.0
active_power_discr,18.0,13.0,,,,,,12.0,0.0
active_power_discr,18.0,13.0,,,,,,13.0,0.0
active_power_discr,18.0,13.0,,,,,,14.0,0.0
active_power_discr,18.0,13.0,,,,,,15.0,0.0
active_power_discr,18.0,14.0,,,,,,1.0,0.003811904963134563
active_power_discr,18.0,14.0,,,,,,2.0,0.005264966907931571
active_power_discr,18.0,14.0,,,,,,3.0,0.007271922256639911
active_power_discr,18.0,14.0,,,,,,4.0,0.010043909910801375
active_power_discr,18.0,14.0,,,,,,5.0,0.001972076744017552
active_power_discr,18.0,14.0,,,,,,6.0,0.0
active_power_discr,18.0,14.0,,,,,,7.0,0.0
active_power_discr,18.0,14.0,,,,,,8.0,0.0
active_power_discr,18.0,14.0,,,,,,9.0,0.0
active_power_discr,18.0,14.0,,,,,,10.0,0.0
active_power_discr,18.0,14.0,,,,,,11.0,0.0
active_power_discr,18.0,14.0,,,,,,12.0,0.0
active_power_discr,18.0,14.0,,,,,,13.0,0.0
active_power_discr,18.0,14.0,,,,,,14.0,0.0
active_power_discr,18.0,14.0,,,,,,15.0,0.0
active_power_discr,18.0,15.0,,,,,,1.0,0.003811904963134563
active_power_discr,18.0,15.0,,,,,,2.0,0.005264966907931571
active_power_discr,18.0,15.0,,,,,,3.0,0.007271922256639911
active_power_discr,18.0,15.0,,,,,,4.0,0.010043909910801375
active_power_discr,18.0,15.0,,,,,,5.0,0.01387255291462737
active_power_discr,18.0,15.0,,,,,,6.0,0.014468416705001631
active_power_discr,18.0,15.0,,,,,,7.0,0.0
active_power_discr,18.0,15.0,,,,,,8.0,0.0
active_power_discr,18.0,15.0,,,,,,9.0,0.0
active_power_discr,18.0,15.0,,,,,,10.0,0.0
active_power_discr,18.0,15.0,,,,,,11.0,0.0
active_power_discr,18.0,15.0,,,,,,12.0,0.0
active_power_discr,18.0,15.0,,,,,,13.0,0.0
active_power_discr,18.0,15.0,,,,,,14.0,0.0
active_power_discr,18.0,15.0,,,,,,15.0,0.0
active_power_discr,18.0,17.0,,,,,,1.0,0.0075778699824844125
active_power_discr,18.0,17.0,,,,,,2.0,0.013320281329628255
active_power_discr,18.0,17.0,,,,,,3.0,0.023414217334232015
active_power_discr,18.0,17.0,,,,,,4.0,0.041157206804276286
active_power_discr,18.0,17.0,,,,,,5.0,0.07234560300477912
active_power_discr,18.0,17.0,,,,,,6.0,0.12716816034224418
active_power_discr,18.0,17.0,,,,,,7.0,0.11999948656467957
active_power_discr,18.0,17.0,,,,,,8.0,0.0
active_power_discr,18.0,17.0,,,,,,9.0,0.0
active_power_discr,18.0,17.0,,,,,,10.0,0.0
active_power_discr,18.0,17.0,,,,,,11.0,0.0
active_power_discr,18.0,17.0,,,,,,12.0,0.0
active_power_discr,18.0,17.0,,,,,,13.0,0.0
active_power_discr,18.0,17.0,,,,,,14.0,0.0
active_power_discr,18.0,17.0,,,,,,15.0,0.0
active_power_discr,18.0,18.0,,,,,,1.0,0.0075778699824844125
active_power_discr,18.0,18.0,,,,,,2.0,0.013320281329628255
active_power_discr,18.0,18.0,,,,,,3.0,0.023414217334232015
active_power_discr,18.0,18.0,,,,,,4.0,0.032561303817841294
active_power_discr,18.0,18.0,,,,,,5.0,0.0
active_power_discr,18.0,18.0,,,,,,6.0,0.0
active_power_discr,18.0,18.0,,,,,,7.0,0.0
active_power_discr,18.0,18.0,,,,,,8.0,0.0
active_power_discr,18.0,18.0,,,,,,9.0,0.0
active_power_discr,18.0,18.0,,,,,,10.0,0.0
active_power_discr,18.0,18.0,,,,,,11.0,0.0
active_power_discr,18.0,18.0,,,,,,12.0,0.0
active_power_discr,18.0,18.0,,,,,,13.0,0.0
active_power_discr,18.0,18.0,,,,,,14.0,0.0
active_power_discr,18.0,18.0,,,,,,15.0,0.0
active_power_discr,18.0,19.0,,,,,,1.0,0.0075778699824844125
active_power_discr,18.0,19.0,,,,,,2.0,0.013320281329628255
active_power_discr,18.0,19.0,,,,,,3.0,0.023414217334232015
active_power_discr,18.0,19.0,,,,,,4.0,0.041157206804276286
active_power_discr,18.0,19.0,,,,,,5.0,0.07234560300477912
active_power_discr,18.0,19.0,,,,,,6.0,0.057625031196259585
active_power_discr,18.0,19.0,,,,,,7.0,0.0
active_power_discr,18.0,19.0,,,,,,8.0,0.0
active_power_discr,18.0,19.0,,,,,,9.0,0.0
active_power_discr,18.0,19.0,,,,,,10.0,0.0
active_power_discr,18.0,19.0,,,,,,11.0,0.0
active_power_discr,18.0,19.0,,,,,,12.0,0.0
active_power_discr,18.0,19.0,,,,,,13.0,0.0
active_power_discr,18.0,19.0,,,,,,14.0,0.0
active_power_discr,18.0,19.0,,,,,,15.0,0.0
active_power_discr,19.0,0.0,,,,,,1.0,0.003811904963134563
active_power_discr,19.0,0.0,,,,,,2.0,0.005264966907931571
active_power_discr,19.0,0.0,,,,,,3.0,0.007271922256639911
active_power_discr,19.0,0.0,,,,,,4.0,0.002795659637544721
active_power_discr,19.0,0.0,,,,,,5.0,0.0
active_power_discr,19.0,0.0,,,,,,6.0,0.0
active_power_discr,19.0,0.0,,,,,,7.0,0.0
active_power_discr,19.0,0.0,,,,,,8.0,0.0
active_power_discr,19.0,0.0,,,,,,9.0,0.0
active_power_discr,19.0,0.0,,,,,,10.0,0.0
active_power_discr,19.0,0.0,,,,,,11.0,0.0
active_power_discr,19.0,0.0,,,,,,12.0,0.0
active_power_discr,19.0,0.0,,,,,,13.0,0.0
active_power_discr,19.0,0.0,,,,,,14.0,0.0
active_power_discr,19.0,0.0,,,,,,15.0,0.0
active_power_discr,19.0,2.0,,,,,,1.0,0.003811904963134563
active_power_discr,19.0,2.0,,,,,,2.0,0.005264966907931571
active_power_discr,19.0,2.0,,,,,,3.0,0.00520593118873496
active_power_discr,19.0,2.0,,,,,,4.0,0.0
active_power_discr,19.0,2.0,,,,,,5.0,0.0
active_power_discr,19.0,2.0,,,,,,6.0,0.0
active_power_discr,19.0,2.0,,,,,,7.0,0.0
active_power_discr,19.0,2.0,,,,,,8.0,0.0
active_power_discr,19.0,2.0,,,,,,9.0,0.0
active_power_discr,19.0,2.0,,,,,,10.0,0.0
active_power_discr,19.0,2.0,,,,,,11.0,0.0
active_power_discr,19.0,2.0,,,,,,12.0,0.0
active_power_discr,19.0,2.0,,,,,,13.0,0.0
active_power_discr,19.0,2.0,,,,,,14.0,0.0
active_power_discr,19.0,2.0,,,,,,15.0,0.0
active_power_discr,19.0,6.0,,,,,,1.0,0.003811904963134563
active_power_discr,19.0,6.0,,,,,,2.0,0.005264966907931571
active_power_discr,19.0,6.0,,,,,,3.0,0.007271922256639911
active_power_discr,19.0,6.0,,,,,,4.0,0.00027542288205952004
active_power_discr,19.0,6.0,,,,,,5.0,0.0
active_power_discr,19.0,6.0,,,,,,6.0,0.0
active_power_discr,19.0,6.0,,,,,,7.0,0.0
active_power_discr,19.0,6.0,,,,,,8.0,0.0
active_power_discr,19.0,6.0,,,,,,9.0,0.0
active_power_discr,19.0,6.0,,,,,,10.0,0.0
active_power_discr,19.0,6.0,,,,,,11.0,0.0
active_power_discr,19.0,6.0,,,,,,12.0,0.0
active_power_discr,19.0,6.0,,,,,,13.0,0.0
active_power_discr,19.0,6.0,,,,,,14.0,0.0
active_power_discr,19.0,6.0,,,,,,15.0,0.0
active_power_discr,19.0,10.0,,,,,,1.0,0.003811904963134563
active_power_discr,19.0,10.0,,,,,,2.0,0.005264966907931571
active_power_discr,19.0,10.0,,,,,,3.0,0.007271922256639911
active_power_discr,19.0,10.0,,,,,,4.0,0.010043909910801375
active_power_discr,19.0,10.0,,,,,,5.0,0.01387255291462737
active_power_discr,19.0,10.0,,,,,,6.0,0.0007696637409333462
active_power_discr,19.0,10.0,,,,,,7.0,0.0
active_power_discr,19.0,10.0,,,,,,8.0,0.0
active_power_discr,19.0,10.0,,,,,,9.0,0.0
active_power_discr,19.0,10.0,,,,,,10.0,0.0
active_power_discr,19.0,10.0,,,,,,11.0,0.0
active_power_discr,19.0,10.0,,,,,,12.0,0.0
active_power_discr,19.0,10.0,,,,,,13.0,0.0
active_power_discr,19.0,10.0,,,,,,14.0,0.0
active_power_discr,19.0,10.0,,,,,,15.0,0.0
active_power_discr,19.0,11.0,,,,,,1.0,0.0075778699824844125
active_power_discr,19.0,11.0,,,,,,2.0,0.013320281329628255
active_power_discr,19.0,11.0,,,,,,3.0,0.011232065380046393
active_power_discr,19.0,11.0,,,,,,4.0,0.0
active_power_discr,19.0,11.0,,,,,,5.0,0.0
active_power_discr,19.0,11.0,,,,,,6.0,0.0
active_power_discr,19.0,11.0,,,,,,7.0,0.0
active_power_discr,19.0,11.0,,,,,,8.0,0.0
active_power_discr,19.0,11.0,,,,,,9.0,0.0
active_power_discr,19.0,11.0,,,,,,10.0,0.0
active_power_discr,19.0,11.0,,,,,,11.0,0.0
active_power_discr,19.0,11.0,,,,,,12.0,0.0
active_power_discr,19.0,11.0,,,,,,13.0,0.0
active_power_discr,19.0,11.0,,,,,,14.0,0.0
active_power_discr,19.0,11.0,,,,,,15.0,0.0
active_power_discr,19.0,12.0,,,,,,1.0,0.0075778699824844125
active_power_discr,19.0,12.0,,,,,,2.0,0.013320281329628255
active_power_discr,19.0,12.0,,,,,,3.0,0.023414217334232015
active_power_discr,19.0,12.0,,,,,,4.0,0.031138577725512123
active_power_discr,19.0,12.0,,,,,,5.0,0.0
active_power_discr,19.0,12.0,,,,,,6.0,0.0
active_power_discr,19.0,12.0,,,,,,7.0,0.0
active_power_discr,19.0,12.0,,,,,,8.0,0.0
active_power_discr,19.0,12.0,,,,,,9.0,0.0
active_power_discr,19.0,12.0,,,,,,10.0,0.0
active_power_discr,19.0,12.0,,,,,,11.0,0.0
active_power_discr,19.0,12.0,,,,,,12.0,0.0
active_power_discr,19.0,12.0,,,,,,13.0,0.0
active_power_discr,19.0,12.0,,,,,,14.0,0.0
active_power_discr,19.0,12.0,,,,,,15.0,0.0
active_power_discr,19.0,13.0,,,,,,1.0,0.003811904963134563
active_power_discr,19.0,13.0,,,,,,2.0,0.005264966907931571
active_power_discr,19.0,13.0,,,,,,3.0,0.007271922256639911
active_power_discr,19.0,13.0,,,,,,4.0,0.010043909910801375
active_power_discr,19.0,13.0,,,,,,5.0,0.01387255291462737
active_power_discr,19.0,13.0,,,,,,6.0,0.019160638245288873
active_power_discr,19.0,13.0,,,,,,7.0,0.026464491447693153
active_power_discr,19.0,13.0,,,,,,8.0,0.02367469188667881
active_power_discr,19.0,13.0,,,,,,9.0,0.0
active_power_discr,19.0,13.0,,,,,,10.0,0.0
active_power_discr,19.0,13.0,,,,,,11.0,0.0
active_power_discr,19.0,13.0,,,,,,12.0,0.0
active_power_discr,19.0,13.0,,,,,,13.0,0.0
active_power_discr,19.0,13.0,,,,,,14.0,0.0
active_power_discr,19.0,13.0,,,,,,15.0,0.0
active_power_discr,19.0,14.0,,,,,,1.0,0.003811904963134563
active_power_discr,19.0,14.0,,,,,,2.0,0.005264966907931571
active_power_discr,19.0,14.0,,,,,,3.0,0.007271922256639911
active_power_discr,19.0,14.0,,,,,,4.0,0.010043909910801375
active_power_discr,19.0,14.0,,,,,,5.0,0.002593385396001062
active_power_discr,19.0,14.0,,,,,,6.0,0.0
active_power_discr,19.0,14.0,,,,,,7.0,0.0
active_power_discr,19.0,14.0,,,,,,8.0,0.0
active_power_discr,19.0,14.0,,,,,,9.0,0.0
active_power_discr,19.0,14.0,,,,,,10.0,0.0
active_power_discr,19.0,14.0,,,,,,11.0,0.0
active_power_discr,19.0,14.0,,,,,,12.0,0.0
active_power_discr,19.0,14.0,,,,,,13.0,0.0
active_power_discr,19.0,14.0,,,,,,14.0,0.0
active_power_discr,19.0,14.0,,,,,,15.0,0.0
active_power_discr,19.0,15.0,,,,,,1.0,0.003811904963134563
active_power_discr,19.0,15.0,,,,,,2.0,0.005264966907931571
active_power_discr,19.0,15.0,,,,,,3.0,0.007271922256639911
active_power_discr,19.0,15.0,,,,,,4.0,0.010043909910801375
active_power_discr,19.0,15.0,,,,,,5.0,0.011651657432697528
active_power_discr,19.0,15.0,,,,,,6.0,0.0
active_power_discr,19.0,15.0,,,,,,7.0,0.0
active_power_discr,19.0,15.0,,,,,,8.0,0.0
active_power_discr,19.0,15.0,,,,,,9.0,0.0
active_power_discr,19.0,15.0,,,,,,10.0,0.0
active_power_discr,19.0,15.0,,,,,,11.0,0.0
active_power_discr,19.0,15.0,,,,,,12.0,0.0
active_power_discr,19.0,15.0,,,,,,13.0,0.0
active_power_discr,19.0,15.0,,,,,,14.0,0.0
active_power_discr,19.0,15.0,,,,,,15.0,0.0
active_power_discr,19.0,17.0,,,,,,1.0,0.0075778699824844125
active_power_discr,19.0,17.0,,,,,,2.0,0.013320281329628255
active_power_discr,19.0,17.0,,,,,,3.0,0.023414217334232015
active_power_discr,19.0,17.0,,,,,,4.0,0.041157206804276286
active_power_discr,19.0,17.0,,,,,,5.0,0.07234560300477912
active_power_discr,19.0,17.0,,,,,,6.0,0.12716816034224418
active_power_discr,19.0,17.0,,,,,,7.0,0.05719249662886183
active_power_discr,19.0,17.0,,,,,,8.0,0.0
active_power_discr,19.0,17.0,,,,,,9.0,0.0
active_power_discr,19.0,17.0,,,,,,10.0,0.0
active_power_discr,19.0,17.0,,,,,,11.0,0.0
active_power_discr,19.0,17.0,,,,,,12.0,0.0
active_power_discr,19.0,17.0,,,,,,13.0,0.0
active_power_discr,19.0,17.0,,,,,,14.0,0.0
active_power_discr,19.0,17.0,,,,,,15.0,0.0
active_power_discr,19.0,18.0,,,,,,1.0,0.0075778699824844125
active_power_discr,19.0,18.0,,,,,,2.0,0.013320281329628255
active_power_discr,19.0,18.0,,,,,,3.0,0.023414217334232015
active_power_discr,19.0,18.0,,,,,,4.0,0.033409221050554175
active_power_discr,19.0,18.0,,,,,,5.0,0.0
active_power_discr,19.0,18.0,,,,,,6.0,0.0
active_power_discr,19.0,18.0,,,,,,7.0,0.0
active_power_discr,19.0,18.0,,,,,,8.0,0.0
active_power_discr,19.0,18.0,,,,,,9.0,0.0
active_power_discr,19.0,18.0,,,,,,10.0,0.0
active_power_discr,19.0,18.0,,,,,,11.0,0.0
active_power_discr,19.0,18.0,,,,,,12.0,0.0
active_power_discr,19.0,18.0,,,,,,13.0,0.0
active_power_discr,19.0,18.0,,,,,,14.0,0.0
active_power_discr,19.0,18.0,,,,,,15.0,0.0
active_power_discr,19.0,19.0,,,,,,1.0,0.0075778699824844125
active_power_discr,19.0,19.0,,,,,,2.0,0.013320281329628255
active_power_discr,19.0,19.0,,,,,,3.0,0.023414217334232015
active_power_discr,19.0,19.0,,,,,,4.0,0.041157206804276286
active_power_discr,19.0,19.0,,,,,,5.0,0.07234560300477912
active_power_discr,19.0,19.0,,,,,,6.0,0.01675224155245908
active_power_discr,19.0,19.0,,,,,,7.0,0.0
active_power_discr,19.0,19.0,,,,,,8.0,0.0
active_power_discr,19.0,19.0,,,,,,9.0,0.0
active_power_discr,19.0,19.0,,,,,,10.0,0.0
active_power_discr,19.0,19.0,,,,,,11.0,0.0
active_power_discr,19.0,19.0,,,,,,12.0,0.0
active_power_discr,19.0,19.0,,,,,,13.0,0.0
active_power_discr,19.0,19.0,,,,,,14.0,0.0
active_power_discr,19.0,19.0,,,,,,15.0,0.0
active_power_discr,20.0,0.0,,,,,,1.0,0.003811904963134563
active_power_discr,20.0,0.0,,,,,,2.0,0.005264966907931571
active_power_discr,20.0,0.0,,,,,,3.0,0.007271922256639911
active_power_discr,20.0,0.0,,,,,,4.0,0.0028396761471649774
active_power_discr,20.0,0.0,,,,,,5.0,0.0
active_power_discr,20.0,0.0,,,,,,6.0,0.0
active_power_discr,20.0,0.0,,,,,,7.0,0.0
active_power_discr,20.0,0.0,,,,,,8.0,0.0
active_power_discr,20.0,0.0,,,,,,9.0,0.0
active_power_discr,20.0,0.0,,,,,,10.0,0.0
active_power_discr,20.0,0.0,,,,,,11.0,0.0
active_power_discr,20.0,0.0,,,,,,12.0,0.0
active_power_discr,20.0,0.0,,,,,,13.0,0.0
active_power_discr,20.0,0.0,,,,,,14.0,0.0
active_power_discr,20.0,0.0,,,,,,15.0,0.0
active_power_discr,20.0,2.0,,,,,,1.0,0.003811904963134563
active_power_discr,20.0,2.0,,,,,,2.0,0.005264966907931571
active_power_discr,20.0,2.0,,,,,,3.0,0.0052142088761113325
active_power_discr,20.0,2.0,,,,,,4.0,0.0
active_power_discr,20.0,2.0,,,,,,5.0,0.0
active_power_discr,20.0,2.0,,,,,,6.0,0.0
active_power_discr,20.0,2.0,,,,,,7.0,0.0
active_power_discr,20.0,2.0,,,,,,8.0,0.0
active_power_discr,20.0,2.0,,,,,,9.0,0.0
active_power_discr,20.0,2.0,,,,,,10.0,0.0
active_power_discr,20.0,2.0,,,,,,11.0,0.0
active_power_discr,20.0,2.0,,,,,,12.0,0.0
active_power_discr,20.0,2.0,,,,,,13.0,0.0
active_power_discr,20.0,2.0,,,,,,14.0,0.0
active_power_discr,20.0,2.0,,,,,,15.0,0.0
active_power_discr,20.0,6.0,,,,,,1.0,0.003811904963134563
active_power_discr,20.0,6.0,,,,,,2.0,0.005264966907931571
active_power_discr,20.0,6.0,,,,,,3.0,0.005458390581506288
active_power_discr,20.0,6.0,,,,,,4.0,0.0
active_power_discr,20.0,6.0,,,,,,5.0,0.0
active_power_discr,20.0,6.0,,,,,,6.0,0.0
active_power_discr,20.0,6.0,,,,,,7.0,0.0
active_power_discr,20.0,6.0,,,,,,8.0,0.0
active_power_discr,20.0,6.0,,,,,,9.0,0.0
active_power_discr,20.0,6.0,,,,,,10.0,0.0
active_power_discr,20.0,6.0,,,,,,11.0,0.0
active_power_discr,20.0,6.0,,,,,,12.0,0.0
active_power_discr,20.0,6.0,,,,,,13.0,0.0
active_power_discr,20.0,6.0,,,,,,14.0,0.0
active_power_discr,20.0,6.0,,,,,,15.0,0.0
active_power_discr,20.0,10.0,,,,,,1.0,0.003811904963134563
active_power_discr,20.0,10.0,,,,,,2.0,0.005264966907931571
active_power_discr,20.0,10.0,,,,,,3.0,0.007271922256639911
active_power_discr,20.0,10.0,,,,,,4.0,0.010043909910801375
active_power_discr,20.0,10.0,,,,,,5.0,0.01387255291462737
active_power_discr,20.0,10.0,,,,,,6.0,0.0006095531760978851
active_power_discr,20.0,10.0,,,,,,7.0,0.0
active_power_discr,20.0,10.0,,,,,,8.0,0.0
active_power_discr,20.0,10.0,,,,,,9.0,0.0
active_power_discr,20.0,10.0,,,,,,10.0,0.0
active_power_discr,20.0,10.0,,,,,,11.0,0.0
active_power_discr,20.0,10.0,,,,,,12.0,0.0
active_power_discr,20.0,10.0,,,,,,13.0,0.0
active_power_discr,20.0,10.0,,,,,,14.0,0.0
active_power_discr,20.0,10.0,,,,,,15.0,0.0
active_power_discr,20.0,11.0,,,,,,1.0,0.0075778699824844125
active_power_discr,20.0,11.0,,,,,,2.0,0.013320281329628255
active_power_discr,20.0,11.0,,,,,,3.0,0.011250447320204634
active_power_discr,20.0,11.0,,,,,,4.0,0.0
active_power_discr,20.0,11.0,,,,,,5.0,0.0
active_power_discr,20.0,11.0,,,,,,6.0,0.0
active_power_discr,20.0,11.0,,,,,,7.0,0.0
active_power_discr,20.0,11.0,,,,,,8.0,0.0
active_power_discr,20.0,11.0,,,,,,9.0,0.0
active_power_discr,20.0,11.0,,,,,,10.0,0.0
active_power_discr,20.0,11.0,,,,,,11.0,0.0
active_power_discr,20.0,11.0,,,,,,12.0,0.0
active_power_discr,20.0,11.0,,,,,,13.0,0.0
active_power_discr,20.0,11.0,,,,,,14.0,0.0
active_power_discr,20.0,11.0,,,,,,15.0,0.0
active_power_discr,20.0,12.0,,,,,,1.0,0.0075778699824844125
active_power_discr,20.0,12.0,,,,,,2.0,0.013320281329628255
active_power_discr,20.0,12.0,,,,,,3.0,0.023414217334232015
active_power_discr,20.0,12.0,,,,,,4.0,0.03124698623808614
active_power_discr,20.0,12.0,,,,,,5.0,0.0
active_power_discr,20.0,12.0,,,,,,6.0,0.0
active_power_discr,20.0,12.0,,,,,,7.0,0.0
active_power_discr,20.0,12.0,,,,,,8.0,0.0
active_power_discr,20.0,12.0,,,,,,9.0,0.0
active_power_discr,20.0,12.0,,,,,,10.0,0.0
active_power_discr,20.0,12.0,,,,,,11.0,0.0
active_power_discr,20.0,12.0,,,,,,12.0,0.0
active_power_discr,20.0,12.0,,,,,,13.0,0.0
active_power_discr,20.0,12.0,,,,,,14.0,0.0
active_power_discr,20.0,12.0,,,,,,15.0,0.0
active_power_discr,20.0,13.0,,,,,,1.0,0.003811904963134563
active_power_discr,20.0,13.0,,,,,,2.0,0.005264966907931571
active_power_discr,20.0,13.0,,,,,,3.0,0.007271922256639911
active_power_discr,20.0,13.0,,,,,,4.0,0.010043909910801375
active_power_discr,20.0,13.0,,,,,,5.0,0.01387255291462737
active_power_discr,20.0,13.0,,,,,,6.0,0.019160638245288873
active_power_discr,20.0,13.0,,,,,,7.0,0.026464491447693153
active_power_discr,20.0,13.0,,,,,,8.0,0.018711369094805294
active_power_discr,20.0,13.0,,,,,,9.0,0.0
active_power_discr,20.0,13.0,,,,,,10.0,0.0
active_power_discr,20.0,13.0,,,,,,11.0,0.0
active_power_discr,20.0,13.0,,,,,,12.0,0.0
active_power_discr,20.0,13.0,,,,,,13.0,0.0
active_power_discr,20.0,13.0,,,,,,14.0,0.0
active_power_discr,20.0,13.0,,,,,,15.0,0.0
active_power_discr,20.0,14.0,,,,,,1.0,0.003811904963134563
active_power_discr,20.0,14.0,,,,,,2.0,0.005264966907931571
active_power_discr,20.0,14.0,,,,,,3.0,0.007271922256639911
active_power_discr,20.0,14.0,,,,,,4.0,0.010043909910801375
active_power_discr,20.0,14.0,,,,,,5.0,0.0024263816036062744
active_power_discr,20.0,14.0,,,,,,6.0,0.0
active_power_discr,20.0,14.0,,,,,,7.0,0.0
active_power_discr,20.0,14.0,,,,,,8.0,0.0
active_power_discr,20.0,14.0,,,,,,9.0,0.0
active_power_discr,20.0,14.0,,,,,,10.0,0.0
active_power_discr,20.0,14.0,,,,,,11.0,0.0
active_power_discr,20.0,14.0,,,,,,12.0,0.0
active_power_discr,20.0,14.0,,,,,,13.0,0.0
active_power_discr,20.0,14.0,,,,,,14.0,0.0
active_power_discr,20.0,14.0,,,,,,15.0,0.0
active_power_discr,20.0,15.0,,,,,,1.0,0.003811904963134563
active_power_discr,20.0,15.0,,,,,,2.0,0.005264966907931571
active_power_discr,20.0,15.0,,,,,,3.0,0.007271922256639911
active_power_discr,20.0,15.0,,,,,,4.0,0.010043909910801375
active_power_discr,20.0,15.0,,,,,,5.0,0.009574957502276531
active_power_discr,20.0,15.0,,,,,,6.0,0.0
active_power_discr,20.0,15.0,,,,,,7.0,0.0
active_power_discr,20.0,15.0,,,,,,8.0,0.0
active_power_discr,20.0,15.0,,,,,,9.0,0.0
active_power_discr,20.0,15.0,,,,,,10.0,0.0
active_power_discr,20.0,15.0,,,,,,11.0,0.0
active_power_discr,20.0,15.0,,,,,,12.0,0.0
active_power_discr,20.0,15.0,,,,,,13.0,0.0
active_power_discr,20.0,15.0,,,,,,14.0,0.0
active_power_discr,20.0,15.0,,,,,,15.0,0.0
active_power_discr,20.0,17.0,,,,,,1.0,0.0075778699824844125
active_power_discr,20.0,17.0,,,,,,2.0,0.013320281329628255
active_power_discr,20.0,17.0,,,,,,3.0,0.023414217334232015
active_power_discr,20.0,17.0,,,,,,4.0,0.041157206804276286
active_power_discr,20.0,17.0,,,,,,5.0,0.07234560300477912
active_power_discr,20.0,17.0,,,,,,6.0,0.12716816034224418
active_power_discr,20.0,17.0,,,,,,7.0,0.04503653560842791
active_power_discr,20.0,17.0,,,,,,8.0,0.0
active_power_discr,20.0,17.0,,,,,,9.0,0.0
active_power_discr,20.0,17.0,,,,,,10.0,0.0
active_power_discr,20.0,17.0,,,,,,11.0,0.0
active_power_discr,20.0,17.0,,,,,,12.0,0.0
active_power_discr,20.0,17.0,,,,,,13.0,0.0
active_power_discr,20.0,17.0,,,,,,14.0,0.0
active_power_discr,20.0,17.0,,,,,,15.0,0.0
active_power_discr,20.0,18.0,,,,,,1.0,0.0075778699824844125
active_power_discr,20.0,18.0,,,,,,2.0,0.013320281329628255
active_power_discr,20.0,18.0,,,,,,3.0,0.023414217334232015
active_power_discr,20.0,18.0,,,,,,4.0,0.028184568046784087
active_power_discr,20.0,18.0,,,,,,5.0,0.0
active_power_discr,20.0,18.0,,,,,,6.0,0.0
active_power_discr,20.0,18.0,,,,,,7.0,0.0
active_power_discr,20.0,18.0,,,,,,8.0,0.0
active_power_discr,20.0,18.0,,,,,,9.0,0.0
active_power_discr,20.0,18.0,,,,,,10.0,0.0
active_power_discr,20.0,18.0,,,,,,11.0,0.0
active_power_discr,20.0,18.0,,,,,,12.0,0.0
active_power_discr,20.0,18.0,,,,,,13.0,0.0
active_power_discr,20.0,18.0,,,,,,14.0,0.0
active_power_discr,20.0,18.0,,,,,,15.0,0.0
active_power_discr,20.0,19.0,,,,,,1.0,0.0075778699824844125
active_power_discr,20.0,19.0,,,,,,2.0,0.013320281329628255
active_power_discr,20.0,19.0,,,,,,3.0,0.023414217334232015
active_power_discr,20.0,19.0,,,,,,4.0,0.041157206804276286
active_power_discr,20.0,19.0,,,,,,5.0,0.07234560300477912
active_power_discr,20.0,19.0,,,,,,6.0,0.009714325250917866
active_power_discr,20.0,19.0,,,,,,7.0,0.0
active_power_discr,20.0,19.0,,,,,,8.0,0.0
active_power_discr,20.0,19.0,,,,,,9.0,0.0
active_power_discr,20.0,19.0,,,,,,10.0,0.0
active_power_discr,20.0,19.0,,,,,,11.0,0.0
active_power_discr,20.0,19.0,,,,,,12.0,0.0
active_power_discr,20.0,19.0,,,,,,13.0,0.0
active_power_discr,20.0,19.0,,,,,,14.0,0.0
active_power_discr,20.0,19.0,,,,,,15.0,0.0
active_power_discr,21.0,0.0,,,,,,1.0,0.003811904963134563
active_power_discr,21.0,0.0,,,,,,2.0,0.005264966907931571
active_power_discr,21.0,0.0,,,,,,3.0,0.007271922256639911
active_power_discr,21.0,0.0,,,,,,4.0,0.0021463325520016258
active_power_discr,21.0,0.0,,,,,,5.0,0.0
active_power_discr,21.0,0.0,,,,,,6.0,0.0
active_power_discr,21.0,0.0,,,,,,7.0,0.0
active_power_discr,21.0,0.0,,,,,,8.0,0.0
active_power_discr,21.0,0.0,,,,,,9.0,0.0
active_power_discr,21.0,0.0,,,,,,10.0,0.0
active_power_discr,21.0,0.0,,,,,,11.0,0.0
active_power_discr,21.0,0.0,,,,,,12.0,0.0
active_power_discr,21.0,0.0,,,,,,13.0,0.0
active_power_discr,21.0,0.0,,,,,,14.0,0.0
active_power_discr,21.0,0.0,,,,,,15.0,0.0
active_power_discr,21.0,2.0,,,,,,1.0,0.003811904963134563
active_power_discr,21.0,2.0,,,,,,2.0,0.005264966907931571
active_power_discr,21.0,2.0,,,,,,3.0,0.003952613844376162
active_power_discr,21.0,2.0,,,,,,4.0,0.0
active_power_discr,21.0,2.0,,,,,,5.0,0.0
active_power_discr,21.0,2.0,,,,,,6.0,0.0
active_power_discr,21.0,2.0,,,,,,7.0,0.0
active_power_discr,21.0,2.0,,,,,,8.0,0.0
active_power_discr,21.0,2.0,,,,,,9.0,0.0
active_power_discr,21.0,2.0,,,,,,10.0,0.0
active_power_discr,21.0,2.0,,,,,,11.0,0.0
active_power_discr,21.0,2.0,,,,,,12.0,0.0
active_power_discr,21.0,2.0,,,,,,13.0,0.0
active_power_discr,21.0,2.0,,,,,,14.0,0.0
active_power_discr,21.0,2.0,,,,,,15.0,0.0
active_power_discr,21.0,6.0,,,,,,1.0,0.003811904963134563
active_power_discr,21.0,6.0,,,,,,2.0,0.005264966907931571
active_power_discr,21.0,6.0,,,,,,3.0,0.005456854310353216
active_power_discr,21.0,6.0,,,,,,4.0,0.0
active_power_discr,21.0,6.0,,,,,,5.0,0.0
active_power_discr,21.0,6.0,,,,,,6.0,0.0
active_power_discr,21.0,6.0,,,,,,7.0,0.0
active_power_discr,21.0,6.0,,,,,,8.0,0.0
active_power_discr,21.0,6.0,,,,,,9.0,0.0
active_power_discr,21.0,6.0,,,,,,10.0,0.0
active_power_discr,21.0,6.0,,,,,,11.0,0.0
active_power_discr,21.0,6.0,,,,,,12.0,0.0
active_power_discr,21.0,6.0,,,,,,13.0,0.0
active_power_discr,21.0,6.0,,,,,,14.0,0.0
active_power_discr,21.0,6.0,,,,,,15.0,0.0
active_power_discr,21.0,10.0,,,,,,1.0,0.003811904963134563
active_power_discr,21.0,10.0,,,,,,2.0,0.005264966907931571
active_power_discr,21.0,10.0,,,,,,3.0,0.007271922256639911
active_power_discr,21.0,10.0,,,,,,4.0,0.010043909910801375
active_power_discr,21.0,10.0,,,,,,5.0,0.01387255291462737
active_power_discr,21.0,10.0,,,,,,6.0,0.00015879616008855624
active_power_discr,21.0,10.0,,,,,,7.0,0.0
active_power_discr,21.0,10.0,,,,,,8.0,0.0
active_power_discr,21.0,10.0,,,,,,9.0,0.0
active_power_discr,21.0,10.0,,,,,,10.0,0.0
active_power_discr,21.0,10.0,,,,,,11.0,0.0
active_power_discr,21.0,10.0,,,,,,12.0,0.0
active_power_discr,21.0,10.0,,,,,,13.0,0.0
active_power_discr,21.0,10.0,,,,,,14.0,0.0
active_power_discr,21.0,10.0,,,,,,15.0,0.0
active_power_discr,21.0,11.0,,,,,,1.0,0.0075778699824844125
active_power_discr,21.0,11.0,,,,,,2.0,0.013320281329628255
active_power_discr,21.0,11.0,,,,,,3.0,0.008412662704281922
active_power_discr,21.0,11.0,,,,,,4.0,0.0
active_power_discr,21.0,11.0,,,,,,5.0,0.0
active_power_discr,21.0,11.0,,,,,,6.0,0.0
active_power_discr,21.0,11.0,,,,,,7.0,0.0
active_power_discr,21.0,11.0,,,,,,8.0,0.0
active_power_discr,21.0,11.0,,,,,,9.0,0.0
active_power_discr,21.0,11.0,,,,,,10.0,0.0
active_power_discr,21.0,11.0,,,,,,11.0,0.0
active_power_discr,21.0,11.0,,,,,,12.0,0.0
active_power_discr,21.0,11.0,,,,,,13.0,0.0
active_power_discr,21.0,11.0,,,,,,14.0,0.0
active_power_discr,21.0,11.0,,,,,,15.0,0.0
active_power_discr,21.0,12.0,,,,,,1.0,0.0075778699824844125
active_power_discr,21.0,12.0,,,,,,2.0,0.013320281329628255
active_power_discr,21.0,12.0,,,,,,3.0,0.023414217334232015
active_power_discr,21.0,12.0,,,,,,4.0,0.02786182419740363
active_power_discr,21.0,12.0,,,,,,5.0,0.0
active_power_discr,21.0,12.0,,,,,,6.0,0.0
active_power_discr,21.0,12.0,,,,,,7.0,0.0
active_power_discr,21.0,12.0,,,,,,8.0,0.0
active_power_discr,21.0,12.0,,,,,,9.0,0.0
active_power_discr,21.0,12.0,,,,,,10.0,0.0
active_power_discr,21.0,12.0,,,,,,11.0,0.0
active_power_discr,21.0,12.0,,,,,,12.0,0.0
active_power_discr,21.0,12.0,,,,,,13.0,0.0
active_power_discr,21.0,12.0,,,,,,14.0,0.0
active_power_discr,21.0,12.0,,,,,,15.0,0.0
active_power_discr,21.0,13.0,,,,,,1.0,0.003811904963134563
active_power_discr,21.0,13.0,,,,,,2.0,0.005264966907931571
active_power_discr,21.0,13.0,,,,,,3.0,0.007271922256639911
active_power_discr,21.0,13.0,,,,,,4.0,0.010043909910801375
active_power_discr,21.0,13.0,,,,,,5.0,0.01387255291462737
active_power_discr,21.0,13.0,,,,,,6.0,0.019160638245288873
active_power_discr,21.0,13.0,,,,,,7.0,0.026464491447693153
active_power_discr,21.0,13.0,,,,,,8.0,0.01341726608369688
active_power_discr,21.0,13.0,,,,,,9.0,0.0
active_power_discr,21.0,13.0,,,,,,10.0,0.0
active_power_discr,21.0,13.0,,,,,,11.0,0.0
active_power_discr,21.0,13.0,,,,,,12.0,0.0
active_power_discr,21.0,13.0,,,,,,13.0,0.0
active_power_discr,21.0,13.0,,,,,,14.0,0.0
active_power_discr,21.0,13.0,,,,,,15.0,0.0
active_power_discr,21.0,14.0,,,,,,1.0,0.003811904963134563
active_power_discr,21.0,14.0,,,,,,2.0,0.005264966907931571
active_power_discr,21.0,14.0,,,,,,3.0,0.007271922256639911
active_power_discr,21.0,14.0,,,,,,4.0,0.010043909910801375
active_power_discr,21.0,14.0,,,,,,5.0,0.0030397938185679554
active_power_discr,21.0,14.0,,,,,,6.0,0.0
active_power_discr,21.0,14.0,,,,,,7.0,0.0
active_power_discr,21.0,14.0,,,,,,8.0,0.0
active_power_discr,21.0,14.0,,,,,,9.0,0.0
active_power_discr,21.0,14.0,,,,,,10.0,0.0
active_power_discr,21.0,14.0,,,,,,11.0,0.0
active_power_discr,21.0,14.0,,,,,,12.0,0.0
active_power_discr,21.0,14.0,,,,,,13.0,0.0
active_power_discr,21.0,14.0,,,,,,14.0,0.0
active_power_discr,21.0,14.0,,,,,,15.0,0.0
active_power_discr,21.0,15.0,,,,,,1.0,0.003811904963134563
active_power_discr,21.0,15.0,,,,,,2.0,0.005264966907931571
active_power_discr,21.0,15.0,,,,,,3.0,0.007271922256639911
active_power_discr,21.0,15.0,,,,,,4.0,0.010043909910801375
active_power_discr,21.0,15.0,,,,,,5.0,0.00768156482050833
active_power_discr,21.0,15.0,,,,,,6.0,0.0
active_power_discr,21.0,15.0,,,,,,7.0,0.0
active_power_discr,21.0,15.0,,,,,,8.0,0.0
active_power_discr,21.0,15.0,,,,,,9.0,0.0
active_power_discr,21.0,15.0,,,,,,10.0,0.0
active_power_discr,21.0,15.0,,,,,,11.0,0.0
active_power_discr,21.0,15.0,,,,,,12.0,0.0
active_power_discr,21.0,15.0,,,,,,13.0,0.0
active_power_discr,21.0,15.0,,,,,,14.0,0.0
active_power_discr,21.0,15.0,,,,,,15.0,0.0
active_power_discr,21.0,17.0,,,,,,1.0,0.0075778699824844125
active_power_discr,21.0,17.0,,,,,,2.0,0.013320281329628255
active_power_discr,21.0,17.0,,,,,,3.0,0.023414217334232015
active_power_discr,21.0,17.0,,,,,,4.0,0.041157206804276286
active_power_discr,21.0,17.0,,,,,,5.0,0.07234560300477912
active_power_discr,21.0,17.0,,,,,,6.0,0.12716816034224418
active_power_discr,21.0,17.0,,,,,,7.0,0.028274842980168302
active_power_discr,21.0,17.0,,,,,,8.0,0.0
active_power_discr,21.0,17.0,,,,,,9.0,0.0
active_power_discr,21.0,17.0,,,,,,10.0,0.0
active_power_discr,21.0,17.0,,,,,,11.0,0.0
active_power_discr,21.0,17.0,,,,,,12.0,0.0
active_power_discr,21.0,17.0,,,,,,13.0,0.0
active_power_discr,21.0,17.0,,,,,,14.0,0.0
active_power_discr,21.0,17.0,,,,,,15.0,0.0
active_power_discr,21.0,18.0,,,,,,1.0,0.0075778699824844125
active_power_discr,21.0,18.0,,,,,,2.0,0.013320281329628255
active_power_discr,21.0,18.0,,,,,,3.0,0.023414217334232015
active_power_discr,21.0,18.0,,,,,,4.0,0.025655341784262726
active_power_discr,21.0,18.0,,,,,,5.0,0.0
active_power_discr,21.0,18.0,,,,,,6.0,0.0
active_power_discr,21.0,18.0,,,,,,7.0,0.0
active_power_discr,21.0,18.0,,,,,,8.0,0.0
active_power_discr,21.0,18.0,,,,,,9.0,0.0
active_power_discr,21.0,18.0,,,,,,10.0,0.0
active_power_discr,21.0,18.0,,,,,,11.0,0.0
active_power_discr,21.0,18.0,,,,,,12.0,0.0
active_power_discr,21.0,18.0,,,,,,13.0,0.0
active_power_discr,21.0,18.0,,,,,,14.0,0.0
active_power_discr,21.0,18.0,,,,,,15.0,0.0
active_power_discr,21.0,19.0,,,,,,1.0,0.0075778699824844125
active_power_discr,21.0,19.0,,,,,,2.0,0.013320281329628255
active_power_discr,21.0,19.0,,,,,,3.0,0.023414217334232015
active_power_discr,21.0,19.0,,,,,,4.0,0.041157206804276286
active_power_discr,21.0,19.0,,,,,,5.0,0.07234560300477912
active_power_discr,21.0,19.0,,,,,,6.0,0.0001433302724051233
active_power_discr,21.0,19.0,,,,,,7.0,0.0
active_power_discr,21.0,19.0,,,,,,8.0,0.0
active_power_discr,21.0,19.0,,,,,,9.0,0.0
active_power_discr,21.0,19.0,,,,,,10.0,0.0
active_power_discr,21.0,19.0,,,,,,11.0,0.0
active_power_discr,21.0,19.0,,,,,,12.0,0.0
active_power_discr,21.0,19.0,,,,,,13.0,0.0
active_power_discr,21.0,19.0,,,,,,14.0,0.0
active_power_discr,21.0,19.0,,,,,,15.0,0.0
active_power_discr,22.0,0.0,,,,,,1.0,0.003811904963134563
active_power_discr,22.0,0.0,,,,,,2.0,0.003937322156062769
active_power_discr,22.0,0.0,,,,,,3.0,0.0
active_power_discr,22.0,0.0,,,,,,4.0,0.0
active_power_discr,22.0,0.0,,,,,,5.0,0.0
active_power_discr,22.0,0.0,,,,,,6.0,0.0
active_power_discr,22.0,0.0,,,,,,7.0,0.0
active_power_discr,22.0,0.0,,,,,,8.0,0.0
active_power_discr,22.0,0.0,,,,,,9.0,0.0
active_power_discr,22.0,0.0,,,,,,10.0,0.0
active_power_discr,22.0,0.0,,,,,,11.0,0.0
active_power_discr,22.0,0.0,,,,,,12.0,0.0
active_power_discr,22.0,0.0,,,,,,13.0,0.0
active_power_discr,22.0,0.0,,,,,,14.0,0.0
active_power_discr,22.0,0.0,,,,,,15.0,0.0
active_power_discr,22.0,2.0,,,,,,1.0,0.003811904963134563
active_power_discr,22.0,2.0,,,,,,2.0,0.005264966907931571
active_power_discr,22.0,2.0,,,,,,3.0,0.003949905382253182
active_power_discr,22.0,2.0,,,,,,4.0,0.0
active_power_discr,22.0,2.0,,,,,,5.0,0.0
active_power_discr,22.0,2.0,,,,,,6.0,0.0
active_power_discr,22.0,2.0,,,,,,7.0,0.0
active_power_discr,22.0,2.0,,,,,,8.0,0.0
active_power_discr,22.0,2.0,,,,,,9.0,0.0
active_power_discr,22.0,2.0,,,,,,10.0,0.0
active_power_discr,22.0,2.0,,,,,,11.0,0.0
active_power_discr,22.0,2.0,,,,,,12.0,0.0
active_power_discr,22.0,2.0,,,,,,13.0,0.0
active_power_discr,22.0,2.0,,,,,,14.0,0.0
active_power_discr,22.0,2.0,,,,,,15.0,0.0
active_power_discr,22.0,6.0,,,,,,1.0,0.0029008461736431354
active_power_discr,22.0,6.0,,,,,,2.0,0.0
active_power_discr,22.0,6.0,,,,,,3.0,0.0
active_power_discr,22.0,6.0,,,,,,4.0,0.0
active_power_discr,22.0,6.0,,,,,,5.0,0.0
active_power_discr,22.0,6.0,,,,,,6.0,0.0
active_power_discr,22.0,6.0,,,,,,7.0,0.0
active_power_discr,22.0,6.0,,,,,,8.0,0.0
active_power_discr,22.0,6.0,,,,,,9.0,0.0
active_power_discr,22.0,6.0,,,,,,10.0,0.0
active_power_discr,22.0,6.0,,,,,,11.0,0.0
active_power_discr,22.0,6.0,,,,,,12.0,0.0
active_power_discr,22.0,6.0,,,,,,13.0,0.0
active_power_discr,22.0,6.0,,,,,,14.0,0.0
active_power_discr,22.0,6.0,,,,,,15.0,0.0
active_power_discr,22.0,10.0,,,,,,1.0,0.003811904963134563
active_power_discr,22.0,10.0,,,,,,2.0,0.005264966907931571
active_power_discr,22.0,10.0,,,,,,3.0,0.007271922256639911
active_power_discr,22.0,10.0,,,,,,4.0,0.010043909910801375
active_power_discr,22.0,10.0,,,,,,5.0,0.00301003111461981
active_power_discr,22.0,10.0,,,,,,6.0,0.0
active_power_discr,22.0,10.0,,,,,,7.0,0.0
active_power_discr,22.0,10.0,,,,,,8.0,0.0
active_power_discr,22.0,10.0,,,,,,9.0,0.0
active_power_discr,22.0,10.0,,,,,,10.0,0.0
active_power_discr,22.0,10.0,,,,,,11.0,0.0
active_power_discr,22.0,10.0,,,,,,12.0,0.0
active_power_discr,22.0,10.0,,,,,,13.0,0.0
active_power_discr,22.0,10.0,,,,,,14.0,0.0
active_power_discr,22.0,10.0,,,,,,15.0,0.0
active_power_discr,22.0,11.0,,,,,,1.0,0.0075778699824844125
active_power_discr,22.0,11.0,,,,,,2.0,0.013320281329628255
active_power_discr,22.0,11.0,,,,,,3.0,0.008406574932302801
active_power_discr,22.0,11.0,,,,,,4.0,0.0
active_power_discr,22.0,11.0,,,,,,5.0,0.0
active_power_discr,22.0,11.0,,,,,,6.0,0.0
active_power_discr,22.0,11.0,,,,,,7.0,0.0
active_power_discr,22.0,11.0,,,,,,8.0,0.0
active_power_discr,22.0,11.0,,,,,,9.0,0.0
active_power_discr,22.0,11.0,,,,,,10.0,0.0
active_power_discr,22.0,11.0,,,,,,11.0,0.0
active_power_discr,22.0,11.0,,,,,,12.0,0.0
active_power_discr,22.0,11.0,,,,,,13.0,0.0
active_power_discr,22.0,11.0,,,,,,14.0,0.0
active_power_discr,22.0,11.0,,,,,,15.0,0.0
active_power_discr,22.0,12.0,,,,,,1.0,0.0075778699824844125
active_power_discr,22.0,12.0,,,,,,2.0,0.013320281329628255
active_power_discr,22.0,12.0,,,,,,3.0,0.023414217334232015
active_power_discr,22.0,12.0,,,,,,4.0,0.004525741592209587
active_power_discr,22.0,12.0,,,,,,5.0,0.0
active_power_discr,22.0,12.0,,,,,,6.0,0.0
active_power_discr,22.0,12.0,,,,,,7.0,0.0
active_power_discr,22.0,12.0,,,,,,8.0,0.0
active_power_discr,22.0,12.0,,,,,,9.0,0.0
active_power_discr,22.0,12.0,,,,,,10.0,0.0
active_power_discr,22.0,12.0,,,,,,11.0,0.0
active_power_discr,22.0,12.0,,,,,,12.0,0.0
active_power_discr,22.0,12.0,,,,,,13.0,0.0
active_power_discr,22.0,12.0,,,,,,14.0,0.0
active_power_discr,22.0,12.0,,,,,,15.0,0.0
active_power_discr,22.0,13.0,,,,,,1.0,0.003811904963134563
active_power_discr,22.0,13.0,,,,,,2.0,0.005264966907931571
active_power_discr,22.0,13.0,,,,,,3.0,0.007271922256639911
active_power_discr,22.0,13.0,,,,,,4.0,0.010043909910801375
active_power_discr,22.0,13.0,,,,,,5.0,0.01387255291462737
active_power_discr,22.0,13.0,,,,,,6.0,0.019160638245288873
active_power_discr,22.0,13.0,,,,,,7.0,0.02375767551619317
active_power_discr,22.0,13.0,,,,,,8.0,0.0
active_power_discr,22.0,13.0,,,,,,9.0,0.0
active_power_discr,22.0,13.0,,,,,,10.0,0.0
active_power_discr,22.0,13.0,,,,,,11.0,0.0
active_power_discr,22.0,13.0,,,,,,12.0,0.0
active_power_discr,22.0,13.0,,,,,,13.0,0.0
active_power_discr,22.0,13.0,,,,,,14.0,0.0
active_power_discr,22.0,13.0,,,,,,15.0,0.0
active_power_discr,22.0,14.0,,,,,,1.0,0.003811904963134563
active_power_discr,22.0,14.0,,,,,,2.0,0.005264966907931571
active_power_discr,22.0,14.0,,,,,,3.0,0.007271922256639911
active_power_discr,22.0,14.0,,,,,,4.0,0.0020646686837653867
active_power_discr,22.0,14.0,,,,,,5.0,0.0
active_power_discr,22.0,14.0,,,,,,6.0,0.0
active_power_discr,22.0,14.0,,,,,,7.0,0.0
active_power_discr,22.0,14.0,,,,,,8.0,0.0
active_power_discr,22.0,14.0,,,,,,9.0,0.0
active_power_discr,22.0,14.0,,,,,,10.0,0.0
active_power_discr,22.0,14.0,,,,,,11.0,0.0
active_power_discr,22.0,14.0,,,,,,12.0,0.0
active_power_discr,22.0,14.0,,,,,,13.0,0.0
active_power_discr,22.0,14.0,,,,,,14.0,0.0
active_power_discr,22.0,14.0,,,,,,15.0,0.0
active_power_discr,22.0,15.0,,,,,,1.0,0.003811904963134563
active_power_discr,22.0,15.0,,,,,,2.0,0.005264966907931571
active_power_discr,22.0,15.0,,,,,,3.0,0.007271922256639911
active_power_discr,22.0,15.0,,,,,,4.0,0.006088536208880731
active_power_discr,22.0,15.0,,,,,,5.0,0.0
active_power_discr,22.0,15.0,,,,,,6.0,0.0
active_power_discr,22.0,15.0,,,,,,7.0,0.0
active_power_discr,22.0,15.0,,,,,,8.0,0.0
active_power_discr,22.0,15.0,,,,,,9.0,0.0
active_power_discr,22.0,15.0,,,,,,10.0,0.0
active_power_discr,22.0,15.0,,,,,,11.0,0.0
active_power_discr,22.0,15.0,,,,,,12.0,0.0
active_power_discr,22.0,15.0,,,,,,13.0,0.0
active_power_discr,22.0,15.0,,,,,,14.0,0.0
active_power_discr,22.0,15.0,,,,,,15.0,0.0
active_power_discr,22.0,17.0,,,,,,1.0,0.0075778699824844125
active_power_discr,22.0,17.0,,,,,,2.0,0.013320281329628255
active_power_discr,22.0,17.0,,,,,,3.0,0.023414217334232015
active_power_discr,22.0,17.0,,,,,,4.0,0.041157206804276286
active_power_discr,22.0,17.0,,,,,,5.0,0.07234560300477912
active_power_discr,22.0,17.0,,,,,,6.0,0.0989370244698494
active_power_discr,22.0,17.0,,,,,,7.0,0.0
active_power_discr,22.0,17.0,,,,,,8.0,0.0
active_power_discr,22.0,17.0,,,,,,9.0,0.0
active_power_discr,22.0,17.0,,,,,,10.0,0.0
active_power_discr,22.0,17.0,,,,,,11.0,0.0
active_power_discr,22.0,17.0,,,,,,12.0,0.0
active_power_discr,22.0,17.0,,,,,,13.0,0.0
active_power_discr,22.0,17.0,,,,,,14.0,0.0
active_power_discr,22.0,17.0,,,,,,15.0,0.0
active_power_discr,22.0,18.0,,,,,,1.0,0.0075778699824844125
active_power_discr,22.0,18.0,,,,,,2.0,0.013320281329628255
active_power_discr,22.0,18.0,,,,,,3.0,0.023414217334232015
active_power_discr,22.0,18.0,,,,,,4.0,0.020378816965625688
active_power_discr,22.0,18.0,,,,,,5.0,0.0
active_power_discr,22.0,18.0,,,,,,6.0,0.0
active_power_discr,22.0,18.0,,,,,,7.0,0.0
active_power_discr,22.0,18.0,,,,,,8.0,0.0
active_power_discr,22.0,18.0,,,,,,9.0,0.0
active_power_discr,22.0,18.0,,,,,,10.0,0.0
active_power_discr,22.0,18.0,,,,,,11.0,0.0
active_power_discr,22.0,18.0,,,,,,12.0,0.0
active_power_discr,22.0,18.0,,,,,,13.0,0.0
active_power_discr,22.0,18.0,,,,,,14.0,0.0
active_power_discr,22.0,18.0,,,,,,15.0,0.0
active_power_discr,22.0,19.0,,,,,,1.0,0.0075778699824844125
active_power_discr,22.0,19.0,,,,,,2.0,0.013320281329628255
active_power_discr,22.0,19.0,,,,,,3.0,0.023414217334232015
active_power_discr,22.0,19.0,,,,,,4.0,0.041157206804276286
active_power_discr,22.0,19.0,,,,,,5.0,0.044641300279156124
active_power_discr,22.0,19.0,,,,,,6.0,0.0
active_power_discr,22.0,19.0,,,,,,7.0,0.0
active_power_discr,22.0,19.0,,,,,,8.0,0.0
active_power_discr,22.0,19.0,,,,,,9.0,0.0
active_power_discr,22.0,19.0,,,,,,10.0,0.0
active_power_discr,22.0,19.0,,,,,,11.0,0.0
active_power_discr,22.0,19.0,,,,,,12.0,0.0
active_power_discr,22.0,19.0,,,,,,13.0,0.0
active_power_discr,22.0,19.0,,,,,,14.0,0.0
active_power_discr,22.0,19.0,,,,,,15.0,0.0
active_power_discr,23.0,0.0,,,,,,1.0,0.003811904963134563
active_power_discr,23.0,0.0,,,,,,2.0,0.003670036825519041
active_power_discr,23.0,0.0,,,,,,3.0,0.0
active_power_discr,23.0,0.0,,,,,,4.0,0.0
active_power_discr,23.0,0.0,,,,,,5.0,0.0
active_power_discr,23.0,0.0,,,,,,6.0,0.0
active_power_discr,23.0,0.0,,,,,,7.0,0.0
active_power_discr,23.0,0.0,,,,,,8.0,0.0
active_power_discr,23.0,0.0,,,,,,9.0,0.0
active_power_discr,23.0,0.0,,,,,,10.0,0.0
active_power_discr,23.0,0.0,,,,,,11.0,0.0
active_power_discr,23.0,0.0,,,,,,12.0,0.0
active_power_discr,23.0,0.0,,,,,,13.0,0.0
active_power_discr,23.0,0.0,,,,,,14.0,0.0
active_power_discr,23.0,0.0,,,,,,15.0,0.0
active_power_discr,23.0,2.0,,,,,,1.0,0.003811904963134563
active_power_discr,23.0,2.0,,,,,,2.0,0.005264966907931571
active_power_discr,23.0,2.0,,,,,,3.0,0.0026882335242700943
active_power_discr,23.0,2.0,,,,,,4.0,0.0
active_power_discr,23.0,2.0,,,,,,5.0,0.0
active_power_discr,23.0,2.0,,,,,,6.0,0.0
active_power_discr,23.0,2.0,,,,,,7.0,0.0
active_power_discr,23.0,2.0,,,,,,8.0,0.0
active_power_discr,23.0,2.0,,,,,,9.0,0.0
active_power_discr,23.0,2.0,,,,,,10.0,0.0
active_power_discr,23.0,2.0,,,,,,11.0,0.0
active_power_discr,23.0,2.0,,,,,,12.0,0.0
active_power_discr,23.0,2.0,,,,,,13.0,0.0
active_power_discr,23.0,2.0,,,,,,14.0,0.0
active_power_discr,23.0,2.0,,,,,,15.0,0.0
active_power_discr,23.0,6.0,,,,,,1.0,0.002493177645301506
active_power_discr,23.0,6.0,,,,,,2.0,0.0
active_power_discr,23.0,6.0,,,,,,3.0,0.0
active_power_discr,23.0,6.0,,,,,,4.0,0.0
active_power_discr,23.0,6.0,,,,,,5.0,0.0
active_power_discr,23.0,6.0,,,,,,6.0,0.0
active_power_discr,23.0,6.0,,,,,,7.0,0.0
active_power_discr,23.0,6.0,,,,,,8.0,0.0
active_power_discr,23.0,6.0,,,,,,9.0,0.0
active_power_discr,23.0,6.0,,,,,,10.0,0.0
active_power_discr,23.0,6.0,,,,,,11.0,0.0
active_power_discr,23.0,6.0,,,,,,12.0,0.0
active_power_discr,23.0,6.0,,,,,,13.0,0.0
active_power_discr,23.0,6.0,,,,,,14.0,0.0
active_power_discr,23.0,6.0,,,,,,15.0,0.0
active_power_discr,23.0,10.0,,,,,,1.0,0.003811904963134563
active_power_discr,23.0,10.0,,,,,,2.0,0.005264966907931571
active_power_discr,23.0,10.0,,,,,,3.0,0.007271922256639911
active_power_discr,23.0,10.0,,,,,,4.0,0.007838511787056895
active_power_discr,23.0,10.0,,,,,,5.0,0.0
active_power_discr,23.0,10.0,,,,,,6.0,0.0
active_power_discr,23.0,10.0,,,,,,7.0,0.0
active_power_discr,23.0,10.0,,,,,,8.0,0.0
active_power_discr,23.0,10.0,,,,,,9.0,0.0
active_power_discr,23.0,10.0,,,,,,10.0,0.0
active_power_discr,23.0,10.0,,,,,,11.0,0.0
active_power_discr,23.0,10.0,,,,,,12.0,0.0
active_power_discr,23.0,10.0,,,,,,13.0,0.0
active_power_discr,23.0,10.0,,,,,,14.0,0.0
active_power_discr,23.0,10.0,,,,,,15.0,0.0
active_power_discr,23.0,11.0,,,,,,1.0,0.0075778699824844125
active_power_discr,23.0,11.0,,,,,,2.0,0.013320281329628255
active_power_discr,23.0,11.0,,,,,,3.0,0.00556879031638011
active_power_discr,23.0,11.0,,,,,,4.0,0.0
active_power_discr,23.0,11.0,,,,,,5.0,0.0
active_power_discr,23.0,11.0,,,,,,6.0,0.0
active_power_discr,23.0,11.0,,,,,,7.0,0.0
active_power_discr,23.0,11.0,,,,,,8.0,0.0
active_power_discr,23.0,11.0,,,,,,9.0,0.0
active_power_discr,23.0,11.0,,,,,,10.0,0.0
active_power_discr,23.0,11.0,,,,,,11.0,0.0
active_power_discr,23.0,11.0,,,,,,12.0,0.0
active_power_discr,23.0,11.0,,,,,,13.0,0.0
active_power_discr,23.0,11.0,,,,,,14.0,0.0
active_power_discr,23.0,11.0,,,,,,15.0,0.0
active_power_discr,23.0,12.0,,,,,,1.0,0.0075778699824844125
active_power_discr,23.0,12.0,,,,,,2.0,0.013320281329628255
active_power_discr,23.0,12.0,,,,,,3.0,0.023414217334232015
active_power_discr,23.0,12.0,,,,,,4.0,0.001134585132973931
active_power_discr,23.0,12.0,,,,,,5.0,0.0
active_power_discr,23.0,12.0,,,,,,6.0,0.0
active_power_discr,23.0,12.0,,,,,,7.0,0.0
active_power_discr,23.0,12.0,,,,,,8.0,0.0
active_power_discr,23.0,12.0,,,,,,9.0,0.0
active_power_discr,23.0,12.0,,,,,,10.0,0.0
active_power_discr,23.0,12.0,,,,,,11.0,0.0
active_power_discr,23.0,12.0,,,,,,12.0,0.0
active_power_discr,23.0,12.0,,,,,,13.0,0.0
active_power_discr,23.0,12.0,,,,,,14.0,0.0
active_power_discr,23.0,12.0,,,,,,15.0,0.0
active_power_discr,23.0,13.0,,,,,,1.0,0.003811904963134563
active_power_discr,23.0,13.0,,,,,,2.0,0.005264966907931571
active_power_discr,23.0,13.0,,,,,,3.0,0.007271922256639911
active_power_discr,23.0,13.0,,,,,,4.0,0.010043909910801375
active_power_discr,23.0,13.0,,,,,,5.0,0.01387255291462737
active_power_discr,23.0,13.0,,,,,,6.0,0.012327055079683805
active_power_discr,23.0,13.0,,,,,,7.0,0.0
active_power_discr,23.0,13.0,,,,,,8.0,0.0
active_power_discr,23.0,13.0,,,,,,9.0,0.0
active_power_discr,23.0,13.0,,,,,,10.0,0.0
active_power_discr,23.0,13.0,,,,,,11.0,0.0
active_power_discr,23.0,13.0,,,,,,12.0,0.0
active_power_discr,23.0,13.0,,,,,,13.0,0.0
active_power_discr,23.0,13.0,,,,,,14.0,0.0
active_power_discr,23.0,13.0,,,,,,15.0,0.0
active_power_discr,23.0,14.0,,,,,,1.0,0.003811904963134563
active_power_discr,23.0,14.0,,,,,,2.0,0.005264966907931571
active_power_discr,23.0,14.0,,,,,,3.0,0.005185330933012013
active_power_discr,23.0,14.0,,,,,,4.0,0.0
active_power_discr,23.0,14.0,,,,,,5.0,0.0
active_power_discr,23.0,14.0,,,,,,6.0,0.0
active_power_discr,23.0,14.0,,,,,,7.0,0.0
active_power_discr,23.0,14.0,,,,,,8.0,0.0
active_power_discr,23.0,14.0,,,,,,9.0,0.0
active_power_discr,23.0,14.0,,,,,,10.0,0.0
active_power_discr,23.0,14.0,,,,,,11.0,0.0
active_power_discr,23.0,14.0,,,,,,12.0,0.0
active_power_discr,23.0,14.0,,,,,,13.0,0.0
active_power_discr,23.0,14.0,,,,,,14.0,0.0
active_power_discr,23.0,14.0,,,,,,15.0,0.0
active_power_discr,23.0,15.0,,,,,,1.0,0.003811904963134563
active_power_discr,23.0,15.0,,,,,,2.0,0.005264966907931571
active_power_discr,23.0,15.0,,,,,,3.0,0.007271922256639911
active_power_discr,23.0,15.0,,,,,,4.0,0.0037890112699239826
active_power_discr,23.0,15.0,,,,,,5.0,0.0
active_power_discr,23.0,15.0,,,,,,6.0,0.0
active_power_discr,23.0,15.0,,,,,,7.0,0.0
active_power_discr,23.0,15.0,,,,,,8.0,0.0
active_power_discr,23.0,15.0,,,,,,9.0,0.0
active_power_discr,23.0,15.0,,,,,,10.0,0.0
active_power_discr,23.0,15.0,,,,,,11.0,0.0
active_power_discr,23.0,15.0,,,,,,12.0,0.0
active_power_discr,23.0,15.0,,,,,,13.0,0.0
active_power_discr,23.0,15.0,,,,,,14.0,0.0
active_power_discr,23.0,15.0,,,,,,15.0,0.0
active_power_discr,23.0,17.0,,,,,,1.0,0.0075778699824844125
active_power_discr,23.0,17.0,,,,,,2.0,0.013320281329628255
active_power_discr,23.0,17.0,,,,,,3.0,0.023414217334232015
active_power_discr,23.0,17.0,,,,,,4.0,0.041157206804276286
active_power_discr,23.0,17.0,,,,,,5.0,0.07234560300477912
active_power_discr,23.0,17.0,,,,,,6.0,0.047388170783984246
active_power_discr,23.0,17.0,,,,,,7.0,0.0
active_power_discr,23.0,17.0,,,,,,8.0,0.0
active_power_discr,23.0,17.0,,,,,,9.0,0.0
active_power_discr,23.0,17.0,,,,,,10.0,0.0
active_power_discr,23.0,17.0,,,,,,11.0,0.0
active_power_discr,23.0,17.0,,,,,,12.0,0.0
active_power_discr,23.0,17.0,,,,,,13.0,0.0
active_power_discr,23.0,17.0,,,,,,14.0,0.0
active_power_discr,23.0,17.0,,,,,,15.0,0.0
active_power_discr,23.0,18.0,,,,,,1.0,0.0075778699824844125
active_power_discr,23.0,18.0,,,,,,2.0,0.013320281329628255
active_power_discr,23.0,18.0,,,,,,3.0,0.023414217334232015
active_power_discr,23.0,18.0,,,,,,4.0,0.008779410163134441
active_power_discr,23.0,18.0,,,,,,5.0,0.0
active_power_discr,23.0,18.0,,,,,,6.0,0.0
active_power_discr,23.0,18.0,,,,,,7.0,0.0
active_power_discr,23.0,18.0,,,,,,8.0,0.0
active_power_discr,23.0,18.0,,,,,,9.0,0.0
active_power_discr,23.0,18.0,,,,,,10.0,0.0
active_power_discr,23.0,18.0,,,,,,11.0,0.0
active_power_discr,23.0,18.0,,,,,,12.0,0.0
active_power_discr,23.0,18.0,,,,,,13.0,0.0
active_power_discr,23.0,18.0,,,,,,14.0,0.0
active_power_discr,23.0,18.0,,,,,,15.0,0.0
active_power_discr,23.0,19.0,,,,,,1.0,0.0075778699824844125
active_power_discr,23.0,19.0,,,,,,2.0,0.013320281329628255
active_power_discr,23.0,19.0,,,,,,3.0,0.023414217334232015
active_power_discr,23.0,19.0,,,,,,4.0,0.041157206804276286
active_power_discr,23.0,19.0,,,,,,5.0,0.009372570569978866
active_power_discr,23.0,19.0,,,,,,6.0,0.0
active_power_discr,23.0,19.0,,,,,,7.0,0.0
active_power_discr,23.0,19.0,,,,,,8.0,0.0
active_power_discr,23.0,19.0,,,,,,9.0,0.0
active_power_discr,23.0,19.0,,,,,,10.0,0.0
active_power_discr,23.0,19.0,,,,,,11.0,0.0
active_power_discr,23.0,19.0,,,,,,12.0,0.0
active_power_discr,23.0,19.0,,,,,,13.0,0.0
active_power_discr,23.0,19.0,,,,,,14.0,0.0
active_power_discr,23.0,19.0,,,,,,15.0,0.0
active_power_discr,24.0,0.0,,,,,,1.0,0.003811904963134563
active_power_discr,24.0,0.0,,,,,,2.0,0.003788679695496495
active_power_discr,24.0,0.0,,,,,,3.0,0.0
active_power_discr,24.0,0.0,,,,,,4.0,0.0
active_power_discr,24.0,0.0,,,,,,5.0,0.0
active_power_discr,24.0,0.0,,,,,,6.0,0.0
active_power_discr,24.0,0.0,,,,,,7.0,0.0
active_power_discr,24.0,0.0,,,,,,8.0,0.0
active_power_discr,24.0,0.0,,,,,,9.0,0.0
active_power_discr,24.0,0.0,,,,,,10.0,0.0
active_power_discr,24.0,0.0,,,,,,11.0,0.0
active_power_discr,24.0,0.0,,,,,,12.0,0.0
active_power_discr,24.0,0.0,,,,,,13.0,0.0
active_power_discr,24.0,0.0,,,,,,14.0,0.0
active_power_discr,24.0,0.0,,,,,,15.0,0.0
active_power_discr,24.0,2.0,,,,,,1.0,0.003811904963134563
active_power_discr,24.0,2.0,,,,,,2.0,0.005264966907931571
active_power_discr,24.0,2.0,,,,,,3.0,0.002057283569246735
active_power_discr,24.0,2.0,,,,,,4.0,0.0
active_power_discr,24.0,2.0,,,,,,5.0,0.0
active_power_discr,24.0,2.0,,,,,,6.0,0.0
active_power_discr,24.0,2.0,,,,,,7.0,0.0
active_power_discr,24.0,2.0,,,,,,8.0,0.0
active_power_discr,24.0,2.0,,,,,,9.0,0.0
active_power_discr,24.0,2.0,,,,,,10.0,0.0
active_power_discr,24.0,2.0,,,,,,11.0,0.0
active_power_discr,24.0,2.0,,,,,,12.0,0.0
active_power_discr,24.0,2.0,,,,,,13.0,0.0
active_power_discr,24.0,2.0,,,,,,14.0,0.0
active_power_discr,24.0,2.0,,,,,,15.0,0.0
active_power_discr,24.0,6.0,,,,,,1.0,0.0024931139019126907
active_power_discr,24.0,6.0,,,,,,2.0,0.0
active_power_discr,24.0,6.0,,,,,,3.0,0.0
active_power_discr,24.0,6.0,,,,,,4.0,0.0
active_power_discr,24.0,6.0,,,,,,5.0,0.0
active_power_discr,24.0,6.0,,,,,,6.0,0.0
active_power_discr,24.0,6.0,,,,,,7.0,0.0
active_power_discr,24.0,6.0,,,,,,8.0,0.0
active_power_discr,24.0,6.0,,,,,,9.0,0.0
active_power_discr,24.0,6.0,,,,,,10.0,0.0
active_power_discr,24.0,6.0,,,,,,11.0,0.0
active_power_discr,24.0,6.0,,,,,,12.0,0.0
active_power_discr,24.0,6.0,,,,,,13.0,0.0
active_power_discr,24.0,6.0,,,,,,14.0,0.0
active_power_discr,24.0,6.0,,,,,,15.0,0.0
active_power_discr,24.0,10.0,,,,,,1.0,0.003811904963134563
active_power_discr,24.0,10.0,,,,,,2.0,0.005264966907931571
active_power_discr,24.0,10.0,,,,,,3.0,0.007271922256639911
active_power_discr,24.0,10.0,,,,,,4.0,0.004214543296262457
active_power_discr,24.0,10.0,,,,,,5.0,0.0
active_power_discr,24.0,10.0,,,,,,6.0,0.0
active_power_discr,24.0,10.0,,,,,,7.0,0.0
active_power_discr,24.0,10.0,,,,,,8.0,0.0
active_power_discr,24.0,10.0,,,,,,9.0,0.0
active_power_discr,24.0,10.0,,,,,,10.0,0.0
active_power_discr,24.0,10.0,,,,,,11.0,0.0
active_power_discr,24.0,10.0,,,,,,12.0,0.0
active_power_discr,24.0,10.0,,,,,,13.0,0.0
active_power_discr,24.0,10.0,,,,,,14.0,0.0
active_power_discr,24.0,10.0,,,,,,15.0,0.0
active_power_discr,24.0,11.0,,,,,,1.0,0.0075778699824844125
active_power_discr,24.0,11.0,,,,,,2.0,0.013320281329628255
active_power_discr,24.0,11.0,,,,,,3.0,0.004149703772647669
active_power_discr,24.0,11.0,,,,,,4.0,0.0
active_power_discr,24.0,11.0,,,,,,5.0,0.0
active_power_discr,24.0,11.0,,,,,,6.0,0.0
active_power_discr,24.0,11.0,,,,,,7.0,0.0
active_power_discr,24.0,11.0,,,,,,8.0,0.0
active_power_discr,24.0,11.0,,,,,,9.0,0.0
active_power_discr,24.0,11.0,,,,,,10.0,0.0
active_power_discr,24.0,11.0,,,,,,11.0,0.0
active_power_discr,24.0,11.0,,,,,,12.0,0.0
active_power_discr,24.0,11.0,,,,,,13.0,0.0
active_power_discr,24.0,11.0,,,,,,14.0,0.0
active_power_discr,24.0,11.0,,,,,,15.0,0.0
active_power_discr,24.0,12.0,,,,,,1.0,0.0075778699824844125
active_power_discr,24.0,12.0,,,,,,2.0,0.013320281329628255
active_power_discr,24.0,12.0,,,,,,3.0,0.023414217334232015
active_power_discr,24.0,12.0,,,,,,4.0,0.00016582749580703465
active_power_discr,24.0,12.0,,,,,,5.0,0.0
active_power_discr,24.0,12.0,,,,,,6.0,0.0
active_power_discr,24.0,12.0,,,,,,7.0,0.0
active_power_discr,24.0,12.0,,,,,,8.0,0.0
active_power_discr,24.0,12.0,,,,,,9.0,0.0
active_power_discr,24.0,12.0,,,,,,10.0,0.0
active_power_discr,24.0,12.0,,,,,,11.0,0.0
active_power_discr,24.0,12.0,,,,,,12.0,0.0
active_power_discr,24.0,12.0,,,,,,13.0,0.0
active_power_discr,24.0,12.0,,,,,,14.0,0.0
active_power_discr,24.0,12.0,,,,,,15.0,0.0
active_power_discr,24.0,13.0,,,,,,1.0,0.003811904963134563
active_power_discr,24.0,13.0,,,,,,2.0,0.005264966907931571
active_power_discr,24.0,13.0,,,,,,3.0,0.007271922256639911
active_power_discr,24.0,13.0,,,,,,4.0,0.010043909910801375
active_power_discr,24.0,13.0,,,,,,5.0,0.008327863838332367
active_power_discr,24.0,13.0,,,,,,6.0,0.0
active_power_discr,24.0,13.0,,,,,,7.0,0.0
active_power_discr,24.0,13.0,,,,,,8.0,0.0
active_power_discr,24.0,13.0,,,,,,9.0,0.0
active_power_discr,24.0,13.0,,,,,,10.0,0.0
active_power_discr,24.0,13.0,,,,,,11.0,0.0
active_power_discr,24.0,13.0,,,,,,12.0,0.0
active_power_discr,24.0,13.0,,,,,,13.0,0.0
active_power_discr,24.0,13.0,,,,,,14.0,0.0
active_power_discr,24.0,13.0,,,,,,15.0,0.0
active_power_discr,24.0,14.0,,,,,,1.0,0.003811904963134563
active_power_discr,24.0,14.0,,,,,,2.0,0.005264966907931571
active_power_discr,24.0,14.0,,,,,,3.0,0.0020935198961172415
active_power_discr,24.0,14.0,,,,,,4.0,0.0
active_power_discr,24.0,14.0,,,,,,5.0,0.0
active_power_discr,24.0,14.0,,,,,,6.0,0.0
active_power_discr,24.0,14.0,,,,,,7.0,0.0
active_power_discr,24.0,14.0,,,,,,8.0,0.0
active_power_discr,24.0,14.0,,,,,,9.0,0.0
active_power_discr,24.0,14.0,,,,,,10.0,0.0
active_power_discr,24.0,14.0,,,,,,11.0,0.0
active_power_discr,24.0,14.0,,,,,,12.0,0.0
active_power_discr,24.0,14.0,,,,,,13.0,0.0
active_power_discr,24.0,14.0,,,,,,14.0,0.0
active_power_discr,24.0,14.0,,,,,,15.0,0.0
active_power_discr,24.0,15.0,,,,,,1.0,0.003811904963134563
active_power_discr,24.0,15.0,,,,,,2.0,0.005264966907931571
active_power_discr,24.0,15.0,,,,,,3.0,0.007271922256639911
active_power_discr,24.0,15.0,,,,,,4.0,0.0028428898307135447
active_power_discr,24.0,15.0,,,,,,5.0,0.0
active_power_discr,24.0,15.0,,,,,,6.0,0.0
active_power_discr,24.0,15.0,,,,,,7.0,0.0
active_power_discr,24.0,15.0,,,,,,8.0,0.0
active_power_discr,24.0,15.0,,,,,,9.0,0.0
active_power_discr,24.0,15.0,,,,,,10.0,0.0
active_power_discr,24.0,15.0,,,,,,11.0,0.0
active_power_discr,24.0,15.0,,,,,,12.0,0.0
active_power_discr,24.0,15.0,,,,,,13.0,0.0
active_power_discr,24.0,15.0,,,,,,14.0,0.0
active_power_discr,24.0,15.0,,,,,,15.0,0.0
active_power_discr,24.0,17.0,,,,,,1.0,0.0075778699824844125
active_power_discr,24.0,17.0,,,,,,2.0,0.013320281329628255
active_power_discr,24.0,17.0,,,,,,3.0,0.023414217334232015
active_power_discr,24.0,17.0,,,,,,4.0,0.041157206804276286
active_power_discr,24.0,17.0,,,,,,5.0,0.07234560300477912
active_power_discr,24.0,17.0,,,,,,6.0,0.015475599449509991
active_power_discr,24.0,17.0,,,,,,7.0,0.0
active_power_discr,24.0,17.0,,,,,,8.0,0.0
active_power_discr,24.0,17.0,,,,,,9.0,0.0
active_power_discr,24.0,17.0,,,,,,10.0,0.0
active_power_discr,24.0,17.0,,,,,,11.0,0.0
active_power_discr,24.0,17.0,,,,,,12.0,0.0
active_power_discr,24.0,17.0,,,,,,13.0,0.0
active_power_discr,24.0,17.0,,,,,,14.0,0.0
active_power_discr,24.0,17.0,,,,,,15.0,0.0
active_power_discr,24.0,18.0,,,,,,1.0,0.0075778699824844125
active_power_discr,24.0,18.0,,,,,,2.0,0.013320281329628255
active_power_discr,24.0,18.0,,,,,,3.0,0.02190423306941577
active_power_discr,24.0,18.0,,,,,,4.0,0.0
active_power_discr,24.0,18.0,,,,,,5.0,0.0
active_power_discr,24.0,18.0,,,,,,6.0,0.0
active_power_discr,24.0,18.0,,,,,,7.0,0.0
active_power_discr,24.0,18.0,,,,,,8.0,0.0
active_power_discr,24.0,18.0,,,,,,9.0,0.0
active_power_discr,24.0,18.0,,,,,,10.0,0.0
active_power_discr,24.0,18.0,,,,,,11.0,0.0
active_power_discr,24.0,18.0,,,,,,12.0,0.0
active_power_discr,24.0,18.0,,,,,,13.0,0.0
active_power_discr,24.0,18.0,,,,,,14.0,0.0
active_power_discr,24.0,18.0,,,,,,15.0,0.0
active_power_discr,24.0,19.0,,,,,,1.0,0.0075778699824844125
active_power_discr,24.0,19.0,,,,,,2.0,0.013320281329628255
active_power_discr,24.0,19.0,,,,,,3.0,0.023414217334232015
active_power_discr,24.0,19.0,,,,,,4.0,0.030523707390449573
active_power_discr,24.0,19.0,,,,,,5.0,0.0
active_power_discr,24.0,19.0,,,,,,6.0,0.0
active_power_discr,24.0,19.0,,,,,,7.0,0.0
active_power_discr,24.0,19.0,,,,,,8.0,0.0
active_power_discr,24.0,19.0,,,,,,9.0,0.0
active_power_discr,24.0,19.0,,,,,,10.0,0.0
active_power_discr,24.0,19.0,,,,,,11.0,0.0
active_power_discr,24.0,19.0,,,,,,12.0,0.0
active_power_discr,24.0,19.0,,,,,,13.0,0.0
active_power_discr,24.0,19.0,,,,,,14.0,0.0
active_power_discr,24.0,19.0,,,,,,15.0,0.0
reactive_power_discr,1.0,0.0,,,,,,1.0,0.003758123996094366
reactive_power_discr,1.0,0.0,,,,,,2.0,0.0
reactive_power_discr,1.0,0.0,,,,,,3.0,0.0
reactive_power_discr,1.0,0.0,,,,,,4.0,0.0
reactive_power_discr,1.0,0.0,,,,,,5.0,0.0
reactive_power_discr,1.0,0.0,,,,,,6.0,0.0
reactive_power_discr,1.0,0.0,,,,,,7.0,0.0
reactive_power_discr,1.0,0.0,,,,,,8.0,0.0
reactive_power_discr,1.0,0.0,,,,,,9.0,0.0
reactive_power_discr,1.0,0.0,,,,,,10.0,0.0
reactive_power_discr,1.0,0.0,,,,,,11.0,0.0
reactive_power_discr,1.0,0.0,,,,,,12.0,0.0
reactive_power_discr,1.0,0.0,,,,,,13.0,0.0
reactive_power_discr,1.0,0.0,,,,,,14.0,0.0
reactive_power_discr,1.0,0.0,,,,,,15.0,0.0
reactive_power_discr,1.0,2.0,,,,,,1.0,0.003811904963134563
reactive_power_discr,1.0,2.0,,,,,,2.0,0.002744976098448891
reactive_power_discr,1.0,2.0,,,,,,3.0,0.0
reactive_power_discr,1.0,2.0,,,,,,4.0,0.0
reactive_power_discr,1.0,2.0,,,,,,5.0,0.0
reactive_power_discr,1.0,2.0,,,,,,6.0,0.0
reactive_power_discr,1.0,2.0,,,,,,7.0,0.0
reactive_power_discr,1.0,2.0,,,,,,8.0,0.0
reactive_power_discr,1.0,2.0,,,,,,9.0,0.0
reactive_power_discr,1.0,2.0,,,,,,10.0,0.0
reactive_power_discr,1.0,2.0,,,,,,11.0,0.0
reactive_power_discr,1.0,2.0,,,,,,12.0,0.0
reactive_power_discr,1.0,2.0,,,,,,13.0,0.0
reactive_power_discr,1.0,2.0,,,,,,14.0,0.0
reactive_power_discr,1.0,2.0,,,,,,15.0,0.0
reactive_power_discr,1.0,6.0,,,,,,1.0,0.0006652365052399133
reactive_power_discr,1.0,6.0,,,,,,2.0,0.0
reactive_power_discr,1.0,6.0,,,,,,3.0,0.0
reactive_power_discr,1.0,6.0,,,,,,4.0,0.0
reactive_power_discr,1.0,6.0,,,,,,5.0,0.0
reactive_power_discr,1.0,6.0,,,,,,6.0,0.0
reactive_power_discr,1.0,6.0,,,,,,7.0,0.0
reactive_power_discr,1.0,6.0,,,,,,8.0,0.0
reactive_power_discr,1.0,6.0,,,,,,9.0,0.0
reactive_power_discr,1.0,6.0,,,,,,10.0,0.0
reactive_power_discr,1.0,6.0,,,,,,11.0,0.0
reactive_power_discr,1.0,6.0,,,,,,12.0,0.0
reactive_power_discr,1.0,6.0,,,,,,13.0,0.0
reactive_power_discr,1.0,6.0,,,,,,14.0,0.0
reactive_power_discr,1.0,6.0,,,,,,15.0,0.0
reactive_power_discr,1.0,10.0,,,,,,1.0,0.003811904963134563
reactive_power_discr,1.0,10.0,,,,,,2.0,0.005264966907931571
reactive_power_discr,1.0,10.0,,,,,,3.0,0.00021428219627103035
reactive_power_discr,1.0,10.0,,,,,,4.0,0.0
reactive_power_discr,1.0,10.0,,,,,,5.0,0.0
reactive_power_discr,1.0,10.0,,,,,,6.0,0.0
reactive_power_discr,1.0,10.0,,,,,,7.0,0.0
reactive_power_discr,1.0,10.0,,,,,,8.0,0.0
reactive_power_discr,1.0,10.0,,,,,,9.0,0.0
reactive_power_discr,1.0,10.0,,,,,,10.0,0.0
reactive_power_discr,1.0,10.0,,,,,,11.0,0.0
reactive_power_discr,1.0,10.0,,,,,,12.0,0.0
reactive_power_discr,1.0,10.0,,,,,,13.0,0.0
reactive_power_discr,1.0,10.0,,,,,,14.0,0.0
reactive_power_discr,1.0,10.0,,,,,,15.0,0.0
reactive_power_discr,1.0,11.0,,,,,,1.0,0.0075778699824844125
reactive_power_discr,1.0,11.0,,,,,,2.0,0.007168847333981718
reactive_power_discr,1.0,11.0,,,,,,3.0,0.0
reactive_power_discr,1.0,11.0,,,,,,4.0,0.0
reactive_power_discr,1.0,11.0,,,,,,5.0,0.0
reactive_power_discr,1.0,11.0,,,,,,6.0,0.0
reactive_power_discr,1.0,11.0,,,,,,7.0,0.0
reactive_power_discr,1.0,11.0,,,,,,8.0,0.0
reactive_power_discr,1.0,11.0,,,,,,9.0,0.0
reactive_power_discr,1.0,11.0,,,,,,10.0,0.0
reactive_power_discr,1.0,11.0,,,,,,11.0,0.0
reactive_power_discr,1.0,11.0,,,,,,12.0,0.0
reactive_power_discr,1.0,11.0,,,,,,13.0,0.0
reactive_power_discr,1.0,11.0,,,,,,14.0,0.0
reactive_power_discr,1.0,11.0,,,,,,15.0,0.0
reactive_power_discr,1.0,12.0,,,,,,1.0,0.0075778699824844125
reactive_power_discr,1.0,12.0,,,,,,2.0,0.013320281329628255
reactive_power_discr,1.0,12.0,,,,,,3.0,0.0033631222616184904
reactive_power_discr,1.0,12.0,,,,,,4.0,0.0
reactive_power_discr,1.0,12.0,,,,,,5.0,0.0
reactive_power_discr,1.0,12.0,,,,,,6.0,0.0
reactive_power_discr,1.0,12.0,,,,,,7.0,0.0
reactive_power_discr,1.0,12.0,,,,,,8.0,0.0
reactive_power_discr,1.0,12.0,,,,,,9.0,0.0
reactive_power_discr,1.0,12.0,,,,,,10.0,0.0
reactive_power_discr,1.0,12.0,,,,,,11.0,0.0
reactive_power_discr,1.0,12.0,,,,,,12.0,0.0
reactive_power_discr,1.0,12.0,,,,,,13.0,0.0
reactive_power_discr,1.0,12.0,,,,,,14.0,0.0
reactive_power_discr,1.0,12.0,,,,,,15.0,0.0
reactive_power_discr,1.0,13.0,,,,,,1.0,0.003811904963134563
reactive_power_discr,1.0,13.0,,,,,,2.0,0.005264966907931571
reactive_power_discr,1.0,13.0,,,,,,3.0,0.0004681767986441064
reactive_power_discr,1.0,13.0,,,,,,4.0,0.0
reactive_power_discr,1.0,13.0,,,,,,5.0,0.0
reactive_power_discr,1.0,13.0,,,,,,6.0,0.0
reactive_power_discr,1.0,13.0,,,,,,7.0,0.0
reactive_power_discr,1.0,13.0,,,,,,8.0,0.0
reactive_power_discr,1.0,13.0,,,,,,9.0,0.0
reactive_power_discr,1.0,13.0,,,,,,10.0,0.0
reactive_power_discr,1.0,13.0,,,,,,11.0,0.0
reactive_power_discr,1.0,13.0,,,,,,12.0,0.0
reactive_power_discr,1.0,13.0,,,,,,13.0,0.0
reactive_power_discr,1.0,13.0,,,,,,14.0,0.0
reactive_power_discr,1.0,13.0,,,,,,15.0,0.0
reactive_power_discr,1.0,14.0,,,,,,1.0,0.0037611350736623667
reactive_power_discr,1.0,14.0,,,,,,2.0,0.0
reactive_power_discr,1.0,14.0,,,,,,3.0,0.0
reactive_power_discr,1.0,14.0,,,,,,4.0,0.0
reactive_power_discr,1.0,14.0,,,,,,5.0,0.0
reactive_power_discr,1.0,14.0,,,,,,6.0,0.0
reactive_power_discr,1.0,14.0,,,,,,7.0,0.0
reactive_power_discr,1.0,14.0,,,,,,8.0,0.0
reactive_power_discr,1.0,14.0,,,,,,9.0,0.0
reactive_power_discr,1.0,14.0,,,,,,10.0,0.0
reactive_power_discr,1.0,14.0,,,,,,11.0,0.0
reactive_power_discr,1.0,14.0,,,,,,12.0,0.0
reactive_power_discr,1.0,14.0,,,,,,13.0,0.0
reactive_power_discr,1.0,14.0,,,,,,14.0,0.0
reactive_power_discr,1.0,14.0,,,,,,15.0,0.0
reactive_power_discr,1.0,15.0,,,,,,1.0,0.003811904963134563
reactive_power_discr,1.0,15.0,,,,,,2.0,0.005264966907931571
reactive_power_discr,1.0,15.0,,,,,,3.0,8.903650133803816e-05
reactive_power_discr,1.0,15.0,,,,,,4.0,0.0
reactive_power_discr,1.0,15.0,,,,,,5.0,0.0
reactive_power_discr,1.0,15.0,,,,,,6.0,0.0
reactive_power_discr,1.0,15.0,,,,,,7.0,0.0
reactive_power_discr,1.0,15.0,,,,,,8.0,0.0
reactive_power_discr,1.0,15.0,,,,,,9.0,0.0
reactive_power_discr,1.0,15.0,,,,,,10.0,0.0
reactive_power_discr,1.0,15.0,,,,,,11.0,0.0
reactive_power_discr,1.0,15.0,,,,,,12.0,0.0
reactive_power_discr,1.0,15.0,,,,,,13.0,0.0
reactive_power_discr,1.0,15.0,,,,,,14.0,0.0
reactive_power_discr,1.0,15.0,,,,,,15.0,0.0
reactive_power_discr,1.0,17.0,,,,,,1.0,0.0075778699824844125
reactive_power_discr,1.0,17.0,,,,,,2.0,0.013320281329628255
reactive_power_discr,1.0,17.0,,,,,,3.0,0.023414217334232015
reactive_power_discr,1.0,17.0,,,,,,4.0,0.01760472405291951
reactive_power_discr,1.0,17.0,,,,,,5.0,0.0
reactive_power_discr,1.0,17.0,,,,,,6.0,0.0
reactive_power_discr,1.0,17.0,,,,,,7.0,0.0
reactive_power_discr,1.0,17.0,,,,,,8.0,0.0
reactive_power_discr,1.0,17.0,,,,,,9.0,0.0
reactive_power_discr,1.0,17.0,,,,,,10.0,0.0
reactive_power_discr,1.0,17.0,,,,,,11.0,0.0
reactive_power_discr,1.0,17.0,,,,,,12.0,0.0
reactive_power_discr,1.0,17.0,,,,,,13.0,0.0
reactive_power_discr,1.0,17.0,,,,,,14.0,0.0
reactive_power_discr,1.0,17.0,,,,,,15.0,0.0
reactive_power_discr,1.0,18.0,,,,,,1.0,0.0
reactive_power_discr,1.0,18.0,,,,,,2.0,0.0
reactive_power_discr,1.0,18.0,,,,,,3.0,0.0
reactive_power_discr,1.0,18.0,,,,,,4.0,0.0
reactive_power_discr,1.0,18.0,,,,,,5.0,0.0
reactive_power_discr,1.0,18.0,,,,,,6.0,0.0
reactive_power_discr,1.0,18.0,,,,,,7.0,0.0
reactive_power_discr,1.0,18.0,,,,,,8.0,0.0
reactive_power_discr,1.0,18.0,,,,,,9.0,0.0
reactive_power_discr,1.0,18.0,,,,,,10.0,0.0
reactive_power_discr,1.0,18.0,,,,,,11.0,0.0
reactive_power_discr,1.0,18.0,,,,,,12.0,0.0
reactive_power_discr,1.0,18.0,,,,,,13.0,0.0
reactive_power_discr,1.0,18.0,,,,,,14.0,0.0
reactive_power_discr,1.0,18.0,,,,,,15.0,0.0
reactive_power_discr,1.0,19.0,,,,,,1.0,0.0075778699824844125
reactive_power_discr,1.0,19.0,,,,,,2.0,0.013320281329628255
reactive_power_discr,1.0,19.0,,,,,,3.0,0.010176252819442493
reactive_power_discr,1.0,19.0,,,,,,4.0,0.0
reactive_power_discr,1.0,19.0,,,,,,5.0,0.0
reactive_power_discr,1.0,19.0,,,,,,6.0,0.0
reactive_power_discr,1.0,19.0,,,,,,7.0,0.0
reactive_power_discr,1.0,19.0,,,,,,8.0,0.0
reactive_power_discr,1.0,19.0,,,,,,9.0,0.0
reactive_power_discr,1.0,19.0,,,,,,10.0,0.0
reactive_power_discr,1.0,19.0,,,,,,11.0,0.0
reactive_power_discr,1.0,19.0,,,,,,12.0,0.0
reactive_power_discr,1.0,19.0,,,,,,13.0,0.0
reactive_power_discr,1.0,19.0,,,,,,14.0,0.0
reactive_power_discr,1.0,19.0,,,,,,15.0,0.0
reactive_power_discr,2.0,0.0,,,,,,1.0,0.0035693656768861623
reactive_power_discr,2.0,0.0,,,,,,2.0,0.0
reactive_power_discr,2.0,0.0,,,,,,3.0,0.0
reactive_power_discr,2.0,0.0,,,,,,4.0,0.0
reactive_power_discr,2.0,0.0,,,,,,5.0,0.0
reactive_power_discr,2.0,0.0,,,,,,6.0,0.0
reactive_power_discr,2.0,0.0,,,,,,7.0,0.0
reactive_power_discr,2.0,0.0,,,,,,8.0,0.0
reactive_power_discr,2.0,0.0,,,,,,9.0,0.0
reactive_power_discr,2.0,0.0,,,,,,10.0,0.0
reactive_power_discr,2.0,0.0,,,,,,11.0,0.0
reactive_power_discr,2.0,0.0,,,,,,12.0,0.0
reactive_power_discr,2.0,0.0,,,,,,13.0,0.0
reactive_power_discr,2.0,0.0,,,,,,14.0,0.0
reactive_power_discr,2.0,0.0,,,,,,15.0,0.0
reactive_power_discr,2.0,2.0,,,,,,1.0,0.003811904963134563
reactive_power_discr,2.0,2.0,,,,,,2.0,0.002926736554865181
reactive_power_discr,2.0,2.0,,,,,,3.0,0.0
reactive_power_discr,2.0,2.0,,,,,,4.0,0.0
reactive_power_discr,2.0,2.0,,,,,,5.0,0.0
reactive_power_discr,2.0,2.0,,,,,,6.0,0.0
reactive_power_discr,2.0,2.0,,,,,,7.0,0.0
reactive_power_discr,2.0,2.0,,,,,,8.0,0.0
reactive_power_discr,2.0,2.0,,,,,,9.0,0.0
reactive_power_discr,2.0,2.0,,,,,,10.0,0.0
reactive_power_discr,2.0,2.0,,,,,,11.0,0.0
reactive_power_discr,2.0,2.0,,,,,,12.0,0.0
reactive_power_discr,2.0,2.0,,,,,,13.0,0.0
reactive_power_discr,2.0,2.0,,,,,,14.0,0.0
reactive_power_discr,2.0,2.0,,,,,,15.0,0.0
reactive_power_discr,2.0,6.0,,,,,,1.0,0.0006058648268638194
reactive_power_discr,2.0,6.0,,,,,,2.0,0.0
reactive_power_discr,2.0,6.0,,,,,,3.0,0.0
reactive_power_discr,2.0,6.0,,,,,,4.0,0.0
reactive_power_discr,2.0,6.0,,,,,,5.0,0.0
reactive_power_discr,2.0,6.0,,,,,,6.0,0.0
reactive_power_discr,2.0,6.0,,,,,,7.0,0.0
reactive_power_discr,2.0,6.0,,,,,,8.0,0.0
reactive_power_discr,2.0,6.0,,,,,,9.0,0.0
reactive_power_discr,2.0,6.0,,,,,,10.0,0.0
reactive_power_discr,2.0,6.0,,,,,,11.0,0.0
reactive_power_discr,2.0,6.0,,,,,,12.0,0.0
reactive_power_discr,2.0,6.0,,,,,,13.0,0.0
reactive_power_discr,2.0,6.0,,,,,,14.0,0.0
reactive_power_discr,2.0,6.0,,,,,,15.0,0.0
reactive_power_discr,2.0,10.0,,,,,,1.0,0.003811904963134563
reactive_power_discr,2.0,10.0,,,,,,2.0,0.005264966907931571
reactive_power_discr,2.0,10.0,,,,,,3.0,0.00020355282143496266
reactive_power_discr,2.0,10.0,,,,,,4.0,0.0
reactive_power_discr,2.0,10.0,,,,,,5.0,0.0
reactive_power_discr,2.0,10.0,,,,,,6.0,0.0
reactive_power_discr,2.0,10.0,,,,,,7.0,0.0
reactive_power_discr,2.0,10.0,,,,,,8.0,0.0
reactive_power_discr,2.0,10.0,,,,,,9.0,0.0
reactive_power_discr,2.0,10.0,,,,,,10.0,0.0
reactive_power_discr,2.0,10.0,,,,,,11.0,0.0
reactive_power_discr,2.0,10.0,,,,,,12.0,0.0
reactive_power_discr,2.0,10.0,,,,,,13.0,0.0
reactive_power_discr,2.0,10.0,,,,,,14.0,0.0
reactive_power_discr,2.0,10.0,,,,,,15.0,0.0
reactive_power_discr,2.0,11.0,,,,,,1.0,0.0075778699824844125
reactive_power_discr,2.0,11.0,,,,,,2.0,0.007577700648695788
reactive_power_discr,2.0,11.0,,,,,,3.0,0.0
reactive_power_discr,2.0,11.0,,,,,,4.0,0.0
reactive_power_discr,2.0,11.0,,,,,,5.0,0.0
reactive_power_discr,2.0,11.0,,,,,,6.0,0.0
reactive_power_discr,2.0,11.0,,,,,,7.0,0.0
reactive_power_discr,2.0,11.0,,,,,,8.0,0.0
reactive_power_discr,2.0,11.0,,,,,,9.0,0.0
reactive_power_discr,2.0,11.0,,,,,,10.0,0.0
reactive_power_discr,2.0,11.0,,,,,,11.0,0.0
reactive_power_discr,2.0,11.0,,,,,,12.0,0.0
reactive_power_discr,2.0,11.0,,,,,,13.0,0.0
reactive_power_discr,2.0,11.0,,,,,,14.0,0.0
reactive_power_discr,2.0,11.0,,,,,,15.0,0.0
reactive_power_discr,2.0,12.0,,,,,,1.0,0.0075778699824844125
reactive_power_discr,2.0,12.0,,,,,,2.0,0.013320281329628255
reactive_power_discr,2.0,12.0,,,,,,3.0,0.00329294907466016
reactive_power_discr,2.0,12.0,,,,,,4.0,0.0
reactive_power_discr,2.0,12.0,,,,,,5.0,0.0
reactive_power_discr,2.0,12.0,,,,,,6.0,0.0
reactive_power_discr,2.0,12.0,,,,,,7.0,0.0
reactive_power_discr,2.0,12.0,,,,,,8.0,0.0
reactive_power_discr,2.0,12.0,,,,,,9.0,0.0
reactive_power_discr,2.0,12.0,,,,,,10.0,0.0
reactive_power_discr,2.0,12.0,,,,,,11.0,0.0
reactive_power_discr,2.0,12.0,,,,,,12.0,0.0
reactive_power_discr,2.0,12.0,,,,,,13.0,0.0
reactive_power_discr,2.0,12.0,,,,,,14.0,0.0
reactive_power_discr,2.0,12.0,,,,,,15.0,0.0
reactive_power_discr,2.0,13.0,,,,,,1.0,0.003811904963134563
reactive_power_discr,2.0,13.0,,,,,,2.0,0.005264966907931571
reactive_power_discr,2.0,13.0,,,,,,3.0,0.00041955339124039037
reactive_power_discr,2.0,13.0,,,,,,4.0,0.0
reactive_power_discr,2.0,13.0,,,,,,5.0,0.0
reactive_power_discr,2.0,13.0,,,,,,6.0,0.0
reactive_power_discr,2.0,13.0,,,,,,7.0,0.0
reactive_power_discr,2.0,13.0,,,,,,8.0,0.0
reactive_power_discr,2.0,13.0,,,,,,9.0,0.0
reactive_power_discr,2.0,13.0,,,,,,10.0,0.0
reactive_power_discr,2.0,13.0,,,,,,11.0,0.0
reactive_power_discr,2.0,13.0,,,,,,12.0,0.0
reactive_power_discr,2.0,13.0,,,,,,13.0,0.0
reactive_power_discr,2.0,13.0,,,,,,14.0,0.0
reactive_power_discr,2.0,13.0,,,,,,15.0,0.0
reactive_power_discr,2.0,14.0,,,,,,1.0,0.0035970857058085235
reactive_power_discr,2.0,14.0,,,,,,2.0,0.0
reactive_power_discr,2.0,14.0,,,,,,3.0,0.0
reactive_power_discr,2.0,14.0,,,,,,4.0,0.0
reactive_power_discr,2.0,14.0,,,,,,5.0,0.0
reactive_power_discr,2.0,14.0,,,,,,6.0,0.0
reactive_power_discr,2.0,14.0,,,,,,7.0,0.0
reactive_power_discr,2.0,14.0,,,,,,8.0,0.0
reactive_power_discr,2.0,14.0,,,,,,9.0,0.0
reactive_power_discr,2.0,14.0,,,,,,10.0,0.0
reactive_power_discr,2.0,14.0,,,,,,11.0,0.0
reactive_power_discr,2.0,14.0,,,,,,12.0,0.0
reactive_power_discr,2.0,14.0,,,,,,13.0,0.0
reactive_power_discr,2.0,14.0,,,,,,14.0,0.0
reactive_power_discr,2.0,14.0,,,,,,15.0,0.0
reactive_power_discr,2.0,15.0,,,,,,1.0,0.003811904963134563
reactive_power_discr,2.0,15.0,,,,,,2.0,0.005264966907931571
reactive_power_discr,2.0,15.0,,,,,,3.0,0.00042097705619017394
reactive_power_discr,2.0,15.0,,,,,,4.0,0.0
reactive_power_discr,2.0,15.0,,,,,,5.0,0.0
reactive_power_discr,2.0,15.0,,,,,,6.0,0.0
reactive_power_discr,2.0,15.0,,,,,,7.0,0.0
reactive_power_discr,2.0,15.0,,,,,,8.0,0.0
reactive_power_discr,2.0,15.0,,,,,,9.0,0.0
reactive_power_discr,2.0,15.0,,,,,,10.0,0.0
reactive_power_discr,2.0,15.0,,,,,,11.0,0.0
reactive_power_discr,2.0,15.0,,,,,,12.0,0.0
reactive_power_discr,2.0,15.0,,,,,,13.0,0.0
reactive_power_discr,2.0,15.0,,,,,,14.0,0.0
reactive_power_discr,2.0,15.0,,,,,,15.0,0.0
reactive_power_discr,2.0,17.0,,,,,,1.0,0.0075778699824844125
reactive_power_discr,2.0,17.0,,,,,,2.0,0.013320281329628255
reactive_power_discr,2.0,17.0,,,,,,3.0,0.023414217334232015
reactive_power_discr,2.0,17.0,,,,,,4.0,0.01834088024467083
reactive_power_discr,2.0,17.0,,,,,,5.0,0.0
reactive_power_discr,2.0,17.0,,,,,,6.0,0.0
reactive_power_discr,2.0,17.0,,,,,,7.0,0.0
reactive_power_discr,2.0,17.0,,,,,,8.0,0.0
reactive_power_discr,2.0,17.0,,,,,,9.0,0.0
reactive_power_discr,2.0,17.0,,,,,,10.0,0.0
reactive_power_discr,2.0,17.0,,,,,,11.0,0.0
reactive_power_discr,2.0,17.0,,,,,,12.0,0.0
reactive_power_discr,2.0,17.0,,,,,,13.0,0.0
reactive_power_discr,2.0,17.0,,,,,,14.0,0.0
reactive_power_discr,2.0,17.0,,,,,,15.0,0.0
reactive_power_discr,2.0,18.0,,,,,,1.0,0.0
reactive_power_discr,2.0,18.0,,,,,,2.0,0.0
reactive_power_discr,2.0,18.0,,,,,,3.0,0.0
reactive_power_discr,2.0,18.0,,,,,,4.0,0.0
reactive_power_discr,2.0,18.0,,,,,,5.0,0.0
reactive_power_discr,2.0,18.0,,,,,,6.0,0.0
reactive_power_discr,2.0,18.0,,,,,,7.0,0.0
reactive_power_discr,2.0,18.0,,,,,,8.0,0.0
reactive_power_discr,2.0,18.0,,,,,,9.0,0.0
reactive_power_discr,2.0,18.0,,,,,,10.0,0.0
reactive_power_discr,2.0,18.0,,,,,,11.0,0.0
reactive_power_discr,2.0,18.0,,,,,,12.0,0.0
reactive_power_discr,2.0,18.0,,,,,,13.0,0.0
reactive_power_discr,2.0,18.0,,,,,,14.0,0.0
reactive_power_discr,2.0,18.0,,,,,,15.0,0.0
reactive_power_discr,2.0,19.0,,,,,,1.0,0.0075778699824844125
reactive_power_discr,2.0,19.0,,,,,,2.0,0.013320281329628255
reactive_power_discr,2.0,19.0,,,,,,3.0,0.010802068558726827
reactive_power_discr,2.0,19.0,,,,,,4.0,0.0
reactive_power_discr,2.0,19.0,,,,,,5.0,0.0
reactive_power_discr,2.0,19.0,,,,,,6.0,0.0
reactive_power_discr,2.0,19.0,,,,,,7.0,0.0
reactive_power_discr,2.0,19.0,,,,,,8.0,0.0
reactive_power_discr,2.0,19.0,,,,,,9.0,0.0
reactive_power_discr,2.0,19.0,,,,,,10.0,0.0
reactive_power_discr,2.0,19.0,,,,,,11.0,0.0
reactive_power_discr,2.0,19.0,,,,,,12.0,0.0
reactive_power_discr,2.0,19.0,,,,,,13.0,0.0
reactive_power_discr,2.0,19.0,,,,,,14.0,0.0
reactive_power_discr,2.0,19.0,,,,,,15.0,0.0
reactive_power_discr,3.0,0.0,,,,,,1.0,0.003811904963134563
reactive_power_discr,3.0,0.0,,,,,,2.0,6.135583833190815e-05
reactive_power_discr,3.0,0.0,,,,,,3.0,0.0
reactive_power_discr,3.0,0.0,,,,,,4.0,0.0
reactive_power_discr,3.0,0.0,,,,,,5.0,0.0
reactive_power_discr,3.0,0.0,,,,,,6.0,0.0
reactive_power_discr,3.0,0.0,,,,,,7.0,0.0
reactive_power_discr,3.0,0.0,,,,,,8.0,0.0
reactive_power_discr,3.0,0.0,,,,,,9.0,0.0
reactive_power_discr,3.0,0.0,,,,,,10.0,0.0
reactive_power_discr,3.0,0.0,,,,,,11.0,0.0
reactive_power_discr,3.0,0.0,,,,,,12.0,0.0
reactive_power_discr,3.0,0.0,,,,,,13.0,0.0
reactive_power_discr,3.0,0.0,,,,,,14.0,0.0
reactive_power_discr,3.0,0.0,,,,,,15.0,0.0
reactive_power_discr,3.0,2.0,,,,,,1.0,0.003811904963134563
reactive_power_discr,3.0,2.0,,,,,,2.0,0.0029182794900045354
reactive_power_discr,3.0,2.0,,,,,,3.0,0.0
reactive_power_discr,3.0,2.0,,,,,,4.0,0.0
reactive_power_discr,3.0,2.0,,,,,,5.0,0.0
reactive_power_discr,3.0,2.0,,,,,,6.0,0.0
reactive_power_discr,3.0,2.0,,,,,,7.0,0.0
reactive_power_discr,3.0,2.0,,,,,,8.0,0.0
reactive_power_discr,3.0,2.0,,,,,,9.0,0.0
reactive_power_discr,3.0,2.0,,,,,,10.0,0.0
reactive_power_discr,3.0,2.0,,,,,,11.0,0.0
reactive_power_discr,3.0,2.0,,,,,,12.0,0.0
reactive_power_discr,3.0,2.0,,,,,,13.0,0.0
reactive_power_discr,3.0,2.0,,,,,,14.0,0.0
reactive_power_discr,3.0,2.0,,,,,,15.0,0.0
reactive_power_discr,3.0,6.0,,,,,,1.0,0.0006134040876099898
reactive_power_discr,3.0,6.0,,,,,,2.0,0.0
reactive_power_discr,3.0,6.0,,,,,,3.0,0.0
reactive_power_discr,3.0,6.0,,,,,,4.0,0.0
reactive_power_discr,3.0,6.0,,,,,,5.0,0.0
reactive_power_discr,3.0,6.0,,,,,,6.0,0.0
reactive_power_discr,3.0,6.0,,,,,,7.0,0.0
reactive_power_discr,3.0,6.0,,,,,,8.0,0.0
reactive_power_discr,3.0,6.0,,,,,,9.0,0.0
reactive_power_discr,3.0,6.0,,,,,,10.0,0.0
reactive_power_discr,3.0,6.0,,,,,,11.0,0.0
reactive_power_discr,3.0,6.0,,,,,,12.0,0.0
reactive_power_discr,3.0,6.0,,,,,,13.0,0.0
reactive_power_discr,3.0,6.0,,,,,,14.0,0.0
reactive_power_discr,3.0,6.0,,,,,,15.0,0.0
reactive_power_discr,3.0,10.0,,,,,,1.0,0.003811904963134563
reactive_power_discr,3.0,10.0,,,,,,2.0,0.005264966907931571
reactive_power_discr,3.0,10.0,,,,,,3.0,0.0004996632104343184
reactive_power_discr,3.0,10.0,,,,,,4.0,0.0
reactive_power_discr,3.0,10.0,,,,,,5.0,0.0
reactive_power_discr,3.0,10.0,,,,,,6.0,0.0
reactive_power_discr,3.0,10.0,,,,,,7.0,0.0
reactive_power_discr,3.0,10.0,,,,,,8.0,0.0
reactive_power_discr,3.0,10.0,,,,,,9.0,0.0
reactive_power_discr,3.0,10.0,,,,,,10.0,0.0
reactive_power_discr,3.0,10.0,,,,,,11.0,0.0
reactive_power_discr,3.0,10.0,,,,,,12.0,0.0
reactive_power_discr,3.0,10.0,,,,,,13.0,0.0
reactive_power_discr,3.0,10.0,,,,,,14.0,0.0
reactive_power_discr,3.0,10.0,,,,,,15.0,0.0
reactive_power_discr,3.0,11.0,,,,,,1.0,0.0075778699824844125
reactive_power_discr,3.0,11.0,,,,,,2.0,0.007558677264461388
reactive_power_discr,3.0,11.0,,,,,,3.0,0.0
reactive_power_discr,3.0,11.0,,,,,,4.0,0.0
reactive_power_discr,3.0,11.0,,,,,,5.0,0.0
reactive_power_discr,3.0,11.0,,,,,,6.0,0.0
reactive_power_discr,3.0,11.0,,,,,,7.0,0.0
reactive_power_discr,3.0,11.0,,,,,,8.0,0.0
reactive_power_discr,3.0,11.0,,,,,,9.0,0.0
reactive_power_discr,3.0,11.0,,,,,,10.0,0.0
reactive_power_discr,3.0,11.0,,,,,,11.0,0.0
reactive_power_discr,3.0,11.0,,,,,,12.0,0.0
reactive_power_discr,3.0,11.0,,,,,,13.0,0.0
reactive_power_discr,3.0,11.0,,,,,,14.0,0.0
reactive_power_discr,3.0,11.0,,,,,,15.0,0.0
reactive_power_discr,3.0,12.0,,,,,,1.0,0.0075778699824844125
reactive_power_discr,3.0,12.0,,,,,,2.0,0.013320281329628255
reactive_power_discr,3.0,12.0,,,,,,3.0,0.00404494809716981
reactive_power_discr,3.0,12.0,,,,,,4.0,0.0
reactive_power_discr,3.0,12.0,,,,,,5.0,0.0
reactive_power_discr,3.0,12.0,,,,,,6.0,0.0
reactive_power_discr,3.0,12.0,,,,,,7.0,0.0
reactive_power_discr,3.0,12.0,,,,,,8.0,0.0
reactive_power_discr,3.0,12.0,,,,,,9.0,0.0
reactive_power_discr,3.0,12.0,,,,,,10.0,0.0
reactive_power_discr,3.0,12.0,,,,,,11.0,0.0
reactive_power_discr,3.0,12.0,,,,,,12.0,0.0
reactive_power_discr,3.0,12.0,,,,,,13.0,0.0
reactive_power_discr,3.0,12.0,,,,,,14.0,0.0
reactive_power_discr,3.0,12.0,,,,,,15.0,0.0
reactive_power_discr,3.0,13.0,,,,,,1.0,0.003811904963134563
reactive_power_discr,3.0,13.0,,,,,,2.0,0.005264966907931571
reactive_power_discr,3.0,13.0,,,,,,3.0,0.000741303687076509
reactive_power_discr,3.0,13.0,,,,,,4.0,0.0
reactive_power_discr,3.0,13.0,,,,,,5.0,0.0
reactive_power_discr,3.0,13.0,,,,,,6.0,0.0
reactive_power_discr,3.0,13.0,,,,,,7.0,0.0
reactive_power_discr,3.0,13.0,,,,,,8.0,0.0
reactive_power_discr,3.0,13.0,,,,,,9.0,0.0
reactive_power_discr,3.0,13.0,,,,,,10.0,0.0
reactive_power_discr,3.0,13.0,,,,,,11.0,0.0
reactive_power_discr,3.0,13.0,,,,,,12.0,0.0
reactive_power_discr,3.0,13.0,,,,,,13.0,0.0
reactive_power_discr,3.0,13.0,,,,,,14.0,0.0
reactive_power_discr,3.0,13.0,,,,,,15.0,0.0
reactive_power_discr,3.0,14.0,,,,,,1.0,0.003811904963134563
reactive_power_discr,3.0,14.0,,,,,,2.0,8.842490076121229e-05
reactive_power_discr,3.0,14.0,,,,,,3.0,0.0
reactive_power_discr,3.0,14.0,,,,,,4.0,0.0
reactive_power_discr,3.0,14.0,,,,,,5.0,0.0
reactive_power_discr,3.0,14.0,,,,,,6.0,0.0
reactive_power_discr,3.0,14.0,,,,,,7.0,0.0
reactive_power_discr,3.0,14.0,,,,,,8.0,0.0
reactive_power_discr,3.0,14.0,,,,,,9.0,0.0
reactive_power_discr,3.0,14.0,,,,,,10.0,0.0
reactive_power_discr,3.0,14.0,,,,,,11.0,0.0
reactive_power_discr,3.0,14.0,,,,,,12.0,0.0
reactive_power_discr,3.0,14.0,,,,,,13.0,0.0
reactive_power_discr,3.0,14.0,,,,,,14.0,0.0
reactive_power_discr,3.0,14.0,,,,,,15.0,0.0
reactive_power_discr,3.0,15.0,,,,,,1.0,0.003811904963134563
reactive_power_discr,3.0,15.0,,,,,,2.0,0.005264966907931571
reactive_power_discr,3.0,15.0,,,,,,3.0,0.0004007555392877459
reactive_power_discr,3.0,15.0,,,,,,4.0,0.0
reactive_power_discr,3.0,15.0,,,,,,5.0,0.0
reactive_power_discr,3.0,15.0,,,,,,6.0,0.0
reactive_power_discr,3.0,15.0,,,,,,7.0,0.0
reactive_power_discr,3.0,15.0,,,,,,8.0,0.0
reactive_power_discr,3.0,15.0,,,,,,9.0,0.0
reactive_power_discr,3.0,15.0,,,,,,10.0,0.0
reactive_power_discr,3.0,15.0,,,,,,11.0,0.0
reactive_power_discr,3.0,15.0,,,,,,12.0,0.0
reactive_power_discr,3.0,15.0,,,,,,13.0,0.0
reactive_power_discr,3.0,15.0,,,,,,14.0,0.0
reactive_power_discr,3.0,15.0,,,,,,15.0,0.0
reactive_power_discr,3.0,17.0,,,,,,1.0,0.0075778699824844125
reactive_power_discr,3.0,17.0,,,,,,2.0,0.013320281329628255
reactive_power_discr,3.0,17.0,,,,,,3.0,0.023414217334232015
reactive_power_discr,3.0,17.0,,,,,,4.0,0.019370311502191886
reactive_power_discr,3.0,17.0,,,,,,5.0,0.0
reactive_power_discr,3.0,17.0,,,,,,6.0,0.0
reactive_power_discr,3.0,17.0,,,,,,7.0,0.0
reactive_power_discr,3.0,17.0,,,,,,8.0,0.0
reactive_power_discr,3.0,17.0,,,,,,9.0,0.0
reactive_power_discr,3.0,17.0,,,,,,10.0,0.0
reactive_power_discr,3.0,17.0,,,,,,11.0,0.0
reactive_power_discr,3.0,17.0,,,,,,12.0,0.0
reactive_power_discr,3.0,17.0,,,,,,13.0,0.0
reactive_power_discr,3.0,17.0,,,,,,14.0,0.0
reactive_power_discr,3.0,17.0,,,,,,15.0,0.0
reactive_power_discr,3.0,18.0,,,,,,1.0,0.0
reactive_power_discr,3.0,18.0,,,,,,2.0,0.0
reactive_power_discr,3.0,18.0,,,,,,3.0,0.0
reactive_power_discr,3.0,18.0,,,,,,4.0,0.0
reactive_power_discr,3.0,18.0,,,,,,5.0,0.0
reactive_power_discr,3.0,18.0,,,,,,6.0,0.0
reactive_power_discr,3.0,18.0,,,,,,7.0,0.0
reactive_power_discr,3.0,18.0,,,,,,8.0,0.0
reactive_power_discr,3.0,18.0,,,,,,9.0,0.0
reactive_power_discr,3.0,18.0,,,,,,10.0,0.0
reactive_power_discr,3.0,18.0,,,,,,11.0,0.0
reactive_power_discr,3.0,18.0,,,,,,12.0,0.0
reactive_power_discr,3.0,18.0,,,,,,13.0,0.0
reactive_power_discr,3.0,18.0,,,,,,14.0,0.0
reactive_power_discr,3.0,18.0,,,,,,15.0,0.0
reactive_power_discr,3.0,19.0,,,,,,1.0,0.0075778699824844125
reactive_power_discr,3.0,19.0,,,,,,2.0,0.013320281329628255
reactive_power_discr,3.0,19.0,,,,,,3.0,0.011087635646469349
reactive_power_discr,3.0,19.0,,,,,,4.0,0.0
reactive_power_discr,3.0,19.0,,,,,,5.0,0.0
reactive_power_discr,3.0,19.0,,,,,,6.0,0.0
reactive_power_discr,3.0,19.0,,,,,,7.0,0.0
reactive_power_discr,3.0,19.0,,,,,,8.0,0.0
reactive_power_discr,3.0,19.0,,,,,,9.0,0.0
reactive_power_discr,3.0,19.0,,,,,,10.0,0.0
reactive_power_discr,3.0,19.0,,,,,,11.0,0.0
reactive_power_discr,3.0,19.0,,,,,,12.0,0.0
reactive_power_discr,3.0,19.0,,,,,,13.0,0.0
reactive_power_discr,3.0,19.0,,,,,,14.0,0.0
reactive_power_discr,3.0,19.0,,,,,,15.0,0.0
reactive_power_discr,4.0,0.0,,,,,,1.0,0.003811904963134563
reactive_power_discr,4.0,0.0,,,,,,2.0,0.00012376160026663675
reactive_power_discr,4.0,0.0,,,,,,3.0,0.0
reactive_power_discr,4.0,0.0,,,,,,4.0,0.0
reactive_power_discr,4.0,0.0,,,,,,5.0,0.0
reactive_power_discr,4.0,0.0,,,,,,6.0,0.0
reactive_power_discr,4.0,0.0,,,,,,7.0,0.0
reactive_power_discr,4.0,0.0,,,,,,8.0,0.0
reactive_power_discr,4.0,0.0,,,,,,9.0,0.0
reactive_power_discr,4.0,0.0,,,,,,10.0,0.0
reactive_power_discr,4.0,0.0,,,,,,11.0,0.0
reactive_power_discr,4.0,0.0,,,,,,12.0,0.0
reactive_power_discr,4.0,0.0,,,,,,13.0,0.0
reactive_power_discr,4.0,0.0,,,,,,14.0,0.0
reactive_power_discr,4.0,0.0,,,,,,15.0,0.0
reactive_power_discr,4.0,2.0,,,,,,1.0,0.003811904963134563
reactive_power_discr,4.0,2.0,,,,,,2.0,0.00308880349223523
reactive_power_discr,4.0,2.0,,,,,,3.0,0.0
reactive_power_discr,4.0,2.0,,,,,,4.0,0.0
reactive_power_discr,4.0,2.0,,,,,,5.0,0.0
reactive_power_discr,4.0,2.0,,,,,,6.0,0.0
reactive_power_discr,4.0,2.0,,,,,,7.0,0.0
reactive_power_discr,4.0,2.0,,,,,,8.0,0.0
reactive_power_discr,4.0,2.0,,,,,,9.0,0.0
reactive_power_discr,4.0,2.0,,,,,,10.0,0.0
reactive_power_discr,4.0,2.0,,,,,,11.0,0.0
reactive_power_discr,4.0,2.0,,,,,,12.0,0.0
reactive_power_discr,4.0,2.0,,,,,,13.0,0.0
reactive_power_discr,4.0,2.0,,,,,,14.0,0.0
reactive_power_discr,4.0,2.0,,,,,,15.0,0.0
reactive_power_discr,4.0,6.0,,,,,,1.0,0.0005841169593267882
reactive_power_discr,4.0,6.0,,,,,,2.0,0.0
reactive_power_discr,4.0,6.0,,,,,,3.0,0.0
reactive_power_discr,4.0,6.0,,,,,,4.0,0.0
reactive_power_discr,4.0,6.0,,,,,,5.0,0.0
reactive_power_discr,4.0,6.0,,,,,,6.0,0.0
reactive_power_discr,4.0,6.0,,,,,,7.0,0.0
reactive_power_discr,4.0,6.0,,,,,,8.0,0.0
reactive_power_discr,4.0,6.0,,,,,,9.0,0.0
reactive_power_discr,4.0,6.0,,,,,,10.0,0.0
reactive_power_discr,4.0,6.0,,,,,,11.0,0.0
reactive_power_discr,4.0,6.0,,,,,,12.0,0.0
reactive_power_discr,4.0,6.0,,,,,,13.0,0.0
reactive_power_discr,4.0,6.0,,,,,,14.0,0.0
reactive_power_discr,4.0,6.0,,,,,,15.0,0.0
reactive_power_discr,4.0,10.0,,,,,,1.0,0.003811904963134563
reactive_power_discr,4.0,10.0,,,,,,2.0,0.005264966907931571
reactive_power_discr,4.0,10.0,,,,,,3.0,0.000670360039501253
reactive_power_discr,4.0,10.0,,,,,,4.0,0.0
reactive_power_discr,4.0,10.0,,,,,,5.0,0.0
reactive_power_discr,4.0,10.0,,,,,,6.0,0.0
reactive_power_discr,4.0,10.0,,,,,,7.0,0.0
reactive_power_discr,4.0,10.0,,,,,,8.0,0.0
reactive_power_discr,4.0,10.0,,,,,,9.0,0.0
reactive_power_discr,4.0,10.0,,,,,,10.0,0.0
reactive_power_discr,4.0,10.0,,,,,,11.0,0.0
reactive_power_discr,4.0,10.0,,,,,,12.0,0.0
reactive_power_discr,4.0,10.0,,,,,,13.0,0.0
reactive_power_discr,4.0,10.0,,,,,,14.0,0.0
reactive_power_discr,4.0,10.0,,,,,,15.0,0.0
reactive_power_discr,4.0,11.0,,,,,,1.0,0.0075778699824844125
reactive_power_discr,4.0,11.0,,,,,,2.0,0.00794225521604097
reactive_power_discr,4.0,11.0,,,,,,3.0,0.0
reactive_power_discr,4.0,11.0,,,,,,4.0,0.0
reactive_power_discr,4.0,11.0,,,,,,5.0,0.0
reactive_power_discr,4.0,11.0,,,,,,6.0,0.0
reactive_power_discr,4.0,11.0,,,,,,7.0,0.0
reactive_power_discr,4.0,11.0,,,,,,8.0,0.0
reactive_power_discr,4.0,11.0,,,,,,9.0,0.0
reactive_power_discr,4.0,11.0,,,,,,10.0,0.0
reactive_power_discr,4.0,11.0,,,,,,11.0,0.0
reactive_power_discr,4.0,11.0,,,,,,12.0,0.0
reactive_power_discr,4.0,11.0,,,,,,13.0,0.0
reactive_power_discr,4.0,11.0,,,,,,14.0,0.0
reactive_power_discr,4.0,11.0,,,,,,15.0,0.0
reactive_power_discr,4.0,12.0,,,,,,1.0,0.0075778699824844125
reactive_power_discr,4.0,12.0,,,,,,2.0,0.013320281329628255
reactive_power_discr,4.0,12.0,,,,,,3.0,0.0045866953126557156
reactive_power_discr,4.0,12.0,,,,,,4.0,0.0
reactive_power_discr,4.0,12.0,,,,,,5.0,0.0
reactive_power_discr,4.0,12.0,,,,,,6.0,0.0
reactive_power_discr,4.0,12.0,,,,,,7.0,0.0
reactive_power_discr,4.0,12.0,,,,,,8.0,0.0
reactive_power_discr,4.0,12.0,,,,,,9.0,0.0
reactive_power_discr,4.0,12.0,,,,,,10.0,0.0
reactive_power_discr,4.0,12.0,,,,,,11.0,0.0
reactive_power_discr,4.0,12.0,,,,,,12.0,0.0
reactive_power_discr,4.0,12.0,,,,,,13.0,0.0
reactive_power_discr,4.0,12.0,,,,,,14.0,0.0
reactive_power_discr,4.0,12.0,,,,,,15.0,0.0
reactive_power_discr,4.0,13.0,,,,,,1.0,0.003811904963134563
reactive_power_discr,4.0,13.0,,,,,,2.0,0.005264966907931571
reactive_power_discr,4.0,13.0,,,,,,3.0,0.0008878333855771858
reactive_power_discr,4.0,13.0,,,,,,4.0,0.0
reactive_power_discr,4.0,13.0,,,,,,5.0,0.0
reactive_power_discr,4.0,13.0,,,,,,6.0,0.0
reactive_power_discr,4.0,13.0,,,,,,7.0,0.0
reactive_power_discr,4.0,13.0,,,,,,8.0,0.0
reactive_power_discr,4.0,13.0,,,,,,9.0,0.0
reactive_power_discr,4.0,13.0,,,,,,10.0,0.0
reactive_power_discr,4.0,13.0,,,,,,11.0,0.0
reactive_power_discr,4.0,13.0,,,,,,12.0,0.0
reactive_power_discr,4.0,13.0,,,,,,13.0,0.0
reactive_power_discr,4.0,13.0,,,,,,14.0,0.0
reactive_power_discr,4.0,13.0,,,,,,15.0,0.0
reactive_power_discr,4.0,14.0,,,,,,1.0,0.003811904963134563
reactive_power_discr,4.0,14.0,,,,,,2.0,0.00011527999798580796
reactive_power_discr,4.0,14.0,,,,,,3.0,0.0
reactive_power_discr,4.0,14.0,,,,,,4.0,0.0
reactive_power_discr,4.0,14.0,,,,,,5.0,0.0
reactive_power_discr,4.0,14.0,,,,,,6.0,0.0
reactive_power_discr,4.0,14.0,,,,,,7.0,0.0
reactive_power_discr,4.0,14.0,,,,,,8.0,0.0
reactive_power_discr,4.0,14.0,,,,,,9.0,0.0
reactive_power_discr,4.0,14.0,,,,,,10.0,0.0
reactive_power_discr,4.0,14.0,,,,,,11.0,0.0
reactive_power_discr,4.0,14.0,,,,,,12.0,0.0
reactive_power_discr,4.0,14.0,,,,,,13.0,0.0
reactive_power_discr,4.0,14.0,,,,,,14.0,0.0
reactive_power_discr,4.0,14.0,,,,,,15.0,0.0
reactive_power_discr,4.0,15.0,,,,,,1.0,0.003811904963134563
reactive_power_discr,4.0,15.0,,,,,,2.0,0.005264966907931571
reactive_power_discr,4.0,15.0,,,,,,3.0,0.0006857613019573245
reactive_power_discr,4.0,15.0,,,,,,4.0,0.0
reactive_power_discr,4.0,15.0,,,,,,5.0,0.0
reactive_power_discr,4.0,15.0,,,,,,6.0,0.0
reactive_power_discr,4.0,15.0,,,,,,7.0,0.0
reactive_power_discr,4.0,15.0,,,,,,8.0,0.0
reactive_power_discr,4.0,15.0,,,,,,9.0,0.0
reactive_power_discr,4.0,15.0,,,,,,10.0,0.0
reactive_power_discr,4.0,15.0,,,,,,11.0,0.0
reactive_power_discr,4.0,15.0,,,,,,12.0,0.0
reactive_power_discr,4.0,15.0,,,,,,13.0,0.0
reactive_power_discr,4.0,15.0,,,,,,14.0,0.0
reactive_power_discr,4.0,15.0,,,,,,15.0,0.0
reactive_power_discr,4.0,17.0,,,,,,1.0,0.0075778699824844125
reactive_power_discr,4.0,17.0,,,,,,2.0,0.013320281329628255
reactive_power_discr,4.0,17.0,,,,,,3.0,0.023414217334232015
reactive_power_discr,4.0,17.0,,,,,,4.0,0.020834782456977216
reactive_power_discr,4.0,17.0,,,,,,5.0,0.0
reactive_power_discr,4.0,17.0,,,,,,6.0,0.0
reactive_power_discr,4.0,17.0,,,,,,7.0,0.0
reactive_power_discr,4.0,17.0,,,,,,8.0,0.0
reactive_power_discr,4.0,17.0,,,,,,9.0,0.0
reactive_power_discr,4.0,17.0,,,,,,10.0,0.0
reactive_power_discr,4.0,17.0,,,,,,11.0,0.0
reactive_power_discr,4.0,17.0,,,,,,12.0,0.0
reactive_power_discr,4.0,17.0,,,,,,13.0,0.0
reactive_power_discr,4.0,17.0,,,,,,14.0,0.0
reactive_power_discr,4.0,17.0,,,,,,15.0,0.0
reactive_power_discr,4.0,18.0,,,,,,1.0,0.0
reactive_power_discr,4.0,18.0,,,,,,2.0,0.0
reactive_power_discr,4.0,18.0,,,,,,3.0,0.0
reactive_power_discr,4.0,18.0,,,,,,4.0,0.0
reactive_power_discr,4.0,18.0,,,,,,5.0,0.0
reactive_power_discr,4.0,18.0,,,,,,6.0,0.0
reactive_power_discr,4.0,18.0,,,,,,7.0,0.0
reactive_power_discr,4.0,18.0,,,,,,8.0,0.0
reactive_power_discr,4.0,18.0,,,,,,9.0,0.0
reactive_power_discr,4.0,18.0,,,,,,10.0,0.0
reactive_power_discr,4.0,18.0,,,,,,11.0,0.0
reactive_power_discr,4.0,18.0,,,,,,12.0,0.0
reactive_power_discr,4.0,18.0,,,,,,13.0,0.0
reactive_power_discr,4.0,18.0,,,,,,14.0,0.0
reactive_power_discr,4.0,18.0,,,,,,15.0,0.0
reactive_power_discr,4.0,19.0,,,,,,1.0,0.0075778699824844125
reactive_power_discr,4.0,19.0,,,,,,2.0,0.013320281329628255
reactive_power_discr,4.0,19.0,,,,,,3.0,0.011840354273244126
reactive_power_discr,4.0,19.0,,,,,,4.0,0.0
reactive_power_discr,4.0,19.0,,,,,,5.0,0.0
reactive_power_discr,4.0,19.0,,,,,,6.0,0.0
reactive_power_discr,4.0,19.0,,,,,,7.0,0.0
reactive_power_discr,4.0,19.0,,,,,,8.0,0.0
reactive_power_discr,4.0,19.0,,,,,,9.0,0.0
reactive_power_discr,4.0,19.0,,,,,,10.0,0.0
reactive_power_discr,4.0,19.0,,,,,,11.0,0.0
reactive_power_discr,4.0,19.0,,,,,,12.0,0.0
reactive_power_discr,4.0,19.0,,,,,,13.0,0.0
reactive_power_discr,4.0,19.0,,,,,,14.0,0.0
reactive_power_discr,4.0,19.0,,,,,,15.0,0.0
reactive_power_discr,5.0,0.0,,,,,,1.0,0.003050440620108877
reactive_power_discr,5.0,0.0,,,,,,2.0,0.0
reactive_power_discr,5.0,0.0,,,,,,3.0,0.0
reactive_power_discr,5.0,0.0,,,,,,4.0,0.0
reactive_power_discr,5.0,0.0,,,,,,5.0,0.0
reactive_power_discr,5.0,0.0,,,,,,6.0,0.0
reactive_power_discr,5.0,0.0,,,,,,7.0,0.0
reactive_power_discr,5.0,0.0,,,,,,8.0,0.0
reactive_power_discr,5.0,0.0,,,,,,9.0,0.0
reactive_power_discr,5.0,0.0,,,,,,10.0,0.0
reactive_power_discr,5.0,0.0,,,,,,11.0,0.0
reactive_power_discr,5.0,0.0,,,,,,12.0,0.0
reactive_power_discr,5.0,0.0,,,,,,13.0,0.0
reactive_power_discr,5.0,0.0,,,,,,14.0,0.0
reactive_power_discr,5.0,0.0,,,,,,15.0,0.0
reactive_power_discr,5.0,2.0,,,,,,1.0,0.003811904963134563
reactive_power_discr,5.0,2.0,,,,,,2.0,0.002970357205199019
reactive_power_discr,5.0,2.0,,,,,,3.0,0.0
reactive_power_discr,5.0,2.0,,,,,,4.0,0.0
reactive_power_discr,5.0,2.0,,,,,,5.0,0.0
reactive_power_discr,5.0,2.0,,,,,,6.0,0.0
reactive_power_discr,5.0,2.0,,,,,,7.0,0.0
reactive_power_discr,5.0,2.0,,,,,,8.0,0.0
reactive_power_discr,5.0,2.0,,,,,,9.0,0.0
reactive_power_discr,5.0,2.0,,,,,,10.0,0.0
reactive_power_discr,5.0,2.0,,,,,,11.0,0.0
reactive_power_discr,5.0,2.0,,,,,,12.0,0.0
reactive_power_discr,5.0,2.0,,,,,,13.0,0.0
reactive_power_discr,5.0,2.0,,,,,,14.0,0.0
reactive_power_discr,5.0,2.0,,,,,,15.0,0.0
reactive_power_discr,5.0,6.0,,,,,,1.0,0.0005442458688422314
reactive_power_discr,5.0,6.0,,,,,,2.0,0.0
reactive_power_discr,5.0,6.0,,,,,,3.0,0.0
reactive_power_discr,5.0,6.0,,,,,,4.0,0.0
reactive_power_discr,5.0,6.0,,,,,,5.0,0.0
reactive_power_discr,5.0,6.0,,,,,,6.0,0.0
reactive_power_discr,5.0,6.0,,,,,,7.0,0.0
reactive_power_discr,5.0,6.0,,,,,,8.0,0.0
reactive_power_discr,5.0,6.0,,,,,,9.0,0.0
reactive_power_discr,5.0,6.0,,,,,,10.0,0.0
reactive_power_discr,5.0,6.0,,,,,,11.0,0.0
reactive_power_discr,5.0,6.0,,,,,,12.0,0.0
reactive_power_discr,5.0,6.0,,,,,,13.0,0.0
reactive_power_discr,5.0,6.0,,,,,,14.0,0.0
reactive_power_discr,5.0,6.0,,,,,,15.0,0.0
reactive_power_discr,5.0,10.0,,,,,,1.0,0.003811904963134563
reactive_power_discr,5.0,10.0,,,,,,2.0,0.004985511009501594
reactive_power_discr,5.0,10.0,,,,,,3.0,0.0
reactive_power_discr,5.0,10.0,,,,,,4.0,0.0
reactive_power_discr,5.0,10.0,,,,,,5.0,0.0
reactive_power_discr,5.0,10.0,,,,,,6.0,0.0
reactive_power_discr,5.0,10.0,,,,,,7.0,0.0
reactive_power_discr,5.0,10.0,,,,,,8.0,0.0
reactive_power_discr,5.0,10.0,,,,,,9.0,0.0
reactive_power_discr,5.0,10.0,,,,,,10.0,0.0
reactive_power_discr,5.0,10.0,,,,,,11.0,0.0
reactive_power_discr,5.0,10.0,,,,,,12.0,0.0
reactive_power_discr,5.0,10.0,,,,,,13.0,0.0
reactive_power_discr,5.0,10.0,,,,,,14.0,0.0
reactive_power_discr,5.0,10.0,,,,,,15.0,0.0
reactive_power_discr,5.0,11.0,,,,,,1.0,0.0075778699824844125
reactive_power_discr,5.0,11.0,,,,,,2.0,0.007675821262115287
reactive_power_discr,5.0,11.0,,,,,,3.0,0.0
reactive_power_discr,5.0,11.0,,,,,,4.0,0.0
reactive_power_discr,5.0,11.0,,,,,,5.0,0.0
reactive_power_discr,5.0,11.0,,,,,,6.0,0.0
reactive_power_discr,5.0,11.0,,,,,,7.0,0.0
reactive_power_discr,5.0,11.0,,,,,,8.0,0.0
reactive_power_discr,5.0,11.0,,,,,,9.0,0.0
reactive_power_discr,5.0,11.0,,,,,,10.0,0.0
reactive_power_discr,5.0,11.0,,,,,,11.0,0.0
reactive_power_discr,5.0,11.0,,,,,,12.0,0.0
reactive_power_discr,5.0,11.0,,,,,,13.0,0.0
reactive_power_discr,5.0,11.0,,,,,,14.0,0.0
reactive_power_discr,5.0,11.0,,,,,,15.0,0.0
reactive_power_discr,5.0,12.0,,,,,,1.0,0.0075778699824844125
reactive_power_discr,5.0,12.0,,,,,,2.0,0.013320281329628255
reactive_power_discr,5.0,12.0,,,,,,3.0,0.002074125016914362
reactive_power_discr,5.0,12.0,,,,,,4.0,0.0
reactive_power_discr,5.0,12.0,,,,,,5.0,0.0
reactive_power_discr,5.0,12.0,,,,,,6.0,0.0
reactive_power_discr,5.0,12.0,,,,,,7.0,0.0
reactive_power_discr,5.0,12.0,,,,,,8.0,0.0
reactive_power_discr,5.0,12.0,,,,,,9.0,0.0
reactive_power_discr,5.0,12.0,,,,,,10.0,0.0
reactive_power_discr,5.0,12.0,,,,,,11.0,0.0
reactive_power_discr,5.0,12.0,,,,,,12.0,0.0
reactive_power_discr,5.0,12.0,,,,,,13.0,0.0
reactive_power_discr,5.0,12.0,,,,,,14.0,0.0
reactive_power_discr,5.0,12.0,,,,,,15.0,0.0
reactive_power_discr,5.0,13.0,,,,,,1.0,0.003811904963134563
reactive_power_discr,5.0,13.0,,,,,,2.0,0.005264966907931571
reactive_power_discr,5.0,13.0,,,,,,3.0,1.1092493821493118e-05
reactive_power_discr,5.0,13.0,,,,,,4.0,0.0
reactive_power_discr,5.0,13.0,,,,,,5.0,0.0
reactive_power_discr,5.0,13.0,,,,,,6.0,0.0
reactive_power_discr,5.0,13.0,,,,,,7.0,0.0
reactive_power_discr,5.0,13.0,,,,,,8.0,0.0
reactive_power_discr,5.0,13.0,,,,,,9.0,0.0
reactive_power_discr,5.0,13.0,,,,,,10.0,0.0
reactive_power_discr,5.0,13.0,,,,,,11.0,0.0
reactive_power_discr,5.0,13.0,,,,,,12.0,0.0
reactive_power_discr,5.0,13.0,,,,,,13.0,0.0
reactive_power_discr,5.0,13.0,,,,,,14.0,0.0
reactive_power_discr,5.0,13.0,,,,,,15.0,0.0
reactive_power_discr,5.0,14.0,,,,,,1.0,0.0030772817559112722
reactive_power_discr,5.0,14.0,,,,,,2.0,0.0
reactive_power_discr,5.0,14.0,,,,,,3.0,0.0
reactive_power_discr,5.0,14.0,,,,,,4.0,0.0
reactive_power_discr,5.0,14.0,,,,,,5.0,0.0
reactive_power_discr,5.0,14.0,,,,,,6.0,0.0
reactive_power_discr,5.0,14.0,,,,,,7.0,0.0
reactive_power_discr,5.0,14.0,,,,,,8.0,0.0
reactive_power_discr,5.0,14.0,,,,,,9.0,0.0
reactive_power_discr,5.0,14.0,,,,,,10.0,0.0
reactive_power_discr,5.0,14.0,,,,,,11.0,0.0
reactive_power_discr,5.0,14.0,,,,,,12.0,0.0
reactive_power_discr,5.0,14.0,,,,,,13.0,0.0
reactive_power_discr,5.0,14.0,,,,,,14.0,0.0
reactive_power_discr,5.0,14.0,,,,,,15.0,0.0
reactive_power_discr,5.0,15.0,,,,,,1.0,0.003811904963134563
reactive_power_discr,5.0,15.0,,,,,,2.0,0.005264966907931571
reactive_power_discr,5.0,15.0,,,,,,3.0,0.0005480097564914322
reactive_power_discr,5.0,15.0,,,,,,4.0,0.0
reactive_power_discr,5.0,15.0,,,,,,5.0,0.0
reactive_power_discr,5.0,15.0,,,,,,6.0,0.0
reactive_power_discr,5.0,15.0,,,,,,7.0,0.0
reactive_power_discr,5.0,15.0,,,,,,8.0,0.0
reactive_power_discr,5.0,15.0,,,,,,9.0,0.0
reactive_power_discr,5.0,15.0,,,,,,10.0,0.0
reactive_power_discr,5.0,15.0,,,,,,11.0,0.0
reactive_power_discr,5.0,15.0,,,,,,12.0,0.0
reactive_power_discr,5.0,15.0,,,,,,13.0,0.0
reactive_power_discr,5.0,15.0,,,,,,14.0,0.0
reactive_power_discr,5.0,15.0,,,,,,15.0,0.0
reactive_power_discr,5.0,17.0,,,,,,1.0,0.0075778699824844125
reactive_power_discr,5.0,17.0,,,,,,2.0,0.013320281329628255
reactive_power_discr,5.0,17.0,,,,,,3.0,0.023414217334232015
reactive_power_discr,5.0,17.0,,,,,,4.0,0.016967812559024437
reactive_power_discr,5.0,17.0,,,,,,5.0,0.0
reactive_power_discr,5.0,17.0,,,,,,6.0,0.0
reactive_power_discr,5.0,17.0,,,,,,7.0,0.0
reactive_power_discr,5.0,17.0,,,,,,8.0,0.0
reactive_power_discr,5.0,17.0,,,,,,9.0,0.0
reactive_power_discr,5.0,17.0,,,,,,10.0,0.0
reactive_power_discr,5.0,17.0,,,,,,11.0,0.0
reactive_power_discr,5.0,17.0,,,,,,12.0,0.0
reactive_power_discr,5.0,17.0,,,,,,13.0,0.0
reactive_power_discr,5.0,17.0,,,,,,14.0,0.0
reactive_power_discr,5.0,17.0,,,,,,15.0,0.0
reactive_power_discr,5.0,18.0,,,,,,1.0,0.0
reactive_power_discr,5.0,18.0,,,,,,2.0,0.0
reactive_power_discr,5.0,18.0,,,,,,3.0,0.0
reactive_power_discr,5.0,18.0,,,,,,4.0,0.0
reactive_power_discr,5.0,18.0,,,,,,5.0,0.0
reactive_power_discr,5.0,18.0,,,,,,6.0,0.0
reactive_power_discr,5.0,18.0,,,,,,7.0,0.0
reactive_power_discr,5.0,18.0,,,,,,8.0,0.0
reactive_power_discr,5.0,18.0,,,,,,9.0,0.0
reactive_power_discr,5.0,18.0,,,,,,10.0,0.0
reactive_power_discr,5.0,18.0,,,,,,11.0,0.0
reactive_power_discr,5.0,18.0,,,,,,12.0,0.0
reactive_power_discr,5.0,18.0,,,,,,13.0,0.0
reactive_power_discr,5.0,18.0,,,,,,14.0,0.0
reactive_power_discr,5.0,18.0,,,,,,15.0,0.0
reactive_power_discr,5.0,19.0,,,,,,1.0,0.0075778699824844125
reactive_power_discr,5.0,19.0,,,,,,2.0,0.013320281329628255
reactive_power_discr,5.0,19.0,,,,,,3.0,0.010603091394450495
reactive_power_discr,5.0,19.0,,,,,,4.0,0.0
reactive_power_discr,5.0,19.0,,,,,,5.0,0.0
reactive_power_discr,5.0,19.0,,,,,,6.0,0.0
reactive_power_discr,5.0,19.0,,,,,,7.0,0.0
reactive_power_discr,5.0,19.0,,,,,,8.0,0.0
reactive_power_discr,5.0,19.0,,,,,,9.0,0.0
reactive_power_discr,5.0,19.0,,,,,,10.0,0.0
reactive_power_discr,5.0,19.0,,,,,,11.0,0.0
reactive_power_discr,5.0,19.0,,,,,,12.0,0.0
reactive_power_discr,5.0,19.0,,,,,,13.0,0.0
reactive_power_discr,5.0,19.0,,,,,,14.0,0.0
reactive_power_discr,5.0,19.0,,,,,,15.0,0.0
reactive_power_discr,6.0,0.0,,,,,,1.0,0.0027469615169618
reactive_power_discr,6.0,0.0,,,,,,2.0,0.0
reactive_power_discr,6.0,0.0,,,,,,3.0,0.0
reactive_power_discr,6.0,0.0,,,,,,4.0,0.0
reactive_power_discr,6.0,0.0,,,,,,5.0,0.0
reactive_power_discr,6.0,0.0,,,,,,6.0,0.0
reactive_power_discr,6.0,0.0,,,,,,7.0,0.0
reactive_power_discr,6.0,0.0,,,,,,8.0,0.0
reactive_power_discr,6.0,0.0,,,,,,9.0,0.0
reactive_power_discr,6.0,0.0,,,,,,10.0,0.0
reactive_power_discr,6.0,0.0,,,,,,11.0,0.0
reactive_power_discr,6.0,0.0,,,,,,12.0,0.0
reactive_power_discr,6.0,0.0,,,,,,13.0,0.0
reactive_power_discr,6.0,0.0,,,,,,14.0,0.0
reactive_power_discr,6.0,0.0,,,,,,15.0,0.0
reactive_power_discr,6.0,2.0,,,,,,1.0,0.003811904963134563
reactive_power_discr,6.0,2.0,,,,,,2.0,0.0031399149836555265
reactive_power_discr,6.0,2.0,,,,,,3.0,0.0
reactive_power_discr,6.0,2.0,,,,,,4.0,0.0
reactive_power_discr,6.0,2.0,,,,,,5.0,0.0
reactive_power_discr,6.0,2.0,,,,,,6.0,0.0
reactive_power_discr,6.0,2.0,,,,,,7.0,0.0
reactive_power_discr,6.0,2.0,,,,,,8.0,0.0
reactive_power_discr,6.0,2.0,,,,,,9.0,0.0
reactive_power_discr,6.0,2.0,,,,,,10.0,0.0
reactive_power_discr,6.0,2.0,,,,,,11.0,0.0
reactive_power_discr,6.0,2.0,,,,,,12.0,0.0
reactive_power_discr,6.0,2.0,,,,,,13.0,0.0
reactive_power_discr,6.0,2.0,,,,,,14.0,0.0
reactive_power_discr,6.0,2.0,,,,,,15.0,0.0
reactive_power_discr,6.0,6.0,,,,,,1.0,0.0005140577574753531
reactive_power_discr,6.0,6.0,,,,,,2.0,0.0
reactive_power_discr,6.0,6.0,,,,,,3.0,0.0
reactive_power_discr,6.0,6.0,,,,,,4.0,0.0
reactive_power_discr,6.0,6.0,,,,,,5.0,0.0
reactive_power_discr,6.0,6.0,,,,,,6.0,0.0
reactive_power_discr,6.0,6.0,,,,,,7.0,0.0
reactive_power_discr,6.0,6.0,,,,,,8.0,0.0
reactive_power_discr,6.0,6.0,,,,,,9.0,0.0
reactive_power_discr,6.0,6.0,,,,,,10.0,0.0
reactive_power_discr,6.0,6.0,,,,,,11.0,0.0
reactive_power_discr,6.0,6.0,,,,,,12.0,0.0
reactive_power_discr,6.0,6.0,,,,,,13.0,0.0
reactive_power_discr,6.0,6.0,,,,,,14.0,0.0
reactive_power_discr,6.0,6.0,,,,,,15.0,0.0
reactive_power_discr,6.0,10.0,,,,,,1.0,0.003811904963134563
reactive_power_discr,6.0,10.0,,,,,,2.0,0.00479885565312364
reactive_power_discr,6.0,10.0,,,,,,3.0,0.0
reactive_power_discr,6.0,10.0,,,,,,4.0,0.0
reactive_power_discr,6.0,10.0,,,,,,5.0,0.0
reactive_power_discr,6.0,10.0,,,,,,6.0,0.0
reactive_power_discr,6.0,10.0,,,,,,7.0,0.0
reactive_power_discr,6.0,10.0,,,,,,8.0,0.0
reactive_power_discr,6.0,10.0,,,,,,9.0,0.0
reactive_power_discr,6.0,10.0,,,,,,10.0,0.0
reactive_power_discr,6.0,10.0,,,,,,11.0,0.0
reactive_power_discr,6.0,10.0,,,,,,12.0,0.0
reactive_power_discr,6.0,10.0,,,,,,13.0,0.0
reactive_power_discr,6.0,10.0,,,,,,14.0,0.0
reactive_power_discr,6.0,10.0,,,,,,15.0,0.0
reactive_power_discr,6.0,11.0,,,,,,1.0,0.0075778699824844125
reactive_power_discr,6.0,11.0,,,,,,2.0,0.008057046020309747
reactive_power_discr,6.0,11.0,,,,,,3.0,0.0
reactive_power_discr,6.0,11.0,,,,,,4.0,0.0
reactive_power_discr,6.0,11.0,,,,,,5.0,0.0
reactive_power_discr,6.0,11.0,,,,,,6.0,0.0
reactive_power_discr,6.0,11.0,,,,,,7.0,0.0
reactive_power_discr,6.0,11.0,,,,,,8.0,0.0
reactive_power_discr,6.0,11.0,,,,,,9.0,0.0
reactive_power_discr,6.0,11.0,,,,,,10.0,0.0
reactive_power_discr,6.0,11.0,,,,,,11.0,0.0
reactive_power_discr,6.0,11.0,,,,,,12.0,0.0
reactive_power_discr,6.0,11.0,,,,,,13.0,0.0
reactive_power_discr,6.0,11.0,,,,,,14.0,0.0
reactive_power_discr,6.0,11.0,,,,,,15.0,0.0
reactive_power_discr,6.0,12.0,,,,,,1.0,0.0075778699824844125
reactive_power_discr,6.0,12.0,,,,,,2.0,0.013320281329628255
reactive_power_discr,6.0,12.0,,,,,,3.0,0.0016851924520799866
reactive_power_discr,6.0,12.0,,,,,,4.0,0.0
reactive_power_discr,6.0,12.0,,,,,,5.0,0.0
reactive_power_discr,6.0,12.0,,,,,,6.0,0.0
reactive_power_discr,6.0,12.0,,,,,,7.0,0.0
reactive_power_discr,6.0,12.0,,,,,,8.0,0.0
reactive_power_discr,6.0,12.0,,,,,,9.0,0.0
reactive_power_discr,6.0,12.0,,,,,,10.0,0.0
reactive_power_discr,6.0,12.0,,,,,,11.0,0.0
reactive_power_discr,6.0,12.0,,,,,,12.0,0.0
reactive_power_discr,6.0,12.0,,,,,,13.0,0.0
reactive_power_discr,6.0,12.0,,,,,,14.0,0.0
reactive_power_discr,6.0,12.0,,,,,,15.0,0.0
reactive_power_discr,6.0,13.0,,,,,,1.0,0.003811904963134563
reactive_power_discr,6.0,13.0,,,,,,2.0,0.005264966907931571
reactive_power_discr,6.0,13.0,,,,,,3.0,0.00013690084415414645
reactive_power_discr,6.0,13.0,,,,,,4.0,0.0
reactive_power_discr,6.0,13.0,,,,,,5.0,0.0
reactive_power_discr,6.0,13.0,,,,,,6.0,0.0
reactive_power_discr,6.0,13.0,,,,,,7.0,0.0
reactive_power_discr,6.0,13.0,,,,,,8.0,0.0
reactive_power_discr,6.0,13.0,,,,,,9.0,0.0
reactive_power_discr,6.0,13.0,,,,,,10.0,0.0
reactive_power_discr,6.0,13.0,,,,,,11.0,0.0
reactive_power_discr,6.0,13.0,,,,,,12.0,0.0
reactive_power_discr,6.0,13.0,,,,,,13.0,0.0
reactive_power_discr,6.0,13.0,,,,,,14.0,0.0
reactive_power_discr,6.0,13.0,,,,,,15.0,0.0
reactive_power_discr,6.0,14.0,,,,,,1.0,0.002747667115210393
reactive_power_discr,6.0,14.0,,,,,,2.0,0.0
reactive_power_discr,6.0,14.0,,,,,,3.0,0.0
reactive_power_discr,6.0,14.0,,,,,,4.0,0.0
reactive_power_discr,6.0,14.0,,,,,,5.0,0.0
reactive_power_discr,6.0,14.0,,,,,,6.0,0.0
reactive_power_discr,6.0,14.0,,,,,,7.0,0.0
reactive_power_discr,6.0,14.0,,,,,,8.0,0.0
reactive_power_discr,6.0,14.0,,,,,,9.0,0.0
reactive_power_discr,6.0,14.0,,,,,,10.0,0.0
reactive_power_discr,6.0,14.0,,,,,,11.0,0.0
reactive_power_discr,6.0,14.0,,,,,,12.0,0.0
reactive_power_discr,6.0,14.0,,,,,,13.0,0.0
reactive_power_discr,6.0,14.0,,,,,,14.0,0.0
reactive_power_discr,6.0,14.0,,,,,,15.0,0.0
reactive_power_discr,6.0,15.0,,,,,,1.0,0.003811904963134563
reactive_power_discr,6.0,15.0,,,,,,2.0,0.005264966907931571
reactive_power_discr,6.0,15.0,,,,,,3.0,0.0008323477066546228
reactive_power_discr,6.0,15.0,,,,,,4.0,0.0
reactive_power_discr,6.0,15.0,,,,,,5.0,0.0
reactive_power_discr,6.0,15.0,,,,,,6.0,0.0
reactive_power_discr,6.0,15.0,,,,,,7.0,0.0
reactive_power_discr,6.0,15.0,,,,,,8.0,0.0
reactive_power_discr,6.0,15.0,,,,,,9.0,0.0
reactive_power_discr,6.0,15.0,,,,,,10.0,0.0
reactive_power_discr,6.0,15.0,,,,,,11.0,0.0
reactive_power_discr,6.0,15.0,,,,,,12.0,0.0
reactive_power_discr,6.0,15.0,,,,,,13.0,0.0
reactive_power_discr,6.0,15.0,,,,,,14.0,0.0
reactive_power_discr,6.0,15.0,,,,,,15.0,0.0
reactive_power_discr,6.0,17.0,,,,,,1.0,0.0075778699824844125
reactive_power_discr,6.0,17.0,,,,,,2.0,0.013320281329628255
reactive_power_discr,6.0,17.0,,,,,,3.0,0.023414217334232015
reactive_power_discr,6.0,17.0,,,,,,4.0,0.017488504572575607
reactive_power_discr,6.0,17.0,,,,,,5.0,0.0
reactive_power_discr,6.0,17.0,,,,,,6.0,0.0
reactive_power_discr,6.0,17.0,,,,,,7.0,0.0
reactive_power_discr,6.0,17.0,,,,,,8.0,0.0
reactive_power_discr,6.0,17.0,,,,,,9.0,0.0
reactive_power_discr,6.0,17.0,,,,,,10.0,0.0
reactive_power_discr,6.0,17.0,,,,,,11.0,0.0
reactive_power_discr,6.0,17.0,,,,,,12.0,0.0
reactive_power_discr,6.0,17.0,,,,,,13.0,0.0
reactive_power_discr,6.0,17.0,,,,,,14.0,0.0
reactive_power_discr,6.0,17.0,,,,,,15.0,0.0
reactive_power_discr,6.0,18.0,,,,,,1.0,0.0
reactive_power_discr,6.0,18.0,,,,,,2.0,0.0
reactive_power_discr,6.0,18.0,,,,,,3.0,0.0
reactive_power_discr,6.0,18.0,,,,,,4.0,0.0
reactive_power_discr,6.0,18.0,,,,,,5.0,0.0
reactive_power_discr,6.0,18.0,,,,,,6.0,0.0
reactive_power_discr,6.0,18.0,,,,,,7.0,0.0
reactive_power_discr,6.0,18.0,,,,,,8.0,0.0
reactive_power_discr,6.0,18.0,,,,,,9.0,0.0
reactive_power_discr,6.0,18.0,,,,,,10.0,0.0
reactive_power_discr,6.0,18.0,,,,,,11.0,0.0
reactive_power_discr,6.0,18.0,,,,,,12.0,0.0
reactive_power_discr,6.0,18.0,,,,,,13.0,0.0
reactive_power_discr,6.0,18.0,,,,,,14.0,0.0
reactive_power_discr,6.0,18.0,,,,,,15.0,0.0
reactive_power_discr,6.0,19.0,,,,,,1.0,0.0075778699824844125
reactive_power_discr,6.0,19.0,,,,,,2.0,0.013320281329628255
reactive_power_discr,6.0,19.0,,,,,,3.0,0.011334519876139808
reactive_power_discr,6.0,19.0,,,,,,4.0,0.0
reactive_power_discr,6.0,19.0,,,,,,5.0,0.0
reactive_power_discr,6.0,19.0,,,,,,6.0,0.0
reactive_power_discr,6.0,19.0,,,,,,7.0,0.0
reactive_power_discr,6.0,19.0,,,,,,8.0,0.0
reactive_power_discr,6.0,19.0,,,,,,9.0,0.0
reactive_power_discr,6.0,19.0,,,,,,10.0,0.0
reactive_power_discr,6.0,19.0,,,,,,11.0,0.0
reactive_power_discr,6.0,19.0,,,,,,12.0,0.0
reactive_power_discr,6.0,19.0,,,,,,13.0,0.0
reactive_power_discr,6.0,19.0,,,,,,14.0,0.0
reactive_power_discr,6.0,19.0,,,,,,15.0,0.0
reactive_power_discr,7.0,0.0,,,,,,1.0,0.0019433238052005935
reactive_power_discr,7.0,0.0,,,,,,2.0,0.0
reactive_power_discr,7.0,0.0,,,,,,3.0,0.0
reactive_power_discr,7.0,0.0,,,,,,4.0,0.0
reactive_power_discr,7.0,0.0,,,,,,5.0,0.0
reactive_power_discr,7.0,0.0,,,,,,6.0,0.0
reactive_power_discr,7.0,0.0,,,,,,7.0,0.0
reactive_power_discr,7.0,0.0,,,,,,8.0,0.0
reactive_power_discr,7.0,0.0,,,,,,9.0,0.0
reactive_power_discr,7.0,0.0,,,,,,10.0,0.0
reactive_power_discr,7.0,0.0,,,,,,11.0,0.0
reactive_power_discr,7.0,0.0,,,,,,12.0,0.0
reactive_power_discr,7.0,0.0,,,,,,13.0,0.0
reactive_power_discr,7.0,0.0,,,,,,14.0,0.0
reactive_power_discr,7.0,0.0,,,,,,15.0,0.0
reactive_power_discr,7.0,2.0,,,,,,1.0,0.003811904963134563
reactive_power_discr,7.0,2.0,,,,,,2.0,0.003938514240797119
reactive_power_discr,7.0,2.0,,,,,,3.0,0.0
reactive_power_discr,7.0,2.0,,,,,,4.0,0.0
reactive_power_discr,7.0,2.0,,,,,,5.0,0.0
reactive_power_discr,7.0,2.0,,,,,,6.0,0.0
reactive_power_discr,7.0,2.0,,,,,,7.0,0.0
reactive_power_discr,7.0,2.0,,,,,,8.0,0.0
reactive_power_discr,7.0,2.0,,,,,,9.0,0.0
reactive_power_discr,7.0,2.0,,,,,,10.0,0.0
reactive_power_discr,7.0,2.0,,,,,,11.0,0.0
reactive_power_discr,7.0,2.0,,,,,,12.0,0.0
reactive_power_discr,7.0,2.0,,,,,,13.0,0.0
reactive_power_discr,7.0,2.0,,,,,,14.0,0.0
reactive_power_discr,7.0,2.0,,,,,,15.0,0.0
reactive_power_discr,7.0,6.0,,,,,,1.0,0.00031843051091606106
reactive_power_discr,7.0,6.0,,,,,,2.0,0.0
reactive_power_discr,7.0,6.0,,,,,,3.0,0.0
reactive_power_discr,7.0,6.0,,,,,,4.0,0.0
reactive_power_discr,7.0,6.0,,,,,,5.0,0.0
reactive_power_discr,7.0,6.0,,,,,,6.0,0.0
reactive_power_discr,7.0,6.0,,,,,,7.0,0.0
reactive_power_discr,7.0,6.0,,,,,,8.0,0.0
reactive_power_discr,7.0,6.0,,,,,,9.0,0.0
reactive_power_discr,7.0,6.0,,,,,,10.0,0.0
reactive_power_discr,7.0,6.0,,,,,,11.0,0.0
reactive_power_discr,7.0,6.0,,,,,,12.0,0.0
reactive_power_discr,7.0,6.0,,,,,,13.0,0.0
reactive_power_discr,7.0,6.0,,,,,,14.0,0.0
reactive_power_discr,7.0,6.0,,,,,,15.0,0.0
reactive_power_discr,7.0,10.0,,,,,,1.0,0.003811904963134563
reactive_power_discr,7.0,10.0,,,,,,2.0,0.00490937654025886
reactive_power_discr,7.0,10.0,,,,,,3.0,0.0
reactive_power_discr,7.0,10.0,,,,,,4.0,0.0
reactive_power_discr,7.0,10.0,,,,,,5.0,0.0
reactive_power_discr,7.0,10.0,,,,,,6.0,0.0
reactive_power_discr,7.0,10.0,,,,,,7.0,0.0
reactive_power_discr,7.0,10.0,,,,,,8.0,0.0
reactive_power_discr,7.0,10.0,,,,,,9.0,0.0
reactive_power_discr,7.0,10.0,,,,,,10.0,0.0
reactive_power_discr,7.0,10.0,,,,,,11.0,0.0
reactive_power_discr,7.0,10.0,,,,,,12.0,0.0
reactive_power_discr,7.0,10.0,,,,,,13.0,0.0
reactive_power_discr,7.0,10.0,,,,,,14.0,0.0
reactive_power_discr,7.0,10.0,,,,,,15.0,0.0
reactive_power_discr,7.0,11.0,,,,,,1.0,0.0075778699824844125
reactive_power_discr,7.0,11.0,,,,,,2.0,0.00985075424702223
reactive_power_discr,7.0,11.0,,,,,,3.0,0.0
reactive_power_discr,7.0,11.0,,,,,,4.0,0.0
reactive_power_discr,7.0,11.0,,,,,,5.0,0.0
reactive_power_discr,7.0,11.0,,,,,,6.0,0.0
reactive_power_discr,7.0,11.0,,,,,,7.0,0.0
reactive_power_discr,7.0,11.0,,,,,,8.0,0.0
reactive_power_discr,7.0,11.0,,,,,,9.0,0.0
reactive_power_discr,7.0,11.0,,,,,,10.0,0.0
reactive_power_discr,7.0,11.0,,,,,,11.0,0.0
reactive_power_discr,7.0,11.0,,,,,,12.0,0.0
reactive_power_discr,7.0,11.0,,,,,,13.0,0.0
reactive_power_discr,7.0,11.0,,,,,,14.0,0.0
reactive_power_discr,7.0,11.0,,,,,,15.0,0.0
reactive_power_discr,7.0,12.0,,,,,,1.0,0.0075778699824844125
reactive_power_discr,7.0,12.0,,,,,,2.0,0.013320281329628255
reactive_power_discr,7.0,12.0,,,,,,3.0,0.001439677372290657
reactive_power_discr,7.0,12.0,,,,,,4.0,0.0
reactive_power_discr,7.0,12.0,,,,,,5.0,0.0
reactive_power_discr,7.0,12.0,,,,,,6.0,0.0
reactive_power_discr,7.0,12.0,,,,,,7.0,0.0
reactive_power_discr,7.0,12.0,,,,,,8.0,0.0
reactive_power_discr,7.0,12.0,,,,,,9.0,0.0
reactive_power_discr,7.0,12.0,,,,,,10.0,0.0
reactive_power_discr,7.0,12.0,,,,,,11.0,0.0
reactive_power_discr,7.0,12.0,,,,,,12.0,0.0
reactive_power_discr,7.0,12.0,,,,,,13.0,0.0
reactive_power_discr,7.0,12.0,,,,,,14.0,0.0
reactive_power_discr,7.0,12.0,,,,,,15.0,0.0
reactive_power_discr,7.0,13.0,,,,,,1.0,0.003811904963134563
reactive_power_discr,7.0,13.0,,,,,,2.0,0.005264966907931571
reactive_power_discr,7.0,13.0,,,,,,3.0,0.0005955745273970008
reactive_power_discr,7.0,13.0,,,,,,4.0,0.0
reactive_power_discr,7.0,13.0,,,,,,5.0,0.0
reactive_power_discr,7.0,13.0,,,,,,6.0,0.0
reactive_power_discr,7.0,13.0,,,,,,7.0,0.0
reactive_power_discr,7.0,13.0,,,,,,8.0,0.0
reactive_power_discr,7.0,13.0,,,,,,9.0,0.0
reactive_power_discr,7.0,13.0,,,,,,10.0,0.0
reactive_power_discr,7.0,13.0,,,,,,11.0,0.0
reactive_power_discr,7.0,13.0,,,,,,12.0,0.0
reactive_power_discr,7.0,13.0,,,,,,13.0,0.0
reactive_power_discr,7.0,13.0,,,,,,14.0,0.0
reactive_power_discr,7.0,13.0,,,,,,15.0,0.0
reactive_power_discr,7.0,14.0,,,,,,1.0,0.0021855474173284326
reactive_power_discr,7.0,14.0,,,,,,2.0,0.0
reactive_power_discr,7.0,14.0,,,,,,3.0,0.0
reactive_power_discr,7.0,14.0,,,,,,4.0,0.0
reactive_power_discr,7.0,14.0,,,,,,5.0,0.0
reactive_power_discr,7.0,14.0,,,,,,6.0,0.0
reactive_power_discr,7.0,14.0,,,,,,7.0,0.0
reactive_power_discr,7.0,14.0,,,,,,8.0,0.0
reactive_power_discr,7.0,14.0,,,,,,9.0,0.0
reactive_power_discr,7.0,14.0,,,,,,10.0,0.0
reactive_power_discr,7.0,14.0,,,,,,11.0,0.0
reactive_power_discr,7.0,14.0,,,,,,12.0,0.0
reactive_power_discr,7.0,14.0,,,,,,13.0,0.0
reactive_power_discr,7.0,14.0,,,,,,14.0,0.0
reactive_power_discr,7.0,14.0,,,,,,15.0,0.0
reactive_power_discr,7.0,15.0,,,,,,1.0,0.003811904963134563
reactive_power_discr,7.0,15.0,,,,,,2.0,0.005264966907931571
reactive_power_discr,7.0,15.0,,,,,,3.0,0.002223780437688904
reactive_power_discr,7.0,15.0,,,,,,4.0,0.0
reactive_power_discr,7.0,15.0,,,,,,5.0,0.0
reactive_power_discr,7.0,15.0,,,,,,6.0,0.0
reactive_power_discr,7.0,15.0,,,,,,7.0,0.0
reactive_power_discr,7.0,15.0,,,,,,8.0,0.0
reactive_power_discr,7.0,15.0,,,,,,9.0,0.0
reactive_power_discr,7.0,15.0,,,,,,10.0,0.0
reactive_power_discr,7.0,15.0,,,,,,11.0,0.0
reactive_power_discr,7.0,15.0,,,,,,12.0,0.0
reactive_power_discr,7.0,15.0,,,,,,13.0,0.0
reactive_power_discr,7.0,15.0,,,,,,14.0,0.0
reactive_power_discr,7.0,15.0,,,,,,15.0,0.0
reactive_power_discr,7.0,17.0,,,,,,1.0,0.0075778699824844125
reactive_power_discr,7.0,17.0,,,,,,2.0,0.013320281329628255
reactive_power_discr,7.0,17.0,,,,,,3.0,0.023414217334232015
reactive_power_discr,7.0,17.0,,,,,,4.0,0.021441195156369372
reactive_power_discr,7.0,17.0,,,,,,5.0,0.0
reactive_power_discr,7.0,17.0,,,,,,6.0,0.0
reactive_power_discr,7.0,17.0,,,,,,7.0,0.0
reactive_power_discr,7.0,17.0,,,,,,8.0,0.0
reactive_power_discr,7.0,17.0,,,,,,9.0,0.0
reactive_power_discr,7.0,17.0,,,,,,10.0,0.0
reactive_power_discr,7.0,17.0,,,,,,11.0,0.0
reactive_power_discr,7.0,17.0,,,,,,12.0,0.0
reactive_power_discr,7.0,17.0,,,,,,13.0,0.0
reactive_power_discr,7.0,17.0,,,,,,14.0,0.0
reactive_power_discr,7.0,17.0,,,,,,15.0,0.0
reactive_power_discr,7.0,18.0,,,,,,1.0,0.0
reactive_power_discr,7.0,18.0,,,,,,2.0,0.0
reactive_power_discr,7.0,18.0,,,,,,3.0,0.0
reactive_power_discr,7.0,18.0,,,,,,4.0,0.0
reactive_power_discr,7.0,18.0,,,,,,5.0,0.0
reactive_power_discr,7.0,18.0,,,,,,6.0,0.0
reactive_power_discr,7.0,18.0,,,,,,7.0,0.0
reactive_power_discr,7.0,18.0,,,,,,8.0,0.0
reactive_power_discr,7.0,18.0,,,,,,9.0,0.0
reactive_power_discr,7.0,18.0,,,,,,10.0,0.0
reactive_power_discr,7.0,18.0,,,,,,11.0,0.0
reactive_power_discr,7.0,18.0,,,,,,12.0,0.0
reactive_power_discr,7.0,18.0,,,,,,13.0,0.0
reactive_power_discr,7.0,18.0,,,,,,14.0,0.0
reactive_power_discr,7.0,18.0,,,,,,15.0,0.0
reactive_power_discr,7.0,19.0,,,,,,1.0,0.0075778699824844125
reactive_power_discr,7.0,19.0,,,,,,2.0,0.013320281329628255
reactive_power_discr,7.0,19.0,,,,,,3.0,0.014717857243387991
reactive_power_discr,7.0,19.0,,,,,,4.0,0.0
reactive_power_discr,7.0,19.0,,,,,,5.0,0.0
reactive_power_discr,7.0,19.0,,,,,,6.0,0.0
reactive_power_discr,7.0,19.0,,,,,,7.0,0.0
reactive_power_discr,7.0,19.0,,,,,,8.0,0.0
reactive_power_discr,7.0,19.0,,,,,,9.0,0.0
reactive_power_discr,7.0,19.0,,,,,,10.0,0.0
reactive_power_discr,7.0,19.0,,,,,,11.0,0.0
reactive_power_discr,7.0,19.0,,,,,,12.0,0.0
reactive_power_discr,7.0,19.0,,,,,,13.0,0.0
reactive_power_discr,7.0,19.0,,,,,,14.0,0.0
reactive_power_discr,7.0,19.0,,,,,,15.0,0.0
reactive_power_discr,8.0,0.0,,,,,,1.0,0.0016680636524412352
reactive_power_discr,8.0,0.0,,,,,,2.0,0.0
reactive_power_discr,8.0,0.0,,,,,,3.0,0.0
reactive_power_discr,8.0,0.0,,,,,,4.0,0.0
reactive_power_discr,8.0,0.0,,,,,,5.0,0.0
reactive_power_discr,8.0,0.0,,,,,,6.0,0.0
reactive_power_discr,8.0,0.0,,,,,,7.0,0.0
reactive_power_discr,8.0,0.0,,,,,,8.0,0.0
reactive_power_discr,8.0,0.0,,,,,,9.0,0.0
reactive_power_discr,8.0,0.0,,,,,,10.0,0.0
reactive_power_discr,8.0,0.0,,,,,,11.0,0.0
reactive_power_discr,8.0,0.0,,,,,,12.0,0.0
reactive_power_discr,8.0,0.0,,,,,,13.0,0.0
reactive_power_discr,8.0,0.0,,,,,,14.0,0.0
reactive_power_discr,8.0,0.0,,,,,,15.0,0.0
reactive_power_discr,8.0,2.0,,,,,,1.0,0.003811904963134563
reactive_power_discr,8.0,2.0,,,,,,2.0,0.005264966907931571
reactive_power_discr,8.0,2.0,,,,,,3.0,0.0002942921331747922
reactive_power_discr,8.0,2.0,,,,,,4.0,0.0
reactive_power_discr,8.0,2.0,,,,,,5.0,0.0
reactive_power_discr,8.0,2.0,,,,,,6.0,0.0
reactive_power_discr,8.0,2.0,,,,,,7.0,0.0
reactive_power_discr,8.0,2.0,,,,,,8.0,0.0
reactive_power_discr,8.0,2.0,,,,,,9.0,0.0
reactive_power_discr,8.0,2.0,,,,,,10.0,0.0
reactive_power_discr,8.0,2.0,,,,,,11.0,0.0
reactive_power_discr,8.0,2.0,,,,,,12.0,0.0
reactive_power_discr,8.0,2.0,,,,,,13.0,0.0
reactive_power_discr,8.0,2.0,,,,,,14.0,0.0
reactive_power_discr,8.0,2.0,,,,,,15.0,0.0
reactive_power_discr,8.0,6.0,,,,,,1.0,0.00016934496113786196
reactive_power_discr,8.0,6.0,,,,,,2.0,0.0
reactive_power_discr,8.0,6.0,,,,,,3.0,0.0
reactive_power_discr,8.0,6.0,,,,,,4.0,0.0
reactive_power_discr,8.0,6.0,,,,,,5.0,0.0
reactive_power_discr,8.0,6.0,,,,,,6.0,0.0
reactive_power_discr,8.0,6.0,,,,,,7.0,0.0
reactive_power_discr,8.0,6.0,,,,,,8.0,0.0
reactive_power_discr,8.0,6.0,,,,,,9.0,0.0
reactive_power_discr,8.0,6.0,,,,,,10.0,0.0
reactive_power_discr,8.0,6.0,,,,,,11.0,0.0
reactive_power_discr,8.0,6.0,,,,,,12.0,0.0
reactive_power_discr,8.0,6.0,,,,,,13.0,0.0
reactive_power_discr,8.0,6.0,,,,,,14.0,0.0
reactive_power_discr,8.0,6.0,,,,,,15.0,0.0
reactive_power_discr,8.0,10.0,,,,,,1.0,0.003811904963134563
reactive_power_discr,8.0,10.0,,,,,,2.0,0.005264966907931571
reactive_power_discr,8.0,10.0,,,,,,3.0,0.001540646114357164
reactive_power_discr,8.0,10.0,,,,,,4.0,0.0
reactive_power_discr,8.0,10.0,,,,,,5.0,0.0
reactive_power_discr,8.0,10.0,,,,,,6.0,0.0
reactive_power_discr,8.0,10.0,,,,,,7.0,0.0
reactive_power_discr,8.0,10.0,,,,,,8.0,0.0
reactive_power_discr,8.0,10.0,,,,,,9.0,0.0
reactive_power_discr,8.0,10.0,,,,,,10.0,0.0
reactive_power_discr,8.0,10.0,,,,,,11.0,0.0
reactive_power_discr,8.0,10.0,,,,,,12.0,0.0
reactive_power_discr,8.0,10.0,,,,,,13.0,0.0
reactive_power_discr,8.0,10.0,,,,,,14.0,0.0
reactive_power_discr,8.0,10.0,,,,,,15.0,0.0
reactive_power_discr,8.0,11.0,,,,,,1.0,0.0075778699824844125
reactive_power_discr,8.0,11.0,,,,,,2.0,0.013320281329628255
reactive_power_discr,8.0,11.0,,,,,,3.0,0.0001718718802489385
reactive_power_discr,8.0,11.0,,,,,,4.0,0.0
reactive_power_discr,8.0,11.0,,,,,,5.0,0.0
reactive_power_discr,8.0,11.0,,,,,,6.0,0.0
reactive_power_discr,8.0,11.0,,,,,,7.0,0.0
reactive_power_discr,8.0,11.0,,,,,,8.0,0.0
reactive_power_discr,8.0,11.0,,,,,,9.0,0.0
reactive_power_discr,8.0,11.0,,,,,,10.0,0.0
reactive_power_discr,8.0,11.0,,,,,,11.0,0.0
reactive_power_discr,8.0,11.0,,,,,,12.0,0.0
reactive_power_discr,8.0,11.0,,,,,,13.0,0.0
reactive_power_discr,8.0,11.0,,,,,,14.0,0.0
reactive_power_discr,8.0,11.0,,,,,,15.0,0.0
reactive_power_discr,8.0,12.0,,,,,,1.0,0.0075778699824844125
reactive_power_discr,8.0,12.0,,,,,,2.0,0.013320281329628255
reactive_power_discr,8.0,12.0,,,,,,3.0,0.004384008319425092
reactive_power_discr,8.0,12.0,,,,,,4.0,0.0
reactive_power_discr,8.0,12.0,,,,,,5.0,0.0
reactive_power_discr,8.0,12.0,,,,,,6.0,0.0
reactive_power_discr,8.0,12.0,,,,,,7.0,0.0
reactive_power_discr,8.0,12.0,,,,,,8.0,0.0
reactive_power_discr,8.0,12.0,,,,,,9.0,0.0
reactive_power_discr,8.0,12.0,,,,,,10.0,0.0
reactive_power_discr,8.0,12.0,,,,,,11.0,0.0
reactive_power_discr,8.0,12.0,,,,,,12.0,0.0
reactive_power_discr,8.0,12.0,,,,,,13.0,0.0
reactive_power_discr,8.0,12.0,,,,,,14.0,0.0
reactive_power_discr,8.0,12.0,,,,,,15.0,0.0
reactive_power_discr,8.0,13.0,,,,,,1.0,0.003811904963134563
reactive_power_discr,8.0,13.0,,,,,,2.0,0.005264966907931571
reactive_power_discr,8.0,13.0,,,,,,3.0,0.002855282805062859
reactive_power_discr,8.0,13.0,,,,,,4.0,0.0
reactive_power_discr,8.0,13.0,,,,,,5.0,0.0
reactive_power_discr,8.0,13.0,,,,,,6.0,0.0
reactive_power_discr,8.0,13.0,,,,,,7.0,0.0
reactive_power_discr,8.0,13.0,,,,,,8.0,0.0
reactive_power_discr,8.0,13.0,,,,,,9.0,0.0
reactive_power_discr,8.0,13.0,,,,,,10.0,0.0
reactive_power_discr,8.0,13.0,,,,,,11.0,0.0
reactive_power_discr,8.0,13.0,,,,,,12.0,0.0
reactive_power_discr,8.0,13.0,,,,,,13.0,0.0
reactive_power_discr,8.0,13.0,,,,,,14.0,0.0
reactive_power_discr,8.0,13.0,,,,,,15.0,0.0
reactive_power_discr,8.0,14.0,,,,,,1.0,0.002716259288287698
reactive_power_discr,8.0,14.0,,,,,,2.0,0.0
reactive_power_discr,8.0,14.0,,,,,,3.0,0.0
reactive_power_discr,8.0,14.0,,,,,,4.0,0.0
reactive_power_discr,8.0,14.0,,,,,,5.0,0.0
reactive_power_discr,8.0,14.0,,,,,,6.0,0.0
reactive_power_discr,8.0,14.0,,,,,,7.0,0.0
reactive_power_discr,8.0,14.0,,,,,,8.0,0.0
reactive_power_discr,8.0,14.0,,,,,,9.0,0.0
reactive_power_discr,8.0,14.0,,,,,,10.0,0.0
reactive_power_discr,8.0,14.0,,,,,,11.0,0.0
reactive_power_discr,8.0,14.0,,,,,,12.0,0.0
reactive_power_discr,8.0,14.0,,,,,,13.0,0.0
reactive_power_discr,8.0,14.0,,,,,,14.0,0.0
reactive_power_discr,8.0,14.0,,,,,,15.0,0.0
reactive_power_discr,8.0,15.0,,,,,,1.0,0.003811904963134563
reactive_power_discr,8.0,15.0,,,,,,2.0,0.005264966907931571
reactive_power_discr,8.0,15.0,,,,,,3.0,0.005139155218312794
reactive_power_discr,8.0,15.0,,,,,,4.0,0.0
reactive_power_discr,8.0,15.0,,,,,,5.0,0.0
reactive_power_discr,8.0,15.0,,,,,,6.0,0.0
reactive_power_discr,8.0,15.0,,,,,,7.0,0.0
reactive_power_discr,8.0,15.0,,,,,,8.0,0.0
reactive_power_discr,8.0,15.0,,,,,,9.0,0.0
reactive_power_discr,8.0,15.0,,,,,,10.0,0.0
reactive_power_discr,8.0,15.0,,,,,,11.0,0.0
reactive_power_discr,8.0,15.0,,,,,,12.0,0.0
reactive_power_discr,8.0,15.0,,,,,,13.0,0.0
reactive_power_discr,8.0,15.0,,,,,,14.0,0.0
reactive_power_discr,8.0,15.0,,,,,,15.0,0.0
reactive_power_discr,8.0,17.0,,,,,,1.0,0.0075778699824844125
reactive_power_discr,8.0,17.0,,,,,,2.0,0.013320281329628255
reactive_power_discr,8.0,17.0,,,,,,3.0,0.023414217334232015
reactive_power_discr,8.0,17.0,,,,,,4.0,0.03435235866833561
reactive_power_discr,8.0,17.0,,,,,,5.0,0.0
reactive_power_discr,8.0,17.0,,,,,,6.0,0.0
reactive_power_discr,8.0,17.0,,,,,,7.0,0.0
reactive_power_discr,8.0,17.0,,,,,,8.0,0.0
reactive_power_discr,8.0,17.0,,,,,,9.0,0.0
reactive_power_discr,8.0,17.0,,,,,,10.0,0.0
reactive_power_discr,8.0,17.0,,,,,,11.0,0.0
reactive_power_discr,8.0,17.0,,,,,,12.0,0.0
reactive_power_discr,8.0,17.0,,,,,,13.0,0.0
reactive_power_discr,8.0,17.0,,,,,,14.0,0.0
reactive_power_discr,8.0,17.0,,,,,,15.0,0.0
reactive_power_discr,8.0,18.0,,,,,,1.0,0.0
reactive_power_discr,8.0,18.0,,,,,,2.0,0.0
reactive_power_discr,8.0,18.0,,,,,,3.0,0.0
reactive_power_discr,8.0,18.0,,,,,,4.0,0.0
reactive_power_discr,8.0,18.0,,,,,,5.0,0.0
reactive_power_discr,8.0,18.0,,,,,,6.0,0.0
reactive_power_discr,8.0,18.0,,,,,,7.0,0.0
reactive_power_discr,8.0,18.0,,,,,,8.0,0.0
reactive_power_discr,8.0,18.0,,,,,,9.0,0.0
reactive_power_discr,8.0,18.0,,,,,,10.0,0.0
reactive_power_discr,8.0,18.0,,,,,,11.0,0.0
reactive_power_discr,8.0,18.0,,,,,,12.0,0.0
reactive_power_discr,8.0,18.0,,,,,,13.0,0.0
reactive_power_discr,8.0,18.0,,,,,,14.0,0.0
reactive_power_discr,8.0,18.0,,,,,,15.0,0.0
reactive_power_discr,8.0,19.0,,,,,,1.0,0.0075778699824844125
reactive_power_discr,8.0,19.0,,,,,,2.0,0.013320281329628255
reactive_power_discr,8.0,19.0,,,,,,3.0,0.02304292568204784
reactive_power_discr,8.0,19.0,,,,,,4.0,0.0
reactive_power_discr,8.0,19.0,,,,,,5.0,0.0
reactive_power_discr,8.0,19.0,,,,,,6.0,0.0
reactive_power_discr,8.0,19.0,,,,,,7.0,0.0
reactive_power_discr,8.0,19.0,,,,,,8.0,0.0
reactive_power_discr,8.0,19.0,,,,,,9.0,0.0
reactive_power_discr,8.0,19.0,,,,,,10.0,0.0
reactive_power_discr,8.0,19.0,,,,,,11.0,0.0
reactive_power_discr,8.0,19.0,,,,,,12.0,0.0
reactive_power_discr,8.0,19.0,,,,,,13.0,0.0
reactive_power_discr,8.0,19.0,,,,,,14.0,0.0
reactive_power_discr,8.0,19.0,,,,,,15.0,0.0
reactive_power_discr,9.0,0.0,,,,,,1.0,0.003811904963134563
reactive_power_discr,9.0,0.0,,,,,,2.0,0.0010121291529659312
reactive_power_discr,9.0,0.0,,,,,,3.0,0.0
reactive_power_discr,9.0,0.0,,,,,,4.0,0.0
reactive_power_discr,9.0,0.0,,,,,,5.0,0.0
reactive_power_discr,9.0,0.0,,,,,,6.0,0.0
reactive_power_discr,9.0,0.0,,,,,,7.0,0.0
reactive_power_discr,9.0,0.0,,,,,,8.0,0.0
reactive_power_discr,9.0,0.0,,,,,,9.0,0.0
reactive_power_discr,9.0,0.0,,,,,,10.0,0.0
reactive_power_discr,9.0,0.0,,,,,,11.0,0.0
reactive_power_discr,9.0,0.0,,,,,,12.0,0.0
reactive_power_discr,9.0,0.0,,,,,,13.0,0.0
reactive_power_discr,9.0,0.0,,,,,,14.0,0.0
reactive_power_discr,9.0,0.0,,,,,,15.0,0.0
reactive_power_discr,9.0,2.0,,,,,,1.0,0.003811904963134563
reactive_power_discr,9.0,2.0,,,,,,2.0,0.005264966907931571
reactive_power_discr,9.0,2.0,,,,,,3.0,0.007271922256639911
reactive_power_discr,9.0,2.0,,,,,,4.0,0.002044880019188143
reactive_power_discr,9.0,2.0,,,,,,5.0,0.0
reactive_power_discr,9.0,2.0,,,,,,6.0,0.0
reactive_power_discr,9.0,2.0,,,,,,7.0,0.0
reactive_power_discr,9.0,2.0,,,,,,8.0,0.0
reactive_power_discr,9.0,2.0,,,,,,9.0,0.0
reactive_power_discr,9.0,2.0,,,,,,10.0,0.0
reactive_power_discr,9.0,2.0,,,,,,11.0,0.0
reactive_power_discr,9.0,2.0,,,,,,12.0,0.0
reactive_power_discr,9.0,2.0,,,,,,13.0,0.0
reactive_power_discr,9.0,2.0,,,,,,14.0,0.0
reactive_power_discr,9.0,2.0,,,,,,15.0,0.0
reactive_power_discr,9.0,6.0,,,,,,1.0,0.0019402684343779184
reactive_power_discr,9.0,6.0,,,,,,2.0,0.0
reactive_power_discr,9.0,6.0,,,,,,3.0,0.0
reactive_power_discr,9.0,6.0,,,,,,4.0,0.0
reactive_power_discr,9.0,6.0,,,,,,5.0,0.0
reactive_power_discr,9.0,6.0,,,,,,6.0,0.0
reactive_power_discr,9.0,6.0,,,,,,7.0,0.0
reactive_power_discr,9.0,6.0,,,,,,8.0,0.0
reactive_power_discr,9.0,6.0,,,,,,9.0,0.0
reactive_power_discr,9.0,6.0,,,,,,10.0,0.0
reactive_power_discr,9.0,6.0,,,,,,11.0,0.0
reactive_power_discr,9.0,6.0,,,,,,12.0,0.0
reactive_power_discr,9.0,6.0,,,,,,13.0,0.0
reactive_power_discr,9.0,6.0,,,,,,14.0,0.0
reactive_power_discr,9.0,6.0,,,,,,15.0,0.0
reactive_power_discr,9.0,10.0,,,,,,1.0,0.003811904963134563
reactive_power_discr,9.0,10.0,,,,,,2.0,0.005264966907931571
reactive_power_discr,9.0,10.0,,,,,,3.0,0.007271922256639911
reactive_power_discr,9.0,10.0,,,,,,4.0,0.005528189359437385
reactive_power_discr,9.0,10.0,,,,,,5.0,0.0
reactive_power_discr,9.0,10.0,,,,,,6.0,0.0
reactive_power_discr,9.0,10.0,,,,,,7.0,0.0
reactive_power_discr,9.0,10.0,,,,,,8.0,0.0
reactive_power_discr,9.0,10.0,,,,,,9.0,0.0
reactive_power_discr,9.0,10.0,,,,,,10.0,0.0
reactive_power_discr,9.0,10.0,,,,,,11.0,0.0
reactive_power_discr,9.0,10.0,,,,,,12.0,0.0
reactive_power_discr,9.0,10.0,,,,,,13.0,0.0
reactive_power_discr,9.0,10.0,,,,,,14.0,0.0
reactive_power_discr,9.0,10.0,,,,,,15.0,0.0
reactive_power_discr,9.0,11.0,,,,,,1.0,0.0075778699824844125
reactive_power_discr,9.0,11.0,,,,,,2.0,0.013320281329628255
reactive_power_discr,9.0,11.0,,,,,,3.0,0.020416575238628203
reactive_power_discr,9.0,11.0,,,,,,4.0,0.0
reactive_power_discr,9.0,11.0,,,,,,5.0,0.0
reactive_power_discr,9.0,11.0,,,,,,6.0,0.0
reactive_power_discr,9.0,11.0,,,,,,7.0,0.0
reactive_power_discr,9.0,11.0,,,,,,8.0,0.0
reactive_power_discr,9.0,11.0,,,,,,9.0,0.0
reactive_power_discr,9.0,11.0,,,,,,10.0,0.0
reactive_power_discr,9.0,11.0,,,,,,11.0,0.0
reactive_power_discr,9.0,11.0,,,,,,12.0,0.0
reactive_power_discr,9.0,11.0,,,,,,13.0,0.0
reactive_power_discr,9.0,11.0,,,,,,14.0,0.0
reactive_power_discr,9.0,11.0,,,,,,15.0,0.0
reactive_power_discr,9.0,12.0,,,,,,1.0,0.0075778699824844125
reactive_power_discr,9.0,12.0,,,,,,2.0,0.013320281329628255
reactive_power_discr,9.0,12.0,,,,,,3.0,0.023414217334232015
reactive_power_discr,9.0,12.0,,,,,,4.0,0.009397904984436559
reactive_power_discr,9.0,12.0,,,,,,5.0,0.0
reactive_power_discr,9.0,12.0,,,,,,6.0,0.0
reactive_power_discr,9.0,12.0,,,,,,7.0,0.0
reactive_power_discr,9.0,12.0,,,,,,8.0,0.0
reactive_power_discr,9.0,12.0,,,,,,9.0,0.0
reactive_power_discr,9.0,12.0,,,,,,10.0,0.0
reactive_power_discr,9.0,12.0,,,,,,11.0,0.0
reactive_power_discr,9.0,12.0,,,,,,12.0,0.0
reactive_power_discr,9.0,12.0,,,,,,13.0,0.0
reactive_power_discr,9.0,12.0,,,,,,14.0,0.0
reactive_power_discr,9.0,12.0,,,,,,15.0,0.0
reactive_power_discr,9.0,13.0,,,,,,1.0,0.003811904963134563
reactive_power_discr,9.0,13.0,,,,,,2.0,0.005264966907931571
reactive_power_discr,9.0,13.0,,,,,,3.0,0.007271922256639911
reactive_power_discr,9.0,13.0,,,,,,4.0,0.008658069739526618
reactive_power_discr,9.0,13.0,,,,,,5.0,0.0
reactive_power_discr,9.0,13.0,,,,,,6.0,0.0
reactive_power_discr,9.0,13.0,,,,,,7.0,0.0
reactive_power_discr,9.0,13.0,,,,,,8.0,0.0
reactive_power_discr,9.0,13.0,,,,,,9.0,0.0
reactive_power_discr,9.0,13.0,,,,,,10.0,0.0
reactive_power_discr,9.0,13.0,,,,,,11.0,0.0
reactive_power_discr,9.0,13.0,,,,,,12.0,0.0
reactive_power_discr,9.0,13.0,,,,,,13.0,0.0
reactive_power_discr,9.0,13.0,,,,,,14.0,0.0
reactive_power_discr,9.0,13.0,,,,,,15.0,0.0
reactive_power_discr,9.0,14.0,,,,,,1.0,0.003811904963134563
reactive_power_discr,9.0,14.0,,,,,,2.0,0.0025720560674810378
reactive_power_discr,9.0,14.0,,,,,,3.0,0.0
reactive_power_discr,9.0,14.0,,,,,,4.0,0.0
reactive_power_discr,9.0,14.0,,,,,,5.0,0.0
reactive_power_discr,9.0,14.0,,,,,,6.0,0.0
reactive_power_discr,9.0,14.0,,,,,,7.0,0.0
reactive_power_discr,9.0,14.0,,,,,,8.0,0.0
reactive_power_discr,9.0,14.0,,,,,,9.0,0.0
reactive_power_discr,9.0,14.0,,,,,,10.0,0.0
reactive_power_discr,9.0,14.0,,,,,,11.0,0.0
reactive_power_discr,9.0,14.0,,,,,,12.0,0.0
reactive_power_discr,9.0,14.0,,,,,,13.0,0.0
reactive_power_discr,9.0,14.0,,,,,,14.0,0.0
reactive_power_discr,9.0,14.0,,,,,,15.0,0.0
reactive_power_discr,9.0,15.0,,,,,,1.0,0.003811904963134563
reactive_power_discr,9.0,15.0,,,,,,2.0,0.005264966907931571
reactive_power_discr,9.0,15.0,,,,,,3.0,0.007271922256639911
reactive_power_discr,9.0,15.0,,,,,,4.0,0.010043909910801375
reactive_power_discr,9.0,15.0,,,,,,5.0,0.0030907154296977444
reactive_power_discr,9.0,15.0,,,,,,6.0,0.0
reactive_power_discr,9.0,15.0,,,,,,7.0,0.0
reactive_power_discr,9.0,15.0,,,,,,8.0,0.0
reactive_power_discr,9.0,15.0,,,,,,9.0,0.0
reactive_power_discr,9.0,15.0,,,,,,10.0,0.0
reactive_power_discr,9.0,15.0,,,,,,11.0,0.0
reactive_power_discr,9.0,15.0,,,,,,12.0,0.0
reactive_power_discr,9.0,15.0,,,,,,13.0,0.0
reactive_power_discr,9.0,15.0,,,,,,14.0,0.0
reactive_power_discr,9.0,15.0,,,,,,15.0,0.0
reactive_power_discr,9.0,17.0,,,,,,1.0,0.0075778699824844125
reactive_power_discr,9.0,17.0,,,,,,2.0,0.013320281329628255
reactive_power_discr,9.0,17.0,,,,,,3.0,0.023414217334232015
reactive_power_discr,9.0,17.0,,,,,,4.0,0.041157206804276286
reactive_power_discr,9.0,17.0,,,,,,5.0,0.07234560300477912
reactive_power_discr,9.0,17.0,,,,,,6.0,0.004405578581648417
reactive_power_discr,9.0,17.0,,,,,,7.0,0.0
reactive_power_discr,9.0,17.0,,,,,,8.0,0.0
reactive_power_discr,9.0,17.0,,,,,,9.0,0.0
reactive_power_discr,9.0,17.0,,,,,,10.0,0.0
reactive_power_discr,9.0,17.0,,,,,,11.0,0.0
reactive_power_discr,9.0,17.0,,,,,,12.0,0.0
reactive_power_discr,9.0,17.0,,,,,,13.0,0.0
reactive_power_discr,9.0,17.0,,,,,,14.0,0.0
reactive_power_discr,9.0,17.0,,,,,,15.0,0.0
reactive_power_discr,9.0,18.0,,,,,,1.0,0.0
reactive_power_discr,9.0,18.0,,,,,,2.0,0.0
reactive_power_discr,9.0,18.0,,,,,,3.0,0.0
reactive_power_discr,9.0,18.0,,,,,,4.0,0.0
reactive_power_discr,9.0,18.0,,,,,,5.0,0.0
reactive_power_discr,9.0,18.0,,,,,,6.0,0.0
reactive_power_discr,9.0,18.0,,,,,,7.0,0.0
reactive_power_discr,9.0,18.0,,,,,,8.0,0.0
reactive_power_discr,9.0,18.0,,,,,,9.0,0.0
reactive_power_discr,9.0,18.0,,,,,,10.0,0.0
reactive_power_discr,9.0,18.0,,,,,,11.0,0.0
reactive_power_discr,9.0,18.0,,,,,,12.0,0.0
reactive_power_discr,9.0,18.0,,,,,,13.0,0.0
reactive_power_discr,9.0,18.0,,,,,,14.0,0.0
reactive_power_discr,9.0,18.0,,,,,,15.0,0.0
reactive_power_discr,9.0,19.0,,,,,,1.0,0.0075778699824844125
reactive_power_discr,9.0,19.0,,,,,,2.0,0.013320281329628255
reactive_power_discr,9.0,19.0,,,,,,3.0,0.023414217334232015
reactive_power_discr,9.0,19.0,,,,,,4.0,0.041157206804276286
reactive_power_discr,9.0,19.0,,,,,,5.0,0.004417484356854975
reactive_power_discr,9.0,19.0,,,,,,6.0,0.0
reactive_power_discr,9.0,19.0,,,,,,7.0,0.0
reactive_power_discr,9.0,19.0,,,,,,8.0,0.0
reactive_power_discr,9.0,19.0,,,,,,9.0,0.0
reactive_power_discr,9.0,19.0,,,,,,10.0,0.0
reactive_power_discr,9.0,19.0,,,,,,11.0,0.0
reactive_power_discr,9.0,19.0,,,,,,12.0,0.0
reactive_power_discr,9.0,19.0,,,,,,13.0,0.0
reactive_power_discr,9.0,19.0,,,,,,14.0,0.0
reactive_power_discr,9.0,19.0,,,,,,15.0,0.0
reactive_power_discr,10.0,0.0,,,,,,1.0,0.003811904963134563
reactive_power_discr,10.0,0.0,,,,,,2.0,0.001312535242052884
reactive_power_discr,10.0,0.0,,,,,,3.0,0.0
reactive_power_discr,10.0,0.0,,,,,,4.0,0.0
reactive_power_discr,10.0,0.0,,,,,,5.0,0.0
reactive_power_discr,10.0,0.0,,,,,,6.0,0.0
reactive_power_discr,10.0,0.0,,,,,,7.0,0.0
reactive_power_discr,10.0,0.0,,,,,,8.0,0.0
reactive_power_discr,10.0,0.0,,,,,,9.0,0.0
reactive_power_discr,10.0,0.0,,,,,,10.0,0.0
reactive_power_discr,10.0,0.0,,,,,,11.0,0.0
reactive_power_discr,10.0,0.0,,,,,,12.0,0.0
reactive_power_discr,10.0,0.0,,,,,,13.0,0.0
reactive_power_discr,10.0,0.0,,,,,,14.0,0.0
reactive_power_discr,10.0,0.0,,,,,,15.0,0.0
reactive_power_discr,10.0,2.0,,,,,,1.0,0.003811904963134563
reactive_power_discr,10.0,2.0,,,,,,2.0,0.005264966907931571
reactive_power_discr,10.0,2.0,,,,,,3.0,0.00561027874417579
reactive_power_discr,10.0,2.0,,,,,,4.0,0.0
reactive_power_discr,10.0,2.0,,,,,,5.0,0.0
reactive_power_discr,10.0,2.0,,,,,,6.0,0.0
reactive_power_discr,10.0,2.0,,,,,,7.0,0.0
reactive_power_discr,10.0,2.0,,,,,,8.0,0.0
reactive_power_discr,10.0,2.0,,,,,,9.0,0.0
reactive_power_discr,10.0,2.0,,,,,,10.0,0.0
reactive_power_discr,10.0,2.0,,,,,,11.0,0.0
reactive_power_discr,10.0,2.0,,,,,,12.0,0.0
reactive_power_discr,10.0,2.0,,,,,,13.0,0.0
reactive_power_discr,10.0,2.0,,,,,,14.0,0.0
reactive_power_discr,10.0,2.0,,,,,,15.0,0.0
reactive_power_discr,10.0,6.0,,,,,,1.0,0.003811904963134563
reactive_power_discr,10.0,6.0,,,,,,2.0,0.0007726866111103731
reactive_power_discr,10.0,6.0,,,,,,3.0,0.0
reactive_power_discr,10.0,6.0,,,,,,4.0,0.0
reactive_power_discr,10.0,6.0,,,,,,5.0,0.0
reactive_power_discr,10.0,6.0,,,,,,6.0,0.0
reactive_power_discr,10.0,6.0,,,,,,7.0,0.0
reactive_power_discr,10.0,6.0,,,,,,8.0,0.0
reactive_power_discr,10.0,6.0,,,,,,9.0,0.0
reactive_power_discr,10.0,6.0,,,,,,10.0,0.0
reactive_power_discr,10.0,6.0,,,,,,11.0,0.0
reactive_power_discr,10.0,6.0,,,,,,12.0,0.0
reactive_power_discr,10.0,6.0,,,,,,13.0,0.0
reactive_power_discr,10.0,6.0,,,,,,14.0,0.0
reactive_power_discr,10.0,6.0,,,,,,15.0,0.0
reactive_power_discr,10.0,10.0,,,,,,1.0,0.003811904963134563
reactive_power_discr,10.0,10.0,,,,,,2.0,0.005264966907931571
reactive_power_discr,10.0,10.0,,,,,,3.0,0.007271922256639911
reactive_power_discr,10.0,10.0,,,,,,4.0,0.0028463720542185773
reactive_power_discr,10.0,10.0,,,,,,5.0,0.0
reactive_power_discr,10.0,10.0,,,,,,6.0,0.0
reactive_power_discr,10.0,10.0,,,,,,7.0,0.0
reactive_power_discr,10.0,10.0,,,,,,8.0,0.0
reactive_power_discr,10.0,10.0,,,,,,9.0,0.0
reactive_power_discr,10.0,10.0,,,,,,10.0,0.0
reactive_power_discr,10.0,10.0,,,,,,11.0,0.0
reactive_power_discr,10.0,10.0,,,,,,12.0,0.0
reactive_power_discr,10.0,10.0,,,,,,13.0,0.0
reactive_power_discr,10.0,10.0,,,,,,14.0,0.0
reactive_power_discr,10.0,10.0,,,,,,15.0,0.0
reactive_power_discr,10.0,11.0,,,,,,1.0,0.0075778699824844125
reactive_power_discr,10.0,11.0,,,,,,2.0,0.013320281329628255
reactive_power_discr,10.0,11.0,,,,,,3.0,0.01209055066677019
reactive_power_discr,10.0,11.0,,,,,,4.0,0.0
reactive_power_discr,10.0,11.0,,,,,,5.0,0.0
reactive_power_discr,10.0,11.0,,,,,,6.0,0.0
reactive_power_discr,10.0,11.0,,,,,,7.0,0.0
reactive_power_discr,10.0,11.0,,,,,,8.0,0.0
reactive_power_discr,10.0,11.0,,,,,,9.0,0.0
reactive_power_discr,10.0,11.0,,,,,,10.0,0.0
reactive_power_discr,10.0,11.0,,,,,,11.0,0.0
reactive_power_discr,10.0,11.0,,,,,,12.0,0.0
reactive_power_discr,10.0,11.0,,,,,,13.0,0.0
reactive_power_discr,10.0,11.0,,,,,,14.0,0.0
reactive_power_discr,10.0,11.0,,,,,,15.0,0.0
reactive_power_discr,10.0,12.0,,,,,,1.0,0.0075778699824844125
reactive_power_discr,10.0,12.0,,,,,,2.0,0.013320281329628255
reactive_power_discr,10.0,12.0,,,,,,3.0,0.023414217334232015
reactive_power_discr,10.0,12.0,,,,,,4.0,0.0018068706698138454
reactive_power_discr,10.0,12.0,,,,,,5.0,0.0
reactive_power_discr,10.0,12.0,,,,,,6.0,0.0
reactive_power_discr,10.0,12.0,,,,,,7.0,0.0
reactive_power_discr,10.0,12.0,,,,,,8.0,0.0
reactive_power_discr,10.0,12.0,,,,,,9.0,0.0
reactive_power_discr,10.0,12.0,,,,,,10.0,0.0
reactive_power_discr,10.0,12.0,,,,,,11.0,0.0
reactive_power_discr,10.0,12.0,,,,,,12.0,0.0
reactive_power_discr,10.0,12.0,,,,,,13.0,0.0
reactive_power_discr,10.0,12.0,,,,,,14.0,0.0
reactive_power_discr,10.0,12.0,,,,,,15.0,0.0
reactive_power_discr,10.0,13.0,,,,,,1.0,0.003811904963134563
reactive_power_discr,10.0,13.0,,,,,,2.0,0.005264966907931571
reactive_power_discr,10.0,13.0,,,,,,3.0,0.007271922256639911
reactive_power_discr,10.0,13.0,,,,,,4.0,0.005935161043907608
reactive_power_discr,10.0,13.0,,,,,,5.0,0.0
reactive_power_discr,10.0,13.0,,,,,,6.0,0.0
reactive_power_discr,10.0,13.0,,,,,,7.0,0.0
reactive_power_discr,10.0,13.0,,,,,,8.0,0.0
reactive_power_discr,10.0,13.0,,,,,,9.0,0.0
reactive_power_discr,10.0,13.0,,,,,,10.0,0.0
reactive_power_discr,10.0,13.0,,,,,,11.0,0.0
reactive_power_discr,10.0,13.0,,,,,,12.0,0.0
reactive_power_discr,10.0,13.0,,,,,,13.0,0.0
reactive_power_discr,10.0,13.0,,,,,,14.0,0.0
reactive_power_discr,10.0,13.0,,,,,,15.0,0.0
reactive_power_discr,10.0,14.0,,,,,,1.0,0.003811904963134563
reactive_power_discr,10.0,14.0,,,,,,2.0,0.0030124979767089805
reactive_power_discr,10.0,14.0,,,,,,3.0,0.0
reactive_power_discr,10.0,14.0,,,,,,4.0,0.0
reactive_power_discr,10.0,14.0,,,,,,5.0,0.0
reactive_power_discr,10.0,14.0,,,,,,6.0,0.0
reactive_power_discr,10.0,14.0,,,,,,7.0,0.0
reactive_power_discr,10.0,14.0,,,,,,8.0,0.0
reactive_power_discr,10.0,14.0,,,,,,9.0,0.0
reactive_power_discr,10.0,14.0,,,,,,10.0,0.0
reactive_power_discr,10.0,14.0,,,,,,11.0,0.0
reactive_power_discr,10.0,14.0,,,,,,12.0,0.0
reactive_power_discr,10.0,14.0,,,,,,13.0,0.0
reactive_power_discr,10.0,14.0,,,,,,14.0,0.0
reactive_power_discr,10.0,14.0,,,,,,15.0,0.0
reactive_power_discr,10.0,15.0,,,,,,1.0,0.003811904963134563
reactive_power_discr,10.0,15.0,,,,,,2.0,0.005264966907931571
reactive_power_discr,10.0,15.0,,,,,,3.0,0.007271922256639911
reactive_power_discr,10.0,15.0,,,,,,4.0,0.010043909910801375
reactive_power_discr,10.0,15.0,,,,,,5.0,0.0001843555216594307
reactive_power_discr,10.0,15.0,,,,,,6.0,0.0
reactive_power_discr,10.0,15.0,,,,,,7.0,0.0
reactive_power_discr,10.0,15.0,,,,,,8.0,0.0
reactive_power_discr,10.0,15.0,,,,,,9.0,0.0
reactive_power_discr,10.0,15.0,,,,,,10.0,0.0
reactive_power_discr,10.0,15.0,,,,,,11.0,0.0
reactive_power_discr,10.0,15.0,,,,,,12.0,0.0
reactive_power_discr,10.0,15.0,,,,,,13.0,0.0
reactive_power_discr,10.0,15.0,,,,,,14.0,0.0
reactive_power_discr,10.0,15.0,,,,,,15.0,0.0
reactive_power_discr,10.0,17.0,,,,,,1.0,0.0075778699824844125
reactive_power_discr,10.0,17.0,,,,,,2.0,0.013320281329628255
reactive_power_discr,10.0,17.0,,,,,,3.0,0.023414217334232015
reactive_power_discr,10.0,17.0,,,,,,4.0,0.041157206804276286
reactive_power_discr,10.0,17.0,,,,,,5.0,0.05289749540561671
reactive_power_discr,10.0,17.0,,,,,,6.0,0.0
reactive_power_discr,10.0,17.0,,,,,,7.0,0.0
reactive_power_discr,10.0,17.0,,,,,,8.0,0.0
reactive_power_discr,10.0,17.0,,,,,,9.0,0.0
reactive_power_discr,10.0,17.0,,,,,,10.0,0.0
reactive_power_discr,10.0,17.0,,,,,,11.0,0.0
reactive_power_discr,10.0,17.0,,,,,,12.0,0.0
reactive_power_discr,10.0,17.0,,,,,,13.0,0.0
reactive_power_discr,10.0,17.0,,,,,,14.0,0.0
reactive_power_discr,10.0,17.0,,,,,,15.0,0.0
reactive_power_discr,10.0,18.0,,,,,,1.0,0.0
reactive_power_discr,10.0,18.0,,,,,,2.0,0.0
reactive_power_discr,10.0,18.0,,,,,,3.0,0.0
reactive_power_discr,10.0,18.0,,,,,,4.0,0.0
reactive_power_discr,10.0,18.0,,,,,,5.0,0.0
reactive_power_discr,10.0,18.0,,,,,,6.0,0.0
reactive_power_discr,10.0,18.0,,,,,,7.0,0.0
reactive_power_discr,10.0,18.0,,,,,,8.0,0.0
reactive_power_discr,10.0,18.0,,,,,,9.0,0.0
reactive_power_discr,10.0,18.0,,,,,,10.0,0.0
reactive_power_discr,10.0,18.0,,,,,,11.0,0.0
reactive_power_discr,10.0,18.0,,,,,,12.0,0.0
reactive_power_discr,10.0,18.0,,,,,,13.0,0.0
reactive_power_discr,10.0,18.0,,,,,,14.0,0.0
reactive_power_discr,10.0,18.0,,,,,,15.0,0.0
reactive_power_discr,10.0,19.0,,,,,,1.0,0.0075778699824844125
reactive_power_discr,10.0,19.0,,,,,,2.0,0.013320281329628255
reactive_power_discr,10.0,19.0,,,,,,3.0,0.023414217334232015
reactive_power_discr,10.0,19.0,,,,,,4.0,0.03303236927448999
reactive_power_discr,10.0,19.0,,,,,,5.0,0.0
reactive_power_discr,10.0,19.0,,,,,,6.0,0.0
reactive_power_discr,10.0,19.0,,,,,,7.0,0.0
reactive_power_discr,10.0,19.0,,,,,,8.0,0.0
reactive_power_discr,10.0,19.0,,,,,,9.0,0.0
reactive_power_discr,10.0,19.0,,,,,,10.0,0.0
reactive_power_discr,10.0,19.0,,,,,,11.0,0.0
reactive_power_discr,10.0,19.0,,,,,,12.0,0.0
reactive_power_discr,10.0,19.0,,,,,,13.0,0.0
reactive_power_discr,10.0,19.0,,,,,,14.0,0.0
reactive_power_discr,10.0,19.0,,,,,,15.0,0.0
reactive_power_discr,11.0,0.0,,,,,,1.0,0.003811904963134563
reactive_power_discr,11.0,0.0,,,,,,2.0,0.0016811122718236645
reactive_power_discr,11.0,0.0,,,,,,3.0,0.0
reactive_power_discr,11.0,0.0,,,,,,4.0,0.0
reactive_power_discr,11.0,0.0,,,,,,5.0,0.0
reactive_power_discr,11.0,0.0,,,,,,6.0,0.0
reactive_power_discr,11.0,0.0,,,,,,7.0,0.0
reactive_power_discr,11.0,0.0,,,,,,8.0,0.0
reactive_power_discr,11.0,0.0,,,,,,9.0,0.0
reactive_power_discr,11.0,0.0,,,,,,10.0,0.0
reactive_power_discr,11.0,0.0,,,,,,11.0,0.0
reactive_power_discr,11.0,0.0,,,,,,12.0,0.0
reactive_power_discr,11.0,0.0,,,,,,13.0,0.0
reactive_power_discr,11.0,0.0,,,,,,14.0,0.0
reactive_power_discr,11.0,0.0,,,,,,15.0,0.0
reactive_power_discr,11.0,2.0,,,,,,1.0,0.003811904963134563
reactive_power_discr,11.0,2.0,,,,,,2.0,0.005264966907931571
reactive_power_discr,11.0,2.0,,,,,,3.0,0.005265393581789733
reactive_power_discr,11.0,2.0,,,,,,4.0,0.0
reactive_power_discr,11.0,2.0,,,,,,5.0,0.0
reactive_power_discr,11.0,2.0,,,,,,6.0,0.0
reactive_power_discr,11.0,2.0,,,,,,7.0,0.0
reactive_power_discr,11.0,2.0,,,,,,8.0,0.0
reactive_power_discr,11.0,2.0,,,,,,9.0,0.0
reactive_power_discr,11.0,2.0,,,,,,10.0,0.0
reactive_power_discr,11.0,2.0,,,,,,11.0,0.0
reactive_power_discr,11.0,2.0,,,,,,12.0,0.0
reactive_power_discr,11.0,2.0,,,,,,13.0,0.0
reactive_power_discr,11.0,2.0,,,,,,14.0,0.0
reactive_power_discr,11.0,2.0,,,,,,15.0,0.0
reactive_power_discr,11.0,6.0,,,,,,1.0,0.003811904963134563
reactive_power_discr,11.0,6.0,,,,,,2.0,0.0006325768528075582
reactive_power_discr,11.0,6.0,,,,,,3.0,0.0
reactive_power_discr,11.0,6.0,,,,,,4.0,0.0
reactive_power_discr,11.0,6.0,,,,,,5.0,0.0
reactive_power_discr,11.0,6.0,,,,,,6.0,0.0
reactive_power_discr,11.0,6.0,,,,,,7.0,0.0
reactive_power_discr,11.0,6.0,,,,,,8.0,0.0
reactive_power_discr,11.0,6.0,,,,,,9.0,0.0
reactive_power_discr,11.0,6.0,,,,,,10.0,0.0
reactive_power_discr,11.0,6.0,,,,,,11.0,0.0
reactive_power_discr,11.0,6.0,,,,,,12.0,0.0
reactive_power_discr,11.0,6.0,,,,,,13.0,0.0
reactive_power_discr,11.0,6.0,,,,,,14.0,0.0
reactive_power_discr,11.0,6.0,,,,,,15.0,0.0
reactive_power_discr,11.0,10.0,,,,,,1.0,0.003811904963134563
reactive_power_discr,11.0,10.0,,,,,,2.0,0.005264966907931571
reactive_power_discr,11.0,10.0,,,,,,3.0,0.007271922256639911
reactive_power_discr,11.0,10.0,,,,,,4.0,0.0023443089978610367
reactive_power_discr,11.0,10.0,,,,,,5.0,0.0
reactive_power_discr,11.0,10.0,,,,,,6.0,0.0
reactive_power_discr,11.0,10.0,,,,,,7.0,0.0
reactive_power_discr,11.0,10.0,,,,,,8.0,0.0
reactive_power_discr,11.0,10.0,,,,,,9.0,0.0
reactive_power_discr,11.0,10.0,,,,,,10.0,0.0
reactive_power_discr,11.0,10.0,,,,,,11.0,0.0
reactive_power_discr,11.0,10.0,,,,,,12.0,0.0
reactive_power_discr,11.0,10.0,,,,,,13.0,0.0
reactive_power_discr,11.0,10.0,,,,,,14.0,0.0
reactive_power_discr,11.0,10.0,,,,,,15.0,0.0
reactive_power_discr,11.0,11.0,,,,,,1.0,0.0075778699824844125
reactive_power_discr,11.0,11.0,,,,,,2.0,0.013320281329628255
reactive_power_discr,11.0,11.0,,,,,,3.0,0.011316922778400827
reactive_power_discr,11.0,11.0,,,,,,4.0,0.0
reactive_power_discr,11.0,11.0,,,,,,5.0,0.0
reactive_power_discr,11.0,11.0,,,,,,6.0,0.0
reactive_power_discr,11.0,11.0,,,,,,7.0,0.0
reactive_power_discr,11.0,11.0,,,,,,8.0,0.0
reactive_power_discr,11.0,11.0,,,,,,9.0,0.0
reactive_power_discr,11.0,11.0,,,,,,10.0,0.0
reactive_power_discr,11.0,11.0,,,,,,11.0,0.0
reactive_power_discr,11.0,11.0,,,,,,12.0,0.0
reactive_power_discr,11.0,11.0,,,,,,13.0,0.0
reactive_power_discr,11.0,11.0,,,,,,14.0,0.0
reactive_power_discr,11.0,11.0,,,,,,15.0,0.0
reactive_power_discr,11.0,12.0,,,,,,1.0,0.0075778699824844125
reactive_power_discr,11.0,12.0,,,,,,2.0,0.013320281329628255
reactive_power_discr,11.0,12.0,,,,,,3.0,0.023414217334232015
reactive_power_discr,11.0,12.0,,,,,,4.0,0.0019048137548196842
reactive_power_discr,11.0,12.0,,,,,,5.0,0.0
reactive_power_discr,11.0,12.0,,,,,,6.0,0.0
reactive_power_discr,11.0,12.0,,,,,,7.0,0.0
reactive_power_discr,11.0,12.0,,,,,,8.0,0.0
reactive_power_discr,11.0,12.0,,,,,,9.0,0.0
reactive_power_discr,11.0,12.0,,,,,,10.0,0.0
reactive_power_discr,11.0,12.0,,,,,,11.0,0.0
reactive_power_discr,11.0,12.0,,,,,,12.0,0.0
reactive_power_discr,11.0,12.0,,,,,,13.0,0.0
reactive_power_discr,11.0,12.0,,,,,,14.0,0.0
reactive_power_discr,11.0,12.0,,,,,,15.0,0.0
reactive_power_discr,11.0,13.0,,,,,,1.0,0.003811904963134563
reactive_power_discr,11.0,13.0,,,,,,2.0,0.005264966907931571
reactive_power_discr,11.0,13.0,,,,,,3.0,0.007271922256639911
reactive_power_discr,11.0,13.0,,,,,,4.0,0.0057001515534296394
reactive_power_discr,11.0,13.0,,,,,,5.0,0.0
reactive_power_discr,11.0,13.0,,,,,,6.0,0.0
reactive_power_discr,11.0,13.0,,,,,,7.0,0.0
reactive_power_discr,11.0,13.0,,,,,,8.0,0.0
reactive_power_discr,11.0,13.0,,,,,,9.0,0.0
reactive_power_discr,11.0,13.0,,,,,,10.0,0.0
reactive_power_discr,11.0,13.0,,,,,,11.0,0.0
reactive_power_discr,11.0,13.0,,,,,,12.0,0.0
reactive_power_discr,11.0,13.0,,,,,,13.0,0.0
reactive_power_discr,11.0,13.0,,,,,,14.0,0.0
reactive_power_discr,11.0,13.0,,,,,,15.0,0.0
reactive_power_discr,11.0,14.0,,,,,,1.0,0.003811904963134563
reactive_power_discr,11.0,14.0,,,,,,2.0,0.0028005453784899458
reactive_power_discr,11.0,14.0,,,,,,3.0,0.0
reactive_power_discr,11.0,14.0,,,,,,4.0,0.0
reactive_power_discr,11.0,14.0,,,,,,5.0,0.0
reactive_power_discr,11.0,14.0,,,,,,6.0,0.0
reactive_power_discr,11.0,14.0,,,,,,7.0,0.0
reactive_power_discr,11.0,14.0,,,,,,8.0,0.0
reactive_power_discr,11.0,14.0,,,,,,9.0,0.0
reactive_power_discr,11.0,14.0,,,,,,10.0,0.0
reactive_power_discr,11.0,14.0,,,,,,11.0,0.0
reactive_power_discr,11.0,14.0,,,,,,12.0,0.0
reactive_power_discr,11.0,14.0,,,,,,13.0,0.0
reactive_power_discr,11.0,14.0,,,,,,14.0,0.0
reactive_power_discr,11.0,14.0,,,,,,15.0,0.0
reactive_power_discr,11.0,15.0,,,,,,1.0,0.003811904963134563
reactive_power_discr,11.0,15.0,,,,,,2.0,0.005264966907931571
reactive_power_discr,11.0,15.0,,,,,,3.0,0.007271922256639911
reactive_power_discr,11.0,15.0,,,,,,4.0,0.009572403748578411
reactive_power_discr,11.0,15.0,,,,,,5.0,0.0
reactive_power_discr,11.0,15.0,,,,,,6.0,0.0
reactive_power_discr,11.0,15.0,,,,,,7.0,0.0
reactive_power_discr,11.0,15.0,,,,,,8.0,0.0
reactive_power_discr,11.0,15.0,,,,,,9.0,0.0
reactive_power_discr,11.0,15.0,,,,,,10.0,0.0
reactive_power_discr,11.0,15.0,,,,,,11.0,0.0
reactive_power_discr,11.0,15.0,,,,,,12.0,0.0
reactive_power_discr,11.0,15.0,,,,,,13.0,0.0
reactive_power_discr,11.0,15.0,,,,,,14.0,0.0
reactive_power_discr,11.0,15.0,,,,,,15.0,0.0
reactive_power_discr,11.0,17.0,,,,,,1.0,0.0075778699824844125
reactive_power_discr,11.0,17.0,,,,,,2.0,0.013320281329628255
reactive_power_discr,11.0,17.0,,,,,,3.0,0.023414217334232015
reactive_power_discr,11.0,17.0,,,,,,4.0,0.041157206804276286
reactive_power_discr,11.0,17.0,,,,,,5.0,0.051078350963897415
reactive_power_discr,11.0,17.0,,,,,,6.0,0.0
reactive_power_discr,11.0,17.0,,,,,,7.0,0.0
reactive_power_discr,11.0,17.0,,,,,,8.0,0.0
reactive_power_discr,11.0,17.0,,,,,,9.0,0.0
reactive_power_discr,11.0,17.0,,,,,,10.0,0.0
reactive_power_discr,11.0,17.0,,,,,,11.0,0.0
reactive_power_discr,11.0,17.0,,,,,,12.0,0.0
reactive_power_discr,11.0,17.0,,,,,,13.0,0.0
reactive_power_discr,11.0,17.0,,,,,,14.0,0.0
reactive_power_discr,11.0,17.0,,,,,,15.0,0.0
reactive_power_discr,11.0,18.0,,,,,,1.0,0.0
reactive_power_discr,11.0,18.0,,,,,,2.0,0.0
reactive_power_discr,11.0,18.0,,,,,,3.0,0.0
reactive_power_discr,11.0,18.0,,,,,,4.0,0.0
reactive_power_discr,11.0,18.0,,,,,,5.0,0.0
reactive_power_discr,11.0,18.0,,,,,,6.0,0.0
reactive_power_discr,11.0,18.0,,,,,,7.0,0.0
reactive_power_discr,11.0,18.0,,,,,,8.0,0.0
reactive_power_discr,11.0,18.0,,,,,,9.0,0.0
reactive_power_discr,11.0,18.0,,,,,,10.0,0.0
reactive_power_discr,11.0,18.0,,,,,,11.0,0.0
reactive_power_discr,11.0,18.0,,,,,,12.0,0.0
reactive_power_discr,11.0,18.0,,,,,,13.0,0.0
reactive_power_discr,11.0,18.0,,,,,,14.0,0.0
reactive_power_discr,11.0,18.0,,,,,,15.0,0.0
reactive_power_discr,11.0,19.0,,,,,,1.0,0.0075778699824844125
reactive_power_discr,11.0,19.0,,,,,,2.0,0.013320281329628255
reactive_power_discr,11.0,19.0,,,,,,3.0,0.023414217334232015
reactive_power_discr,11.0,19.0,,,,,,4.0,0.03145648451688751
reactive_power_discr,11.0,19.0,,,,,,5.0,0.0
reactive_power_discr,11.0,19.0,,,,,,6.0,0.0
reactive_power_discr,11.0,19.0,,,,,,7.0,0.0
reactive_power_discr,11.0,19.0,,,,,,8.0,0.0
reactive_power_discr,11.0,19.0,,,,,,9.0,0.0
reactive_power_discr,11.0,19.0,,,,,,10.0,0.0
reactive_power_discr,11.0,19.0,,,,,,11.0,0.0
reactive_power_discr,11.0,19.0,,,,,,12.0,0.0
reactive_power_discr,11.0,19.0,,,,,,13.0,0.0
reactive_power_discr,11.0,19.0,,,,,,14.0,0.0
reactive_power_discr,11.0,19.0,,,,,,15.0,0.0
reactive_power_discr,12.0,0.0,,,,,,1.0,0.003811904963134563
reactive_power_discr,12.0,0.0,,,,,,2.0,0.0017441314160490514
reactive_power_discr,12.0,0.0,,,,,,3.0,0.0
reactive_power_discr,12.0,0.0,,,,,,4.0,0.0
reactive_power_discr,12.0,0.0,,,,,,5.0,0.0
reactive_power_discr,12.0,0.0,,,,,,6.0,0.0
reactive_power_discr,12.0,0.0,,,,,,7.0,0.0
reactive_power_discr,12.0,0.0,,,,,,8.0,0.0
reactive_power_discr,12.0,0.0,,,,,,9.0,0.0
reactive_power_discr,12.0,0.0,,,,,,10.0,0.0
reactive_power_discr,12.0,0.0,,,,,,11.0,0.0
reactive_power_discr,12.0,0.0,,,,,,12.0,0.0
reactive_power_discr,12.0,0.0,,,,,,13.0,0.0
reactive_power_discr,12.0,0.0,,,,,,14.0,0.0
reactive_power_discr,12.0,0.0,,,,,,15.0,0.0
reactive_power_discr,12.0,2.0,,,,,,1.0,0.003811904963134563
reactive_power_discr,12.0,2.0,,,,,,2.0,0.005264966907931571
reactive_power_discr,12.0,2.0,,,,,,3.0,0.005626623338438252
reactive_power_discr,12.0,2.0,,,,,,4.0,0.0
reactive_power_discr,12.0,2.0,,,,,,5.0,0.0
reactive_power_discr,12.0,2.0,,,,,,6.0,0.0
reactive_power_discr,12.0,2.0,,,,,,7.0,0.0
reactive_power_discr,12.0,2.0,,,,,,8.0,0.0
reactive_power_discr,12.0,2.0,,,,,,9.0,0.0
reactive_power_discr,12.0,2.0,,,,,,10.0,0.0
reactive_power_discr,12.0,2.0,,,,,,11.0,0.0
reactive_power_discr,12.0,2.0,,,,,,12.0,0.0
reactive_power_discr,12.0,2.0,,,,,,13.0,0.0
reactive_power_discr,12.0,2.0,,,,,,14.0,0.0
reactive_power_discr,12.0,2.0,,,,,,15.0,0.0
reactive_power_discr,12.0,6.0,,,,,,1.0,0.003811904963134563
reactive_power_discr,12.0,6.0,,,,,,2.0,0.0008931184296012695
reactive_power_discr,12.0,6.0,,,,,,3.0,0.0
reactive_power_discr,12.0,6.0,,,,,,4.0,0.0
reactive_power_discr,12.0,6.0,,,,,,5.0,0.0
reactive_power_discr,12.0,6.0,,,,,,6.0,0.0
reactive_power_discr,12.0,6.0,,,,,,7.0,0.0
reactive_power_discr,12.0,6.0,,,,,,8.0,0.0
reactive_power_discr,12.0,6.0,,,,,,9.0,0.0
reactive_power_discr,12.0,6.0,,,,,,10.0,0.0
reactive_power_discr,12.0,6.0,,,,,,11.0,0.0
reactive_power_discr,12.0,6.0,,,,,,12.0,0.0
reactive_power_discr,12.0,6.0,,,,,,13.0,0.0
reactive_power_discr,12.0,6.0,,,,,,14.0,0.0
reactive_power_discr,12.0,6.0,,,,,,15.0,0.0
reactive_power_discr,12.0,10.0,,,,,,1.0,0.003811904963134563
reactive_power_discr,12.0,10.0,,,,,,2.0,0.005264966907931571
reactive_power_discr,12.0,10.0,,,,,,3.0,0.007271922256639911
reactive_power_discr,12.0,10.0,,,,,,4.0,0.0028489780683930085
reactive_power_discr,12.0,10.0,,,,,,5.0,0.0
reactive_power_discr,12.0,10.0,,,,,,6.0,0.0
reactive_power_discr,12.0,10.0,,,,,,7.0,0.0
reactive_power_discr,12.0,10.0,,,,,,8.0,0.0
reactive_power_discr,12.0,10.0,,,,,,9.0,0.0
reactive_power_discr,12.0,10.0,,,,,,10.0,0.0
reactive_power_discr,12.0,10.0,,,,,,11.0,0.0
reactive_power_discr,12.0,10.0,,,,,,12.0,0.0
reactive_power_discr,12.0,10.0,,,,,,13.0,0.0
reactive_power_discr,12.0,10.0,,,,,,14.0,0.0
reactive_power_discr,12.0,10.0,,,,,,15.0,0.0
reactive_power_discr,12.0,11.0,,,,,,1.0,0.0075778699824844125
reactive_power_discr,12.0,11.0,,,,,,2.0,0.013320281329628255
reactive_power_discr,12.0,11.0,,,,,,3.0,0.01212757838617837
reactive_power_discr,12.0,11.0,,,,,,4.0,0.0
reactive_power_discr,12.0,11.0,,,,,,5.0,0.0
reactive_power_discr,12.0,11.0,,,,,,6.0,0.0
reactive_power_discr,12.0,11.0,,,,,,7.0,0.0
reactive_power_discr,12.0,11.0,,,,,,8.0,0.0
reactive_power_discr,12.0,11.0,,,,,,9.0,0.0
reactive_power_discr,12.0,11.0,,,,,,10.0,0.0
reactive_power_discr,12.0,11.0,,,,,,11.0,0.0
reactive_power_discr,12.0,11.0,,,,,,12.0,0.0
reactive_power_discr,12.0,11.0,,,,,,13.0,0.0
reactive_power_discr,12.0,11.0,,,,,,14.0,0.0
reactive_power_discr,12.0,11.0,,,,,,15.0,0.0
reactive_power_discr,12.0,12.0,,,,,,1.0,0.0075778699824844125
reactive_power_discr,12.0,12.0,,,,,,2.0,0.013320281329628255
reactive_power_discr,12.0,12.0,,,,,,3.0,0.023414217334232015
reactive_power_discr,12.0,12.0,,,,,,4.0,0.0029009449731947842
reactive_power_discr,12.0,12.0,,,,,,5.0,0.0
reactive_power_discr,12.0,12.0,,,,,,6.0,0.0
reactive_power_discr,12.0,12.0,,,,,,7.0,0.0
reactive_power_discr,12.0,12.0,,,,,,8.0,0.0
reactive_power_discr,12.0,12.0,,,,,,9.0,0.0
reactive_power_discr,12.0,12.0,,,,,,10.0,0.0
reactive_power_discr,12.0,12.0,,,,,,11.0,0.0
reactive_power_discr,12.0,12.0,,,,,,12.0,0.0
reactive_power_discr,12.0,12.0,,,,,,13.0,0.0
reactive_power_discr,12.0,12.0,,,,,,14.0,0.0
reactive_power_discr,12.0,12.0,,,,,,15.0,0.0
reactive_power_discr,12.0,13.0,,,,,,1.0,0.003811904963134563
reactive_power_discr,12.0,13.0,,,,,,2.0,0.005264966907931571
reactive_power_discr,12.0,13.0,,,,,,3.0,0.007271922256639911
reactive_power_discr,12.0,13.0,,,,,,4.0,0.006761927862129317
reactive_power_discr,12.0,13.0,,,,,,5.0,0.0
reactive_power_discr,12.0,13.0,,,,,,6.0,0.0
reactive_power_discr,12.0,13.0,,,,,,7.0,0.0
reactive_power_discr,12.0,13.0,,,,,,8.0,0.0
reactive_power_discr,12.0,13.0,,,,,,9.0,0.0
reactive_power_discr,12.0,13.0,,,,,,10.0,0.0
reactive_power_discr,12.0,13.0,,,,,,11.0,0.0
reactive_power_discr,12.0,13.0,,,,,,12.0,0.0
reactive_power_discr,12.0,13.0,,,,,,13.0,0.0
reactive_power_discr,12.0,13.0,,,,,,14.0,0.0
reactive_power_discr,12.0,13.0,,,,,,15.0,0.0
reactive_power_discr,12.0,14.0,,,,,,1.0,0.003811904963134563
reactive_power_discr,12.0,14.0,,,,,,2.0,0.003001218596105342
reactive_power_discr,12.0,14.0,,,,,,3.0,0.0
reactive_power_discr,12.0,14.0,,,,,,4.0,0.0
reactive_power_discr,12.0,14.0,,,,,,5.0,0.0
reactive_power_discr,12.0,14.0,,,,,,6.0,0.0
reactive_power_discr,12.0,14.0,,,,,,7.0,0.0
reactive_power_discr,12.0,14.0,,,,,,8.0,0.0
reactive_power_discr,12.0,14.0,,,,,,9.0,0.0
reactive_power_discr,12.0,14.0,,,,,,10.0,0.0
reactive_power_discr,12.0,14.0,,,,,,11.0,0.0
reactive_power_discr,12.0,14.0,,,,,,12.0,0.0
reactive_power_discr,12.0,14.0,,,,,,13.0,0.0
reactive_power_discr,12.0,14.0,,,,,,14.0,0.0
reactive_power_discr,12.0,14.0,,,,,,15.0,0.0
reactive_power_discr,12.0,15.0,,,,,,1.0,0.003811904963134563
reactive_power_discr,12.0,15.0,,,,,,2.0,0.005264966907931571
reactive_power_discr,12.0,15.0,,,,,,3.0,0.007271922256639911
reactive_power_discr,12.0,15.0,,,,,,4.0,0.010043909910801375
reactive_power_discr,12.0,15.0,,,,,,5.0,0.00032947248642245
reactive_power_discr,12.0,15.0,,,,,,6.0,0.0
reactive_power_discr,12.0,15.0,,,,,,7.0,0.0
reactive_power_discr,12.0,15.0,,,,,,8.0,0.0
reactive_power_discr,12.0,15.0,,,,,,9.0,0.0
reactive_power_discr,12.0,15.0,,,,,,10.0,0.0
reactive_power_discr,12.0,15.0,,,,,,11.0,0.0
reactive_power_discr,12.0,15.0,,,,,,12.0,0.0
reactive_power_discr,12.0,15.0,,,,,,13.0,0.0
reactive_power_discr,12.0,15.0,,,,,,14.0,0.0
reactive_power_discr,12.0,15.0,,,,,,15.0,0.0
reactive_power_discr,12.0,17.0,,,,,,1.0,0.0075778699824844125
reactive_power_discr,12.0,17.0,,,,,,2.0,0.013320281329628255
reactive_power_discr,12.0,17.0,,,,,,3.0,0.023414217334232015
reactive_power_discr,12.0,17.0,,,,,,4.0,0.041157206804276286
reactive_power_discr,12.0,17.0,,,,,,5.0,0.05503202147062579
reactive_power_discr,12.0,17.0,,,,,,6.0,0.0
reactive_power_discr,12.0,17.0,,,,,,7.0,0.0
reactive_power_discr,12.0,17.0,,,,,,8.0,0.0
reactive_power_discr,12.0,17.0,,,,,,9.0,0.0
reactive_power_discr,12.0,17.0,,,,,,10.0,0.0
reactive_power_discr,12.0,17.0,,,,,,11.0,0.0
reactive_power_discr,12.0,17.0,,,,,,12.0,0.0
reactive_power_discr,12.0,17.0,,,,,,13.0,0.0
reactive_power_discr,12.0,17.0,,,,,,14.0,0.0
reactive_power_discr,12.0,17.0,,,,,,15.0,0.0
reactive_power_discr,12.0,18.0,,,,,,1.0,0.0
reactive_power_discr,12.0,18.0,,,,,,2.0,0.0
reactive_power_discr,12.0,18.0,,,,,,3.0,0.0
reactive_power_discr,12.0,18.0,,,,,,4.0,0.0
reactive_power_discr,12.0,18.0,,,,,,5.0,0.0
reactive_power_discr,12.0,18.0,,,,,,6.0,0.0
reactive_power_discr,12.0,18.0,,,,,,7.0,0.0
reactive_power_discr,12.0,18.0,,,,,,8.0,0.0
reactive_power_discr,12.0,18.0,,,,,,9.0,0.0
reactive_power_discr,12.0,18.0,,,,,,10.0,0.0
reactive_power_discr,12.0,18.0,,,,,,11.0,0.0
reactive_power_discr,12.0,18.0,,,,,,12.0,0.0
reactive_power_discr,12.0,18.0,,,,,,13.0,0.0
reactive_power_discr,12.0,18.0,,,,,,14.0,0.0
reactive_power_discr,12.0,18.0,,,,,,15.0,0.0
reactive_power_discr,12.0,19.0,,,,,,1.0,0.0075778699824844125
reactive_power_discr,12.0,19.0,,,,,,2.0,0.013320281329628255
reactive_power_discr,12.0,19.0,,,,,,3.0,0.023414217334232015
reactive_power_discr,12.0,19.0,,,,,,4.0,0.03403989234314331
reactive_power_discr,12.0,19.0,,,,,,5.0,0.0
reactive_power_discr,12.0,19.0,,,,,,6.0,0.0
reactive_power_discr,12.0,19.0,,,,,,7.0,0.0
reactive_power_discr,12.0,19.0,,,,,,8.0,0.0
reactive_power_discr,12.0,19.0,,,,,,9.0,0.0
reactive_power_discr,12.0,19.0,,,,,,10.0,0.0
reactive_power_discr,12.0,19.0,,,,,,11.0,0.0
reactive_power_discr,12.0,19.0,,,,,,12.0,0.0
reactive_power_discr,12.0,19.0,,,,,,13.0,0.0
reactive_power_discr,12.0,19.0,,,,,,14.0,0.0
reactive_power_discr,12.0,19.0,,,,,,15.0,0.0
reactive_power_discr,13.0,0.0,,,,,,1.0,0.003811904963134563
reactive_power_discr,13.0,0.0,,,,,,2.0,0.0017935215790753425
reactive_power_discr,13.0,0.0,,,,,,3.0,0.0
reactive_power_discr,13.0,0.0,,,,,,4.0,0.0
reactive_power_discr,13.0,0.0,,,,,,5.0,0.0
reactive_power_discr,13.0,0.0,,,,,,6.0,0.0
reactive_power_discr,13.0,0.0,,,,,,7.0,0.0
reactive_power_discr,13.0,0.0,,,,,,8.0,0.0
reactive_power_discr,13.0,0.0,,,,,,9.0,0.0
reactive_power_discr,13.0,0.0,,,,,,10.0,0.0
reactive_power_discr,13.0,0.0,,,,,,11.0,0.0
reactive_power_discr,13.0,0.0,,,,,,12.0,0.0
reactive_power_discr,13.0,0.0,,,,,,13.0,0.0
reactive_power_discr,13.0,0.0,,,,,,14.0,0.0
reactive_power_discr,13.0,0.0,,,,,,15.0,0.0
reactive_power_discr,13.0,2.0,,,,,,1.0,0.003811904963134563
reactive_power_discr,13.0,2.0,,,,,,2.0,0.005264966907931571
reactive_power_discr,13.0,2.0,,,,,,3.0,0.005053987038225601
reactive_power_discr,13.0,2.0,,,,,,4.0,0.0
reactive_power_discr,13.0,2.0,,,,,,5.0,0.0
reactive_power_discr,13.0,2.0,,,,,,6.0,0.0
reactive_power_discr,13.0,2.0,,,,,,7.0,0.0
reactive_power_discr,13.0,2.0,,,,,,8.0,0.0
reactive_power_discr,13.0,2.0,,,,,,9.0,0.0
reactive_power_discr,13.0,2.0,,,,,,10.0,0.0
reactive_power_discr,13.0,2.0,,,,,,11.0,0.0
reactive_power_discr,13.0,2.0,,,,,,12.0,0.0
reactive_power_discr,13.0,2.0,,,,,,13.0,0.0
reactive_power_discr,13.0,2.0,,,,,,14.0,0.0
reactive_power_discr,13.0,2.0,,,,,,15.0,0.0
reactive_power_discr,13.0,6.0,,,,,,1.0,0.003811904963134563
reactive_power_discr,13.0,6.0,,,,,,2.0,0.0003612915034578593
reactive_power_discr,13.0,6.0,,,,,,3.0,0.0
reactive_power_discr,13.0,6.0,,,,,,4.0,0.0
reactive_power_discr,13.0,6.0,,,,,,5.0,0.0
reactive_power_discr,13.0,6.0,,,,,,6.0,0.0
reactive_power_discr,13.0,6.0,,,,,,7.0,0.0
reactive_power_discr,13.0,6.0,,,,,,8.0,0.0
reactive_power_discr,13.0,6.0,,,,,,9.0,0.0
reactive_power_discr,13.0,6.0,,,,,,10.0,0.0
reactive_power_discr,13.0,6.0,,,,,,11.0,0.0
reactive_power_discr,13.0,6.0,,,,,,12.0,0.0
reactive_power_discr,13.0,6.0,,,,,,13.0,0.0
reactive_power_discr,13.0,6.0,,,,,,14.0,0.0
reactive_power_discr,13.0,6.0,,,,,,15.0,0.0
reactive_power_discr,13.0,10.0,,,,,,1.0,0.003811904963134563
reactive_power_discr,13.0,10.0,,,,,,2.0,0.005264966907931571
reactive_power_discr,13.0,10.0,,,,,,3.0,0.007271922256639911
reactive_power_discr,13.0,10.0,,,,,,4.0,0.0022925352008941607
reactive_power_discr,13.0,10.0,,,,,,5.0,0.0
reactive_power_discr,13.0,10.0,,,,,,6.0,0.0
reactive_power_discr,13.0,10.0,,,,,,7.0,0.0
reactive_power_discr,13.0,10.0,,,,,,8.0,0.0
reactive_power_discr,13.0,10.0,,,,,,9.0,0.0
reactive_power_discr,13.0,10.0,,,,,,10.0,0.0
reactive_power_discr,13.0,10.0,,,,,,11.0,0.0
reactive_power_discr,13.0,10.0,,,,,,12.0,0.0
reactive_power_discr,13.0,10.0,,,,,,13.0,0.0
reactive_power_discr,13.0,10.0,,,,,,14.0,0.0
reactive_power_discr,13.0,10.0,,,,,,15.0,0.0
reactive_power_discr,13.0,11.0,,,,,,1.0,0.0075778699824844125
reactive_power_discr,13.0,11.0,,,,,,2.0,0.013320281329628255
reactive_power_discr,13.0,11.0,,,,,,3.0,0.010843460604494693
reactive_power_discr,13.0,11.0,,,,,,4.0,0.0
reactive_power_discr,13.0,11.0,,,,,,5.0,0.0
reactive_power_discr,13.0,11.0,,,,,,6.0,0.0
reactive_power_discr,13.0,11.0,,,,,,7.0,0.0
reactive_power_discr,13.0,11.0,,,,,,8.0,0.0
reactive_power_discr,13.0,11.0,,,,,,9.0,0.0
reactive_power_discr,13.0,11.0,,,,,,10.0,0.0
reactive_power_discr,13.0,11.0,,,,,,11.0,0.0
reactive_power_discr,13.0,11.0,,,,,,12.0,0.0
reactive_power_discr,13.0,11.0,,,,,,13.0,0.0
reactive_power_discr,13.0,11.0,,,,,,14.0,0.0
reactive_power_discr,13.0,11.0,,,,,,15.0,0.0
reactive_power_discr,13.0,12.0,,,,,,1.0,0.0075778699824844125
reactive_power_discr,13.0,12.0,,,,,,2.0,0.013320281329628255
reactive_power_discr,13.0,12.0,,,,,,3.0,0.023414217334232015
reactive_power_discr,13.0,12.0,,,,,,4.0,0.001704153934686474
reactive_power_discr,13.0,12.0,,,,,,5.0,0.0
reactive_power_discr,13.0,12.0,,,,,,6.0,0.0
reactive_power_discr,13.0,12.0,,,,,,7.0,0.0
reactive_power_discr,13.0,12.0,,,,,,8.0,0.0
reactive_power_discr,13.0,12.0,,,,,,9.0,0.0
reactive_power_discr,13.0,12.0,,,,,,10.0,0.0
reactive_power_discr,13.0,12.0,,,,,,11.0,0.0
reactive_power_discr,13.0,12.0,,,,,,12.0,0.0
reactive_power_discr,13.0,12.0,,,,,,13.0,0.0
reactive_power_discr,13.0,12.0,,,,,,14.0,0.0
reactive_power_discr,13.0,12.0,,,,,,15.0,0.0
reactive_power_discr,13.0,13.0,,,,,,1.0,0.003811904963134563
reactive_power_discr,13.0,13.0,,,,,,2.0,0.005264966907931571
reactive_power_discr,13.0,13.0,,,,,,3.0,0.007271922256639911
reactive_power_discr,13.0,13.0,,,,,,4.0,0.005818850612965856
reactive_power_discr,13.0,13.0,,,,,,5.0,0.0
reactive_power_discr,13.0,13.0,,,,,,6.0,0.0
reactive_power_discr,13.0,13.0,,,,,,7.0,0.0
reactive_power_discr,13.0,13.0,,,,,,8.0,0.0
reactive_power_discr,13.0,13.0,,,,,,9.0,0.0
reactive_power_discr,13.0,13.0,,,,,,10.0,0.0
reactive_power_discr,13.0,13.0,,,,,,11.0,0.0
reactive_power_discr,13.0,13.0,,,,,,12.0,0.0
reactive_power_discr,13.0,13.0,,,,,,13.0,0.0
reactive_power_discr,13.0,13.0,,,,,,14.0,0.0
reactive_power_discr,13.0,13.0,,,,,,15.0,0.0
reactive_power_discr,13.0,14.0,,,,,,1.0,0.003811904963134563
reactive_power_discr,13.0,14.0,,,,,,2.0,0.0029263198967378855
reactive_power_discr,13.0,14.0,,,,,,3.0,0.0
reactive_power_discr,13.0,14.0,,,,,,4.0,0.0
reactive_power_discr,13.0,14.0,,,,,,5.0,0.0
reactive_power_discr,13.0,14.0,,,,,,6.0,0.0
reactive_power_discr,13.0,14.0,,,,,,7.0,0.0
reactive_power_discr,13.0,14.0,,,,,,8.0,0.0
reactive_power_discr,13.0,14.0,,,,,,9.0,0.0
reactive_power_discr,13.0,14.0,,,,,,10.0,0.0
reactive_power_discr,13.0,14.0,,,,,,11.0,0.0
reactive_power_discr,13.0,14.0,,,,,,12.0,0.0
reactive_power_discr,13.0,14.0,,,,,,13.0,0.0
reactive_power_discr,13.0,14.0,,,,,,14.0,0.0
reactive_power_discr,13.0,14.0,,,,,,15.0,0.0
reactive_power_discr,13.0,15.0,,,,,,1.0,0.003811904963134563
reactive_power_discr,13.0,15.0,,,,,,2.0,0.005264966907931571
reactive_power_discr,13.0,15.0,,,,,,3.0,0.007271922256639911
reactive_power_discr,13.0,15.0,,,,,,4.0,0.008985476949957948
reactive_power_discr,13.0,15.0,,,,,,5.0,0.0
reactive_power_discr,13.0,15.0,,,,,,6.0,0.0
reactive_power_discr,13.0,15.0,,,,,,7.0,0.0
reactive_power_discr,13.0,15.0,,,,,,8.0,0.0
reactive_power_discr,13.0,15.0,,,,,,9.0,0.0
reactive_power_discr,13.0,15.0,,,,,,10.0,0.0
reactive_power_discr,13.0,15.0,,,,,,11.0,0.0
reactive_power_discr,13.0,15.0,,,,,,12.0,0.0
reactive_power_discr,13.0,15.0,,,,,,13.0,0.0
reactive_power_discr,13.0,15.0,,,,,,14.0,0.0
reactive_power_discr,13.0,15.0,,,,,,15.0,0.0
reactive_power_discr,13.0,17.0,,,,,,1.0,0.0075778699824844125
reactive_power_discr,13.0,17.0,,,,,,2.0,0.013320281329628255
reactive_power_discr,13.0,17.0,,,,,,3.0,0.023414217334232015
reactive_power_discr,13.0,17.0,,,,,,4.0,0.041157206804276286
reactive_power_discr,13.0,17.0,,,,,,5.0,0.049781310590739966
reactive_power_discr,13.0,17.0,,,,,,6.0,0.0
reactive_power_discr,13.0,17.0,,,,,,7.0,0.0
reactive_power_discr,13.0,17.0,,,,,,8.0,0.0
reactive_power_discr,13.0,17.0,,,,,,9.0,0.0
reactive_power_discr,13.0,17.0,,,,,,10.0,0.0
reactive_power_discr,13.0,17.0,,,,,,11.0,0.0
reactive_power_discr,13.0,17.0,,,,,,12.0,0.0
reactive_power_discr,13.0,17.0,,,,,,13.0,0.0
reactive_power_discr,13.0,17.0,,,,,,14.0,0.0
reactive_power_discr,13.0,17.0,,,,,,15.0,0.0
reactive_power_discr,13.0,18.0,,,,,,1.0,0.0
reactive_power_discr,13.0,18.0,,,,,,2.0,0.0
reactive_power_discr,13.0,18.0,,,,,,3.0,0.0
reactive_power_discr,13.0,18.0,,,,,,4.0,0.0
reactive_power_discr,13.0,18.0,,,,,,5.0,0.0
reactive_power_discr,13.0,18.0,,,,,,6.0,0.0
reactive_power_discr,13.0,18.0,,,,,,7.0,0.0
reactive_power_discr,13.0,18.0,,,,,,8.0,0.0
reactive_power_discr,13.0,18.0,,,,,,9.0,0.0
reactive_power_discr,13.0,18.0,,,,,,10.0,0.0
reactive_power_discr,13.0,18.0,,,,,,11.0,0.0
reactive_power_discr,13.0,18.0,,,,,,12.0,0.0
reactive_power_discr,13.0,18.0,,,,,,13.0,0.0
reactive_power_discr,13.0,18.0,,,,,,14.0,0.0
reactive_power_discr,13.0,18.0,,,,,,15.0,0.0
reactive_power_discr,13.0,19.0,,,,,,1.0,0.0075778699824844125
reactive_power_discr,13.0,19.0,,,,,,2.0,0.013320281329628255
reactive_power_discr,13.0,19.0,,,,,,3.0,0.023414217334232015
reactive_power_discr,13.0,19.0,,,,,,4.0,0.030571088300952023
reactive_power_discr,13.0,19.0,,,,,,5.0,0.0
reactive_power_discr,13.0,19.0,,,,,,6.0,0.0
reactive_power_discr,13.0,19.0,,,,,,7.0,0.0
reactive_power_discr,13.0,19.0,,,,,,8.0,0.0
reactive_power_discr,13.0,19.0,,,,,,9.0,0.0
reactive_power_discr,13.0,19.0,,,,,,10.0,0.0
reactive_power_discr,13.0,19.0,,,,,,11.0,0.0
reactive_power_discr,13.0,19.0,,,,,,12.0,0.0
reactive_power_discr,13.0,19.0,,,,,,13.0,0.0
reactive_power_discr,13.0,19.0,,,,,,14.0,0.0
reactive_power_discr,13.0,19.0,,,,,,15.0,0.0
reactive_power_discr,14.0,0.0,,,,,,1.0,0.003811904963134563
reactive_power_discr,14.0,0.0,,,,,,2.0,0.0015466573807151676
reactive_power_discr,14.0,0.0,,,,,,3.0,0.0
reactive_power_discr,14.0,0.0,,,,,,4.0,0.0
reactive_power_discr,14.0,0.0,,,,,,5.0,0.0
reactive_power_discr,14.0,0.0,,,,,,6.0,0.0
reactive_power_discr,14.0,0.0,,,,,,7.0,0.0
reactive_power_discr,14.0,0.0,,,,,,8.0,0.0
reactive_power_discr,14.0,0.0,,,,,,9.0,0.0
reactive_power_discr,14.0,0.0,,,,,,10.0,0.0
reactive_power_discr,14.0,0.0,,,,,,11.0,0.0
reactive_power_discr,14.0,0.0,,,,,,12.0,0.0
reactive_power_discr,14.0,0.0,,,,,,13.0,0.0
reactive_power_discr,14.0,0.0,,,,,,14.0,0.0
reactive_power_discr,14.0,0.0,,,,,,15.0,0.0
reactive_power_discr,14.0,2.0,,,,,,1.0,0.003811904963134563
reactive_power_discr,14.0,2.0,,,,,,2.0,0.005264966907931571
reactive_power_discr,14.0,2.0,,,,,,3.0,0.006024917602373364
reactive_power_discr,14.0,2.0,,,,,,4.0,0.0
reactive_power_discr,14.0,2.0,,,,,,5.0,0.0
reactive_power_discr,14.0,2.0,,,,,,6.0,0.0
reactive_power_discr,14.0,2.0,,,,,,7.0,0.0
reactive_power_discr,14.0,2.0,,,,,,8.0,0.0
reactive_power_discr,14.0,2.0,,,,,,9.0,0.0
reactive_power_discr,14.0,2.0,,,,,,10.0,0.0
reactive_power_discr,14.0,2.0,,,,,,11.0,0.0
reactive_power_discr,14.0,2.0,,,,,,12.0,0.0
reactive_power_discr,14.0,2.0,,,,,,13.0,0.0
reactive_power_discr,14.0,2.0,,,,,,14.0,0.0
reactive_power_discr,14.0,2.0,,,,,,15.0,0.0
reactive_power_discr,14.0,6.0,,,,,,1.0,0.0037110734929930527
reactive_power_discr,14.0,6.0,,,,,,2.0,0.0
reactive_power_discr,14.0,6.0,,,,,,3.0,0.0
reactive_power_discr,14.0,6.0,,,,,,4.0,0.0
reactive_power_discr,14.0,6.0,,,,,,5.0,0.0
reactive_power_discr,14.0,6.0,,,,,,6.0,0.0
reactive_power_discr,14.0,6.0,,,,,,7.0,0.0
reactive_power_discr,14.0,6.0,,,,,,8.0,0.0
reactive_power_discr,14.0,6.0,,,,,,9.0,0.0
reactive_power_discr,14.0,6.0,,,,,,10.0,0.0
reactive_power_discr,14.0,6.0,,,,,,11.0,0.0
reactive_power_discr,14.0,6.0,,,,,,12.0,0.0
reactive_power_discr,14.0,6.0,,,,,,13.0,0.0
reactive_power_discr,14.0,6.0,,,,,,14.0,0.0
reactive_power_discr,14.0,6.0,,,,,,15.0,0.0
reactive_power_discr,14.0,10.0,,,,,,1.0,0.003811904963134563
reactive_power_discr,14.0,10.0,,,,,,2.0,0.005264966907931571
reactive_power_discr,14.0,10.0,,,,,,3.0,0.007271922256639911
reactive_power_discr,14.0,10.0,,,,,,4.0,0.002917615007682943
reactive_power_discr,14.0,10.0,,,,,,5.0,0.0
reactive_power_discr,14.0,10.0,,,,,,6.0,0.0
reactive_power_discr,14.0,10.0,,,,,,7.0,0.0
reactive_power_discr,14.0,10.0,,,,,,8.0,0.0
reactive_power_discr,14.0,10.0,,,,,,9.0,0.0
reactive_power_discr,14.0,10.0,,,,,,10.0,0.0
reactive_power_discr,14.0,10.0,,,,,,11.0,0.0
reactive_power_discr,14.0,10.0,,,,,,12.0,0.0
reactive_power_discr,14.0,10.0,,,,,,13.0,0.0
reactive_power_discr,14.0,10.0,,,,,,14.0,0.0
reactive_power_discr,14.0,10.0,,,,,,15.0,0.0
reactive_power_discr,14.0,11.0,,,,,,1.0,0.0075778699824844125
reactive_power_discr,14.0,11.0,,,,,,2.0,0.013320281329628255
reactive_power_discr,14.0,11.0,,,,,,3.0,0.01301969087436575
reactive_power_discr,14.0,11.0,,,,,,4.0,0.0
reactive_power_discr,14.0,11.0,,,,,,5.0,0.0
reactive_power_discr,14.0,11.0,,,,,,6.0,0.0
reactive_power_discr,14.0,11.0,,,,,,7.0,0.0
reactive_power_discr,14.0,11.0,,,,,,8.0,0.0
reactive_power_discr,14.0,11.0,,,,,,9.0,0.0
reactive_power_discr,14.0,11.0,,,,,,10.0,0.0
reactive_power_discr,14.0,11.0,,,,,,11.0,0.0
reactive_power_discr,14.0,11.0,,,,,,12.0,0.0
reactive_power_discr,14.0,11.0,,,,,,13.0,0.0
reactive_power_discr,14.0,11.0,,,,,,14.0,0.0
reactive_power_discr,14.0,11.0,,,,,,15.0,0.0
reactive_power_discr,14.0,12.0,,,,,,1.0,0.0075778699824844125
reactive_power_discr,14.0,12.0,,,,,,2.0,0.013320281329628255
reactive_power_discr,14.0,12.0,,,,,,3.0,0.023414217334232015
reactive_power_discr,14.0,12.0,,,,,,4.0,0.0033183943620305398
reactive_power_discr,14.0,12.0,,,,,,5.0,0.0
reactive_power_discr,14.0,12.0,,,,,,6.0,0.0
reactive_power_discr,14.0,12.0,,,,,,7.0,0.0
reactive_power_discr,14.0,12.0,,,,,,8.0,0.0
reactive_power_discr,14.0,12.0,,,,,,9.0,0.0
reactive_power_discr,14.0,12.0,,,,,,10.0,0.0
reactive_power_discr,14.0,12.0,,,,,,11.0,0.0
reactive_power_discr,14.0,12.0,,,,,,12.0,0.0
reactive_power_discr,14.0,12.0,,,,,,13.0,0.0
reactive_power_discr,14.0,12.0,,,,,,14.0,0.0
reactive_power_discr,14.0,12.0,,,,,,15.0,0.0
reactive_power_discr,14.0,13.0,,,,,,1.0,0.003811904963134563
reactive_power_discr,14.0,13.0,,,,,,2.0,0.005264966907931571
reactive_power_discr,14.0,13.0,,,,,,3.0,0.007271922256639911
reactive_power_discr,14.0,13.0,,,,,,4.0,0.006348547387235826
reactive_power_discr,14.0,13.0,,,,,,5.0,0.0
reactive_power_discr,14.0,13.0,,,,,,6.0,0.0
reactive_power_discr,14.0,13.0,,,,,,7.0,0.0
reactive_power_discr,14.0,13.0,,,,,,8.0,0.0
reactive_power_discr,14.0,13.0,,,,,,9.0,0.0
reactive_power_discr,14.0,13.0,,,,,,10.0,0.0
reactive_power_discr,14.0,13.0,,,,,,11.0,0.0
reactive_power_discr,14.0,13.0,,,,,,12.0,0.0
reactive_power_discr,14.0,13.0,,,,,,13.0,0.0
reactive_power_discr,14.0,13.0,,,,,,14.0,0.0
reactive_power_discr,14.0,13.0,,,,,,15.0,0.0
reactive_power_discr,14.0,14.0,,,,,,1.0,0.003811904963134563
reactive_power_discr,14.0,14.0,,,,,,2.0,0.002735313352325016
reactive_power_discr,14.0,14.0,,,,,,3.0,0.0
reactive_power_discr,14.0,14.0,,,,,,4.0,0.0
reactive_power_discr,14.0,14.0,,,,,,5.0,0.0
reactive_power_discr,14.0,14.0,,,,,,6.0,0.0
reactive_power_discr,14.0,14.0,,,,,,7.0,0.0
reactive_power_discr,14.0,14.0,,,,,,8.0,0.0
reactive_power_discr,14.0,14.0,,,,,,9.0,0.0
reactive_power_discr,14.0,14.0,,,,,,10.0,0.0
reactive_power_discr,14.0,14.0,,,,,,11.0,0.0
reactive_power_discr,14.0,14.0,,,,,,12.0,0.0
reactive_power_discr,14.0,14.0,,,,,,13.0,0.0
reactive_power_discr,14.0,14.0,,,,,,14.0,0.0
reactive_power_discr,14.0,14.0,,,,,,15.0,0.0
reactive_power_discr,14.0,15.0,,,,,,1.0,0.003811904963134563
reactive_power_discr,14.0,15.0,,,,,,2.0,0.005264966907931571
reactive_power_discr,14.0,15.0,,,,,,3.0,0.007271922256639911
reactive_power_discr,14.0,15.0,,,,,,4.0,0.009974174156272622
reactive_power_discr,14.0,15.0,,,,,,5.0,0.0
reactive_power_discr,14.0,15.0,,,,,,6.0,0.0
reactive_power_discr,14.0,15.0,,,,,,7.0,0.0
reactive_power_discr,14.0,15.0,,,,,,8.0,0.0
reactive_power_discr,14.0,15.0,,,,,,9.0,0.0
reactive_power_discr,14.0,15.0,,,,,,10.0,0.0
reactive_power_discr,14.0,15.0,,,,,,11.0,0.0
reactive_power_discr,14.0,15.0,,,,,,12.0,0.0
reactive_power_discr,14.0,15.0,,,,,,13.0,0.0
reactive_power_discr,14.0,15.0,,,,,,14.0,0.0
reactive_power_discr,14.0,15.0,,,,,,15.0,0.0
reactive_power_discr,14.0,17.0,,,,,,1.0,0.0075778699824844125
reactive_power_discr,14.0,17.0,,,,,,2.0,0.013320281329628255
reactive_power_discr,14.0,17.0,,,,,,3.0,0.023414217334232015
reactive_power_discr,14.0,17.0,,,,,,4.0,0.041157206804276286
reactive_power_discr,14.0,17.0,,,,,,5.0,0.05584177710306791
reactive_power_discr,14.0,17.0,,,,,,6.0,0.0
reactive_power_discr,14.0,17.0,,,,,,7.0,0.0
reactive_power_discr,14.0,17.0,,,,,,8.0,0.0
reactive_power_discr,14.0,17.0,,,,,,9.0,0.0
reactive_power_discr,14.0,17.0,,,,,,10.0,0.0
reactive_power_discr,14.0,17.0,,,,,,11.0,0.0
reactive_power_discr,14.0,17.0,,,,,,12.0,0.0
reactive_power_discr,14.0,17.0,,,,,,13.0,0.0
reactive_power_discr,14.0,17.0,,,,,,14.0,0.0
reactive_power_discr,14.0,17.0,,,,,,15.0,0.0
reactive_power_discr,14.0,18.0,,,,,,1.0,0.0
reactive_power_discr,14.0,18.0,,,,,,2.0,0.0
reactive_power_discr,14.0,18.0,,,,,,3.0,0.0
reactive_power_discr,14.0,18.0,,,,,,4.0,0.0
reactive_power_discr,14.0,18.0,,,,,,5.0,0.0
reactive_power_discr,14.0,18.0,,,,,,6.0,0.0
reactive_power_discr,14.0,18.0,,,,,,7.0,0.0
reactive_power_discr,14.0,18.0,,,,,,8.0,0.0
reactive_power_discr,14.0,18.0,,,,,,9.0,0.0
reactive_power_discr,14.0,18.0,,,,,,10.0,0.0
reactive_power_discr,14.0,18.0,,,,,,11.0,0.0
reactive_power_discr,14.0,18.0,,,,,,12.0,0.0
reactive_power_discr,14.0,18.0,,,,,,13.0,0.0
reactive_power_discr,14.0,18.0,,,,,,14.0,0.0
reactive_power_discr,14.0,18.0,,,,,,15.0,0.0
reactive_power_discr,14.0,19.0,,,,,,1.0,0.0075778699824844125
reactive_power_discr,14.0,19.0,,,,,,2.0,0.013320281329628255
reactive_power_discr,14.0,19.0,,,,,,3.0,0.023414217334232015
reactive_power_discr,14.0,19.0,,,,,,4.0,0.03403758025096208
reactive_power_discr,14.0,19.0,,,,,,5.0,0.0
reactive_power_discr,14.0,19.0,,,,,,6.0,0.0
reactive_power_discr,14.0,19.0,,,,,,7.0,0.0
reactive_power_discr,14.0,19.0,,,,,,8.0,0.0
reactive_power_discr,14.0,19.0,,,,,,9.0,0.0
reactive_power_discr,14.0,19.0,,,,,,10.0,0.0
reactive_power_discr,14.0,19.0,,,,,,11.0,0.0
reactive_power_discr,14.0,19.0,,,,,,12.0,0.0
reactive_power_discr,14.0,19.0,,,,,,13.0,0.0
reactive_power_discr,14.0,19.0,,,,,,14.0,0.0
reactive_power_discr,14.0,19.0,,,,,,15.0,0.0
reactive_power_discr,15.0,0.0,,,,,,1.0,0.003811904963134563
reactive_power_discr,15.0,0.0,,,,,,2.0,0.001750744385866627
reactive_power_discr,15.0,0.0,,,,,,3.0,0.0
reactive_power_discr,15.0,0.0,,,,,,4.0,0.0
reactive_power_discr,15.0,0.0,,,,,,5.0,0.0
reactive_power_discr,15.0,0.0,,,,,,6.0,0.0
reactive_power_discr,15.0,0.0,,,,,,7.0,0.0
reactive_power_discr,15.0,0.0,,,,,,8.0,0.0
reactive_power_discr,15.0,0.0,,,,,,9.0,0.0
reactive_power_discr,15.0,0.0,,,,,,10.0,0.0
reactive_power_discr,15.0,0.0,,,,,,11.0,0.0
reactive_power_discr,15.0,0.0,,,,,,12.0,0.0
reactive_power_discr,15.0,0.0,,,,,,13.0,0.0
reactive_power_discr,15.0,0.0,,,,,,14.0,0.0
reactive_power_discr,15.0,0.0,,,,,,15.0,0.0
reactive_power_discr,15.0,2.0,,,,,,1.0,0.003811904963134563
reactive_power_discr,15.0,2.0,,,,,,2.0,0.005264966907931571
reactive_power_discr,15.0,2.0,,,,,,3.0,0.0056103728568225476
reactive_power_discr,15.0,2.0,,,,,,4.0,0.0
reactive_power_discr,15.0,2.0,,,,,,5.0,0.0
reactive_power_discr,15.0,2.0,,,,,,6.0,0.0
reactive_power_discr,15.0,2.0,,,,,,7.0,0.0
reactive_power_discr,15.0,2.0,,,,,,8.0,0.0
reactive_power_discr,15.0,2.0,,,,,,9.0,0.0
reactive_power_discr,15.0,2.0,,,,,,10.0,0.0
reactive_power_discr,15.0,2.0,,,,,,11.0,0.0
reactive_power_discr,15.0,2.0,,,,,,12.0,0.0
reactive_power_discr,15.0,2.0,,,,,,13.0,0.0
reactive_power_discr,15.0,2.0,,,,,,14.0,0.0
reactive_power_discr,15.0,2.0,,,,,,15.0,0.0
reactive_power_discr,15.0,6.0,,,,,,1.0,0.003811904963134563
reactive_power_discr,15.0,6.0,,,,,,2.0,0.0003515361907173312
reactive_power_discr,15.0,6.0,,,,,,3.0,0.0
reactive_power_discr,15.0,6.0,,,,,,4.0,0.0
reactive_power_discr,15.0,6.0,,,,,,5.0,0.0
reactive_power_discr,15.0,6.0,,,,,,6.0,0.0
reactive_power_discr,15.0,6.0,,,,,,7.0,0.0
reactive_power_discr,15.0,6.0,,,,,,8.0,0.0
reactive_power_discr,15.0,6.0,,,,,,9.0,0.0
reactive_power_discr,15.0,6.0,,,,,,10.0,0.0
reactive_power_discr,15.0,6.0,,,,,,11.0,0.0
reactive_power_discr,15.0,6.0,,,,,,12.0,0.0
reactive_power_discr,15.0,6.0,,,,,,13.0,0.0
reactive_power_discr,15.0,6.0,,,,,,14.0,0.0
reactive_power_discr,15.0,6.0,,,,,,15.0,0.0
reactive_power_discr,15.0,10.0,,,,,,1.0,0.003811904963134563
reactive_power_discr,15.0,10.0,,,,,,2.0,0.005264966907931571
reactive_power_discr,15.0,10.0,,,,,,3.0,0.007271922256639911
reactive_power_discr,15.0,10.0,,,,,,4.0,0.0026689624323961054
reactive_power_discr,15.0,10.0,,,,,,5.0,0.0
reactive_power_discr,15.0,10.0,,,,,,6.0,0.0
reactive_power_discr,15.0,10.0,,,,,,7.0,0.0
reactive_power_discr,15.0,10.0,,,,,,8.0,0.0
reactive_power_discr,15.0,10.0,,,,,,9.0,0.0
reactive_power_discr,15.0,10.0,,,,,,10.0,0.0
reactive_power_discr,15.0,10.0,,,,,,11.0,0.0
reactive_power_discr,15.0,10.0,,,,,,12.0,0.0
reactive_power_discr,15.0,10.0,,,,,,13.0,0.0
reactive_power_discr,15.0,10.0,,,,,,14.0,0.0
reactive_power_discr,15.0,10.0,,,,,,15.0,0.0
reactive_power_discr,15.0,11.0,,,,,,1.0,0.0075778699824844125
reactive_power_discr,15.0,11.0,,,,,,2.0,0.013320281329628255
reactive_power_discr,15.0,11.0,,,,,,3.0,0.012088048319586046
reactive_power_discr,15.0,11.0,,,,,,4.0,0.0
reactive_power_discr,15.0,11.0,,,,,,5.0,0.0
reactive_power_discr,15.0,11.0,,,,,,6.0,0.0
reactive_power_discr,15.0,11.0,,,,,,7.0,0.0
reactive_power_discr,15.0,11.0,,,,,,8.0,0.0
reactive_power_discr,15.0,11.0,,,,,,9.0,0.0
reactive_power_discr,15.0,11.0,,,,,,10.0,0.0
reactive_power_discr,15.0,11.0,,,,,,11.0,0.0
reactive_power_discr,15.0,11.0,,,,,,12.0,0.0
reactive_power_discr,15.0,11.0,,,,,,13.0,0.0
reactive_power_discr,15.0,11.0,,,,,,14.0,0.0
reactive_power_discr,15.0,11.0,,,,,,15.0,0.0
reactive_power_discr,15.0,12.0,,,,,,1.0,0.0075778699824844125
reactive_power_discr,15.0,12.0,,,,,,2.0,0.013320281329628255
reactive_power_discr,15.0,12.0,,,,,,3.0,0.023414217334232015
reactive_power_discr,15.0,12.0,,,,,,4.0,0.0028287188529724575
reactive_power_discr,15.0,12.0,,,,,,5.0,0.0
reactive_power_discr,15.0,12.0,,,,,,6.0,0.0
reactive_power_discr,15.0,12.0,,,,,,7.0,0.0
reactive_power_discr,15.0,12.0,,,,,,8.0,0.0
reactive_power_discr,15.0,12.0,,,,,,9.0,0.0
reactive_power_discr,15.0,12.0,,,,,,10.0,0.0
reactive_power_discr,15.0,12.0,,,,,,11.0,0.0
reactive_power_discr,15.0,12.0,,,,,,12.0,0.0
reactive_power_discr,15.0,12.0,,,,,,13.0,0.0
reactive_power_discr,15.0,12.0,,,,,,14.0,0.0
reactive_power_discr,15.0,12.0,,,,,,15.0,0.0
reactive_power_discr,15.0,13.0,,,,,,1.0,0.003811904963134563
reactive_power_discr,15.0,13.0,,,,,,2.0,0.005264966907931571
reactive_power_discr,15.0,13.0,,,,,,3.0,0.007271922256639911
reactive_power_discr,15.0,13.0,,,,,,4.0,0.005950935995219963
reactive_power_discr,15.0,13.0,,,,,,5.0,0.0
reactive_power_discr,15.0,13.0,,,,,,6.0,0.0
reactive_power_discr,15.0,13.0,,,,,,7.0,0.0
reactive_power_discr,15.0,13.0,,,,,,8.0,0.0
reactive_power_discr,15.0,13.0,,,,,,9.0,0.0
reactive_power_discr,15.0,13.0,,,,,,10.0,0.0
reactive_power_discr,15.0,13.0,,,,,,11.0,0.0
reactive_power_discr,15.0,13.0,,,,,,12.0,0.0
reactive_power_discr,15.0,13.0,,,,,,13.0,0.0
reactive_power_discr,15.0,13.0,,,,,,14.0,0.0
reactive_power_discr,15.0,13.0,,,,,,15.0,0.0
reactive_power_discr,15.0,14.0,,,,,,1.0,0.003811904963134563
reactive_power_discr,15.0,14.0,,,,,,2.0,0.0028360267350805816
reactive_power_discr,15.0,14.0,,,,,,3.0,0.0
reactive_power_discr,15.0,14.0,,,,,,4.0,0.0
reactive_power_discr,15.0,14.0,,,,,,5.0,0.0
reactive_power_discr,15.0,14.0,,,,,,6.0,0.0
reactive_power_discr,15.0,14.0,,,,,,7.0,0.0
reactive_power_discr,15.0,14.0,,,,,,8.0,0.0
reactive_power_discr,15.0,14.0,,,,,,9.0,0.0
reactive_power_discr,15.0,14.0,,,,,,10.0,0.0
reactive_power_discr,15.0,14.0,,,,,,11.0,0.0
reactive_power_discr,15.0,14.0,,,,,,12.0,0.0
reactive_power_discr,15.0,14.0,,,,,,13.0,0.0
reactive_power_discr,15.0,14.0,,,,,,14.0,0.0
reactive_power_discr,15.0,14.0,,,,,,15.0,0.0
reactive_power_discr,15.0,15.0,,,,,,1.0,0.003811904963134563
reactive_power_discr,15.0,15.0,,,,,,2.0,0.005264966907931571
reactive_power_discr,15.0,15.0,,,,,,3.0,0.007271922256639911
reactive_power_discr,15.0,15.0,,,,,,4.0,0.00980544678061165
reactive_power_discr,15.0,15.0,,,,,,5.0,0.0
reactive_power_discr,15.0,15.0,,,,,,6.0,0.0
reactive_power_discr,15.0,15.0,,,,,,7.0,0.0
reactive_power_discr,15.0,15.0,,,,,,8.0,0.0
reactive_power_discr,15.0,15.0,,,,,,9.0,0.0
reactive_power_discr,15.0,15.0,,,,,,10.0,0.0
reactive_power_discr,15.0,15.0,,,,,,11.0,0.0
reactive_power_discr,15.0,15.0,,,,,,12.0,0.0
reactive_power_discr,15.0,15.0,,,,,,13.0,0.0
reactive_power_discr,15.0,15.0,,,,,,14.0,0.0
reactive_power_discr,15.0,15.0,,,,,,15.0,0.0
reactive_power_discr,15.0,17.0,,,,,,1.0,0.0075778699824844125
reactive_power_discr,15.0,17.0,,,,,,2.0,0.013320281329628255
reactive_power_discr,15.0,17.0,,,,,,3.0,0.023414217334232015
reactive_power_discr,15.0,17.0,,,,,,4.0,0.041157206804276286
reactive_power_discr,15.0,17.0,,,,,,5.0,0.05364462647581687
reactive_power_discr,15.0,17.0,,,,,,6.0,0.0
reactive_power_discr,15.0,17.0,,,,,,7.0,0.0
reactive_power_discr,15.0,17.0,,,,,,8.0,0.0
reactive_power_discr,15.0,17.0,,,,,,9.0,0.0
reactive_power_discr,15.0,17.0,,,,,,10.0,0.0
reactive_power_discr,15.0,17.0,,,,,,11.0,0.0
reactive_power_discr,15.0,17.0,,,,,,12.0,0.0
reactive_power_discr,15.0,17.0,,,,,,13.0,0.0
reactive_power_discr,15.0,17.0,,,,,,14.0,0.0
reactive_power_discr,15.0,17.0,,,,,,15.0,0.0
reactive_power_discr,15.0,18.0,,,,,,1.0,0.0
reactive_power_discr,15.0,18.0,,,,,,2.0,0.0
reactive_power_discr,15.0,18.0,,,,,,3.0,0.0
reactive_power_discr,15.0,18.0,,,,,,4.0,0.0
reactive_power_discr,15.0,18.0,,,,,,5.0,0.0
reactive_power_discr,15.0,18.0,,,,,,6.0,0.0
reactive_power_discr,15.0,18.0,,,,,,7.0,0.0
reactive_power_discr,15.0,18.0,,,,,,8.0,0.0
reactive_power_discr,15.0,18.0,,,,,,9.0,0.0
reactive_power_discr,15.0,18.0,,,,,,10.0,0.0
reactive_power_discr,15.0,18.0,,,,,,11.0,0.0
reactive_power_discr,15.0,18.0,,,,,,12.0,0.0
reactive_power_discr,15.0,18.0,,,,,,13.0,0.0
reactive_power_discr,15.0,18.0,,,,,,14.0,0.0
reactive_power_discr,15.0,18.0,,,,,,15.0,0.0
reactive_power_discr,15.0,19.0,,,,,,1.0,0.0075778699824844125
reactive_power_discr,15.0,19.0,,,,,,2.0,0.013320281329628255
reactive_power_discr,15.0,19.0,,,,,,3.0,0.023414217334232015
reactive_power_discr,15.0,19.0,,,,,,4.0,0.03274686489516551
reactive_power_discr,15.0,19.0,,,,,,5.0,0.0
reactive_power_discr,15.0,19.0,,,,,,6.0,0.0
reactive_power_discr,15.0,19.0,,,,,,7.0,0.0
reactive_power_discr,15.0,19.0,,,,,,8.0,0.0
reactive_power_discr,15.0,19.0,,,,,,9.0,0.0
reactive_power_discr,15.0,19.0,,,,,,10.0,0.0
reactive_power_discr,15.0,19.0,,,,,,11.0,0.0
reactive_power_discr,15.0,19.0,,,,,,12.0,0.0
reactive_power_discr,15.0,19.0,,,,,,13.0,0.0
reactive_power_discr,15.0,19.0,,,,,,14.0,0.0
reactive_power_discr,15.0,19.0,,,,,,15.0,0.0
reactive_power_discr,16.0,0.0,,,,,,1.0,0.003811904963134563
reactive_power_discr,16.0,0.0,,,,,,2.0,0.0019312331550317358
reactive_power_discr,16.0,0.0,,,,,,3.0,0.0
reactive_power_discr,16.0,0.0,,,,,,4.0,0.0
reactive_power_discr,16.0,0.0,,,,,,5.0,0.0
reactive_power_discr,16.0,0.0,,,,,,6.0,0.0
reactive_power_discr,16.0,0.0,,,,,,7.0,0.0
reactive_power_discr,16.0,0.0,,,,,,8.0,0.0
reactive_power_discr,16.0,0.0,,,,,,9.0,0.0
reactive_power_discr,16.0,0.0,,,,,,10.0,0.0
reactive_power_discr,16.0,0.0,,,,,,11.0,0.0
reactive_power_discr,16.0,0.0,,,,,,12.0,0.0
reactive_power_discr,16.0,0.0,,,,,,13.0,0.0
reactive_power_discr,16.0,0.0,,,,,,14.0,0.0
reactive_power_discr,16.0,0.0,,,,,,15.0,0.0
reactive_power_discr,16.0,2.0,,,,,,1.0,0.003811904963134563
reactive_power_discr,16.0,2.0,,,,,,2.0,0.005264966907931571
reactive_power_discr,16.0,2.0,,,,,,3.0,0.004497555997052729
reactive_power_discr,16.0,2.0,,,,,,4.0,0.0
reactive_power_discr,16.0,2.0,,,,,,5.0,0.0
reactive_power_discr,16.0,2.0,,,,,,6.0,0.0
reactive_power_discr,16.0,2.0,,,,,,7.0,0.0
reactive_power_discr,16.0,2.0,,,,,,8.0,0.0
reactive_power_discr,16.0,2.0,,,,,,9.0,0.0
reactive_power_discr,16.0,2.0,,,,,,10.0,0.0
reactive_power_discr,16.0,2.0,,,,,,11.0,0.0
reactive_power_discr,16.0,2.0,,,,,,12.0,0.0
reactive_power_discr,16.0,2.0,,,,,,13.0,0.0
reactive_power_discr,16.0,2.0,,,,,,14.0,0.0
reactive_power_discr,16.0,2.0,,,,,,15.0,0.0
reactive_power_discr,16.0,6.0,,,,,,1.0,0.003811904963134563
reactive_power_discr,16.0,6.0,,,,,,2.0,0.0003753286874231482
reactive_power_discr,16.0,6.0,,,,,,3.0,0.0
reactive_power_discr,16.0,6.0,,,,,,4.0,0.0
reactive_power_discr,16.0,6.0,,,,,,5.0,0.0
reactive_power_discr,16.0,6.0,,,,,,6.0,0.0
reactive_power_discr,16.0,6.0,,,,,,7.0,0.0
reactive_power_discr,16.0,6.0,,,,,,8.0,0.0
reactive_power_discr,16.0,6.0,,,,,,9.0,0.0
reactive_power_discr,16.0,6.0,,,,,,10.0,0.0
reactive_power_discr,16.0,6.0,,,,,,11.0,0.0
reactive_power_discr,16.0,6.0,,,,,,12.0,0.0
reactive_power_discr,16.0,6.0,,,,,,13.0,0.0
reactive_power_discr,16.0,6.0,,,,,,14.0,0.0
reactive_power_discr,16.0,6.0,,,,,,15.0,0.0
reactive_power_discr,16.0,10.0,,,,,,1.0,0.003811904963134563
reactive_power_discr,16.0,10.0,,,,,,2.0,0.005264966907931571
reactive_power_discr,16.0,10.0,,,,,,3.0,0.007271922256639911
reactive_power_discr,16.0,10.0,,,,,,4.0,0.0019234581494518947
reactive_power_discr,16.0,10.0,,,,,,5.0,0.0
reactive_power_discr,16.0,10.0,,,,,,6.0,0.0
reactive_power_discr,16.0,10.0,,,,,,7.0,0.0
reactive_power_discr,16.0,10.0,,,,,,8.0,0.0
reactive_power_discr,16.0,10.0,,,,,,9.0,0.0
reactive_power_discr,16.0,10.0,,,,,,10.0,0.0
reactive_power_discr,16.0,10.0,,,,,,11.0,0.0
reactive_power_discr,16.0,10.0,,,,,,12.0,0.0
reactive_power_discr,16.0,10.0,,,,,,13.0,0.0
reactive_power_discr,16.0,10.0,,,,,,14.0,0.0
reactive_power_discr,16.0,10.0,,,,,,15.0,0.0
reactive_power_discr,16.0,11.0,,,,,,1.0,0.0075778699824844125
reactive_power_discr,16.0,11.0,,,,,,2.0,0.013320281329628255
reactive_power_discr,16.0,11.0,,,,,,3.0,0.009584359978770659
reactive_power_discr,16.0,11.0,,,,,,4.0,0.0
reactive_power_discr,16.0,11.0,,,,,,5.0,0.0
reactive_power_discr,16.0,11.0,,,,,,6.0,0.0
reactive_power_discr,16.0,11.0,,,,,,7.0,0.0
reactive_power_discr,16.0,11.0,,,,,,8.0,0.0
reactive_power_discr,16.0,11.0,,,,,,9.0,0.0
reactive_power_discr,16.0,11.0,,,,,,10.0,0.0
reactive_power_discr,16.0,11.0,,,,,,11.0,0.0
reactive_power_discr,16.0,11.0,,,,,,12.0,0.0
reactive_power_discr,16.0,11.0,,,,,,13.0,0.0
reactive_power_discr,16.0,11.0,,,,,,14.0,0.0
reactive_power_discr,16.0,11.0,,,,,,15.0,0.0
reactive_power_discr,16.0,12.0,,,,,,1.0,0.0075778699824844125
reactive_power_discr,16.0,12.0,,,,,,2.0,0.013320281329628255
reactive_power_discr,16.0,12.0,,,,,,3.0,0.023414217334232015
reactive_power_discr,16.0,12.0,,,,,,4.0,0.0007096745643532312
reactive_power_discr,16.0,12.0,,,,,,5.0,0.0
reactive_power_discr,16.0,12.0,,,,,,6.0,0.0
reactive_power_discr,16.0,12.0,,,,,,7.0,0.0
reactive_power_discr,16.0,12.0,,,,,,8.0,0.0
reactive_power_discr,16.0,12.0,,,,,,9.0,0.0
reactive_power_discr,16.0,12.0,,,,,,10.0,0.0
reactive_power_discr,16.0,12.0,,,,,,11.0,0.0
reactive_power_discr,16.0,12.0,,,,,,12.0,0.0
reactive_power_discr,16.0,12.0,,,,,,13.0,0.0
reactive_power_discr,16.0,12.0,,,,,,14.0,0.0
reactive_power_discr,16.0,12.0,,,,,,15.0,0.0
reactive_power_discr,16.0,13.0,,,,,,1.0,0.003811904963134563
reactive_power_discr,16.0,13.0,,,,,,2.0,0.005264966907931571
reactive_power_discr,16.0,13.0,,,,,,3.0,0.007271922256639911
reactive_power_discr,16.0,13.0,,,,,,4.0,0.005257176897272911
reactive_power_discr,16.0,13.0,,,,,,5.0,0.0
reactive_power_discr,16.0,13.0,,,,,,6.0,0.0
reactive_power_discr,16.0,13.0,,,,,,7.0,0.0
reactive_power_discr,16.0,13.0,,,,,,8.0,0.0
reactive_power_discr,16.0,13.0,,,,,,9.0,0.0
reactive_power_discr,16.0,13.0,,,,,,10.0,0.0
reactive_power_discr,16.0,13.0,,,,,,11.0,0.0
reactive_power_discr,16.0,13.0,,,,,,12.0,0.0
reactive_power_discr,16.0,13.0,,,,,,13.0,0.0
reactive_power_discr,16.0,13.0,,,,,,14.0,0.0
reactive_power_discr,16.0,13.0,,,,,,15.0,0.0
reactive_power_discr,16.0,14.0,,,,,,1.0,0.003811904963134563
reactive_power_discr,16.0,14.0,,,,,,2.0,0.003029405579942128
reactive_power_discr,16.0,14.0,,,,,,3.0,0.0
reactive_power_discr,16.0,14.0,,,,,,4.0,0.0
reactive_power_discr,16.0,14.0,,,,,,5.0,0.0
reactive_power_discr,16.0,14.0,,,,,,6.0,0.0
reactive_power_discr,16.0,14.0,,,,,,7.0,0.0
reactive_power_discr,16.0,14.0,,,,,,8.0,0.0
reactive_power_discr,16.0,14.0,,,,,,9.0,0.0
reactive_power_discr,16.0,14.0,,,,,,10.0,0.0
reactive_power_discr,16.0,14.0,,,,,,11.0,0.0
reactive_power_discr,16.0,14.0,,,,,,12.0,0.0
reactive_power_discr,16.0,14.0,,,,,,13.0,0.0
reactive_power_discr,16.0,14.0,,,,,,14.0,0.0
reactive_power_discr,16.0,14.0,,,,,,15.0,0.0
reactive_power_discr,16.0,15.0,,,,,,1.0,0.003811904963134563
reactive_power_discr,16.0,15.0,,,,,,2.0,0.005264966907931571
reactive_power_discr,16.0,15.0,,,,,,3.0,0.007271922256639911
reactive_power_discr,16.0,15.0,,,,,,4.0,0.008160113716773887
reactive_power_discr,16.0,15.0,,,,,,5.0,0.0
reactive_power_discr,16.0,15.0,,,,,,6.0,0.0
reactive_power_discr,16.0,15.0,,,,,,7.0,0.0
reactive_power_discr,16.0,15.0,,,,,,8.0,0.0
reactive_power_discr,16.0,15.0,,,,,,9.0,0.0
reactive_power_discr,16.0,15.0,,,,,,10.0,0.0
reactive_power_discr,16.0,15.0,,,,,,11.0,0.0
reactive_power_discr,16.0,15.0,,,,,,12.0,0.0
reactive_power_discr,16.0,15.0,,,,,,13.0,0.0
reactive_power_discr,16.0,15.0,,,,,,14.0,0.0
reactive_power_discr,16.0,15.0,,,,,,15.0,0.0
reactive_power_discr,16.0,17.0,,,,,,1.0,0.0075778699824844125
reactive_power_discr,16.0,17.0,,,,,,2.0,0.013320281329628255
reactive_power_discr,16.0,17.0,,,,,,3.0,0.023414217334232015
reactive_power_discr,16.0,17.0,,,,,,4.0,0.041157206804276286
reactive_power_discr,16.0,17.0,,,,,,5.0,0.04604218030371292
reactive_power_discr,16.0,17.0,,,,,,6.0,0.0
reactive_power_discr,16.0,17.0,,,,,,7.0,0.0
reactive_power_discr,16.0,17.0,,,,,,8.0,0.0
reactive_power_discr,16.0,17.0,,,,,,9.0,0.0
reactive_power_discr,16.0,17.0,,,,,,10.0,0.0
reactive_power_discr,16.0,17.0,,,,,,11.0,0.0
reactive_power_discr,16.0,17.0,,,,,,12.0,0.0
reactive_power_discr,16.0,17.0,,,,,,13.0,0.0
reactive_power_discr,16.0,17.0,,,,,,14.0,0.0
reactive_power_discr,16.0,17.0,,,,,,15.0,0.0
reactive_power_discr,16.0,18.0,,,,,,1.0,0.0
reactive_power_discr,16.0,18.0,,,,,,2.0,0.0
reactive_power_discr,16.0,18.0,,,,,,3.0,0.0
reactive_power_discr,16.0,18.0,,,,,,4.0,0.0
reactive_power_discr,16.0,18.0,,,,,,5.0,0.0
reactive_power_discr,16.0,18.0,,,,,,6.0,0.0
reactive_power_discr,16.0,18.0,,,,,,7.0,0.0
reactive_power_discr,16.0,18.0,,,,,,8.0,0.0
reactive_power_discr,16.0,18.0,,,,,,9.0,0.0
reactive_power_discr,16.0,18.0,,,,,,10.0,0.0
reactive_power_discr,16.0,18.0,,,,,,11.0,0.0
reactive_power_discr,16.0,18.0,,,,,,12.0,0.0
reactive_power_discr,16.0,18.0,,,,,,13.0,0.0
reactive_power_discr,16.0,18.0,,,,,,14.0,0.0
reactive_power_discr,16.0,18.0,,,,,,15.0,0.0
reactive_power_discr,16.0,19.0,,,,,,1.0,0.0075778699824844125
reactive_power_discr,16.0,19.0,,,,,,2.0,0.013320281329628255
reactive_power_discr,16.0,19.0,,,,,,3.0,0.023414217334232015
reactive_power_discr,16.0,19.0,,,,,,4.0,0.02837191235658415
reactive_power_discr,16.0,19.0,,,,,,5.0,0.0
reactive_power_discr,16.0,19.0,,,,,,6.0,0.0
reactive_power_discr,16.0,19.0,,,,,,7.0,0.0
reactive_power_discr,16.0,19.0,,,,,,8.0,0.0
reactive_power_discr,16.0,19.0,,,,,,9.0,0.0
reactive_power_discr,16.0,19.0,,,,,,10.0,0.0
reactive_power_discr,16.0,19.0,,,,,,11.0,0.0
reactive_power_discr,16.0,19.0,,,,,,12.0,0.0
reactive_power_discr,16.0,19.0,,,,,,13.0,0.0
reactive_power_discr,16.0,19.0,,,,,,14.0,0.0
reactive_power_discr,16.0,19.0,,,,,,15.0,0.0
reactive_power_discr,17.0,0.0,,,,,,1.0,0.003811904963134563
reactive_power_discr,17.0,0.0,,,,,,2.0,0.0019402508220264288
reactive_power_discr,17.0,0.0,,,,,,3.0,0.0
reactive_power_discr,17.0,0.0,,,,,,4.0,0.0
reactive_power_discr,17.0,0.0,,,,,,5.0,0.0
reactive_power_discr,17.0,0.0,,,,,,6.0,0.0
reactive_power_discr,17.0,0.0,,,,,,7.0,0.0
reactive_power_discr,17.0,0.0,,,,,,8.0,0.0
reactive_power_discr,17.0,0.0,,,,,,9.0,0.0
reactive_power_discr,17.0,0.0,,,,,,10.0,0.0
reactive_power_discr,17.0,0.0,,,,,,11.0,0.0
reactive_power_discr,17.0,0.0,,,,,,12.0,0.0
reactive_power_discr,17.0,0.0,,,,,,13.0,0.0
reactive_power_discr,17.0,0.0,,,,,,14.0,0.0
reactive_power_discr,17.0,0.0,,,,,,15.0,0.0
reactive_power_discr,17.0,2.0,,,,,,1.0,0.003811904963134563
reactive_power_discr,17.0,2.0,,,,,,2.0,0.005264966907931571
reactive_power_discr,17.0,2.0,,,,,,3.0,0.0005682876267336743
reactive_power_discr,17.0,2.0,,,,,,4.0,0.0
reactive_power_discr,17.0,2.0,,,,,,5.0,0.0
reactive_power_discr,17.0,2.0,,,,,,6.0,0.0
reactive_power_discr,17.0,2.0,,,,,,7.0,0.0
reactive_power_discr,17.0,2.0,,,,,,8.0,0.0
reactive_power_discr,17.0,2.0,,,,,,9.0,0.0
reactive_power_discr,17.0,2.0,,,,,,10.0,0.0
reactive_power_discr,17.0,2.0,,,,,,11.0,0.0
reactive_power_discr,17.0,2.0,,,,,,12.0,0.0
reactive_power_discr,17.0,2.0,,,,,,13.0,0.0
reactive_power_discr,17.0,2.0,,,,,,14.0,0.0
reactive_power_discr,17.0,2.0,,,,,,15.0,0.0
reactive_power_discr,17.0,6.0,,,,,,1.0,0.003523614677215742
reactive_power_discr,17.0,6.0,,,,,,2.0,0.0
reactive_power_discr,17.0,6.0,,,,,,3.0,0.0
reactive_power_discr,17.0,6.0,,,,,,4.0,0.0
reactive_power_discr,17.0,6.0,,,,,,5.0,0.0
reactive_power_discr,17.0,6.0,,,,,,6.0,0.0
reactive_power_discr,17.0,6.0,,,,,,7.0,0.0
reactive_power_discr,17.0,6.0,,,,,,8.0,0.0
reactive_power_discr,17.0,6.0,,,,,,9.0,0.0
reactive_power_discr,17.0,6.0,,,,,,10.0,0.0
reactive_power_discr,17.0,6.0,,,,,,11.0,0.0
reactive_power_discr,17.0,6.0,,,,,,12.0,0.0
reactive_power_discr,17.0,6.0,,,,,,13.0,0.0
reactive_power_discr,17.0,6.0,,,,,,14.0,0.0
reactive_power_discr,17.0,6.0,,,,,,15.0,0.0
reactive_power_discr,17.0,10.0,,,,,,1.0,0.003811904963134563
reactive_power_discr,17.0,10.0,,,,,,2.0,0.005264966907931571
reactive_power_discr,17.0,10.0,,,,,,3.0,0.006019422259551434
reactive_power_discr,17.0,10.0,,,,,,4.0,0.0
reactive_power_discr,17.0,10.0,,,,,,5.0,0.0
reactive_power_discr,17.0,10.0,,,,,,6.0,0.0
reactive_power_discr,17.0,10.0,,,,,,7.0,0.0
reactive_power_discr,17.0,10.0,,,,,,8.0,0.0
reactive_power_discr,17.0,10.0,,,,,,9.0,0.0
reactive_power_discr,17.0,10.0,,,,,,10.0,0.0
reactive_power_discr,17.0,10.0,,,,,,11.0,0.0
reactive_power_discr,17.0,10.0,,,,,,12.0,0.0
reactive_power_discr,17.0,10.0,,,,,,13.0,0.0
reactive_power_discr,17.0,10.0,,,,,,14.0,0.0
reactive_power_discr,17.0,10.0,,,,,,15.0,0.0
reactive_power_discr,17.0,11.0,,,,,,1.0,0.0075778699824844125
reactive_power_discr,17.0,11.0,,,,,,2.0,0.013320281329628255
reactive_power_discr,17.0,11.0,,,,,,3.0,0.0007448270467341218
reactive_power_discr,17.0,11.0,,,,,,4.0,0.0
reactive_power_discr,17.0,11.0,,,,,,5.0,0.0
reactive_power_discr,17.0,11.0,,,,,,6.0,0.0
reactive_power_discr,17.0,11.0,,,,,,7.0,0.0
reactive_power_discr,17.0,11.0,,,,,,8.0,0.0
reactive_power_discr,17.0,11.0,,,,,,9.0,0.0
reactive_power_discr,17.0,11.0,,,,,,10.0,0.0
reactive_power_discr,17.0,11.0,,,,,,11.0,0.0
reactive_power_discr,17.0,11.0,,,,,,12.0,0.0
reactive_power_discr,17.0,11.0,,,,,,13.0,0.0
reactive_power_discr,17.0,11.0,,,,,,14.0,0.0
reactive_power_discr,17.0,11.0,,,,,,15.0,0.0
reactive_power_discr,17.0,12.0,,,,,,1.0,0.0075778699824844125
reactive_power_discr,17.0,12.0,,,,,,2.0,0.013320281329628255
reactive_power_discr,17.0,12.0,,,,,,3.0,0.014859666980403724
reactive_power_discr,17.0,12.0,,,,,,4.0,0.0
reactive_power_discr,17.0,12.0,,,,,,5.0,0.0
reactive_power_discr,17.0,12.0,,,,,,6.0,0.0
reactive_power_discr,17.0,12.0,,,,,,7.0,0.0
reactive_power_discr,17.0,12.0,,,,,,8.0,0.0
reactive_power_discr,17.0,12.0,,,,,,9.0,0.0
reactive_power_discr,17.0,12.0,,,,,,10.0,0.0
reactive_power_discr,17.0,12.0,,,,,,11.0,0.0
reactive_power_discr,17.0,12.0,,,,,,12.0,0.0
reactive_power_discr,17.0,12.0,,,,,,13.0,0.0
reactive_power_discr,17.0,12.0,,,,,,14.0,0.0
reactive_power_discr,17.0,12.0,,,,,,15.0,0.0
reactive_power_discr,17.0,13.0,,,,,,1.0,0.003811904963134563
reactive_power_discr,17.0,13.0,,,,,,2.0,0.005264966907931571
reactive_power_discr,17.0,13.0,,,,,,3.0,0.007271922256639911
reactive_power_discr,17.0,13.0,,,,,,4.0,0.002729091645180204
reactive_power_discr,17.0,13.0,,,,,,5.0,0.0
reactive_power_discr,17.0,13.0,,,,,,6.0,0.0
reactive_power_discr,17.0,13.0,,,,,,7.0,0.0
reactive_power_discr,17.0,13.0,,,,,,8.0,0.0
reactive_power_discr,17.0,13.0,,,,,,9.0,0.0
reactive_power_discr,17.0,13.0,,,,,,10.0,0.0
reactive_power_discr,17.0,13.0,,,,,,11.0,0.0
reactive_power_discr,17.0,13.0,,,,,,12.0,0.0
reactive_power_discr,17.0,13.0,,,,,,13.0,0.0
reactive_power_discr,17.0,13.0,,,,,,14.0,0.0
reactive_power_discr,17.0,13.0,,,,,,15.0,0.0
reactive_power_discr,17.0,14.0,,,,,,1.0,0.003811904963134563
reactive_power_discr,17.0,14.0,,,,,,2.0,0.0031682722829154564
reactive_power_discr,17.0,14.0,,,,,,3.0,0.0
reactive_power_discr,17.0,14.0,,,,,,4.0,0.0
reactive_power_discr,17.0,14.0,,,,,,5.0,0.0
reactive_power_discr,17.0,14.0,,,,,,6.0,0.0
reactive_power_discr,17.0,14.0,,,,,,7.0,0.0
reactive_power_discr,17.0,14.0,,,,,,8.0,0.0
reactive_power_discr,17.0,14.0,,,,,,9.0,0.0
reactive_power_discr,17.0,14.0,,,,,,10.0,0.0
reactive_power_discr,17.0,14.0,,,,,,11.0,0.0
reactive_power_discr,17.0,14.0,,,,,,12.0,0.0
reactive_power_discr,17.0,14.0,,,,,,13.0,0.0
reactive_power_discr,17.0,14.0,,,,,,14.0,0.0
reactive_power_discr,17.0,14.0,,,,,,15.0,0.0
reactive_power_discr,17.0,15.0,,,,,,1.0,0.003811904963134563
reactive_power_discr,17.0,15.0,,,,,,2.0,0.005264966907931571
reactive_power_discr,17.0,15.0,,,,,,3.0,0.007271922256639911
reactive_power_discr,17.0,15.0,,,,,,4.0,0.0016034727887408854
reactive_power_discr,17.0,15.0,,,,,,5.0,0.0
reactive_power_discr,17.0,15.0,,,,,,6.0,0.0
reactive_power_discr,17.0,15.0,,,,,,7.0,0.0
reactive_power_discr,17.0,15.0,,,,,,8.0,0.0
reactive_power_discr,17.0,15.0,,,,,,9.0,0.0
reactive_power_discr,17.0,15.0,,,,,,10.0,0.0
reactive_power_discr,17.0,15.0,,,,,,11.0,0.0
reactive_power_discr,17.0,15.0,,,,,,12.0,0.0
reactive_power_discr,17.0,15.0,,,,,,13.0,0.0
reactive_power_discr,17.0,15.0,,,,,,14.0,0.0
reactive_power_discr,17.0,15.0,,,,,,15.0,0.0
reactive_power_discr,17.0,17.0,,,,,,1.0,0.0075778699824844125
reactive_power_discr,17.0,17.0,,,,,,2.0,0.013320281329628255
reactive_power_discr,17.0,17.0,,,,,,3.0,0.023414217334232015
reactive_power_discr,17.0,17.0,,,,,,4.0,0.041157206804276286
reactive_power_discr,17.0,17.0,,,,,,5.0,0.016448781952784042
reactive_power_discr,17.0,17.0,,,,,,6.0,0.0
reactive_power_discr,17.0,17.0,,,,,,7.0,0.0
reactive_power_discr,17.0,17.0,,,,,,8.0,0.0
reactive_power_discr,17.0,17.0,,,,,,9.0,0.0
reactive_power_discr,17.0,17.0,,,,,,10.0,0.0
reactive_power_discr,17.0,17.0,,,,,,11.0,0.0
reactive_power_discr,17.0,17.0,,,,,,12.0,0.0
reactive_power_discr,17.0,17.0,,,,,,13.0,0.0
reactive_power_discr,17.0,17.0,,,,,,14.0,0.0
reactive_power_discr,17.0,17.0,,,,,,15.0,0.0
reactive_power_discr,17.0,18.0,,,,,,1.0,0.0
reactive_power_discr,17.0,18.0,,,,,,2.0,0.0
reactive_power_discr,17.0,18.0,,,,,,3.0,0.0
reactive_power_discr,17.0,18.0,,,,,,4.0,0.0
reactive_power_discr,17.0,18.0,,,,,,5.0,0.0
reactive_power_discr,17.0,18.0,,,,,,6.0,0.0
reactive_power_discr,17.0,18.0,,,,,,7.0,0.0
reactive_power_discr,17.0,18.0,,,,,,8.0,0.0
reactive_power_discr,17.0,18.0,,,,,,9.0,0.0
reactive_power_discr,17.0,18.0,,,,,,10.0,0.0
reactive_power_discr,17.0,18.0,,,,,,11.0,0.0
reactive_power_discr,17.0,18.0,,,,,,12.0,0.0
reactive_power_discr,17.0,18.0,,,,,,13.0,0.0
reactive_power_discr,17.0,18.0,,,,,,14.0,0.0
reactive_power_discr,17.0,18.0,,,,,,15.0,0.0
reactive_power_discr,17.0,19.0,,,,,,1.0,0.0075778699824844125
reactive_power_discr,17.0,19.0,,,,,,2.0,0.013320281329628255
reactive_power_discr,17.0,19.0,,,,,,3.0,0.023414217334232015
reactive_power_discr,17.0,19.0,,,,,,4.0,0.011952390514546253
reactive_power_discr,17.0,19.0,,,,,,5.0,0.0
reactive_power_discr,17.0,19.0,,,,,,6.0,0.0
reactive_power_discr,17.0,19.0,,,,,,7.0,0.0
reactive_power_discr,17.0,19.0,,,,,,8.0,0.0
reactive_power_discr,17.0,19.0,,,,,,9.0,0.0
reactive_power_discr,17.0,19.0,,,,,,10.0,0.0
reactive_power_discr,17.0,19.0,,,,,,11.0,0.0
reactive_power_discr,17.0,19.0,,,,,,12.0,0.0
reactive_power_discr,17.0,19.0,,,,,,13.0,0.0
reactive_power_discr,17.0,19.0,,,,,,14.0,0.0
reactive_power_discr,17.0,19.0,,,,,,15.0,0.0
reactive_power_discr,18.0,0.0,,,,,,1.0,0.003811904963134563
reactive_power_discr,18.0,0.0,,,,,,2.0,0.00032772460113020957
reactive_power_discr,18.0,0.0,,,,,,3.0,0.0
reactive_power_discr,18.0,0.0,,,,,,4.0,0.0
reactive_power_discr,18.0,0.0,,,,,,5.0,0.0
reactive_power_discr,18.0,0.0,,,,,,6.0,0.0
reactive_power_discr,18.0,0.0,,,,,,7.0,0.0
reactive_power_discr,18.0,0.0,,,,,,8.0,0.0
reactive_power_discr,18.0,0.0,,,,,,9.0,0.0
reactive_power_discr,18.0,0.0,,,,,,10.0,0.0
reactive_power_discr,18.0,0.0,,,,,,11.0,0.0
reactive_power_discr,18.0,0.0,,,,,,12.0,0.0
reactive_power_discr,18.0,0.0,,,,,,13.0,0.0
reactive_power_discr,18.0,0.0,,,,,,14.0,0.0
reactive_power_discr,18.0,0.0,,,,,,15.0,0.0
reactive_power_discr,18.0,2.0,,,,,,1.0,0.003811904963134563
reactive_power_discr,18.0,2.0,,,,,,2.0,0.0022630971498854985
reactive_power_discr,18.0,2.0,,,,,,3.0,0.0
reactive_power_discr,18.0,2.0,,,,,,4.0,0.0
reactive_power_discr,18.0,2.0,,,,,,5.0,0.0
reactive_power_discr,18.0,2.0,,,,,,6.0,0.0
reactive_power_discr,18.0,2.0,,,,,,7.0,0.0
reactive_power_discr,18.0,2.0,,,,,,8.0,0.0
reactive_power_discr,18.0,2.0,,,,,,9.0,0.0
reactive_power_discr,18.0,2.0,,,,,,10.0,0.0
reactive_power_discr,18.0,2.0,,,,,,11.0,0.0
reactive_power_discr,18.0,2.0,,,,,,12.0,0.0
reactive_power_discr,18.0,2.0,,,,,,13.0,0.0
reactive_power_discr,18.0,2.0,,,,,,14.0,0.0
reactive_power_discr,18.0,2.0,,,,,,15.0,0.0
reactive_power_discr,18.0,6.0,,,,,,1.0,0.0035517090684259274
reactive_power_discr,18.0,6.0,,,,,,2.0,0.0
reactive_power_discr,18.0,6.0,,,,,,3.0,0.0
reactive_power_discr,18.0,6.0,,,,,,4.0,0.0
reactive_power_discr,18.0,6.0,,,,,,5.0,0.0
reactive_power_discr,18.0,6.0,,,,,,6.0,0.0
reactive_power_discr,18.0,6.0,,,,,,7.0,0.0
reactive_power_discr,18.0,6.0,,,,,,8.0,0.0
reactive_power_discr,18.0,6.0,,,,,,9.0,0.0
reactive_power_discr,18.0,6.0,,,,,,10.0,0.0
reactive_power_discr,18.0,6.0,,,,,,11.0,0.0
reactive_power_discr,18.0,6.0,,,,,,12.0,0.0
reactive_power_discr,18.0,6.0,,,,,,13.0,0.0
reactive_power_discr,18.0,6.0,,,,,,14.0,0.0
reactive_power_discr,18.0,6.0,,,,,,15.0,0.0
reactive_power_discr,18.0,10.0,,,,,,1.0,0.003811904963134563
reactive_power_discr,18.0,10.0,,,,,,2.0,0.005264966907931571
reactive_power_discr,18.0,10.0,,,,,,3.0,0.0014727868798914776
reactive_power_discr,18.0,10.0,,,,,,4.0,0.0
reactive_power_discr,18.0,10.0,,,,,,5.0,0.0
reactive_power_discr,18.0,10.0,,,,,,6.0,0.0
reactive_power_discr,18.0,10.0,,,,,,7.0,0.0
reactive_power_discr,18.0,10.0,,,,,,8.0,0.0
reactive_power_discr,18.0,10.0,,,,,,9.0,0.0
reactive_power_discr,18.0,10.0,,,,,,10.0,0.0
reactive_power_discr,18.0,10.0,,,,,,11.0,0.0
reactive_power_discr,18.0,10.0,,,,,,12.0,0.0
reactive_power_discr,18.0,10.0,,,,,,13.0,0.0
reactive_power_discr,18.0,10.0,,,,,,14.0,0.0
reactive_power_discr,18.0,10.0,,,,,,15.0,0.0
reactive_power_discr,18.0,11.0,,,,,,1.0,0.0075778699824844125
reactive_power_discr,18.0,11.0,,,,,,2.0,0.006066113586508248
reactive_power_discr,18.0,11.0,,,,,,3.0,0.0
reactive_power_discr,18.0,11.0,,,,,,4.0,0.0
reactive_power_discr,18.0,11.0,,,,,,5.0,0.0
reactive_power_discr,18.0,11.0,,,,,,6.0,0.0
reactive_power_discr,18.0,11.0,,,,,,7.0,0.0
reactive_power_discr,18.0,11.0,,,,,,8.0,0.0
reactive_power_discr,18.0,11.0,,,,,,9.0,0.0
reactive_power_discr,18.0,11.0,,,,,,10.0,0.0
reactive_power_discr,18.0,11.0,,,,,,11.0,0.0
reactive_power_discr,18.0,11.0,,,,,,12.0,0.0
reactive_power_discr,18.0,11.0,,,,,,13.0,0.0
reactive_power_discr,18.0,11.0,,,,,,14.0,0.0
reactive_power_discr,18.0,11.0,,,,,,15.0,0.0
reactive_power_discr,18.0,12.0,,,,,,1.0,0.0075778699824844125
reactive_power_discr,18.0,12.0,,,,,,2.0,0.013320281329628255
reactive_power_discr,18.0,12.0,,,,,,3.0,0.002024283015595346
reactive_power_discr,18.0,12.0,,,,,,4.0,0.0
reactive_power_discr,18.0,12.0,,,,,,5.0,0.0
reactive_power_discr,18.0,12.0,,,,,,6.0,0.0
reactive_power_discr,18.0,12.0,,,,,,7.0,0.0
reactive_power_discr,18.0,12.0,,,,,,8.0,0.0
reactive_power_discr,18.0,12.0,,,,,,9.0,0.0
reactive_power_discr,18.0,12.0,,,,,,10.0,0.0
reactive_power_discr,18.0,12.0,,,,,,11.0,0.0
reactive_power_discr,18.0,12.0,,,,,,12.0,0.0
reactive_power_discr,18.0,12.0,,,,,,13.0,0.0
reactive_power_discr,18.0,12.0,,,,,,14.0,0.0
reactive_power_discr,18.0,12.0,,,,,,15.0,0.0
reactive_power_discr,18.0,13.0,,,,,,1.0,0.003811904963134563
reactive_power_discr,18.0,13.0,,,,,,2.0,0.005264966907931571
reactive_power_discr,18.0,13.0,,,,,,3.0,0.004431678332284198
reactive_power_discr,18.0,13.0,,,,,,4.0,0.0
reactive_power_discr,18.0,13.0,,,,,,5.0,0.0
reactive_power_discr,18.0,13.0,,,,,,6.0,0.0
reactive_power_discr,18.0,13.0,,,,,,7.0,0.0
reactive_power_discr,18.0,13.0,,,,,,8.0,0.0
reactive_power_discr,18.0,13.0,,,,,,9.0,0.0
reactive_power_discr,18.0,13.0,,,,,,10.0,0.0
reactive_power_discr,18.0,13.0,,,,,,11.0,0.0
reactive_power_discr,18.0,13.0,,,,,,12.0,0.0
reactive_power_discr,18.0,13.0,,,,,,13.0,0.0
reactive_power_discr,18.0,13.0,,,,,,14.0,0.0
reactive_power_discr,18.0,13.0,,,,,,15.0,0.0
reactive_power_discr,18.0,14.0,,,,,,1.0,0.003811904963134563
reactive_power_discr,18.0,14.0,,,,,,2.0,0.0016212599494508026
reactive_power_discr,18.0,14.0,,,,,,3.0,0.0
reactive_power_discr,18.0,14.0,,,,,,4.0,0.0
reactive_power_discr,18.0,14.0,,,,,,5.0,0.0
reactive_power_discr,18.0,14.0,,,,,,6.0,0.0
reactive_power_discr,18.0,14.0,,,,,,7.0,0.0
reactive_power_discr,18.0,14.0,,,,,,8.0,0.0
reactive_power_discr,18.0,14.0,,,,,,9.0,0.0
reactive_power_discr,18.0,14.0,,,,,,10.0,0.0
reactive_power_discr,18.0,14.0,,,,,,11.0,0.0
reactive_power_discr,18.0,14.0,,,,,,12.0,0.0
reactive_power_discr,18.0,14.0,,,,,,13.0,0.0
reactive_power_discr,18.0,14.0,,,,,,14.0,0.0
reactive_power_discr,18.0,14.0,,,,,,15.0,0.0
reactive_power_discr,18.0,15.0,,,,,,1.0,0.003811904963134563
reactive_power_discr,18.0,15.0,,,,,,2.0,0.005264966907931571
reactive_power_discr,18.0,15.0,,,,,,3.0,0.0035708262433548988
reactive_power_discr,18.0,15.0,,,,,,4.0,0.0
reactive_power_discr,18.0,15.0,,,,,,5.0,0.0
reactive_power_discr,18.0,15.0,,,,,,6.0,0.0
reactive_power_discr,18.0,15.0,,,,,,7.0,0.0
reactive_power_discr,18.0,15.0,,,,,,8.0,0.0
reactive_power_discr,18.0,15.0,,,,,,9.0,0.0
reactive_power_discr,18.0,15.0,,,,,,10.0,0.0
reactive_power_discr,18.0,15.0,,,,,,11.0,0.0
reactive_power_discr,18.0,15.0,,,,,,12.0,0.0
reactive_power_discr,18.0,15.0,,,,,,13.0,0.0
reactive_power_discr,18.0,15.0,,,,,,14.0,0.0
reactive_power_discr,18.0,15.0,,,,,,15.0,0.0
reactive_power_discr,18.0,17.0,,,,,,1.0,0.0075778699824844125
reactive_power_discr,18.0,17.0,,,,,,2.0,0.013320281329628255
reactive_power_discr,18.0,17.0,,,,,,3.0,0.023414217334232015
reactive_power_discr,18.0,17.0,,,,,,4.0,0.023066501680229876
reactive_power_discr,18.0,17.0,,,,,,5.0,0.0
reactive_power_discr,18.0,17.0,,,,,,6.0,0.0
reactive_power_discr,18.0,17.0,,,,,,7.0,0.0
reactive_power_discr,18.0,17.0,,,,,,8.0,0.0
reactive_power_discr,18.0,17.0,,,,,,9.0,0.0
reactive_power_discr,18.0,17.0,,,,,,10.0,0.0
reactive_power_discr,18.0,17.0,,,,,,11.0,0.0
reactive_power_discr,18.0,17.0,,,,,,12.0,0.0
reactive_power_discr,18.0,17.0,,,,,,13.0,0.0
reactive_power_discr,18.0,17.0,,,,,,14.0,0.0
reactive_power_discr,18.0,17.0,,,,,,15.0,0.0
reactive_power_discr,18.0,18.0,,,,,,1.0,0.0
reactive_power_discr,18.0,18.0,,,,,,2.0,0.0
reactive_power_discr,18.0,18.0,,,,,,3.0,0.0
reactive_power_discr,18.0,18.0,,,,,,4.0,0.0
reactive_power_discr,18.0,18.0,,,,,,5.0,0.0
reactive_power_discr,18.0,18.0,,,,,,6.0,0.0
reactive_power_discr,18.0,18.0,,,,,,7.0,0.0
reactive_power_discr,18.0,18.0,,,,,,8.0,0.0
reactive_power_discr,18.0,18.0,,,,,,9.0,0.0
reactive_power_discr,18.0,18.0,,,,,,10.0,0.0
reactive_power_discr,18.0,18.0,,,,,,11.0,0.0
reactive_power_discr,18.0,18.0,,,,,,12.0,0.0
reactive_power_discr,18.0,18.0,,,,,,13.0,0.0
reactive_power_discr,18.0,18.0,,,,,,14.0,0.0
reactive_power_discr,18.0,18.0,,,,,,15.0,0.0
reactive_power_discr,18.0,19.0,,,,,,1.0,0.0075778699824844125
reactive_power_discr,18.0,19.0,,,,,,2.0,0.013320281329628255
reactive_power_discr,18.0,19.0,,,,,,3.0,0.0173137513527677
reactive_power_discr,18.0,19.0,,,,,,4.0,0.0
reactive_power_discr,18.0,19.0,,,,,,5.0,0.0
reactive_power_discr,18.0,19.0,,,,,,6.0,0.0
reactive_power_discr,18.0,19.0,,,,,,7.0,0.0
reactive_power_discr,18.0,19.0,,,,,,8.0,0.0
reactive_power_discr,18.0,19.0,,,,,,9.0,0.0
reactive_power_discr,18.0,19.0,,,,,,10.0,0.0
reactive_power_discr,18.0,19.0,,,,,,11.0,0.0
reactive_power_discr,18.0,19.0,,,,,,12.0,0.0
reactive_power_discr,18.0,19.0,,,,,,13.0,0.0
reactive_power_discr,18.0,19.0,,,,,,14.0,0.0
reactive_power_discr,18.0,19.0,,,,,,15.0,0.0
reactive_power_discr,19.0,0.0,,,,,,1.0,0.0035748113656570335
reactive_power_discr,19.0,0.0,,,,,,2.0,0.0
reactive_power_discr,19.0,0.0,,,,,,3.0,0.0
reactive_power_discr,19.0,0.0,,,,,,4.0,0.0
reactive_power_discr,19.0,0.0,,,,,,5.0,0.0
reactive_power_discr,19.0,0.0,,,,,,6.0,0.0
reactive_power_discr,19.0,0.0,,,,,,7.0,0.0
reactive_power_discr,19.0,0.0,,,,,,8.0,0.0
reactive_power_discr,19.0,0.0,,,,,,9.0,0.0
reactive_power_discr,19.0,0.0,,,,,,10.0,0.0
reactive_power_discr,19.0,0.0,,,,,,11.0,0.0
reactive_power_discr,19.0,0.0,,,,,,12.0,0.0
reactive_power_discr,19.0,0.0,,,,,,13.0,0.0
reactive_power_discr,19.0,0.0,,,,,,14.0,0.0
reactive_power_discr,19.0,0.0,,,,,,15.0,0.0
reactive_power_discr,19.0,2.0,,,,,,1.0,0.003811904963134563
reactive_power_discr,19.0,2.0,,,,,,2.0,0.0007898589470770271
reactive_power_discr,19.0,2.0,,,,,,3.0,0.0
reactive_power_discr,19.0,2.0,,,,,,4.0,0.0
reactive_power_discr,19.0,2.0,,,,,,5.0,0.0
reactive_power_discr,19.0,2.0,,,,,,6.0,0.0
reactive_power_discr,19.0,2.0,,,,,,7.0,0.0
reactive_power_discr,19.0,2.0,,,,,,8.0,0.0
reactive_power_discr,19.0,2.0,,,,,,9.0,0.0
reactive_power_discr,19.0,2.0,,,,,,10.0,0.0
reactive_power_discr,19.0,2.0,,,,,,11.0,0.0
reactive_power_discr,19.0,2.0,,,,,,12.0,0.0
reactive_power_discr,19.0,2.0,,,,,,13.0,0.0
reactive_power_discr,19.0,2.0,,,,,,14.0,0.0
reactive_power_discr,19.0,2.0,,,,,,15.0,0.0
reactive_power_discr,19.0,6.0,,,,,,1.0,0.0023386100925290696
reactive_power_discr,19.0,6.0,,,,,,2.0,0.0
reactive_power_discr,19.0,6.0,,,,,,3.0,0.0
reactive_power_discr,19.0,6.0,,,,,,4.0,0.0
reactive_power_discr,19.0,6.0,,,,,,5.0,0.0
reactive_power_discr,19.0,6.0,,,,,,6.0,0.0
reactive_power_discr,19.0,6.0,,,,,,7.0,0.0
reactive_power_discr,19.0,6.0,,,,,,8.0,0.0
reactive_power_discr,19.0,6.0,,,,,,9.0,0.0
reactive_power_discr,19.0,6.0,,,,,,10.0,0.0
reactive_power_discr,19.0,6.0,,,,,,11.0,0.0
reactive_power_discr,19.0,6.0,,,,,,12.0,0.0
reactive_power_discr,19.0,6.0,,,,,,13.0,0.0
reactive_power_discr,19.0,6.0,,,,,,14.0,0.0
reactive_power_discr,19.0,6.0,,,,,,15.0,0.0
reactive_power_discr,19.0,10.0,,,,,,1.0,0.003811904963134563
reactive_power_discr,19.0,10.0,,,,,,2.0,0.004677049003112371
reactive_power_discr,19.0,10.0,,,,,,3.0,0.0
reactive_power_discr,19.0,10.0,,,,,,4.0,0.0
reactive_power_discr,19.0,10.0,,,,,,5.0,0.0
reactive_power_discr,19.0,10.0,,,,,,6.0,0.0
reactive_power_discr,19.0,10.0,,,,,,7.0,0.0
reactive_power_discr,19.0,10.0,,,,,,8.0,0.0
reactive_power_discr,19.0,10.0,,,,,,9.0,0.0
reactive_power_discr,19.0,10.0,,,,,,10.0,0.0
reactive_power_discr,19.0,10.0,,,,,,11.0,0.0
reactive_power_discr,19.0,10.0,,,,,,12.0,0.0
reactive_power_discr,19.0,10.0,,,,,,13.0,0.0
reactive_power_discr,19.0,10.0,,,,,,14.0,0.0
reactive_power_discr,19.0,10.0,,,,,,15.0,0.0
reactive_power_discr,19.0,11.0,,,,,,1.0,0.0075778699824844125
reactive_power_discr,19.0,11.0,,,,,,2.0,0.0027650917705237775
reactive_power_discr,19.0,11.0,,,,,,3.0,0.0
reactive_power_discr,19.0,11.0,,,,,,4.0,0.0
reactive_power_discr,19.0,11.0,,,,,,5.0,0.0
reactive_power_discr,19.0,11.0,,,,,,6.0,0.0
reactive_power_discr,19.0,11.0,,,,,,7.0,0.0
reactive_power_discr,19.0,11.0,,,,,,8.0,0.0
reactive_power_discr,19.0,11.0,,,,,,9.0,0.0
reactive_power_discr,19.0,11.0,,,,,,10.0,0.0
reactive_power_discr,19.0,11.0,,,,,,11.0,0.0
reactive_power_discr,19.0,11.0,,,,,,12.0,0.0
reactive_power_discr,19.0,11.0,,,,,,13.0,0.0
reactive_power_discr,19.0,11.0,,,,,,14.0,0.0
reactive_power_discr,19.0,11.0,,,,,,15.0,0.0
reactive_power_discr,19.0,12.0,,,,,,1.0,0.0075778699824844125
reactive_power_discr,19.0,12.0,,,,,,2.0,0.010736553491952497
reactive_power_discr,19.0,12.0,,,,,,3.0,0.0
reactive_power_discr,19.0,12.0,,,,,,4.0,0.0
reactive_power_discr,19.0,12.0,,,,,,5.0,0.0
reactive_power_discr,19.0,12.0,,,,,,6.0,0.0
reactive_power_discr,19.0,12.0,,,,,,7.0,0.0
reactive_power_discr,19.0,12.0,,,,,,8.0,0.0
reactive_power_discr,19.0,12.0,,,,,,9.0,0.0
reactive_power_discr,19.0,12.0,,,,,,10.0,0.0
reactive_power_discr,19.0,12.0,,,,,,11.0,0.0
reactive_power_discr,19.0,12.0,,,,,,12.0,0.0
reactive_power_discr,19.0,12.0,,,,,,13.0,0.0
reactive_power_discr,19.0,12.0,,,,,,14.0,0.0
reactive_power_discr,19.0,12.0,,,,,,15.0,0.0
reactive_power_discr,19.0,13.0,,,,,,1.0,0.003811904963134563
reactive_power_discr,19.0,13.0,,,,,,2.0,0.005264966907931571
reactive_power_discr,19.0,13.0,,,,,,3.0,0.0018864257369062987
reactive_power_discr,19.0,13.0,,,,,,4.0,0.0
reactive_power_discr,19.0,13.0,,,,,,5.0,0.0
reactive_power_discr,19.0,13.0,,,,,,6.0,0.0
reactive_power_discr,19.0,13.0,,,,,,7.0,0.0
reactive_power_discr,19.0,13.0,,,,,,8.0,0.0
reactive_power_discr,19.0,13.0,,,,,,9.0,0.0
reactive_power_discr,19.0,13.0,,,,,,10.0,0.0
reactive_power_discr,19.0,13.0,,,,,,11.0,0.0
reactive_power_discr,19.0,13.0,,,,,,12.0,0.0
reactive_power_discr,19.0,13.0,,,,,,13.0,0.0
reactive_power_discr,19.0,13.0,,,,,,14.0,0.0
reactive_power_discr,19.0,13.0,,,,,,15.0,0.0
reactive_power_discr,19.0,14.0,,,,,,1.0,0.003811904963134563
reactive_power_discr,19.0,14.0,,,,,,2.0,0.0007984383457342974
reactive_power_discr,19.0,14.0,,,,,,3.0,0.0
reactive_power_discr,19.0,14.0,,,,,,4.0,0.0
reactive_power_discr,19.0,14.0,,,,,,5.0,0.0
reactive_power_discr,19.0,14.0,,,,,,6.0,0.0
reactive_power_discr,19.0,14.0,,,,,,7.0,0.0
reactive_power_discr,19.0,14.0,,,,,,8.0,0.0
reactive_power_discr,19.0,14.0,,,,,,9.0,0.0
reactive_power_discr,19.0,14.0,,,,,,10.0,0.0
reactive_power_discr,19.0,14.0,,,,,,11.0,0.0
reactive_power_discr,19.0,14.0,,,,,,12.0,0.0
reactive_power_discr,19.0,14.0,,,,,,13.0,0.0
reactive_power_discr,19.0,14.0,,,,,,14.0,0.0
reactive_power_discr,19.0,14.0,,,,,,15.0,0.0
reactive_power_discr,19.0,15.0,,,,,,1.0,0.003811904963134563
reactive_power_discr,19.0,15.0,,,,,,2.0,0.005264966907931571
reactive_power_discr,19.0,15.0,,,,,,3.0,0.0001570460568017279
reactive_power_discr,19.0,15.0,,,,,,4.0,0.0
reactive_power_discr,19.0,15.0,,,,,,5.0,0.0
reactive_power_discr,19.0,15.0,,,,,,6.0,0.0
reactive_power_discr,19.0,15.0,,,,,,7.0,0.0
reactive_power_discr,19.0,15.0,,,,,,8.0,0.0
reactive_power_discr,19.0,15.0,,,,,,9.0,0.0
reactive_power_discr,19.0,15.0,,,,,,10.0,0.0
reactive_power_discr,19.0,15.0,,,,,,11.0,0.0
reactive_power_discr,19.0,15.0,,,,,,12.0,0.0
reactive_power_discr,19.0,15.0,,,,,,13.0,0.0
reactive_power_discr,19.0,15.0,,,,,,14.0,0.0
reactive_power_discr,19.0,15.0,,,,,,15.0,0.0
reactive_power_discr,19.0,17.0,,,,,,1.0,0.0075778699824844125
reactive_power_discr,19.0,17.0,,,,,,2.0,0.013320281329628255
reactive_power_discr,19.0,17.0,,,,,,3.0,0.023414217334232015
reactive_power_discr,19.0,17.0,,,,,,4.0,0.007871605601820562
reactive_power_discr,19.0,17.0,,,,,,5.0,0.0
reactive_power_discr,19.0,17.0,,,,,,6.0,0.0
reactive_power_discr,19.0,17.0,,,,,,7.0,0.0
reactive_power_discr,19.0,17.0,,,,,,8.0,0.0
reactive_power_discr,19.0,17.0,,,,,,9.0,0.0
reactive_power_discr,19.0,17.0,,,,,,10.0,0.0
reactive_power_discr,19.0,17.0,,,,,,11.0,0.0
reactive_power_discr,19.0,17.0,,,,,,12.0,0.0
reactive_power_discr,19.0,17.0,,,,,,13.0,0.0
reactive_power_discr,19.0,17.0,,,,,,14.0,0.0
reactive_power_discr,19.0,17.0,,,,,,15.0,0.0
reactive_power_discr,19.0,18.0,,,,,,1.0,0.0
reactive_power_discr,19.0,18.0,,,,,,2.0,0.0
reactive_power_discr,19.0,18.0,,,,,,3.0,0.0
reactive_power_discr,19.0,18.0,,,,,,4.0,0.0
reactive_power_discr,19.0,18.0,,,,,,5.0,0.0
reactive_power_discr,19.0,18.0,,,,,,6.0,0.0
reactive_power_discr,19.0,18.0,,,,,,7.0,0.0
reactive_power_discr,19.0,18.0,,,,,,8.0,0.0
reactive_power_discr,19.0,18.0,,,,,,9.0,0.0
reactive_power_discr,19.0,18.0,,,,,,10.0,0.0
reactive_power_discr,19.0,18.0,,,,,,11.0,0.0
reactive_power_discr,19.0,18.0,,,,,,12.0,0.0
reactive_power_discr,19.0,18.0,,,,,,13.0,0.0
reactive_power_discr,19.0,18.0,,,,,,14.0,0.0
reactive_power_discr,19.0,18.0,,,,,,15.0,0.0
reactive_power_discr,19.0,19.0,,,,,,1.0,0.0075778699824844125
reactive_power_discr,19.0,19.0,,,,,,2.0,0.013320281329628255
reactive_power_discr,19.0,19.0,,,,,,3.0,0.008248579633779073
reactive_power_discr,19.0,19.0,,,,,,4.0,0.0
reactive_power_discr,19.0,19.0,,,,,,5.0,0.0
reactive_power_discr,19.0,19.0,,,,,,6.0,0.0
reactive_power_discr,19.0,19.0,,,,,,7.0,0.0
reactive_power_discr,19.0,19.0,,,,,,8.0,0.0
reactive_power_discr,19.0,19.0,,,,,,9.0,0.0
reactive_power_discr,19.0,19.0,,,,,,10.0,0.0
reactive_power_discr,19.0,19.0,,,,,,11.0,0.0
reactive_power_discr,19.0,19.0,,,,,,12.0,0.0
reactive_power_discr,19.0,19.0,,,,,,13.0,0.0
reactive_power_discr,19.0,19.0,,,,,,14.0,0.0
reactive_power_discr,19.0,19.0,,,,,,15.0,0.0
reactive_power_discr,20.0,0.0,,,,,,1.0,0.003811904963134563
reactive_power_discr,20.0,0.0,,,,,,2.0,0.0011179643740625526
reactive_power_discr,20.0,0.0,,,,,,3.0,0.0
reactive_power_discr,20.0,0.0,,,,,,4.0,0.0
reactive_power_discr,20.0,0.0,,,,,,5.0,0.0
reactive_power_discr,20.0,0.0,,,,,,6.0,0.0
reactive_power_discr,20.0,0.0,,,,,,7.0,0.0
reactive_power_discr,20.0,0.0,,,,,,8.0,0.0
reactive_power_discr,20.0,0.0,,,,,,9.0,0.0
reactive_power_discr,20.0,0.0,,,,,,10.0,0.0
reactive_power_discr,20.0,0.0,,,,,,11.0,0.0
reactive_power_discr,20.0,0.0,,,,,,12.0,0.0
reactive_power_discr,20.0,0.0,,,,,,13.0,0.0
reactive_power_discr,20.0,0.0,,,,,,14.0,0.0
reactive_power_discr,20.0,0.0,,,,,,15.0,0.0
reactive_power_discr,20.0,2.0,,,,,,1.0,0.003811904963134563
reactive_power_discr,20.0,2.0,,,,,,2.0,0.0015144108108078357
reactive_power_discr,20.0,2.0,,,,,,3.0,0.0
reactive_power_discr,20.0,2.0,,,,,,4.0,0.0
reactive_power_discr,20.0,2.0,,,,,,5.0,0.0
reactive_power_discr,20.0,2.0,,,,,,6.0,0.0
reactive_power_discr,20.0,2.0,,,,,,7.0,0.0
reactive_power_discr,20.0,2.0,,,,,,8.0,0.0
reactive_power_discr,20.0,2.0,,,,,,9.0,0.0
reactive_power_discr,20.0,2.0,,,,,,10.0,0.0
reactive_power_discr,20.0,2.0,,,,,,11.0,0.0
reactive_power_discr,20.0,2.0,,,,,,12.0,0.0
reactive_power_discr,20.0,2.0,,,,,,13.0,0.0
reactive_power_discr,20.0,2.0,,,,,,14.0,0.0
reactive_power_discr,20.0,2.0,,,,,,15.0,0.0
reactive_power_discr,20.0,6.0,,,,,,1.0,0.002263092891308665
reactive_power_discr,20.0,6.0,,,,,,2.0,0.0
reactive_power_discr,20.0,6.0,,,,,,3.0,0.0
reactive_power_discr,20.0,6.0,,,,,,4.0,0.0
reactive_power_discr,20.0,6.0,,,,,,5.0,0.0
reactive_power_discr,20.0,6.0,,,,,,6.0,0.0
reactive_power_discr,20.0,6.0,,,,,,7.0,0.0
reactive_power_discr,20.0,6.0,,,,,,8.0,0.0
reactive_power_discr,20.0,6.0,,,,,,9.0,0.0
reactive_power_discr,20.0,6.0,,,,,,10.0,0.0
reactive_power_discr,20.0,6.0,,,,,,11.0,0.0
reactive_power_discr,20.0,6.0,,,,,,12.0,0.0
reactive_power_discr,20.0,6.0,,,,,,13.0,0.0
reactive_power_discr,20.0,6.0,,,,,,14.0,0.0
reactive_power_discr,20.0,6.0,,,,,,15.0,0.0
reactive_power_discr,20.0,10.0,,,,,,1.0,0.003811904963134563
reactive_power_discr,20.0,10.0,,,,,,2.0,0.005264966907931571
reactive_power_discr,20.0,10.0,,,,,,3.0,0.0008945539204231554
reactive_power_discr,20.0,10.0,,,,,,4.0,0.0
reactive_power_discr,20.0,10.0,,,,,,5.0,0.0
reactive_power_discr,20.0,10.0,,,,,,6.0,0.0
reactive_power_discr,20.0,10.0,,,,,,7.0,0.0
reactive_power_discr,20.0,10.0,,,,,,8.0,0.0
reactive_power_discr,20.0,10.0,,,,,,9.0,0.0
reactive_power_discr,20.0,10.0,,,,,,10.0,0.0
reactive_power_discr,20.0,10.0,,,,,,11.0,0.0
reactive_power_discr,20.0,10.0,,,,,,12.0,0.0
reactive_power_discr,20.0,10.0,,,,,,13.0,0.0
reactive_power_discr,20.0,10.0,,,,,,14.0,0.0
reactive_power_discr,20.0,10.0,,,,,,15.0,0.0
reactive_power_discr,20.0,11.0,,,,,,1.0,0.0075778699824844125
reactive_power_discr,20.0,11.0,,,,,,2.0,0.0043948945398960375
reactive_power_discr,20.0,11.0,,,,,,3.0,0.0
reactive_power_discr,20.0,11.0,,,,,,4.0,0.0
reactive_power_discr,20.0,11.0,,,,,,5.0,0.0
reactive_power_discr,20.0,11.0,,,,,,6.0,0.0
reactive_power_discr,20.0,11.0,,,,,,7.0,0.0
reactive_power_discr,20.0,11.0,,,,,,8.0,0.0
reactive_power_discr,20.0,11.0,,,,,,9.0,0.0
reactive_power_discr,20.0,11.0,,,,,,10.0,0.0
reactive_power_discr,20.0,11.0,,,,,,11.0,0.0
reactive_power_discr,20.0,11.0,,,,,,12.0,0.0
reactive_power_discr,20.0,11.0,,,,,,13.0,0.0
reactive_power_discr,20.0,11.0,,,,,,14.0,0.0
reactive_power_discr,20.0,11.0,,,,,,15.0,0.0
reactive_power_discr,20.0,12.0,,,,,,1.0,0.0075778699824844125
reactive_power_discr,20.0,12.0,,,,,,2.0,0.013320281329628255
reactive_power_discr,20.0,12.0,,,,,,3.0,0.00211147705495502
reactive_power_discr,20.0,12.0,,,,,,4.0,0.0
reactive_power_discr,20.0,12.0,,,,,,5.0,0.0
reactive_power_discr,20.0,12.0,,,,,,6.0,0.0
reactive_power_discr,20.0,12.0,,,,,,7.0,0.0
reactive_power_discr,20.0,12.0,,,,,,8.0,0.0
reactive_power_discr,20.0,12.0,,,,,,9.0,0.0
reactive_power_discr,20.0,12.0,,,,,,10.0,0.0
reactive_power_discr,20.0,12.0,,,,,,11.0,0.0
reactive_power_discr,20.0,12.0,,,,,,12.0,0.0
reactive_power_discr,20.0,12.0,,,,,,13.0,0.0
reactive_power_discr,20.0,12.0,,,,,,14.0,0.0
reactive_power_discr,20.0,12.0,,,,,,15.0,0.0
reactive_power_discr,20.0,13.0,,,,,,1.0,0.003811904963134563
reactive_power_discr,20.0,13.0,,,,,,2.0,0.005264966907931571
reactive_power_discr,20.0,13.0,,,,,,3.0,0.0031979969125747274
reactive_power_discr,20.0,13.0,,,,,,4.0,0.0
reactive_power_discr,20.0,13.0,,,,,,5.0,0.0
reactive_power_discr,20.0,13.0,,,,,,6.0,0.0
reactive_power_discr,20.0,13.0,,,,,,7.0,0.0
reactive_power_discr,20.0,13.0,,,,,,8.0,0.0
reactive_power_discr,20.0,13.0,,,,,,9.0,0.0
reactive_power_discr,20.0,13.0,,,,,,10.0,0.0
reactive_power_discr,20.0,13.0,,,,,,11.0,0.0
reactive_power_discr,20.0,13.0,,,,,,12.0,0.0
reactive_power_discr,20.0,13.0,,,,,,13.0,0.0
reactive_power_discr,20.0,13.0,,,,,,14.0,0.0
reactive_power_discr,20.0,13.0,,,,,,15.0,0.0
reactive_power_discr,20.0,14.0,,,,,,1.0,0.003811904963134563
reactive_power_discr,20.0,14.0,,,,,,2.0,0.0016697341324620578
reactive_power_discr,20.0,14.0,,,,,,3.0,0.0
reactive_power_discr,20.0,14.0,,,,,,4.0,0.0
reactive_power_discr,20.0,14.0,,,,,,5.0,0.0
reactive_power_discr,20.0,14.0,,,,,,6.0,0.0
reactive_power_discr,20.0,14.0,,,,,,7.0,0.0
reactive_power_discr,20.0,14.0,,,,,,8.0,0.0
reactive_power_discr,20.0,14.0,,,,,,9.0,0.0
reactive_power_discr,20.0,14.0,,,,,,10.0,0.0
reactive_power_discr,20.0,14.0,,,,,,11.0,0.0
reactive_power_discr,20.0,14.0,,,,,,12.0,0.0
reactive_power_discr,20.0,14.0,,,,,,13.0,0.0
reactive_power_discr,20.0,14.0,,,,,,14.0,0.0
reactive_power_discr,20.0,14.0,,,,,,15.0,0.0
reactive_power_discr,20.0,15.0,,,,,,1.0,0.003811904963134563
reactive_power_discr,20.0,15.0,,,,,,2.0,0.005264966907931571
reactive_power_discr,20.0,15.0,,,,,,3.0,0.0011680640351628305
reactive_power_discr,20.0,15.0,,,,,,4.0,0.0
reactive_power_discr,20.0,15.0,,,,,,5.0,0.0
reactive_power_discr,20.0,15.0,,,,,,6.0,0.0
reactive_power_discr,20.0,15.0,,,,,,7.0,0.0
reactive_power_discr,20.0,15.0,,,,,,8.0,0.0
reactive_power_discr,20.0,15.0,,,,,,9.0,0.0
reactive_power_discr,20.0,15.0,,,,,,10.0,0.0
reactive_power_discr,20.0,15.0,,,,,,11.0,0.0
reactive_power_discr,20.0,15.0,,,,,,12.0,0.0
reactive_power_discr,20.0,15.0,,,,,,13.0,0.0
reactive_power_discr,20.0,15.0,,,,,,14.0,0.0
reactive_power_discr,20.0,15.0,,,,,,15.0,0.0
reactive_power_discr,20.0,17.0,,,,,,1.0,0.0075778699824844125
reactive_power_discr,20.0,17.0,,,,,,2.0,0.013320281329628255
reactive_power_discr,20.0,17.0,,,,,,3.0,0.023414217334232015
reactive_power_discr,20.0,17.0,,,,,,4.0,0.016940237337089062
reactive_power_discr,20.0,17.0,,,,,,5.0,0.0
reactive_power_discr,20.0,17.0,,,,,,6.0,0.0
reactive_power_discr,20.0,17.0,,,,,,7.0,0.0
reactive_power_discr,20.0,17.0,,,,,,8.0,0.0
reactive_power_discr,20.0,17.0,,,,,,9.0,0.0
reactive_power_discr,20.0,17.0,,,,,,10.0,0.0
reactive_power_discr,20.0,17.0,,,,,,11.0,0.0
reactive_power_discr,20.0,17.0,,,,,,12.0,0.0
reactive_power_discr,20.0,17.0,,,,,,13.0,0.0
reactive_power_discr,20.0,17.0,,,,,,14.0,0.0
reactive_power_discr,20.0,17.0,,,,,,15.0,0.0
reactive_power_discr,20.0,18.0,,,,,,1.0,0.0
reactive_power_discr,20.0,18.0,,,,,,2.0,0.0
reactive_power_discr,20.0,18.0,,,,,,3.0,0.0
reactive_power_discr,20.0,18.0,,,,,,4.0,0.0
reactive_power_discr,20.0,18.0,,,,,,5.0,0.0
reactive_power_discr,20.0,18.0,,,,,,6.0,0.0
reactive_power_discr,20.0,18.0,,,,,,7.0,0.0
reactive_power_discr,20.0,18.0,,,,,,8.0,0.0
reactive_power_discr,20.0,18.0,,,,,,9.0,0.0
reactive_power_discr,20.0,18.0,,,,,,10.0,0.0
reactive_power_discr,20.0,18.0,,,,,,11.0,0.0
reactive_power_discr,20.0,18.0,,,,,,12.0,0.0
reactive_power_discr,20.0,18.0,,,,,,13.0,0.0
reactive_power_discr,20.0,18.0,,,,,,14.0,0.0
reactive_power_discr,20.0,18.0,,,,,,15.0,0.0
reactive_power_discr,20.0,19.0,,,,,,1.0,0.0075778699824844125
reactive_power_discr,20.0,19.0,,,,,,2.0,0.013320281329628255
reactive_power_discr,20.0,19.0,,,,,,3.0,0.011905459441604344
reactive_power_discr,20.0,19.0,,,,,,4.0,0.0
reactive_power_discr,20.0,19.0,,,,,,5.0,0.0
reactive_power_discr,20.0,19.0,,,,,,6.0,0.0
reactive_power_discr,20.0,19.0,,,,,,7.0,0.0
reactive_power_discr,20.0,19.0,,,,,,8.0,0.0
reactive_power_discr,20.0,19.0,,,,,,9.0,0.0
reactive_power_discr,20.0,19.0,,,,,,10.0,0.0
reactive_power_discr,20.0,19.0,,,,,,11.0,0.0
reactive_power_discr,20.0,19.0,,,,,,12.0,0.0
reactive_power_discr,20.0,19.0,,,,,,13.0,0.0
reactive_power_discr,20.0,19.0,,,,,,14.0,0.0
reactive_power_discr,20.0,19.0,,,,,,15.0,0.0
reactive_power_discr,21.0,0.0,,,,,,1.0,0.003811904963134563
reactive_power_discr,21.0,0.0,,,,,,2.0,0.0035206398120046457
reactive_power_discr,21.0,0.0,,,,,,3.0,0.0
reactive_power_discr,21.0,0.0,,,,,,4.0,0.0
reactive_power_discr,21.0,0.0,,,,,,5.0,0.0
reactive_power_discr,21.0,0.0,,,,,,6.0,0.0
reactive_power_discr,21.0,0.0,,,,,,7.0,0.0
reactive_power_discr,21.0,0.0,,,,,,8.0,0.0
reactive_power_discr,21.0,0.0,,,,,,9.0,0.0
reactive_power_discr,21.0,0.0,,,,,,10.0,0.0
reactive_power_discr,21.0,0.0,,,,,,11.0,0.0
reactive_power_discr,21.0,0.0,,,,,,12.0,0.0
reactive_power_discr,21.0,0.0,,,,,,13.0,0.0
reactive_power_discr,21.0,0.0,,,,,,14.0,0.0
reactive_power_discr,21.0,0.0,,,,,,15.0,0.0
reactive_power_discr,21.0,2.0,,,,,,1.0,0.003811904963134563
reactive_power_discr,21.0,2.0,,,,,,2.0,0.001549770276431931
reactive_power_discr,21.0,2.0,,,,,,3.0,0.0
reactive_power_discr,21.0,2.0,,,,,,4.0,0.0
reactive_power_discr,21.0,2.0,,,,,,5.0,0.0
reactive_power_discr,21.0,2.0,,,,,,6.0,0.0
reactive_power_discr,21.0,2.0,,,,,,7.0,0.0
reactive_power_discr,21.0,2.0,,,,,,8.0,0.0
reactive_power_discr,21.0,2.0,,,,,,9.0,0.0
reactive_power_discr,21.0,2.0,,,,,,10.0,0.0
reactive_power_discr,21.0,2.0,,,,,,11.0,0.0
reactive_power_discr,21.0,2.0,,,,,,12.0,0.0
reactive_power_discr,21.0,2.0,,,,,,13.0,0.0
reactive_power_discr,21.0,2.0,,,,,,14.0,0.0
reactive_power_discr,21.0,2.0,,,,,,15.0,0.0
reactive_power_discr,21.0,6.0,,,,,,1.0,0.0007727559973332561
reactive_power_discr,21.0,6.0,,,,,,2.0,0.0
reactive_power_discr,21.0,6.0,,,,,,3.0,0.0
reactive_power_discr,21.0,6.0,,,,,,4.0,0.0
reactive_power_discr,21.0,6.0,,,,,,5.0,0.0
reactive_power_discr,21.0,6.0,,,,,,6.0,0.0
reactive_power_discr,21.0,6.0,,,,,,7.0,0.0
reactive_power_discr,21.0,6.0,,,,,,8.0,0.0
reactive_power_discr,21.0,6.0,,,,,,9.0,0.0
reactive_power_discr,21.0,6.0,,,,,,10.0,0.0
reactive_power_discr,21.0,6.0,,,,,,11.0,0.0
reactive_power_discr,21.0,6.0,,,,,,12.0,0.0
reactive_power_discr,21.0,6.0,,,,,,13.0,0.0
reactive_power_discr,21.0,6.0,,,,,,14.0,0.0
reactive_power_discr,21.0,6.0,,,,,,15.0,0.0
reactive_power_discr,21.0,10.0,,,,,,1.0,0.003811904963134563
reactive_power_discr,21.0,10.0,,,,,,2.0,0.005264966907931571
reactive_power_discr,21.0,10.0,,,,,,3.0,0.0029620680917281893
reactive_power_discr,21.0,10.0,,,,,,4.0,0.0
reactive_power_discr,21.0,10.0,,,,,,5.0,0.0
reactive_power_discr,21.0,10.0,,,,,,6.0,0.0
reactive_power_discr,21.0,10.0,,,,,,7.0,0.0
reactive_power_discr,21.0,10.0,,,,,,8.0,0.0
reactive_power_discr,21.0,10.0,,,,,,9.0,0.0
reactive_power_discr,21.0,10.0,,,,,,10.0,0.0
reactive_power_discr,21.0,10.0,,,,,,11.0,0.0
reactive_power_discr,21.0,10.0,,,,,,12.0,0.0
reactive_power_discr,21.0,10.0,,,,,,13.0,0.0
reactive_power_discr,21.0,10.0,,,,,,14.0,0.0
reactive_power_discr,21.0,10.0,,,,,,15.0,0.0
reactive_power_discr,21.0,11.0,,,,,,1.0,0.0075778699824844125
reactive_power_discr,21.0,11.0,,,,,,2.0,0.004475906809842377
reactive_power_discr,21.0,11.0,,,,,,3.0,0.0
reactive_power_discr,21.0,11.0,,,,,,4.0,0.0
reactive_power_discr,21.0,11.0,,,,,,5.0,0.0
reactive_power_discr,21.0,11.0,,,,,,6.0,0.0
reactive_power_discr,21.0,11.0,,,,,,7.0,0.0
reactive_power_discr,21.0,11.0,,,,,,8.0,0.0
reactive_power_discr,21.0,11.0,,,,,,9.0,0.0
reactive_power_discr,21.0,11.0,,,,,,10.0,0.0
reactive_power_discr,21.0,11.0,,,,,,11.0,0.0
reactive_power_discr,21.0,11.0,,,,,,12.0,0.0
reactive_power_discr,21.0,11.0,,,,,,13.0,0.0
reactive_power_discr,21.0,11.0,,,,,,14.0,0.0
reactive_power_discr,21.0,11.0,,,,,,15.0,0.0
reactive_power_discr,21.0,12.0,,,,,,1.0,0.0075778699824844125
reactive_power_discr,21.0,12.0,,,,,,2.0,0.013320281329628255
reactive_power_discr,21.0,12.0,,,,,,3.0,0.00804328418722456
reactive_power_discr,21.0,12.0,,,,,,4.0,0.0
reactive_power_discr,21.0,12.0,,,,,,5.0,0.0
reactive_power_discr,21.0,12.0,,,,,,6.0,0.0
reactive_power_discr,21.0,12.0,,,,,,7.0,0.0
reactive_power_discr,21.0,12.0,,,,,,8.0,0.0
reactive_power_discr,21.0,12.0,,,,,,9.0,0.0
reactive_power_discr,21.0,12.0,,,,,,10.0,0.0
reactive_power_discr,21.0,12.0,,,,,,11.0,0.0
reactive_power_discr,21.0,12.0,,,,,,12.0,0.0
reactive_power_discr,21.0,12.0,,,,,,13.0,0.0
reactive_power_discr,21.0,12.0,,,,,,14.0,0.0
reactive_power_discr,21.0,12.0,,,,,,15.0,0.0
reactive_power_discr,21.0,13.0,,,,,,1.0,0.003811904963134563
reactive_power_discr,21.0,13.0,,,,,,2.0,0.005264966907931571
reactive_power_discr,21.0,13.0,,,,,,3.0,0.005083989470083872
reactive_power_discr,21.0,13.0,,,,,,4.0,0.0
reactive_power_discr,21.0,13.0,,,,,,5.0,0.0
reactive_power_discr,21.0,13.0,,,,,,6.0,0.0
reactive_power_discr,21.0,13.0,,,,,,7.0,0.0
reactive_power_discr,21.0,13.0,,,,,,8.0,0.0
reactive_power_discr,21.0,13.0,,,,,,9.0,0.0
reactive_power_discr,21.0,13.0,,,,,,10.0,0.0
reactive_power_discr,21.0,13.0,,,,,,11.0,0.0
reactive_power_discr,21.0,13.0,,,,,,12.0,0.0
reactive_power_discr,21.0,13.0,,,,,,13.0,0.0
reactive_power_discr,21.0,13.0,,,,,,14.0,0.0
reactive_power_discr,21.0,13.0,,,,,,15.0,0.0
reactive_power_discr,21.0,14.0,,,,,,1.0,0.003811904963134563
reactive_power_discr,21.0,14.0,,,,,,2.0,0.0037068687025372145
reactive_power_discr,21.0,14.0,,,,,,3.0,0.0
reactive_power_discr,21.0,14.0,,,,,,4.0,0.0
reactive_power_discr,21.0,14.0,,,,,,5.0,0.0
reactive_power_discr,21.0,14.0,,,,,,6.0,0.0
reactive_power_discr,21.0,14.0,,,,,,7.0,0.0
reactive_power_discr,21.0,14.0,,,,,,8.0,0.0
reactive_power_discr,21.0,14.0,,,,,,9.0,0.0
reactive_power_discr,21.0,14.0,,,,,,10.0,0.0
reactive_power_discr,21.0,14.0,,,,,,11.0,0.0
reactive_power_discr,21.0,14.0,,,,,,12.0,0.0
reactive_power_discr,21.0,14.0,,,,,,13.0,0.0
reactive_power_discr,21.0,14.0,,,,,,14.0,0.0
reactive_power_discr,21.0,14.0,,,,,,15.0,0.0
reactive_power_discr,21.0,15.0,,,,,,1.0,0.003811904963134563
reactive_power_discr,21.0,15.0,,,,,,2.0,0.00499670222908322
reactive_power_discr,21.0,15.0,,,,,,3.0,0.0
reactive_power_discr,21.0,15.0,,,,,,4.0,0.0
reactive_power_discr,21.0,15.0,,,,,,5.0,0.0
reactive_power_discr,21.0,15.0,,,,,,6.0,0.0
reactive_power_discr,21.0,15.0,,,,,,7.0,0.0
reactive_power_discr,21.0,15.0,,,,,,8.0,0.0
reactive_power_discr,21.0,15.0,,,,,,9.0,0.0
reactive_power_discr,21.0,15.0,,,,,,10.0,0.0
reactive_power_discr,21.0,15.0,,,,,,11.0,0.0
reactive_power_discr,21.0,15.0,,,,,,12.0,0.0
reactive_power_discr,21.0,15.0,,,,,,13.0,0.0
reactive_power_discr,21.0,15.0,,,,,,14.0,0.0
reactive_power_discr,21.0,15.0,,,,,,15.0,0.0
reactive_power_discr,21.0,17.0,,,,,,1.0,0.0075778699824844125
reactive_power_discr,21.0,17.0,,,,,,2.0,0.013320281329628255
reactive_power_discr,21.0,17.0,,,,,,3.0,0.023414217334232015
reactive_power_discr,21.0,17.0,,,,,,4.0,0.023379131392998617
reactive_power_discr,21.0,17.0,,,,,,5.0,0.0
reactive_power_discr,21.0,17.0,,,,,,6.0,0.0
reactive_power_discr,21.0,17.0,,,,,,7.0,0.0
reactive_power_discr,21.0,17.0,,,,,,8.0,0.0
reactive_power_discr,21.0,17.0,,,,,,9.0,0.0
reactive_power_discr,21.0,17.0,,,,,,10.0,0.0
reactive_power_discr,21.0,17.0,,,,,,11.0,0.0
reactive_power_discr,21.0,17.0,,,,,,12.0,0.0
reactive_power_discr,21.0,17.0,,,,,,13.0,0.0
reactive_power_discr,21.0,17.0,,,,,,14.0,0.0
reactive_power_discr,21.0,17.0,,,,,,15.0,0.0
reactive_power_discr,21.0,18.0,,,,,,1.0,0.0
reactive_power_discr,21.0,18.0,,,,,,2.0,0.0
reactive_power_discr,21.0,18.0,,,,,,3.0,0.0
reactive_power_discr,21.0,18.0,,,,,,4.0,0.0
reactive_power_discr,21.0,18.0,,,,,,5.0,0.0
reactive_power_discr,21.0,18.0,,,,,,6.0,0.0
reactive_power_discr,21.0,18.0,,,,,,7.0,0.0
reactive_power_discr,21.0,18.0,,,,,,8.0,0.0
reactive_power_discr,21.0,18.0,,,,,,9.0,0.0
reactive_power_discr,21.0,18.0,,,,,,10.0,0.0
reactive_power_discr,21.0,18.0,,,,,,11.0,0.0
reactive_power_discr,21.0,18.0,,,,,,12.0,0.0
reactive_power_discr,21.0,18.0,,,,,,13.0,0.0
reactive_power_discr,21.0,18.0,,,,,,14.0,0.0
reactive_power_discr,21.0,18.0,,,,,,15.0,0.0
reactive_power_discr,21.0,19.0,,,,,,1.0,0.0075778699824844125
reactive_power_discr,21.0,19.0,,,,,,2.0,0.013320281329628255
reactive_power_discr,21.0,19.0,,,,,,3.0,0.012388874627889318
reactive_power_discr,21.0,19.0,,,,,,4.0,0.0
reactive_power_discr,21.0,19.0,,,,,,5.0,0.0
reactive_power_discr,21.0,19.0,,,,,,6.0,0.0
reactive_power_discr,21.0,19.0,,,,,,7.0,0.0
reactive_power_discr,21.0,19.0,,,,,,8.0,0.0
reactive_power_discr,21.0,19.0,,,,,,9.0,0.0
reactive_power_discr,21.0,19.0,,,,,,10.0,0.0
reactive_power_discr,21.0,19.0,,,,,,11.0,0.0
reactive_power_discr,21.0,19.0,,,,,,12.0,0.0
reactive_power_discr,21.0,19.0,,,,,,13.0,0.0
reactive_power_discr,21.0,19.0,,,,,,14.0,0.0
reactive_power_discr,21.0,19.0,,,,,,15.0,0.0
reactive_power_discr,22.0,0.0,,,,,,1.0,0.003718539153061278
reactive_power_discr,22.0,0.0,,,,,,2.0,0.0
reactive_power_discr,22.0,0.0,,,,,,3.0,0.0
reactive_power_discr,22.0,0.0,,,,,,4.0,0.0
reactive_power_discr,22.0,0.0,,,,,,5.0,0.0
reactive_power_discr,22.0,0.0,,,,,,6.0,0.0
reactive_power_discr,22.0,0.0,,,,,,7.0,0.0
reactive_power_discr,22.0,0.0,,,,,,8.0,0.0
reactive_power_discr,22.0,0.0,,,,,,9.0,0.0
reactive_power_discr,22.0,0.0,,,,,,10.0,0.0
reactive_power_discr,22.0,0.0,,,,,,11.0,0.0
reactive_power_discr,22.0,0.0,,,,,,12.0,0.0
reactive_power_discr,22.0,0.0,,,,,,13.0,0.0
reactive_power_discr,22.0,0.0,,,,,,14.0,0.0
reactive_power_discr,22.0,0.0,,,,,,15.0,0.0
reactive_power_discr,22.0,2.0,,,,,,1.0,0.003811904963134563
reactive_power_discr,22.0,2.0,,,,,,2.0,0.0015359921075829243
reactive_power_discr,22.0,2.0,,,,,,3.0,0.0
reactive_power_discr,22.0,2.0,,,,,,4.0,0.0
reactive_power_discr,22.0,2.0,,,,,,5.0,0.0
reactive_power_discr,22.0,2.0,,,,,,6.0,0.0
reactive_power_discr,22.0,2.0,,,,,,7.0,0.0
reactive_power_discr,22.0,2.0,,,,,,8.0,0.0
reactive_power_discr,22.0,2.0,,,,,,9.0,0.0
reactive_power_discr,22.0,2.0,,,,,,10.0,0.0
reactive_power_discr,22.0,2.0,,,,,,11.0,0.0
reactive_power_discr,22.0,2.0,,,,,,12.0,0.0
reactive_power_discr,22.0,2.0,,,,,,13.0,0.0
reactive_power_discr,22.0,2.0,,,,,,14.0,0.0
reactive_power_discr,22.0,2.0,,,,,,15.0,0.0
reactive_power_discr,22.0,6.0,,,,,,1.0,0.0003387517181739497
reactive_power_discr,22.0,6.0,,,,,,2.0,0.0
reactive_power_discr,22.0,6.0,,,,,,3.0,0.0
reactive_power_discr,22.0,6.0,,,,,,4.0,0.0
reactive_power_discr,22.0,6.0,,,,,,5.0,0.0
reactive_power_discr,22.0,6.0,,,,,,6.0,0.0
reactive_power_discr,22.0,6.0,,,,,,7.0,0.0
reactive_power_discr,22.0,6.0,,,,,,8.0,0.0
reactive_power_discr,22.0,6.0,,,,,,9.0,0.0
reactive_power_discr,22.0,6.0,,,,,,10.0,0.0
reactive_power_discr,22.0,6.0,,,,,,11.0,0.0
reactive_power_discr,22.0,6.0,,,,,,12.0,0.0
reactive_power_discr,22.0,6.0,,,,,,13.0,0.0
reactive_power_discr,22.0,6.0,,,,,,14.0,0.0
reactive_power_discr,22.0,6.0,,,,,,15.0,0.0
reactive_power_discr,22.0,10.0,,,,,,1.0,0.003811904963134563
reactive_power_discr,22.0,10.0,,,,,,2.0,0.004571436790358627
reactive_power_discr,22.0,10.0,,,,,,3.0,0.0
reactive_power_discr,22.0,10.0,,,,,,4.0,0.0
reactive_power_discr,22.0,10.0,,,,,,5.0,0.0
reactive_power_discr,22.0,10.0,,,,,,6.0,0.0
reactive_power_discr,22.0,10.0,,,,,,7.0,0.0
reactive_power_discr,22.0,10.0,,,,,,8.0,0.0
reactive_power_discr,22.0,10.0,,,,,,9.0,0.0
reactive_power_discr,22.0,10.0,,,,,,10.0,0.0
reactive_power_discr,22.0,10.0,,,,,,11.0,0.0
reactive_power_discr,22.0,10.0,,,,,,12.0,0.0
reactive_power_discr,22.0,10.0,,,,,,13.0,0.0
reactive_power_discr,22.0,10.0,,,,,,14.0,0.0
reactive_power_discr,22.0,10.0,,,,,,15.0,0.0
reactive_power_discr,22.0,11.0,,,,,,1.0,0.0075778699824844125
reactive_power_discr,22.0,11.0,,,,,,2.0,0.00444491725796997
reactive_power_discr,22.0,11.0,,,,,,3.0,0.0
reactive_power_discr,22.0,11.0,,,,,,4.0,0.0
reactive_power_discr,22.0,11.0,,,,,,5.0,0.0
reactive_power_discr,22.0,11.0,,,,,,6.0,0.0
reactive_power_discr,22.0,11.0,,,,,,7.0,0.0
reactive_power_discr,22.0,11.0,,,,,,8.0,0.0
reactive_power_discr,22.0,11.0,,,,,,9.0,0.0
reactive_power_discr,22.0,11.0,,,,,,10.0,0.0
reactive_power_discr,22.0,11.0,,,,,,11.0,0.0
reactive_power_discr,22.0,11.0,,,,,,12.0,0.0
reactive_power_discr,22.0,11.0,,,,,,13.0,0.0
reactive_power_discr,22.0,11.0,,,,,,14.0,0.0
reactive_power_discr,22.0,11.0,,,,,,15.0,0.0
reactive_power_discr,22.0,12.0,,,,,,1.0,0.0075778699824844125
reactive_power_discr,22.0,12.0,,,,,,2.0,0.013320281329628255
reactive_power_discr,22.0,12.0,,,,,,3.0,0.0004780777784875387
reactive_power_discr,22.0,12.0,,,,,,4.0,0.0
reactive_power_discr,22.0,12.0,,,,,,5.0,0.0
reactive_power_discr,22.0,12.0,,,,,,6.0,0.0
reactive_power_discr,22.0,12.0,,,,,,7.0,0.0
reactive_power_discr,22.0,12.0,,,,,,8.0,0.0
reactive_power_discr,22.0,12.0,,,,,,9.0,0.0
reactive_power_discr,22.0,12.0,,,,,,10.0,0.0
reactive_power_discr,22.0,12.0,,,,,,11.0,0.0
reactive_power_discr,22.0,12.0,,,,,,12.0,0.0
reactive_power_discr,22.0,12.0,,,,,,13.0,0.0
reactive_power_discr,22.0,12.0,,,,,,14.0,0.0
reactive_power_discr,22.0,12.0,,,,,,15.0,0.0
reactive_power_discr,22.0,13.0,,,,,,1.0,0.003811904963134563
reactive_power_discr,22.0,13.0,,,,,,2.0,0.005264966907931571
reactive_power_discr,22.0,13.0,,,,,,3.0,0.000708587696409765
reactive_power_discr,22.0,13.0,,,,,,4.0,0.0
reactive_power_discr,22.0,13.0,,,,,,5.0,0.0
reactive_power_discr,22.0,13.0,,,,,,6.0,0.0
reactive_power_discr,22.0,13.0,,,,,,7.0,0.0
reactive_power_discr,22.0,13.0,,,,,,8.0,0.0
reactive_power_discr,22.0,13.0,,,,,,9.0,0.0
reactive_power_discr,22.0,13.0,,,,,,10.0,0.0
reactive_power_discr,22.0,13.0,,,,,,11.0,0.0
reactive_power_discr,22.0,13.0,,,,,,12.0,0.0
reactive_power_discr,22.0,13.0,,,,,,13.0,0.0
reactive_power_discr,22.0,13.0,,,,,,14.0,0.0
reactive_power_discr,22.0,13.0,,,,,,15.0,0.0
reactive_power_discr,22.0,14.0,,,,,,1.0,0.003811904963134563
reactive_power_discr,22.0,14.0,,,,,,2.0,6.289157518823453e-05
reactive_power_discr,22.0,14.0,,,,,,3.0,0.0
reactive_power_discr,22.0,14.0,,,,,,4.0,0.0
reactive_power_discr,22.0,14.0,,,,,,5.0,0.0
reactive_power_discr,22.0,14.0,,,,,,6.0,0.0
reactive_power_discr,22.0,14.0,,,,,,7.0,0.0
reactive_power_discr,22.0,14.0,,,,,,8.0,0.0
reactive_power_discr,22.0,14.0,,,,,,9.0,0.0
reactive_power_discr,22.0,14.0,,,,,,10.0,0.0
reactive_power_discr,22.0,14.0,,,,,,11.0,0.0
reactive_power_discr,22.0,14.0,,,,,,12.0,0.0
reactive_power_discr,22.0,14.0,,,,,,13.0,0.0
reactive_power_discr,22.0,14.0,,,,,,14.0,0.0
reactive_power_discr,22.0,14.0,,,,,,15.0,0.0
reactive_power_discr,22.0,15.0,,,,,,1.0,0.003811904963134563
reactive_power_discr,22.0,15.0,,,,,,2.0,0.0038645348123277404
reactive_power_discr,22.0,15.0,,,,,,3.0,0.0
reactive_power_discr,22.0,15.0,,,,,,4.0,0.0
reactive_power_discr,22.0,15.0,,,,,,5.0,0.0
reactive_power_discr,22.0,15.0,,,,,,6.0,0.0
reactive_power_discr,22.0,15.0,,,,,,7.0,0.0
reactive_power_discr,22.0,15.0,,,,,,8.0,0.0
reactive_power_discr,22.0,15.0,,,,,,9.0,0.0
reactive_power_discr,22.0,15.0,,,,,,10.0,0.0
reactive_power_discr,22.0,15.0,,,,,,11.0,0.0
reactive_power_discr,22.0,15.0,,,,,,12.0,0.0
reactive_power_discr,22.0,15.0,,,,,,13.0,0.0
reactive_power_discr,22.0,15.0,,,,,,14.0,0.0
reactive_power_discr,22.0,15.0,,,,,,15.0,0.0
reactive_power_discr,22.0,17.0,,,,,,1.0,0.0075778699824844125
reactive_power_discr,22.0,17.0,,,,,,2.0,0.013320281329628255
reactive_power_discr,22.0,17.0,,,,,,3.0,0.023414217334232015
reactive_power_discr,22.0,17.0,,,,,,4.0,0.01008546638093736
reactive_power_discr,22.0,17.0,,,,,,5.0,0.0
reactive_power_discr,22.0,17.0,,,,,,6.0,0.0
reactive_power_discr,22.0,17.0,,,,,,7.0,0.0
reactive_power_discr,22.0,17.0,,,,,,8.0,0.0
reactive_power_discr,22.0,17.0,,,,,,9.0,0.0
reactive_power_discr,22.0,17.0,,,,,,10.0,0.0
reactive_power_discr,22.0,17.0,,,,,,11.0,0.0
reactive_power_discr,22.0,17.0,,,,,,12.0,0.0
reactive_power_discr,22.0,17.0,,,,,,13.0,0.0
reactive_power_discr,22.0,17.0,,,,,,14.0,0.0
reactive_power_discr,22.0,17.0,,,,,,15.0,0.0
reactive_power_discr,22.0,18.0,,,,,,1.0,0.0
reactive_power_discr,22.0,18.0,,,,,,2.0,0.0
reactive_power_discr,22.0,18.0,,,,,,3.0,0.0
reactive_power_discr,22.0,18.0,,,,,,4.0,0.0
reactive_power_discr,22.0,18.0,,,,,,5.0,0.0
reactive_power_discr,22.0,18.0,,,,,,6.0,0.0
reactive_power_discr,22.0,18.0,,,,,,7.0,0.0
reactive_power_discr,22.0,18.0,,,,,,8.0,0.0
reactive_power_discr,22.0,18.0,,,,,,9.0,0.0
reactive_power_discr,22.0,18.0,,,,,,10.0,0.0
reactive_power_discr,22.0,18.0,,,,,,11.0,0.0
reactive_power_discr,22.0,18.0,,,,,,12.0,0.0
reactive_power_discr,22.0,18.0,,,,,,13.0,0.0
reactive_power_discr,22.0,18.0,,,,,,14.0,0.0
reactive_power_discr,22.0,18.0,,,,,,15.0,0.0
reactive_power_discr,22.0,19.0,,,,,,1.0,0.0075778699824844125
reactive_power_discr,22.0,19.0,,,,,,2.0,0.013320281329628255
reactive_power_discr,22.0,19.0,,,,,,3.0,0.006708111586440607
reactive_power_discr,22.0,19.0,,,,,,4.0,0.0
reactive_power_discr,22.0,19.0,,,,,,5.0,0.0
reactive_power_discr,22.0,19.0,,,,,,6.0,0.0
reactive_power_discr,22.0,19.0,,,,,,7.0,0.0
reactive_power_discr,22.0,19.0,,,,,,8.0,0.0
reactive_power_discr,22.0,19.0,,,,,,9.0,0.0
reactive_power_discr,22.0,19.0,,,,,,10.0,0.0
reactive_power_discr,22.0,19.0,,,,,,11.0,0.0
reactive_power_discr,22.0,19.0,,,,,,12.0,0.0
reactive_power_discr,22.0,19.0,,,,,,13.0,0.0
reactive_power_discr,22.0,19.0,,,,,,14.0,0.0
reactive_power_discr,22.0,19.0,,,,,,15.0,0.0
reactive_power_discr,23.0,0.0,,,,,,1.0,0.0036940060908395153
reactive_power_discr,23.0,0.0,,,,,,2.0,0.0
reactive_power_discr,23.0,0.0,,,,,,3.0,0.0
reactive_power_discr,23.0,0.0,,,,,,4.0,0.0
reactive_power_discr,23.0,0.0,,,,,,5.0,0.0
reactive_power_discr,23.0,0.0,,,,,,6.0,0.0
reactive_power_discr,23.0,0.0,,,,,,7.0,0.0
reactive_power_discr,23.0,0.0,,,,,,8.0,0.0
reactive_power_discr,23.0,0.0,,,,,,9.0,0.0
reactive_power_discr,23.0,0.0,,,,,,10.0,0.0
reactive_power_discr,23.0,0.0,,,,,,11.0,0.0
reactive_power_discr,23.0,0.0,,,,,,12.0,0.0
reactive_power_discr,23.0,0.0,,,,,,13.0,0.0
reactive_power_discr,23.0,0.0,,,,,,14.0,0.0
reactive_power_discr,23.0,0.0,,,,,,15.0,0.0
reactive_power_discr,23.0,2.0,,,,,,1.0,0.003811904963134563
reactive_power_discr,23.0,2.0,,,,,,2.0,0.001044162637633979
reactive_power_discr,23.0,2.0,,,,,,3.0,0.0
reactive_power_discr,23.0,2.0,,,,,,4.0,0.0
reactive_power_discr,23.0,2.0,,,,,,5.0,0.0
reactive_power_discr,23.0,2.0,,,,,,6.0,0.0
reactive_power_discr,23.0,2.0,,,,,,7.0,0.0
reactive_power_discr,23.0,2.0,,,,,,8.0,0.0
reactive_power_discr,23.0,2.0,,,,,,9.0,0.0
reactive_power_discr,23.0,2.0,,,,,,10.0,0.0
reactive_power_discr,23.0,2.0,,,,,,11.0,0.0
reactive_power_discr,23.0,2.0,,,,,,12.0,0.0
reactive_power_discr,23.0,2.0,,,,,,13.0,0.0
reactive_power_discr,23.0,2.0,,,,,,14.0,0.0
reactive_power_discr,23.0,2.0,,,,,,15.0,0.0
reactive_power_discr,23.0,6.0,,,,,,1.0,0.0006652365052399133
reactive_power_discr,23.0,6.0,,,,,,2.0,0.0
reactive_power_discr,23.0,6.0,,,,,,3.0,0.0
reactive_power_discr,23.0,6.0,,,,,,4.0,0.0
reactive_power_discr,23.0,6.0,,,,,,5.0,0.0
reactive_power_discr,23.0,6.0,,,,,,6.0,0.0
reactive_power_discr,23.0,6.0,,,,,,7.0,0.0
reactive_power_discr,23.0,6.0,,,,,,8.0,0.0
reactive_power_discr,23.0,6.0,,,,,,9.0,0.0
reactive_power_discr,23.0,6.0,,,,,,10.0,0.0
reactive_power_discr,23.0,6.0,,,,,,11.0,0.0
reactive_power_discr,23.0,6.0,,,,,,12.0,0.0
reactive_power_discr,23.0,6.0,,,,,,13.0,0.0
reactive_power_discr,23.0,6.0,,,,,,14.0,0.0
reactive_power_discr,23.0,6.0,,,,,,15.0,0.0
reactive_power_discr,23.0,10.0,,,,,,1.0,0.003811904963134563
reactive_power_discr,23.0,10.0,,,,,,2.0,0.004051782216332074
reactive_power_discr,23.0,10.0,,,,,,3.0,0.0
reactive_power_discr,23.0,10.0,,,,,,4.0,0.0
reactive_power_discr,23.0,10.0,,,,,,5.0,0.0
reactive_power_discr,23.0,10.0,,,,,,6.0,0.0
reactive_power_discr,23.0,10.0,,,,,,7.0,0.0
reactive_power_discr,23.0,10.0,,,,,,8.0,0.0
reactive_power_discr,23.0,10.0,,,,,,9.0,0.0
reactive_power_discr,23.0,10.0,,,,,,10.0,0.0
reactive_power_discr,23.0,10.0,,,,,,11.0,0.0
reactive_power_discr,23.0,10.0,,,,,,12.0,0.0
reactive_power_discr,23.0,10.0,,,,,,13.0,0.0
reactive_power_discr,23.0,10.0,,,,,,14.0,0.0
reactive_power_discr,23.0,10.0,,,,,,15.0,0.0
reactive_power_discr,23.0,11.0,,,,,,1.0,0.0075778699824844125
reactive_power_discr,23.0,11.0,,,,,,2.0,0.003340066837871355
reactive_power_discr,23.0,11.0,,,,,,3.0,0.0
reactive_power_discr,23.0,11.0,,,,,,4.0,0.0
reactive_power_discr,23.0,11.0,,,,,,5.0,0.0
reactive_power_discr,23.0,11.0,,,,,,6.0,0.0
reactive_power_discr,23.0,11.0,,,,,,7.0,0.0
reactive_power_discr,23.0,11.0,,,,,,8.0,0.0
reactive_power_discr,23.0,11.0,,,,,,9.0,0.0
reactive_power_discr,23.0,11.0,,,,,,10.0,0.0
reactive_power_discr,23.0,11.0,,,,,,11.0,0.0
reactive_power_discr,23.0,11.0,,,,,,12.0,0.0
reactive_power_discr,23.0,11.0,,,,,,13.0,0.0
reactive_power_discr,23.0,11.0,,,,,,14.0,0.0
reactive_power_discr,23.0,11.0,,,,,,15.0,0.0
reactive_power_discr,23.0,12.0,,,,,,1.0,0.0075778699824844125
reactive_power_discr,23.0,12.0,,,,,,2.0,0.012692055211421893
reactive_power_discr,23.0,12.0,,,,,,3.0,0.0
reactive_power_discr,23.0,12.0,,,,,,4.0,0.0
reactive_power_discr,23.0,12.0,,,,,,5.0,0.0
reactive_power_discr,23.0,12.0,,,,,,6.0,0.0
reactive_power_discr,23.0,12.0,,,,,,7.0,0.0
reactive_power_discr,23.0,12.0,,,,,,8.0,0.0
reactive_power_discr,23.0,12.0,,,,,,9.0,0.0
reactive_power_discr,23.0,12.0,,,,,,10.0,0.0
reactive_power_discr,23.0,12.0,,,,,,11.0,0.0
reactive_power_discr,23.0,12.0,,,,,,12.0,0.0
reactive_power_discr,23.0,12.0,,,,,,13.0,0.0
reactive_power_discr,23.0,12.0,,,,,,14.0,0.0
reactive_power_discr,23.0,12.0,,,,,,15.0,0.0
reactive_power_discr,23.0,13.0,,,,,,1.0,0.003811904963134563
reactive_power_discr,23.0,13.0,,,,,,2.0,0.004678802651258172
reactive_power_discr,23.0,13.0,,,,,,3.0,0.0
reactive_power_discr,23.0,13.0,,,,,,4.0,0.0
reactive_power_discr,23.0,13.0,,,,,,5.0,0.0
reactive_power_discr,23.0,13.0,,,,,,6.0,0.0
reactive_power_discr,23.0,13.0,,,,,,7.0,0.0
reactive_power_discr,23.0,13.0,,,,,,8.0,0.0
reactive_power_discr,23.0,13.0,,,,,,9.0,0.0
reactive_power_discr,23.0,13.0,,,,,,10.0,0.0
reactive_power_discr,23.0,13.0,,,,,,11.0,0.0
reactive_power_discr,23.0,13.0,,,,,,12.0,0.0
reactive_power_discr,23.0,13.0,,,,,,13.0,0.0
reactive_power_discr,23.0,13.0,,,,,,14.0,0.0
reactive_power_discr,23.0,13.0,,,,,,15.0,0.0
reactive_power_discr,23.0,14.0,,,,,,1.0,0.0037694608718332225
reactive_power_discr,23.0,14.0,,,,,,2.0,0.0
reactive_power_discr,23.0,14.0,,,,,,3.0,0.0
reactive_power_discr,23.0,14.0,,,,,,4.0,0.0
reactive_power_discr,23.0,14.0,,,,,,5.0,0.0
reactive_power_discr,23.0,14.0,,,,,,6.0,0.0
reactive_power_discr,23.0,14.0,,,,,,7.0,0.0
reactive_power_discr,23.0,14.0,,,,,,8.0,0.0
reactive_power_discr,23.0,14.0,,,,,,9.0,0.0
reactive_power_discr,23.0,14.0,,,,,,10.0,0.0
reactive_power_discr,23.0,14.0,,,,,,11.0,0.0
reactive_power_discr,23.0,14.0,,,,,,12.0,0.0
reactive_power_discr,23.0,14.0,,,,,,13.0,0.0
reactive_power_discr,23.0,14.0,,,,,,14.0,0.0
reactive_power_discr,23.0,14.0,,,,,,15.0,0.0
reactive_power_discr,23.0,15.0,,,,,,1.0,0.003811904963134563
reactive_power_discr,23.0,15.0,,,,,,2.0,0.0028014830785293723
reactive_power_discr,23.0,15.0,,,,,,3.0,0.0
reactive_power_discr,23.0,15.0,,,,,,4.0,0.0
reactive_power_discr,23.0,15.0,,,,,,5.0,0.0
reactive_power_discr,23.0,15.0,,,,,,6.0,0.0
reactive_power_discr,23.0,15.0,,,,,,7.0,0.0
reactive_power_discr,23.0,15.0,,,,,,8.0,0.0
reactive_power_discr,23.0,15.0,,,,,,9.0,0.0
reactive_power_discr,23.0,15.0,,,,,,10.0,0.0
reactive_power_discr,23.0,15.0,,,,,,11.0,0.0
reactive_power_discr,23.0,15.0,,,,,,12.0,0.0
reactive_power_discr,23.0,15.0,,,,,,13.0,0.0
reactive_power_discr,23.0,15.0,,,,,,14.0,0.0
reactive_power_discr,23.0,15.0,,,,,,15.0,0.0
reactive_power_discr,23.0,17.0,,,,,,1.0,0.0075778699824844125
reactive_power_discr,23.0,17.0,,,,,,2.0,0.013320281329628255
reactive_power_discr,23.0,17.0,,,,,,3.0,0.023414217334232015
reactive_power_discr,23.0,17.0,,,,,,4.0,0.005162903868215309
reactive_power_discr,23.0,17.0,,,,,,5.0,0.0
reactive_power_discr,23.0,17.0,,,,,,6.0,0.0
reactive_power_discr,23.0,17.0,,,,,,7.0,0.0
reactive_power_discr,23.0,17.0,,,,,,8.0,0.0
reactive_power_discr,23.0,17.0,,,,,,9.0,0.0
reactive_power_discr,23.0,17.0,,,,,,10.0,0.0
reactive_power_discr,23.0,17.0,,,,,,11.0,0.0
reactive_power_discr,23.0,17.0,,,,,,12.0,0.0
reactive_power_discr,23.0,17.0,,,,,,13.0,0.0
reactive_power_discr,23.0,17.0,,,,,,14.0,0.0
reactive_power_discr,23.0,17.0,,,,,,15.0,0.0
reactive_power_discr,23.0,18.0,,,,,,1.0,0.0
reactive_power_discr,23.0,18.0,,,,,,2.0,0.0
reactive_power_discr,23.0,18.0,,,,,,3.0,0.0
reactive_power_discr,23.0,18.0,,,,,,4.0,0.0
reactive_power_discr,23.0,18.0,,,,,,5.0,0.0
reactive_power_discr,23.0,18.0,,,,,,6.0,0.0
reactive_power_discr,23.0,18.0,,,,,,7.0,0.0
reactive_power_discr,23.0,18.0,,,,,,8.0,0.0
reactive_power_discr,23.0,18.0,,,,,,9.0,0.0
reactive_power_discr,23.0,18.0,,,,,,10.0,0.0
reactive_power_discr,23.0,18.0,,,,,,11.0,0.0
reactive_power_discr,23.0,18.0,,,,,,12.0,0.0
reactive_power_discr,23.0,18.0,,,,,,13.0,0.0
reactive_power_discr,23.0,18.0,,,,,,14.0,0.0
reactive_power_discr,23.0,18.0,,,,,,15.0,0.0
reactive_power_discr,23.0,19.0,,,,,,1.0,0.0075778699824844125
reactive_power_discr,23.0,19.0,,,,,,2.0,0.013320281329628255
reactive_power_discr,23.0,19.0,,,,,,3.0,0.0034058768463709685
reactive_power_discr,23.0,19.0,,,,,,4.0,0.0
reactive_power_discr,23.0,19.0,,,,,,5.0,0.0
reactive_power_discr,23.0,19.0,,,,,,6.0,0.0
reactive_power_discr,23.0,19.0,,,,,,7.0,0.0
reactive_power_discr,23.0,19.0,,,,,,8.0,0.0
reactive_power_discr,23.0,19.0,,,,,,9.0,0.0
reactive_power_discr,23.0,19.0,,,,,,10.0,0.0
reactive_power_discr,23.0,19.0,,,,,,11.0,0.0
reactive_power_discr,23.0,19.0,,,,,,12.0,0.0
reactive_power_discr,23.0,19.0,,,,,,13.0,0.0
reactive_power_discr,23.0,19.0,,,,,,14.0,0.0
reactive_power_discr,23.0,19.0,,,,,,15.0,0.0
reactive_power_discr,24.0,0.0,,,,,,1.0,0.003553706415087179
reactive_power_discr,24.0,0.0,,,,,,2.0,0.0
reactive_power_discr,24.0,0.0,,,,,,3.0,0.0
reactive_power_discr,24.0,0.0,,,,,,4.0,0.0
reactive_power_discr,24.0,0.0,,,,,,5.0,0.0
reactive_power_discr,24.0,0.0,,,,,,6.0,0.0
reactive_power_discr,24.0,0.0,,,,,,7.0,0.0
reactive_power_discr,24.0,0.0,,,,,,8.0,0.0
reactive_power_discr,24.0,0.0,,,,,,9.0,0.0
reactive_power_discr,24.0,0.0,,,,,,10.0,0.0
reactive_power_discr,24.0,0.0,,,,,,11.0,0.0
reactive_power_discr,24.0,0.0,,,,,,12.0,0.0
reactive_power_discr,24.0,0.0,,,,,,13.0,0.0
reactive_power_discr,24.0,0.0,,,,,,14.0,0.0
reactive_power_discr,24.0,0.0,,,,,,15.0,0.0
reactive_power_discr,24.0,2.0,,,,,,1.0,0.003811904963134563
reactive_power_discr,24.0,2.0,,,,,,2.0,0.0006083449038196166
reactive_power_discr,24.0,2.0,,,,,,3.0,0.0
reactive_power_discr,24.0,2.0,,,,,,4.0,0.0
reactive_power_discr,24.0,2.0,,,,,,5.0,0.0
reactive_power_discr,24.0,2.0,,,,,,6.0,0.0
reactive_power_discr,24.0,2.0,,,,,,7.0,0.0
reactive_power_discr,24.0,2.0,,,,,,8.0,0.0
reactive_power_discr,24.0,2.0,,,,,,9.0,0.0
reactive_power_discr,24.0,2.0,,,,,,10.0,0.0
reactive_power_discr,24.0,2.0,,,,,,11.0,0.0
reactive_power_discr,24.0,2.0,,,,,,12.0,0.0
reactive_power_discr,24.0,2.0,,,,,,13.0,0.0
reactive_power_discr,24.0,2.0,,,,,,14.0,0.0
reactive_power_discr,24.0,2.0,,,,,,15.0,0.0
reactive_power_discr,24.0,6.0,,,,,,1.0,0.0006030376040840051
reactive_power_discr,24.0,6.0,,,,,,2.0,0.0
reactive_power_discr,24.0,6.0,,,,,,3.0,0.0
reactive_power_discr,24.0,6.0,,,,,,4.0,0.0
reactive_power_discr,24.0,6.0,,,,,,5.0,0.0
reactive_power_discr,24.0,6.0,,,,,,6.0,0.0
reactive_power_discr,24.0,6.0,,,,,,7.0,0.0
reactive_power_discr,24.0,6.0,,,,,,8.0,0.0
reactive_power_discr,24.0,6.0,,,,,,9.0,0.0
reactive_power_discr,24.0,6.0,,,,,,10.0,0.0
reactive_power_discr,24.0,6.0,,,,,,11.0,0.0
reactive_power_discr,24.0,6.0,,,,,,12.0,0.0
reactive_power_discr,24.0,6.0,,,,,,13.0,0.0
reactive_power_discr,24.0,6.0,,,,,,14.0,0.0
reactive_power_discr,24.0,6.0,,,,,,15.0,0.0
reactive_power_discr,24.0,10.0,,,,,,1.0,0.003811904963134563
reactive_power_discr,24.0,10.0,,,,,,2.0,0.0034981444477243957
reactive_power_discr,24.0,10.0,,,,,,3.0,0.0
reactive_power_discr,24.0,10.0,,,,,,4.0,0.0
reactive_power_discr,24.0,10.0,,,,,,5.0,0.0
reactive_power_discr,24.0,10.0,,,,,,6.0,0.0
reactive_power_discr,24.0,10.0,,,,,,7.0,0.0
reactive_power_discr,24.0,10.0,,,,,,8.0,0.0
reactive_power_discr,24.0,10.0,,,,,,9.0,0.0
reactive_power_discr,24.0,10.0,,,,,,10.0,0.0
reactive_power_discr,24.0,10.0,,,,,,11.0,0.0
reactive_power_discr,24.0,10.0,,,,,,12.0,0.0
reactive_power_discr,24.0,10.0,,,,,,13.0,0.0
reactive_power_discr,24.0,10.0,,,,,,14.0,0.0
reactive_power_discr,24.0,10.0,,,,,,15.0,0.0
reactive_power_discr,24.0,11.0,,,,,,1.0,0.0075778699824844125
reactive_power_discr,24.0,11.0,,,,,,2.0,0.002360472518888237
reactive_power_discr,24.0,11.0,,,,,,3.0,0.0
reactive_power_discr,24.0,11.0,,,,,,4.0,0.0
reactive_power_discr,24.0,11.0,,,,,,5.0,0.0
reactive_power_discr,24.0,11.0,,,,,,6.0,0.0
reactive_power_discr,24.0,11.0,,,,,,7.0,0.0
reactive_power_discr,24.0,11.0,,,,,,8.0,0.0
reactive_power_discr,24.0,11.0,,,,,,9.0,0.0
reactive_power_discr,24.0,11.0,,,,,,10.0,0.0
reactive_power_discr,24.0,11.0,,,,,,11.0,0.0
reactive_power_discr,24.0,11.0,,,,,,12.0,0.0
reactive_power_discr,24.0,11.0,,,,,,13.0,0.0
reactive_power_discr,24.0,11.0,,,,,,14.0,0.0
reactive_power_discr,24.0,11.0,,,,,,15.0,0.0
reactive_power_discr,24.0,12.0,,,,,,1.0,0.0075778699824844125
reactive_power_discr,24.0,12.0,,,,,,2.0,0.011425451160222361
reactive_power_discr,24.0,12.0,,,,,,3.0,0.0
reactive_power_discr,24.0,12.0,,,,,,4.0,0.0
reactive_power_discr,24.0,12.0,,,,,,5.0,0.0
reactive_power_discr,24.0,12.0,,,,,,6.0,0.0
reactive_power_discr,24.0,12.0,,,,,,7.0,0.0
reactive_power_discr,24.0,12.0,,,,,,8.0,0.0
reactive_power_discr,24.0,12.0,,,,,,9.0,0.0
reactive_power_discr,24.0,12.0,,,,,,10.0,0.0
reactive_power_discr,24.0,12.0,,,,,,11.0,0.0
reactive_power_discr,24.0,12.0,,,,,,12.0,0.0
reactive_power_discr,24.0,12.0,,,,,,13.0,0.0
reactive_power_discr,24.0,12.0,,,,,,14.0,0.0
reactive_power_discr,24.0,12.0,,,,,,15.0,0.0
reactive_power_discr,24.0,13.0,,,,,,1.0,0.003811904963134563
reactive_power_discr,24.0,13.0,,,,,,2.0,0.0038170805461790226
reactive_power_discr,24.0,13.0,,,,,,3.0,0.0
reactive_power_discr,24.0,13.0,,,,,,4.0,0.0
reactive_power_discr,24.0,13.0,,,,,,5.0,0.0
reactive_power_discr,24.0,13.0,,,,,,6.0,0.0
reactive_power_discr,24.0,13.0,,,,,,7.0,0.0
reactive_power_discr,24.0,13.0,,,,,,8.0,0.0
reactive_power_discr,24.0,13.0,,,,,,9.0,0.0
reactive_power_discr,24.0,13.0,,,,,,10.0,0.0
reactive_power_discr,24.0,13.0,,,,,,11.0,0.0
reactive_power_discr,24.0,13.0,,,,,,12.0,0.0
reactive_power_discr,24.0,13.0,,,,,,13.0,0.0
reactive_power_discr,24.0,13.0,,,,,,14.0,0.0
reactive_power_discr,24.0,13.0,,,,,,15.0,0.0
reactive_power_discr,24.0,14.0,,,,,,1.0,0.0035831709728442137
reactive_power_discr,24.0,14.0,,,,,,2.0,0.0
reactive_power_discr,24.0,14.0,,,,,,3.0,0.0
reactive_power_discr,24.0,14.0,,,,,,4.0,0.0
reactive_power_discr,24.0,14.0,,,,,,5.0,0.0
reactive_power_discr,24.0,14.0,,,,,,6.0,0.0
reactive_power_discr,24.0,14.0,,,,,,7.0,0.0
reactive_power_discr,24.0,14.0,,,,,,8.0,0.0
reactive_power_discr,24.0,14.0,,,,,,9.0,0.0
reactive_power_discr,24.0,14.0,,,,,,10.0,0.0
reactive_power_discr,24.0,14.0,,,,,,11.0,0.0
reactive_power_discr,24.0,14.0,,,,,,12.0,0.0
reactive_power_discr,24.0,14.0,,,,,,13.0,0.0
reactive_power_discr,24.0,14.0,,,,,,14.0,0.0
reactive_power_discr,24.0,14.0,,,,,,15.0,0.0
reactive_power_discr,24.0,15.0,,,,,,1.0,0.003811904963134563
reactive_power_discr,24.0,15.0,,,,,,2.0,0.002210619100363201
reactive_power_discr,24.0,15.0,,,,,,3.0,0.0
reactive_power_discr,24.0,15.0,,,,,,4.0,0.0
reactive_power_discr,24.0,15.0,,,,,,5.0,0.0
reactive_power_discr,24.0,15.0,,,,,,6.0,0.0
reactive_power_discr,24.0,15.0,,,,,,7.0,0.0
reactive_power_discr,24.0,15.0,,,,,,8.0,0.0
reactive_power_discr,24.0,15.0,,,,,,9.0,0.0
reactive_power_discr,24.0,15.0,,,,,,10.0,0.0
reactive_power_discr,24.0,15.0,,,,,,11.0,0.0
reactive_power_discr,24.0,15.0,,,,,,12.0,0.0
reactive_power_discr,24.0,15.0,,,,,,13.0,0.0
reactive_power_discr,24.0,15.0,,,,,,14.0,0.0
reactive_power_discr,24.0,15.0,,,,,,15.0,0.0
reactive_power_discr,24.0,17.0,,,,,,1.0,0.0075778699824844125
reactive_power_discr,24.0,17.0,,,,,,2.0,0.013320281329628255
reactive_power_discr,24.0,17.0,,,,,,3.0,0.023414217334232015
reactive_power_discr,24.0,17.0,,,,,,4.0,0.0011676269986533455
reactive_power_discr,24.0,17.0,,,,,,5.0,0.0
reactive_power_discr,24.0,17.0,,,,,,6.0,0.0
reactive_power_discr,24.0,17.0,,,,,,7.0,0.0
reactive_power_discr,24.0,17.0,,,,,,8.0,0.0
reactive_power_discr,24.0,17.0,,,,,,9.0,0.0
reactive_power_discr,24.0,17.0,,,,,,10.0,0.0
reactive_power_discr,24.0,17.0,,,,,,11.0,0.0
reactive_power_discr,24.0,17.0,,,,,,12.0,0.0
reactive_power_discr,24.0,17.0,,,,,,13.0,0.0
reactive_power_discr,24.0,17.0,,,,,,14.0,0.0
reactive_power_discr,24.0,17.0,,,,,,15.0,0.0
reactive_power_discr,24.0,18.0,,,,,,1.0,0.0
reactive_power_discr,24.0,18.0,,,,,,2.0,0.0
reactive_power_discr,24.0,18.0,,,,,,3.0,0.0
reactive_power_discr,24.0,18.0,,,,,,4.0,0.0
reactive_power_discr,24.0,18.0,,,,,,5.0,0.0
reactive_power_discr,24.0,18.0,,,,,,6.0,0.0
reactive_power_discr,24.0,18.0,,,,,,7.0,0.0
reactive_power_discr,24.0,18.0,,,,,,8.0,0.0
reactive_power_discr,24.0,18.0,,,,,,9.0,0.0
reactive_power_discr,24.0,18.0,,,,,,10.0,0.0
reactive_power_discr,24.0,18.0,,,,,,11.0,0.0
reactive_power_discr,24.0,18.0,,,,,,12.0,0.0
reactive_power_discr,24.0,18.0,,,,,,13.0,0.0
reactive_power_discr,24.0,18.0,,,,,,14.0,0.0
reactive_power_discr,24.0,18.0,,,,,,15.0,0.0
reactive_power_discr,24.0,19.0,,,,,,1.0,0.0075778699824844125
reactive_power_discr,24.0,19.0,,,,,,2.0,0.013320281329628255
reactive_power_discr,24.0,19.0,,,,,,3.0,0.0011267827423093527
reactive_power_discr,24.0,19.0,,,,,,4.0,0.0
reactive_power_discr,24.0,19.0,,,,,,5.0,0.0
reactive_power_discr,24.0,19.0,,,,,,6.0,0.0
reactive_power_discr,24.0,19.0,,,,,,7.0,0.0
reactive_power_discr,24.0,19.0,,,,,,8.0,0.0
reactive_power_discr,24.0,19.0,,,,,,9.0,0.0
reactive_power_discr,24.0,19.0,,,,,,10.0,0.0
reactive_power_discr,24.0,19.0,,,,,,11.0,0.0
reactive_power_discr,24.0,19.0,,,,,,12.0,0.0
reactive_power_discr,24.0,19.0,,,,,,13.0,0.0
reactive_power_discr,24.0,19.0,,,,,,14.0,0.0
reactive_power_discr,24.0,19.0,,,,,,15.0,0.0
P_load,1.0,,,,,11.0,,,0.02077353558395691
P_load,1.0,,,,,14.0,,,0.01897869434820388
P_load,1.0,,,,,8.0,,,0.007790075843983842
P_load,1.0,,,,,12.0,,,0.010688980962796763
P_load,1.0,,,,,6.0,,,0.0033682285571288483
P_load,1.0,,,,,15.0,,,0.007474121686889948
P_load,1.0,,,,,10.0,,,0.01731127965329743
P_load,1.0,,,,,9.0,,,0.01384902372263794
P_load,1.0,,,,,7.0,,,0.009232682481758625
P_load,1.0,,,,,5.0,,,0.03418913023819301
P_load,1.0,,,,,13.0,,,0.0024899441170325256
P_load,2.0,,,,,11.0,,,0.02077353558395691
P_load,2.0,,,,,14.0,,,0.01897869434820388
P_load,2.0,,,,,8.0,,,0.007790075843983842
P_load,2.0,,,,,12.0,,,0.007520232844906893
P_load,2.0,,,,,6.0,,,0.003282839834042834
P_load,2.0,,,,,15.0,,,0.007474121686889948
P_load,2.0,,,,,10.0,,,0.01731127965329743
P_load,2.0,,,,,9.0,,,0.01384902372263794
P_load,2.0,,,,,7.0,,,0.009232682481758625
P_load,2.0,,,,,5.0,,,0.03165990397567167
P_load,2.0,,,,,13.0,,,0.0024899441170325256
P_load,3.0,,,,,11.0,,,0.02077353558395691
P_load,3.0,,,,,14.0,,,0.01897869434820388
P_load,3.0,,,,,8.0,,,0.007790075843983842
P_load,3.0,,,,,12.0,,,0.009730062194183691
P_load,3.0,,,,,6.0,,,0.0031803733663396134
P_load,3.0,,,,,15.0,,,0.007474121686889948
P_load,3.0,,,,,10.0,,,0.01731127965329743
P_load,3.0,,,,,9.0,,,0.01384902372263794
P_load,3.0,,,,,7.0,,,0.009232682481758625
P_load,3.0,,,,,5.0,,,0.03039529084441103
P_load,3.0,,,,,13.0,,,0.0024899441170325256
P_load,4.0,,,,,11.0,,,0.02077353558395691
P_load,4.0,,,,,14.0,,,0.01897869434820388
P_load,4.0,,,,,8.0,,,0.007790075843983842
P_load,4.0,,,,,12.0,,,0.007360413050138047
P_load,4.0,,,,,6.0,,,0.0031803733663396134
P_load,4.0,,,,,15.0,,,0.007474121686889948
P_load,4.0,,,,,10.0,,,0.01731127965329743
P_load,4.0,,,,,9.0,,,0.01384902372263794
P_load,4.0,,,,,7.0,,,0.009232682481758625
P_load,4.0,,,,,5.0,,,0.02976298427878069
P_load,4.0,,,,,13.0,,,0.0024899441170325256
P_load,5.0,,,,,11.0,,,0.02077353558395691
P_load,5.0,,,,,14.0,,,0.01897869434820388
P_load,5.0,,,,,8.0,,,0.007790075843983842
P_load,5.0,,,,,12.0,,,0.014469360482274981
P_load,5.0,,,,,6.0,,,0.0031826350576147824
P_load,5.0,,,,,15.0,,,0.007474121686889948
P_load,5.0,,,,,10.0,,,0.01731127965329743
P_load,5.0,,,,,9.0,,,0.01384902372263794
P_load,5.0,,,,,7.0,,,0.009232682481758625
P_load,5.0,,,,,5.0,,,0.03028623801286217
P_load,5.0,,,,,13.0,,,0.0024899441170325256
P_load,6.0,,,,,11.0,,,0.021119519061007702
P_load,6.0,,,,,14.0,,,0.01897869434820388
P_load,6.0,,,,,8.0,,,0.007919819647877887
P_load,6.0,,,,,12.0,,,0.03232196911323429
P_load,6.0,,,,,6.0,,,0.0047543298969258095
P_load,6.0,,,,,15.0,,,0.007474121686889948
P_load,6.0,,,,,10.0,,,0.01759959921750641
P_load,6.0,,,,,9.0,,,0.014079679374005127
P_load,6.0,,,,,7.0,,,0.009386452916003426
P_load,6.0,,,,,5.0,,,0.035516913590804354
P_load,6.0,,,,,13.0,,,0.0024899441170325256
P_load,7.0,,,,,11.0,,,0.026252321015156444
P_load,7.0,,,,,14.0,,,0.01897869434820388
P_load,7.0,,,,,8.0,,,0.00984462038068367
P_load,7.0,,,,,12.0,,,0.036731576748723536
P_load,7.0,,,,,6.0,,,0.01115859921842981
P_load,7.0,,,,,15.0,,,0.007474121686889948
P_load,7.0,,,,,10.0,,,0.021876934179297043
P_load,7.0,,,,,9.0,,,0.01750154734343764
P_load,7.0,,,,,7.0,,,0.011667698228958417
P_load,7.0,,,,,5.0,,,0.04549860163486528
P_load,7.0,,,,,13.0,,,0.0024899441170325256
P_load,8.0,,,,,11.0,,,0.03423342387059585
P_load,8.0,,,,,14.0,,,0.01902877225692168
P_load,8.0,,,,,8.0,,,0.012837533951473436
P_load,8.0,,,,,12.0,,,0.04096756797088387
P_load,8.0,,,,,6.0,,,0.01445277567203553
P_load,8.0,,,,,15.0,,,0.007492042647486111
P_load,8.0,,,,,10.0,,,0.02852785322549654
P_load,8.0,,,,,9.0,,,0.02282228258039723
P_load,8.0,,,,,7.0,,,0.01521485505359815
P_load,8.0,,,,,5.0,,,0.05386229805695728
P_load,8.0,,,,,13.0,,,0.00652097887487266
P_load,9.0,,,,,11.0,,,0.07686329500468701
P_load,9.0,,,,,14.0,,,0.058538667017157604
P_load,9.0,,,,,8.0,,,0.028823735626757618
P_load,9.0,,,,,12.0,,,0.0476057141220116
P_load,9.0,,,,,6.0,,,0.011677283225338703
P_load,9.0,,,,,15.0,,,0.0219808095413427
P_load,9.0,,,,,10.0,,,0.06405274583723916
P_load,9.0,,,,,9.0,,,0.05124219666979133
P_load,9.0,,,,,7.0,,,0.03379016844652756
P_load,9.0,,,,,5.0,,,0.05363487599666687
P_load,9.0,,,,,13.0,,,0.00908735307390625
P_load,10.0,,,,,11.0,,,0.07202156254061631
P_load,10.0,,,,,14.0,,,0.05740225665876139
P_load,10.0,,,,,8.0,,,0.02700808595273112
P_load,10.0,,,,,12.0,,,0.053679445945753475
P_load,10.0,,,,,6.0,,,0.0106802157507132
P_load,10.0,,,,,15.0,,,0.021240580095079845
P_load,10.0,,,,,10.0,,,0.060017968783846916
P_load,10.0,,,,,9.0,,,0.04801437502707754
P_load,10.0,,,,,7.0,,,0.031282383351385015
P_load,10.0,,,,,5.0,,,0.051034364188225406
P_load,10.0,,,,,13.0,,,0.014428908514768761
P_load,11.0,,,,,11.0,,,0.0708133202796769
P_load,11.0,,,,,14.0,,,0.05936484365449069
P_load,11.0,,,,,8.0,,,0.026554995104878854
P_load,11.0,,,,,12.0,,,0.067114578802571
P_load,11.0,,,,,6.0,,,0.006080039472898299
P_load,11.0,,,,,15.0,,,0.022009665092315094
P_load,11.0,,,,,10.0,,,0.05901110023306411
P_load,11.0,,,,,9.0,,,0.04720888018645127
P_load,11.0,,,,,7.0,,,0.030643050790967522
P_load,11.0,,,,,5.0,,,0.0491723904412991
P_load,11.0,,,,,13.0,,,0.014150110065492208
P_load,12.0,,,,,11.0,,,0.0718887465406163
P_load,12.0,,,,,14.0,,,0.060484330842090775
P_load,12.0,,,,,8.0,,,0.02695827995273112
P_load,12.0,,,,,12.0,,,0.07648196701024729
P_load,12.0,,,,,6.0,,,0.005975048977415137
P_load,12.0,,,,,15.0,,,0.02246955553156145
P_load,12.0,,,,,10.0,,,0.05990728878384692
P_load,12.0,,,,,9.0,,,0.04792583102707753
P_load,12.0,,,,,7.0,,,0.031193839351385016
P_load,12.0,,,,,5.0,,,0.04996854500692949
P_load,12.0,,,,,13.0,,,0.014604632831220682
P_load,13.0,,,,,11.0,,,0.06888315424130763
P_load,13.0,,,,,14.0,,,0.061387661654490694
P_load,13.0,,,,,8.0,,,0.025831182840490356
P_load,13.0,,,,,12.0,,,0.07015557207715167
P_load,13.0,,,,,6.0,,,0.005911555102229803
P_load,13.0,,,,,15.0,,,0.0230417150923151
P_load,13.0,,,,,10.0,,,0.057402628534422996
P_load,13.0,,,,,9.0,,,0.04592210282753841
P_load,13.0,,,,,7.0,,,0.030005369885025605
P_load,13.0,,,,,5.0,,,0.04956651059983437
P_load,13.0,,,,,13.0,,,0.014870788514768763
P_load,14.0,,,,,11.0,,,0.0738496150913992
P_load,14.0,,,,,14.0,,,0.059928000696499215
P_load,14.0,,,,,8.0,,,0.027693605659274697
P_load,14.0,,,,,12.0,,,0.06584440152799038
P_load,14.0,,,,,6.0,,,0.006284725454569445
P_load,14.0,,,,,15.0,,,0.022527976955258714
P_load,14.0,,,,,10.0,,,0.06154134590949931
P_load,14.0,,,,,9.0,,,0.04923307672759947
P_load,14.0,,,,,7.0,,,0.03236261648506631
P_load,14.0,,,,,5.0,,,0.04810819874440815
P_load,14.0,,,,,13.0,,,0.015636811811707983
P_load,15.0,,,,,11.0,,,0.07309999227967691
P_load,15.0,,,,,14.0,,,0.06146838542827592
P_load,15.0,,,,,8.0,,,0.027412497104878853
P_load,15.0,,,,,12.0,,,0.06149758297882915
P_load,15.0,,,,,6.0,,,0.00642465046639741
P_load,15.0,,,,,15.0,,,0.023407001762923395
P_load,15.0,,,,,10.0,,,0.06091666023306409
P_load,15.0,,,,,9.0,,,0.04873332818645128
P_load,15.0,,,,,7.0,,,0.03216749879096752
P_load,15.0,,,,,5.0,,,0.047786500178777835
P_load,15.0,,,,,13.0,,,0.01785116116517504
P_load,16.0,,,,,11.0,,,0.07366351227967691
P_load,16.0,,,,,14.0,,,0.06224642645603285
P_load,16.0,,,,,8.0,,,0.02762381710487885
P_load,16.0,,,,,12.0,,,0.06187326297882915
P_load,16.0,,,,,6.0,,,0.006533540013250822
P_load,16.0,,,,,15.0,,,0.023972128311228382
P_load,16.0,,,,,10.0,,,0.0613862602330641
P_load,16.0,,,,,9.0,,,0.049109008186451274
P_load,16.0,,,,,7.0,,,0.03254317879096751
P_load,16.0,,,,,5.0,,,0.050354767362591535
P_load,16.0,,,,,13.0,,,0.019581290172367018
P_load,17.0,,,,,11.0,,,0.0758161803534809
P_load,17.0,,,,,14.0,,,0.06618122753232661
P_load,17.0,,,,,8.0,,,0.02843106763255534
P_load,17.0,,,,,12.0,,,0.06963952072090654
P_load,17.0,,,,,6.0,,,0.0071022811211173265
P_load,17.0,,,,,15.0,,,0.02637705598176972
P_load,17.0,,,,,10.0,,,0.06318015029456742
P_load,17.0,,,,,9.0,,,0.050544120235653946
P_load,17.0,,,,,7.0,,,0.033611152157102614
P_load,17.0,,,,,5.0,,,0.06199841098599288
P_load,17.0,,,,,13.0,,,0.021081567551760518
P_load,18.0,,,,,11.0,,,0.04879856274933471
P_load,18.0,,,,,14.0,,,0.04197035900973315
P_load,18.0,,,,,8.0,,,0.01829946103100051
P_load,18.0,,,,,12.0,,,0.07161025547555927
P_load,18.0,,,,,6.0,,,0.009793440752686953
P_load,18.0,,,,,15.0,,,0.018466083798280918
P_load,18.0,,,,,10.0,,,0.04066546895777893
P_load,18.0,,,,,9.0,,,0.03253237516622314
P_load,18.0,,,,,7.0,,,0.02167545011081543
P_load,18.0,,,,,5.0,,,0.07687367246418599
P_load,18.0,,,,,13.0,,,0.0220586941443628
P_load,19.0,,,,,11.0,,,0.03213021669215906
P_load,19.0,,,,,14.0,,,0.043317926091320846
P_load,19.0,,,,,8.0,,,0.012048831259559653
P_load,19.0,,,,,12.0,,,0.06737396723079038
P_load,19.0,,,,,6.0,,,0.009772973036284133
P_load,19.0,,,,,15.0,,,0.01910320749927884
P_load,19.0,,,,,10.0,,,0.02677518057679922
P_load,19.0,,,,,9.0,,,0.021420144461439382
P_load,19.0,,,,,7.0,,,0.01428009630762625
P_load,19.0,,,,,5.0,,,0.07772158969689887
P_load,19.0,,,,,13.0,,,0.01654687558160266
P_load,20.0,,,,,11.0,,,0.0321485986323173
P_load,20.0,,,,,14.0,,,0.04340785278986784
P_load,20.0,,,,,8.0,,,0.01205572448711898
P_load,20.0,,,,,12.0,,,0.06264819115759225
P_load,20.0,,,,,6.0,,,0.009561945224730055
P_load,20.0,,,,,15.0,,,0.01914545278074565
P_load,20.0,,,,,10.0,,,0.02679049886026441
P_load,20.0,,,,,9.0,,,0.02143239908821153
P_load,20.0,,,,,7.0,,,0.014288266058807689
P_load,20.0,,,,,5.0,,,0.07249693669312877
P_load,20.0,,,,,13.0,,,0.01447354405717658
P_load,21.0,,,,,11.0,,,0.02931081401639459
P_load,21.0,,,,,14.0,,,0.0428605793810438
P_load,21.0,,,,,8.0,,,0.010991555256147971
P_load,21.0,,,,,12.0,,,0.05788722860843102
P_load,21.0,,,,,6.0,,,0.01086354557718111
P_load,21.0,,,,,15.0,,,0.01845197186955684
P_load,21.0,,,,,10.0,,,0.02442567834699549
P_load,21.0,,,,,9.0,,,0.0195405426775964
P_load,21.0,,,,,7.0,,,0.01302702845173093
P_load,21.0,,,,,5.0,,,0.06996771043060741
P_load,21.0,,,,,13.0,,,0.01447354405717658
P_load,22.0,,,,,11.0,,,0.02930472624441547
P_load,22.0,,,,,14.0,,,0.01953179614874026
P_load,22.0,,,,,8.0,,,0.0109892723416558
P_load,22.0,,,,,12.0,,,0.05312626605926975
P_load,22.0,,,,,6.0,,,0.01063575982754273
P_load,22.0,,,,,15.0,,,0.0077410425078386
P_load,22.0,,,,,10.0,,,0.024420605203679554
P_load,22.0,,,,,9.0,,,0.01953648416294364
P_load,22.0,,,,,7.0,,,0.01302432277529577
P_load,22.0,,,,,5.0,,,0.06469118561197038
P_load,22.0,,,,,13.0,,,0.002897529530902814
P_load,23.0,,,,,11.0,,,0.02646694162849278
P_load,23.0,,,,,14.0,,,0.01897869434820388
P_load,23.0,,,,,8.0,,,0.009925103110684792
P_load,23.0,,,,,12.0,,,0.02810812755221267
P_load,23.0,,,,,6.0,,,0.006762708965214158
P_load,23.0,,,,,15.0,,,0.007474121686889948
P_load,23.0,,,,,10.0,,,0.02205578469041065
P_load,23.0,,,,,9.0,,,0.017644627752328522
P_load,23.0,,,,,7.0,,,0.011763085168219011
P_load,23.0,,,,,5.0,,,0.05309177880947913
P_load,23.0,,,,,13.0,,,0.0024899441170325256
P_load,24.0,,,,,11.0,,,0.02504785508476034
P_load,24.0,,,,,14.0,,,0.01942913553580394
P_load,24.0,,,,,8.0,,,0.009392945656785128
P_load,24.0,,,,,12.0,,,0.014003272093435158
P_load,24.0,,,,,6.0,,,0.003558345439193257
P_load,24.0,,,,,15.0,,,0.007592662126136287
P_load,24.0,,,,,10.0,,,0.02087321257063362
P_load,24.0,,,,,9.0,,,0.0166985700565069
P_load,24.0,,,,,7.0,,,0.01113238003767126
P_load,24.0,,,,,5.0,,,0.04280238438152844
P_load,24.0,,,,,13.0,,,0.0024899441170325256
Q_load,1.0,,,,,11.0,,,0.01474671731646613
Q_load,1.0,,,,,14.0,,,0.009513678833522712
Q_load,1.0,,,,,8.0,,,0.005530018993674798
Q_load,1.0,,,,,12.0,,,0.0
Q_load,1.0,,,,,6.0,,,-1.295472521972635e-05
Q_load,1.0,,,,,15.0,,,0.003746643050735858
Q_load,1.0,,,,,10.0,,,0.01228893109705511
Q_load,1.0,,,,,9.0,,,0.009831144877644086
Q_load,1.0,,,,,7.0,,,0.006554096585096059
Q_load,1.0,,,,,5.0,,,0.0
Q_load,1.0,,,,,13.0,,,-0.0006677577404769046
Q_load,2.0,,,,,11.0,,,0.0151555706311802
Q_load,2.0,,,,,14.0,,,0.00903464928867622
Q_load,2.0,,,,,8.0,,,0.005683338986692574
Q_load,2.0,,,,,12.0,,,0.0
Q_load,2.0,,,,,6.0,,,1.2069264095745712e-05
Q_load,2.0,,,,,15.0,,,0.0035579933446965688
Q_load,2.0,,,,,10.0,,,0.01262964219265016
Q_load,2.0,,,,,9.0,,,0.010103713754120128
Q_load,2.0,,,,,7.0,,,0.006735809169413423
Q_load,2.0,,,,,5.0,,,0.0
Q_load,2.0,,,,,13.0,,,-0.0006083386195022651
Q_load,3.0,,,,,11.0,,,0.0151365472469458
Q_load,3.0,,,,,14.0,,,0.009805658746572002
Q_load,3.0,,,,,8.0,,,0.0056762052176046775
Q_load,3.0,,,,,12.0,,,0.0
Q_load,3.0,,,,,6.0,,,1.149060014940304e-05
Q_load,3.0,,,,,15.0,,,0.003861629538226472
Q_load,3.0,,,,,10.0,,,0.012613789372454842
Q_load,3.0,,,,,9.0,,,0.01009103149796387
Q_load,3.0,,,,,7.0,,,0.0067273543319759125
Q_load,3.0,,,,,5.0,,,0.0
Q_load,3.0,,,,,13.0,,,-0.0006158839047053936
Q_load,4.0,,,,,11.0,,,0.015520125198525383
Q_load,4.0,,,,,14.0,,,0.009963814532807034
Q_load,4.0,,,,,8.0,,,0.005820046949447016
Q_load,4.0,,,,,12.0,,,0.0
Q_load,4.0,,,,,6.0,,,-2.4099270054927033e-05
Q_load,4.0,,,,,15.0,,,0.003923913885617223
Q_load,4.0,,,,,10.0,,,0.01293343766543781
Q_load,4.0,,,,,9.0,,,0.010346750132350247
Q_load,4.0,,,,,7.0,,,0.006897833421566834
Q_load,4.0,,,,,5.0,,,0.0
Q_load,4.0,,,,,13.0,,,-0.0005865733737240085
Q_load,5.0,,,,,11.0,,,0.0152536912445997
Q_load,5.0,,,,,14.0,,,0.007717724901977935
Q_load,5.0,,,,,8.0,,,0.0057201342167248845
Q_load,5.0,,,,,12.0,,,0.0
Q_load,5.0,,,,,6.0,,,1.1700864182407288e-05
Q_load,5.0,,,,,15.0,,,0.003039366881883683
Q_load,5.0,,,,,10.0,,,0.01271140937049975
Q_load,5.0,,,,,9.0,,,0.010169127496399798
Q_load,5.0,,,,,7.0,,,0.006779418330933197
Q_load,5.0,,,,,5.0,,,0.0
Q_load,5.0,,,,,13.0,,,-0.0005466704231305383
Q_load,6.0,,,,,11.0,,,0.01563491600279416
Q_load,6.0,,,,,14.0,,,0.006947557752467491
Q_load,6.0,,,,,8.0,,,0.00586309350104781
Q_load,6.0,,,,,12.0,,,0.0
Q_load,6.0,,,,,6.0,,,-1.879181777441031e-05
Q_load,6.0,,,,,15.0,,,0.002736062403236498
Q_load,6.0,,,,,10.0,,,0.01302909666899513
Q_load,6.0,,,,,9.0,,,0.01042327733519611
Q_load,6.0,,,,,7.0,,,0.006948851556797406
Q_load,6.0,,,,,5.0,,,0.0
Q_load,6.0,,,,,13.0,,,-0.0005164581891097684
Q_load,7.0,,,,,11.0,,,0.017428624229506643
Q_load,7.0,,,,,14.0,,,0.0049080915774067655
Q_load,7.0,,,,,8.0,,,0.006535734086064991
Q_load,7.0,,,,,12.0,,,0.0
Q_load,7.0,,,,,6.0,,,0.0002001138496828647
Q_load,7.0,,,,,15.0,,,0.0019328871115630514
Q_load,7.0,,,,,10.0,,,0.014523853524588869
Q_load,7.0,,,,,9.0,,,0.0116190828196711
Q_load,7.0,,,,,7.0,,,0.007746055213114063
Q_load,7.0,,,,,5.0,,,0.0
Q_load,7.0,,,,,13.0,,,-0.00032067462113297677
Q_load,8.0,,,,,11.0,,,0.021070023192361606
Q_load,8.0,,,,,14.0,,,0.004210461394399887
Q_load,8.0,,,,,8.0,,,0.0079012586971356
Q_load,8.0,,,,,12.0,,,0.0
Q_load,8.0,,,,,6.0,,,0.0009898993735315924
Q_load,8.0,,,,,15.0,,,0.001657750479459513
Q_load,8.0,,,,,10.0,,,0.01755835266030133
Q_load,8.0,,,,,9.0,,,0.014046682128241067
Q_load,8.0,,,,,7.0,,,0.009364454752160712
Q_load,8.0,,,,,5.0,,,0.0
Q_load,8.0,,,,,13.0,,,0.0001588184741455054
Q_load,9.0,,,,,11.0,,,0.04131472655074087
Q_load,9.0,,,,,14.0,,,0.01238655957369635
Q_load,9.0,,,,,8.0,,,0.015493022456527833
Q_load,9.0,,,,,12.0,,,0.0
Q_load,9.0,,,,,6.0,,,0.001420756496485285
Q_load,9.0,,,,,15.0,,,0.004742938438747978
Q_load,9.0,,,,,10.0,,,0.03442893879228406
Q_load,9.0,,,,,9.0,,,0.027543151033827245
Q_load,9.0,,,,,7.0,,,0.01836210068921817
Q_load,9.0,,,,,5.0,,,0.0
Q_load,9.0,,,,,13.0,,,0.001921280730216146
Q_load,10.0,,,,,11.0,,,0.03298870197888286
Q_load,10.0,,,,,14.0,,,0.013122633559073608
Q_load,10.0,,,,,8.0,,,0.01237076324208108
Q_load,10.0,,,,,12.0,,,0.0
Q_load,10.0,,,,,6.0,,,0.0015732518416674147
Q_load,10.0,,,,,15.0,,,0.0050475488613892895
Q_load,10.0,,,,,10.0,,,0.02749058498240239
Q_load,10.0,,,,,9.0,,,0.021992467985921915
Q_load,10.0,,,,,7.0,,,0.014661645323947937
Q_load,10.0,,,,,5.0,,,0.0
Q_load,10.0,,,,,13.0,,,0.004533363289871233
Q_load,11.0,,,,,11.0,,,0.032215074090513496
Q_load,11.0,,,,,14.0,,,0.01399422793670403
Q_load,11.0,,,,,8.0,,,0.012080652783942573
Q_load,11.0,,,,,12.0,,,0.0
Q_load,11.0,,,,,6.0,,,0.001021843351679778
Q_load,11.0,,,,,15.0,,,0.005410429239748344
Q_load,11.0,,,,,10.0,,,0.02684589507542793
Q_load,11.0,,,,,9.0,,,0.021476716060342335
Q_load,11.0,,,,,7.0,,,0.01431781070689489
Q_load,11.0,,,,,5.0,,,0.0
Q_load,11.0,,,,,13.0,,,0.004395128951861442
Q_load,12.0,,,,,11.0,,,0.03302572969829104
Q_load,12.0,,,,,14.0,,,0.0141794551269526
Q_load,12.0,,,,,8.0,,,0.01238464863685915
Q_load,12.0,,,,,12.0,,,0.0
Q_load,12.0,,,,,6.0,,,0.001156517546512777
Q_load,12.0,,,,,15.0,,,0.005470349089671932
Q_load,12.0,,,,,10.0,,,0.02752144141524255
Q_load,12.0,,,,,9.0,,,0.022017153132194038
Q_load,12.0,,,,,7.0,,,0.01467810208812936
Q_load,12.0,,,,,5.0,,,0.0
Q_load,12.0,,,,,13.0,,,0.004652525751632581
Q_load,13.0,,,,,11.0,,,0.03174161191660736
Q_load,13.0,,,,,14.0,,,0.01426713443361299
Q_load,13.0,,,,,8.0,,,0.01190310446872776
Q_load,13.0,,,,,12.0,,,0.0
Q_load,13.0,,,,,6.0,,,0.0010284887377981263
Q_load,13.0,,,,,15.0,,,0.005515939975836962
Q_load,13.0,,,,,10.0,,,0.02645134326383947
Q_load,13.0,,,,,9.0,,,0.02116107461107157
Q_load,13.0,,,,,7.0,,,0.014107383074047719
Q_load,13.0,,,,,5.0,,,0.0
Q_load,13.0,,,,,13.0,,,0.0041207172567204195
Q_load,14.0,,,,,11.0,,,0.03391784218647842
Q_load,14.0,,,,,14.0,,,0.01370457120334301
Q_load,14.0,,,,,8.0,,,0.01271919081992941
Q_load,14.0,,,,,12.0,,,0.0
Q_load,14.0,,,,,6.0,,,0.0010857022633900758
Q_load,14.0,,,,,15.0,,,0.005272882349532543
Q_load,14.0,,,,,10.0,,,0.02826486848873201
Q_load,14.0,,,,,9.0,,,0.022611894790985614
Q_load,14.0,,,,,7.0,,,0.01507459652732374
Q_load,14.0,,,,,5.0,,,0.0
Q_load,14.0,,,,,13.0,,,0.003655550487273123
Q_load,15.0,,,,,11.0,,,0.032986199631698715
Q_load,15.0,,,,,14.0,,,0.01414656167374083
Q_load,15.0,,,,,8.0,,,0.01236982486188701
Q_load,15.0,,,,,12.0,,,0.0
Q_load,15.0,,,,,6.0,,,0.0009744796797538529
Q_load,15.0,,,,,15.0,,,0.005470882212240156
Q_load,15.0,,,,,10.0,,,0.027488499693082244
Q_load,15.0,,,,,9.0,,,0.0219907997544658
Q_load,15.0,,,,,7.0,,,0.01466053316964387
Q_load,15.0,,,,,5.0,,,0.0
Q_load,15.0,,,,,13.0,,,0.004089177500027146
Q_load,16.0,,,,,11.0,,,0.030482511290883325
Q_load,16.0,,,,,14.0,,,0.01453122501216551
Q_load,16.0,,,,,8.0,,,0.01143094173408125
Q_load,16.0,,,,,12.0,,,0.0
Q_load,16.0,,,,,6.0,,,0.000981993384294819
Q_load,16.0,,,,,15.0,,,0.005647361371765247
Q_load,16.0,,,,,10.0,,,0.02540209274240278
Q_load,16.0,,,,,9.0,,,0.02032167419392222
Q_load,16.0,,,,,7.0,,,0.013547782795948147
Q_load,16.0,,,,,5.0,,,0.0
Q_load,16.0,,,,,13.0,,,0.0040972395180940155
Q_load,17.0,,,,,11.0,,,0.02164297835884679
Q_load,17.0,,,,,14.0,,,0.01410641915926186
Q_load,17.0,,,,,8.0,,,0.008116116884567549
Q_load,17.0,,,,,12.0,,,0.0
Q_load,17.0,,,,,6.0,,,0.0010891720800777632
Q_load,17.0,,,,,15.0,,,0.005640577845614244
Q_load,17.0,,,,,10.0,,,0.018035815299038985
Q_load,17.0,,,,,9.0,,,0.014428652239231189
Q_load,17.0,,,,,7.0,,,0.0096191014928208
Q_load,17.0,,,,,5.0,,,0.0
Q_load,17.0,,,,,13.0,,,0.0034212938341356258
Q_load,18.0,,,,,11.0,,,0.01364398356899266
Q_load,18.0,,,,,14.0,,,0.009274975741360133
Q_load,18.0,,,,,8.0,,,0.005116493838372247
Q_load,18.0,,,,,12.0,,,0.0
Q_load,18.0,,,,,6.0,,,0.001196515332875022
Q_load,18.0,,,,,15.0,,,0.004082616070114586
Q_load,18.0,,,,,10.0,,,0.011369986307493894
Q_load,18.0,,,,,9.0,,,0.009095989045995106
Q_load,18.0,,,,,7.0,,,0.006063992697330072
Q_load,18.0,,,,,5.0,,,0.0
Q_load,18.0,,,,,13.0,,,0.0034405181104121933
Q_load,19.0,,,,,11.0,,,0.01034296175300819
Q_load,19.0,,,,,14.0,,,0.007969275717405296
Q_load,19.0,,,,,8.0,,,0.0038786106573780728
Q_load,19.0,,,,,12.0,,,0.0
Q_load,19.0,,,,,6.0,,,0.000935050041299265
Q_load,19.0,,,,,15.0,,,0.003514450976429826
Q_load,19.0,,,,,10.0,,,0.008619134794173493
Q_load,19.0,,,,,9.0,,,0.006895307835338793
Q_load,19.0,,,,,7.0,,,0.004596871890225862
Q_load,19.0,,,,,5.0,,,0.0
Q_load,19.0,,,,,13.0,,,0.002278305707429313
Q_load,20.0,,,,,11.0,,,0.01197276452238045
Q_load,20.0,,,,,14.0,,,0.01103459996736373
Q_load,20.0,,,,,8.0,,,0.00448978669589267
Q_load,20.0,,,,,12.0,,,0.0
Q_load,20.0,,,,,6.0,,,0.0004512768669176206
Q_load,20.0,,,,,15.0,,,0.004866916906769736
Q_load,20.0,,,,,10.0,,,0.009977303768650374
Q_load,20.0,,,,,9.0,,,0.0079818430149203
Q_load,20.0,,,,,7.0,,,0.005321228676613534
Q_load,20.0,,,,,5.0,,,0.0
Q_load,20.0,,,,,13.0,,,0.002214970042117796
Q_load,21.0,,,,,11.0,,,0.01205377679232679
Q_load,21.0,,,,,14.0,,,0.01688547593262484
Q_load,21.0,,,,,8.0,,,0.004520166297122546
Q_load,21.0,,,,,12.0,,,0.0
Q_load,21.0,,,,,6.0,,,7.819142684487235e-05
Q_load,21.0,,,,,15.0,,,0.007269391394430674
Q_load,21.0,,,,,10.0,,,0.01004481399360566
Q_load,21.0,,,,,9.0,,,0.008035851194884527
Q_load,21.0,,,,,7.0,,,0.0053572341299230174
Q_load,21.0,,,,,5.0,,,0.0
Q_load,21.0,,,,,13.0,,,0.0007258310040578139
Q_load,22.0,,,,,11.0,,,0.012022787240454382
Q_load,22.0,,,,,14.0,,,0.00935220378094195
Q_load,22.0,,,,,8.0,,,0.004508545215170393
Q_load,22.0,,,,,12.0,,,0.0
Q_load,22.0,,,,,6.0,,,0.0001145853880936651
Q_load,22.0,,,,,15.0,,,0.0037065616730241092
Q_load,22.0,,,,,10.0,,,0.01001898936704532
Q_load,22.0,,,,,9.0,,,0.008015191493636253
Q_load,22.0,,,,,7.0,,,0.005343460995757502
Q_load,22.0,,,,,5.0,,,0.0
Q_load,22.0,,,,,13.0,,,-0.0003413377591328694
Q_load,23.0,,,,,11.0,,,0.010917936820355767
Q_load,23.0,,,,,14.0,,,0.009350960861146286
Q_load,23.0,,,,,8.0,,,0.004094226307633415
Q_load,23.0,,,,,12.0,,,0.0
Q_load,23.0,,,,,6.0,,,4.976885385655441e-05
Q_load,23.0,,,,,15.0,,,0.003682562039478067
Q_load,23.0,,,,,10.0,,,0.009098280683629811
Q_load,23.0,,,,,9.0,,,0.007278624546903849
Q_load,23.0,,,,,7.0,,,0.0048524163646025634
Q_load,23.0,,,,,5.0,,,0.0
Q_load,23.0,,,,,13.0,,,-0.0006677577404769046
Q_load,24.0,,,,,11.0,,,0.00993834250137265
Q_load,24.0,,,,,14.0,,,0.00906403867630139
Q_load,24.0,,,,,8.0,,,0.003726878438014745
Q_load,24.0,,,,,12.0,,,0.0
Q_load,24.0,,,,,6.0,,,1.2691383085239353e-05
Q_load,24.0,,,,,15.0,,,0.0035421124650948303
Q_load,24.0,,,,,10.0,,,0.00828195208447721
Q_load,24.0,,,,,9.0,,,0.006625561667581769
Q_load,24.0,,,,,7.0,,,0.004417041111721179
Q_load,24.0,,,,,5.0,,,0.0
Q_load,24.0,,,,,13.0,,,-0.0006055091375510915
initial_line_opt,,0.0,Poppy,,,,,,0.0
initial_line_opt,,0.0,Oxlip,,,,,,0.0
initial_line_opt,,0.0,Daisy,,,,,,0.0
initial_line_opt,,0.0,Tulip,,,,,,0.0
initial_line_opt,,0.0,Maryj,,,,,,0.0
initial_line_opt,,2.0,Poppy,,,,,,0.0
initial_line_opt,,2.0,Oxlip,,,,,,0.0
initial_line_opt,,2.0,Daisy,,,,,,0.0
initial_line_opt,,2.0,Tulip,,,,,,0.0
initial_line_opt,,2.0,Maryj,,,,,,0.0
initial_line_opt,,6.0,Poppy,,,,,,0.0
initial_line_opt,,6.0,Oxlip,,,,,,0.0
initial_line_opt,,6.0,Daisy,,,,,,0.0
initial_line_opt,,6.0,Tulip,,,,,,0.0
initial_line_opt,,6.0,Maryj,,,,,,0.0
initial_line_opt,,10.0,Poppy,,,,,,0.0
initial_line_opt,,10.0,Oxlip,,,,,,0.0
initial_line_opt,,10.0,Daisy,,,,,,0.0
initial_line_opt,,10.0,Tulip,,,,,,0.0
initial_line_opt,,10.0,Maryj,,,,,,0.0
initial_line_opt,,11.0,Poppy,,,,,,0.0
initial_line_opt,,11.0,Oxlip,,,,,,0.0
initial_line_opt,,11.0,Daisy,,,,,,0.0
initial_line_opt,,11.0,Tulip,,,,,,0.0
initial_line_opt,,11.0,Maryj,,,,,,0.0
initial_line_opt,,12.0,Poppy,,,,,,0.0
initial_line_opt,,12.0,Oxlip,,,,,,0.0
initial_line_opt,,12.0,Daisy,,,,,,0.0
initial_line_opt,,12.0,Tulip,,,,,,0.0
initial_line_opt,,12.0,Maryj,,,,,,0.0
initial_line_opt,,13.0,Poppy,,,,,,0.0
initial_line_opt,,13.0,Oxlip,,,,,,0.0
initial_line_opt,,13.0,Daisy,,,,,,0.0
initial_line_opt,,13.0,Tulip,,,,,,0.0
initial_line_opt,,13.0,Maryj,,,,,,0.0
initial_line_opt,,14.0,Poppy,,,,,,0.0
initial_line_opt,,14.0,Oxlip,,,,,,0.0
initial_line_opt,,14.0,Daisy,,,,,,0.0
initial_line_opt,,14.0,Tulip,,,,,,0.0
initial_line_opt,,14.0,Maryj,,,,,,0.0
initial_line_opt,,15.0,Poppy,,,,,,0.0
initial_line_opt,,15.0,Oxlip,,,,,,0.0
initial_line_opt,,15.0,Daisy,,,,,,0.0
initial_line_opt,,15.0,Tulip,,,,,,0.0
initial_line_opt,,15.0,Maryj,,,,,,0.0
initial_line_opt,,17.0,Poppy,,,,,,0.0
initial_line_opt,,17.0,Oxlip,,,,,,0.0
initial_line_opt,,17.0,Daisy,,,,,,0.0
initial_line_opt,,17.0,Tulip,,,,,,0.0
initial_line_opt,,17.0,Maryj,,,,,,0.0
initial_line_opt,,18.0,Poppy,,,,,,0.0
initial_line_opt,,18.0,Oxlip,,,,,,0.0
initial_line_opt,,18.0,Daisy,,,,,,0.0
initial_line_opt,,18.0,Tulip,,,,,,0.0
initial_line_opt,,18.0,Maryj,,,,,,0.0
initial_line_opt,,19.0,Poppy,,,,,,0.0
initial_line_opt,,19.0,Oxlip,,,,,,0.0
initial_line_opt,,19.0,Daisy,,,,,,0.0
initial_line_opt,,19.0,Tulip,,,,,,0.0
initial_line_opt,,19.0,Maryj,,,,,,0.0
initial_beta,,,,0.0,,,,,0.0
initial_gamma,,,,,45.0,,,,0.0
initial_gamma,,,,,46.0,,,,0.0
initial_gamma,,,,,47.0,,,,0.0
initial_capacity_hv,,,,0.0,,,,,0.0
initial_capacity_mv,,,,,45.0,,,,0.0
initial_capacity_mv,,,,,46.0,,,,0.0
initial_capacity_mv,,,,,47.0,,,,0.0
LPWB,,0.0,,,,,,1.0,0.003811904963134563
LPWB,,0.0,,,,,,2.0,0.005264966907931571
LPWB,,0.0,,,,,,3.0,0.007271922256639911
LPWB,,0.0,,,,,,4.0,0.010043909910801375
LPWB,,0.0,,,,,,5.0,0.01387255291462737
LPWB,,0.0,,,,,,6.0,0.019160638245288873
LPWB,,0.0,,,,,,7.0,0.026464491447693153
LPWB,,0.0,,,,,,8.0,0.03655250407732255
LPWB,,0.0,,,,,,9.0,0.05048597124805676
LPWB,,0.0,,,,,,10.0,0.06973074368497043
LPWB,,0.0,,,,,,11.0,0.09631144047855072
LPWB,,0.0,,,,,,12.0,0.13302444627523324
LPWB,,0.0,,,,,,13.0,0.18373210097271264
LPWB,,0.0,,,,,,14.0,0.25376903173121446
LPWB,,0.0,,,,,,15.0,0.3505033748858224
LPWB,,2.0,,,,,,1.0,0.003811904963134563
LPWB,,2.0,,,,,,2.0,0.005264966907931571
LPWB,,2.0,,,,,,3.0,0.007271922256639911
LPWB,,2.0,,,,,,4.0,0.010043909910801375
LPWB,,2.0,,,,,,5.0,0.01387255291462737
LPWB,,2.0,,,,,,6.0,0.019160638245288873
LPWB,,2.0,,,,,,7.0,0.026464491447693153
LPWB,,2.0,,,,,,8.0,0.03655250407732255
LPWB,,2.0,,,,,,9.0,0.05048597124805676
LPWB,,2.0,,,,,,10.0,0.06973074368497043
LPWB,,2.0,,,,,,11.0,0.09631144047855072
LPWB,,2.0,,,,,,12.0,0.13302444627523324
LPWB,,2.0,,,,,,13.0,0.18373210097271264
LPWB,,2.0,,,,,,14.0,0.25376903173121446
LPWB,,2.0,,,,,,15.0,0.3505033748858224
LPWB,,6.0,,,,,,1.0,0.003811904963134563
LPWB,,6.0,,,,,,2.0,0.005264966907931571
LPWB,,6.0,,,,,,3.0,0.007271922256639911
LPWB,,6.0,,,,,,4.0,0.010043909910801375
LPWB,,6.0,,,,,,5.0,0.01387255291462737
LPWB,,6.0,,,,,,6.0,0.019160638245288873
LPWB,,6.0,,,,,,7.0,0.026464491447693153
LPWB,,6.0,,,,,,8.0,0.03655250407732255
LPWB,,6.0,,,,,,9.0,0.05048597124805676
LPWB,,6.0,,,,,,10.0,0.06973074368497043
LPWB,,6.0,,,,,,11.0,0.09631144047855072
LPWB,,6.0,,,,,,12.0,0.13302444627523324
LPWB,,6.0,,,,,,13.0,0.18373210097271264
LPWB,,6.0,,,,,,14.0,0.25376903173121446
LPWB,,6.0,,,,,,15.0,0.3505033748858224
LPWB,,10.0,,,,,,1.0,0.003811904963134563
LPWB,,10.0,,,,,,2.0,0.005264966907931571
LPWB,,10.0,,,,,,3.0,0.007271922256639911
LPWB,,10.0,,,,,,4.0,0.010043909910801375
LPWB,,10.0,,,,,,5.0,0.01387255291462737
LPWB,,10.0,,,,,,6.0,0.019160638245288873
LPWB,,10.0,,,,,,7.0,0.026464491447693153
LPWB,,10.0,,,,,,8.0,0.03655250407732255
LPWB,,10.0,,,,,,9.0,0.05048597124805676
LPWB,,10.0,,,,,,10.0,0.06973074368497043
LPWB,,10.0,,,,,,11.0,0.09631144047855072
LPWB,,10.0,,,,,,12.0,0.13302444627523324
LPWB,,10.0,,,,,,13.0,0.18373210097271264
LPWB,,10.0,,,,,,14.0,0.25376903173121446
LPWB,,10.0,,,,,,15.0,0.3505033748858224
LPWB,,11.0,,,,,,1.0,0.0075778699824844125
LPWB,,11.0,,,,,,2.0,0.013320281329628255
LPWB,,11.0,,,,,,3.0,0.023414217334232015
LPWB,,11.0,,,,,,4.0,0.041157206804276286
LPWB,,11.0,,,,,,5.0,0.07234560300477912
LPWB,,11.0,,,,,,6.0,0.12716816034224418
LPWB,,11.0,,,,,,7.0,0.2235345388407699
LPWB,,11.0,,,,,,8.0,0.3929261060337663
LPWB,,11.0,,,,,,9.0,0.6906804004585428
LPWB,,11.0,,,,,,10.0,1.2140690278710526
LPWB,,11.0,,,,,,11.0,2.134074752167866
LPWB,,11.0,,,,,,12.0,3.7512488526509324
LPWB,,11.0,,,,,,13.0,6.593896460384192
LPWB,,11.0,,,,,,14.0,11.590665465859773
LPWB,,11.0,,,,,,15.0,20.373921056935494
LPWB,,12.0,,,,,,1.0,0.0075778699824844125
LPWB,,12.0,,,,,,2.0,0.013320281329628255
LPWB,,12.0,,,,,,3.0,0.023414217334232015
LPWB,,12.0,,,,,,4.0,0.041157206804276286
LPWB,,12.0,,,,,,5.0,0.07234560300477912
LPWB,,12.0,,,,,,6.0,0.12716816034224418
LPWB,,12.0,,,,,,7.0,0.2235345388407699
LPWB,,12.0,,,,,,8.0,0.3929261060337663
LPWB,,12.0,,,,,,9.0,0.6906804004585428
LPWB,,12.0,,,,,,10.0,1.2140690278710526
LPWB,,12.0,,,,,,11.0,2.134074752167866
LPWB,,12.0,,,,,,12.0,3.7512488526509324
LPWB,,12.0,,,,,,13.0,6.593896460384192
LPWB,,12.0,,,,,,14.0,11.590665465859773
LPWB,,12.0,,,,,,15.0,20.373921056935494
LPWB,,13.0,,,,,,1.0,0.003811904963134563
LPWB,,13.0,,,,,,2.0,0.005264966907931571
LPWB,,13.0,,,,,,3.0,0.007271922256639911
LPWB,,13.0,,,,,,4.0,0.010043909910801375
LPWB,,13.0,,,,,,5.0,0.01387255291462737
LPWB,,13.0,,,,,,6.0,0.019160638245288873
LPWB,,13.0,,,,,,7.0,0.026464491447693153
LPWB,,13.0,,,,,,8.0,0.03655250407732255
LPWB,,13.0,,,,,,9.0,0.05048597124805676
LPWB,,13.0,,,,,,10.0,0.06973074368497043
LPWB,,13.0,,,,,,11.0,0.09631144047855072
LPWB,,13.0,,,,,,12.0,0.13302444627523324
LPWB,,13.0,,,,,,13.0,0.18373210097271264
LPWB,,13.0,,,,,,14.0,0.25376903173121446
LPWB,,13.0,,,,,,15.0,0.3505033748858224
LPWB,,14.0,,,,,,1.0,0.003811904963134563
LPWB,,14.0,,,,,,2.0,0.005264966907931571
LPWB,,14.0,,,,,,3.0,0.007271922256639911
LPWB,,14.0,,,,,,4.0,0.010043909910801375
LPWB,,14.0,,,,,,5.0,0.01387255291462737
LPWB,,14.0,,,,,,6.0,0.019160638245288873
LPWB,,14.0,,,,,,7.0,0.026464491447693153
LPWB,,14.0,,,,,,8.0,0.03655250407732255
LPWB,,14.0,,,,,,9.0,0.05048597124805676
LPWB,,14.0,,,,,,10.0,0.06973074368497043
LPWB,,14.0,,,,,,11.0,0.09631144047855072
LPWB,,14.0,,,,,,12.0,0.13302444627523324
LPWB,,14.0,,,,,,13.0,0.18373210097271264
LPWB,,14.0,,,,,,14.0,0.25376903173121446
LPWB,,14.0,,,,,,15.0,0.3505033748858224
LPWB,,15.0,,,,,,1.0,0.003811904963134563
LPWB,,15.0,,,,,,2.0,0.005264966907931571
LPWB,,15.0,,,,,,3.0,0.007271922256639911
LPWB,,15.0,,,,,,4.0,0.010043909910801375
LPWB,,15.0,,,,,,5.0,0.01387255291462737
LPWB,,15.0,,,,,,6.0,0.019160638245288873
LPWB,,15.0,,,,,,7.0,0.026464491447693153
LPWB,,15.0,,,,,,8.0,0.03655250407732255
LPWB,,15.0,,,,,,9.0,0.05048597124805676
LPWB,,15.0,,,,,,10.0,0.06973074368497043
LPWB,,15.0,,,,,,11.0,0.09631144047855072
LPWB,,15.0,,,,,,12.0,0.13302444627523324
LPWB,,15.0,,,,,,13.0,0.18373210097271264
LPWB,,15.0,,,,,,14.0,0.25376903173121446
LPWB,,15.0,,,,,,15.0,0.3505033748858224
LPWB,,17.0,,,,,,1.0,0.0075778699824844125
LPWB,,17.0,,,,,,2.0,0.013320281329628255
LPWB,,17.0,,,,,,3.0,0.023414217334232015
LPWB,,17.0,,,,,,4.0,0.041157206804276286
LPWB,,17.0,,,,,,5.0,0.07234560300477912
LPWB,,17.0,,,,,,6.0,0.12716816034224418
LPWB,,17.0,,,,,,7.0,0.2235345388407699
LPWB,,17.0,,,,,,8.0,0.3929261060337663
LPWB,,17.0,,,,,,9.0,0.6906804004585428
LPWB,,17.0,,,,,,10.0,1.2140690278710526
LPWB,,17.0,,,,,,11.0,2.134074752167866
LPWB,,17.0,,,,,,12.0,3.7512488526509324
LPWB,,17.0,,,,,,13.0,6.593896460384192
LPWB,,17.0,,,,,,14.0,11.590665465859773
LPWB,,17.0,,,,,,15.0,20.373921056935494
LPWB,,18.0,,,,,,1.0,0.0075778699824844125
LPWB,,18.0,,,,,,2.0,0.013320281329628255
LPWB,,18.0,,,,,,3.0,0.023414217334232015
LPWB,,18.0,,,,,,4.0,0.041157206804276286
LPWB,,18.0,,,,,,5.0,0.07234560300477912
LPWB,,18.0,,,,,,6.0,0.12716816034224418
LPWB,,18.0,,,,,,7.0,0.2235345388407699
LPWB,,18.0,,,,,,8.0,0.3929261060337663
LPWB,,18.0,,,,,,9.0,0.6906804004585428
LPWB,,18.0,,,,,,10.0,1.2140690278710526
LPWB,,18.0,,,,,,11.0,2.134074752167866
LPWB,,18.0,,,,,,12.0,3.7512488526509324
LPWB,,18.0,,,,,,13.0,6.593896460384192
LPWB,,18.0,,,,,,14.0,11.590665465859773
LPWB,,18.0,,,,,,15.0,20.373921056935494
LPWB,,19.0,,,,,,1.0,0.0075778699824844125
LPWB,,19.0,,,,,,2.0,0.013320281329628255
LPWB,,19.0,,,,,,3.0,0.023414217334232015
LPWB,,19.0,,,,,,4.0,0.041157206804276286
LPWB,,19.0,,,,,,5.0,0.07234560300477912
LPWB,,19.0,,,,,,6.0,0.12716816034224418
LPWB,,19.0,,,,,,7.0,0.2235345388407699
LPWB,,19.0,,,,,,8.0,0.3929261060337663
LPWB,,19.0,,,,,,9.0,0.6906804004585428
LPWB,,19.0,,,,,,10.0,1.2140690278710526
LPWB,,19.0,,,,,,11.0,2.134074752167866
LPWB,,19.0,,,,,,12.0,3.7512488526509324
LPWB,,19.0,,,,,,13.0,6.593896460384192
LPWB,,19.0,,,,,,14.0,11.590665465859773
LPWB,,19.0,,,,,,15.0,20.373921056935494
SPWB,,0.0,,,,,,1.0,0.003811904963134563
SPWB,,0.0,,,,,,2.0,0.012888776834200697
SPWB,,0.0,,,,,,3.0,0.025425665998772183
SPWB,,0.0,,,,,,4.0,0.04274149816621347
SPWB,,0.0,,,,,,5.0,0.06665796099164221
SPWB,,0.0,,,,,,6.0,0.09969115215155847
SPWB,,0.0,,,,,,7.0,0.14531628184454048
SPWB,,0.0,,,,,,8.0,0.20833327736955617
SPWB,,0.0,,,,,,9.0,0.2953717526949355
SPWB,,0.0,,,,,,10.0,0.41558846762796264
SPWB,,0.0,,,,,,11.0,0.5816306517914838
SPWB,,0.0,,,,,,12.0,0.8109665385452678
SPWB,,0.0,,,,,,13.0,1.1277230857932137
SPWB,,0.0,,,,,,14.0,1.5652242184971408
SPWB,,0.0,,,,,,15.0,2.169496625114178
SPWB,,2.0,,,,,,1.0,0.003811904963134563
SPWB,,2.0,,,,,,2.0,0.012888776834200697
SPWB,,2.0,,,,,,3.0,0.025425665998772183
SPWB,,2.0,,,,,,4.0,0.04274149816621347
SPWB,,2.0,,,,,,5.0,0.06665796099164221
SPWB,,2.0,,,,,,6.0,0.09969115215155847
SPWB,,2.0,,,,,,7.0,0.14531628184454048
SPWB,,2.0,,,,,,8.0,0.20833327736955617
SPWB,,2.0,,,,,,9.0,0.2953717526949355
SPWB,,2.0,,,,,,10.0,0.41558846762796264
SPWB,,2.0,,,,,,11.0,0.5816306517914838
SPWB,,2.0,,,,,,12.0,0.8109665385452678
SPWB,,2.0,,,,,,13.0,1.1277230857932137
SPWB,,2.0,,,,,,14.0,1.5652242184971408
SPWB,,2.0,,,,,,15.0,2.169496625114178
SPWB,,6.0,,,,,,1.0,0.003811904963134563
SPWB,,6.0,,,,,,2.0,0.012888776834200697
SPWB,,6.0,,,,,,3.0,0.025425665998772183
SPWB,,6.0,,,,,,4.0,0.04274149816621347
SPWB,,6.0,,,,,,5.0,0.06665796099164221
SPWB,,6.0,,,,,,6.0,0.09969115215155847
SPWB,,6.0,,,,,,7.0,0.14531628184454048
SPWB,,6.0,,,,,,8.0,0.20833327736955617
SPWB,,6.0,,,,,,9.0,0.2953717526949355
SPWB,,6.0,,,,,,10.0,0.41558846762796264
SPWB,,6.0,,,,,,11.0,0.5816306517914838
SPWB,,6.0,,,,,,12.0,0.8109665385452678
SPWB,,6.0,,,,,,13.0,1.1277230857932137
SPWB,,6.0,,,,,,14.0,1.5652242184971408
SPWB,,6.0,,,,,,15.0,2.169496625114178
SPWB,,10.0,,,,,,1.0,0.003811904963134563
SPWB,,10.0,,,,,,2.0,0.012888776834200697
SPWB,,10.0,,,,,,3.0,0.025425665998772183
SPWB,,10.0,,,,,,4.0,0.04274149816621347
SPWB,,10.0,,,,,,5.0,0.06665796099164221
SPWB,,10.0,,,,,,6.0,0.09969115215155847
SPWB,,10.0,,,,,,7.0,0.14531628184454048
SPWB,,10.0,,,,,,8.0,0.20833327736955617
SPWB,,10.0,,,,,,9.0,0.2953717526949355
SPWB,,10.0,,,,,,10.0,0.41558846762796264
SPWB,,10.0,,,,,,11.0,0.5816306517914838
SPWB,,10.0,,,,,,12.0,0.8109665385452678
SPWB,,10.0,,,,,,13.0,1.1277230857932137
SPWB,,10.0,,,,,,14.0,1.5652242184971408
SPWB,,10.0,,,,,,15.0,2.169496625114178
SPWB,,11.0,,,,,,1.0,0.0075778699824844125
SPWB,,11.0,,,,,,2.0,0.02847602129459708
SPWB,,11.0,,,,,,3.0,0.06521051995845734
SPWB,,11.0,,,,,,4.0,0.12978194409696564
SPWB,,11.0,,,,,,5.0,0.24328475390602106
SPWB,,11.0,,,,,,6.0,0.4427985172530443
SPWB,,11.0,,,,,,7.0,0.7935012164360584
SPWB,,11.0,,,,,,8.0,1.4099618613105946
SPWB,,11.0,,,,,,9.0,2.493568367802904
SPWB,,11.0,,,,,,10.0,4.398317796132499
SPWB,,11.0,,,,,,11.0,7.746461576171418
SPWB,,11.0,,,,,,12.0,13.631785180990217
SPWB,,11.0,,,,,,13.0,23.97693049402534
SPWB,,11.0,,,,,,14.0,42.16149242026931
SPWB,,11.0,,,,,,15.0,74.12607894306458
SPWB,,12.0,,,,,,1.0,0.0075778699824844125
SPWB,,12.0,,,,,,2.0,0.02847602129459708
SPWB,,12.0,,,,,,3.0,0.06521051995845734
SPWB,,12.0,,,,,,4.0,0.12978194409696564
SPWB,,12.0,,,,,,5.0,0.24328475390602106
SPWB,,12.0,,,,,,6.0,0.4427985172530443
SPWB,,12.0,,,,,,7.0,0.7935012164360584
SPWB,,12.0,,,,,,8.0,1.4099618613105946
SPWB,,12.0,,,,,,9.0,2.493568367802904
SPWB,,12.0,,,,,,10.0,4.398317796132499
SPWB,,12.0,,,,,,11.0,7.746461576171418
SPWB,,12.0,,,,,,12.0,13.631785180990217
SPWB,,12.0,,,,,,13.0,23.97693049402534
SPWB,,12.0,,,,,,14.0,42.16149242026931
SPWB,,12.0,,,,,,15.0,74.12607894306458
SPWB,,13.0,,,,,,1.0,0.003811904963134563
SPWB,,13.0,,,,,,2.0,0.012888776834200697
SPWB,,13.0,,,,,,3.0,0.025425665998772183
SPWB,,13.0,,,,,,4.0,0.04274149816621347
SPWB,,13.0,,,,,,5.0,0.06665796099164221
SPWB,,13.0,,,,,,6.0,0.09969115215155847
SPWB,,13.0,,,,,,7.0,0.14531628184454048
SPWB,,13.0,,,,,,8.0,0.20833327736955617
SPWB,,13.0,,,,,,9.0,0.2953717526949355
SPWB,,13.0,,,,,,10.0,0.41558846762796264
SPWB,,13.0,,,,,,11.0,0.5816306517914838
SPWB,,13.0,,,,,,12.0,0.8109665385452678
SPWB,,13.0,,,,,,13.0,1.1277230857932137
SPWB,,13.0,,,,,,14.0,1.5652242184971408
SPWB,,13.0,,,,,,15.0,2.169496625114178
SPWB,,14.0,,,,,,1.0,0.003811904963134563
SPWB,,14.0,,,,,,2.0,0.012888776834200697
SPWB,,14.0,,,,,,3.0,0.025425665998772183
SPWB,,14.0,,,,,,4.0,0.04274149816621347
SPWB,,14.0,,,,,,5.0,0.06665796099164221
SPWB,,14.0,,,,,,6.0,0.09969115215155847
SPWB,,14.0,,,,,,7.0,0.14531628184454048
SPWB,,14.0,,,,,,8.0,0.20833327736955617
SPWB,,14.0,,,,,,9.0,0.2953717526949355
SPWB,,14.0,,,,,,10.0,0.41558846762796264
SPWB,,14.0,,,,,,11.0,0.5816306517914838
SPWB,,14.0,,,,,,12.0,0.8109665385452678
SPWB,,14.0,,,,,,13.0,1.1277230857932137
SPWB,,14.0,,,,,,14.0,1.5652242184971408
SPWB,,14.0,,,,,,15.0,2.169496625114178
SPWB,,15.0,,,,,,1.0,0.003811904963134563
SPWB,,15.0,,,,,,2.0,0.012888776834200697
SPWB,,15.0,,,,,,3.0,0.025425665998772183
SPWB,,15.0,,,,,,4.0,0.04274149816621347
SPWB,,15.0,,,,,,5.0,0.06665796099164221
SPWB,,15.0,,,,,,6.0,0.09969115215155847
SPWB,,15.0,,,,,,7.0,0.14531628184454048
SPWB,,15.0,,,,,,8.0,0.20833327736955617
SPWB,,15.0,,,,,,9.0,0.2953717526949355
SPWB,,15.0,,,,,,10.0,0.41558846762796264
SPWB,,15.0,,,,,,11.0,0.5816306517914838
SPWB,,15.0,,,,,,12.0,0.8109665385452678
SPWB,,15.0,,,,,,13.0,1.1277230857932137
SPWB,,15.0,,,,,,14.0,1.5652242184971408
SPWB,,15.0,,,,,,15.0,2.169496625114178
SPWB,,17.0,,,,,,1.0,0.0075778699824844125
SPWB,,17.0,,,,,,2.0,0.02847602129459708
SPWB,,17.0,,,,,,3.0,0.06521051995845734
SPWB,,17.0,,,,,,4.0,0.12978194409696564
SPWB,,17.0,,,,,,5.0,0.24328475390602106
SPWB,,17.0,,,,,,6.0,0.4427985172530443
SPWB,,17.0,,,,,,7.0,0.7935012164360584
SPWB,,17.0,,,,,,8.0,1.4099618613105946
SPWB,,17.0,,,,,,9.0,2.493568367802904
SPWB,,17.0,,,,,,10.0,4.398317796132499
SPWB,,17.0,,,,,,11.0,7.746461576171418
SPWB,,17.0,,,,,,12.0,13.631785180990217
SPWB,,17.0,,,,,,13.0,23.97693049402534
SPWB,,17.0,,,,,,14.0,42.16149242026931
SPWB,,17.0,,,,,,15.0,74.12607894306458
SPWB,,18.0,,,,,,1.0,0.0075778699824844125
SPWB,,18.0,,,,,,2.0,0.02847602129459708
SPWB,,18.0,,,,,,3.0,0.06521051995845734
SPWB,,18.0,,,,,,4.0,0.12978194409696564
SPWB,,18.0,,,,,,5.0,0.24328475390602106
SPWB,,18.0,,,,,,6.0,0.4427985172530443
SPWB,,18.0,,,,,,7.0,0.7935012164360584
SPWB,,18.0,,,,,,8.0,1.4099618613105946
SPWB,,18.0,,,,,,9.0,2.493568367802904
SPWB,,18.0,,,,,,10.0,4.398317796132499
SPWB,,18.0,,,,,,11.0,7.746461576171418
SPWB,,18.0,,,,,,12.0,13.631785180990217
SPWB,,18.0,,,,,,13.0,23.97693049402534
SPWB,,18.0,,,,,,14.0,42.16149242026931
SPWB,,18.0,,,,,,15.0,74.12607894306458
SPWB,,19.0,,,,,,1.0,0.0075778699824844125
SPWB,,19.0,,,,,,2.0,0.02847602129459708
SPWB,,19.0,,,,,,3.0,0.06521051995845734
SPWB,,19.0,,,,,,4.0,0.12978194409696564
SPWB,,19.0,,,,,,5.0,0.24328475390602106
SPWB,,19.0,,,,,,6.0,0.4427985172530443
SPWB,,19.0,,,,,,7.0,0.7935012164360584
SPWB,,19.0,,,,,,8.0,1.4099618613105946
SPWB,,19.0,,,,,,9.0,2.493568367802904
SPWB,,19.0,,,,,,10.0,4.398317796132499
SPWB,,19.0,,,,,,11.0,7.746461576171418
SPWB,,19.0,,,,,,12.0,13.631785180990217
SPWB,,19.0,,,,,,13.0,23.97693049402534
SPWB,,19.0,,,,,,14.0,42.16149242026931
SPWB,,19.0,,,,,,15.0,74.12607894306458
total_C_electricity,,,,,,,,,874.5240135999302
total_C_losses,,,,,,,,,0.3964382809466808
total_phi,,,,,,,,,0.0
