date,total load,irradiation
01/01 00:00:00,766.4600948584798,0.0
01/01 01:00:00,811.252806391712,0.0
01/01 02:00:00,810.5005029457741,0.0
01/01 03:00:00,821.8138223005657,0.0
01/01 04:00:00,817.6827783028779,0.0
01/01 05:00:00,827.2256976486045,0.0
01/01 06:00:00,930.9685684045387,0.0
01/01 07:00:00,934.9121226993531,0.0
01/01 08:00:00,941.8664423330752,0.0
01/01 09:00:00,960.7776776480631,8.08
01/01 10:00:00,956.9016661243692,37.89
01/01 11:00:00,963.2460615623926,21.25
01/01 12:00:00,969.4796868177982,27.28
01/01 13:00:00,976.797632696461,30.27
01/01 14:00:00,962.6594498966091,23.22
01/01 15:00:00,978.1027551905222,9.14
01/01 16:00:00,973.6987597667132,0.0
01/01 17:00:00,942.4725338321736,0.0
01/01 18:00:00,842.5724266226853,0.0
01/01 19:00:00,844.8354807714425,0.0
01/01 20:00:00,841.7969267056641,0.0
01/01 21:00:00,835.1368351731953,0.0
01/01 22:00:00,828.0182379606799,0.0
01/01 23:00:00,830.8464853929024,0.0
01/02 00:00:00,942.5605700129645,0.0
01/02 01:00:00,941.5499824257797,0.0
01/02 02:00:00,961.23007035494,0.0
01/02 03:00:00,951.8155968838247,0.0
01/02 04:00:00,951.3225156223191,0.0
01/02 05:00:00,968.5785161636443,0.0
01/02 06:00:00,1130.2908230146136,0.0
01/02 07:00:00,1349.8960785528432,0.0
01/02 08:00:00,2821.1478325027188,0.0
01/02 09:00:00,2758.5677010633794,3.0
01/02 10:00:00,2707.8849738477174,19.18
01/02 11:00:00,2645.5220264656255,69.47
01/02 12:00:00,2521.4152822528417,60.39
01/02 13:00:00,2651.100003137308,142.41
01/02 14:00:00,2612.4175496379767,99.28
01/02 15:00:00,2660.2875229253486,100.22
01/02 16:00:00,2709.9866713477904,19.53
01/02 17:00:00,1762.7255392805744,0.0
01/02 18:00:00,1329.8705247501416,0.0
01/02 19:00:00,1352.4438202779618,0.0
01/02 20:00:00,1243.0491123483812,0.0
01/02 21:00:00,1231.936979372292,0.0
01/02 22:00:00,1142.7806297733187,0.0
01/02 23:00:00,1069.2521695121598,0.0
01/03 00:00:00,940.1409017563018,0.0
01/03 01:00:00,933.390915601303,0.0
01/03 02:00:00,954.0183269021743,0.0
01/03 03:00:00,936.7465049948268,0.0
01/03 04:00:00,945.7764031104509,0.0
01/03 05:00:00,964.8249260175853,0.0
01/03 06:00:00,1140.6803261031419,0.0
01/03 07:00:00,1351.9011594057718,0.0
01/03 08:00:00,2792.1854990640054,0.0
01/03 09:00:00,2735.8424593001587,16.31
01/03 10:00:00,2667.9686701368823,37.9
01/03 11:00:00,2638.3046593168697,73.97
01/03 12:00:00,2500.0808656926233,83.35
01/03 13:00:00,2658.1348246109033,200.44
01/03 14:00:00,2602.275490271235,176.09
01/03 15:00:00,2636.034086846901,123.32
01/03 16:00:00,2764.047991326485,27.93
01/03 17:00:00,1783.639670586542,0.0
01/03 18:00:00,1365.1535096045804,0.0
01/03 19:00:00,1338.45069406985,0.0
01/03 20:00:00,1227.4610842552097,0.0
01/03 21:00:00,1231.1874813578083,0.0
01/03 22:00:00,1126.579322001108,0.0
01/03 23:00:00,1055.7667870592613,0.0
01/04 00:00:00,927.7396518071745,0.0
01/04 01:00:00,932.7210729692034,0.0
01/04 02:00:00,934.6253567826784,0.0
01/04 03:00:00,925.61734647503,0.0
01/04 04:00:00,930.2715048880201,0.0
01/04 05:00:00,957.2835966740827,0.0
01/04 06:00:00,1125.5003009903116,0.0
01/04 07:00:00,1344.1381103619885,0.0
01/04 08:00:00,2770.9464464259167,0.0
01/04 09:00:00,2690.1435090551604,21.71
01/04 10:00:00,2623.7486602466474,73.23
01/04 11:00:00,2636.792047122339,120.7
01/04 12:00:00,2505.9078908334545,228.21
01/04 13:00:00,2656.7927837938178,201.43
01/04 14:00:00,2614.952509841642,173.21
01/04 15:00:00,2653.401903139247,112.72
01/04 16:00:00,2752.8618594862987,15.61
01/04 17:00:00,1782.5542360832656,0.0
01/04 18:00:00,1353.9907686370111,0.0
01/04 19:00:00,1339.4330262471954,0.0
01/04 20:00:00,1246.2421116019818,0.0
01/04 21:00:00,1236.1219157961402,0.0
01/04 22:00:00,1129.7560813783202,0.0
01/04 23:00:00,1069.9035321531637,0.0
01/05 00:00:00,951.9656501610074,0.0
01/05 01:00:00,944.4535135031523,0.0
01/05 02:00:00,940.9624727469788,0.0
01/05 03:00:00,932.0215775718037,0.0
01/05 04:00:00,940.8470214614595,0.0
01/05 05:00:00,977.8879781834838,0.0
01/05 06:00:00,1112.0486803968072,0.0
01/05 07:00:00,1338.4967887735943,0.0
01/05 08:00:00,2749.170106843814,1.0
01/05 09:00:00,2591.017297510379,60.76
01/05 10:00:00,2561.5370075770784,114.14
01/05 11:00:00,2562.898890501605,171.61
01/05 12:00:00,2418.015689613325,208.73
01/05 13:00:00,2561.463203193945,228.42
01/05 14:00:00,2546.024304351879,192.76
01/05 15:00:00,2544.98694010223,133.19
01/05 16:00:00,2645.437996631946,30.87
01/05 17:00:00,1730.8290973215896,0.0
01/05 18:00:00,1318.6437082005252,0.0
01/05 19:00:00,1319.0451063257203,0.0
01/05 20:00:00,1206.9421995078687,0.0
01/05 21:00:00,1189.722795518796,0.0
01/05 22:00:00,1122.337697336584,0.0
01/05 23:00:00,1081.9899008756038,0.0
01/06 00:00:00,951.9491591114067,0.0
01/06 01:00:00,952.5960278235879,0.0
01/06 02:00:00,948.1431107899374,0.0
01/06 03:00:00,942.0347104860504,0.0
01/06 04:00:00,957.4540234368804,0.0
01/06 05:00:00,968.5033004758845,0.0
01/06 06:00:00,1099.6803251332142,0.0
01/06 07:00:00,1349.1800323015418,0.0
01/06 08:00:00,2781.822928577795,0.0
01/06 09:00:00,3143.9817983072444,7.08
01/06 10:00:00,3068.999192929417,19.18
01/06 11:00:00,3083.520185888713,30.5
01/06 12:00:00,2933.18960868938,20.28
01/06 13:00:00,3148.99366922475,16.28
01/06 14:00:00,3109.1211231778457,11.0
01/06 15:00:00,3151.175127963134,5.0
01/06 16:00:00,3190.622616594362,1.0
01/06 17:00:00,2138.2706597239185,0.0
01/06 18:00:00,1628.3715552590668,0.0
01/06 19:00:00,1650.816527755231,0.0
01/06 20:00:00,1545.8187110119388,0.0
01/06 21:00:00,1552.974918632403,0.0
01/06 22:00:00,1474.9786654505285,0.0
01/06 23:00:00,1418.0099848329473,0.0
01/07 00:00:00,1068.8217545556697,0.0
01/07 01:00:00,1067.2554510262398,0.0
01/07 02:00:00,1074.3868495438924,0.0
01/07 03:00:00,1072.377600393543,0.0
01/07 04:00:00,1072.669049702854,0.0
01/07 05:00:00,1081.318665165521,0.0
01/07 06:00:00,1442.3765387053538,0.0
01/07 07:00:00,1424.1401077358566,0.0
01/07 08:00:00,1539.421603420379,1.0
01/07 09:00:00,1498.6244895776695,29.72
01/07 10:00:00,1491.9537874923883,121.76
01/07 11:00:00,1494.125198055363,98.6
01/07 12:00:00,1127.4331947345604,130.87
01/07 13:00:00,1121.859684709232,109.53
01/07 14:00:00,1134.5753355180898,39.7
01/07 15:00:00,1151.927633669218,26.6
01/07 16:00:00,1165.0614318618059,4.08
01/07 17:00:00,962.4692342283245,0.0
01/07 18:00:00,941.1194123849541,0.0
01/07 19:00:00,834.3695066770114,0.0
01/07 20:00:00,835.6195073966027,0.0
01/07 21:00:00,837.5390600740064,0.0
01/07 22:00:00,823.6156498154429,0.0
01/07 23:00:00,824.394914595844,0.0
01/08 00:00:00,801.1177071973194,0.0
01/08 01:00:00,821.3546264222741,0.0
01/08 02:00:00,817.0970642792215,0.0
01/08 03:00:00,817.2613881501097,0.0
01/08 04:00:00,831.0060975083669,0.0
01/08 05:00:00,834.1415201738997,0.0
01/08 06:00:00,936.2530492897026,0.0
01/08 07:00:00,930.5537113055675,0.0
01/08 08:00:00,930.4562807612705,2.0
01/08 09:00:00,941.2060154000624,73.07
01/08 10:00:00,951.3314859657461,144.53
01/08 11:00:00,946.1454572919005,214.15
01/08 12:00:00,970.9867234553742,244.1
01/08 13:00:00,975.8150909459324,239.74
01/08 14:00:00,962.0938086103282,198.19
01/08 15:00:00,970.835071500543,140.22
01/08 16:00:00,980.6196093277747,39.56
01/08 17:00:00,961.6505628978624,0.0
01/08 18:00:00,858.9407047391414,0.0
01/08 19:00:00,854.5036565361335,0.0
01/08 20:00:00,862.5053139409536,0.0
01/08 21:00:00,848.7080521834208,0.0
01/08 22:00:00,831.5874376796694,0.0
01/08 23:00:00,813.3005331151217,0.0
01/09 00:00:00,943.1694879431618,0.0
01/09 01:00:00,953.3284381566699,0.0
01/09 02:00:00,950.2302187670363,0.0
01/09 03:00:00,939.7221696658606,0.0
01/09 04:00:00,953.1256536713323,0.0
01/09 05:00:00,968.1602643998007,0.0
01/09 06:00:00,1134.9231688205448,0.0
01/09 07:00:00,1365.838825286177,0.0
01/09 08:00:00,2802.988681424589,1.0
01/09 09:00:00,2689.9112636198365,22.76
01/09 10:00:00,2665.677817946758,28.37
01/09 11:00:00,2633.407204788191,66.06
01/09 12:00:00,2519.1238413486603,41.58
01/09 13:00:00,2719.0298010520814,49.85
01/09 14:00:00,2711.4650731704305,25.24
01/09 15:00:00,2705.8434197012702,13.16
01/09 16:00:00,2768.934333912769,8.17
01/09 17:00:00,1772.3871956678506,0.0
01/09 18:00:00,1342.1895038214614,0.0
01/09 19:00:00,1347.2243662018216,0.0
01/09 20:00:00,1255.6216959734538,0.0
01/09 21:00:00,1241.4592543829735,0.0
01/09 22:00:00,1118.221300336378,0.0
01/09 23:00:00,1077.7287933760654,0.0
01/10 00:00:00,941.4676147399576,0.0
01/10 01:00:00,947.2412184473588,0.0
01/10 02:00:00,938.0948976846789,0.0
01/10 03:00:00,939.3684615646323,0.0
01/10 04:00:00,947.0845225774184,0.0
01/10 05:00:00,957.0181913672698,0.0
01/10 06:00:00,1101.3028876267142,0.0
01/10 07:00:00,1352.932888407911,0.0
01/10 08:00:00,2685.501504461183,1.0
01/10 09:00:00,2810.5197774131475,77.15
01/10 10:00:00,2807.9456106719495,162.34
01/10 11:00:00,2848.079615709612,215.24
01/10 12:00:00,2686.0645027182727,226.76
01/10 13:00:00,2855.797991469275,219.89
01/10 14:00:00,2843.5096834324836,169.54
01/10 15:00:00,2905.4040811827617,39.11
01/10 16:00:00,3032.892964896805,11.37
01/10 17:00:00,2027.4469018905932,0.0
01/10 18:00:00,1600.2570762957835,0.0
01/10 19:00:00,1636.2458302847263,0.0
01/10 20:00:00,1524.9912836611293,0.0
01/10 21:00:00,1543.2412733741844,0.0
01/10 22:00:00,1426.4387129375807,0.0
01/10 23:00:00,1372.8043738641502,0.0
01/11 00:00:00,1200.8539423191692,0.0
01/11 01:00:00,1198.3811157197513,0.0
01/11 02:00:00,1207.856071360758,0.0
01/11 03:00:00,1198.2026553072183,0.0
01/11 04:00:00,1202.8763254099824,0.0
01/11 05:00:00,1219.705959874204,0.0
01/11 06:00:00,1384.6163207602394,0.0
01/11 07:00:00,1612.2750888988885,0.0
01/11 08:00:00,3203.2624374578418,2.0
01/11 09:00:00,2905.6943833447913,74.79
01/11 10:00:00,2864.423224749557,148.64
01/11 11:00:00,2848.7291069813286,174.14
01/11 12:00:00,2694.4443150336656,203.75
01/11 13:00:00,2863.116852342952,151.38
01/11 14:00:00,2897.2757005935423,41.73
01/11 15:00:00,2932.6811080936077,33.81
01/11 16:00:00,3023.0146677559833,17.04
01/11 17:00:00,1999.0877012973583,0.0
01/11 18:00:00,1614.3302371415148,0.0
01/11 19:00:00,1690.2943070919944,0.0
01/11 20:00:00,1573.2264955118965,0.0
01/11 21:00:00,1587.713189024293,0.0
01/11 22:00:00,1446.0882254845235,0.0
01/11 23:00:00,1381.4591986259957,0.0
01/12 00:00:00,1203.264520102805,0.0
01/12 01:00:00,1201.247608334198,0.0
01/12 02:00:00,1205.917720151499,0.0
01/12 03:00:00,1201.6383078908027,0.0
01/12 04:00:00,1201.0945956102219,0.0
01/12 05:00:00,1228.6149198819926,0.0
01/12 06:00:00,1396.5531044621475,0.0
01/12 07:00:00,1624.8264074394372,0.0
01/12 08:00:00,3205.2947021591226,0.0
01/12 09:00:00,2916.739547165557,11.18
01/12 10:00:00,2564.9144178380025,28.39
01/12 11:00:00,2546.511010820357,60.58
01/12 12:00:00,2452.904837669314,33.3
01/12 13:00:00,2588.0468491806673,37.58
01/12 14:00:00,2596.6915162884816,30.49
01/12 15:00:00,2660.2854382744517,17.17
01/12 16:00:00,2719.42576671808,10.26
01/12 17:00:00,1776.7204134323965,0.0
01/12 18:00:00,1353.6802893835352,0.0
01/12 19:00:00,1372.1169443666674,0.0
01/12 20:00:00,1276.54794137587,0.0
01/12 21:00:00,1257.0059824547245,0.0
01/12 22:00:00,1159.3808396603429,0.0
01/12 23:00:00,1105.8561912872367,0.0
01/13 00:00:00,964.440583297136,0.0
01/13 01:00:00,963.1051037248669,0.0
01/13 02:00:00,968.216562566968,0.0
01/13 03:00:00,964.8750886411402,0.0
01/13 04:00:00,972.9295509984643,0.0
01/13 05:00:00,984.969279012424,0.0
01/13 06:00:00,1122.0405221107442,0.0
01/13 07:00:00,1348.0194196163648,0.0
01/13 08:00:00,2702.65688911223,3.0
01/13 09:00:00,2522.7032878317195,86.28
01/13 10:00:00,2522.545560365832,166.66
01/13 11:00:00,2567.475676444061,221.18
01/13 12:00:00,2427.294249363954,255.79
01/13 13:00:00,2580.9135645838023,250.77
01/13 14:00:00,2553.9487683122447,210.37
01/13 15:00:00,2581.553326092412,146.0
01/13 16:00:00,2679.2270183492283,43.61
01/13 17:00:00,1771.9634211416048,0.0
01/13 18:00:00,1395.809289603662,0.0
01/13 19:00:00,1414.8614058293888,0.0
01/13 20:00:00,1311.8972193838674,0.0
01/13 21:00:00,1305.6933688721992,0.0
01/13 22:00:00,1178.8374200621524,0.0
01/13 23:00:00,1129.6404510503048,0.0
01/14 00:00:00,851.7037205566846,0.0
01/14 01:00:00,861.9830697292408,0.0
01/14 02:00:00,855.7371547924031,0.0
01/14 03:00:00,858.0863568485497,0.0
01/14 04:00:00,865.6530011361154,0.0
01/14 05:00:00,865.1501499790431,0.0
01/14 06:00:00,1165.319471082446,0.0
01/14 07:00:00,1178.009009872083,0.0
01/14 08:00:00,1505.188839911615,1.0
01/14 09:00:00,1499.3922535831225,17.37
01/14 10:00:00,1495.612732490753,31.59
01/14 11:00:00,1488.041842514393,49.08
01/14 12:00:00,1125.19467165492,50.91
01/14 13:00:00,1123.1210197729122,78.68
01/14 14:00:00,1139.57613538727,67.28
01/14 15:00:00,1235.0657150238033,38.03
01/14 16:00:00,1155.9910521174022,19.01
01/14 17:00:00,972.0892656831671,0.0
01/14 18:00:00,956.6236135907291,0.0
01/14 19:00:00,843.3943465144238,0.0
01/14 20:00:00,845.3038158217294,0.0
01/14 21:00:00,839.0970307067698,0.0
01/14 22:00:00,835.9187399290605,0.0
01/14 23:00:00,823.4627238219691,0.0
01/15 00:00:00,807.7691041412636,0.0
01/15 01:00:00,807.1932965324891,0.0
01/15 02:00:00,810.205509593491,0.0
01/15 03:00:00,816.2979278596921,0.0
01/15 04:00:00,819.4618299287325,0.0
01/15 05:00:00,820.5972697723723,0.0
01/15 06:00:00,925.85967207573,0.0
01/15 07:00:00,918.2169285381759,0.0
01/15 08:00:00,923.4312353318701,1.0
01/15 09:00:00,937.7044133100449,16.28
01/15 10:00:00,949.7107430660195,25.4
01/15 11:00:00,959.8594746210688,53.09
01/15 12:00:00,964.2461205350099,63.53
01/15 13:00:00,959.6900155910539,68.81
01/15 14:00:00,956.6080395631926,51.03
01/15 15:00:00,953.3876460260639,27.53
01/15 16:00:00,968.8747289077331,16.69
01/15 17:00:00,961.181435453773,0.0
01/15 18:00:00,838.3820590580862,0.0
01/15 19:00:00,848.5345599662593,0.0
01/15 20:00:00,844.3153331296132,0.0
01/15 21:00:00,840.8064347160073,0.0
01/15 22:00:00,833.8457899290337,0.0
01/15 23:00:00,833.0828970251667,0.0
01/16 00:00:00,843.0973584198263,0.0
01/16 01:00:00,845.818329071912,0.0
01/16 02:00:00,826.8041863820922,0.0
01/16 03:00:00,843.3872782321187,0.0
01/16 04:00:00,846.4189375555306,0.0
01/16 05:00:00,829.279155180572,0.0
01/16 06:00:00,941.6963447374382,0.0
01/16 07:00:00,939.1102476917879,0.0
01/16 08:00:00,939.2070845095208,4.0
01/16 09:00:00,942.5709803828282,90.09
01/16 10:00:00,952.0470240179716,147.46
01/16 11:00:00,959.5844960884713,177.24
01/16 12:00:00,969.8827745576812,218.65
01/16 13:00:00,967.9278626160929,213.27
01/16 14:00:00,973.9560651076836,132.66
01/16 15:00:00,972.7276655020419,99.33
01/16 16:00:00,986.1608811296398,22.27
01/16 17:00:00,976.6735166040642,0.0
01/16 18:00:00,859.5857578252682,0.0
01/16 19:00:00,845.9509664581135,0.0
01/16 20:00:00,849.2520843827584,0.0
01/16 21:00:00,862.8687914661189,0.0
01/16 22:00:00,837.5415131678022,0.0
01/16 23:00:00,832.4321190114259,0.0
01/17 00:00:00,973.0622723114408,0.0
01/17 01:00:00,969.2191838528802,0.0
01/17 02:00:00,976.6710796152873,0.0
01/17 03:00:00,976.7361720554555,0.0
01/17 04:00:00,966.405647944481,0.0
01/17 05:00:00,989.5499832464452,0.0
01/17 06:00:00,1117.1625353654315,0.0
01/17 07:00:00,1359.0891252263636,0.0
01/17 08:00:00,2760.630129449007,0.0
01/17 09:00:00,2608.364450688608,10.1
01/17 10:00:00,2598.1904381765185,15.2
01/17 11:00:00,2604.290624090453,31.28
01/17 12:00:00,2450.856466657294,34.31
01/17 13:00:00,2603.7463446891184,30.31
01/17 14:00:00,2582.5258804964838,30.53
01/17 15:00:00,2566.5985748202684,22.36
01/17 16:00:00,2644.2478162220964,3.0
01/17 17:00:00,1708.3499293854554,0.0
01/17 18:00:00,1321.9715360640682,0.0
01/17 19:00:00,1360.196332623067,0.0
01/17 20:00:00,1280.2789466478832,0.0
01/17 21:00:00,1285.4462562118808,0.0
01/17 22:00:00,1162.2923742390135,0.0
01/17 23:00:00,1094.472672012453,0.0
01/18 00:00:00,962.5536232823487,0.0
01/18 01:00:00,962.9379193532432,0.0
01/18 02:00:00,958.5434485859174,0.0
01/18 03:00:00,973.6399864019578,0.0
01/18 04:00:00,976.3058416890092,0.0
01/18 05:00:00,987.572240513477,0.0
01/18 06:00:00,1141.3712322071863,0.0
01/18 07:00:00,1387.6670189379452,0.0
01/18 08:00:00,2830.319108898925,0.0
01/18 09:00:00,2875.472509841151,6.1
01/18 10:00:00,2714.856328407812,18.21
01/18 11:00:00,2694.0577134674445,21.28
01/18 12:00:00,2519.211666060297,37.63
01/18 13:00:00,2650.2011059200363,44.62
01/18 14:00:00,2657.77381292955,39.8
01/18 15:00:00,2668.2961186997823,24.37
01/18 16:00:00,2678.2240931129486,29.36
01/18 17:00:00,1748.4937474553417,0.0
01/18 18:00:00,1347.4612723634061,0.0
01/18 19:00:00,1368.9824415264036,0.0
01/18 20:00:00,1284.7213230909565,0.0
01/18 21:00:00,1271.558963734494,0.0
01/18 22:00:00,1161.294013806918,0.0
01/18 23:00:00,1112.5006309211653,0.0
01/19 00:00:00,970.2131029281641,0.0
01/19 01:00:00,978.2891048934626,0.0
01/19 02:00:00,975.1974075837885,0.0
01/19 03:00:00,982.16967906788,0.0
01/19 04:00:00,988.4211260928145,0.0
01/19 05:00:00,1002.9287800499867,0.0
01/19 06:00:00,1149.049253662162,0.0
01/19 07:00:00,1381.0002356452978,0.0
01/19 08:00:00,2826.9593412065597,2.0
01/19 09:00:00,2820.8621349468817,40.8
01/19 10:00:00,2897.1724577862133,70.57
01/19 11:00:00,2889.1436117427525,145.82
01/19 12:00:00,2755.4103213991393,121.97
01/19 13:00:00,2945.601497848911,141.53
01/19 14:00:00,2917.6767207217167,139.75
01/19 15:00:00,2992.7536035385806,22.38
01/19 16:00:00,3052.856769552178,18.62
01/19 17:00:00,2006.9781594167669,0.0
01/19 18:00:00,1568.4779896249415,0.0
01/19 19:00:00,1688.9340810946514,0.0
01/19 20:00:00,1621.1752909295742,0.0
01/19 21:00:00,1616.878733196853,0.0
01/19 22:00:00,1479.276114909842,0.0
01/19 23:00:00,1417.5097754296548,0.0
01/20 00:00:00,1257.7449790413705,0.0
01/20 01:00:00,1257.2073638771558,0.0
01/20 02:00:00,1255.430636954486,0.0
01/20 03:00:00,1254.5644210675737,0.0
01/20 04:00:00,1259.686660253682,0.0
01/20 05:00:00,1276.3396723075205,0.0
01/20 06:00:00,1439.3722295373777,0.0
01/20 07:00:00,1702.2004957479783,0.0
01/20 08:00:00,3330.146963853777,0.0
01/20 09:00:00,3075.347322304619,11.11
01/20 10:00:00,2963.2367008927445,32.64
01/20 11:00:00,2955.994498148892,48.86
01/20 12:00:00,2785.1606231766013,83.58
01/20 13:00:00,2963.1290011092706,91.5
01/20 14:00:00,2970.182033650223,64.92
01/20 15:00:00,2962.1116533554423,60.9
01/20 16:00:00,3096.0113188520922,21.81
01/20 17:00:00,2047.4209596628482,0.0
01/20 18:00:00,1600.5708815678465,0.0
01/20 19:00:00,1687.3730952665055,0.0
01/20 20:00:00,1611.3361565969105,0.0
01/20 21:00:00,1613.6403602934379,0.0
01/20 22:00:00,1489.2446197246275,0.0
01/20 23:00:00,1416.6499073270697,0.0
01/21 00:00:00,1070.0811286211049,0.0
01/21 01:00:00,1082.2655181688317,0.0
01/21 02:00:00,1077.2443606933618,0.0
01/21 03:00:00,1080.1577348848516,0.0
01/21 04:00:00,1079.9189380165726,0.0
01/21 05:00:00,1077.9239095027579,0.0
01/21 06:00:00,1456.0134586178822,0.0
01/21 07:00:00,1449.3449292188,0.0
01/21 08:00:00,1824.4538795401884,1.0
01/21 09:00:00,1744.3368487579744,20.44
01/21 10:00:00,1705.127741832083,52.51
01/21 11:00:00,1721.5286705716717,76.61
01/21 12:00:00,1292.857241711489,131.78
01/21 13:00:00,1285.8795235828138,145.17
01/21 14:00:00,1282.373773320584,108.79
01/21 15:00:00,1267.8053383335082,51.78
01/21 16:00:00,1296.0572138980197,5.09
01/21 17:00:00,1117.1082795861419,0.0
01/21 18:00:00,1147.615159111604,0.0
01/21 19:00:00,1050.472031589041,0.0
01/21 20:00:00,1074.5025706257438,0.0
01/21 21:00:00,1079.8043829595426,0.0
01/21 22:00:00,1072.5495566466457,0.0
01/21 23:00:00,1073.3204896340726,0.0
01/22 00:00:00,1071.9323396487769,0.0
01/22 01:00:00,1067.4696985934083,0.0
01/22 02:00:00,1069.9850014675462,0.0
01/22 03:00:00,1068.0663396235477,0.0
01/22 04:00:00,1074.8927430557192,0.0
01/22 05:00:00,1089.3521959254495,0.0
01/22 06:00:00,1216.2916299115452,0.0
01/22 07:00:00,1210.1295546318697,0.0
01/22 08:00:00,1195.3874131430657,7.0
01/22 09:00:00,1194.979001758781,88.58
01/22 10:00:00,1198.7426852651129,184.25
01/22 11:00:00,1206.304049705342,236.69
01/22 12:00:00,1190.2731652324564,240.63
01/22 13:00:00,1198.5024506153732,268.17
01/22 14:00:00,1196.563553194555,235.4
01/22 15:00:00,1219.928350492608,161.36
01/22 16:00:00,1227.0771043850198,65.71
01/22 17:00:00,1215.3756355308742,2.0
01/22 18:00:00,1070.0152328504719,0.0
01/22 19:00:00,1075.2926228705485,0.0
01/22 20:00:00,1086.9361408536593,0.0
01/22 21:00:00,1093.5333012106876,0.0
01/22 22:00:00,1070.6173455095184,0.0
01/22 23:00:00,1073.2492091323504,0.0
01/23 00:00:00,1250.9879082573061,0.0
01/23 01:00:00,1248.7332103627787,0.0
01/23 02:00:00,1259.778713708397,0.0
01/23 03:00:00,1255.7276326688034,0.0
01/23 04:00:00,1254.216558444707,0.0
01/23 05:00:00,1278.0228182798426,0.0
01/23 06:00:00,1500.013563538296,0.0
01/23 07:00:00,1796.9612013467115,0.0
01/23 08:00:00,3656.9396087055584,7.0
01/23 09:00:00,3501.7660690209586,32.15
01/23 10:00:00,3427.342742179842,94.99
01/23 11:00:00,3444.3301941544737,91.85
01/23 12:00:00,3255.70423647515,116.33
01/23 13:00:00,3469.7182917210735,109.27
01/23 14:00:00,3480.669240690487,59.43
01/23 15:00:00,3551.682646640212,25.41
01/23 16:00:00,3641.2965773293167,9.09
01/23 17:00:00,2310.0838308351613,1.0
01/23 18:00:00,1737.0014735310654,0.0
01/23 19:00:00,1734.4068777829575,0.0
01/23 20:00:00,1626.1663768763638,0.0
01/23 21:00:00,1628.5756222308646,0.0
01/23 22:00:00,1490.907876505621,0.0
01/23 23:00:00,1418.5928637907293,0.0
01/24 00:00:00,1244.778962616128,0.0
01/24 01:00:00,1249.9376904226278,0.0
01/24 02:00:00,1240.5658038458748,0.0
01/24 03:00:00,1250.084383745668,0.0
01/24 04:00:00,1258.2164127434462,0.0
01/24 05:00:00,1273.3265057917756,0.0
01/24 06:00:00,1424.0946080478875,0.0
01/24 07:00:00,1672.5324606951465,0.0
01/24 08:00:00,3216.3355649308505,9.0
01/24 09:00:00,2903.3546009088454,111.69
01/24 10:00:00,2884.521669790573,189.53
01/24 11:00:00,2861.0369785678363,208.33
01/24 12:00:00,2756.3722429569134,269.41
01/24 13:00:00,2917.0302776994695,287.5
01/24 14:00:00,2861.736525974549,210.78
01/24 15:00:00,2882.230950287904,178.43
01/24 16:00:00,3015.3847480729773,92.43
01/24 17:00:00,2030.2524908867103,3.0
01/24 18:00:00,1610.696679822333,0.0
01/24 19:00:00,1679.0932224961205,0.0
01/24 20:00:00,1596.7378494419702,0.0
01/24 21:00:00,1597.1393984222,0.0
01/24 22:00:00,1475.070778368034,0.0
01/24 23:00:00,1408.121336079675,0.0
01/25 00:00:00,1231.8141500507365,0.0
01/25 01:00:00,1244.678350480502,0.0
01/25 02:00:00,1244.8504604229138,0.0
01/25 03:00:00,1257.156506857725,0.0
01/25 04:00:00,1250.6790111726853,0.0
01/25 05:00:00,1275.887234716819,0.0
01/25 06:00:00,1430.0441906336757,0.0
01/25 07:00:00,1675.8001777360162,0.0
01/25 08:00:00,3236.6421290897324,1.0
01/25 09:00:00,2991.212624299312,12.12
01/25 10:00:00,2914.395644268689,46.14
01/25 11:00:00,2922.2693399390073,48.91
01/25 12:00:00,2751.9495180659824,78.05
01/25 13:00:00,2932.317743589656,57.01
01/25 14:00:00,2894.8400544188835,94.42
01/25 15:00:00,2871.1958917581937,44.07
01/25 16:00:00,2717.563577649386,11.2
01/25 17:00:00,1750.7546799070299,0.0
01/25 18:00:00,1367.1844051416645,0.0
01/25 19:00:00,1415.4621188749431,0.0
01/25 20:00:00,1344.391582718739,0.0
01/25 21:00:00,1330.6819659714631,0.0
01/25 22:00:00,1225.9516158838692,0.0
01/25 23:00:00,1157.264415049889,0.0
01/26 00:00:00,1024.8149371234717,0.0
01/26 01:00:00,1019.2830007704969,0.0
01/26 02:00:00,1023.0251521442692,0.0
01/26 03:00:00,1018.9288881996858,0.0
01/26 04:00:00,1021.0980565289842,0.0
01/26 05:00:00,1039.2208087675535,0.0
01/26 06:00:00,1174.6057730697867,0.0
01/26 07:00:00,1393.5380878980934,0.0
01/26 08:00:00,2809.4843905388793,4.0
01/26 09:00:00,2752.4493903355565,73.44
01/26 10:00:00,2881.42383518083,87.58
01/26 11:00:00,2909.653618552667,200.23
01/26 12:00:00,2766.329214861002,125.25
01/26 13:00:00,2935.7061362360782,125.86
01/26 14:00:00,2923.591811655135,151.01
01/26 15:00:00,2934.380598761621,125.21
01/26 16:00:00,3068.585227937118,60.48
01/26 17:00:00,2070.002001396642,4.0
01/26 18:00:00,1645.9861907399747,0.0
01/26 19:00:00,1712.0360132695469,0.0
01/26 20:00:00,1624.2920252286492,0.0
01/26 21:00:00,1614.5254229928462,0.0
01/26 22:00:00,1495.1543205506734,0.0
01/26 23:00:00,1418.362416474292,0.0
01/27 00:00:00,1240.8820344064388,0.0
01/27 01:00:00,1242.1899022141502,0.0
01/27 02:00:00,1248.9935160097225,0.0
01/27 03:00:00,1251.5518666461924,0.0
01/27 04:00:00,1250.4402552903591,0.0
01/27 05:00:00,1274.7019430850196,0.0
01/27 06:00:00,1428.0233237128807,0.0
01/27 07:00:00,1701.2699358508294,0.0
01/27 08:00:00,3351.2497787503144,9.0
01/27 09:00:00,2942.6373828070186,104.19
01/27 10:00:00,2881.0619230169955,161.35
01/27 11:00:00,2892.3065421859897,203.53
01/27 12:00:00,2770.707838725091,212.43
01/27 13:00:00,2938.7772692147378,291.82
01/27 14:00:00,2907.6735864724674,228.53
01/27 15:00:00,2947.9803589836492,144.81
01/27 16:00:00,3097.747787275046,68.06
01/27 17:00:00,2085.2791048049785,1.0
01/27 18:00:00,1639.0435568470557,0.0
01/27 19:00:00,1682.158723192926,0.0
01/27 20:00:00,1583.1935129510987,0.0
01/27 21:00:00,1576.6174971875932,0.0
01/27 22:00:00,1517.0840689703439,0.0
01/27 23:00:00,1434.0284692312723,0.0
01/28 00:00:00,1082.893889180518,0.0
01/28 01:00:00,1077.3474132652225,0.0
01/28 02:00:00,1074.5045643630124,0.0
01/28 03:00:00,1084.1299295255947,0.0
01/28 04:00:00,1085.2358550733552,0.0
01/28 05:00:00,1085.1548459558794,0.0
01/28 06:00:00,1448.959832555367,0.0
01/28 07:00:00,1468.2618318403677,0.0
01/28 08:00:00,1825.6116939618785,15.0
01/28 09:00:00,1705.1927112735063,63.22
01/28 10:00:00,1679.7974959377536,110.03
01/28 11:00:00,1684.446408919,156.57
01/28 12:00:00,1268.3962629393475,233.01
01/28 13:00:00,1266.3107857664615,203.96
01/28 14:00:00,1262.81628608752,115.68
01/28 15:00:00,1277.1138496954532,43.91
01/28 16:00:00,1308.588087991266,19.34
01/28 17:00:00,1136.2984840875881,1.0
01/28 18:00:00,1177.9199519553079,0.0
01/28 19:00:00,1071.0546274949963,0.0
01/28 20:00:00,1091.1619704749114,0.0
01/28 21:00:00,1093.913051933606,0.0
01/28 22:00:00,1087.3239592176926,0.0
01/28 23:00:00,1084.0242487079922,0.0
01/29 00:00:00,1075.5977540078493,0.0
01/29 01:00:00,1087.6288637513376,0.0
01/29 02:00:00,1085.1566816604072,0.0
01/29 03:00:00,1088.1522598676938,0.0
01/29 04:00:00,1080.8049376826195,0.0
01/29 05:00:00,1097.0770958170688,0.0
01/29 06:00:00,1230.93452113322,0.0
01/29 07:00:00,1232.8952936291314,0.0
01/29 08:00:00,1213.235659676365,1.0
01/29 09:00:00,1230.77417279365,16.27
01/29 10:00:00,1230.7088754035906,33.49
01/29 11:00:00,1240.5136307596988,77.24
01/29 12:00:00,1233.4304088696078,244.45
01/29 13:00:00,1226.5148845707672,231.46
01/29 14:00:00,1235.116243497453,136.47
01/29 15:00:00,1225.5798138790747,116.49
01/29 16:00:00,1242.219913742008,62.09
01/29 17:00:00,1244.226636585353,4.0
01/29 18:00:00,1091.7304803896286,0.0
01/29 19:00:00,1100.5657708612334,0.0
01/29 20:00:00,1099.4353433850883,0.0
01/29 21:00:00,1101.4765591918108,0.0
01/29 22:00:00,1086.742018404716,0.0
01/29 23:00:00,1082.6703223891802,0.0
01/30 00:00:00,1256.060849477752,0.0
01/30 01:00:00,1256.901699906593,0.0
01/30 02:00:00,1268.3949174695033,0.0
01/30 03:00:00,1262.571552923037,0.0
01/30 04:00:00,1265.4208924466514,0.0
01/30 05:00:00,1285.1101388843222,0.0
01/30 06:00:00,1496.1293106661624,0.0
01/30 07:00:00,1809.189845090818,0.0
01/30 08:00:00,3634.3889928298468,7.25
01/30 09:00:00,3485.544676820762,56.16
01/30 10:00:00,3445.8310801774155,146.48
01/30 11:00:00,3439.9116727684614,120.45
01/30 12:00:00,3261.773459320432,109.71
01/30 13:00:00,3433.1073265000705,151.58
01/30 14:00:00,3443.6873663008632,248.83
01/30 15:00:00,3454.9604395538963,133.75
01/30 16:00:00,3529.6721916280176,68.93
01/30 17:00:00,2330.2197154528353,10.0
01/30 18:00:00,1769.6439901126253,0.0
01/30 19:00:00,1772.753381193697,0.0
01/30 20:00:00,1630.1812775112512,0.0
01/30 21:00:00,1615.0352208133738,0.0
01/30 22:00:00,1504.1532189876946,0.0
01/30 23:00:00,1436.6897025073335,0.0
01/31 00:00:00,1269.2307218802655,0.0
01/31 01:00:00,1254.334793005112,0.0
01/31 02:00:00,1259.0233002622217,0.0
01/31 03:00:00,1261.9130635084605,0.0
01/31 04:00:00,1265.7952789913256,0.0
01/31 05:00:00,1276.3371336126293,0.0
01/31 06:00:00,1419.224525960249,0.0
01/31 07:00:00,1681.9956817186428,0.0
01/31 08:00:00,3329.5032292347937,3.33
01/31 09:00:00,2995.2563555234087,38.28
01/31 10:00:00,2925.398842318976,40.76
01/31 11:00:00,2927.7909555177334,74.97
01/31 12:00:00,2658.803617250649,78.83
01/31 13:00:00,2613.584833354722,86.55
01/31 14:00:00,2587.8632345857927,64.6
01/31 15:00:00,2629.033808358674,40.72
01/31 16:00:00,2728.738705741731,16.26
01/31 17:00:00,1752.7045725258013,1.0
01/31 18:00:00,1380.3615592636058,0.0
01/31 19:00:00,1390.9661072269157,0.0
01/31 20:00:00,1306.524097723119,0.0
01/31 21:00:00,1306.6615547641888,0.0
01/31 22:00:00,1188.9393498557172,0.0
01/31 23:00:00,1134.708728890591,0.0
02/01 00:00:00,1320.1828162425847,0.0
02/01 01:00:00,1342.4500622930148,0.0
02/01 02:00:00,1345.1177124322664,0.0
02/01 03:00:00,1346.639683901959,0.0
02/01 04:00:00,1349.280482007703,0.0
02/01 05:00:00,1340.314154351627,0.0
02/01 06:00:00,1488.8511501672917,0.0
02/01 07:00:00,1724.8945511249476,0.0
02/01 08:00:00,3180.903462632763,3.13
02/01 09:00:00,2983.2122256561443,23.44
02/01 10:00:00,2904.562448270365,78.33
02/01 11:00:00,2911.5020693432475,162.29
02/01 12:00:00,2797.4398235869135,144.01
02/01 13:00:00,2939.31927202933,166.22
02/01 14:00:00,2954.0729160280353,194.35
02/01 15:00:00,2937.4948612149697,151.25
02/01 16:00:00,2973.525392858304,69.09
02/01 17:00:00,2098.951436954497,4.0
02/01 18:00:00,1719.2816500511512,0.0
02/01 19:00:00,1756.4211351184233,0.0
02/01 20:00:00,1647.6805014805116,0.0
02/01 21:00:00,1654.2744620756562,0.0
02/01 22:00:00,1553.6999868416403,0.0
02/01 23:00:00,1489.6670919833643,0.0
02/02 00:00:00,1349.1168879694321,0.0
02/02 01:00:00,1353.6266238267096,0.0
02/02 02:00:00,1349.7595504863534,0.0
02/02 03:00:00,1356.295282523801,0.0
02/02 04:00:00,1365.5490972033163,0.0
02/02 05:00:00,1370.6037143063866,0.0
02/02 06:00:00,1499.0984553745336,0.0
02/02 07:00:00,1708.4573453539306,0.0
02/02 08:00:00,3103.6790307524097,11.24
02/02 09:00:00,2918.885935280793,78.73
02/02 10:00:00,3223.0781501919164,170.57
02/02 11:00:00,3016.2619707323915,206.16
02/02 12:00:00,2774.9527037713133,233.82
02/02 13:00:00,2926.1958660028713,315.92
02/02 14:00:00,2903.922476785321,282.52
02/02 15:00:00,2908.2482258199925,220.52
02/02 16:00:00,2965.701034647653,131.18
02/02 17:00:00,2121.965261877004,10.0
02/02 18:00:00,1694.6555670581488,0.0
02/02 19:00:00,1739.8078282936397,0.0
02/02 20:00:00,1666.4137556899686,0.0
02/02 21:00:00,1640.6599815871655,0.0
02/02 22:00:00,1560.211124620778,0.0
02/02 23:00:00,1482.9203038893145,0.0
02/03 00:00:00,1361.0364091488427,0.0
02/03 01:00:00,1332.0452423150211,0.0
02/03 02:00:00,1354.7988374580098,0.0
02/03 03:00:00,1340.1776861331286,0.0
02/03 04:00:00,1353.9027068499108,0.0
02/03 05:00:00,1340.2381826542978,0.0
02/03 06:00:00,1488.8356606886039,0.0
02/03 07:00:00,1748.024429296851,0.0
02/03 08:00:00,3196.3096078339863,18.71
02/03 09:00:00,3247.5828953901787,147.11
02/03 10:00:00,3195.8592638411856,233.73
02/03 11:00:00,3208.6870075950724,302.35
02/03 12:00:00,3095.64108521643,348.21
02/03 13:00:00,3082.726728672768,343.98
02/03 14:00:00,2933.826978265259,296.91
02/03 15:00:00,3100.041211504733,225.45
02/03 16:00:00,2985.754269086668,137.0
02/03 17:00:00,2118.981987425311,11.0
02/03 18:00:00,1751.4146042665063,0.0
02/03 19:00:00,1771.5427560921237,0.0
02/03 20:00:00,1619.7836983050242,0.0
02/03 21:00:00,1612.161585371279,0.0
02/03 22:00:00,1542.307217486482,0.0
02/03 23:00:00,1505.9665200150694,0.0
02/04 00:00:00,1209.0846426674311,0.0
02/04 01:00:00,1228.136960331313,0.0
02/04 02:00:00,1225.7116952024828,0.0
02/04 03:00:00,1223.5032923437361,0.0
02/04 04:00:00,1230.556965439684,0.0
02/04 05:00:00,1231.502646995651,0.0
02/04 06:00:00,1533.0751257817437,0.0
02/04 07:00:00,1558.126759369639,0.0
02/04 08:00:00,1969.1388284028255,15.25
02/04 09:00:00,2071.251642635034,136.8
02/04 10:00:00,2042.0079053851277,222.31
02/04 11:00:00,2058.150402669671,306.89
02/04 12:00:00,1568.4545558283717,354.49
02/04 13:00:00,1470.7353316855495,352.96
02/04 14:00:00,1553.37637608827,302.21
02/04 15:00:00,1635.7838673487781,230.46
02/04 16:00:00,1651.8416615452593,141.77
02/04 17:00:00,1522.496639373363,13.47
02/04 18:00:00,1570.897167010112,0.0
02/04 19:00:00,1471.6608893618252,0.0
02/04 20:00:00,1482.7735918503563,0.0
02/04 21:00:00,1511.1234311318985,0.0
02/04 22:00:00,1516.9059137265883,0.0
02/04 23:00:00,1502.2894884687416,0.0
02/05 00:00:00,1500.896471913145,0.0
02/05 01:00:00,1508.818369230838,0.0
02/05 02:00:00,1507.010478267502,0.0
02/05 03:00:00,1506.4378380717271,0.0
02/05 04:00:00,1517.4513348733708,0.0
02/05 05:00:00,1513.354581661413,0.0
02/05 06:00:00,1655.5612645037581,0.0
02/05 07:00:00,1633.9321265912265,0.0
02/05 08:00:00,1645.1895828169245,22.92
02/05 09:00:00,1660.6594163969276,154.59
02/05 10:00:00,1679.8498616031957,243.22
02/05 11:00:00,1689.8538920389656,311.42
02/05 12:00:00,1695.1795249449779,356.11
02/05 13:00:00,1689.7497569255866,353.32
02/05 14:00:00,1696.9724204806298,302.3
02/05 15:00:00,1700.6163283343208,233.28
02/05 16:00:00,1681.6924757736545,145.62
02/05 17:00:00,1649.486872993711,14.85
02/05 18:00:00,1531.8912850209576,0.0
02/05 19:00:00,1525.8175281472809,0.0
02/05 20:00:00,1525.793559312502,0.0
02/05 21:00:00,1519.025807079572,0.0
02/05 22:00:00,1517.4228833613531,0.0
02/05 23:00:00,1497.8100648459076,0.0
02/06 00:00:00,1668.1580415662836,0.0
02/06 01:00:00,1667.8072306917225,0.0
02/06 02:00:00,1678.926137815556,0.0
02/06 03:00:00,1677.0125490717753,0.0
02/06 04:00:00,1683.174842134733,0.0
02/06 05:00:00,1692.4099022502153,0.0
02/06 06:00:00,1922.6963568498643,0.0
02/06 07:00:00,2219.585712011278,0.0
02/06 08:00:00,4010.5298243441525,15.68
02/06 09:00:00,3928.3149491054264,114.0
02/06 10:00:00,3905.351246507881,181.22
02/06 11:00:00,3889.6021876774403,251.4
02/06 12:00:00,3710.161367225456,348.9
02/06 13:00:00,3935.6474402829,359.36
02/06 14:00:00,3877.2813251708294,310.48
02/06 15:00:00,3873.141273452469,231.85
02/06 16:00:00,3947.884217557008,149.57
02/06 17:00:00,2754.803097539451,17.32
02/06 18:00:00,2162.196054226306,0.0
02/06 19:00:00,2155.785427104215,0.0
02/06 20:00:00,2062.0703874681253,0.0
02/06 21:00:00,2040.1175545224103,0.0
02/06 22:00:00,1923.790442248625,0.0
02/06 23:00:00,1851.5151460652528,0.0
02/07 00:00:00,1678.266360594695,0.0
02/07 01:00:00,1692.75144019706,0.0
02/07 02:00:00,1666.8524467204784,0.0
02/07 03:00:00,1676.7521689441346,0.0
02/07 04:00:00,1686.1954397837153,0.0
02/07 05:00:00,1684.293361175609,0.0
02/07 06:00:00,1848.9193382369892,0.0
02/07 07:00:00,2105.7152298711585,0.0
02/07 08:00:00,3589.1623328013798,17.34
02/07 09:00:00,3223.6058306461296,109.02
02/07 10:00:00,3180.4253859585983,178.11
02/07 11:00:00,3172.168454952584,245.68
02/07 12:00:00,3041.0304320122,273.5
02/07 13:00:00,3218.8859078131277,264.33
02/07 14:00:00,3193.3781952319273,169.85
02/07 15:00:00,3212.592628428769,114.85
02/07 16:00:00,3290.0507276485173,81.67
02/07 17:00:00,2359.998443030675,16.87
02/07 18:00:00,1993.9732398409444,0.0
02/07 19:00:00,2071.2893921663717,0.0
02/07 20:00:00,1976.1401015717393,0.0
02/07 21:00:00,1941.464733151804,0.0
02/07 22:00:00,1863.4109406615928,0.0
02/07 23:00:00,1808.863604897064,0.0
02/08 00:00:00,1629.4292982051068,0.0
02/08 01:00:00,1623.964484303676,0.0
02/08 02:00:00,1644.5387177571936,0.0
02/08 03:00:00,1632.1074184251265,0.0
02/08 04:00:00,1642.4538340266154,0.0
02/08 05:00:00,1652.816136016658,0.0
02/08 06:00:00,1815.9126337019006,0.0
02/08 07:00:00,2029.886061642532,0.0
02/08 08:00:00,3556.921890326723,16.39
02/08 09:00:00,3195.182567988184,102.83
02/08 10:00:00,3203.1248747729933,153.29
02/08 11:00:00,3239.005334063896,269.01
02/08 12:00:00,3090.414134169737,296.86
02/08 13:00:00,3250.945804850067,252.59
02/08 14:00:00,3221.594906638323,313.52
02/08 15:00:00,3192.426696308903,240.86
02/08 16:00:00,3237.0835903163666,143.72
02/08 17:00:00,2348.1361825168638,19.53
02/08 18:00:00,2019.3086340757998,0.0
02/08 19:00:00,2072.109614119535,0.0
02/08 20:00:00,1980.2966946304039,0.0
02/08 21:00:00,1964.1158002666914,0.0
02/08 22:00:00,1903.3694167776173,0.0
02/08 23:00:00,1853.4579370138954,0.0
02/09 00:00:00,1684.2990788884929,0.0
02/09 01:00:00,1684.860090498101,0.0
02/09 02:00:00,1684.223163318789,0.0
02/09 03:00:00,1682.03433388612,0.0
02/09 04:00:00,1676.550286197855,0.0
02/09 05:00:00,1698.1311660957358,0.0
02/09 06:00:00,1838.5216285257707,0.0
02/09 07:00:00,2086.1307073984362,0.0
02/09 08:00:00,3643.597877647797,4.04
02/09 09:00:00,3400.32015900352,19.18
02/09 10:00:00,3294.684675165488,32.29
02/09 11:00:00,3243.4117753706446,47.74
02/09 12:00:00,3094.8519532371383,66.23
02/09 13:00:00,3277.0739316195445,66.22
02/09 14:00:00,3250.1941353028997,69.46
02/09 15:00:00,3254.289003094066,74.55
02/09 16:00:00,3327.392856664904,42.36
02/09 17:00:00,2367.5625710313416,6.18
02/09 18:00:00,1979.8992840910862,0.0
02/09 19:00:00,2083.6386300660843,0.0
02/09 20:00:00,2012.647478014661,0.0
02/09 21:00:00,2023.2794981583922,0.0
02/09 22:00:00,1894.7293046711823,0.0
02/09 23:00:00,1855.325106478291,0.0
02/10 00:00:00,1688.9396199230516,0.0
02/10 01:00:00,1699.362704533162,0.0
02/10 02:00:00,1696.6970543240411,0.0
02/10 03:00:00,1700.638755653481,0.0
02/10 04:00:00,1691.778826364577,0.0
02/10 05:00:00,1703.6354121826625,0.0
02/10 06:00:00,1842.3614394697884,0.0
02/10 07:00:00,2073.544285815479,0.0
02/10 08:00:00,3608.431109522551,15.88
02/10 09:00:00,3306.7151759437575,74.76
02/10 10:00:00,3237.3062378708128,128.59
02/10 11:00:00,3249.2005793578555,132.51
02/10 12:00:00,3106.4194412712473,155.95
02/10 13:00:00,3251.7088867265606,106.3
02/10 14:00:00,3174.4129723706765,270.87
02/10 15:00:00,3218.1813845203737,201.9
02/10 16:00:00,3301.7612621353946,138.96
02/10 17:00:00,2400.979095400403,25.27
02/10 18:00:00,2015.9114126924612,0.0
02/10 19:00:00,2076.108579624445,0.0
02/10 20:00:00,1992.1759149128386,0.0
02/10 21:00:00,2035.3155428964365,0.0
02/10 22:00:00,1898.4227897504688,0.0
02/10 23:00:00,1829.8026474515589,0.0
02/11 00:00:00,1496.7771249125904,0.0
02/11 01:00:00,1499.4545575334926,0.0
02/11 02:00:00,1495.3842000670668,0.0
02/11 03:00:00,1501.8842574905673,0.0
02/11 04:00:00,1494.2131066812988,0.0
02/11 05:00:00,1511.156177651529,0.0
02/11 06:00:00,1866.5921782517082,0.0
02/11 07:00:00,1843.4105716480358,0.0
02/11 08:00:00,2161.196978599235,11.27
02/11 09:00:00,2009.058342524792,48.53
02/11 10:00:00,2009.9195136870212,65.81
02/11 11:00:00,2019.8571791328914,55.76
02/11 12:00:00,1615.1235386032097,80.68
02/11 13:00:00,1620.6765804962963,109.76
02/11 14:00:00,1610.319902484069,76.87
02/11 15:00:00,1619.2061053512232,31.29
02/11 16:00:00,1646.8222647137975,18.18
02/11 17:00:00,1484.9343514767552,7.16
02/11 18:00:00,1555.3728153161883,0.0
02/11 19:00:00,1478.1738448636943,0.0
02/11 20:00:00,1502.4814911619665,0.0
02/11 21:00:00,1537.9930291345495,0.0
02/11 22:00:00,1530.1404176196136,0.0
02/11 23:00:00,1515.7775730291191,0.0
02/12 00:00:00,1522.9252264792226,0.0
02/12 01:00:00,1522.1828292252785,0.0
02/12 02:00:00,1525.2730963062636,0.0
02/12 03:00:00,1525.4171064208156,0.0
02/12 04:00:00,1517.3864740205267,0.0
02/12 05:00:00,1530.2217205886716,0.0
02/12 06:00:00,1658.2360211257387,0.0
02/12 07:00:00,1645.8338279187722,0.0
02/12 08:00:00,1664.6707573604112,24.21
02/12 09:00:00,1667.8504341020691,19.2
02/12 10:00:00,1688.32169943195,43.61
02/12 11:00:00,1723.0715745169457,32.39
02/12 12:00:00,1699.3892665281899,88.13
02/12 13:00:00,1708.9750040989109,34.42
02/12 14:00:00,1693.9430181831297,40.38
02/12 15:00:00,1707.81267315084,59.49
02/12 16:00:00,1714.4373100339906,31.74
02/12 17:00:00,1680.9529704187553,8.22
02/12 18:00:00,1536.9555558372977,0.0
02/12 19:00:00,1535.2290704135783,0.0
02/12 20:00:00,1540.9327877834644,0.0
02/12 21:00:00,1519.214382970647,0.0
02/12 22:00:00,1508.9877837067695,0.0
02/12 23:00:00,1514.2399521456937,0.0
02/13 00:00:00,1683.1946508383837,0.0
02/13 01:00:00,1683.5524042447523,0.0
02/13 02:00:00,1703.0026492164948,0.0
02/13 03:00:00,1699.9584065628271,0.0
02/13 04:00:00,1692.456548557817,0.0
02/13 05:00:00,1722.6797941970322,0.0
02/13 06:00:00,1935.2284044987873,0.0
02/13 07:00:00,2237.2175914290424,0.0
02/13 08:00:00,4035.0101384724585,54.75
02/13 09:00:00,3915.1613949149682,183.25
02/13 10:00:00,3924.794147867931,270.45
02/13 11:00:00,3898.982319906261,353.48
02/13 12:00:00,3757.43199195397,403.12
02/13 13:00:00,3938.044681708174,402.02
02/13 14:00:00,3908.276212811413,330.46
02/13 15:00:00,3915.8376693408763,234.36
02/13 16:00:00,3878.460027770973,130.56
02/13 17:00:00,2731.5867323974326,24.09
02/13 18:00:00,2191.355720380911,0.0
02/13 19:00:00,2188.4990330018577,0.0
02/13 20:00:00,2070.0693484869958,0.0
02/13 21:00:00,2061.293131941756,0.0
02/13 22:00:00,1919.7065691622604,0.0
02/13 23:00:00,1851.0665851489332,0.0
02/14 00:00:00,1701.9731168930452,0.0
02/14 01:00:00,1699.2761880069106,0.0
02/14 02:00:00,1690.6279305366031,0.0
02/14 03:00:00,1697.599972167998,0.0
02/14 04:00:00,1695.564749510738,0.0
02/14 05:00:00,1716.8978325351484,0.0
02/14 06:00:00,1855.382510594541,0.0
02/14 07:00:00,2052.2803567699184,0.0
02/14 08:00:00,3660.9941590132794,13.34
02/14 09:00:00,3317.2076022150723,37.82
02/14 10:00:00,3244.23494952445,77.22
02/14 11:00:00,3243.4490934497007,148.51
02/14 12:00:00,3104.9008578004036,410.6
02/14 13:00:00,3320.0127108669835,407.59
02/14 14:00:00,3284.3937432562147,321.43
02/14 15:00:00,3290.3321119026946,262.67
02/14 16:00:00,3326.8602719412133,178.88
02/14 17:00:00,2393.567729254584,44.74
02/14 18:00:00,2072.3002808103247,0.0
02/14 19:00:00,2135.949172343774,0.0
02/14 20:00:00,2012.935731640881,0.0
02/14 21:00:00,2002.9870894695719,0.0
02/14 22:00:00,1913.5529625689514,0.0
02/14 23:00:00,1861.457321938438,0.0
02/15 00:00:00,1678.8783709824302,0.0
02/15 01:00:00,1686.5876827630798,0.0
02/15 02:00:00,1673.7040107566936,0.0
02/15 03:00:00,1667.3731516489731,0.0
02/15 04:00:00,1650.2752263256302,0.0
02/15 05:00:00,1687.4808240314082,0.0
02/15 06:00:00,1830.6755336440626,0.0
02/15 07:00:00,2068.3149708793794,0.0
02/15 08:00:00,3626.9397504390095,14.36
02/15 09:00:00,3317.5220890515366,51.69
02/15 10:00:00,3280.363970304733,61.29
02/15 11:00:00,3287.607181169718,77.61
02/15 12:00:00,3112.811237883146,192.64
02/15 13:00:00,3287.2804417018397,203.51
02/15 14:00:00,3250.103957450612,270.83
02/15 15:00:00,3235.5356002080657,175.98
02/15 16:00:00,3354.527767570715,34.79
02/15 17:00:00,2399.275644025755,6.06
02/15 18:00:00,2006.9050247274845,0.0
02/15 19:00:00,2107.9451065671587,0.0
02/15 20:00:00,1976.5485631861534,0.0
02/15 21:00:00,1976.9631580962996,0.0
02/15 22:00:00,1903.3834269847146,0.0
02/15 23:00:00,1855.356356962392,0.0
02/16 00:00:00,1682.759711402935,0.0
02/16 01:00:00,1686.3728069595372,0.0
02/16 02:00:00,1670.6554890585865,0.0
02/16 03:00:00,1678.774841494966,0.0
02/16 04:00:00,1668.8442353697053,0.0
02/16 05:00:00,1688.2994877592162,0.0
02/16 06:00:00,1829.3134845552156,0.0
02/16 07:00:00,1866.9553636804203,0.0
02/16 08:00:00,3103.8630985350715,24.16
02/16 09:00:00,3255.7710386429358,103.09
02/16 10:00:00,3222.896638602855,187.11
02/16 11:00:00,3224.2633257866028,129.1
02/16 12:00:00,3093.540699625388,300.62
02/16 13:00:00,3271.3091859122105,302.31
02/16 14:00:00,3253.994657000706,310.27
02/16 15:00:00,3242.58191933523,238.19
02/16 16:00:00,3295.662193849326,155.83
02/16 17:00:00,2361.708647474185,23.97
02/16 18:00:00,1992.949011480255,0.0
02/16 19:00:00,2072.6689797238187,0.0
02/16 20:00:00,1988.0521898692637,0.0
02/16 21:00:00,2003.2807854683183,0.0
02/16 22:00:00,1921.7211495636238,0.0
02/16 23:00:00,1868.6873356883323,0.0
02/17 00:00:00,1686.2073576442406,0.0
02/17 01:00:00,1693.2949793480102,0.0
02/17 02:00:00,1685.6087363804106,0.0
02/17 03:00:00,1698.323646181276,0.0
02/17 04:00:00,1690.6445261530857,0.0
02/17 05:00:00,1694.442973616126,0.0
02/17 06:00:00,1871.5307318192445,0.0
02/17 07:00:00,2068.9122103564227,0.0
02/17 08:00:00,3559.430354557763,77.02
02/17 09:00:00,3278.2999677586627,198.59
02/17 10:00:00,3265.8832028282372,292.09
02/17 11:00:00,3289.948730704226,377.07
02/17 12:00:00,3155.451516920947,409.41
02/17 13:00:00,3276.910697765305,378.32
02/17 14:00:00,3235.5675242764864,219.33
02/17 15:00:00,3274.5411421975755,112.15
02/17 16:00:00,3308.7513037631097,123.69
02/17 17:00:00,2337.500203959755,52.22
02/17 18:00:00,1969.960802364004,0.0
02/17 19:00:00,2063.185760660385,0.0
02/17 20:00:00,2001.5964500070918,0.0
02/17 21:00:00,2069.4057790919474,0.0
02/17 22:00:00,1943.052456218456,0.0
02/17 23:00:00,1877.458392130089,0.0
02/18 00:00:00,1537.8477936038894,0.0
02/18 01:00:00,1536.957916424515,0.0
02/18 02:00:00,1544.5915872668104,0.0
02/18 03:00:00,1540.8524891827108,0.0
02/18 04:00:00,1526.7724226598991,0.0
02/18 05:00:00,1532.9202269117704,0.0
02/18 06:00:00,1880.2855298679692,0.0
02/18 07:00:00,1832.602335730683,0.0
02/18 08:00:00,2152.365253322808,40.92
02/18 09:00:00,2026.2052655796415,160.16
02/18 10:00:00,2014.6371387000975,161.98
02/18 11:00:00,2014.3484874289463,273.43
02/18 12:00:00,1617.9114827515398,298.31
02/18 13:00:00,1625.5941620367207,326.43
02/18 14:00:00,1621.7159232729412,335.71
02/18 15:00:00,1633.7789784293243,236.49
02/18 16:00:00,1667.9039582344476,169.4
02/18 17:00:00,1511.4242261393274,29.55
02/18 18:00:00,1566.1288879145895,0.0
02/18 19:00:00,1489.4443828729452,0.0
02/18 20:00:00,1492.7734457863983,0.0
02/18 21:00:00,1513.6192758003685,0.0
02/18 22:00:00,1508.3680671888303,0.0
02/18 23:00:00,1508.3403717965555,0.0
02/19 00:00:00,1517.1061185943402,0.0
02/19 01:00:00,1508.9992889137025,0.0
02/19 02:00:00,1503.075871620566,0.0
02/19 03:00:00,1510.4920743016942,0.0
02/19 04:00:00,1519.4148870944614,0.0
02/19 05:00:00,1520.726697621891,0.0
02/19 06:00:00,1647.2735464688744,0.0
02/19 07:00:00,1643.171783014809,1.0
02/19 08:00:00,1658.7309918022236,87.46
02/19 09:00:00,1657.1815962402081,206.89
02/19 10:00:00,1694.665208804557,296.84
02/19 11:00:00,1684.6633332425065,388.17
02/19 12:00:00,1685.0229219551652,424.14
02/19 13:00:00,1699.6652737453962,428.62
02/19 14:00:00,1699.9405862344506,377.75
02/19 15:00:00,1696.8616446328347,264.62
02/19 16:00:00,1693.6687701321198,71.5
02/19 17:00:00,1694.8680475650947,4.08
02/19 18:00:00,1527.6152984642974,0.0
02/19 19:00:00,1545.2798291045867,0.0
02/19 20:00:00,1546.7571853402337,0.0
02/19 21:00:00,1540.1545063197068,0.0
02/19 22:00:00,1523.6443933709652,0.0
02/19 23:00:00,1520.528208272685,0.0
02/20 00:00:00,1523.6819947774295,0.0
02/20 01:00:00,1508.297482385713,0.0
02/20 02:00:00,1519.3706433191796,0.0
02/20 03:00:00,1510.4297916747287,0.0
02/20 04:00:00,1503.8851954302613,0.0
02/20 05:00:00,1505.49703076367,0.0
02/20 06:00:00,1642.9876437402909,0.0
02/20 07:00:00,1652.2385412615195,0.0
02/20 08:00:00,1667.4517180341857,7.1
02/20 09:00:00,1661.0060380321797,20.24
02/20 10:00:00,1679.200049017333,56.05
02/20 11:00:00,1673.5676917948247,110.43
02/20 12:00:00,1655.475657123862,136.15
02/20 13:00:00,1674.6594464604195,113.26
02/20 14:00:00,1671.5504024589718,81.69
02/20 15:00:00,1673.9179096123203,88.05
02/20 16:00:00,1668.375199973809,72.57
02/20 17:00:00,1666.4528707940801,11.16
02/20 18:00:00,1506.5979170715239,0.0
02/20 19:00:00,1524.959408217287,0.0
02/20 20:00:00,1532.6066415532728,0.0
02/20 21:00:00,1537.3658329129212,0.0
02/20 22:00:00,1520.876761971247,0.0
02/20 23:00:00,1525.6872806293272,0.0
02/21 00:00:00,1683.2266671711648,0.0
02/21 01:00:00,1669.8969443451501,0.0
02/21 02:00:00,1681.339175249187,0.0
02/21 03:00:00,1680.3115547226357,0.0
02/21 04:00:00,1671.6564022268794,0.0
02/21 05:00:00,1694.5277933555178,0.0
02/21 06:00:00,1859.377980940311,0.0
02/21 07:00:00,2088.329486624159,0.0
02/21 08:00:00,3636.2277182476564,11.1
02/21 09:00:00,3315.9547287322903,24.24
02/21 10:00:00,3177.9075340892227,58.07
02/21 11:00:00,3182.5097111130617,212.06
02/21 12:00:00,3039.9645807706825,125.26
02/21 13:00:00,3198.675856502514,119.77
02/21 14:00:00,3208.1527957156145,110.85
02/21 15:00:00,3208.5774226290105,69.72
02/21 16:00:00,3283.028534652181,96.22
02/21 17:00:00,2405.4840845335175,5.09
02/21 18:00:00,2012.029621654317,0.0
02/21 19:00:00,2046.1488676421286,0.0
02/21 20:00:00,1939.1298852944626,0.0
02/21 21:00:00,1980.66964688911,0.0
02/21 22:00:00,1886.8700765408532,0.0
02/21 23:00:00,1830.8927397294792,0.0
02/22 00:00:00,1639.8136171790488,0.0
02/22 01:00:00,1642.8153688951804,0.0
02/22 02:00:00,1647.8185955325334,0.0
02/22 03:00:00,1648.3348174042098,0.0
02/22 04:00:00,1642.7205208642313,0.0
02/22 05:00:00,1670.0271483223135,0.0
02/22 06:00:00,1822.0598611555492,0.0
02/22 07:00:00,2044.3189423025922,3.0
02/22 08:00:00,3464.9817952981557,80.0
02/22 09:00:00,3215.6965633624523,174.08
02/22 10:00:00,3217.409206757117,305.78
02/22 11:00:00,3252.715232913045,333.34
02/22 12:00:00,3096.836077317869,426.14
02/22 13:00:00,3253.3271168145516,410.55
02/22 14:00:00,3215.27719961893,292.0
02/22 15:00:00,3237.3604513051314,183.27
02/22 16:00:00,3346.423457017402,52.4
02/22 17:00:00,2405.2062689209874,12.18
02/22 18:00:00,1999.8571661755195,0.0
02/22 19:00:00,2053.2234098402832,0.0
02/22 20:00:00,1926.1977298031868,0.0
02/22 21:00:00,1960.1093646953743,0.0
02/22 22:00:00,1869.7082478268226,0.0
02/22 23:00:00,1808.5844625518691,0.0
02/23 00:00:00,1639.5466181169627,0.0
02/23 01:00:00,1640.2949228813393,0.0
02/23 02:00:00,1625.6871367247718,0.0
02/23 03:00:00,1632.9718812465806,0.0
02/23 04:00:00,1631.802589505096,0.0
02/23 05:00:00,1638.4607304097806,0.0
02/23 06:00:00,1803.2793716414346,0.0
02/23 07:00:00,2036.8871311517137,0.0
02/23 08:00:00,3662.213469505982,15.23
02/23 09:00:00,3430.982540523462,28.25
02/23 10:00:00,3367.864740526271,32.37
02/23 11:00:00,3309.147935884445,84.78
02/23 12:00:00,3129.2527538213276,194.55
02/23 13:00:00,3307.9108720156846,148.27
02/23 14:00:00,3242.525421758946,76.31
02/23 15:00:00,3280.0268850070306,68.42
02/23 16:00:00,3349.466487331114,28.48
02/23 17:00:00,2355.116303789785,19.48
02/23 18:00:00,1923.7824402425174,0.0
02/23 19:00:00,2044.925025961518,0.0
02/23 20:00:00,1992.7784568034876,0.0
02/23 21:00:00,2020.687915271576,0.0
02/23 22:00:00,1909.8363555648014,0.0
02/23 23:00:00,1849.574489834119,0.0
02/24 00:00:00,1664.7779456668475,0.0
02/24 01:00:00,1664.1631729417552,0.0
02/24 02:00:00,1669.0814209723324,0.0
02/24 03:00:00,1671.176849001246,0.0
02/24 04:00:00,1680.479325917485,0.0
02/24 05:00:00,1694.7571588630344,0.0
02/24 06:00:00,1852.8851102568283,0.0
02/24 07:00:00,2063.705987393588,1.0
02/24 08:00:00,3600.095754816291,21.48
02/24 09:00:00,3245.3890341043707,59.82
02/24 10:00:00,3175.665494692109,75.86
02/24 11:00:00,3178.4098349176575,117.06
02/24 12:00:00,3076.529883219874,146.89
02/24 13:00:00,3251.7899874091136,353.75
02/24 14:00:00,3217.4971470091236,283.5
02/24 15:00:00,3200.7338244829743,249.09
02/24 16:00:00,3224.288978032303,200.62
02/24 17:00:00,2311.2054763016217,79.23
02/24 18:00:00,1979.012374302647,2.0
02/24 19:00:00,2106.1991179395127,0.0
02/24 20:00:00,1976.2534656707949,0.0
02/24 21:00:00,1961.4837666526198,0.0
02/24 22:00:00,1829.8766565913552,0.0
02/24 23:00:00,1811.7437501217664,0.0
02/25 00:00:00,1394.0934816492713,0.0
02/25 01:00:00,1475.854450285769,0.0
02/25 02:00:00,1478.2420057000477,0.0
02/25 03:00:00,1472.350845639987,0.0
02/25 04:00:00,1484.460950967289,0.0
02/25 05:00:00,1477.687469886837,0.0
02/25 06:00:00,1841.6305624468193,0.0
02/25 07:00:00,1824.4823765930032,1.0
02/25 08:00:00,2154.672276934282,17.25
02/25 09:00:00,2047.945777865892,48.06
02/25 10:00:00,2010.5513308545935,80.89
02/25 11:00:00,1992.5030490292543,102.74
02/25 12:00:00,1597.7699560878643,89.99
02/25 13:00:00,1605.3061620825767,98.47
02/25 14:00:00,1599.25694879546,112.59
02/25 15:00:00,1605.1090549063217,239.2
02/25 16:00:00,1658.4554245378552,179.81
02/25 17:00:00,1496.159662625394,92.58
02/25 18:00:00,1535.6308702684803,2.0
02/25 19:00:00,1442.0384021777975,0.0
02/25 20:00:00,1498.4530788789334,0.0
02/25 21:00:00,1552.4293162810868,0.0
02/25 22:00:00,1534.124592569456,0.0
02/25 23:00:00,1531.6830693608777,0.0
02/26 00:00:00,1524.201486716662,0.0
02/26 01:00:00,1524.4919230979822,0.0
02/26 02:00:00,1522.6196954753632,0.0
02/26 03:00:00,1507.803895562635,0.0
02/26 04:00:00,1517.2197207803367,0.0
02/26 05:00:00,1531.8019141366226,0.0
02/26 06:00:00,1658.3239200291807,0.0
02/26 07:00:00,1643.9293111098125,1.0
02/26 08:00:00,1667.413265982405,7.13
02/26 09:00:00,1685.5256326748029,32.54
02/26 10:00:00,1710.0394402655418,48.77
02/26 11:00:00,1710.1484983940086,76.39
02/26 12:00:00,1723.3230611245137,81.51
02/26 13:00:00,1705.975815354935,67.0
02/26 14:00:00,1710.1752788301237,61.91
02/26 15:00:00,1711.5670011095065,48.74
02/26 16:00:00,1716.1796345748337,41.76
02/26 17:00:00,1694.2275384622005,11.11
02/26 18:00:00,1528.8714595701595,0.0
02/26 19:00:00,1534.3766925086657,0.0
02/26 20:00:00,1529.1168343186732,0.0
02/26 21:00:00,1531.7806809835265,0.0
02/26 22:00:00,1512.3779116151563,0.0
02/26 23:00:00,1495.613238772086,0.0
02/27 00:00:00,1690.9147822595005,0.0
02/27 01:00:00,1712.8305613566233,0.0
02/27 02:00:00,1707.5528074298647,0.0
02/27 03:00:00,1694.6663148450118,0.0
02/27 04:00:00,1682.0626969322443,0.0
02/27 05:00:00,1694.4923002181752,0.0
02/27 06:00:00,1906.7881097737459,0.0
02/27 07:00:00,2205.635473238943,1.0
02/27 08:00:00,4095.49854674373,11.14
02/27 09:00:00,4016.391109260049,20.28
02/27 10:00:00,4039.1189557503244,23.39
02/27 11:00:00,4062.022379860282,28.47
02/27 12:00:00,3841.2223203995354,32.51
02/27 13:00:00,4049.0676999985412,42.5
02/27 14:00:00,4053.502602744713,35.46
02/27 15:00:00,4072.8841209374473,30.38
02/27 16:00:00,4112.041267332881,22.26
02/27 17:00:00,2809.50333500205,10.12
02/27 18:00:00,2217.192940449669,0.0
02/27 19:00:00,2206.819366165272,0.0
02/27 20:00:00,2071.938437946284,0.0
02/27 21:00:00,2062.479266687614,0.0
02/27 22:00:00,1923.4732409931803,0.0
02/27 23:00:00,1857.0136264651057,0.0
02/28 00:00:00,1664.1438658752106,0.0
02/28 01:00:00,1655.7498412308848,0.0
02/28 02:00:00,1656.1789021853454,0.0
02/28 03:00:00,1659.8001345325438,0.0
02/28 04:00:00,1662.3355672082575,0.0
02/28 05:00:00,1670.6927664888944,0.0
02/28 06:00:00,1906.7701198535708,0.0
02/28 07:00:00,2233.186344534201,1.0
02/28 08:00:00,3839.888232158606,42.86
02/28 09:00:00,3480.586538970718,81.11
02/28 10:00:00,3450.7399914659086,104.56
02/28 11:00:00,3490.789194907899,158.06
02/28 12:00:00,3327.7504736978517,514.9
02/28 13:00:00,3514.3271288858577,497.35
02/28 14:00:00,3465.579107975476,444.54
02/28 15:00:00,3466.569436440001,332.7
02/28 16:00:00,3500.9039813463787,197.77
02/28 17:00:00,2510.8423612148067,26.72
02/28 18:00:00,2047.521558101683,0.0
02/28 19:00:00,2089.0899513357253,0.0
02/28 20:00:00,2036.5820193749432,0.0
02/28 21:00:00,2021.3256644912235,0.0
02/28 22:00:00,1893.517106985864,0.0
02/28 23:00:00,1839.8197365783062,0.0
03/01 00:00:00,2097.9909061086173,0.0
03/01 01:00:00,2083.8722690850723,0.0
03/01 02:00:00,2088.651222246588,0.0
03/01 03:00:00,2090.6697930221294,0.0
03/01 04:00:00,2092.55420044032,0.0
03/01 05:00:00,2128.0299086439763,0.0
03/01 06:00:00,2327.653337612651,0.0
03/01 07:00:00,2651.640071070562,10.0
03/01 08:00:00,4225.088100907925,161.04
03/01 09:00:00,3782.9317821581617,168.88
03/01 10:00:00,3758.112738442372,82.01
03/01 11:00:00,3839.24328004414,287.88
03/01 12:00:00,3747.3541333940707,500.32
03/01 13:00:00,3950.250352966849,495.41
03/01 14:00:00,3962.544965863104,447.58
03/01 15:00:00,3965.8210864897264,370.37
03/01 16:00:00,4009.39646440491,276.0
03/01 17:00:00,2969.795439697016,147.7
03/01 18:00:00,2506.276427983806,5.0
03/01 19:00:00,2517.9419497277277,0.0
03/01 20:00:00,2421.673880342849,0.0
03/01 21:00:00,2432.3353552835865,0.0
03/01 22:00:00,2337.43620871119,0.0
03/01 23:00:00,2267.791631355998,0.0
03/02 00:00:00,2093.9222044842445,0.0
03/02 01:00:00,2093.007635526122,0.0
03/02 02:00:00,2098.965043863836,0.0
03/02 03:00:00,2086.738693247548,0.0
03/02 04:00:00,2098.2098491966117,0.0
03/02 05:00:00,2110.419440019191,0.0
03/02 06:00:00,2219.4146992297296,0.0
03/02 07:00:00,2430.6728637277815,11.0
03/02 08:00:00,3858.776269682385,142.66
03/02 09:00:00,3598.7656094399863,115.53
03/02 10:00:00,3581.3787894566067,230.16
03/02 11:00:00,3545.6195351905076,363.15
03/02 12:00:00,3400.0757606938287,472.32
03/02 13:00:00,3604.5208251666086,469.34
03/02 14:00:00,3570.9152776327674,419.88
03/02 15:00:00,3548.110513973439,374.29
03/02 16:00:00,3585.373525870636,261.28
03/02 17:00:00,2626.1303490820146,136.39
03/02 18:00:00,2333.0406083608787,5.0
03/02 19:00:00,2471.0779387561556,0.0
03/02 20:00:00,2433.530095185145,0.0
03/02 21:00:00,2433.15905999784,0.0
03/02 22:00:00,2314.9811657892915,0.0
03/02 23:00:00,2230.6123257380136,0.0
03/03 00:00:00,2071.2833867705413,0.0
03/03 01:00:00,2061.4324223726417,0.0
03/03 02:00:00,2080.1161692501664,0.0
03/03 03:00:00,2066.5888665758266,0.0
03/03 04:00:00,2059.65862807575,0.0
03/03 05:00:00,2068.44992654069,0.0
03/03 06:00:00,2207.2228790576114,0.0
03/03 07:00:00,2462.388188753564,4.0
03/03 08:00:00,3962.126987469259,27.64
03/03 09:00:00,3632.7577133833915,112.5
03/03 10:00:00,3663.495032712016,202.2
03/03 11:00:00,3661.3359999897893,167.85
03/03 12:00:00,3488.701922727803,184.08
03/03 13:00:00,3656.4918714905502,178.48
03/03 14:00:00,3613.2711136515773,207.77
03/03 15:00:00,3658.3767011599084,213.49
03/03 16:00:00,3676.9315106391323,217.06
03/03 17:00:00,2675.3643063698014,114.16
03/03 18:00:00,2410.736051673981,3.0
03/03 19:00:00,2556.3478308821536,0.0
03/03 20:00:00,2440.0268510342717,0.0
03/03 21:00:00,2457.5521078694424,0.0
03/03 22:00:00,2341.9921085147384,0.0
03/03 23:00:00,2270.742112261411,0.0
03/04 00:00:00,1943.6502876694808,0.0
03/04 01:00:00,1952.6896388132475,0.0
03/04 02:00:00,1951.2305212182737,0.0
03/04 03:00:00,1956.163602273292,0.0
03/04 04:00:00,1970.6701195736061,0.0
03/04 05:00:00,1954.1047016815176,0.0
03/04 06:00:00,2309.618750646577,0.0
03/04 07:00:00,2255.934322952833,9.56
03/04 08:00:00,2541.3970498567364,122.83
03/04 09:00:00,2393.511884587727,61.53
03/04 10:00:00,2410.7319480730353,74.68
03/04 11:00:00,2427.463541155493,154.96
03/04 12:00:00,2019.6312315918863,220.69
03/04 13:00:00,1993.8769938110695,290.99
03/04 14:00:00,2009.4226663429172,286.36
03/04 15:00:00,2013.0843462820096,243.42
03/04 16:00:00,2034.9104798187045,170.26
03/04 17:00:00,1873.533412155728,157.88
03/04 18:00:00,1925.8423238950506,8.0
03/04 19:00:00,1914.3443669520566,0.0
03/04 20:00:00,1941.6353669418681,0.0
03/04 21:00:00,1945.815164302945,0.0
03/04 22:00:00,1944.3320500323587,0.0
03/04 23:00:00,1945.2521088555163,0.0
03/05 00:00:00,1940.682728472359,0.0
03/05 01:00:00,1970.146178229128,0.0
03/05 02:00:00,1965.437012027059,0.0
03/05 03:00:00,1970.7171601192622,0.0
03/05 04:00:00,1970.2574723264922,0.0
03/05 05:00:00,1966.937933312373,0.0
03/05 06:00:00,2065.4405541100336,0.0
03/05 07:00:00,2069.5992501056585,12.1
03/05 08:00:00,2065.728166223018,184.13
03/05 09:00:00,2080.157441756166,248.57
03/05 10:00:00,2112.280967750913,285.1
03/05 11:00:00,2137.785719298972,409.9
03/05 12:00:00,2133.7642025392415,450.32
03/05 13:00:00,2139.868134477306,391.64
03/05 14:00:00,2132.38340314132,292.47
03/05 15:00:00,2153.0675914306867,347.52
03/05 16:00:00,2144.15070708826,249.05
03/05 17:00:00,2126.090807366014,108.93
03/05 18:00:00,1949.1693812611918,4.0
03/05 19:00:00,1981.348340266744,0.0
03/05 20:00:00,1976.1207919734275,0.0
03/05 21:00:00,1956.9463199773843,0.0
03/05 22:00:00,1926.7074577562632,0.0
03/05 23:00:00,1931.5841071420377,0.0
03/06 00:00:00,2106.8280539150983,0.0
03/06 01:00:00,2087.0582574008445,0.0
03/06 02:00:00,2110.3930924665556,0.0
03/06 03:00:00,2100.567369315177,0.0
03/06 04:00:00,2119.4874822186493,0.0
03/06 05:00:00,2143.8397728961904,0.0
03/06 06:00:00,2329.2889350862306,0.0
03/06 07:00:00,2627.681423111962,19.79
03/06 08:00:00,4359.410757018765,138.86
03/06 09:00:00,4376.670542854026,252.64
03/06 10:00:00,4352.196486770723,326.01
03/06 11:00:00,4364.464132709331,245.53
03/06 12:00:00,4147.158527754339,266.86
03/06 13:00:00,4406.204866155361,235.2
03/06 14:00:00,4367.972936942536,224.87
03/06 15:00:00,4309.652518214579,149.06
03/06 16:00:00,4361.674573687826,47.88
03/06 17:00:00,3177.693276864883,11.15
03/06 18:00:00,2594.4210952908456,1.0
03/06 19:00:00,2620.3187849060005,0.0
03/06 20:00:00,2505.315505142596,0.0
03/06 21:00:00,2508.1165910029304,0.0
03/06 22:00:00,2373.6544137483897,0.0
03/06 23:00:00,2309.12981157778,0.0
03/07 00:00:00,2127.5192213476194,0.0
03/07 01:00:00,2087.9077414044837,0.0
03/07 02:00:00,2098.487427737578,0.0
03/07 03:00:00,2105.886372234783,0.0
03/07 04:00:00,2090.1136489233495,0.0
03/07 05:00:00,2115.7021202869123,0.0
03/07 06:00:00,2229.492182292443,0.0
03/07 07:00:00,2459.0744164262032,8.56
03/07 08:00:00,3871.525704369138,41.1
03/07 09:00:00,3577.220589078569,91.56
03/07 10:00:00,3543.687032429151,160.04
03/07 11:00:00,3542.8836547014153,447.31
03/07 12:00:00,3375.118865551123,500.9
03/07 13:00:00,3541.7315516836934,462.06
03/07 14:00:00,3571.106824345469,384.87
03/07 15:00:00,3551.2057948192105,356.01
03/07 16:00:00,3603.4303569299923,226.61
03/07 17:00:00,2617.602119944511,101.87
03/07 18:00:00,2336.2817432661095,11.0
03/07 19:00:00,2430.6029546152445,0.0
03/07 20:00:00,2400.2743330282615,0.0
03/07 21:00:00,2443.6721512506338,0.0
03/07 22:00:00,2300.245365135129,0.0
03/07 23:00:00,2217.4577312640017,0.0
03/08 00:00:00,2046.5579256429298,0.0
03/08 01:00:00,2051.2339101765656,0.0
03/08 02:00:00,2064.5780553403733,0.0
03/08 03:00:00,2050.482215796434,0.0
03/08 04:00:00,2043.5495664619425,0.0
03/08 05:00:00,2084.6166777900266,0.0
03/08 06:00:00,2192.647435661874,0.0
03/08 07:00:00,2402.398483000669,23.72
03/08 08:00:00,3822.6610975484678,167.37
03/08 09:00:00,3555.8682062796256,319.26
03/08 10:00:00,2514.618814912645,412.97
03/08 11:00:00,2525.082471246346,490.23
03/08 12:00:00,3389.5198031858667,496.92
03/08 13:00:00,3582.2878180550015,502.32
03/08 14:00:00,3596.800407132422,471.52
03/08 15:00:00,3619.420400563273,321.99
03/08 16:00:00,3658.93608349074,287.59
03/08 17:00:00,2693.5612296594127,181.66
03/08 18:00:00,2372.9097040615648,11.0
03/08 19:00:00,2486.145629484195,0.0
03/08 20:00:00,2389.1662152728018,0.0
03/08 21:00:00,2445.996367019491,0.0
03/08 22:00:00,2394.7591112632454,0.0
03/08 23:00:00,2325.402666175091,0.0
03/09 00:00:00,2119.2635234628237,0.0
03/09 01:00:00,2114.219094625938,0.0
03/09 02:00:00,2136.04097568888,0.0
03/09 03:00:00,2136.703735803826,0.0
03/09 04:00:00,2133.027699530951,0.0
03/09 05:00:00,2133.3703987615995,0.0
03/09 06:00:00,2276.925247086721,0.0
03/09 07:00:00,2410.308977486788,25.91
03/09 08:00:00,3824.154516566338,196.48
03/09 09:00:00,3597.4652331300786,250.79
03/09 10:00:00,3622.552299891775,259.04
03/09 11:00:00,3595.4874573844527,262.76
03/09 12:00:00,3389.3636529140226,248.72
03/09 13:00:00,3570.3680147684036,246.52
03/09 14:00:00,3620.7581327845346,217.99
03/09 15:00:00,3641.4782295128566,211.77
03/09 16:00:00,3686.785112330205,147.87
03/09 17:00:00,2690.9079637792615,75.36
03/09 18:00:00,2439.916396874975,19.24
03/09 19:00:00,2504.7320118918396,0.0
03/09 20:00:00,2395.2584649231003,0.0
03/09 21:00:00,2391.0316248372155,0.0
03/09 22:00:00,2347.1489986506776,0.0
03/09 23:00:00,2303.3294377949774,0.0
03/10 00:00:00,2133.793770643545,0.0
03/10 01:00:00,2129.38403766261,0.0
03/10 02:00:00,2140.4771522064443,0.0
03/10 03:00:00,2154.1206650504796,0.0
03/10 04:00:00,2146.681003003902,0.0
03/10 05:00:00,2172.6566388698025,0.0
03/10 06:00:00,2290.9641273278635,0.0
03/10 07:00:00,2514.570229613313,26.25
03/10 08:00:00,3968.5222811438193,88.89
03/10 09:00:00,3694.893879031774,207.55
03/10 10:00:00,3590.059144478428,345.46
03/10 11:00:00,3614.3229547264045,458.51
03/10 12:00:00,3435.212335522645,542.7
03/10 13:00:00,3601.0166269252495,406.57
03/10 14:00:00,3580.6240601354193,304.26
03/10 15:00:00,3572.6278370235123,323.02
03/10 16:00:00,3608.152352489772,231.83
03/10 17:00:00,2715.4464707174466,42.35
03/10 18:00:00,2385.0752678556605,6.57
03/10 19:00:00,2480.757857736048,0.0
03/10 20:00:00,2421.55191450372,0.0
03/10 21:00:00,2389.8783539654983,0.0
03/10 22:00:00,2295.966123430678,0.0
03/10 23:00:00,2269.4177464833288,0.0
03/11 00:00:00,1940.5586703272731,0.0
03/11 01:00:00,1949.2758763356808,0.0
03/11 02:00:00,1966.77477727892,0.0
03/11 03:00:00,1952.599670924265,0.0
03/11 04:00:00,1949.6708641448038,0.0
03/11 05:00:00,1966.8501278803274,0.0
03/11 06:00:00,2287.586156735607,0.0
03/11 07:00:00,2243.0248164590716,32.76
03/11 08:00:00,2502.8357836344026,108.86
03/11 09:00:00,2401.799133953135,268.81
03/11 10:00:00,2372.0269258744665,385.14
03/11 11:00:00,2379.8090908268814,435.33
03/11 12:00:00,1969.3804700301848,506.2
03/11 13:00:00,1963.362767749154,469.4
03/11 14:00:00,1961.647072145657,446.17
03/11 15:00:00,1979.466804291845,294.85
03/11 16:00:00,2009.3520561683847,170.65
03/11 17:00:00,1870.5262868714633,32.69
03/11 18:00:00,1939.6345614402956,8.98
03/11 19:00:00,1848.015621633325,0.0
03/11 20:00:00,1916.961159461389,0.0
03/11 21:00:00,1905.057425919138,0.0
03/11 22:00:00,1910.084623174024,0.0
03/11 23:00:00,1930.5482693086421,0.0
03/12 00:00:00,1928.5564664128312,0.0
03/12 01:00:00,1927.6852162590653,0.0
03/12 02:00:00,1930.5989463028845,0.0
03/12 03:00:00,1936.9229737788953,0.0
03/12 04:00:00,1942.4906429143905,0.0
03/12 05:00:00,2074.1622951557174,0.0
03/12 06:00:00,2087.488160104882,0.0
03/12 07:00:00,2074.817790541986,52.48
03/12 08:00:00,2076.1860689050754,198.89
03/12 09:00:00,2087.6806324316976,224.82
03/12 10:00:00,2124.8319396531174,260.11
03/12 11:00:00,2122.7837108780523,311.94
03/12 12:00:00,2126.000386666307,300.62
03/12 13:00:00,2147.0881559549885,452.3
03/12 14:00:00,2152.819977507929,316.83
03/12 15:00:00,2107.6871750391983,301.34
03/12 16:00:00,2078.892895902782,229.56
03/12 17:00:00,1948.0299364424202,66.45
03/12 18:00:00,1959.941161839168,6.62
03/12 19:00:00,1932.9527393321177,0.0
03/12 20:00:00,1958.5699082383749,0.0
03/12 21:00:00,1949.2355633560917,0.0
03/12 22:00:00,1941.3256483176522,0.0
03/12 23:00:00,2125.500793349655,0.0
03/13 00:00:00,2126.3604227471683,0.0
03/13 01:00:00,2143.2717633615034,0.0
03/13 02:00:00,2138.7297766319352,0.0
03/13 03:00:00,2133.96317911108,0.0
03/13 04:00:00,2161.6073002350295,0.0
03/13 05:00:00,2361.432902826166,0.0
03/13 06:00:00,2686.6287834492423,0.0
03/13 07:00:00,4575.207244431813,11.25
03/13 08:00:00,4430.1004794462,40.88
03/13 09:00:00,4358.733880313137,75.8
03/13 10:00:00,4366.172777350813,137.67
03/13 11:00:00,4179.8546471004865,171.7
03/13 12:00:00,4344.067247965058,181.22
03/13 13:00:00,4376.611177508852,200.06
03/13 14:00:00,4310.505933094012,190.22
03/13 15:00:00,4312.210973847004,160.4
03/13 16:00:00,3088.457309854372,114.55
03/13 17:00:00,2567.9838661085255,68.75
03/13 18:00:00,2587.9536979822483,7.8
03/13 19:00:00,2479.1320397216646,0.0
03/13 20:00:00,2488.9533407595018,0.0
03/13 21:00:00,2374.2416284012725,0.0
03/13 22:00:00,2313.1360199362575,0.0
03/13 23:00:00,2120.112320433449,0.0
03/14 00:00:00,2146.667627534809,0.0
03/14 01:00:00,2144.924819680769,0.0
03/14 02:00:00,2130.429930816608,0.0
03/14 03:00:00,2144.9265039343577,0.0
03/14 04:00:00,2154.550676219251,0.0
03/14 05:00:00,2366.0378244903964,0.0
03/14 06:00:00,2554.433178882444,0.0
03/14 07:00:00,4199.481739751695,10.21
03/14 08:00:00,3862.3916139589064,46.13
03/14 09:00:00,3610.9735938066124,98.66
03/14 10:00:00,3577.808912356502,194.31
03/14 11:00:00,3345.893915210529,336.8
03/14 12:00:00,3577.372457606776,354.85
03/14 13:00:00,3579.2535228405877,197.57
03/14 14:00:00,3560.6723793362085,129.78
03/14 15:00:00,3575.3058812072377,96.26
03/14 16:00:00,2599.495296217487,74.99
03/14 17:00:00,2236.361461684656,32.75
03/14 18:00:00,2383.7337491536873,4.08
03/14 19:00:00,2330.1475655770487,0.0
03/14 20:00:00,2352.1213418131074,0.0
03/14 21:00:00,2253.191878263072,0.0
03/14 22:00:00,2215.715867710067,0.0
03/14 23:00:00,2084.2725877301336,0.0
03/15 00:00:00,2121.6710441975824,0.0
03/15 01:00:00,2099.622793287319,0.0
03/15 02:00:00,2120.0307591200567,0.0
03/15 03:00:00,2128.74112566654,0.0
03/15 04:00:00,2146.5087460264504,0.0
03/15 05:00:00,2368.6741389897848,0.0
03/15 06:00:00,2570.0934839981064,0.0
03/15 07:00:00,4212.811588494065,25.5
03/15 08:00:00,3839.299139538561,97.6
03/15 09:00:00,3588.7630722467766,167.11
03/15 10:00:00,3541.513439049164,213.82
03/15 11:00:00,3399.1787704704698,327.38
03/15 12:00:00,3555.2647267053226,385.93
03/15 13:00:00,3586.4241486779383,351.87
03/15 14:00:00,3579.495074921254,495.4
03/15 15:00:00,3633.2527956248887,342.56
03/15 16:00:00,2642.547797270915,222.1
03/15 17:00:00,2263.2211043322072,149.7
03/15 18:00:00,2385.19807078479,24.62
03/15 19:00:00,2348.828469724092,0.0
03/15 20:00:00,2377.4707352814266,0.0
03/15 21:00:00,2264.5503510613,0.0
03/15 22:00:00,2241.7421463759197,0.0
03/15 23:00:00,2076.179548620162,0.0
03/16 00:00:00,2109.723623102105,0.0
03/16 01:00:00,2102.4199028284456,0.0
03/16 02:00:00,2103.523711865417,0.0
03/16 03:00:00,2112.319009544994,0.0
03/16 04:00:00,2121.222565531973,0.0
03/16 05:00:00,2347.101911780883,0.0
03/16 06:00:00,2520.9902443408137,0.0
03/16 07:00:00,4090.9208880566066,88.87
03/16 08:00:00,3850.090342751919,251.44
03/16 09:00:00,3647.624464114113,352.33
03/16 10:00:00,3609.1312015392487,416.2
03/16 11:00:00,3444.5327519993525,547.87
03/16 12:00:00,3621.319147547199,553.68
03/16 13:00:00,3584.8623927911594,584.18
03/16 14:00:00,3583.3007985493773,385.24
03/16 15:00:00,3612.0513305329664,272.8
03/16 16:00:00,2631.7847745575523,318.89
03/16 17:00:00,2243.400870133821,197.01
03/16 18:00:00,2357.561027927643,30.54
03/16 19:00:00,2300.171669934995,0.0
03/16 20:00:00,2315.8915164570735,0.0
03/16 21:00:00,2168.731814819495,0.0
03/16 22:00:00,2106.152081212561,0.0
03/16 23:00:00,2014.4884550902136,0.0
03/17 00:00:00,2014.8039641991322,0.0
03/17 01:00:00,2025.1268509467116,0.0
03/17 02:00:00,2022.2385160881597,0.0
03/17 03:00:00,2027.1621483819576,0.0
03/17 04:00:00,2042.8604722569219,0.0
03/17 05:00:00,2231.111549092415,0.0
03/17 06:00:00,2464.45807273534,0.0
03/17 07:00:00,4019.1376664098184,45.86
03/17 08:00:00,3801.057191531719,55.47
03/17 09:00:00,3587.003041846519,84.3
03/17 10:00:00,3582.58328984,80.49
03/17 11:00:00,3435.7953768676834,104.29
03/17 12:00:00,3583.4306971604115,99.83
03/17 13:00:00,3569.5554466676385,113.41
03/17 14:00:00,3588.4052649176306,128.88
03/17 15:00:00,3663.116835857168,65.93
03/17 16:00:00,2607.6949277116973,53.04
03/17 17:00:00,2223.777119986571,29.6
03/17 18:00:00,2297.0682897393194,6.12
03/17 19:00:00,2244.7220622585214,0.0
03/17 20:00:00,2257.177879640552,0.0
03/17 21:00:00,2193.0179629830586,0.0
03/17 22:00:00,2211.274483597616,0.0
03/17 23:00:00,1875.4386966954635,0.0
03/18 00:00:00,1871.01227055329,0.0
03/18 01:00:00,1882.82289717544,0.0
03/18 02:00:00,1867.4904622765089,0.0
03/18 03:00:00,1871.1261356535947,0.0
03/18 04:00:00,1882.311592317429,0.0
03/18 05:00:00,2260.0174496882996,0.0
03/18 06:00:00,2242.027425314577,1.0
03/18 07:00:00,2620.014512434289,104.09
03/18 08:00:00,2510.6170856024196,209.13
03/18 09:00:00,2376.7824767904845,318.92
03/18 10:00:00,2386.2188151822315,445.6
03/18 11:00:00,1972.0258184423312,363.16
03/18 12:00:00,1960.2507590620517,551.74
03/18 13:00:00,1953.8789375356484,488.3
03/18 14:00:00,1958.943460442725,432.79
03/18 15:00:00,1964.4317511633783,337.62
03/18 16:00:00,1772.2803874544827,216.73
03/18 17:00:00,1800.702221846491,126.32
03/18 18:00:00,1737.8695235644313,14.96
03/18 19:00:00,1815.3209093605253,0.0
03/18 20:00:00,1864.3936038116397,0.0
03/18 21:00:00,1837.9486499811073,0.0
03/18 22:00:00,1854.088725793264,0.0
03/18 23:00:00,1847.8795899159566,0.0
03/19 00:00:00,1861.6706051191481,0.0
03/19 01:00:00,1864.6376089188304,0.0
03/19 02:00:00,1876.6960851536214,0.0
03/19 03:00:00,1872.6302517772276,0.0
03/19 04:00:00,1876.6557306263537,0.0
03/19 05:00:00,2006.5223688818203,0.0
03/19 06:00:00,1992.8175572094137,0.0
03/19 07:00:00,2002.5602555713115,9.1
03/19 08:00:00,1993.643060419872,80.85
03/19 09:00:00,2000.132531478804,174.03
03/19 10:00:00,2000.4823356633722,198.73
03/19 11:00:00,1995.6042818877731,256.54
03/19 12:00:00,2013.5898199730655,297.99
03/19 13:00:00,1986.206966163788,425.89
03/19 14:00:00,2014.1406883731547,312.37
03/19 15:00:00,2020.6139191352224,201.65
03/19 16:00:00,2036.405558925124,144.76
03/19 17:00:00,1916.5447988100104,196.01
03/19 18:00:00,1913.0205083256935,31.7
03/19 19:00:00,1901.3464133404414,0.0
03/19 20:00:00,1904.031741767591,0.0
03/19 21:00:00,1886.088360547605,0.0
03/19 22:00:00,1895.0451629832357,0.0
03/19 23:00:00,2070.955449903291,0.0
03/20 00:00:00,2085.9441211919657,0.0
03/20 01:00:00,2087.102206041296,0.0
03/20 02:00:00,2047.809211664205,0.0
03/20 03:00:00,2057.777541625044,0.0
03/20 04:00:00,2080.8989953140253,0.0
03/20 05:00:00,2285.8013902322123,0.0
03/20 06:00:00,2582.0094899905075,0.0
03/20 07:00:00,4364.914517137176,16.32
03/20 08:00:00,4354.1273571846095,27.26
03/20 09:00:00,4343.2816882474035,39.4
03/20 10:00:00,4338.339888726948,82.54
03/20 11:00:00,4077.8588780606387,92.77
03/20 12:00:00,4252.723322828535,106.88
03/20 13:00:00,4237.933873243966,226.24
03/20 14:00:00,4263.004313202174,467.54
03/20 15:00:00,4289.788377544198,300.67
03/20 16:00:00,3057.0493726344134,125.22
03/20 17:00:00,2540.071546309317,85.46
03/20 18:00:00,2568.5912445511376,20.54
03/20 19:00:00,2417.127325962882,0.0
03/20 20:00:00,2446.8345371719465,0.0
03/20 21:00:00,2313.3681648219076,0.0
03/20 22:00:00,2240.558120901918,0.0
03/20 23:00:00,2051.3853719999875,0.0
03/21 00:00:00,2080.519405876175,0.0
03/21 01:00:00,2074.369703631787,0.0
03/21 02:00:00,2081.7126909738263,0.0
03/21 03:00:00,2078.3709614050304,0.0
03/21 04:00:00,2085.7735302496867,0.0
03/21 05:00:00,2311.792650227234,0.0
03/21 06:00:00,2535.86840112102,0.0
03/21 07:00:00,4157.285308171807,20.45
03/21 08:00:00,3865.518162841879,57.35
03/21 09:00:00,3647.7992476557156,113.08
03/21 10:00:00,3555.804251604026,186.43
03/21 11:00:00,3414.2399561864218,180.74
03/21 12:00:00,3588.596985430773,376.98
03/21 13:00:00,3586.6449218480893,288.22
03/21 14:00:00,3625.1594496062603,556.88
03/21 15:00:00,3620.103726982828,432.52
03/21 16:00:00,2621.797491220791,303.91
03/21 17:00:00,2212.680094525255,236.78
03/21 18:00:00,2365.606735838295,60.27
03/21 19:00:00,2325.4116430853614,0.0
03/21 20:00:00,2338.2112799253655,0.0
03/21 21:00:00,2250.790181705755,0.0
03/21 22:00:00,2205.451783355767,0.0
03/21 23:00:00,2025.535226038503,0.0
03/22 00:00:00,2044.5130578708624,0.0
03/22 01:00:00,2049.732078327523,0.0
03/22 02:00:00,2037.9684233237133,0.0
03/22 03:00:00,2053.8446252601566,0.0
03/22 04:00:00,2078.926068478955,0.0
03/22 05:00:00,2275.351489737613,0.0
03/22 06:00:00,2482.840774834468,1.0
03/22 07:00:00,4047.2400553815355,34.42
03/22 08:00:00,3802.58599567903,100.6
03/22 09:00:00,3621.240358370362,205.33
03/22 10:00:00,3597.323366248412,503.19
03/22 11:00:00,3439.5402305096336,599.73
03/22 12:00:00,3626.272762823282,630.31
03/22 13:00:00,3594.207961674466,620.15
03/22 14:00:00,3604.9773096103454,561.6
03/22 15:00:00,3640.5616703819032,395.54
03/22 16:00:00,2624.0475640404006,344.41
03/22 17:00:00,2202.202436578183,241.24
03/22 18:00:00,2299.735709229533,63.63
03/22 19:00:00,2297.5517564392007,0.0
03/22 20:00:00,2281.6516337099515,0.0
03/22 21:00:00,2201.420765905205,0.0
03/22 22:00:00,2185.316114916781,0.0
03/22 23:00:00,1998.9712106364993,0.0
03/23 00:00:00,2012.5090214447775,0.0
03/23 01:00:00,2018.2281992855485,0.0
03/23 02:00:00,2012.651088413996,0.0
03/23 03:00:00,2006.5304634836332,0.0
03/23 04:00:00,2040.9714105834048,0.0
03/23 05:00:00,2244.8209272307226,0.0
03/23 06:00:00,2496.1296119478684,7.0
03/23 07:00:00,4018.1382728341337,147.26
03/23 08:00:00,3809.8738136935353,272.73
03/23 09:00:00,3666.823340703406,287.59
03/23 10:00:00,3605.455109470147,344.17
03/23 11:00:00,3427.7838829787756,293.41
03/23 12:00:00,3618.20227315209,414.58
03/23 13:00:00,3631.613789963081,263.21
03/23 14:00:00,3651.7049636413876,171.02
03/23 15:00:00,3680.4185055007147,74.49
03/23 16:00:00,2632.750456472176,128.12
03/23 17:00:00,2252.951629083207,47.14
03/23 18:00:00,2339.9658527318466,12.27
03/23 19:00:00,2324.046974232793,0.0
03/23 20:00:00,2336.9062647700575,0.0
03/23 21:00:00,2216.627941516788,0.0
03/23 22:00:00,2201.3510558662783,0.0
03/23 23:00:00,2002.6102793583143,0.0
03/24 00:00:00,1998.7257800318062,0.0
03/24 01:00:00,2013.231787409105,0.0
03/24 02:00:00,2012.14015689197,0.0
03/24 03:00:00,2013.6543660400303,0.0
03/24 04:00:00,2040.2748605432741,0.0
03/24 05:00:00,2251.637667980308,0.0
03/24 06:00:00,2479.2794775222674,1.0
03/24 07:00:00,4058.7470449199673,24.65
03/24 08:00:00,3866.9931335369206,42.86
03/24 09:00:00,3678.3558926644932,71.28
03/24 10:00:00,3673.726555036701,78.07
03/24 11:00:00,3477.7461584662456,76.22
03/24 12:00:00,3661.70057683698,196.42
03/24 13:00:00,3651.9727107228937,255.83
03/24 14:00:00,3575.5498991081436,400.76
03/24 15:00:00,3522.5656918055915,469.68
03/24 16:00:00,2661.4637241794785,328.6
03/24 17:00:00,2236.9542864750706,248.05
03/24 18:00:00,2330.129324405097,81.72
03/24 19:00:00,2294.1345076283606,0.0
03/24 20:00:00,2340.19706775432,0.0
03/24 21:00:00,2279.2922657560953,0.0
03/24 22:00:00,2213.048717971476,0.0
03/24 23:00:00,1880.3131571410524,0.0
03/25 00:00:00,1873.0681654248747,0.0
03/25 01:00:00,1860.6221012151293,0.0
03/25 02:00:00,1869.6135637593245,0.0
03/25 03:00:00,1881.6789375309907,0.0
03/25 04:00:00,1878.7968375081928,0.0
03/25 05:00:00,2284.620084282935,0.0
03/25 06:00:00,2280.2280779233115,9.0
03/25 07:00:00,2595.228934440443,160.17
03/25 08:00:00,2550.064863877379,296.01
03/25 09:00:00,2430.91055897546,388.88
03/25 10:00:00,2419.500554879316,442.86
03/25 11:00:00,1993.9537084149906,457.65
03/25 12:00:00,1999.348956314522,373.75
03/25 13:00:00,1998.8211843181045,528.42
03/25 14:00:00,2008.7816000769183,376.31
03/25 15:00:00,2008.220393389483,201.17
03/25 16:00:00,1843.413999875063,88.69
03/25 17:00:00,1860.8960804990202,32.48
03/25 18:00:00,1777.0459387104277,15.39
03/25 19:00:00,1825.3896879828558,0.0
03/25 20:00:00,1829.640179184423,0.0
03/25 21:00:00,1869.7432918929148,0.0
03/25 22:00:00,1898.0328230603748,0.0
03/25 23:00:00,1868.016958870339,0.0
03/26 00:00:00,1867.2694766681711,0.0
03/26 01:00:00,1853.5664533634567,0.0
03/26 02:00:00,1867.7091240572863,0.0
03/26 03:00:00,1867.6628537267218,0.0
03/26 04:00:00,1881.0956085275993,0.0
03/26 05:00:00,2009.6259090642616,0.0
03/26 06:00:00,2001.5055814797506,2.0
03/26 07:00:00,2010.7759336299787,31.86
03/26 08:00:00,1998.5234596099422,212.51
03/26 09:00:00,2019.3401825192448,336.47
03/26 10:00:00,2028.4443732691427,471.16
03/26 11:00:00,2024.2167235063878,502.63
03/26 12:00:00,2028.3317859165163,369.08
03/26 13:00:00,2031.5270904855183,367.18
03/26 14:00:00,2031.0927118255051,353.13
03/26 15:00:00,2037.1022776938917,367.37
03/26 16:00:00,2043.8581337804628,289.01
03/26 17:00:00,1880.8826199023708,196.5
03/26 18:00:00,1889.0800854350932,72.09
03/26 19:00:00,1899.105779425887,0.0
03/26 20:00:00,1901.2577129807526,0.0
03/26 21:00:00,1888.823847677817,0.0
03/26 22:00:00,1875.1915986454521,0.0
03/26 23:00:00,2043.8856756771436,0.0
03/27 00:00:00,2046.311496882808,0.0
03/27 01:00:00,2032.306326467327,0.0
03/27 02:00:00,1215.7782739095267,0.0
03/27 03:00:00,2016.7611185492274,0.0
03/27 04:00:00,2049.9359267490822,0.0
03/27 05:00:00,2270.326201110531,0.0
03/27 06:00:00,2562.003961899288,3.0
03/27 07:00:00,4334.022011258816,49.82
03/27 08:00:00,4293.853716307889,128.29
03/27 09:00:00,4273.242306104017,195.07
03/27 10:00:00,4305.47391658193,223.72
03/27 11:00:00,4084.5122819845647,391.95
03/27 12:00:00,4286.587655504841,442.59
03/27 13:00:00,4250.662050086636,461.96
03/27 14:00:00,4258.153963149829,506.62
03/27 15:00:00,4293.1188675025805,380.04
03/27 16:00:00,3091.693138201612,257.25
03/27 17:00:00,2580.447148503289,244.43
03/27 18:00:00,2582.8866500188165,93.93
03/27 19:00:00,2493.070225585406,0.0
03/27 20:00:00,2458.9524678129815,0.0
03/27 21:00:00,2334.0276172328304,0.0
03/27 22:00:00,2256.83216366713,0.0
03/27 23:00:00,2081.166704896259,0.0
03/28 00:00:00,2096.2416680739843,0.0
03/28 01:00:00,2119.782599602274,0.0
03/28 02:00:00,2115.2373415761886,0.0
03/28 03:00:00,2124.869855047077,0.0
03/28 04:00:00,2146.9385806577734,0.0
03/28 05:00:00,2339.7601512999036,0.0
03/28 06:00:00,2546.9092719412265,12.0
03/28 07:00:00,4140.569883747508,178.01
03/28 08:00:00,3901.5495730642183,305.45
03/28 09:00:00,3699.1385773102943,419.56
03/28 10:00:00,3700.843313153689,540.11
03/28 11:00:00,3539.063757709618,634.4
03/28 12:00:00,3685.9745729859083,674.24
03/28 13:00:00,3640.3759984243266,660.53
03/28 14:00:00,3638.3516927302444,586.81
03/28 15:00:00,3670.25227793965,436.35
03/28 16:00:00,2628.729658558646,292.26
03/28 17:00:00,2276.3118946271525,236.88
03/28 18:00:00,2396.1487934574857,62.77
03/28 19:00:00,2433.475962106178,0.0
03/28 20:00:00,2460.3660364429943,0.0
03/28 21:00:00,2346.090173059946,0.0
03/28 22:00:00,2293.1924741335824,0.0
03/28 23:00:00,2108.369620501801,0.0
03/29 00:00:00,2089.6933817213176,0.0
03/29 01:00:00,2086.3325515425654,0.0
03/29 02:00:00,2101.0589779456886,0.0
03/29 03:00:00,2096.5789460535075,0.0
03/29 04:00:00,2124.3783747437737,0.0
03/29 05:00:00,2348.6263955311415,0.0
03/29 06:00:00,2592.7208738511517,0.0
03/29 07:00:00,4280.332776272879,9.16
03/29 08:00:00,3931.5090263848842,35.32
03/29 09:00:00,3691.500410682538,40.45
03/29 10:00:00,3604.765666425997,116.82
03/29 11:00:00,3447.7183771090436,227.43
03/29 12:00:00,3628.755792296337,286.59
03/29 13:00:00,3549.944990488998,333.85
03/29 14:00:00,3571.2576044850316,403.89
03/29 15:00:00,3645.187735146697,253.45
03/29 16:00:00,2608.6633380329267,126.03
03/29 17:00:00,2206.798128792696,71.81
03/29 18:00:00,2348.7302602131313,22.76
03/29 19:00:00,2321.2544185816055,0.0
03/29 20:00:00,2353.2833919853842,0.0
03/29 21:00:00,2260.395705612611,0.0
03/29 22:00:00,2213.336131337088,0.0
03/29 23:00:00,2027.8499480980129,0.0
03/30 00:00:00,2023.8714229267018,0.0
03/30 01:00:00,2021.0806227388755,0.0
03/30 02:00:00,2032.4467064050848,0.0
03/30 03:00:00,2009.639416164815,0.0
03/30 04:00:00,2021.2873000072193,0.0
03/30 05:00:00,2243.6132797849777,0.0
03/30 06:00:00,2462.736178524529,17.0
03/30 07:00:00,3871.4858259930675,187.71
03/30 08:00:00,3692.808755062325,296.69
03/30 09:00:00,3610.0796884503243,425.34
03/30 10:00:00,3583.9926247711737,547.21
03/30 11:00:00,3440.8438500162583,500.27
03/30 12:00:00,3622.6610732874883,671.58
03/30 13:00:00,3569.4400355622292,531.75
03/30 14:00:00,3553.5832898554922,563.26
03/30 15:00:00,3600.5478046554645,407.77
03/30 16:00:00,2572.729224927809,232.74
03/30 17:00:00,2158.385450849251,176.55
03/30 18:00:00,2290.9806484314854,40.88
03/30 19:00:00,2296.6545492839095,0.0
03/30 20:00:00,2322.774421960469,0.0
03/30 21:00:00,2244.0431811460703,0.0
03/30 22:00:00,2183.933759639955,0.0
03/30 23:00:00,2024.3221982905116,0.0
03/31 00:00:00,2023.5191017318161,0.0
03/31 01:00:00,2015.3926731527044,0.0
03/31 02:00:00,1989.6110871516082,0.0
03/31 03:00:00,1996.4025978375514,0.0
03/31 04:00:00,2016.1476237275544,0.0
03/31 05:00:00,2237.874082515634,0.0
03/31 06:00:00,2454.6068182812896,3.53
03/31 07:00:00,3932.7301694705934,44.55
03/31 08:00:00,3754.201137963306,228.55
03/31 09:00:00,3613.414416825798,377.64
03/31 10:00:00,3578.5421638397406,433.27
03/31 11:00:00,3435.4085812557964,646.29
03/31 12:00:00,3618.819262247581,687.95
03/31 13:00:00,3561.1489674940203,678.3
03/31 14:00:00,3572.019931816355,581.5
03/31 15:00:00,3615.287240661878,441.74
03/31 16:00:00,2618.1776740027503,363.32
03/31 17:00:00,2213.1601003938486,263.16
03/31 18:00:00,2346.194170322931,104.75
03/31 19:00:00,2368.1003298822675,1.0
03/31 20:00:00,2379.479058160611,0.0
03/31 21:00:00,2279.0446814047978,0.0
03/31 22:00:00,2219.04061546875,0.0
03/31 23:00:00,2286.2367818246635,0.0
04/01 00:00:00,2289.781944143614,0.0
04/01 01:00:00,2275.1377876675765,0.0
04/01 02:00:00,2273.256461985628,0.0
04/01 03:00:00,2280.407320501825,0.0
04/01 04:00:00,2288.818734392752,0.0
04/01 05:00:00,2686.6772694633473,0.0
04/01 06:00:00,2629.630317953135,22.08
04/01 07:00:00,2942.2432145172675,220.67
04/01 08:00:00,2884.39267910277,359.11
04/01 09:00:00,2728.952020385327,456.87
04/01 10:00:00,2701.722282332477,513.78
04/01 11:00:00,2304.407636624921,552.31
04/01 12:00:00,2296.504326604606,588.66
04/01 13:00:00,2311.1843878624877,583.32
04/01 14:00:00,2292.7117559094754,538.52
04/01 15:00:00,2300.219396179406,469.4
04/01 16:00:00,2134.3538063538354,404.15
04/01 17:00:00,2173.7613392478993,298.74
04/01 18:00:00,2146.381266895702,128.78
04/01 19:00:00,2208.5679754448106,2.0
04/01 20:00:00,2211.043621565381,0.0
04/01 21:00:00,2228.2122285818114,0.0
04/01 22:00:00,2227.298597851369,0.0
04/01 23:00:00,2240.6344799197095,0.0
04/02 00:00:00,2241.010461958838,0.0
04/02 01:00:00,2247.9466210196524,0.0
04/02 02:00:00,2256.159442133529,0.0
04/02 03:00:00,2248.1820652102742,0.0
04/02 04:00:00,2270.896593381602,0.0
04/02 05:00:00,2391.4557640036905,0.0
04/02 06:00:00,2380.2399387177757,27.76
04/02 07:00:00,2358.3318800562038,228.52
04/02 08:00:00,2360.4204109627626,337.22
04/02 09:00:00,2374.7431729052,467.68
04/02 10:00:00,2400.321249859582,551.32
04/02 11:00:00,2390.428934715418,622.54
04/02 12:00:00,2385.6827506184486,663.71
04/02 13:00:00,2402.3178465883902,653.94
04/02 14:00:00,2409.7051476034126,598.55
04/02 15:00:00,2421.448291885265,516.77
04/02 16:00:00,2429.0160610129087,421.25
04/02 17:00:00,2285.1013675467952,310.07
04/02 18:00:00,2252.963171175585,136.99
04/02 19:00:00,2253.139524196571,3.0
04/02 20:00:00,2253.0479928764576,0.0
04/02 21:00:00,2235.8159819255575,0.0
04/02 22:00:00,2219.6561294362473,0.0
04/02 23:00:00,2386.033782715689,0.0
04/03 00:00:00,2388.586135491432,0.0
04/03 01:00:00,2419.051254476058,0.0
04/03 02:00:00,2409.9235563947,0.0
04/03 03:00:00,2380.7876185927057,0.0
04/03 04:00:00,2378.9034401517847,0.0
04/03 05:00:00,2589.536783557046,0.0
04/03 06:00:00,2850.370053162107,34.62
04/03 07:00:00,4468.632308221747,243.65
04/03 08:00:00,4421.679943548775,379.36
04/03 09:00:00,4421.1224411768535,485.02
04/03 10:00:00,4464.595740672912,575.59
04/03 11:00:00,4308.243138487021,650.22
04/03 12:00:00,4497.217306620049,689.61
04/03 13:00:00,4463.701707740179,670.93
04/03 14:00:00,4522.999369747004,609.98
04/03 15:00:00,4547.678823376911,525.65
04/03 16:00:00,3375.26178270316,424.35
04/03 17:00:00,2852.0670198027624,312.69
04/03 18:00:00,2864.409766055727,137.16
04/03 19:00:00,2786.354325169195,3.0
04/03 20:00:00,2763.5281262708427,0.0
04/03 21:00:00,2621.096819955787,0.0
04/03 22:00:00,2554.2792842506774,0.0
04/03 23:00:00,2370.701208293303,0.0
04/04 00:00:00,2377.3700483363223,0.0
04/04 01:00:00,2355.865925326109,0.0
04/04 02:00:00,2371.9296981164466,0.0
04/04 03:00:00,2375.728305469613,0.0
04/04 04:00:00,2392.128385089042,0.0
04/04 05:00:00,2578.836498167408,0.0
04/04 06:00:00,2783.4184636562804,38.7
04/04 07:00:00,4297.793055613494,244.67
04/04 08:00:00,4124.890815518496,377.52
04/04 09:00:00,3969.7909451476535,480.36
04/04 10:00:00,3909.9004980920613,528.15
04/04 11:00:00,3712.6647757835435,391.77
04/04 12:00:00,3885.6045150747887,378.96
04/04 13:00:00,3873.8315484880927,497.92
04/04 14:00:00,3932.2422967169796,571.72
04/04 15:00:00,3981.260342829945,496.87
04/04 16:00:00,2985.60475869091,403.46
04/04 17:00:00,2545.768273457227,287.07
04/04 18:00:00,2648.06200287221,111.39
04/04 19:00:00,2693.258260221764,3.0
04/04 20:00:00,2697.439488830948,0.0
04/04 21:00:00,2602.3477073263134,0.0
04/04 22:00:00,2556.293629650446,0.0
04/04 23:00:00,2391.6024244843757,0.0
04/05 00:00:00,2401.068927789647,0.0
04/05 01:00:00,2416.1999619620174,0.0
04/05 02:00:00,2406.5163316819253,0.0
04/05 03:00:00,2416.8634010991277,0.0
04/05 04:00:00,2440.68681496935,0.0
04/05 05:00:00,2642.256763005259,0.0
04/05 06:00:00,2845.1432905581714,5.08
04/05 07:00:00,4330.969403659083,46.42
04/05 08:00:00,4101.234508965961,113.36
04/05 09:00:00,3942.38219845897,148.42
04/05 10:00:00,3907.212107318976,123.01
04/05 11:00:00,3748.363965476113,135.38
04/05 12:00:00,3885.05975042332,161.25
04/05 13:00:00,3864.2734702523444,184.28
04/05 14:00:00,3888.496445273901,121.58
04/05 15:00:00,3917.9139595872225,95.66
04/05 16:00:00,2898.723319386252,102.03
04/05 17:00:00,2542.92429264009,61.71
04/05 18:00:00,2683.8718049581266,23.63
04/05 19:00:00,2672.633502295885,2.0
04/05 20:00:00,2690.4791894617038,0.0
04/05 21:00:00,2590.136188626048,0.0
04/05 22:00:00,2586.0775205159775,0.0
04/05 23:00:00,2419.8257691327467,0.0
04/06 00:00:00,2422.890920758589,0.0
04/06 01:00:00,2418.62974497914,0.0
04/06 02:00:00,2415.5986518551267,0.0
04/06 03:00:00,2424.391653310021,0.0
04/06 04:00:00,2446.9422781352228,0.0
04/06 05:00:00,2651.0685605208864,0.0
04/06 06:00:00,2827.008100832885,54.24
04/06 07:00:00,4341.702891811018,254.15
04/06 08:00:00,4158.060710178711,387.58
04/06 09:00:00,3982.4506309611875,491.53
04/06 10:00:00,3894.490937930495,584.33
04/06 11:00:00,3713.8832126904554,663.25
04/06 12:00:00,3880.830428161962,616.64
04/06 13:00:00,3847.0101859469046,692.53
04/06 14:00:00,3925.8202094738367,616.52
04/06 15:00:00,3978.562738369039,521.64
04/06 16:00:00,2983.4796362573347,347.16
04/06 17:00:00,2572.013808321001,268.17
04/06 18:00:00,2679.751991645585,114.04
04/06 19:00:00,2659.5528479757377,4.0
04/06 20:00:00,2673.033006401529,0.0
04/06 21:00:00,2571.8787821062438,0.0
04/06 22:00:00,2563.6771211608984,0.0
04/06 23:00:00,2382.967833716453,0.0
04/07 00:00:00,2390.7417478412053,0.0
04/07 01:00:00,2389.5511515299722,0.0
04/07 02:00:00,2386.231574923132,0.0
04/07 03:00:00,2392.754307907522,0.0
04/07 04:00:00,2433.0319264813047,0.0
04/07 05:00:00,2636.136009333833,0.0
04/07 06:00:00,2820.5431314457414,61.67
04/07 07:00:00,4325.541108371948,261.18
04/07 08:00:00,4154.093405634123,391.83
04/07 09:00:00,3972.9500992338008,495.86
04/07 10:00:00,3844.5407699730254,589.42
04/07 11:00:00,3686.211006347471,670.01
04/07 12:00:00,3893.486375822414,721.09
04/07 13:00:00,3960.257266541044,700.98
04/07 14:00:00,4003.9170367436077,627.22
04/07 15:00:00,4013.8219964995164,541.39
04/07 16:00:00,2956.998758345014,420.35
04/07 17:00:00,2599.339475147895,312.6
04/07 18:00:00,2734.508920042494,149.32
04/07 19:00:00,2684.3918300581313,4.0
04/07 20:00:00,2662.7031320075566,0.0
04/07 21:00:00,2556.2928758363723,0.0
04/07 22:00:00,2527.0704808790115,0.0
04/07 23:00:00,2202.6441829660694,0.0
04/08 00:00:00,2222.0016677702706,0.0
04/08 01:00:00,2223.1213722008038,0.0
04/08 02:00:00,2230.0226040864,0.0
04/08 03:00:00,2224.5828820504967,0.0
04/08 04:00:00,2226.299410306741,0.0
04/08 05:00:00,2618.1501861645106,0.0
04/08 06:00:00,2595.589520292615,6.11
04/08 07:00:00,2967.1864499353774,34.66
04/08 08:00:00,2914.113568499326,66.5
04/08 09:00:00,2752.077401214083,86.53
04/08 10:00:00,2730.068636483626,129.09
04/08 11:00:00,2291.4433744732505,155.14
04/08 12:00:00,2298.416170235486,262.59
04/08 13:00:00,2276.8934972850175,661.64
04/08 14:00:00,2275.801722062326,518.98
04/08 15:00:00,2304.5104657232346,447.41
04/08 16:00:00,2126.258552733159,401.78
04/08 17:00:00,2122.4728821183467,230.66
04/08 18:00:00,2073.0326845214317,108.79
04/08 19:00:00,2154.2369923895644,7.0
04/08 20:00:00,2168.693643764352,0.0
04/08 21:00:00,2180.77093027566,0.0
04/08 22:00:00,2199.4709442011954,0.0
04/08 23:00:00,2212.701814861146,0.0
04/09 00:00:00,2199.384803144723,0.0
04/09 01:00:00,2226.6882641434363,0.0
04/09 02:00:00,2225.7296568578154,0.0
04/09 03:00:00,2241.6962977601274,0.0
04/09 04:00:00,2241.6163796961114,0.0
04/09 05:00:00,2363.96495539763,0.0
04/09 06:00:00,2352.7353949806884,75.06
04/09 07:00:00,2356.3221516895055,273.66
04/09 08:00:00,2355.5029094867264,401.63
04/09 09:00:00,2370.7340885865283,505.5
04/09 10:00:00,2398.1868395823512,532.38
04/09 11:00:00,2401.446813832361,465.62
04/09 12:00:00,2392.494356535603,621.16
04/09 13:00:00,2401.6713204269086,629.13
04/09 14:00:00,2400.5953204129223,531.84
04/09 15:00:00,2382.398911461401,277.43
04/09 16:00:00,2371.125632226931,121.49
04/09 17:00:00,2240.528226412866,61.51
04/09 18:00:00,2235.3278465537855,27.71
04/09 19:00:00,2240.9957223303995,7.0
04/09 20:00:00,2241.738376007606,0.0
04/09 21:00:00,2206.1494859620066,0.0
04/09 22:00:00,2195.3066445095556,0.0
04/09 23:00:00,2356.666430769772,0.0
04/10 00:00:00,2357.494259716151,0.0
04/10 01:00:00,2374.3019802115004,0.0
04/10 02:00:00,2364.463992840201,0.0
04/10 03:00:00,2377.554671431297,0.0
04/10 04:00:00,2400.755676744426,0.0
04/10 05:00:00,2594.1306983090967,0.0
04/10 06:00:00,2811.5177557909574,27.44
04/10 07:00:00,4429.911610180156,87.23
04/10 08:00:00,4381.533041873921,241.29
04/10 09:00:00,4368.6694272538625,327.42
04/10 10:00:00,4436.560144358653,526.96
04/10 11:00:00,4244.993073000421,402.5
04/10 12:00:00,4441.345453501852,422.66
04/10 13:00:00,4413.424533825248,290.02
04/10 14:00:00,4387.4595741494895,324.99
04/10 15:00:00,4392.453391977735,414.45
04/10 16:00:00,3268.918864210749,193.11
04/10 17:00:00,2789.0082490455493,87.68
04/10 18:00:00,2848.859354308022,28.73
04/10 19:00:00,2750.8068589996274,4.0
04/10 20:00:00,2723.7007955580502,0.0
04/10 21:00:00,2589.4097989993047,0.0
04/10 22:00:00,2532.0441587884848,0.0
04/10 23:00:00,2360.230384878263,0.0
04/11 00:00:00,2380.853714573001,0.0
04/11 01:00:00,2390.603809480395,0.0
04/11 02:00:00,2372.454527847037,0.0
04/11 03:00:00,2344.871596135019,0.0
04/11 04:00:00,2389.0147279894913,0.0
04/11 05:00:00,2586.7656714716777,0.0
04/11 06:00:00,2858.5609217858555,7.07
04/11 07:00:00,4568.083708958624,29.47
04/11 08:00:00,4404.556815054905,73.56
04/11 09:00:00,4348.252774501522,105.63
04/11 10:00:00,4323.963022660847,92.26
04/11 11:00:00,4129.847028588556,101.41
04/11 12:00:00,4272.613181874788,99.47
04/11 13:00:00,4245.667998471921,93.45
04/11 14:00:00,4230.8323315262205,96.34
04/11 15:00:00,4282.732728314245,236.7
04/11 16:00:00,3222.8361661793233,80.83
04/11 17:00:00,2773.681344733671,23.31
04/11 18:00:00,2806.178226810534,15.15
04/11 19:00:00,2706.5417927642984,0.0
04/11 20:00:00,2739.3910806815225,0.0
04/11 21:00:00,2650.545188163107,0.0
04/11 22:00:00,2617.903608332281,0.0
04/11 23:00:00,2442.102853665013,0.0
04/12 00:00:00,2466.714322030564,0.0
04/12 01:00:00,2453.1130681418686,0.0
04/12 02:00:00,2485.0736883082145,0.0
04/12 03:00:00,2452.6083681848213,0.0
04/12 04:00:00,2450.623802214814,0.0
04/12 05:00:00,2670.00203966414,0.0
04/12 06:00:00,2953.353369903534,3.0
04/12 07:00:00,4724.874930427107,16.24
04/12 08:00:00,4560.001158367199,28.4
04/12 09:00:00,4380.929625868594,71.06
04/12 10:00:00,4350.338643103505,113.55
04/12 11:00:00,4159.587527245345,153.25
04/12 12:00:00,4321.61916843979,181.91
04/12 13:00:00,4298.260160704099,357.3
04/12 14:00:00,4253.276148825597,413.54
04/12 15:00:00,4269.958051623408,368.78
04/12 16:00:00,3211.4608144696494,175.44
04/12 17:00:00,2736.7450421959134,79.83
04/12 18:00:00,2793.9803548276327,30.78
04/12 19:00:00,2743.984881879646,1.0
04/12 20:00:00,2731.7284564494857,0.0
04/12 21:00:00,2619.816811539516,0.0
04/12 22:00:00,2593.3538094996647,0.0
04/12 23:00:00,2424.1470339667844,0.0
04/13 00:00:00,2443.495472712762,0.0
04/13 01:00:00,2456.656174632592,0.0
04/13 02:00:00,2458.777060439804,0.0
04/13 03:00:00,2457.860527073626,0.0
04/13 04:00:00,2494.5484527004305,0.0
04/13 05:00:00,2682.195014297163,0.0
04/13 06:00:00,2946.361631758501,14.25
04/13 07:00:00,4582.143555727621,87.19
04/13 08:00:00,4434.946996878449,159.43
04/13 09:00:00,4254.6555287560595,122.21
04/13 10:00:00,4316.377528481875,119.57
04/13 11:00:00,4088.6902639691434,116.14
04/13 12:00:00,4300.667170312721,203.43
04/13 13:00:00,4262.348383585057,298.15
04/13 14:00:00,4230.928544402934,252.96
04/13 15:00:00,4253.048641161804,210.92
04/13 16:00:00,3242.3348882683854,108.25
04/13 17:00:00,2744.491385390356,109.37
04/13 18:00:00,2845.197817213341,42.75
04/13 19:00:00,2835.4867907253742,8.0
04/13 20:00:00,2831.2974202448736,0.0
04/13 21:00:00,2697.191983567014,0.0
04/13 22:00:00,2607.6687807309263,0.0
04/13 23:00:00,2433.9927338929347,0.0
04/14 00:00:00,2450.1547463244324,0.0
04/14 01:00:00,2441.3892823521105,0.0
04/14 02:00:00,2457.5046316166154,0.0
04/14 03:00:00,2444.1349198350986,0.0
04/14 04:00:00,2477.9977653718515,0.0
04/14 05:00:00,2694.6474027352897,0.0
04/14 06:00:00,2913.3133411273393,60.06
04/14 07:00:00,4635.113570053234,188.31
04/14 08:00:00,4532.769752660353,377.26
04/14 09:00:00,4428.49978219332,448.44
04/14 10:00:00,4365.950466376884,482.48
04/14 11:00:00,4184.917867515378,459.11
04/14 12:00:00,4369.870817674209,351.12
04/14 13:00:00,4383.23390463744,271.66
04/14 14:00:00,4401.972015178933,473.21
04/14 15:00:00,4363.220118111967,350.24
04/14 16:00:00,3256.4582326254663,298.87
04/14 17:00:00,2766.402255528723,348.49
04/14 18:00:00,2806.499623337867,205.74
04/14 19:00:00,2777.066128812332,13.0
04/14 20:00:00,2825.3211280763394,0.0
04/14 21:00:00,2726.067718641436,0.0
04/14 22:00:00,2621.601563177717,0.0
04/14 23:00:00,2284.724425669247,0.0
04/15 00:00:00,2293.074874202467,0.0
04/15 01:00:00,2294.965958656055,0.0
04/15 02:00:00,2312.366506097885,0.0
04/15 03:00:00,2303.0312900499325,0.0
04/15 04:00:00,2322.8450012388075,0.0
04/15 05:00:00,2703.5841930868582,1.0
04/15 06:00:00,2697.9462165288123,91.97
04/15 07:00:00,3112.0121692621815,271.93
04/15 08:00:00,3099.8550086668934,395.19
04/15 09:00:00,3049.5738893851512,483.78
04/15 10:00:00,3047.1898362219686,593.31
04/15 11:00:00,2586.7828802204167,622.9
04/15 12:00:00,2568.9221541703305,556.34
04/15 13:00:00,2567.8727420499167,517.18
04/15 14:00:00,2593.7735078681967,437.86
04/15 15:00:00,2591.3364865960584,205.9
04/15 16:00:00,2379.570115242794,164.92
04/15 17:00:00,2373.703312918009,251.79
04/15 18:00:00,2255.1129524975304,109.98
04/15 19:00:00,2301.335349116982,4.31
04/15 20:00:00,2307.862601863113,0.0
04/15 21:00:00,2285.218232863496,0.0
04/15 22:00:00,2283.565675263847,0.0
04/15 23:00:00,2292.0415514970496,0.0
04/16 00:00:00,2261.743267131154,0.0
04/16 01:00:00,2266.4529399862063,0.0
04/16 02:00:00,2286.890020630243,0.0
04/16 03:00:00,2288.8526085345607,0.0
04/16 04:00:00,2303.689509352681,0.0
04/16 05:00:00,2419.234231932412,1.0
04/16 06:00:00,2405.3184033506386,19.41
04/16 07:00:00,2419.9918886033265,138.62
04/16 08:00:00,2431.534369938074,383.21
04/16 09:00:00,2451.0646396461575,477.75
04/16 10:00:00,2464.4629323240556,372.75
04/16 11:00:00,2453.4249804151855,468.02
04/16 12:00:00,2444.2084212919026,465.93
04/16 13:00:00,2451.4334547870235,621.51
04/16 14:00:00,2447.1256328131417,492.81
04/16 15:00:00,2464.125223863323,124.99
04/16 16:00:00,2462.1509518666785,253.38
04/16 17:00:00,2378.1679471472803,283.11
04/16 18:00:00,2403.658149869895,51.4
04/16 19:00:00,2371.9881966078383,6.61
04/16 20:00:00,2382.7550812506593,0.0
04/16 21:00:00,2340.904619822608,0.0
04/16 22:00:00,2368.31526221381,0.0
04/16 23:00:00,2530.55225416571,0.0
04/17 00:00:00,2526.313257873505,0.0
04/17 01:00:00,2532.2502061299874,0.0
04/17 02:00:00,2562.5623499007743,0.0
04/17 03:00:00,2549.617196542809,0.0
04/17 04:00:00,2560.1543978701325,0.0
04/17 05:00:00,2782.586325154236,0.0
04/17 06:00:00,3063.383749993025,7.11
04/17 07:00:00,4944.677605159812,24.27
04/17 08:00:00,4863.557109039885,43.42
04/17 09:00:00,4856.49972463642,46.55
04/17 10:00:00,4847.843884131283,63.66
04/17 11:00:00,4608.908711631087,64.73
04/17 12:00:00,4846.4257173128935,82.76
04/17 13:00:00,4793.852049623058,184.98
04/17 14:00:00,4788.505544462518,158.16
04/17 15:00:00,4848.2839766083325,184.44
04/17 16:00:00,3583.2898190897613,149.2
04/17 17:00:00,3034.8008719355603,74.01
04/17 18:00:00,3054.9192751692326,30.7
04/17 19:00:00,2945.4058962226004,3.29
04/17 20:00:00,2970.0477616841317,0.0
04/17 21:00:00,2847.971325101248,0.0
04/17 22:00:00,2769.5109143669947,0.0
04/17 23:00:00,2570.0102452001265,0.0
04/18 00:00:00,2583.7862963640796,0.0
04/18 01:00:00,2593.3463125656012,0.0
04/18 02:00:00,2614.6157785916475,0.0
04/18 03:00:00,2613.9144969245704,0.0
04/18 04:00:00,2614.707815227209,0.0
04/18 05:00:00,2850.806475132609,2.0
04/18 06:00:00,3115.4683539714297,43.58
04/18 07:00:00,4910.132265173124,155.71
04/18 08:00:00,4895.892388050738,332.41
04/18 09:00:00,4881.557136299292,506.69
04/18 10:00:00,4878.428366020596,627.86
04/18 11:00:00,4622.116691549021,695.83
04/18 12:00:00,4830.3965349241425,771.88
04/18 13:00:00,4793.347680544463,757.97
04/18 14:00:00,4787.67559825633,679.52
04/18 15:00:00,4793.573428481792,577.74
04/18 16:00:00,3570.1737559554963,476.61
04/18 17:00:00,3023.1823240147583,355.78
04/18 18:00:00,3032.470330816121,226.05
04/18 19:00:00,2928.068929336464,23.41
04/18 20:00:00,2909.6296655401507,0.0
04/18 21:00:00,2767.47156512825,0.0
04/18 22:00:00,2699.2775278687827,0.0
04/18 23:00:00,2528.7683649391397,0.0
04/19 00:00:00,2540.3816787519045,0.0
04/19 01:00:00,2546.463632325112,0.0
04/19 02:00:00,2555.737372730319,0.0
04/19 03:00:00,2586.048836758736,0.0
04/19 04:00:00,2589.61338638932,0.0
04/19 05:00:00,2803.6237838894117,1.0
04/19 06:00:00,2968.0904183917974,39.23
04/19 07:00:00,4566.776443522855,65.95
04/19 08:00:00,4326.2265358820405,88.15
04/19 09:00:00,3916.9728646321732,101.26
04/19 10:00:00,3886.227614354547,124.68
04/19 11:00:00,3828.5087914517694,127.22
04/19 12:00:00,3980.559565136481,196.91
04/19 13:00:00,4012.249950516163,189.04
04/19 14:00:00,3987.022206133272,257.83
04/19 15:00:00,3621.2599448713177,289.38
04/19 16:00:00,2665.7499036856398,365.8
04/19 17:00:00,2253.5771602265336,141.65
04/19 18:00:00,2311.161770690889,84.09
04/19 19:00:00,2265.560711261325,11.93
04/19 20:00:00,2306.4903176899297,0.0
04/19 21:00:00,2217.0211783446716,0.0
04/19 22:00:00,2185.202012618883,0.0
04/19 23:00:00,2054.8550582093576,0.0
04/20 00:00:00,2030.2089311316042,0.0
04/20 01:00:00,2007.6546749309723,0.0
04/20 02:00:00,2000.6785183844072,0.0
04/20 03:00:00,2021.0162473138269,0.0
04/20 04:00:00,2029.1691514930753,0.0
04/20 05:00:00,2180.956431114412,3.0
04/20 06:00:00,2350.6753897678213,67.84
04/20 07:00:00,3661.620284116511,161.16
04/20 08:00:00,3652.7210577857863,273.91
04/20 09:00:00,3552.8425818121195,420.19
04/20 10:00:00,3636.648832305945,504.48
04/20 11:00:00,3791.426312392266,450.14
04/20 12:00:00,3937.3433093937906,688.87
04/20 13:00:00,3926.863386512096,747.14
04/20 14:00:00,3901.0773342540356,574.05
04/20 15:00:00,3975.2305455409182,499.48
04/20 16:00:00,2989.4936752880553,476.74
04/20 17:00:00,2590.694491830632,355.64
04/20 18:00:00,2689.957683283818,228.24
04/20 19:00:00,2702.8196735502006,26.53
04/20 20:00:00,2775.4241353579523,0.0
04/20 21:00:00,2708.6890065552484,0.0
04/20 22:00:00,2760.4984341064073,0.0
04/20 23:00:00,2592.7036789243916,0.0
04/21 00:00:00,2573.1683532514053,0.0
04/21 01:00:00,2561.9697443574973,0.0
04/21 02:00:00,2590.684722287045,0.0
04/21 03:00:00,2578.7825628039304,0.0
04/21 04:00:00,2615.8780602498277,0.0
04/21 05:00:00,2802.31054149294,4.0
04/21 06:00:00,2936.350761080728,79.07
04/21 07:00:00,4522.506243206449,189.11
04/21 08:00:00,4395.420079219647,349.92
04/21 09:00:00,4137.868056327328,486.01
04/21 10:00:00,4066.765676353233,507.87
04/21 11:00:00,3844.457726568362,594.53
04/21 12:00:00,4037.1618992363483,412.25
04/21 13:00:00,4018.015802232761,249.96
04/21 14:00:00,4026.9125761364307,462.6
04/21 15:00:00,4060.7090949881954,160.56
04/21 16:00:00,3021.859205421058,87.98
04/21 17:00:00,2613.368773478184,49.7
04/21 18:00:00,2706.7896403636837,35.76
04/21 19:00:00,2691.162682985318,6.22
04/21 20:00:00,2798.6261872682126,0.0
04/21 21:00:00,2706.4604197699923,0.0
04/21 22:00:00,2697.1735104371683,0.0
04/21 23:00:00,2340.757758146994,0.0
04/22 00:00:00,2367.552783514443,0.0
04/22 01:00:00,2371.8702559051926,0.0
04/22 02:00:00,2386.516128425443,0.0
04/22 03:00:00,2372.8082319364544,0.0
04/22 04:00:00,2384.8348514263735,0.0
04/22 05:00:00,2778.182610962766,5.0
04/22 06:00:00,2755.7271674104677,130.58
04/22 07:00:00,3139.2777181900333,288.9
04/22 08:00:00,3007.943864689918,374.17
04/22 09:00:00,2816.4570421701815,282.52
04/22 10:00:00,2796.3925818738653,476.81
04/22 11:00:00,2361.6726655963867,392.28
04/22 12:00:00,2333.5770585644336,768.02
04/22 13:00:00,2331.372447505655,489.69
04/22 14:00:00,2326.4388449603584,168.99
04/22 15:00:00,2334.7257146194797,178.45
04/22 16:00:00,2177.599149080198,100.49
04/22 17:00:00,2239.864852818395,69.77
04/22 18:00:00,2198.225591818786,26.39
04/22 19:00:00,2271.9160000017923,7.25
04/22 20:00:00,2298.333905382021,0.0
04/22 21:00:00,2318.3664579819574,0.0
04/22 22:00:00,2337.375449415574,0.0
04/22 23:00:00,2340.0853843225746,0.0
04/23 00:00:00,2365.756491935792,0.0
04/23 01:00:00,2353.4883620672176,0.0
04/23 02:00:00,2373.305811496003,0.0
04/23 03:00:00,2338.3738036975155,0.0
04/23 04:00:00,2365.3656664575433,0.0
04/23 05:00:00,2484.0897593894756,2.0
04/23 06:00:00,2475.1782029159967,35.24
04/23 07:00:00,2477.1674064284666,83.28
04/23 08:00:00,2466.282676465981,145.19
04/23 09:00:00,2481.871748300084,260.33
04/23 10:00:00,2491.453401039062,341.98
04/23 11:00:00,2498.5439904367104,214.3
04/23 12:00:00,2492.4276128953925,161.91
04/23 13:00:00,2484.9502879467846,103.54
04/23 14:00:00,2495.5088535181,66.72
04/23 15:00:00,2500.957613828532,52.62
04/23 16:00:00,2506.4665057538914,39.5
04/23 17:00:00,2320.3723267774344,18.0
04/23 18:00:00,2345.326335870032,16.2
04/23 19:00:00,2374.0334189546097,9.39
04/23 20:00:00,2355.2043721009877,0.0
04/23 21:00:00,2330.336355936376,0.0
04/23 22:00:00,2316.3252152465393,0.0
04/23 23:00:00,2491.5266614016264,0.0
04/24 00:00:00,2520.9219033743543,0.0
04/24 01:00:00,2527.4964788558195,0.0
04/24 02:00:00,2520.642766525919,0.0
04/24 03:00:00,2532.594187634321,0.0
04/24 04:00:00,2555.8028337713,0.0
04/24 05:00:00,2757.5930418121648,5.0
04/24 06:00:00,3023.3784485359342,59.42
04/24 07:00:00,4781.7323184765655,100.45
04/24 08:00:00,4730.76390024307,166.89
04/24 09:00:00,4680.484220704559,305.61
04/24 10:00:00,4714.876971252415,581.71
04/24 11:00:00,4498.474152127713,600.19
04/24 12:00:00,4669.71391126201,788.55
04/24 13:00:00,4674.545491772387,771.72
04/24 14:00:00,4636.174812856079,597.72
04/24 15:00:00,4688.185830369874,588.09
04/24 16:00:00,3483.1839077795657,467.54
04/24 17:00:00,2941.119953179152,300.62
04/24 18:00:00,2934.732021404682,247.0
04/24 19:00:00,2843.316325751608,45.66
04/24 20:00:00,2860.2734444294015,0.0
04/24 21:00:00,2729.265709211006,0.0
04/24 22:00:00,2643.067775942083,0.0
04/24 23:00:00,2469.8177180567827,0.0
04/25 00:00:00,2458.70043681477,0.0
04/25 01:00:00,2501.816409628269,0.0
04/25 02:00:00,2486.9228359009235,0.0
04/25 03:00:00,2513.5757040464146,0.0
04/25 04:00:00,2532.0859411104843,0.0
04/25 05:00:00,2725.9898609020934,4.0
04/25 06:00:00,2938.43087384189,87.78
04/25 07:00:00,4522.485690196324,172.72
04/25 08:00:00,4314.68010750781,154.25
04/25 09:00:00,4031.977513817616,137.13
04/25 10:00:00,3990.481288765205,258.33
04/25 11:00:00,3817.230026557153,156.81
04/25 12:00:00,3988.320825105024,128.37
04/25 13:00:00,3966.9734050891825,211.77
04/25 14:00:00,3998.095462045514,527.62
04/25 15:00:00,4016.870148539267,524.66
04/25 16:00:00,2992.068000763295,437.23
04/25 17:00:00,2573.3471881158966,254.47
04/25 18:00:00,2706.3531157690427,23.41
04/25 19:00:00,2695.2113623562173,5.09
04/25 20:00:00,2775.4365340049394,0.0
04/25 21:00:00,2685.1652250839,0.0
04/25 22:00:00,2652.684390496188,0.0
04/25 23:00:00,2469.2816959788506,0.0
04/26 00:00:00,2500.425328088108,0.0
04/26 01:00:00,2516.8227294298763,0.0
04/26 02:00:00,2503.3825121442205,0.0
04/26 03:00:00,2509.581944836164,0.0
04/26 04:00:00,2540.4614760049662,0.0
04/26 05:00:00,2744.293442646518,1.0
04/26 06:00:00,2944.614014870922,18.3
04/26 07:00:00,4461.070880534897,36.62
04/26 08:00:00,4227.777237531997,222.67
04/26 09:00:00,4002.5049155847314,178.72
04/26 10:00:00,3976.7968844739007,245.64
04/26 11:00:00,3812.9321330721045,247.24
04/26 12:00:00,4008.218028106874,335.15
04/26 13:00:00,3943.315017910795,324.86
04/26 14:00:00,3958.90422579119,343.09
04/26 15:00:00,4028.479944333628,271.38
04/26 16:00:00,2990.9370620654186,346.82
04/26 17:00:00,2562.9774081408254,85.57
04/26 18:00:00,2714.1521126065077,111.77
04/26 19:00:00,2698.8785997073264,12.46
04/26 20:00:00,2718.113973589217,0.0
04/26 21:00:00,2661.471855643078,0.0
04/26 22:00:00,2649.5073738692695,0.0
04/26 23:00:00,2491.598108578735,0.0
04/27 00:00:00,2530.791964125446,0.0
04/27 01:00:00,2551.405127103153,0.0
04/27 02:00:00,2535.673380181271,0.0
04/27 03:00:00,2554.6507867794835,0.0
04/27 04:00:00,2571.662555224146,0.0
04/27 05:00:00,2793.587002481481,12.0
04/27 06:00:00,2956.2733865580994,101.06
04/27 07:00:00,4511.357343236424,180.32
04/27 08:00:00,4205.49222784371,405.19
04/27 09:00:00,4031.6612655793406,515.64
04/27 10:00:00,3971.534308659938,595.15
04/27 11:00:00,3788.867760824093,402.57
04/27 12:00:00,4033.144983471377,796.69
04/27 13:00:00,3963.728882484739,632.74
04/27 14:00:00,3928.3983488770723,600.26
04/27 15:00:00,3967.731830492625,590.26
04/27 16:00:00,2962.9993711047728,492.73
04/27 17:00:00,2526.244679611371,349.15
04/27 18:00:00,2661.0422740173594,255.06
04/27 19:00:00,2645.0196563464524,61.61
04/27 20:00:00,2697.678162026768,0.0
04/27 21:00:00,2617.220257205965,0.0
04/27 22:00:00,2611.855274825831,0.0
04/27 23:00:00,2474.5551291430143,0.0
04/28 00:00:00,2494.104286741794,0.0
04/28 01:00:00,2528.371125550183,0.0
04/28 02:00:00,2512.7228658572158,0.0
04/28 03:00:00,2524.6606957821627,0.0
04/28 04:00:00,2530.774173311871,0.0
04/28 05:00:00,2725.1802021276376,8.22
04/28 06:00:00,2938.826938638481,26.48
04/28 07:00:00,4454.0375058314,64.6
04/28 08:00:00,4259.312677642949,182.65
04/28 09:00:00,3989.853692238934,367.67
04/28 10:00:00,3956.781246033345,415.7
04/28 11:00:00,3768.8827372065393,444.44
04/28 12:00:00,3922.4996023188787,445.62
04/28 13:00:00,3918.3745029530696,398.99
04/28 14:00:00,3914.8241874625,405.15
04/28 15:00:00,3922.461683701591,527.41
04/28 16:00:00,2929.943761632302,451.01
04/28 17:00:00,2568.235788285085,357.42
04/28 18:00:00,2680.1749233619803,259.57
04/28 19:00:00,2669.5841481528714,53.69
04/28 20:00:00,2739.4299192297194,0.0
04/28 21:00:00,2650.886654292207,0.0
04/28 22:00:00,2636.427597609546,0.0
04/28 23:00:00,2344.6009025045446,0.0
04/29 00:00:00,2314.6895927766245,0.0
04/29 01:00:00,2299.917383977192,0.0
04/29 02:00:00,2315.1211795346703,0.0
04/29 03:00:00,2321.7140706332443,0.0
04/29 04:00:00,2355.775511921218,0.0
04/29 05:00:00,2744.4674784868953,5.56
04/29 06:00:00,2677.2893056571234,62.65
04/29 07:00:00,3048.7187770060686,174.22
04/29 08:00:00,2916.9273265751326,238.66
04/29 09:00:00,2735.761997542634,389.24
04/29 10:00:00,2739.1933576913084,336.07
04/29 11:00:00,2312.5871123848433,318.15
04/29 12:00:00,2302.6643509466085,500.57
04/29 13:00:00,2298.1807417268615,473.14
04/29 14:00:00,2290.24829334506,480.81
04/29 15:00:00,2292.108218869428,483.09
04/29 16:00:00,2132.429492426592,482.69
04/29 17:00:00,2167.2866681915525,364.31
04/29 18:00:00,2121.4319225731224,204.32
04/29 19:00:00,2217.6931898110383,59.9
04/29 20:00:00,2254.119371151148,0.0
04/29 21:00:00,2289.40418323263,0.0
04/29 22:00:00,2311.074157893563,0.0
04/29 23:00:00,2308.5881275320608,0.0
04/30 00:00:00,2314.9553274920017,0.0
04/30 01:00:00,2322.641351645666,0.0
04/30 02:00:00,2320.4765878852986,0.0
04/30 03:00:00,2322.7324653682185,0.0
04/30 04:00:00,2338.5578438013495,0.0
04/30 05:00:00,2479.702970915739,4.66
04/30 06:00:00,2474.6338392004795,67.63
04/30 07:00:00,2469.977157445794,184.21
04/30 08:00:00,2481.1871603807585,442.1
04/30 09:00:00,2484.7968728771534,507.89
04/30 10:00:00,2433.0573644830292,424.63
04/30 11:00:00,2372.732636889074,773.25
04/30 12:00:00,2398.7136013443387,562.5
04/30 13:00:00,2446.9825017677194,668.8
04/30 14:00:00,2422.640952695279,615.91
04/30 15:00:00,2415.3118223327338,426.0
04/30 16:00:00,2408.770535872221,180.51
04/30 17:00:00,2282.9158430174007,188.33
04/30 18:00:00,2287.236863849353,120.06
04/30 19:00:00,2346.0359592505424,35.89
04/30 20:00:00,2333.6117193618147,0.0
04/30 21:00:00,2326.435585914498,0.0
04/30 22:00:00,2324.070305628809,0.0
04/30 23:00:00,1229.0984826339745,0.0
05/01 00:00:00,1220.555380562522,0.0
05/01 01:00:00,1216.8586815661117,0.0
05/01 02:00:00,1218.5960268917004,0.0
05/01 03:00:00,1221.6083881656,0.0
05/01 04:00:00,1254.1938637832852,0.0
05/01 05:00:00,1454.1653844077564,18.49
05/01 06:00:00,1711.4670013474445,146.36
05/01 07:00:00,3454.383322402542,257.98
05/01 08:00:00,3372.210337041731,341.29
05/01 09:00:00,3354.9461542808717,507.14
05/01 10:00:00,3342.873481238543,625.15
05/01 11:00:00,3161.879044559471,716.39
05/01 12:00:00,3385.5337100521906,752.73
05/01 13:00:00,3344.6316398612016,639.23
05/01 14:00:00,3340.2874155102754,650.68
05/01 15:00:00,3357.9931850429202,555.48
05/01 16:00:00,2176.502491906996,455.09
05/01 17:00:00,1652.508347409033,343.74
05/01 18:00:00,1658.2412874046108,220.65
05/01 19:00:00,1599.908399577605,49.36
05/01 20:00:00,1607.366763329143,0.0
05/01 21:00:00,1472.2409857569394,0.0
05/01 22:00:00,1411.9662215341727,0.0
05/01 23:00:00,1242.9899500159327,0.0
05/02 00:00:00,1236.9403661980493,0.0
05/02 01:00:00,1229.846200014919,0.0
05/02 02:00:00,1227.2036963395021,0.0
05/02 03:00:00,1222.9475487597813,0.0
05/02 04:00:00,1251.0018673277916,0.0
05/02 05:00:00,1449.6380592677383,12.06
05/02 06:00:00,1652.9907112863539,106.25
05/02 07:00:00,3275.9502475626296,146.84
05/02 08:00:00,3112.637736731495,190.6
05/02 09:00:00,2990.9280404981173,291.76
05/02 10:00:00,2967.6510998118824,374.63
05/02 11:00:00,2779.7286817343247,386.62
05/02 12:00:00,2959.540895185127,427.9
05/02 13:00:00,2923.5774953394402,499.21
05/02 14:00:00,2942.552828778663,619.36
05/02 15:00:00,2992.8856332884643,504.37
05/02 16:00:00,1932.211716488552,457.74
05/02 17:00:00,1508.7806916548816,346.76
05/02 18:00:00,1544.5961783169373,223.23
05/02 19:00:00,1500.4555736134685,56.67
05/02 20:00:00,1539.711208022846,0.0
05/02 21:00:00,1409.4643885182086,0.0
05/02 22:00:00,1372.5911502046583,0.0
05/02 23:00:00,1237.0806666270994,0.0
05/03 00:00:00,1237.1315314023473,0.0
05/03 01:00:00,1232.3797847652784,0.0
05/03 02:00:00,1237.3762387136835,0.0
05/03 03:00:00,1243.1153128984643,0.0
05/03 04:00:00,1263.8192005152061,0.0
05/03 05:00:00,1474.3633907672074,21.76
05/03 06:00:00,1669.6657890661431,144.87
05/03 07:00:00,3275.4616170825193,309.99
05/03 08:00:00,3177.716563012932,420.29
05/03 09:00:00,3013.002924317171,527.76
05/03 10:00:00,2951.0436810768474,628.99
05/03 11:00:00,2762.5180075219814,721.22
05/03 12:00:00,2914.3653603845974,762.13
05/03 13:00:00,2888.7239344762115,726.95
05/03 14:00:00,2902.9401564899686,494.72
05/03 15:00:00,2926.7912549229713,259.35
05/03 16:00:00,1901.0425761317913,334.51
05/03 17:00:00,1480.8500127896814,321.1
05/03 18:00:00,1560.2521861930302,152.15
05/03 19:00:00,1544.0553065310498,16.47
05/03 20:00:00,1555.701926282361,0.0
05/03 21:00:00,1437.53388996325,0.0
05/03 22:00:00,1397.1429782709247,0.0
05/03 23:00:00,1231.0115288110771,0.0
05/04 00:00:00,1235.3257375203648,0.0
05/04 01:00:00,1245.7140831703948,0.0
05/04 02:00:00,1247.993256839252,0.0
05/04 03:00:00,1253.691293436384,0.0
05/04 04:00:00,1273.32758355203,0.0
05/04 05:00:00,1481.3761632531396,19.51
05/04 06:00:00,1685.0980237243994,147.65
05/04 07:00:00,3259.168260345367,293.1
05/04 08:00:00,3047.9007485245725,312.41
05/04 09:00:00,2934.657195893297,462.6
05/04 10:00:00,2922.8851542175485,403.56
05/04 11:00:00,2760.231825322541,263.25
05/04 12:00:00,2917.4790500848508,119.64
05/04 13:00:00,2884.2924702655655,59.8
05/04 14:00:00,2882.85752148496,153.75
05/04 15:00:00,2914.8132023385756,185.25
05/04 16:00:00,1910.9473236371139,155.46
05/04 17:00:00,1502.5172308919107,205.57
05/04 18:00:00,1561.6415829635905,153.42
05/04 19:00:00,1523.4964923216019,23.07
05/04 20:00:00,1564.592454457393,0.0
05/04 21:00:00,1448.9452812247555,0.0
05/04 22:00:00,1429.053585961913,0.0
05/04 23:00:00,1251.5491880082736,0.0
05/05 00:00:00,1255.4748209753232,0.0
05/05 01:00:00,1258.7223862717676,0.0
05/05 02:00:00,1262.4861107378927,0.0
05/05 03:00:00,1266.8379445044686,0.0
05/05 04:00:00,1278.7270422797387,0.0
05/05 05:00:00,1503.5231291688497,5.11
05/05 06:00:00,1728.168531434102,33.77
05/05 07:00:00,3279.0310412375843,132.77
05/05 08:00:00,3133.440462775791,94.99
05/05 09:00:00,2925.262972904999,79.25
05/05 10:00:00,2868.4392880834607,53.73
05/05 11:00:00,2689.657193440112,110.59
05/05 12:00:00,2862.3506590372413,291.08
05/05 13:00:00,2857.2044711008284,138.42
05/05 14:00:00,2861.0866158186172,164.52
05/05 15:00:00,2860.3560303698705,205.94
05/05 16:00:00,1901.5416816411805,272.06
05/05 17:00:00,1488.3900535587359,289.23
05/05 18:00:00,1558.5589331842496,212.02
05/05 19:00:00,1512.0900544548472,68.92
05/05 20:00:00,1557.2975054679068,0.0
05/05 21:00:00,1433.4541908667566,0.0
05/05 22:00:00,1388.6269333128607,0.0
05/05 23:00:00,1086.8285309329347,0.0
05/06 00:00:00,1089.1123491221263,0.0
05/06 01:00:00,1088.795832658577,0.0
05/06 02:00:00,1088.0807465092853,0.0
05/06 03:00:00,1096.2220069183518,0.0
05/06 04:00:00,1095.7994770397656,0.0
05/06 05:00:00,1501.3703682285748,30.17
05/06 06:00:00,1457.9640558829726,160.06
05/06 07:00:00,1863.296840924443,319.82
05/06 08:00:00,1793.7795068306486,409.39
05/06 09:00:00,1656.3753874654174,477.99
05/06 10:00:00,1645.487627832694,636.94
05/06 11:00:00,1240.1230264170997,729.73
05/06 12:00:00,1249.4228613690934,616.83
05/06 13:00:00,1249.4851949674876,604.21
05/06 14:00:00,1252.9781406548768,633.23
05/06 15:00:00,1258.7781927967835,472.28
05/06 16:00:00,1091.972959467481,382.96
05/06 17:00:00,1093.359375746749,310.51
05/06 18:00:00,1027.818920729869,151.59
05/06 19:00:00,1058.0834989164537,52.64
05/06 20:00:00,1071.7569140854375,0.0
05/06 21:00:00,1090.8632377462243,0.0
05/06 22:00:00,1101.8832664162462,0.0
05/06 23:00:00,1097.1704068611216,0.0
05/07 00:00:00,1088.584064283219,0.0
05/07 01:00:00,1103.1425786870677,0.0
05/07 02:00:00,1089.268565528829,0.0
05/07 03:00:00,1098.524547181878,0.0
05/07 04:00:00,1096.6799508821207,0.0
05/07 05:00:00,1240.882980059879,25.09
05/07 06:00:00,1235.5334638979796,177.67
05/07 07:00:00,1239.0101056910041,229.04
05/07 08:00:00,1255.3613427600828,221.69
05/07 09:00:00,1277.7906303042057,524.61
05/07 10:00:00,1272.867045952907,564.79
05/07 11:00:00,1272.8583035822019,543.45
05/07 12:00:00,1277.7147815770516,759.65
05/07 13:00:00,1270.7703728968042,563.5
05/07 14:00:00,1267.8066662367335,666.28
05/07 15:00:00,1266.604212987683,559.38
05/07 16:00:00,1257.8476568628535,302.01
05/07 17:00:00,1116.3962277587655,365.21
05/07 18:00:00,1113.4519355842046,246.26
05/07 19:00:00,1116.0910530241517,82.92
05/07 20:00:00,1118.454887471095,1.0
05/07 21:00:00,1110.589223846735,0.0
05/07 22:00:00,1101.5196697354095,0.0
05/07 23:00:00,1269.9512390449943,0.0
05/08 00:00:00,1262.3576737687865,0.0
05/08 01:00:00,1265.5953769359135,0.0
05/08 02:00:00,1281.6293691264077,0.0
05/08 03:00:00,1282.439985223307,0.0
05/08 04:00:00,1296.952724766516,0.0
05/08 05:00:00,1514.2608216257577,38.03
05/08 06:00:00,1796.00527935336,193.28
05/08 07:00:00,3612.7344489441793,325.22
05/08 08:00:00,3524.203412587561,435.52
05/08 09:00:00,3556.1958434996973,543.25
05/08 10:00:00,3550.4883141275172,642.89
05/08 11:00:00,3327.0756083058154,735.72
05/08 12:00:00,3524.3994983804714,692.61
05/08 13:00:00,3481.574311428008,531.31
05/08 14:00:00,3503.6453821211385,378.3
05/08 15:00:00,3548.4010199783525,313.57
05/08 16:00:00,2314.0617651845346,273.06
05/08 17:00:00,1762.780000344345,190.23
05/08 18:00:00,1756.3595206184618,123.45
05/08 19:00:00,1656.7524311584048,34.7
05/08 20:00:00,1652.274037340971,0.0
05/08 21:00:00,1518.0594375229994,0.0
05/08 22:00:00,1446.001449282276,0.0
05/08 23:00:00,1256.7325703196552,0.0
05/09 00:00:00,1273.974482150282,0.0
05/09 01:00:00,1286.6077487673351,0.0
05/09 02:00:00,1281.4194135261744,0.0
05/09 03:00:00,1286.6632817164384,0.0
05/09 04:00:00,1301.5607351092156,0.0
05/09 05:00:00,1500.9194016903482,27.84
05/09 06:00:00,1691.4837451928033,182.89
05/09 07:00:00,3289.8386643352387,288.82
05/09 08:00:00,3117.1361700335256,325.46
05/09 09:00:00,2938.658364292179,417.47
05/09 10:00:00,2918.833952943905,560.86
05/09 11:00:00,2739.174201940026,648.46
05/09 12:00:00,2910.905718710139,750.93
05/09 13:00:00,2900.8501856398548,734.75
05/09 14:00:00,2986.641360254995,636.1
05/09 15:00:00,3008.0127994578556,550.54
05/09 16:00:00,1980.5965937191336,469.15
05/09 17:00:00,1551.5934754921964,359.96
05/09 18:00:00,1641.699878042556,182.53
05/09 19:00:00,1578.9445409425252,41.2
05/09 20:00:00,1628.270564704358,2.0
05/09 21:00:00,1471.4048113767842,0.0
05/09 22:00:00,1401.4403226367922,0.0
05/09 23:00:00,1260.3871773527023,0.0
05/10 00:00:00,1287.5629201025192,0.0
05/10 01:00:00,1274.073165022757,0.0
05/10 02:00:00,1268.358155719127,0.0
05/10 03:00:00,1275.8284004362392,0.0
05/10 04:00:00,1282.7950536937647,0.0
05/10 05:00:00,1481.6475437950116,41.1
05/10 06:00:00,1667.2540466979638,171.49
05/10 07:00:00,3262.0496602848652,241.61
05/10 08:00:00,3105.1502286143154,367.44
05/10 09:00:00,2960.36496943131,481.29
05/10 10:00:00,2680.8005816202553,533.31
05/10 11:00:00,2506.966271277989,726.27
05/10 12:00:00,2669.7844589991723,756.35
05/10 13:00:00,2669.662766364177,609.85
05/10 14:00:00,2709.0282551348487,614.42
05/10 15:00:00,2741.6711660599462,551.39
05/10 16:00:00,1787.552244758941,452.61
05/10 17:00:00,1359.2963541970828,339.2
05/10 18:00:00,1404.9673274875659,231.91
05/10 19:00:00,1358.4853882473237,94.69
05/10 20:00:00,1392.3992235537853,1.0
05/10 21:00:00,1266.3330543766363,0.0
05/10 22:00:00,1220.3272193166256,0.0
05/10 23:00:00,1071.1607052197512,0.0
05/11 00:00:00,1054.5407423635672,0.0
05/11 01:00:00,1048.8755615381067,0.0
05/11 02:00:00,1051.309284712626,0.0
05/11 03:00:00,1058.1874842675718,0.0
05/11 04:00:00,1073.3072084445066,0.0
05/11 05:00:00,1248.990110826519,45.18
05/11 06:00:00,1438.6408985706985,203.09
05/11 07:00:00,2804.6367190181204,331.19
05/11 08:00:00,2739.044869980365,447.78
05/11 09:00:00,2646.2034317035514,553.64
05/11 10:00:00,2636.7096213762497,654.93
05/11 11:00:00,2476.192475590438,755.71
05/11 12:00:00,2617.1262050762425,820.14
05/11 13:00:00,2598.8729752573354,774.31
05/11 14:00:00,2644.871831275694,684.18
05/11 15:00:00,2663.0450714143235,588.13
05/11 16:00:00,1735.7277735247008,479.14
05/11 17:00:00,1346.606691384673,369.6
05/11 18:00:00,1394.990775695439,256.55
05/11 19:00:00,1307.342701568412,102.32
05/11 20:00:00,1349.3804590750226,2.0
05/11 21:00:00,1243.8817250371721,0.0
05/11 22:00:00,1168.4006286991946,0.0
05/11 23:00:00,1026.060869158819,0.0
05/12 00:00:00,1028.631311480148,0.0
05/12 01:00:00,1038.3429491132927,0.0
05/12 02:00:00,1029.4845650267857,0.0
05/12 03:00:00,1038.154610314396,0.0
05/12 04:00:00,1055.9046245201846,0.0
05/12 05:00:00,1217.0420075086058,38.55
05/12 06:00:00,1389.448133550792,99.72
05/12 07:00:00,2745.027354972833,133.2
05/12 08:00:00,2704.5440771929393,181.92
05/12 09:00:00,2597.3830444767364,279.2
05/12 10:00:00,2611.9929299698574,119.24
05/12 11:00:00,2466.398359463967,83.81
05/12 12:00:00,2619.4619216761967,73.84
05/12 13:00:00,2602.4693893243643,71.83
05/12 14:00:00,2621.466200373376,203.94
05/12 15:00:00,2648.3247738198615,346.48
05/12 16:00:00,1719.2411998187122,234.34
05/12 17:00:00,1329.556687496778,161.17
05/12 18:00:00,1360.451623295829,119.55
05/12 19:00:00,1299.3411560099719,42.86
05/12 20:00:00,1332.0173283891847,1.0
05/12 21:00:00,1224.876376083778,0.0
05/12 22:00:00,1170.1520754767753,0.0
05/12 23:00:00,900.5488703468252,0.0
05/13 00:00:00,904.2928792282565,0.0
05/13 01:00:00,907.2972687006118,0.0
05/13 02:00:00,908.30939488108,0.0
05/13 03:00:00,900.0690328962418,0.0
05/13 04:00:00,909.7145632272067,0.0
05/13 05:00:00,1240.9095102100764,23.46
05/13 06:00:00,1222.7775959358564,102.12
05/13 07:00:00,1586.0304142325335,184.19
05/13 08:00:00,1589.3109981537668,425.26
05/13 09:00:00,1544.0913510085145,515.2
05/13 10:00:00,1544.7280192399921,543.05
05/13 11:00:00,1160.0882736980716,474.4
05/13 12:00:00,1150.3113063843577,444.95
05/13 13:00:00,1160.1627102034258,446.49
05/13 14:00:00,1148.1845014875066,538.48
05/13 15:00:00,1150.3585236676697,215.26
05/13 16:00:00,997.3615335103954,284.88
05/13 17:00:00,976.2059306417641,369.27
05/13 18:00:00,884.3711773573949,148.57
05/13 19:00:00,909.1560982991617,46.54
05/13 20:00:00,913.8816009055549,1.0
05/13 21:00:00,899.0221480528801,0.0
05/13 22:00:00,898.8912699146598,0.0
05/13 23:00:00,881.6637488209661,0.0
05/14 00:00:00,891.040403878954,0.0
05/14 01:00:00,892.1202348454642,0.0
05/14 02:00:00,889.7490669883367,0.0
05/14 03:00:00,900.1689454187317,0.0
05/14 04:00:00,913.8167036168907,0.0
05/14 05:00:00,1017.8915035066701,16.56
05/14 06:00:00,1018.2074638417829,129.39
05/14 07:00:00,1019.4518651961067,271.52
05/14 08:00:00,1023.4791147949022,199.18
05/14 09:00:00,1039.4795493481738,81.31
05/14 10:00:00,1063.2995064648421,89.51
05/14 11:00:00,1062.785222188218,117.64
05/14 12:00:00,1057.203343134201,101.69
05/14 13:00:00,1051.594951365916,118.66
05/14 14:00:00,1049.15112341271,153.88
05/14 15:00:00,1058.0526983747084,141.43
05/14 16:00:00,1046.1399851962474,279.11
05/14 17:00:00,933.8396813343386,37.43
05/14 18:00:00,929.740055709586,72.72
05/14 19:00:00,921.5412613638199,57.0
05/14 20:00:00,922.1142908507053,3.0
05/14 21:00:00,910.0285328694938,0.0
05/14 22:00:00,895.20870342833,0.0
05/14 23:00:00,1046.036307673649,0.0
05/15 00:00:00,1044.1547367751834,0.0
05/15 01:00:00,1043.060449120739,0.0
05/15 02:00:00,1048.9939081402754,0.0
05/15 03:00:00,1034.0373961919493,0.0
05/15 04:00:00,1069.0845356572845,0.0
05/15 05:00:00,1238.7685676519343,53.75
05/15 06:00:00,1457.6619363270697,203.48
05/15 07:00:00,2954.3115228289603,152.6
05/15 08:00:00,2906.9307732854018,334.57
05/15 09:00:00,2918.2016810985474,529.29
05/15 10:00:00,2942.973574152062,475.11
05/15 11:00:00,2748.862115614018,353.45
05/15 12:00:00,2929.3281841290973,447.35
05/15 13:00:00,2916.825280895222,261.49
05/15 14:00:00,2931.7873793902395,212.79
05/15 15:00:00,2994.6970206628243,334.78
05/15 16:00:00,1909.1316539240809,154.69
05/15 17:00:00,1467.8675383760399,192.41
05/15 18:00:00,1463.6598424105541,47.1
05/15 19:00:00,1415.3853921316297,19.36
05/15 20:00:00,1415.0111358462686,4.0
05/15 21:00:00,1275.3750377783253,0.0
05/15 22:00:00,1210.9521361811696,0.0
05/15 23:00:00,1061.1385615495703,0.0
05/16 00:00:00,1040.3986170080934,0.0
05/16 01:00:00,1048.659746867016,0.0
05/16 02:00:00,1050.3019265512096,0.0
05/16 03:00:00,1057.8653267124412,0.0
05/16 04:00:00,1080.3549914439677,0.0
05/16 05:00:00,1246.9985998622453,8.08
05/16 06:00:00,1448.487486660165,27.46
05/16 07:00:00,2827.4880536675805,52.77
05/16 08:00:00,2747.029224391286,99.12
05/16 09:00:00,2607.5793378314893,186.23
05/16 10:00:00,2652.818294044412,159.79
05/16 11:00:00,2564.2026532957325,439.48
05/16 12:00:00,2690.7747137474475,823.29
05/16 13:00:00,2654.9171088520256,614.09
05/16 14:00:00,2645.4864919856586,450.62
05/16 15:00:00,2712.125291117249,351.24
05/16 16:00:00,1780.7025981869338,414.31
05/16 17:00:00,1382.3845198923796,305.1
05/16 18:00:00,1428.3876177462746,97.11
05/16 19:00:00,1361.1667362660094,49.81
05/16 20:00:00,1370.250510575059,2.0
05/16 21:00:00,1265.1334778924966,0.0
05/16 22:00:00,1201.7975923601125,0.0
05/16 23:00:00,1068.5495461903806,0.0
05/17 00:00:00,1060.6607196974812,0.0
05/17 01:00:00,1064.5482613357945,0.0
05/17 02:00:00,1064.0165254569047,0.0
05/17 03:00:00,1073.2462346543207,0.0
05/17 04:00:00,1097.1176308993906,0.0
05/17 05:00:00,1284.5420377146033,26.43
05/17 06:00:00,1473.9969341005044,37.7
05/17 07:00:00,2922.822403590502,51.77
05/17 08:00:00,2809.0127283195598,186.19
05/17 09:00:00,2716.761823998298,402.96
05/17 10:00:00,2846.007623124412,538.1
05/17 11:00:00,2766.7443917470964,638.42
05/17 12:00:00,2967.3351648030534,612.86
05/17 13:00:00,2958.205800086473,642.12
05/17 14:00:00,2908.754310647689,680.93
05/17 15:00:00,2926.8012998765653,414.59
05/17 16:00:00,1815.804331344242,481.7
05/17 17:00:00,1305.5255409201395,376.6
05/17 18:00:00,1330.7839516227364,256.05
05/17 19:00:00,1298.185105985693,34.39
05/17 20:00:00,1332.3491479384115,0.0
05/17 21:00:00,1221.4941892991799,0.0
05/17 22:00:00,1174.3925970943637,0.0
05/17 23:00:00,1030.8967366578008,0.0
05/18 00:00:00,1030.6473005153416,0.0
05/18 01:00:00,1036.8072688767425,0.0
05/18 02:00:00,1038.1594965960057,0.0
05/18 03:00:00,1038.5913366594625,0.0
05/18 04:00:00,1061.9991790396598,0.0
05/18 05:00:00,1245.642815401562,6.08
05/18 06:00:00,1431.5806254451363,30.47
05/18 07:00:00,2771.952178364915,47.78
05/18 08:00:00,2743.103181626958,350.23
05/18 09:00:00,2674.402926802604,423.49
05/18 10:00:00,2925.304847426623,664.51
05/18 11:00:00,2804.6544151587623,718.5
05/18 12:00:00,2973.7360792300415,843.78
05/18 13:00:00,2922.4514099746384,789.35
05/18 14:00:00,2896.2769958861622,535.26
05/18 15:00:00,2696.0879267009163,599.41
05/18 16:00:00,1745.5203799436138,486.72
05/18 17:00:00,1341.7591957434001,386.19
05/18 18:00:00,1370.8187819120628,275.39
05/18 19:00:00,1323.2355850294057,128.9
05/18 20:00:00,1349.23353803494,6.0
05/18 21:00:00,1246.5465220369551,0.0
05/18 22:00:00,1186.5703470754931,0.0
05/18 23:00:00,1030.5883775002592,0.0
05/19 00:00:00,1033.1600238995861,0.0
05/19 01:00:00,1032.373478241711,0.0
05/19 02:00:00,1039.4396034118831,0.0
05/19 03:00:00,1026.4358800638845,0.0
05/19 04:00:00,1054.581971044072,0.0
05/19 05:00:00,1222.0813575478317,45.78
05/19 06:00:00,1419.4191043312583,189.4
05/19 07:00:00,2830.2183959818203,333.59
05/19 08:00:00,2799.607378303305,456.78
05/19 09:00:00,2695.4137763651984,565.77
05/19 10:00:00,2665.571839608596,670.06
05/19 11:00:00,2505.584701483544,739.22
05/19 12:00:00,2682.299495479691,837.79
05/19 13:00:00,2675.186951853696,752.75
05/19 14:00:00,2643.741074067228,709.35
05/19 15:00:00,2674.1841407523857,603.83
05/19 16:00:00,1720.5207846781525,404.12
05/19 17:00:00,1323.14283838771,232.39
05/19 18:00:00,1382.3610312163366,141.63
05/19 19:00:00,1315.9137201136673,77.62
05/19 20:00:00,1362.7347441974587,2.0
05/19 21:00:00,1263.6223935246157,0.0
05/19 22:00:00,1182.8191576496893,0.0
05/19 23:00:00,905.5989951685195,0.0
05/20 00:00:00,894.655765521894,0.0
05/20 01:00:00,901.5481402211783,0.0
05/20 02:00:00,891.6215849561283,0.0
05/20 03:00:00,910.1733686730576,0.0
05/20 04:00:00,908.1691545334033,1.0
05/20 05:00:00,1237.4518412739062,68.62
05/20 06:00:00,1217.1030098490191,231.78
05/20 07:00:00,1554.4021898455817,348.69
05/20 08:00:00,1584.8989610528572,464.2
05/20 09:00:00,1499.6846712239426,573.86
05/20 10:00:00,1490.4623878673106,679.21
05/20 11:00:00,1134.756702631221,790.69
05/20 12:00:00,1153.5951072998614,850.1
05/20 13:00:00,1137.2833103792425,820.36
05/20 14:00:00,1137.2137108290958,678.47
05/20 15:00:00,1149.8772874160688,572.7
05/20 16:00:00,975.1359120076636,454.87
05/20 17:00:00,953.9806458095803,349.45
05/20 18:00:00,869.4031250924841,234.39
05/20 19:00:00,894.522146344698,100.1
05/20 20:00:00,894.9307514570725,7.0
05/20 21:00:00,903.6093712989751,0.0
05/20 22:00:00,887.3758284574204,0.0
05/20 23:00:00,884.4831093494209,0.0
05/21 00:00:00,877.5507358550504,0.0
05/21 01:00:00,888.7770523481335,0.0
05/21 02:00:00,882.0059887053717,0.0
05/21 03:00:00,891.0300900299267,0.0
05/21 04:00:00,891.4308542209642,1.0
05/21 05:00:00,994.7586716442391,71.71
05/21 06:00:00,987.5278343395196,231.7
05/21 07:00:00,978.5391356978595,347.51
05/21 08:00:00,998.2503804797841,461.14
05/21 09:00:00,1032.7558695427376,567.23
05/21 10:00:00,1039.9839520097648,671.44
05/21 11:00:00,1027.104294103078,777.54
05/21 12:00:00,1024.6599677170857,846.25
05/21 13:00:00,1007.4382653788053,819.72
05/21 14:00:00,1012.7384509906342,715.04
05/21 15:00:00,999.7984508627042,607.63
05/21 16:00:00,1004.2145749318561,500.4
05/21 17:00:00,890.5686091733769,389.89
05/21 18:00:00,898.1415106015102,281.09
05/21 19:00:00,894.6360376652199,136.86
05/21 20:00:00,895.5628667611184,7.0
05/21 21:00:00,880.7464944838416,0.0
05/21 22:00:00,876.2711442189717,0.0
05/21 23:00:00,1013.4595692385221,0.0
05/22 00:00:00,1013.5346390605911,0.0
05/22 01:00:00,1025.060962850249,0.0
05/22 02:00:00,1002.449270642493,0.0
05/22 03:00:00,1009.409658034677,0.0
05/22 04:00:00,1038.342084642624,1.0
05/22 05:00:00,1209.5715188631207,71.89
05/22 06:00:00,1439.6137936589407,207.6
05/22 07:00:00,2867.31664741189,296.15
05/22 08:00:00,2885.423090423305,356.09
05/22 09:00:00,2842.4492019419845,561.13
05/22 10:00:00,2853.3321280686146,662.48
05/22 11:00:00,2709.950402115956,763.73
05/22 12:00:00,2837.354928595337,829.94
05/22 13:00:00,2804.9073183600217,764.6
05/22 14:00:00,2837.628464137674,701.1
05/22 15:00:00,2872.337317580394,603.52
05/22 16:00:00,1851.9127324385374,495.14
05/22 17:00:00,1409.3373069649247,360.49
05/22 18:00:00,1398.5215860235533,181.81
05/22 19:00:00,1323.7749439096572,129.5
05/22 20:00:00,1342.5413487323988,7.0
05/22 21:00:00,1230.092344320023,0.0
05/22 22:00:00,1162.2792923844056,0.0
05/22 23:00:00,1027.8493993249244,0.0
05/23 00:00:00,1019.4665221060906,0.0
05/23 01:00:00,1023.6349244077251,0.0
05/23 02:00:00,1027.6195080713658,0.0
05/23 03:00:00,1044.3283244917975,0.0
05/23 04:00:00,1056.342543573718,0.0
05/23 05:00:00,1226.25183304567,19.48
05/23 06:00:00,1390.7534626795846,129.07
05/23 07:00:00,2752.559240443842,45.8
05/23 08:00:00,2712.624599104764,92.64
05/23 09:00:00,2623.006109578112,224.1
05/23 10:00:00,2716.3070781308575,164.63
05/23 11:00:00,2799.271246224229,538.27
05/23 12:00:00,2975.791824013097,261.07
05/23 13:00:00,2913.6223397822514,316.05
05/23 14:00:00,2892.26566482863,569.43
05/23 15:00:00,2947.3983008835585,511.84
05/23 16:00:00,1904.7275405112566,461.55
05/23 17:00:00,1511.7546994440008,322.34
05/23 18:00:00,1568.1365061436466,274.38
05/23 19:00:00,1531.4929576943875,138.99
05/23 20:00:00,1564.4058441862444,9.0
05/23 21:00:00,1442.681381989776,0.0
05/23 22:00:00,1407.3858915540447,0.0
05/23 23:00:00,1238.0247192774332,0.0
05/24 00:00:00,1233.2828596099803,0.0
05/24 01:00:00,1247.321016513352,0.0
05/24 02:00:00,1243.860436267722,0.0
05/24 03:00:00,1244.802463291861,0.0
05/24 04:00:00,1266.1441380332549,2.0
05/24 05:00:00,1468.8895299343092,79.08
05/24 06:00:00,1676.4173268482632,149.01
05/24 07:00:00,3322.054171563356,353.96
05/24 08:00:00,3146.091416626874,428.07
05/24 09:00:00,2949.861069885201,575.48
05/24 10:00:00,2943.205023322466,678.81
05/24 11:00:00,2745.5678505135384,617.1
05/24 12:00:00,2930.8742027813205,621.51
05/24 13:00:00,2933.0267149998676,594.09
05/24 14:00:00,2929.679755622544,377.03
05/24 15:00:00,2947.266540311404,369.95
05/24 16:00:00,1916.6298533151044,279.44
05/24 17:00:00,1504.3960738364328,341.02
05/24 18:00:00,1580.425877772853,140.99
05/24 19:00:00,1549.9343119341136,90.26
05/24 20:00:00,1583.6717527185397,9.0
05/24 21:00:00,1463.0817397709231,0.0
05/24 22:00:00,1405.2272224213723,0.0
05/24 23:00:00,1250.9830870350604,0.0
05/25 00:00:00,1244.867242261969,0.0
05/25 01:00:00,1262.001030596214,0.0
05/25 02:00:00,1262.0096281351525,0.0
05/25 03:00:00,1269.8440277207728,0.0
05/25 04:00:00,1289.5138745792851,2.0
05/25 05:00:00,1500.643929733937,24.81
05/25 06:00:00,1708.4028995384,150.06
05/25 07:00:00,3320.903965904747,122.67
05/25 08:00:00,3117.4390029101514,159.6
05/25 09:00:00,2981.385906415972,374.95
05/25 10:00:00,2958.10008375857,292.9
05/25 11:00:00,2767.468083148393,269.42
05/25 12:00:00,2946.936876522601,221.79
05/25 13:00:00,2914.5225984105523,143.55
05/25 14:00:00,2901.0234671505614,131.4
05/25 15:00:00,2818.5072168665743,169.97
05/25 16:00:00,1750.160158171001,156.93
05/25 17:00:00,1313.2110380687795,119.08
05/25 18:00:00,1371.795882160099,24.3
05/25 19:00:00,1304.309865780904,8.15
05/25 20:00:00,1310.923284871507,2.28
05/25 21:00:00,1211.0953631279044,0.0
05/25 22:00:00,1183.347286587298,0.0
05/25 23:00:00,1032.0010283011934,0.0
05/26 00:00:00,1032.0448595940884,0.0
05/26 01:00:00,1029.6653013395858,0.0
05/26 02:00:00,1037.7229590772843,0.0
05/26 03:00:00,1043.5167076355667,0.0
05/26 04:00:00,1061.584215173745,2.0
05/26 05:00:00,1230.1280470438708,88.16
05/26 06:00:00,1435.7255534501012,244.3
05/26 07:00:00,2917.753774727608,360.46
05/26 08:00:00,2858.651787211684,472.83
05/26 09:00:00,2854.232638075247,584.39
05/26 10:00:00,2877.134619168469,678.39
05/26 11:00:00,2671.037780520539,773.09
05/26 12:00:00,2823.669763749687,472.54
05/26 13:00:00,2815.2068004810244,737.39
05/26 14:00:00,2816.4551843938216,354.63
05/26 15:00:00,2817.7100122582765,417.9
05/26 16:00:00,1831.6734044734844,335.01
05/26 17:00:00,1416.1847025451366,223.91
05/26 18:00:00,1420.6333712338899,91.27
05/26 19:00:00,1355.364494897687,15.15
05/26 20:00:00,1349.595845269686,1.11
05/26 21:00:00,1250.6825452370158,0.0
05/26 22:00:00,1174.9875479229922,0.0
05/26 23:00:00,889.8747415657739,0.0
05/27 00:00:00,897.9204108275652,0.0
05/27 01:00:00,893.9557327835553,0.0
05/27 02:00:00,894.6021846427752,0.0
05/27 03:00:00,902.414089958857,0.0
05/27 04:00:00,915.5554039633388,1.0
05/27 05:00:00,1255.036147384723,36.2
05/27 06:00:00,1230.4931705762092,43.77
05/27 07:00:00,1589.4495130961177,111.09
05/27 08:00:00,1638.0816007194771,127.87
05/27 09:00:00,1606.167317335936,197.14
05/27 10:00:00,1619.1245877780298,271.32
05/27 11:00:00,1214.3421735124175,316.73
05/27 12:00:00,1199.459676333671,489.71
05/27 13:00:00,1204.4578568721422,427.4
05/27 14:00:00,1207.4023131421416,344.7
05/27 15:00:00,1221.0188986165992,263.86
05/27 16:00:00,1043.5880253826597,169.16
05/27 17:00:00,1022.4552338123793,391.37
05/27 18:00:00,899.5651096059125,273.76
05/27 19:00:00,903.3599024150453,52.09
05/27 20:00:00,917.2452752661103,11.67
05/27 21:00:00,898.1839017772797,0.0
05/27 22:00:00,889.116943853536,0.0
05/27 23:00:00,873.2864637701683,0.0
05/28 00:00:00,885.0146514644426,0.0
05/28 01:00:00,886.1539165522983,0.0
05/28 02:00:00,885.1218890545529,0.0
05/28 03:00:00,900.9647558553887,0.0
05/28 04:00:00,894.5358762696075,3.0
05/28 05:00:00,1010.0188812324405,90.09
05/28 06:00:00,1011.9811246542592,242.16
05/28 07:00:00,999.711980476383,354.59
05/28 08:00:00,1014.1211352466731,464.99
05/28 09:00:00,1042.4419245918584,570.7
05/28 10:00:00,1035.2520142897667,671.63
05/28 11:00:00,1036.471152689958,773.71
05/28 12:00:00,1039.6000091230037,839.33
05/28 13:00:00,1031.5129124956063,809.65
05/28 14:00:00,1028.7472360107474,715.36
05/28 15:00:00,1041.474605889678,608.83
05/28 16:00:00,1032.9919231116244,503.04
05/28 17:00:00,911.8262362062292,395.67
05/28 18:00:00,910.4350830868764,285.65
05/28 19:00:00,903.9371580561826,149.81
05/28 20:00:00,911.8361544743859,11.9
05/28 21:00:00,899.6355933386177,0.0
05/28 22:00:00,888.6138945961255,0.0
05/28 23:00:00,871.8458153163434,0.0
05/29 00:00:00,862.9820352596018,0.0
05/29 01:00:00,884.7515975624982,0.0
05/29 02:00:00,877.2492582335504,0.0
05/29 03:00:00,886.558675749932,0.0
05/29 04:00:00,891.5474994959956,3.0
05/29 05:00:00,996.0888908931869,91.93
05/29 06:00:00,1022.5117793946488,195.67
05/29 07:00:00,1007.56342484228,324.58
05/29 08:00:00,1037.1371772970315,357.83
05/29 09:00:00,1038.061460864826,439.52
05/29 10:00:00,1047.665208637823,477.73
05/29 11:00:00,1036.9154089040144,613.89
05/29 12:00:00,1031.3892450710414,798.2
05/29 13:00:00,1030.8244596498303,663.78
05/29 14:00:00,1026.6271792076018,637.49
05/29 15:00:00,1056.9893570672873,606.28
05/29 16:00:00,1047.9582298779885,500.8
05/29 17:00:00,918.7196998008366,391.72
05/29 18:00:00,917.2886194165799,284.51
05/29 19:00:00,906.1271932449122,149.3
05/29 20:00:00,911.3322709218505,9.15
05/29 21:00:00,903.2239258386189,0.0
05/29 22:00:00,887.4300849067494,0.0
05/29 23:00:00,1035.2615951184289,0.0
05/30 00:00:00,1022.0639341599641,0.0
05/30 01:00:00,1032.7115472892146,0.0
05/30 02:00:00,1016.9620593287456,0.0
05/30 03:00:00,1035.84492930993,0.0
05/30 04:00:00,1034.9465456526193,2.0
05/30 05:00:00,1211.9854283443854,64.49
05/30 06:00:00,1388.3068391685422,218.59
05/30 07:00:00,2781.3727723093425,345.98
05/30 08:00:00,2769.225634148223,374.03
05/30 09:00:00,2902.72689848391,471.71
05/30 10:00:00,2912.747649580164,491.98
05/30 11:00:00,2770.569689510465,369.2
05/30 12:00:00,2960.7927429906717,202.11
05/30 13:00:00,2967.4319439554943,169.3
05/30 14:00:00,2967.315057111652,163.03
05/30 15:00:00,2967.623627035709,167.04
05/30 16:00:00,1929.9471849161318,156.42
05/30 17:00:00,1508.309887659943,291.12
05/30 18:00:00,1573.6533928856525,261.08
05/30 19:00:00,1516.5314150423098,151.79
05/30 20:00:00,1569.4017820525694,15.44
05/30 21:00:00,1445.3222917939393,0.0
05/30 22:00:00,1415.9478077370381,0.0
05/30 23:00:00,1248.6840386616386,0.0
05/31 00:00:00,1259.2857838060825,0.0
05/31 01:00:00,1267.6673870666418,0.0
05/31 02:00:00,1270.9153207828342,0.0
05/31 03:00:00,1271.5937240615278,0.0
05/31 04:00:00,1296.9863194327636,2.0
05/31 05:00:00,1494.5133202113307,42.03
05/31 06:00:00,1702.7354819441712,239.87
05/31 07:00:00,3349.083888445798,183.08
05/31 08:00:00,3216.5408496320288,125.35
05/31 09:00:00,3012.527905601562,389.72
05/31 10:00:00,3009.7014919745125,453.87
05/31 11:00:00,2827.0156006283237,675.22
05/31 12:00:00,2980.8272821705345,822.75
05/31 13:00:00,2942.552878810686,763.94
05/31 14:00:00,2982.6256429456166,218.08
05/31 15:00:00,3005.335766965463,475.32
05/31 16:00:00,1961.2271419898846,315.59
05/31 17:00:00,1555.0671304643608,229.64
05/31 18:00:00,1630.8454038056746,220.32
05/31 19:00:00,1557.4859007296495,120.7
05/31 20:00:00,1577.4664453926327,15.73
05/31 21:00:00,1490.6073536746137,0.0
05/31 22:00:00,1449.429005105185,0.0
05/31 23:00:00,1699.8573927048967,0.0
06/01 00:00:00,1700.015364830242,0.0
06/01 01:00:00,1706.2311109680281,0.0
06/01 02:00:00,1710.6909056734467,0.0
06/01 03:00:00,1712.8847418893533,0.0
06/01 04:00:00,1724.3426866949046,3.0
06/01 05:00:00,1926.237614400208,79.18
06/01 06:00:00,2152.4830400512215,213.32
06/01 07:00:00,3783.019159354473,354.2
06/01 08:00:00,3547.950727742325,470.49
06/01 09:00:00,3326.4635826500203,568.18
06/01 10:00:00,3309.2387015450036,659.45
06/01 11:00:00,3127.1949356280625,493.05
06/01 12:00:00,3305.957126567118,749.14
06/01 13:00:00,3261.35768303686,649.16
06/01 14:00:00,3265.9894635854,654.43
06/01 15:00:00,3342.173164509367,604.24
06/01 16:00:00,2083.8129034221242,503.25
06/01 17:00:00,1660.580478058557,402.54
06/01 18:00:00,1705.8794576321739,289.95
06/01 19:00:00,1644.316857086314,141.59
06/01 20:00:00,1710.6341685311754,12.04
06/01 21:00:00,1589.5184071129704,0.0
06/01 22:00:00,1532.6670091551168,0.0
06/01 23:00:00,1356.6826054753346,0.0
06/02 00:00:00,1360.5421911841775,0.0
06/02 01:00:00,1380.7578641388036,0.0
06/02 02:00:00,1378.7734245628026,0.0
06/02 03:00:00,1388.396970112987,0.0
06/02 04:00:00,1398.9701453366756,3.0
06/02 05:00:00,1576.2297558349399,69.19
06/02 06:00:00,1712.6328395701926,241.03
06/02 07:00:00,3131.0121069415827,332.18
06/02 08:00:00,3093.0915017019925,314.35
06/02 09:00:00,3256.8085988119697,396.77
06/02 10:00:00,3148.8521523197483,207.06
06/02 11:00:00,2856.944753651055,115.7
06/02 12:00:00,3022.2875537673845,264.26
06/02 13:00:00,3003.1682481186704,187.18
06/02 14:00:00,3239.1982802040993,188.68
06/02 15:00:00,3349.277664109584,345.9
06/02 16:00:00,2334.1978463161868,209.16
06/02 17:00:00,1949.2165352654115,141.58
06/02 18:00:00,2019.2948508440472,60.28
06/02 19:00:00,2017.1668457030387,48.02
06/02 20:00:00,2037.687321610934,12.34
06/02 21:00:00,1929.6555686150882,0.0
06/02 22:00:00,1834.3247797849808,0.0
06/02 23:00:00,1524.901640088759,0.0
06/03 00:00:00,1528.9194062412807,0.0
06/03 01:00:00,1534.1359265868432,0.0
06/03 02:00:00,1542.3622145942147,0.0
06/03 03:00:00,1546.1299644929877,0.0
06/03 04:00:00,1547.1719708936912,3.0
06/03 05:00:00,1955.6447350891492,71.61
06/03 06:00:00,1915.8823399518164,250.91
06/03 07:00:00,2275.1698111610604,367.74
06/03 08:00:00,2223.068513382398,404.48
06/03 09:00:00,2111.0695124468616,505.15
06/03 10:00:00,2096.7153301412573,631.49
06/03 11:00:00,1647.8802988684192,640.8
06/03 12:00:00,1671.8039127863547,696.47
06/03 13:00:00,1674.1890146863248,646.94
06/03 14:00:00,1685.6062984609114,714.11
06/03 15:00:00,1704.825055384127,604.39
06/03 16:00:00,1523.015464709289,452.19
06/03 17:00:00,1540.0701625976108,407.32
06/03 18:00:00,1462.5014035524928,247.41
06/03 19:00:00,1512.1104249972807,140.34
06/03 20:00:00,1537.4356021954827,15.7
06/03 21:00:00,1550.1555327927465,0.0
06/03 22:00:00,1551.2515098529257,0.0
06/03 23:00:00,1549.1544763757597,0.0
06/04 00:00:00,1548.871432813502,0.0
06/04 01:00:00,1540.9709568143,0.0
06/04 02:00:00,1542.3755138729127,0.0
06/04 03:00:00,1543.4409086530654,0.0
06/04 04:00:00,1539.5175166011645,4.0
06/04 05:00:00,1676.9264400580043,87.57
06/04 06:00:00,1697.912315588658,215.34
06/04 07:00:00,1691.0851434033343,261.55
06/04 08:00:00,1697.552066498651,276.81
06/04 09:00:00,1707.3075782075894,544.05
06/04 10:00:00,1703.5338082061605,597.58
06/04 11:00:00,1720.1902652898686,790.1
06/04 12:00:00,1707.2663056421084,866.22
06/04 13:00:00,1715.4854999941967,763.85
06/04 14:00:00,1692.998352316453,582.42
06/04 15:00:00,1680.776424132063,490.86
06/04 16:00:00,1686.6693644818847,324.83
06/04 17:00:00,1531.0856465021957,388.87
06/04 18:00:00,1535.8849223088628,218.78
06/04 19:00:00,1540.4778872421207,63.49
06/04 20:00:00,1556.0189587959735,17.06
06/04 21:00:00,1541.053248469172,0.0
06/04 22:00:00,1524.5537671537074,0.0
06/04 23:00:00,1699.4198616571107,0.0
06/05 00:00:00,1700.5890494595865,0.0
06/05 01:00:00,1708.5305758186685,0.0
06/05 02:00:00,1716.1056886637807,0.0
06/05 03:00:00,1721.572731313628,0.0
06/05 04:00:00,1742.5664714997624,3.0
06/05 05:00:00,1955.0339593591202,97.15
06/05 06:00:00,2234.338335054681,238.52
06/05 07:00:00,4062.685832661895,339.52
06/05 08:00:00,3993.550073109886,457.0
06/05 09:00:00,3957.318621044642,573.74
06/05 10:00:00,3931.8827268027703,664.98
06/05 11:00:00,3743.1081987188486,767.54
06/05 12:00:00,3941.251421667119,664.41
06/05 13:00:00,3913.4639358585982,805.28
06/05 14:00:00,3934.3808074142535,649.85
06/05 15:00:00,3961.5700008346435,528.54
06/05 16:00:00,2706.1649175093407,443.9
06/05 17:00:00,2191.3713597937217,386.59
06/05 18:00:00,2183.238089289081,289.48
06/05 19:00:00,2059.1903243796573,158.86
06/05 20:00:00,2086.519634079978,17.42
06/05 21:00:00,1965.0622891045018,0.0
06/05 22:00:00,1878.7992916466596,0.0
06/05 23:00:00,1688.4095699746401,0.0
06/06 00:00:00,1703.1655681280608,0.0
06/06 01:00:00,1701.8827577991674,0.0
06/06 02:00:00,1722.6151858204148,0.0
06/06 03:00:00,1711.9960599331123,0.0
06/06 04:00:00,1739.7277959240062,4.0
06/06 05:00:00,1950.85170319753,96.7
06/06 06:00:00,2236.046648645526,249.26
06/06 07:00:00,4008.357247327415,363.52
06/06 08:00:00,3953.456146952187,458.46
06/06 09:00:00,3887.211962227016,566.62
06/06 10:00:00,3800.556657965408,652.73
06/06 11:00:00,3669.2362446600746,644.93
06/06 12:00:00,3859.4634512939415,448.47
06/06 13:00:00,3864.4350673126687,252.41
06/06 14:00:00,3852.1236078379648,696.21
06/06 15:00:00,3888.9406312559163,324.03
06/06 16:00:00,2672.470879046484,138.68
06/06 17:00:00,2185.945622886526,257.21
06/06 18:00:00,2176.7910779128447,269.25
06/06 19:00:00,2071.224375878695,50.12
06/06 20:00:00,2105.961770057023,9.64
06/06 21:00:00,1977.6551907750563,0.0
06/06 22:00:00,1885.0351758982217,0.0
06/06 23:00:00,1709.1361041307898,0.0
06/07 00:00:00,1705.0538986191889,0.0
06/07 01:00:00,1710.342576248939,0.0
06/07 02:00:00,1705.1284079381992,0.0
06/07 03:00:00,1712.8840494630742,0.0
06/07 04:00:00,1738.864437920778,2.0
06/07 05:00:00,1952.9396320178153,64.03
06/07 06:00:00,2133.6153219391213,184.45
06/07 07:00:00,3748.2588390608007,289.86
06/07 08:00:00,3445.8329170768943,427.98
06/07 09:00:00,3349.561755356313,450.74
06/07 10:00:00,3333.4812210448154,597.99
06/07 11:00:00,3137.2464688978466,633.42
06/07 12:00:00,3332.8244051539355,261.44
06/07 13:00:00,3283.00909955584,178.34
06/07 14:00:00,3302.736683033444,318.51
06/07 15:00:00,3318.4231413638868,261.81
06/07 16:00:00,2284.2291835862156,292.54
06/07 17:00:00,1887.8994138748149,223.75
06/07 18:00:00,1968.8030956933594,191.13
06/07 19:00:00,1951.385699110292,117.02
06/07 20:00:00,1979.83741385827,10.53
06/07 21:00:00,1852.9278138604104,0.0
06/07 22:00:00,1779.7467191906967,0.0
06/07 23:00:00,1682.0096095966705,0.0
06/08 00:00:00,1693.2366904312883,0.0
06/08 01:00:00,1684.8103493400656,0.0
06/08 02:00:00,1682.4445660131453,0.0
06/08 03:00:00,1693.1271844370817,0.0
06/08 04:00:00,1723.9126279916186,2.0
06/08 05:00:00,1930.7698061415454,42.44
06/08 06:00:00,2104.5364558801807,64.9
06/08 07:00:00,3660.674755181823,102.38
06/08 08:00:00,3463.608311155367,80.13
06/08 09:00:00,3282.383862387792,257.94
06/08 10:00:00,3240.2263919950456,289.71
06/08 11:00:00,3086.9091817198387,397.8
06/08 12:00:00,3263.640292880829,584.81
06/08 13:00:00,3265.135659536523,612.68
06/08 14:00:00,3264.8923430886352,614.98
06/08 15:00:00,3292.833233022064,563.87
06/08 16:00:00,2266.8216214293766,507.67
06/08 17:00:00,1899.1807682066444,408.28
06/08 18:00:00,1969.780794819301,224.07
06/08 19:00:00,1944.8587751715097,69.76
06/08 20:00:00,1982.2065482045216,3.04
06/08 21:00:00,1862.3743927573896,0.0
06/08 22:00:00,1836.9709221077119,0.0
06/08 23:00:00,1661.9661504306368,0.0
06/09 00:00:00,1667.396139520813,0.0
06/09 01:00:00,1662.4776005800065,0.0
06/09 02:00:00,1675.7588397585682,0.0
06/09 03:00:00,1685.7049627125532,0.0
06/09 04:00:00,1724.6820677869355,3.0
06/09 05:00:00,1908.2134866455965,85.04
06/09 06:00:00,2104.332972355215,59.63
06/09 07:00:00,3689.363903087471,177.49
06/09 08:00:00,3447.201212209491,218.41
06/09 09:00:00,3337.9564745229422,273.1
06/09 10:00:00,3322.2759023487633,442.94
06/09 11:00:00,3111.1048019381114,591.92
06/09 12:00:00,3325.2222691342326,482.69
06/09 13:00:00,3290.3276456802573,598.03
06/09 14:00:00,3306.687721710923,494.5
06/09 15:00:00,3321.728720464727,543.64
06/09 16:00:00,2147.070132143802,368.85
06/09 17:00:00,1690.5963355735569,199.29
06/09 18:00:00,1741.1985823308685,61.33
06/09 19:00:00,1714.0429260197914,53.36
06/09 20:00:00,1684.722780829639,20.53
06/09 21:00:00,1611.775351284882,0.0
06/09 22:00:00,1548.6797453409092,0.0
06/09 23:00:00,1281.5317983864104,0.0
06/10 00:00:00,1264.9486204153895,0.0
06/10 01:00:00,1263.3675873947739,0.0
06/10 02:00:00,1277.2660815307083,0.0
06/10 03:00:00,1276.489345277342,0.0
06/10 04:00:00,1285.6198148219298,3.0
06/10 05:00:00,1597.2553079853494,62.87
06/10 06:00:00,1623.9468731064812,194.8
06/10 07:00:00,1958.8672362455247,371.93
06/10 08:00:00,1945.0168411314128,477.95
06/10 09:00:00,1874.1862964216596,575.48
06/10 10:00:00,1877.4724006805986,680.88
06/10 11:00:00,1509.2603321616832,782.47
06/10 12:00:00,1494.9678984599232,683.84
06/10 13:00:00,1489.5177502273712,493.58
06/10 14:00:00,1506.0501499659974,609.79
06/10 15:00:00,1517.9074372665975,457.77
06/10 16:00:00,1339.5836950760215,488.47
06/10 17:00:00,1322.287896958729,352.46
06/10 18:00:00,1237.1913847781034,178.39
06/10 19:00:00,1271.3511809535087,53.38
06/10 20:00:00,1268.2008255830367,11.69
06/10 21:00:00,1282.7304089791046,0.0
06/10 22:00:00,1245.2337597085916,0.0
06/10 23:00:00,1253.1961582288534,0.0
06/11 00:00:00,1240.1063778633159,0.0
06/11 01:00:00,1258.7624197677555,0.0
06/11 02:00:00,1237.800696355686,0.0
06/11 03:00:00,1248.5160748406306,0.0
06/11 04:00:00,1267.368962238314,4.0
06/11 05:00:00,1358.2935072201367,86.48
06/11 06:00:00,1399.1161088737217,198.29
06/11 07:00:00,1355.4608873514212,309.05
06/11 08:00:00,1408.4808972424662,423.43
06/11 09:00:00,1399.2209540975234,535.29
06/11 10:00:00,1420.971267832898,661.97
06/11 11:00:00,1420.52235241098,807.5
06/11 12:00:00,1427.0512475744367,876.79
06/11 13:00:00,1447.3937168926243,832.42
06/11 14:00:00,1439.5204394715522,716.62
06/11 15:00:00,1456.6189394420264,626.13
06/11 16:00:00,1425.2491848622362,446.36
06/11 17:00:00,1316.6015570314175,235.43
06/11 18:00:00,1302.9162951285025,224.11
06/11 19:00:00,1314.318901442482,145.41
06/11 20:00:00,1304.2002959079362,20.47
06/11 21:00:00,1296.9926988128454,0.0
06/11 22:00:00,1245.9253830779487,0.0
06/11 23:00:00,1396.5456648736122,0.0
06/12 00:00:00,1386.4829441570193,0.0
06/12 01:00:00,1397.6628964371698,0.0
06/12 02:00:00,1386.3369387109192,0.0
06/12 03:00:00,1393.2982979307546,0.0
06/12 04:00:00,1429.0444820948626,3.0
06/12 05:00:00,1590.7719606804353,64.2
06/12 06:00:00,1829.4214020864665,129.11
06/12 07:00:00,3255.5434922760005,210.1
06/12 08:00:00,3248.3992622646556,288.77
06/12 09:00:00,3275.1643502415154,268.75
06/12 10:00:00,3293.412757365809,641.04
06/12 11:00:00,3106.4560815710074,270.69
06/12 12:00:00,3242.3923828231373,264.48
06/12 13:00:00,3256.7506247249066,121.74
06/12 14:00:00,3231.3034737469397,238.86
06/12 15:00:00,3307.7032958570635,230.04
06/12 16:00:00,2233.6896366674614,407.14
06/12 17:00:00,1807.2518985756092,347.58
06/12 18:00:00,1789.3402659363899,224.07
06/12 19:00:00,1728.9867029330821,172.32
06/12 20:00:00,1705.5746011923684,18.11
06/12 21:00:00,1618.0373727569618,0.0
06/12 22:00:00,1551.9520635688175,0.0
06/12 23:00:00,1404.5020228496285,0.0
06/13 00:00:00,1412.283371071548,0.0
06/13 01:00:00,1398.481561751888,0.0
06/13 02:00:00,1410.992012107564,0.0
06/13 03:00:00,1374.7397592454024,0.0
06/13 04:00:00,1405.9205392157346,3.0
06/13 05:00:00,1572.167234494111,54.36
06/13 06:00:00,1744.3084480325201,239.24
06/13 07:00:00,3140.0968718205017,373.26
06/13 08:00:00,3110.02109167708,438.51
06/13 09:00:00,2994.0273850784056,505.97
06/13 10:00:00,3022.239030071403,658.34
06/13 11:00:00,2887.9601360805223,600.62
06/13 12:00:00,3054.7902830995413,681.14
06/13 13:00:00,3009.223730445845,587.26
06/13 14:00:00,3053.5877603542226,347.89
06/13 15:00:00,3103.442028781573,279.64
06/13 16:00:00,2127.0169560463273,334.38
06/13 17:00:00,1726.0232890378363,202.48
06/13 18:00:00,1760.6310191957737,107.74
06/13 19:00:00,1718.9306978237594,24.37
06/13 20:00:00,1700.613919132631,10.31
06/13 21:00:00,1608.9062071641904,0.0
06/13 22:00:00,1509.6385902584168,0.0
06/13 23:00:00,1362.9018637091922,0.0
06/14 00:00:00,1380.388527264273,0.0
06/14 01:00:00,1394.0226559471942,0.0
06/14 02:00:00,1401.0242333206932,0.0
06/14 03:00:00,1404.4443363457328,0.0
06/14 04:00:00,1412.915668865056,3.0
06/14 05:00:00,1593.2014641579005,41.25
06/14 06:00:00,1761.643188795987,58.37
06/14 07:00:00,3164.9290891067044,113.24
06/14 08:00:00,3124.3298686751714,194.34
06/14 09:00:00,3037.453367521786,155.15
06/14 10:00:00,3071.416016579403,119.37
06/14 11:00:00,2905.9825811018327,150.42
06/14 12:00:00,3053.9976444003782,172.42
06/14 13:00:00,3030.541576717053,272.09
06/14 14:00:00,3043.4454961218958,329.16
06/14 15:00:00,3074.3267445011884,203.12
06/14 16:00:00,2108.263853657723,118.49
06/14 17:00:00,1699.8449141513431,52.49
06/14 18:00:00,1765.704422205154,65.69
06/14 19:00:00,1728.026984696257,13.19
06/14 20:00:00,1738.9900352324769,3.05
06/14 21:00:00,1612.9126586941059,0.0
06/14 22:00:00,1549.7085689228747,0.0
06/14 23:00:00,1403.2922233463148,0.0
06/15 00:00:00,1382.1918880226258,0.0
06/15 01:00:00,1390.5489431626982,0.0
06/15 02:00:00,1377.4764610174914,0.0
06/15 03:00:00,1396.2185920359093,0.0
06/15 04:00:00,1401.3164851992701,1.0
06/15 05:00:00,1609.4790772227243,14.25
06/15 06:00:00,1784.6030724833258,14.0
06/15 07:00:00,3260.6643916982675,41.42
06/15 08:00:00,3171.069912622604,126.4
06/15 09:00:00,3103.9306868343338,579.86
06/15 10:00:00,3112.4605873424607,550.5
06/15 11:00:00,2952.228766493305,422.94
06/15 12:00:00,3090.5904891771966,577.98
06/15 13:00:00,3065.140672679175,433.88
06/15 14:00:00,3108.4814844769326,539.79
06/15 15:00:00,3117.5444821880405,448.98
06/15 16:00:00,2146.2048122448023,245.98
06/15 17:00:00,1733.7757107494767,196.6
06/15 18:00:00,1758.740030940162,303.83
06/15 19:00:00,1704.741838595497,161.69
06/15 20:00:00,1740.26105409987,25.56
06/15 21:00:00,1626.3069417725433,0.0
06/15 22:00:00,1584.406926530882,0.0
06/15 23:00:00,1411.5234729677697,0.0
06/16 00:00:00,1408.2028361983616,0.0
06/16 01:00:00,1384.4603639446168,0.0
06/16 02:00:00,1411.808395518147,0.0
06/16 03:00:00,1402.7871159092722,0.0
06/16 04:00:00,1426.325333552422,3.0
06/16 05:00:00,1593.9959343085216,28.88
06/16 06:00:00,1760.463487909459,42.82
06/16 07:00:00,3200.065028937987,273.57
06/16 08:00:00,3139.7795862270004,375.15
06/16 09:00:00,3019.223959347331,283.91
06/16 10:00:00,3059.5191718193946,243.86
06/16 11:00:00,2890.8421021764684,364.11
06/16 12:00:00,3055.417775535557,398.24
06/16 13:00:00,3048.2290731865414,458.77
06/16 14:00:00,3076.5410078055143,207.59
06/16 15:00:00,3111.855015686283,191.65
06/16 16:00:00,2158.276005382207,128.13
06/16 17:00:00,1743.1816941277357,92.96
06/16 18:00:00,1743.2833283679643,260.23
06/16 19:00:00,1651.055079983131,123.93
06/16 20:00:00,1694.2657864745647,16.05
06/16 21:00:00,1573.0608773214515,0.0
06/16 22:00:00,1567.030036209044,0.0
06/16 23:00:00,1259.1225716460044,0.0
06/17 00:00:00,1289.245312040544,0.0
06/17 01:00:00,1277.0030679643778,0.0
06/17 02:00:00,1283.107406922103,0.0
06/17 03:00:00,1278.9260817583854,0.0
06/17 04:00:00,1288.8941878451278,3.0
06/17 05:00:00,1640.0935358620802,54.38
06/17 06:00:00,1609.0693417992295,69.19
06/17 07:00:00,1951.4546889650135,115.24
06/17 08:00:00,1954.3372695931396,225.7
06/17 09:00:00,1905.7254364916248,388.55
06/17 10:00:00,1915.0160754134238,342.79
06/17 11:00:00,1510.6915384486983,643.49
06/17 12:00:00,1528.6134567100294,709.29
06/17 13:00:00,1534.5207053196837,756.29
06/17 14:00:00,1551.6013283189586,707.79
06/17 15:00:00,1557.8692778904071,616.52
06/17 16:00:00,1385.0458231474752,513.58
06/17 17:00:00,1395.9065770157017,416.22
06/17 18:00:00,1285.8354238776453,311.27
06/17 19:00:00,1295.8168181329447,180.05
06/17 20:00:00,1316.136693121127,26.59
06/17 21:00:00,1309.3485623856348,0.0
06/17 22:00:00,1303.3806294148503,0.0
06/17 23:00:00,1298.1726129048704,0.0
06/18 00:00:00,1292.5836063960728,0.0
06/18 01:00:00,1287.6874397947436,0.0
06/18 02:00:00,1273.9509988138589,0.0
06/18 03:00:00,1280.3865920608812,0.0
06/18 04:00:00,1276.3296589868692,5.0
06/18 05:00:00,1393.0136010634717,102.25
06/18 06:00:00,1379.2060849060895,238.9
06/18 07:00:00,1395.6908747072493,332.35
06/18 08:00:00,1385.4522937438267,407.96
06/18 09:00:00,1396.94332665371,467.91
06/18 10:00:00,1415.0325197159334,632.24
06/18 11:00:00,1436.487817560492,753.49
06/18 12:00:00,1429.8357782673497,743.09
06/18 13:00:00,1435.8365502677307,757.96
06/18 14:00:00,1461.5275224487254,698.88
06/18 15:00:00,1456.9829805951013,611.44
06/18 16:00:00,1458.8162108434449,457.27
06/18 17:00:00,1336.348017794405,415.2
06/18 18:00:00,1320.8093088110572,311.09
06/18 19:00:00,1309.121034939315,179.59
06/18 20:00:00,1320.7663547561644,27.08
06/18 21:00:00,1297.2725542142987,0.0
06/18 22:00:00,1271.229318243463,0.0
06/18 23:00:00,1438.1762708868625,0.0
06/19 00:00:00,1399.8114930505017,0.0
06/19 01:00:00,1437.1917337748625,0.0
06/19 02:00:00,1403.5577965681168,1.0
06/19 03:00:00,1424.5645312938811,0.0
06/19 04:00:00,1411.6848730192667,3.0
06/19 05:00:00,1600.327399410696,61.36
06/19 06:00:00,1804.777877269141,139.29
06/19 07:00:00,3294.516550111527,348.99
06/19 08:00:00,3210.9352996643443,462.7
06/19 09:00:00,3257.883440429495,558.49
06/19 10:00:00,3190.0900768142965,638.24
06/19 11:00:00,3067.5578428949602,617.52
06/19 12:00:00,3183.2721741741407,636.59
06/19 13:00:00,3200.9479464330266,639.92
06/19 14:00:00,3178.335522722848,541.2
06/19 15:00:00,3242.28421610338,520.57
06/19 16:00:00,2220.4793063531934,463.25
06/19 17:00:00,1804.5281188378938,399.11
06/19 18:00:00,1787.5451816179423,293.53
06/19 19:00:00,1696.1575741056436,164.28
06/19 20:00:00,1734.6639693446475,23.66
06/19 21:00:00,1612.5904202368386,0.0
06/19 22:00:00,1538.8797651732705,0.0
06/19 23:00:00,1398.4491545427557,0.0
06/20 00:00:00,1390.3104317302157,0.0
06/20 01:00:00,1399.8591677469533,0.0
06/20 02:00:00,1373.735472284178,0.0
06/20 03:00:00,1399.2582641286433,0.0
06/20 04:00:00,1393.9061655638552,4.0
06/20 05:00:00,1573.8320522926642,85.72
06/20 06:00:00,1725.8397878316223,228.73
06/20 07:00:00,3086.590747660846,351.03
06/20 08:00:00,3073.95426921948,452.98
06/20 09:00:00,3028.9564392628404,546.93
06/20 10:00:00,3066.922381747967,612.53
06/20 11:00:00,2868.0800748445195,710.22
06/20 12:00:00,3016.4200421688147,808.01
06/20 13:00:00,2981.8700671767965,780.21
06/20 14:00:00,3016.7025544544053,700.74
06/20 15:00:00,3061.9122896552904,603.6
06/20 16:00:00,2096.4394752737885,508.8
06/20 17:00:00,1722.0724234765762,414.47
06/20 18:00:00,1772.248932148058,310.24
06/20 19:00:00,1681.7904455813955,179.74
06/20 20:00:00,1713.7248247905313,29.26
06/20 21:00:00,1606.1395957977743,0.0
06/20 22:00:00,1562.2380973671195,0.0
06/20 23:00:00,1389.246927605051,0.0
06/21 00:00:00,1408.9814872802922,0.0
06/21 01:00:00,1379.4550621056974,0.0
06/21 02:00:00,1391.7739250549416,0.0
06/21 03:00:00,1387.6572385007676,0.0
06/21 04:00:00,1405.1822061950384,4.0
06/21 05:00:00,1594.7235883208373,97.69
06/21 06:00:00,1741.8724394361213,241.03
06/21 07:00:00,3145.106747979359,315.39
06/21 08:00:00,3095.220626892591,368.48
06/21 09:00:00,2991.0603681531315,556.43
06/21 10:00:00,3048.7038681431127,651.31
06/21 11:00:00,2900.6738348748245,746.51
06/21 12:00:00,3051.709980280355,756.74
06/21 13:00:00,3056.0501219080897,758.42
06/21 14:00:00,3066.599203534832,699.4
06/21 15:00:00,3102.4285507978243,577.07
06/21 16:00:00,2123.960820638077,477.47
06/21 17:00:00,1708.0407382997923,350.41
06/21 18:00:00,1746.003656639608,311.92
06/21 19:00:00,1695.2203124120535,179.97
06/21 20:00:00,1743.901951741994,24.39
06/21 21:00:00,1665.880883554611,0.0
06/21 22:00:00,1614.6322044070678,0.0
06/21 23:00:00,1440.0440275558808,0.0
06/22 00:00:00,1417.6157991295368,0.0
06/22 01:00:00,1426.1850497706523,0.0
06/22 02:00:00,1411.68096163703,0.0
06/22 03:00:00,1409.7420755861021,0.0
06/22 04:00:00,1401.6535735033256,4.0
06/22 05:00:00,1589.8366822722382,99.53
06/22 06:00:00,1793.5693325980462,247.48
06/22 07:00:00,3229.168960355562,359.4
06/22 08:00:00,3163.73572289364,466.68
06/22 09:00:00,2993.959700892367,560.9
06/22 10:00:00,2982.4976425145255,655.63
06/22 11:00:00,2844.481963937184,756.09
06/22 12:00:00,3039.591064651343,825.5
06/22 13:00:00,2964.0243326860045,796.73
06/22 14:00:00,3044.8565307471295,707.39
06/22 15:00:00,3125.5580477360627,618.18
06/22 16:00:00,2187.5913095457145,514.39
06/22 17:00:00,1779.635838159138,383.78
06/22 18:00:00,1791.538903475107,275.19
06/22 19:00:00,1696.2572933860708,184.36
06/22 20:00:00,1737.006625152354,36.97
06/22 21:00:00,1629.9311114939687,0.0
06/22 22:00:00,1546.289746063972,0.0
06/22 23:00:00,1385.5520374894545,0.0
06/23 00:00:00,1406.8760084161547,0.0
06/23 01:00:00,1398.3887940705492,0.0
06/23 02:00:00,1408.5882179235487,0.0
06/23 03:00:00,1397.27909417059,0.0
06/23 04:00:00,1444.9125924332307,4.0
06/23 05:00:00,1594.0497025504242,96.21
06/23 06:00:00,1791.5627762440356,248.15
06/23 07:00:00,3190.123286786134,362.92
06/23 08:00:00,3104.704261621981,470.18
06/23 09:00:00,2983.0416586832544,566.4
06/23 10:00:00,3082.361714216633,668.69
06/23 11:00:00,2916.0180194921154,771.74
06/23 12:00:00,3088.421655573045,851.88
06/23 13:00:00,3050.4511068966735,824.38
06/23 14:00:00,3083.29779957452,723.06
06/23 15:00:00,3090.909946471614,626.16
06/23 16:00:00,2122.1430047383915,523.79
06/23 17:00:00,1741.04820036647,425.94
06/23 18:00:00,1780.412051120304,320.78
06/23 19:00:00,1716.8952587308115,184.71
06/23 20:00:00,1777.4637359747533,39.07
06/23 21:00:00,1670.3286652219888,0.0
06/23 22:00:00,1573.5207411285153,0.0
06/23 23:00:00,1310.6660245409428,0.0
06/24 00:00:00,1296.854706133631,0.0
06/24 01:00:00,1318.6275573386429,0.0
06/24 02:00:00,1293.5308553927212,0.0
06/24 03:00:00,1314.251661792117,0.0
06/24 04:00:00,1302.9960464194974,4.0
06/24 05:00:00,1647.5104729958423,98.75
06/24 06:00:00,1645.4439668341101,247.5
06/24 07:00:00,2011.791831876281,360.58
06/24 08:00:00,1967.4039466650233,468.72
06/24 09:00:00,1916.3052353547828,566.44
06/24 10:00:00,1947.3412047136912,665.73
06/24 11:00:00,1541.9335802218573,771.41
06/24 12:00:00,1535.1542835705384,852.63
06/24 13:00:00,1557.0763212592067,817.98
06/24 14:00:00,1545.4073837731933,717.54
06/24 15:00:00,1540.527391966742,621.09
06/24 16:00:00,1364.82344969983,517.08
06/24 17:00:00,1361.3123863400047,392.89
06/24 18:00:00,1276.016985949608,276.93
06/24 19:00:00,1277.4314025943872,183.83
06/24 20:00:00,1291.471309477433,36.15
06/24 21:00:00,1304.176412618703,0.0
06/24 22:00:00,1308.4770616964188,0.0
06/24 23:00:00,1301.2635245158176,0.0
06/25 00:00:00,1310.643513066833,0.0
06/25 01:00:00,1271.7499386502532,0.0
06/25 02:00:00,1279.2359726122077,0.0
06/25 03:00:00,1285.5167475033923,0.0
06/25 04:00:00,1320.3703240729833,4.0
06/25 05:00:00,1421.1050370264618,100.39
06/25 06:00:00,1445.3221212999003,253.82
06/25 07:00:00,1432.8004692397324,359.73
06/25 08:00:00,1448.9622237797796,469.75
06/25 09:00:00,1457.3640293931796,490.0
06/25 10:00:00,1485.9427207999693,590.31
06/25 11:00:00,1472.5155914310164,652.12
06/25 12:00:00,1478.617970922097,642.93
06/25 13:00:00,1465.2661783375222,664.15
06/25 14:00:00,1491.3280674065056,745.29
06/25 15:00:00,1465.79675834046,635.91
06/25 16:00:00,1453.7721163317435,476.78
06/25 17:00:00,1291.1427409205683,395.45
06/25 18:00:00,1309.6290851096921,282.76
06/25 19:00:00,1299.775716948134,151.78
06/25 20:00:00,1331.713730328034,34.22
06/25 21:00:00,1306.867953205691,0.0
06/25 22:00:00,1285.043279631642,0.0
06/25 23:00:00,1435.2831891710925,0.0
06/26 00:00:00,1457.9635875714234,0.0
06/26 01:00:00,1427.3443362498876,0.0
06/26 02:00:00,1450.2946095126138,0.0
06/26 03:00:00,1437.0649065200494,0.0
06/26 04:00:00,1479.943863255538,3.0
06/26 05:00:00,1650.9225867276807,63.96
06/26 06:00:00,1857.8362361152656,192.46
06/26 07:00:00,3421.694563492305,328.0
06/26 08:00:00,3356.904257816964,333.83
06/26 09:00:00,3367.278835046507,352.72
06/26 10:00:00,3328.252824982979,663.81
06/26 11:00:00,3160.638956739884,533.73
06/26 12:00:00,3403.1290475985743,324.11
06/26 13:00:00,3371.330962088872,167.5
06/26 14:00:00,3416.6392521738003,114.65
06/26 15:00:00,3435.1138879128425,87.49
06/26 16:00:00,2363.5981071259134,62.63
06/26 17:00:00,1889.922608136196,55.99
06/26 18:00:00,1884.2521025869792,43.69
06/26 19:00:00,1798.6030562842266,35.78
06/26 20:00:00,1792.0237598607578,41.22
06/26 21:00:00,1651.7545982498955,0.0
06/26 22:00:00,1607.1326720555048,0.0
06/26 23:00:00,1422.8308377887909,0.0
06/27 00:00:00,1434.1034902474066,0.0
06/27 01:00:00,1435.9188960235206,0.0
06/27 02:00:00,1425.1170709915104,0.0
06/27 03:00:00,1438.0789611142523,0.0
06/27 04:00:00,1438.3635025738438,2.0
06/27 05:00:00,1645.8750793877564,32.19
06/27 06:00:00,1821.1636819069795,68.41
06/27 07:00:00,3292.6719672453773,152.04
06/27 08:00:00,3182.195672090312,435.86
06/27 09:00:00,3039.2780583522026,373.4
06/27 10:00:00,3004.1799969604954,358.93
06/27 11:00:00,2945.9494099525173,458.01
06/27 12:00:00,3350.394135626323,764.01
06/27 13:00:00,3286.4948514531275,558.2
06/27 14:00:00,3281.248188089522,637.71
06/27 15:00:00,3334.436624597397,455.11
06/27 16:00:00,2300.6292231390407,190.82
06/27 17:00:00,1946.2430155191648,94.98
06/27 18:00:00,2032.067850619576,43.69
06/27 19:00:00,2032.5901066782474,46.37
06/27 20:00:00,2084.5453165102363,4.05
06/27 21:00:00,1960.0818013606342,0.0
06/27 22:00:00,1874.3267450024064,0.0
06/27 23:00:00,1691.0163575073434,0.0
06/28 00:00:00,1685.2167188410133,0.0
06/28 01:00:00,1678.9570277896782,0.0
06/28 02:00:00,1694.8425254098995,0.0
06/28 03:00:00,1709.3203078909553,0.0
06/28 04:00:00,1715.118915020462,1.0
06/28 05:00:00,1943.4583254507813,24.59
06/28 06:00:00,2153.988190719504,65.13
06/28 07:00:00,3760.083876885411,273.61
06/28 08:00:00,3506.013168272944,208.57
06/28 09:00:00,3414.387221003584,361.09
06/28 10:00:00,3372.8338625119313,452.87
06/28 11:00:00,3187.1245924629466,666.76
06/28 12:00:00,3402.365848866808,625.22
06/28 13:00:00,3372.039751131253,838.72
06/28 14:00:00,3360.8077973389363,740.69
06/28 15:00:00,3388.3449656998655,636.39
06/28 16:00:00,2392.1989182304856,531.07
06/28 17:00:00,1986.1247075557003,430.3
06/28 18:00:00,2081.478165138783,322.54
06/28 19:00:00,2011.1498455259384,187.1
06/28 20:00:00,2027.564155094333,39.18
06/28 21:00:00,1901.4714887936884,0.0
06/28 22:00:00,1840.9156955656986,0.0
06/28 23:00:00,1666.3352941310886,0.0
06/29 00:00:00,1708.0099348266951,0.0
06/29 01:00:00,1693.4357007178694,0.0
06/29 02:00:00,1702.8428393533409,0.0
06/29 03:00:00,1701.6568663014684,0.0
06/29 04:00:00,1730.0116207181802,3.0
06/29 05:00:00,1945.3345026416366,81.94
06/29 06:00:00,2120.198247801789,230.69
06/29 07:00:00,3710.3075750170956,311.39
06/29 08:00:00,3538.819119982342,293.23
06/29 09:00:00,3408.7309205364654,184.85
06/29 10:00:00,3355.2579977385317,261.14
06/29 11:00:00,3212.4282281478963,186.12
06/29 12:00:00,3374.7850360068164,114.77
06/29 13:00:00,3394.566286759047,177.37
06/29 14:00:00,3386.017684330106,194.78
06/29 15:00:00,3424.8265629415505,132.97
06/29 16:00:00,2373.167786450556,190.81
06/29 17:00:00,2013.9454023433868,59.99
06/29 18:00:00,2163.5198653349134,41.69
06/29 19:00:00,2094.915862491709,20.2
06/29 20:00:00,2044.732860777598,3.05
06/29 21:00:00,1913.8495156787214,0.0
06/29 22:00:00,1846.6596229725044,0.0
06/29 23:00:00,1685.0442321258097,0.0
06/30 00:00:00,1699.331822623602,0.0
06/30 01:00:00,1701.07119630394,0.0
06/30 02:00:00,1695.1229688349752,0.0
06/30 03:00:00,1700.5370163755692,0.0
06/30 04:00:00,1733.302921655692,2.0
06/30 05:00:00,1947.2993416420072,72.29
06/30 06:00:00,2160.465079517751,185.03
06/30 07:00:00,3852.385062521396,178.43
06/30 08:00:00,3603.260004878551,445.46
06/30 09:00:00,3369.4071748867295,435.02
06/30 10:00:00,3367.0439572006217,439.48
06/30 11:00:00,3173.516276909359,393.04
06/30 12:00:00,3386.151989736392,487.34
06/30 13:00:00,3325.1865893532736,798.18
06/30 14:00:00,3302.8659577493163,734.64
06/30 15:00:00,3329.1049987277815,630.06
06/30 16:00:00,2318.4650135724046,515.61
06/30 17:00:00,1958.5790649518258,427.19
06/30 18:00:00,2020.237713781969,312.99
06/30 19:00:00,1974.787727832178,172.89
06/30 20:00:00,2016.8111093911195,24.08
06/30 21:00:00,1917.4270348662499,0.0
06/30 22:00:00,1834.1312091780203,0.0
06/30 23:00:00,1947.2226473189576,0.0
07/01 00:00:00,1949.8384613729668,0.0
07/01 01:00:00,1942.5359445925942,0.0
07/01 02:00:00,1919.99408031826,0.0
07/01 03:00:00,1927.5359296835904,0.0
07/01 04:00:00,1934.5904789328017,4.0
07/01 05:00:00,2328.1756377349475,80.4
07/01 06:00:00,2315.268796347977,258.64
07/01 07:00:00,2711.1292971313314,384.97
07/01 08:00:00,2648.976078424717,489.02
07/01 09:00:00,2483.962234612821,585.24
07/01 10:00:00,2500.1373992164076,686.1
07/01 11:00:00,2046.0761549100682,703.68
07/01 12:00:00,2059.500938571536,719.02
07/01 13:00:00,2041.6871862596129,736.87
07/01 14:00:00,2023.0945480089633,740.17
07/01 15:00:00,2047.4183239641438,639.73
07/01 16:00:00,1885.462801591165,543.86
07/01 17:00:00,1932.9290796676016,440.73
07/01 18:00:00,1875.470969498825,326.81
07/01 19:00:00,1898.4567985708522,189.53
07/01 20:00:00,1920.7300655034423,33.88
07/01 21:00:00,1914.4672501347875,0.0
07/01 22:00:00,1911.4621252733434,0.0
07/01 23:00:00,1935.7883866650172,0.0
07/02 00:00:00,1929.1260437660153,0.0
07/02 01:00:00,1917.6424048879007,0.0
07/02 02:00:00,1930.6215515873669,0.0
07/02 03:00:00,1933.5755521179044,0.0
07/02 04:00:00,1938.7679011624493,5.0
07/02 05:00:00,2081.9727652757338,92.26
07/02 06:00:00,2088.415611180853,254.43
07/02 07:00:00,2098.2662986241503,381.74
07/02 08:00:00,2093.6334536812574,484.77
07/02 09:00:00,2110.71910378347,584.67
07/02 10:00:00,2112.561281177451,684.23
07/02 11:00:00,2119.5880685442207,780.25
07/02 12:00:00,2113.669989758869,742.58
07/02 13:00:00,2100.512315713547,828.05
07/02 14:00:00,2118.5648062623977,735.49
07/02 15:00:00,2107.2030992719756,636.83
07/02 16:00:00,2126.096913993532,544.31
07/02 17:00:00,1948.3986300820131,441.98
07/02 18:00:00,1947.2135195637861,328.58
07/02 19:00:00,1944.30991541391,192.33
07/02 20:00:00,1952.6353101336654,33.74
07/02 21:00:00,1939.863488489417,0.0
07/02 22:00:00,1900.0046436802395,0.0
07/02 23:00:00,2098.7251291702482,0.0
07/03 00:00:00,2099.9291665239443,0.0
07/03 01:00:00,2084.7417777622804,0.0
07/03 02:00:00,2080.6629545400933,0.0
07/03 03:00:00,2080.2630046407658,0.0
07/03 04:00:00,2106.7853833162576,5.0
07/03 05:00:00,2323.3411509809794,91.61
07/03 06:00:00,2579.0372516976313,254.45
07/03 07:00:00,4322.403450984083,381.47
07/03 08:00:00,4291.27534534744,485.94
07/03 09:00:00,4262.013763857465,588.61
07/03 10:00:00,4254.752941192928,687.72
07/03 11:00:00,4038.182998390004,796.18
07/03 12:00:00,4258.0201845772535,863.04
07/03 13:00:00,4232.52064001811,843.18
07/03 14:00:00,4266.822952213213,740.92
07/03 15:00:00,4316.398936585643,640.27
07/03 16:00:00,3106.82060876865,544.71
07/03 17:00:00,2569.8966670775585,440.23
07/03 18:00:00,2556.4704780070656,327.29
07/03 19:00:00,2451.0340884053826,189.89
07/03 20:00:00,2467.150576034801,32.58
07/03 21:00:00,2372.6307934783995,0.0
07/03 22:00:00,2277.8189352814575,0.0
07/03 23:00:00,1943.223879623574,0.0
07/04 00:00:00,1949.7595206523958,0.0
07/04 01:00:00,1958.230574812071,0.0
07/04 02:00:00,1942.413249046023,0.0
07/04 03:00:00,1941.2987510220557,0.0
07/04 04:00:00,1958.5030235359839,4.0
07/04 05:00:00,2079.7567868707138,88.83
07/04 06:00:00,2048.157264949492,251.18
07/04 07:00:00,2006.5180701599893,378.15
07/04 08:00:00,1921.1314945148497,480.44
07/04 09:00:00,1823.4892244586072,580.36
07/04 10:00:00,1792.4142409580302,646.57
07/04 11:00:00,1829.866766702034,769.46
07/04 12:00:00,1835.9512788406942,834.54
07/04 13:00:00,1830.1459605793355,789.6
07/04 14:00:00,1817.3674122476998,725.09
07/04 15:00:00,1845.2620909195418,592.81
07/04 16:00:00,1851.950556442282,504.96
07/04 17:00:00,1776.634938718785,409.8
07/04 18:00:00,1861.6142428107726,324.6
07/04 19:00:00,1902.02043930225,186.41
07/04 20:00:00,1950.7665031662973,31.35
07/04 21:00:00,1919.0922276545668,0.0
07/04 22:00:00,1947.8230717433537,0.0
07/04 23:00:00,2118.714390574612,0.0
07/05 00:00:00,2140.40546568555,0.0
07/05 01:00:00,2151.1320455215746,0.0
07/05 02:00:00,2151.3323684267934,0.0
07/05 03:00:00,2123.312988483824,0.0
07/05 04:00:00,2137.2988935539024,3.0
07/05 05:00:00,2334.00070791079,80.04
07/05 06:00:00,2557.0073360096812,248.88
07/05 07:00:00,4359.707889243579,375.8
07/05 08:00:00,4114.620645838025,453.52
07/05 09:00:00,3736.587077370866,475.03
07/05 10:00:00,3716.0765341552647,306.18
07/05 11:00:00,3491.4535049915808,242.18
07/05 12:00:00,3695.548499246047,394.97
07/05 13:00:00,3689.4789111682326,473.84
07/05 14:00:00,3657.0360319698048,697.68
07/05 15:00:00,3701.06821467756,610.15
07/05 16:00:00,2703.6399632590296,364.19
07/05 17:00:00,2333.6012432546295,185.28
07/05 18:00:00,2467.460701146753,67.72
07/05 19:00:00,2398.9694622262055,42.15
07/05 20:00:00,2454.348395199448,6.1
07/05 21:00:00,2403.819831742618,0.0
07/05 22:00:00,2344.5507161732794,0.0
07/05 23:00:00,2125.325754662307,0.0
07/06 00:00:00,2174.3774018563354,0.0
07/06 01:00:00,2160.143231454163,0.0
07/06 02:00:00,2181.089015377428,0.0
07/06 03:00:00,2160.2411055724815,0.0
07/06 04:00:00,2186.6586644791537,1.0
07/06 05:00:00,2429.804984404171,18.32
07/06 06:00:00,2648.247229448198,71.81
07/06 07:00:00,4329.646697958899,96.85
07/06 08:00:00,4088.4456370772014,178.36
07/06 09:00:00,3852.264334164318,206.49
07/06 10:00:00,3817.2123513777133,192.23
07/06 11:00:00,3597.956238759332,158.39
07/06 12:00:00,3738.057338785947,156.51
07/06 13:00:00,3761.0359351794555,130.61
07/06 14:00:00,3797.099835326897,202.58
07/06 15:00:00,3828.276331620271,295.42
07/06 16:00:00,2783.8645727319313,410.25
07/06 17:00:00,2320.4558659208533,395.12
07/06 18:00:00,2424.8766828926373,286.42
07/06 19:00:00,2390.978116058162,165.32
07/06 20:00:00,2420.913493277117,26.93
07/06 21:00:00,2332.7036442711365,0.0
07/06 22:00:00,2278.384773967237,0.0
07/06 23:00:00,2186.67772749228,0.0
07/07 00:00:00,2192.5337722068666,0.0
07/07 01:00:00,2217.1051901129917,0.0
07/07 02:00:00,2191.1490589921095,0.0
07/07 03:00:00,2186.6643348690736,0.0
07/07 04:00:00,2205.1554672650536,1.0
07/07 05:00:00,2432.2815037574155,45.3
07/07 06:00:00,2610.8243139753786,165.21
07/07 07:00:00,4400.290044666885,358.43
07/07 08:00:00,4100.290492800107,471.58
07/07 09:00:00,3778.0601873082264,548.51
07/07 10:00:00,3743.3429114337946,510.9
07/07 11:00:00,3563.1726162791465,329.39
07/07 12:00:00,3780.881537951622,634.59
07/07 13:00:00,3739.571258048924,667.26
07/07 14:00:00,3761.9125128836135,713.19
07/07 15:00:00,3828.9691459329247,626.29
07/07 16:00:00,2819.379904677366,530.55
07/07 17:00:00,2421.526905241196,431.89
07/07 18:00:00,2517.2269334518414,263.62
07/07 19:00:00,2480.2292797315044,179.72
07/07 20:00:00,2507.8281889426653,26.42
07/07 21:00:00,2382.217256095873,0.0
07/07 22:00:00,2359.5206642484377,0.0
07/07 23:00:00,2034.8651594097882,0.0
07/08 00:00:00,2039.0581978556588,0.0
07/08 01:00:00,2024.6867438683423,0.0
07/08 02:00:00,2013.7035117206826,0.0
07/08 03:00:00,2003.5826592230303,0.0
07/08 04:00:00,2010.8784452256164,1.0
07/08 05:00:00,2455.5594311742043,37.57
07/08 06:00:00,2402.944975454563,48.01
07/08 07:00:00,2760.1363461114724,128.45
07/08 08:00:00,2593.7175124025166,436.1
07/08 09:00:00,2492.9578539533504,543.1
07/08 10:00:00,2519.2102572041795,565.86
07/08 11:00:00,2053.2835508666917,562.53
07/08 12:00:00,2067.761540280218,405.22
07/08 13:00:00,2083.8358446229113,239.55
07/08 14:00:00,2097.2377376337813,94.64
07/08 15:00:00,2094.3524874580494,94.48
07/08 16:00:00,1890.2432974056592,208.88
07/08 17:00:00,1740.6621290098976,97.45
07/08 18:00:00,1681.2271973162233,17.0
07/08 19:00:00,1729.2489843442233,15.19
07/08 20:00:00,1745.7643576553032,6.09
07/08 21:00:00,1712.355293582328,0.0
07/08 22:00:00,1700.8265686634152,0.0
07/08 23:00:00,1691.1289431165603,0.0
07/09 00:00:00,1694.907895679908,0.0
07/09 01:00:00,1696.713759277559,0.0
07/09 02:00:00,1691.1870866109882,0.0
07/09 03:00:00,1688.3840553759699,0.0
07/09 04:00:00,1669.341286679162,0.0
07/09 05:00:00,1778.0050404785527,16.3
07/09 06:00:00,1787.3558079860625,53.25
07/09 07:00:00,1782.1608678102225,135.63
07/09 08:00:00,1817.4922367394006,423.75
07/09 09:00:00,1821.9612391957662,376.45
07/09 10:00:00,1841.069914102093,441.82
07/09 11:00:00,1831.2906350477624,578.07
07/09 12:00:00,1822.2473704979016,645.26
07/09 13:00:00,1819.8359662420164,821.6
07/09 14:00:00,1823.5962999041274,695.89
07/09 15:00:00,1829.7288723470556,613.78
07/09 16:00:00,1840.4941680605941,540.52
07/09 17:00:00,1702.6906175213926,268.31
07/09 18:00:00,1706.7614237907158,87.06
07/09 19:00:00,1721.3471122577464,184.21
07/09 20:00:00,1704.0316307005714,26.05
07/09 21:00:00,1683.816850667786,0.0
07/09 22:00:00,1646.1471473277586,0.0
07/09 23:00:00,1809.8863745462581,0.0
07/10 00:00:00,1818.5646518853582,0.0
07/10 01:00:00,1837.0130658803741,0.0
07/10 02:00:00,1825.013614492749,0.0
07/10 03:00:00,1828.9846985330241,0.0
07/10 04:00:00,1855.946182221079,1.0
07/10 05:00:00,2039.819175706667,23.69
07/10 06:00:00,2299.7024633061005,87.45
07/10 07:00:00,3842.371535118497,252.37
07/10 08:00:00,3761.564650068758,273.3
07/10 09:00:00,3714.336917572358,169.38
07/10 10:00:00,3728.7450887608247,450.95
07/10 11:00:00,3590.573966868404,334.98
07/10 12:00:00,3707.86614470628,664.15
07/10 13:00:00,3642.929340950408,690.42
07/10 14:00:00,3692.876596733046,519.63
07/10 15:00:00,3750.1942043399117,220.58
07/10 16:00:00,2661.6286867134145,153.99
07/10 17:00:00,2201.6358933378356,379.57
07/10 18:00:00,2197.6725968383025,286.76
07/10 19:00:00,2138.5235865602494,102.2
07/10 20:00:00,2148.6748718671743,12.5
07/10 21:00:00,2036.5157267503735,0.0
07/10 22:00:00,1997.9157719169964,0.0
07/10 23:00:00,1809.9472451879797,0.0
07/11 00:00:00,1836.1408989436752,0.0
07/11 01:00:00,1848.104802348053,0.0
07/11 02:00:00,1837.5545953564022,0.0
07/11 03:00:00,1817.1567942181084,0.0
07/11 04:00:00,1844.3805259159587,0.0
07/11 05:00:00,2041.7782277885556,30.36
07/11 06:00:00,2207.6710941963247,129.39
07/11 07:00:00,3727.597012809273,188.88
07/11 08:00:00,3584.367796966522,176.23
07/11 09:00:00,3368.0187285757524,166.37
07/11 10:00:00,3361.8469175943674,185.41
07/11 11:00:00,3178.818860463132,400.35
07/11 12:00:00,3370.513365563401,300.47
07/11 13:00:00,3337.994485851697,197.06
07/11 14:00:00,3329.8495000808375,133.46
07/11 15:00:00,3372.737546635956,183.89
07/11 16:00:00,2431.7352726599706,140.73
07/11 17:00:00,2066.3606246559943,42.49
07/11 18:00:00,2198.9288742062517,35.34
07/11 19:00:00,2096.5618237684857,16.18
07/11 20:00:00,2114.8553761399307,1.0
07/11 21:00:00,1971.438190976791,0.0
07/11 22:00:00,1938.3241304769451,0.0
07/11 23:00:00,1806.0661599772593,0.0
07/12 00:00:00,1804.5498416548303,0.0
07/12 01:00:00,1843.3809888620672,0.0
07/12 02:00:00,1833.1567624261143,0.0
07/12 03:00:00,1803.5959512391028,0.0
07/12 04:00:00,1824.16555882702,0.0
07/12 05:00:00,2018.6607935641675,17.38
07/12 06:00:00,2202.5966397776965,91.34
07/12 07:00:00,3650.749436042903,89.38
07/12 08:00:00,3511.6680738343507,119.25
07/12 09:00:00,3393.950476746686,223.04
07/12 10:00:00,3381.226958852068,517.38
07/12 11:00:00,3229.490458286096,516.02
07/12 12:00:00,3430.089312629024,766.74
07/12 13:00:00,3422.7057599914574,569.88
07/12 14:00:00,3393.3056489730184,631.21
07/12 15:00:00,3446.7306843723527,622.58
07/12 16:00:00,2491.0000316332216,533.05
07/12 17:00:00,2117.5777486361726,376.2
07/12 18:00:00,2198.6600270114086,221.57
07/12 19:00:00,2148.9547346091967,60.12
07/12 20:00:00,2185.3068454277736,12.69
07/12 21:00:00,1987.3506780711496,0.0
07/12 22:00:00,1938.2525717865915,0.0
07/12 23:00:00,1825.6106394408814,0.0
07/13 00:00:00,1846.4812102936617,0.0
07/13 01:00:00,1831.1780671208933,0.0
07/13 02:00:00,1789.4771706803278,0.0
07/13 03:00:00,1805.5901318185443,0.0
07/13 04:00:00,1835.4851458346009,0.0
07/13 05:00:00,2007.5508379885441,18.37
07/13 06:00:00,2241.0319807224564,46.97
07/13 07:00:00,3739.9605067801513,96.15
07/13 08:00:00,3646.7511833595227,205.1
07/13 09:00:00,3415.0451152719215,355.07
07/13 10:00:00,3416.985761897125,397.89
07/13 11:00:00,3255.781678429266,436.34
07/13 12:00:00,3433.4773913212152,450.31
07/13 13:00:00,3445.6984056510087,474.52
07/13 14:00:00,3493.88482476342,473.13
07/13 15:00:00,3479.3609213022023,369.74
07/13 16:00:00,2493.7551263921778,240.6
07/13 17:00:00,2170.5511194494993,196.94
07/13 18:00:00,2284.205553619195,54.0
07/13 19:00:00,2215.671502784641,13.18
07/13 20:00:00,2206.785533198664,2.04
07/13 21:00:00,1993.0658243011933,0.0
07/13 22:00:00,1949.9292404064017,0.0
07/13 23:00:00,1824.701010462611,0.0
07/14 00:00:00,1824.2377075219467,0.0
07/14 01:00:00,1840.8652017521742,0.0
07/14 02:00:00,1809.8462112382786,0.0
07/14 03:00:00,1813.9606779733933,0.0
07/14 04:00:00,1844.1936490893763,1.0
07/14 05:00:00,2004.817305924867,9.09
07/14 06:00:00,2259.7955242335556,41.96
07/14 07:00:00,3654.3331204186443,222.65
07/14 08:00:00,3540.320752448552,446.56
07/14 09:00:00,3375.3101659464346,486.37
07/14 10:00:00,3442.6655641467455,667.65
07/14 11:00:00,3273.9856518696865,686.98
07/14 12:00:00,3448.905232072,838.43
07/14 13:00:00,3445.594190727779,817.64
07/14 14:00:00,3394.243629451598,729.44
07/14 15:00:00,3415.0585467067626,610.09
07/14 16:00:00,2479.9295191668966,537.66
07/14 17:00:00,2116.648251616414,334.95
07/14 18:00:00,2212.2968564171956,308.46
07/14 19:00:00,2145.9016523413693,161.52
07/14 20:00:00,2190.2164721877043,19.86
07/14 21:00:00,2025.3176801887712,0.0
07/14 22:00:00,1961.9152999343935,0.0
07/14 23:00:00,1663.7244825424193,0.0
07/15 00:00:00,1681.573499532569,0.0
07/15 01:00:00,1731.5116858103486,0.0
07/15 02:00:00,1707.5495710569248,0.0
07/15 03:00:00,1663.9035052407005,0.0
07/15 04:00:00,1670.6303926562362,1.0
07/15 05:00:00,2025.2160405241918,65.69
07/15 06:00:00,2013.1329974988555,234.95
07/15 07:00:00,2401.5417716935713,365.75
07/15 08:00:00,2354.041488019295,472.62
07/15 09:00:00,2245.2007200101875,575.49
07/15 10:00:00,2215.2808206553846,662.84
07/15 11:00:00,1833.5159607826522,601.76
07/15 12:00:00,1871.9431070311305,741.29
07/15 13:00:00,1890.207364646266,527.47
07/15 14:00:00,1888.3232567920215,454.16
07/15 15:00:00,1900.2611124131895,176.85
07/15 16:00:00,1763.1596328224434,130.09
07/15 17:00:00,1800.8122966587139,212.13
07/15 18:00:00,1729.4464729817225,162.2
07/15 19:00:00,1744.1619008094954,104.18
07/15 20:00:00,1747.0212304387662,11.71
07/15 21:00:00,1752.520177725449,0.0
07/15 22:00:00,1744.5306108850446,0.0
07/15 23:00:00,1705.2503294819,0.0
07/16 00:00:00,1724.1460373807133,0.0
07/16 01:00:00,1736.6477520984279,0.0
07/16 02:00:00,1740.012736332983,0.0
07/16 03:00:00,1729.1974259615436,0.0
07/16 04:00:00,1743.6030149329242,0.0
07/16 05:00:00,1878.0153878031017,5.09
07/16 06:00:00,1849.1047378371575,20.23
07/16 07:00:00,1835.9556184378735,98.1
07/16 08:00:00,1826.6492719471617,205.47
07/16 09:00:00,1837.5006569055072,414.22
07/16 10:00:00,1856.7548986140118,537.61
07/16 11:00:00,1885.5583348968996,487.88
07/16 12:00:00,1867.4342538977985,308.94
07/16 13:00:00,1864.4820681355995,577.56
07/16 14:00:00,1886.6328368385339,571.47
07/16 15:00:00,1909.3071947982328,504.21
07/16 16:00:00,1910.4254025315367,227.4
07/16 17:00:00,1779.5278763769509,398.77
07/16 18:00:00,1767.3554285351781,188.54
07/16 19:00:00,1749.1712144237704,21.35
07/16 20:00:00,1726.912853816616,17.49
07/16 21:00:00,1699.764054533612,0.0
07/16 22:00:00,1687.6599109732788,0.0
07/16 23:00:00,1833.30213579511,0.0
07/17 00:00:00,1876.5233207413232,0.0
07/17 01:00:00,1872.8433387475156,0.0
07/17 02:00:00,1872.4896632673028,0.0
07/17 03:00:00,1874.5641628166745,0.0
07/17 04:00:00,1895.9247031119507,0.0
07/17 05:00:00,2102.160762139715,58.69
07/17 06:00:00,2343.338243690271,177.79
07/17 07:00:00,3911.694137002465,355.9
07/17 08:00:00,3859.210379896548,343.24
07/17 09:00:00,3785.2389203815937,383.51
07/17 10:00:00,3801.137487287952,668.77
07/17 11:00:00,3657.8384065414843,758.01
07/17 12:00:00,3888.279612583069,823.5
07/17 13:00:00,3849.0218364552757,812.87
07/17 14:00:00,3891.0223115235294,693.67
07/17 15:00:00,3954.1570473756615,616.67
07/17 16:00:00,2874.752224466881,528.71
07/17 17:00:00,2310.569173307568,425.92
07/17 18:00:00,2306.946767466625,309.81
07/17 19:00:00,2225.70481362407,150.83
07/17 20:00:00,2248.8660929052826,15.08
07/17 21:00:00,2006.3004412166279,0.0
07/17 22:00:00,1938.6813832788835,0.0
07/17 23:00:00,1802.0865564721053,0.0
07/18 00:00:00,1839.2489992483663,0.0
07/18 01:00:00,1883.1597600954394,0.0
07/18 02:00:00,1833.5284662114555,0.0
07/18 03:00:00,1823.9906297714906,0.0
07/18 04:00:00,1855.480020422803,0.0
07/18 05:00:00,2031.026581058961,18.56
07/18 06:00:00,2301.0184364449933,128.77
07/18 07:00:00,3694.836630843948,249.81
07/18 08:00:00,3572.988691092952,371.01
07/18 09:00:00,3925.239909051111,488.9
07/18 10:00:00,3876.598913506442,417.2
07/18 11:00:00,3656.8657504708226,303.96
07/18 12:00:00,3839.313453763489,264.1
07/18 13:00:00,3796.7799004953636,239.42
07/18 14:00:00,3816.314659755038,100.62
07/18 15:00:00,3899.76708544685,127.91
07/18 16:00:00,2811.673844003795,108.45
07/18 17:00:00,2400.6856187533003,72.43
07/18 18:00:00,2499.289578033106,70.95
07/18 19:00:00,2456.6882003445503,22.34
07/18 20:00:00,2520.145656472443,8.31
07/18 21:00:00,2331.9048385289307,0.0
07/18 22:00:00,2278.53882740602,0.0
07/18 23:00:00,2113.7621380956566,0.0
07/19 00:00:00,2141.017989054319,0.0
07/19 01:00:00,2203.6498520569016,0.0
07/19 02:00:00,2158.375532123811,0.0
07/19 03:00:00,2138.329269892913,0.0
07/19 04:00:00,2173.873241494917,0.0
07/19 05:00:00,2392.160949617868,6.08
07/19 06:00:00,2702.282301464489,13.23
07/19 07:00:00,4436.267415006871,39.38
07/19 08:00:00,4136.062124768773,49.53
07/19 09:00:00,3946.603956418532,85.31
07/19 10:00:00,3924.6155808953845,126.28
07/19 11:00:00,3634.872885433219,214.47
07/19 12:00:00,3870.971590382721,299.11
07/19 13:00:00,3862.8966622984267,207.84
07/19 14:00:00,3853.3676191923855,120.42
07/19 15:00:00,3940.0490809582243,73.72
07/19 16:00:00,2876.03882724958,104.83
07/19 17:00:00,2488.5853825564454,196.54
07/19 18:00:00,2548.1370526558007,45.65
07/19 19:00:00,2480.5922812130516,42.36
07/19 20:00:00,2533.0646862288736,2.02
07/19 21:00:00,2362.710327242444,0.0
07/19 22:00:00,2339.1977288159806,0.0
07/19 23:00:00,2181.2438829259886,0.0
07/20 00:00:00,2186.456655136733,0.0
07/20 01:00:00,2219.306370338288,0.0
07/20 02:00:00,2197.319387758539,0.0
07/20 03:00:00,2192.520910798699,0.0
07/20 04:00:00,2233.5597780428857,0.0
07/20 05:00:00,2416.2718603908816,50.69
07/20 06:00:00,2655.7501079205504,72.83
07/20 07:00:00,4385.60326344732,76.89
07/20 08:00:00,4115.320080336104,190.6
07/20 09:00:00,3860.861475704927,378.78
07/20 10:00:00,3845.0022086591675,639.38
07/20 11:00:00,3672.0439082681028,616.65
07/20 12:00:00,3901.5781944338933,757.84
07/20 13:00:00,3878.69674090491,787.43
07/20 14:00:00,3870.4529982526815,713.31
07/20 15:00:00,3943.837852824095,615.18
07/20 16:00:00,2643.726094609645,465.81
07/20 17:00:00,2151.3911338891066,357.92
07/20 18:00:00,2184.210152504043,305.73
07/20 19:00:00,2135.4024636645363,158.71
07/20 20:00:00,2150.836280704042,15.0
07/20 21:00:00,1989.9508083175135,0.0
07/20 22:00:00,1963.1850207673087,0.0
07/20 23:00:00,1826.2788265611875,0.0
07/21 00:00:00,1840.8687020998234,0.0
07/21 01:00:00,1849.2980865939842,0.0
07/21 02:00:00,1842.8716453043514,0.0
07/21 03:00:00,1832.9664513901707,0.0
07/21 04:00:00,1864.821911172965,0.0
07/21 05:00:00,2037.6779416997538,53.68
07/21 06:00:00,2288.4853874745545,221.98
07/21 07:00:00,3862.1955237116326,354.51
07/21 08:00:00,3852.3148120367373,445.77
07/21 09:00:00,3758.7012551751127,277.75
07/21 10:00:00,3785.700409142479,317.49
07/21 11:00:00,3581.641224523471,387.94
07/21 12:00:00,3733.9761341108856,740.76
07/21 13:00:00,3764.379133069805,726.45
07/21 14:00:00,3742.0644736165814,708.05
07/21 15:00:00,3750.8564488315124,504.34
07/21 16:00:00,2679.228001412075,395.88
07/21 17:00:00,2213.6688869075597,384.07
07/21 18:00:00,2214.551996263504,202.12
07/21 19:00:00,2131.4173011998905,94.0
07/21 20:00:00,2172.4584074126983,10.18
07/21 21:00:00,1980.110024382488,0.0
07/21 22:00:00,1915.152499988698,0.0
07/21 23:00:00,1648.0545650340885,0.0
07/22 00:00:00,1643.4552734335446,0.0
07/22 01:00:00,1673.8351114131876,0.0
07/22 02:00:00,1668.6226847517732,0.0
07/22 03:00:00,1642.7931495000732,0.0
07/22 04:00:00,1660.514437697892,0.0
07/22 05:00:00,2019.5138609856529,45.2
07/22 06:00:00,2017.5215069784545,212.12
07/22 07:00:00,2392.6242524165114,297.23
07/22 08:00:00,2396.7032789844293,443.56
07/22 09:00:00,2324.15437586478,548.86
07/22 10:00:00,2319.941687948752,613.41
07/22 11:00:00,1913.9643852325519,737.07
07/22 12:00:00,1936.2318375966727,804.27
07/22 13:00:00,1946.1024117329496,707.51
07/22 14:00:00,1940.6450570467848,691.9
07/22 15:00:00,1953.7381054032385,546.2
07/22 16:00:00,1780.5711701606688,521.7
07/22 17:00:00,1787.701362857144,417.79
07/22 18:00:00,1664.56871596274,301.88
07/22 19:00:00,1679.3875417511165,134.68
07/22 20:00:00,1675.6063444737003,12.32
07/22 21:00:00,1696.1248886940862,0.0
07/22 22:00:00,1690.0536404857,0.0
07/22 23:00:00,1627.8992074652292,0.0
07/23 00:00:00,1653.1143907444011,0.0
07/23 01:00:00,1665.0088026234982,0.0
07/23 02:00:00,1664.2282249607526,0.0
07/23 03:00:00,1661.8104709570823,0.0
07/23 04:00:00,1671.1705021405817,0.0
07/23 05:00:00,1794.4184606923864,30.18
07/23 06:00:00,1817.4285079367332,152.83
07/23 07:00:00,1812.5320842393949,348.0
07/23 08:00:00,1797.1782639227404,449.36
07/23 09:00:00,1822.3419395456208,386.35
07/23 10:00:00,1827.9252090679404,366.64
07/23 11:00:00,1818.8993803852097,672.95
07/23 12:00:00,1802.382742085576,797.45
07/23 13:00:00,1809.2785189686924,791.35
07/23 14:00:00,1838.0952834289074,702.92
07/23 15:00:00,1856.8589346735364,604.29
07/23 16:00:00,1850.578195006199,523.19
07/23 17:00:00,1739.3738996520556,419.0
07/23 18:00:00,1735.2960604247967,300.9
07/23 19:00:00,1749.1115220786965,151.05
07/23 20:00:00,1759.1807999980263,12.01
07/23 21:00:00,1733.7837964074197,0.0
07/23 22:00:00,1723.9811142445028,0.0
07/23 23:00:00,1860.4841767897915,0.0
07/24 00:00:00,1865.6270368767782,0.0
07/24 01:00:00,1838.7843977384016,0.0
07/24 02:00:00,1849.1408689921182,0.0
07/24 03:00:00,1830.152126491666,0.0
07/24 04:00:00,1863.2096760757283,0.0
07/24 05:00:00,2018.9447835152096,22.27
07/24 06:00:00,2270.2384812010346,129.36
07/24 07:00:00,3807.0591465010184,253.08
07/24 08:00:00,3803.6782456793503,227.74
07/24 09:00:00,3776.7587078679508,204.34
07/24 10:00:00,3730.684310427435,360.26
07/24 11:00:00,3731.0304030825114,718.99
07/24 12:00:00,3882.701183883381,781.13
07/24 13:00:00,3857.6396215690042,760.89
07/24 14:00:00,3874.0015717444085,654.48
07/24 15:00:00,3892.4877066653257,604.11
07/24 16:00:00,2840.4804374263217,506.93
07/24 17:00:00,2342.405623875905,345.16
07/24 18:00:00,2314.647090524842,262.13
07/24 19:00:00,2225.201977608083,28.63
07/24 20:00:00,2234.4638237200506,1.01
07/24 21:00:00,2029.1233935556081,0.0
07/24 22:00:00,1991.4253618284395,0.0
07/24 23:00:00,1851.5493131885512,0.0
07/25 00:00:00,1865.656568712268,0.0
07/25 01:00:00,1885.9693498271358,0.0
07/25 02:00:00,1841.5720876579821,0.0
07/25 03:00:00,1818.2035297719074,0.0
07/25 04:00:00,1855.1830970381136,0.0
07/25 05:00:00,2061.0527958243133,7.12
07/25 06:00:00,2268.6979280646965,19.21
07/25 07:00:00,3743.8562220796507,56.1
07/25 08:00:00,3581.1449596406683,129.11
07/25 09:00:00,3533.9250393126827,133.22
07/25 10:00:00,3946.602138391515,175.24
07/25 11:00:00,3825.7529298425866,132.46
07/25 12:00:00,4037.6739504501193,224.67
07/25 13:00:00,3978.41385581977,196.91
07/25 14:00:00,3999.374952172074,114.59
07/25 15:00:00,3786.1712330710902,419.04
07/25 16:00:00,2579.534331674916,150.79
07/25 17:00:00,2170.7588833014775,386.24
07/25 18:00:00,2228.157498909826,266.55
07/25 19:00:00,2166.999167223685,146.75
07/25 20:00:00,2212.973999189907,9.46
07/25 21:00:00,2062.5737272986644,0.0
07/25 22:00:00,1980.2636954633672,0.0
07/25 23:00:00,1815.588154025417,0.0
07/26 00:00:00,1837.697147330451,0.0
07/26 01:00:00,1843.9435163353637,0.0
07/26 02:00:00,1866.54596735125,0.0
07/26 03:00:00,1811.2718204433545,0.0
07/26 04:00:00,1863.628286488187,0.0
07/26 05:00:00,2045.3941408163003,14.52
07/26 06:00:00,2188.526403315997,92.39
07/26 07:00:00,3591.600823539664,267.4
07/26 08:00:00,3532.75070043417,220.98
07/26 09:00:00,3474.0064138427692,543.84
07/26 10:00:00,3428.1512865055397,268.16
07/26 11:00:00,3226.0282078370137,527.76
07/26 12:00:00,3406.255591304886,519.99
07/26 13:00:00,3364.6427686335605,447.51
07/26 14:00:00,3426.198650234989,523.6
07/26 15:00:00,3458.5264573656023,576.66
07/26 16:00:00,2490.615619767829,374.97
07/26 17:00:00,2102.58977921625,406.97
07/26 18:00:00,2139.8701656118114,273.36
07/26 19:00:00,2087.2564909753523,142.93
07/26 20:00:00,2125.968664144134,10.22
07/26 21:00:00,1998.0369179072125,0.0
07/26 22:00:00,1947.7308413534665,0.0
07/26 23:00:00,1772.9092451245529,0.0
07/27 00:00:00,1796.825915107486,0.0
07/27 01:00:00,1785.9113099737344,0.0
07/27 02:00:00,1770.2475405961525,0.0
07/27 03:00:00,1810.629906017573,0.0
07/27 04:00:00,1797.8497447033665,0.0
07/27 05:00:00,1990.0830525355964,28.11
07/27 06:00:00,2172.927586178806,195.09
07/27 07:00:00,3607.4601720552623,333.39
07/27 08:00:00,3549.0227070260153,365.56
07/27 09:00:00,3383.693721353317,457.03
07/27 10:00:00,3377.490692434207,647.18
07/27 11:00:00,3243.745670495221,610.14
07/27 12:00:00,3477.2731186686424,789.5
07/27 13:00:00,3437.685951361025,599.06
07/27 14:00:00,3387.756171302614,521.35
07/27 15:00:00,3430.535746457323,606.61
07/27 16:00:00,2481.5847518950027,514.84
07/27 17:00:00,2076.2370364814096,388.86
07/27 18:00:00,2117.9252340925354,247.16
07/27 19:00:00,2012.8941967050957,58.45
07/27 20:00:00,2080.2859451097547,16.01
07/27 21:00:00,2006.5729019393611,0.0
07/27 22:00:00,1962.4511795087653,0.0
07/27 23:00:00,1816.175897752243,0.0
07/28 00:00:00,1788.3114410790927,0.0
07/28 01:00:00,1837.637225962876,0.0
07/28 02:00:00,1806.3561274212805,0.0
07/28 03:00:00,1835.1041071500167,0.0
07/28 04:00:00,1818.0020764624226,0.0
07/28 05:00:00,2014.9515135383122,37.1
07/28 06:00:00,2169.928157428199,174.21
07/28 07:00:00,3646.5661964516007,211.41
07/28 08:00:00,3538.07233848972,177.63
07/28 09:00:00,3452.1195984407223,376.53
07/28 10:00:00,3399.8629833387336,300.21
07/28 11:00:00,3309.665981426321,498.85
07/28 12:00:00,3493.964818100119,705.74
07/28 13:00:00,3444.3386068706004,630.26
07/28 14:00:00,3430.833951698872,474.27
07/28 15:00:00,3412.13288576659,573.27
07/28 16:00:00,2501.6435886595946,365.01
07/28 17:00:00,2108.686810804258,269.89
07/28 18:00:00,2182.3282760596207,63.5
07/28 19:00:00,2110.1595974328648,57.21
07/28 20:00:00,2121.357172635723,7.0
07/28 21:00:00,2060.9924517782374,0.0
07/28 22:00:00,1998.0808373101518,0.0
07/28 23:00:00,1657.7666796590115,0.0
07/29 00:00:00,1688.5319822008012,0.0
07/29 01:00:00,1679.0802162189073,0.0
07/29 02:00:00,1708.5987826767903,0.0
07/29 03:00:00,1676.0264583843862,0.0
07/29 04:00:00,1711.391882122701,0.0
07/29 05:00:00,2047.3845278017393,12.38
07/29 06:00:00,2006.3947849298888,67.8
07/29 07:00:00,2319.711882416134,133.59
07/29 08:00:00,2385.026799761597,275.87
07/29 09:00:00,2267.8437454586497,325.76
07/29 10:00:00,2264.9287379091065,568.91
07/29 11:00:00,1885.4694687639324,592.33
07/29 12:00:00,1927.4438677865014,504.33
07/29 13:00:00,1948.045222127909,442.25
07/29 14:00:00,1952.198830518354,361.8
07/29 15:00:00,1984.2816464285374,202.45
07/29 16:00:00,1841.5688324135153,375.54
07/29 17:00:00,1848.4665474119063,260.74
07/29 18:00:00,1752.0535745591958,158.81
07/29 19:00:00,1760.1265713534676,112.58
07/29 20:00:00,1765.5707779698844,6.0
07/29 21:00:00,1689.7990392997247,0.0
07/29 22:00:00,1675.2208667707139,0.0
07/29 23:00:00,1645.6803080254688,0.0
07/30 00:00:00,1657.4383459367077,0.0
07/30 01:00:00,1657.3225797022556,0.0
07/30 02:00:00,1674.7602710317929,0.0
07/30 03:00:00,1667.0958693717191,0.0
07/30 04:00:00,1698.0350583372128,0.0
07/30 05:00:00,1785.3077159156628,7.13
07/30 06:00:00,1793.0708830362444,41.98
07/30 07:00:00,1807.083118788842,71.76
07/30 08:00:00,1824.1692184241326,107.01
07/30 09:00:00,1819.5030226374402,93.9
07/30 10:00:00,1818.4058890547014,130.95
07/30 11:00:00,1814.9340987172993,147.23
07/30 12:00:00,1825.9574451391504,263.62
07/30 13:00:00,1841.7108019176953,334.52
07/30 14:00:00,1811.563656876539,283.08
07/30 15:00:00,1848.8309094966094,267.65
07/30 16:00:00,1848.6375168977565,228.59
07/30 17:00:00,1761.0210917862985,100.68
07/30 18:00:00,1763.6380685216695,38.59
07/30 19:00:00,1731.2792792395774,11.14
07/30 20:00:00,1697.848983181803,1.0
07/30 21:00:00,1668.8068784470934,0.0
07/30 22:00:00,1659.278850204399,0.0
07/30 23:00:00,1796.8942739561273,0.0
07/31 00:00:00,1792.1209951044998,0.0
07/31 01:00:00,1809.366351736857,0.0
07/31 02:00:00,1786.5813309895793,0.0
07/31 03:00:00,1799.0468958805598,0.0
07/31 04:00:00,1833.7342177467333,0.0
07/31 05:00:00,2002.309706317753,20.39
07/31 06:00:00,2226.995784916985,121.7
07/31 07:00:00,3723.4778540219418,288.85
07/31 08:00:00,3693.363525494611,368.43
07/31 09:00:00,3738.5359115110623,308.18
07/31 10:00:00,3732.6574862039706,632.0
07/31 11:00:00,3533.9037700851277,573.52
07/31 12:00:00,3705.999082811321,632.89
07/31 13:00:00,3628.87471929991,672.87
07/31 14:00:00,3717.503885961066,671.85
07/31 15:00:00,3748.054389382755,563.47
07/31 16:00:00,2684.674301090896,445.72
07/31 17:00:00,2259.7978806675055,395.43
07/31 18:00:00,2227.1716165204157,280.28
07/31 19:00:00,2133.4196836387828,117.78
07/31 20:00:00,2155.9314763519897,6.0
07/31 21:00:00,2028.3595675949255,0.0
07/31 22:00:00,1955.8405330689068,0.0
07/31 23:00:00,2190.0481383645747,0.0
08/01 00:00:00,2173.8070896909767,0.0
08/01 01:00:00,2183.049736394951,0.0
08/01 02:00:00,2140.771872557019,0.0
08/01 03:00:00,2177.704375386176,0.0
08/01 04:00:00,2189.735284315292,0.0
08/01 05:00:00,2379.1560348764456,27.0
08/01 06:00:00,2533.164322600093,174.71
08/01 07:00:00,4082.1875172751124,268.9
08/01 08:00:00,3868.844931697578,375.9
08/01 09:00:00,3711.193941996414,490.44
08/01 10:00:00,3742.960401431993,629.47
08/01 11:00:00,3616.3399883112465,733.99
08/01 12:00:00,3817.912119107359,798.68
08/01 13:00:00,3762.387509943537,779.24
08/01 14:00:00,3764.638760551973,698.19
08/01 15:00:00,3788.5170937107205,589.23
08/01 16:00:00,2853.917074933023,495.47
08/01 17:00:00,2516.5880323336132,391.16
08/01 18:00:00,2515.43496872192,270.64
08/01 19:00:00,2453.6725627753644,115.82
08/01 20:00:00,2411.786463191504,5.0
08/01 21:00:00,2328.5582023459765,0.0
08/01 22:00:00,2257.3112681547564,0.0
08/01 23:00:00,2161.11007769045,0.0
08/02 00:00:00,2136.974946164198,0.0
08/02 01:00:00,2151.432702369545,0.0
08/02 02:00:00,2187.212359086533,0.0
08/02 03:00:00,2169.3925237759577,0.0
08/02 04:00:00,2187.3610158297242,0.0
08/02 05:00:00,2336.215628026695,24.31
08/02 06:00:00,2502.247302735506,167.65
08/02 07:00:00,3862.9064431280913,302.75
08/02 08:00:00,3829.402584857365,367.57
08/02 09:00:00,3814.626459418206,451.83
08/02 10:00:00,3808.4390328616064,603.88
08/02 11:00:00,3650.6352778505493,730.41
08/02 12:00:00,3871.82936275051,777.21
08/02 13:00:00,3855.0929847200305,756.49
08/02 14:00:00,3890.105239005509,650.39
08/02 15:00:00,3885.187670874242,471.83
08/02 16:00:00,2893.92667974557,450.03
08/02 17:00:00,2500.508056216105,376.81
08/02 18:00:00,2589.3264434816247,257.69
08/02 19:00:00,2489.74611875984,82.55
08/02 20:00:00,2525.368713290667,3.0
08/02 21:00:00,2418.1227727977,0.0
08/02 22:00:00,2307.0720256410186,0.0
08/02 23:00:00,2144.813145253316,0.0
08/03 00:00:00,2133.336996751061,0.0
08/03 01:00:00,2164.138246824937,0.0
08/03 02:00:00,2130.9582676283594,0.0
08/03 03:00:00,2120.3272982055514,0.0
08/03 04:00:00,2153.0577157547327,0.0
08/03 05:00:00,2260.8499865790336,22.66
08/03 06:00:00,2477.6437004854233,173.42
08/03 07:00:00,3880.8684781111483,301.98
08/03 08:00:00,3956.062696178253,399.39
08/03 09:00:00,3825.659644927124,503.44
08/03 10:00:00,3791.489600673311,613.2
08/03 11:00:00,3648.4330990287476,709.88
08/03 12:00:00,3805.7423137057726,415.9
08/03 13:00:00,3813.2618405601024,411.34
08/03 14:00:00,3829.5818435703172,354.36
08/03 15:00:00,3825.59081955723,199.29
08/03 16:00:00,2865.242664320148,145.6
08/03 17:00:00,2471.6123895576366,153.13
08/03 18:00:00,2524.0745669031176,44.84
08/03 19:00:00,2432.198852496382,9.12
08/03 20:00:00,2465.9513186583936,1.0
08/03 21:00:00,2353.600240614466,0.0
08/03 22:00:00,2277.3384950611035,0.0
08/03 23:00:00,2160.7340256223983,0.0
08/04 00:00:00,2187.9623422395157,0.0
08/04 01:00:00,2162.720423041756,0.0
08/04 02:00:00,2141.662191379813,0.0
08/04 03:00:00,2120.3009743399825,0.0
08/04 04:00:00,2137.507839353774,0.0
08/04 05:00:00,2328.7901231992596,7.22
08/04 06:00:00,2458.5310665722886,60.08
08/04 07:00:00,3782.6986601240487,159.59
08/04 08:00:00,3912.584572422275,164.26
08/04 09:00:00,3821.7321494341913,271.86
08/04 10:00:00,3791.219473511871,349.65
08/04 11:00:00,3640.029953897367,338.85
08/04 12:00:00,3954.3198323737843,341.86
08/04 13:00:00,3959.5158979498533,464.3
08/04 14:00:00,3960.812204581884,496.72
08/04 15:00:00,3971.6715777568697,378.56
08/04 16:00:00,2944.9629179679428,293.15
08/04 17:00:00,2584.2933038217043,273.25
08/04 18:00:00,2624.2530253340874,243.0
08/04 19:00:00,2599.6589003710014,84.63
08/04 20:00:00,2636.015286047152,3.0
08/04 21:00:00,2469.4352788344563,0.0
08/04 22:00:00,2399.625615610603,0.0
08/04 23:00:00,2149.6511325080683,0.0
08/05 00:00:00,2141.913899656224,0.0
08/05 01:00:00,2141.9258549081146,0.0
08/05 02:00:00,2163.6860412878573,0.0
08/05 03:00:00,2153.790980549572,0.0
08/05 04:00:00,2169.146585296197,0.0
08/05 05:00:00,2533.9095223966424,3.05
08/05 06:00:00,2464.9682814021226,19.18
08/05 07:00:00,2832.767968798471,72.01
08/05 08:00:00,2804.774364663212,120.87
08/05 09:00:00,2678.4967197437345,122.08
08/05 10:00:00,2662.6697885828953,126.89
08/05 11:00:00,2263.0072796766767,400.53
08/05 12:00:00,2266.180461723179,620.24
08/05 13:00:00,2264.458609682549,677.35
08/05 14:00:00,2277.486045478325,550.93
08/05 15:00:00,2266.4157943321748,575.36
08/05 16:00:00,2106.7580083147154,482.94
08/05 17:00:00,2119.2146192437017,369.48
08/05 18:00:00,2011.8440563800716,250.26
08/05 19:00:00,2055.2755422824193,83.97
08/05 20:00:00,2082.63057466752,2.0
08/05 21:00:00,2172.037296867243,0.0
08/05 22:00:00,2134.946276676778,0.0
08/05 23:00:00,2142.8929186769024,0.0
08/06 00:00:00,2134.7118744366403,0.0
08/06 01:00:00,2164.207427599913,0.0
08/06 02:00:00,2151.3568843403677,0.0
08/06 03:00:00,2177.8018952795464,0.0
08/06 04:00:00,2186.1676300346035,0.0
08/06 05:00:00,2309.261307730127,14.91
08/06 06:00:00,2290.6769238449,114.05
08/06 07:00:00,2328.7756647499536,256.98
08/06 08:00:00,2317.772920817844,377.02
08/06 09:00:00,2328.824491618049,448.08
08/06 10:00:00,2326.487880248753,464.98
08/06 11:00:00,2305.8706846559035,468.96
08/06 12:00:00,2297.5376632889443,548.31
08/06 13:00:00,2309.6966160252755,716.38
08/06 14:00:00,2304.7816666293297,576.63
08/06 15:00:00,2307.9306554006944,520.64
08/06 16:00:00,2319.744474381424,420.16
08/06 17:00:00,2181.6258408534045,262.79
08/06 18:00:00,2190.793386384451,188.47
08/06 19:00:00,2169.466679980739,71.6
08/06 20:00:00,2138.8318358458628,1.0
08/06 21:00:00,2142.760073448992,0.0
08/06 22:00:00,2101.090199319938,0.0
08/06 23:00:00,2289.46559760984,0.0
08/07 00:00:00,2281.6618438088726,0.0
08/07 01:00:00,2302.8628636044537,0.0
08/07 02:00:00,2287.9064935837246,0.0
08/07 03:00:00,2317.0929134580815,0.0
08/07 04:00:00,2332.0429860800223,0.0
08/07 05:00:00,2513.8277042984096,15.45
08/07 06:00:00,2766.4328076380016,160.84
08/07 07:00:00,4399.627111351237,255.09
08/07 08:00:00,4398.279388242363,152.66
08/07 09:00:00,4354.47530554597,82.22
08/07 10:00:00,4353.503046422721,67.72
08/07 11:00:00,4148.2082837987655,148.15
08/07 12:00:00,4305.730592443263,130.46
08/07 13:00:00,4294.0210542024015,160.07
08/07 14:00:00,4280.689718634843,128.29
08/07 15:00:00,4315.724487497874,152.07
08/07 16:00:00,3221.689823712474,199.36
08/07 17:00:00,2766.9189638711387,163.21
08/07 18:00:00,2735.3562037740317,68.13
08/07 19:00:00,2643.4241808672846,90.95
08/07 20:00:00,2653.888446352662,1.0
08/07 21:00:00,2513.43908384068,0.0
08/07 22:00:00,2446.1173577458435,0.0
08/07 23:00:00,2297.043588383822,0.0
08/08 00:00:00,2296.6827902482632,0.0
08/08 01:00:00,2298.1561357875544,0.0
08/08 02:00:00,2286.5294655936955,0.0
08/08 03:00:00,2292.0172627543775,0.0
08/08 04:00:00,2320.2859464133767,0.0
08/08 05:00:00,2501.6507973600815,11.04
08/08 06:00:00,2702.911055349857,102.48
08/08 07:00:00,4253.683913071703,270.38
08/08 08:00:00,4118.436120971699,230.43
08/08 09:00:00,3964.1229157082744,130.65
08/08 10:00:00,3891.3506354601523,98.43
08/08 11:00:00,3676.358911957367,101.57
08/08 12:00:00,3861.5492071614253,250.46
08/08 13:00:00,3857.301143900244,383.01
08/08 14:00:00,3855.7251303732437,449.6
08/08 15:00:00,3926.682987370208,345.03
08/08 16:00:00,2966.1038620909435,72.12
08/08 17:00:00,2598.4903520194543,52.83
08/08 18:00:00,2642.937863392018,33.53
08/08 19:00:00,2648.932888283037,12.21
08/08 20:00:00,2662.521519457457,0.0
08/08 21:00:00,2541.401974907438,0.0
08/08 22:00:00,2456.1211492274724,0.0
08/08 23:00:00,2299.8930411522892,0.0
08/09 00:00:00,2295.281405817927,0.0
08/09 01:00:00,2311.7839591110387,0.0
08/09 02:00:00,2313.6315650057445,0.0
08/09 03:00:00,2320.75037534735,0.0
08/09 04:00:00,2339.57069665593,0.0
08/09 05:00:00,2531.5095244296886,2.04
08/09 06:00:00,2770.2611062794053,18.16
08/09 07:00:00,4296.400197370918,33.32
08/09 08:00:00,4168.188362479541,48.47
08/09 09:00:00,3963.530234694254,359.12
08/09 10:00:00,3945.138446888493,128.84
08/09 11:00:00,3784.190070070869,117.35
08/09 12:00:00,3967.417279616411,62.82
08/09 13:00:00,3956.009844200206,47.81
08/09 14:00:00,4000.323745660655,55.76
08/09 15:00:00,4049.904811571581,71.67
08/09 16:00:00,3045.1117241989195,45.55
08/09 17:00:00,2658.8860991767933,32.41
08/09 18:00:00,2693.82663154102,26.26
08/09 19:00:00,2673.3041403856514,12.2
08/09 20:00:00,2681.7751704338925,0.0
08/09 21:00:00,2531.8441139353845,0.0
08/09 22:00:00,2477.755367478996,0.0
08/09 23:00:00,2308.582504393159,0.0
08/10 00:00:00,2322.9376218990637,0.0
08/10 01:00:00,2328.7869699909756,0.0
08/10 02:00:00,2325.52842473256,0.0
08/10 03:00:00,2330.9803294420567,0.0
08/10 04:00:00,2338.955613561439,0.0
08/10 05:00:00,2554.233574055839,3.22
08/10 06:00:00,2733.6347719505607,35.96
08/10 07:00:00,4227.293750668356,70.91
08/10 08:00:00,4170.777550568213,189.96
08/10 09:00:00,4020.8303658399745,507.14
08/10 10:00:00,3989.7712801169314,613.05
08/10 11:00:00,3804.7378066999,718.74
08/10 12:00:00,4024.398547326676,750.23
08/10 13:00:00,4019.5019703598064,758.21
08/10 14:00:00,3976.631590713049,678.87
08/10 15:00:00,4029.8263947534874,535.67
08/10 16:00:00,3030.1219186962458,448.17
08/10 17:00:00,2661.899624281682,304.36
08/10 18:00:00,2699.737251690581,225.93
08/10 19:00:00,2691.6330332499724,76.01
08/10 20:00:00,2782.7076913117776,0.0
08/10 21:00:00,2650.8142903295834,0.0
08/10 22:00:00,2504.3134022161394,0.0
08/10 23:00:00,2326.4640874582333,0.0
08/11 00:00:00,2318.764099542198,0.0
08/11 01:00:00,2325.2832858044208,0.0
08/11 02:00:00,2318.0518430364436,0.0
08/11 03:00:00,2318.810019152218,0.0
08/11 04:00:00,2332.0701719150074,0.0
08/11 05:00:00,2489.1959213691694,5.12
08/11 06:00:00,2632.411585967574,81.26
08/11 07:00:00,4146.669887075554,161.3
08/11 08:00:00,4118.691556047996,238.37
08/11 09:00:00,3981.399859766715,262.37
08/11 10:00:00,3970.410873399323,366.54
08/11 11:00:00,3861.7485843156383,202.99
08/11 12:00:00,4027.5941129957123,353.64
08/11 13:00:00,4039.0508194713966,222.82
08/11 14:00:00,3981.2793695576665,180.27
08/11 15:00:00,3993.8929630287607,208.98
08/11 16:00:00,3003.0509427987913,216.97
08/11 17:00:00,2612.8408710308927,201.99
08/11 18:00:00,2654.872769119725,78.5
08/11 19:00:00,2602.2117640475526,18.37
08/11 20:00:00,2669.2149482865243,0.0
08/11 21:00:00,2507.10683053489,0.0
08/11 22:00:00,2433.597310382252,0.0
08/11 23:00:00,2107.570536429111,0.0
08/12 00:00:00,2116.7454493905457,0.0
08/12 01:00:00,2087.6689977673013,0.0
08/12 02:00:00,2087.0907173084693,0.0
08/12 03:00:00,2097.6973689668484,0.0
08/12 04:00:00,2079.745898226805,0.0
08/12 05:00:00,2453.293161586992,10.0
08/12 06:00:00,2405.525400945777,108.35
08/12 07:00:00,2698.7033738880054,200.39
08/12 08:00:00,2799.566118201763,305.27
08/12 09:00:00,2771.0370948914056,245.47
08/12 10:00:00,2742.6592806044287,238.34
08/12 11:00:00,2308.76486109955,408.13
08/12 12:00:00,2309.0468456330586,751.35
08/12 13:00:00,2325.6899475232376,665.58
08/12 14:00:00,2323.421174860092,663.09
08/12 15:00:00,2332.759078418698,563.87
08/12 16:00:00,2182.2363407626362,469.95
08/12 17:00:00,2212.9306228187643,360.39
08/12 18:00:00,2097.8092295535394,229.47
08/12 19:00:00,2121.6545749418847,66.2
08/12 20:00:00,2137.6567029341013,0.0
08/12 21:00:00,2117.448571486567,0.0
08/12 22:00:00,2123.2448845535473,0.0
08/12 23:00:00,2135.292291668317,0.0
08/13 00:00:00,2140.0264814163356,0.0
08/13 01:00:00,2126.372233537377,0.0
08/13 02:00:00,2125.779465913866,0.0
08/13 03:00:00,2108.3648633234634,0.0
08/13 04:00:00,2116.0533213437498,0.0
08/13 05:00:00,2230.18284985777,10.0
08/13 06:00:00,2213.43501304211,135.01
08/13 07:00:00,2229.9480981620827,292.83
08/13 08:00:00,2260.2954649317758,319.23
08/13 09:00:00,2251.5533010214112,436.05
08/13 10:00:00,2276.196860663311,431.3
08/13 11:00:00,2284.9109880663814,302.14
08/13 12:00:00,2286.6904497224405,179.82
08/13 13:00:00,2267.2108395607543,746.4
08/13 14:00:00,2283.7761057914204,527.01
08/13 15:00:00,2285.684036397621,511.44
08/13 16:00:00,2301.884323178699,391.44
08/13 17:00:00,2157.77595298424,330.38
08/13 18:00:00,2152.0938927957573,216.12
08/13 19:00:00,2141.6964466055133,60.34
08/13 20:00:00,2138.1018050149173,0.0
08/13 21:00:00,2128.8759427202067,0.0
08/13 22:00:00,2095.926976939502,0.0
08/13 23:00:00,2242.4567774224392,0.0
08/14 00:00:00,2256.6071861503247,0.0
08/14 01:00:00,2267.660706578447,0.0
08/14 02:00:00,2287.611434887665,0.0
08/14 03:00:00,2267.837797709231,0.0
08/14 04:00:00,2295.43586010068,0.0
08/14 05:00:00,2474.5993099077136,6.0
08/14 06:00:00,2709.8112691832634,112.01
08/14 07:00:00,4297.470665014798,203.0
08/14 08:00:00,4229.637826660417,272.87
08/14 09:00:00,4168.548395189871,353.98
08/14 10:00:00,4239.25974840001,478.99
08/14 11:00:00,4102.096167592949,513.77
08/14 12:00:00,4271.731568035983,608.47
08/14 13:00:00,4248.636889109258,597.94
08/14 14:00:00,4246.969762110122,607.07
08/14 15:00:00,4267.576396470532,510.32
08/14 16:00:00,3182.5334422221595,384.29
08/14 17:00:00,2726.0011089685377,328.13
08/14 18:00:00,2693.004176330406,206.77
08/14 19:00:00,2621.8393817484307,44.22
08/14 20:00:00,2606.1582914484566,0.0
08/14 21:00:00,2480.682064109782,0.0
08/14 22:00:00,2424.5967636354367,0.0
08/14 23:00:00,2288.1818857592216,0.0
08/15 00:00:00,2269.7008432542743,0.0
08/15 01:00:00,2319.9571839483633,0.0
08/15 02:00:00,2308.98323826027,0.0
08/15 03:00:00,2296.05925252524,0.0
08/15 04:00:00,2324.3557451296265,0.0
08/15 05:00:00,2472.191688366749,8.0
08/15 06:00:00,2732.0544712175233,129.89
08/15 07:00:00,4284.8927849282045,279.27
08/15 08:00:00,4297.540183512075,403.25
08/15 09:00:00,4382.963931798382,503.98
08/15 10:00:00,4383.75600308324,591.8
08/15 11:00:00,4185.139473261494,686.51
08/15 12:00:00,4377.770552601951,737.57
08/15 13:00:00,4333.274681968633,726.41
08/15 14:00:00,4385.357002950603,627.0
08/15 15:00:00,4403.464880492263,534.31
08/15 16:00:00,3287.0316556787825,437.89
08/15 17:00:00,2801.6274184903023,341.66
08/15 18:00:00,2759.956458676403,206.43
08/15 19:00:00,2647.6033993021515,50.74
08/15 20:00:00,2673.0955067482714,0.0
08/15 21:00:00,2530.786087404817,0.0
08/15 22:00:00,2410.701726269112,0.0
08/15 23:00:00,2300.6802765698963,0.0
08/16 00:00:00,2285.6286547969557,0.0
08/16 01:00:00,2297.1019041282725,0.0
08/16 02:00:00,2299.1433421075567,0.0
08/16 03:00:00,2283.2496303450384,0.0
08/16 04:00:00,2310.4659687530957,0.0
08/16 05:00:00,2496.2913907250736,8.0
08/16 06:00:00,2676.8354136175853,126.81
08/16 07:00:00,4156.6032692810895,282.49
08/16 08:00:00,4000.1438546998766,400.74
08/16 09:00:00,3823.7482021179085,501.26
08/16 10:00:00,3776.7005492748,589.82
08/16 11:00:00,3632.7917226609875,682.28
08/16 12:00:00,3865.204405394303,736.77
08/16 13:00:00,3842.0840035591555,726.43
08/16 14:00:00,3796.455844568002,643.8
08/16 15:00:00,3834.8295949495077,546.63
08/16 16:00:00,2826.158948650211,454.41
08/16 17:00:00,2390.820903124324,348.6
08/16 18:00:00,2496.902410537275,213.87
08/16 19:00:00,2471.9441308608702,46.74
08/16 20:00:00,2522.374423236476,0.0
08/16 21:00:00,2410.565217268001,0.0
08/16 22:00:00,2328.212496290263,0.0
08/16 23:00:00,2182.6378415455515,0.0
08/17 00:00:00,2206.3282170782827,0.0
08/17 01:00:00,2211.8809049250835,0.0
08/17 02:00:00,2174.5313864220675,0.0
08/17 03:00:00,2190.8875217218447,0.0
08/17 04:00:00,2206.139141862841,0.0
08/17 05:00:00,2400.913519751957,5.0
08/17 06:00:00,2543.1895485450727,69.17
08/17 07:00:00,3941.791967106605,266.72
08/17 08:00:00,3853.7067884376474,391.69
08/17 09:00:00,3737.503856773777,477.31
08/17 10:00:00,3725.9773359645374,499.51
08/17 11:00:00,3596.2377921615594,372.07
08/17 12:00:00,3763.6456089456037,395.95
08/17 13:00:00,3747.1811969256105,518.48
08/17 14:00:00,3694.277009632236,629.75
08/17 15:00:00,3716.2455125613724,431.76
08/17 16:00:00,2740.64744906408,208.22
08/17 17:00:00,2335.805054051366,185.95
08/17 18:00:00,2417.2022115984523,111.95
08/17 19:00:00,2473.378238020035,3.0
08/17 20:00:00,2473.171701117901,0.0
08/17 21:00:00,2345.283366764265,0.0
08/17 22:00:00,2308.676109341716,0.0
08/17 23:00:00,2125.6241792027113,0.0
08/18 00:00:00,2142.499085364835,0.0
08/18 01:00:00,2132.84850782231,0.0
08/18 02:00:00,2127.7002571805706,0.0
08/18 03:00:00,2100.6801773943657,0.0
08/18 04:00:00,2127.7305901931445,0.0
08/18 05:00:00,2311.4184528557857,1.0
08/18 06:00:00,2492.667084316878,15.26
08/18 07:00:00,3949.9629368980236,40.58
08/18 08:00:00,3850.7260854118344,123.88
08/18 09:00:00,3703.6547098120186,292.3
08/18 10:00:00,3705.5639854437622,416.61
08/18 11:00:00,3516.9955818768885,546.87
08/18 12:00:00,3727.941428554984,693.02
08/18 13:00:00,3705.215878330264,534.07
08/18 14:00:00,3697.2183845760933,266.46
08/18 15:00:00,3740.667947936152,458.14
08/18 16:00:00,2769.442501164044,387.86
08/18 17:00:00,2376.9415204812085,245.62
08/18 18:00:00,2467.5637707314677,142.06
08/18 19:00:00,2474.4020966420526,35.05
08/18 20:00:00,2537.990599802623,0.0
08/18 21:00:00,2456.0123027726745,0.0
08/18 22:00:00,2319.697906817388,0.0
08/18 23:00:00,2009.153933307993,0.0
08/19 00:00:00,2007.2197331377552,0.0
08/19 01:00:00,2049.6351076119795,0.0
08/19 02:00:00,2052.5573311723206,0.0
08/19 03:00:00,2031.8688110679602,0.0
08/19 04:00:00,2008.4263161906827,0.0
08/19 05:00:00,2377.991058528807,2.0
08/19 06:00:00,2329.564389985043,56.51
08/19 07:00:00,2617.59779634437,217.87
08/19 08:00:00,2656.403892519071,319.52
08/19 09:00:00,2539.388373354697,330.61
08/19 10:00:00,2521.1410783660103,517.95
08/19 11:00:00,2139.34115440616,422.48
08/19 12:00:00,2163.6101644035753,504.21
08/19 13:00:00,2159.1763097618596,366.92
08/19 14:00:00,2147.028141284627,231.58
08/19 15:00:00,2198.1186662913083,190.25
08/19 16:00:00,2038.3241682764415,51.51
08/19 17:00:00,2029.1363858299962,118.56
08/19 18:00:00,1962.2381807678632,35.64
08/19 19:00:00,2057.6596705840793,7.11
08/19 20:00:00,2064.985420381567,0.0
08/19 21:00:00,2045.776181400463,0.0
08/19 22:00:00,1999.5569188325996,0.0
08/19 23:00:00,2007.9443638152545,0.0
08/20 00:00:00,2006.2964452219553,0.0
08/20 01:00:00,2005.4728365937851,0.0
08/20 02:00:00,2011.4750716540982,0.0
08/20 03:00:00,2009.1005836901372,0.0
08/20 04:00:00,2017.4452588680797,0.0
08/20 05:00:00,2105.619585455805,2.0
08/20 06:00:00,2079.52435431738,84.75
08/20 07:00:00,2106.982172761667,141.64
08/20 08:00:00,2095.176618024745,311.32
08/20 09:00:00,2125.857350613192,294.09
08/20 10:00:00,2104.5911260877574,309.53
08/20 11:00:00,2093.716539197867,383.4
08/20 12:00:00,2103.7789128816416,603.09
08/20 13:00:00,2088.405122903209,670.08
08/20 14:00:00,2098.826538083211,602.23
08/20 15:00:00,2107.848823014486,533.98
08/20 16:00:00,2143.984825566116,439.57
08/20 17:00:00,2025.901774160854,331.45
08/20 18:00:00,2061.8533285037697,180.05
08/20 19:00:00,2063.1758289402924,28.37
08/20 20:00:00,2051.4256847803067,0.0
08/20 21:00:00,2004.4686557732896,0.0
08/20 22:00:00,1983.1806108688002,0.0
08/20 23:00:00,2105.2945403737144,0.0
08/21 00:00:00,2133.204396415734,0.0
08/21 01:00:00,2132.233649153271,0.0
08/21 02:00:00,2098.5389301018436,0.0
08/21 03:00:00,2112.825067400556,0.0
08/21 04:00:00,2156.2307506383163,0.0
08/21 05:00:00,2334.009599417228,0.0
08/21 06:00:00,2515.511082520629,16.24
08/21 07:00:00,4020.4434402870843,82.37
08/21 08:00:00,3999.7330704506144,39.43
08/21 09:00:00,3991.0844264724224,31.57
08/21 10:00:00,3967.0043951204116,62.67
08/21 11:00:00,3764.3374575335556,67.75
08/21 12:00:00,3935.1421829913697,70.78
08/21 13:00:00,3916.2524867842894,68.77
08/21 14:00:00,3990.02607841951,75.72
08/21 15:00:00,4041.2709945975603,44.63
08/21 16:00:00,3020.514459477639,41.51
08/21 17:00:00,2557.470215553682,33.36
08/21 18:00:00,2584.355522375716,16.2
08/21 19:00:00,2470.872665102765,2.0
08/21 20:00:00,2466.5211533789497,0.0
08/21 21:00:00,2296.099224047501,0.0
08/21 22:00:00,2237.1425559808545,0.0
08/21 23:00:00,2105.419423240552,0.0
08/22 00:00:00,2112.6757407302184,0.0
08/22 01:00:00,2117.0248570014737,0.0
08/22 02:00:00,2073.5568326686016,0.0
08/22 03:00:00,2098.0363728104953,0.0
08/22 04:00:00,2141.6583895550143,0.0
08/22 05:00:00,2336.097664473048,0.0
08/22 06:00:00,2447.640497613256,17.23
08/22 07:00:00,3838.7280860903315,44.83
08/22 08:00:00,3804.2830993206094,60.86
08/22 09:00:00,3691.7650696807577,107.26
08/22 10:00:00,3716.078253915531,129.68
08/22 11:00:00,3534.3376109857318,242.61
08/22 12:00:00,3724.098795152183,199.96
08/22 13:00:00,3737.4618565335822,100.53
08/22 14:00:00,3803.891361068062,68.71
08/22 15:00:00,3811.980357977626,56.62
08/22 16:00:00,2825.8007386854547,46.5
08/22 17:00:00,2434.302935740658,50.71
08/22 18:00:00,2564.0119012300042,42.99
08/22 19:00:00,2531.353007047575,4.04
08/22 20:00:00,2532.0677026757935,0.0
08/22 21:00:00,2392.515963695313,0.0
08/22 22:00:00,2302.9081377494676,0.0
08/22 23:00:00,2133.549699941124,0.0
08/23 00:00:00,2136.4038907198365,0.0
08/23 01:00:00,2140.2116876623204,0.0
08/23 02:00:00,2111.8421864974152,0.0
08/23 03:00:00,2083.786755345675,0.0
08/23 04:00:00,2145.575293360094,0.0
08/23 05:00:00,2295.2923485839447,1.0
08/23 06:00:00,2450.220810748676,35.58
08/23 07:00:00,3817.8010303882934,251.38
08/23 08:00:00,3862.2304673274616,354.54
08/23 09:00:00,3741.5730404671176,431.38
08/23 10:00:00,3685.501480352501,394.02
08/23 11:00:00,3563.599451877168,557.17
08/23 12:00:00,3805.5684878173556,539.45
08/23 13:00:00,3743.5715237741165,541.61
08/23 14:00:00,3689.6426981551526,414.98
08/23 15:00:00,3718.900409963069,273.81
08/23 16:00:00,2772.5112979199175,214.36
08/23 17:00:00,2397.7179294589982,204.57
08/23 18:00:00,2451.819680892482,101.28
08/23 19:00:00,2446.649210617459,19.61
08/23 20:00:00,2475.6969478850206,0.0
08/23 21:00:00,2392.5287650758337,0.0
08/23 22:00:00,2342.1664617108745,0.0
08/23 23:00:00,2171.547469030404,0.0
08/24 00:00:00,2192.979285682758,0.0
08/24 01:00:00,2225.4522663498783,0.0
08/24 02:00:00,2200.950009058648,0.0
08/24 03:00:00,2189.8383240305966,0.0
08/24 04:00:00,2185.142569474652,0.0
08/24 05:00:00,2348.9527598085356,1.0
08/24 06:00:00,2468.733128035246,71.41
08/24 07:00:00,3918.423323707406,260.39
08/24 08:00:00,3778.1684031098275,381.61
08/24 09:00:00,3721.307669876395,486.14
08/24 10:00:00,3743.846841809042,572.19
08/24 11:00:00,3596.5448282780276,655.79
08/24 12:00:00,3814.851935206832,704.99
08/24 13:00:00,3771.3001866696864,663.07
08/24 14:00:00,3790.0644325878307,582.49
08/24 15:00:00,3811.204856372514,524.91
08/24 16:00:00,2799.342153461655,431.87
08/24 17:00:00,2435.902100516829,317.02
08/24 18:00:00,2512.585972422406,177.87
08/24 19:00:00,2487.141653001448,19.22
08/24 20:00:00,2553.5201550599427,0.0
08/24 21:00:00,2438.9286054782538,0.0
08/24 22:00:00,2404.9986379059283,0.0
08/24 23:00:00,2194.908161999254,0.0
08/25 00:00:00,2193.1428450072217,0.0
08/25 01:00:00,2205.764986355042,0.0
08/25 02:00:00,2210.9722673849656,0.0
08/25 03:00:00,2215.5805084492567,0.0
08/25 04:00:00,2237.0237825715017,0.0
08/25 05:00:00,2413.0447417998503,1.0
08/25 06:00:00,2558.765241701521,77.08
08/25 07:00:00,3981.10206369147,185.41
08/25 08:00:00,3882.3365147807476,154.06
08/25 09:00:00,3760.700099738213,332.7
08/25 10:00:00,3789.5209730967035,431.62
08/25 11:00:00,3625.9798574890465,582.56
08/25 12:00:00,3822.956710310298,507.12
08/25 13:00:00,3817.950508041951,313.8
08/25 14:00:00,3784.571886701102,263.18
08/25 15:00:00,3784.595420271223,244.49
08/25 16:00:00,2838.596725376723,71.97
08/25 17:00:00,2436.1119658269295,57.03
08/25 18:00:00,2543.8823578183324,37.91
08/25 19:00:00,2525.783497595519,6.13
08/25 20:00:00,2538.1359025079055,0.0
08/25 21:00:00,2418.0392089850748,0.0
08/25 22:00:00,2356.4323189379397,0.0
08/25 23:00:00,2050.0505969660094,0.0
08/26 00:00:00,2046.660486600432,0.0
08/26 01:00:00,2050.7170780219913,0.0
08/26 02:00:00,2052.053579676517,0.0
08/26 03:00:00,2030.9503376869638,0.0
08/26 04:00:00,2059.0367176824257,0.0
08/26 05:00:00,2395.009757209838,1.0
08/26 06:00:00,2346.5336721122644,67.39
08/26 07:00:00,2628.2501386168497,220.84
08/26 08:00:00,2631.3969588694204,257.92
08/26 09:00:00,2627.15295410894,181.35
08/26 10:00:00,2603.0679215642517,325.62
08/26 11:00:00,2180.7976262924926,603.83
08/26 12:00:00,2199.332666283431,544.14
08/26 13:00:00,2210.1931112875222,577.23
08/26 14:00:00,2184.5689604908334,560.22
08/26 15:00:00,2199.253454798937,444.35
08/26 16:00:00,2027.0259090860245,422.94
08/26 17:00:00,2030.0858456533633,316.29
08/26 18:00:00,1923.0160761525349,169.94
08/26 19:00:00,2026.4534278290917,12.51
08/26 20:00:00,2057.894444884844,0.0
08/26 21:00:00,2039.7727131109252,0.0
08/26 22:00:00,2034.9573043888072,0.0
08/26 23:00:00,2026.6947514749495,0.0
08/27 00:00:00,2044.010501984791,0.0
08/27 01:00:00,2021.0328540403586,0.0
08/27 02:00:00,2025.6978026618472,0.0
08/27 03:00:00,2016.299138990522,0.0
08/27 04:00:00,2021.0911134300154,0.0
08/27 05:00:00,2147.925804942579,1.0
08/27 06:00:00,2119.869586505172,77.46
08/27 07:00:00,2143.992103699113,247.52
08/27 08:00:00,2136.8723202535757,352.14
08/27 09:00:00,2157.2851200525965,465.52
08/27 10:00:00,2164.617216733901,498.26
08/27 11:00:00,2132.2253349499556,538.6
08/27 12:00:00,2142.664013271373,477.79
08/27 13:00:00,2131.5242386688997,331.18
08/27 14:00:00,2102.8207325288454,579.42
08/27 15:00:00,2104.4889677114,505.45
08/27 16:00:00,2118.7704603479297,400.31
08/27 17:00:00,1973.7086844380992,299.93
08/27 18:00:00,1996.8510537444972,157.38
08/27 19:00:00,2002.8206685267226,9.86
08/27 20:00:00,2004.398573998856,0.0
08/27 21:00:00,1988.286822082464,0.0
08/27 22:00:00,1974.588526848927,0.0
08/27 23:00:00,2121.0699702428187,0.0
08/28 00:00:00,2110.4320888197267,0.0
08/28 01:00:00,2122.088586671501,0.0
08/28 02:00:00,2134.3385425259285,0.0
08/28 03:00:00,2144.5423876331292,0.0
08/28 04:00:00,2160.63295145699,0.0
08/28 05:00:00,2359.433392052404,0.0
08/28 06:00:00,2536.4855872334265,73.69
08/28 07:00:00,4059.4621615762812,243.6
08/28 08:00:00,3965.342247648877,366.69
08/28 09:00:00,3993.560862110672,472.16
08/28 10:00:00,3957.917669492383,554.64
08/28 11:00:00,3773.209105861367,630.38
08/28 12:00:00,3956.13245291725,669.79
08/28 13:00:00,3964.9276289104914,649.68
08/28 14:00:00,3929.30516026408,585.73
08/28 15:00:00,4016.0878673562142,510.93
08/28 16:00:00,2963.721746493488,413.9
08/28 17:00:00,2540.596909101592,281.57
08/28 18:00:00,2561.523253043893,139.88
08/28 19:00:00,2509.323250912274,7.34
08/28 20:00:00,2521.4806000733106,0.0
08/28 21:00:00,2363.2234840508345,0.0
08/28 22:00:00,2305.105863031631,0.0
08/28 23:00:00,2117.2161564811645,0.0
08/29 00:00:00,2115.1430596393143,0.0
08/29 01:00:00,2139.2209708546775,0.0
08/29 02:00:00,2137.1469185684437,0.0
08/29 03:00:00,2148.3881744461455,0.0
08/29 04:00:00,2144.5445561943625,0.0
08/29 05:00:00,2335.848051104647,0.0
08/29 06:00:00,2524.9747707033034,68.97
08/29 07:00:00,3836.922924132104,239.7
08/29 08:00:00,3758.7193232500317,364.45
08/29 09:00:00,3625.4371551502513,465.64
08/29 10:00:00,3617.1105795881795,548.23
08/29 11:00:00,3485.2859848671455,622.17
08/29 12:00:00,3700.1641411469254,661.42
08/29 13:00:00,3695.684632619216,646.24
08/29 14:00:00,3658.339986503141,581.33
08/29 15:00:00,3730.5459972155054,506.2
08/29 16:00:00,2769.442954086852,412.66
08/29 17:00:00,2445.1744608494787,302.58
08/29 18:00:00,2572.9528896310335,150.44
08/29 19:00:00,2547.2764990060145,9.0
08/29 20:00:00,2559.956574960471,0.0
08/29 21:00:00,2442.6501417958475,0.0
08/29 22:00:00,2343.829223568563,0.0
08/29 23:00:00,2175.1542129477207,0.0
08/30 00:00:00,2128.137770626662,0.0
08/30 01:00:00,2146.264358706942,0.0
08/30 02:00:00,2132.059011773649,0.0
08/30 03:00:00,2123.509253250301,0.0
08/30 04:00:00,2176.8841086260936,0.0
08/30 05:00:00,2353.504951227136,0.0
08/30 06:00:00,2476.945987361228,64.31
08/30 07:00:00,3822.3533515231197,236.81
08/30 08:00:00,3738.910631259038,359.34
08/30 09:00:00,3632.188072586533,464.29
08/30 10:00:00,3650.0738919718756,548.69
08/30 11:00:00,3477.069581679763,622.13
08/30 12:00:00,3675.2295834874812,660.96
08/30 13:00:00,3669.7868437352295,643.69
08/30 14:00:00,3636.8695890899744,580.36
08/30 15:00:00,3666.243013078632,505.49
08/30 16:00:00,2756.229234369131,408.57
08/30 17:00:00,2413.8343993259136,298.25
08/30 18:00:00,2487.2731865173864,143.92
08/30 19:00:00,2416.752286086321,7.0
08/30 20:00:00,2429.915536927348,0.0
08/30 21:00:00,2293.292280686065,0.0
08/30 22:00:00,2236.1169080713016,0.0
08/30 23:00:00,2088.205932176025,0.0
08/31 00:00:00,2070.7981556304035,0.0
08/31 01:00:00,2093.0264826540943,0.0
08/31 02:00:00,2078.86175562219,0.0
08/31 03:00:00,2107.124057716625,0.0
08/31 04:00:00,2100.5478237230936,0.0
08/31 05:00:00,2289.528406693234,0.0
08/31 06:00:00,2469.8061107491208,46.58
08/31 07:00:00,3906.3006677404055,174.76
08/31 08:00:00,3708.249697906801,333.18
08/31 09:00:00,3595.800081357356,456.79
08/31 10:00:00,3648.616733948257,526.34
08/31 11:00:00,3508.8111419240627,473.64
08/31 12:00:00,3644.717446833113,503.0
08/31 13:00:00,3627.025388025429,429.56
08/31 14:00:00,3665.053655931349,451.2
08/31 15:00:00,3716.7892870383853,462.29
08/31 16:00:00,2821.6292046941667,399.97
08/31 17:00:00,2452.1725716971155,290.62
08/31 18:00:00,2535.7391264786493,135.63
08/31 19:00:00,2509.401029368003,6.0
08/31 20:00:00,2483.9982395909756,0.0
08/31 21:00:00,2339.3067333069143,0.0
08/31 22:00:00,2257.5237509213175,0.0
08/31 23:00:00,1043.6046165380303,0.0
09/01 00:00:00,1059.3273262779146,0.0
09/01 01:00:00,1044.2881956881035,0.0
09/01 02:00:00,1025.8847243392463,0.0
09/01 03:00:00,1029.9995395162348,0.0
09/01 04:00:00,1068.2081042239163,0.0
09/01 05:00:00,1234.5900867558482,0.0
09/01 06:00:00,1405.7288787363407,71.17
09/01 07:00:00,2761.243735097848,232.09
09/01 08:00:00,2688.235094427165,350.64
09/01 09:00:00,2694.2430124927946,428.8
09/01 10:00:00,2700.1138698093077,550.48
09/01 11:00:00,2519.092080852045,652.75
09/01 12:00:00,2687.6700301011365,614.66
09/01 13:00:00,2680.196209099076,670.55
09/01 14:00:00,2666.759120142935,548.7
09/01 15:00:00,2687.150681947832,497.88
09/01 16:00:00,1751.8349917295272,363.87
09/01 17:00:00,1368.9104601230808,245.27
09/01 18:00:00,1435.3869060637157,71.81
09/01 19:00:00,1365.5548639130259,1.0
09/01 20:00:00,1347.2034078816016,0.0
09/01 21:00:00,1233.5446470613647,0.0
09/01 22:00:00,1180.8400345808966,0.0
09/01 23:00:00,898.8395720018688,0.0
09/02 00:00:00,877.3105132923607,0.0
09/02 01:00:00,875.865473965088,0.0
09/02 02:00:00,882.9931987750871,0.0
09/02 03:00:00,888.5391005552171,0.0
09/02 04:00:00,900.3877365172456,0.0
09/02 05:00:00,1216.13204149672,0.0
09/02 06:00:00,1197.1100856414164,15.37
09/02 07:00:00,1541.8202997524118,39.71
09/02 08:00:00,1559.486496518928,55.78
09/02 09:00:00,1529.11672067892,99.1
09/02 10:00:00,1549.943593532564,98.89
09/02 11:00:00,1144.7903616033448,81.4
09/02 12:00:00,1158.482709254035,77.73
09/02 13:00:00,1161.329828578505,52.72
09/02 14:00:00,1166.2367903006498,39.66
09/02 15:00:00,1175.3444618469925,67.14
09/02 16:00:00,1000.8470904765426,56.89
09/02 17:00:00,990.5942985449288,189.56
09/02 18:00:00,892.8145253339602,12.14
09/02 19:00:00,901.3149398280319,0.0
09/02 20:00:00,922.8381385367295,0.0
09/02 21:00:00,906.4538803849663,0.0
09/02 22:00:00,907.6578121428311,0.0
09/02 23:00:00,894.128541383479,0.0
09/03 00:00:00,895.3444842753917,0.0
09/03 01:00:00,905.7279435984627,0.0
09/03 02:00:00,898.0166103869431,0.0
09/03 03:00:00,906.8845088630246,0.0
09/03 04:00:00,910.0095048939996,0.0
09/03 05:00:00,1021.9517103585822,0.0
09/03 06:00:00,1019.809813721183,53.2
09/03 07:00:00,1021.6707443716059,191.04
09/03 08:00:00,1001.6421720279222,345.22
09/03 09:00:00,1015.355058437225,364.14
09/03 10:00:00,1032.5320971627891,415.15
09/03 11:00:00,1037.2780762674017,433.42
09/03 12:00:00,1026.5305511836223,404.17
09/03 13:00:00,1012.4519958515621,402.37
09/03 14:00:00,1014.1412411024546,419.44
09/03 15:00:00,1038.8298577510607,486.86
09/03 16:00:00,1036.8779249154504,386.54
09/03 17:00:00,915.4043629640202,218.3
09/03 18:00:00,921.8020813848178,123.66
09/03 19:00:00,919.2681482357362,3.0
09/03 20:00:00,914.2330395658983,0.0
09/03 21:00:00,890.6131352856012,0.0
09/03 22:00:00,873.9385759816394,0.0
09/03 23:00:00,872.0471276063192,0.0
09/04 00:00:00,882.2254453292953,0.0
09/04 01:00:00,882.0799716337266,0.0
09/04 02:00:00,883.6092790777918,0.0
09/04 03:00:00,870.7962722077731,0.0
09/04 04:00:00,898.6870203214829,0.0
09/04 05:00:00,1008.6514568686176,0.0
09/04 06:00:00,977.014947342453,19.79
09/04 07:00:00,993.8036361789356,221.2
09/04 08:00:00,984.9361740724374,252.25
09/04 09:00:00,994.8677612908901,448.25
09/04 10:00:00,1012.5253256924298,544.78
09/04 11:00:00,1019.4518835412734,562.4
09/04 12:00:00,1007.9328443185261,596.17
09/04 13:00:00,1033.5051075738902,671.63
09/04 14:00:00,1030.9490856659602,595.38
09/04 15:00:00,1038.3774169065216,481.75
09/04 16:00:00,1030.925983903265,346.73
09/04 17:00:00,929.8805464698928,238.45
09/04 18:00:00,922.2766371530522,122.44
09/04 19:00:00,933.6952258291068,3.0
09/04 20:00:00,910.0453492402314,0.0
09/04 21:00:00,890.0610905497088,0.0
09/04 22:00:00,880.1946863194705,0.0
09/04 23:00:00,1029.1092159553841,0.0
09/05 00:00:00,1023.9282893811409,0.0
09/05 01:00:00,1028.1531892240941,0.0
09/05 02:00:00,1023.9685674282324,0.0
09/05 03:00:00,1028.7062761008376,0.0
09/05 04:00:00,1034.384675271189,0.0
09/05 05:00:00,1222.0809851120318,0.0
09/05 06:00:00,1412.8445608811917,51.5
09/05 07:00:00,2767.8138374333707,191.44
09/05 08:00:00,2706.7509610754496,205.14
09/05 09:00:00,2615.2921807640046,169.7
09/05 10:00:00,2620.5495707811324,227.82
09/05 11:00:00,2482.195637481185,174.5
09/05 12:00:00,2660.2207758204445,239.9
09/05 13:00:00,2672.1604375616917,160.22
09/05 14:00:00,2641.3141134098837,150.54
09/05 15:00:00,2651.5830221083347,92.66
09/05 16:00:00,1760.6589825856154,68.29
09/05 17:00:00,1415.7549695308303,26.28
09/05 18:00:00,1495.6931096485723,31.97
09/05 19:00:00,1402.2518623136327,1.0
09/05 20:00:00,1344.1282971443552,0.0
09/05 21:00:00,1245.5176906029787,0.0
09/05 22:00:00,1174.4921760794643,0.0
09/05 23:00:00,1019.0422107153362,0.0
09/06 00:00:00,1005.4052280453166,0.0
09/06 01:00:00,1015.6442433152058,0.0
09/06 02:00:00,1002.0022578188428,0.0
09/06 03:00:00,998.5355565985703,0.0
09/06 04:00:00,1015.4914040059153,0.0
09/06 05:00:00,1216.7430642877018,0.0
09/06 06:00:00,1383.8310401246592,14.4
09/06 07:00:00,2746.1769794777742,76.4
09/06 08:00:00,2666.3075573293854,119.98
09/06 09:00:00,2618.6971457169093,208.27
09/06 10:00:00,2630.6958866986392,192.2
09/06 11:00:00,2451.304398130166,349.92
09/06 12:00:00,2636.7701909959655,585.45
09/06 13:00:00,2600.4096435660945,611.44
09/06 14:00:00,2635.478064988888,570.89
09/06 15:00:00,2677.1409864443644,461.87
09/06 16:00:00,1727.9914695749608,365.78
09/06 17:00:00,1340.2306459718961,251.55
09/06 18:00:00,1400.6579954985386,108.18
09/06 19:00:00,1323.3362438700315,2.0
09/06 20:00:00,1357.867775520516,0.0
09/06 21:00:00,1224.5985584637324,0.0
09/06 22:00:00,1156.1787979186656,0.0
09/06 23:00:00,1024.9210613437626,0.0
09/07 00:00:00,1008.466441570611,0.0
09/07 01:00:00,1002.7677125240326,0.0
09/07 02:00:00,994.5305313231911,0.0
09/07 03:00:00,996.9760594231021,0.0
09/07 04:00:00,1024.0215841555412,0.0
09/07 05:00:00,1198.5010265712424,0.0
09/07 06:00:00,1365.8145039552876,37.05
09/07 07:00:00,2717.1824916764704,199.54
09/07 08:00:00,2672.5969119706515,322.9
09/07 09:00:00,2650.3286037937355,423.47
09/07 10:00:00,2679.7751757226893,538.2
09/07 11:00:00,2503.4399926486476,618.33
09/07 12:00:00,2681.417515347632,662.05
09/07 13:00:00,2671.121443753687,635.95
09/07 14:00:00,2811.9468157161064,566.58
09/07 15:00:00,2802.565834165333,463.69
09/07 16:00:00,1722.154109953123,366.06
09/07 17:00:00,1351.0070806585568,240.86
09/07 18:00:00,1427.5053993585273,101.17
09/07 19:00:00,1332.7730628231297,1.0
09/07 20:00:00,1331.8266474968666,0.0
09/07 21:00:00,1198.826031707415,0.0
09/07 22:00:00,1174.0915920897123,0.0
09/07 23:00:00,1002.5000164938441,0.0
09/08 00:00:00,1016.5112236334696,0.0
09/08 01:00:00,1026.2525646958986,0.0
09/08 02:00:00,1020.4019000774098,0.0
09/08 03:00:00,998.6288428407001,0.0
09/08 04:00:00,1029.7844383493837,0.0
09/08 05:00:00,1197.708929857249,0.0
09/08 06:00:00,1396.420071264364,13.39
09/08 07:00:00,2768.9085278208595,34.64
09/08 08:00:00,2726.8996526972132,57.1
09/08 09:00:00,2916.5956886494414,140.5
09/08 10:00:00,2976.3240646428676,250.18
09/08 11:00:00,2791.9304079018766,184.75
09/08 12:00:00,3025.433507892208,134.81
09/08 13:00:00,3019.9730846007865,243.47
09/08 14:00:00,3018.093845262779,435.36
09/08 15:00:00,3052.4230176762753,321.76
09/08 16:00:00,1909.7438853741971,129.79
09/08 17:00:00,1342.091068993903,180.01
09/08 18:00:00,1383.276409705472,96.17
09/08 19:00:00,1332.285473064392,1.0
09/08 20:00:00,1313.014832593881,0.0
09/08 21:00:00,1191.0017978390545,0.0
09/08 22:00:00,1139.3547416625252,0.0
09/08 23:00:00,876.8419005634763,0.0
09/09 00:00:00,876.5411645269543,0.0
09/09 01:00:00,879.3092357944588,1.0
09/09 02:00:00,875.4437082646001,0.0
09/09 03:00:00,864.3074893761292,0.0
09/09 04:00:00,876.29879607008,0.0
09/09 05:00:00,1201.5756108967553,0.0
09/09 06:00:00,1225.7092827035885,14.63
09/09 07:00:00,1551.1804237204838,58.08
09/09 08:00:00,1528.7843935726355,114.43
09/09 09:00:00,1514.386080077756,200.87
09/09 10:00:00,1530.0538728641823,306.47
09/09 11:00:00,1139.6723660385846,317.53
09/09 12:00:00,1145.7401724941235,193.98
09/09 13:00:00,1135.4799498979864,114.05
09/09 14:00:00,1136.5147764782214,75.26
09/09 15:00:00,1132.4218642331996,76.07
09/09 16:00:00,971.957619356762,40.41
09/09 17:00:00,969.8278903898795,54.3
09/09 18:00:00,887.6125098754836,17.29
09/09 19:00:00,899.6247956837683,0.0
09/09 20:00:00,904.1696252970985,0.0
09/09 21:00:00,862.1025649605897,0.0
09/09 22:00:00,878.6581063896681,0.0
09/09 23:00:00,862.4771910225204,0.0
09/10 00:00:00,852.2052565871586,0.0
09/10 01:00:00,869.965399049607,0.0
09/10 02:00:00,869.6232758330642,0.0
09/10 03:00:00,868.716065891982,0.0
09/10 04:00:00,868.721815161132,0.0
09/10 05:00:00,984.9217095421999,0.0
09/10 06:00:00,988.0681165095402,1.0
09/10 07:00:00,990.3456582671278,14.2
09/10 08:00:00,955.9276595888473,55.07
09/10 09:00:00,987.0337105870065,48.49
09/10 10:00:00,1006.4828061015282,92.79
09/10 11:00:00,1006.025938475535,108.0
09/10 12:00:00,1002.4918519725792,98.39
09/10 13:00:00,986.266988083099,325.38
09/10 14:00:00,979.6793910233564,521.29
09/10 15:00:00,998.7958627703462,454.75
09/10 16:00:00,1008.7023044361737,353.76
09/10 17:00:00,877.4490986436905,240.09
09/10 18:00:00,888.3329845787829,81.67
09/10 19:00:00,893.7954162884292,0.0
09/10 20:00:00,893.9318779481692,0.0
09/10 21:00:00,876.1633657267728,0.0
09/10 22:00:00,859.8003190326614,0.0
09/10 23:00:00,1006.2165082533671,0.0
09/11 00:00:00,1007.5079452683248,0.0
09/11 01:00:00,1007.3955376778168,0.0
09/11 02:00:00,995.907387307277,0.0
09/11 03:00:00,1013.503151578262,0.0
09/11 04:00:00,1030.5458914287935,0.0
09/11 05:00:00,1208.377144863316,0.0
09/11 06:00:00,1423.13159446638,25.99
09/11 07:00:00,2813.1375326666052,201.12
09/11 08:00:00,2803.015061797643,322.58
09/11 09:00:00,2693.3287351268073,420.39
09/11 10:00:00,2722.023002507279,528.35
09/11 11:00:00,2629.541559319729,610.74
09/11 12:00:00,2811.9541188489757,650.77
09/11 13:00:00,2779.602077970379,625.84
09/11 14:00:00,2747.2475805711706,551.17
09/11 15:00:00,2754.3117366325246,453.12
09/11 16:00:00,1788.5668736368289,349.92
09/11 17:00:00,1386.3506302842911,237.35
09/11 18:00:00,1382.240948713835,74.99
09/11 19:00:00,1296.4484407413436,0.0
09/11 20:00:00,1309.855809757307,0.0
09/11 21:00:00,1199.7908094974289,0.0
09/11 22:00:00,1142.2765905410051,0.0
09/11 23:00:00,993.7775470870647,0.0
09/12 00:00:00,985.710750466763,0.0
09/12 01:00:00,1002.0973779056051,0.0
09/12 02:00:00,996.212331014935,0.0
09/12 03:00:00,1000.3137832525202,0.0
09/12 04:00:00,1013.2786078008304,0.0
09/12 05:00:00,1182.9986468351851,0.0
09/12 06:00:00,1366.1075263208597,23.13
09/12 07:00:00,2707.1762205196346,183.15
09/12 08:00:00,2660.127184585704,318.04
09/12 09:00:00,2603.9967052713455,410.08
09/12 10:00:00,2646.880716704453,428.31
09/12 11:00:00,2453.61864310744,257.04
09/12 12:00:00,2577.081094263107,612.41
09/12 13:00:00,2551.284101983823,361.54
09/12 14:00:00,2534.1119486318416,377.62
09/12 15:00:00,2613.5158204479467,255.09
09/12 16:00:00,1759.3546309409396,161.28
09/12 17:00:00,1359.9985676158963,94.75
09/12 18:00:00,1387.1457756123539,11.16
09/12 19:00:00,1322.6665659817002,0.0
09/12 20:00:00,1306.1408417428697,0.0
09/12 21:00:00,1185.5564514800508,0.0
09/12 22:00:00,1133.5920449188015,0.0
09/12 23:00:00,987.1380583031209,0.0
09/13 00:00:00,985.9220777839058,0.0
09/13 01:00:00,990.6701311037443,0.0
09/13 02:00:00,977.7234877965132,0.0
09/13 03:00:00,985.8754873902719,0.0
09/13 04:00:00,1010.6363421310815,0.0
09/13 05:00:00,1201.5431233025747,0.0
09/13 06:00:00,1397.6983918803724,9.31
09/13 07:00:00,2800.096618220305,57.3
09/13 08:00:00,2640.8622702705734,63.38
09/13 09:00:00,2784.0662835749267,121.83
09/13 10:00:00,2676.3596103593736,210.84
09/13 11:00:00,2505.998569575458,201.13
09/13 12:00:00,2698.6954702210173,126.72
09/13 13:00:00,2683.577987061273,86.33
09/13 14:00:00,2676.0864302245304,75.21
09/13 15:00:00,2684.5013651867557,116.07
09/13 16:00:00,1737.213035619828,39.38
09/13 17:00:00,1361.5100139483402,27.47
09/13 18:00:00,1413.777420866503,8.07
09/13 19:00:00,1337.1016794131822,0.0
09/13 20:00:00,1324.8080435809386,0.0
09/13 21:00:00,1231.5729980162073,0.0
09/13 22:00:00,1154.471163041987,0.0
09/13 23:00:00,997.2152149301176,0.0
09/14 00:00:00,997.8355512325437,0.0
09/14 01:00:00,1004.6513821620957,0.0
09/14 02:00:00,1017.8888408445072,0.0
09/14 03:00:00,1005.4608840764024,0.0
09/14 04:00:00,1037.0845790795381,0.0
09/14 05:00:00,1213.7929911908732,0.0
09/14 06:00:00,1406.2177461145734,20.63
09/14 07:00:00,2738.553609090196,189.52
09/14 08:00:00,2635.1825652013663,314.64
09/14 09:00:00,2607.380804051711,416.04
09/14 10:00:00,2592.2231924862067,513.81
09/14 11:00:00,2434.2441009404015,597.5
09/14 12:00:00,2619.214454235322,633.65
09/14 13:00:00,2633.4312280596537,612.42
09/14 14:00:00,2899.6102125552634,540.7
09/14 15:00:00,3011.736688506087,437.54
09/14 16:00:00,1915.4248070840451,338.37
09/14 17:00:00,1331.5828687514706,221.55
09/14 18:00:00,1362.088301039033,55.93
09/14 19:00:00,1345.6781156103327,0.0
09/14 20:00:00,1323.5071277775628,0.0
09/14 21:00:00,1205.723606264527,0.0
09/14 22:00:00,1157.5540170963814,0.0
09/14 23:00:00,992.0107500967605,0.0
09/15 00:00:00,1020.495418053196,0.0
09/15 01:00:00,1008.9232204169148,0.0
09/15 02:00:00,1018.6102287157241,0.0
09/15 03:00:00,1004.4422417343858,0.0
09/15 04:00:00,1025.2930141410795,0.0
09/15 05:00:00,1246.183163693291,0.0
09/15 06:00:00,1404.2611346688238,8.54
09/15 07:00:00,2697.168937896193,72.13
09/15 08:00:00,2666.344389027133,143.8
09/15 09:00:00,2540.3345643660195,242.76
09/15 10:00:00,2596.2193615250144,458.51
09/15 11:00:00,2477.7475550934378,435.68
09/15 12:00:00,2639.6459468812895,543.25
09/15 13:00:00,2567.7759366067708,350.51
09/15 14:00:00,2580.039298786584,183.34
09/15 15:00:00,2554.3409801756698,142.5
09/15 16:00:00,1682.6392510368862,90.61
09/15 17:00:00,1315.46556635884,27.45
09/15 18:00:00,1369.4208998974095,6.06
09/15 19:00:00,1307.208315984389,0.0
09/15 20:00:00,1305.316973969414,0.0
09/15 21:00:00,1213.0378807247926,0.0
09/15 22:00:00,1146.7899601959357,0.0
09/15 23:00:00,870.3598770688603,0.0
09/16 00:00:00,866.9974891418676,0.0
09/16 01:00:00,869.6656186519216,0.0
09/16 02:00:00,857.8349387718118,1.0
09/16 03:00:00,864.3157103494633,0.0
09/16 04:00:00,879.483883115393,0.0
09/16 05:00:00,1197.5403296708137,0.0
09/16 06:00:00,1169.268913045787,17.39
09/16 07:00:00,1519.3733341052427,183.04
09/16 08:00:00,1507.0983935039276,305.29
09/16 09:00:00,1502.8343147759908,365.13
09/16 10:00:00,1541.5749130960762,472.47
09/16 11:00:00,1164.1140663906924,481.45
09/16 12:00:00,1157.9514524144026,507.94
09/16 13:00:00,1203.3701157348482,516.27
09/16 14:00:00,1215.306032141447,428.99
09/16 15:00:00,1148.8090157285105,344.11
09/16 16:00:00,993.5843879703289,304.82
09/16 17:00:00,931.8202089428472,143.67
09/16 18:00:00,846.5792998916376,12.27
09/16 19:00:00,872.4495189786643,0.0
09/16 20:00:00,886.0444670420719,0.0
09/16 21:00:00,864.6905927324038,0.0
09/16 22:00:00,837.4639318645717,0.0
09/16 23:00:00,846.4374881006501,0.0
09/17 00:00:00,861.1525926668546,0.0
09/17 01:00:00,876.1157635095343,0.0
09/17 02:00:00,861.0935524062685,0.0
09/17 03:00:00,864.5064081843535,0.0
09/17 04:00:00,890.9328691580612,0.0
09/17 05:00:00,983.1712090569349,0.0
09/17 06:00:00,972.7146118170236,7.92
09/17 07:00:00,1022.535766006108,61.32
09/17 08:00:00,1015.7264350729367,104.93
09/17 09:00:00,1006.4745714592868,396.27
09/17 10:00:00,1003.0788865945729,497.94
09/17 11:00:00,1017.9351423445643,576.23
09/17 12:00:00,1026.1104381767673,609.1
09/17 13:00:00,1026.8810470843364,579.48
09/17 14:00:00,1018.0520173407367,497.86
09/17 15:00:00,1037.5687654591331,414.8
09/17 16:00:00,1011.1130203832636,327.96
09/17 17:00:00,878.5794222974861,206.19
09/17 18:00:00,903.0370406545693,27.44
09/17 19:00:00,901.0396192956268,0.0
09/17 20:00:00,882.3752978260221,0.0
09/17 21:00:00,859.8056473504341,0.0
09/17 22:00:00,882.5592421341637,0.0
09/17 23:00:00,1005.1960441605703,0.0
09/18 00:00:00,988.7694404920122,0.0
09/18 01:00:00,1026.4741977925078,0.0
09/18 02:00:00,994.1775538730367,0.0
09/18 03:00:00,1006.7957142708643,0.0
09/18 04:00:00,1051.8490648208242,0.0
09/18 05:00:00,1202.7866782740434,0.0
09/18 06:00:00,1407.6790322169775,10.51
09/18 07:00:00,2856.4494946392088,148.54
09/18 08:00:00,2762.7313374645737,285.21
09/18 09:00:00,2776.135014520275,393.37
09/18 10:00:00,2787.438226401551,436.63
09/18 11:00:00,2576.692768024957,477.66
09/18 12:00:00,2770.155725017098,572.96
09/18 13:00:00,2827.075193227837,461.48
09/18 14:00:00,2834.2627819325726,479.25
09/18 15:00:00,2920.2469070075886,416.92
09/18 16:00:00,1880.8817070082628,310.15
09/18 17:00:00,1408.1855713221566,196.75
09/18 18:00:00,1459.2036709239808,23.83
09/18 19:00:00,1379.0567226895453,0.0
09/18 20:00:00,1354.1253593829501,0.0
09/18 21:00:00,1268.5627103647134,0.0
09/18 22:00:00,1183.7481223472287,0.0
09/18 23:00:00,1032.2579226872128,0.0
09/19 00:00:00,1065.9482757675537,0.0
09/19 01:00:00,1059.2526657203246,0.0
09/19 02:00:00,1046.3176439140882,0.0
09/19 03:00:00,1081.2521024489188,0.0
09/19 04:00:00,1066.1143840414995,0.0
09/19 05:00:00,1276.3436137999843,0.0
09/19 06:00:00,1474.2744655790036,9.18
09/19 07:00:00,2836.0799802307506,153.86
09/19 08:00:00,3071.3004750532955,238.42
09/19 09:00:00,2929.949166705522,300.58
09/19 10:00:00,2926.7799595697074,472.27
09/19 11:00:00,2751.8265585890485,529.41
09/19 12:00:00,2917.082846444435,592.61
09/19 13:00:00,2891.1081507292834,570.07
09/19 14:00:00,2910.8942381299557,503.32
09/19 15:00:00,2962.5376495564205,410.52
09/19 16:00:00,1946.349502685307,315.82
09/19 17:00:00,1538.1364261763035,195.41
09/19 18:00:00,1692.3882844401178,23.82
09/19 19:00:00,1648.8805945915185,0.0
09/19 20:00:00,1642.2480697368574,0.0
09/19 21:00:00,1521.6912757423,0.0
09/19 22:00:00,1443.9326214411008,0.0
09/19 23:00:00,1249.604571236597,0.0
09/20 00:00:00,1268.680765981089,0.0
09/20 01:00:00,1262.2866035795405,0.0
09/20 02:00:00,1252.8495058693281,0.0
09/20 03:00:00,1262.0847593283042,0.0
09/20 04:00:00,1290.2892103525107,0.0
09/20 05:00:00,1500.4886078715365,0.0
09/20 06:00:00,1751.5928333631068,10.0
09/20 07:00:00,3297.0546658938115,91.04
09/20 08:00:00,3142.5644308746505,195.64
09/20 09:00:00,2959.1137897031163,332.57
09/20 10:00:00,2914.5067785740716,407.32
09/20 11:00:00,2761.0040422327015,497.76
09/20 12:00:00,2949.409039731096,286.35
09/20 13:00:00,2903.6919490326704,325.28
09/20 14:00:00,2900.1124771582377,294.73
09/20 15:00:00,2932.0316797061732,153.54
09/20 16:00:00,1925.2484445232712,56.03
09/20 17:00:00,1562.07114722018,19.19
09/20 18:00:00,1669.0066676840365,5.06
09/20 19:00:00,1596.198373804712,0.0
09/20 20:00:00,1593.1930188055521,0.0
09/20 21:00:00,1492.4555331732895,0.0
09/20 22:00:00,1467.8115886204062,0.0
09/20 23:00:00,1266.3175027075536,0.0
09/21 00:00:00,1274.9682590884013,0.0
09/21 01:00:00,1284.7477055498632,0.0
09/21 02:00:00,1282.1009316729587,0.0
09/21 03:00:00,1290.807463043583,0.0
09/21 04:00:00,1305.674872177294,0.0
09/21 05:00:00,1538.1067414777199,0.0
09/21 06:00:00,1770.2624195471653,9.0
09/21 07:00:00,3396.7649279555303,61.1
09/21 08:00:00,3172.864679119073,27.31
09/21 09:00:00,2967.6157907060347,76.33
09/21 10:00:00,2906.517202952731,88.64
09/21 11:00:00,2753.0127607048744,211.66
09/21 12:00:00,2916.1703558711197,142.83
09/21 13:00:00,2927.9834066222097,92.24
09/21 14:00:00,2893.6616394327784,73.12
09/21 15:00:00,2972.8916441348747,51.47
09/21 16:00:00,1945.086119437997,48.67
09/21 17:00:00,1579.4925432445139,21.19
09/21 18:00:00,1662.8763252585998,9.42
09/21 19:00:00,1589.8489525094137,0.0
09/21 20:00:00,1587.8144029078062,0.0
09/21 21:00:00,1470.2972554965356,0.0
09/21 22:00:00,1448.0421239148268,0.0
09/21 23:00:00,1264.4963196813897,0.0
09/22 00:00:00,1268.8174430793965,0.0
09/22 01:00:00,1265.8021793289288,0.0
09/22 02:00:00,1276.1621873930596,0.0
09/22 03:00:00,1268.0927679337917,0.0
09/22 04:00:00,1309.0903472279333,0.0
09/22 05:00:00,1525.144058100235,0.0
09/22 06:00:00,1773.3374896686396,6.0
09/22 07:00:00,3363.2927202477777,57.53
09/22 08:00:00,3173.0314483691855,130.35
09/22 09:00:00,2988.7461061737386,258.93
09/22 10:00:00,2949.5602603635703,198.48
09/22 11:00:00,2440.717391490052,117.44
09/22 12:00:00,2652.7795484500575,142.8
09/22 13:00:00,2617.1981289915216,117.46
09/22 14:00:00,2621.1626695516684,61.56
09/22 15:00:00,2650.7794540326445,46.46
09/22 16:00:00,1769.1464398307398,18.33
09/22 17:00:00,1378.373971512372,17.18
09/22 18:00:00,1421.7215700141674,13.71
09/22 19:00:00,1341.7904380095877,0.0
09/22 20:00:00,1320.409656246415,0.0
09/22 21:00:00,1225.2678700956556,0.0
09/22 22:00:00,1200.1708715034474,0.0
09/22 23:00:00,916.4425732339721,0.0
09/23 00:00:00,901.5538324286347,0.0
09/23 01:00:00,912.8881695891789,0.0
09/23 02:00:00,904.7810268314335,0.0
09/23 03:00:00,919.1448187353058,0.0
09/23 04:00:00,927.5485489895736,0.0
09/23 05:00:00,1271.476104717659,0.0
09/23 06:00:00,1244.5090894894265,4.0
09/23 07:00:00,1604.1449315806854,24.45
09/23 08:00:00,1578.6817657741692,42.6
09/23 09:00:00,1508.557900266435,81.74
09/23 10:00:00,1509.6436715094885,144.84
09/23 11:00:00,1133.8561915010239,266.36
09/23 12:00:00,1141.4615900852482,239.35
09/23 13:00:00,1137.2748741089138,306.52
09/23 14:00:00,1130.7542483246993,348.99
09/23 15:00:00,1144.842502605799,378.25
09/23 16:00:00,989.8040632015441,255.12
09/23 17:00:00,964.8120381753121,173.45
09/23 18:00:00,890.3453362497589,11.94
09/23 19:00:00,907.7965449461428,0.0
09/23 20:00:00,907.4575223258532,0.0
09/23 21:00:00,919.3190841166287,0.0
09/23 22:00:00,908.9448469208708,0.0
09/23 23:00:00,891.8500399755474,0.0
09/24 00:00:00,892.040641043008,0.0
09/24 01:00:00,895.5126592871966,0.0
09/24 02:00:00,873.421150725593,0.0
09/24 03:00:00,900.9383513959305,0.0
09/24 04:00:00,900.0603656077377,0.0
09/24 05:00:00,1002.1843925742202,0.0
09/24 06:00:00,991.9401097180107,2.0
09/24 07:00:00,1002.978688711332,56.91
09/24 08:00:00,1010.4553292496821,184.68
09/24 09:00:00,1038.5624699669324,276.3
09/24 10:00:00,1026.9180556049168,348.72
09/24 11:00:00,1017.144597083338,416.12
09/24 12:00:00,1026.5264712482578,243.46
09/24 13:00:00,1035.298326558084,269.63
09/24 14:00:00,1035.6076114502812,108.73
09/24 15:00:00,1014.3364917596731,109.13
09/24 16:00:00,1034.4999095974035,32.32
09/24 17:00:00,911.2177815230208,14.17
09/24 18:00:00,904.3767447877681,2.02
09/24 19:00:00,904.155403381675,0.0
09/24 20:00:00,908.6894176400702,0.0
09/24 21:00:00,893.8872945344162,0.0
09/24 22:00:00,881.0437467040516,0.0
09/24 23:00:00,1023.0558669956403,0.0
09/25 00:00:00,1003.274398472512,0.0
09/25 01:00:00,1003.1683415843515,0.0
09/25 02:00:00,1012.2455496472774,0.0
09/25 03:00:00,1003.8608640056734,0.0
09/25 04:00:00,1033.4169088241756,0.0
09/25 05:00:00,1214.0057793898325,0.0
09/25 06:00:00,1439.6289667229353,1.0
09/25 07:00:00,2951.835231585023,9.14
09/25 08:00:00,2822.5797580689514,45.88
09/25 09:00:00,2817.6551742194174,71.28
09/25 10:00:00,2831.109874632993,49.53
09/25 11:00:00,2603.4511922789156,71.19
09/25 12:00:00,2833.6930689529704,63.62
09/25 13:00:00,2823.1307822886292,45.6
09/25 14:00:00,2783.176228236624,42.54
09/25 15:00:00,2804.0166298696836,59.88
09/25 16:00:00,1829.8146801493858,39.63
09/25 17:00:00,1368.8989322891857,75.92
09/25 18:00:00,1420.621484672424,2.0
09/25 19:00:00,1319.1548700822432,0.0
09/25 20:00:00,1286.4277304893715,0.0
09/25 21:00:00,1188.147410661147,0.0
09/25 22:00:00,1147.9337688906053,0.0
09/25 23:00:00,1009.9169122656202,0.0
09/26 00:00:00,976.7898642966268,0.0
09/26 01:00:00,993.2190093838964,0.0
09/26 02:00:00,997.3834190476973,0.0
09/26 03:00:00,978.8668087771445,0.0
09/26 04:00:00,1021.032392860602,0.0
09/26 05:00:00,1206.1131348367376,0.0
09/26 06:00:00,1407.406364999452,2.0
09/26 07:00:00,2730.256076859719,38.36
09/26 08:00:00,2595.487808539017,110.51
09/26 09:00:00,2540.542137775712,345.83
09/26 10:00:00,2557.3646439735594,452.76
09/26 11:00:00,2405.2691294309634,403.04
09/26 12:00:00,2601.0394928191804,493.71
09/26 13:00:00,2531.9873282329295,478.51
09/26 14:00:00,2556.033772615542,271.88
09/26 15:00:00,2603.7238731702046,189.42
09/26 16:00:00,1672.148207274734,182.31
09/26 17:00:00,1297.9697800459414,36.93
09/26 18:00:00,1382.8554935150353,9.0
09/26 19:00:00,1325.5911229299215,0.0
09/26 20:00:00,1340.3221498699218,0.0
09/26 21:00:00,1214.3960111473023,0.0
09/26 22:00:00,1135.5392122376104,0.0
09/26 23:00:00,1007.1272960811222,0.0
09/27 00:00:00,1005.6653981824758,0.0
09/27 01:00:00,1009.4129025063262,0.0
09/27 02:00:00,978.0072572503943,0.0
09/27 03:00:00,1004.8732401929525,0.0
09/27 04:00:00,1034.047687455328,0.0
09/27 05:00:00,1211.1589056392102,0.0
09/27 06:00:00,1464.0072539118948,7.0
09/27 07:00:00,2854.0587990251715,128.11
09/27 08:00:00,2763.460706761327,241.38
09/27 09:00:00,2715.646625056835,350.6
09/27 10:00:00,2693.5769648467553,453.52
09/27 11:00:00,2486.382255722552,519.39
09/27 12:00:00,2701.3839032128435,490.1
09/27 13:00:00,2694.9124623921407,297.01
09/27 14:00:00,2710.921043665326,267.94
09/27 15:00:00,2703.5229478021165,312.96
09/27 16:00:00,1761.6537915578801,260.68
09/27 17:00:00,1363.5383948587153,77.44
09/27 18:00:00,1389.4034704634546,4.0
09/27 19:00:00,1308.1255836863038,0.0
09/27 20:00:00,1272.3043229715072,0.0
09/27 21:00:00,1159.3532727858583,0.0
09/27 22:00:00,1136.8388151408467,0.0
09/27 23:00:00,984.5828721727624,0.0
09/28 00:00:00,989.5831188921891,0.0
09/28 01:00:00,990.0004730840125,0.0
09/28 02:00:00,983.0991252237193,0.0
09/28 03:00:00,977.7633227177223,0.0
09/28 04:00:00,1015.323662012391,0.0
09/28 05:00:00,1194.8479984014484,0.0
09/28 06:00:00,1398.8009246923693,5.0
09/28 07:00:00,2655.9208382385323,90.67
09/28 08:00:00,2644.3143702871807,166.27
09/28 09:00:00,2603.0328814124564,234.05
09/28 10:00:00,2928.590584039459,296.02
09/28 11:00:00,2756.1266183137272,398.62
09/28 12:00:00,2914.0347801821663,348.24
09/28 13:00:00,2885.689187101019,342.1
09/28 14:00:00,2886.150066340998,366.42
09/28 15:00:00,2898.0833460826602,320.89
09/28 16:00:00,1723.5303803673742,219.32
09/28 17:00:00,1328.308388677814,92.02
09/28 18:00:00,1413.8102076360094,2.0
09/28 19:00:00,1337.8503749703652,0.0
09/28 20:00:00,1343.2218787491288,0.0
09/28 21:00:00,1227.7824362144906,0.0
09/28 22:00:00,1184.6187123398306,0.0
09/28 23:00:00,1028.8308239816338,0.0
09/29 00:00:00,1037.064880543882,0.0
09/29 01:00:00,1009.3161576267037,0.0
09/29 02:00:00,1006.5849994495464,0.0
09/29 03:00:00,1009.9954381947937,0.0
09/29 04:00:00,1022.0865890340133,0.0
09/29 05:00:00,1217.9940701708501,0.0
09/29 06:00:00,1411.828877572862,4.0
09/29 07:00:00,2640.0121479412837,100.19
09/29 08:00:00,2595.5907121843434,179.02
09/29 09:00:00,2565.8381461561107,294.1
09/29 10:00:00,2843.144349620199,218.32
09/29 11:00:00,2690.534332615927,280.97
09/29 12:00:00,2880.127901939439,428.7
09/29 13:00:00,2938.084529838194,402.51
09/29 14:00:00,2908.977324708702,348.36
09/29 15:00:00,2887.369655769816,314.82
09/29 16:00:00,1877.324356628463,271.15
09/29 17:00:00,1514.1290668779716,130.33
09/29 18:00:00,1624.5520614720967,5.0
09/29 19:00:00,1542.968928068416,0.0
09/29 20:00:00,1526.7377209075191,0.0
09/29 21:00:00,1416.7400534347566,1.0
09/29 22:00:00,1369.7178759437684,0.0
09/29 23:00:00,1047.7755286776917,0.0
09/30 00:00:00,1046.8622055877795,0.0
09/30 01:00:00,1036.0555248254284,0.0
09/30 02:00:00,1030.587842440127,0.0
09/30 03:00:00,1025.745339044308,0.0
09/30 04:00:00,1041.0861946620118,0.0
09/30 05:00:00,1438.206617737349,0.0
09/30 06:00:00,1464.9790127056574,2.0
09/30 07:00:00,1856.7120813572237,57.16
09/30 08:00:00,1766.956979388004,83.52
09/30 09:00:00,1667.6484185956858,98.82
09/30 10:00:00,1662.994301249603,100.52
09/30 11:00:00,1258.1523412689355,104.27
09/30 12:00:00,1255.4956707473214,188.87
09/30 13:00:00,1256.6644952809086,214.72
09/30 14:00:00,1259.1936212462117,117.06
09/30 15:00:00,1290.5207285930196,137.99
09/30 16:00:00,1093.7298537125218,69.97
09/30 17:00:00,1120.5453240127538,19.26
09/30 18:00:00,1080.5656703368372,1.0
09/30 19:00:00,1097.331590711302,0.0
09/30 20:00:00,1098.4334565303957,0.0
09/30 21:00:00,1117.653757129819,0.0
09/30 22:00:00,1129.040601574631,0.0
09/30 23:00:00,1532.5697131236934,0.0
10/01 00:00:00,1555.463683979354,0.0
10/01 01:00:00,1556.0842045593777,0.0
10/01 02:00:00,1549.8428990153154,0.0
10/01 03:00:00,1549.6099968639403,0.0
10/01 04:00:00,1564.7242828805092,0.0
10/01 05:00:00,1691.2610482061486,0.0
10/01 06:00:00,1698.7786923620777,3.0
10/01 07:00:00,1689.652153294263,76.55
10/01 08:00:00,1688.6708715322422,236.79
10/01 09:00:00,1697.5309199384471,338.74
10/01 10:00:00,1717.4819334820957,438.74
10/01 11:00:00,1745.8722310294427,509.59
10/01 12:00:00,1743.295695040456,543.07
10/01 13:00:00,1742.8694833377867,508.69
10/01 14:00:00,1746.3875257893594,438.25
10/01 15:00:00,1738.8957015518727,339.71
10/01 16:00:00,1725.0432830863072,192.54
10/01 17:00:00,1584.4489503952732,33.0
10/01 18:00:00,1582.3807312029417,0.0
10/01 19:00:00,1565.9312447782147,0.0
10/01 20:00:00,1574.87472784991,0.0
10/01 21:00:00,1577.1939739713266,0.0
10/01 22:00:00,1568.6897435240921,0.0
10/01 23:00:00,1750.8364702565552,0.0
10/02 00:00:00,1743.193142345233,0.0
10/02 01:00:00,1747.6455779635853,0.0
10/02 02:00:00,1749.1772385458441,0.0
10/02 03:00:00,1747.6174493514159,0.0
10/02 04:00:00,1762.7897086024075,0.0
10/02 05:00:00,1973.7980591792425,0.0
10/02 06:00:00,2247.409370714689,0.0
10/02 07:00:00,4133.925490349097,10.11
10/02 08:00:00,3990.1980679825338,36.52
10/02 09:00:00,3928.6937926219316,45.79
10/02 10:00:00,4009.144048608402,65.99
10/02 11:00:00,3774.2146344673165,58.56
10/02 12:00:00,4024.33476603711,54.58
10/02 13:00:00,4038.499921224079,56.56
10/02 14:00:00,4087.6246761316984,44.5
10/02 15:00:00,4179.969967939854,27.4
10/02 16:00:00,2886.0148408323016,20.27
10/02 17:00:00,2244.766718655331,9.12
10/02 18:00:00,2242.2495077864746,0.0
10/02 19:00:00,2113.457908590041,0.0
10/02 20:00:00,2106.2620446903866,0.0
10/02 21:00:00,1988.9374517466938,1.0
10/02 22:00:00,1917.649407189305,0.0
10/02 23:00:00,1709.2218736069465,0.0
10/03 00:00:00,1716.736901861777,0.0
10/03 01:00:00,1728.2206564293945,0.0
10/03 02:00:00,1725.3532201614437,0.0
10/03 03:00:00,1747.699960590847,0.0
10/03 04:00:00,1757.1091721440248,0.0
10/03 05:00:00,1985.6964289810855,0.0
10/03 06:00:00,2245.232259705369,1.0
10/03 07:00:00,3874.4036753600885,64.77
10/03 08:00:00,3493.834328081589,117.82
10/03 09:00:00,3280.39547606027,282.21
10/03 10:00:00,3245.802889265492,285.65
10/03 11:00:00,3057.051933766543,456.35
10/03 12:00:00,3240.410848215241,451.55
10/03 13:00:00,3232.1019209165447,431.02
10/03 14:00:00,3237.323910975064,308.83
10/03 15:00:00,3228.6056882279536,222.9
10/03 16:00:00,2239.585594405347,219.36
10/03 17:00:00,1885.6366712998217,101.88
10/03 18:00:00,1993.9795096922048,1.0
10/03 19:00:00,1955.761635297992,0.0
10/03 20:00:00,1952.325036239651,0.0
10/03 21:00:00,1879.0457108541364,0.0
10/03 22:00:00,1850.233077299457,0.0
10/03 23:00:00,1660.8518410943236,0.0
10/04 00:00:00,1651.5835117547656,0.0
10/04 01:00:00,1635.782632479746,0.0
10/04 02:00:00,1625.974708451809,0.0
10/04 03:00:00,1647.950034153936,0.0
10/04 04:00:00,1663.2942383879345,0.0
10/04 05:00:00,1878.816624323247,0.0
10/04 06:00:00,2135.5569739219845,0.0
10/04 07:00:00,3717.4498434824386,59.37
10/04 08:00:00,3434.3416706461862,163.93
10/04 09:00:00,3277.5015151127755,260.21
10/04 10:00:00,3277.110032086226,401.05
10/04 11:00:00,3080.0609194063472,419.65
10/04 12:00:00,3280.4086316177772,504.94
10/04 13:00:00,3248.4323766603798,464.55
10/04 14:00:00,3257.7297424681165,373.87
10/04 15:00:00,3268.5137869430064,323.15
10/04 16:00:00,2292.808507241702,224.13
10/04 17:00:00,1917.4155724834995,85.77
10/04 18:00:00,2028.8741596654806,1.0
10/04 19:00:00,1948.966903707626,0.0
10/04 20:00:00,1982.0894496891706,0.0
10/04 21:00:00,1899.8988667179515,0.0
10/04 22:00:00,1908.9642702464594,0.0
10/04 23:00:00,1740.2271750222412,0.0
10/05 00:00:00,1729.1693968184534,0.0
10/05 01:00:00,1707.3826517455361,0.0
10/05 02:00:00,1696.1245513308265,0.0
10/05 03:00:00,1711.1901167528947,0.0
10/05 04:00:00,1721.0666974219882,0.0
10/05 05:00:00,1953.7724944197125,0.0
10/05 06:00:00,2199.0931388713366,0.0
10/05 07:00:00,3802.355399596548,20.48
10/05 08:00:00,3435.1888534599448,146.24
10/05 09:00:00,3319.599930402231,256.8
10/05 10:00:00,3300.9521649494895,149.7
10/05 11:00:00,3101.0649850294735,255.71
10/05 12:00:00,3285.5252794275357,168.77
10/05 13:00:00,3262.497788264944,249.06
10/05 14:00:00,3233.226788833392,188.46
10/05 15:00:00,3264.1608559507204,74.53
10/05 16:00:00,2252.4922901811983,68.26
10/05 17:00:00,1912.4911403941894,27.9
10/05 18:00:00,1992.415676055364,0.0
10/05 19:00:00,1935.5028900963468,0.0
10/05 20:00:00,1938.219586534998,0.0
10/05 21:00:00,1845.7533596347732,0.0
10/05 22:00:00,1793.585216351341,0.0
10/05 23:00:00,1630.2949558804921,0.0
10/06 00:00:00,1631.2344379035817,0.0
10/06 01:00:00,1625.354819942309,0.0
10/06 02:00:00,1631.9216459714576,0.0
10/06 03:00:00,1625.221273775692,0.0
10/06 04:00:00,1658.487819223912,0.0
10/06 05:00:00,1866.7716307180851,0.0
10/06 06:00:00,2124.688278145247,0.0
10/06 07:00:00,3712.968918760674,24.83
10/06 08:00:00,3380.7582531789412,84.38
10/06 09:00:00,3249.318488114909,155.32
10/06 10:00:00,3246.002265803874,283.54
10/06 11:00:00,3043.7771602098837,422.17
10/06 12:00:00,3243.3664522304152,389.97
10/06 13:00:00,3236.261981729825,281.9
10/06 14:00:00,3221.458418230683,131.75
10/06 15:00:00,3282.0242243238526,198.65
10/06 16:00:00,2235.576037971535,115.51
10/06 17:00:00,1861.1034103093834,16.28
10/06 18:00:00,1914.2376412812473,0.0
10/06 19:00:00,1908.931921133013,0.0
10/06 20:00:00,1924.348962578446,0.0
10/06 21:00:00,1876.6523734303066,0.0
10/06 22:00:00,1805.969457064854,0.0
10/06 23:00:00,1449.2627505399685,0.0
10/07 00:00:00,1458.1561942679243,0.0
10/07 01:00:00,1470.0358533756885,0.0
10/07 02:00:00,1463.7563499278526,0.0
10/07 03:00:00,1465.1813163423303,0.0
10/07 04:00:00,1469.2316743417462,0.0
10/07 05:00:00,1873.5898324933582,0.0
10/07 06:00:00,1836.9860971176217,0.0
10/07 07:00:00,2180.6682347903707,9.09
10/07 08:00:00,2133.063437869639,57.67
10/07 09:00:00,2013.4158471506137,88.58
10/07 10:00:00,1985.9515111041378,112.28
10/07 11:00:00,1566.1529169164096,122.19
10/07 12:00:00,1582.7654648207715,145.97
10/07 13:00:00,1622.8718365163456,152.85
10/07 14:00:00,1641.6277673471102,154.5
10/07 15:00:00,1655.8237637485515,164.51
10/07 16:00:00,1464.658230794347,116.16
10/07 17:00:00,1453.8262790531028,25.88
10/07 18:00:00,1385.661961468527,0.0
10/07 19:00:00,1422.1788272828767,0.0
10/07 20:00:00,1428.8429182513048,0.0
10/07 21:00:00,1453.7974410948157,0.0
10/07 22:00:00,1462.968970403777,0.0
10/07 23:00:00,1505.8977236101484,0.0
10/08 00:00:00,1476.5610477434207,0.0
10/08 01:00:00,1490.751348433634,0.0
10/08 02:00:00,1472.6297291802807,0.0
10/08 03:00:00,1489.227233072569,0.0
10/08 04:00:00,1494.6023588389153,0.0
10/08 05:00:00,1638.9966428105429,0.0
10/08 06:00:00,1626.222803346576,0.0
10/08 07:00:00,1617.2824941071942,60.02
10/08 08:00:00,1619.0602586786663,179.63
10/08 09:00:00,1648.4680435862854,128.27
10/08 10:00:00,1654.2903690642063,246.98
10/08 11:00:00,1651.3271408900164,221.4
10/08 12:00:00,1634.0324754507506,226.05
10/08 13:00:00,1652.666409438573,265.22
10/08 14:00:00,1636.800805592298,352.79
10/08 15:00:00,1654.641051223781,210.69
10/08 16:00:00,1649.3149885893163,34.47
10/08 17:00:00,1509.9878273828047,17.33
10/08 18:00:00,1502.1498494477983,0.0
10/08 19:00:00,1531.2739313219854,0.0
10/08 20:00:00,1505.5897672303104,0.0
10/08 21:00:00,1497.2462076316106,0.0
10/08 22:00:00,1491.6942561169585,0.0
10/08 23:00:00,1483.9014130822438,0.0
10/09 00:00:00,1486.9780186666865,0.0
10/09 01:00:00,1494.4903076652975,0.0
10/09 02:00:00,1475.193001515876,0.0
10/09 03:00:00,1500.2641079767852,0.0
10/09 04:00:00,1499.309712431878,0.0
10/09 05:00:00,1628.7914314662562,0.0
10/09 06:00:00,1632.461264518583,0.0
10/09 07:00:00,1624.4593642465934,27.25
10/09 08:00:00,1634.3205471630033,130.6
10/09 09:00:00,1654.1185627639609,226.68
10/09 10:00:00,1670.8828523796783,278.3
10/09 11:00:00,1660.8022892407412,401.59
10/09 12:00:00,1654.5052099580214,326.49
10/09 13:00:00,1650.8821476670755,241.48
10/09 14:00:00,1643.036335162256,113.2
10/09 15:00:00,1669.9025536112897,51.71
10/09 16:00:00,1667.840313873822,25.23
10/09 17:00:00,1526.9698136744755,19.53
10/09 18:00:00,1517.363591456374,0.0
10/09 19:00:00,1505.0322855110571,0.0
10/09 20:00:00,1513.702613263091,0.0
10/09 21:00:00,1498.440414638408,0.0
10/09 22:00:00,1489.5392879051853,0.0
10/09 23:00:00,1666.8818837570611,0.0
10/10 00:00:00,1660.3660730189868,0.0
10/10 01:00:00,1655.6320284482906,0.0
10/10 02:00:00,1657.3916663275504,0.0
10/10 03:00:00,1664.2133035531838,0.0
10/10 04:00:00,1675.0896112832017,0.0
10/10 05:00:00,1919.9275584223628,0.0
10/10 06:00:00,2166.47410032404,0.0
10/10 07:00:00,3727.605873827497,43.89
10/10 08:00:00,3447.6763506106104,67.69
10/10 09:00:00,3303.4750528270138,143.97
10/10 10:00:00,3241.362178315596,114.62
10/10 11:00:00,3029.427621548574,98.06
10/10 12:00:00,3204.239825492482,172.04
10/10 13:00:00,3201.036209478896,163.2
10/10 14:00:00,3195.515049736395,221.08
10/10 15:00:00,3194.137729441234,197.78
10/10 16:00:00,2212.8799969742727,114.49
10/10 17:00:00,1869.5207787573454,10.14
10/10 18:00:00,2002.5739615975028,0.0
10/10 19:00:00,1941.5697429225784,0.0
10/10 20:00:00,1938.0326642016144,0.0
10/10 21:00:00,1869.3294272172125,0.0
10/10 22:00:00,1815.7559688901254,0.0
10/10 23:00:00,1657.835654715955,0.0
10/11 00:00:00,1658.5733758162219,0.0
10/11 01:00:00,1648.623832396253,0.0
10/11 02:00:00,1660.138737756033,0.0
10/11 03:00:00,1658.1768058287446,0.0
10/11 04:00:00,1680.2279395694518,0.0
10/11 05:00:00,1901.1974964429935,0.0
10/11 06:00:00,2136.9049218737027,0.0
10/11 07:00:00,3737.1622018629046,58.74
10/11 08:00:00,3468.2995843203767,179.19
10/11 09:00:00,3305.3205568394164,284.18
10/11 10:00:00,3238.087585328202,349.2
10/11 11:00:00,3097.486621075167,325.61
10/11 12:00:00,3240.056663502918,389.76
10/11 13:00:00,3254.076955565674,267.66
10/11 14:00:00,3246.146027378374,379.02
10/11 15:00:00,3299.366073848225,274.27
10/11 16:00:00,2317.192160112059,52.51
10/11 17:00:00,1917.5281566733222,18.64
10/11 18:00:00,2012.7748922464414,0.0
10/11 19:00:00,1922.090484511473,0.0
10/11 20:00:00,1947.891772699943,0.0
10/11 21:00:00,1847.5570092946095,0.0
10/11 22:00:00,1810.4636843080527,0.0
10/11 23:00:00,1602.3048058608083,0.0
10/12 00:00:00,1606.3514882679615,0.0
10/12 01:00:00,1628.7507981744902,0.0
10/12 02:00:00,1665.5257260516955,0.0
10/12 03:00:00,1668.7265670507888,0.0
10/12 04:00:00,1684.044190690114,0.0
10/12 05:00:00,1911.581589704013,0.0
10/12 06:00:00,2143.929850091139,0.0
10/12 07:00:00,3721.455239798016,28.01
10/12 08:00:00,3445.390327896024,119.78
10/12 09:00:00,3269.2435842917334,131.6
10/12 10:00:00,3281.744411615339,219.0
10/12 11:00:00,3123.173098185493,322.72
10/12 12:00:00,3259.0624926371283,325.68
10/12 13:00:00,3236.4232168577128,261.71
10/12 14:00:00,3212.140366272946,275.69
10/12 15:00:00,3238.059194969544,241.9
10/12 16:00:00,2240.7362474678907,164.59
10/12 17:00:00,1877.845754494327,38.05
10/12 18:00:00,1976.9661959320624,0.0
10/12 19:00:00,1939.3417697601442,0.0
10/12 20:00:00,1946.4738804072022,0.0
10/12 21:00:00,1815.8251806442292,0.0
10/12 22:00:00,1782.912306872089,0.0
10/12 23:00:00,1597.9361381232638,0.0
10/13 00:00:00,1605.7138614890418,0.0
10/13 01:00:00,1612.6310674311885,0.0
10/13 02:00:00,1621.9759736756405,0.0
10/13 03:00:00,1636.3442899138781,0.0
10/13 04:00:00,1646.7438903070574,0.0
10/13 05:00:00,1857.8869773535462,0.0
10/13 06:00:00,2132.292406447409,0.0
10/13 07:00:00,3754.578175092921,10.18
10/13 08:00:00,3469.953658625099,49.26
10/13 09:00:00,3221.8517170690466,122.12
10/13 10:00:00,3215.564845537564,160.62
10/13 11:00:00,3051.245654667964,187.97
10/13 12:00:00,3223.7310018488447,216.66
10/13 13:00:00,3209.964812648853,281.19
10/13 14:00:00,3226.9633793412145,259.52
10/13 15:00:00,3238.5003223754425,179.69
10/13 16:00:00,2246.2509624687286,93.16
10/13 17:00:00,1888.8218590254362,18.84
10/13 18:00:00,1993.0084807358155,0.0
10/13 19:00:00,1936.940561613747,0.0
10/13 20:00:00,1959.1872081757658,0.0
10/13 21:00:00,1895.5978394291146,0.0
10/13 22:00:00,1834.1664386742075,0.0
10/13 23:00:00,1507.232614631397,0.0
10/14 00:00:00,1503.2399946529936,0.0
10/14 01:00:00,1513.921406109634,0.0
10/14 02:00:00,1501.247026039653,0.0
10/14 03:00:00,1508.8755750968214,0.0
10/14 04:00:00,1494.4113948213628,0.0
10/14 05:00:00,1916.7306542680358,0.0
10/14 06:00:00,1886.4375846901728,0.0
10/14 07:00:00,2234.84111838096,40.18
10/14 08:00:00,2097.4070079799167,175.34
10/14 09:00:00,2001.8093410278088,253.24
10/14 10:00:00,1993.8863587857854,175.4
10/14 11:00:00,1584.859984195547,178.37
10/14 12:00:00,1593.652235747955,363.91
10/14 13:00:00,1599.9712159998144,234.53
10/14 14:00:00,1608.331169189397,256.34
10/14 15:00:00,1617.1368770572765,241.1
10/14 16:00:00,1430.3332152509106,163.07
10/14 17:00:00,1459.151241661346,26.09
10/14 18:00:00,1406.4413347243847,0.0
10/14 19:00:00,1443.0107626808447,0.0
10/14 20:00:00,1460.6913313807759,0.0
10/14 21:00:00,1463.7429587256242,0.0
10/14 22:00:00,1454.6680161335812,0.0
10/14 23:00:00,1479.1514754209425,0.0
10/15 00:00:00,1479.0870742570507,0.0
10/15 01:00:00,1486.5550027458087,0.0
10/15 02:00:00,1492.0602157240112,0.0
10/15 03:00:00,1495.0086848228793,0.0
10/15 04:00:00,1493.3126310619946,0.0
10/15 05:00:00,1637.6914348764897,0.0
10/15 06:00:00,1625.5675850993325,0.0
10/15 07:00:00,1623.7388720222539,21.43
10/15 08:00:00,1618.6434512982844,179.99
10/15 09:00:00,1635.6271528831617,273.8
10/15 10:00:00,1623.7236279377616,240.71
10/15 11:00:00,1635.6159775868066,226.92
10/15 12:00:00,1646.5322416584593,279.75
10/15 13:00:00,1643.5769365584163,365.03
10/15 14:00:00,1643.8082896127225,307.51
10/15 15:00:00,1650.1730335189604,263.56
10/15 16:00:00,1641.1313760619907,155.81
10/15 17:00:00,1497.898277446721,13.53
10/15 18:00:00,1486.2221099422927,0.0
10/15 19:00:00,1486.7567365894301,0.0
10/15 20:00:00,1488.4277967246176,0.0
10/15 21:00:00,1486.4047582275998,0.0
10/15 22:00:00,1472.608887207589,0.0
10/15 23:00:00,1638.459898083918,0.0
10/16 00:00:00,1648.0196539431233,0.0
10/16 01:00:00,1641.5481032433484,0.0
10/16 02:00:00,1643.036653542839,0.0
10/16 03:00:00,1646.8330466414525,0.0
10/16 04:00:00,1652.8065196956252,0.0
10/16 05:00:00,1880.4586321122881,0.0
10/16 06:00:00,2182.3789614051716,0.0
10/16 07:00:00,4006.724349436931,7.09
10/16 08:00:00,3890.2411760047457,36.78
10/16 09:00:00,3835.6026240848264,47.65
10/16 10:00:00,3830.247898707396,128.49
10/16 11:00:00,3644.749662370811,69.97
10/16 12:00:00,3845.6186767085933,48.5
10/16 13:00:00,3822.5287763307565,54.96
10/16 14:00:00,3914.9151419750483,29.42
10/16 15:00:00,3942.518099291356,22.32
10/16 16:00:00,2721.0211198301913,13.19
10/16 17:00:00,2159.8661938244236,2.0
10/16 18:00:00,2152.975906702198,0.0
10/16 19:00:00,2004.2249442927127,0.0
10/16 20:00:00,2015.1716137267713,0.0
10/16 21:00:00,1878.116218437834,0.0
10/16 22:00:00,1820.172185646597,0.0
10/16 23:00:00,1651.1036541240844,0.0
10/17 00:00:00,1641.2787679073176,0.0
10/17 01:00:00,1655.96196899929,0.0
10/17 02:00:00,1649.5574643111631,0.0
10/17 03:00:00,1670.7827261282416,0.0
10/17 04:00:00,1679.701867258318,0.0
10/17 05:00:00,1898.1332865685772,0.0
10/17 06:00:00,2128.733987348724,0.0
10/17 07:00:00,3688.92324979179,28.44
10/17 08:00:00,3360.2675343963697,156.63
10/17 09:00:00,3207.808440307507,244.66
10/17 10:00:00,3183.5400834142015,271.35
10/17 11:00:00,3059.268226199464,300.05
10/17 12:00:00,3278.9186461629897,254.3
10/17 13:00:00,3248.237272299647,239.3
10/17 14:00:00,3251.020568509123,255.36
10/17 15:00:00,3261.9021210665646,221.62
10/17 16:00:00,2265.3377620113247,100.25
10/17 17:00:00,1917.210948027567,7.15
10/17 18:00:00,2009.3397242136984,0.0
10/17 19:00:00,1915.9788826796369,0.0
10/17 20:00:00,1928.5071948709897,0.0
10/17 21:00:00,1872.5869094705242,0.0
10/17 22:00:00,1819.5986143945813,0.0
10/17 23:00:00,1633.0978779566847,0.0
10/18 00:00:00,1643.7989647313561,0.0
10/18 01:00:00,1650.1406952298819,0.0
10/18 02:00:00,1645.1448469075558,0.0
10/18 03:00:00,1644.1198613947624,0.0
10/18 04:00:00,1679.358795593646,0.0
10/18 05:00:00,1883.041918099345,0.0
10/18 06:00:00,2114.82353239229,0.0
10/18 07:00:00,3771.327368689486,3.04
10/18 08:00:00,3494.1894326125584,30.56
10/18 09:00:00,3194.6440423407894,107.34
10/18 10:00:00,3198.738196335605,133.17
10/18 11:00:00,3015.8874179935738,129.72
10/18 12:00:00,3210.546689689838,263.8
10/18 13:00:00,3185.975645136416,187.59
10/18 14:00:00,3202.856598301589,171.17
10/18 15:00:00,3239.1086957548105,138.41
10/18 16:00:00,2292.7360605142503,40.05
10/18 17:00:00,1880.3723588582884,2.02
10/18 18:00:00,1978.087604794969,0.0
10/18 19:00:00,1888.3202613553979,0.0
10/18 20:00:00,1936.8004690281405,0.0
10/18 21:00:00,1834.2326293868655,0.0
10/18 22:00:00,1785.0484991330613,0.0
10/18 23:00:00,1600.032068826757,0.0
10/19 00:00:00,1603.4326585652937,0.0
10/19 01:00:00,1619.6892443217807,0.0
10/19 02:00:00,1609.0964999349692,0.0
10/19 03:00:00,1617.5540604328187,0.0
10/19 04:00:00,1634.3779581883255,0.0
10/19 05:00:00,1846.258248182492,0.0
10/19 06:00:00,2104.3648383156706,0.0
10/19 07:00:00,3740.688525674534,4.03
10/19 08:00:00,3432.531362707101,28.55
10/19 09:00:00,3285.604380526608,46.93
10/19 10:00:00,3280.5282885389383,66.22
10/19 11:00:00,3099.3261083749376,71.4
10/19 12:00:00,3318.4503252907666,99.43
10/19 13:00:00,3278.976431773307,153.41
10/19 14:00:00,3276.185994540807,97.79
10/19 15:00:00,3269.199654683442,86.29
10/19 16:00:00,2275.657789049989,72.93
10/19 17:00:00,1908.3481444658998,3.04
10/19 18:00:00,1981.9073250139338,0.0
10/19 19:00:00,1922.4764671930457,0.0
10/19 20:00:00,1972.7201423106942,0.0
10/19 21:00:00,1872.8890117772785,0.0
10/19 22:00:00,1817.2119080887453,0.0
10/19 23:00:00,1653.3748661757788,0.0
10/20 00:00:00,1645.5112993095518,0.0
10/20 01:00:00,1668.068799602458,0.0
10/20 02:00:00,1672.9100388528045,0.0
10/20 03:00:00,1672.2500516074742,0.0
10/20 04:00:00,1662.0556769469933,0.0
10/20 05:00:00,1876.815760054054,0.0
10/20 06:00:00,2114.045785198224,0.0
10/20 07:00:00,3698.059203702197,7.17
10/20 08:00:00,3462.3770833708254,59.84
10/20 09:00:00,3243.049825782684,70.83
10/20 10:00:00,3218.6013036803356,271.46
10/20 11:00:00,3037.6733302537637,260.6
10/20 12:00:00,3215.846828890793,158.69
10/20 13:00:00,3232.9729302087735,172.98
10/20 14:00:00,3215.4608676473417,92.36
10/20 15:00:00,3274.855853128151,88.52
10/20 16:00:00,2312.995102150619,19.16
10/20 17:00:00,1898.8874143088776,8.82
10/20 18:00:00,1979.1295800355072,0.0
10/20 19:00:00,1907.436767964413,0.0
10/20 20:00:00,1946.196071377482,0.0
10/20 21:00:00,1829.9367374321134,0.0
10/20 22:00:00,1813.6004609739787,0.0
10/20 23:00:00,1467.9252253011616,0.0
10/21 00:00:00,1472.756633887507,0.0
10/21 01:00:00,1469.9148894349669,0.0
10/21 02:00:00,1455.8221458987869,0.0
10/21 03:00:00,1474.9350753376634,0.0
10/21 04:00:00,1468.5241394224822,0.0
10/21 05:00:00,1872.9683008980944,0.0
10/21 06:00:00,1825.916109771391,0.0
10/21 07:00:00,2231.238666336316,5.1
10/21 08:00:00,2085.871302292468,92.45
10/21 09:00:00,1982.360511454359,91.89
10/21 10:00:00,2000.7706605838684,137.13
10/21 11:00:00,1591.7889182160147,177.86
10/21 12:00:00,1615.3537395164876,362.34
10/21 13:00:00,1615.0400727791496,315.38
10/21 14:00:00,1608.41511196116,209.21
10/21 15:00:00,1635.6901632491915,107.62
10/21 16:00:00,1447.2846455821386,51.22
10/21 17:00:00,1468.5006263203156,5.43
10/21 18:00:00,1401.9752000393732,0.0
10/21 19:00:00,1440.4446113950346,0.0
10/21 20:00:00,1461.4020097248751,0.0
10/21 21:00:00,1479.9201200711561,0.0
10/21 22:00:00,1481.8897889155508,0.0
10/21 23:00:00,1482.6073509419982,0.0
10/22 00:00:00,1482.9466365347726,0.0
10/22 01:00:00,1489.9427964346212,0.0
10/22 02:00:00,1486.752166362124,0.0
10/22 03:00:00,1505.2355867127324,0.0
10/22 04:00:00,1513.5568529010425,0.0
10/22 05:00:00,1625.809911269455,0.0
10/22 06:00:00,1611.819099921517,0.0
10/22 07:00:00,1618.2899615915446,8.51
10/22 08:00:00,1624.2101572870022,119.6
10/22 09:00:00,1632.9328993918396,77.36
10/22 10:00:00,1631.8193464289466,102.13
10/22 11:00:00,1605.9753747509499,121.06
10/22 12:00:00,1606.1963219696822,147.57
10/22 13:00:00,1619.6125810718672,144.7
10/22 14:00:00,1615.765221626634,124.74
10/22 15:00:00,1631.06715150872,107.78
10/22 16:00:00,1619.6331416976716,32.76
10/22 17:00:00,1485.8010769954844,1.01
10/22 18:00:00,1462.2172902189843,0.0
10/22 19:00:00,1486.6707978471763,0.0
10/22 20:00:00,1495.6335690605383,0.0
10/22 21:00:00,1485.0264454408382,0.0
10/22 22:00:00,1478.5699674605894,0.0
10/22 23:00:00,1633.228017836862,0.0
10/23 00:00:00,1630.1926376365627,0.0
10/23 01:00:00,1639.373987388869,0.0
10/23 02:00:00,1625.585852139849,0.0
10/23 03:00:00,1620.9968867034331,0.0
10/23 04:00:00,1641.1271888710821,0.0
10/23 05:00:00,1860.9211996042632,0.0
10/23 06:00:00,2144.35992992739,0.0
10/23 07:00:00,3920.454977316127,15.38
10/23 08:00:00,3766.0268702608805,122.43
10/23 09:00:00,3776.873286260793,181.56
10/23 10:00:00,3788.2427449448965,174.98
10/23 11:00:00,3577.960253082942,231.96
10/23 12:00:00,3762.4879533158996,262.42
10/23 13:00:00,3797.972129491202,228.74
10/23 14:00:00,3809.9753431734853,234.28
10/23 15:00:00,3826.917027813531,220.02
10/23 16:00:00,2615.043980388366,125.44
10/23 17:00:00,2150.1644538247588,7.0
10/23 18:00:00,2154.370395293262,0.0
10/23 19:00:00,2032.1336623714296,0.0
10/23 20:00:00,2037.1812917559223,0.0
10/23 21:00:00,1916.6678211898106,0.0
10/23 22:00:00,1823.49102985322,0.0
10/23 23:00:00,1614.0723102086004,0.0
10/24 00:00:00,1618.4762468928857,0.0
10/24 01:00:00,1614.1330413761386,0.0
10/24 02:00:00,1610.2829029828322,0.0
10/24 03:00:00,1621.0317657328426,0.0
10/24 04:00:00,1636.4881025934476,0.0
10/24 05:00:00,1842.520832843011,0.0
10/24 06:00:00,2090.2894174647427,0.0
10/24 07:00:00,3704.7897018385006,8.86
10/24 08:00:00,3369.606138175029,85.35
10/24 09:00:00,3197.208650311241,234.11
10/24 10:00:00,3220.2164494060617,227.21
10/24 11:00:00,3046.0855102021155,378.43
10/24 12:00:00,3213.4909545426735,320.06
10/24 13:00:00,3188.987182818809,356.73
10/24 14:00:00,3189.4799738205074,184.66
10/24 15:00:00,3197.5753927639907,205.36
10/24 16:00:00,2217.2504582476618,64.97
10/24 17:00:00,1885.515759196445,11.0
10/24 18:00:00,1972.4271602716053,0.0
10/24 19:00:00,1876.4877254435557,0.0
10/24 20:00:00,1895.4260356647733,0.0
10/24 21:00:00,1821.7930485948166,0.0
10/24 22:00:00,1765.8342728241248,0.0
10/24 23:00:00,1592.1054040983402,0.0
10/25 00:00:00,1592.5715189281082,0.0
10/25 01:00:00,1597.9923196703237,0.0
10/25 02:00:00,1608.2015063969118,0.0
10/25 03:00:00,1603.2489432269542,0.0
10/25 04:00:00,1620.3912114423367,0.0
10/25 05:00:00,1812.6271483853773,0.0
10/25 06:00:00,2063.094942744407,0.0
10/25 07:00:00,3623.4343820552695,3.08
10/25 08:00:00,3328.122689743872,50.3
10/25 09:00:00,3199.643583821275,167.4
10/25 10:00:00,3167.893625136701,176.78
10/25 11:00:00,3030.415412362018,139.52
10/25 12:00:00,3191.454885969066,106.72
10/25 13:00:00,3180.298471621639,74.29
10/25 14:00:00,3219.437961095226,33.37
10/25 15:00:00,3335.8758734344597,12.0
10/25 16:00:00,2291.338789629762,7.0
10/25 17:00:00,1877.4393414271124,0.0
10/25 18:00:00,1944.037222164504,0.0
10/25 19:00:00,1888.6725515425646,0.0
10/25 20:00:00,1876.1001730998855,0.0
10/25 21:00:00,1747.9970019238235,0.0
10/25 22:00:00,1688.9694242333271,0.0
10/25 23:00:00,1554.5966538273058,0.0
10/26 00:00:00,1538.4601655782944,0.0
10/26 01:00:00,1559.0462956092035,0.0
10/26 02:00:00,1549.3684812792242,0.0
10/26 03:00:00,1559.0784110286702,0.0
10/26 04:00:00,1560.4861658537416,0.0
10/26 05:00:00,1771.1249819109203,0.0
10/26 06:00:00,2005.1646593618166,0.0
10/26 07:00:00,3543.675081164202,7.1
10/26 08:00:00,3279.402051568212,73.34
10/26 09:00:00,3219.055166805139,82.3
10/26 10:00:00,3211.2328842425172,122.93
10/26 11:00:00,3046.0782436751706,272.03
10/26 12:00:00,3226.838758478432,283.45
10/26 13:00:00,3229.848810396842,244.0
10/26 14:00:00,3192.475140983841,308.95
10/26 15:00:00,3241.9037478803925,225.09
10/26 16:00:00,2208.7098689696,81.79
10/26 17:00:00,1842.3986687275772,2.0
10/26 18:00:00,1946.6806060228084,0.0
10/26 19:00:00,1876.7399245363076,0.0
10/26 20:00:00,1849.613200399197,0.0
10/26 21:00:00,1772.6568935443793,0.0
10/26 22:00:00,1733.134316205402,0.0
10/26 23:00:00,1558.653531095533,0.0
10/27 00:00:00,1550.9869280268533,0.0
10/27 01:00:00,1562.85287289116,0.0
10/27 02:00:00,1568.3965855110264,0.0
10/27 03:00:00,1572.6983769212393,0.0
10/27 04:00:00,1591.0393144572145,0.0
10/27 05:00:00,1785.9234061199975,0.0
10/27 06:00:00,2028.1071483515593,0.0
10/27 07:00:00,3524.3267083974333,3.0
10/27 08:00:00,3322.2947626650025,59.18
10/27 09:00:00,3129.609754086046,54.08
10/27 10:00:00,3126.9261111262163,258.81
10/27 11:00:00,2954.2653295899804,150.06
10/27 12:00:00,3174.251437364737,195.71
10/27 13:00:00,3163.8344319586813,162.9
10/27 14:00:00,3159.814766372476,299.42
10/27 15:00:00,3167.9274116324696,188.04
10/27 16:00:00,2183.9718687221857,79.11
10/27 17:00:00,1852.1470976355013,3.0
10/27 18:00:00,1931.2816679490252,0.0
10/27 19:00:00,1856.7194775936232,0.0
10/27 20:00:00,1873.5528087808605,0.0
10/27 21:00:00,1762.6752939787607,0.0
10/27 22:00:00,1719.6312293183298,0.0
10/27 23:00:00,1401.6151006575083,0.0
10/28 00:00:00,1412.009741477389,0.0
10/28 01:00:00,1414.0685398758021,0.0
10/28 02:00:00,1405.9053211064818,0.0
10/28 03:00:00,1409.5969305891203,0.0
10/28 04:00:00,1413.6666069113758,0.0
10/28 05:00:00,1789.132932819666,0.0
10/28 06:00:00,1772.8217147829316,0.0
10/28 07:00:00,2161.2827918439043,4.0
10/28 08:00:00,2049.8509431211837,69.1
10/28 09:00:00,1980.4171794942533,150.24
10/28 10:00:00,1968.6268209571613,211.09
10/28 11:00:00,1572.8137935757482,347.38
10/28 12:00:00,1596.1035398538666,379.07
10/28 13:00:00,1593.4741817589195,357.8
10/28 14:00:00,1575.8000573522938,300.47
10/28 15:00:00,1591.5257479664047,226.24
10/28 16:00:00,1415.5776385740378,116.43
10/28 17:00:00,1428.7319092524701,5.0
10/28 18:00:00,1352.9559192288452,0.0
10/28 19:00:00,1380.1050633903676,0.0
10/28 20:00:00,1395.4878708999206,0.0
10/28 21:00:00,1387.799524848884,0.0
10/28 22:00:00,1384.7578350070796,0.0
10/28 23:00:00,1376.5957338829328,0.0
10/29 00:00:00,1374.6711149970251,0.0
10/29 01:00:00,1377.6112690448363,0.0
10/29 02:00:00,1379.2098422582449,0.0
10/29 03:00:00,1370.0029623873775,0.0
10/29 04:00:00,1390.5163100754532,0.0
10/29 05:00:00,1500.4648301801046,0.0
10/29 06:00:00,1512.6864288466493,0.0
10/29 07:00:00,1540.7278410203219,9.0
10/29 08:00:00,1516.4565668047946,116.7
10/29 09:00:00,1530.9709097206685,237.86
10/29 10:00:00,1533.9154706159338,308.19
10/29 11:00:00,1532.261681523724,359.36
10/29 12:00:00,1530.8929941293732,377.79
10/29 13:00:00,1542.1630739469756,355.85
10/29 14:00:00,1529.4332343656524,297.75
10/29 15:00:00,1550.165408015732,222.14
10/29 16:00:00,1544.199318834033,112.66
10/29 17:00:00,1419.489307933538,4.0
10/29 18:00:00,1407.3791191448202,0.0
10/29 19:00:00,1391.3667444901923,0.0
10/29 20:00:00,1384.0135293965423,0.0
10/29 21:00:00,1383.8301869779777,0.0
10/29 22:00:00,1370.3537623487282,0.0
10/29 23:00:00,1527.2459039838432,0.0
10/30 00:00:00,1529.6992931797947,0.0
10/30 01:00:00,1536.8343660592348,0.0
10/30 02:00:00,1543.4528934163955,0.0
10/30 03:00:00,1542.088686915652,0.0
10/30 04:00:00,1578.232560203565,0.0
10/30 05:00:00,1777.9836713514026,0.0
10/30 06:00:00,2047.1488761846263,0.0
10/30 07:00:00,3713.511550150928,9.0
10/30 08:00:00,3582.1565282425527,129.05
10/30 09:00:00,3597.47694568049,235.04
10/30 10:00:00,3582.8238444226286,306.11
10/30 11:00:00,3365.217272788442,358.72
10/30 12:00:00,3555.4527509132613,375.94
10/30 13:00:00,3533.869995222413,353.63
10/30 14:00:00,3550.103561532166,293.89
10/30 15:00:00,3579.8241311267147,219.13
10/30 16:00:00,2476.9929603804176,108.12
10/30 17:00:00,2029.1359816316303,3.0
10/30 18:00:00,2012.299650583877,0.0
10/30 19:00:00,1901.4337096856552,0.0
10/30 20:00:00,1921.0446684611925,0.0
10/30 21:00:00,1790.5591062832252,0.0
10/30 22:00:00,1733.3032737628594,0.0
10/30 23:00:00,1567.3922324794526,0.0
10/31 00:00:00,1554.304380091911,0.0
10/31 01:00:00,1571.6721564797579,0.0
10/31 02:00:00,1567.925468203267,0.0
10/31 03:00:00,1567.3754789308393,0.0
10/31 04:00:00,1588.1307103347244,0.0
10/31 05:00:00,1788.6228504610845,0.0
10/31 06:00:00,2053.8907760722964,0.0
10/31 07:00:00,3680.565304024042,8.0
10/31 08:00:00,3536.3319088941657,121.36
10/31 09:00:00,3442.854888203686,227.03
10/31 10:00:00,3446.7618372584643,297.26
10/31 11:00:00,3226.1632668590014,351.39
10/31 12:00:00,3442.644343763638,367.62
10/31 13:00:00,3464.6745932460376,346.18
10/31 14:00:00,3462.7910075090463,286.34
10/31 15:00:00,3493.1175682090675,215.22
10/31 16:00:00,2402.820107221969,102.7
10/31 17:00:00,1950.3908844892128,3.0
10/31 18:00:00,1990.3245338094214,0.0
10/31 19:00:00,1909.4559789504283,0.0
10/31 20:00:00,1881.6884179806414,0.0
10/31 21:00:00,1788.2658116305033,0.0
10/31 22:00:00,1716.5804412189204,0.0
10/31 23:00:00,1951.4185278013806,0.0
11/01 00:00:00,1952.2129147683472,0.0
11/01 01:00:00,1959.1777088584645,0.0
11/01 02:00:00,1962.3872588292784,0.0
11/01 03:00:00,1954.3087791875644,0.0
11/01 04:00:00,1990.6308532881662,0.0
11/01 05:00:00,2183.3222087833115,0.0
11/01 06:00:00,2486.331201470131,0.0
11/01 07:00:00,4214.736110551729,6.0
11/01 08:00:00,4079.9965027995413,84.65
11/01 09:00:00,4052.0575859331293,85.42
11/01 10:00:00,4068.44580872216,48.68
11/01 11:00:00,3925.847235538406,27.4
11/01 12:00:00,4039.008599570106,53.83
11/01 13:00:00,4046.060114183693,102.15
11/01 14:00:00,4023.992560768494,122.25
11/01 15:00:00,4080.4321206718746,94.92
11/01 16:00:00,2945.811696612578,21.41
11/01 17:00:00,2424.8148877791077,0.0
11/01 18:00:00,2375.9347110467284,0.0
11/01 19:00:00,2274.08821016687,0.0
11/01 20:00:00,2270.729027490567,0.0
11/01 21:00:00,2169.4342421470506,0.0
11/01 22:00:00,2132.0727842867,0.0
11/01 23:00:00,1937.2391090852675,0.0
11/02 00:00:00,1951.2443829751464,0.0
11/02 01:00:00,1947.285290585269,0.0
11/02 02:00:00,1939.9779281779036,0.0
11/02 03:00:00,1947.2576566357316,0.0
11/02 04:00:00,1974.0177554632198,0.0
11/02 05:00:00,2192.1187913624863,0.0
11/02 06:00:00,2460.585263307544,0.0
11/02 07:00:00,4112.589239537495,3.0
11/02 08:00:00,3892.884241243877,68.82
11/02 09:00:00,3761.4967049368915,178.72
11/02 10:00:00,3732.1394081283274,261.44
11/02 11:00:00,3549.1637732391773,314.08
11/02 12:00:00,3738.706419077978,248.71
11/02 13:00:00,3719.642845944003,299.29
11/02 14:00:00,3665.8750718050364,196.57
11/02 15:00:00,3674.990863162715,154.59
11/02 16:00:00,2729.655658167304,73.0
11/02 17:00:00,2309.860014152847,1.0
11/02 18:00:00,2333.1590956817668,0.0
11/02 19:00:00,2296.8647161273843,0.0
11/02 20:00:00,2314.5125695745764,0.0
11/02 21:00:00,2202.270277258731,0.0
11/02 22:00:00,2137.6927382777108,0.0
11/02 23:00:00,1954.4465178748378,0.0
11/03 00:00:00,1945.1577888401685,0.0
11/03 01:00:00,1944.9441027589473,0.0
11/03 02:00:00,1956.2717560620647,0.0
11/03 03:00:00,1955.5830835392171,0.0
11/03 04:00:00,1970.7938047304533,0.0
11/03 05:00:00,2172.2130233063003,0.0
11/03 06:00:00,2406.919873714138,0.0
11/03 07:00:00,4020.4237978668834,0.0
11/03 08:00:00,3845.3789310311386,7.11
11/03 09:00:00,3709.9890994518178,27.47
11/03 10:00:00,3604.7575816341164,62.32
11/03 11:00:00,3460.756469534011,32.39
11/03 12:00:00,3678.636744255586,30.41
11/03 13:00:00,3590.9079704336887,51.77
11/03 14:00:00,3551.529303190649,49.96
11/03 15:00:00,3605.155942296148,34.66
11/03 16:00:00,2672.1461579342563,25.84
11/03 17:00:00,2230.542551132026,0.0
11/03 18:00:00,2321.5824113756003,0.0
11/03 19:00:00,2292.2746860047823,0.0
11/03 20:00:00,2341.578295324343,0.0
11/03 21:00:00,2214.1291427623946,0.0
11/03 22:00:00,2143.332324997814,0.0
11/03 23:00:00,1809.2932388505528,0.0
11/04 00:00:00,1817.4006376435332,0.0
11/04 01:00:00,1817.4430903888695,0.0
11/04 02:00:00,1821.081368953937,0.0
11/04 03:00:00,1816.9116461725475,0.0
11/04 04:00:00,1827.1760799998851,0.0
11/04 05:00:00,2219.5226991590525,0.0
11/04 06:00:00,2162.562706761184,0.0
11/04 07:00:00,2563.1435647020203,0.0
11/04 08:00:00,2447.0271308746937,13.21
11/04 09:00:00,2396.615531859355,59.85
11/04 10:00:00,2365.7194146650904,94.58
11/04 11:00:00,1970.0788577229166,303.91
11/04 12:00:00,1976.496849844755,121.82
11/04 13:00:00,1962.708090905264,296.82
11/04 14:00:00,1809.2845711137456,153.65
11/04 15:00:00,1739.3463015612783,123.63
11/04 16:00:00,1583.70998027904,62.11
11/04 17:00:00,1529.6179335158429,0.0
11/04 18:00:00,1469.0912826878186,0.0
11/04 19:00:00,1482.8825197773892,0.0
11/04 20:00:00,1569.456994696868,0.0
11/04 21:00:00,1523.6127601057647,0.0
11/04 22:00:00,1547.2772461144357,0.0
11/04 23:00:00,1500.9936380726695,0.0
11/05 00:00:00,1525.9775927449025,0.0
11/05 01:00:00,1524.1425988417373,0.0
11/05 02:00:00,1513.4967802725382,0.0
11/05 03:00:00,1511.3287636738103,0.0
11/05 04:00:00,1534.5065560196015,0.0
11/05 05:00:00,1633.247572478358,0.0
11/05 06:00:00,1610.0386973758025,0.0
11/05 07:00:00,1650.9497531101292,3.0
11/05 08:00:00,1416.9942331870461,69.05
11/05 09:00:00,1232.985658201936,91.58
11/05 10:00:00,1244.1839470040852,90.21
11/05 11:00:00,1239.454350921923,191.26
11/05 12:00:00,1238.5907155903035,160.91
11/05 13:00:00,1237.7914413842643,148.46
11/05 14:00:00,1490.6397873085098,160.42
11/05 15:00:00,1760.501123338223,60.12
11/05 16:00:00,1743.5067279226646,59.05
11/05 17:00:00,1666.5800270751552,0.0
11/05 18:00:00,1642.266123307251,0.0
11/05 19:00:00,1664.734867731415,0.0
11/05 20:00:00,1633.4945771990374,0.0
11/05 21:00:00,1636.7786251503483,0.0
11/05 22:00:00,1624.3096528787828,0.0
11/05 23:00:00,1742.8551376499229,0.0
11/06 00:00:00,1745.974908464834,0.0
11/06 01:00:00,1746.2498036798568,0.0
11/06 02:00:00,1796.2153048859736,0.0
11/06 03:00:00,1721.8800984245345,0.0
11/06 04:00:00,1761.2991537042365,0.0
11/06 05:00:00,1792.0567292895942,0.0
11/06 06:00:00,1936.4273293413219,0.0
11/06 07:00:00,2221.0856742357355,1.0
11/06 08:00:00,3729.383084469035,46.43
11/06 09:00:00,3652.923915911809,162.0
11/06 10:00:00,3598.9804618165326,209.57
11/06 11:00:00,3645.926241528663,310.68
11/06 12:00:00,3410.750962997015,335.63
11/06 13:00:00,3563.899328370434,305.85
11/06 14:00:00,3552.0332533279293,236.81
11/06 15:00:00,3499.76678982129,141.87
11/06 16:00:00,3672.9741907289085,19.48
11/06 17:00:00,2631.4097720178547,0.0
11/06 18:00:00,2145.945007708742,0.0
11/06 19:00:00,2170.5389289702875,0.0
11/06 20:00:00,2054.1444082753424,0.0
11/06 21:00:00,2087.9790530639834,0.0
11/06 22:00:00,1924.4876796385026,0.0
11/06 23:00:00,1897.821808393381,0.0
11/07 00:00:00,1740.0763283174485,0.0
11/07 01:00:00,1715.382596993899,0.0
11/07 02:00:00,1756.550986357367,0.0
11/07 03:00:00,1684.1252146314082,0.0
11/07 04:00:00,1721.3491314244368,0.0
11/07 05:00:00,1718.4750044563475,0.0
11/07 06:00:00,1864.957150478359,0.0
11/07 07:00:00,2118.661901888126,1.0
11/07 08:00:00,3387.9233867749776,71.02
11/07 09:00:00,3175.814973174406,137.64
11/07 10:00:00,3279.094188618295,161.81
11/07 11:00:00,3498.380633121678,239.81
11/07 12:00:00,3331.2901479882767,100.1
11/07 13:00:00,3526.753728693961,37.36
11/07 14:00:00,3554.871666155808,26.3
11/07 15:00:00,3587.8475066863643,13.2
11/07 16:00:00,3693.8890005030667,6.08
11/07 17:00:00,2682.5679239293686,0.0
11/07 18:00:00,2346.9195301336517,0.0
11/07 19:00:00,2462.018289582406,0.0
11/07 20:00:00,2325.209125702487,0.0
11/07 21:00:00,2326.871258299382,0.0
11/07 22:00:00,2247.977165464671,0.0
11/07 23:00:00,2211.4221253823957,0.0
11/08 00:00:00,2026.7051603791042,0.0
11/08 01:00:00,2031.0709171229958,0.0
11/08 02:00:00,2017.2622037114697,0.0
11/08 03:00:00,2022.1431530376153,0.0
11/08 04:00:00,2016.2538977827753,0.0
11/08 05:00:00,2038.7086408026637,0.0
11/08 06:00:00,2192.5491314511637,0.0
11/08 07:00:00,2384.422228252944,0.0
11/08 08:00:00,3845.9015353464283,13.18
11/08 09:00:00,3559.3002687646895,42.85
11/08 10:00:00,3512.1856861976025,40.61
11/08 11:00:00,3469.21058427168,100.28
11/08 12:00:00,3322.577033792053,284.83
11/08 13:00:00,3494.5901055164554,156.66
11/08 14:00:00,3478.6963431324302,104.64
11/08 15:00:00,3552.432849321427,54.79
11/08 16:00:00,3686.491206601366,13.22
11/08 17:00:00,2684.2038520304723,0.0
11/08 18:00:00,2309.541139277693,0.0
11/08 19:00:00,2374.5593276028535,0.0
11/08 20:00:00,2267.879153005714,0.0
11/08 21:00:00,2243.3541483055087,0.0
11/08 22:00:00,2156.4480472354703,0.0
11/08 23:00:00,2113.9685095081636,0.0
11/09 00:00:00,1961.138908081602,0.0
11/09 01:00:00,1954.4116339826605,0.0
11/09 02:00:00,1958.152177920649,0.0
11/09 03:00:00,1950.424859345236,0.0
11/09 04:00:00,1941.9863409743912,0.0
11/09 05:00:00,1985.0839301589144,0.0
11/09 06:00:00,2235.78816604607,0.0
11/09 07:00:00,2492.5742662826024,0.0
11/09 08:00:00,3892.9458117028967,29.36
11/09 09:00:00,3575.409773648412,105.14
11/09 10:00:00,3540.8447965894316,196.69
11/09 11:00:00,3568.582709331125,178.61
11/09 12:00:00,3449.3064853489323,177.53
11/09 13:00:00,3639.389648124275,98.55
11/09 14:00:00,3576.209756794854,79.63
11/09 15:00:00,3578.874567445021,99.64
11/09 16:00:00,3665.0267469930864,53.53
11/09 17:00:00,2781.047106335539,0.0
11/09 18:00:00,2440.6772963387493,0.0
11/09 19:00:00,2469.6252854042086,0.0
11/09 20:00:00,2346.3386844361744,0.0
11/09 21:00:00,2311.3148252843453,0.0
11/09 22:00:00,2268.8858058138067,0.0
11/09 23:00:00,2196.6610377345423,0.0
11/10 00:00:00,2028.9735413576375,0.0
11/10 01:00:00,2020.8300634208665,0.0
11/10 02:00:00,2030.5566130532545,0.0
11/10 03:00:00,2018.3255125592802,0.0
11/10 04:00:00,2032.8709537648751,0.0
11/10 05:00:00,2035.6270331913388,0.0
11/10 06:00:00,2184.0856326833728,0.0
11/10 07:00:00,2380.568817886946,0.0
11/10 08:00:00,3885.9771921401084,12.16
11/10 09:00:00,3581.6282569006476,42.02
11/10 10:00:00,3535.807794542512,52.89
11/10 11:00:00,3499.672509341022,110.62
11/10 12:00:00,3382.2619453174993,92.61
11/10 13:00:00,3585.09472066399,94.15
11/10 14:00:00,3522.9631885095637,72.02
11/10 15:00:00,3503.147810014182,68.81
11/10 16:00:00,3659.2295210741167,25.41
11/10 17:00:00,2728.539432872758,0.0
11/10 18:00:00,2358.1374670940986,0.0
11/10 19:00:00,2468.433033874975,0.0
11/10 20:00:00,2392.6066132083843,0.0
11/10 21:00:00,2383.97314716806,0.0
11/10 22:00:00,2311.3623954587288,0.0
11/10 23:00:00,2255.5206904629636,0.0
11/11 00:00:00,1896.9910734953671,0.0
11/11 01:00:00,1908.5448287628567,0.0
11/11 02:00:00,1901.3783453526512,0.0
11/11 03:00:00,1902.9515186732024,0.0
11/11 04:00:00,1919.2074968661943,0.0
11/11 05:00:00,1915.4689976850916,0.0
11/11 06:00:00,2041.17269494496,0.0
11/11 07:00:00,2022.9837870425304,0.0
11/11 08:00:00,2023.1955232778637,15.31
11/11 09:00:00,2028.9147433610638,69.59
11/11 10:00:00,2033.7062999374912,199.81
11/11 11:00:00,2053.2039045834,156.04
11/11 12:00:00,2052.54082037432,228.29
11/11 13:00:00,2061.7510854202897,274.63
11/11 14:00:00,2031.510703068567,162.94
11/11 15:00:00,2049.8641269584346,80.52
11/11 16:00:00,2058.210858918631,28.29
11/11 17:00:00,2038.7827230666708,0.0
11/11 18:00:00,1918.0862736510346,0.0
11/11 19:00:00,1910.0807224346263,0.0
11/11 20:00:00,1908.1982059706183,0.0
11/11 21:00:00,1911.2550905450803,0.0
11/11 22:00:00,1877.5374506107084,0.0
11/11 23:00:00,1877.0974500726584,0.0
11/12 00:00:00,1890.3921484595342,0.0
11/12 01:00:00,1881.1460345612359,0.0
11/12 02:00:00,1882.836867038646,0.0
11/12 03:00:00,1837.6292771021738,0.0
11/12 04:00:00,1864.8515463356314,0.0
11/12 05:00:00,1872.6468412939425,0.0
11/12 06:00:00,2008.3932061357887,0.0
11/12 07:00:00,2020.933063396182,0.0
11/12 08:00:00,2021.789264222177,26.38
11/12 09:00:00,2040.2044049248523,40.98
11/12 10:00:00,2052.617917016724,42.58
11/12 11:00:00,2071.1724012504787,45.69
11/12 12:00:00,2066.907632720636,133.66
11/12 13:00:00,2074.503282752017,68.37
11/12 14:00:00,2068.965877284257,48.84
11/12 15:00:00,2063.6653829128545,16.18
11/12 16:00:00,2080.172994641145,27.6
11/12 17:00:00,2045.8239806888296,0.0
11/12 18:00:00,1917.6679216512694,0.0
11/12 19:00:00,1918.5917190795508,0.0
11/12 20:00:00,1922.9797663518439,0.0
11/12 21:00:00,1926.9304824615053,0.0
11/12 22:00:00,1896.9142152767533,0.0
11/12 23:00:00,1909.8424147397855,0.0
11/13 00:00:00,2060.516057381652,0.0
11/13 01:00:00,2091.8793258599176,0.0
11/13 02:00:00,2084.696552112726,0.0
11/13 03:00:00,2077.1917776142227,0.0
11/13 04:00:00,2073.5793830859534,0.0
11/13 05:00:00,2066.4686494357843,0.0
11/13 06:00:00,2288.426426350009,0.0
11/13 07:00:00,2581.0909214469107,0.0
11/13 08:00:00,4309.440194658233,32.0
11/13 09:00:00,4211.4932225456305,98.98
11/13 10:00:00,4169.7414436595745,152.17
11/13 11:00:00,4142.859206548722,195.55
11/13 12:00:00,3986.55882900742,226.31
11/13 13:00:00,4156.927473353455,166.92
11/13 14:00:00,4154.042947578896,117.37
11/13 15:00:00,4095.2892657018497,109.32
11/13 16:00:00,4221.110756029691,21.17
11/13 17:00:00,3058.763241616183,0.0
11/13 18:00:00,2546.7208226303574,0.0
11/13 19:00:00,2564.828685401861,0.0
11/13 20:00:00,2446.024251110814,0.0
11/13 21:00:00,2445.193038976572,0.0
11/13 22:00:00,2294.784702345339,0.0
11/13 23:00:00,2228.675539874508,0.0
11/14 00:00:00,2060.893058146171,0.0
11/14 01:00:00,2056.5565597289474,0.0
11/14 02:00:00,2064.5059807731445,0.0
11/14 03:00:00,2040.7201119827514,0.0
11/14 04:00:00,2023.9088371760824,0.0
11/14 05:00:00,2055.82666799275,0.0
11/14 06:00:00,2193.743637631498,0.0
11/14 07:00:00,2420.875264105441,0.0
11/14 08:00:00,3810.517255772462,43.39
11/14 09:00:00,3595.377785971795,140.48
11/14 10:00:00,3487.445243693235,214.18
11/14 11:00:00,3517.450802093134,272.0
11/14 12:00:00,3349.631806927244,293.85
11/14 13:00:00,3538.0614683350245,268.03
11/14 14:00:00,3510.75621418335,205.22
11/14 15:00:00,3511.740273801951,134.59
11/14 16:00:00,3673.8518558506817,35.52
11/14 17:00:00,2705.9344677442014,0.0
11/14 18:00:00,2378.9285159321194,0.0
11/14 19:00:00,2436.492515422929,0.0
11/14 20:00:00,2346.5238985809997,0.0
11/14 21:00:00,2377.1527672280963,0.0
11/14 22:00:00,2271.653877860125,0.0
11/14 23:00:00,2208.8966142576487,0.0
11/15 00:00:00,2026.94911305157,0.0
11/15 01:00:00,2030.9004170360479,0.0
11/15 02:00:00,2018.2216154005482,0.0
11/15 03:00:00,2004.0490867409394,0.0
11/15 04:00:00,2007.9546026630005,0.0
11/15 05:00:00,2038.3003637035963,0.0
11/15 06:00:00,2144.4725404302408,0.0
11/15 07:00:00,2355.5027251877627,0.0
11/15 08:00:00,3852.619561799572,43.43
11/15 09:00:00,3553.879286462325,141.07
11/15 10:00:00,3512.7907332482228,210.93
11/15 11:00:00,3541.620327592947,268.03
11/15 12:00:00,3403.0675139697587,289.27
11/15 13:00:00,3588.892450007959,265.15
11/15 14:00:00,3511.8496144445458,203.67
11/15 15:00:00,3523.3416334216254,134.72
11/15 16:00:00,3652.725856819935,34.62
11/15 17:00:00,2734.668758648826,0.0
11/15 18:00:00,2380.537836826248,0.0
11/15 19:00:00,2403.1977578942806,0.0
11/15 20:00:00,2298.8234957832374,0.0
11/15 21:00:00,2300.122620698131,0.0
11/15 22:00:00,2204.3288771731236,0.0
11/15 23:00:00,2170.9006277619033,0.0
11/16 00:00:00,2017.1170865727145,0.0
11/16 01:00:00,2043.8730641520294,0.0
11/16 02:00:00,2030.3984207162275,0.0
11/16 03:00:00,2031.5190657719543,0.0
11/16 04:00:00,2019.2074387872365,0.0
11/16 05:00:00,2033.9111569496613,0.0
11/16 06:00:00,2188.499184385023,0.0
11/16 07:00:00,2407.0714556038033,0.0
11/16 08:00:00,3824.8841321635714,40.15
11/16 09:00:00,3519.236415596982,137.96
11/16 10:00:00,3462.7262821094855,206.86
11/16 11:00:00,3495.1323106879327,262.8
11/16 12:00:00,3341.9309146262553,285.19
11/16 13:00:00,3513.4766471984994,253.31
11/16 14:00:00,3453.798185011912,189.69
11/16 15:00:00,3501.7379501151454,130.83
11/16 16:00:00,3650.0691499508257,31.78
11/16 17:00:00,2723.8134768190744,0.0
11/16 18:00:00,2366.2298392140046,0.0
11/16 19:00:00,2442.254259212066,0.0
11/16 20:00:00,2354.9598849702647,0.0
11/16 21:00:00,2409.3466031586695,0.0
11/16 22:00:00,2291.814864977581,0.0
11/16 23:00:00,2206.073564258484,0.0
11/17 00:00:00,2065.452772326058,0.0
11/17 01:00:00,2070.80927631058,0.0
11/17 02:00:00,2070.381863144009,0.0
11/17 03:00:00,2068.272302656553,0.0
11/17 04:00:00,2060.244041122201,0.0
11/17 05:00:00,2088.0635865429276,0.0
11/17 06:00:00,2200.66747956686,0.0
11/17 07:00:00,2420.2625762234375,0.0
11/17 08:00:00,3851.493989522696,12.31
11/17 09:00:00,3546.95647071363,48.74
11/17 10:00:00,3489.7435046661485,90.54
11/17 11:00:00,3470.163733477039,121.15
11/17 12:00:00,3350.032946180311,48.69
11/17 13:00:00,3494.7276788232607,134.29
11/17 14:00:00,3508.6041981220274,27.26
11/17 15:00:00,3568.5674258735635,22.33
11/17 16:00:00,3677.096619192174,10.24
11/17 17:00:00,2683.456351269263,0.0
11/17 18:00:00,2331.147812216731,0.0
11/17 19:00:00,2512.357294344908,0.0
11/17 20:00:00,2397.6100810230823,0.0
11/17 21:00:00,2398.7069051133044,0.0
11/17 22:00:00,2273.860773782248,0.0
11/17 23:00:00,2220.832357019013,0.0
11/18 00:00:00,1904.96547148342,0.0
11/18 01:00:00,1892.3281271596748,0.0
11/18 02:00:00,1885.3003214276098,0.0
11/18 03:00:00,1890.9845692757683,0.0
11/18 04:00:00,1876.873923944341,0.0
11/18 05:00:00,1895.0179536948067,0.0
11/18 06:00:00,2227.540219965659,0.0
11/18 07:00:00,2191.331970143137,0.0
11/18 08:00:00,2477.6261491297314,11.29
11/18 09:00:00,2298.291342446203,80.33
11/18 10:00:00,2083.0764053209814,100.32
11/18 11:00:00,2088.3558740947115,165.83
11/18 12:00:00,1742.6625671592471,167.7
11/18 13:00:00,1710.084835673787,147.94
11/18 14:00:00,1720.500724876012,124.61
11/18 15:00:00,1717.6593326507905,49.93
11/18 16:00:00,1748.8880496242998,6.07
11/18 17:00:00,1565.1094649774438,0.0
11/18 18:00:00,1585.6558541101463,0.0
11/18 19:00:00,1562.1620156915274,0.0
11/18 20:00:00,1531.2792695742482,0.0
11/18 21:00:00,1559.2892910736218,0.0
11/18 22:00:00,1535.6847468228682,0.0
11/18 23:00:00,1538.4710612518263,0.0
11/19 00:00:00,1526.0376392304283,0.0
11/19 01:00:00,1516.248923794972,0.0
11/19 02:00:00,1530.0913353260069,0.0
11/19 03:00:00,1484.330645005798,0.0
11/19 04:00:00,1499.5226218184116,0.0
11/19 05:00:00,1502.609631484358,0.0
11/19 06:00:00,1612.6596891575055,0.0
11/19 07:00:00,1619.887288253219,0.0
11/19 08:00:00,1592.0950306964814,28.0
11/19 09:00:00,1610.6845779960393,84.45
11/19 10:00:00,1633.6835636586998,68.07
11/19 11:00:00,1647.496638833426,64.27
11/19 12:00:00,1645.0421305916375,104.37
11/19 13:00:00,1631.0672439371024,60.26
11/19 14:00:00,1656.2442938104323,50.01
11/19 15:00:00,1623.0586200210075,22.32
11/19 16:00:00,1651.553927717028,6.1
11/19 17:00:00,1619.464105733593,0.0
11/19 18:00:00,1534.8126751699324,0.0
11/19 19:00:00,1516.09439403504,0.0
11/19 20:00:00,1501.9827379323654,0.0
11/19 21:00:00,1500.4507627338132,0.0
11/19 22:00:00,1476.1078548010819,0.0
11/19 23:00:00,1485.8305220848877,0.0
11/20 00:00:00,1593.2942304689896,0.0
11/20 01:00:00,1616.8740351798513,0.0
11/20 02:00:00,1622.6868359421646,0.0
11/20 03:00:00,1609.5371827629717,0.0
11/20 04:00:00,1626.3849721421986,0.0
11/20 05:00:00,1632.9388267559116,0.0
11/20 06:00:00,1803.145988129832,0.0
11/20 07:00:00,2048.3438304087754,0.0
11/20 08:00:00,3416.068679668612,8.16
11/20 09:00:00,3354.69115547637,46.78
11/20 10:00:00,3263.104815243687,146.02
11/20 11:00:00,3286.55608480118,169.05
11/20 12:00:00,3175.9657459734076,136.29
11/20 13:00:00,3321.4969069448166,61.24
11/20 14:00:00,3372.295782763444,21.25
11/20 15:00:00,3369.8640637566955,10.15
11/20 16:00:00,3428.320636336195,7.12
11/20 17:00:00,2436.0734941216206,0.0
11/20 18:00:00,2030.4484651700113,0.0
11/20 19:00:00,2013.4232334849669,0.0
11/20 20:00:00,1905.3345180669687,0.0
11/20 21:00:00,1938.681544074756,0.0
11/20 22:00:00,1809.5130244470904,0.0
11/20 23:00:00,1775.489484029841,0.0
11/21 00:00:00,1610.1268532795013,0.0
11/21 01:00:00,1623.9015671961408,0.0
11/21 02:00:00,1618.6994151240108,0.0
11/21 03:00:00,1611.7170669630389,0.0
11/21 04:00:00,1636.5157950811736,0.0
11/21 05:00:00,1636.027403594371,0.0
11/21 06:00:00,1762.631068691906,0.0
11/21 07:00:00,1950.6438603113452,0.0
11/21 08:00:00,3275.54334863076,5.07
11/21 09:00:00,3097.326547038682,28.47
11/21 10:00:00,3317.7141484217914,55.26
11/21 11:00:00,3441.9075687256964,57.24
11/21 12:00:00,3299.7803801632754,80.3
11/21 13:00:00,3496.9109995428294,70.84
11/21 14:00:00,3478.4113159150993,67.22
11/21 15:00:00,3553.0991400059647,39.21
11/21 16:00:00,3403.504063317705,6.11
11/21 17:00:00,2310.631736295178,0.0
11/21 18:00:00,1988.2482974293964,0.0
11/21 19:00:00,2023.7375795031396,0.0
11/21 20:00:00,1944.6266750800582,0.0
11/21 21:00:00,1955.4294523874391,0.0
11/21 22:00:00,1840.438865642342,0.0
11/21 23:00:00,1802.7271770420618,0.0
11/22 00:00:00,1639.7759619952799,0.0
11/22 01:00:00,1657.207903807175,0.0
11/22 02:00:00,1648.6876107399191,0.0
11/22 03:00:00,1626.4839581978142,0.0
11/22 04:00:00,1639.8730966214198,0.0
11/22 05:00:00,1638.2176195201885,0.0
11/22 06:00:00,1767.6241088236961,0.0
11/22 07:00:00,1984.8677940690397,0.0
11/22 08:00:00,3366.3455527535584,14.0
11/22 09:00:00,3177.4685042198585,116.89
11/22 10:00:00,3152.920726236886,186.98
11/22 11:00:00,3178.816750082427,241.19
11/22 12:00:00,3000.5271272813216,225.48
11/22 13:00:00,3156.663751543653,186.69
11/22 14:00:00,3225.151661200898,177.39
11/22 15:00:00,3488.5940471242766,110.8
11/22 16:00:00,3558.6609241456476,20.07
11/22 17:00:00,2383.723889812552,0.0
11/22 18:00:00,1990.7285739448253,0.0
11/22 19:00:00,2020.1054514000182,0.0
11/22 20:00:00,1923.0585407197902,0.0
11/22 21:00:00,1947.5284260890924,0.0
11/22 22:00:00,1832.5572177578758,0.0
11/22 23:00:00,1788.6034320692684,0.0
11/23 00:00:00,1525.8131796074251,0.0
11/23 01:00:00,1515.3643298921704,0.0
11/23 02:00:00,1539.96765287269,0.0
11/23 03:00:00,1505.0441170250615,0.0
11/23 04:00:00,1530.2821313415452,0.0
11/23 05:00:00,1525.7955306324016,0.0
11/23 06:00:00,1602.4787164738157,0.0
11/23 07:00:00,1597.8549635515062,0.0
11/23 08:00:00,1559.1411171292564,11.8
11/23 09:00:00,1684.9784069188004,65.42
11/23 10:00:00,1721.6502931401765,116.67
11/23 11:00:00,1723.270902967362,170.99
11/23 12:00:00,1740.7464848912175,164.21
11/23 13:00:00,1715.7554434109702,238.55
11/23 14:00:00,1712.6444066033573,183.17
11/23 15:00:00,1703.0253790892796,93.93
11/23 16:00:00,1728.8578360043107,7.19
11/23 17:00:00,1791.6288588914847,0.0
11/23 18:00:00,1737.4487415584674,0.0
11/23 19:00:00,1825.5037432215713,0.0
11/23 20:00:00,1822.574501497692,0.0
11/23 21:00:00,1833.7148343183428,0.0
11/23 22:00:00,1844.7830657868014,0.0
11/23 23:00:00,1874.8601288741017,0.0
11/24 00:00:00,2038.4179667687674,0.0
11/24 01:00:00,2027.188323256879,0.0
11/24 02:00:00,2054.3488627422225,0.0
11/24 03:00:00,2022.2306963629046,0.0
11/24 04:00:00,2006.4809366231875,0.0
11/24 05:00:00,1999.1258097644072,0.0
11/24 06:00:00,2166.5792385092886,0.0
11/24 07:00:00,2400.693527517092,0.0
11/24 08:00:00,3852.2641555896294,8.3
11/24 09:00:00,3559.8226136096387,63.14
11/24 10:00:00,3463.1370390944458,68.4
11/24 11:00:00,3480.3772973931145,78.39
11/24 12:00:00,3317.136392566221,67.59
11/24 13:00:00,3517.4154172069375,78.38
11/24 14:00:00,3451.603147548271,38.71
11/24 15:00:00,3483.854806422668,33.86
11/24 16:00:00,3281.526980327735,7.21
11/24 17:00:00,2373.1338002732264,0.0
11/24 18:00:00,2015.0179309236505,0.0
11/24 19:00:00,2039.4642505603113,0.0
11/24 20:00:00,1955.3152446898878,0.0
11/24 21:00:00,1918.5940550834478,0.0
11/24 22:00:00,1824.94446065512,0.0
11/24 23:00:00,1772.148149511193,0.0
11/25 00:00:00,1475.6838978490487,0.0
11/25 01:00:00,1490.0543519763814,0.0
11/25 02:00:00,1472.6531591075045,0.0
11/25 03:00:00,1483.035793718497,0.0
11/25 04:00:00,1477.7483347397526,0.0
11/25 05:00:00,1476.2198876550356,0.0
11/25 06:00:00,1768.2457136687178,0.0
11/25 07:00:00,1765.7756761702544,0.0
11/25 08:00:00,2174.8106586547515,2.02
11/25 09:00:00,2379.061337203644,9.14
11/25 10:00:00,2320.348624997119,28.47
11/25 11:00:00,2333.287262287014,65.77
11/25 12:00:00,1943.9321272378386,77.2
11/25 13:00:00,1938.1950591814168,181.42
11/25 14:00:00,1922.0229379456357,181.9
11/25 15:00:00,1942.4958554686766,114.92
11/25 16:00:00,1949.2039003061248,14.9
11/25 17:00:00,1789.5350886545916,0.0
11/25 18:00:00,1840.086289367308,0.0
11/25 19:00:00,1764.4100378482644,0.0
11/25 20:00:00,1796.6661449888395,0.0
11/25 21:00:00,1830.4372558358668,0.0
11/25 22:00:00,1819.7233363581638,0.0
11/25 23:00:00,1814.984674200807,0.0
11/26 00:00:00,1819.9331287168836,0.0
11/26 01:00:00,1796.1013457958577,0.0
11/26 02:00:00,1791.729759307368,0.0
11/26 03:00:00,1798.6404630038137,0.0
11/26 04:00:00,1788.3930620961114,0.0
11/26 05:00:00,1814.996443797026,0.0
11/26 06:00:00,1920.9798911627702,0.0
11/26 07:00:00,1926.4707894622347,0.0
11/26 08:00:00,1910.8340639359315,8.81
11/26 09:00:00,1932.6593009144215,101.05
11/26 10:00:00,1934.819018799948,148.42
11/26 11:00:00,1962.3389093726937,101.25
11/26 12:00:00,1970.3842573252057,157.31
11/26 13:00:00,1980.4876913647624,164.67
11/26 14:00:00,1951.9703448824107,178.18
11/26 15:00:00,1961.9138119222584,111.51
11/26 16:00:00,1962.972485879744,7.28
11/26 17:00:00,1975.7564879670306,0.0
11/26 18:00:00,1844.9755999469407,0.0
11/26 19:00:00,1842.283810519479,0.0
11/26 20:00:00,1829.1241665323491,0.0
11/26 21:00:00,1826.5475657832674,0.0
11/26 22:00:00,1815.1966884261685,0.0
11/26 23:00:00,1821.981881493472,0.0
11/27 00:00:00,1968.6628985873022,0.0
11/27 01:00:00,1985.6813789554576,0.0
11/27 02:00:00,1984.6463309557437,0.0
11/27 03:00:00,1976.5525149362245,0.0
11/27 04:00:00,1975.7075234703273,0.0
11/27 05:00:00,1992.7218301019566,0.0
11/27 06:00:00,2201.115477444831,0.0
11/27 07:00:00,2482.5041747264445,0.0
11/27 08:00:00,4219.650196450915,1.01
11/27 09:00:00,4178.95490027663,11.14
11/27 10:00:00,4174.159760183425,18.23
11/27 11:00:00,4131.238026893203,28.29
11/27 12:00:00,3930.5167804055836,28.31
11/27 13:00:00,4122.363738909176,24.29
11/27 14:00:00,4145.30160758834,17.23
11/27 15:00:00,4148.833949077488,11.14
11/27 16:00:00,4201.60785576853,1.01
11/27 17:00:00,2985.7674273294538,0.0
11/27 18:00:00,2491.31944459647,0.0
11/27 19:00:00,2491.882160911198,0.0
11/27 20:00:00,2386.949463835855,0.0
11/27 21:00:00,2371.1757680045157,0.0
11/27 22:00:00,2228.9225778222644,0.0
11/27 23:00:00,2167.292770316537,0.0
11/28 00:00:00,1999.7196236368693,0.0
11/28 01:00:00,1998.6565501441655,0.0
11/28 02:00:00,2009.624507685788,0.0
11/28 03:00:00,1981.1720642957728,0.0
11/28 04:00:00,1989.4320625945174,0.0
11/28 05:00:00,2016.2444563514462,0.0
11/28 06:00:00,2197.111931918094,0.0
11/28 07:00:00,2380.7365908704633,0.0
11/28 08:00:00,3872.9099603093255,0.0
11/28 09:00:00,3641.214749960106,8.13
11/28 10:00:00,3541.9161491269756,17.23
11/28 11:00:00,3466.205275217612,40.57
11/28 12:00:00,3293.388254436458,90.36
11/28 13:00:00,3456.0351264787923,116.57
11/28 14:00:00,3435.0246852220735,82.55
11/28 15:00:00,3446.297256158387,99.45
11/28 16:00:00,3577.1095606454983,9.1
11/28 17:00:00,2639.444385842936,0.0
11/28 18:00:00,2298.90639191152,0.0
11/28 19:00:00,2368.596034869447,0.0
11/28 20:00:00,2221.2832785069545,0.0
11/28 21:00:00,2273.6799017943604,0.0
11/28 22:00:00,2166.350135892343,0.0
11/28 23:00:00,2099.8271734394652,0.0
11/29 00:00:00,1946.1792908429964,0.0
11/29 01:00:00,1946.1744558863038,0.0
11/29 02:00:00,1943.3193382172633,0.0
11/29 03:00:00,1949.900804157359,0.0
11/29 04:00:00,1942.3309374409735,0.0
11/29 05:00:00,1975.4135097245958,0.0
11/29 06:00:00,2123.6260368849253,0.0
11/29 07:00:00,2384.582131142332,0.0
11/29 08:00:00,3894.7723372409914,1.01
11/29 09:00:00,3625.431555078815,11.13
11/29 10:00:00,3528.089982396045,25.22
11/29 11:00:00,3447.065521593122,59.41
11/29 12:00:00,3333.0386157471767,64.51
11/29 13:00:00,3532.8660748393227,63.7
11/29 14:00:00,3563.9824536290275,43.9
11/29 15:00:00,3594.8345316091422,22.4
11/29 16:00:00,3624.5817077798774,4.11
11/29 17:00:00,2639.4248057375557,0.0
11/29 18:00:00,2281.767979037721,0.0
11/29 19:00:00,2361.3112040969486,0.0
11/29 20:00:00,2255.4694982676674,0.0
11/29 21:00:00,2229.4260760126717,0.0
11/29 22:00:00,2138.6812896662063,0.0
11/29 23:00:00,2086.808901537639,1.0
11/30 00:00:00,1916.0634094863706,0.0
11/30 01:00:00,1918.7597594603574,0.0
11/30 02:00:00,1933.9487652792823,0.0
11/30 03:00:00,1910.2773251961949,0.0
11/30 04:00:00,1919.3818578276555,0.0
11/30 05:00:00,1939.7216188158695,0.0
11/30 06:00:00,2094.0492915358736,0.0
11/30 07:00:00,2338.455895382224,0.0
11/30 08:00:00,3790.180368220998,1.01
11/30 09:00:00,3571.396444468299,13.13
11/30 10:00:00,3452.920749493809,34.66
11/30 11:00:00,3403.190335921122,93.47
11/30 12:00:00,3330.921219791925,31.3
11/30 13:00:00,3591.887611647637,19.28
11/30 14:00:00,3545.80696615426,17.22
11/30 15:00:00,3571.262278354809,7.0
11/30 16:00:00,3603.898117464706,1.01
11/30 17:00:00,2645.013235653549,0.0
11/30 18:00:00,2272.1726640968923,0.0
11/30 19:00:00,2315.3283515525504,0.0
11/30 20:00:00,2277.526717998954,0.0
11/30 21:00:00,2265.1688053016865,0.0
11/30 22:00:00,2161.963736191625,0.0
11/30 23:00:00,2099.790824178601,0.0
12/01 00:00:00,2319.787230537622,0.0
12/01 01:00:00,2333.7754755008377,0.0
12/01 02:00:00,2333.7207680219803,0.0
12/01 03:00:00,2321.72352052782,0.0
12/01 04:00:00,2321.934301213279,0.0
12/01 05:00:00,2347.2784658023406,0.0
12/01 06:00:00,2495.580566621042,0.0
12/01 07:00:00,2743.4370431679476,0.0
12/01 08:00:00,4225.088174309716,4.09
12/01 09:00:00,3884.455580205962,102.04
12/01 10:00:00,3813.071743990582,163.12
12/01 11:00:00,3814.560634984262,205.08
12/01 12:00:00,3695.8741301906025,183.42
12/01 13:00:00,3876.455382956049,60.39
12/01 14:00:00,3881.6803670005515,41.88
12/01 15:00:00,3982.0855198438203,25.51
12/01 16:00:00,4055.3401756730786,3.07
12/01 17:00:00,3046.427538477469,0.0
12/01 18:00:00,2683.849912984796,0.0
12/01 19:00:00,2745.0235606406413,0.0
12/01 20:00:00,2637.6505699492727,0.0
12/01 21:00:00,2662.396543019088,0.0
12/01 22:00:00,2536.202526392534,0.0
12/01 23:00:00,2483.5497374767738,0.0
12/02 00:00:00,2180.304842545322,0.0
12/02 01:00:00,2175.9561162399923,0.0
12/02 02:00:00,2165.552542416272,0.0
12/02 03:00:00,2177.7050047071793,0.0
12/02 04:00:00,2170.9659767376997,0.0
12/02 05:00:00,2175.184723861441,0.0
12/02 06:00:00,2513.6815609428277,0.0
12/02 07:00:00,2501.459970419802,0.0
12/02 08:00:00,2825.0244860206526,2.0
12/02 09:00:00,2700.4546111520813,18.36
12/02 10:00:00,2672.2618146410837,36.64
12/02 11:00:00,2663.00998950446,52.09
12/02 12:00:00,2262.9274527297653,58.18
12/02 13:00:00,2252.340615462819,47.83
12/02 14:00:00,2271.5107089470803,29.44
12/02 15:00:00,2305.718378000597,22.38
12/02 16:00:00,2334.7421098956916,1.01
12/02 17:00:00,2185.062255180464,0.0
12/02 18:00:00,2270.947004127489,0.0
12/02 19:00:00,2178.3687923307616,0.0
12/02 20:00:00,2188.9954100860405,0.0
12/02 21:00:00,2224.254610805684,0.0
12/02 22:00:00,2218.0672569963867,0.0
12/02 23:00:00,2219.7490645166854,0.0
12/03 00:00:00,2225.475404324106,0.0
12/03 01:00:00,2229.044940639464,0.0
12/03 02:00:00,2239.7321973949643,0.0
12/03 03:00:00,2224.759576362016,0.0
12/03 04:00:00,2241.999973811302,0.0
12/03 05:00:00,2231.0866666331117,0.0
12/03 06:00:00,2371.6654181664117,0.0
12/03 07:00:00,2333.435055511744,0.0
12/03 08:00:00,2346.9001046143844,1.0
12/03 09:00:00,2337.42604299514,29.82
12/03 10:00:00,2355.2643309869236,39.84
12/03 11:00:00,2343.770184142235,59.35
12/03 12:00:00,2362.0853050698493,72.05
12/03 13:00:00,2365.0274849310817,53.1
12/03 14:00:00,2368.359146710257,40.87
12/03 15:00:00,2365.691071721567,21.38
12/03 16:00:00,2386.415610941666,0.0
12/03 17:00:00,2358.902710831607,0.0
12/03 18:00:00,2212.0655839289393,0.0
12/03 19:00:00,2217.3234316847747,0.0
12/03 20:00:00,2226.835642185296,0.0
12/03 21:00:00,2230.6347879268633,0.0
12/03 22:00:00,2214.756884806157,0.0
12/03 23:00:00,2212.742268584195,0.0
12/04 00:00:00,2373.682177655966,0.0
12/04 01:00:00,2391.8149248658624,0.0
12/04 02:00:00,2386.846954383258,0.0
12/04 03:00:00,2374.7531113467144,0.0
12/04 04:00:00,2334.299999722677,0.0
12/04 05:00:00,2371.820258629951,0.0
12/04 06:00:00,2564.9455501450893,0.0
12/04 07:00:00,2912.77897736951,0.0
12/04 08:00:00,4620.194432653417,0.0
12/04 09:00:00,4602.328629134033,4.0
12/04 10:00:00,4546.625571801926,14.21
12/04 11:00:00,4566.147179268045,14.0
12/04 12:00:00,4331.603749549488,16.29
12/04 13:00:00,4534.362574341381,14.0
12/04 14:00:00,4516.588942476263,8.0
12/04 15:00:00,4572.551053718812,5.0
12/04 16:00:00,4597.230518946345,0.0
12/04 17:00:00,3380.061110055114,0.0
12/04 18:00:00,2847.610332118732,0.0
12/04 19:00:00,2859.3486652045367,0.0
12/04 20:00:00,2732.778923764115,0.0
12/04 21:00:00,2751.9579338043263,0.0
12/04 22:00:00,2619.486797415808,0.0
12/04 23:00:00,2565.6294384250255,0.0
12/05 00:00:00,2409.9103663370192,0.0
12/05 01:00:00,2392.364867180713,0.0
12/05 02:00:00,2366.796609324756,0.0
12/05 03:00:00,2359.4145812153392,0.0
12/05 04:00:00,2362.026674446142,0.0
12/05 05:00:00,2376.22834539232,0.0
12/05 06:00:00,2535.5529941128766,0.0
12/05 07:00:00,2750.6260803533146,0.0
12/05 08:00:00,4245.673798962724,0.0
12/05 09:00:00,3909.822517503727,4.0
12/05 10:00:00,3864.914621272872,11.0
12/05 11:00:00,3817.416056983013,40.53
12/05 12:00:00,3692.0248598556236,49.86
12/05 13:00:00,3851.0099200078876,64.89
12/05 14:00:00,3822.7218051045247,66.78
12/05 15:00:00,3838.637030565475,45.45
12/05 16:00:00,4020.812708995061,3.2
12/05 17:00:00,3032.162310976592,0.0
12/05 18:00:00,2687.4506486163227,0.0
12/05 19:00:00,2788.3513203028215,0.0
12/05 20:00:00,2709.285938363508,0.0
12/05 21:00:00,2719.25307703366,0.0
12/05 22:00:00,2619.0848610791772,0.0
12/05 23:00:00,2555.220537401535,0.0
12/06 00:00:00,2399.9489155065144,0.0
12/06 01:00:00,2410.685133827967,0.0
12/06 02:00:00,2418.54464652087,0.0
12/06 03:00:00,2414.0158491288007,0.0
12/06 04:00:00,2410.360365871397,0.0
12/06 05:00:00,2455.792315248316,0.0
12/06 06:00:00,2542.048083286833,0.0
12/06 07:00:00,2793.180884307724,0.0
12/06 08:00:00,4249.725300637087,5.0
12/06 09:00:00,3897.306556173356,60.15
12/06 10:00:00,3822.5944498119375,138.65
12/06 11:00:00,3841.5867081981296,72.37
12/06 12:00:00,3718.5146145571757,180.28
12/06 13:00:00,3927.218190793533,213.34
12/06 14:00:00,3902.601741296652,159.75
12/06 15:00:00,3876.08046338412,100.39
12/06 16:00:00,4044.827415996199,8.16
12/06 17:00:00,3079.8609991848807,0.0
12/06 18:00:00,2744.736438407552,0.0
12/06 19:00:00,2842.9320790997717,0.0
12/06 20:00:00,2748.195865467221,0.0
12/06 21:00:00,2781.6584586638373,0.0
12/06 22:00:00,2689.1574621423897,0.0
12/06 23:00:00,2648.628037497552,0.0
12/07 00:00:00,2443.962386655756,0.0
12/07 01:00:00,2447.2084329902923,0.0
12/07 02:00:00,2446.3154419454495,0.0
12/07 03:00:00,2458.122724373032,0.0
12/07 04:00:00,2451.3129953303715,0.0
12/07 05:00:00,2475.4938994259855,0.0
12/07 06:00:00,2608.226840410806,0.0
12/07 07:00:00,2846.826940952261,0.0
12/07 08:00:00,4324.583925061502,3.0
12/07 09:00:00,3930.443876813662,54.8
12/07 10:00:00,3892.6620032045034,122.9
12/07 11:00:00,3858.2677485420054,180.92
12/07 12:00:00,3743.1403436049673,239.67
12/07 13:00:00,3879.436206099322,208.08
12/07 14:00:00,3862.9596399324896,165.32
12/07 15:00:00,3864.3340036943373,102.82
12/07 16:00:00,4012.789561749579,6.11
12/07 17:00:00,3045.824904386122,0.0
12/07 18:00:00,2623.166013129119,0.0
12/07 19:00:00,2686.893965247294,0.0
12/07 20:00:00,2610.5104234059636,0.0
12/07 21:00:00,2608.7316532985847,0.0
12/07 22:00:00,2530.8645370093222,0.0
12/07 23:00:00,2522.7084861094254,0.0
12/08 00:00:00,2374.4146933987704,0.0
12/08 01:00:00,2375.7949704063285,0.0
12/08 02:00:00,2339.0059650469284,0.0
12/08 03:00:00,2325.5720491886154,0.0
12/08 04:00:00,2334.7991407040263,0.0
12/08 05:00:00,2345.0307163716952,0.0
12/08 06:00:00,2482.011658358328,0.0
12/08 07:00:00,2696.500308207476,0.0
12/08 08:00:00,4264.987780584007,1.0
12/08 09:00:00,3969.392068541282,22.52
12/08 10:00:00,3856.76242110731,39.79
12/08 11:00:00,3863.6195336722967,46.78
12/08 12:00:00,3720.4341868387846,42.85
12/08 13:00:00,3911.9211261070436,38.53
12/08 14:00:00,3368.555350691844,32.63
12/08 15:00:00,2867.418922265529,13.12
12/08 16:00:00,2902.189480866454,2.07
12/08 17:00:00,2142.196828015079,0.0
12/08 18:00:00,1800.3650789549229,0.0
12/08 19:00:00,1794.715971046432,0.0
12/08 20:00:00,1709.3394893118732,0.0
12/08 21:00:00,1699.5516479348703,0.0
12/08 22:00:00,1617.6172818285145,0.0
12/08 23:00:00,1572.895404381688,0.0
12/09 00:00:00,1368.7951897955604,0.0
12/09 01:00:00,1364.4554012942408,0.0
12/09 02:00:00,1365.1228221624804,0.0
12/09 03:00:00,1363.667888469705,0.0
12/09 04:00:00,1369.3260165719068,0.0
12/09 05:00:00,1375.1352640768062,0.0
12/09 06:00:00,1616.3209739763686,0.0
12/09 07:00:00,1631.6722864413591,0.0
12/09 08:00:00,1918.2832960464493,1.0
12/09 09:00:00,1943.06780278147,11.1
12/09 10:00:00,1950.8783508236033,23.39
12/09 11:00:00,1961.0916194965282,30.51
12/09 12:00:00,1656.3406116805804,32.56
12/09 13:00:00,1657.3580112311188,44.79
12/09 14:00:00,1663.327025223454,21.21
12/09 15:00:00,1671.9817630195587,7.12
12/09 16:00:00,1678.6276773320944,1.01
12/09 17:00:00,1522.6794798337908,0.0
12/09 18:00:00,1494.0309905849765,0.0
12/09 19:00:00,1401.915002414086,0.0
12/09 20:00:00,1393.4107882504252,0.0
12/09 21:00:00,1398.2465641766737,0.0
12/09 22:00:00,1382.8815298445418,0.0
12/09 23:00:00,1374.2472120576276,0.0
12/10 00:00:00,1361.7590501248642,0.0
12/10 01:00:00,1360.2210912740331,0.0
12/10 02:00:00,1360.8800202997143,0.0
12/10 03:00:00,1360.3360856167515,0.0
12/10 04:00:00,1363.988843459127,0.0
12/10 05:00:00,1376.1711957052448,0.0
12/10 06:00:00,1455.9077643640849,0.0
12/10 07:00:00,1458.670311457356,0.0
12/10 08:00:00,1455.0039686629002,5.0
12/10 09:00:00,1464.7849525232439,82.58
12/10 10:00:00,1484.9497079675898,89.54
12/10 11:00:00,1495.3772730736887,52.28
12/10 12:00:00,1496.3983901238644,31.28
12/10 13:00:00,1492.1760813344513,60.57
12/10 14:00:00,1486.9770989409435,128.82
12/10 15:00:00,1487.6684600626968,82.3
12/10 16:00:00,1494.9225774014715,9.01
12/10 17:00:00,1488.706903065504,0.0
12/10 18:00:00,1400.0782597984153,0.0
12/10 19:00:00,1399.531896214196,0.0
12/10 20:00:00,1395.1643111416058,0.0
12/10 21:00:00,1392.5363575943281,0.0
12/10 22:00:00,1378.664359091228,0.0
12/10 23:00:00,1368.030092139472,0.0
12/11 00:00:00,1464.2907657838985,0.0
12/11 01:00:00,1461.638258743093,0.0
12/11 02:00:00,1464.788728092577,0.0
12/11 03:00:00,1463.2136181781912,0.0
12/11 04:00:00,1467.0073815835485,0.0
12/11 05:00:00,1486.687657996962,0.0
12/11 06:00:00,1612.8145394885105,0.0
12/11 07:00:00,1796.6803580078629,0.0
12/11 08:00:00,2888.569140747368,0.0
12/11 09:00:00,2854.1947510095497,6.1
12/11 10:00:00,2799.081355829536,47.35
12/11 11:00:00,2793.0263210430053,53.27
12/11 12:00:00,2667.999242541271,103.1
12/11 13:00:00,2785.4710405509345,156.6
12/11 14:00:00,2769.705350957713,128.12
12/11 15:00:00,2782.9011880165986,76.01
12/11 16:00:00,2869.0850222228682,6.0
12/11 17:00:00,2126.335934221601,0.0
12/11 18:00:00,1792.5132991059952,0.0
12/11 19:00:00,1789.404696732732,0.0
12/11 20:00:00,1712.6145373633808,0.0
12/11 21:00:00,1703.3824198403345,0.0
12/11 22:00:00,1620.0442325749134,0.0
12/11 23:00:00,1573.697233759653,0.0
12/12 00:00:00,1465.0849717144306,0.0
12/12 01:00:00,1463.3218480833748,0.0
12/12 02:00:00,1464.489594691731,0.0
12/12 03:00:00,1463.11987883227,0.0
12/12 04:00:00,1467.3975157374775,0.0
12/12 05:00:00,1482.7213440944543,0.0
12/12 06:00:00,1608.4222730718302,0.0
12/12 07:00:00,1789.7012319246235,0.0
12/12 08:00:00,2887.455011448308,1.0
12/12 09:00:00,2828.7408361208454,23.66
12/12 10:00:00,2790.4150095325663,65.23
12/12 11:00:00,2792.799797852532,186.28
12/12 12:00:00,2669.7803584921758,232.06
12/12 13:00:00,2793.615000050297,210.07
12/12 14:00:00,2782.3206465113435,160.62
12/12 15:00:00,2794.5406001184238,98.95
12/12 16:00:00,2890.548611125915,7.0
12/12 17:00:00,2140.7106297799373,0.0
12/12 18:00:00,1800.1692598894363,0.0
12/12 19:00:00,1791.2506020076826,0.0
12/12 20:00:00,1709.7363858177869,0.0
12/12 21:00:00,1701.3255946680586,0.0
12/12 22:00:00,1617.3205112308867,0.0
12/12 23:00:00,1572.6461524394017,0.0
12/13 00:00:00,1465.1376108286745,0.0
12/13 01:00:00,1463.7508869696924,0.0
12/13 02:00:00,1464.568484312209,0.0
12/13 03:00:00,1462.9329964860071,0.0
12/13 04:00:00,1466.9969927762158,0.0
12/13 05:00:00,1483.4759932532888,0.0
12/13 06:00:00,1610.189541319388,0.0
12/13 07:00:00,1790.3930570033413,0.0
12/13 08:00:00,2883.1085551425185,0.0
12/13 09:00:00,2855.4244871040737,8.09
12/13 10:00:00,2833.787759780248,26.38
12/13 11:00:00,2807.0545905357735,50.0
12/13 12:00:00,2676.0184985283013,87.84
12/13 13:00:00,2798.680564197479,95.44
12/13 14:00:00,2790.29320766041,64.67
12/13 15:00:00,2812.757067421186,43.46
12/13 16:00:00,2895.7218622945716,1.0
12/13 17:00:00,2140.0281441028696,0.0
12/13 18:00:00,1799.1677006521688,0.0
12/13 19:00:00,1791.557868084642,0.0
12/13 20:00:00,1709.237470645342,0.0
12/13 21:00:00,1697.4950962142916,0.0
12/13 22:00:00,1617.7150411463397,0.0
12/13 23:00:00,1572.2540429188552,0.0
12/14 00:00:00,1465.5887872061787,0.0
12/14 01:00:00,1462.3464510048996,0.0
12/14 02:00:00,1463.8314045547856,0.0
12/14 03:00:00,1462.0908979965313,0.0
12/14 04:00:00,1466.8031009301224,0.0
12/14 05:00:00,1484.3627811313404,0.0
12/14 06:00:00,1610.5983673307783,0.0
12/14 07:00:00,1790.6932084204127,0.0
12/14 08:00:00,2883.15462754373,0.0
12/14 09:00:00,2864.869952952483,4.0
12/14 10:00:00,2866.372429762708,11.19
12/14 11:00:00,2877.980251322925,11.0
12/14 12:00:00,2732.4964244250973,30.27
12/14 13:00:00,2871.375038094574,21.26
12/14 14:00:00,2875.0506789588944,10.0
12/14 15:00:00,2872.4827747736927,7.12
12/14 16:00:00,2898.9002958804163,1.0
12/14 17:00:00,2137.6391392633564,0.0
12/14 18:00:00,1797.3071971729507,0.0
12/14 19:00:00,1791.360121340377,0.0
12/14 20:00:00,1706.8293770360754,0.0
12/14 21:00:00,1695.1915091586075,0.0
12/14 22:00:00,1616.8137898433642,0.0
12/14 23:00:00,1570.7375734601155,0.0
12/15 00:00:00,1464.2046052579524,0.0
12/15 01:00:00,1461.2571598497404,0.0
12/15 02:00:00,1463.0849297022414,0.0
12/15 03:00:00,1462.6804588702914,0.0
12/15 04:00:00,1465.9308499603908,0.0
12/15 05:00:00,1483.1143717031416,0.0
12/15 06:00:00,1608.0010032572497,0.0
12/15 07:00:00,1789.3363312285694,0.0
12/15 08:00:00,2862.5772767111725,4.0
12/15 09:00:00,2771.4012886705136,76.97
12/15 10:00:00,2775.540004751229,146.67
12/15 11:00:00,2788.5974895313548,193.5
12/15 12:00:00,2667.1272567016704,225.99
12/15 13:00:00,2790.5018135751034,206.62
12/15 14:00:00,2778.701063349952,153.35
12/15 15:00:00,2793.376525277239,84.92
12/15 16:00:00,2883.402940822444,8.01
12/15 17:00:00,2138.404459143812,0.0
12/15 18:00:00,1797.0409669685812,0.0
12/15 19:00:00,1791.643408973979,0.0
12/15 20:00:00,1711.7170473721762,0.0
12/15 21:00:00,1697.2421912131133,0.0
12/15 22:00:00,1616.4422043413963,0.0
12/15 23:00:00,1572.1578248070768,0.0
12/16 00:00:00,1368.581199536649,0.0
12/16 01:00:00,1363.946809702785,0.0
12/16 02:00:00,1365.801202487715,0.0
12/16 03:00:00,1364.299199931412,0.0
12/16 04:00:00,1368.3238382620207,0.0
12/16 05:00:00,1375.9871970966904,0.0
12/16 06:00:00,1613.592413654485,0.0
12/16 07:00:00,1628.8294679613962,0.0
12/16 08:00:00,1905.6911558040529,1.0
12/16 09:00:00,1910.963152924785,46.32
12/16 10:00:00,1923.0642160071632,100.08
12/16 11:00:00,1937.24416693508,134.22
12/16 12:00:00,1643.9098884687821,143.1
12/16 13:00:00,1648.6103504604957,138.07
12/16 14:00:00,1648.8012279457803,136.64
12/16 15:00:00,1654.0130468631478,87.57
12/16 16:00:00,1667.3863188608273,5.03
12/16 17:00:00,1520.7215493418948,0.0
12/16 18:00:00,1493.2455331900462,0.0
12/16 19:00:00,1400.4928411359226,0.0
12/16 20:00:00,1397.2683094334277,0.0
12/16 21:00:00,1396.79245715384,0.0
12/16 22:00:00,1383.519116422511,0.0
12/16 23:00:00,1374.5266143300253,0.0
12/17 00:00:00,1363.218626316941,0.0
12/17 01:00:00,1361.9237744907346,0.0
12/17 02:00:00,1362.1630798486394,0.0
12/17 03:00:00,1360.5770335934697,0.0
12/17 04:00:00,1364.48453028395,0.0
12/17 05:00:00,1374.4277183786824,0.0
12/17 06:00:00,1454.436121661135,0.0
12/17 07:00:00,1455.8583785666558,0.0
12/17 08:00:00,1458.509236299331,3.0
12/17 09:00:00,1464.279684457955,74.55
12/17 10:00:00,1479.7415339841905,145.73
12/17 11:00:00,1490.9193963276578,190.08
12/17 12:00:00,1487.2598791179466,211.22
12/17 13:00:00,1485.0902610764695,181.61
12/17 14:00:00,1483.504871874157,146.49
12/17 15:00:00,1482.1735053045868,91.8
12/17 16:00:00,1490.405656131522,9.06
12/17 17:00:00,1483.1231903669034,0.0
12/17 18:00:00,1399.2816275544094,0.0
12/17 19:00:00,1395.9819760999146,0.0
12/17 20:00:00,1393.3217545208033,0.0
12/17 21:00:00,1389.5822471736262,0.0
12/17 22:00:00,1378.4371147566483,0.0
12/17 23:00:00,1367.343710346305,0.0
12/18 00:00:00,1464.7686745782394,0.0
12/18 01:00:00,1461.252397826964,0.0
12/18 02:00:00,1464.154384019782,0.0
12/18 03:00:00,1462.3282511320347,0.0
12/18 04:00:00,1466.9515701910602,0.0
12/18 05:00:00,1484.0929713185863,0.0
12/18 06:00:00,1610.2643512444536,0.0
12/18 07:00:00,1792.484541828195,0.0
12/18 08:00:00,2860.287561354053,2.0
12/18 09:00:00,2768.666377784532,64.95
12/18 10:00:00,2768.5115100777903,127.09
12/18 11:00:00,2777.7136596175487,97.61
12/18 12:00:00,2652.4877942536145,173.72
12/18 13:00:00,2777.4521661694016,157.62
12/18 14:00:00,2759.856815962055,133.36
12/18 15:00:00,2775.078390072771,82.57
12/18 16:00:00,2858.473486988655,7.09
12/18 17:00:00,2117.113786822232,0.0
12/18 18:00:00,1783.4783426908266,0.0
12/18 19:00:00,1781.3086881412703,0.0
12/18 20:00:00,1708.9945317339555,0.0
12/18 21:00:00,1696.8798261760555,0.0
12/18 22:00:00,1616.3959914108302,0.0
12/18 23:00:00,1572.3864413650258,0.0
12/19 00:00:00,1463.9356579818877,0.0
12/19 01:00:00,1460.8528854570782,0.0
12/19 02:00:00,1464.119515728435,0.0
12/19 03:00:00,1462.6860119553837,0.0
12/19 04:00:00,1465.4987490921592,0.0
12/19 05:00:00,1482.0408478122401,0.0
12/19 06:00:00,1608.127075504303,0.0
12/19 07:00:00,1789.719082935488,0.0
12/19 08:00:00,2878.7460010610716,3.0
12/19 09:00:00,2786.30787031369,67.38
12/19 10:00:00,2784.179065544462,139.25
12/19 11:00:00,2791.694695581996,186.85
12/19 12:00:00,2668.530156607205,215.24
12/19 13:00:00,2793.981895963253,202.02
12/19 14:00:00,2784.05274104617,158.98
12/19 15:00:00,2791.1744339148245,105.18
12/19 16:00:00,2882.809277641018,10.14
12/19 17:00:00,2137.1566180073405,0.0
12/19 18:00:00,1793.4993090152766,0.0
12/19 19:00:00,1785.2924678560198,0.0
12/19 20:00:00,1705.635933543607,0.0
12/19 21:00:00,1697.8115575546226,0.0
12/19 22:00:00,1617.7632439068177,0.0
12/19 23:00:00,1573.3489220176073,0.0
12/20 00:00:00,1464.520374092496,0.0
12/20 01:00:00,1462.632706419582,0.0
12/20 02:00:00,1463.5628481289925,0.0
12/20 03:00:00,1462.5711894228416,0.0
12/20 04:00:00,1465.435445689529,0.0
12/20 05:00:00,1483.238600644787,0.0
12/20 06:00:00,1610.8428782659919,0.0
12/20 07:00:00,1792.7718260429347,0.0
12/20 08:00:00,2879.058848201361,3.0
12/20 09:00:00,2787.4346743310775,70.92
12/20 10:00:00,2783.4326283778237,143.04
12/20 11:00:00,2793.5495531208117,192.14
12/20 12:00:00,2668.739792919193,228.65
12/20 13:00:00,2795.0499322211554,210.36
12/20 14:00:00,2780.524684336958,156.57
12/20 15:00:00,2793.0269842219136,89.17
12/20 16:00:00,2884.0569428851445,8.19
12/20 17:00:00,2135.1332976298263,0.0
12/20 18:00:00,1794.836819919167,0.0
12/20 19:00:00,1787.2685960992471,0.0
12/20 20:00:00,1709.5661189240725,0.0
12/20 21:00:00,1695.6811054148236,0.0
12/20 22:00:00,1615.5314143463174,0.0
12/20 23:00:00,1571.3046247947987,0.0
12/21 00:00:00,1462.5787797619973,0.0
12/21 01:00:00,1462.0274231489616,0.0
12/21 02:00:00,1462.783212493635,0.0
12/21 03:00:00,1461.2320837886878,0.0
12/21 04:00:00,1466.2283800527791,0.0
12/21 05:00:00,1481.6191975122995,0.0
12/21 06:00:00,1610.6984027314134,0.0
12/21 07:00:00,1787.0424301313435,0.0
12/21 08:00:00,2880.067930384458,2.0
12/21 09:00:00,2790.5413372543244,62.42
12/21 10:00:00,2785.4217058171344,133.0
12/21 11:00:00,2794.8287999430213,185.52
12/21 12:00:00,2670.3989714400636,231.95
12/21 13:00:00,2796.8133799573084,214.63
12/21 14:00:00,2784.752933325706,166.94
12/21 15:00:00,2792.6710409189595,104.84
12/21 16:00:00,2884.874159785198,9.26
12/21 17:00:00,2137.5402414452983,0.0
12/21 18:00:00,1794.5957171351315,0.0
12/21 19:00:00,1788.318962618585,0.0
12/21 20:00:00,1705.1875893852716,0.0
12/21 21:00:00,1697.3784256231486,0.0
12/21 22:00:00,1618.6307490554286,0.0
12/21 23:00:00,1571.279923368178,0.0
12/22 00:00:00,1464.6025850374099,0.0
12/22 01:00:00,1461.4721850879434,0.0
12/22 02:00:00,1462.0294259453212,0.0
12/22 03:00:00,1462.129187695768,0.0
12/22 04:00:00,1465.1350575651932,0.0
12/22 05:00:00,1483.2210119821568,0.0
12/22 06:00:00,1609.123138635955,0.0
12/22 07:00:00,1788.3700349354845,0.0
12/22 08:00:00,2887.6329348092486,1.0
12/22 09:00:00,2795.860088111848,47.35
12/22 10:00:00,2785.3906474958603,119.44
12/22 11:00:00,2792.768009968104,157.98
12/22 12:00:00,2668.7745771055615,182.51
12/22 13:00:00,2798.8250698353736,133.99
12/22 14:00:00,2784.387989184879,134.62
12/22 15:00:00,2795.3805402869752,88.1
12/22 16:00:00,2883.9807696966977,10.33
12/22 17:00:00,2134.325205122813,0.0
12/22 18:00:00,1793.1743209746649,0.0
12/22 19:00:00,1786.28231011125,0.0
12/22 20:00:00,1707.476625062143,0.0
12/22 21:00:00,1698.4762353096921,0.0
12/22 22:00:00,1616.4979389396858,0.0
12/22 23:00:00,1572.5425314134495,0.0
12/23 00:00:00,1368.361593027559,0.0
12/23 01:00:00,1364.2816508891983,0.0
12/23 02:00:00,1365.622764982791,0.0
12/23 03:00:00,1363.4501874088046,0.0
12/23 04:00:00,1369.1116413690947,0.0
12/23 05:00:00,1376.6637805907828,0.0
12/23 06:00:00,1614.7435119920444,0.0
12/23 07:00:00,1630.9801856786694,0.0
12/23 08:00:00,1926.3729956736051,1.0
12/23 09:00:00,1933.6983420605313,29.67
12/23 10:00:00,1934.2626929864764,44.24
12/23 11:00:00,1936.7955712319276,129.64
12/23 12:00:00,1641.8836357449502,198.19
12/23 13:00:00,1645.8129911262956,153.36
12/23 14:00:00,1644.9441487427127,113.58
12/23 15:00:00,1651.4652435088408,66.66
12/23 16:00:00,1666.777757458689,6.42
12/23 17:00:00,1517.786475133806,0.0
12/23 18:00:00,1490.705414549339,0.0
12/23 19:00:00,1399.183040737985,0.0
12/23 20:00:00,1394.6777181701486,0.0
12/23 21:00:00,1394.1360122114772,0.0
12/23 22:00:00,1382.9974996753617,0.0
12/23 23:00:00,1371.7972623233757,0.0
12/24 00:00:00,1362.6046642521894,0.0
12/24 01:00:00,1361.419566753346,0.0
12/24 02:00:00,1362.5318284148323,0.0
12/24 03:00:00,1361.7090313608844,0.0
12/24 04:00:00,1365.0381913582921,0.0
12/24 05:00:00,1374.8446482173904,0.0
12/24 06:00:00,1455.2280561607042,0.0
12/24 07:00:00,1456.7524708515555,0.0
12/24 08:00:00,1460.1522657953356,1.0
12/24 09:00:00,1465.3751595438623,51.68
12/24 10:00:00,1483.484041987793,112.0
12/24 11:00:00,1490.8686114943323,158.13
12/24 12:00:00,1488.7909836879162,205.48
12/24 13:00:00,1489.458148502043,181.79
12/24 14:00:00,1484.5271839317843,130.1
12/24 15:00:00,1485.2108436453086,88.44
12/24 16:00:00,1488.7756204983184,5.53
12/24 17:00:00,1483.8260711456173,0.0
12/24 18:00:00,1396.8478007492197,0.0
12/24 19:00:00,1396.1036699975416,0.0
12/24 20:00:00,1394.1065939522514,0.0
12/24 21:00:00,1390.8193899189682,0.0
12/24 22:00:00,1377.3630803469816,0.0
12/24 23:00:00,1366.9673072281507,0.0
12/25 00:00:00,1362.778268343822,0.0
12/25 01:00:00,1362.1930866613957,0.0
12/25 02:00:00,1362.182315431559,0.0
12/25 03:00:00,1361.2685457723385,0.0
12/25 04:00:00,1364.5502608195766,0.0
12/25 05:00:00,1374.3598639123875,0.0
12/25 06:00:00,1455.0988201211562,0.0
12/25 07:00:00,1456.4435516908575,0.0
12/25 08:00:00,1463.678449803761,0.0
12/25 09:00:00,1472.5267383255405,6.08
12/25 10:00:00,1484.196025132571,37.88
12/25 11:00:00,1489.6055232395006,46.97
12/25 12:00:00,1488.829651239813,60.62
12/25 13:00:00,1484.355506820519,93.17
12/25 14:00:00,1478.6183247156316,72.75
12/25 15:00:00,1484.3837818402203,50.83
12/25 16:00:00,1486.3283049977724,6.64
12/25 17:00:00,1485.446315656127,0.0
12/25 18:00:00,1394.1896286493507,0.0
12/25 19:00:00,1395.9388063697743,0.0
12/25 20:00:00,1391.324470863146,0.0
12/25 21:00:00,1391.4479445505876,0.0
12/25 22:00:00,1376.7150957410217,0.0
12/25 23:00:00,1367.294519340337,0.0
12/26 00:00:00,1463.1517170947595,0.0
12/26 01:00:00,1461.4116118976945,0.0
12/26 02:00:00,1464.4459491955442,0.0
12/26 03:00:00,1461.2203812257294,0.0
12/26 04:00:00,1465.3404244336175,0.0
12/26 05:00:00,1484.626896818541,0.0
12/26 06:00:00,1610.51489318174,0.0
12/26 07:00:00,1787.0125747146174,0.0
12/26 08:00:00,2884.2751941589163,0.0
12/26 09:00:00,2849.1860256329774,4.0
12/26 10:00:00,2846.776391156254,18.18
12/26 11:00:00,2853.8993154857476,19.24
12/26 12:00:00,2708.831350249306,38.54
12/26 13:00:00,2838.7421643913412,24.26
12/26 14:00:00,2821.5817104438606,35.63
12/26 15:00:00,2858.548836942127,7.12
12/26 16:00:00,2877.651899930367,1.01
12/26 17:00:00,2122.3940302781466,0.0
12/26 18:00:00,1785.099360294154,0.0
12/26 19:00:00,1781.5669604791306,0.0
12/26 20:00:00,1704.2962853234292,0.0
12/26 21:00:00,1698.144055431659,0.0
12/26 22:00:00,1616.0274875057644,0.0
12/26 23:00:00,1571.210734818464,0.0
12/27 00:00:00,1463.6608697386775,0.0
12/27 01:00:00,1461.34614213601,0.0
12/27 02:00:00,1463.4129774836888,0.0
12/27 03:00:00,1461.246360863718,0.0
12/27 04:00:00,1468.0667036934449,0.0
12/27 05:00:00,1484.1303441380671,0.0
12/27 06:00:00,1609.9717010751936,0.0
12/27 07:00:00,1791.004601767357,0.0
12/27 08:00:00,2864.465377557837,1.0
12/27 09:00:00,2770.4730202790747,63.78
12/27 10:00:00,2771.689605391598,71.11
12/27 11:00:00,2785.494285838842,76.15
12/27 12:00:00,2665.4732166966987,70.17
12/27 13:00:00,2774.233190899238,107.06
12/27 14:00:00,2764.8800924523844,72.79
12/27 15:00:00,2783.9746838947995,56.05
12/27 16:00:00,2874.5392365699227,5.49
12/27 17:00:00,2125.112457509871,0.0
12/27 18:00:00,1789.7797907842742,0.0
12/27 19:00:00,1785.5172309911907,0.0
12/27 20:00:00,1708.135335240116,0.0
12/27 21:00:00,1698.5477222646891,0.0
12/27 22:00:00,1616.808354050029,0.0
12/27 23:00:00,1572.7595230589056,0.0
12/28 00:00:00,1463.2038596854609,0.0
12/28 01:00:00,1461.3473730449168,0.0
12/28 02:00:00,1462.547478466184,0.0
12/28 03:00:00,1462.9278188902988,0.0
12/28 04:00:00,1465.007248190364,0.0
12/28 05:00:00,1483.4969538054352,0.0
12/28 06:00:00,1607.5912061340603,0.0
12/28 07:00:00,1786.882806042671,0.0
12/28 08:00:00,2872.629796585708,1.0
12/28 09:00:00,2763.4086796451597,60.73
12/28 10:00:00,2780.044807741843,83.46
12/28 11:00:00,2801.8159505446856,50.21
12/28 12:00:00,2715.6272906467025,28.27
12/28 13:00:00,2848.708497291454,27.26
12/28 14:00:00,2841.485384785862,16.21
12/28 15:00:00,2838.0530795018967,16.26
12/28 16:00:00,2879.166800766606,3.08
12/28 17:00:00,2126.878874289089,0.0
12/28 18:00:00,1788.5265951546553,0.0
12/28 19:00:00,1784.2026966082303,0.0
12/28 20:00:00,1707.21755164417,0.0
12/28 21:00:00,1700.2364645399416,0.0
12/28 22:00:00,1617.3219646395544,0.0
12/28 23:00:00,1572.8365615019165,0.0
12/29 00:00:00,1464.5181212040468,0.0
12/29 01:00:00,1461.7271935971714,0.0
12/29 02:00:00,1464.162250699344,0.0
12/29 03:00:00,1462.1925567868886,0.0
12/29 04:00:00,1467.001207387509,0.0
12/29 05:00:00,1483.3435282007526,0.0
12/29 06:00:00,1609.528016376977,0.0
12/29 07:00:00,1791.3695462452952,0.0
12/29 08:00:00,2865.5472110863466,1.0
12/29 09:00:00,2771.9444604522087,60.7
12/29 10:00:00,2770.019558441507,124.35
12/29 11:00:00,2780.6798591654606,66.19
12/29 12:00:00,2664.546873318217,60.63
12/29 13:00:00,2781.295854516469,76.89
12/29 14:00:00,2767.117625473924,66.99
12/29 15:00:00,2800.4882020827763,47.85
12/29 16:00:00,2865.781299529954,8.32
12/29 17:00:00,2126.825853001082,0.0
12/29 18:00:00,1792.4406220349651,0.0
12/29 19:00:00,1786.7194351686107,0.0
12/29 20:00:00,1704.4788267696995,0.0
12/29 21:00:00,1700.3765367395554,0.0
12/29 22:00:00,1616.321503348788,0.0
12/29 23:00:00,1573.0670465869046,0.0
12/30 00:00:00,1367.9773085069967,0.0
12/30 01:00:00,1363.9509129072874,0.0
12/30 02:00:00,1364.8559737728929,0.0
12/30 03:00:00,1363.312207890439,0.0
12/30 04:00:00,1368.1873773480013,0.0
12/30 05:00:00,1378.1768851623335,0.0
12/30 06:00:00,1612.6221991016353,0.0
12/30 07:00:00,1626.4557309091945,0.0
12/30 08:00:00,1903.263207196854,0.0
12/30 09:00:00,1924.722593668114,6.08
12/30 10:00:00,1930.7330384706495,32.71
12/30 11:00:00,1937.04046664403,49.22
12/30 12:00:00,1642.3422931768816,34.55
12/30 13:00:00,1652.3197349657023,21.26
12/30 14:00:00,1646.3553674470436,47.29
12/30 15:00:00,1653.6410477104275,10.13
12/30 16:00:00,1661.4557868030142,3.07
12/30 17:00:00,1515.9489127255467,0.0
12/30 18:00:00,1493.029897058146,0.0
12/30 19:00:00,1405.2508648408814,0.0
12/30 20:00:00,1401.4663586267043,0.0
12/30 21:00:00,1397.979236621869,0.0
12/30 22:00:00,1380.1872112588414,0.0
12/30 23:00:00,1372.202156268888,0.0
12/31 00:00:00,1363.1291599377373,0.0
12/31 01:00:00,1361.6530113124138,0.0
12/31 02:00:00,1362.0083674620316,0.0
12/31 03:00:00,1360.7060558618293,0.0
12/31 04:00:00,1365.1648399003811,0.0
12/31 05:00:00,1375.1593359067374,0.0
12/31 06:00:00,1454.0548038272825,0.0
12/31 07:00:00,1457.1003259941735,0.0
12/31 08:00:00,1464.7879389909858,0.0
12/31 09:00:00,1472.6269402317805,14.31
12/31 10:00:00,1488.8861394779567,38.89
12/31 11:00:00,1498.4704969394309,47.98
12/31 12:00:00,1493.0076594368895,70.2
12/31 13:00:00,1490.9956497782712,221.81
12/31 14:00:00,1487.1709869671565,175.26
12/31 15:00:00,1484.1808009276597,123.41
12/31 16:00:00,1492.5307033023607,23.82
12/31 17:00:00,1489.475258483266,0.0
12/31 18:00:00,1397.4659715731882,0.0
12/31 19:00:00,1394.8888843110974,0.0
12/31 20:00:00,1392.037335505121,0.0
12/31 21:00:00,1389.3052818338356,0.0
12/31 22:00:00,1376.6508220116127,0.0
12/31 23:00:00,1366.4535891474436,0.0
