Variable,Index1,Index2,Index3,Value
C_cond,,,,52132.34061597646
C_subs,,,,34120.385631925885
C_losses,,,1,0.01770223341803095
line_opt,,0,Poppy,1.0
line_opt,,0,Oxlip,0.0
line_opt,,0,Daisy,0.0
line_opt,,0,Tulip,0.0
line_opt,,1,Poppy,0.0
line_opt,,1,Oxlip,0.0
line_opt,,1,Daisy,0.0
line_opt,,1,Tulip,0.0
line_opt,,2,Poppy,0.0
line_opt,,2,Oxlip,0.0
line_opt,,2,Daisy,0.0
line_opt,,2,Tulip,0.0
line_opt,,3,Poppy,0.0
line_opt,,3,Oxlip,0.0
line_opt,,3,Daisy,0.0
line_opt,,3,Tulip,0.0
line_opt,,4,Poppy,0.0
line_opt,,4,Oxlip,0.0
line_opt,,4,Daisy,0.0
line_opt,,4,Tulip,0.0
line_opt,,5,Poppy,0.0
line_opt,,5,Oxlip,0.0
line_opt,,5,Daisy,0.0
line_opt,,5,Tulip,0.0
line_opt,,6,Poppy,1.0
line_opt,,6,Oxlip,0.0
line_opt,,6,Daisy,0.0
line_opt,,6,Tulip,0.0
line_opt,,7,Poppy,0.0
line_opt,,7,Oxlip,0.0
line_opt,,7,Daisy,0.0
line_opt,,7,Tulip,0.0
line_opt,,8,Poppy,1.0
line_opt,,8,Oxlip,0.0
line_opt,,8,Daisy,0.0
line_opt,,8,Tulip,0.0
line_opt,,9,Poppy,0.0
line_opt,,9,Oxlip,0.0
line_opt,,9,Daisy,0.0
line_opt,,9,Tulip,0.0
line_opt,,10,Poppy,0.0
line_opt,,10,Oxlip,0.0
line_opt,,10,Daisy,0.0
line_opt,,10,Tulip,0.0
line_opt,,11,Poppy,0.0
line_opt,,11,Oxlip,0.0
line_opt,,11,Daisy,0.0
line_opt,,11,Tulip,0.0
line_opt,,12,Poppy,0.0
line_opt,,12,Oxlip,0.0
line_opt,,12,Daisy,0.0
line_opt,,12,Tulip,0.0
line_opt,,13,Poppy,0.0
line_opt,,13,Oxlip,0.0
line_opt,,13,Daisy,0.0
line_opt,,13,Tulip,0.0
line_opt,,14,Poppy,0.0
line_opt,,14,Oxlip,0.0
line_opt,,14,Daisy,0.0
line_opt,,14,Tulip,1.0
line_opt,,15,Poppy,0.0
line_opt,,15,Oxlip,0.0
line_opt,,15,Daisy,0.0
line_opt,,15,Tulip,0.0
line_opt,,16,Poppy,0.0
line_opt,,16,Oxlip,0.0
line_opt,,16,Daisy,0.0
line_opt,,16,Tulip,0.0
line_opt,,17,Poppy,1.0
line_opt,,17,Oxlip,0.0
line_opt,,17,Daisy,0.0
line_opt,,17,Tulip,0.0
line_opt,,18,Poppy,0.0
line_opt,,18,Oxlip,0.0
line_opt,,18,Daisy,0.0
line_opt,,18,Tulip,0.0
line_opt,,19,Poppy,1.0
line_opt,,19,Oxlip,0.0
line_opt,,19,Daisy,0.0
line_opt,,19,Tulip,0.0
line_opt,,20,Poppy,0.0
line_opt,,20,Oxlip,0.0
line_opt,,20,Daisy,1.0
line_opt,,20,Tulip,0.0
line_opt,,21,Poppy,0.0
line_opt,,21,Oxlip,0.0
line_opt,,21,Daisy,0.0
line_opt,,21,Tulip,0.0
line_opt,,22,Poppy,0.0
line_opt,,22,Oxlip,0.0
line_opt,,22,Daisy,0.0
line_opt,,22,Tulip,0.0
line_opt,,23,Poppy,0.0
line_opt,,23,Oxlip,0.0
line_opt,,23,Daisy,0.0
line_opt,,23,Tulip,0.0
line_opt,,24,Poppy,0.0
line_opt,,24,Oxlip,0.0
line_opt,,24,Daisy,0.0
line_opt,,24,Tulip,0.0
line_opt,,25,Poppy,0.0
line_opt,,25,Oxlip,0.0
line_opt,,25,Daisy,0.0
line_opt,,25,Tulip,0.0
line_opt,,26,Poppy,0.0
line_opt,,26,Oxlip,0.0
line_opt,,26,Daisy,0.0
line_opt,,26,Tulip,0.0
line_opt,,27,Poppy,0.0
line_opt,,27,Oxlip,0.0
line_opt,,27,Daisy,0.0
line_opt,,27,Tulip,0.0
line_opt,,28,Poppy,0.0
line_opt,,28,Oxlip,0.0
line_opt,,28,Daisy,0.0
line_opt,,28,Tulip,0.0
line_opt,,29,Poppy,1.0
line_opt,,29,Oxlip,0.0
line_opt,,29,Daisy,0.0
line_opt,,29,Tulip,0.0
line_opt,,30,Poppy,0.0
line_opt,,30,Oxlip,0.0
line_opt,,30,Daisy,0.0
line_opt,,30,Tulip,0.0
line_opt,,31,Poppy,0.0
line_opt,,31,Oxlip,0.0
line_opt,,31,Daisy,0.0
line_opt,,31,Tulip,0.0
line_opt,,32,Poppy,0.0
line_opt,,32,Oxlip,0.0
line_opt,,32,Daisy,0.0
line_opt,,32,Tulip,0.0
line_opt,,33,Poppy,0.9999979685129193
line_opt,,33,Oxlip,0.0
line_opt,,33,Daisy,0.0
line_opt,,33,Tulip,0.0
line_opt,,34,Poppy,0.0
line_opt,,34,Oxlip,0.0
line_opt,,34,Daisy,0.0
line_opt,,34,Tulip,0.0
line_opt,,35,Poppy,0.0
line_opt,,35,Oxlip,0.0
line_opt,,35,Daisy,0.0
line_opt,,35,Tulip,0.0
line_opt,,36,Poppy,0.0
line_opt,,36,Oxlip,1.0
line_opt,,36,Daisy,0.0
line_opt,,36,Tulip,0.0
line_opt,,37,Poppy,0.0
line_opt,,37,Oxlip,1.0
line_opt,,37,Daisy,0.0
line_opt,,37,Tulip,0.0
line_opt,,38,Poppy,1.0
line_opt,,38,Oxlip,0.0
line_opt,,38,Daisy,0.0
line_opt,,38,Tulip,0.0
line_opt,,39,Poppy,0.0
line_opt,,39,Oxlip,0.0
line_opt,,39,Daisy,0.0
line_opt,,39,Tulip,0.0
line_opt,,40,Poppy,1.0
line_opt,,40,Oxlip,0.0
line_opt,,40,Daisy,0.0
line_opt,,40,Tulip,0.0
line_opt,,41,Poppy,0.0
line_opt,,41,Oxlip,0.0
line_opt,,41,Daisy,0.0
line_opt,,41,Tulip,0.0
line_opt,,42,Poppy,0.0
line_opt,,42,Oxlip,0.0
line_opt,,42,Daisy,0.0
line_opt,,42,Tulip,0.0
line_opt,,43,Poppy,1.0
line_opt,,43,Oxlip,0.0
line_opt,,43,Daisy,0.0
line_opt,,43,Tulip,0.0
line_opt,,44,Poppy,1.0
line_opt,,44,Oxlip,0.0
line_opt,,44,Daisy,0.0
line_opt,,44,Tulip,0.0
line_opt,,45,Poppy,0.0
line_opt,,45,Oxlip,0.0
line_opt,,45,Daisy,0.0
line_opt,,45,Tulip,0.0
line_opt,,46,Poppy,1.0
line_opt,,46,Oxlip,0.0
line_opt,,46,Daisy,0.0
line_opt,,46,Tulip,0.0
line_opt,,47,Poppy,1.0
line_opt,,47,Oxlip,0.0
line_opt,,47,Daisy,0.0
line_opt,,47,Tulip,0.0
line_opt,,48,Poppy,0.0
line_opt,,48,Oxlip,0.0
line_opt,,48,Daisy,0.0
line_opt,,48,Tulip,0.0
line_opt,,49,Poppy,0.0
line_opt,,49,Oxlip,0.0
line_opt,,49,Daisy,0.0
line_opt,,49,Tulip,0.0
line_opt,,50,Poppy,0.0
line_opt,,50,Oxlip,0.0
line_opt,,50,Daisy,0.0
line_opt,,50,Tulip,0.0
line_opt,,51,Poppy,0.0
line_opt,,51,Oxlip,2.0305216591487582e-06
line_opt,,51,Daisy,0.0
line_opt,,51,Tulip,0.0
line_opt,,52,Poppy,0.0
line_opt,,52,Oxlip,0.0
line_opt,,52,Daisy,0.0
line_opt,,52,Tulip,0.0
line_opt,,53,Poppy,1.0
line_opt,,53,Oxlip,0.0
line_opt,,53,Daisy,0.0
line_opt,,53,Tulip,0.0
line_opt,,54,Poppy,0.0
line_opt,,54,Oxlip,0.0
line_opt,,54,Daisy,0.0
line_opt,,54,Tulip,0.0
line_opt,,55,Poppy,0.0
line_opt,,55,Oxlip,0.0
line_opt,,55,Daisy,0.0
line_opt,,55,Tulip,0.0
line_opt,,56,Poppy,0.0
line_opt,,56,Oxlip,0.0
line_opt,,56,Daisy,0.0
line_opt,,56,Tulip,0.0
line_opt,,57,Poppy,0.0
line_opt,,57,Oxlip,0.0
line_opt,,57,Daisy,0.0
line_opt,,57,Tulip,0.0
line_opt,,58,Poppy,0.0
line_opt,,58,Oxlip,0.0
line_opt,,58,Daisy,0.0
line_opt,,58,Tulip,0.0
line_opt,,59,Poppy,0.0
line_opt,,59,Oxlip,0.0
line_opt,,59,Daisy,0.0
line_opt,,59,Tulip,0.0
line_act_plus,,,0,0.0
line_act_plus,,,1,0.0
line_act_plus,,,2,0.0
line_act_plus,,,3,0.0
line_act_plus,,,4,0.0
line_act_plus,,,5,0.0
line_act_plus,,,6,1.0
line_act_plus,,,7,0.0
line_act_plus,,,8,1.0
line_act_plus,,,9,0.0
line_act_plus,,,10,0.0
line_act_plus,,,11,0.0
line_act_plus,,,12,0.0
line_act_plus,,,13,0.0
line_act_plus,,,14,1.0
line_act_plus,,,15,0.0
line_act_plus,,,16,0.0
line_act_plus,,,17,1.0
line_act_plus,,,18,0.0
line_act_plus,,,19,1.0
line_act_plus,,,20,1.0
line_act_plus,,,21,0.0
line_act_plus,,,22,0.0
line_act_plus,,,23,0.0
line_act_plus,,,24,0.0
line_act_plus,,,25,0.0
line_act_plus,,,26,0.0
line_act_plus,,,27,0.0
line_act_plus,,,28,0.0
line_act_plus,,,29,1.0
line_act_plus,,,30,0.0
line_act_plus,,,31,0.0
line_act_plus,,,32,0.0
line_act_plus,,,33,0.9999979692294343
line_act_plus,,,34,0.0
line_act_plus,,,35,0.0
line_act_plus,,,36,1.0
line_act_plus,,,37,1.0
line_act_plus,,,38,0.0
line_act_plus,,,39,0.0
line_act_plus,,,40,0.0
line_act_plus,,,41,0.0
line_act_plus,,,42,0.0
line_act_plus,,,43,1.0
line_act_plus,,,44,0.0
line_act_plus,,,45,0.0
line_act_plus,,,46,0.0
line_act_plus,,,47,0.0
line_act_plus,,,48,0.0
line_act_plus,,,49,0.0
line_act_plus,,,50,0.0
line_act_plus,,,51,2.0307705657688327e-06
line_act_plus,,,52,0.0
line_act_plus,,,53,0.0
line_act_plus,,,54,0.0
line_act_plus,,,55,0.0
line_act_plus,,,56,0.0
line_act_plus,,,57,0.0
line_act_plus,,,58,0.0
line_act_plus,,,59,0.0
line_act_minus,,,0,1.0
line_act_minus,,,1,0.0
line_act_minus,,,2,0.0
line_act_minus,,,3,0.0
line_act_minus,,,4,0.0
line_act_minus,,,5,0.0
line_act_minus,,,6,0.0
line_act_minus,,,7,0.0
line_act_minus,,,8,0.0
line_act_minus,,,9,0.0
line_act_minus,,,10,0.0
line_act_minus,,,11,0.0
line_act_minus,,,12,0.0
line_act_minus,,,13,0.0
line_act_minus,,,14,0.0
line_act_minus,,,15,0.0
line_act_minus,,,16,0.0
line_act_minus,,,17,0.0
line_act_minus,,,18,0.0
line_act_minus,,,19,0.0
line_act_minus,,,20,0.0
line_act_minus,,,21,0.0
line_act_minus,,,22,0.0
line_act_minus,,,23,0.0
line_act_minus,,,24,0.0
line_act_minus,,,25,0.0
line_act_minus,,,26,0.0
line_act_minus,,,27,0.0
line_act_minus,,,28,0.0
line_act_minus,,,29,0.0
line_act_minus,,,30,0.0
line_act_minus,,,31,0.0
line_act_minus,,,32,0.0
line_act_minus,,,33,0.0
line_act_minus,,,34,0.0
line_act_minus,,,35,0.0
line_act_minus,,,36,0.0
line_act_minus,,,37,0.0
line_act_minus,,,38,1.0
line_act_minus,,,39,0.0
line_act_minus,,,40,1.0
line_act_minus,,,41,0.0
line_act_minus,,,42,0.0
line_act_minus,,,43,0.0
line_act_minus,,,44,1.0
line_act_minus,,,45,0.0
line_act_minus,,,46,1.0
line_act_minus,,,47,1.0
line_act_minus,,,48,0.0
line_act_minus,,,49,0.0
line_act_minus,,,50,0.0
line_act_minus,,,51,0.0
line_act_minus,,,52,0.0
line_act_minus,,,53,1.0
line_act_minus,,,54,0.0
line_act_minus,,,55,0.0
line_act_minus,,,56,0.0
line_act_minus,,,57,0.0
line_act_minus,,,58,0.0
line_act_minus,,,59,0.0
subs_hv_capacity,,,0,56.69674964515372
subs_hv_capacity,,,1,65.0154855830547
subs_hv_S,,1,0,56.69674964515372
subs_hv_S,,1,1,65.0154855830547
subs_hv_P,,1,0,40.08526573141462
subs_hv_P,,1,1,46.83601218631076
subs_hv_Q,,1,0,40.09604655923373
subs_hv_Q,,1,1,45.109769289517615
beta,,,0,1.0
beta,,,1,1.0
subs_mv_capacity,,,2,12.142043325939195
subs_mv_capacity,,,3,0.0001293367873286484
subs_mv_capacity,,,4,8.359580021668812
subs_mv_capacity,,,5,12.091375936552005
subs_mv_S,,1,2,12.142043325939195
subs_mv_S,,1,3,0.0001293367873286484
subs_mv_S,,1,4,8.359580021668812
subs_mv_S,,1,5,12.091375936552005
subs_mv_P,,1,2,7.079639479633773
subs_mv_P,,1,3,0.00018290983903815632
subs_mv_P,,1,4,4.7688326439023125
subs_mv_P,,1,5,7.054467227382654
subs_mv_Q,,1,2,10.091802866831157
subs_mv_Q,,1,3,0.0
subs_mv_Q,,1,4,7.05339879848489
subs_mv_Q,,1,5,10.045320609840875
gamma,,,2,1.0
gamma,,,3,0.0
gamma,,,4,1.0
gamma,,,5,1.0
current_squared_k,1,0,Poppy,3294.5543109928967
current_squared_k,1,0,Oxlip,0.0
current_squared_k,1,0,Daisy,4.063744752676716e-06
current_squared_k,1,0,Tulip,0.0
current_squared_k,1,1,Poppy,0.0
current_squared_k,1,1,Oxlip,0.0
current_squared_k,1,1,Daisy,0.0
current_squared_k,1,1,Tulip,0.0
current_squared_k,1,2,Poppy,2.032611519098282e-06
current_squared_k,1,2,Oxlip,3.076938176413162e-05
current_squared_k,1,2,Daisy,2.032611519098282e-06
current_squared_k,1,2,Tulip,0.0
current_squared_k,1,3,Poppy,-2.2605908745522047e-05
current_squared_k,1,3,Oxlip,2.032611519098282e-06
current_squared_k,1,3,Daisy,2.032611519098282e-06
current_squared_k,1,3,Tulip,0.0
current_squared_k,1,4,Poppy,0.0
current_squared_k,1,4,Oxlip,0.0
current_squared_k,1,4,Daisy,0.0
current_squared_k,1,4,Tulip,0.0
current_squared_k,1,5,Poppy,0.0
current_squared_k,1,5,Oxlip,0.0
current_squared_k,1,5,Daisy,0.0
current_squared_k,1,5,Tulip,2.447603960406294e-05
current_squared_k,1,6,Poppy,4569.237234815735
current_squared_k,1,6,Oxlip,2.0330771803855896e-06
current_squared_k,1,6,Daisy,2.0330771803855896e-06
current_squared_k,1,6,Tulip,2.0330771803855896e-06
current_squared_k,1,7,Poppy,0.0
current_squared_k,1,7,Oxlip,0.0
current_squared_k,1,7,Daisy,0.0
current_squared_k,1,7,Tulip,0.0
current_squared_k,1,8,Poppy,2233.7549737795566
current_squared_k,1,8,Oxlip,2.032145857810974e-06
current_squared_k,1,8,Daisy,2.032145857810974e-06
current_squared_k,1,8,Tulip,2.034008502960205e-06
current_squared_k,1,9,Poppy,0.0
current_squared_k,1,9,Oxlip,0.0
current_squared_k,1,9,Daisy,0.0
current_squared_k,1,9,Tulip,0.0
current_squared_k,1,10,Poppy,0.0
current_squared_k,1,10,Oxlip,0.0
current_squared_k,1,10,Daisy,0.0
current_squared_k,1,10,Tulip,0.0
current_squared_k,1,11,Poppy,0.0
current_squared_k,1,11,Oxlip,0.0
current_squared_k,1,11,Daisy,0.0
current_squared_k,1,11,Tulip,0.0
current_squared_k,1,12,Poppy,0.0
current_squared_k,1,12,Oxlip,0.0
current_squared_k,1,12,Daisy,2.0330771803855896e-06
current_squared_k,1,12,Tulip,3.0144515431145307e-05
current_squared_k,1,13,Poppy,0.0
current_squared_k,1,13,Oxlip,4.731314509753019e-05
current_squared_k,1,13,Daisy,2.034008502960205e-06
current_squared_k,1,13,Tulip,0.0
current_squared_k,1,14,Poppy,0.0
current_squared_k,1,14,Oxlip,0.0
current_squared_k,1,14,Daisy,0.0
current_squared_k,1,14,Tulip,3290.0962477846037
current_squared_k,1,15,Poppy,0.0
current_squared_k,1,15,Oxlip,0.0
current_squared_k,1,15,Daisy,0.0
current_squared_k,1,15,Tulip,0.0
current_squared_k,1,16,Poppy,0.0
current_squared_k,1,16,Oxlip,0.0
current_squared_k,1,16,Daisy,0.0
current_squared_k,1,16,Tulip,-1.3998160447149148e-05
current_squared_k,1,17,Poppy,2301.5079283189352
current_squared_k,1,17,Oxlip,2.034008502960205e-06
current_squared_k,1,17,Daisy,2.034008502960205e-06
current_squared_k,1,17,Tulip,2.034008502960205e-06
current_squared_k,1,18,Poppy,0.0
current_squared_k,1,18,Oxlip,0.0
current_squared_k,1,18,Daisy,0.0
current_squared_k,1,18,Tulip,0.0
current_squared_k,1,19,Poppy,1245.4879801458221
current_squared_k,1,19,Oxlip,2.032145857810974e-06
current_squared_k,1,19,Daisy,2.032145857810974e-06
current_squared_k,1,19,Tulip,2.034008502960205e-06
current_squared_k,1,20,Poppy,0.0
current_squared_k,1,20,Oxlip,0.0
current_squared_k,1,20,Daisy,155.24614006636284
current_squared_k,1,20,Tulip,2.0326478988863528e-06
current_squared_k,1,21,Poppy,0.0
current_squared_k,1,21,Oxlip,1.6277872589561795e-05
current_squared_k,1,21,Daisy,0.0
current_squared_k,1,21,Tulip,0.0
current_squared_k,1,22,Poppy,0.0
current_squared_k,1,22,Oxlip,1.6278773971970104e-05
current_squared_k,1,22,Daisy,3.6931232644237638e-06
current_squared_k,1,22,Tulip,0.0
current_squared_k,1,23,Poppy,0.0
current_squared_k,1,23,Oxlip,0.0
current_squared_k,1,23,Daisy,0.0
current_squared_k,1,23,Tulip,0.0
current_squared_k,1,24,Poppy,0.0
current_squared_k,1,24,Oxlip,0.0
current_squared_k,1,24,Daisy,-0.00018390358308343802
current_squared_k,1,24,Tulip,2.032651082117809e-06
current_squared_k,1,25,Poppy,0.0
current_squared_k,1,25,Oxlip,8.132041781824443e-06
current_squared_k,1,25,Daisy,-0.0001374970096224909
current_squared_k,1,25,Tulip,0.0
current_squared_k,1,26,Poppy,0.0
current_squared_k,1,26,Oxlip,1.943149073626599e-05
current_squared_k,1,26,Daisy,-0.00020049830483169623
current_squared_k,1,26,Tulip,0.0
current_squared_k,1,27,Poppy,0.0
current_squared_k,1,27,Oxlip,-6.09975817047309e-05
current_squared_k,1,27,Daisy,-0.0002751857760614759
current_squared_k,1,27,Tulip,2.032650627370458e-06
current_squared_k,1,28,Poppy,2.032651082117809e-06
current_squared_k,1,28,Oxlip,2.032651082117809e-06
current_squared_k,1,28,Daisy,-1.7046480700761286e-06
current_squared_k,1,28,Tulip,2.032650627370458e-06
current_squared_k,1,29,Poppy,77.19741006884155
current_squared_k,1,29,Oxlip,2.03265153686516e-06
current_squared_k,1,29,Daisy,2.03265153686516e-06
current_squared_k,1,29,Tulip,2.03265153686516e-06
current_squared_k,1,30,Poppy,0.0
current_squared_k,1,30,Oxlip,2.032650627370458e-06
current_squared_k,1,30,Daisy,0.0
current_squared_k,1,30,Tulip,2.03265153686516e-06
current_squared_k,1,31,Poppy,0.0
current_squared_k,1,31,Oxlip,0.0
current_squared_k,1,31,Daisy,0.0
current_squared_k,1,31,Tulip,0.0
current_squared_k,1,32,Poppy,0.0
current_squared_k,1,32,Oxlip,0.0
current_squared_k,1,32,Daisy,-1.5830627691738087e-05
current_squared_k,1,32,Tulip,2.03265153686516e-06
current_squared_k,1,33,Poppy,36.621090709138585
current_squared_k,1,33,Oxlip,2.032650627370458e-06
current_squared_k,1,33,Daisy,2.03265153686516e-06
current_squared_k,1,33,Tulip,2.03265153686516e-06
current_squared_k,1,34,Poppy,0.0
current_squared_k,1,34,Oxlip,0.0
current_squared_k,1,34,Daisy,0.0
current_squared_k,1,34,Tulip,0.0
current_squared_k,1,35,Poppy,0.0
current_squared_k,1,35,Oxlip,-0.0004542127716426773
current_squared_k,1,35,Daisy,2.03265153686516e-06
current_squared_k,1,35,Tulip,2.03265153686516e-06
current_squared_k,1,36,Poppy,0.0
current_squared_k,1,36,Oxlip,7.495211047352842
current_squared_k,1,36,Daisy,2.03265153686516e-06
current_squared_k,1,36,Tulip,2.03265153686516e-06
current_squared_k,1,37,Poppy,0.0
current_squared_k,1,37,Oxlip,14.51942633407414
current_squared_k,1,37,Daisy,0.0
current_squared_k,1,37,Tulip,0.0
current_squared_k,1,38,Poppy,998.4006988874975
current_squared_k,1,38,Oxlip,2.034008502960205e-06
current_squared_k,1,38,Daisy,2.034008502960205e-06
current_squared_k,1,38,Tulip,2.034008502960205e-06
current_squared_k,1,39,Poppy,0.0
current_squared_k,1,39,Oxlip,0.0
current_squared_k,1,39,Daisy,0.0
current_squared_k,1,39,Tulip,0.0
current_squared_k,1,40,Poppy,302.1805751625844
current_squared_k,1,40,Oxlip,2.034008502960205e-06
current_squared_k,1,40,Daisy,2.034008502960205e-06
current_squared_k,1,40,Tulip,2.034008502960205e-06
current_squared_k,1,41,Poppy,0.0
current_squared_k,1,41,Oxlip,2.0330771803855896e-06
current_squared_k,1,41,Daisy,-2.03307718038559e-06
current_squared_k,1,41,Tulip,0.0
current_squared_k,1,42,Poppy,0.0
current_squared_k,1,42,Oxlip,0.0
current_squared_k,1,42,Daisy,0.0
current_squared_k,1,42,Tulip,0.0
current_squared_k,1,43,Poppy,273.2844632385606
current_squared_k,1,43,Oxlip,2.034008502960205e-06
current_squared_k,1,43,Daisy,2.034008502960205e-06
current_squared_k,1,43,Tulip,2.034008502960205e-06
current_squared_k,1,44,Poppy,38.92964651244736
current_squared_k,1,44,Oxlip,2.03265153686516e-06
current_squared_k,1,44,Daisy,2.03265153686516e-06
current_squared_k,1,44,Tulip,2.03265153686516e-06
current_squared_k,1,45,Poppy,0.0
current_squared_k,1,45,Oxlip,-0.0006334825802718572
current_squared_k,1,45,Daisy,0.0
current_squared_k,1,45,Tulip,0.0
current_squared_k,1,46,Poppy,23.587124933561007
current_squared_k,1,46,Oxlip,2.03265153686516e-06
current_squared_k,1,46,Daisy,2.03265153686516e-06
current_squared_k,1,46,Tulip,2.03265153686516e-06
current_squared_k,1,47,Poppy,13.567077528305138
current_squared_k,1,47,Oxlip,2.03265153686516e-06
current_squared_k,1,47,Daisy,2.03265153686516e-06
current_squared_k,1,47,Tulip,2.03265153686516e-06
current_squared_k,1,48,Poppy,0.0
current_squared_k,1,48,Oxlip,0.0
current_squared_k,1,48,Daisy,0.0
current_squared_k,1,48,Tulip,0.0
current_squared_k,1,49,Poppy,0.0
current_squared_k,1,49,Oxlip,2.032651082117809e-06
current_squared_k,1,49,Daisy,2.032651082117809e-06
current_squared_k,1,49,Tulip,2.032651082117809e-06
current_squared_k,1,50,Poppy,3.862721921872757e-05
current_squared_k,1,50,Oxlip,-0.0001479495442097719
current_squared_k,1,50,Daisy,2.032650627370458e-06
current_squared_k,1,50,Tulip,2.03265153686516e-06
current_squared_k,1,51,Poppy,2.032651082117809e-06
current_squared_k,1,51,Oxlip,1.7241900132359145e-05
current_squared_k,1,51,Daisy,0.0
current_squared_k,1,51,Tulip,2.032650627370458e-06
current_squared_k,1,52,Poppy,0.0
current_squared_k,1,52,Oxlip,0.0
current_squared_k,1,52,Daisy,0.0
current_squared_k,1,52,Tulip,0.0
current_squared_k,1,53,Poppy,2.5080790014613665
current_squared_k,1,53,Oxlip,2.03265153686516e-06
current_squared_k,1,53,Daisy,2.03265153686516e-06
current_squared_k,1,53,Tulip,2.03265153686516e-06
current_squared_k,1,54,Poppy,-4.328951086753122e-05
current_squared_k,1,54,Oxlip,2.032650627370458e-06
current_squared_k,1,54,Daisy,2.03265153686516e-06
current_squared_k,1,54,Tulip,2.03265153686516e-06
current_squared_k,1,55,Poppy,2.032651082117809e-06
current_squared_k,1,55,Oxlip,2.03265153686516e-06
current_squared_k,1,55,Daisy,2.03265153686516e-06
current_squared_k,1,55,Tulip,0.0
current_squared_k,1,56,Poppy,0.0
current_squared_k,1,56,Oxlip,1.6288519659421028e-05
current_squared_k,1,56,Daisy,-8.090758485076947e-05
current_squared_k,1,56,Tulip,5.699503051909979e-05
current_squared_k,1,57,Poppy,0.0
current_squared_k,1,57,Oxlip,0.0
current_squared_k,1,57,Daisy,2.032650627370458e-06
current_squared_k,1,57,Tulip,0.0
current_squared_k,1,58,Poppy,0.0
current_squared_k,1,58,Oxlip,0.0
current_squared_k,1,58,Daisy,0.0
current_squared_k,1,58,Tulip,0.0
current_squared_k,1,59,Poppy,2.032611519098282e-06
current_squared_k,1,59,Oxlip,2.032145857810974e-06
current_squared_k,1,59,Daisy,2.034008502960205e-06
current_squared_k,1,59,Tulip,0.0
current_squared,,1,0,3294.5543150566414
current_squared,,1,1,0.0
current_squared,,1,2,3.4834604802328186e-05
current_squared,,1,3,-1.8540685707325484e-05
current_squared,,1,4,0.0
current_squared,,1,5,2.447661259314879e-05
current_squared,,1,6,4569.237240914967
current_squared,,1,7,0.0
current_squared,,1,8,2233.754979877857
current_squared,,1,9,0.0
current_squared,,1,10,0.0
current_squared,,1,11,0.0
current_squared,,1,12,3.217759261153089e-05
current_squared,,1,13,4.934715360049039e-05
current_squared,,1,14,3290.0962477846037
current_squared,,1,15,0.0
current_squared,,1,16,-1.3998160447149148e-05
current_squared,,1,17,2301.5079344209607
current_squared,,1,18,0.0
current_squared,,1,19,1245.4879862441223
current_squared,,1,20,155.24614209901074
current_squared,,1,21,1.6277872589561795e-05
current_squared,,1,22,1.9971897236393868e-05
current_squared,,1,23,0.0
current_squared,,1,24,-0.00018187093200132021
current_squared,,1,25,-0.00012936496784066645
current_squared,,1,26,-0.00018106681409543025
current_squared,,1,27,-0.00033415070713883633
current_squared,,1,28,4.3933047215299474e-06
current_squared,,1,29,77.19741616679616
current_squared,,1,30,4.065302164235618e-06
current_squared,,1,31,0.0
current_squared,,1,32,-1.3797976154872927e-05
current_squared,,1,33,36.621096807092286
current_squared,,1,34,0.0
current_squared,,1,35,-0.00045014746856894696
current_squared,,1,36,7.495215112655916
current_squared,,1,37,14.51942633407414
current_squared,,1,38,998.400704989523
current_squared,,1,39,0.0
current_squared,,1,40,302.1805812646099
current_squared,,1,41,0.0
current_squared,,1,42,0.0
current_squared,,1,43,273.2844693405861
current_squared,,1,44,38.92965261040197
current_squared,,1,45,-0.0006334825802718572
current_squared,,1,46,23.587131031515618
current_squared,,1,47,13.567083626259748
current_squared,,1,48,0.0
current_squared,,1,49,6.097953246353427e-06
current_squared,,1,50,-0.0001052570228268087
current_squared,,1,51,2.1307201841847413e-05
current_squared,,1,52,0.0
current_squared,,1,53,2.508085099415977
current_squared,,1,54,-3.719155716643044e-05
current_squared,,1,55,6.097954155848129e-06
current_squared,,1,56,-7.624034672248654e-06
current_squared,,1,57,2.032650627370458e-06
current_squared,,1,58,0.0
current_squared,,1,59,6.098765879869461e-06
current_slack,1,0,Poppy,0.0
current_slack,1,0,Oxlip,0.0
current_slack,1,0,Daisy,0.0
current_slack,1,0,Tulip,0.0
current_slack,1,1,Poppy,0.0
current_slack,1,1,Oxlip,0.0
current_slack,1,1,Daisy,0.0
current_slack,1,1,Tulip,0.0
current_slack,1,2,Poppy,0.0
current_slack,1,2,Oxlip,0.0
current_slack,1,2,Daisy,0.0
current_slack,1,2,Tulip,0.0
current_slack,1,3,Poppy,0.0
current_slack,1,3,Oxlip,0.0
current_slack,1,3,Daisy,0.0
current_slack,1,3,Tulip,0.0
current_slack,1,4,Poppy,0.0
current_slack,1,4,Oxlip,0.0
current_slack,1,4,Daisy,0.0
current_slack,1,4,Tulip,0.0
current_slack,1,5,Poppy,0.0
current_slack,1,5,Oxlip,0.0
current_slack,1,5,Daisy,0.0
current_slack,1,5,Tulip,0.0
current_slack,1,6,Poppy,0.0
current_slack,1,6,Oxlip,0.0
current_slack,1,6,Daisy,0.0
current_slack,1,6,Tulip,0.0
current_slack,1,7,Poppy,0.0
current_slack,1,7,Oxlip,0.0
current_slack,1,7,Daisy,0.0
current_slack,1,7,Tulip,0.0
current_slack,1,8,Poppy,0.0
current_slack,1,8,Oxlip,0.0
current_slack,1,8,Daisy,0.0
current_slack,1,8,Tulip,0.0
current_slack,1,9,Poppy,0.0
current_slack,1,9,Oxlip,0.0
current_slack,1,9,Daisy,0.0
current_slack,1,9,Tulip,0.0
current_slack,1,10,Poppy,0.0
current_slack,1,10,Oxlip,0.0
current_slack,1,10,Daisy,0.0
current_slack,1,10,Tulip,0.0
current_slack,1,11,Poppy,0.0
current_slack,1,11,Oxlip,0.0
current_slack,1,11,Daisy,0.0
current_slack,1,11,Tulip,0.0
current_slack,1,12,Poppy,0.0
current_slack,1,12,Oxlip,0.0
current_slack,1,12,Daisy,0.0
current_slack,1,12,Tulip,0.0
current_slack,1,13,Poppy,0.0
current_slack,1,13,Oxlip,0.0
current_slack,1,13,Daisy,0.0
current_slack,1,13,Tulip,0.0
current_slack,1,14,Poppy,0.0
current_slack,1,14,Oxlip,0.0
current_slack,1,14,Daisy,0.0
current_slack,1,14,Tulip,0.0
current_slack,1,15,Poppy,0.0
current_slack,1,15,Oxlip,0.0
current_slack,1,15,Daisy,0.0
current_slack,1,15,Tulip,0.0
current_slack,1,16,Poppy,2.0326509825546837e-06
current_slack,1,16,Oxlip,2.0326509825546837e-06
current_slack,1,16,Daisy,-1.2699339935334754e-05
current_slack,1,16,Tulip,0.0
current_slack,1,17,Poppy,0.0
current_slack,1,17,Oxlip,0.0
current_slack,1,17,Daisy,0.0
current_slack,1,17,Tulip,0.0
current_slack,1,18,Poppy,0.0
current_slack,1,18,Oxlip,0.0
current_slack,1,18,Daisy,0.0
current_slack,1,18,Tulip,0.0
current_slack,1,19,Poppy,0.0
current_slack,1,19,Oxlip,0.0
current_slack,1,19,Daisy,0.0
current_slack,1,19,Tulip,0.0
current_slack,1,20,Poppy,0.0
current_slack,1,20,Oxlip,0.0
current_slack,1,20,Daisy,0.0
current_slack,1,20,Tulip,0.0
current_slack,1,21,Poppy,0.0
current_slack,1,21,Oxlip,0.0
current_slack,1,21,Daisy,0.0
current_slack,1,21,Tulip,0.0
current_slack,1,22,Poppy,0.0
current_slack,1,22,Oxlip,0.0
current_slack,1,22,Daisy,0.0
current_slack,1,22,Tulip,0.0
current_slack,1,23,Poppy,0.0
current_slack,1,23,Oxlip,0.0
current_slack,1,23,Daisy,0.0
current_slack,1,23,Tulip,0.0
current_slack,1,24,Poppy,0.0
current_slack,1,24,Oxlip,0.0
current_slack,1,24,Daisy,0.0
current_slack,1,24,Tulip,0.0
current_slack,1,25,Poppy,0.0
current_slack,1,25,Oxlip,0.0
current_slack,1,25,Daisy,0.0
current_slack,1,25,Tulip,0.0
current_slack,1,26,Poppy,0.0
current_slack,1,26,Oxlip,0.0
current_slack,1,26,Daisy,0.0
current_slack,1,26,Tulip,0.0
current_slack,1,27,Poppy,0.0
current_slack,1,27,Oxlip,0.0
current_slack,1,27,Daisy,0.0
current_slack,1,27,Tulip,0.0
current_slack,1,28,Poppy,0.0
current_slack,1,28,Oxlip,0.0
current_slack,1,28,Daisy,0.0
current_slack,1,28,Tulip,0.0
current_slack,1,29,Poppy,0.0
current_slack,1,29,Oxlip,0.0
current_slack,1,29,Daisy,0.0
current_slack,1,29,Tulip,0.0
current_slack,1,30,Poppy,0.0
current_slack,1,30,Oxlip,0.0
current_slack,1,30,Daisy,0.0
current_slack,1,30,Tulip,0.0
current_slack,1,31,Poppy,0.0
current_slack,1,31,Oxlip,0.0
current_slack,1,31,Daisy,0.0
current_slack,1,31,Tulip,0.0
current_slack,1,32,Poppy,0.0
current_slack,1,32,Oxlip,0.0
current_slack,1,32,Daisy,0.0
current_slack,1,32,Tulip,0.0
current_slack,1,33,Poppy,0.0
current_slack,1,33,Oxlip,0.0
current_slack,1,33,Daisy,0.0
current_slack,1,33,Tulip,0.0
current_slack,1,34,Poppy,0.0
current_slack,1,34,Oxlip,0.0
current_slack,1,34,Daisy,0.0
current_slack,1,34,Tulip,0.0
current_slack,1,35,Poppy,0.0
current_slack,1,35,Oxlip,0.0
current_slack,1,35,Daisy,0.0
current_slack,1,35,Tulip,0.0
current_slack,1,36,Poppy,0.0
current_slack,1,36,Oxlip,0.0
current_slack,1,36,Daisy,0.0
current_slack,1,36,Tulip,0.0
current_slack,1,37,Poppy,0.0
current_slack,1,37,Oxlip,0.0
current_slack,1,37,Daisy,0.0
current_slack,1,37,Tulip,0.0
current_slack,1,38,Poppy,0.0
current_slack,1,38,Oxlip,0.0
current_slack,1,38,Daisy,0.0
current_slack,1,38,Tulip,0.0
current_slack,1,39,Poppy,0.0
current_slack,1,39,Oxlip,0.0
current_slack,1,39,Daisy,0.0
current_slack,1,39,Tulip,0.0
current_slack,1,40,Poppy,0.0
current_slack,1,40,Oxlip,0.0
current_slack,1,40,Daisy,0.0
current_slack,1,40,Tulip,0.0
current_slack,1,41,Poppy,0.0
current_slack,1,41,Oxlip,0.0
current_slack,1,41,Daisy,0.0
current_slack,1,41,Tulip,0.0
current_slack,1,42,Poppy,0.0
current_slack,1,42,Oxlip,0.0
current_slack,1,42,Daisy,0.0
current_slack,1,42,Tulip,0.0
current_slack,1,43,Poppy,0.0
current_slack,1,43,Oxlip,0.0
current_slack,1,43,Daisy,0.0
current_slack,1,43,Tulip,0.0
current_slack,1,44,Poppy,0.0
current_slack,1,44,Oxlip,0.0
current_slack,1,44,Daisy,0.0
current_slack,1,44,Tulip,0.0
current_slack,1,45,Poppy,0.0
current_slack,1,45,Oxlip,0.0
current_slack,1,45,Daisy,0.0
current_slack,1,45,Tulip,0.0
current_slack,1,46,Poppy,0.0
current_slack,1,46,Oxlip,0.0
current_slack,1,46,Daisy,0.0
current_slack,1,46,Tulip,0.0
current_slack,1,47,Poppy,0.0
current_slack,1,47,Oxlip,0.0
current_slack,1,47,Daisy,0.0
current_slack,1,47,Tulip,0.0
current_slack,1,48,Poppy,0.0
current_slack,1,48,Oxlip,0.0
current_slack,1,48,Daisy,0.0
current_slack,1,48,Tulip,0.0
current_slack,1,49,Poppy,0.0
current_slack,1,49,Oxlip,0.0
current_slack,1,49,Daisy,0.0
current_slack,1,49,Tulip,0.0
current_slack,1,50,Poppy,0.0
current_slack,1,50,Oxlip,0.0
current_slack,1,50,Daisy,0.0
current_slack,1,50,Tulip,0.0
current_slack,1,51,Poppy,0.0
current_slack,1,51,Oxlip,0.0
current_slack,1,51,Daisy,0.0
current_slack,1,51,Tulip,0.0
current_slack,1,52,Poppy,0.0
current_slack,1,52,Oxlip,0.0
current_slack,1,52,Daisy,0.0
current_slack,1,52,Tulip,0.0
current_slack,1,53,Poppy,0.0
current_slack,1,53,Oxlip,0.0
current_slack,1,53,Daisy,0.0
current_slack,1,53,Tulip,0.0
current_slack,1,54,Poppy,0.0
current_slack,1,54,Oxlip,0.0
current_slack,1,54,Daisy,0.0
current_slack,1,54,Tulip,0.0
current_slack,1,55,Poppy,0.0
current_slack,1,55,Oxlip,0.0
current_slack,1,55,Daisy,0.0
current_slack,1,55,Tulip,0.0
current_slack,1,56,Poppy,0.0
current_slack,1,56,Oxlip,0.0
current_slack,1,56,Daisy,0.0
current_slack,1,56,Tulip,0.0
current_slack,1,57,Poppy,0.0
current_slack,1,57,Oxlip,0.0
current_slack,1,57,Daisy,0.0
current_slack,1,57,Tulip,0.0
current_slack,1,58,Poppy,0.0
current_slack,1,58,Oxlip,0.0
current_slack,1,58,Daisy,0.0
current_slack,1,58,Tulip,0.0
current_slack,1,59,Poppy,0.0
current_slack,1,59,Oxlip,0.0
current_slack,1,59,Daisy,0.0
current_slack,1,59,Tulip,0.0
phi,,,1,-8.634037970225385e-06
losses,,1,0,0.0032225133916341125
losses,,1,1,0.0
losses,,1,2,0.0
losses,,1,3,0.0
losses,,1,4,0.0
losses,,1,5,0.0
losses,,1,6,0.010301281098627579
losses,,1,7,0.0
losses,,1,8,0.0017273231793336935
losses,,1,9,0.0
losses,,1,10,0.0
losses,,1,11,0.0
losses,,1,12,0.0
losses,,1,13,0.0
losses,,1,14,0.000800892031144344
losses,,1,15,0.0
losses,,1,16,0.0
losses,,1,17,0.0007959128960162303
losses,,1,18,0.0
losses,,1,19,0.0006810243048911408
losses,,1,20,0.028770220515795458
losses,,1,21,0.0
losses,,1,22,0.0
losses,,1,23,0.0
losses,,1,24,0.0
losses,,1,25,0.0
losses,,1,26,0.0
losses,,1,27,0.0
losses,,1,28,0.0
losses,,1,29,0.06657768195620861
losses,,1,30,0.0
losses,,1,31,0.0
losses,,1,32,0.0
losses,,1,33,0.05076432200736408
losses,,1,34,0.0
losses,,1,35,0.0
losses,,1,36,0.0025282287339551623
losses,,1,37,0.0012464020043656768
losses,,1,38,0.0003452692832242213
losses,,1,39,0.0
losses,,1,40,0.0001477864478301335
losses,,1,41,0.0
losses,,1,42,0.0
losses,,1,43,0.00013365432269182428
losses,,1,44,0.02303175046838319
losses,,1,45,0.0
losses,,1,46,0.015748758783840872
losses,,1,47,0.012272697679890573
losses,,1,48,0.0
losses,,1,49,0.0
losses,,1,50,0.0
losses,,1,51,0.0
losses,,1,52,0.0
losses,,1,53,0.0021835908021061706
losses,,1,54,0.0
losses,,1,55,0.0
losses,,1,56,0.0
losses,,1,57,0.0
losses,,1,58,0.0
losses,,1,59,0.0
active_power_k,1,0,Poppy,40.08526527510344
active_power_k,1,0,Oxlip,0.0
active_power_k,1,0,Daisy,0.0
active_power_k,1,0,Tulip,0.0
active_power_k,1,1,Poppy,0.0
active_power_k,1,1,Oxlip,0.0
active_power_k,1,1,Daisy,0.0
active_power_k,1,1,Tulip,0.0
active_power_k,1,2,Poppy,0.0
active_power_k,1,2,Oxlip,0.0
active_power_k,1,2,Daisy,0.0
active_power_k,1,2,Tulip,0.0
active_power_k,1,3,Poppy,0.0
active_power_k,1,3,Oxlip,0.0
active_power_k,1,3,Daisy,0.0
active_power_k,1,3,Tulip,0.0
active_power_k,1,4,Poppy,0.0
active_power_k,1,4,Oxlip,0.0
active_power_k,1,4,Daisy,0.0
active_power_k,1,4,Tulip,0.0
active_power_k,1,5,Poppy,0.0
active_power_k,1,5,Oxlip,0.0
active_power_k,1,5,Daisy,0.0
active_power_k,1,5,Tulip,0.0
active_power_k,1,6,Poppy,46.836011834273386
active_power_k,1,6,Oxlip,0.0
active_power_k,1,6,Daisy,0.0
active_power_k,1,6,Tulip,0.0
active_power_k,1,7,Poppy,0.0
active_power_k,1,7,Oxlip,0.0
active_power_k,1,7,Daisy,0.0
active_power_k,1,7,Tulip,0.0
active_power_k,1,8,Poppy,33.002403283409926
active_power_k,1,8,Oxlip,0.0
active_power_k,1,8,Daisy,0.0
active_power_k,1,8,Tulip,0.0
active_power_k,1,9,Poppy,0.0
active_power_k,1,9,Oxlip,0.0
active_power_k,1,9,Daisy,0.0
active_power_k,1,9,Tulip,0.0
active_power_k,1,10,Poppy,0.0
active_power_k,1,10,Oxlip,0.0
active_power_k,1,10,Daisy,0.0
active_power_k,1,10,Tulip,0.0
active_power_k,1,11,Poppy,0.0
active_power_k,1,11,Oxlip,0.0
active_power_k,1,11,Daisy,0.0
active_power_k,1,11,Tulip,0.0
active_power_k,1,12,Poppy,-0.0002850749321124966
active_power_k,1,12,Oxlip,0.0
active_power_k,1,12,Daisy,0.0
active_power_k,1,12,Tulip,0.0
active_power_k,1,13,Poppy,0.0
active_power_k,1,13,Oxlip,0.00010194907346406256
active_power_k,1,13,Daisy,0.0
active_power_k,1,13,Tulip,0.0
active_power_k,1,14,Poppy,0.0
active_power_k,1,14,Oxlip,0.0
active_power_k,1,14,Daisy,0.0
active_power_k,1,14,Tulip,42.056877338396376
active_power_k,1,15,Poppy,0.0
active_power_k,1,15,Oxlip,0.0
active_power_k,1,15,Daisy,0.0
active_power_k,1,15,Tulip,0.0
active_power_k,1,16,Poppy,0.0
active_power_k,1,16,Oxlip,0.0
active_power_k,1,16,Daisy,0.0
active_power_k,1,16,Tulip,0.0
active_power_k,1,17,Poppy,-32.055280533783446
active_power_k,1,17,Oxlip,0.0
active_power_k,1,17,Daisy,0.0
active_power_k,1,17,Tulip,0.0
active_power_k,1,18,Poppy,0.0
active_power_k,1,18,Oxlip,0.0
active_power_k,1,18,Daisy,0.0
active_power_k,1,18,Tulip,0.0
active_power_k,1,19,Poppy,25.000814680392917
active_power_k,1,19,Oxlip,0.0
active_power_k,1,19,Daisy,0.0
active_power_k,1,19,Tulip,0.0
active_power_k,1,20,Poppy,0.0
active_power_k,1,20,Oxlip,0.0
active_power_k,1,20,Daisy,7.078844211358541
active_power_k,1,20,Tulip,0.0
active_power_k,1,21,Poppy,0.0
active_power_k,1,21,Oxlip,0.00018767642096519603
active_power_k,1,21,Daisy,0.0
active_power_k,1,21,Tulip,0.0
active_power_k,1,22,Poppy,0.0
active_power_k,1,22,Oxlip,0.0003614453715512032
active_power_k,1,22,Daisy,0.0
active_power_k,1,22,Tulip,0.0
active_power_k,1,23,Poppy,0.0
active_power_k,1,23,Oxlip,0.0002460989534163862
active_power_k,1,23,Daisy,0.0
active_power_k,1,23,Tulip,0.0
active_power_k,1,24,Poppy,0.0
active_power_k,1,24,Oxlip,0.0
active_power_k,1,24,Daisy,-5.868610298343557e-06
active_power_k,1,24,Tulip,0.0
active_power_k,1,25,Poppy,0.0
active_power_k,1,25,Oxlip,0.0
active_power_k,1,25,Daisy,-3.901508802042858e-06
active_power_k,1,25,Tulip,0.0
active_power_k,1,26,Poppy,0.0
active_power_k,1,26,Oxlip,1.637345595558792e-05
active_power_k,1,26,Daisy,0.00018059665971827737
active_power_k,1,26,Tulip,0.0
active_power_k,1,27,Poppy,0.0
active_power_k,1,27,Oxlip,0.0
active_power_k,1,27,Daisy,-3.7151314286705993e-06
active_power_k,1,27,Tulip,0.0
active_power_k,1,28,Poppy,0.0
active_power_k,1,28,Oxlip,0.0
active_power_k,1,28,Daisy,3.5087352264595035e-05
active_power_k,1,28,Tulip,0.0
active_power_k,1,29,Poppy,4.768574763478548
active_power_k,1,29,Oxlip,0.0
active_power_k,1,29,Daisy,0.0
active_power_k,1,29,Tulip,0.0
active_power_k,1,30,Poppy,0.0
active_power_k,1,30,Oxlip,0.0
active_power_k,1,30,Daisy,0.00012487793232354385
active_power_k,1,30,Tulip,0.0
active_power_k,1,31,Poppy,0.0
active_power_k,1,31,Oxlip,0.0
active_power_k,1,31,Daisy,0.0
active_power_k,1,31,Tulip,9.80285136202852e-05
active_power_k,1,32,Poppy,0.0
active_power_k,1,32,Oxlip,0.0
active_power_k,1,32,Daisy,0.0
active_power_k,1,32,Tulip,0.0
active_power_k,1,33,Poppy,3.0505418098920702
active_power_k,1,33,Oxlip,0.0
active_power_k,1,33,Daisy,0.0
active_power_k,1,33,Tulip,0.0
active_power_k,1,34,Poppy,0.0
active_power_k,1,34,Oxlip,0.0
active_power_k,1,34,Daisy,0.0
active_power_k,1,34,Tulip,0.0
active_power_k,1,35,Poppy,0.0
active_power_k,1,35,Oxlip,0.0
active_power_k,1,35,Daisy,4.766674106434967e-06
active_power_k,1,35,Tulip,0.0
active_power_k,1,36,Poppy,0.0
active_power_k,1,36,Oxlip,1.8026123648404848
active_power_k,1,36,Daisy,0.0
active_power_k,1,36,Tulip,0.0
active_power_k,1,37,Poppy,0.0
active_power_k,1,37,Oxlip,2.2013083127989406
active_power_k,1,37,Daisy,0.0
active_power_k,1,37,Tulip,0.0
active_power_k,1,38,Poppy,-23.000330660071736
active_power_k,1,38,Oxlip,0.0
active_power_k,1,38,Daisy,0.0
active_power_k,1,38,Tulip,0.0
active_power_k,1,39,Poppy,0.0
active_power_k,1,39,Oxlip,0.0
active_power_k,1,39,Daisy,0.0
active_power_k,1,39,Tulip,0.0
active_power_k,1,40,Poppy,-11.999897786756941
active_power_k,1,40,Oxlip,0.0
active_power_k,1,40,Daisy,0.0
active_power_k,1,40,Tulip,0.0
active_power_k,1,41,Poppy,0.0
active_power_k,1,41,Oxlip,0.0
active_power_k,1,41,Daisy,0.0
active_power_k,1,41,Tulip,0.0
active_power_k,1,42,Poppy,0.0
active_power_k,1,42,Oxlip,0.0
active_power_k,1,42,Daisy,0.0
active_power_k,1,42,Tulip,0.0
active_power_k,1,43,Poppy,12.00013365680501
active_power_k,1,43,Oxlip,0.0
active_power_k,1,43,Daisy,0.0
active_power_k,1,43,Tulip,0.0
active_power_k,1,44,Poppy,-3.5115687673684515
active_power_k,1,44,Oxlip,0.0
active_power_k,1,44,Daisy,0.0
active_power_k,1,44,Tulip,0.0
active_power_k,1,45,Poppy,0.0
active_power_k,1,45,Oxlip,0.0
active_power_k,1,45,Daisy,0.0
active_power_k,1,45,Tulip,-1.3107673051402361e-05
active_power_k,1,46,Poppy,-2.4997063981711625
active_power_k,1,46,Oxlip,0.0
active_power_k,1,46,Daisy,0.0
active_power_k,1,46,Tulip,0.0
active_power_k,1,47,Poppy,-1.9991063958555058
active_power_k,1,47,Oxlip,0.0
active_power_k,1,47,Daisy,0.0
active_power_k,1,47,Tulip,0.0
active_power_k,1,48,Poppy,0.0
active_power_k,1,48,Oxlip,-0.000373819829342334
active_power_k,1,48,Daisy,0.0
active_power_k,1,48,Tulip,0.0
active_power_k,1,49,Poppy,0.0
active_power_k,1,49,Oxlip,0.0
active_power_k,1,49,Daisy,0.00032199765131166495
active_power_k,1,49,Tulip,0.0
active_power_k,1,50,Poppy,-1.7673722105897831e-06
active_power_k,1,50,Oxlip,2.4635632609065782e-06
active_power_k,1,50,Daisy,0.0
active_power_k,1,50,Tulip,0.0
active_power_k,1,51,Poppy,0.0
active_power_k,1,51,Oxlip,0.00018667673495836458
active_power_k,1,51,Daisy,0.0
active_power_k,1,51,Tulip,0.0
active_power_k,1,52,Poppy,0.0
active_power_k,1,52,Oxlip,0.0
active_power_k,1,52,Daisy,0.0
active_power_k,1,52,Tulip,0.0
active_power_k,1,53,Poppy,-1.1998611315757444
active_power_k,1,53,Oxlip,0.0
active_power_k,1,53,Daisy,0.0
active_power_k,1,53,Tulip,0.0
active_power_k,1,54,Poppy,0.0
active_power_k,1,54,Oxlip,0.0
active_power_k,1,54,Daisy,0.0
active_power_k,1,54,Tulip,0.0
active_power_k,1,55,Poppy,0.0
active_power_k,1,55,Oxlip,0.0
active_power_k,1,55,Daisy,0.0
active_power_k,1,55,Tulip,4.7665489990212615e-05
active_power_k,1,56,Poppy,1.0766417349193506e-05
active_power_k,1,56,Oxlip,0.0
active_power_k,1,56,Daisy,0.0
active_power_k,1,56,Tulip,0.0
active_power_k,1,57,Poppy,0.0
active_power_k,1,57,Oxlip,0.0
active_power_k,1,57,Daisy,0.0
active_power_k,1,57,Tulip,4.523945923605165e-06
active_power_k,1,58,Poppy,0.0
active_power_k,1,58,Oxlip,0.0
active_power_k,1,58,Daisy,0.0
active_power_k,1,58,Tulip,0.0
active_power_k,1,59,Poppy,0.0
active_power_k,1,59,Oxlip,1.024963962484252e-06
active_power_k,1,59,Daisy,0.0
active_power_k,1,59,Tulip,0.0
active_power,,1,0,40.08526527510344
active_power,,1,1,0.0
active_power,,1,2,0.0
active_power,,1,3,0.0
active_power,,1,4,0.0
active_power,,1,5,0.0
active_power,,1,6,46.83601183360779
active_power,,1,7,0.0
active_power,,1,8,33.002403282078035
active_power,,1,9,0.0
active_power,,1,10,0.0
active_power,,1,11,0.0
active_power,,1,12,-0.0002850865894785137
active_power,,1,13,0.00010194867486519454
active_power,,1,14,42.056877338396376
active_power,,1,15,0.0
active_power,,1,16,0.0
active_power,,1,17,-32.05528053467149
active_power,,1,18,0.0
active_power,,1,19,25.00081467874044
active_power,,1,20,7.07884421135854
active_power,,1,21,0.00018767642096519603
active_power,,1,22,0.00036149290085119175
active_power,,1,23,0.0002460989534163862
active_power,,1,24,-5.8118109127904e-06
active_power,,1,25,-3.651124216906957e-06
active_power,,1,26,0.0001969701156738653
active_power,,1,27,-4.597341506011619e-06
active_power,,1,28,3.511347126121731e-05
active_power,,1,29,4.768574763478548
active_power,,1,30,0.00012487793232354385
active_power,,1,31,9.80285136202852e-05
active_power,,1,32,0.0
active_power,,1,33,3.0505418098920702
active_power,,1,34,0.0
active_power,,1,35,4.766674106434967e-06
active_power,,1,36,1.8026123380175227
active_power,,1,37,2.201308312798955
active_power,,1,38,-23.00033066110342
active_power,,1,39,0.0
active_power,,1,40,-11.999897788058146
active_power,,1,41,0.0
active_power,,1,42,0.0
active_power,,1,43,12.000133655525117
active_power,,1,44,-3.5115687372402746
active_power,,1,45,-1.3107673051402361e-05
active_power,,1,46,-2.499706407129549
active_power,,1,47,-1.9991063380534362
active_power,,1,48,-0.000373819829342334
active_power,,1,49,0.00032199765131166495
active_power,,1,50,0.0
active_power,,1,51,0.00018667673495836458
active_power,,1,52,0.0
active_power,,1,53,-1.1998611878735033
active_power,,1,54,0.0
active_power,,1,55,4.7665489990212615e-05
active_power,,1,56,9.588303750529548e-06
active_power,,1,57,4.523945923605165e-06
active_power,,1,58,0.0
active_power,,1,59,1.0253829327465362e-06
reactive_power_k,1,0,Poppy,40.096046556516065
reactive_power_k,1,0,Oxlip,0.0
reactive_power_k,1,0,Daisy,0.0
reactive_power_k,1,0,Tulip,0.0
reactive_power_k,1,1,Poppy,0.0
reactive_power_k,1,1,Oxlip,0.0
reactive_power_k,1,1,Daisy,0.0
reactive_power_k,1,1,Tulip,0.0
reactive_power_k,1,2,Poppy,0.0
reactive_power_k,1,2,Oxlip,0.0
reactive_power_k,1,2,Daisy,0.0
reactive_power_k,1,2,Tulip,0.0
reactive_power_k,1,3,Poppy,0.0
reactive_power_k,1,3,Oxlip,0.0
reactive_power_k,1,3,Daisy,0.0
reactive_power_k,1,3,Tulip,0.0
reactive_power_k,1,4,Poppy,0.0
reactive_power_k,1,4,Oxlip,0.0
reactive_power_k,1,4,Daisy,0.0
reactive_power_k,1,4,Tulip,0.0
reactive_power_k,1,5,Poppy,0.0
reactive_power_k,1,5,Oxlip,0.0
reactive_power_k,1,5,Daisy,0.0
reactive_power_k,1,5,Tulip,0.0
reactive_power_k,1,6,Poppy,45.1097690655666
reactive_power_k,1,6,Oxlip,0.0
reactive_power_k,1,6,Daisy,0.0
reactive_power_k,1,6,Tulip,0.0
reactive_power_k,1,7,Poppy,0.0
reactive_power_k,1,7,Oxlip,0.0
reactive_power_k,1,7,Daisy,0.0
reactive_power_k,1,7,Tulip,0.0
reactive_power_k,1,8,Poppy,30.001731041601023
reactive_power_k,1,8,Oxlip,0.0
reactive_power_k,1,8,Daisy,0.0
reactive_power_k,1,8,Tulip,0.0
reactive_power_k,1,9,Poppy,0.0
reactive_power_k,1,9,Oxlip,0.0
reactive_power_k,1,9,Daisy,0.0
reactive_power_k,1,9,Tulip,0.0
reactive_power_k,1,10,Poppy,0.0
reactive_power_k,1,10,Oxlip,0.0
reactive_power_k,1,10,Daisy,0.0
reactive_power_k,1,10,Tulip,0.0
reactive_power_k,1,11,Poppy,0.0
reactive_power_k,1,11,Oxlip,0.0
reactive_power_k,1,11,Daisy,0.0
reactive_power_k,1,11,Tulip,0.0
reactive_power_k,1,12,Poppy,0.0
reactive_power_k,1,12,Oxlip,0.0
reactive_power_k,1,12,Daisy,0.0
reactive_power_k,1,12,Tulip,0.0
reactive_power_k,1,13,Poppy,0.0
reactive_power_k,1,13,Oxlip,0.0
reactive_power_k,1,13,Daisy,0.0
reactive_power_k,1,13,Tulip,0.0
reactive_power_k,1,14,Poppy,0.0
reactive_power_k,1,14,Oxlip,0.0
reactive_power_k,1,14,Daisy,0.0
reactive_power_k,1,14,Tulip,38.04833766122688
reactive_power_k,1,15,Poppy,0.0
reactive_power_k,1,15,Oxlip,0.0
reactive_power_k,1,15,Daisy,0.0
reactive_power_k,1,15,Tulip,0.0
reactive_power_k,1,16,Poppy,0.0
reactive_power_k,1,16,Oxlip,0.0
reactive_power_k,1,16,Daisy,0.0
reactive_power_k,1,16,Tulip,0.0
reactive_power_k,1,17,Poppy,-32.04595529942029
reactive_power_k,1,17,Oxlip,0.0
reactive_power_k,1,17,Daisy,0.0
reactive_power_k,1,17,Tulip,0.0
reactive_power_k,1,18,Poppy,0.0
reactive_power_k,1,18,Oxlip,0.0
reactive_power_k,1,18,Daisy,0.0
reactive_power_k,1,18,Tulip,0.0
reactive_power_k,1,19,Poppy,22.00063468833027
reactive_power_k,1,19,Oxlip,0.0
reactive_power_k,1,19,Daisy,0.0
reactive_power_k,1,19,Tulip,0.0
reactive_power_k,1,20,Poppy,0.0
reactive_power_k,1,20,Oxlip,0.0
reactive_power_k,1,20,Daisy,10.091802401138096
reactive_power_k,1,20,Tulip,0.0
reactive_power_k,1,21,Poppy,0.0
reactive_power_k,1,21,Oxlip,0.0
reactive_power_k,1,21,Daisy,0.0
reactive_power_k,1,21,Tulip,0.0
reactive_power_k,1,22,Poppy,0.0
reactive_power_k,1,22,Oxlip,0.0
reactive_power_k,1,22,Daisy,0.0
reactive_power_k,1,22,Tulip,0.0
reactive_power_k,1,23,Poppy,0.0
reactive_power_k,1,23,Oxlip,0.0
reactive_power_k,1,23,Daisy,0.0
reactive_power_k,1,23,Tulip,0.0
reactive_power_k,1,24,Poppy,0.0
reactive_power_k,1,24,Oxlip,0.0
reactive_power_k,1,24,Daisy,-5.871155439616071e-06
reactive_power_k,1,24,Tulip,0.0
reactive_power_k,1,25,Poppy,0.0
reactive_power_k,1,25,Oxlip,0.0
reactive_power_k,1,25,Daisy,-3.9051822798485475e-06
reactive_power_k,1,25,Tulip,0.0
reactive_power_k,1,26,Poppy,0.0
reactive_power_k,1,26,Oxlip,1.659286652363054e-05
reactive_power_k,1,26,Daisy,-2.523245469220708e-06
reactive_power_k,1,26,Tulip,0.0
reactive_power_k,1,27,Poppy,0.0
reactive_power_k,1,27,Oxlip,0.0
reactive_power_k,1,27,Daisy,-3.717993208264144e-06
reactive_power_k,1,27,Tulip,0.0
reactive_power_k,1,28,Poppy,0.0
reactive_power_k,1,28,Oxlip,0.0
reactive_power_k,1,28,Daisy,0.0
reactive_power_k,1,28,Tulip,0.0
reactive_power_k,1,29,Poppy,7.053391356546852
reactive_power_k,1,29,Oxlip,0.0
reactive_power_k,1,29,Daisy,0.0
reactive_power_k,1,29,Tulip,0.0
reactive_power_k,1,30,Poppy,0.0
reactive_power_k,1,30,Oxlip,0.0
reactive_power_k,1,30,Daisy,0.0
reactive_power_k,1,30,Tulip,0.0
reactive_power_k,1,31,Poppy,0.0
reactive_power_k,1,31,Oxlip,0.0
reactive_power_k,1,31,Daisy,0.0
reactive_power_k,1,31,Tulip,0.0
reactive_power_k,1,32,Poppy,0.0
reactive_power_k,1,32,Oxlip,7.580973713814714e-06
reactive_power_k,1,32,Daisy,0.0
reactive_power_k,1,32,Tulip,0.0
reactive_power_k,1,33,Poppy,5.039742604550579
reactive_power_k,1,33,Oxlip,0.0
reactive_power_k,1,33,Daisy,0.0
reactive_power_k,1,33,Tulip,0.0
reactive_power_k,1,34,Poppy,0.0
reactive_power_k,1,34,Oxlip,0.0
reactive_power_k,1,34,Daisy,0.0
reactive_power_k,1,34,Tulip,0.0
reactive_power_k,1,35,Poppy,0.0
reactive_power_k,1,35,Oxlip,0.0
reactive_power_k,1,35,Daisy,0.0
reactive_power_k,1,35,Tulip,0.0
reactive_power_k,1,36,Poppy,0.0
reactive_power_k,1,36,Oxlip,2.003751571577358
reactive_power_k,1,36,Daisy,0.0
reactive_power_k,1,36,Tulip,0.0
reactive_power_k,1,37,Poppy,0.0
reactive_power_k,1,37,Oxlip,3.0018264337129237
reactive_power_k,1,37,Daisy,0.0
reactive_power_k,1,37,Tulip,0.0
reactive_power_k,1,38,Poppy,-20.000114978907824
reactive_power_k,1,38,Oxlip,0.0
reactive_power_k,1,38,Daisy,0.0
reactive_power_k,1,38,Tulip,0.0
reactive_power_k,1,39,Poppy,0.0
reactive_power_k,1,39,Oxlip,0.0
reactive_power_k,1,39,Daisy,0.0
reactive_power_k,1,39,Tulip,0.0
reactive_power_k,1,40,Poppy,-11.0
reactive_power_k,1,40,Oxlip,0.0
reactive_power_k,1,40,Daisy,0.0
reactive_power_k,1,40,Tulip,0.0
reactive_power_k,1,41,Poppy,0.0
reactive_power_k,1,41,Oxlip,0.0
reactive_power_k,1,41,Daisy,0.0
reactive_power_k,1,41,Tulip,0.0
reactive_power_k,1,42,Poppy,0.0
reactive_power_k,1,42,Oxlip,0.0
reactive_power_k,1,42,Daisy,0.0
reactive_power_k,1,42,Tulip,0.0
reactive_power_k,1,43,Poppy,10.000103681519942
reactive_power_k,1,43,Oxlip,0.0
reactive_power_k,1,43,Daisy,0.0
reactive_power_k,1,43,Tulip,0.0
reactive_power_k,1,44,Poppy,-5.009554785247945
reactive_power_k,1,44,Oxlip,0.0
reactive_power_k,1,44,Daisy,0.0
reactive_power_k,1,44,Tulip,0.0
reactive_power_k,1,45,Poppy,0.0
reactive_power_k,1,45,Oxlip,9.946001846625947e-06
reactive_power_k,1,45,Daisy,0.0
reactive_power_k,1,45,Tulip,-1.3109103730953234e-05
reactive_power_k,1,46,Poppy,-4.000004186936726
reactive_power_k,1,46,Oxlip,0.0
reactive_power_k,1,46,Daisy,0.0
reactive_power_k,1,46,Tulip,0.0
reactive_power_k,1,47,Poppy,-2.9999822294905343
reactive_power_k,1,47,Oxlip,0.0
reactive_power_k,1,47,Daisy,0.0
reactive_power_k,1,47,Tulip,0.0
reactive_power_k,1,48,Poppy,0.0
reactive_power_k,1,48,Oxlip,0.0
reactive_power_k,1,48,Daisy,0.0
reactive_power_k,1,48,Tulip,0.0
reactive_power_k,1,49,Poppy,0.0
reactive_power_k,1,49,Oxlip,0.0
reactive_power_k,1,49,Daisy,0.0
reactive_power_k,1,49,Tulip,0.0
reactive_power_k,1,50,Poppy,-0.00018339659555398214
reactive_power_k,1,50,Oxlip,2.4693036852055854e-06
reactive_power_k,1,50,Daisy,0.0
reactive_power_k,1,50,Tulip,0.0
reactive_power_k,1,51,Poppy,0.0
reactive_power_k,1,51,Oxlip,2.0020810254095522e-05
reactive_power_k,1,51,Daisy,0.0
reactive_power_k,1,51,Tulip,0.0
reactive_power_k,1,52,Poppy,0.0
reactive_power_k,1,52,Oxlip,0.0
reactive_power_k,1,52,Daisy,0.0
reactive_power_k,1,52,Tulip,0.0
reactive_power_k,1,53,Poppy,-0.9998087340785992
reactive_power_k,1,53,Oxlip,0.0
reactive_power_k,1,53,Daisy,0.0
reactive_power_k,1,53,Tulip,0.0
reactive_power_k,1,54,Poppy,3.170223157861196e-05
reactive_power_k,1,54,Oxlip,0.0
reactive_power_k,1,54,Daisy,0.0
reactive_power_k,1,54,Tulip,0.0
reactive_power_k,1,55,Poppy,0.0
reactive_power_k,1,55,Oxlip,0.0
reactive_power_k,1,55,Daisy,0.0
reactive_power_k,1,55,Tulip,0.0
reactive_power_k,1,56,Poppy,0.0
reactive_power_k,1,56,Oxlip,0.0
reactive_power_k,1,56,Daisy,0.0
reactive_power_k,1,56,Tulip,1.0335580627428563e-05
reactive_power_k,1,57,Poppy,0.0
reactive_power_k,1,57,Oxlip,0.0
reactive_power_k,1,57,Daisy,0.0
reactive_power_k,1,57,Tulip,0.0
reactive_power_k,1,58,Poppy,0.0
reactive_power_k,1,58,Oxlip,0.0
reactive_power_k,1,58,Daisy,0.0
reactive_power_k,1,58,Tulip,0.0
reactive_power_k,1,59,Poppy,0.0
reactive_power_k,1,59,Oxlip,0.0
reactive_power_k,1,59,Daisy,0.0
reactive_power_k,1,59,Tulip,0.0
reactive_power,,1,0,40.096046556516065
reactive_power,,1,1,0.0
reactive_power,,1,2,0.0
reactive_power,,1,3,0.0
reactive_power,,1,4,0.0
reactive_power,,1,5,0.0
reactive_power,,1,6,45.10976906637033
reactive_power,,1,7,0.0
reactive_power,,1,8,30.001731042927545
reactive_power,,1,9,0.0
reactive_power,,1,10,0.0
reactive_power,,1,11,0.0
reactive_power,,1,12,0.0
reactive_power,,1,13,0.0
reactive_power,,1,14,38.04833766122688
reactive_power,,1,15,0.0
reactive_power,,1,16,0.0
reactive_power,,1,17,-32.045955298532334
reactive_power,,1,18,0.0
reactive_power,,1,19,22.000634688741727
reactive_power,,1,20,10.091802401138096
reactive_power,,1,21,0.0
reactive_power,,1,22,0.0
reactive_power,,1,23,0.0
reactive_power,,1,24,-5.814316800581499e-06
reactive_power,,1,25,-3.654421682727846e-06
reactive_power,,1,26,1.4069621054409831e-05
reactive_power,,1,27,-4.600882855317577e-06
reactive_power,,1,28,0.0
reactive_power,,1,29,7.053391356546852
reactive_power,,1,30,0.0
reactive_power,,1,31,0.0
reactive_power,,1,32,7.441479378743349e-06
reactive_power,,1,33,5.039742604550579
reactive_power,,1,34,0.0
reactive_power,,1,35,0.0
reactive_power,,1,36,2.003751571577358
reactive_power,,1,37,3.001826433712938
reactive_power,,1,38,-20.000114979939323
reactive_power,,1,39,0.0
reactive_power,,1,40,-11.0
reactive_power,,1,41,0.0
reactive_power,,1,42,0.0
reactive_power,,1,43,10.000103680823885
reactive_power,,1,44,-5.009554829587353
reactive_power,,1,45,-3.1631018843272926e-06
reactive_power,,1,46,-4.000004135347742
reactive_power,,1,47,-2.9999822873787876
reactive_power,,1,48,0.0
reactive_power,,1,49,0.0
reactive_power,,1,50,-0.00018092729186877654
reactive_power,,1,51,2.0020810254095522e-05
reactive_power,,1,52,0.0
reactive_power,,1,53,-0.9998087903934939
reactive_power,,1,54,3.170223157861196e-05
reactive_power,,1,55,0.0
reactive_power,,1,56,9.883608647325274e-06
reactive_power,,1,57,0.0
reactive_power,,1,58,0.0
reactive_power,,1,59,0.0
voltage_squared,,1,0,1.0
voltage_squared,,1,1,1.0
voltage_squared,,1,8,0.9904992468115222
voltage_squared,,1,9,0.9817004612171087
voltage_squared,,1,10,0.9738339162136574
voltage_squared,,1,11,0.9829794675405037
voltage_squared,,1,16,0.9802905686294817
voltage_squared,,1,17,0.9820112248848374
voltage_squared,,1,18,0.9785615001269645
voltage_squared,,1,19,0.9963379246640938
voltage_squared,,1,20,0.9983977381657557
voltage_squared,,1,21,0.9997732038030598
voltage_squared,,1,22,0.9997465099485205
voltage_squared,,1,23,0.9997263831153022
voltage_squared,,1,24,0.9995690008670731
voltage_squared,,1,25,0.99946408335604
voltage_squared,,1,26,0.9994834478324516
voltage_squared,,1,2,0.9998604226953705
voltage_squared,,1,3,0.9025
voltage_squared,,1,4,0.999630224439713
voltage_squared,,1,5,0.9995295480419892
active_power_plus,,1,0,40.08526527510344
active_power_plus,,1,1,0.0
active_power_plus,,1,2,0.0
active_power_plus,,1,3,0.0
active_power_plus,,1,4,0.0
active_power_plus,,1,5,0.0
active_power_plus,,1,6,46.83601183360779
active_power_plus,,1,7,0.0
active_power_plus,,1,8,33.002403282078035
active_power_plus,,1,9,0.0
active_power_plus,,1,10,0.0
active_power_plus,,1,11,0.0
active_power_plus,,1,12,0.0
active_power_plus,,1,13,0.00010194867486519454
active_power_plus,,1,14,42.056877338396376
active_power_plus,,1,15,0.0
active_power_plus,,1,16,0.0
active_power_plus,,1,17,0.0
active_power_plus,,1,18,0.0
active_power_plus,,1,19,25.00081467874044
active_power_plus,,1,20,7.07884421135854
active_power_plus,,1,21,0.00018767642096519603
active_power_plus,,1,22,0.0003512007801231052
active_power_plus,,1,23,0.0002460989534163862
active_power_plus,,1,24,-5.8118109127904e-06
active_power_plus,,1,25,-3.651124216906957e-06
active_power_plus,,1,26,0.0001969701156738653
active_power_plus,,1,27,-4.597341506011619e-06
active_power_plus,,1,28,3.511347126121731e-05
active_power_plus,,1,29,4.768574763478548
active_power_plus,,1,30,0.00012487793232354385
active_power_plus,,1,31,0.0001493620162592548
active_power_plus,,1,32,0.0
active_power_plus,,1,33,3.0505418098920702
active_power_plus,,1,34,0.0
active_power_plus,,1,35,4.766674106434967e-06
active_power_plus,,1,36,1.8026123380175227
active_power_plus,,1,37,2.201308312798955
active_power_plus,,1,38,0.0
active_power_plus,,1,39,0.0
active_power_plus,,1,40,0.0
active_power_plus,,1,41,0.0
active_power_plus,,1,42,0.0
active_power_plus,,1,43,12.000133655525117
active_power_plus,,1,44,0.0
active_power_plus,,1,45,0.0
active_power_plus,,1,46,0.0
active_power_plus,,1,47,0.0
active_power_plus,,1,48,-0.000186909914671167
active_power_plus,,1,49,0.00032199765131166495
active_power_plus,,1,50,0.0
active_power_plus,,1,51,0.00018667673495836458
active_power_plus,,1,52,0.0
active_power_plus,,1,53,0.0
active_power_plus,,1,54,0.0
active_power_plus,,1,55,4.7665489990212615e-05
active_power_plus,,1,56,9.588303750529548e-06
active_power_plus,,1,57,4.523945923605165e-06
active_power_plus,,1,58,0.0
active_power_plus,,1,59,1.492065640004176e-06
reactive_power_plus,,1,0,40.096046556516065
reactive_power_plus,,1,1,0.0
reactive_power_plus,,1,2,0.0
reactive_power_plus,,1,3,0.0
reactive_power_plus,,1,4,0.0
reactive_power_plus,,1,5,0.0
reactive_power_plus,,1,6,45.10976906637033
reactive_power_plus,,1,7,0.0
reactive_power_plus,,1,8,30.001731042927545
reactive_power_plus,,1,9,0.0
reactive_power_plus,,1,10,0.0
reactive_power_plus,,1,11,0.0
reactive_power_plus,,1,12,0.0
reactive_power_plus,,1,13,0.0
reactive_power_plus,,1,14,38.04833766122688
reactive_power_plus,,1,15,0.0
reactive_power_plus,,1,16,1.6082377568434355e-05
reactive_power_plus,,1,17,0.0
reactive_power_plus,,1,18,0.0
reactive_power_plus,,1,19,22.000634688741727
reactive_power_plus,,1,20,10.091802401138096
reactive_power_plus,,1,21,0.0
reactive_power_plus,,1,22,-9.992001359349918e-06
reactive_power_plus,,1,23,0.0
reactive_power_plus,,1,24,-5.814316800581499e-06
reactive_power_plus,,1,25,-3.654421682727846e-06
reactive_power_plus,,1,26,1.4069621054409831e-05
reactive_power_plus,,1,27,-4.600882855317577e-06
reactive_power_plus,,1,28,0.0
reactive_power_plus,,1,29,7.053391356546852
reactive_power_plus,,1,30,3.877721023231693e-06
reactive_power_plus,,1,31,0.0
reactive_power_plus,,1,32,7.441479378743349e-06
reactive_power_plus,,1,33,5.039742604550579
reactive_power_plus,,1,34,0.0
reactive_power_plus,,1,35,0.0
reactive_power_plus,,1,36,2.003751571577358
reactive_power_plus,,1,37,3.001826433712938
reactive_power_plus,,1,38,0.0
reactive_power_plus,,1,39,0.0
reactive_power_plus,,1,40,0.0
reactive_power_plus,,1,41,0.0
reactive_power_plus,,1,42,0.0
reactive_power_plus,,1,43,10.000103680823885
reactive_power_plus,,1,44,0.0
reactive_power_plus,,1,45,0.0001837468232407722
reactive_power_plus,,1,46,0.0
reactive_power_plus,,1,47,0.0
reactive_power_plus,,1,48,0.0
reactive_power_plus,,1,49,0.0
reactive_power_plus,,1,50,0.0
reactive_power_plus,,1,51,2.0020810254095522e-05
reactive_power_plus,,1,52,0.0
reactive_power_plus,,1,53,0.0
reactive_power_plus,,1,54,3.170223157861196e-05
reactive_power_plus,,1,55,0.0
reactive_power_plus,,1,56,9.883608647325274e-06
reactive_power_plus,,1,57,0.0
reactive_power_plus,,1,58,0.0
reactive_power_plus,,1,59,0.0
active_power_minus,,1,0,0.0
active_power_minus,,1,1,0.0
active_power_minus,,1,2,0.0
active_power_minus,,1,3,0.0
active_power_minus,,1,4,0.0
active_power_minus,,1,5,0.0
active_power_minus,,1,6,0.0
active_power_minus,,1,7,0.0
active_power_minus,,1,8,0.0
active_power_minus,,1,9,0.0
active_power_minus,,1,10,0.0
active_power_minus,,1,11,0.0
active_power_minus,,1,12,0.0002850865894785137
active_power_minus,,1,13,0.0
active_power_minus,,1,14,0.0
active_power_minus,,1,15,0.0
active_power_minus,,1,16,0.0
active_power_minus,,1,17,32.05528053467149
active_power_minus,,1,18,0.0
active_power_minus,,1,19,0.0
active_power_minus,,1,20,0.0
active_power_minus,,1,21,0.0
active_power_minus,,1,22,-1.0292120728086537e-05
active_power_minus,,1,23,0.0
active_power_minus,,1,24,0.0
active_power_minus,,1,25,0.0
active_power_minus,,1,26,0.0
active_power_minus,,1,27,0.0
active_power_minus,,1,28,0.0
active_power_minus,,1,29,0.0
active_power_minus,,1,30,0.0
active_power_minus,,1,31,5.13335026389696e-05
active_power_minus,,1,32,0.0
active_power_minus,,1,33,0.0
active_power_minus,,1,34,0.0
active_power_minus,,1,35,0.0
active_power_minus,,1,36,0.0
active_power_minus,,1,37,0.0
active_power_minus,,1,38,23.00033066110342
active_power_minus,,1,39,0.0
active_power_minus,,1,40,11.999897788058146
active_power_minus,,1,41,0.0
active_power_minus,,1,42,0.0
active_power_minus,,1,43,0.0
active_power_minus,,1,44,3.5115687372402746
active_power_minus,,1,45,1.3107673051402361e-05
active_power_minus,,1,46,2.499706407129549
active_power_minus,,1,47,1.9991063380534362
active_power_minus,,1,48,0.000186909914671167
active_power_minus,,1,49,0.0
active_power_minus,,1,50,0.0
active_power_minus,,1,51,0.0
active_power_minus,,1,52,0.0
active_power_minus,,1,53,1.1998611878735033
active_power_minus,,1,54,0.0
active_power_minus,,1,55,0.0
active_power_minus,,1,56,0.0
active_power_minus,,1,57,0.0
active_power_minus,,1,58,0.0
active_power_minus,,1,59,0.0
reactive_power_minus,,1,0,0.0
reactive_power_minus,,1,1,0.0
reactive_power_minus,,1,2,0.0
reactive_power_minus,,1,3,0.0
reactive_power_minus,,1,4,0.0
reactive_power_minus,,1,5,0.0
reactive_power_minus,,1,6,0.0
reactive_power_minus,,1,7,0.0
reactive_power_minus,,1,8,0.0
reactive_power_minus,,1,9,0.0
reactive_power_minus,,1,10,0.0
reactive_power_minus,,1,11,0.0
reactive_power_minus,,1,12,0.0
reactive_power_minus,,1,13,0.0
reactive_power_minus,,1,14,0.0
reactive_power_minus,,1,15,0.0
reactive_power_minus,,1,16,1.608443907705623e-05
reactive_power_minus,,1,17,32.045955298532334
reactive_power_minus,,1,18,0.0
reactive_power_minus,,1,19,0.0
reactive_power_minus,,1,20,0.0
reactive_power_minus,,1,21,0.0
reactive_power_minus,,1,22,-1.0292120728086535e-05
reactive_power_minus,,1,23,0.0
reactive_power_minus,,1,24,0.0
reactive_power_minus,,1,25,0.0
reactive_power_minus,,1,26,0.0
reactive_power_minus,,1,27,0.0
reactive_power_minus,,1,28,0.0
reactive_power_minus,,1,29,0.0
reactive_power_minus,,1,30,3.877721023231693e-06
reactive_power_minus,,1,31,0.0
reactive_power_minus,,1,32,0.0
reactive_power_minus,,1,33,0.0
reactive_power_minus,,1,34,0.0
reactive_power_minus,,1,35,0.0
reactive_power_minus,,1,36,0.0
reactive_power_minus,,1,37,0.0
reactive_power_minus,,1,38,20.000114979939323
reactive_power_minus,,1,39,0.0
reactive_power_minus,,1,40,11.0
reactive_power_minus,,1,41,0.0
reactive_power_minus,,1,42,0.0
reactive_power_minus,,1,43,0.0
reactive_power_minus,,1,44,5.009554829587353
reactive_power_minus,,1,45,0.0001869099251250995
reactive_power_minus,,1,46,4.000004135347742
reactive_power_minus,,1,47,2.9999822873787876
reactive_power_minus,,1,48,0.0
reactive_power_minus,,1,49,0.0
reactive_power_minus,,1,50,0.00018092729186877654
reactive_power_minus,,1,51,0.0
reactive_power_minus,,1,52,0.0
reactive_power_minus,,1,53,0.9998087903934939
reactive_power_minus,,1,54,0.0
reactive_power_minus,,1,55,0.0
reactive_power_minus,,1,56,0.0
reactive_power_minus,,1,57,0.0
reactive_power_minus,,1,58,0.0
reactive_power_minus,,1,59,0.0
active_power_discr,1,0,1,0.11286492627602136
active_power_discr,1,0,2,0.24024984210893874
active_power_discr,1,0,3,0.51140764928345
active_power_discr,1,0,4,1.08860751561715
active_power_discr,1,0,5,2.3172635855536745
active_power_discr,1,0,6,4.932641423009912
active_power_discr,1,0,7,10.499863528550547
active_power_discr,1,0,8,20.382366804703743
active_power_discr,1,0,9,0.0
active_power_discr,1,0,10,0.0
active_power_discr,1,0,11,0.0
active_power_discr,1,0,12,0.0
active_power_discr,1,0,13,0.0
active_power_discr,1,0,14,0.0
active_power_discr,1,0,15,0.0
active_power_discr,1,1,1,0.0
active_power_discr,1,1,2,0.0
active_power_discr,1,1,3,0.0
active_power_discr,1,1,4,0.0
active_power_discr,1,1,5,0.0
active_power_discr,1,1,6,0.0
active_power_discr,1,1,7,0.0
active_power_discr,1,1,8,0.0
active_power_discr,1,1,9,0.0
active_power_discr,1,1,10,0.0
active_power_discr,1,1,11,0.0
active_power_discr,1,1,12,0.0
active_power_discr,1,1,13,0.0
active_power_discr,1,1,14,0.0
active_power_discr,1,1,15,0.0
active_power_discr,1,2,1,0.0
active_power_discr,1,2,2,0.0
active_power_discr,1,2,3,0.0
active_power_discr,1,2,4,0.0
active_power_discr,1,2,5,0.0
active_power_discr,1,2,6,0.0
active_power_discr,1,2,7,0.0
active_power_discr,1,2,8,0.0
active_power_discr,1,2,9,0.0
active_power_discr,1,2,10,0.0
active_power_discr,1,2,11,0.0
active_power_discr,1,2,12,0.0
active_power_discr,1,2,13,0.0
active_power_discr,1,2,14,0.0
active_power_discr,1,2,15,0.0
active_power_discr,1,3,1,0.0
active_power_discr,1,3,2,0.0
active_power_discr,1,3,3,0.0
active_power_discr,1,3,4,0.0
active_power_discr,1,3,5,0.0
active_power_discr,1,3,6,0.0
active_power_discr,1,3,7,0.0
active_power_discr,1,3,8,0.0
active_power_discr,1,3,9,0.0
active_power_discr,1,3,10,0.0
active_power_discr,1,3,11,0.0
active_power_discr,1,3,12,0.0
active_power_discr,1,3,13,0.0
active_power_discr,1,3,14,0.0
active_power_discr,1,3,15,0.0
active_power_discr,1,4,1,0.0
active_power_discr,1,4,2,0.0
active_power_discr,1,4,3,0.0
active_power_discr,1,4,4,0.0
active_power_discr,1,4,5,0.0
active_power_discr,1,4,6,0.0
active_power_discr,1,4,7,0.0
active_power_discr,1,4,8,0.0
active_power_discr,1,4,9,0.0
active_power_discr,1,4,10,0.0
active_power_discr,1,4,11,0.0
active_power_discr,1,4,12,0.0
active_power_discr,1,4,13,0.0
active_power_discr,1,4,14,0.0
active_power_discr,1,4,15,0.0
active_power_discr,1,5,1,0.0
active_power_discr,1,5,2,0.0
active_power_discr,1,5,3,0.0
active_power_discr,1,5,4,0.0
active_power_discr,1,5,5,0.0
active_power_discr,1,5,6,0.0
active_power_discr,1,5,7,0.0
active_power_discr,1,5,8,0.0
active_power_discr,1,5,9,0.0
active_power_discr,1,5,10,0.0
active_power_discr,1,5,11,0.0
active_power_discr,1,5,12,0.0
active_power_discr,1,5,13,0.0
active_power_discr,1,5,14,0.0
active_power_discr,1,5,15,0.0
active_power_discr,1,6,1,0.11286492627599173
active_power_discr,1,6,2,0.24024984210893874
active_power_discr,1,6,3,0.5114076492834504
active_power_discr,1,6,4,1.08860751561715
active_power_discr,1,6,5,2.3172635855536745
active_power_discr,1,6,6,4.932641423009348
active_power_discr,1,6,7,10.499863528551142
active_power_discr,1,6,8,22.35052675913198
active_power_discr,1,6,9,4.782586604076114
active_power_discr,1,6,10,0.0
active_power_discr,1,6,11,0.0
active_power_discr,1,6,12,0.0
active_power_discr,1,6,13,0.0
active_power_discr,1,6,14,0.0
active_power_discr,1,6,15,0.0
active_power_discr,1,7,1,0.0
active_power_discr,1,7,2,0.0
active_power_discr,1,7,3,0.0
active_power_discr,1,7,4,0.0
active_power_discr,1,7,5,0.0
active_power_discr,1,7,6,0.0
active_power_discr,1,7,7,0.0
active_power_discr,1,7,8,0.0
active_power_discr,1,7,9,0.0
active_power_discr,1,7,10,0.0
active_power_discr,1,7,11,0.0
active_power_discr,1,7,12,0.0
active_power_discr,1,7,13,0.0
active_power_discr,1,7,14,0.0
active_power_discr,1,7,15,0.0
active_power_discr,1,8,1,0.11286492627602136
active_power_discr,1,8,2,0.24024983804661038
active_power_discr,1,8,3,0.51140764928345
active_power_discr,1,8,4,1.08860751561715
active_power_discr,1,8,5,2.3172635855536745
active_power_discr,1,8,6,4.932641423009912
active_power_discr,1,8,7,10.499863528550547
active_power_discr,1,8,8,13.299504815740672
active_power_discr,1,8,9,0.0
active_power_discr,1,8,10,0.0
active_power_discr,1,8,11,0.0
active_power_discr,1,8,12,0.0
active_power_discr,1,8,13,0.0
active_power_discr,1,8,14,0.0
active_power_discr,1,8,15,0.0
active_power_discr,1,9,1,0.0
active_power_discr,1,9,2,0.0
active_power_discr,1,9,3,0.0
active_power_discr,1,9,4,0.0
active_power_discr,1,9,5,0.0
active_power_discr,1,9,6,0.0
active_power_discr,1,9,7,0.0
active_power_discr,1,9,8,0.0
active_power_discr,1,9,9,0.0
active_power_discr,1,9,10,0.0
active_power_discr,1,9,11,0.0
active_power_discr,1,9,12,0.0
active_power_discr,1,9,13,0.0
active_power_discr,1,9,14,0.0
active_power_discr,1,9,15,0.0
active_power_discr,1,10,1,0.0
active_power_discr,1,10,2,0.0
active_power_discr,1,10,3,0.0
active_power_discr,1,10,4,0.0
active_power_discr,1,10,5,0.0
active_power_discr,1,10,6,0.0
active_power_discr,1,10,7,0.0
active_power_discr,1,10,8,0.0
active_power_discr,1,10,9,0.0
active_power_discr,1,10,10,0.0
active_power_discr,1,10,11,0.0
active_power_discr,1,10,12,0.0
active_power_discr,1,10,13,0.0
active_power_discr,1,10,14,0.0
active_power_discr,1,10,15,0.0
active_power_discr,1,11,1,0.0
active_power_discr,1,11,2,0.0
active_power_discr,1,11,3,0.0
active_power_discr,1,11,4,0.0
active_power_discr,1,11,5,0.0
active_power_discr,1,11,6,0.0
active_power_discr,1,11,7,0.0
active_power_discr,1,11,8,0.0
active_power_discr,1,11,9,0.0
active_power_discr,1,11,10,0.0
active_power_discr,1,11,11,0.0
active_power_discr,1,11,12,0.0
active_power_discr,1,11,13,0.0
active_power_discr,1,11,14,0.0
active_power_discr,1,11,15,0.0
active_power_discr,1,12,1,0.0002850865894785137
active_power_discr,1,12,2,0.0
active_power_discr,1,12,3,0.0
active_power_discr,1,12,4,0.0
active_power_discr,1,12,5,0.0
active_power_discr,1,12,6,0.0
active_power_discr,1,12,7,0.0
active_power_discr,1,12,8,0.0
active_power_discr,1,12,9,0.0
active_power_discr,1,12,10,0.0
active_power_discr,1,12,11,0.0
active_power_discr,1,12,12,0.0
active_power_discr,1,12,13,0.0
active_power_discr,1,12,14,0.0
active_power_discr,1,12,15,0.0
active_power_discr,1,13,1,7.207821736728979e-05
active_power_discr,1,13,2,1.7702676403257794e-05
active_power_discr,1,13,3,6.7746680534694695e-06
active_power_discr,1,13,4,2.9276456842801564e-06
active_power_discr,1,13,5,1.3254690543916691e-06
active_power_discr,1,13,6,0.0
active_power_discr,1,13,7,0.0
active_power_discr,1,13,8,0.0
active_power_discr,1,13,9,0.0
active_power_discr,1,13,10,0.0
active_power_discr,1,13,11,0.0
active_power_discr,1,13,12,0.0
active_power_discr,1,13,13,0.0
active_power_discr,1,13,14,0.0
active_power_discr,1,13,15,0.0
active_power_discr,1,14,1,0.11286492627534708
active_power_discr,1,14,2,0.24024984210893874
active_power_discr,1,14,3,0.51140764928345
active_power_discr,1,14,4,1.0886075156170631
active_power_discr,1,14,5,2.3172635855536745
active_power_discr,1,14,6,4.932641423010672
active_power_discr,1,14,7,10.499863528550547
active_power_discr,1,14,8,22.350526759131984
active_power_discr,1,14,9,0.003452108864698262
active_power_discr,1,14,10,0.0
active_power_discr,1,14,11,0.0
active_power_discr,1,14,12,0.0
active_power_discr,1,14,13,0.0
active_power_discr,1,14,14,0.0
active_power_discr,1,14,15,0.0
active_power_discr,1,15,1,5.4031845142646084e-05
active_power_discr,1,15,2,0.0
active_power_discr,1,15,3,0.0
active_power_discr,1,15,4,0.0
active_power_discr,1,15,5,0.0
active_power_discr,1,15,6,0.0
active_power_discr,1,15,7,-5.4332874315208104e-05
active_power_discr,1,15,8,0.0
active_power_discr,1,15,9,0.0
active_power_discr,1,15,10,0.0
active_power_discr,1,15,11,0.0
active_power_discr,1,15,12,0.0
active_power_discr,1,15,13,0.0
active_power_discr,1,15,14,0.0
active_power_discr,1,15,15,0.0
active_power_discr,1,16,1,0.0
active_power_discr,1,16,2,0.0
active_power_discr,1,16,3,0.0
active_power_discr,1,16,4,0.0
active_power_discr,1,16,5,0.0
active_power_discr,1,16,6,0.0
active_power_discr,1,16,7,0.0
active_power_discr,1,16,8,0.0
active_power_discr,1,16,9,0.0
active_power_discr,1,16,10,0.0
active_power_discr,1,16,11,0.0
active_power_discr,1,16,12,0.0
active_power_discr,1,16,13,0.0
active_power_discr,1,16,14,0.0
active_power_discr,1,16,15,0.0
active_power_discr,1,17,1,0.11286492627602136
active_power_discr,1,17,2,0.24024984210893877
active_power_discr,1,17,3,0.51140764928345
active_power_discr,1,17,4,1.08860751561715
active_power_discr,1,17,5,2.3172635855536745
active_power_discr,1,17,6,4.932641423009912
active_power_discr,1,17,7,10.499863528550547
active_power_discr,1,17,8,12.352382064271799
active_power_discr,1,17,9,0.0
active_power_discr,1,17,10,0.0
active_power_discr,1,17,11,0.0
active_power_discr,1,17,12,0.0
active_power_discr,1,17,13,0.0
active_power_discr,1,17,14,0.0
active_power_discr,1,17,15,0.0
active_power_discr,1,18,1,0.0
active_power_discr,1,18,2,0.0
active_power_discr,1,18,3,0.0
active_power_discr,1,18,4,0.0
active_power_discr,1,18,5,0.0
active_power_discr,1,18,6,0.0
active_power_discr,1,18,7,0.0
active_power_discr,1,18,8,0.0
active_power_discr,1,18,9,0.0
active_power_discr,1,18,10,0.0
active_power_discr,1,18,11,0.0
active_power_discr,1,18,12,0.0
active_power_discr,1,18,13,0.0
active_power_discr,1,18,14,0.0
active_power_discr,1,18,15,0.0
active_power_discr,1,19,1,0.11286492627602136
active_power_discr,1,19,2,0.24024984210893874
active_power_discr,1,19,3,0.51140764928345
active_power_discr,1,19,4,1.08860751561715
active_power_discr,1,19,5,2.3172635855536745
active_power_discr,1,19,6,4.932641423009912
active_power_discr,1,19,7,10.499863528550547
active_power_discr,1,19,8,5.297916208340741
active_power_discr,1,19,9,0.0
active_power_discr,1,19,10,0.0
active_power_discr,1,19,11,0.0
active_power_discr,1,19,12,0.0
active_power_discr,1,19,13,0.0
active_power_discr,1,19,14,0.0
active_power_discr,1,19,15,0.0
active_power_discr,1,20,1,0.0671788555232249
active_power_discr,1,20,2,0.11230884181732809
active_power_discr,1,20,3,0.18775663640159806
active_power_discr,1,20,4,0.3138893959050943
active_power_discr,1,20,5,0.5247566996829012
active_power_discr,1,20,6,0.877282244811319
active_power_discr,1,20,7,1.466630416584021
active_power_discr,1,20,8,2.451895945200672
active_power_discr,1,20,9,1.0771451754323809
active_power_discr,1,20,10,0.0
active_power_discr,1,20,11,0.0
active_power_discr,1,20,12,0.0
active_power_discr,1,20,13,0.0
active_power_discr,1,20,14,0.0
active_power_discr,1,20,15,0.0
active_power_discr,1,21,1,0.00012103026480748148
active_power_discr,1,21,2,-0.00012102999866702148
active_power_discr,1,21,3,1.487167340467943e-05
active_power_discr,1,21,4,7.755938678127324e-06
active_power_discr,1,21,5,-2.262609001415849e-05
active_power_discr,1,21,6,2.4733325522296616e-06
active_power_discr,1,21,7,1.4455803502228538e-06
active_power_discr,1,21,8,0.0
active_power_discr,1,21,9,0.0
active_power_discr,1,21,10,0.00018324107174438813
active_power_discr,1,21,11,0.0
active_power_discr,1,21,12,0.0
active_power_discr,1,21,13,0.0
active_power_discr,1,21,14,0.0
active_power_discr,1,21,15,0.0
active_power_discr,1,22,1,0.00012102991797774464
active_power_discr,1,22,2,3.296245183543357e-05
active_power_discr,1,22,3,1.4872007024239196e-05
active_power_discr,1,22,4,7.756565341812191e-06
active_power_discr,1,22,5,-2.0582363409490428e-05
active_power_discr,1,22,6,2.475161372203742e-06
active_power_discr,1,22,7,1.448648585878766e-06
active_power_discr,1,22,8,0.0
active_power_discr,1,22,9,0.0001800862540252468
active_power_discr,1,22,10,0.0
active_power_discr,1,22,11,0.0
active_power_discr,1,22,12,0.0
active_power_discr,1,22,13,0.0
active_power_discr,1,22,14,0.0
active_power_discr,1,22,15,0.0
active_power_discr,1,23,1,0.00012103000290549802
active_power_discr,1,23,2,3.2962138501421046e-05
active_power_discr,1,23,3,1.4871375037351745e-05
active_power_discr,1,23,4,7.755462807832515e-06
active_power_discr,1,23,5,4.308719122901995e-06
active_power_discr,1,23,6,2.4720283020967335e-06
active_power_discr,1,23,7,1.4434035256950877e-06
active_power_discr,1,23,8,0.0
active_power_discr,1,23,9,0.0
active_power_discr,1,23,10,6.075089005788718e-05
active_power_discr,1,23,11,0.0
active_power_discr,1,23,12,0.0
active_power_discr,1,23,13,0.0
active_power_discr,1,23,14,0.0
active_power_discr,1,23,15,0.0
active_power_discr,1,24,1,0.00012102449158765787
active_power_discr,1,24,2,-0.00012683630250044826
active_power_discr,1,24,3,0.0
active_power_discr,1,24,4,0.0
active_power_discr,1,24,5,0.0
active_power_discr,1,24,6,0.0
active_power_discr,1,24,7,0.0
active_power_discr,1,24,8,0.0
active_power_discr,1,24,9,0.0
active_power_discr,1,24,10,0.0
active_power_discr,1,24,11,0.0
active_power_discr,1,24,12,0.0
active_power_discr,1,24,13,0.0
active_power_discr,1,24,14,0.0
active_power_discr,1,24,15,0.0
active_power_discr,1,25,1,0.00012102635328454064
active_power_discr,1,25,2,3.2956018398468866e-05
active_power_discr,1,25,3,-0.00015400239602108326
active_power_discr,1,25,4,7.738322094361315e-06
active_power_discr,1,25,5,4.2800920526611036e-06
active_power_discr,1,25,6,2.4241855128052784e-06
active_power_discr,1,25,7,-1.8073699538660896e-05
active_power_discr,1,25,8,0.0
active_power_discr,1,25,9,0.0
active_power_discr,1,25,10,0.0
active_power_discr,1,25,11,0.0
active_power_discr,1,25,12,0.0
active_power_discr,1,25,13,0.0
active_power_discr,1,25,14,0.0
active_power_discr,1,25,15,0.0
active_power_discr,1,26,1,0.00012104062087260178
active_power_discr,1,26,2,3.298044776744314e-05
active_power_discr,1,26,3,1.4902116874013143e-05
active_power_discr,1,26,4,1.80990275858114e-05
active_power_discr,1,26,5,4.394761569243736e-06
active_power_discr,1,26,6,2.6158886736540315e-06
active_power_discr,1,26,7,1.6839165125561723e-06
active_power_discr,1,26,8,1.2533358185418697e-06
active_power_discr,1,26,9,0.0
active_power_discr,1,26,10,0.0
active_power_discr,1,26,11,0.0
active_power_discr,1,26,12,0.0
active_power_discr,1,26,13,0.0
active_power_discr,1,26,14,0.0
active_power_discr,1,26,15,0.0
active_power_discr,1,27,1,0.00012102585159640468
active_power_discr,1,27,2,-0.00012534487458706255
active_power_discr,1,27,3,4.297919370739555e-06
active_power_discr,1,27,4,7.737406578517919e-06
active_power_discr,1,27,5,4.278553731540953e-06
active_power_discr,1,27,6,2.421614771266758e-06
active_power_discr,1,27,7,-1.9013812967418942e-05
active_power_discr,1,27,8,0.0
active_power_discr,1,27,9,0.0
active_power_discr,1,27,10,0.0
active_power_discr,1,27,11,0.0
active_power_discr,1,27,12,0.0
active_power_discr,1,27,13,0.0
active_power_discr,1,27,14,0.0
active_power_discr,1,27,15,0.0
active_power_discr,1,28,1,0.0001210295696764674
active_power_discr,1,28,2,3.296202051286476e-05
active_power_discr,1,28,3,1.4871321805002437e-05
active_power_discr,1,28,4,-0.00016886291200563994
active_power_discr,1,28,5,4.3087036997658795e-06
active_power_discr,1,28,6,1.2360061319421581e-06
active_power_discr,1,28,7,2.956876144081464e-05
active_power_discr,1,28,8,0.0
active_power_discr,1,28,9,0.0
active_power_discr,1,28,10,0.0
active_power_discr,1,28,11,0.0
active_power_discr,1,28,12,0.0
active_power_discr,1,28,13,0.0
active_power_discr,1,28,14,0.0
active_power_discr,1,28,15,0.0
active_power_discr,1,29,1,0.0671788555232249
active_power_discr,1,29,2,0.1123088418173281
active_power_discr,1,29,3,0.18775663640159804
active_power_discr,1,29,4,0.31388939590509424
active_power_discr,1,29,5,0.5247566996829012
active_power_discr,1,29,6,0.8772822448113191
active_power_discr,1,29,7,1.466630416584021
active_power_discr,1,29,8,1.2187716727530624
active_power_discr,1,29,9,0.0
active_power_discr,1,29,10,0.0
active_power_discr,1,29,11,0.0
active_power_discr,1,29,12,0.0
active_power_discr,1,29,13,0.0
active_power_discr,1,29,14,0.0
active_power_discr,1,29,15,0.0
active_power_discr,1,30,1,0.00012102973213735387
active_power_discr,1,30,2,3.296206475857337e-05
active_power_discr,1,30,3,-0.00015399179694167796
active_power_discr,1,30,4,0.0
active_power_discr,1,30,5,4.308709483441923e-06
active_power_discr,1,30,6,2.472021665595044e-06
active_power_discr,1,30,7,1.443399650678799e-06
active_power_discr,1,30,8,0.0
active_power_discr,1,30,9,0.00011580256004301262
active_power_discr,1,30,10,0.0
active_power_discr,1,30,11,0.0
active_power_discr,1,30,12,0.0
active_power_discr,1,30,13,0.0
active_power_discr,1,30,14,0.0
active_power_discr,1,30,15,0.0
active_power_discr,1,31,1,0.00010266700525330515
active_power_discr,1,31,2,0.0
active_power_discr,1,31,3,0.0
active_power_discr,1,31,4,0.0
active_power_discr,1,31,5,0.0
active_power_discr,1,31,6,0.0001026670052779392
active_power_discr,1,31,7,-4.63849163330314e-06
active_power_discr,1,31,8,0.0
active_power_discr,1,31,9,0.0
active_power_discr,1,31,10,0.0
active_power_discr,1,31,11,0.0
active_power_discr,1,31,12,0.0
active_power_discr,1,31,13,0.0
active_power_discr,1,31,14,0.0
active_power_discr,1,31,15,0.0
active_power_discr,1,32,1,0.00012102991376452593
active_power_discr,1,32,2,-0.0001211694072047686
active_power_discr,1,32,3,0.0
active_power_discr,1,32,4,0.0
active_power_discr,1,32,5,0.0
active_power_discr,1,32,6,0.0
active_power_discr,1,32,7,0.0
active_power_discr,1,32,8,0.0
active_power_discr,1,32,9,0.0
active_power_discr,1,32,10,0.0
active_power_discr,1,32,11,0.0
active_power_discr,1,32,12,0.0
active_power_discr,1,32,13,0.0
active_power_discr,1,32,14,0.0
active_power_discr,1,32,15,0.0
active_power_discr,1,33,1,0.06717871934416648
active_power_discr,1,33,2,0.11230861381077634
active_power_discr,1,33,3,0.18775625514114766
active_power_discr,1,33,4,0.31388875848349773
active_power_discr,1,33,5,0.5247556336637689
active_power_discr,1,33,6,0.8772804632573786
active_power_discr,1,33,7,0.9673733661913346
active_power_discr,1,33,8,0.0
active_power_discr,1,33,9,0.0
active_power_discr,1,33,10,0.0
active_power_discr,1,33,11,0.0
active_power_discr,1,33,12,0.0
active_power_discr,1,33,13,0.0
active_power_discr,1,33,14,0.0
active_power_discr,1,33,15,0.0
active_power_discr,1,34,1,0.00012103016536638451
active_power_discr,1,34,2,3.296218274712965e-05
active_power_discr,1,34,3,1.4871394999482737e-05
active_power_discr,1,34,4,7.755473218138494e-06
active_power_discr,1,34,5,4.3087249065780384e-06
active_power_discr,1,34,6,0.0
active_power_discr,1,34,7,1.44340610903928e-06
active_power_discr,1,34,8,0.0
active_power_discr,1,34,9,-0.0001823713473467527
active_power_discr,1,34,10,0.0
active_power_discr,1,34,11,0.0
active_power_discr,1,34,12,0.0
active_power_discr,1,34,13,0.0
active_power_discr,1,34,14,0.0
active_power_discr,1,34,15,0.0
active_power_discr,1,35,1,0.00012103000290549802
active_power_discr,1,35,2,3.2962138501421046e-05
active_power_discr,1,35,3,1.4871375037351745e-05
active_power_discr,1,35,4,7.755462807832515e-06
active_power_discr,1,35,5,-0.00017661897924523356
active_power_discr,1,35,6,2.4720283020967335e-06
active_power_discr,1,35,7,1.4434025569410159e-06
active_power_discr,1,35,8,0.0
active_power_discr,1,35,9,0.0
active_power_discr,1,35,10,0.0
active_power_discr,1,35,11,0.0
active_power_discr,1,35,12,0.0
active_power_discr,1,35,13,0.0
active_power_discr,1,35,14,0.0
active_power_discr,1,35,15,0.0
active_power_discr,1,36,1,0.0671788555232249
active_power_discr,1,36,2,0.11230884181732809
active_power_discr,1,36,3,0.18775663640159806
active_power_discr,1,36,4,0.31388939590509407
active_power_discr,1,36,5,0.5247566996829014
active_power_discr,1,36,6,0.5967219086873763
active_power_discr,1,36,7,0.0
active_power_discr,1,36,8,0.0
active_power_discr,1,36,9,0.0
active_power_discr,1,36,10,0.0
active_power_discr,1,36,11,0.0
active_power_discr,1,36,12,0.0
active_power_discr,1,36,13,0.0
active_power_discr,1,36,14,0.0
active_power_discr,1,36,15,0.0
active_power_discr,1,37,1,0.06717885552322492
active_power_discr,1,37,2,0.11230884181732809
active_power_discr,1,37,3,0.18775663640159806
active_power_discr,1,37,4,0.3138893959050943
active_power_discr,1,37,5,0.5247566996829013
active_power_discr,1,37,6,0.877282244811319
active_power_discr,1,37,7,0.11813563865748912
active_power_discr,1,37,8,0.0
active_power_discr,1,37,9,0.0
active_power_discr,1,37,10,0.0
active_power_discr,1,37,11,0.0
active_power_discr,1,37,12,0.0
active_power_discr,1,37,13,0.0
active_power_discr,1,37,14,0.0
active_power_discr,1,37,15,0.0
active_power_discr,1,38,1,0.11286492627602136
active_power_discr,1,38,2,0.24024984210893874
active_power_discr,1,38,3,0.51140764928345
active_power_discr,1,38,4,1.08860751561715
active_power_discr,1,38,5,2.3172635855536745
active_power_discr,1,38,6,4.932641423009912
active_power_discr,1,38,7,10.499863528550547
active_power_discr,1,38,8,3.2974321907037236
active_power_discr,1,38,9,0.0
active_power_discr,1,38,10,0.0
active_power_discr,1,38,11,0.0
active_power_discr,1,38,12,0.0
active_power_discr,1,38,13,0.0
active_power_discr,1,38,14,0.0
active_power_discr,1,38,15,0.0
active_power_discr,1,39,1,7.204933657040536e-05
active_power_discr,1,39,2,1.7451067403637162e-05
active_power_discr,1,39,3,6.678379367348448e-06
active_power_discr,1,39,4,2.886034913960148e-06
active_power_discr,1,39,5,-9.964843802856868e-05
active_power_discr,1,39,6,0.0
active_power_discr,1,39,7,0.0
active_power_discr,1,39,8,0.0
active_power_discr,1,39,9,0.0
active_power_discr,1,39,10,0.0
active_power_discr,1,39,11,0.0
active_power_discr,1,39,12,0.0
active_power_discr,1,39,13,0.0
active_power_discr,1,39,14,0.0
active_power_discr,1,39,15,0.0
active_power_discr,1,40,1,0.11286492627602136
active_power_discr,1,40,2,0.24024984210893874
active_power_discr,1,40,3,0.51140764928345
active_power_discr,1,40,4,1.08860751561715
active_power_discr,1,40,5,2.3172635855536745
active_power_discr,1,40,6,4.932641423009912
active_power_discr,1,40,7,2.7968628132737474
active_power_discr,1,40,8,0.0
active_power_discr,1,40,9,0.0
active_power_discr,1,40,10,0.0
active_power_discr,1,40,11,0.0
active_power_discr,1,40,12,0.0
active_power_discr,1,40,13,0.0
active_power_discr,1,40,14,0.0
active_power_discr,1,40,15,0.0
active_power_discr,1,41,1,0.0
active_power_discr,1,41,2,0.0
active_power_discr,1,41,3,0.0
active_power_discr,1,41,4,0.0
active_power_discr,1,41,5,1.3066300983374186e-06
active_power_discr,1,41,6,0.0
active_power_discr,1,41,7,0.0
active_power_discr,1,41,8,0.0
active_power_discr,1,41,9,0.0
active_power_discr,1,41,10,0.0
active_power_discr,1,41,11,0.0
active_power_discr,1,41,12,0.0
active_power_discr,1,41,13,0.0
active_power_discr,1,41,14,0.0
active_power_discr,1,41,15,0.0
active_power_discr,1,42,1,0.0
active_power_discr,1,42,2,0.0
active_power_discr,1,42,3,0.0
active_power_discr,1,42,4,0.0
active_power_discr,1,42,5,0.0
active_power_discr,1,42,6,0.0
active_power_discr,1,42,7,0.0
active_power_discr,1,42,8,0.0
active_power_discr,1,42,9,0.0
active_power_discr,1,42,10,0.0
active_power_discr,1,42,11,0.0
active_power_discr,1,42,12,0.0
active_power_discr,1,42,13,0.0
active_power_discr,1,42,14,0.0
active_power_discr,1,42,15,0.0
active_power_discr,1,43,1,0.11286492627602136
active_power_discr,1,43,2,0.24024984210893874
active_power_discr,1,43,3,0.51140764928345
active_power_discr,1,43,4,1.08860751561715
active_power_discr,1,43,5,2.3172635855536745
active_power_discr,1,43,6,4.932641423009912
active_power_discr,1,43,7,2.79709871367597
active_power_discr,1,43,8,0.0
active_power_discr,1,43,9,0.0
active_power_discr,1,43,10,0.0
active_power_discr,1,43,11,0.0
active_power_discr,1,43,12,0.0
active_power_discr,1,43,13,0.0
active_power_discr,1,43,14,0.0
active_power_discr,1,43,15,0.0
active_power_discr,1,44,1,0.06717885554368182
active_power_discr,1,44,2,0.11230884185157938
active_power_discr,1,44,3,0.18775663645892104
active_power_discr,1,44,4,0.3138893960008482
active_power_discr,1,44,5,0.5247566998429841
active_power_discr,1,44,6,0.8772822450789454
active_power_discr,1,44,7,1.428396062463315
active_power_discr,1,44,8,0.0
active_power_discr,1,44,9,0.0
active_power_discr,1,44,10,0.0
active_power_discr,1,44,11,0.0
active_power_discr,1,44,12,0.0
active_power_discr,1,44,13,0.0
active_power_discr,1,44,14,0.0
active_power_discr,1,44,15,0.0
active_power_discr,1,45,1,0.00012103188564415323
active_power_discr,1,45,2,3.2965442641023024e-05
active_power_discr,1,45,3,-0.00015398642425716493
active_power_discr,1,45,4,7.76477547726106e-06
active_power_discr,1,45,5,4.324295940901738e-06
active_power_discr,1,45,6,2.498073822507994e-06
active_power_discr,1,45,7,1.4869489380808656e-06
active_power_discr,1,45,8,-2.977325155360654e-06
active_power_discr,1,45,9,0.0
active_power_discr,1,45,10,0.0
active_power_discr,1,45,11,0.0
active_power_discr,1,45,12,0.0
active_power_discr,1,45,13,0.0
active_power_discr,1,45,14,0.0
active_power_discr,1,45,15,0.0
active_power_discr,1,46,1,0.0671788555232249
active_power_discr,1,46,2,0.11230884181732809
active_power_discr,1,46,3,0.18775663640159804
active_power_discr,1,46,4,0.31388939590509435
active_power_discr,1,46,5,0.5247566996829012
active_power_discr,1,46,6,0.8772822448113191
active_power_discr,1,46,7,0.41653373298808355
active_power_discr,1,46,8,0.0
active_power_discr,1,46,9,0.0
active_power_discr,1,46,10,0.0
active_power_discr,1,46,11,0.0
active_power_discr,1,46,12,0.0
active_power_discr,1,46,13,0.0
active_power_discr,1,46,14,0.0
active_power_discr,1,46,15,0.0
active_power_discr,1,47,1,0.06717885555463705
active_power_discr,1,47,2,0.11230884186992188
active_power_discr,1,47,3,0.18775663648954258
active_power_discr,1,47,4,0.3138893960521269
active_power_discr,1,47,5,0.5247566996829012
active_power_discr,1,47,6,0.7932159084043067
active_power_discr,1,47,7,0.0
active_power_discr,1,47,8,0.0
active_power_discr,1,47,9,0.0
active_power_discr,1,47,10,0.0
active_power_discr,1,47,11,0.0
active_power_discr,1,47,12,0.0
active_power_discr,1,47,13,0.0
active_power_discr,1,47,14,0.0
active_power_discr,1,47,15,0.0
active_power_discr,1,48,1,0.0
active_power_discr,1,48,2,0.0
active_power_discr,1,48,3,0.0
active_power_discr,1,48,4,0.0
active_power_discr,1,48,5,0.0
active_power_discr,1,48,6,0.0
active_power_discr,1,48,7,0.0
active_power_discr,1,48,8,0.0
active_power_discr,1,48,9,0.0
active_power_discr,1,48,10,0.0
active_power_discr,1,48,11,0.0
active_power_discr,1,48,12,0.0
active_power_discr,1,48,13,0.0
active_power_discr,1,48,14,0.0
active_power_discr,1,48,15,0.0
active_power_discr,1,49,1,0.00012102921598557907
active_power_discr,1,49,2,3.2961924186269964e-05
active_power_discr,1,49,3,1.4871278345779753e-05
active_power_discr,1,49,4,7.755412382912926e-06
active_power_discr,1,49,5,0.0001453798204111233
active_power_discr,1,49,6,0.0
active_power_discr,1,49,7,0.0
active_power_discr,1,49,8,0.0
active_power_discr,1,49,9,0.0
active_power_discr,1,49,10,0.0
active_power_discr,1,49,11,0.0
active_power_discr,1,49,12,0.0
active_power_discr,1,49,13,0.0
active_power_discr,1,49,14,0.0
active_power_discr,1,49,15,0.0
active_power_discr,1,50,1,0.00012102973213735935
active_power_discr,1,50,2,3.2962064758571e-05
active_power_discr,1,50,3,0.0
active_power_discr,1,50,4,-0.00015468798794624714
active_power_discr,1,50,5,0.0
active_power_discr,1,50,6,0.0
active_power_discr,1,50,7,0.0
active_power_discr,1,50,8,0.0
active_power_discr,1,50,9,0.0
active_power_discr,1,50,10,0.0
active_power_discr,1,50,11,0.0
active_power_discr,1,50,12,0.0
active_power_discr,1,50,13,0.0
active_power_discr,1,50,14,0.0
active_power_discr,1,50,15,0.0
active_power_discr,1,51,1,0.0001211658570426504
active_power_discr,1,51,2,3.319005656188478e-05
active_power_discr,1,51,3,1.5252595563566072e-05
active_power_discr,1,51,4,8.39286358381049e-06
active_power_discr,1,51,5,0.0
active_power_discr,1,51,6,4.25357560611495e-06
active_power_discr,1,51,7,4.421786600337877e-06
active_power_discr,1,51,8,0.0
active_power_discr,1,51,9,0.0
active_power_discr,1,51,10,0.0
active_power_discr,1,51,11,0.0
active_power_discr,1,51,12,0.0
active_power_discr,1,51,13,0.0
active_power_discr,1,51,14,0.0
active_power_discr,1,51,15,0.0
active_power_discr,1,52,1,0.00012102992167505044
active_power_discr,1,52,2,3.2962145875711786e-05
active_power_discr,1,52,3,1.487137836436725e-05
active_power_discr,1,52,4,7.755457602676152e-06
active_power_discr,1,52,5,-0.00017661890351069323
active_power_discr,1,52,6,-2.4720279702745046e-05
active_power_discr,1,52,7,2.4720279695632625e-05
active_power_discr,1,52,8,0.0
active_power_discr,1,52,9,0.0
active_power_discr,1,52,10,0.0
active_power_discr,1,52,11,0.0
active_power_discr,1,52,12,0.0
active_power_discr,1,52,13,0.0
active_power_discr,1,52,14,0.0
active_power_discr,1,52,15,0.0
active_power_discr,1,53,1,0.0671788555232249
active_power_discr,1,53,2,0.1123088418173281
active_power_discr,1,53,3,0.18775663640159806
active_power_discr,1,53,4,0.3138893959050943
active_power_discr,1,53,5,0.518727458226258
active_power_discr,1,53,6,0.0
active_power_discr,1,53,7,0.0
active_power_discr,1,53,8,0.0
active_power_discr,1,53,9,0.0
active_power_discr,1,53,10,0.0
active_power_discr,1,53,11,0.0
active_power_discr,1,53,12,0.0
active_power_discr,1,53,13,0.0
active_power_discr,1,53,14,0.0
active_power_discr,1,53,15,0.0
active_power_discr,1,54,1,0.00012102992167505044
active_power_discr,1,54,2,-0.00012102992167503658
active_power_discr,1,54,3,1.487137836436725e-05
active_power_discr,1,54,4,7.755464542902324e-06
active_power_discr,1,54,5,4.308716231027354e-06
active_power_discr,1,54,6,-2.6951160901786916e-05
active_power_discr,1,54,7,0.0
active_power_discr,1,54,8,0.0
active_power_discr,1,54,9,0.0
active_power_discr,1,54,10,0.0
active_power_discr,1,54,11,0.0
active_power_discr,1,54,12,0.0
active_power_discr,1,54,13,0.0
active_power_discr,1,54,14,0.0
active_power_discr,1,54,15,0.0
active_power_discr,1,55,1,0.00012103016536638145
active_power_discr,1,55,2,-0.00012103016536130002
active_power_discr,1,55,3,1.4871394999477205e-05
active_power_discr,1,55,4,7.755473218129527e-06
active_power_discr,1,55,5,4.308724906532113e-06
active_power_discr,1,55,6,2.472030514288903e-06
active_power_discr,1,55,7,1.4434048174472025e-06
active_power_discr,1,55,8,0.0
active_power_discr,1,55,9,1.596321695575974e-05
active_power_discr,1,55,10,0.0
active_power_discr,1,55,11,0.0
active_power_discr,1,55,12,0.0
active_power_discr,1,55,13,0.0
active_power_discr,1,55,14,0.0
active_power_discr,1,55,15,0.0
active_power_discr,1,56,1,0.00012103006496966249
active_power_discr,1,56,2,-0.00012102982637396352
active_power_discr,1,56,3,1.487162127826975e-05
active_power_discr,1,56,4,-1.4870954432572502e-05
active_power_discr,1,56,5,4.309415720144591e-06
active_power_discr,1,56,6,2.473195589318741e-06
active_power_discr,1,56,7,1.4453537833859833e-06
active_power_discr,1,56,8,0.0
active_power_discr,1,56,9,0.0
active_power_discr,1,56,10,0.0
active_power_discr,1,56,11,0.0
active_power_discr,1,56,12,0.0
active_power_discr,1,56,13,0.0
active_power_discr,1,56,14,0.0
active_power_discr,1,56,15,0.0
active_power_discr,1,57,1,0.0
active_power_discr,1,57,2,0.0
active_power_discr,1,57,3,0.0
active_power_discr,1,57,4,7.755529607300637e-06
active_power_discr,1,57,5,-3.2315836836954724e-06
active_power_discr,1,57,6,0.0
active_power_discr,1,57,7,0.0
active_power_discr,1,57,8,0.0
active_power_discr,1,57,9,0.0
active_power_discr,1,57,10,0.0
active_power_discr,1,57,11,0.0
active_power_discr,1,57,12,0.0
active_power_discr,1,57,13,0.0
active_power_discr,1,57,14,0.0
active_power_discr,1,57,15,0.0
active_power_discr,1,58,1,0.0
active_power_discr,1,58,2,0.0
active_power_discr,1,58,3,0.0
active_power_discr,1,58,4,0.0
active_power_discr,1,58,5,0.0
active_power_discr,1,58,6,0.0
active_power_discr,1,58,7,0.0
active_power_discr,1,58,8,0.0
active_power_discr,1,58,9,0.0
active_power_discr,1,58,10,0.0
active_power_discr,1,58,11,0.0
active_power_discr,1,58,12,0.0
active_power_discr,1,58,13,0.0
active_power_discr,1,58,14,0.0
active_power_discr,1,58,15,0.0
active_power_discr,1,59,1,0.0
active_power_discr,1,59,2,0.0
active_power_discr,1,59,3,6.6791442278383235e-06
active_power_discr,1,59,4,2.8863654453595595e-06
active_power_discr,1,59,5,-8.632128403797906e-06
active_power_discr,1,59,6,0.0
active_power_discr,1,59,7,0.0
active_power_discr,1,59,8,0.0
active_power_discr,1,59,9,0.0
active_power_discr,1,59,10,0.0
active_power_discr,1,59,11,0.0
active_power_discr,1,59,12,0.0
active_power_discr,1,59,13,0.0
active_power_discr,1,59,14,0.0
active_power_discr,1,59,15,0.0
reactive_power_discr,1,0,1,0.11286492627602136
reactive_power_discr,1,0,2,0.24024984210893874
reactive_power_discr,1,0,3,0.51140764928345
reactive_power_discr,1,0,4,1.088607515616862
reactive_power_discr,1,0,5,2.3172635855536745
reactive_power_discr,1,0,6,4.932641423009912
reactive_power_discr,1,0,7,10.499863528550547
reactive_power_discr,1,0,8,20.393148055255764
reactive_power_discr,1,0,9,0.0
reactive_power_discr,1,0,10,0.0
reactive_power_discr,1,0,11,0.0
reactive_power_discr,1,0,12,0.0
reactive_power_discr,1,0,13,0.0
reactive_power_discr,1,0,14,0.0
reactive_power_discr,1,0,15,0.0
reactive_power_discr,1,1,1,0.0
reactive_power_discr,1,1,2,0.0
reactive_power_discr,1,1,3,0.0
reactive_power_discr,1,1,4,0.0
reactive_power_discr,1,1,5,0.0
reactive_power_discr,1,1,6,0.0
reactive_power_discr,1,1,7,0.0
reactive_power_discr,1,1,8,0.0
reactive_power_discr,1,1,9,0.0
reactive_power_discr,1,1,10,0.0
reactive_power_discr,1,1,11,0.0
reactive_power_discr,1,1,12,0.0
reactive_power_discr,1,1,13,0.0
reactive_power_discr,1,1,14,0.0
reactive_power_discr,1,1,15,0.0
reactive_power_discr,1,2,1,0.0
reactive_power_discr,1,2,2,0.0
reactive_power_discr,1,2,3,0.0
reactive_power_discr,1,2,4,0.0
reactive_power_discr,1,2,5,0.0
reactive_power_discr,1,2,6,0.0
reactive_power_discr,1,2,7,0.0
reactive_power_discr,1,2,8,0.0
reactive_power_discr,1,2,9,0.0
reactive_power_discr,1,2,10,0.0
reactive_power_discr,1,2,11,0.0
reactive_power_discr,1,2,12,0.0
reactive_power_discr,1,2,13,0.0
reactive_power_discr,1,2,14,0.0
reactive_power_discr,1,2,15,0.0
reactive_power_discr,1,3,1,0.0
reactive_power_discr,1,3,2,0.0
reactive_power_discr,1,3,3,0.0
reactive_power_discr,1,3,4,0.0
reactive_power_discr,1,3,5,0.0
reactive_power_discr,1,3,6,0.0
reactive_power_discr,1,3,7,0.0
reactive_power_discr,1,3,8,0.0
reactive_power_discr,1,3,9,0.0
reactive_power_discr,1,3,10,0.0
reactive_power_discr,1,3,11,0.0
reactive_power_discr,1,3,12,0.0
reactive_power_discr,1,3,13,0.0
reactive_power_discr,1,3,14,0.0
reactive_power_discr,1,3,15,0.0
reactive_power_discr,1,4,1,0.0
reactive_power_discr,1,4,2,0.0
reactive_power_discr,1,4,3,0.0
reactive_power_discr,1,4,4,0.0
reactive_power_discr,1,4,5,0.0
reactive_power_discr,1,4,6,0.0
reactive_power_discr,1,4,7,0.0
reactive_power_discr,1,4,8,0.0
reactive_power_discr,1,4,9,0.0
reactive_power_discr,1,4,10,0.0
reactive_power_discr,1,4,11,0.0
reactive_power_discr,1,4,12,0.0
reactive_power_discr,1,4,13,0.0
reactive_power_discr,1,4,14,0.0
reactive_power_discr,1,4,15,0.0
reactive_power_discr,1,5,1,0.0
reactive_power_discr,1,5,2,0.0
reactive_power_discr,1,5,3,0.0
reactive_power_discr,1,5,4,0.0
reactive_power_discr,1,5,5,0.0
reactive_power_discr,1,5,6,0.0
reactive_power_discr,1,5,7,0.0
reactive_power_discr,1,5,8,0.0
reactive_power_discr,1,5,9,0.0
reactive_power_discr,1,5,10,0.0
reactive_power_discr,1,5,11,0.0
reactive_power_discr,1,5,12,0.0
reactive_power_discr,1,5,13,0.0
reactive_power_discr,1,5,14,0.0
reactive_power_discr,1,5,15,0.0
reactive_power_discr,1,6,1,0.11286492627602136
reactive_power_discr,1,6,2,0.24024984210890638
reactive_power_discr,1,6,3,0.51140764928345
reactive_power_discr,1,6,4,1.08860751561715
reactive_power_discr,1,6,5,2.3172635855536745
reactive_power_discr,1,6,6,4.932641423009912
reactive_power_discr,1,6,7,10.499863528550547
reactive_power_discr,1,6,8,22.35052675913198
reactive_power_discr,1,6,9,3.0563438368386926
reactive_power_discr,1,6,10,0.0
reactive_power_discr,1,6,11,0.0
reactive_power_discr,1,6,12,0.0
reactive_power_discr,1,6,13,0.0
reactive_power_discr,1,6,14,0.0
reactive_power_discr,1,6,15,0.0
reactive_power_discr,1,7,1,0.0
reactive_power_discr,1,7,2,0.0
reactive_power_discr,1,7,3,0.0
reactive_power_discr,1,7,4,0.0
reactive_power_discr,1,7,5,0.0
reactive_power_discr,1,7,6,0.0
reactive_power_discr,1,7,7,0.0
reactive_power_discr,1,7,8,0.0
reactive_power_discr,1,7,9,0.0
reactive_power_discr,1,7,10,0.0
reactive_power_discr,1,7,11,0.0
reactive_power_discr,1,7,12,0.0
reactive_power_discr,1,7,13,0.0
reactive_power_discr,1,7,14,0.0
reactive_power_discr,1,7,15,0.0
reactive_power_discr,1,8,1,0.112864926276556
reactive_power_discr,1,8,2,0.24024984210893874
reactive_power_discr,1,8,3,0.51140764928345
reactive_power_discr,1,8,4,1.08860751561715
reactive_power_discr,1,8,5,2.3172635855536745
reactive_power_discr,1,8,6,4.932641423009912
reactive_power_discr,1,8,7,10.499863528550547
reactive_power_discr,1,8,8,10.298832557083756
reactive_power_discr,1,8,9,0.0
reactive_power_discr,1,8,10,0.0
reactive_power_discr,1,8,11,0.0
reactive_power_discr,1,8,12,0.0
reactive_power_discr,1,8,13,0.0
reactive_power_discr,1,8,14,0.0
reactive_power_discr,1,8,15,0.0
reactive_power_discr,1,9,1,0.0
reactive_power_discr,1,9,2,0.0
reactive_power_discr,1,9,3,0.0
reactive_power_discr,1,9,4,0.0
reactive_power_discr,1,9,5,0.0
reactive_power_discr,1,9,6,0.0
reactive_power_discr,1,9,7,0.0
reactive_power_discr,1,9,8,0.0
reactive_power_discr,1,9,9,0.0
reactive_power_discr,1,9,10,0.0
reactive_power_discr,1,9,11,0.0
reactive_power_discr,1,9,12,0.0
reactive_power_discr,1,9,13,0.0
reactive_power_discr,1,9,14,0.0
reactive_power_discr,1,9,15,0.0
reactive_power_discr,1,10,1,0.0
reactive_power_discr,1,10,2,0.0
reactive_power_discr,1,10,3,0.0
reactive_power_discr,1,10,4,0.0
reactive_power_discr,1,10,5,0.0
reactive_power_discr,1,10,6,0.0
reactive_power_discr,1,10,7,0.0
reactive_power_discr,1,10,8,0.0
reactive_power_discr,1,10,9,0.0
reactive_power_discr,1,10,10,0.0
reactive_power_discr,1,10,11,0.0
reactive_power_discr,1,10,12,0.0
reactive_power_discr,1,10,13,0.0
reactive_power_discr,1,10,14,0.0
reactive_power_discr,1,10,15,0.0
reactive_power_discr,1,11,1,0.0
reactive_power_discr,1,11,2,0.0
reactive_power_discr,1,11,3,0.0
reactive_power_discr,1,11,4,0.0
reactive_power_discr,1,11,5,0.0
reactive_power_discr,1,11,6,0.0
reactive_power_discr,1,11,7,0.0
reactive_power_discr,1,11,8,0.0
reactive_power_discr,1,11,9,0.0
reactive_power_discr,1,11,10,0.0
reactive_power_discr,1,11,11,0.0
reactive_power_discr,1,11,12,0.0
reactive_power_discr,1,11,13,0.0
reactive_power_discr,1,11,14,0.0
reactive_power_discr,1,11,15,0.0
reactive_power_discr,1,12,1,0.0
reactive_power_discr,1,12,2,0.0
reactive_power_discr,1,12,3,0.0
reactive_power_discr,1,12,4,0.0
reactive_power_discr,1,12,5,0.0
reactive_power_discr,1,12,6,0.0
reactive_power_discr,1,12,7,0.0
reactive_power_discr,1,12,8,0.0
reactive_power_discr,1,12,9,0.0
reactive_power_discr,1,12,10,0.0
reactive_power_discr,1,12,11,0.0
reactive_power_discr,1,12,12,0.0
reactive_power_discr,1,12,13,0.0
reactive_power_discr,1,12,14,0.0
reactive_power_discr,1,12,15,0.0
reactive_power_discr,1,13,1,0.0
reactive_power_discr,1,13,2,0.0
reactive_power_discr,1,13,3,0.0
reactive_power_discr,1,13,4,0.0
reactive_power_discr,1,13,5,0.0
reactive_power_discr,1,13,6,0.0
reactive_power_discr,1,13,7,0.0
reactive_power_discr,1,13,8,0.0
reactive_power_discr,1,13,9,0.0
reactive_power_discr,1,13,10,0.0
reactive_power_discr,1,13,11,0.0
reactive_power_discr,1,13,12,0.0
reactive_power_discr,1,13,13,0.0
reactive_power_discr,1,13,14,0.0
reactive_power_discr,1,13,15,0.0
reactive_power_discr,1,14,1,0.11286492627602136
reactive_power_discr,1,14,2,0.24024984210893874
reactive_power_discr,1,14,3,0.51140764928345
reactive_power_discr,1,14,4,1.08860751561715
reactive_power_discr,1,14,5,2.3172635855536745
reactive_power_discr,1,14,6,4.932641423009912
reactive_power_discr,1,14,7,10.499863528550547
reactive_power_discr,1,14,8,18.345439190827186
reactive_power_discr,1,14,9,0.0
reactive_power_discr,1,14,10,0.0
reactive_power_discr,1,14,11,0.0
reactive_power_discr,1,14,12,0.0
reactive_power_discr,1,14,13,0.0
reactive_power_discr,1,14,14,0.0
reactive_power_discr,1,14,15,0.0
reactive_power_discr,1,15,1,-2.0005315908312245e-05
reactive_power_discr,1,15,2,1.3087051406862066e-05
reactive_power_discr,1,15,3,5.008306487705164e-06
reactive_power_discr,1,15,4,0.0
reactive_power_discr,1,15,5,1.3064804527898793e-06
reactive_power_discr,1,15,6,0.0
reactive_power_discr,1,15,7,0.0
reactive_power_discr,1,15,8,0.0
reactive_power_discr,1,15,9,0.0
reactive_power_discr,1,15,10,0.0
reactive_power_discr,1,15,11,0.0
reactive_power_discr,1,15,12,0.0
reactive_power_discr,1,15,13,0.0
reactive_power_discr,1,15,14,0.0
reactive_power_discr,1,15,15,0.0
reactive_power_discr,1,16,1,3.2168878154070824e-05
reactive_power_discr,1,16,2,-3.3475059351369875e-05
reactive_power_discr,1,16,3,0.0
reactive_power_discr,1,16,4,0.0
reactive_power_discr,1,16,5,1.3061811616948013e-06
reactive_power_discr,1,16,6,3.216887815366837e-05
reactive_power_discr,1,16,7,0.0
reactive_power_discr,1,16,8,0.0
reactive_power_discr,1,16,9,0.0
reactive_power_discr,1,16,10,0.0
reactive_power_discr,1,16,11,0.0
reactive_power_discr,1,16,12,0.0
reactive_power_discr,1,16,13,0.0
reactive_power_discr,1,16,14,0.0
reactive_power_discr,1,16,15,0.0
reactive_power_discr,1,17,1,0.11286492627602136
reactive_power_discr,1,17,2,0.24024984210893877
reactive_power_discr,1,17,3,0.51140764928345
reactive_power_discr,1,17,4,1.0886075156171502
reactive_power_discr,1,17,5,2.3172635855536745
reactive_power_discr,1,17,6,4.932641423009912
reactive_power_discr,1,17,7,10.499863528550547
reactive_power_discr,1,17,8,12.343056828132642
reactive_power_discr,1,17,9,0.0
reactive_power_discr,1,17,10,0.0
reactive_power_discr,1,17,11,0.0
reactive_power_discr,1,17,12,0.0
reactive_power_discr,1,17,13,0.0
reactive_power_discr,1,17,14,0.0
reactive_power_discr,1,17,15,0.0
reactive_power_discr,1,18,1,0.0
reactive_power_discr,1,18,2,0.0
reactive_power_discr,1,18,3,0.0
reactive_power_discr,1,18,4,0.0
reactive_power_discr,1,18,5,0.0
reactive_power_discr,1,18,6,0.0
reactive_power_discr,1,18,7,0.0
reactive_power_discr,1,18,8,0.0
reactive_power_discr,1,18,9,0.0
reactive_power_discr,1,18,10,0.0
reactive_power_discr,1,18,11,0.0
reactive_power_discr,1,18,12,0.0
reactive_power_discr,1,18,13,0.0
reactive_power_discr,1,18,14,0.0
reactive_power_discr,1,18,15,0.0
reactive_power_discr,1,19,1,0.11286492627602136
reactive_power_discr,1,19,2,0.24024984210893874
reactive_power_discr,1,19,3,0.51140764928345
reactive_power_discr,1,19,4,1.0886075156175816
reactive_power_discr,1,19,5,2.3172635855536745
reactive_power_discr,1,19,6,4.932641423009912
reactive_power_discr,1,19,7,10.499863528550547
reactive_power_discr,1,19,8,2.2977362183416012
reactive_power_discr,1,19,9,0.0
reactive_power_discr,1,19,10,0.0
reactive_power_discr,1,19,11,0.0
reactive_power_discr,1,19,12,0.0
reactive_power_discr,1,19,13,0.0
reactive_power_discr,1,19,14,0.0
reactive_power_discr,1,19,15,0.0
reactive_power_discr,1,20,1,0.0671788555232249
reactive_power_discr,1,20,2,0.11230884181732809
reactive_power_discr,1,20,3,0.18775663640159806
reactive_power_discr,1,20,4,0.3138893959050943
reactive_power_discr,1,20,5,0.5247566996829012
reactive_power_discr,1,20,6,0.877282244811319
reactive_power_discr,1,20,7,1.466630416584021
reactive_power_discr,1,20,8,2.4518959452003077
reactive_power_discr,1,20,9,4.090103365212302
reactive_power_discr,1,20,10,0.0
reactive_power_discr,1,20,11,0.0
reactive_power_discr,1,20,12,0.0
reactive_power_discr,1,20,13,0.0
reactive_power_discr,1,20,14,0.0
reactive_power_discr,1,20,15,0.0
reactive_power_discr,1,21,1,0.00012103026480748148
reactive_power_discr,1,21,2,3.2962349242785815e-05
reactive_power_discr,1,21,3,1.487167340467943e-05
reactive_power_discr,1,21,4,7.755938678127324e-06
reactive_power_discr,1,21,5,4.309503070097567e-06
reactive_power_discr,1,21,6,2.4733325522296616e-06
reactive_power_discr,1,21,7,0.0
reactive_power_discr,1,21,8,0.0
reactive_power_discr,1,21,9,0.0
reactive_power_discr,1,21,10,-0.0001835452216605189
reactive_power_discr,1,21,11,0.0
reactive_power_discr,1,21,12,0.0
reactive_power_discr,1,21,13,0.0
reactive_power_discr,1,21,14,0.0
reactive_power_discr,1,21,15,0.0
reactive_power_discr,1,22,1,0.00012102991797774464
reactive_power_discr,1,22,2,3.296245183543357e-05
reactive_power_discr,1,22,3,1.4872007024239196e-05
reactive_power_discr,1,22,4,7.756565341812191e-06
reactive_power_discr,1,22,5,-2.0582363409490425e-05
reactive_power_discr,1,22,6,2.475161372203742e-06
reactive_power_discr,1,22,7,1.448648585878766e-06
reactive_power_discr,1,22,8,0.0
reactive_power_discr,1,22,9,-0.00018110652745720841
reactive_power_discr,1,22,10,0.0
reactive_power_discr,1,22,11,0.0
reactive_power_discr,1,22,12,0.0
reactive_power_discr,1,22,13,0.0
reactive_power_discr,1,22,14,0.0
reactive_power_discr,1,22,15,0.0
reactive_power_discr,1,23,1,0.00012103000290549802
reactive_power_discr,1,23,2,3.2962138501421046e-05
reactive_power_discr,1,23,3,1.4871375037351745e-05
reactive_power_discr,1,23,4,7.755462807832515e-06
reactive_power_discr,1,23,5,4.308719122901995e-06
reactive_power_discr,1,23,6,2.4720283020967335e-06
reactive_power_discr,1,23,7,1.4434035256950877e-06
reactive_power_discr,1,23,8,-0.00018484313020279716
reactive_power_discr,1,23,9,0.0
reactive_power_discr,1,23,10,0.0
reactive_power_discr,1,23,11,0.0
reactive_power_discr,1,23,12,0.0
reactive_power_discr,1,23,13,0.0
reactive_power_discr,1,23,14,0.0
reactive_power_discr,1,23,15,0.0
reactive_power_discr,1,24,1,0.00012102449158765787
reactive_power_discr,1,24,2,3.295240784203081e-05
reactive_power_discr,1,24,3,1.4854863207803743e-05
reactive_power_discr,1,24,4,-0.0001746460794380739
reactive_power_discr,1,24,5,0.0
reactive_power_discr,1,24,6,0.0
reactive_power_discr,1,24,7,0.0
reactive_power_discr,1,24,8,0.0
reactive_power_discr,1,24,9,0.0
reactive_power_discr,1,24,10,0.0
reactive_power_discr,1,24,11,0.0
reactive_power_discr,1,24,12,0.0
reactive_power_discr,1,24,13,0.0
reactive_power_discr,1,24,14,0.0
reactive_power_discr,1,24,15,0.0
reactive_power_discr,1,25,1,0.0
reactive_power_discr,1,25,2,-0.00034698214436358144
reactive_power_discr,1,25,3,0.00034694866790486306
reactive_power_discr,1,25,4,0.0
reactive_power_discr,1,25,5,4.280106752838516e-06
reactive_power_discr,1,25,6,2.4241855128052784e-06
reactive_power_discr,1,25,7,1.3634293762349847e-06
reactive_power_discr,1,25,8,-1.1685003865148303e-05
reactive_power_discr,1,25,9,0.0
reactive_power_discr,1,25,10,0.0
reactive_power_discr,1,25,11,0.0
reactive_power_discr,1,25,12,0.0
reactive_power_discr,1,25,13,0.0
reactive_power_discr,1,25,14,0.0
reactive_power_discr,1,25,15,0.0
reactive_power_discr,1,26,1,0.0
reactive_power_discr,1,26,2,3.298044776744314e-05
reactive_power_discr,1,26,3,1.4902116874013143e-05
reactive_power_discr,1,26,4,0.00013912863161730842
reactive_power_discr,1,26,5,4.394761569243736e-06
reactive_power_discr,1,26,6,-0.00019107534806111343
reactive_power_discr,1,26,7,1.6839165125561723e-06
reactive_power_discr,1,26,8,1.2533358185418697e-06
reactive_power_discr,1,26,9,1.0790742086890288e-05
reactive_power_discr,1,26,10,0.0
reactive_power_discr,1,26,11,0.0
reactive_power_discr,1,26,12,0.0
reactive_power_discr,1,26,13,0.0
reactive_power_discr,1,26,14,0.0
reactive_power_discr,1,26,15,0.0
reactive_power_discr,1,27,1,0.00012102585159640468
reactive_power_discr,1,27,2,3.2955605474007003e-05
reactive_power_discr,1,27,3,-0.00015400256069033252
reactive_power_discr,1,27,4,7.737406578517919e-06
reactive_power_discr,1,27,5,4.278553731540953e-06
reactive_power_discr,1,27,6,2.421614771266758e-06
reactive_power_discr,1,27,7,1.3591235097607852e-06
reactive_power_discr,1,27,8,-2.0376477826483167e-05
reactive_power_discr,1,27,9,0.0
reactive_power_discr,1,27,10,0.0
reactive_power_discr,1,27,11,0.0
reactive_power_discr,1,27,12,0.0
reactive_power_discr,1,27,13,0.0
reactive_power_discr,1,27,14,0.0
reactive_power_discr,1,27,15,0.0
reactive_power_discr,1,28,1,0.0001210295696764674
reactive_power_discr,1,28,2,-0.00012102956967645351
reactive_power_discr,1,28,3,0.0
reactive_power_discr,1,28,4,0.0
reactive_power_discr,1,28,5,0.0
reactive_power_discr,1,28,6,0.0
reactive_power_discr,1,28,7,0.0
reactive_power_discr,1,28,8,0.0
reactive_power_discr,1,28,9,0.0
reactive_power_discr,1,28,10,0.0
reactive_power_discr,1,28,11,0.0
reactive_power_discr,1,28,12,0.0
reactive_power_discr,1,28,13,0.0
reactive_power_discr,1,28,14,0.0
reactive_power_discr,1,28,15,0.0
reactive_power_discr,1,29,1,0.0671788555232249
reactive_power_discr,1,29,2,0.1123088418173281
reactive_power_discr,1,29,3,0.18775663640159804
reactive_power_discr,1,29,4,0.31388939590509424
reactive_power_discr,1,29,5,0.5247566996829012
reactive_power_discr,1,29,6,0.8772822448113191
reactive_power_discr,1,29,7,1.466630416584021
reactive_power_discr,1,29,8,2.4518959452006714
reactive_power_discr,1,29,9,1.051692320620694
reactive_power_discr,1,29,10,0.0
reactive_power_discr,1,29,11,0.0
reactive_power_discr,1,29,12,0.0
reactive_power_discr,1,29,13,0.0
reactive_power_discr,1,29,14,0.0
reactive_power_discr,1,29,15,0.0
reactive_power_discr,1,30,1,0.00012102973213735387
reactive_power_discr,1,30,2,3.296206475857337e-05
reactive_power_discr,1,30,3,0.00019078843052123217
reactive_power_discr,1,30,4,7.755441987220557e-06
reactive_power_discr,1,30,5,4.308709483441923e-06
reactive_power_discr,1,30,6,-1.8540187378844168e-06
reactive_power_discr,1,30,7,-0.0003472349181034741
reactive_power_discr,1,30,8,0.0
reactive_power_discr,1,30,9,0.0
reactive_power_discr,1,30,10,0.0
reactive_power_discr,1,30,11,0.0
reactive_power_discr,1,30,12,0.0
reactive_power_discr,1,30,13,0.0
reactive_power_discr,1,30,14,0.0
reactive_power_discr,1,30,15,0.0
reactive_power_discr,1,31,1,0.00012103005705912687
reactive_power_discr,1,31,2,3.296222699283826e-05
reactive_power_discr,1,31,3,3.291892742210718e-05
reactive_power_discr,1,31,4,0.0
reactive_power_discr,1,31,5,-0.0001869112114740723
reactive_power_discr,1,31,6,0.0
reactive_power_discr,1,31,7,0.0
reactive_power_discr,1,31,8,0.0
reactive_power_discr,1,31,9,0.0
reactive_power_discr,1,31,10,0.0
reactive_power_discr,1,31,11,0.0
reactive_power_discr,1,31,12,0.0
reactive_power_discr,1,31,13,0.0
reactive_power_discr,1,31,14,0.0
reactive_power_discr,1,31,15,0.0
reactive_power_discr,1,32,1,0.0
reactive_power_discr,1,32,2,0.0
reactive_power_discr,1,32,3,0.0
reactive_power_discr,1,32,4,7.755045560265417e-06
reactive_power_discr,1,32,5,0.0
reactive_power_discr,1,32,6,0.0
reactive_power_discr,1,32,7,0.0
reactive_power_discr,1,32,8,0.0
reactive_power_discr,1,32,9,0.0
reactive_power_discr,1,32,10,0.0
reactive_power_discr,1,32,11,0.0
reactive_power_discr,1,32,12,0.0
reactive_power_discr,1,32,13,0.0
reactive_power_discr,1,32,14,0.0
reactive_power_discr,1,32,15,0.0
reactive_power_discr,1,33,1,0.06717871934416648
reactive_power_discr,1,33,2,0.11230861381077634
reactive_power_discr,1,33,3,0.18775625514114766
reactive_power_discr,1,33,4,0.31388875848349773
reactive_power_discr,1,33,5,0.5247556340311913
reactive_power_discr,1,33,6,0.8772804632573786
reactive_power_discr,1,33,7,1.4666274381970714
reactive_power_discr,1,33,8,1.4899465966221057
reactive_power_discr,1,33,9,0.0
reactive_power_discr,1,33,10,0.0
reactive_power_discr,1,33,11,0.0
reactive_power_discr,1,33,12,0.0
reactive_power_discr,1,33,13,0.0
reactive_power_discr,1,33,14,0.0
reactive_power_discr,1,33,15,0.0
reactive_power_discr,1,34,1,0.00012103016536638451
reactive_power_discr,1,34,2,3.296218274712965e-05
reactive_power_discr,1,34,3,1.4871394999482737e-05
reactive_power_discr,1,34,4,7.755473218138494e-06
reactive_power_discr,1,34,5,4.3087249065780384e-06
reactive_power_discr,1,34,6,2.4720316203475784e-06
reactive_power_discr,1,34,7,0.0
reactive_power_discr,1,34,8,-9.363694499328189e-06
reactive_power_discr,1,34,9,-0.0001743368105119722
reactive_power_discr,1,34,10,0.0
reactive_power_discr,1,34,11,0.0
reactive_power_discr,1,34,12,0.0
reactive_power_discr,1,34,13,0.0
reactive_power_discr,1,34,14,0.0
reactive_power_discr,1,34,15,0.0
reactive_power_discr,1,35,1,0.00012103000290549802
reactive_power_discr,1,35,2,3.2962138501421046e-05
reactive_power_discr,1,35,3,1.4871375037351745e-05
reactive_power_discr,1,35,4,-0.00016886351643740104
reactive_power_discr,1,35,5,0.0
reactive_power_discr,1,35,6,2.4720283020967335e-06
reactive_power_discr,1,35,7,1.4434035256950877e-06
reactive_power_discr,1,35,8,-3.915431834661568e-06
reactive_power_discr,1,35,9,0.0
reactive_power_discr,1,35,10,0.0
reactive_power_discr,1,35,11,0.0
reactive_power_discr,1,35,12,0.0
reactive_power_discr,1,35,13,0.0
reactive_power_discr,1,35,14,0.0
reactive_power_discr,1,35,15,0.0
reactive_power_discr,1,36,1,0.0671788555232249
reactive_power_discr,1,36,2,0.1123088418173281
reactive_power_discr,1,36,3,0.1877566364015981
reactive_power_discr,1,36,4,0.3138893959050943
reactive_power_discr,1,36,5,0.5247566996829012
reactive_power_discr,1,36,6,0.7978611422472117
reactive_power_discr,1,36,7,0.0
reactive_power_discr,1,36,8,0.0
reactive_power_discr,1,36,9,0.0
reactive_power_discr,1,36,10,0.0
reactive_power_discr,1,36,11,0.0
reactive_power_discr,1,36,12,0.0
reactive_power_discr,1,36,13,0.0
reactive_power_discr,1,36,14,0.0
reactive_power_discr,1,36,15,0.0
reactive_power_discr,1,37,1,0.06717885552322492
reactive_power_discr,1,37,2,0.11230884181732809
reactive_power_discr,1,37,3,0.18775663640159806
reactive_power_discr,1,37,4,0.31388939590509424
reactive_power_discr,1,37,5,0.5247566996829013
reactive_power_discr,1,37,6,0.877282244811319
reactive_power_discr,1,37,7,0.9186537595714723
reactive_power_discr,1,37,8,0.0
reactive_power_discr,1,37,9,0.0
reactive_power_discr,1,37,10,0.0
reactive_power_discr,1,37,11,0.0
reactive_power_discr,1,37,12,0.0
reactive_power_discr,1,37,13,0.0
reactive_power_discr,1,37,14,0.0
reactive_power_discr,1,37,15,0.0
reactive_power_discr,1,38,1,0.11286492627602136
reactive_power_discr,1,38,2,0.24024984210893874
reactive_power_discr,1,38,3,0.51140764928345
reactive_power_discr,1,38,4,1.08860751561715
reactive_power_discr,1,38,5,2.3172635855536745
reactive_power_discr,1,38,6,4.932641423009912
reactive_power_discr,1,38,7,10.499863528550547
reactive_power_discr,1,38,8,0.2972165095396271
reactive_power_discr,1,38,9,0.0
reactive_power_discr,1,38,10,0.0
reactive_power_discr,1,38,11,0.0
reactive_power_discr,1,38,12,0.0
reactive_power_discr,1,38,13,0.0
reactive_power_discr,1,38,14,0.0
reactive_power_discr,1,38,15,0.0
reactive_power_discr,1,39,1,7.204933657040536e-05
reactive_power_discr,1,39,2,0.0
reactive_power_discr,1,39,3,6.678379367348448e-06
reactive_power_discr,1,39,4,2.886034913960148e-06
reactive_power_discr,1,39,5,-8.142369930067055e-05
reactive_power_discr,1,39,6,0.0
reactive_power_discr,1,39,7,0.0
reactive_power_discr,1,39,8,0.0
reactive_power_discr,1,39,9,0.0
reactive_power_discr,1,39,10,0.0
reactive_power_discr,1,39,11,0.0
reactive_power_discr,1,39,12,0.0
reactive_power_discr,1,39,13,0.0
reactive_power_discr,1,39,14,0.0
reactive_power_discr,1,39,15,0.0
reactive_power_discr,1,40,1,0.11286492627602136
reactive_power_discr,1,40,2,0.24024984210893874
reactive_power_discr,1,40,3,0.51140764928345
reactive_power_discr,1,40,4,1.08860751561715
reactive_power_discr,1,40,5,2.3172635855536745
reactive_power_discr,1,40,6,4.932641423009912
reactive_power_discr,1,40,7,1.7969647948874226
reactive_power_discr,1,40,8,0.0
reactive_power_discr,1,40,9,0.0
reactive_power_discr,1,40,10,0.0
reactive_power_discr,1,40,11,0.0
reactive_power_discr,1,40,12,0.0
reactive_power_discr,1,40,13,0.0
reactive_power_discr,1,40,14,0.0
reactive_power_discr,1,40,15,0.0
reactive_power_discr,1,41,1,0.0
reactive_power_discr,1,41,2,0.0
reactive_power_discr,1,41,3,6.678379367348448e-06
reactive_power_discr,1,41,4,2.886034913960148e-06
reactive_power_discr,1,41,5,1.3066300983374186e-06
reactive_power_discr,1,41,6,-1.1401067411628544e-05
reactive_power_discr,1,41,7,0.0
reactive_power_discr,1,41,8,0.0
reactive_power_discr,1,41,9,0.0
reactive_power_discr,1,41,10,0.0
reactive_power_discr,1,41,11,0.0
reactive_power_discr,1,41,12,0.0
reactive_power_discr,1,41,13,0.0
reactive_power_discr,1,41,14,0.0
reactive_power_discr,1,41,15,0.0
reactive_power_discr,1,42,1,0.0
reactive_power_discr,1,42,2,0.0
reactive_power_discr,1,42,3,0.0
reactive_power_discr,1,42,4,0.0
reactive_power_discr,1,42,5,0.0
reactive_power_discr,1,42,6,0.0
reactive_power_discr,1,42,7,0.0
reactive_power_discr,1,42,8,0.0
reactive_power_discr,1,42,9,0.0
reactive_power_discr,1,42,10,0.0
reactive_power_discr,1,42,11,0.0
reactive_power_discr,1,42,12,0.0
reactive_power_discr,1,42,13,0.0
reactive_power_discr,1,42,14,0.0
reactive_power_discr,1,42,15,0.0
reactive_power_discr,1,43,1,0.11286492627602136
reactive_power_discr,1,43,2,0.24024984210893874
reactive_power_discr,1,43,3,0.51140764928345
reactive_power_discr,1,43,4,1.08860751561715
reactive_power_discr,1,43,5,2.3172635855536745
reactive_power_discr,1,43,6,4.932641423009912
reactive_power_discr,1,43,7,0.7970687389747386
reactive_power_discr,1,43,8,0.0
reactive_power_discr,1,43,9,0.0
reactive_power_discr,1,43,10,0.0
reactive_power_discr,1,43,11,0.0
reactive_power_discr,1,43,12,0.0
reactive_power_discr,1,43,13,0.0
reactive_power_discr,1,43,14,0.0
reactive_power_discr,1,43,15,0.0
reactive_power_discr,1,44,1,0.06717885554368182
reactive_power_discr,1,44,2,0.11230884185157938
reactive_power_discr,1,44,3,0.1877566364588713
reactive_power_discr,1,44,4,0.3138893960008482
reactive_power_discr,1,44,5,0.5247566998429841
reactive_power_discr,1,44,6,0.8772822450789454
reactive_power_discr,1,44,7,1.466630416584021
reactive_power_discr,1,44,8,1.4597517382264227
reactive_power_discr,1,44,9,0.0
reactive_power_discr,1,44,10,0.0
reactive_power_discr,1,44,11,0.0
reactive_power_discr,1,44,12,0.0
reactive_power_discr,1,44,13,0.0
reactive_power_discr,1,44,14,0.0
reactive_power_discr,1,44,15,0.0
reactive_power_discr,1,45,1,0.00012103188564415323
reactive_power_discr,1,45,2,3.2965442641023024e-05
reactive_power_discr,1,45,3,0.00021350722223268824
reactive_power_discr,1,45,4,0.0003675029663129188
reactive_power_discr,1,45,5,-0.00033993240281617813
reactive_power_discr,1,45,6,2.498073822507994e-06
reactive_power_discr,1,45,7,1.4869489380808656e-06
reactive_power_discr,1,45,8,0.0
reactive_power_discr,1,45,9,-2.932743203749314e-05
reactive_power_discr,1,45,10,0.0
reactive_power_discr,1,45,11,0.0
reactive_power_discr,1,45,12,0.0
reactive_power_discr,1,45,13,0.0
reactive_power_discr,1,45,14,0.0
reactive_power_discr,1,45,15,0.0
reactive_power_discr,1,46,1,0.0671788555232249
reactive_power_discr,1,46,2,0.11230884181732809
reactive_power_discr,1,46,3,0.18775663640159804
reactive_power_discr,1,46,4,0.31388939590509435
reactive_power_discr,1,46,5,0.5247566996829012
reactive_power_discr,1,46,6,0.8772822448113193
reactive_power_discr,1,46,7,1.466630416584021
reactive_power_discr,1,46,8,0.4502010446222553
reactive_power_discr,1,46,9,0.0
reactive_power_discr,1,46,10,0.0
reactive_power_discr,1,46,11,0.0
reactive_power_discr,1,46,12,0.0
reactive_power_discr,1,46,13,0.0
reactive_power_discr,1,46,14,0.0
reactive_power_discr,1,46,15,0.0
reactive_power_discr,1,47,1,0.06717885555463705
reactive_power_discr,1,47,2,0.11230884186992188
reactive_power_discr,1,47,3,0.18775663648954258
reactive_power_discr,1,47,4,0.3138893960521269
reactive_power_discr,1,47,5,0.5247566996829012
reactive_power_discr,1,47,6,0.8772822448113191
reactive_power_discr,1,47,7,0.9168096129183386
reactive_power_discr,1,47,8,0.0
reactive_power_discr,1,47,9,0.0
reactive_power_discr,1,47,10,0.0
reactive_power_discr,1,47,11,0.0
reactive_power_discr,1,47,12,0.0
reactive_power_discr,1,47,13,0.0
reactive_power_discr,1,47,14,0.0
reactive_power_discr,1,47,15,0.0
reactive_power_discr,1,48,1,0.0
reactive_power_discr,1,48,2,0.0
reactive_power_discr,1,48,3,0.0
reactive_power_discr,1,48,4,0.0
reactive_power_discr,1,48,5,0.0
reactive_power_discr,1,48,6,0.0
reactive_power_discr,1,48,7,0.0
reactive_power_discr,1,48,8,0.0
reactive_power_discr,1,48,9,0.0
reactive_power_discr,1,48,10,0.0
reactive_power_discr,1,48,11,0.0
reactive_power_discr,1,48,12,0.0
reactive_power_discr,1,48,13,0.0
reactive_power_discr,1,48,14,0.0
reactive_power_discr,1,48,15,0.0
reactive_power_discr,1,49,1,0.00012102921598557907
reactive_power_discr,1,49,2,3.2961924186269964e-05
reactive_power_discr,1,49,3,1.4871278345779753e-05
reactive_power_discr,1,49,4,7.755412382912926e-06
reactive_power_discr,1,49,5,-0.0001766178309005417
reactive_power_discr,1,49,6,0.0
reactive_power_discr,1,49,7,0.0
reactive_power_discr,1,49,8,0.0
reactive_power_discr,1,49,9,0.0
reactive_power_discr,1,49,10,0.0
reactive_power_discr,1,49,11,0.0
reactive_power_discr,1,49,12,0.0
reactive_power_discr,1,49,13,0.0
reactive_power_discr,1,49,14,0.0
reactive_power_discr,1,49,15,0.0
reactive_power_discr,1,50,1,0.00012102973213735935
reactive_power_discr,1,50,2,3.2962064758571e-05
reactive_power_discr,1,50,3,1.4871341767141997e-05
reactive_power_discr,1,50,4,7.75544372227932e-06
reactive_power_discr,1,50,5,4.308709483424877e-06
reactive_power_discr,1,50,6,0.0
reactive_power_discr,1,50,7,0.0
reactive_power_discr,1,50,8,0.0
reactive_power_discr,1,50,9,0.0
reactive_power_discr,1,50,10,0.0
reactive_power_discr,1,50,11,0.0
reactive_power_discr,1,50,12,0.0
reactive_power_discr,1,50,13,0.0
reactive_power_discr,1,50,14,0.0
reactive_power_discr,1,50,15,0.0
reactive_power_discr,1,51,1,0.0001211658570426504
reactive_power_discr,1,51,2,3.319005656188478e-05
reactive_power_discr,1,51,3,1.5252595563566072e-05
reactive_power_discr,1,51,4,-0.00016822528284988662
reactive_power_discr,1,51,5,5.374359265432146e-06
reactive_power_discr,1,51,6,3.010960157306628e-06
reactive_power_discr,1,51,7,4.421786600337877e-06
reactive_power_discr,1,51,8,5.830477913765671e-06
reactive_power_discr,1,51,9,0.0
reactive_power_discr,1,51,10,0.0
reactive_power_discr,1,51,11,0.0
reactive_power_discr,1,51,12,0.0
reactive_power_discr,1,51,13,0.0
reactive_power_discr,1,51,14,0.0
reactive_power_discr,1,51,15,0.0
reactive_power_discr,1,52,1,0.00012102992167505044
reactive_power_discr,1,52,2,3.2962145875711786e-05
reactive_power_discr,1,52,3,1.487137836436725e-05
reactive_power_discr,1,52,4,7.755464542902324e-06
reactive_power_discr,1,52,5,4.308720086831919e-06
reactive_power_discr,1,52,6,2.4720266429412167e-06
reactive_power_discr,1,52,7,5.916662023226601e-05
reactive_power_discr,1,52,8,-2.2239920158117987e-05
reactive_power_discr,1,52,9,-0.00022032635726195295
reactive_power_discr,1,52,10,0.0
reactive_power_discr,1,52,11,0.0
reactive_power_discr,1,52,12,0.0
reactive_power_discr,1,52,13,0.0
reactive_power_discr,1,52,14,0.0
reactive_power_discr,1,52,15,0.0
reactive_power_discr,1,53,1,0.0671788555232249
reactive_power_discr,1,53,2,0.11230884181732809
reactive_power_discr,1,53,3,0.18775663640159806
reactive_power_discr,1,53,4,0.3138893959050943
reactive_power_discr,1,53,5,0.31867506074624863
reactive_power_discr,1,53,6,0.0
reactive_power_discr,1,53,7,0.0
reactive_power_discr,1,53,8,0.0
reactive_power_discr,1,53,9,0.0
reactive_power_discr,1,53,10,0.0
reactive_power_discr,1,53,11,0.0
reactive_power_discr,1,53,12,0.0
reactive_power_discr,1,53,13,0.0
reactive_power_discr,1,53,14,0.0
reactive_power_discr,1,53,15,0.0
reactive_power_discr,1,54,1,0.0
reactive_power_discr,1,54,2,0.0
reactive_power_discr,1,54,3,1.487137836436725e-05
reactive_power_discr,1,54,4,7.755464542902324e-06
reactive_power_discr,1,54,5,4.308716231027354e-06
reactive_power_discr,1,54,6,2.4720266429412167e-06
reactive_power_discr,1,54,7,1.4434025570331244e-06
reactive_power_discr,1,54,8,0.0
reactive_power_discr,1,54,9,0.0
reactive_power_discr,1,54,10,0.0
reactive_power_discr,1,54,11,0.0
reactive_power_discr,1,54,12,0.0
reactive_power_discr,1,54,13,0.0
reactive_power_discr,1,54,14,0.0
reactive_power_discr,1,54,15,0.0
reactive_power_discr,1,55,1,0.00012103016536638145
reactive_power_discr,1,55,2,3.2962167998557e-05
reactive_power_discr,1,55,3,1.4871394999477205e-05
reactive_power_discr,1,55,4,-0.00016886372836429075
reactive_power_discr,1,55,5,4.308724906532113e-06
reactive_power_discr,1,55,6,-1.236025350084865e-06
reactive_power_discr,1,55,7,2.554146211079988e-05
reactive_power_discr,1,55,8,-2.8614161667372016e-05
reactive_power_discr,1,55,9,0.0
reactive_power_discr,1,55,10,0.0
reactive_power_discr,1,55,11,0.0
reactive_power_discr,1,55,12,0.0
reactive_power_discr,1,55,13,0.0
reactive_power_discr,1,55,14,0.0
reactive_power_discr,1,55,15,0.0
reactive_power_discr,1,56,1,0.00012103006496966249
reactive_power_discr,1,56,2,3.2962280377143364e-05
reactive_power_discr,1,56,3,-0.0001539918572091618
reactive_power_discr,1,56,4,0.0
reactive_power_discr,1,56,5,4.309415720144591e-06
reactive_power_discr,1,56,6,2.473195589318741e-06
reactive_power_discr,1,56,7,1.4433942418018956e-06
reactive_power_discr,1,56,8,0.0
reactive_power_discr,1,56,9,0.0
reactive_power_discr,1,56,10,0.0
reactive_power_discr,1,56,11,0.0
reactive_power_discr,1,56,12,0.0
reactive_power_discr,1,56,13,0.0
reactive_power_discr,1,56,14,0.0
reactive_power_discr,1,56,15,0.0
reactive_power_discr,1,57,1,0.0
reactive_power_discr,1,57,2,0.0
reactive_power_discr,1,57,3,0.0
reactive_power_discr,1,57,4,0.0
reactive_power_discr,1,57,5,0.0
reactive_power_discr,1,57,6,0.0
reactive_power_discr,1,57,7,0.0
reactive_power_discr,1,57,8,0.0
reactive_power_discr,1,57,9,0.0
reactive_power_discr,1,57,10,0.0
reactive_power_discr,1,57,11,0.0
reactive_power_discr,1,57,12,0.0
reactive_power_discr,1,57,13,0.0
reactive_power_discr,1,57,14,0.0
reactive_power_discr,1,57,15,0.0
reactive_power_discr,1,58,1,0.0
reactive_power_discr,1,58,2,0.0
reactive_power_discr,1,58,3,0.0
reactive_power_discr,1,58,4,0.0
reactive_power_discr,1,58,5,0.0
reactive_power_discr,1,58,6,0.0
reactive_power_discr,1,58,7,0.0
reactive_power_discr,1,58,8,0.0
reactive_power_discr,1,58,9,0.0
reactive_power_discr,1,58,10,0.0
reactive_power_discr,1,58,11,0.0
reactive_power_discr,1,58,12,0.0
reactive_power_discr,1,58,13,0.0
reactive_power_discr,1,58,14,0.0
reactive_power_discr,1,58,15,0.0
reactive_power_discr,1,59,1,0.0
reactive_power_discr,1,59,2,0.0
reactive_power_discr,1,59,3,0.0
reactive_power_discr,1,59,4,0.0
reactive_power_discr,1,59,5,0.0
reactive_power_discr,1,59,6,0.0
reactive_power_discr,1,59,7,1.3661387244346766e-06
reactive_power_discr,1,59,8,-1.474065125924803e-06
reactive_power_discr,1,59,9,0.0
reactive_power_discr,1,59,10,0.0
reactive_power_discr,1,59,11,0.0
reactive_power_discr,1,59,12,0.0
reactive_power_discr,1,59,13,0.0
reactive_power_discr,1,59,14,0.0
reactive_power_discr,1,59,15,0.0
