Name,periods,lines,conductors,subs_hv,subs_mv,buses,SetUnion_OrderedSet,NPWB,Value
C_cond,,,,,,,,,68.33383123593678
C_subs_hv,,,,,,,,,255.5922049413099
C_subs_mv,,,,,,,,,4.647503810057906
subs_hv_inst_cost,,,,,,,,,10.0
subs_mv_inst_cost,,,,,,,,,100.0
C_electricity,1.0,,,,,,,,0.20878494173559026
C_electricity,2.0,,,,,,,,0.20940116197622305
C_electricity,3.0,,,,,,,,0.20894606448558664
C_electricity,4.0,,,,,,,,0.2081861738741356
C_electricity,5.0,,,,,,,,0.21085615055257273
C_electricity,6.0,,,,,,,,0.23010564023897442
C_electricity,7.0,,,,,,,,0.24638466123506533
C_electricity,8.0,,,,,,,,0.3833883074119648
C_electricity,9.0,,,,,,,,0.3743230883568712
C_electricity,10.0,,,,,,,,0.3600730458871984
C_electricity,11.0,,,,,,,,0.3587921137719999
C_electricity,12.0,,,,,,,,0.3403504841135903
C_electricity,13.0,,,,,,,,0.36089422946706223
C_electricity,14.0,,,,,,,,0.36235828671900955
C_electricity,15.0,,,,,,,,0.3646722092245783
C_electricity,16.0,,,,,,,,0.36745379104141973
C_electricity,17.0,,,,,,,,0.26985334663941635
C_electricity,18.0,,,,,,,,0.23593976857860346
C_electricity,19.0,,,,,,,,0.24275032305822836
C_electricity,20.0,,,,,,,,0.23282880146447213
C_electricity,21.0,,,,,,,,0.23524111456727043
C_electricity,22.0,,,,,,,,0.22613230424375574
C_electricity,23.0,,,,,,,,0.22144599953723712
C_electricity,24.0,,,,,,,,0.2039329884296153
C_losses,1.0,,,,,,,,5.108488392199877e-06
C_losses,2.0,,,,,,,,5.127825570867756e-06
C_losses,3.0,,,,,,,,5.109953872961225e-06
C_losses,4.0,,,,,,,,5.083010078324119e-06
C_losses,5.0,,,,,,,,5.198620982880372e-06
C_losses,6.0,,,,,,,,6.232551483649434e-06
C_losses,7.0,,,,,,,,7.122885090398263e-06
C_losses,8.0,,,,,,,,1.7221262866624582e-05
C_losses,9.0,,,,,,,,1.6425573722134087e-05
C_losses,10.0,,,,,,,,1.5511030056696767e-05
C_losses,11.0,,,,,,,,1.537838960030494e-05
C_losses,12.0,,,,,,,,1.386686355978484e-05
C_losses,13.0,,,,,,,,1.5614199569894315e-05
C_losses,14.0,,,,,,,,1.5772712401830758e-05
C_losses,15.0,,,,,,,,1.6006805250238175e-05
C_losses,16.0,,,,,,,,1.6263840273301517e-05
C_losses,17.0,,,,,,,,9.011476066763379e-06
C_losses,18.0,,,,,,,,7.2206199711588005e-06
C_losses,19.0,,,,,,,,7.64869456225671e-06
C_losses,20.0,,,,,,,,6.689157918388672e-06
C_losses,21.0,,,,,,,,6.583747496249681e-06
C_losses,22.0,,,,,,,,6.131559846100607e-06
C_losses,23.0,,,,,,,,5.8479002559536195e-06
C_losses,24.0,,,,,,,,4.898447639756306e-06
unserved_fictitious_power_cost,,,,,,,,,0.0
line_opt,,20.0,Poppy,,,,,,1.0
line_opt,,20.0,Oxlip,,,,,,0.0
line_opt,,20.0,Daisy,,,,,,0.0
line_opt,,20.0,Tulip,,,,,,0.0
line_opt,,20.0,Maryj,,,,,,0.0
line_opt,,22.0,Poppy,,,,,,1.0
line_opt,,22.0,Oxlip,,,,,,0.0
line_opt,,22.0,Daisy,,,,,,0.0
line_opt,,22.0,Tulip,,,,,,0.0
line_opt,,22.0,Maryj,,,,,,0.0
line_opt,,23.0,Poppy,,,,,,1.0
line_opt,,23.0,Oxlip,,,,,,0.0
line_opt,,23.0,Daisy,,,,,,0.0
line_opt,,23.0,Tulip,,,,,,0.0
line_opt,,23.0,Maryj,,,,,,0.0
line_opt,,25.0,Poppy,,,,,,0.0
line_opt,,25.0,Oxlip,,,,,,1.0
line_opt,,25.0,Daisy,,,,,,0.0
line_opt,,25.0,Tulip,,,,,,0.0
line_opt,,25.0,Maryj,,,,,,0.0
line_opt,,29.0,Poppy,,,,,,1.0
line_opt,,29.0,Oxlip,,,,,,0.0
line_opt,,29.0,Daisy,,,,,,0.0
line_opt,,29.0,Tulip,,,,,,0.0
line_opt,,29.0,Maryj,,,,,,0.0
line_opt,,30.0,Poppy,,,,,,0.0
line_opt,,30.0,Oxlip,,,,,,0.0
line_opt,,30.0,Daisy,,,,,,1.0
line_opt,,30.0,Tulip,,,,,,0.0
line_opt,,30.0,Maryj,,,,,,0.0
line_act,,20.0,,,,,,,1.0
line_act,,22.0,,,,,,,1.0
line_act,,23.0,,,,,,,1.0
line_act,,25.0,,,,,,,1.0
line_act,,29.0,,,,,,,1.0
line_act,,30.0,,,,,,,1.0
subs_hv_capacity,,,,0.0,,,,,1.2779610247065494
subs_hv_S,1.0,,,0.0,,,,,0.6959498057853009
subs_hv_S,2.0,,,0.0,,,,,0.6980038732540769
subs_hv_S,3.0,,,0.0,,,,,0.6964868816186222
subs_hv_S,4.0,,,0.0,,,,,0.6939539129137854
subs_hv_S,5.0,,,0.0,,,,,0.7028538351752425
subs_hv_S,6.0,,,0.0,,,,,0.7670188007965815
subs_hv_S,7.0,,,0.0,,,,,0.8212822041168845
subs_hv_S,8.0,,,0.0,,,,,1.2779610247065494
subs_hv_S,9.0,,,0.0,,,,,1.2477436278562375
subs_hv_S,10.0,,,0.0,,,,,1.2002434862906615
subs_hv_S,11.0,,,0.0,,,,,1.195973712573333
subs_hv_S,12.0,,,0.0,,,,,1.1345016137119677
subs_hv_S,13.0,,,0.0,,,,,1.2029807648902076
subs_hv_S,14.0,,,0.0,,,,,1.207860955730032
subs_hv_S,15.0,,,0.0,,,,,1.2155740307485945
subs_hv_S,16.0,,,0.0,,,,,1.2248459701380658
subs_hv_S,17.0,,,0.0,,,,,0.8995111554647212
subs_hv_S,18.0,,,0.0,,,,,0.7864658952620116
subs_hv_S,19.0,,,0.0,,,,,0.8091677435274279
subs_hv_S,20.0,,,0.0,,,,,0.7760960048815738
subs_hv_S,21.0,,,0.0,,,,,0.7841370485575682
subs_hv_S,22.0,,,0.0,,,,,0.7537743474791858
subs_hv_S,23.0,,,0.0,,,,,0.7381533317907905
subs_hv_S,24.0,,,0.0,,,,,0.6797766280987176
subs_hv_P,1.0,,,0.0,,,,,0.5686284099476426
subs_hv_P,2.0,,,0.0,,,,,0.568629135961662
subs_hv_P,3.0,,,0.0,,,,,0.568529241016724
subs_hv_P,4.0,,,0.0,,,,,0.5685283381141603
subs_hv_P,5.0,,,0.0,,,,,0.5719434027214116
subs_hv_P,6.0,,,0.0,,,,,0.6268229166270785
subs_hv_P,7.0,,,0.0,,,,,0.6889881889406719
subs_hv_P,8.0,,,0.0,,,,,1.088560634359476
subs_hv_P,9.0,,,0.0,,,,,1.0876048104630325
subs_hv_P,10.0,,,0.0,,,,,1.0869223900683405
subs_hv_P,11.0,,,0.0,,,,,1.0834739379788725
subs_hv_P,12.0,,,0.0,,,,,1.0306547239591046
subs_hv_P,13.0,,,0.0,,,,,1.0890436138538206
subs_hv_P,14.0,,,0.0,,,,,1.0952047178514883
subs_hv_P,15.0,,,0.0,,,,,1.100346578502238
subs_hv_P,16.0,,,0.0,,,,,1.1067533167975028
subs_hv_P,17.0,,,0.0,,,,,0.8060113514737479
subs_hv_P,18.0,,,0.0,,,,,0.7013247829688241
subs_hv_P,19.0,,,0.0,,,,,0.7025638188990234
subs_hv_P,20.0,,,0.0,,,,,0.6681207002716225
subs_hv_P,21.0,,,0.0,,,,,0.6628207127194203
subs_hv_P,22.0,,,0.0,,,,,0.6332380531314866
subs_hv_P,23.0,,,0.0,,,,,0.616297013935285
subs_hv_P,24.0,,,0.0,,,,,0.5685390814232393
subs_hv_Q,1.0,,,0.0,,,,,0.3966814023066697
subs_hv_Q,2.0,,,0.0,,,,,0.39952974883518
subs_hv_Q,3.0,,,0.0,,,,,0.397525516587842
subs_hv_Q,4.0,,,0.0,,,,,0.3940130920570385
subs_hv_Q,5.0,,,0.0,,,,,0.40294257042669174
subs_hv_Q,6.0,,,0.0,,,,,0.43706239297079674
subs_hv_Q,7.0,,,0.0,,,,,0.4415118749890997
subs_hv_Q,8.0,,,0.0,,,,,0.647287606424063
subs_hv_Q,9.0,,,0.0,,,,,0.5721504525357471
subs_hv_Q,10.0,,,0.0,,,,,0.45205897967089914
subs_hv_Q,11.0,,,0.0,,,,,0.4494412117110195
subs_hv_Q,12.0,,,0.0,,,,,0.4194103133692173
subs_hv_Q,13.0,,,0.0,,,,,0.453953305595668
subs_hv_Q,14.0,,,0.0,,,,,0.45158659105620075
subs_hv_Q,15.0,,,0.0,,,,,0.45894100247985303
subs_hv_Q,16.0,,,0.0,,,,,0.46723696623511585
subs_hv_Q,17.0,,,0.0,,,,,0.35948692112984926
subs_hv_Q,18.0,,,0.0,,,,,0.32249729703930524
subs_hv_Q,19.0,,,0.0,,,,,0.37768897814736446
subs_hv_Q,20.0,,,0.0,,,,,0.3760819926692709
subs_hv_Q,21.0,,,0.0,,,,,0.4094858537663756
subs_hv_Q,22.0,,,0.0,,,,,0.40308770503528335
subs_hv_Q,23.0,,,0.0,,,,,0.40395167087766676
subs_hv_Q,24.0,,,0.0,,,,,0.3696349831480909
subs_hv_F,1.0,,,0.0,,,,,4.0
subs_hv_F,2.0,,,0.0,,,,,4.0
subs_hv_F,3.0,,,0.0,,,,,4.0
subs_hv_F,4.0,,,0.0,,,,,4.0
subs_hv_F,5.0,,,0.0,,,,,4.0
subs_hv_F,6.0,,,0.0,,,,,4.0
subs_hv_F,7.0,,,0.0,,,,,4.0
subs_hv_F,8.0,,,0.0,,,,,4.0
subs_hv_F,9.0,,,0.0,,,,,4.0
subs_hv_F,10.0,,,0.0,,,,,4.0
subs_hv_F,11.0,,,0.0,,,,,4.0
subs_hv_F,12.0,,,0.0,,,,,4.0
subs_hv_F,13.0,,,0.0,,,,,4.0
subs_hv_F,14.0,,,0.0,,,,,4.0
subs_hv_F,15.0,,,0.0,,,,,4.0
subs_hv_F,16.0,,,0.0,,,,,4.0
subs_hv_F,17.0,,,0.0,,,,,4.0
subs_hv_F,18.0,,,0.0,,,,,4.0
subs_hv_F,19.0,,,0.0,,,,,4.0
subs_hv_F,20.0,,,0.0,,,,,4.0
subs_hv_F,21.0,,,0.0,,,,,4.0
subs_hv_F,22.0,,,0.0,,,,,4.0
subs_hv_F,23.0,,,0.0,,,,,4.0
subs_hv_F,24.0,,,0.0,,,,,4.0
beta,,,,0.0,,,,,1.0
subs_mv_capacity,,,,,48.0,,,,0.0
subs_mv_capacity,,,,,49.0,,,,0.015491679366859685
subs_mv_capacity,,,,,50.0,,,,0.0
subs_mv_S,1.0,,,,48.0,,,,0.0
subs_mv_S,1.0,,,,49.0,,,,0.015491679366859685
subs_mv_S,1.0,,,,50.0,,,,0.0
subs_mv_S,2.0,,,,48.0,,,,0.0
subs_mv_S,2.0,,,,49.0,,,,0.015491679366859685
subs_mv_S,2.0,,,,50.0,,,,0.0
subs_mv_S,3.0,,,,48.0,,,,0.0
subs_mv_S,3.0,,,,49.0,,,,0.015491679366859685
subs_mv_S,3.0,,,,50.0,,,,0.0
subs_mv_S,4.0,,,,48.0,,,,0.0
subs_mv_S,4.0,,,,49.0,,,,0.015491679366859685
subs_mv_S,4.0,,,,50.0,,,,0.0
subs_mv_S,5.0,,,,48.0,,,,0.0
subs_mv_S,5.0,,,,49.0,,,,0.015491679366859685
subs_mv_S,5.0,,,,50.0,,,,0.0
subs_mv_S,6.0,,,,48.0,,,,0.0
subs_mv_S,6.0,,,,49.0,,,,0.015491679366859685
subs_mv_S,6.0,,,,50.0,,,,0.0
subs_mv_S,7.0,,,,48.0,,,,0.0
subs_mv_S,7.0,,,,49.0,,,,0.015491679366859685
subs_mv_S,7.0,,,,50.0,,,,0.0
subs_mv_S,8.0,,,,48.0,,,,0.0
subs_mv_S,8.0,,,,49.0,,,,0.015491679366859685
subs_mv_S,8.0,,,,50.0,,,,0.0
subs_mv_S,9.0,,,,48.0,,,,0.0
subs_mv_S,9.0,,,,49.0,,,,0.015491679366859685
subs_mv_S,9.0,,,,50.0,,,,0.0
subs_mv_S,10.0,,,,48.0,,,,0.0
subs_mv_S,10.0,,,,49.0,,,,0.015491679366859685
subs_mv_S,10.0,,,,50.0,,,,0.0
subs_mv_S,11.0,,,,48.0,,,,0.0
subs_mv_S,11.0,,,,49.0,,,,0.015491679366859685
subs_mv_S,11.0,,,,50.0,,,,0.0
subs_mv_S,12.0,,,,48.0,,,,0.0
subs_mv_S,12.0,,,,49.0,,,,0.015491679366859685
subs_mv_S,12.0,,,,50.0,,,,0.0
subs_mv_S,13.0,,,,48.0,,,,0.0
subs_mv_S,13.0,,,,49.0,,,,0.015491679366859685
subs_mv_S,13.0,,,,50.0,,,,0.0
subs_mv_S,14.0,,,,48.0,,,,0.0
subs_mv_S,14.0,,,,49.0,,,,0.015491679366859685
subs_mv_S,14.0,,,,50.0,,,,0.0
subs_mv_S,15.0,,,,48.0,,,,0.0
subs_mv_S,15.0,,,,49.0,,,,0.015491679366859685
subs_mv_S,15.0,,,,50.0,,,,0.0
subs_mv_S,16.0,,,,48.0,,,,0.0
subs_mv_S,16.0,,,,49.0,,,,0.015491679366859685
subs_mv_S,16.0,,,,50.0,,,,0.0
subs_mv_S,17.0,,,,48.0,,,,0.0
subs_mv_S,17.0,,,,49.0,,,,0.015491679366859685
subs_mv_S,17.0,,,,50.0,,,,0.0
subs_mv_S,18.0,,,,48.0,,,,0.0
subs_mv_S,18.0,,,,49.0,,,,0.015491679366859685
subs_mv_S,18.0,,,,50.0,,,,0.0
subs_mv_S,19.0,,,,48.0,,,,0.0
subs_mv_S,19.0,,,,49.0,,,,0.015491679366859685
subs_mv_S,19.0,,,,50.0,,,,0.0
subs_mv_S,20.0,,,,48.0,,,,0.0
subs_mv_S,20.0,,,,49.0,,,,0.015491679366859685
subs_mv_S,20.0,,,,50.0,,,,0.0
subs_mv_S,21.0,,,,48.0,,,,0.0
subs_mv_S,21.0,,,,49.0,,,,0.015491679366859685
subs_mv_S,21.0,,,,50.0,,,,0.0
subs_mv_S,22.0,,,,48.0,,,,0.0
subs_mv_S,22.0,,,,49.0,,,,0.015491679366859685
subs_mv_S,22.0,,,,50.0,,,,0.0
subs_mv_S,23.0,,,,48.0,,,,0.0
subs_mv_S,23.0,,,,49.0,,,,0.015491679366859685
subs_mv_S,23.0,,,,50.0,,,,0.0
subs_mv_S,24.0,,,,48.0,,,,0.0
subs_mv_S,24.0,,,,49.0,,,,0.015491679366859685
subs_mv_S,24.0,,,,50.0,,,,0.0
subs_mv_P,1.0,,,,48.0,,,,0.0
subs_mv_P,1.0,,,,49.0,,,,0.0005120581052535517
subs_mv_P,1.0,,,,50.0,,,,0.0
subs_mv_P,2.0,,,,48.0,,,,0.0
subs_mv_P,2.0,,,,49.0,,,,0.0005120581052535517
subs_mv_P,2.0,,,,50.0,,,,0.0
subs_mv_P,3.0,,,,48.0,,,,0.0
subs_mv_P,3.0,,,,49.0,,,,0.0005120581052535517
subs_mv_P,3.0,,,,50.0,,,,0.0
subs_mv_P,4.0,,,,48.0,,,,0.0
subs_mv_P,4.0,,,,49.0,,,,0.0005120581052535517
subs_mv_P,4.0,,,,50.0,,,,0.0
subs_mv_P,5.0,,,,48.0,,,,0.0
subs_mv_P,5.0,,,,49.0,,,,0.0005120581052535517
subs_mv_P,5.0,,,,50.0,,,,0.0
subs_mv_P,6.0,,,,48.0,,,,0.0
subs_mv_P,6.0,,,,49.0,,,,0.0005120581052535517
subs_mv_P,6.0,,,,50.0,,,,0.0
subs_mv_P,7.0,,,,48.0,,,,0.0
subs_mv_P,7.0,,,,49.0,,,,0.0005120581052535517
subs_mv_P,7.0,,,,50.0,,,,0.0
subs_mv_P,8.0,,,,48.0,,,,0.0
subs_mv_P,8.0,,,,49.0,,,,0.0022687549087924107
subs_mv_P,8.0,,,,50.0,,,,0.0
subs_mv_P,9.0,,,,48.0,,,,0.0
subs_mv_P,9.0,,,,49.0,,,,0.008711791658446847
subs_mv_P,9.0,,,,50.0,,,,0.0
subs_mv_P,10.0,,,,48.0,,,,0.0
subs_mv_P,10.0,,,,49.0,,,,0.013267090803851186
subs_mv_P,10.0,,,,50.0,,,,0.0
subs_mv_P,11.0,,,,48.0,,,,0.0
subs_mv_P,11.0,,,,49.0,,,,0.01297994027413438
subs_mv_P,11.0,,,,50.0,,,,0.0
subs_mv_P,12.0,,,,48.0,,,,0.0
subs_mv_P,12.0,,,,49.0,,,,0.01312387268688176
subs_mv_P,12.0,,,,50.0,,,,0.0
subs_mv_P,13.0,,,,48.0,,,,0.0
subs_mv_P,13.0,,,,49.0,,,,0.013472474766412836
subs_mv_P,13.0,,,,50.0,,,,0.0
subs_mv_P,14.0,,,,48.0,,,,0.0
subs_mv_P,14.0,,,,49.0,,,,0.013993093745532616
subs_mv_P,14.0,,,,50.0,,,,0.0
subs_mv_P,15.0,,,,48.0,,,,0.0
subs_mv_P,15.0,,,,49.0,,,,0.014399722312139698
subs_mv_P,15.0,,,,50.0,,,,0.0
subs_mv_P,16.0,,,,48.0,,,,0.0
subs_mv_P,16.0,,,,49.0,,,,0.0146499408410386
subs_mv_P,16.0,,,,50.0,,,,0.0
subs_mv_P,17.0,,,,48.0,,,,0.0
subs_mv_P,17.0,,,,49.0,,,,0.014754247935771916
subs_mv_P,17.0,,,,50.0,,,,0.0
subs_mv_P,18.0,,,,48.0,,,,0.0
subs_mv_P,18.0,,,,49.0,,,,0.0148043238659415
subs_mv_P,18.0,,,,50.0,,,,0.0
subs_mv_P,19.0,,,,48.0,,,,0.0
subs_mv_P,19.0,,,,49.0,,,,0.014818191596848964
subs_mv_P,19.0,,,,50.0,,,,0.0
subs_mv_P,20.0,,,,48.0,,,,0.0
subs_mv_P,20.0,,,,49.0,,,,0.00994559632032748
subs_mv_P,20.0,,,,50.0,,,,0.0
subs_mv_P,21.0,,,,48.0,,,,0.0
subs_mv_P,21.0,,,,49.0,,,,0.004738396610056797
subs_mv_P,21.0,,,,50.0,,,,0.0
subs_mv_P,22.0,,,,48.0,,,,0.0
subs_mv_P,22.0,,,,49.0,,,,0.004709422042847322
subs_mv_P,22.0,,,,50.0,,,,0.0
subs_mv_P,23.0,,,,48.0,,,,0.0
subs_mv_P,23.0,,,,49.0,,,,0.0026940017973806035
subs_mv_P,23.0,,,,50.0,,,,0.0
subs_mv_P,24.0,,,,48.0,,,,0.0
subs_mv_P,24.0,,,,49.0,,,,0.0005290565300430788
subs_mv_P,24.0,,,,50.0,,,,0.0
subs_mv_Q,1.0,,,,48.0,,,,0.0
subs_mv_Q,1.0,,,,49.0,,,,-0.00024439136841893083
subs_mv_Q,1.0,,,,50.0,,,,0.0
subs_mv_Q,2.0,,,,48.0,,,,0.0
subs_mv_Q,2.0,,,,49.0,,,,-7.64762105269906e-05
subs_mv_Q,2.0,,,,50.0,,,,0.0
subs_mv_Q,3.0,,,,48.0,,,,0.0
subs_mv_Q,3.0,,,,49.0,,,,-9.143894738286584e-06
subs_mv_Q,3.0,,,,50.0,,,,0.0
subs_mv_Q,4.0,,,,48.0,,,,0.0
subs_mv_Q,4.0,,,,49.0,,,,-1.8991165993145764e-05
subs_mv_Q,4.0,,,,50.0,,,,0.0
subs_mv_Q,5.0,,,,48.0,,,,0.0
subs_mv_Q,5.0,,,,49.0,,,,-9.143894738286584e-06
subs_mv_Q,5.0,,,,50.0,,,,0.0
subs_mv_Q,6.0,,,,48.0,,,,0.0
subs_mv_Q,6.0,,,,49.0,,,,-0.0001745652631566369
subs_mv_Q,6.0,,,,50.0,,,,0.0
subs_mv_Q,7.0,,,,48.0,,,,0.0
subs_mv_Q,7.0,,,,49.0,,,,-0.0001867997516851322
subs_mv_Q,7.0,,,,50.0,,,,0.0
subs_mv_Q,8.0,,,,48.0,,,,0.0
subs_mv_Q,8.0,,,,49.0,,,,-0.0002646421048044939
subs_mv_Q,8.0,,,,50.0,,,,0.0
subs_mv_Q,9.0,,,,48.0,,,,0.0
subs_mv_Q,9.0,,,,49.0,,,,0.0019390949453684174
subs_mv_Q,9.0,,,,50.0,,,,0.0
subs_mv_Q,10.0,,,,48.0,,,,0.0
subs_mv_Q,10.0,,,,49.0,,,,0.003994042757668099
subs_mv_Q,10.0,,,,50.0,,,,0.0
subs_mv_Q,11.0,,,,48.0,,,,0.0
subs_mv_Q,11.0,,,,49.0,,,,0.003980887562848738
subs_mv_Q,11.0,,,,50.0,,,,0.0
subs_mv_Q,12.0,,,,48.0,,,,0.0
subs_mv_Q,12.0,,,,49.0,,,,0.00413868666978692
subs_mv_Q,12.0,,,,50.0,,,,0.0
subs_mv_Q,13.0,,,,48.0,,,,0.0
subs_mv_Q,13.0,,,,49.0,,,,0.0043449898276241294
subs_mv_Q,13.0,,,,50.0,,,,0.0
subs_mv_Q,14.0,,,,48.0,,,,0.0
subs_mv_Q,14.0,,,,49.0,,,,0.003924686721929881
subs_mv_Q,14.0,,,,50.0,,,,0.0
subs_mv_Q,15.0,,,,48.0,,,,0.0
subs_mv_Q,15.0,,,,49.0,,,,0.0041448724994117975
subs_mv_Q,15.0,,,,50.0,,,,0.0
subs_mv_Q,16.0,,,,48.0,,,,0.0
subs_mv_Q,16.0,,,,49.0,,,,0.004335765496569412
subs_mv_Q,16.0,,,,50.0,,,,0.0
subs_mv_Q,17.0,,,,48.0,,,,0.0
subs_mv_Q,17.0,,,,49.0,,,,0.003458815786943873
subs_mv_Q,17.0,,,,50.0,,,,0.0
subs_mv_Q,18.0,,,,48.0,,,,0.0
subs_mv_Q,18.0,,,,49.0,,,,0.0024566415853772196
subs_mv_Q,18.0,,,,50.0,,,,0.0
subs_mv_Q,19.0,,,,48.0,,,,0.0
subs_mv_Q,19.0,,,,49.0,,,,0.0012667151295350358
subs_mv_Q,19.0,,,,50.0,,,,0.0
subs_mv_Q,20.0,,,,48.0,,,,0.0
subs_mv_Q,20.0,,,,49.0,,,,0.00040983712415635807
subs_mv_Q,20.0,,,,50.0,,,,0.0
subs_mv_Q,21.0,,,,48.0,,,,0.0
subs_mv_Q,21.0,,,,49.0,,,,-0.00013658568923837072
subs_mv_Q,21.0,,,,50.0,,,,0.0
subs_mv_Q,22.0,,,,48.0,,,,0.0
subs_mv_Q,22.0,,,,49.0,,,,-0.00043842206512279203
subs_mv_Q,22.0,,,,50.0,,,,0.0
subs_mv_Q,23.0,,,,48.0,,,,0.0
subs_mv_Q,23.0,,,,49.0,,,,-0.0003438313710864058
subs_mv_Q,23.0,,,,50.0,,,,0.0
subs_mv_Q,24.0,,,,48.0,,,,0.0
subs_mv_Q,24.0,,,,49.0,,,,-0.00021442821483043384
subs_mv_Q,24.0,,,,50.0,,,,0.0
gamma,,,,,48.0,,,,0.0
gamma,,,,,49.0,,,,1.0
gamma,,,,,50.0,,,,0.0
current_squared_k,1.0,20.0,Poppy,,,,,,1.5417426944102466e-05
current_squared_k,1.0,20.0,Oxlip,,,,,,0.0
current_squared_k,1.0,20.0,Daisy,,,,,,0.0
current_squared_k,1.0,20.0,Tulip,,,,,,0.0
current_squared_k,1.0,20.0,Maryj,,,,,,0.0
current_squared_k,1.0,22.0,Poppy,,,,,,2.883513503052664e-06
current_squared_k,1.0,22.0,Oxlip,,,,,,0.0
current_squared_k,1.0,22.0,Daisy,,,,,,0.0
current_squared_k,1.0,22.0,Tulip,,,,,,0.0
current_squared_k,1.0,22.0,Maryj,,,,,,0.0
current_squared_k,1.0,23.0,Poppy,,,,,,0.24414853734514183
current_squared_k,1.0,23.0,Oxlip,,,,,,0.0
current_squared_k,1.0,23.0,Daisy,,,,,,0.0
current_squared_k,1.0,23.0,Tulip,,,,,,0.0
current_squared_k,1.0,23.0,Maryj,,,,,,0.0
current_squared_k,1.0,25.0,Poppy,,,,,,0.0
current_squared_k,1.0,25.0,Oxlip,,,,,,0.24417376236191962
current_squared_k,1.0,25.0,Daisy,,,,,,0.0
current_squared_k,1.0,25.0,Tulip,,,,,,0.0
current_squared_k,1.0,25.0,Maryj,,,,,,0.0
current_squared_k,1.0,29.0,Poppy,,,,,,0.04836234891484693
current_squared_k,1.0,29.0,Oxlip,,,,,,0.0
current_squared_k,1.0,29.0,Daisy,,,,,,0.0
current_squared_k,1.0,29.0,Tulip,,,,,,0.0
current_squared_k,1.0,29.0,Maryj,,,,,,0.0
current_squared_k,1.0,30.0,Poppy,,,,,,0.0
current_squared_k,1.0,30.0,Oxlip,,,,,,0.0
current_squared_k,1.0,30.0,Daisy,,,,,,0.5131920425571843
current_squared_k,1.0,30.0,Tulip,,,,,,0.0
current_squared_k,1.0,30.0,Maryj,,,,,,0.0
current_squared_k,2.0,20.0,Poppy,,,,,,1.5417426944102466e-05
current_squared_k,2.0,20.0,Oxlip,,,,,,0.0
current_squared_k,2.0,20.0,Daisy,,,,,,0.0
current_squared_k,2.0,20.0,Tulip,,,,,,0.0
current_squared_k,2.0,20.0,Maryj,,,,,,0.0
current_squared_k,2.0,22.0,Poppy,,,,,,2.243436879298853e-06
current_squared_k,2.0,22.0,Oxlip,,,,,,0.0
current_squared_k,2.0,22.0,Daisy,,,,,,0.0
current_squared_k,2.0,22.0,Tulip,,,,,,0.0
current_squared_k,2.0,22.0,Maryj,,,,,,0.0
current_squared_k,2.0,23.0,Poppy,,,,,,0.24496985433664212
current_squared_k,2.0,23.0,Oxlip,,,,,,0.0
current_squared_k,2.0,23.0,Daisy,,,,,,0.0
current_squared_k,2.0,23.0,Tulip,,,,,,0.0
current_squared_k,2.0,23.0,Maryj,,,,,,0.0
current_squared_k,2.0,25.0,Poppy,,,,,,0.0
current_squared_k,2.0,25.0,Oxlip,,,,,,0.24499516421051185
current_squared_k,2.0,25.0,Daisy,,,,,,0.0
current_squared_k,2.0,25.0,Tulip,,,,,,0.0
current_squared_k,2.0,25.0,Maryj,,,,,,0.0
current_squared_k,2.0,29.0,Poppy,,,,,,0.048562929631448086
current_squared_k,2.0,29.0,Oxlip,,,,,,0.0
current_squared_k,2.0,29.0,Daisy,,,,,,0.0
current_squared_k,2.0,29.0,Tulip,,,,,,0.0
current_squared_k,2.0,29.0,Maryj,,,,,,0.0
current_squared_k,2.0,30.0,Poppy,,,,,,0.0
current_squared_k,2.0,30.0,Oxlip,,,,,,0.0
current_squared_k,2.0,30.0,Daisy,,,,,,0.5154532326444666
current_squared_k,2.0,30.0,Tulip,,,,,,0.0
current_squared_k,2.0,30.0,Maryj,,,,,,0.0
current_squared_k,3.0,20.0,Poppy,,,,,,1.461765734614071e-05
current_squared_k,3.0,20.0,Oxlip,,,,,,0.0
current_squared_k,3.0,20.0,Daisy,,,,,,0.0
current_squared_k,3.0,20.0,Tulip,,,,,,0.0
current_squared_k,3.0,20.0,Maryj,,,,,,0.0
current_squared_k,3.0,22.0,Poppy,,,,,,1.9867724905645484e-06
current_squared_k,3.0,22.0,Oxlip,,,,,,0.0
current_squared_k,3.0,22.0,Daisy,,,,,,0.0
current_squared_k,3.0,22.0,Tulip,,,,,,0.0
current_squared_k,3.0,22.0,Maryj,,,,,,0.0
current_squared_k,3.0,23.0,Poppy,,,,,,0.24425712701111452
current_squared_k,3.0,23.0,Oxlip,,,,,,0.0
current_squared_k,3.0,23.0,Daisy,,,,,,0.0
current_squared_k,3.0,23.0,Tulip,,,,,,0.0
current_squared_k,3.0,23.0,Maryj,,,,,,0.0
current_squared_k,3.0,25.0,Poppy,,,,,,0.0
current_squared_k,3.0,25.0,Oxlip,,,,,,0.2442823632471942
current_squared_k,3.0,25.0,Daisy,,,,,,0.0
current_squared_k,3.0,25.0,Tulip,,,,,,0.0
current_squared_k,3.0,25.0,Maryj,,,,,,0.0
current_squared_k,3.0,29.0,Poppy,,,,,,0.04840744648464506
current_squared_k,3.0,29.0,Oxlip,,,,,,0.0
current_squared_k,3.0,29.0,Daisy,,,,,,0.0
current_squared_k,3.0,29.0,Tulip,,,,,,0.0
current_squared_k,3.0,29.0,Maryj,,,,,,0.0
current_squared_k,3.0,30.0,Poppy,,,,,,0.0
current_squared_k,3.0,30.0,Oxlip,,,,,,0.0
current_squared_k,3.0,30.0,Daisy,,,,,,0.5137220238556833
current_squared_k,3.0,30.0,Tulip,,,,,,0.0
current_squared_k,3.0,30.0,Maryj,,,,,,0.0
current_squared_k,4.0,20.0,Poppy,,,,,,1.461765734614071e-05
current_squared_k,4.0,20.0,Oxlip,,,,,,0.0
current_squared_k,4.0,20.0,Daisy,,,,,,0.0
current_squared_k,4.0,20.0,Tulip,,,,,,0.0
current_squared_k,4.0,20.0,Maryj,,,,,,0.0
current_squared_k,4.0,22.0,Poppy,,,,,,2.0243093527342788e-06
current_squared_k,4.0,22.0,Oxlip,,,,,,0.0
current_squared_k,4.0,22.0,Daisy,,,,,,0.0
current_squared_k,4.0,22.0,Tulip,,,,,,0.0
current_squared_k,4.0,22.0,Maryj,,,,,,0.0
current_squared_k,4.0,23.0,Poppy,,,,,,0.24318386907920367
current_squared_k,4.0,23.0,Oxlip,,,,,,0.0
current_squared_k,4.0,23.0,Daisy,,,,,,0.0
current_squared_k,4.0,23.0,Tulip,,,,,,0.0
current_squared_k,4.0,23.0,Maryj,,,,,,0.0
current_squared_k,4.0,25.0,Poppy,,,,,,0.0
current_squared_k,4.0,25.0,Oxlip,,,,,,0.24320899442807659
current_squared_k,4.0,25.0,Daisy,,,,,,0.0
current_squared_k,4.0,25.0,Tulip,,,,,,0.0
current_squared_k,4.0,25.0,Maryj,,,,,,0.0
current_squared_k,4.0,29.0,Poppy,,,,,,0.04814533715620254
current_squared_k,4.0,29.0,Oxlip,,,,,,0.0
current_squared_k,4.0,29.0,Daisy,,,,,,0.0
current_squared_k,4.0,29.0,Tulip,,,,,,0.0
current_squared_k,4.0,29.0,Maryj,,,,,,0.0
current_squared_k,4.0,30.0,Poppy,,,,,,0.0
current_squared_k,4.0,30.0,Oxlip,,,,,,0.0
current_squared_k,4.0,30.0,Daisy,,,,,,0.5109336376596716
current_squared_k,4.0,30.0,Tulip,,,,,,0.0
current_squared_k,4.0,30.0,Maryj,,,,,,0.0
current_squared_k,5.0,20.0,Poppy,,,,,,1.3655324362906267e-05
current_squared_k,5.0,20.0,Oxlip,,,,,,0.0
current_squared_k,5.0,20.0,Daisy,,,,,,0.0
current_squared_k,5.0,20.0,Tulip,,,,,,0.0
current_squared_k,5.0,20.0,Maryj,,,,,,0.0
current_squared_k,5.0,22.0,Poppy,,,,,,1.9867724905645484e-06
current_squared_k,5.0,22.0,Oxlip,,,,,,0.0
current_squared_k,5.0,22.0,Daisy,,,,,,0.0
current_squared_k,5.0,22.0,Tulip,,,,,,0.0
current_squared_k,5.0,22.0,Maryj,,,,,,0.0
current_squared_k,5.0,23.0,Poppy,,,,,,0.24776966473122053
current_squared_k,5.0,23.0,Oxlip,,,,,,0.0
current_squared_k,5.0,23.0,Daisy,,,,,,0.0
current_squared_k,5.0,23.0,Tulip,,,,,,0.0
current_squared_k,5.0,23.0,Maryj,,,,,,0.0
current_squared_k,5.0,25.0,Poppy,,,,,,0.0
current_squared_k,5.0,25.0,Oxlip,,,,,,0.2477952638767974
current_squared_k,5.0,25.0,Daisy,,,,,,0.0
current_squared_k,5.0,25.0,Tulip,,,,,,0.0
current_squared_k,5.0,25.0,Maryj,,,,,,0.0
current_squared_k,5.0,29.0,Poppy,,,,,,0.04928890805161314
current_squared_k,5.0,29.0,Oxlip,,,,,,0.0
current_squared_k,5.0,29.0,Daisy,,,,,,0.0
current_squared_k,5.0,29.0,Tulip,,,,,,0.0
current_squared_k,5.0,29.0,Maryj,,,,,,0.0
current_squared_k,5.0,30.0,Poppy,,,,,,0.0
current_squared_k,5.0,30.0,Oxlip,,,,,,0.0
current_squared_k,5.0,30.0,Daisy,,,,,,0.522834300458267
current_squared_k,5.0,30.0,Tulip,,,,,,0.0
current_squared_k,5.0,30.0,Maryj,,,,,,0.0
current_squared_k,6.0,20.0,Poppy,,,,,,1.4793430967420261e-05
current_squared_k,6.0,20.0,Oxlip,,,,,,0.0
current_squared_k,6.0,20.0,Daisy,,,,,,0.0
current_squared_k,6.0,20.0,Tulip,,,,,,0.0
current_squared_k,6.0,20.0,Maryj,,,,,,0.0
current_squared_k,6.0,22.0,Poppy,,,,,,2.6173430258469694e-06
current_squared_k,6.0,22.0,Oxlip,,,,,,0.0
current_squared_k,6.0,22.0,Daisy,,,,,,0.0
current_squared_k,6.0,22.0,Tulip,,,,,,0.0
current_squared_k,6.0,22.0,Maryj,,,,,,0.0
current_squared_k,6.0,23.0,Poppy,,,,,,0.29459030780207385
current_squared_k,6.0,23.0,Oxlip,,,,,,0.0
current_squared_k,6.0,23.0,Daisy,,,,,,0.0
current_squared_k,6.0,23.0,Tulip,,,,,,0.0
current_squared_k,6.0,23.0,Maryj,,,,,,0.0
current_squared_k,6.0,25.0,Poppy,,,,,,0.0
current_squared_k,6.0,25.0,Oxlip,,,,,,0.29463010277169777
current_squared_k,6.0,25.0,Daisy,,,,,,0.0
current_squared_k,6.0,25.0,Tulip,,,,,,0.0
current_squared_k,6.0,25.0,Maryj,,,,,,0.0
current_squared_k,6.0,29.0,Poppy,,,,,,0.059286111302515446
current_squared_k,6.0,29.0,Oxlip,,,,,,0.0
current_squared_k,6.0,29.0,Daisy,,,,,,0.0
current_squared_k,6.0,29.0,Tulip,,,,,,0.0
current_squared_k,6.0,29.0,Maryj,,,,,,0.0
current_squared_k,6.0,30.0,Poppy,,,,,,0.0
current_squared_k,6.0,30.0,Oxlip,,,,,,0.0
current_squared_k,6.0,30.0,Daisy,,,,,,0.6272864427258514
current_squared_k,6.0,30.0,Tulip,,,,,,0.0
current_squared_k,6.0,30.0,Maryj,,,,,,0.0
current_squared_k,7.0,20.0,Poppy,,,,,,3.530052442194109e-05
current_squared_k,7.0,20.0,Oxlip,,,,,,0.0
current_squared_k,7.0,20.0,Daisy,,,,,,0.0
current_squared_k,7.0,20.0,Tulip,,,,,,0.0
current_squared_k,7.0,20.0,Maryj,,,,,,0.0
current_squared_k,7.0,22.0,Poppy,,,,,,2.6639797333901534e-06
current_squared_k,7.0,22.0,Oxlip,,,,,,0.0
current_squared_k,7.0,22.0,Daisy,,,,,,0.0
current_squared_k,7.0,22.0,Tulip,,,,,,0.0
current_squared_k,7.0,22.0,Maryj,,,,,,0.0
current_squared_k,7.0,23.0,Poppy,,,,,,0.33170029546206714
current_squared_k,7.0,23.0,Oxlip,,,,,,0.0
current_squared_k,7.0,23.0,Daisy,,,,,,0.0
current_squared_k,7.0,23.0,Tulip,,,,,,0.0
current_squared_k,7.0,23.0,Maryj,,,,,,0.0
current_squared_k,7.0,25.0,Poppy,,,,,,0.0
current_squared_k,7.0,25.0,Oxlip,,,,,,0.33174510346434205
current_squared_k,7.0,25.0,Daisy,,,,,,0.0
current_squared_k,7.0,25.0,Tulip,,,,,,0.0
current_squared_k,7.0,25.0,Maryj,,,,,,0.0
current_squared_k,7.0,29.0,Poppy,,,,,,0.06776120779317756
current_squared_k,7.0,29.0,Oxlip,,,,,,0.0
current_squared_k,7.0,29.0,Daisy,,,,,,0.0
current_squared_k,7.0,29.0,Tulip,,,,,,0.0
current_squared_k,7.0,29.0,Maryj,,,,,,0.0
current_squared_k,7.0,30.0,Poppy,,,,,,0.0
current_squared_k,7.0,30.0,Oxlip,,,,,,0.0
current_squared_k,7.0,30.0,Daisy,,,,,,0.7184677751800393
current_squared_k,7.0,30.0,Tulip,,,,,,0.0
current_squared_k,7.0,30.0,Maryj,,,,,,0.0
current_squared_k,8.0,20.0,Poppy,,,,,,5.915785578942467e-05
current_squared_k,8.0,20.0,Oxlip,,,,,,0.0
current_squared_k,8.0,20.0,Daisy,,,,,,0.0
current_squared_k,8.0,20.0,Tulip,,,,,,0.0
current_squared_k,8.0,20.0,Maryj,,,,,,0.0
current_squared_k,8.0,22.0,Poppy,,,,,,9.65706864972032e-06
current_squared_k,8.0,22.0,Oxlip,,,,,,0.0
current_squared_k,8.0,22.0,Daisy,,,,,,0.0
current_squared_k,8.0,22.0,Tulip,,,,,,0.0
current_squared_k,8.0,22.0,Maryj,,,,,,0.0
current_squared_k,8.0,23.0,Poppy,,,,,,0.8147965644577285
current_squared_k,8.0,23.0,Oxlip,,,,,,0.0
current_squared_k,8.0,23.0,Daisy,,,,,,0.0
current_squared_k,8.0,23.0,Tulip,,,,,,0.0
current_squared_k,8.0,23.0,Maryj,,,,,,0.0
current_squared_k,8.0,25.0,Poppy,,,,,,0.0
current_squared_k,8.0,25.0,Oxlip,,,,,,0.8149466502482459
current_squared_k,8.0,25.0,Daisy,,,,,,0.0
current_squared_k,8.0,25.0,Tulip,,,,,,0.0
current_squared_k,8.0,25.0,Maryj,,,,,,0.0
current_squared_k,8.0,29.0,Poppy,,,,,,0.161567267641623
current_squared_k,8.0,29.0,Oxlip,,,,,,0.0
current_squared_k,8.0,29.0,Daisy,,,,,,0.0
current_squared_k,8.0,29.0,Tulip,,,,,,0.0
current_squared_k,8.0,29.0,Maryj,,,,,,0.0
current_squared_k,8.0,30.0,Poppy,,,,,,0.0
current_squared_k,8.0,30.0,Oxlip,,,,,,0.0
current_squared_k,8.0,30.0,Daisy,,,,,,1.7334398739118935
current_squared_k,8.0,30.0,Tulip,,,,,,0.0
current_squared_k,8.0,30.0,Maryj,,,,,,0.0
current_squared_k,9.0,20.0,Poppy,,,,,,6.340169113763884e-05
current_squared_k,9.0,20.0,Oxlip,,,,,,0.0
current_squared_k,9.0,20.0,Daisy,,,,,,0.0
current_squared_k,9.0,20.0,Tulip,,,,,,0.0
current_squared_k,9.0,20.0,Maryj,,,,,,0.0
current_squared_k,9.0,22.0,Poppy,,,,,,8.507581122295809e-05
current_squared_k,9.0,22.0,Oxlip,,,,,,0.0
current_squared_k,9.0,22.0,Daisy,,,,,,0.0
current_squared_k,9.0,22.0,Tulip,,,,,,0.0
current_squared_k,9.0,22.0,Maryj,,,,,,0.0
current_squared_k,9.0,23.0,Poppy,,,,,,0.7652823020670395
current_squared_k,9.0,23.0,Oxlip,,,,,,0.0
current_squared_k,9.0,23.0,Daisy,,,,,,0.0
current_squared_k,9.0,23.0,Tulip,,,,,,0.0
current_squared_k,9.0,23.0,Maryj,,,,,,0.0
current_squared_k,9.0,25.0,Poppy,,,,,,0.0
current_squared_k,9.0,25.0,Oxlip,,,,,,0.7654232673144212
current_squared_k,9.0,25.0,Daisy,,,,,,0.0
current_squared_k,9.0,25.0,Tulip,,,,,,0.0
current_squared_k,9.0,25.0,Maryj,,,,,,0.0
current_squared_k,9.0,29.0,Poppy,,,,,,0.14916938456253848
current_squared_k,9.0,29.0,Oxlip,,,,,,0.0
current_squared_k,9.0,29.0,Daisy,,,,,,0.0
current_squared_k,9.0,29.0,Tulip,,,,,,0.0
current_squared_k,9.0,29.0,Maryj,,,,,,0.0
current_squared_k,9.0,30.0,Poppy,,,,,,0.0
current_squared_k,9.0,30.0,Oxlip,,,,,,0.0
current_squared_k,9.0,30.0,Daisy,,,,,,1.625115940328581
current_squared_k,9.0,30.0,Tulip,,,,,,0.0
current_squared_k,9.0,30.0,Maryj,,,,,,0.0
current_squared_k,10.0,20.0,Poppy,,,,,,6.341955444431119e-05
current_squared_k,10.0,20.0,Oxlip,,,,,,0.0
current_squared_k,10.0,20.0,Daisy,,,,,,0.0
current_squared_k,10.0,20.0,Tulip,,,,,,0.0
current_squared_k,10.0,20.0,Maryj,,,,,,0.0
current_squared_k,10.0,22.0,Poppy,,,,,,0.00020580686284526215
current_squared_k,10.0,22.0,Oxlip,,,,,,0.0
current_squared_k,10.0,22.0,Daisy,,,,,,0.0
current_squared_k,10.0,22.0,Tulip,,,,,,0.0
current_squared_k,10.0,22.0,Maryj,,,,,,0.0
current_squared_k,10.0,23.0,Poppy,,,,,,0.6930250940428592
current_squared_k,10.0,23.0,Oxlip,,,,,,0.0
current_squared_k,10.0,23.0,Daisy,,,,,,0.0
current_squared_k,10.0,23.0,Tulip,,,,,,0.0
current_squared_k,10.0,23.0,Maryj,,,,,,0.0
current_squared_k,10.0,25.0,Poppy,,,,,,0.0
current_squared_k,10.0,25.0,Oxlip,,,,,,0.6931527494891693
current_squared_k,10.0,25.0,Daisy,,,,,,0.0
current_squared_k,10.0,25.0,Tulip,,,,,,0.0
current_squared_k,10.0,25.0,Maryj,,,,,,0.0
current_squared_k,10.0,29.0,Poppy,,,,,,0.135537164262236
current_squared_k,10.0,29.0,Oxlip,,,,,,0.0
current_squared_k,10.0,29.0,Daisy,,,,,,0.0
current_squared_k,10.0,29.0,Tulip,,,,,,0.0
current_squared_k,10.0,29.0,Maryj,,,,,,0.0
current_squared_k,10.0,30.0,Poppy,,,,,,0.0
current_squared_k,10.0,30.0,Oxlip,,,,,,0.0
current_squared_k,10.0,30.0,Daisy,,,,,,1.4888945704607415
current_squared_k,10.0,30.0,Tulip,,,,,,0.0
current_squared_k,10.0,30.0,Maryj,,,,,,0.0
current_squared_k,11.0,20.0,Poppy,,,,,,6.277951417163763e-05
current_squared_k,11.0,20.0,Oxlip,,,,,,0.0
current_squared_k,11.0,20.0,Daisy,,,,,,0.0
current_squared_k,11.0,20.0,Tulip,,,,,,0.0
current_squared_k,11.0,20.0,Maryj,,,,,,0.0
current_squared_k,11.0,22.0,Poppy,,,,,,0.000198336315015075
current_squared_k,11.0,22.0,Oxlip,,,,,,0.0
current_squared_k,11.0,22.0,Daisy,,,,,,0.0
current_squared_k,11.0,22.0,Tulip,,,,,,0.0
current_squared_k,11.0,22.0,Maryj,,,,,,0.0
current_squared_k,11.0,23.0,Poppy,,,,,,0.6883659142274795
current_squared_k,11.0,23.0,Oxlip,,,,,,0.0
current_squared_k,11.0,23.0,Daisy,,,,,,0.0
current_squared_k,11.0,23.0,Tulip,,,,,,0.0
current_squared_k,11.0,23.0,Maryj,,,,,,0.0
current_squared_k,11.0,25.0,Poppy,,,,,,0.0
current_squared_k,11.0,25.0,Oxlip,,,,,,0.6884927114513619
current_squared_k,11.0,25.0,Daisy,,,,,,0.0
current_squared_k,11.0,25.0,Tulip,,,,,,0.0
current_squared_k,11.0,25.0,Maryj,,,,,,0.0
current_squared_k,11.0,29.0,Poppy,,,,,,0.13469248415913598
current_squared_k,11.0,29.0,Oxlip,,,,,,0.0
current_squared_k,11.0,29.0,Daisy,,,,,,0.0
current_squared_k,11.0,29.0,Tulip,,,,,,0.0
current_squared_k,11.0,29.0,Maryj,,,,,,0.0
current_squared_k,11.0,30.0,Poppy,,,,,,0.0
current_squared_k,11.0,30.0,Oxlip,,,,,,0.0
current_squared_k,11.0,30.0,Daisy,,,,,,1.4782184173520485
current_squared_k,11.0,30.0,Tulip,,,,,,0.0
current_squared_k,11.0,30.0,Maryj,,,,,,0.0
current_squared_k,12.0,20.0,Poppy,,,,,,2.883077312180997e-05
current_squared_k,12.0,20.0,Oxlip,,,,,,0.0
current_squared_k,12.0,20.0,Daisy,,,,,,0.0
current_squared_k,12.0,20.0,Tulip,,,,,,0.0
current_squared_k,12.0,20.0,Maryj,,,,,,0.0
current_squared_k,12.0,22.0,Poppy,,,,,,0.0002040297299419496
current_squared_k,12.0,22.0,Oxlip,,,,,,0.0
current_squared_k,12.0,22.0,Daisy,,,,,,0.0
current_squared_k,12.0,22.0,Tulip,,,,,,0.0
current_squared_k,12.0,22.0,Maryj,,,,,,0.0
current_squared_k,12.0,23.0,Poppy,,,,,,0.6184783743280929
current_squared_k,12.0,23.0,Oxlip,,,,,,0.0
current_squared_k,12.0,23.0,Daisy,,,,,,0.0
current_squared_k,12.0,23.0,Tulip,,,,,,0.0
current_squared_k,12.0,23.0,Maryj,,,,,,0.0
current_squared_k,12.0,25.0,Poppy,,,,,,0.0
current_squared_k,12.0,25.0,Oxlip,,,,,,0.6185922982445381
current_squared_k,12.0,25.0,Daisy,,,,,,0.0
current_squared_k,12.0,25.0,Tulip,,,,,,0.0
current_squared_k,12.0,25.0,Maryj,,,,,,0.0
current_squared_k,12.0,29.0,Poppy,,,,,,0.12039565978247954
current_squared_k,12.0,29.0,Oxlip,,,,,,0.0
current_squared_k,12.0,29.0,Daisy,,,,,,0.0
current_squared_k,12.0,29.0,Tulip,,,,,,0.0
current_squared_k,12.0,29.0,Maryj,,,,,,0.0
current_squared_k,12.0,30.0,Poppy,,,,,,0.0
current_squared_k,12.0,30.0,Oxlip,,,,,,0.0
current_squared_k,12.0,30.0,Daisy,,,,,,1.322680541695256
current_squared_k,12.0,30.0,Tulip,,,,,,0.0
current_squared_k,12.0,30.0,Maryj,,,,,,0.0
current_squared_k,13.0,20.0,Poppy,,,,,,6.862217738419705e-05
current_squared_k,13.0,20.0,Oxlip,,,,,,0.0
current_squared_k,13.0,20.0,Daisy,,,,,,0.0
current_squared_k,13.0,20.0,Tulip,,,,,,0.0
current_squared_k,13.0,20.0,Maryj,,,,,,0.0
current_squared_k,13.0,22.0,Poppy,,,,,,0.00021555216534413886
current_squared_k,13.0,22.0,Oxlip,,,,,,0.0
current_squared_k,13.0,22.0,Daisy,,,,,,0.0
current_squared_k,13.0,22.0,Tulip,,,,,,0.0
current_squared_k,13.0,22.0,Maryj,,,,,,0.0
current_squared_k,13.0,23.0,Poppy,,,,,,0.6959338742797464
current_squared_k,13.0,23.0,Oxlip,,,,,,0.0
current_squared_k,13.0,23.0,Daisy,,,,,,0.0
current_squared_k,13.0,23.0,Tulip,,,,,,0.0
current_squared_k,13.0,23.0,Maryj,,,,,,0.0
current_squared_k,13.0,25.0,Poppy,,,,,,0.0
current_squared_k,13.0,25.0,Oxlip,,,,,,0.6960620655243164
current_squared_k,13.0,25.0,Daisy,,,,,,0.0
current_squared_k,13.0,25.0,Tulip,,,,,,0.0
current_squared_k,13.0,25.0,Maryj,,,,,,0.0
current_squared_k,13.0,29.0,Poppy,,,,,,0.13604389790369376
current_squared_k,13.0,29.0,Oxlip,,,,,,0.0
current_squared_k,13.0,29.0,Daisy,,,,,,0.0
current_squared_k,13.0,29.0,Tulip,,,,,,0.0
current_squared_k,13.0,29.0,Maryj,,,,,,0.0
current_squared_k,13.0,30.0,Poppy,,,,,,0.0
current_squared_k,13.0,30.0,Oxlip,,,,,,0.0
current_squared_k,13.0,30.0,Daisy,,,,,,1.4956871369188764
current_squared_k,13.0,30.0,Tulip,,,,,,0.0
current_squared_k,13.0,30.0,Maryj,,,,,,0.0
current_squared_k,14.0,20.0,Poppy,,,,,,7.893867946273068e-05
current_squared_k,14.0,20.0,Oxlip,,,,,,0.0
current_squared_k,14.0,20.0,Daisy,,,,,,0.0
current_squared_k,14.0,20.0,Tulip,,,,,,0.0
current_squared_k,14.0,20.0,Maryj,,,,,,0.0
current_squared_k,14.0,22.0,Poppy,,,,,,0.00022337205668784553
current_squared_k,14.0,22.0,Oxlip,,,,,,0.0
current_squared_k,14.0,22.0,Daisy,,,,,,0.0
current_squared_k,14.0,22.0,Tulip,,,,,,0.0
current_squared_k,14.0,22.0,Maryj,,,,,,0.0
current_squared_k,14.0,23.0,Poppy,,,,,,0.700909516410616
current_squared_k,14.0,23.0,Oxlip,,,,,,0.0
current_squared_k,14.0,23.0,Daisy,,,,,,0.0
current_squared_k,14.0,23.0,Tulip,,,,,,0.0
current_squared_k,14.0,23.0,Maryj,,,,,,0.0
current_squared_k,14.0,25.0,Poppy,,,,,,0.0
current_squared_k,14.0,25.0,Oxlip,,,,,,0.7010386241700746
current_squared_k,14.0,25.0,Daisy,,,,,,0.0
current_squared_k,14.0,25.0,Tulip,,,,,,0.0
current_squared_k,14.0,25.0,Maryj,,,,,,0.0
current_squared_k,14.0,29.0,Poppy,,,,,,0.136980237257275
current_squared_k,14.0,29.0,Oxlip,,,,,,0.0
current_squared_k,14.0,29.0,Daisy,,,,,,0.0
current_squared_k,14.0,29.0,Tulip,,,,,,0.0
current_squared_k,14.0,29.0,Maryj,,,,,,0.0
current_squared_k,14.0,30.0,Poppy,,,,,,0.0
current_squared_k,14.0,30.0,Oxlip,,,,,,0.0
current_squared_k,14.0,30.0,Daisy,,,,,,1.5091722800921805
current_squared_k,14.0,30.0,Tulip,,,,,,0.0
current_squared_k,14.0,30.0,Maryj,,,,,,0.0
current_squared_k,15.0,20.0,Poppy,,,,,,9.961928426392602e-05
current_squared_k,15.0,20.0,Oxlip,,,,,,0.0
current_squared_k,15.0,20.0,Daisy,,,,,,0.0
current_squared_k,15.0,20.0,Tulip,,,,,,0.0
current_squared_k,15.0,20.0,Maryj,,,,,,0.0
current_squared_k,15.0,22.0,Poppy,,,,,,0.00023654878415598605
current_squared_k,15.0,22.0,Oxlip,,,,,,0.0
current_squared_k,15.0,22.0,Daisy,,,,,,0.0
current_squared_k,15.0,22.0,Tulip,,,,,,0.0
current_squared_k,15.0,22.0,Maryj,,,,,,0.0
current_squared_k,15.0,23.0,Poppy,,,,,,0.7099764773434705
current_squared_k,15.0,23.0,Oxlip,,,,,,0.0
current_squared_k,15.0,23.0,Daisy,,,,,,0.0
current_squared_k,15.0,23.0,Tulip,,,,,,0.0
current_squared_k,15.0,23.0,Maryj,,,,,,0.0
current_squared_k,15.0,25.0,Poppy,,,,,,0.0
current_squared_k,15.0,25.0,Oxlip,,,,,,0.7101072552400631
current_squared_k,15.0,25.0,Daisy,,,,,,0.0
current_squared_k,15.0,25.0,Tulip,,,,,,0.0
current_squared_k,15.0,25.0,Maryj,,,,,,0.0
current_squared_k,15.0,29.0,Poppy,,,,,,0.13836814415347223
current_squared_k,15.0,29.0,Oxlip,,,,,,0.0
current_squared_k,15.0,29.0,Daisy,,,,,,0.0
current_squared_k,15.0,29.0,Tulip,,,,,,0.0
current_squared_k,15.0,29.0,Maryj,,,,,,0.0
current_squared_k,15.0,30.0,Poppy,,,,,,0.0
current_squared_k,15.0,30.0,Oxlip,,,,,,0.0
current_squared_k,15.0,30.0,Daisy,,,,,,1.5278295955733796
current_squared_k,15.0,30.0,Tulip,,,,,,0.0
current_squared_k,15.0,30.0,Maryj,,,,,,0.0
current_squared_k,16.0,20.0,Poppy,,,,,,0.0001333098623028461
current_squared_k,16.0,20.0,Oxlip,,,,,,0.0
current_squared_k,16.0,20.0,Daisy,,,,,,0.0
current_squared_k,16.0,20.0,Tulip,,,,,,0.0
current_squared_k,16.0,20.0,Maryj,,,,,,0.0
current_squared_k,16.0,22.0,Poppy,,,,,,0.0002453711341380499
current_squared_k,16.0,22.0,Oxlip,,,,,,0.0
current_squared_k,16.0,22.0,Daisy,,,,,,0.0
current_squared_k,16.0,22.0,Tulip,,,,,,0.0
current_squared_k,16.0,22.0,Maryj,,,,,,0.0
current_squared_k,16.0,23.0,Poppy,,,,,,0.7210817191104072
current_squared_k,16.0,23.0,Oxlip,,,,,,0.0
current_squared_k,16.0,23.0,Daisy,,,,,,0.0
current_squared_k,16.0,23.0,Tulip,,,,,,0.0
current_squared_k,16.0,23.0,Maryj,,,,,,0.0
current_squared_k,16.0,25.0,Poppy,,,,,,0.0
current_squared_k,16.0,25.0,Oxlip,,,,,,0.7212145425961228
current_squared_k,16.0,25.0,Daisy,,,,,,0.0
current_squared_k,16.0,25.0,Tulip,,,,,,0.0
current_squared_k,16.0,25.0,Maryj,,,,,,0.0
current_squared_k,16.0,29.0,Poppy,,,,,,0.14017566423486016
current_squared_k,16.0,29.0,Oxlip,,,,,,0.0
current_squared_k,16.0,29.0,Daisy,,,,,,0.0
current_squared_k,16.0,29.0,Tulip,,,,,,0.0
current_squared_k,16.0,29.0,Maryj,,,,,,0.0
current_squared_k,16.0,30.0,Poppy,,,,,,0.0
current_squared_k,16.0,30.0,Oxlip,,,,,,0.0
current_squared_k,16.0,30.0,Daisy,,,,,,1.550388092858554
current_squared_k,16.0,30.0,Tulip,,,,,,0.0
current_squared_k,16.0,30.0,Maryj,,,,,,0.0
current_squared_k,17.0,20.0,Poppy,,,,,,5.950261408647507e-05
current_squared_k,17.0,20.0,Oxlip,,,,,,0.0
current_squared_k,17.0,20.0,Daisy,,,,,,0.0
current_squared_k,17.0,20.0,Tulip,,,,,,0.0
current_squared_k,17.0,20.0,Maryj,,,,,,0.0
current_squared_k,17.0,22.0,Poppy,,,,,,0.000239925347599204
current_squared_k,17.0,22.0,Oxlip,,,,,,0.0
current_squared_k,17.0,22.0,Daisy,,,,,,0.0
current_squared_k,17.0,22.0,Tulip,,,,,,0.0
current_squared_k,17.0,22.0,Maryj,,,,,,0.0
current_squared_k,17.0,23.0,Poppy,,,,,,0.38032803074673965
current_squared_k,17.0,23.0,Oxlip,,,,,,0.0
current_squared_k,17.0,23.0,Daisy,,,,,,0.0
current_squared_k,17.0,23.0,Tulip,,,,,,0.0
current_squared_k,17.0,23.0,Maryj,,,,,,0.0
current_squared_k,17.0,25.0,Poppy,,,,,,0.0
current_squared_k,17.0,25.0,Oxlip,,,,,,0.3803860045179287
current_squared_k,17.0,25.0,Daisy,,,,,,0.0
current_squared_k,17.0,25.0,Tulip,,,,,,0.0
current_squared_k,17.0,25.0,Maryj,,,,,,0.0
current_squared_k,17.0,29.0,Poppy,,,,,,0.07502913663975357
current_squared_k,17.0,29.0,Oxlip,,,,,,0.0
current_squared_k,17.0,29.0,Daisy,,,,,,0.0
current_squared_k,17.0,29.0,Tulip,,,,,,0.0
current_squared_k,17.0,29.0,Maryj,,,,,,0.0
current_squared_k,17.0,30.0,Poppy,,,,,,0.0
current_squared_k,17.0,30.0,Oxlip,,,,,,0.0
current_squared_k,17.0,30.0,Daisy,,,,,,0.8183790705762006
current_squared_k,17.0,30.0,Tulip,,,,,,0.0
current_squared_k,17.0,30.0,Maryj,,,,,,0.0
current_squared_k,18.0,20.0,Poppy,,,,,,2.1150006535936e-05
current_squared_k,18.0,20.0,Oxlip,,,,,,0.0
current_squared_k,18.0,20.0,Daisy,,,,,,0.0
current_squared_k,18.0,20.0,Tulip,,,,,,0.0
current_squared_k,18.0,20.0,Maryj,,,,,,0.0
current_squared_k,18.0,22.0,Poppy,,,,,,0.0002373783686613963
current_squared_k,18.0,22.0,Oxlip,,,,,,0.0
current_squared_k,18.0,22.0,Daisy,,,,,,0.0
current_squared_k,18.0,22.0,Tulip,,,,,,0.0
current_squared_k,18.0,22.0,Maryj,,,,,,0.0
current_squared_k,18.0,23.0,Poppy,,,,,,0.28574656867729487
current_squared_k,18.0,23.0,Oxlip,,,,,,0.0
current_squared_k,18.0,23.0,Daisy,,,,,,0.0
current_squared_k,18.0,23.0,Tulip,,,,,,0.0
current_squared_k,18.0,23.0,Maryj,,,,,,0.0
current_squared_k,18.0,25.0,Poppy,,,,,,0.0
current_squared_k,18.0,25.0,Oxlip,,,,,,0.285776091532797
current_squared_k,18.0,25.0,Daisy,,,,,,0.0
current_squared_k,18.0,25.0,Tulip,,,,,,0.0
current_squared_k,18.0,25.0,Maryj,,,,,,0.0
current_squared_k,18.0,29.0,Poppy,,,,,,0.05863780986046186
current_squared_k,18.0,29.0,Oxlip,,,,,,0.0
current_squared_k,18.0,29.0,Daisy,,,,,,0.0
current_squared_k,18.0,29.0,Tulip,,,,,,0.0
current_squared_k,18.0,29.0,Maryj,,,,,,0.0
current_squared_k,18.0,30.0,Poppy,,,,,,0.0
current_squared_k,18.0,30.0,Oxlip,,,,,,0.0
current_squared_k,18.0,30.0,Daisy,,,,,,0.64142368988142
current_squared_k,18.0,30.0,Tulip,,,,,,0.0
current_squared_k,18.0,30.0,Maryj,,,,,,0.0
current_squared_k,19.0,20.0,Poppy,,,,,,1.5232744721003943e-05
current_squared_k,19.0,20.0,Oxlip,,,,,,0.0
current_squared_k,19.0,20.0,Daisy,,,,,,0.0
current_squared_k,19.0,20.0,Tulip,,,,,,0.0
current_squared_k,19.0,20.0,Maryj,,,,,,0.0
current_squared_k,19.0,22.0,Poppy,,,,,,0.0002331950783928204
current_squared_k,19.0,22.0,Oxlip,,,,,,0.0
current_squared_k,19.0,22.0,Daisy,,,,,,0.0
current_squared_k,19.0,22.0,Tulip,,,,,,0.0
current_squared_k,19.0,22.0,Maryj,,,,,,0.0
current_squared_k,19.0,23.0,Poppy,,,,,,0.30355110971682825
current_squared_k,19.0,23.0,Oxlip,,,,,,0.0
current_squared_k,19.0,23.0,Daisy,,,,,,0.0
current_squared_k,19.0,23.0,Tulip,,,,,,0.0
current_squared_k,19.0,23.0,Maryj,,,,,,0.0
current_squared_k,19.0,25.0,Poppy,,,,,,0.0
current_squared_k,19.0,25.0,Oxlip,,,,,,0.303582472107604
current_squared_k,19.0,25.0,Daisy,,,,,,0.0
current_squared_k,19.0,25.0,Tulip,,,,,,0.0
current_squared_k,19.0,25.0,Maryj,,,,,,0.0
current_squared_k,19.0,29.0,Poppy,,,,,,0.06309761354362396
current_squared_k,19.0,29.0,Oxlip,,,,,,0.0
current_squared_k,19.0,29.0,Daisy,,,,,,0.0
current_squared_k,19.0,29.0,Tulip,,,,,,0.0
current_squared_k,19.0,29.0,Maryj,,,,,,0.0
current_squared_k,19.0,30.0,Poppy,,,,,,0.0
current_squared_k,19.0,30.0,Oxlip,,,,,,0.0
current_squared_k,19.0,30.0,Daisy,,,,,,0.6869653493841905
current_squared_k,19.0,30.0,Tulip,,,,,,0.0
current_squared_k,19.0,30.0,Maryj,,,,,,0.0
current_squared_k,20.0,20.0,Poppy,,,,,,1.5417426944102466e-05
current_squared_k,20.0,20.0,Oxlip,,,,,,0.0
current_squared_k,20.0,20.0,Daisy,,,,,,0.0
current_squared_k,20.0,20.0,Tulip,,,,,,0.0
current_squared_k,20.0,20.0,Maryj,,,,,,0.0
current_squared_k,20.0,22.0,Poppy,,,,,,0.00010603976082328635
current_squared_k,20.0,22.0,Oxlip,,,,,,0.0
current_squared_k,20.0,22.0,Daisy,,,,,,0.0
current_squared_k,20.0,22.0,Tulip,,,,,,0.0
current_squared_k,20.0,22.0,Maryj,,,,,,0.0
current_squared_k,20.0,23.0,Poppy,,,,,,0.28706436600612956
current_squared_k,20.0,23.0,Oxlip,,,,,,0.0
current_squared_k,20.0,23.0,Daisy,,,,,,0.0
current_squared_k,20.0,23.0,Tulip,,,,,,0.0
current_squared_k,20.0,23.0,Maryj,,,,,,0.0
current_squared_k,20.0,25.0,Poppy,,,,,,0.0
current_squared_k,20.0,25.0,Oxlip,,,,,,0.28709402501423814
current_squared_k,20.0,25.0,Daisy,,,,,,0.0
current_squared_k,20.0,25.0,Tulip,,,,,,0.0
current_squared_k,20.0,25.0,Maryj,,,,,,0.0
current_squared_k,20.0,29.0,Poppy,,,,,,0.05903235169282926
current_squared_k,20.0,29.0,Oxlip,,,,,,0.0
current_squared_k,20.0,29.0,Daisy,,,,,,0.0
current_squared_k,20.0,29.0,Tulip,,,,,,0.0
current_squared_k,20.0,29.0,Maryj,,,,,,0.0
current_squared_k,20.0,30.0,Poppy,,,,,,0.0
current_squared_k,20.0,30.0,Oxlip,,,,,,0.0
current_squared_k,20.0,30.0,Daisy,,,,,,0.6371267208032964
current_squared_k,20.0,30.0,Tulip,,,,,,0.0
current_squared_k,20.0,30.0,Maryj,,,,,,0.0
current_squared_k,21.0,20.0,Poppy,,,,,,1.3757812248962574e-05
current_squared_k,21.0,20.0,Oxlip,,,,,,0.0
current_squared_k,21.0,20.0,Daisy,,,,,,0.0
current_squared_k,21.0,20.0,Tulip,,,,,,0.0
current_squared_k,21.0,20.0,Maryj,,,,,,0.0
current_squared_k,21.0,22.0,Poppy,,,,,,2.6992615190602556e-05
current_squared_k,21.0,22.0,Oxlip,,,,,,0.0
current_squared_k,21.0,22.0,Daisy,,,,,,0.0
current_squared_k,21.0,22.0,Tulip,,,,,,0.0
current_squared_k,21.0,22.0,Maryj,,,,,,0.0
current_squared_k,21.0,23.0,Poppy,,,,,,0.2974061014913964
current_squared_k,21.0,23.0,Oxlip,,,,,,0.0
current_squared_k,21.0,23.0,Daisy,,,,,,0.0
current_squared_k,21.0,23.0,Tulip,,,,,,0.0
current_squared_k,21.0,23.0,Maryj,,,,,,0.0
current_squared_k,21.0,25.0,Poppy,,,,,,0.0
current_squared_k,21.0,25.0,Oxlip,,,,,,0.297436828990244
current_squared_k,21.0,25.0,Daisy,,,,,,0.0
current_squared_k,21.0,25.0,Tulip,,,,,,0.0
current_squared_k,21.0,25.0,Maryj,,,,,,0.0
current_squared_k,21.0,29.0,Poppy,,,,,,0.0615643011421239
current_squared_k,21.0,29.0,Oxlip,,,,,,0.0
current_squared_k,21.0,29.0,Daisy,,,,,,0.0
current_squared_k,21.0,29.0,Tulip,,,,,,0.0
current_squared_k,21.0,29.0,Maryj,,,,,,0.0
current_squared_k,21.0,30.0,Poppy,,,,,,0.0
current_squared_k,21.0,30.0,Oxlip,,,,,,0.0
current_squared_k,21.0,30.0,Daisy,,,,,,0.6561599449034841
current_squared_k,21.0,30.0,Tulip,,,,,,0.0
current_squared_k,21.0,30.0,Maryj,,,,,,0.0
current_squared_k,22.0,20.0,Poppy,,,,,,1.5417426943840794e-05
current_squared_k,22.0,20.0,Oxlip,,,,,,0.0
current_squared_k,22.0,20.0,Daisy,,,,,,0.0
current_squared_k,22.0,20.0,Tulip,,,,,,0.0
current_squared_k,22.0,20.0,Maryj,,,,,,0.0
current_squared_k,22.0,22.0,Poppy,,,,,,2.776974003925715e-05
current_squared_k,22.0,22.0,Oxlip,,,,,,0.0
current_squared_k,22.0,22.0,Daisy,,,,,,0.0
current_squared_k,22.0,22.0,Tulip,,,,,,0.0
current_squared_k,22.0,22.0,Maryj,,,,,,0.0
current_squared_k,22.0,23.0,Poppy,,,,,,0.27932615509429765
current_squared_k,22.0,23.0,Oxlip,,,,,,0.0
current_squared_k,22.0,23.0,Daisy,,,,,,0.0
current_squared_k,22.0,23.0,Tulip,,,,,,0.0
current_squared_k,22.0,23.0,Maryj,,,,,,0.0
current_squared_k,22.0,25.0,Poppy,,,,,,0.0
current_squared_k,22.0,25.0,Oxlip,,,,,,0.2793550146034528
current_squared_k,22.0,25.0,Daisy,,,,,,0.0
current_squared_k,22.0,25.0,Tulip,,,,,,0.0
current_squared_k,22.0,25.0,Maryj,,,,,,0.0
current_squared_k,22.0,29.0,Poppy,,,,,,0.057080256723007775
current_squared_k,22.0,29.0,Oxlip,,,,,,0.0
current_squared_k,22.0,29.0,Daisy,,,,,,0.0
current_squared_k,22.0,29.0,Tulip,,,,,,0.0
current_squared_k,22.0,29.0,Maryj,,,,,,0.0
current_squared_k,22.0,30.0,Poppy,,,,,,0.0
current_squared_k,22.0,30.0,Oxlip,,,,,,0.0
current_squared_k,22.0,30.0,Daisy,,,,,,0.6093725843273029
current_squared_k,22.0,30.0,Tulip,,,,,,0.0
current_squared_k,22.0,30.0,Maryj,,,,,,0.0
current_squared_k,23.0,20.0,Poppy,,,,,,1.4445684906774348e-05
current_squared_k,23.0,20.0,Oxlip,,,,,,0.0
current_squared_k,23.0,20.0,Daisy,,,,,,0.0
current_squared_k,23.0,20.0,Tulip,,,,,,0.0
current_squared_k,23.0,20.0,Maryj,,,,,,0.0
current_squared_k,23.0,22.0,Poppy,,,,,,1.1579931332054189e-05
current_squared_k,23.0,22.0,Oxlip,,,,,,0.0
current_squared_k,23.0,22.0,Daisy,,,,,,0.0
current_squared_k,23.0,22.0,Tulip,,,,,,0.0
current_squared_k,23.0,22.0,Maryj,,,,,,0.0
current_squared_k,23.0,23.0,Poppy,,,,,,0.2713502625347858
current_squared_k,23.0,23.0,Oxlip,,,,,,0.0
current_squared_k,23.0,23.0,Daisy,,,,,,0.0
current_squared_k,23.0,23.0,Tulip,,,,,,0.0
current_squared_k,23.0,23.0,Maryj,,,,,,0.0
current_squared_k,23.0,25.0,Poppy,,,,,,0.0
current_squared_k,23.0,25.0,Oxlip,,,,,,0.271378297988119
current_squared_k,23.0,25.0,Daisy,,,,,,0.0
current_squared_k,23.0,25.0,Tulip,,,,,,0.0
current_squared_k,23.0,25.0,Maryj,,,,,,0.0
current_squared_k,23.0,29.0,Poppy,,,,,,0.0551173802165677
current_squared_k,23.0,29.0,Oxlip,,,,,,0.0
current_squared_k,23.0,29.0,Daisy,,,,,,0.0
current_squared_k,23.0,29.0,Tulip,,,,,,0.0
current_squared_k,23.0,29.0,Maryj,,,,,,0.0
current_squared_k,23.0,30.0,Poppy,,,,,,0.0
current_squared_k,23.0,30.0,Oxlip,,,,,,0.0
current_squared_k,23.0,30.0,Daisy,,,,,,0.5861719231165811
current_squared_k,23.0,30.0,Tulip,,,,,,0.0
current_squared_k,23.0,30.0,Maryj,,,,,,0.0
current_squared_k,24.0,20.0,Poppy,,,,,,1.461765734614071e-05
current_squared_k,24.0,20.0,Oxlip,,,,,,0.0
current_squared_k,24.0,20.0,Daisy,,,,,,0.0
current_squared_k,24.0,20.0,Tulip,,,,,,0.0
current_squared_k,24.0,20.0,Maryj,,,,,,0.0
current_squared_k,24.0,22.0,Poppy,,,,,,2.8340931889981775e-06
current_squared_k,24.0,22.0,Oxlip,,,,,,0.0
current_squared_k,24.0,22.0,Daisy,,,,,,0.0
current_squared_k,24.0,22.0,Tulip,,,,,,0.0
current_squared_k,24.0,22.0,Maryj,,,,,,0.0
current_squared_k,24.0,23.0,Poppy,,,,,,0.23577383891376857
current_squared_k,24.0,23.0,Oxlip,,,,,,0.0
current_squared_k,24.0,23.0,Daisy,,,,,,0.0
current_squared_k,24.0,23.0,Tulip,,,,,,0.0
current_squared_k,24.0,23.0,Maryj,,,,,,0.0
current_squared_k,24.0,25.0,Poppy,,,,,,0.0
current_squared_k,24.0,25.0,Oxlip,,,,,,0.23579819867077154
current_squared_k,24.0,25.0,Daisy,,,,,,0.0
current_squared_k,24.0,25.0,Tulip,,,,,,0.0
current_squared_k,24.0,25.0,Maryj,,,,,,0.0
current_squared_k,24.0,29.0,Poppy,,,,,,0.04633567148996055
current_squared_k,24.0,29.0,Oxlip,,,,,,0.0
current_squared_k,24.0,29.0,Daisy,,,,,,0.0
current_squared_k,24.0,29.0,Tulip,,,,,,0.0
current_squared_k,24.0,29.0,Maryj,,,,,,0.0
current_squared_k,24.0,30.0,Poppy,,,,,,0.0
current_squared_k,24.0,30.0,Oxlip,,,,,,0.0
current_squared_k,24.0,30.0,Daisy,,,,,,0.4916047262420765
current_squared_k,24.0,30.0,Tulip,,,,,,0.0
current_squared_k,24.0,30.0,Maryj,,,,,,0.0
c_s_k_1000,1.0,20.0,Poppy,,,,,,1.5417426944102465e-08
c_s_k_1000,1.0,20.0,Oxlip,,,,,,0.0
c_s_k_1000,1.0,20.0,Daisy,,,,,,0.0
c_s_k_1000,1.0,20.0,Tulip,,,,,,0.0
c_s_k_1000,1.0,20.0,Maryj,,,,,,0.0
c_s_k_1000,1.0,22.0,Poppy,,,,,,2.8835135030526637e-09
c_s_k_1000,1.0,22.0,Oxlip,,,,,,0.0
c_s_k_1000,1.0,22.0,Daisy,,,,,,0.0
c_s_k_1000,1.0,22.0,Tulip,,,,,,0.0
c_s_k_1000,1.0,22.0,Maryj,,,,,,0.0
c_s_k_1000,1.0,23.0,Poppy,,,,,,0.0002441485373451418
c_s_k_1000,1.0,23.0,Oxlip,,,,,,0.0
c_s_k_1000,1.0,23.0,Daisy,,,,,,0.0
c_s_k_1000,1.0,23.0,Tulip,,,,,,0.0
c_s_k_1000,1.0,23.0,Maryj,,,,,,0.0
c_s_k_1000,1.0,25.0,Poppy,,,,,,0.0
c_s_k_1000,1.0,25.0,Oxlip,,,,,,0.0002441737623619196
c_s_k_1000,1.0,25.0,Daisy,,,,,,0.0
c_s_k_1000,1.0,25.0,Tulip,,,,,,0.0
c_s_k_1000,1.0,25.0,Maryj,,,,,,0.0
c_s_k_1000,1.0,29.0,Poppy,,,,,,4.836234891484693e-05
c_s_k_1000,1.0,29.0,Oxlip,,,,,,0.0
c_s_k_1000,1.0,29.0,Daisy,,,,,,0.0
c_s_k_1000,1.0,29.0,Tulip,,,,,,0.0
c_s_k_1000,1.0,29.0,Maryj,,,,,,0.0
c_s_k_1000,1.0,30.0,Poppy,,,,,,0.0
c_s_k_1000,1.0,30.0,Oxlip,,,,,,0.0
c_s_k_1000,1.0,30.0,Daisy,,,,,,0.0005131920425571843
c_s_k_1000,1.0,30.0,Tulip,,,,,,0.0
c_s_k_1000,1.0,30.0,Maryj,,,,,,0.0
c_s_k_1000,2.0,20.0,Poppy,,,,,,1.5417426944102465e-08
c_s_k_1000,2.0,20.0,Oxlip,,,,,,0.0
c_s_k_1000,2.0,20.0,Daisy,,,,,,0.0
c_s_k_1000,2.0,20.0,Tulip,,,,,,0.0
c_s_k_1000,2.0,20.0,Maryj,,,,,,0.0
c_s_k_1000,2.0,22.0,Poppy,,,,,,2.243436879298853e-09
c_s_k_1000,2.0,22.0,Oxlip,,,,,,0.0
c_s_k_1000,2.0,22.0,Daisy,,,,,,0.0
c_s_k_1000,2.0,22.0,Tulip,,,,,,0.0
c_s_k_1000,2.0,22.0,Maryj,,,,,,0.0
c_s_k_1000,2.0,23.0,Poppy,,,,,,0.0002449698543366421
c_s_k_1000,2.0,23.0,Oxlip,,,,,,0.0
c_s_k_1000,2.0,23.0,Daisy,,,,,,0.0
c_s_k_1000,2.0,23.0,Tulip,,,,,,0.0
c_s_k_1000,2.0,23.0,Maryj,,,,,,0.0
c_s_k_1000,2.0,25.0,Poppy,,,,,,0.0
c_s_k_1000,2.0,25.0,Oxlip,,,,,,0.00024499516421051185
c_s_k_1000,2.0,25.0,Daisy,,,,,,0.0
c_s_k_1000,2.0,25.0,Tulip,,,,,,0.0
c_s_k_1000,2.0,25.0,Maryj,,,,,,0.0
c_s_k_1000,2.0,29.0,Poppy,,,,,,4.856292963144809e-05
c_s_k_1000,2.0,29.0,Oxlip,,,,,,0.0
c_s_k_1000,2.0,29.0,Daisy,,,,,,0.0
c_s_k_1000,2.0,29.0,Tulip,,,,,,0.0
c_s_k_1000,2.0,29.0,Maryj,,,,,,0.0
c_s_k_1000,2.0,30.0,Poppy,,,,,,0.0
c_s_k_1000,2.0,30.0,Oxlip,,,,,,0.0
c_s_k_1000,2.0,30.0,Daisy,,,,,,0.0005154532326444667
c_s_k_1000,2.0,30.0,Tulip,,,,,,0.0
c_s_k_1000,2.0,30.0,Maryj,,,,,,0.0
c_s_k_1000,3.0,20.0,Poppy,,,,,,1.461765734614071e-08
c_s_k_1000,3.0,20.0,Oxlip,,,,,,0.0
c_s_k_1000,3.0,20.0,Daisy,,,,,,0.0
c_s_k_1000,3.0,20.0,Tulip,,,,,,0.0
c_s_k_1000,3.0,20.0,Maryj,,,,,,0.0
c_s_k_1000,3.0,22.0,Poppy,,,,,,1.9867724905645486e-09
c_s_k_1000,3.0,22.0,Oxlip,,,,,,0.0
c_s_k_1000,3.0,22.0,Daisy,,,,,,0.0
c_s_k_1000,3.0,22.0,Tulip,,,,,,0.0
c_s_k_1000,3.0,22.0,Maryj,,,,,,0.0
c_s_k_1000,3.0,23.0,Poppy,,,,,,0.0002442571270111145
c_s_k_1000,3.0,23.0,Oxlip,,,,,,0.0
c_s_k_1000,3.0,23.0,Daisy,,,,,,0.0
c_s_k_1000,3.0,23.0,Tulip,,,,,,0.0
c_s_k_1000,3.0,23.0,Maryj,,,,,,0.0
c_s_k_1000,3.0,25.0,Poppy,,,,,,0.0
c_s_k_1000,3.0,25.0,Oxlip,,,,,,0.0002442823632471942
c_s_k_1000,3.0,25.0,Daisy,,,,,,0.0
c_s_k_1000,3.0,25.0,Tulip,,,,,,0.0
c_s_k_1000,3.0,25.0,Maryj,,,,,,0.0
c_s_k_1000,3.0,29.0,Poppy,,,,,,4.840744648464506e-05
c_s_k_1000,3.0,29.0,Oxlip,,,,,,0.0
c_s_k_1000,3.0,29.0,Daisy,,,,,,0.0
c_s_k_1000,3.0,29.0,Tulip,,,,,,0.0
c_s_k_1000,3.0,29.0,Maryj,,,,,,0.0
c_s_k_1000,3.0,30.0,Poppy,,,,,,0.0
c_s_k_1000,3.0,30.0,Oxlip,,,,,,0.0
c_s_k_1000,3.0,30.0,Daisy,,,,,,0.0005137220238556834
c_s_k_1000,3.0,30.0,Tulip,,,,,,0.0
c_s_k_1000,3.0,30.0,Maryj,,,,,,0.0
c_s_k_1000,4.0,20.0,Poppy,,,,,,1.461765734614071e-08
c_s_k_1000,4.0,20.0,Oxlip,,,,,,0.0
c_s_k_1000,4.0,20.0,Daisy,,,,,,0.0
c_s_k_1000,4.0,20.0,Tulip,,,,,,0.0
c_s_k_1000,4.0,20.0,Maryj,,,,,,0.0
c_s_k_1000,4.0,22.0,Poppy,,,,,,2.024309352734279e-09
c_s_k_1000,4.0,22.0,Oxlip,,,,,,0.0
c_s_k_1000,4.0,22.0,Daisy,,,,,,0.0
c_s_k_1000,4.0,22.0,Tulip,,,,,,0.0
c_s_k_1000,4.0,22.0,Maryj,,,,,,0.0
c_s_k_1000,4.0,23.0,Poppy,,,,,,0.00024318386907920366
c_s_k_1000,4.0,23.0,Oxlip,,,,,,0.0
c_s_k_1000,4.0,23.0,Daisy,,,,,,0.0
c_s_k_1000,4.0,23.0,Tulip,,,,,,0.0
c_s_k_1000,4.0,23.0,Maryj,,,,,,0.0
c_s_k_1000,4.0,25.0,Poppy,,,,,,0.0
c_s_k_1000,4.0,25.0,Oxlip,,,,,,0.00024320899442807658
c_s_k_1000,4.0,25.0,Daisy,,,,,,0.0
c_s_k_1000,4.0,25.0,Tulip,,,,,,0.0
c_s_k_1000,4.0,25.0,Maryj,,,,,,0.0
c_s_k_1000,4.0,29.0,Poppy,,,,,,4.814533715620254e-05
c_s_k_1000,4.0,29.0,Oxlip,,,,,,0.0
c_s_k_1000,4.0,29.0,Daisy,,,,,,0.0
c_s_k_1000,4.0,29.0,Tulip,,,,,,0.0
c_s_k_1000,4.0,29.0,Maryj,,,,,,0.0
c_s_k_1000,4.0,30.0,Poppy,,,,,,0.0
c_s_k_1000,4.0,30.0,Oxlip,,,,,,0.0
c_s_k_1000,4.0,30.0,Daisy,,,,,,0.0005109336376596716
c_s_k_1000,4.0,30.0,Tulip,,,,,,0.0
c_s_k_1000,4.0,30.0,Maryj,,,,,,0.0
c_s_k_1000,5.0,20.0,Poppy,,,,,,1.3655324362906268e-08
c_s_k_1000,5.0,20.0,Oxlip,,,,,,0.0
c_s_k_1000,5.0,20.0,Daisy,,,,,,0.0
c_s_k_1000,5.0,20.0,Tulip,,,,,,0.0
c_s_k_1000,5.0,20.0,Maryj,,,,,,0.0
c_s_k_1000,5.0,22.0,Poppy,,,,,,1.9867724905645486e-09
c_s_k_1000,5.0,22.0,Oxlip,,,,,,0.0
c_s_k_1000,5.0,22.0,Daisy,,,,,,0.0
c_s_k_1000,5.0,22.0,Tulip,,,,,,0.0
c_s_k_1000,5.0,22.0,Maryj,,,,,,0.0
c_s_k_1000,5.0,23.0,Poppy,,,,,,0.00024776966473122054
c_s_k_1000,5.0,23.0,Oxlip,,,,,,0.0
c_s_k_1000,5.0,23.0,Daisy,,,,,,0.0
c_s_k_1000,5.0,23.0,Tulip,,,,,,0.0
c_s_k_1000,5.0,23.0,Maryj,,,,,,0.0
c_s_k_1000,5.0,25.0,Poppy,,,,,,0.0
c_s_k_1000,5.0,25.0,Oxlip,,,,,,0.0002477952638767974
c_s_k_1000,5.0,25.0,Daisy,,,,,,0.0
c_s_k_1000,5.0,25.0,Tulip,,,,,,0.0
c_s_k_1000,5.0,25.0,Maryj,,,,,,0.0
c_s_k_1000,5.0,29.0,Poppy,,,,,,4.9288908051613136e-05
c_s_k_1000,5.0,29.0,Oxlip,,,,,,0.0
c_s_k_1000,5.0,29.0,Daisy,,,,,,0.0
c_s_k_1000,5.0,29.0,Tulip,,,,,,0.0
c_s_k_1000,5.0,29.0,Maryj,,,,,,0.0
c_s_k_1000,5.0,30.0,Poppy,,,,,,0.0
c_s_k_1000,5.0,30.0,Oxlip,,,,,,0.0
c_s_k_1000,5.0,30.0,Daisy,,,,,,0.000522834300458267
c_s_k_1000,5.0,30.0,Tulip,,,,,,0.0
c_s_k_1000,5.0,30.0,Maryj,,,,,,0.0
c_s_k_1000,6.0,20.0,Poppy,,,,,,1.4793430967420261e-08
c_s_k_1000,6.0,20.0,Oxlip,,,,,,0.0
c_s_k_1000,6.0,20.0,Daisy,,,,,,0.0
c_s_k_1000,6.0,20.0,Tulip,,,,,,0.0
c_s_k_1000,6.0,20.0,Maryj,,,,,,0.0
c_s_k_1000,6.0,22.0,Poppy,,,,,,2.6173430258469694e-09
c_s_k_1000,6.0,22.0,Oxlip,,,,,,0.0
c_s_k_1000,6.0,22.0,Daisy,,,,,,0.0
c_s_k_1000,6.0,22.0,Tulip,,,,,,0.0
c_s_k_1000,6.0,22.0,Maryj,,,,,,0.0
c_s_k_1000,6.0,23.0,Poppy,,,,,,0.0002945903078020738
c_s_k_1000,6.0,23.0,Oxlip,,,,,,0.0
c_s_k_1000,6.0,23.0,Daisy,,,,,,0.0
c_s_k_1000,6.0,23.0,Tulip,,,,,,0.0
c_s_k_1000,6.0,23.0,Maryj,,,,,,0.0
c_s_k_1000,6.0,25.0,Poppy,,,,,,0.0
c_s_k_1000,6.0,25.0,Oxlip,,,,,,0.00029463010277169777
c_s_k_1000,6.0,25.0,Daisy,,,,,,0.0
c_s_k_1000,6.0,25.0,Tulip,,,,,,0.0
c_s_k_1000,6.0,25.0,Maryj,,,,,,0.0
c_s_k_1000,6.0,29.0,Poppy,,,,,,5.9286111302515444e-05
c_s_k_1000,6.0,29.0,Oxlip,,,,,,0.0
c_s_k_1000,6.0,29.0,Daisy,,,,,,0.0
c_s_k_1000,6.0,29.0,Tulip,,,,,,0.0
c_s_k_1000,6.0,29.0,Maryj,,,,,,0.0
c_s_k_1000,6.0,30.0,Poppy,,,,,,0.0
c_s_k_1000,6.0,30.0,Oxlip,,,,,,0.0
c_s_k_1000,6.0,30.0,Daisy,,,,,,0.0006272864427258514
c_s_k_1000,6.0,30.0,Tulip,,,,,,0.0
c_s_k_1000,6.0,30.0,Maryj,,,,,,0.0
c_s_k_1000,7.0,20.0,Poppy,,,,,,3.530052442194109e-08
c_s_k_1000,7.0,20.0,Oxlip,,,,,,0.0
c_s_k_1000,7.0,20.0,Daisy,,,,,,0.0
c_s_k_1000,7.0,20.0,Tulip,,,,,,0.0
c_s_k_1000,7.0,20.0,Maryj,,,,,,0.0
c_s_k_1000,7.0,22.0,Poppy,,,,,,2.6639797333901534e-09
c_s_k_1000,7.0,22.0,Oxlip,,,,,,0.0
c_s_k_1000,7.0,22.0,Daisy,,,,,,0.0
c_s_k_1000,7.0,22.0,Tulip,,,,,,0.0
c_s_k_1000,7.0,22.0,Maryj,,,,,,0.0
c_s_k_1000,7.0,23.0,Poppy,,,,,,0.0003317002954620671
c_s_k_1000,7.0,23.0,Oxlip,,,,,,0.0
c_s_k_1000,7.0,23.0,Daisy,,,,,,0.0
c_s_k_1000,7.0,23.0,Tulip,,,,,,0.0
c_s_k_1000,7.0,23.0,Maryj,,,,,,0.0
c_s_k_1000,7.0,25.0,Poppy,,,,,,0.0
c_s_k_1000,7.0,25.0,Oxlip,,,,,,0.00033174510346434206
c_s_k_1000,7.0,25.0,Daisy,,,,,,0.0
c_s_k_1000,7.0,25.0,Tulip,,,,,,0.0
c_s_k_1000,7.0,25.0,Maryj,,,,,,0.0
c_s_k_1000,7.0,29.0,Poppy,,,,,,6.776120779317755e-05
c_s_k_1000,7.0,29.0,Oxlip,,,,,,0.0
c_s_k_1000,7.0,29.0,Daisy,,,,,,0.0
c_s_k_1000,7.0,29.0,Tulip,,,,,,0.0
c_s_k_1000,7.0,29.0,Maryj,,,,,,0.0
c_s_k_1000,7.0,30.0,Poppy,,,,,,0.0
c_s_k_1000,7.0,30.0,Oxlip,,,,,,0.0
c_s_k_1000,7.0,30.0,Daisy,,,,,,0.0007184677751800394
c_s_k_1000,7.0,30.0,Tulip,,,,,,0.0
c_s_k_1000,7.0,30.0,Maryj,,,,,,0.0
c_s_k_1000,8.0,20.0,Poppy,,,,,,5.915785578942467e-08
c_s_k_1000,8.0,20.0,Oxlip,,,,,,0.0
c_s_k_1000,8.0,20.0,Daisy,,,,,,0.0
c_s_k_1000,8.0,20.0,Tulip,,,,,,0.0
c_s_k_1000,8.0,20.0,Maryj,,,,,,0.0
c_s_k_1000,8.0,22.0,Poppy,,,,,,9.65706864972032e-09
c_s_k_1000,8.0,22.0,Oxlip,,,,,,0.0
c_s_k_1000,8.0,22.0,Daisy,,,,,,0.0
c_s_k_1000,8.0,22.0,Tulip,,,,,,0.0
c_s_k_1000,8.0,22.0,Maryj,,,,,,0.0
c_s_k_1000,8.0,23.0,Poppy,,,,,,0.0008147965644577285
c_s_k_1000,8.0,23.0,Oxlip,,,,,,0.0
c_s_k_1000,8.0,23.0,Daisy,,,,,,0.0
c_s_k_1000,8.0,23.0,Tulip,,,,,,0.0
c_s_k_1000,8.0,23.0,Maryj,,,,,,0.0
c_s_k_1000,8.0,25.0,Poppy,,,,,,0.0
c_s_k_1000,8.0,25.0,Oxlip,,,,,,0.0008149466502482459
c_s_k_1000,8.0,25.0,Daisy,,,,,,0.0
c_s_k_1000,8.0,25.0,Tulip,,,,,,0.0
c_s_k_1000,8.0,25.0,Maryj,,,,,,0.0
c_s_k_1000,8.0,29.0,Poppy,,,,,,0.000161567267641623
c_s_k_1000,8.0,29.0,Oxlip,,,,,,0.0
c_s_k_1000,8.0,29.0,Daisy,,,,,,0.0
c_s_k_1000,8.0,29.0,Tulip,,,,,,0.0
c_s_k_1000,8.0,29.0,Maryj,,,,,,0.0
c_s_k_1000,8.0,30.0,Poppy,,,,,,0.0
c_s_k_1000,8.0,30.0,Oxlip,,,,,,0.0
c_s_k_1000,8.0,30.0,Daisy,,,,,,0.0017334398739118934
c_s_k_1000,8.0,30.0,Tulip,,,,,,0.0
c_s_k_1000,8.0,30.0,Maryj,,,,,,0.0
c_s_k_1000,9.0,20.0,Poppy,,,,,,6.340169113763885e-08
c_s_k_1000,9.0,20.0,Oxlip,,,,,,0.0
c_s_k_1000,9.0,20.0,Daisy,,,,,,0.0
c_s_k_1000,9.0,20.0,Tulip,,,,,,0.0
c_s_k_1000,9.0,20.0,Maryj,,,,,,0.0
c_s_k_1000,9.0,22.0,Poppy,,,,,,8.507581122295809e-08
c_s_k_1000,9.0,22.0,Oxlip,,,,,,0.0
c_s_k_1000,9.0,22.0,Daisy,,,,,,0.0
c_s_k_1000,9.0,22.0,Tulip,,,,,,0.0
c_s_k_1000,9.0,22.0,Maryj,,,,,,0.0
c_s_k_1000,9.0,23.0,Poppy,,,,,,0.0007652823020670395
c_s_k_1000,9.0,23.0,Oxlip,,,,,,0.0
c_s_k_1000,9.0,23.0,Daisy,,,,,,0.0
c_s_k_1000,9.0,23.0,Tulip,,,,,,0.0
c_s_k_1000,9.0,23.0,Maryj,,,,,,0.0
c_s_k_1000,9.0,25.0,Poppy,,,,,,0.0
c_s_k_1000,9.0,25.0,Oxlip,,,,,,0.0007654232673144212
c_s_k_1000,9.0,25.0,Daisy,,,,,,0.0
c_s_k_1000,9.0,25.0,Tulip,,,,,,0.0
c_s_k_1000,9.0,25.0,Maryj,,,,,,0.0
c_s_k_1000,9.0,29.0,Poppy,,,,,,0.00014916938456253846
c_s_k_1000,9.0,29.0,Oxlip,,,,,,0.0
c_s_k_1000,9.0,29.0,Daisy,,,,,,0.0
c_s_k_1000,9.0,29.0,Tulip,,,,,,0.0
c_s_k_1000,9.0,29.0,Maryj,,,,,,0.0
c_s_k_1000,9.0,30.0,Poppy,,,,,,0.0
c_s_k_1000,9.0,30.0,Oxlip,,,,,,0.0
c_s_k_1000,9.0,30.0,Daisy,,,,,,0.0016251159403285812
c_s_k_1000,9.0,30.0,Tulip,,,,,,0.0
c_s_k_1000,9.0,30.0,Maryj,,,,,,0.0
c_s_k_1000,10.0,20.0,Poppy,,,,,,6.341955444431119e-08
c_s_k_1000,10.0,20.0,Oxlip,,,,,,0.0
c_s_k_1000,10.0,20.0,Daisy,,,,,,0.0
c_s_k_1000,10.0,20.0,Tulip,,,,,,0.0
c_s_k_1000,10.0,20.0,Maryj,,,,,,0.0
c_s_k_1000,10.0,22.0,Poppy,,,,,,2.0580686284526216e-07
c_s_k_1000,10.0,22.0,Oxlip,,,,,,0.0
c_s_k_1000,10.0,22.0,Daisy,,,,,,0.0
c_s_k_1000,10.0,22.0,Tulip,,,,,,0.0
c_s_k_1000,10.0,22.0,Maryj,,,,,,0.0
c_s_k_1000,10.0,23.0,Poppy,,,,,,0.0006930250940428592
c_s_k_1000,10.0,23.0,Oxlip,,,,,,0.0
c_s_k_1000,10.0,23.0,Daisy,,,,,,0.0
c_s_k_1000,10.0,23.0,Tulip,,,,,,0.0
c_s_k_1000,10.0,23.0,Maryj,,,,,,0.0
c_s_k_1000,10.0,25.0,Poppy,,,,,,0.0
c_s_k_1000,10.0,25.0,Oxlip,,,,,,0.0006931527494891692
c_s_k_1000,10.0,25.0,Daisy,,,,,,0.0
c_s_k_1000,10.0,25.0,Tulip,,,,,,0.0
c_s_k_1000,10.0,25.0,Maryj,,,,,,0.0
c_s_k_1000,10.0,29.0,Poppy,,,,,,0.000135537164262236
c_s_k_1000,10.0,29.0,Oxlip,,,,,,0.0
c_s_k_1000,10.0,29.0,Daisy,,,,,,0.0
c_s_k_1000,10.0,29.0,Tulip,,,,,,0.0
c_s_k_1000,10.0,29.0,Maryj,,,,,,0.0
c_s_k_1000,10.0,30.0,Poppy,,,,,,0.0
c_s_k_1000,10.0,30.0,Oxlip,,,,,,0.0
c_s_k_1000,10.0,30.0,Daisy,,,,,,0.0014888945704607415
c_s_k_1000,10.0,30.0,Tulip,,,,,,0.0
c_s_k_1000,10.0,30.0,Maryj,,,,,,0.0
c_s_k_1000,11.0,20.0,Poppy,,,,,,6.277951417163763e-08
c_s_k_1000,11.0,20.0,Oxlip,,,,,,0.0
c_s_k_1000,11.0,20.0,Daisy,,,,,,0.0
c_s_k_1000,11.0,20.0,Tulip,,,,,,0.0
c_s_k_1000,11.0,20.0,Maryj,,,,,,0.0
c_s_k_1000,11.0,22.0,Poppy,,,,,,1.98336315015075e-07
c_s_k_1000,11.0,22.0,Oxlip,,,,,,0.0
c_s_k_1000,11.0,22.0,Daisy,,,,,,0.0
c_s_k_1000,11.0,22.0,Tulip,,,,,,0.0
c_s_k_1000,11.0,22.0,Maryj,,,,,,0.0
c_s_k_1000,11.0,23.0,Poppy,,,,,,0.0006883659142274796
c_s_k_1000,11.0,23.0,Oxlip,,,,,,0.0
c_s_k_1000,11.0,23.0,Daisy,,,,,,0.0
c_s_k_1000,11.0,23.0,Tulip,,,,,,0.0
c_s_k_1000,11.0,23.0,Maryj,,,,,,0.0
c_s_k_1000,11.0,25.0,Poppy,,,,,,0.0
c_s_k_1000,11.0,25.0,Oxlip,,,,,,0.0006884927114513619
c_s_k_1000,11.0,25.0,Daisy,,,,,,0.0
c_s_k_1000,11.0,25.0,Tulip,,,,,,0.0
c_s_k_1000,11.0,25.0,Maryj,,,,,,0.0
c_s_k_1000,11.0,29.0,Poppy,,,,,,0.000134692484159136
c_s_k_1000,11.0,29.0,Oxlip,,,,,,0.0
c_s_k_1000,11.0,29.0,Daisy,,,,,,0.0
c_s_k_1000,11.0,29.0,Tulip,,,,,,0.0
c_s_k_1000,11.0,29.0,Maryj,,,,,,0.0
c_s_k_1000,11.0,30.0,Poppy,,,,,,0.0
c_s_k_1000,11.0,30.0,Oxlip,,,,,,0.0
c_s_k_1000,11.0,30.0,Daisy,,,,,,0.0014782184173520484
c_s_k_1000,11.0,30.0,Tulip,,,,,,0.0
c_s_k_1000,11.0,30.0,Maryj,,,,,,0.0
c_s_k_1000,12.0,20.0,Poppy,,,,,,2.883077312180997e-08
c_s_k_1000,12.0,20.0,Oxlip,,,,,,0.0
c_s_k_1000,12.0,20.0,Daisy,,,,,,0.0
c_s_k_1000,12.0,20.0,Tulip,,,,,,0.0
c_s_k_1000,12.0,20.0,Maryj,,,,,,0.0
c_s_k_1000,12.0,22.0,Poppy,,,,,,2.040297299419496e-07
c_s_k_1000,12.0,22.0,Oxlip,,,,,,0.0
c_s_k_1000,12.0,22.0,Daisy,,,,,,0.0
c_s_k_1000,12.0,22.0,Tulip,,,,,,0.0
c_s_k_1000,12.0,22.0,Maryj,,,,,,0.0
c_s_k_1000,12.0,23.0,Poppy,,,,,,0.0006184783743280929
c_s_k_1000,12.0,23.0,Oxlip,,,,,,0.0
c_s_k_1000,12.0,23.0,Daisy,,,,,,0.0
c_s_k_1000,12.0,23.0,Tulip,,,,,,0.0
c_s_k_1000,12.0,23.0,Maryj,,,,,,0.0
c_s_k_1000,12.0,25.0,Poppy,,,,,,0.0
c_s_k_1000,12.0,25.0,Oxlip,,,,,,0.0006185922982445381
c_s_k_1000,12.0,25.0,Daisy,,,,,,0.0
c_s_k_1000,12.0,25.0,Tulip,,,,,,0.0
c_s_k_1000,12.0,25.0,Maryj,,,,,,0.0
c_s_k_1000,12.0,29.0,Poppy,,,,,,0.00012039565978247955
c_s_k_1000,12.0,29.0,Oxlip,,,,,,0.0
c_s_k_1000,12.0,29.0,Daisy,,,,,,0.0
c_s_k_1000,12.0,29.0,Tulip,,,,,,0.0
c_s_k_1000,12.0,29.0,Maryj,,,,,,0.0
c_s_k_1000,12.0,30.0,Poppy,,,,,,0.0
c_s_k_1000,12.0,30.0,Oxlip,,,,,,0.0
c_s_k_1000,12.0,30.0,Daisy,,,,,,0.001322680541695256
c_s_k_1000,12.0,30.0,Tulip,,,,,,0.0
c_s_k_1000,12.0,30.0,Maryj,,,,,,0.0
c_s_k_1000,13.0,20.0,Poppy,,,,,,6.862217738419704e-08
c_s_k_1000,13.0,20.0,Oxlip,,,,,,0.0
c_s_k_1000,13.0,20.0,Daisy,,,,,,0.0
c_s_k_1000,13.0,20.0,Tulip,,,,,,0.0
c_s_k_1000,13.0,20.0,Maryj,,,,,,0.0
c_s_k_1000,13.0,22.0,Poppy,,,,,,2.1555216534413886e-07
c_s_k_1000,13.0,22.0,Oxlip,,,,,,0.0
c_s_k_1000,13.0,22.0,Daisy,,,,,,0.0
c_s_k_1000,13.0,22.0,Tulip,,,,,,0.0
c_s_k_1000,13.0,22.0,Maryj,,,,,,0.0
c_s_k_1000,13.0,23.0,Poppy,,,,,,0.0006959338742797464
c_s_k_1000,13.0,23.0,Oxlip,,,,,,0.0
c_s_k_1000,13.0,23.0,Daisy,,,,,,0.0
c_s_k_1000,13.0,23.0,Tulip,,,,,,0.0
c_s_k_1000,13.0,23.0,Maryj,,,,,,0.0
c_s_k_1000,13.0,25.0,Poppy,,,,,,0.0
c_s_k_1000,13.0,25.0,Oxlip,,,,,,0.0006960620655243163
c_s_k_1000,13.0,25.0,Daisy,,,,,,0.0
c_s_k_1000,13.0,25.0,Tulip,,,,,,0.0
c_s_k_1000,13.0,25.0,Maryj,,,,,,0.0
c_s_k_1000,13.0,29.0,Poppy,,,,,,0.00013604389790369375
c_s_k_1000,13.0,29.0,Oxlip,,,,,,0.0
c_s_k_1000,13.0,29.0,Daisy,,,,,,0.0
c_s_k_1000,13.0,29.0,Tulip,,,,,,0.0
c_s_k_1000,13.0,29.0,Maryj,,,,,,0.0
c_s_k_1000,13.0,30.0,Poppy,,,,,,0.0
c_s_k_1000,13.0,30.0,Oxlip,,,,,,0.0
c_s_k_1000,13.0,30.0,Daisy,,,,,,0.0014956871369188765
c_s_k_1000,13.0,30.0,Tulip,,,,,,0.0
c_s_k_1000,13.0,30.0,Maryj,,,,,,0.0
c_s_k_1000,14.0,20.0,Poppy,,,,,,7.893867946273067e-08
c_s_k_1000,14.0,20.0,Oxlip,,,,,,0.0
c_s_k_1000,14.0,20.0,Daisy,,,,,,0.0
c_s_k_1000,14.0,20.0,Tulip,,,,,,0.0
c_s_k_1000,14.0,20.0,Maryj,,,,,,0.0
c_s_k_1000,14.0,22.0,Poppy,,,,,,2.2337205668784553e-07
c_s_k_1000,14.0,22.0,Oxlip,,,,,,0.0
c_s_k_1000,14.0,22.0,Daisy,,,,,,0.0
c_s_k_1000,14.0,22.0,Tulip,,,,,,0.0
c_s_k_1000,14.0,22.0,Maryj,,,,,,0.0
c_s_k_1000,14.0,23.0,Poppy,,,,,,0.0007009095164106161
c_s_k_1000,14.0,23.0,Oxlip,,,,,,0.0
c_s_k_1000,14.0,23.0,Daisy,,,,,,0.0
c_s_k_1000,14.0,23.0,Tulip,,,,,,0.0
c_s_k_1000,14.0,23.0,Maryj,,,,,,0.0
c_s_k_1000,14.0,25.0,Poppy,,,,,,0.0
c_s_k_1000,14.0,25.0,Oxlip,,,,,,0.0007010386241700745
c_s_k_1000,14.0,25.0,Daisy,,,,,,0.0
c_s_k_1000,14.0,25.0,Tulip,,,,,,0.0
c_s_k_1000,14.0,25.0,Maryj,,,,,,0.0
c_s_k_1000,14.0,29.0,Poppy,,,,,,0.000136980237257275
c_s_k_1000,14.0,29.0,Oxlip,,,,,,0.0
c_s_k_1000,14.0,29.0,Daisy,,,,,,0.0
c_s_k_1000,14.0,29.0,Tulip,,,,,,0.0
c_s_k_1000,14.0,29.0,Maryj,,,,,,0.0
c_s_k_1000,14.0,30.0,Poppy,,,,,,0.0
c_s_k_1000,14.0,30.0,Oxlip,,,,,,0.0
c_s_k_1000,14.0,30.0,Daisy,,,,,,0.0015091722800921806
c_s_k_1000,14.0,30.0,Tulip,,,,,,0.0
c_s_k_1000,14.0,30.0,Maryj,,,,,,0.0
c_s_k_1000,15.0,20.0,Poppy,,,,,,9.961928426392601e-08
c_s_k_1000,15.0,20.0,Oxlip,,,,,,0.0
c_s_k_1000,15.0,20.0,Daisy,,,,,,0.0
c_s_k_1000,15.0,20.0,Tulip,,,,,,0.0
c_s_k_1000,15.0,20.0,Maryj,,,,,,0.0
c_s_k_1000,15.0,22.0,Poppy,,,,,,2.3654878415598606e-07
c_s_k_1000,15.0,22.0,Oxlip,,,,,,0.0
c_s_k_1000,15.0,22.0,Daisy,,,,,,0.0
c_s_k_1000,15.0,22.0,Tulip,,,,,,0.0
c_s_k_1000,15.0,22.0,Maryj,,,,,,0.0
c_s_k_1000,15.0,23.0,Poppy,,,,,,0.0007099764773434705
c_s_k_1000,15.0,23.0,Oxlip,,,,,,0.0
c_s_k_1000,15.0,23.0,Daisy,,,,,,0.0
c_s_k_1000,15.0,23.0,Tulip,,,,,,0.0
c_s_k_1000,15.0,23.0,Maryj,,,,,,0.0
c_s_k_1000,15.0,25.0,Poppy,,,,,,0.0
c_s_k_1000,15.0,25.0,Oxlip,,,,,,0.0007101072552400631
c_s_k_1000,15.0,25.0,Daisy,,,,,,0.0
c_s_k_1000,15.0,25.0,Tulip,,,,,,0.0
c_s_k_1000,15.0,25.0,Maryj,,,,,,0.0
c_s_k_1000,15.0,29.0,Poppy,,,,,,0.00013836814415347224
c_s_k_1000,15.0,29.0,Oxlip,,,,,,0.0
c_s_k_1000,15.0,29.0,Daisy,,,,,,0.0
c_s_k_1000,15.0,29.0,Tulip,,,,,,0.0
c_s_k_1000,15.0,29.0,Maryj,,,,,,0.0
c_s_k_1000,15.0,30.0,Poppy,,,,,,0.0
c_s_k_1000,15.0,30.0,Oxlip,,,,,,0.0
c_s_k_1000,15.0,30.0,Daisy,,,,,,0.0015278295955733795
c_s_k_1000,15.0,30.0,Tulip,,,,,,0.0
c_s_k_1000,15.0,30.0,Maryj,,,,,,0.0
c_s_k_1000,16.0,20.0,Poppy,,,,,,1.333098623028461e-07
c_s_k_1000,16.0,20.0,Oxlip,,,,,,0.0
c_s_k_1000,16.0,20.0,Daisy,,,,,,0.0
c_s_k_1000,16.0,20.0,Tulip,,,,,,0.0
c_s_k_1000,16.0,20.0,Maryj,,,,,,0.0
c_s_k_1000,16.0,22.0,Poppy,,,,,,2.4537113413804987e-07
c_s_k_1000,16.0,22.0,Oxlip,,,,,,0.0
c_s_k_1000,16.0,22.0,Daisy,,,,,,0.0
c_s_k_1000,16.0,22.0,Tulip,,,,,,0.0
c_s_k_1000,16.0,22.0,Maryj,,,,,,0.0
c_s_k_1000,16.0,23.0,Poppy,,,,,,0.0007210817191104072
c_s_k_1000,16.0,23.0,Oxlip,,,,,,0.0
c_s_k_1000,16.0,23.0,Daisy,,,,,,0.0
c_s_k_1000,16.0,23.0,Tulip,,,,,,0.0
c_s_k_1000,16.0,23.0,Maryj,,,,,,0.0
c_s_k_1000,16.0,25.0,Poppy,,,,,,0.0
c_s_k_1000,16.0,25.0,Oxlip,,,,,,0.0007212145425961228
c_s_k_1000,16.0,25.0,Daisy,,,,,,0.0
c_s_k_1000,16.0,25.0,Tulip,,,,,,0.0
c_s_k_1000,16.0,25.0,Maryj,,,,,,0.0
c_s_k_1000,16.0,29.0,Poppy,,,,,,0.00014017566423486015
c_s_k_1000,16.0,29.0,Oxlip,,,,,,0.0
c_s_k_1000,16.0,29.0,Daisy,,,,,,0.0
c_s_k_1000,16.0,29.0,Tulip,,,,,,0.0
c_s_k_1000,16.0,29.0,Maryj,,,,,,0.0
c_s_k_1000,16.0,30.0,Poppy,,,,,,0.0
c_s_k_1000,16.0,30.0,Oxlip,,,,,,0.0
c_s_k_1000,16.0,30.0,Daisy,,,,,,0.0015503880928585542
c_s_k_1000,16.0,30.0,Tulip,,,,,,0.0
c_s_k_1000,16.0,30.0,Maryj,,,,,,0.0
c_s_k_1000,17.0,20.0,Poppy,,,,,,5.950261408647507e-08
c_s_k_1000,17.0,20.0,Oxlip,,,,,,0.0
c_s_k_1000,17.0,20.0,Daisy,,,,,,0.0
c_s_k_1000,17.0,20.0,Tulip,,,,,,0.0
c_s_k_1000,17.0,20.0,Maryj,,,,,,0.0
c_s_k_1000,17.0,22.0,Poppy,,,,,,2.39925347599204e-07
c_s_k_1000,17.0,22.0,Oxlip,,,,,,0.0
c_s_k_1000,17.0,22.0,Daisy,,,,,,0.0
c_s_k_1000,17.0,22.0,Tulip,,,,,,0.0
c_s_k_1000,17.0,22.0,Maryj,,,,,,0.0
c_s_k_1000,17.0,23.0,Poppy,,,,,,0.00038032803074673966
c_s_k_1000,17.0,23.0,Oxlip,,,,,,0.0
c_s_k_1000,17.0,23.0,Daisy,,,,,,0.0
c_s_k_1000,17.0,23.0,Tulip,,,,,,0.0
c_s_k_1000,17.0,23.0,Maryj,,,,,,0.0
c_s_k_1000,17.0,25.0,Poppy,,,,,,0.0
c_s_k_1000,17.0,25.0,Oxlip,,,,,,0.0003803860045179287
c_s_k_1000,17.0,25.0,Daisy,,,,,,0.0
c_s_k_1000,17.0,25.0,Tulip,,,,,,0.0
c_s_k_1000,17.0,25.0,Maryj,,,,,,0.0
c_s_k_1000,17.0,29.0,Poppy,,,,,,7.502913663975356e-05
c_s_k_1000,17.0,29.0,Oxlip,,,,,,0.0
c_s_k_1000,17.0,29.0,Daisy,,,,,,0.0
c_s_k_1000,17.0,29.0,Tulip,,,,,,0.0
c_s_k_1000,17.0,29.0,Maryj,,,,,,0.0
c_s_k_1000,17.0,30.0,Poppy,,,,,,0.0
c_s_k_1000,17.0,30.0,Oxlip,,,,,,0.0
c_s_k_1000,17.0,30.0,Daisy,,,,,,0.0008183790705762006
c_s_k_1000,17.0,30.0,Tulip,,,,,,0.0
c_s_k_1000,17.0,30.0,Maryj,,,,,,0.0
c_s_k_1000,18.0,20.0,Poppy,,,,,,2.1150006535936e-08
c_s_k_1000,18.0,20.0,Oxlip,,,,,,0.0
c_s_k_1000,18.0,20.0,Daisy,,,,,,0.0
c_s_k_1000,18.0,20.0,Tulip,,,,,,0.0
c_s_k_1000,18.0,20.0,Maryj,,,,,,0.0
c_s_k_1000,18.0,22.0,Poppy,,,,,,2.3737836866139631e-07
c_s_k_1000,18.0,22.0,Oxlip,,,,,,0.0
c_s_k_1000,18.0,22.0,Daisy,,,,,,0.0
c_s_k_1000,18.0,22.0,Tulip,,,,,,0.0
c_s_k_1000,18.0,22.0,Maryj,,,,,,0.0
c_s_k_1000,18.0,23.0,Poppy,,,,,,0.00028574656867729484
c_s_k_1000,18.0,23.0,Oxlip,,,,,,0.0
c_s_k_1000,18.0,23.0,Daisy,,,,,,0.0
c_s_k_1000,18.0,23.0,Tulip,,,,,,0.0
c_s_k_1000,18.0,23.0,Maryj,,,,,,0.0
c_s_k_1000,18.0,25.0,Poppy,,,,,,0.0
c_s_k_1000,18.0,25.0,Oxlip,,,,,,0.000285776091532797
c_s_k_1000,18.0,25.0,Daisy,,,,,,0.0
c_s_k_1000,18.0,25.0,Tulip,,,,,,0.0
c_s_k_1000,18.0,25.0,Maryj,,,,,,0.0
c_s_k_1000,18.0,29.0,Poppy,,,,,,5.863780986046186e-05
c_s_k_1000,18.0,29.0,Oxlip,,,,,,0.0
c_s_k_1000,18.0,29.0,Daisy,,,,,,0.0
c_s_k_1000,18.0,29.0,Tulip,,,,,,0.0
c_s_k_1000,18.0,29.0,Maryj,,,,,,0.0
c_s_k_1000,18.0,30.0,Poppy,,,,,,0.0
c_s_k_1000,18.0,30.0,Oxlip,,,,,,0.0
c_s_k_1000,18.0,30.0,Daisy,,,,,,0.0006414236898814199
c_s_k_1000,18.0,30.0,Tulip,,,,,,0.0
c_s_k_1000,18.0,30.0,Maryj,,,,,,0.0
c_s_k_1000,19.0,20.0,Poppy,,,,,,1.5232744721003943e-08
c_s_k_1000,19.0,20.0,Oxlip,,,,,,0.0
c_s_k_1000,19.0,20.0,Daisy,,,,,,0.0
c_s_k_1000,19.0,20.0,Tulip,,,,,,0.0
c_s_k_1000,19.0,20.0,Maryj,,,,,,0.0
c_s_k_1000,19.0,22.0,Poppy,,,,,,2.331950783928204e-07
c_s_k_1000,19.0,22.0,Oxlip,,,,,,0.0
c_s_k_1000,19.0,22.0,Daisy,,,,,,0.0
c_s_k_1000,19.0,22.0,Tulip,,,,,,0.0
c_s_k_1000,19.0,22.0,Maryj,,,,,,0.0
c_s_k_1000,19.0,23.0,Poppy,,,,,,0.00030355110971682823
c_s_k_1000,19.0,23.0,Oxlip,,,,,,0.0
c_s_k_1000,19.0,23.0,Daisy,,,,,,0.0
c_s_k_1000,19.0,23.0,Tulip,,,,,,0.0
c_s_k_1000,19.0,23.0,Maryj,,,,,,0.0
c_s_k_1000,19.0,25.0,Poppy,,,,,,0.0
c_s_k_1000,19.0,25.0,Oxlip,,,,,,0.000303582472107604
c_s_k_1000,19.0,25.0,Daisy,,,,,,0.0
c_s_k_1000,19.0,25.0,Tulip,,,,,,0.0
c_s_k_1000,19.0,25.0,Maryj,,,,,,0.0
c_s_k_1000,19.0,29.0,Poppy,,,,,,6.309761354362396e-05
c_s_k_1000,19.0,29.0,Oxlip,,,,,,0.0
c_s_k_1000,19.0,29.0,Daisy,,,,,,0.0
c_s_k_1000,19.0,29.0,Tulip,,,,,,0.0
c_s_k_1000,19.0,29.0,Maryj,,,,,,0.0
c_s_k_1000,19.0,30.0,Poppy,,,,,,0.0
c_s_k_1000,19.0,30.0,Oxlip,,,,,,0.0
c_s_k_1000,19.0,30.0,Daisy,,,,,,0.0006869653493841905
c_s_k_1000,19.0,30.0,Tulip,,,,,,0.0
c_s_k_1000,19.0,30.0,Maryj,,,,,,0.0
c_s_k_1000,20.0,20.0,Poppy,,,,,,1.5417426944102465e-08
c_s_k_1000,20.0,20.0,Oxlip,,,,,,0.0
c_s_k_1000,20.0,20.0,Daisy,,,,,,0.0
c_s_k_1000,20.0,20.0,Tulip,,,,,,0.0
c_s_k_1000,20.0,20.0,Maryj,,,,,,0.0
c_s_k_1000,20.0,22.0,Poppy,,,,,,1.0603976082328634e-07
c_s_k_1000,20.0,22.0,Oxlip,,,,,,0.0
c_s_k_1000,20.0,22.0,Daisy,,,,,,0.0
c_s_k_1000,20.0,22.0,Tulip,,,,,,0.0
c_s_k_1000,20.0,22.0,Maryj,,,,,,0.0
c_s_k_1000,20.0,23.0,Poppy,,,,,,0.00028706436600612955
c_s_k_1000,20.0,23.0,Oxlip,,,,,,0.0
c_s_k_1000,20.0,23.0,Daisy,,,,,,0.0
c_s_k_1000,20.0,23.0,Tulip,,,,,,0.0
c_s_k_1000,20.0,23.0,Maryj,,,,,,0.0
c_s_k_1000,20.0,25.0,Poppy,,,,,,0.0
c_s_k_1000,20.0,25.0,Oxlip,,,,,,0.00028709402501423813
c_s_k_1000,20.0,25.0,Daisy,,,,,,0.0
c_s_k_1000,20.0,25.0,Tulip,,,,,,0.0
c_s_k_1000,20.0,25.0,Maryj,,,,,,0.0
c_s_k_1000,20.0,29.0,Poppy,,,,,,5.9032351692829264e-05
c_s_k_1000,20.0,29.0,Oxlip,,,,,,0.0
c_s_k_1000,20.0,29.0,Daisy,,,,,,0.0
c_s_k_1000,20.0,29.0,Tulip,,,,,,0.0
c_s_k_1000,20.0,29.0,Maryj,,,,,,0.0
c_s_k_1000,20.0,30.0,Poppy,,,,,,0.0
c_s_k_1000,20.0,30.0,Oxlip,,,,,,0.0
c_s_k_1000,20.0,30.0,Daisy,,,,,,0.0006371267208032964
c_s_k_1000,20.0,30.0,Tulip,,,,,,0.0
c_s_k_1000,20.0,30.0,Maryj,,,,,,0.0
c_s_k_1000,21.0,20.0,Poppy,,,,,,1.3757812248962574e-08
c_s_k_1000,21.0,20.0,Oxlip,,,,,,0.0
c_s_k_1000,21.0,20.0,Daisy,,,,,,0.0
c_s_k_1000,21.0,20.0,Tulip,,,,,,0.0
c_s_k_1000,21.0,20.0,Maryj,,,,,,0.0
c_s_k_1000,21.0,22.0,Poppy,,,,,,2.6992615190602555e-08
c_s_k_1000,21.0,22.0,Oxlip,,,,,,0.0
c_s_k_1000,21.0,22.0,Daisy,,,,,,0.0
c_s_k_1000,21.0,22.0,Tulip,,,,,,0.0
c_s_k_1000,21.0,22.0,Maryj,,,,,,0.0
c_s_k_1000,21.0,23.0,Poppy,,,,,,0.0002974061014913964
c_s_k_1000,21.0,23.0,Oxlip,,,,,,0.0
c_s_k_1000,21.0,23.0,Daisy,,,,,,0.0
c_s_k_1000,21.0,23.0,Tulip,,,,,,0.0
c_s_k_1000,21.0,23.0,Maryj,,,,,,0.0
c_s_k_1000,21.0,25.0,Poppy,,,,,,0.0
c_s_k_1000,21.0,25.0,Oxlip,,,,,,0.000297436828990244
c_s_k_1000,21.0,25.0,Daisy,,,,,,0.0
c_s_k_1000,21.0,25.0,Tulip,,,,,,0.0
c_s_k_1000,21.0,25.0,Maryj,,,,,,0.0
c_s_k_1000,21.0,29.0,Poppy,,,,,,6.15643011421239e-05
c_s_k_1000,21.0,29.0,Oxlip,,,,,,0.0
c_s_k_1000,21.0,29.0,Daisy,,,,,,0.0
c_s_k_1000,21.0,29.0,Tulip,,,,,,0.0
c_s_k_1000,21.0,29.0,Maryj,,,,,,0.0
c_s_k_1000,21.0,30.0,Poppy,,,,,,0.0
c_s_k_1000,21.0,30.0,Oxlip,,,,,,0.0
c_s_k_1000,21.0,30.0,Daisy,,,,,,0.000656159944903484
c_s_k_1000,21.0,30.0,Tulip,,,,,,0.0
c_s_k_1000,21.0,30.0,Maryj,,,,,,0.0
c_s_k_1000,22.0,20.0,Poppy,,,,,,1.5417426943840795e-08
c_s_k_1000,22.0,20.0,Oxlip,,,,,,0.0
c_s_k_1000,22.0,20.0,Daisy,,,,,,0.0
c_s_k_1000,22.0,20.0,Tulip,,,,,,0.0
c_s_k_1000,22.0,20.0,Maryj,,,,,,0.0
c_s_k_1000,22.0,22.0,Poppy,,,,,,2.776974003925715e-08
c_s_k_1000,22.0,22.0,Oxlip,,,,,,0.0
c_s_k_1000,22.0,22.0,Daisy,,,,,,0.0
c_s_k_1000,22.0,22.0,Tulip,,,,,,0.0
c_s_k_1000,22.0,22.0,Maryj,,,,,,0.0
c_s_k_1000,22.0,23.0,Poppy,,,,,,0.00027932615509429764
c_s_k_1000,22.0,23.0,Oxlip,,,,,,0.0
c_s_k_1000,22.0,23.0,Daisy,,,,,,0.0
c_s_k_1000,22.0,23.0,Tulip,,,,,,0.0
c_s_k_1000,22.0,23.0,Maryj,,,,,,0.0
c_s_k_1000,22.0,25.0,Poppy,,,,,,0.0
c_s_k_1000,22.0,25.0,Oxlip,,,,,,0.0002793550146034528
c_s_k_1000,22.0,25.0,Daisy,,,,,,0.0
c_s_k_1000,22.0,25.0,Tulip,,,,,,0.0
c_s_k_1000,22.0,25.0,Maryj,,,,,,0.0
c_s_k_1000,22.0,29.0,Poppy,,,,,,5.708025672300778e-05
c_s_k_1000,22.0,29.0,Oxlip,,,,,,0.0
c_s_k_1000,22.0,29.0,Daisy,,,,,,0.0
c_s_k_1000,22.0,29.0,Tulip,,,,,,0.0
c_s_k_1000,22.0,29.0,Maryj,,,,,,0.0
c_s_k_1000,22.0,30.0,Poppy,,,,,,0.0
c_s_k_1000,22.0,30.0,Oxlip,,,,,,0.0
c_s_k_1000,22.0,30.0,Daisy,,,,,,0.0006093725843273029
c_s_k_1000,22.0,30.0,Tulip,,,,,,0.0
c_s_k_1000,22.0,30.0,Maryj,,,,,,0.0
c_s_k_1000,23.0,20.0,Poppy,,,,,,1.4445684906774347e-08
c_s_k_1000,23.0,20.0,Oxlip,,,,,,0.0
c_s_k_1000,23.0,20.0,Daisy,,,,,,0.0
c_s_k_1000,23.0,20.0,Tulip,,,,,,0.0
c_s_k_1000,23.0,20.0,Maryj,,,,,,0.0
c_s_k_1000,23.0,22.0,Poppy,,,,,,1.1579931332054188e-08
c_s_k_1000,23.0,22.0,Oxlip,,,,,,0.0
c_s_k_1000,23.0,22.0,Daisy,,,,,,0.0
c_s_k_1000,23.0,22.0,Tulip,,,,,,0.0
c_s_k_1000,23.0,22.0,Maryj,,,,,,0.0
c_s_k_1000,23.0,23.0,Poppy,,,,,,0.0002713502625347858
c_s_k_1000,23.0,23.0,Oxlip,,,,,,0.0
c_s_k_1000,23.0,23.0,Daisy,,,,,,0.0
c_s_k_1000,23.0,23.0,Tulip,,,,,,0.0
c_s_k_1000,23.0,23.0,Maryj,,,,,,0.0
c_s_k_1000,23.0,25.0,Poppy,,,,,,0.0
c_s_k_1000,23.0,25.0,Oxlip,,,,,,0.000271378297988119
c_s_k_1000,23.0,25.0,Daisy,,,,,,0.0
c_s_k_1000,23.0,25.0,Tulip,,,,,,0.0
c_s_k_1000,23.0,25.0,Maryj,,,,,,0.0
c_s_k_1000,23.0,29.0,Poppy,,,,,,5.5117380216567704e-05
c_s_k_1000,23.0,29.0,Oxlip,,,,,,0.0
c_s_k_1000,23.0,29.0,Daisy,,,,,,0.0
c_s_k_1000,23.0,29.0,Tulip,,,,,,0.0
c_s_k_1000,23.0,29.0,Maryj,,,,,,0.0
c_s_k_1000,23.0,30.0,Poppy,,,,,,0.0
c_s_k_1000,23.0,30.0,Oxlip,,,,,,0.0
c_s_k_1000,23.0,30.0,Daisy,,,,,,0.000586171923116581
c_s_k_1000,23.0,30.0,Tulip,,,,,,0.0
c_s_k_1000,23.0,30.0,Maryj,,,,,,0.0
c_s_k_1000,24.0,20.0,Poppy,,,,,,1.461765734614071e-08
c_s_k_1000,24.0,20.0,Oxlip,,,,,,0.0
c_s_k_1000,24.0,20.0,Daisy,,,,,,0.0
c_s_k_1000,24.0,20.0,Tulip,,,,,,0.0
c_s_k_1000,24.0,20.0,Maryj,,,,,,0.0
c_s_k_1000,24.0,22.0,Poppy,,,,,,2.8340931889981776e-09
c_s_k_1000,24.0,22.0,Oxlip,,,,,,0.0
c_s_k_1000,24.0,22.0,Daisy,,,,,,0.0
c_s_k_1000,24.0,22.0,Tulip,,,,,,0.0
c_s_k_1000,24.0,22.0,Maryj,,,,,,0.0
c_s_k_1000,24.0,23.0,Poppy,,,,,,0.00023577383891376858
c_s_k_1000,24.0,23.0,Oxlip,,,,,,0.0
c_s_k_1000,24.0,23.0,Daisy,,,,,,0.0
c_s_k_1000,24.0,23.0,Tulip,,,,,,0.0
c_s_k_1000,24.0,23.0,Maryj,,,,,,0.0
c_s_k_1000,24.0,25.0,Poppy,,,,,,0.0
c_s_k_1000,24.0,25.0,Oxlip,,,,,,0.00023579819867077155
c_s_k_1000,24.0,25.0,Daisy,,,,,,0.0
c_s_k_1000,24.0,25.0,Tulip,,,,,,0.0
c_s_k_1000,24.0,25.0,Maryj,,,,,,0.0
c_s_k_1000,24.0,29.0,Poppy,,,,,,4.6335671489960555e-05
c_s_k_1000,24.0,29.0,Oxlip,,,,,,0.0
c_s_k_1000,24.0,29.0,Daisy,,,,,,0.0
c_s_k_1000,24.0,29.0,Tulip,,,,,,0.0
c_s_k_1000,24.0,29.0,Maryj,,,,,,0.0
c_s_k_1000,24.0,30.0,Poppy,,,,,,0.0
c_s_k_1000,24.0,30.0,Oxlip,,,,,,0.0
c_s_k_1000,24.0,30.0,Daisy,,,,,,0.0004916047262420765
c_s_k_1000,24.0,30.0,Tulip,,,,,,0.0
c_s_k_1000,24.0,30.0,Maryj,,,,,,0.0
current_squared,1.0,20.0,,,,,,,1.5417426944102466e-05
current_squared,1.0,22.0,,,,,,,2.883513503052664e-06
current_squared,1.0,23.0,,,,,,,0.24414853734514183
current_squared,1.0,25.0,,,,,,,0.24417376236191962
current_squared,1.0,29.0,,,,,,,0.04836234891484693
current_squared,1.0,30.0,,,,,,,0.5131920425571843
current_squared,2.0,20.0,,,,,,,1.5417426944102466e-05
current_squared,2.0,22.0,,,,,,,2.243436879298853e-06
current_squared,2.0,23.0,,,,,,,0.24496985433664212
current_squared,2.0,25.0,,,,,,,0.24499516421051185
current_squared,2.0,29.0,,,,,,,0.048562929631448086
current_squared,2.0,30.0,,,,,,,0.5154532326444666
current_squared,3.0,20.0,,,,,,,1.461765734614071e-05
current_squared,3.0,22.0,,,,,,,1.9867724905645484e-06
current_squared,3.0,23.0,,,,,,,0.24425712701111452
current_squared,3.0,25.0,,,,,,,0.2442823632471942
current_squared,3.0,29.0,,,,,,,0.04840744648464506
current_squared,3.0,30.0,,,,,,,0.5137220238556833
current_squared,4.0,20.0,,,,,,,1.461765734614071e-05
current_squared,4.0,22.0,,,,,,,2.0243093527342788e-06
current_squared,4.0,23.0,,,,,,,0.24318386907920367
current_squared,4.0,25.0,,,,,,,0.24320899442807659
current_squared,4.0,29.0,,,,,,,0.04814533715620254
current_squared,4.0,30.0,,,,,,,0.5109336376596716
current_squared,5.0,20.0,,,,,,,1.3655324362906267e-05
current_squared,5.0,22.0,,,,,,,1.9867724905645484e-06
current_squared,5.0,23.0,,,,,,,0.24776966473122053
current_squared,5.0,25.0,,,,,,,0.2477952638767974
current_squared,5.0,29.0,,,,,,,0.04928890805161314
current_squared,5.0,30.0,,,,,,,0.522834300458267
current_squared,6.0,20.0,,,,,,,1.4793430967420261e-05
current_squared,6.0,22.0,,,,,,,2.6173430258469694e-06
current_squared,6.0,23.0,,,,,,,0.29459030780207385
current_squared,6.0,25.0,,,,,,,0.29463010277169777
current_squared,6.0,29.0,,,,,,,0.059286111302515446
current_squared,6.0,30.0,,,,,,,0.6272864427258514
current_squared,7.0,20.0,,,,,,,3.530052442194109e-05
current_squared,7.0,22.0,,,,,,,2.6639797333901534e-06
current_squared,7.0,23.0,,,,,,,0.33170029546206714
current_squared,7.0,25.0,,,,,,,0.33174510346434205
current_squared,7.0,29.0,,,,,,,0.06776120779317756
current_squared,7.0,30.0,,,,,,,0.7184677751800393
current_squared,8.0,20.0,,,,,,,5.915785578942467e-05
current_squared,8.0,22.0,,,,,,,9.65706864972032e-06
current_squared,8.0,23.0,,,,,,,0.8147965644577285
current_squared,8.0,25.0,,,,,,,0.8149466502482459
current_squared,8.0,29.0,,,,,,,0.161567267641623
current_squared,8.0,30.0,,,,,,,1.7334398739118935
current_squared,9.0,20.0,,,,,,,6.340169113763884e-05
current_squared,9.0,22.0,,,,,,,8.507581122295809e-05
current_squared,9.0,23.0,,,,,,,0.7652823020670395
current_squared,9.0,25.0,,,,,,,0.7654232673144212
current_squared,9.0,29.0,,,,,,,0.14916938456253848
current_squared,9.0,30.0,,,,,,,1.625115940328581
current_squared,10.0,20.0,,,,,,,6.341955444431119e-05
current_squared,10.0,22.0,,,,,,,0.00020580686284526215
current_squared,10.0,23.0,,,,,,,0.6930250940428592
current_squared,10.0,25.0,,,,,,,0.6931527494891693
current_squared,10.0,29.0,,,,,,,0.135537164262236
current_squared,10.0,30.0,,,,,,,1.4888945704607415
current_squared,11.0,20.0,,,,,,,6.277951417163763e-05
current_squared,11.0,22.0,,,,,,,0.000198336315015075
current_squared,11.0,23.0,,,,,,,0.6883659142274795
current_squared,11.0,25.0,,,,,,,0.6884927114513619
current_squared,11.0,29.0,,,,,,,0.13469248415913598
current_squared,11.0,30.0,,,,,,,1.4782184173520485
current_squared,12.0,20.0,,,,,,,2.883077312180997e-05
current_squared,12.0,22.0,,,,,,,0.0002040297299419496
current_squared,12.0,23.0,,,,,,,0.6184783743280929
current_squared,12.0,25.0,,,,,,,0.6185922982445381
current_squared,12.0,29.0,,,,,,,0.12039565978247954
current_squared,12.0,30.0,,,,,,,1.322680541695256
current_squared,13.0,20.0,,,,,,,6.862217738419705e-05
current_squared,13.0,22.0,,,,,,,0.00021555216534413886
current_squared,13.0,23.0,,,,,,,0.6959338742797464
current_squared,13.0,25.0,,,,,,,0.6960620655243164
current_squared,13.0,29.0,,,,,,,0.13604389790369376
current_squared,13.0,30.0,,,,,,,1.4956871369188764
current_squared,14.0,20.0,,,,,,,7.893867946273068e-05
current_squared,14.0,22.0,,,,,,,0.00022337205668784553
current_squared,14.0,23.0,,,,,,,0.700909516410616
current_squared,14.0,25.0,,,,,,,0.7010386241700746
current_squared,14.0,29.0,,,,,,,0.136980237257275
current_squared,14.0,30.0,,,,,,,1.5091722800921805
current_squared,15.0,20.0,,,,,,,9.961928426392602e-05
current_squared,15.0,22.0,,,,,,,0.00023654878415598605
current_squared,15.0,23.0,,,,,,,0.7099764773434705
current_squared,15.0,25.0,,,,,,,0.7101072552400631
current_squared,15.0,29.0,,,,,,,0.13836814415347223
current_squared,15.0,30.0,,,,,,,1.5278295955733796
current_squared,16.0,20.0,,,,,,,0.0001333098623028461
current_squared,16.0,22.0,,,,,,,0.0002453711341380499
current_squared,16.0,23.0,,,,,,,0.7210817191104072
current_squared,16.0,25.0,,,,,,,0.7212145425961228
current_squared,16.0,29.0,,,,,,,0.14017566423486016
current_squared,16.0,30.0,,,,,,,1.550388092858554
current_squared,17.0,20.0,,,,,,,5.950261408647507e-05
current_squared,17.0,22.0,,,,,,,0.000239925347599204
current_squared,17.0,23.0,,,,,,,0.38032803074673965
current_squared,17.0,25.0,,,,,,,0.3803860045179287
current_squared,17.0,29.0,,,,,,,0.07502913663975357
current_squared,17.0,30.0,,,,,,,0.8183790705762006
current_squared,18.0,20.0,,,,,,,2.1150006535936e-05
current_squared,18.0,22.0,,,,,,,0.0002373783686613963
current_squared,18.0,23.0,,,,,,,0.28574656867729487
current_squared,18.0,25.0,,,,,,,0.285776091532797
current_squared,18.0,29.0,,,,,,,0.05863780986046186
current_squared,18.0,30.0,,,,,,,0.64142368988142
current_squared,19.0,20.0,,,,,,,1.5232744721003943e-05
current_squared,19.0,22.0,,,,,,,0.0002331950783928204
current_squared,19.0,23.0,,,,,,,0.30355110971682825
current_squared,19.0,25.0,,,,,,,0.303582472107604
current_squared,19.0,29.0,,,,,,,0.06309761354362396
current_squared,19.0,30.0,,,,,,,0.6869653493841905
current_squared,20.0,20.0,,,,,,,1.5417426944102466e-05
current_squared,20.0,22.0,,,,,,,0.00010603976082328635
current_squared,20.0,23.0,,,,,,,0.28706436600612956
current_squared,20.0,25.0,,,,,,,0.28709402501423814
current_squared,20.0,29.0,,,,,,,0.05903235169282926
current_squared,20.0,30.0,,,,,,,0.6371267208032964
current_squared,21.0,20.0,,,,,,,1.3757812248962574e-05
current_squared,21.0,22.0,,,,,,,2.6992615190602556e-05
current_squared,21.0,23.0,,,,,,,0.2974061014913964
current_squared,21.0,25.0,,,,,,,0.297436828990244
current_squared,21.0,29.0,,,,,,,0.0615643011421239
current_squared,21.0,30.0,,,,,,,0.6561599449034841
current_squared,22.0,20.0,,,,,,,1.5417426943840794e-05
current_squared,22.0,22.0,,,,,,,2.776974003925715e-05
current_squared,22.0,23.0,,,,,,,0.27932615509429765
current_squared,22.0,25.0,,,,,,,0.2793550146034528
current_squared,22.0,29.0,,,,,,,0.057080256723007775
current_squared,22.0,30.0,,,,,,,0.6093725843273029
current_squared,23.0,20.0,,,,,,,1.4445684906774348e-05
current_squared,23.0,22.0,,,,,,,1.1579931332054189e-05
current_squared,23.0,23.0,,,,,,,0.2713502625347858
current_squared,23.0,25.0,,,,,,,0.271378297988119
current_squared,23.0,29.0,,,,,,,0.0551173802165677
current_squared,23.0,30.0,,,,,,,0.5861719231165811
current_squared,24.0,20.0,,,,,,,1.461765734614071e-05
current_squared,24.0,22.0,,,,,,,2.8340931889981775e-06
current_squared,24.0,23.0,,,,,,,0.23577383891376857
current_squared,24.0,25.0,,,,,,,0.23579819867077154
current_squared,24.0,29.0,,,,,,,0.04633567148996055
current_squared,24.0,30.0,,,,,,,0.4916047262420765
current_slack,1.0,20.0,Poppy,,,,,,0.0
current_slack,1.0,20.0,Oxlip,,,,,,0.0
current_slack,1.0,20.0,Daisy,,,,,,0.0
current_slack,1.0,20.0,Tulip,,,,,,0.0
current_slack,1.0,20.0,Maryj,,,,,,0.0
current_slack,1.0,22.0,Poppy,,,,,,0.0
current_slack,1.0,22.0,Oxlip,,,,,,0.0
current_slack,1.0,22.0,Daisy,,,,,,0.0
current_slack,1.0,22.0,Tulip,,,,,,0.0
current_slack,1.0,22.0,Maryj,,,,,,0.0
current_slack,1.0,23.0,Poppy,,,,,,0.0
current_slack,1.0,23.0,Oxlip,,,,,,0.0
current_slack,1.0,23.0,Daisy,,,,,,0.0
current_slack,1.0,23.0,Tulip,,,,,,0.0
current_slack,1.0,23.0,Maryj,,,,,,0.0
current_slack,1.0,25.0,Poppy,,,,,,0.0
current_slack,1.0,25.0,Oxlip,,,,,,0.0
current_slack,1.0,25.0,Daisy,,,,,,0.0
current_slack,1.0,25.0,Tulip,,,,,,0.0
current_slack,1.0,25.0,Maryj,,,,,,0.0
current_slack,1.0,29.0,Poppy,,,,,,0.0
current_slack,1.0,29.0,Oxlip,,,,,,0.0
current_slack,1.0,29.0,Daisy,,,,,,0.0
current_slack,1.0,29.0,Tulip,,,,,,0.0
current_slack,1.0,29.0,Maryj,,,,,,0.0
current_slack,1.0,30.0,Poppy,,,,,,0.0
current_slack,1.0,30.0,Oxlip,,,,,,0.0
current_slack,1.0,30.0,Daisy,,,,,,0.0
current_slack,1.0,30.0,Tulip,,,,,,0.0
current_slack,1.0,30.0,Maryj,,,,,,0.0
current_slack,2.0,20.0,Poppy,,,,,,0.0
current_slack,2.0,20.0,Oxlip,,,,,,0.0
current_slack,2.0,20.0,Daisy,,,,,,0.0
current_slack,2.0,20.0,Tulip,,,,,,0.0
current_slack,2.0,20.0,Maryj,,,,,,0.0
current_slack,2.0,22.0,Poppy,,,,,,0.0
current_slack,2.0,22.0,Oxlip,,,,,,0.0
current_slack,2.0,22.0,Daisy,,,,,,0.0
current_slack,2.0,22.0,Tulip,,,,,,0.0
current_slack,2.0,22.0,Maryj,,,,,,0.0
current_slack,2.0,23.0,Poppy,,,,,,0.0
current_slack,2.0,23.0,Oxlip,,,,,,0.0
current_slack,2.0,23.0,Daisy,,,,,,0.0
current_slack,2.0,23.0,Tulip,,,,,,0.0
current_slack,2.0,23.0,Maryj,,,,,,0.0
current_slack,2.0,25.0,Poppy,,,,,,0.0
current_slack,2.0,25.0,Oxlip,,,,,,0.0
current_slack,2.0,25.0,Daisy,,,,,,0.0
current_slack,2.0,25.0,Tulip,,,,,,0.0
current_slack,2.0,25.0,Maryj,,,,,,0.0
current_slack,2.0,29.0,Poppy,,,,,,0.0
current_slack,2.0,29.0,Oxlip,,,,,,0.0
current_slack,2.0,29.0,Daisy,,,,,,0.0
current_slack,2.0,29.0,Tulip,,,,,,0.0
current_slack,2.0,29.0,Maryj,,,,,,0.0
current_slack,2.0,30.0,Poppy,,,,,,0.0
current_slack,2.0,30.0,Oxlip,,,,,,0.0
current_slack,2.0,30.0,Daisy,,,,,,0.0
current_slack,2.0,30.0,Tulip,,,,,,0.0
current_slack,2.0,30.0,Maryj,,,,,,0.0
current_slack,3.0,20.0,Poppy,,,,,,0.0
current_slack,3.0,20.0,Oxlip,,,,,,0.0
current_slack,3.0,20.0,Daisy,,,,,,0.0
current_slack,3.0,20.0,Tulip,,,,,,0.0
current_slack,3.0,20.0,Maryj,,,,,,0.0
current_slack,3.0,22.0,Poppy,,,,,,0.0
current_slack,3.0,22.0,Oxlip,,,,,,0.0
current_slack,3.0,22.0,Daisy,,,,,,0.0
current_slack,3.0,22.0,Tulip,,,,,,0.0
current_slack,3.0,22.0,Maryj,,,,,,0.0
current_slack,3.0,23.0,Poppy,,,,,,0.0
current_slack,3.0,23.0,Oxlip,,,,,,0.0
current_slack,3.0,23.0,Daisy,,,,,,0.0
current_slack,3.0,23.0,Tulip,,,,,,0.0
current_slack,3.0,23.0,Maryj,,,,,,0.0
current_slack,3.0,25.0,Poppy,,,,,,0.0
current_slack,3.0,25.0,Oxlip,,,,,,0.0
current_slack,3.0,25.0,Daisy,,,,,,0.0
current_slack,3.0,25.0,Tulip,,,,,,0.0
current_slack,3.0,25.0,Maryj,,,,,,0.0
current_slack,3.0,29.0,Poppy,,,,,,0.0
current_slack,3.0,29.0,Oxlip,,,,,,0.0
current_slack,3.0,29.0,Daisy,,,,,,0.0
current_slack,3.0,29.0,Tulip,,,,,,0.0
current_slack,3.0,29.0,Maryj,,,,,,0.0
current_slack,3.0,30.0,Poppy,,,,,,0.0
current_slack,3.0,30.0,Oxlip,,,,,,0.0
current_slack,3.0,30.0,Daisy,,,,,,0.0
current_slack,3.0,30.0,Tulip,,,,,,0.0
current_slack,3.0,30.0,Maryj,,,,,,0.0
current_slack,4.0,20.0,Poppy,,,,,,0.0
current_slack,4.0,20.0,Oxlip,,,,,,0.0
current_slack,4.0,20.0,Daisy,,,,,,0.0
current_slack,4.0,20.0,Tulip,,,,,,0.0
current_slack,4.0,20.0,Maryj,,,,,,0.0
current_slack,4.0,22.0,Poppy,,,,,,0.0
current_slack,4.0,22.0,Oxlip,,,,,,0.0
current_slack,4.0,22.0,Daisy,,,,,,0.0
current_slack,4.0,22.0,Tulip,,,,,,0.0
current_slack,4.0,22.0,Maryj,,,,,,0.0
current_slack,4.0,23.0,Poppy,,,,,,0.0
current_slack,4.0,23.0,Oxlip,,,,,,0.0
current_slack,4.0,23.0,Daisy,,,,,,0.0
current_slack,4.0,23.0,Tulip,,,,,,0.0
current_slack,4.0,23.0,Maryj,,,,,,0.0
current_slack,4.0,25.0,Poppy,,,,,,0.0
current_slack,4.0,25.0,Oxlip,,,,,,0.0
current_slack,4.0,25.0,Daisy,,,,,,0.0
current_slack,4.0,25.0,Tulip,,,,,,0.0
current_slack,4.0,25.0,Maryj,,,,,,0.0
current_slack,4.0,29.0,Poppy,,,,,,0.0
current_slack,4.0,29.0,Oxlip,,,,,,0.0
current_slack,4.0,29.0,Daisy,,,,,,0.0
current_slack,4.0,29.0,Tulip,,,,,,0.0
current_slack,4.0,29.0,Maryj,,,,,,0.0
current_slack,4.0,30.0,Poppy,,,,,,0.0
current_slack,4.0,30.0,Oxlip,,,,,,0.0
current_slack,4.0,30.0,Daisy,,,,,,0.0
current_slack,4.0,30.0,Tulip,,,,,,0.0
current_slack,4.0,30.0,Maryj,,,,,,0.0
current_slack,5.0,20.0,Poppy,,,,,,0.0
current_slack,5.0,20.0,Oxlip,,,,,,0.0
current_slack,5.0,20.0,Daisy,,,,,,0.0
current_slack,5.0,20.0,Tulip,,,,,,0.0
current_slack,5.0,20.0,Maryj,,,,,,0.0
current_slack,5.0,22.0,Poppy,,,,,,0.0
current_slack,5.0,22.0,Oxlip,,,,,,0.0
current_slack,5.0,22.0,Daisy,,,,,,0.0
current_slack,5.0,22.0,Tulip,,,,,,0.0
current_slack,5.0,22.0,Maryj,,,,,,0.0
current_slack,5.0,23.0,Poppy,,,,,,0.0
current_slack,5.0,23.0,Oxlip,,,,,,0.0
current_slack,5.0,23.0,Daisy,,,,,,0.0
current_slack,5.0,23.0,Tulip,,,,,,0.0
current_slack,5.0,23.0,Maryj,,,,,,0.0
current_slack,5.0,25.0,Poppy,,,,,,0.0
current_slack,5.0,25.0,Oxlip,,,,,,0.0
current_slack,5.0,25.0,Daisy,,,,,,0.0
current_slack,5.0,25.0,Tulip,,,,,,0.0
current_slack,5.0,25.0,Maryj,,,,,,0.0
current_slack,5.0,29.0,Poppy,,,,,,0.0
current_slack,5.0,29.0,Oxlip,,,,,,0.0
current_slack,5.0,29.0,Daisy,,,,,,0.0
current_slack,5.0,29.0,Tulip,,,,,,0.0
current_slack,5.0,29.0,Maryj,,,,,,0.0
current_slack,5.0,30.0,Poppy,,,,,,0.0
current_slack,5.0,30.0,Oxlip,,,,,,0.0
current_slack,5.0,30.0,Daisy,,,,,,0.0
current_slack,5.0,30.0,Tulip,,,,,,0.0
current_slack,5.0,30.0,Maryj,,,,,,0.0
current_slack,6.0,20.0,Poppy,,,,,,0.0
current_slack,6.0,20.0,Oxlip,,,,,,0.0
current_slack,6.0,20.0,Daisy,,,,,,0.0
current_slack,6.0,20.0,Tulip,,,,,,0.0
current_slack,6.0,20.0,Maryj,,,,,,0.0
current_slack,6.0,22.0,Poppy,,,,,,0.0
current_slack,6.0,22.0,Oxlip,,,,,,0.0
current_slack,6.0,22.0,Daisy,,,,,,0.0
current_slack,6.0,22.0,Tulip,,,,,,0.0
current_slack,6.0,22.0,Maryj,,,,,,0.0
current_slack,6.0,23.0,Poppy,,,,,,0.0
current_slack,6.0,23.0,Oxlip,,,,,,0.0
current_slack,6.0,23.0,Daisy,,,,,,0.0
current_slack,6.0,23.0,Tulip,,,,,,0.0
current_slack,6.0,23.0,Maryj,,,,,,0.0
current_slack,6.0,25.0,Poppy,,,,,,0.0
current_slack,6.0,25.0,Oxlip,,,,,,0.0
current_slack,6.0,25.0,Daisy,,,,,,0.0
current_slack,6.0,25.0,Tulip,,,,,,0.0
current_slack,6.0,25.0,Maryj,,,,,,0.0
current_slack,6.0,29.0,Poppy,,,,,,0.0
current_slack,6.0,29.0,Oxlip,,,,,,0.0
current_slack,6.0,29.0,Daisy,,,,,,0.0
current_slack,6.0,29.0,Tulip,,,,,,0.0
current_slack,6.0,29.0,Maryj,,,,,,0.0
current_slack,6.0,30.0,Poppy,,,,,,0.0
current_slack,6.0,30.0,Oxlip,,,,,,0.0
current_slack,6.0,30.0,Daisy,,,,,,0.0
current_slack,6.0,30.0,Tulip,,,,,,0.0
current_slack,6.0,30.0,Maryj,,,,,,0.0
current_slack,7.0,20.0,Poppy,,,,,,0.0
current_slack,7.0,20.0,Oxlip,,,,,,0.0
current_slack,7.0,20.0,Daisy,,,,,,0.0
current_slack,7.0,20.0,Tulip,,,,,,0.0
current_slack,7.0,20.0,Maryj,,,,,,0.0
current_slack,7.0,22.0,Poppy,,,,,,0.0
current_slack,7.0,22.0,Oxlip,,,,,,0.0
current_slack,7.0,22.0,Daisy,,,,,,0.0
current_slack,7.0,22.0,Tulip,,,,,,0.0
current_slack,7.0,22.0,Maryj,,,,,,0.0
current_slack,7.0,23.0,Poppy,,,,,,0.0
current_slack,7.0,23.0,Oxlip,,,,,,0.0
current_slack,7.0,23.0,Daisy,,,,,,0.0
current_slack,7.0,23.0,Tulip,,,,,,0.0
current_slack,7.0,23.0,Maryj,,,,,,0.0
current_slack,7.0,25.0,Poppy,,,,,,0.0
current_slack,7.0,25.0,Oxlip,,,,,,0.0
current_slack,7.0,25.0,Daisy,,,,,,0.0
current_slack,7.0,25.0,Tulip,,,,,,0.0
current_slack,7.0,25.0,Maryj,,,,,,0.0
current_slack,7.0,29.0,Poppy,,,,,,0.0
current_slack,7.0,29.0,Oxlip,,,,,,0.0
current_slack,7.0,29.0,Daisy,,,,,,0.0
current_slack,7.0,29.0,Tulip,,,,,,0.0
current_slack,7.0,29.0,Maryj,,,,,,0.0
current_slack,7.0,30.0,Poppy,,,,,,0.0
current_slack,7.0,30.0,Oxlip,,,,,,0.0
current_slack,7.0,30.0,Daisy,,,,,,0.0
current_slack,7.0,30.0,Tulip,,,,,,0.0
current_slack,7.0,30.0,Maryj,,,,,,0.0
current_slack,8.0,20.0,Poppy,,,,,,0.0
current_slack,8.0,20.0,Oxlip,,,,,,0.0
current_slack,8.0,20.0,Daisy,,,,,,0.0
current_slack,8.0,20.0,Tulip,,,,,,0.0
current_slack,8.0,20.0,Maryj,,,,,,0.0
current_slack,8.0,22.0,Poppy,,,,,,0.0
current_slack,8.0,22.0,Oxlip,,,,,,0.0
current_slack,8.0,22.0,Daisy,,,,,,0.0
current_slack,8.0,22.0,Tulip,,,,,,0.0
current_slack,8.0,22.0,Maryj,,,,,,0.0
current_slack,8.0,23.0,Poppy,,,,,,0.0
current_slack,8.0,23.0,Oxlip,,,,,,0.0
current_slack,8.0,23.0,Daisy,,,,,,0.0
current_slack,8.0,23.0,Tulip,,,,,,0.0
current_slack,8.0,23.0,Maryj,,,,,,0.0
current_slack,8.0,25.0,Poppy,,,,,,0.0
current_slack,8.0,25.0,Oxlip,,,,,,0.0
current_slack,8.0,25.0,Daisy,,,,,,0.0
current_slack,8.0,25.0,Tulip,,,,,,0.0
current_slack,8.0,25.0,Maryj,,,,,,0.0
current_slack,8.0,29.0,Poppy,,,,,,0.0
current_slack,8.0,29.0,Oxlip,,,,,,0.0
current_slack,8.0,29.0,Daisy,,,,,,0.0
current_slack,8.0,29.0,Tulip,,,,,,0.0
current_slack,8.0,29.0,Maryj,,,,,,0.0
current_slack,8.0,30.0,Poppy,,,,,,0.0
current_slack,8.0,30.0,Oxlip,,,,,,0.0
current_slack,8.0,30.0,Daisy,,,,,,0.0
current_slack,8.0,30.0,Tulip,,,,,,0.0
current_slack,8.0,30.0,Maryj,,,,,,0.0
current_slack,9.0,20.0,Poppy,,,,,,0.0
current_slack,9.0,20.0,Oxlip,,,,,,0.0
current_slack,9.0,20.0,Daisy,,,,,,0.0
current_slack,9.0,20.0,Tulip,,,,,,0.0
current_slack,9.0,20.0,Maryj,,,,,,0.0
current_slack,9.0,22.0,Poppy,,,,,,0.0
current_slack,9.0,22.0,Oxlip,,,,,,0.0
current_slack,9.0,22.0,Daisy,,,,,,0.0
current_slack,9.0,22.0,Tulip,,,,,,0.0
current_slack,9.0,22.0,Maryj,,,,,,0.0
current_slack,9.0,23.0,Poppy,,,,,,0.0
current_slack,9.0,23.0,Oxlip,,,,,,0.0
current_slack,9.0,23.0,Daisy,,,,,,0.0
current_slack,9.0,23.0,Tulip,,,,,,0.0
current_slack,9.0,23.0,Maryj,,,,,,0.0
current_slack,9.0,25.0,Poppy,,,,,,0.0
current_slack,9.0,25.0,Oxlip,,,,,,0.0
current_slack,9.0,25.0,Daisy,,,,,,0.0
current_slack,9.0,25.0,Tulip,,,,,,0.0
current_slack,9.0,25.0,Maryj,,,,,,0.0
current_slack,9.0,29.0,Poppy,,,,,,0.0
current_slack,9.0,29.0,Oxlip,,,,,,0.0
current_slack,9.0,29.0,Daisy,,,,,,0.0
current_slack,9.0,29.0,Tulip,,,,,,0.0
current_slack,9.0,29.0,Maryj,,,,,,0.0
current_slack,9.0,30.0,Poppy,,,,,,0.0
current_slack,9.0,30.0,Oxlip,,,,,,0.0
current_slack,9.0,30.0,Daisy,,,,,,0.0
current_slack,9.0,30.0,Tulip,,,,,,0.0
current_slack,9.0,30.0,Maryj,,,,,,0.0
current_slack,10.0,20.0,Poppy,,,,,,0.0
current_slack,10.0,20.0,Oxlip,,,,,,0.0
current_slack,10.0,20.0,Daisy,,,,,,0.0
current_slack,10.0,20.0,Tulip,,,,,,0.0
current_slack,10.0,20.0,Maryj,,,,,,0.0
current_slack,10.0,22.0,Poppy,,,,,,0.0
current_slack,10.0,22.0,Oxlip,,,,,,0.0
current_slack,10.0,22.0,Daisy,,,,,,0.0
current_slack,10.0,22.0,Tulip,,,,,,0.0
current_slack,10.0,22.0,Maryj,,,,,,0.0
current_slack,10.0,23.0,Poppy,,,,,,0.0
current_slack,10.0,23.0,Oxlip,,,,,,0.0
current_slack,10.0,23.0,Daisy,,,,,,0.0
current_slack,10.0,23.0,Tulip,,,,,,0.0
current_slack,10.0,23.0,Maryj,,,,,,0.0
current_slack,10.0,25.0,Poppy,,,,,,0.0
current_slack,10.0,25.0,Oxlip,,,,,,0.0
current_slack,10.0,25.0,Daisy,,,,,,0.0
current_slack,10.0,25.0,Tulip,,,,,,0.0
current_slack,10.0,25.0,Maryj,,,,,,0.0
current_slack,10.0,29.0,Poppy,,,,,,0.0
current_slack,10.0,29.0,Oxlip,,,,,,0.0
current_slack,10.0,29.0,Daisy,,,,,,0.0
current_slack,10.0,29.0,Tulip,,,,,,0.0
current_slack,10.0,29.0,Maryj,,,,,,0.0
current_slack,10.0,30.0,Poppy,,,,,,0.0
current_slack,10.0,30.0,Oxlip,,,,,,0.0
current_slack,10.0,30.0,Daisy,,,,,,0.0
current_slack,10.0,30.0,Tulip,,,,,,0.0
current_slack,10.0,30.0,Maryj,,,,,,0.0
current_slack,11.0,20.0,Poppy,,,,,,0.0
current_slack,11.0,20.0,Oxlip,,,,,,0.0
current_slack,11.0,20.0,Daisy,,,,,,0.0
current_slack,11.0,20.0,Tulip,,,,,,0.0
current_slack,11.0,20.0,Maryj,,,,,,0.0
current_slack,11.0,22.0,Poppy,,,,,,0.0
current_slack,11.0,22.0,Oxlip,,,,,,0.0
current_slack,11.0,22.0,Daisy,,,,,,0.0
current_slack,11.0,22.0,Tulip,,,,,,0.0
current_slack,11.0,22.0,Maryj,,,,,,0.0
current_slack,11.0,23.0,Poppy,,,,,,0.0
current_slack,11.0,23.0,Oxlip,,,,,,0.0
current_slack,11.0,23.0,Daisy,,,,,,0.0
current_slack,11.0,23.0,Tulip,,,,,,0.0
current_slack,11.0,23.0,Maryj,,,,,,0.0
current_slack,11.0,25.0,Poppy,,,,,,0.0
current_slack,11.0,25.0,Oxlip,,,,,,0.0
current_slack,11.0,25.0,Daisy,,,,,,0.0
current_slack,11.0,25.0,Tulip,,,,,,0.0
current_slack,11.0,25.0,Maryj,,,,,,0.0
current_slack,11.0,29.0,Poppy,,,,,,0.0
current_slack,11.0,29.0,Oxlip,,,,,,0.0
current_slack,11.0,29.0,Daisy,,,,,,0.0
current_slack,11.0,29.0,Tulip,,,,,,0.0
current_slack,11.0,29.0,Maryj,,,,,,0.0
current_slack,11.0,30.0,Poppy,,,,,,0.0
current_slack,11.0,30.0,Oxlip,,,,,,0.0
current_slack,11.0,30.0,Daisy,,,,,,0.0
current_slack,11.0,30.0,Tulip,,,,,,0.0
current_slack,11.0,30.0,Maryj,,,,,,0.0
current_slack,12.0,20.0,Poppy,,,,,,0.0
current_slack,12.0,20.0,Oxlip,,,,,,0.0
current_slack,12.0,20.0,Daisy,,,,,,0.0
current_slack,12.0,20.0,Tulip,,,,,,0.0
current_slack,12.0,20.0,Maryj,,,,,,0.0
current_slack,12.0,22.0,Poppy,,,,,,0.0
current_slack,12.0,22.0,Oxlip,,,,,,0.0
current_slack,12.0,22.0,Daisy,,,,,,0.0
current_slack,12.0,22.0,Tulip,,,,,,0.0
current_slack,12.0,22.0,Maryj,,,,,,0.0
current_slack,12.0,23.0,Poppy,,,,,,0.0
current_slack,12.0,23.0,Oxlip,,,,,,0.0
current_slack,12.0,23.0,Daisy,,,,,,0.0
current_slack,12.0,23.0,Tulip,,,,,,0.0
current_slack,12.0,23.0,Maryj,,,,,,0.0
current_slack,12.0,25.0,Poppy,,,,,,0.0
current_slack,12.0,25.0,Oxlip,,,,,,0.0
current_slack,12.0,25.0,Daisy,,,,,,0.0
current_slack,12.0,25.0,Tulip,,,,,,0.0
current_slack,12.0,25.0,Maryj,,,,,,0.0
current_slack,12.0,29.0,Poppy,,,,,,0.0
current_slack,12.0,29.0,Oxlip,,,,,,0.0
current_slack,12.0,29.0,Daisy,,,,,,0.0
current_slack,12.0,29.0,Tulip,,,,,,0.0
current_slack,12.0,29.0,Maryj,,,,,,0.0
current_slack,12.0,30.0,Poppy,,,,,,0.0
current_slack,12.0,30.0,Oxlip,,,,,,0.0
current_slack,12.0,30.0,Daisy,,,,,,0.0
current_slack,12.0,30.0,Tulip,,,,,,0.0
current_slack,12.0,30.0,Maryj,,,,,,0.0
current_slack,13.0,20.0,Poppy,,,,,,0.0
current_slack,13.0,20.0,Oxlip,,,,,,0.0
current_slack,13.0,20.0,Daisy,,,,,,0.0
current_slack,13.0,20.0,Tulip,,,,,,0.0
current_slack,13.0,20.0,Maryj,,,,,,0.0
current_slack,13.0,22.0,Poppy,,,,,,0.0
current_slack,13.0,22.0,Oxlip,,,,,,0.0
current_slack,13.0,22.0,Daisy,,,,,,0.0
current_slack,13.0,22.0,Tulip,,,,,,0.0
current_slack,13.0,22.0,Maryj,,,,,,0.0
current_slack,13.0,23.0,Poppy,,,,,,0.0
current_slack,13.0,23.0,Oxlip,,,,,,0.0
current_slack,13.0,23.0,Daisy,,,,,,0.0
current_slack,13.0,23.0,Tulip,,,,,,0.0
current_slack,13.0,23.0,Maryj,,,,,,0.0
current_slack,13.0,25.0,Poppy,,,,,,0.0
current_slack,13.0,25.0,Oxlip,,,,,,0.0
current_slack,13.0,25.0,Daisy,,,,,,0.0
current_slack,13.0,25.0,Tulip,,,,,,0.0
current_slack,13.0,25.0,Maryj,,,,,,0.0
current_slack,13.0,29.0,Poppy,,,,,,0.0
current_slack,13.0,29.0,Oxlip,,,,,,0.0
current_slack,13.0,29.0,Daisy,,,,,,0.0
current_slack,13.0,29.0,Tulip,,,,,,0.0
current_slack,13.0,29.0,Maryj,,,,,,0.0
current_slack,13.0,30.0,Poppy,,,,,,0.0
current_slack,13.0,30.0,Oxlip,,,,,,0.0
current_slack,13.0,30.0,Daisy,,,,,,0.0
current_slack,13.0,30.0,Tulip,,,,,,0.0
current_slack,13.0,30.0,Maryj,,,,,,0.0
current_slack,14.0,20.0,Poppy,,,,,,0.0
current_slack,14.0,20.0,Oxlip,,,,,,0.0
current_slack,14.0,20.0,Daisy,,,,,,0.0
current_slack,14.0,20.0,Tulip,,,,,,0.0
current_slack,14.0,20.0,Maryj,,,,,,0.0
current_slack,14.0,22.0,Poppy,,,,,,0.0
current_slack,14.0,22.0,Oxlip,,,,,,0.0
current_slack,14.0,22.0,Daisy,,,,,,0.0
current_slack,14.0,22.0,Tulip,,,,,,0.0
current_slack,14.0,22.0,Maryj,,,,,,0.0
current_slack,14.0,23.0,Poppy,,,,,,0.0
current_slack,14.0,23.0,Oxlip,,,,,,0.0
current_slack,14.0,23.0,Daisy,,,,,,0.0
current_slack,14.0,23.0,Tulip,,,,,,0.0
current_slack,14.0,23.0,Maryj,,,,,,0.0
current_slack,14.0,25.0,Poppy,,,,,,0.0
current_slack,14.0,25.0,Oxlip,,,,,,0.0
current_slack,14.0,25.0,Daisy,,,,,,0.0
current_slack,14.0,25.0,Tulip,,,,,,0.0
current_slack,14.0,25.0,Maryj,,,,,,0.0
current_slack,14.0,29.0,Poppy,,,,,,0.0
current_slack,14.0,29.0,Oxlip,,,,,,0.0
current_slack,14.0,29.0,Daisy,,,,,,0.0
current_slack,14.0,29.0,Tulip,,,,,,0.0
current_slack,14.0,29.0,Maryj,,,,,,0.0
current_slack,14.0,30.0,Poppy,,,,,,0.0
current_slack,14.0,30.0,Oxlip,,,,,,0.0
current_slack,14.0,30.0,Daisy,,,,,,0.0
current_slack,14.0,30.0,Tulip,,,,,,0.0
current_slack,14.0,30.0,Maryj,,,,,,0.0
current_slack,15.0,20.0,Poppy,,,,,,0.0
current_slack,15.0,20.0,Oxlip,,,,,,0.0
current_slack,15.0,20.0,Daisy,,,,,,0.0
current_slack,15.0,20.0,Tulip,,,,,,0.0
current_slack,15.0,20.0,Maryj,,,,,,0.0
current_slack,15.0,22.0,Poppy,,,,,,0.0
current_slack,15.0,22.0,Oxlip,,,,,,0.0
current_slack,15.0,22.0,Daisy,,,,,,0.0
current_slack,15.0,22.0,Tulip,,,,,,0.0
current_slack,15.0,22.0,Maryj,,,,,,0.0
current_slack,15.0,23.0,Poppy,,,,,,0.0
current_slack,15.0,23.0,Oxlip,,,,,,0.0
current_slack,15.0,23.0,Daisy,,,,,,0.0
current_slack,15.0,23.0,Tulip,,,,,,0.0
current_slack,15.0,23.0,Maryj,,,,,,0.0
current_slack,15.0,25.0,Poppy,,,,,,0.0
current_slack,15.0,25.0,Oxlip,,,,,,0.0
current_slack,15.0,25.0,Daisy,,,,,,0.0
current_slack,15.0,25.0,Tulip,,,,,,0.0
current_slack,15.0,25.0,Maryj,,,,,,0.0
current_slack,15.0,29.0,Poppy,,,,,,0.0
current_slack,15.0,29.0,Oxlip,,,,,,0.0
current_slack,15.0,29.0,Daisy,,,,,,0.0
current_slack,15.0,29.0,Tulip,,,,,,0.0
current_slack,15.0,29.0,Maryj,,,,,,0.0
current_slack,15.0,30.0,Poppy,,,,,,0.0
current_slack,15.0,30.0,Oxlip,,,,,,0.0
current_slack,15.0,30.0,Daisy,,,,,,0.0
current_slack,15.0,30.0,Tulip,,,,,,0.0
current_slack,15.0,30.0,Maryj,,,,,,0.0
current_slack,16.0,20.0,Poppy,,,,,,0.0
current_slack,16.0,20.0,Oxlip,,,,,,0.0
current_slack,16.0,20.0,Daisy,,,,,,0.0
current_slack,16.0,20.0,Tulip,,,,,,0.0
current_slack,16.0,20.0,Maryj,,,,,,0.0
current_slack,16.0,22.0,Poppy,,,,,,0.0
current_slack,16.0,22.0,Oxlip,,,,,,0.0
current_slack,16.0,22.0,Daisy,,,,,,0.0
current_slack,16.0,22.0,Tulip,,,,,,0.0
current_slack,16.0,22.0,Maryj,,,,,,0.0
current_slack,16.0,23.0,Poppy,,,,,,0.0
current_slack,16.0,23.0,Oxlip,,,,,,0.0
current_slack,16.0,23.0,Daisy,,,,,,0.0
current_slack,16.0,23.0,Tulip,,,,,,0.0
current_slack,16.0,23.0,Maryj,,,,,,0.0
current_slack,16.0,25.0,Poppy,,,,,,0.0
current_slack,16.0,25.0,Oxlip,,,,,,0.0
current_slack,16.0,25.0,Daisy,,,,,,0.0
current_slack,16.0,25.0,Tulip,,,,,,0.0
current_slack,16.0,25.0,Maryj,,,,,,0.0
current_slack,16.0,29.0,Poppy,,,,,,0.0
current_slack,16.0,29.0,Oxlip,,,,,,0.0
current_slack,16.0,29.0,Daisy,,,,,,0.0
current_slack,16.0,29.0,Tulip,,,,,,0.0
current_slack,16.0,29.0,Maryj,,,,,,0.0
current_slack,16.0,30.0,Poppy,,,,,,0.0
current_slack,16.0,30.0,Oxlip,,,,,,0.0
current_slack,16.0,30.0,Daisy,,,,,,0.0
current_slack,16.0,30.0,Tulip,,,,,,0.0
current_slack,16.0,30.0,Maryj,,,,,,0.0
current_slack,17.0,20.0,Poppy,,,,,,0.0
current_slack,17.0,20.0,Oxlip,,,,,,0.0
current_slack,17.0,20.0,Daisy,,,,,,0.0
current_slack,17.0,20.0,Tulip,,,,,,0.0
current_slack,17.0,20.0,Maryj,,,,,,0.0
current_slack,17.0,22.0,Poppy,,,,,,0.0
current_slack,17.0,22.0,Oxlip,,,,,,0.0
current_slack,17.0,22.0,Daisy,,,,,,0.0
current_slack,17.0,22.0,Tulip,,,,,,0.0
current_slack,17.0,22.0,Maryj,,,,,,0.0
current_slack,17.0,23.0,Poppy,,,,,,0.0
current_slack,17.0,23.0,Oxlip,,,,,,0.0
current_slack,17.0,23.0,Daisy,,,,,,0.0
current_slack,17.0,23.0,Tulip,,,,,,0.0
current_slack,17.0,23.0,Maryj,,,,,,0.0
current_slack,17.0,25.0,Poppy,,,,,,0.0
current_slack,17.0,25.0,Oxlip,,,,,,0.0
current_slack,17.0,25.0,Daisy,,,,,,0.0
current_slack,17.0,25.0,Tulip,,,,,,0.0
current_slack,17.0,25.0,Maryj,,,,,,0.0
current_slack,17.0,29.0,Poppy,,,,,,0.0
current_slack,17.0,29.0,Oxlip,,,,,,0.0
current_slack,17.0,29.0,Daisy,,,,,,0.0
current_slack,17.0,29.0,Tulip,,,,,,0.0
current_slack,17.0,29.0,Maryj,,,,,,0.0
current_slack,17.0,30.0,Poppy,,,,,,0.0
current_slack,17.0,30.0,Oxlip,,,,,,0.0
current_slack,17.0,30.0,Daisy,,,,,,0.0
current_slack,17.0,30.0,Tulip,,,,,,0.0
current_slack,17.0,30.0,Maryj,,,,,,0.0
current_slack,18.0,20.0,Poppy,,,,,,0.0
current_slack,18.0,20.0,Oxlip,,,,,,0.0
current_slack,18.0,20.0,Daisy,,,,,,0.0
current_slack,18.0,20.0,Tulip,,,,,,0.0
current_slack,18.0,20.0,Maryj,,,,,,0.0
current_slack,18.0,22.0,Poppy,,,,,,0.0
current_slack,18.0,22.0,Oxlip,,,,,,0.0
current_slack,18.0,22.0,Daisy,,,,,,0.0
current_slack,18.0,22.0,Tulip,,,,,,0.0
current_slack,18.0,22.0,Maryj,,,,,,0.0
current_slack,18.0,23.0,Poppy,,,,,,0.0
current_slack,18.0,23.0,Oxlip,,,,,,0.0
current_slack,18.0,23.0,Daisy,,,,,,0.0
current_slack,18.0,23.0,Tulip,,,,,,0.0
current_slack,18.0,23.0,Maryj,,,,,,0.0
current_slack,18.0,25.0,Poppy,,,,,,0.0
current_slack,18.0,25.0,Oxlip,,,,,,0.0
current_slack,18.0,25.0,Daisy,,,,,,0.0
current_slack,18.0,25.0,Tulip,,,,,,0.0
current_slack,18.0,25.0,Maryj,,,,,,0.0
current_slack,18.0,29.0,Poppy,,,,,,0.0
current_slack,18.0,29.0,Oxlip,,,,,,0.0
current_slack,18.0,29.0,Daisy,,,,,,0.0
current_slack,18.0,29.0,Tulip,,,,,,0.0
current_slack,18.0,29.0,Maryj,,,,,,0.0
current_slack,18.0,30.0,Poppy,,,,,,0.0
current_slack,18.0,30.0,Oxlip,,,,,,0.0
current_slack,18.0,30.0,Daisy,,,,,,0.0
current_slack,18.0,30.0,Tulip,,,,,,0.0
current_slack,18.0,30.0,Maryj,,,,,,0.0
current_slack,19.0,20.0,Poppy,,,,,,0.0
current_slack,19.0,20.0,Oxlip,,,,,,0.0
current_slack,19.0,20.0,Daisy,,,,,,0.0
current_slack,19.0,20.0,Tulip,,,,,,0.0
current_slack,19.0,20.0,Maryj,,,,,,0.0
current_slack,19.0,22.0,Poppy,,,,,,0.0
current_slack,19.0,22.0,Oxlip,,,,,,0.0
current_slack,19.0,22.0,Daisy,,,,,,0.0
current_slack,19.0,22.0,Tulip,,,,,,0.0
current_slack,19.0,22.0,Maryj,,,,,,0.0
current_slack,19.0,23.0,Poppy,,,,,,0.0
current_slack,19.0,23.0,Oxlip,,,,,,0.0
current_slack,19.0,23.0,Daisy,,,,,,0.0
current_slack,19.0,23.0,Tulip,,,,,,0.0
current_slack,19.0,23.0,Maryj,,,,,,0.0
current_slack,19.0,25.0,Poppy,,,,,,0.0
current_slack,19.0,25.0,Oxlip,,,,,,0.0
current_slack,19.0,25.0,Daisy,,,,,,0.0
current_slack,19.0,25.0,Tulip,,,,,,0.0
current_slack,19.0,25.0,Maryj,,,,,,0.0
current_slack,19.0,29.0,Poppy,,,,,,0.0
current_slack,19.0,29.0,Oxlip,,,,,,0.0
current_slack,19.0,29.0,Daisy,,,,,,0.0
current_slack,19.0,29.0,Tulip,,,,,,0.0
current_slack,19.0,29.0,Maryj,,,,,,0.0
current_slack,19.0,30.0,Poppy,,,,,,0.0
current_slack,19.0,30.0,Oxlip,,,,,,0.0
current_slack,19.0,30.0,Daisy,,,,,,0.0
current_slack,19.0,30.0,Tulip,,,,,,0.0
current_slack,19.0,30.0,Maryj,,,,,,0.0
current_slack,20.0,20.0,Poppy,,,,,,0.0
current_slack,20.0,20.0,Oxlip,,,,,,0.0
current_slack,20.0,20.0,Daisy,,,,,,0.0
current_slack,20.0,20.0,Tulip,,,,,,0.0
current_slack,20.0,20.0,Maryj,,,,,,0.0
current_slack,20.0,22.0,Poppy,,,,,,0.0
current_slack,20.0,22.0,Oxlip,,,,,,0.0
current_slack,20.0,22.0,Daisy,,,,,,0.0
current_slack,20.0,22.0,Tulip,,,,,,0.0
current_slack,20.0,22.0,Maryj,,,,,,0.0
current_slack,20.0,23.0,Poppy,,,,,,0.0
current_slack,20.0,23.0,Oxlip,,,,,,0.0
current_slack,20.0,23.0,Daisy,,,,,,0.0
current_slack,20.0,23.0,Tulip,,,,,,0.0
current_slack,20.0,23.0,Maryj,,,,,,0.0
current_slack,20.0,25.0,Poppy,,,,,,0.0
current_slack,20.0,25.0,Oxlip,,,,,,0.0
current_slack,20.0,25.0,Daisy,,,,,,0.0
current_slack,20.0,25.0,Tulip,,,,,,0.0
current_slack,20.0,25.0,Maryj,,,,,,0.0
current_slack,20.0,29.0,Poppy,,,,,,0.0
current_slack,20.0,29.0,Oxlip,,,,,,0.0
current_slack,20.0,29.0,Daisy,,,,,,0.0
current_slack,20.0,29.0,Tulip,,,,,,0.0
current_slack,20.0,29.0,Maryj,,,,,,0.0
current_slack,20.0,30.0,Poppy,,,,,,0.0
current_slack,20.0,30.0,Oxlip,,,,,,0.0
current_slack,20.0,30.0,Daisy,,,,,,0.0
current_slack,20.0,30.0,Tulip,,,,,,0.0
current_slack,20.0,30.0,Maryj,,,,,,0.0
current_slack,21.0,20.0,Poppy,,,,,,0.0
current_slack,21.0,20.0,Oxlip,,,,,,0.0
current_slack,21.0,20.0,Daisy,,,,,,0.0
current_slack,21.0,20.0,Tulip,,,,,,0.0
current_slack,21.0,20.0,Maryj,,,,,,0.0
current_slack,21.0,22.0,Poppy,,,,,,0.0
current_slack,21.0,22.0,Oxlip,,,,,,0.0
current_slack,21.0,22.0,Daisy,,,,,,0.0
current_slack,21.0,22.0,Tulip,,,,,,0.0
current_slack,21.0,22.0,Maryj,,,,,,0.0
current_slack,21.0,23.0,Poppy,,,,,,0.0
current_slack,21.0,23.0,Oxlip,,,,,,0.0
current_slack,21.0,23.0,Daisy,,,,,,0.0
current_slack,21.0,23.0,Tulip,,,,,,0.0
current_slack,21.0,23.0,Maryj,,,,,,0.0
current_slack,21.0,25.0,Poppy,,,,,,0.0
current_slack,21.0,25.0,Oxlip,,,,,,0.0
current_slack,21.0,25.0,Daisy,,,,,,0.0
current_slack,21.0,25.0,Tulip,,,,,,0.0
current_slack,21.0,25.0,Maryj,,,,,,0.0
current_slack,21.0,29.0,Poppy,,,,,,0.0
current_slack,21.0,29.0,Oxlip,,,,,,0.0
current_slack,21.0,29.0,Daisy,,,,,,0.0
current_slack,21.0,29.0,Tulip,,,,,,0.0
current_slack,21.0,29.0,Maryj,,,,,,0.0
current_slack,21.0,30.0,Poppy,,,,,,0.0
current_slack,21.0,30.0,Oxlip,,,,,,0.0
current_slack,21.0,30.0,Daisy,,,,,,0.0
current_slack,21.0,30.0,Tulip,,,,,,0.0
current_slack,21.0,30.0,Maryj,,,,,,0.0
current_slack,22.0,20.0,Poppy,,,,,,0.0
current_slack,22.0,20.0,Oxlip,,,,,,0.0
current_slack,22.0,20.0,Daisy,,,,,,0.0
current_slack,22.0,20.0,Tulip,,,,,,0.0
current_slack,22.0,20.0,Maryj,,,,,,0.0
current_slack,22.0,22.0,Poppy,,,,,,0.0
current_slack,22.0,22.0,Oxlip,,,,,,0.0
current_slack,22.0,22.0,Daisy,,,,,,0.0
current_slack,22.0,22.0,Tulip,,,,,,0.0
current_slack,22.0,22.0,Maryj,,,,,,0.0
current_slack,22.0,23.0,Poppy,,,,,,0.0
current_slack,22.0,23.0,Oxlip,,,,,,0.0
current_slack,22.0,23.0,Daisy,,,,,,0.0
current_slack,22.0,23.0,Tulip,,,,,,0.0
current_slack,22.0,23.0,Maryj,,,,,,0.0
current_slack,22.0,25.0,Poppy,,,,,,0.0
current_slack,22.0,25.0,Oxlip,,,,,,0.0
current_slack,22.0,25.0,Daisy,,,,,,0.0
current_slack,22.0,25.0,Tulip,,,,,,0.0
current_slack,22.0,25.0,Maryj,,,,,,0.0
current_slack,22.0,29.0,Poppy,,,,,,0.0
current_slack,22.0,29.0,Oxlip,,,,,,0.0
current_slack,22.0,29.0,Daisy,,,,,,0.0
current_slack,22.0,29.0,Tulip,,,,,,0.0
current_slack,22.0,29.0,Maryj,,,,,,0.0
current_slack,22.0,30.0,Poppy,,,,,,0.0
current_slack,22.0,30.0,Oxlip,,,,,,0.0
current_slack,22.0,30.0,Daisy,,,,,,0.0
current_slack,22.0,30.0,Tulip,,,,,,0.0
current_slack,22.0,30.0,Maryj,,,,,,0.0
current_slack,23.0,20.0,Poppy,,,,,,0.0
current_slack,23.0,20.0,Oxlip,,,,,,0.0
current_slack,23.0,20.0,Daisy,,,,,,0.0
current_slack,23.0,20.0,Tulip,,,,,,0.0
current_slack,23.0,20.0,Maryj,,,,,,0.0
current_slack,23.0,22.0,Poppy,,,,,,0.0
current_slack,23.0,22.0,Oxlip,,,,,,0.0
current_slack,23.0,22.0,Daisy,,,,,,0.0
current_slack,23.0,22.0,Tulip,,,,,,0.0
current_slack,23.0,22.0,Maryj,,,,,,0.0
current_slack,23.0,23.0,Poppy,,,,,,0.0
current_slack,23.0,23.0,Oxlip,,,,,,0.0
current_slack,23.0,23.0,Daisy,,,,,,0.0
current_slack,23.0,23.0,Tulip,,,,,,0.0
current_slack,23.0,23.0,Maryj,,,,,,0.0
current_slack,23.0,25.0,Poppy,,,,,,0.0
current_slack,23.0,25.0,Oxlip,,,,,,0.0
current_slack,23.0,25.0,Daisy,,,,,,0.0
current_slack,23.0,25.0,Tulip,,,,,,0.0
current_slack,23.0,25.0,Maryj,,,,,,0.0
current_slack,23.0,29.0,Poppy,,,,,,0.0
current_slack,23.0,29.0,Oxlip,,,,,,0.0
current_slack,23.0,29.0,Daisy,,,,,,0.0
current_slack,23.0,29.0,Tulip,,,,,,0.0
current_slack,23.0,29.0,Maryj,,,,,,0.0
current_slack,23.0,30.0,Poppy,,,,,,0.0
current_slack,23.0,30.0,Oxlip,,,,,,0.0
current_slack,23.0,30.0,Daisy,,,,,,0.0
current_slack,23.0,30.0,Tulip,,,,,,0.0
current_slack,23.0,30.0,Maryj,,,,,,0.0
current_slack,24.0,20.0,Poppy,,,,,,0.0
current_slack,24.0,20.0,Oxlip,,,,,,0.0
current_slack,24.0,20.0,Daisy,,,,,,0.0
current_slack,24.0,20.0,Tulip,,,,,,0.0
current_slack,24.0,20.0,Maryj,,,,,,0.0
current_slack,24.0,22.0,Poppy,,,,,,0.0
current_slack,24.0,22.0,Oxlip,,,,,,0.0
current_slack,24.0,22.0,Daisy,,,,,,0.0
current_slack,24.0,22.0,Tulip,,,,,,0.0
current_slack,24.0,22.0,Maryj,,,,,,0.0
current_slack,24.0,23.0,Poppy,,,,,,0.0
current_slack,24.0,23.0,Oxlip,,,,,,0.0
current_slack,24.0,23.0,Daisy,,,,,,0.0
current_slack,24.0,23.0,Tulip,,,,,,0.0
current_slack,24.0,23.0,Maryj,,,,,,0.0
current_slack,24.0,25.0,Poppy,,,,,,0.0
current_slack,24.0,25.0,Oxlip,,,,,,0.0
current_slack,24.0,25.0,Daisy,,,,,,0.0
current_slack,24.0,25.0,Tulip,,,,,,0.0
current_slack,24.0,25.0,Maryj,,,,,,0.0
current_slack,24.0,29.0,Poppy,,,,,,0.0
current_slack,24.0,29.0,Oxlip,,,,,,0.0
current_slack,24.0,29.0,Daisy,,,,,,0.0
current_slack,24.0,29.0,Tulip,,,,,,0.0
current_slack,24.0,29.0,Maryj,,,,,,0.0
current_slack,24.0,30.0,Poppy,,,,,,0.0
current_slack,24.0,30.0,Oxlip,,,,,,0.0
current_slack,24.0,30.0,Daisy,,,,,,0.0
current_slack,24.0,30.0,Tulip,,,,,,0.0
current_slack,24.0,30.0,Maryj,,,,,,0.0
phi,1.0,,,,,,,,0.0
phi,2.0,,,,,,,,0.0
phi,3.0,,,,,,,,0.0
phi,4.0,,,,,,,,0.0
phi,5.0,,,,,,,,0.0
phi,6.0,,,,,,,,0.0
phi,7.0,,,,,,,,0.0
phi,8.0,,,,,,,,0.0
phi,9.0,,,,,,,,0.0
phi,10.0,,,,,,,,0.0
phi,11.0,,,,,,,,0.0
phi,12.0,,,,,,,,0.0
phi,13.0,,,,,,,,0.0
phi,14.0,,,,,,,,0.0
phi,15.0,,,,,,,,0.0
phi,16.0,,,,,,,,0.0
phi,17.0,,,,,,,,0.0
phi,18.0,,,,,,,,0.0
phi,19.0,,,,,,,,0.0
phi,20.0,,,,,,,,0.0
phi,21.0,,,,,,,,0.0
phi,22.0,,,,,,,,0.0
phi,23.0,,,,,,,,0.0
phi,24.0,,,,,,,,0.0
phi_1000,1.0,,,,,,,,0.0
phi_1000,2.0,,,,,,,,0.0
phi_1000,3.0,,,,,,,,0.0
phi_1000,4.0,,,,,,,,0.0
phi_1000,5.0,,,,,,,,0.0
phi_1000,6.0,,,,,,,,0.0
phi_1000,7.0,,,,,,,,0.0
phi_1000,8.0,,,,,,,,0.0
phi_1000,9.0,,,,,,,,0.0
phi_1000,10.0,,,,,,,,0.0
phi_1000,11.0,,,,,,,,0.0
phi_1000,12.0,,,,,,,,0.0
phi_1000,13.0,,,,,,,,0.0
phi_1000,14.0,,,,,,,,0.0
phi_1000,15.0,,,,,,,,0.0
phi_1000,16.0,,,,,,,,0.0
phi_1000,17.0,,,,,,,,0.0
phi_1000,18.0,,,,,,,,0.0
phi_1000,19.0,,,,,,,,0.0
phi_1000,20.0,,,,,,,,0.0
phi_1000,21.0,,,,,,,,0.0
phi_1000,22.0,,,,,,,,0.0
phi_1000,23.0,,,,,,,,0.0
phi_1000,24.0,,,,,,,,0.0
losses,1.0,20.0,,,,,,,3.2431409728440376e-09
losses,1.0,22.0,,,,,,,3.6688946189241774e-07
losses,1.0,23.0,,,,,,,9.2858171655624e-06
losses,1.0,25.0,,,,,,,1.0163526279571826e-05
losses,1.0,29.0,,,,,,,9.181736320967237e-06
losses,1.0,30.0,,,,,,,0.00014128173403769585
losses,2.0,20.0,,,,,,,3.2431409728440376e-09
losses,2.0,22.0,,,,,,,2.8544806485705173e-07
losses,2.0,23.0,,,,,,,9.317054704402372e-06
losses,2.0,25.0,,,,,,,1.0197716436587477e-05
losses,2.0,29.0,,,,,,,9.219817168821531e-06
losses,2.0,30.0,,,,,,,0.00014190423951328398
losses,3.0,20.0,,,,,,,3.0749050174288603e-09
losses,3.0,22.0,,,,,,,2.52790870996165e-07
losses,3.0,23.0,,,,,,,9.28994720785246e-06
losses,3.0,25.0,,,,,,,1.0168046699541591e-05
losses,3.0,29.0,,,,,,,9.190298229226325e-06
losses,3.0,30.0,,,,,,,0.0001414276378527402
losses,4.0,20.0,,,,,,,3.0749050174288603e-09
losses,4.0,22.0,,,,,,,2.5756694683142725e-07
losses,4.0,23.0,,,,,,,9.249127479683762e-06
losses,4.0,25.0,,,,,,,1.0123368630549865e-05
losses,4.0,29.0,,,,,,,9.140535990728306e-06
losses,4.0,30.0,,,,,,,0.00014065999532465986
losses,5.0,20.0,,,,,,,2.8724729554017593e-09
losses,5.0,22.0,,,,,,,2.52790870996165e-07
losses,5.0,23.0,,,,,,,9.423541221606216e-06
losses,5.0,25.0,,,,,,,1.0314268216223535e-05
losses,5.0,29.0,,,,,,,9.357646339203731e-06
losses,5.0,30.0,,,,,,,0.0001439362469750274
losses,6.0,20.0,,,,,,,3.111879970200402e-09
losses,6.0,22.0,,,,,,,3.3302274233301163e-07
losses,6.0,23.0,,,,,,,1.1204292955192838e-05
losses,6.0,25.0,,,,,,,1.2263728761465429e-05
losses,6.0,29.0,,,,,,,1.1255645221733648e-05
losses,6.0,30.0,,,,,,,0.0001726919145609527
losses,7.0,20.0,,,,,,,7.425660425099133e-09
losses,7.0,22.0,,,,,,,3.3895665473426745e-07
losses,7.0,23.0,,,,,,,1.2615714723982032e-05
losses,7.0,25.0,,,,,,,1.3808609264829645e-05
losses,7.0,29.0,,,,,,,1.2864667591780799e-05
losses,7.0,30.0,,,,,,,0.0001977941291175236
losses,8.0,20.0,,,,,,,1.244418194241368e-08
losses,8.0,22.0,,,,,,,1.2287359558410625e-06
losses,8.0,23.0,,,,,,,3.098954434442119e-05
losses,8.0,25.0,,,,,,,3.392146484588395e-05
losses,8.0,29.0,,,,,,,3.067402809976232e-05
losses,8.0,30.0,,,,,,,0.00047721587812630183
losses,9.0,20.0,,,,,,,1.3336896164423472e-08
losses,9.0,22.0,,,,,,,1.082478669394389e-05
losses,9.0,23.0,,,,,,,2.910634490916244e-05
losses,9.0,25.0,,,,,,,3.1860095929615315e-05
losses,9.0,29.0,,,,,,,2.8320252984935565e-05
losses,9.0,30.0,,,,,,,0.0004473943066573147
losses,10.0,20.0,,,,,,,1.334065380971601e-08
losses,10.0,22.0,,,,,,,2.618623740902447e-05
losses,10.0,23.0,,,,,,,2.635815223144826e-05
losses,10.0,25.0,,,,,,,2.8851896768288197e-05
losses,10.0,29.0,,,,,,,2.5732135263707834e-05
losses,10.0,30.0,,,,,,,0.0004098925728969472
losses,11.0,20.0,,,,,,,1.3206017800730612e-08
losses,11.0,22.0,,,,,,,2.5235707692219853e-05
losses,11.0,23.0,,,,,,,2.6180947434820976e-05
losses,11.0,25.0,,,,,,,2.8657926627504366e-05
losses,11.0,29.0,,,,,,,2.5571770224452045e-05
losses,11.0,30.0,,,,,,,0.00040695342868003347
losses,12.0,20.0,,,,,,,6.064712479528199e-09
losses,12.0,22.0,,,,,,,2.596012043959901e-05
losses,12.0,23.0,,,,,,,2.352288146926804e-05
losses,12.0,25.0,,,,,,,2.5748381065735686e-05
losses,12.0,29.0,,,,,,,2.2857475435239743e-05
losses,12.0,30.0,,,,,,,0.00036413386220383946
losses,13.0,20.0,,,,,,,1.4435054301041598e-08
losses,13.0,22.0,,,,,,,2.742619997067244e-05
losses,13.0,23.0,,,,,,,2.646878325036914e-05
losses,13.0,25.0,,,,,,,2.8972994586877608e-05
losses,13.0,29.0,,,,,,,2.582834015832577e-05
losses,13.0,30.0,,,,,,,0.0004117625659759312
losses,14.0,20.0,,,,,,,1.66051875345979e-08
losses,14.0,22.0,,,,,,,2.842117909045544e-05
losses,14.0,23.0,,,,,,,2.665802420839794e-05
losses,14.0,25.0,,,,,,,2.9180139630180924e-05
losses,14.0,29.0,,,,,,,2.600610697992216e-05
losses,14.0,30.0,,,,,,,0.0004154750249645343
losses,15.0,20.0,,,,,,,2.0955467060300962e-08
losses,15.0,22.0,,,,,,,3.0097745697537776e-05
losses,15.0,23.0,,,,,,,2.7002872235690284e-05
losses,15.0,25.0,,,,,,,2.9557613726119846e-05
losses,15.0,29.0,,,,,,,2.6269605247580182e-05
losses,15.0,30.0,,,,,,,0.0004206113826339508
losses,16.0,20.0,,,,,,,2.8042466365241213e-08
losses,16.0,22.0,,,,,,,3.122027459643812e-05
losses,16.0,23.0,,,,,,,2.7425243165078092e-05
losses,16.0,25.0,,,,,,,3.0019945165198635e-05
losses,16.0,29.0,,,,,,,2.661276833114708e-05
losses,16.0,30.0,,,,,,,0.00042682173538582344
losses,17.0,20.0,,,,,,,1.251670375574517e-08
losses,17.0,22.0,,,,,,,3.052736932975463e-05
losses,17.0,23.0,,,,,,,1.446519645317422e-05
losses,17.0,25.0,,,,,,,1.5833245619441018e-05
losses,17.0,29.0,,,,,,,1.4244505580756686e-05
losses,17.0,30.0,,,,,,,0.000225299701871897
losses,18.0,20.0,,,,,,,4.449020775081505e-09
losses,18.0,22.0,,,,,,,3.0203299499336185e-05
losses,18.0,23.0,,,,,,,1.0867934828842331e-05
losses,18.0,25.0,,,,,,,1.1895188034420358e-05
losses,18.0,29.0,,,,,,,1.1132563257540396e-05
losses,18.0,30.0,,,,,,,0.00017658389773104568
losses,19.0,20.0,,,,,,,3.2042920464402805e-09
losses,19.0,22.0,,,,,,,2.9671030406802802e-05
losses,19.0,23.0,,,,,,,1.1545103386178967e-05
losses,19.0,25.0,,,,,,,1.2636363561084284e-05
losses,19.0,29.0,,,,,,,1.1979270300950808e-05
losses,19.0,30.0,,,,,,,0.00018912151346149378
losses,20.0,20.0,,,,,,,3.2431409728440376e-09
losses,20.0,22.0,,,,,,,1.3492175689993867e-05
losses,20.0,23.0,,,,,,,1.0918055239924407e-05
losses,20.0,25.0,,,,,,,1.1950045900571842e-05
losses,20.0,29.0,,,,,,,1.1207468202268517e-05
losses,20.0,30.0,,,,,,,0.0001754009424392243
losses,21.0,20.0,,,,,,,2.894031848704414e-09
losses,21.0,22.0,,,,,,,3.434458015148889e-06
losses,21.0,23.0,,,,,,,1.1311387372629512e-05
losses,21.0,25.0,,,,,,,1.2380556365733064e-05
losses,21.0,29.0,,,,,,,1.1688166364021879e-05
losses,21.0,30.0,,,,,,,0.00018064078772560738
losses,22.0,20.0,,,,,,,3.2431409727889937e-09
losses,22.0,22.0,,,,,,,3.533337010251311e-06
losses,22.0,23.0,,,,,,,1.0623744192652999e-05
losses,22.0,25.0,,,,,,,1.1627916139671032e-05
losses,22.0,29.0,,,,,,,1.0836857144523037e-05
losses,22.0,30.0,,,,,,,0.00016776023057528243
losses,23.0,20.0,,,,,,,3.0387296642826383e-09
losses,23.0,22.0,,,,,,,1.473395137796556e-06
losses,23.0,23.0,,,,,,,1.0320393286499106e-05
losses,23.0,25.0,,,,,,,1.1295892059112874e-05
losses,23.0,29.0,,,,,,,1.0464199179863648e-05
losses,23.0,30.0,,,,,,,0.0001613730901388509
losses,24.0,20.0,,,,,,,3.0749050174288603e-09
losses,24.0,22.0,,,,,,,3.606013718901308e-07
losses,24.0,23.0,,,,,,,8.967298286456767e-06
losses,24.0,25.0,,,,,,,9.81490052692017e-06
losses,24.0,29.0,,,,,,,8.7969655614715e-06
losses,24.0,30.0,,,,,,,0.0001353387473401209
active_power_k,1.0,20.0,Poppy,,,,,,0.001914857208052667
active_power_k,1.0,20.0,Oxlip,,,,,,0.0
active_power_k,1.0,20.0,Daisy,,,,,,0.0
active_power_k,1.0,20.0,Tulip,,,,,,0.0
active_power_k,1.0,20.0,Maryj,,,,,,0.0
active_power_k,1.0,22.0,Poppy,,,,,,0.0005120581052535517
active_power_k,1.0,22.0,Oxlip,,,,,,0.0
active_power_k,1.0,22.0,Daisy,,,,,,0.0
active_power_k,1.0,22.0,Tulip,,,,,,0.0
active_power_k,1.0,22.0,Maryj,,,,,,0.0
active_power_k,1.0,23.0,Poppy,,,,,,-0.3937828753914985
active_power_k,1.0,23.0,Oxlip,,,,,,0.0
active_power_k,1.0,23.0,Daisy,,,,,,0.0
active_power_k,1.0,23.0,Tulip,,,,,,0.0
active_power_k,1.0,23.0,Maryj,,,,,,0.0
active_power_k,1.0,25.0,Poppy,,,,,,0.0
active_power_k,1.0,25.0,Oxlip,,,,,,0.39380232473494353
active_power_k,1.0,25.0,Daisy,,,,,,0.0
active_power_k,1.0,25.0,Tulip,,,,,,0.0
active_power_k,1.0,25.0,Maryj,,,,,,0.0
active_power_k,1.0,29.0,Poppy,,,,,,0.174172745373408
active_power_k,1.0,29.0,Oxlip,,,,,,0.0
active_power_k,1.0,29.0,Daisy,,,,,,0.0
active_power_k,1.0,29.0,Tulip,,,,,,0.0
active_power_k,1.0,29.0,Maryj,,,,,,0.0
active_power_k,1.0,30.0,Poppy,,,,,,0.0
active_power_k,1.0,30.0,Oxlip,,,,,,0.0
active_power_k,1.0,30.0,Daisy,,,,,,0.5686284099476426
active_power_k,1.0,30.0,Tulip,,,,,,0.0
active_power_k,1.0,30.0,Maryj,,,,,,0.0
active_power_k,2.0,20.0,Poppy,,,,,,0.001914857208052667
active_power_k,2.0,20.0,Oxlip,,,,,,0.0
active_power_k,2.0,20.0,Daisy,,,,,,0.0
active_power_k,2.0,20.0,Tulip,,,,,,0.0
active_power_k,2.0,20.0,Maryj,,,,,,0.0
active_power_k,2.0,22.0,Poppy,,,,,,0.0005120581052535517
active_power_k,2.0,22.0,Oxlip,,,,,,0.0
active_power_k,2.0,22.0,Daisy,,,,,,0.0
active_power_k,2.0,22.0,Tulip,,,,,,0.0
active_power_k,2.0,22.0,Maryj,,,,,,0.0
active_power_k,2.0,23.0,Poppy,,,,,,-0.3937828753914985
active_power_k,2.0,23.0,Oxlip,,,,,,0.0
active_power_k,2.0,23.0,Daisy,,,,,,0.0
active_power_k,2.0,23.0,Tulip,,,,,,0.0
active_power_k,2.0,23.0,Maryj,,,,,,0.0
active_power_k,2.0,25.0,Poppy,,,,,,0.0
active_power_k,2.0,25.0,Oxlip,,,,,,0.3938023901626394
active_power_k,2.0,25.0,Daisy,,,,,,0.0
active_power_k,2.0,25.0,Tulip,,,,,,0.0
active_power_k,2.0,25.0,Maryj,,,,,,0.0
active_power_k,2.0,29.0,Poppy,,,,,,0.17417278345425583
active_power_k,2.0,29.0,Oxlip,,,,,,0.0
active_power_k,2.0,29.0,Daisy,,,,,,0.0
active_power_k,2.0,29.0,Tulip,,,,,,0.0
active_power_k,2.0,29.0,Maryj,,,,,,0.0
active_power_k,2.0,30.0,Poppy,,,,,,0.0
active_power_k,2.0,30.0,Oxlip,,,,,,0.0
active_power_k,2.0,30.0,Daisy,,,,,,0.568629135961662
active_power_k,2.0,30.0,Tulip,,,,,,0.0
active_power_k,2.0,30.0,Maryj,,,,,,0.0
active_power_k,3.0,20.0,Poppy,,,,,,0.0018155251609483824
active_power_k,3.0,20.0,Oxlip,,,,,,0.0
active_power_k,3.0,20.0,Daisy,,,,,,0.0
active_power_k,3.0,20.0,Tulip,,,,,,0.0
active_power_k,3.0,20.0,Maryj,,,,,,0.0
active_power_k,3.0,22.0,Poppy,,,,,,0.0005120581052535517
active_power_k,3.0,22.0,Oxlip,,,,,,0.0
active_power_k,3.0,22.0,Daisy,,,,,,0.0
active_power_k,3.0,22.0,Tulip,,,,,,0.0
active_power_k,3.0,22.0,Maryj,,,,,,0.0
active_power_k,3.0,23.0,Poppy,,,,,,-0.3936835433443942
active_power_k,3.0,23.0,Oxlip,,,,,,0.0
active_power_k,3.0,23.0,Daisy,,,,,,0.0
active_power_k,3.0,23.0,Tulip,,,,,,0.0
active_power_k,3.0,23.0,Maryj,,,,,,0.0
active_power_k,3.0,25.0,Poppy,,,,,,0.0
active_power_k,3.0,25.0,Oxlip,,,,,,0.3937030013383016
active_power_k,3.0,25.0,Daisy,,,,,,0.0
active_power_k,3.0,25.0,Tulip,,,,,,0.0
active_power_k,3.0,25.0,Maryj,,,,,,0.0
active_power_k,3.0,29.0,Poppy,,,,,,0.17417275393531625
active_power_k,3.0,29.0,Oxlip,,,,,,0.0
active_power_k,3.0,29.0,Daisy,,,,,,0.0
active_power_k,3.0,29.0,Tulip,,,,,,0.0
active_power_k,3.0,29.0,Maryj,,,,,,0.0
active_power_k,3.0,30.0,Poppy,,,,,,0.0
active_power_k,3.0,30.0,Oxlip,,,,,,0.0
active_power_k,3.0,30.0,Daisy,,,,,,0.568529241016724
active_power_k,3.0,30.0,Tulip,,,,,,0.0
active_power_k,3.0,30.0,Maryj,,,,,,0.0
active_power_k,4.0,20.0,Poppy,,,,,,0.0018155251609483824
active_power_k,4.0,20.0,Oxlip,,,,,,0.0
active_power_k,4.0,20.0,Daisy,,,,,,0.0
active_power_k,4.0,20.0,Tulip,,,,,,0.0
active_power_k,4.0,20.0,Maryj,,,,,,0.0
active_power_k,4.0,22.0,Poppy,,,,,,0.0005120581052535517
active_power_k,4.0,22.0,Oxlip,,,,,,0.0
active_power_k,4.0,22.0,Daisy,,,,,,0.0
active_power_k,4.0,22.0,Tulip,,,,,,0.0
active_power_k,4.0,22.0,Maryj,,,,,,0.0
active_power_k,4.0,23.0,Poppy,,,,,,-0.3936835433443942
active_power_k,4.0,23.0,Oxlip,,,,,,0.0
active_power_k,4.0,23.0,Daisy,,,,,,0.0
active_power_k,4.0,23.0,Tulip,,,,,,0.0
active_power_k,4.0,23.0,Maryj,,,,,,0.0
active_power_k,4.0,25.0,Poppy,,,,,,0.0
active_power_k,4.0,25.0,Oxlip,,,,,,0.39370291584050443
active_power_k,4.0,25.0,Daisy,,,,,,0.0
active_power_k,4.0,25.0,Tulip,,,,,,0.0
active_power_k,4.0,25.0,Maryj,,,,,,0.0
active_power_k,4.0,29.0,Poppy,,,,,,0.17417270417307773
active_power_k,4.0,29.0,Oxlip,,,,,,0.0
active_power_k,4.0,29.0,Daisy,,,,,,0.0
active_power_k,4.0,29.0,Tulip,,,,,,0.0
active_power_k,4.0,29.0,Maryj,,,,,,0.0
active_power_k,4.0,30.0,Poppy,,,,,,0.0
active_power_k,4.0,30.0,Oxlip,,,,,,0.0
active_power_k,4.0,30.0,Daisy,,,,,,0.5685283381141603
active_power_k,4.0,30.0,Tulip,,,,,,0.0
active_power_k,4.0,30.0,Maryj,,,,,,0.0
active_power_k,5.0,20.0,Poppy,,,,,,0.0017161930796479924
active_power_k,5.0,20.0,Oxlip,,,,,,0.0
active_power_k,5.0,20.0,Daisy,,,,,,0.0
active_power_k,5.0,20.0,Tulip,,,,,,0.0
active_power_k,5.0,20.0,Maryj,,,,,,0.0
active_power_k,5.0,22.0,Poppy,,,,,,0.0005120581052535517
active_power_k,5.0,22.0,Oxlip,,,,,,0.0
active_power_k,5.0,22.0,Daisy,,,,,,0.0
active_power_k,5.0,22.0,Tulip,,,,,,0.0
active_power_k,5.0,22.0,Maryj,,,,,,0.0
active_power_k,5.0,23.0,Poppy,,,,,,-0.3960145837337883
active_power_k,5.0,23.0,Oxlip,,,,,,0.0
active_power_k,5.0,23.0,Daisy,,,,,,0.0
active_power_k,5.0,23.0,Tulip,,,,,,0.0
active_power_k,5.0,23.0,Maryj,,,,,,0.0
active_power_k,5.0,25.0,Poppy,,,,,,0.0
active_power_k,5.0,25.0,Oxlip,,,,,,0.3960343215432261
active_power_k,5.0,25.0,Daisy,,,,,,0.0
active_power_k,5.0,25.0,Tulip,,,,,,0.0
active_power_k,5.0,25.0,Maryj,,,,,,0.0
active_power_k,5.0,29.0,Poppy,,,,,,0.17525308682595708
active_power_k,5.0,29.0,Oxlip,,,,,,0.0
active_power_k,5.0,29.0,Daisy,,,,,,0.0
active_power_k,5.0,29.0,Tulip,,,,,,0.0
active_power_k,5.0,29.0,Maryj,,,,,,0.0
active_power_k,5.0,30.0,Poppy,,,,,,0.0
active_power_k,5.0,30.0,Oxlip,,,,,,0.0
active_power_k,5.0,30.0,Daisy,,,,,,0.5719434027214116
active_power_k,5.0,30.0,Tulip,,,,,,0.0
active_power_k,5.0,30.0,Maryj,,,,,,0.0
active_power_k,6.0,20.0,Poppy,,,,,,0.0019521885439594492
active_power_k,6.0,20.0,Oxlip,,,,,,0.0
active_power_k,6.0,20.0,Daisy,,,,,,0.0
active_power_k,6.0,20.0,Tulip,,,,,,0.0
active_power_k,6.0,20.0,Maryj,,,,,,0.0
active_power_k,6.0,22.0,Poppy,,,,,,0.0005120581052535517
active_power_k,6.0,22.0,Oxlip,,,,,,0.0
active_power_k,6.0,22.0,Daisy,,,,,,0.0
active_power_k,6.0,22.0,Tulip,,,,,,0.0
active_power_k,6.0,22.0,Maryj,,,,,,0.0
active_power_k,6.0,23.0,Poppy,,,,,,-0.43405690312605905
active_power_k,6.0,23.0,Oxlip,,,,,,0.0
active_power_k,6.0,23.0,Daisy,,,,,,0.0
active_power_k,6.0,23.0,Tulip,,,,,,0.0
active_power_k,6.0,23.0,Maryj,,,,,,0.0
active_power_k,6.0,25.0,Poppy,,,,,,0.0
active_power_k,6.0,25.0,Oxlip,,,,,,0.4340803711477757
active_power_k,6.0,25.0,Daisy,,,,,,0.0
active_power_k,6.0,25.0,Tulip,,,,,,0.0
active_power_k,6.0,25.0,Maryj,,,,,,0.0
active_power_k,6.0,29.0,Poppy,,,,,,0.19205779545948828
active_power_k,6.0,29.0,Oxlip,,,,,,0.0
active_power_k,6.0,29.0,Daisy,,,,,,0.0
active_power_k,6.0,29.0,Tulip,,,,,,0.0
active_power_k,6.0,29.0,Maryj,,,,,,0.0
active_power_k,6.0,30.0,Poppy,,,,,,0.0
active_power_k,6.0,30.0,Oxlip,,,,,,0.0
active_power_k,6.0,30.0,Daisy,,,,,,0.6268229166270785
active_power_k,6.0,30.0,Tulip,,,,,,0.0
active_power_k,6.0,30.0,Maryj,,,,,,0.0
active_power_k,7.0,20.0,Poppy,,,,,,0.004436549005415675
active_power_k,7.0,20.0,Oxlip,,,,,,0.0
active_power_k,7.0,20.0,Daisy,,,,,,0.0
active_power_k,7.0,20.0,Tulip,,,,,,0.0
active_power_k,7.0,20.0,Maryj,,,,,,0.0
active_power_k,7.0,22.0,Poppy,,,,,,0.0005120581052535517
active_power_k,7.0,22.0,Oxlip,,,,,,0.0
active_power_k,7.0,22.0,Daisy,,,,,,0.0
active_power_k,7.0,22.0,Tulip,,,,,,0.0
active_power_k,7.0,22.0,Maryj,,,,,,0.0
active_power_k,7.0,23.0,Poppy,,,,,,-0.4778382788810881
active_power_k,7.0,23.0,Oxlip,,,,,,0.0
active_power_k,7.0,23.0,Daisy,,,,,,0.0
active_power_k,7.0,23.0,Tulip,,,,,,0.0
active_power_k,7.0,23.0,Maryj,,,,,,0.0
active_power_k,7.0,25.0,Poppy,,,,,,0.0
active_power_k,7.0,25.0,Oxlip,,,,,,0.4778647032050769
active_power_k,7.0,25.0,Daisy,,,,,,0.0
active_power_k,7.0,25.0,Tulip,,,,,,0.0
active_power_k,7.0,25.0,Maryj,,,,,,0.0
active_power_k,7.0,29.0,Poppy,,,,,,0.210413633501224
active_power_k,7.0,29.0,Oxlip,,,,,,0.0
active_power_k,7.0,29.0,Daisy,,,,,,0.0
active_power_k,7.0,29.0,Tulip,,,,,,0.0
active_power_k,7.0,29.0,Maryj,,,,,,0.0
active_power_k,7.0,30.0,Poppy,,,,,,0.0
active_power_k,7.0,30.0,Oxlip,,,,,,0.0
active_power_k,7.0,30.0,Daisy,,,,,,0.6889881889406719
active_power_k,7.0,30.0,Tulip,,,,,,0.0
active_power_k,7.0,30.0,Maryj,,,,,,0.0
active_power_k,8.0,20.0,Poppy,,,,,,0.007402067141212858
active_power_k,8.0,20.0,Oxlip,,,,,,0.0
active_power_k,8.0,20.0,Daisy,,,,,,0.0
active_power_k,8.0,20.0,Tulip,,,,,,0.0
active_power_k,8.0,20.0,Maryj,,,,,,0.0
active_power_k,8.0,22.0,Poppy,,,,,,0.0022687549087924107
active_power_k,8.0,22.0,Oxlip,,,,,,0.0
active_power_k,8.0,22.0,Daisy,,,,,,0.0
active_power_k,8.0,22.0,Tulip,,,,,,0.0
active_power_k,8.0,22.0,Maryj,,,,,,0.0
active_power_k,8.0,23.0,Poppy,,,,,,-0.7539292288755582
active_power_k,8.0,23.0,Oxlip,,,,,,0.0
active_power_k,8.0,23.0,Daisy,,,,,,0.0
active_power_k,8.0,23.0,Tulip,,,,,,0.0
active_power_k,8.0,23.0,Maryj,,,,,,0.0
active_power_k,8.0,25.0,Poppy,,,,,,0.0
active_power_k,8.0,25.0,Oxlip,,,,,,0.7539941398847486
active_power_k,8.0,25.0,Daisy,,,,,,0.0
active_power_k,8.0,25.0,Tulip,,,,,,0.0
active_power_k,8.0,25.0,Maryj,,,,,,0.0
active_power_k,8.0,29.0,Poppy,,,,,,0.33182052368780884
active_power_k,8.0,29.0,Oxlip,,,,,,0.0
active_power_k,8.0,29.0,Daisy,,,,,,0.0
active_power_k,8.0,29.0,Tulip,,,,,,0.0
active_power_k,8.0,29.0,Maryj,,,,,,0.0
active_power_k,8.0,30.0,Poppy,,,,,,0.0
active_power_k,8.0,30.0,Oxlip,,,,,,0.0
active_power_k,8.0,30.0,Daisy,,,,,,1.088560634359476
active_power_k,8.0,30.0,Tulip,,,,,,0.0
active_power_k,8.0,30.0,Maryj,,,,,,0.0
active_power_k,9.0,20.0,Poppy,,,,,,0.006307153273137981
active_power_k,9.0,20.0,Oxlip,,,,,,0.0
active_power_k,9.0,20.0,Daisy,,,,,,0.0
active_power_k,9.0,20.0,Tulip,,,,,,0.0
active_power_k,9.0,20.0,Maryj,,,,,,0.0
active_power_k,9.0,22.0,Poppy,,,,,,0.008711791658446847
active_power_k,9.0,22.0,Oxlip,,,,,,0.0
active_power_k,9.0,22.0,Daisy,,,,,,0.0
active_power_k,9.0,22.0,Tulip,,,,,,0.0
active_power_k,9.0,22.0,Maryj,,,,,,0.0
active_power_k,9.0,23.0,Poppy,,,,,,-0.7484950502561151
active_power_k,9.0,23.0,Oxlip,,,,,,0.0
active_power_k,9.0,23.0,Daisy,,,,,,0.0
active_power_k,9.0,23.0,Tulip,,,,,,0.0
active_power_k,9.0,23.0,Maryj,,,,,,0.0
active_power_k,9.0,25.0,Poppy,,,,,,0.0
active_power_k,9.0,25.0,Oxlip,,,,,,0.7485560166969537
active_power_k,9.0,25.0,Daisy,,,,,,0.0
active_power_k,9.0,25.0,Tulip,,,,,,0.0
active_power_k,9.0,25.0,Maryj,,,,,,0.0
active_power_k,9.0,29.0,Poppy,,,,,,0.32988960780097476
active_power_k,9.0,29.0,Oxlip,,,,,,0.0
active_power_k,9.0,29.0,Daisy,,,,,,0.0
active_power_k,9.0,29.0,Tulip,,,,,,0.0
active_power_k,9.0,29.0,Maryj,,,,,,0.0
active_power_k,9.0,30.0,Poppy,,,,,,0.0
active_power_k,9.0,30.0,Oxlip,,,,,,0.0
active_power_k,9.0,30.0,Daisy,,,,,,1.0876048104630325
active_power_k,9.0,30.0,Tulip,,,,,,0.0
active_power_k,9.0,30.0,Maryj,,,,,,0.0
active_power_k,10.0,20.0,Poppy,,,,,,0.005616399976362042
active_power_k,10.0,20.0,Oxlip,,,,,,0.0
active_power_k,10.0,20.0,Daisy,,,,,,0.0
active_power_k,10.0,20.0,Tulip,,,,,,0.0
active_power_k,10.0,20.0,Maryj,,,,,,0.0
active_power_k,10.0,22.0,Poppy,,,,,,0.013267090803851186
active_power_k,10.0,22.0,Oxlip,,,,,,0.0
active_power_k,10.0,22.0,Daisy,,,,,,0.0
active_power_k,10.0,22.0,Tulip,,,,,,0.0
active_power_k,10.0,22.0,Maryj,,,,,,0.0
active_power_k,10.0,23.0,Poppy,,,,,,-0.7446881369593392
active_power_k,10.0,23.0,Oxlip,,,,,,0.0
active_power_k,10.0,23.0,Daisy,,,,,,0.0
active_power_k,10.0,23.0,Tulip,,,,,,0.0
active_power_k,10.0,23.0,Maryj,,,,,,0.0
active_power_k,10.0,25.0,Poppy,,,,,,0.0
active_power_k,10.0,25.0,Oxlip,,,,,,0.7447433470083388
active_power_k,10.0,25.0,Daisy,,,,,,0.0
active_power_k,10.0,25.0,Tulip,,,,,,0.0
active_power_k,10.0,25.0,Maryj,,,,,,0.0
active_power_k,10.0,29.0,Poppy,,,,,,0.3285020596832535
active_power_k,10.0,29.0,Oxlip,,,,,,0.0
active_power_k,10.0,29.0,Daisy,,,,,,0.0
active_power_k,10.0,29.0,Tulip,,,,,,0.0
active_power_k,10.0,29.0,Maryj,,,,,,0.0
active_power_k,10.0,30.0,Poppy,,,,,,0.0
active_power_k,10.0,30.0,Oxlip,,,,,,0.0
active_power_k,10.0,30.0,Daisy,,,,,,1.0869223900683405
active_power_k,10.0,30.0,Tulip,,,,,,0.0
active_power_k,10.0,30.0,Maryj,,,,,,0.0
active_power_k,11.0,20.0,Poppy,,,,,,0.004938969100804475
active_power_k,11.0,20.0,Oxlip,,,,,,0.0
active_power_k,11.0,20.0,Daisy,,,,,,0.0
active_power_k,11.0,20.0,Tulip,,,,,,0.0
active_power_k,11.0,20.0,Maryj,,,,,,0.0
active_power_k,11.0,22.0,Poppy,,,,,,0.01297994027413438
active_power_k,11.0,22.0,Oxlip,,,,,,0.0
active_power_k,11.0,22.0,Daisy,,,,,,0.0
active_power_k,11.0,22.0,Tulip,,,,,,0.0
active_power_k,11.0,22.0,Maryj,,,,,,0.0
active_power_k,11.0,23.0,Poppy,,,,,,-0.7422935060837815
active_power_k,11.0,23.0,Oxlip,,,,,,0.0
active_power_k,11.0,23.0,Daisy,,,,,,0.0
active_power_k,11.0,23.0,Tulip,,,,,,0.0
active_power_k,11.0,23.0,Maryj,,,,,,0.0
active_power_k,11.0,25.0,Poppy,,,,,,0.0
active_power_k,11.0,25.0,Oxlip,,,,,,0.742348344957844
active_power_k,11.0,25.0,Daisy,,,,,,0.0
active_power_k,11.0,25.0,Tulip,,,,,,0.0
active_power_k,11.0,25.0,Maryj,,,,,,0.0
active_power_k,11.0,29.0,Poppy,,,,,,0.32773869931821425
active_power_k,11.0,29.0,Oxlip,,,,,,0.0
active_power_k,11.0,29.0,Daisy,,,,,,0.0
active_power_k,11.0,29.0,Tulip,,,,,,0.0
active_power_k,11.0,29.0,Maryj,,,,,,0.0
active_power_k,11.0,30.0,Poppy,,,,,,0.0
active_power_k,11.0,30.0,Oxlip,,,,,,0.0
active_power_k,11.0,30.0,Daisy,,,,,,1.0834739379788725
active_power_k,11.0,30.0,Tulip,,,,,,0.0
active_power_k,11.0,30.0,Maryj,,,,,,0.0
active_power_k,12.0,20.0,Poppy,,,,,,0.0017340100418776361
active_power_k,12.0,20.0,Oxlip,,,,,,0.0
active_power_k,12.0,20.0,Daisy,,,,,,0.0
active_power_k,12.0,20.0,Tulip,,,,,,0.0
active_power_k,12.0,20.0,Maryj,,,,,,0.0
active_power_k,12.0,22.0,Poppy,,,,,,0.01312387268688176
active_power_k,12.0,22.0,Oxlip,,,,,,0.0
active_power_k,12.0,22.0,Daisy,,,,,,0.0
active_power_k,12.0,22.0,Tulip,,,,,,0.0
active_power_k,12.0,22.0,Maryj,,,,,,0.0
active_power_k,12.0,23.0,Poppy,,,,,,-0.7046759490935347
active_power_k,12.0,23.0,Oxlip,,,,,,0.0
active_power_k,12.0,23.0,Daisy,,,,,,0.0
active_power_k,12.0,23.0,Tulip,,,,,,0.0
active_power_k,12.0,23.0,Maryj,,,,,,0.0
active_power_k,12.0,25.0,Poppy,,,,,,0.0
active_power_k,12.0,25.0,Oxlip,,,,,,0.7047252203560697
active_power_k,12.0,25.0,Daisy,,,,,,0.0
active_power_k,12.0,25.0,Tulip,,,,,,0.0
active_power_k,12.0,25.0,Maryj,,,,,,0.0
active_power_k,12.0,29.0,Poppy,,,,,,0.31244149705394947
active_power_k,12.0,29.0,Oxlip,,,,,,0.0
active_power_k,12.0,29.0,Daisy,,,,,,0.0
active_power_k,12.0,29.0,Tulip,,,,,,0.0
active_power_k,12.0,29.0,Maryj,,,,,,0.0
active_power_k,12.0,30.0,Poppy,,,,,,0.0
active_power_k,12.0,30.0,Oxlip,,,,,,0.0
active_power_k,12.0,30.0,Daisy,,,,,,1.0306547239591046
active_power_k,12.0,30.0,Tulip,,,,,,0.0
active_power_k,12.0,30.0,Maryj,,,,,,0.0
active_power_k,13.0,20.0,Poppy,,,,,,0.005760793872469371
active_power_k,13.0,20.0,Oxlip,,,,,,0.0
active_power_k,13.0,20.0,Daisy,,,,,,0.0
active_power_k,13.0,20.0,Tulip,,,,,,0.0
active_power_k,13.0,20.0,Maryj,,,,,,0.0
active_power_k,13.0,22.0,Poppy,,,,,,0.013472474766412836
active_power_k,13.0,22.0,Oxlip,,,,,,0.0
active_power_k,13.0,22.0,Daisy,,,,,,0.0
active_power_k,13.0,22.0,Tulip,,,,,,0.0
active_power_k,13.0,22.0,Maryj,,,,,,0.0
active_power_k,13.0,23.0,Poppy,,,,,,-0.7460573948554465
active_power_k,13.0,23.0,Oxlip,,,,,,0.0
active_power_k,13.0,23.0,Daisy,,,,,,0.0
active_power_k,13.0,23.0,Tulip,,,,,,0.0
active_power_k,13.0,23.0,Maryj,,,,,,0.0
active_power_k,13.0,25.0,Poppy,,,,,,0.0
active_power_k,13.0,25.0,Oxlip,,,,,,0.7461128366332838
active_power_k,13.0,25.0,Daisy,,,,,,0.0
active_power_k,13.0,25.0,Tulip,,,,,,0.0
active_power_k,13.0,25.0,Maryj,,,,,,0.0
active_power_k,13.0,29.0,Poppy,,,,,,0.32904653988814814
active_power_k,13.0,29.0,Oxlip,,,,,,0.0
active_power_k,13.0,29.0,Daisy,,,,,,0.0
active_power_k,13.0,29.0,Tulip,,,,,,0.0
active_power_k,13.0,29.0,Maryj,,,,,,0.0
active_power_k,13.0,30.0,Poppy,,,,,,0.0
active_power_k,13.0,30.0,Oxlip,,,,,,0.0
active_power_k,13.0,30.0,Daisy,,,,,,1.0890436138538206
active_power_k,13.0,30.0,Tulip,,,,,,0.0
active_power_k,13.0,30.0,Maryj,,,,,,0.0
active_power_k,14.0,20.0,Poppy,,,,,,0.006893584279205828
active_power_k,14.0,20.0,Oxlip,,,,,,0.0
active_power_k,14.0,20.0,Daisy,,,,,,0.0
active_power_k,14.0,20.0,Tulip,,,,,,0.0
active_power_k,14.0,20.0,Maryj,,,,,,0.0
active_power_k,14.0,22.0,Poppy,,,,,,0.013993093745532616
active_power_k,14.0,22.0,Oxlip,,,,,,0.0
active_power_k,14.0,22.0,Daisy,,,,,,0.0
active_power_k,14.0,22.0,Tulip,,,,,,0.0
active_power_k,14.0,22.0,Maryj,,,,,,0.0
active_power_k,14.0,23.0,Poppy,,,,,,-0.7503079292621829
active_power_k,14.0,23.0,Oxlip,,,,,,0.0
active_power_k,14.0,23.0,Daisy,,,,,,0.0
active_power_k,14.0,23.0,Tulip,,,,,,0.0
active_power_k,14.0,23.0,Maryj,,,,,,0.0
active_power_k,14.0,25.0,Poppy,,,,,,0.0
active_power_k,14.0,25.0,Oxlip,,,,,,0.7503637674260214
active_power_k,14.0,25.0,Daisy,,,,,,0.0
active_power_k,14.0,25.0,Tulip,,,,,,0.0
active_power_k,14.0,25.0,Maryj,,,,,,0.0
active_power_k,14.0,29.0,Poppy,,,,,,0.3304323816549698
active_power_k,14.0,29.0,Oxlip,,,,,,0.0
active_power_k,14.0,29.0,Daisy,,,,,,0.0
active_power_k,14.0,29.0,Tulip,,,,,,0.0
active_power_k,14.0,29.0,Maryj,,,,,,0.0
active_power_k,14.0,30.0,Poppy,,,,,,0.0
active_power_k,14.0,30.0,Oxlip,,,,,,0.0
active_power_k,14.0,30.0,Daisy,,,,,,1.0952047178514883
active_power_k,14.0,30.0,Tulip,,,,,,0.0
active_power_k,14.0,30.0,Maryj,,,,,,0.0
active_power_k,15.0,20.0,Poppy,,,,,,0.008113110185288049
active_power_k,15.0,20.0,Oxlip,,,,,,0.0
active_power_k,15.0,20.0,Daisy,,,,,,0.0
active_power_k,15.0,20.0,Tulip,,,,,,0.0
active_power_k,15.0,20.0,Maryj,,,,,,0.0
active_power_k,15.0,22.0,Poppy,,,,,,0.014399722312139698
active_power_k,15.0,22.0,Oxlip,,,,,,0.0
active_power_k,15.0,22.0,Daisy,,,,,,0.0
active_power_k,15.0,22.0,Tulip,,,,,,0.0
active_power_k,15.0,22.0,Maryj,,,,,,0.0
active_power_k,15.0,23.0,Poppy,,,,,,-0.7539571671682651
active_power_k,15.0,23.0,Oxlip,,,,,,0.0
active_power_k,15.0,23.0,Daisy,,,,,,0.0
active_power_k,15.0,23.0,Tulip,,,,,,0.0
active_power_k,15.0,23.0,Maryj,,,,,,0.0
active_power_k,15.0,25.0,Poppy,,,,,,0.0
active_power_k,15.0,25.0,Oxlip,,,,,,0.7540137276542268
active_power_k,15.0,25.0,Daisy,,,,,,0.0
active_power_k,15.0,25.0,Tulip,,,,,,0.0
active_power_k,15.0,25.0,Maryj,,,,,,0.0
active_power_k,15.0,29.0,Poppy,,,,,,0.33151251715323743
active_power_k,15.0,29.0,Oxlip,,,,,,0.0
active_power_k,15.0,29.0,Daisy,,,,,,0.0
active_power_k,15.0,29.0,Tulip,,,,,,0.0
active_power_k,15.0,29.0,Maryj,,,,,,0.0
active_power_k,15.0,30.0,Poppy,,,,,,0.0
active_power_k,15.0,30.0,Oxlip,,,,,,0.0
active_power_k,15.0,30.0,Daisy,,,,,,1.100346578502238
active_power_k,15.0,30.0,Tulip,,,,,,0.0
active_power_k,15.0,30.0,Maryj,,,,,,0.0
active_power_k,16.0,20.0,Poppy,,,,,,0.008998398697792105
active_power_k,16.0,20.0,Oxlip,,,,,,0.0
active_power_k,16.0,20.0,Daisy,,,,,,0.0
active_power_k,16.0,20.0,Tulip,,,,,,0.0
active_power_k,16.0,20.0,Maryj,,,,,,0.0
active_power_k,16.0,22.0,Poppy,,,,,,0.0146499408410386
active_power_k,16.0,22.0,Oxlip,,,,,,0.0
active_power_k,16.0,22.0,Daisy,,,,,,0.0
active_power_k,16.0,22.0,Tulip,,,,,,0.0
active_power_k,16.0,22.0,Maryj,,,,,,0.0
active_power_k,16.0,23.0,Poppy,,,,,,-0.758486620090071
active_power_k,16.0,23.0,Oxlip,,,,,,0.0
active_power_k,16.0,23.0,Daisy,,,,,,0.0
active_power_k,16.0,23.0,Tulip,,,,,,0.0
active_power_k,16.0,23.0,Maryj,,,,,,0.0
active_power_k,16.0,25.0,Poppy,,,,,,0.0
active_power_k,16.0,25.0,Oxlip,,,,,,0.7585440652784012
active_power_k,16.0,25.0,Daisy,,,,,,0.0
active_power_k,16.0,25.0,Tulip,,,,,,0.0
active_power_k,16.0,25.0,Maryj,,,,,,0.0
active_power_k,16.0,29.0,Poppy,,,,,,0.3331324889426772
active_power_k,16.0,29.0,Oxlip,,,,,,0.0
active_power_k,16.0,29.0,Daisy,,,,,,0.0
active_power_k,16.0,29.0,Tulip,,,,,,0.0
active_power_k,16.0,29.0,Maryj,,,,,,0.0
active_power_k,16.0,30.0,Poppy,,,,,,0.0
active_power_k,16.0,30.0,Oxlip,,,,,,0.0
active_power_k,16.0,30.0,Daisy,,,,,,1.1067533167975028
active_power_k,16.0,30.0,Tulip,,,,,,0.0
active_power_k,16.0,30.0,Maryj,,,,,,0.0
active_power_k,17.0,20.0,Poppy,,,,,,0.005128844077850221
active_power_k,17.0,20.0,Oxlip,,,,,,0.0
active_power_k,17.0,20.0,Daisy,,,,,,0.0
active_power_k,17.0,20.0,Tulip,,,,,,0.0
active_power_k,17.0,20.0,Maryj,,,,,,0.0
active_power_k,17.0,22.0,Poppy,,,,,,0.014754247935771916
active_power_k,17.0,22.0,Oxlip,,,,,,0.0
active_power_k,17.0,22.0,Daisy,,,,,,0.0
active_power_k,17.0,22.0,Tulip,,,,,,0.0
active_power_k,17.0,22.0,Maryj,,,,,,0.0
active_power_k,17.0,23.0,Poppy,,,,,,-0.5491846711005737
active_power_k,17.0,23.0,Oxlip,,,,,,0.0
active_power_k,17.0,23.0,Daisy,,,,,,0.0
active_power_k,17.0,23.0,Tulip,,,,,,0.0
active_power_k,17.0,23.0,Maryj,,,,,,0.0
active_power_k,17.0,25.0,Poppy,,,,,,0.0
active_power_k,17.0,25.0,Oxlip,,,,,,0.5492149695426464
active_power_k,17.0,25.0,Daisy,,,,,,0.0
active_power_k,17.0,25.0,Tulip,,,,,,0.0
active_power_k,17.0,25.0,Maryj,,,,,,0.0
active_power_k,17.0,29.0,Poppy,,,,,,0.24181683429345785
active_power_k,17.0,29.0,Oxlip,,,,,,0.0
active_power_k,17.0,29.0,Daisy,,,,,,0.0
active_power_k,17.0,29.0,Tulip,,,,,,0.0
active_power_k,17.0,29.0,Maryj,,,,,,0.0
active_power_k,17.0,30.0,Poppy,,,,,,0.0
active_power_k,17.0,30.0,Oxlip,,,,,,0.0
active_power_k,17.0,30.0,Daisy,,,,,,0.8060113514737479
active_power_k,17.0,30.0,Tulip,,,,,,0.0
active_power_k,17.0,30.0,Maryj,,,,,,0.0
active_power_k,18.0,20.0,Poppy,,,,,,0.0021950301298291983
active_power_k,18.0,20.0,Oxlip,,,,,,0.0
active_power_k,18.0,20.0,Daisy,,,,,,0.0
active_power_k,18.0,20.0,Tulip,,,,,,0.0
active_power_k,18.0,20.0,Maryj,,,,,,0.0
active_power_k,18.0,22.0,Poppy,,,,,,0.0148043238659415
active_power_k,18.0,22.0,Oxlip,,,,,,0.0
active_power_k,18.0,22.0,Daisy,,,,,,0.0
active_power_k,18.0,22.0,Tulip,,,,,,0.0
active_power_k,18.0,22.0,Maryj,,,,,,0.0
active_power_k,18.0,23.0,Poppy,,,,,,-0.47581307201466105
active_power_k,18.0,23.0,Oxlip,,,,,,0.0
active_power_k,18.0,23.0,Daisy,,,,,,0.0
active_power_k,18.0,23.0,Tulip,,,,,,0.0
active_power_k,18.0,23.0,Maryj,,,,,,0.0
active_power_k,18.0,25.0,Poppy,,,,,,0.0
active_power_k,18.0,25.0,Oxlip,,,,,,0.47583583513752437
active_power_k,18.0,25.0,Daisy,,,,,,0.0
active_power_k,18.0,25.0,Tulip,,,,,,0.0
active_power_k,18.0,25.0,Maryj,,,,,,0.0
active_power_k,18.0,29.0,Poppy,,,,,,0.21050804006762722
active_power_k,18.0,29.0,Oxlip,,,,,,0.0
active_power_k,18.0,29.0,Daisy,,,,,,0.0
active_power_k,18.0,29.0,Tulip,,,,,,0.0
active_power_k,18.0,29.0,Maryj,,,,,,0.0
active_power_k,18.0,30.0,Poppy,,,,,,0.0
active_power_k,18.0,30.0,Oxlip,,,,,,0.0
active_power_k,18.0,30.0,Daisy,,,,,,0.7013247829688241
active_power_k,18.0,30.0,Tulip,,,,,,0.0
active_power_k,18.0,30.0,Maryj,,,,,,0.0
active_power_k,19.0,20.0,Poppy,,,,,,0.0019144375772197483
active_power_k,19.0,20.0,Oxlip,,,,,,0.0
active_power_k,19.0,20.0,Daisy,,,,,,0.0
active_power_k,19.0,20.0,Tulip,,,,,,0.0
active_power_k,19.0,20.0,Maryj,,,,,,0.0
active_power_k,19.0,22.0,Poppy,,,,,,0.014818191596848964
active_power_k,19.0,22.0,Oxlip,,,,,,0.0
active_power_k,19.0,22.0,Daisy,,,,,,0.0
active_power_k,19.0,22.0,Tulip,,,,,,0.0
active_power_k,19.0,22.0,Maryj,,,,,,0.0
active_power_k,19.0,23.0,Poppy,,,,,,-0.47656468121323564
active_power_k,19.0,23.0,Oxlip,,,,,,0.0
active_power_k,19.0,23.0,Daisy,,,,,,0.0
active_power_k,19.0,23.0,Tulip,,,,,,0.0
active_power_k,19.0,23.0,Maryj,,,,,,0.0
active_power_k,19.0,25.0,Poppy,,,,,,0.0
active_power_k,19.0,25.0,Oxlip,,,,,,0.47658886268018286
active_power_k,19.0,25.0,Daisy,,,,,,0.0
active_power_k,19.0,25.0,Tulip,,,,,,0.0
active_power_k,19.0,25.0,Maryj,,,,,,0.0
active_power_k,19.0,29.0,Poppy,,,,,,0.2109676431085302
active_power_k,19.0,29.0,Oxlip,,,,,,0.0
active_power_k,19.0,29.0,Daisy,,,,,,0.0
active_power_k,19.0,29.0,Tulip,,,,,,0.0
active_power_k,19.0,29.0,Maryj,,,,,,0.0
active_power_k,19.0,30.0,Poppy,,,,,,0.0
active_power_k,19.0,30.0,Oxlip,,,,,,0.0
active_power_k,19.0,30.0,Daisy,,,,,,0.7025638188990234
active_power_k,19.0,30.0,Tulip,,,,,,0.0
active_power_k,19.0,30.0,Maryj,,,,,,0.0
active_power_k,20.0,20.0,Poppy,,,,,,0.001914857208052667
active_power_k,20.0,20.0,Oxlip,,,,,,0.0
active_power_k,20.0,20.0,Daisy,,,,,,0.0
active_power_k,20.0,20.0,Tulip,,,,,,0.0
active_power_k,20.0,20.0,Maryj,,,,,,0.0
active_power_k,20.0,22.0,Poppy,,,,,,0.00994559632032748
active_power_k,20.0,22.0,Oxlip,,,,,,0.0
active_power_k,20.0,22.0,Daisy,,,,,,0.0
active_power_k,20.0,22.0,Tulip,,,,,,0.0
active_power_k,20.0,22.0,Maryj,,,,,,0.0
active_power_k,20.0,23.0,Poppy,,,,,,-0.4561038519836791
active_power_k,20.0,23.0,Oxlip,,,,,,0.0
active_power_k,20.0,23.0,Daisy,,,,,,0.0
active_power_k,20.0,23.0,Tulip,,,,,,0.0
active_power_k,20.0,23.0,Maryj,,,,,,0.0
active_power_k,20.0,25.0,Poppy,,,,,,0.0
active_power_k,20.0,25.0,Oxlip,,,,,,0.4561267200848196
active_power_k,20.0,25.0,Daisy,,,,,,0.0
active_power_k,20.0,25.0,Tulip,,,,,,0.0
active_power_k,20.0,25.0,Maryj,,,,,,0.0
active_power_k,20.0,29.0,Poppy,,,,,,0.20187298292403627
active_power_k,20.0,29.0,Oxlip,,,,,,0.0
active_power_k,20.0,29.0,Daisy,,,,,,0.0
active_power_k,20.0,29.0,Tulip,,,,,,0.0
active_power_k,20.0,29.0,Maryj,,,,,,0.0
active_power_k,20.0,30.0,Poppy,,,,,,0.0
active_power_k,20.0,30.0,Oxlip,,,,,,0.0
active_power_k,20.0,30.0,Daisy,,,,,,0.6681207002716225
active_power_k,20.0,30.0,Tulip,,,,,,0.0
active_power_k,20.0,30.0,Maryj,,,,,,0.0
active_power_k,21.0,20.0,Poppy,,,,,,0.0018155249800752137
active_power_k,21.0,20.0,Oxlip,,,,,,0.0
active_power_k,21.0,20.0,Daisy,,,,,,0.0
active_power_k,21.0,20.0,Tulip,,,,,,0.0
active_power_k,21.0,20.0,Maryj,,,,,,0.0
active_power_k,21.0,22.0,Poppy,,,,,,0.004738396610056797
active_power_k,21.0,22.0,Oxlip,,,,,,0.0
active_power_k,21.0,22.0,Daisy,,,,,,0.0
active_power_k,21.0,22.0,Tulip,,,,,,0.0
active_power_k,21.0,22.0,Maryj,,,,,,0.0
active_power_k,21.0,23.0,Poppy,,,,,,-0.4560045197557016
active_power_k,21.0,23.0,Oxlip,,,,,,0.0
active_power_k,21.0,23.0,Daisy,,,,,,0.0
active_power_k,21.0,23.0,Tulip,,,,,,0.0
active_power_k,21.0,23.0,Maryj,,,,,,0.0
active_power_k,21.0,25.0,Poppy,,,,,,0.0
active_power_k,21.0,25.0,Oxlip,,,,,,0.4560282116994399
active_power_k,21.0,25.0,Daisy,,,,,,0.0
active_power_k,21.0,25.0,Tulip,,,,,,0.0
active_power_k,21.0,25.0,Maryj,,,,,,0.0
active_power_k,21.0,29.0,Poppy,,,,,,0.20187346362219802
active_power_k,21.0,29.0,Oxlip,,,,,,0.0
active_power_k,21.0,29.0,Daisy,,,,,,0.0
active_power_k,21.0,29.0,Tulip,,,,,,0.0
active_power_k,21.0,29.0,Maryj,,,,,,0.0
active_power_k,21.0,30.0,Poppy,,,,,,0.0
active_power_k,21.0,30.0,Oxlip,,,,,,0.0
active_power_k,21.0,30.0,Daisy,,,,,,0.6628207127194203
active_power_k,21.0,30.0,Tulip,,,,,,0.0
active_power_k,21.0,30.0,Maryj,,,,,,0.0
active_power_k,22.0,20.0,Poppy,,,,,,0.0019148572080526667
active_power_k,22.0,20.0,Oxlip,,,,,,0.0
active_power_k,22.0,20.0,Daisy,,,,,,0.0
active_power_k,22.0,20.0,Tulip,,,,,,0.0
active_power_k,22.0,20.0,Maryj,,,,,,0.0
active_power_k,22.0,22.0,Poppy,,,,,,0.004709422042847322
active_power_k,22.0,22.0,Oxlip,,,,,,0.0
active_power_k,22.0,22.0,Daisy,,,,,,0.0
active_power_k,22.0,22.0,Tulip,,,,,,0.0
active_power_k,22.0,22.0,Maryj,,,,,,0.0
active_power_k,22.0,23.0,Poppy,,,,,,-0.43558534383826897
active_power_k,22.0,23.0,Oxlip,,,,,,0.0
active_power_k,22.0,23.0,Daisy,,,,,,0.0
active_power_k,22.0,23.0,Tulip,,,,,,0.0
active_power_k,22.0,23.0,Maryj,,,,,,0.0
active_power_k,22.0,25.0,Poppy,,,,,,0.0
active_power_k,22.0,25.0,Oxlip,,,,,,0.43560759549860123
active_power_k,22.0,25.0,Daisy,,,,,,0.0
active_power_k,22.0,25.0,Tulip,,,,,,0.0
active_power_k,22.0,25.0,Maryj,,,,,,0.0
active_power_k,22.0,29.0,Poppy,,,,,,0.1927532753594629
active_power_k,22.0,29.0,Oxlip,,,,,,0.0
active_power_k,22.0,29.0,Daisy,,,,,,0.0
active_power_k,22.0,29.0,Tulip,,,,,,0.0
active_power_k,22.0,29.0,Maryj,,,,,,0.0
active_power_k,22.0,30.0,Poppy,,,,,,0.0
active_power_k,22.0,30.0,Oxlip,,,,,,0.0
active_power_k,22.0,30.0,Daisy,,,,,,0.6332380531314866
active_power_k,22.0,30.0,Tulip,,,,,,0.0
active_power_k,22.0,30.0,Maryj,,,,,,0.0
active_power_k,23.0,20.0,Poppy,,,,,,0.0018155251247730293
active_power_k,23.0,20.0,Oxlip,,,,,,0.0
active_power_k,23.0,20.0,Daisy,,,,,,0.0
active_power_k,23.0,20.0,Tulip,,,,,,0.0
active_power_k,23.0,20.0,Maryj,,,,,,0.0
active_power_k,23.0,22.0,Poppy,,,,,,0.0026940017973806035
active_power_k,23.0,22.0,Oxlip,,,,,,0.0
active_power_k,23.0,22.0,Daisy,,,,,,0.0
active_power_k,23.0,22.0,Tulip,,,,,,0.0
active_power_k,23.0,22.0,Maryj,,,,,,0.0
active_power_k,23.0,23.0,Poppy,,,,,,-0.4252267790437117
active_power_k,23.0,23.0,Oxlip,,,,,,0.0
active_power_k,23.0,23.0,Daisy,,,,,,0.0
active_power_k,23.0,23.0,Tulip,,,,,,0.0
active_power_k,23.0,23.0,Maryj,,,,,,0.0
active_power_k,23.0,25.0,Poppy,,,,,,0.0
active_power_k,23.0,25.0,Oxlip,,,,,,0.4252483953290574
active_power_k,23.0,25.0,Daisy,,,,,,0.0
active_power_k,23.0,25.0,Tulip,,,,,,0.0
active_power_k,23.0,25.0,Maryj,,,,,,0.0
active_power_k,23.0,29.0,Poppy,,,,,,0.18819324371870816
active_power_k,23.0,29.0,Oxlip,,,,,,0.0
active_power_k,23.0,29.0,Daisy,,,,,,0.0
active_power_k,23.0,29.0,Tulip,,,,,,0.0
active_power_k,23.0,29.0,Maryj,,,,,,0.0
active_power_k,23.0,30.0,Poppy,,,,,,0.0
active_power_k,23.0,30.0,Oxlip,,,,,,0.0
active_power_k,23.0,30.0,Daisy,,,,,,0.616297013935285
active_power_k,23.0,30.0,Tulip,,,,,,0.0
active_power_k,23.0,30.0,Maryj,,,,,,0.0
active_power_k,24.0,20.0,Poppy,,,,,,0.0018155251609483824
active_power_k,24.0,20.0,Oxlip,,,,,,0.0
active_power_k,24.0,20.0,Daisy,,,,,,0.0
active_power_k,24.0,20.0,Tulip,,,,,,0.0
active_power_k,24.0,20.0,Maryj,,,,,,0.0
active_power_k,24.0,22.0,Poppy,,,,,,0.0005290565300430788
active_power_k,24.0,22.0,Oxlip,,,,,,0.0
active_power_k,24.0,22.0,Daisy,,,,,,0.0
active_power_k,24.0,22.0,Tulip,,,,,,0.0
active_power_k,24.0,22.0,Maryj,,,,,,0.0
active_power_k,24.0,23.0,Poppy,,,,,,-0.3936835433443942
active_power_k,24.0,23.0,Oxlip,,,,,,0.0
active_power_k,24.0,23.0,Daisy,,,,,,0.0
active_power_k,24.0,23.0,Tulip,,,,,,0.0
active_power_k,24.0,23.0,Maryj,,,,,,0.0
active_power_k,24.0,25.0,Poppy,,,,,,0.0
active_power_k,24.0,25.0,Oxlip,,,,,,0.39370232554320755
active_power_k,24.0,25.0,Daisy,,,,,,0.0
active_power_k,24.0,25.0,Tulip,,,,,,0.0
active_power_k,24.0,25.0,Maryj,,,,,,0.0
active_power_k,24.0,29.0,Poppy,,,,,,0.17417236060264848
active_power_k,24.0,29.0,Oxlip,,,,,,0.0
active_power_k,24.0,29.0,Daisy,,,,,,0.0
active_power_k,24.0,29.0,Tulip,,,,,,0.0
active_power_k,24.0,29.0,Maryj,,,,,,0.0
active_power_k,24.0,30.0,Poppy,,,,,,0.0
active_power_k,24.0,30.0,Oxlip,,,,,,0.0
active_power_k,24.0,30.0,Daisy,,,,,,0.5685390814232393
active_power_k,24.0,30.0,Tulip,,,,,,0.0
active_power_k,24.0,30.0,Maryj,,,,,,0.0
active_power,1.0,20.0,,,,,,,0.001914857208052667
active_power,1.0,22.0,,,,,,,0.0005120581052535517
active_power,1.0,23.0,,,,,,,-0.3937828753914985
active_power,1.0,25.0,,,,,,,0.39380232473494353
active_power,1.0,29.0,,,,,,,0.174172745373408
active_power,1.0,30.0,,,,,,,0.5686284099476426
active_power,2.0,20.0,,,,,,,0.001914857208052667
active_power,2.0,22.0,,,,,,,0.0005120581052535517
active_power,2.0,23.0,,,,,,,-0.3937828753914985
active_power,2.0,25.0,,,,,,,0.3938023901626394
active_power,2.0,29.0,,,,,,,0.17417278345425583
active_power,2.0,30.0,,,,,,,0.568629135961662
active_power,3.0,20.0,,,,,,,0.0018155251609483824
active_power,3.0,22.0,,,,,,,0.0005120581052535517
active_power,3.0,23.0,,,,,,,-0.3936835433443942
active_power,3.0,25.0,,,,,,,0.3937030013383016
active_power,3.0,29.0,,,,,,,0.17417275393531625
active_power,3.0,30.0,,,,,,,0.568529241016724
active_power,4.0,20.0,,,,,,,0.0018155251609483824
active_power,4.0,22.0,,,,,,,0.0005120581052535517
active_power,4.0,23.0,,,,,,,-0.3936835433443942
active_power,4.0,25.0,,,,,,,0.39370291584050443
active_power,4.0,29.0,,,,,,,0.17417270417307773
active_power,4.0,30.0,,,,,,,0.5685283381141603
active_power,5.0,20.0,,,,,,,0.0017161930796479924
active_power,5.0,22.0,,,,,,,0.0005120581052535517
active_power,5.0,23.0,,,,,,,-0.3960145837337883
active_power,5.0,25.0,,,,,,,0.3960343215432261
active_power,5.0,29.0,,,,,,,0.17525308682595708
active_power,5.0,30.0,,,,,,,0.5719434027214116
active_power,6.0,20.0,,,,,,,0.0019521885439594492
active_power,6.0,22.0,,,,,,,0.0005120581052535517
active_power,6.0,23.0,,,,,,,-0.43405690312605905
active_power,6.0,25.0,,,,,,,0.4340803711477757
active_power,6.0,29.0,,,,,,,0.19205779545948828
active_power,6.0,30.0,,,,,,,0.6268229166270785
active_power,7.0,20.0,,,,,,,0.004436549005415675
active_power,7.0,22.0,,,,,,,0.0005120581052535517
active_power,7.0,23.0,,,,,,,-0.4778382788810881
active_power,7.0,25.0,,,,,,,0.4778647032050769
active_power,7.0,29.0,,,,,,,0.210413633501224
active_power,7.0,30.0,,,,,,,0.6889881889406719
active_power,8.0,20.0,,,,,,,0.007402067141212858
active_power,8.0,22.0,,,,,,,0.0022687549087924107
active_power,8.0,23.0,,,,,,,-0.7539292288755582
active_power,8.0,25.0,,,,,,,0.7539941398847486
active_power,8.0,29.0,,,,,,,0.33182052368780884
active_power,8.0,30.0,,,,,,,1.088560634359476
active_power,9.0,20.0,,,,,,,0.006307153273137981
active_power,9.0,22.0,,,,,,,0.008711791658446847
active_power,9.0,23.0,,,,,,,-0.7484950502561151
active_power,9.0,25.0,,,,,,,0.7485560166969537
active_power,9.0,29.0,,,,,,,0.32988960780097476
active_power,9.0,30.0,,,,,,,1.0876048104630325
active_power,10.0,20.0,,,,,,,0.005616399976362042
active_power,10.0,22.0,,,,,,,0.013267090803851186
active_power,10.0,23.0,,,,,,,-0.7446881369593392
active_power,10.0,25.0,,,,,,,0.7447433470083388
active_power,10.0,29.0,,,,,,,0.3285020596832535
active_power,10.0,30.0,,,,,,,1.0869223900683405
active_power,11.0,20.0,,,,,,,0.004938969100804475
active_power,11.0,22.0,,,,,,,0.01297994027413438
active_power,11.0,23.0,,,,,,,-0.7422935060837815
active_power,11.0,25.0,,,,,,,0.742348344957844
active_power,11.0,29.0,,,,,,,0.32773869931821425
active_power,11.0,30.0,,,,,,,1.0834739379788725
active_power,12.0,20.0,,,,,,,0.0017340100418776361
active_power,12.0,22.0,,,,,,,0.01312387268688176
active_power,12.0,23.0,,,,,,,-0.7046759490935347
active_power,12.0,25.0,,,,,,,0.7047252203560697
active_power,12.0,29.0,,,,,,,0.31244149705394947
active_power,12.0,30.0,,,,,,,1.0306547239591046
active_power,13.0,20.0,,,,,,,0.005760793872469371
active_power,13.0,22.0,,,,,,,0.013472474766412836
active_power,13.0,23.0,,,,,,,-0.7460573948554465
active_power,13.0,25.0,,,,,,,0.7461128366332838
active_power,13.0,29.0,,,,,,,0.32904653988814814
active_power,13.0,30.0,,,,,,,1.0890436138538206
active_power,14.0,20.0,,,,,,,0.006893584279205828
active_power,14.0,22.0,,,,,,,0.013993093745532616
active_power,14.0,23.0,,,,,,,-0.7503079292621829
active_power,14.0,25.0,,,,,,,0.7503637674260214
active_power,14.0,29.0,,,,,,,0.3304323816549698
active_power,14.0,30.0,,,,,,,1.0952047178514883
active_power,15.0,20.0,,,,,,,0.008113110185288049
active_power,15.0,22.0,,,,,,,0.014399722312139698
active_power,15.0,23.0,,,,,,,-0.7539571671682651
active_power,15.0,25.0,,,,,,,0.7540137276542268
active_power,15.0,29.0,,,,,,,0.33151251715323743
active_power,15.0,30.0,,,,,,,1.100346578502238
active_power,16.0,20.0,,,,,,,0.008998398697792105
active_power,16.0,22.0,,,,,,,0.0146499408410386
active_power,16.0,23.0,,,,,,,-0.758486620090071
active_power,16.0,25.0,,,,,,,0.7585440652784012
active_power,16.0,29.0,,,,,,,0.3331324889426772
active_power,16.0,30.0,,,,,,,1.1067533167975028
active_power,17.0,20.0,,,,,,,0.005128844077850221
active_power,17.0,22.0,,,,,,,0.014754247935771916
active_power,17.0,23.0,,,,,,,-0.5491846711005737
active_power,17.0,25.0,,,,,,,0.5492149695426464
active_power,17.0,29.0,,,,,,,0.24181683429345785
active_power,17.0,30.0,,,,,,,0.8060113514737479
active_power,18.0,20.0,,,,,,,0.0021950301298291983
active_power,18.0,22.0,,,,,,,0.0148043238659415
active_power,18.0,23.0,,,,,,,-0.47581307201466105
active_power,18.0,25.0,,,,,,,0.47583583513752437
active_power,18.0,29.0,,,,,,,0.21050804006762722
active_power,18.0,30.0,,,,,,,0.7013247829688241
active_power,19.0,20.0,,,,,,,0.0019144375772197483
active_power,19.0,22.0,,,,,,,0.014818191596848964
active_power,19.0,23.0,,,,,,,-0.47656468121323564
active_power,19.0,25.0,,,,,,,0.47658886268018286
active_power,19.0,29.0,,,,,,,0.2109676431085302
active_power,19.0,30.0,,,,,,,0.7025638188990234
active_power,20.0,20.0,,,,,,,0.001914857208052667
active_power,20.0,22.0,,,,,,,0.00994559632032748
active_power,20.0,23.0,,,,,,,-0.4561038519836791
active_power,20.0,25.0,,,,,,,0.4561267200848196
active_power,20.0,29.0,,,,,,,0.20187298292403627
active_power,20.0,30.0,,,,,,,0.6681207002716225
active_power,21.0,20.0,,,,,,,0.0018155249800752137
active_power,21.0,22.0,,,,,,,0.004738396610056797
active_power,21.0,23.0,,,,,,,-0.4560045197557016
active_power,21.0,25.0,,,,,,,0.4560282116994399
active_power,21.0,29.0,,,,,,,0.20187346362219802
active_power,21.0,30.0,,,,,,,0.6628207127194203
active_power,22.0,20.0,,,,,,,0.0019148572080526667
active_power,22.0,22.0,,,,,,,0.004709422042847322
active_power,22.0,23.0,,,,,,,-0.43558534383826897
active_power,22.0,25.0,,,,,,,0.43560759549860123
active_power,22.0,29.0,,,,,,,0.1927532753594629
active_power,22.0,30.0,,,,,,,0.6332380531314866
active_power,23.0,20.0,,,,,,,0.0018155251247730293
active_power,23.0,22.0,,,,,,,0.0026940017973806035
active_power,23.0,23.0,,,,,,,-0.4252267790437117
active_power,23.0,25.0,,,,,,,0.4252483953290574
active_power,23.0,29.0,,,,,,,0.18819324371870816
active_power,23.0,30.0,,,,,,,0.616297013935285
active_power,24.0,20.0,,,,,,,0.0018155251609483824
active_power,24.0,22.0,,,,,,,0.0005290565300430788
active_power,24.0,23.0,,,,,,,-0.3936835433443942
active_power,24.0,25.0,,,,,,,0.39370232554320755
active_power,24.0,29.0,,,,,,,0.17417236060264848
active_power,24.0,30.0,,,,,,,0.5685390814232393
reactive_power_k,1.0,20.0,Poppy,,,,,,-0.00011967584407656032
reactive_power_k,1.0,20.0,Oxlip,,,,,,0.0
reactive_power_k,1.0,20.0,Daisy,,,,,,0.0
reactive_power_k,1.0,20.0,Tulip,,,,,,0.0
reactive_power_k,1.0,20.0,Maryj,,,,,,0.0
reactive_power_k,1.0,22.0,Poppy,,,,,,-0.00024439136841893083
reactive_power_k,1.0,22.0,Oxlip,,,,,,0.0
reactive_power_k,1.0,22.0,Daisy,,,,,,0.0
reactive_power_k,1.0,22.0,Tulip,,,,,,0.0
reactive_power_k,1.0,22.0,Maryj,,,,,,0.0
reactive_power_k,1.0,23.0,Poppy,,,,,,-0.27456091438914193
reactive_power_k,1.0,23.0,Oxlip,,,,,,0.0
reactive_power_k,1.0,23.0,Daisy,,,,,,0.0
reactive_power_k,1.0,23.0,Tulip,,,,,,0.0
reactive_power_k,1.0,23.0,Maryj,,,,,,0.0
reactive_power_k,1.0,25.0,Poppy,,,,,,0.0
reactive_power_k,1.0,25.0,Oxlip,,,,,,0.2745830281467851
reactive_power_k,1.0,25.0,Daisy,,,,,,0.0
reactive_power_k,1.0,25.0,Tulip,,,,,,0.0
reactive_power_k,1.0,25.0,Maryj,,,,,,0.0
reactive_power_k,1.0,29.0,Poppy,,,,,,0.12208742147687761
reactive_power_k,1.0,29.0,Oxlip,,,,,,0.0
reactive_power_k,1.0,29.0,Daisy,,,,,,0.0
reactive_power_k,1.0,29.0,Tulip,,,,,,0.0
reactive_power_k,1.0,29.0,Maryj,,,,,,0.0
reactive_power_k,1.0,30.0,Poppy,,,,,,0.0
reactive_power_k,1.0,30.0,Oxlip,,,,,,0.0
reactive_power_k,1.0,30.0,Daisy,,,,,,0.3966814023066697
reactive_power_k,1.0,30.0,Tulip,,,,,,0.0
reactive_power_k,1.0,30.0,Maryj,,,,,,0.0
reactive_power_k,2.0,20.0,Poppy,,,,,,-0.00011967584407656032
reactive_power_k,2.0,20.0,Oxlip,,,,,,0.0
reactive_power_k,2.0,20.0,Daisy,,,,,,0.0
reactive_power_k,2.0,20.0,Tulip,,,,,,0.0
reactive_power_k,2.0,20.0,Maryj,,,,,,0.0
reactive_power_k,2.0,22.0,Poppy,,,,,,-7.64762105269906e-05
reactive_power_k,2.0,22.0,Oxlip,,,,,,0.0
reactive_power_k,2.0,22.0,Daisy,,,,,,0.0
reactive_power_k,2.0,22.0,Tulip,,,,,,0.0
reactive_power_k,2.0,22.0,Maryj,,,,,,0.0
reactive_power_k,2.0,23.0,Poppy,,,,,,-0.27641574668757735
reactive_power_k,2.0,23.0,Oxlip,,,,,,0.0
reactive_power_k,2.0,23.0,Daisy,,,,,,0.0
reactive_power_k,2.0,23.0,Tulip,,,,,,0.0
reactive_power_k,2.0,23.0,Maryj,,,,,,0.0
reactive_power_k,2.0,25.0,Poppy,,,,,,0.0
reactive_power_k,2.0,25.0,Oxlip,,,,,,0.27643793483601997
reactive_power_k,2.0,25.0,Daisy,,,,,,0.0
reactive_power_k,2.0,25.0,Tulip,,,,,,0.0
reactive_power_k,2.0,25.0,Maryj,,,,,,0.0
reactive_power_k,2.0,29.0,Poppy,,,,,,0.12291182107955746
reactive_power_k,2.0,29.0,Oxlip,,,,,,0.0
reactive_power_k,2.0,29.0,Daisy,,,,,,0.0
reactive_power_k,2.0,29.0,Tulip,,,,,,0.0
reactive_power_k,2.0,29.0,Maryj,,,,,,0.0
reactive_power_k,2.0,30.0,Poppy,,,,,,0.0
reactive_power_k,2.0,30.0,Oxlip,,,,,,0.0
reactive_power_k,2.0,30.0,Daisy,,,,,,0.39952974883518
reactive_power_k,2.0,30.0,Tulip,,,,,,0.0
reactive_power_k,2.0,30.0,Maryj,,,,,,0.0
reactive_power_k,3.0,20.0,Poppy,,,,,,-0.00011346773282363454
reactive_power_k,3.0,20.0,Oxlip,,,,,,0.0
reactive_power_k,3.0,20.0,Daisy,,,,,,0.0
reactive_power_k,3.0,20.0,Tulip,,,,,,0.0
reactive_power_k,3.0,20.0,Maryj,,,,,,0.0
reactive_power_k,3.0,22.0,Poppy,,,,,,-9.143894738286584e-06
reactive_power_k,3.0,22.0,Oxlip,,,,,,0.0
reactive_power_k,3.0,22.0,Daisy,,,,,,0.0
reactive_power_k,3.0,22.0,Tulip,,,,,,0.0
reactive_power_k,3.0,22.0,Maryj,,,,,,0.0
reactive_power_k,3.0,23.0,Poppy,,,,,,-0.2749841537607271
reactive_power_k,3.0,23.0,Oxlip,,,,,,0.0
reactive_power_k,3.0,23.0,Daisy,,,,,,0.0
reactive_power_k,3.0,23.0,Tulip,,,,,,0.0
reactive_power_k,3.0,23.0,Maryj,,,,,,0.0
reactive_power_k,3.0,25.0,Poppy,,,,,,0.0
reactive_power_k,3.0,25.0,Oxlip,,,,,,0.27500627735388083
reactive_power_k,3.0,25.0,Daisy,,,,,,0.0
reactive_power_k,3.0,25.0,Tulip,,,,,,0.0
reactive_power_k,3.0,25.0,Maryj,,,,,,0.0
reactive_power_k,3.0,29.0,Poppy,,,,,,0.12227277537955278
reactive_power_k,3.0,29.0,Oxlip,,,,,,0.0
reactive_power_k,3.0,29.0,Daisy,,,,,,0.0
reactive_power_k,3.0,29.0,Tulip,,,,,,0.0
reactive_power_k,3.0,29.0,Maryj,,,,,,0.0
reactive_power_k,3.0,30.0,Poppy,,,,,,0.0
reactive_power_k,3.0,30.0,Oxlip,,,,,,0.0
reactive_power_k,3.0,30.0,Daisy,,,,,,0.397525516587842
reactive_power_k,3.0,30.0,Tulip,,,,,,0.0
reactive_power_k,3.0,30.0,Maryj,,,,,,0.0
reactive_power_k,4.0,20.0,Poppy,,,,,,-0.00011346773282363454
reactive_power_k,4.0,20.0,Oxlip,,,,,,0.0
reactive_power_k,4.0,20.0,Daisy,,,,,,0.0
reactive_power_k,4.0,20.0,Tulip,,,,,,0.0
reactive_power_k,4.0,20.0,Maryj,,,,,,0.0
reactive_power_k,4.0,22.0,Poppy,,,,,,-1.8991165993145764e-05
reactive_power_k,4.0,22.0,Oxlip,,,,,,0.0
reactive_power_k,4.0,22.0,Daisy,,,,,,0.0
reactive_power_k,4.0,22.0,Tulip,,,,,,0.0
reactive_power_k,4.0,22.0,Maryj,,,,,,0.0
reactive_power_k,4.0,23.0,Poppy,,,,,,-0.2725603472435577
reactive_power_k,4.0,23.0,Oxlip,,,,,,0.0
reactive_power_k,4.0,23.0,Daisy,,,,,,0.0
reactive_power_k,4.0,23.0,Tulip,,,,,,0.0
reactive_power_k,4.0,23.0,Maryj,,,,,,0.0
reactive_power_k,4.0,25.0,Poppy,,,,,,0.0
reactive_power_k,4.0,25.0,Oxlip,,,,,,0.2725823736263573
reactive_power_k,4.0,25.0,Daisy,,,,,,0.0
reactive_power_k,4.0,25.0,Tulip,,,,,,0.0
reactive_power_k,4.0,25.0,Maryj,,,,,,0.0
reactive_power_k,4.0,29.0,Poppy,,,,,,0.12119548923815181
reactive_power_k,4.0,29.0,Oxlip,,,,,,0.0
reactive_power_k,4.0,29.0,Daisy,,,,,,0.0
reactive_power_k,4.0,29.0,Tulip,,,,,,0.0
reactive_power_k,4.0,29.0,Maryj,,,,,,0.0
reactive_power_k,4.0,30.0,Poppy,,,,,,0.0
reactive_power_k,4.0,30.0,Oxlip,,,,,,0.0
reactive_power_k,4.0,30.0,Daisy,,,,,,0.3940130920570385
reactive_power_k,4.0,30.0,Tulip,,,,,,0.0
reactive_power_k,4.0,30.0,Maryj,,,,,,0.0
reactive_power_k,5.0,20.0,Poppy,,,,,,-8.580727064428823e-05
reactive_power_k,5.0,20.0,Oxlip,,,,,,0.0
reactive_power_k,5.0,20.0,Daisy,,,,,,0.0
reactive_power_k,5.0,20.0,Tulip,,,,,,0.0
reactive_power_k,5.0,20.0,Maryj,,,,,,0.0
reactive_power_k,5.0,22.0,Poppy,,,,,,-9.143894738286584e-06
reactive_power_k,5.0,22.0,Oxlip,,,,,,0.0
reactive_power_k,5.0,22.0,Daisy,,,,,,0.0
reactive_power_k,5.0,22.0,Tulip,,,,,,0.0
reactive_power_k,5.0,22.0,Maryj,,,,,,0.0
reactive_power_k,5.0,23.0,Poppy,,,,,,-0.2787394832633549
reactive_power_k,5.0,23.0,Oxlip,,,,,,0.0
reactive_power_k,5.0,23.0,Daisy,,,,,,0.0
reactive_power_k,5.0,23.0,Tulip,,,,,,0.0
reactive_power_k,5.0,23.0,Maryj,,,,,,0.0
reactive_power_k,5.0,25.0,Poppy,,,,,,0.0
reactive_power_k,5.0,25.0,Oxlip,,,,,,0.27876192500466845
reactive_power_k,5.0,25.0,Daisy,,,,,,0.0
reactive_power_k,5.0,25.0,Tulip,,,,,,0.0
reactive_power_k,5.0,25.0,Maryj,,,,,,0.0
reactive_power_k,5.0,29.0,Poppy,,,,,,0.12392964765938469
reactive_power_k,5.0,29.0,Oxlip,,,,,,0.0
reactive_power_k,5.0,29.0,Daisy,,,,,,0.0
reactive_power_k,5.0,29.0,Tulip,,,,,,0.0
reactive_power_k,5.0,29.0,Maryj,,,,,,0.0
reactive_power_k,5.0,30.0,Poppy,,,,,,0.0
reactive_power_k,5.0,30.0,Oxlip,,,,,,0.0
reactive_power_k,5.0,30.0,Daisy,,,,,,0.40294257042669174
reactive_power_k,5.0,30.0,Tulip,,,,,,0.0
reactive_power_k,5.0,30.0,Maryj,,,,,,0.0
reactive_power_k,6.0,20.0,Poppy,,,,,,2.4263840552816658e-09
reactive_power_k,6.0,20.0,Oxlip,,,,,,0.0
reactive_power_k,6.0,20.0,Daisy,,,,,,0.0
reactive_power_k,6.0,20.0,Tulip,,,,,,0.0
reactive_power_k,6.0,20.0,Maryj,,,,,,0.0
reactive_power_k,6.0,22.0,Poppy,,,,,,-0.0001745652631566369
reactive_power_k,6.0,22.0,Oxlip,,,,,,0.0
reactive_power_k,6.0,22.0,Daisy,,,,,,0.0
reactive_power_k,6.0,22.0,Tulip,,,,,,0.0
reactive_power_k,6.0,22.0,Maryj,,,,,,0.0
reactive_power_k,6.0,23.0,Poppy,,,,,,-0.3024618833760689
reactive_power_k,6.0,23.0,Oxlip,,,,,,0.0
reactive_power_k,6.0,23.0,Daisy,,,,,,0.0
reactive_power_k,6.0,23.0,Tulip,,,,,,0.0
reactive_power_k,6.0,23.0,Maryj,,,,,,0.0
reactive_power_k,6.0,25.0,Poppy,,,,,,0.0
reactive_power_k,6.0,25.0,Oxlip,,,,,,0.302488566467923
reactive_power_k,6.0,25.0,Daisy,,,,,,0.0
reactive_power_k,6.0,25.0,Tulip,,,,,,0.0
reactive_power_k,6.0,25.0,Maryj,,,,,,0.0
reactive_power_k,6.0,29.0,Poppy,,,,,,0.13443627885622758
reactive_power_k,6.0,29.0,Oxlip,,,,,,0.0
reactive_power_k,6.0,29.0,Daisy,,,,,,0.0
reactive_power_k,6.0,29.0,Tulip,,,,,,0.0
reactive_power_k,6.0,29.0,Maryj,,,,,,0.0
reactive_power_k,6.0,30.0,Poppy,,,,,,0.0
reactive_power_k,6.0,30.0,Oxlip,,,,,,0.0
reactive_power_k,6.0,30.0,Daisy,,,,,,0.43706239297079674
reactive_power_k,6.0,30.0,Tulip,,,,,,0.0
reactive_power_k,6.0,30.0,Maryj,,,,,,0.0
reactive_power_k,7.0,20.0,Poppy,,,,,,-0.00022182128907805262
reactive_power_k,7.0,20.0,Oxlip,,,,,,0.0
reactive_power_k,7.0,20.0,Daisy,,,,,,0.0
reactive_power_k,7.0,20.0,Tulip,,,,,,0.0
reactive_power_k,7.0,20.0,Maryj,,,,,,0.0
reactive_power_k,7.0,22.0,Poppy,,,,,,-0.0001867997516851322
reactive_power_k,7.0,22.0,Oxlip,,,,,,0.0
reactive_power_k,7.0,22.0,Daisy,,,,,,0.0
reactive_power_k,7.0,22.0,Tulip,,,,,,0.0
reactive_power_k,7.0,22.0,Maryj,,,,,,0.0
reactive_power_k,7.0,23.0,Poppy,,,,,,-0.305447906197528
reactive_power_k,7.0,23.0,Oxlip,,,,,,0.0
reactive_power_k,7.0,23.0,Daisy,,,,,,0.0
reactive_power_k,7.0,23.0,Tulip,,,,,,0.0
reactive_power_k,7.0,23.0,Maryj,,,,,,0.0
reactive_power_k,7.0,25.0,Poppy,,,,,,0.0
reactive_power_k,7.0,25.0,Oxlip,,,,,,0.3054779505989133
reactive_power_k,7.0,25.0,Daisy,,,,,,0.0
reactive_power_k,7.0,25.0,Tulip,,,,,,0.0
reactive_power_k,7.0,25.0,Maryj,,,,,,0.0
reactive_power_k,7.0,29.0,Poppy,,,,,,0.13586324300942978
reactive_power_k,7.0,29.0,Oxlip,,,,,,0.0
reactive_power_k,7.0,29.0,Daisy,,,,,,0.0
reactive_power_k,7.0,29.0,Tulip,,,,,,0.0
reactive_power_k,7.0,29.0,Maryj,,,,,,0.0
reactive_power_k,7.0,30.0,Poppy,,,,,,0.0
reactive_power_k,7.0,30.0,Oxlip,,,,,,0.0
reactive_power_k,7.0,30.0,Daisy,,,,,,0.4415118749890997
reactive_power_k,7.0,30.0,Tulip,,,,,,0.0
reactive_power_k,7.0,30.0,Maryj,,,,,,0.0
reactive_power_k,8.0,20.0,Poppy,,,,,,-0.00040459303191797013
reactive_power_k,8.0,20.0,Oxlip,,,,,,0.0
reactive_power_k,8.0,20.0,Daisy,,,,,,0.0
reactive_power_k,8.0,20.0,Tulip,,,,,,0.0
reactive_power_k,8.0,20.0,Maryj,,,,,,0.0
reactive_power_k,8.0,22.0,Poppy,,,,,,-0.0002646421048044939
reactive_power_k,8.0,22.0,Oxlip,,,,,,0.0
reactive_power_k,8.0,22.0,Daisy,,,,,,0.0
reactive_power_k,8.0,22.0,Tulip,,,,,,0.0
reactive_power_k,8.0,22.0,Maryj,,,,,,0.0
reactive_power_k,8.0,23.0,Poppy,,,,,,-0.4475161502655132
reactive_power_k,8.0,23.0,Oxlip,,,,,,0.0
reactive_power_k,8.0,23.0,Daisy,,,,,,0.0
reactive_power_k,8.0,23.0,Tulip,,,,,,0.0
reactive_power_k,8.0,23.0,Maryj,,,,,,0.0
reactive_power_k,8.0,25.0,Poppy,,,,,,0.0
reactive_power_k,8.0,25.0,Oxlip,,,,,,0.4475899544916025
reactive_power_k,8.0,25.0,Daisy,,,,,,0.0
reactive_power_k,8.0,25.0,Tulip,,,,,,0.0
reactive_power_k,8.0,25.0,Maryj,,,,,,0.0
reactive_power_k,8.0,29.0,Poppy,,,,,,0.19909980295477997
reactive_power_k,8.0,29.0,Oxlip,,,,,,0.0
reactive_power_k,8.0,29.0,Daisy,,,,,,0.0
reactive_power_k,8.0,29.0,Tulip,,,,,,0.0
reactive_power_k,8.0,29.0,Maryj,,,,,,0.0
reactive_power_k,8.0,30.0,Poppy,,,,,,0.0
reactive_power_k,8.0,30.0,Oxlip,,,,,,0.0
reactive_power_k,8.0,30.0,Daisy,,,,,,0.647287606424063
reactive_power_k,8.0,30.0,Tulip,,,,,,0.0
reactive_power_k,8.0,30.0,Maryj,,,,,,0.0
reactive_power_k,9.0,20.0,Poppy,,,,,,0.0020595370084564974
reactive_power_k,9.0,20.0,Oxlip,,,,,,0.0
reactive_power_k,9.0,20.0,Daisy,,,,,,0.0
reactive_power_k,9.0,20.0,Tulip,,,,,,0.0
reactive_power_k,9.0,20.0,Maryj,,,,,,0.0
reactive_power_k,9.0,22.0,Poppy,,,,,,0.0019390949453684174
reactive_power_k,9.0,22.0,Oxlip,,,,,,0.0
reactive_power_k,9.0,22.0,Daisy,,,,,,0.0
reactive_power_k,9.0,22.0,Tulip,,,,,,0.0
reactive_power_k,9.0,22.0,Maryj,,,,,,0.0
reactive_power_k,9.0,23.0,Poppy,,,,,,-0.39477233976740145
reactive_power_k,9.0,23.0,Oxlip,,,,,,0.0
reactive_power_k,9.0,23.0,Daisy,,,,,,0.0
reactive_power_k,9.0,23.0,Tulip,,,,,,0.0
reactive_power_k,9.0,23.0,Maryj,,,,,,0.0
reactive_power_k,9.0,25.0,Poppy,,,,,,0.0
reactive_power_k,9.0,25.0,Oxlip,,,,,,0.39484165899444246
reactive_power_k,9.0,25.0,Daisy,,,,,,0.0
reactive_power_k,9.0,25.0,Tulip,,,,,,0.0
reactive_power_k,9.0,25.0,Maryj,,,,,,0.0
reactive_power_k,9.0,29.0,Poppy,,,,,,0.1745611052160146
reactive_power_k,9.0,29.0,Oxlip,,,,,,0.0
reactive_power_k,9.0,29.0,Daisy,,,,,,0.0
reactive_power_k,9.0,29.0,Tulip,,,,,,0.0
reactive_power_k,9.0,29.0,Maryj,,,,,,0.0
reactive_power_k,9.0,30.0,Poppy,,,,,,0.0
reactive_power_k,9.0,30.0,Oxlip,,,,,,0.0
reactive_power_k,9.0,30.0,Daisy,,,,,,0.5721504525357471
reactive_power_k,9.0,30.0,Tulip,,,,,,0.0
reactive_power_k,9.0,30.0,Maryj,,,,,,0.0
reactive_power_k,10.0,20.0,Poppy,,,,,,0.0027526476044093338
reactive_power_k,10.0,20.0,Oxlip,,,,,,0.0
reactive_power_k,10.0,20.0,Daisy,,,,,,0.0
reactive_power_k,10.0,20.0,Tulip,,,,,,0.0
reactive_power_k,10.0,20.0,Maryj,,,,,,0.0
reactive_power_k,10.0,22.0,Poppy,,,,,,0.003994042757668099
reactive_power_k,10.0,22.0,Oxlip,,,,,,0.0
reactive_power_k,10.0,22.0,Daisy,,,,,,0.0
reactive_power_k,10.0,22.0,Tulip,,,,,,0.0
reactive_power_k,10.0,22.0,Maryj,,,,,,0.0
reactive_power_k,10.0,23.0,Poppy,,,,,,-0.3104755496920959
reactive_power_k,10.0,23.0,Oxlip,,,,,,0.0
reactive_power_k,10.0,23.0,Daisy,,,,,,0.0
reactive_power_k,10.0,23.0,Tulip,,,,,,0.0
reactive_power_k,10.0,23.0,Maryj,,,,,,0.0
reactive_power_k,10.0,25.0,Poppy,,,,,,0.0
reactive_power_k,10.0,25.0,Oxlip,,,,,,0.31053832386537716
reactive_power_k,10.0,25.0,Daisy,,,,,,0.0
reactive_power_k,10.0,25.0,Tulip,,,,,,0.0
reactive_power_k,10.0,25.0,Maryj,,,,,,0.0
reactive_power_k,10.0,29.0,Poppy,,,,,,0.1367857980307835
reactive_power_k,10.0,29.0,Oxlip,,,,,,0.0
reactive_power_k,10.0,29.0,Daisy,,,,,,0.0
reactive_power_k,10.0,29.0,Tulip,,,,,,0.0
reactive_power_k,10.0,29.0,Maryj,,,,,,0.0
reactive_power_k,10.0,30.0,Poppy,,,,,,0.0
reactive_power_k,10.0,30.0,Oxlip,,,,,,0.0
reactive_power_k,10.0,30.0,Daisy,,,,,,0.45205897967089914
reactive_power_k,10.0,30.0,Tulip,,,,,,0.0
reactive_power_k,10.0,30.0,Maryj,,,,,,0.0
reactive_power_k,11.0,20.0,Poppy,,,,,,0.0033456167150972263
reactive_power_k,11.0,20.0,Oxlip,,,,,,0.0
reactive_power_k,11.0,20.0,Daisy,,,,,,0.0
reactive_power_k,11.0,20.0,Tulip,,,,,,0.0
reactive_power_k,11.0,20.0,Maryj,,,,,,0.0
reactive_power_k,11.0,22.0,Poppy,,,,,,0.003980887562848738
reactive_power_k,11.0,22.0,Oxlip,,,,,,0.0
reactive_power_k,11.0,22.0,Daisy,,,,,,0.0
reactive_power_k,11.0,22.0,Tulip,,,,,,0.0
reactive_power_k,11.0,22.0,Maryj,,,,,,0.0
reactive_power_k,11.0,23.0,Poppy,,,,,,-0.30885886457258416
reactive_power_k,11.0,23.0,Oxlip,,,,,,0.0
reactive_power_k,11.0,23.0,Daisy,,,,,,0.0
reactive_power_k,11.0,23.0,Tulip,,,,,,0.0
reactive_power_k,11.0,23.0,Maryj,,,,,,0.0
reactive_power_k,11.0,25.0,Poppy,,,,,,0.0
reactive_power_k,11.0,25.0,Oxlip,,,,,,0.30892121671762496
reactive_power_k,11.0,25.0,Daisy,,,,,,0.0
reactive_power_k,11.0,25.0,Tulip,,,,,,0.0
reactive_power_k,11.0,25.0,Maryj,,,,,,0.0
reactive_power_k,11.0,29.0,Poppy,,,,,,0.13580360444476627
reactive_power_k,11.0,29.0,Oxlip,,,,,,0.0
reactive_power_k,11.0,29.0,Daisy,,,,,,0.0
reactive_power_k,11.0,29.0,Tulip,,,,,,0.0
reactive_power_k,11.0,29.0,Maryj,,,,,,0.0
reactive_power_k,11.0,30.0,Poppy,,,,,,0.0
reactive_power_k,11.0,30.0,Oxlip,,,,,,0.0
reactive_power_k,11.0,30.0,Daisy,,,,,,0.4494412117110195
reactive_power_k,11.0,30.0,Tulip,,,,,,0.0
reactive_power_k,11.0,30.0,Maryj,,,,,,0.0
reactive_power_k,12.0,20.0,Poppy,,,,,,0.002070591144003066
reactive_power_k,12.0,20.0,Oxlip,,,,,,0.0
reactive_power_k,12.0,20.0,Daisy,,,,,,0.0
reactive_power_k,12.0,20.0,Tulip,,,,,,0.0
reactive_power_k,12.0,20.0,Maryj,,,,,,0.0
reactive_power_k,12.0,22.0,Poppy,,,,,,0.00413868666978692
reactive_power_k,12.0,22.0,Oxlip,,,,,,0.0
reactive_power_k,12.0,22.0,Daisy,,,,,,0.0
reactive_power_k,12.0,22.0,Tulip,,,,,,0.0
reactive_power_k,12.0,22.0,Maryj,,,,,,0.0
reactive_power_k,12.0,23.0,Poppy,,,,,,-0.2876261066656298
reactive_power_k,12.0,23.0,Oxlip,,,,,,0.0
reactive_power_k,12.0,23.0,Daisy,,,,,,0.0
reactive_power_k,12.0,23.0,Tulip,,,,,,0.0
reactive_power_k,12.0,23.0,Maryj,,,,,,0.0
reactive_power_k,12.0,25.0,Poppy,,,,,,0.0
reactive_power_k,12.0,25.0,Oxlip,,,,,,0.2876821284013138
reactive_power_k,12.0,25.0,Daisy,,,,,,0.0
reactive_power_k,12.0,25.0,Tulip,,,,,,0.0
reactive_power_k,12.0,25.0,Maryj,,,,,,0.0
reactive_power_k,12.0,29.0,Poppy,,,,,,0.12693138480404137
reactive_power_k,12.0,29.0,Oxlip,,,,,,0.0
reactive_power_k,12.0,29.0,Daisy,,,,,,0.0
reactive_power_k,12.0,29.0,Tulip,,,,,,0.0
reactive_power_k,12.0,29.0,Maryj,,,,,,0.0
reactive_power_k,12.0,30.0,Poppy,,,,,,0.0
reactive_power_k,12.0,30.0,Oxlip,,,,,,0.0
reactive_power_k,12.0,30.0,Daisy,,,,,,0.4194103133692173
reactive_power_k,12.0,30.0,Tulip,,,,,,0.0
reactive_power_k,12.0,30.0,Maryj,,,,,,0.0
reactive_power_k,13.0,20.0,Poppy,,,,,,0.003294808499016449
reactive_power_k,13.0,20.0,Oxlip,,,,,,0.0
reactive_power_k,13.0,20.0,Daisy,,,,,,0.0
reactive_power_k,13.0,20.0,Tulip,,,,,,0.0
reactive_power_k,13.0,20.0,Maryj,,,,,,0.0
reactive_power_k,13.0,22.0,Poppy,,,,,,0.0043449898276241294
reactive_power_k,13.0,22.0,Oxlip,,,,,,0.0
reactive_power_k,13.0,22.0,Daisy,,,,,,0.0
reactive_power_k,13.0,22.0,Tulip,,,,,,0.0
reactive_power_k,13.0,22.0,Maryj,,,,,,0.0
reactive_power_k,13.0,23.0,Poppy,,,,,,-0.31170828734241857
reactive_power_k,13.0,23.0,Oxlip,,,,,,0.0
reactive_power_k,13.0,23.0,Daisy,,,,,,0.0
reactive_power_k,13.0,23.0,Tulip,,,,,,0.0
reactive_power_k,13.0,23.0,Maryj,,,,,,0.0
reactive_power_k,13.0,25.0,Poppy,,,,,,0.0
reactive_power_k,13.0,25.0,Oxlip,,,,,,0.31177132499284693
reactive_power_k,13.0,25.0,Daisy,,,,,,0.0
reactive_power_k,13.0,25.0,Tulip,,,,,,0.0
reactive_power_k,13.0,25.0,Maryj,,,,,,0.0
reactive_power_k,13.0,29.0,Poppy,,,,,,0.1370927960458642
reactive_power_k,13.0,29.0,Oxlip,,,,,,0.0
reactive_power_k,13.0,29.0,Daisy,,,,,,0.0
reactive_power_k,13.0,29.0,Tulip,,,,,,0.0
reactive_power_k,13.0,29.0,Maryj,,,,,,0.0
reactive_power_k,13.0,30.0,Poppy,,,,,,0.0
reactive_power_k,13.0,30.0,Oxlip,,,,,,0.0
reactive_power_k,13.0,30.0,Daisy,,,,,,0.453953305595668
reactive_power_k,13.0,30.0,Tulip,,,,,,0.0
reactive_power_k,13.0,30.0,Maryj,,,,,,0.0
reactive_power_k,14.0,20.0,Poppy,,,,,,0.0035234167573902826
reactive_power_k,14.0,20.0,Oxlip,,,,,,0.0
reactive_power_k,14.0,20.0,Daisy,,,,,,0.0
reactive_power_k,14.0,20.0,Tulip,,,,,,0.0
reactive_power_k,14.0,20.0,Maryj,,,,,,0.0
reactive_power_k,14.0,22.0,Poppy,,,,,,0.003924686721929881
reactive_power_k,14.0,22.0,Oxlip,,,,,,0.0
reactive_power_k,14.0,22.0,Daisy,,,,,,0.0
reactive_power_k,14.0,22.0,Tulip,,,,,,0.0
reactive_power_k,14.0,22.0,Maryj,,,,,,0.0
reactive_power_k,14.0,23.0,Poppy,,,,,,-0.3104260596006805
reactive_power_k,14.0,23.0,Oxlip,,,,,,0.0
reactive_power_k,14.0,23.0,Daisy,,,,,,0.0
reactive_power_k,14.0,23.0,Tulip,,,,,,0.0
reactive_power_k,14.0,23.0,Maryj,,,,,,0.0
reactive_power_k,14.0,25.0,Poppy,,,,,,0.0
reactive_power_k,14.0,25.0,Oxlip,,,,,,0.31048954794448774
reactive_power_k,14.0,25.0,Daisy,,,,,,0.0
reactive_power_k,14.0,25.0,Tulip,,,,,,0.0
reactive_power_k,14.0,25.0,Maryj,,,,,,0.0
reactive_power_k,14.0,29.0,Poppy,,,,,,0.13642145198686592
reactive_power_k,14.0,29.0,Oxlip,,,,,,0.0
reactive_power_k,14.0,29.0,Daisy,,,,,,0.0
reactive_power_k,14.0,29.0,Tulip,,,,,,0.0
reactive_power_k,14.0,29.0,Maryj,,,,,,0.0
reactive_power_k,14.0,30.0,Poppy,,,,,,0.0
reactive_power_k,14.0,30.0,Oxlip,,,,,,0.0
reactive_power_k,14.0,30.0,Daisy,,,,,,0.45158659105620075
reactive_power_k,14.0,30.0,Tulip,,,,,,0.0
reactive_power_k,14.0,30.0,Maryj,,,,,,0.0
reactive_power_k,15.0,20.0,Poppy,,,,,,0.003556891242793543
reactive_power_k,15.0,20.0,Oxlip,,,,,,0.0
reactive_power_k,15.0,20.0,Daisy,,,,,,0.0
reactive_power_k,15.0,20.0,Tulip,,,,,,0.0
reactive_power_k,15.0,20.0,Maryj,,,,,,0.0
reactive_power_k,15.0,22.0,Poppy,,,,,,0.0041448724994117975
reactive_power_k,15.0,22.0,Oxlip,,,,,,0.0
reactive_power_k,15.0,22.0,Daisy,,,,,,0.0
reactive_power_k,15.0,22.0,Tulip,,,,,,0.0
reactive_power_k,15.0,22.0,Maryj,,,,,,0.0
reactive_power_k,15.0,23.0,Poppy,,,,,,-0.3153683011262113
reactive_power_k,15.0,23.0,Oxlip,,,,,,0.0
reactive_power_k,15.0,23.0,Daisy,,,,,,0.0
reactive_power_k,15.0,23.0,Tulip,,,,,,0.0
reactive_power_k,15.0,23.0,Maryj,,,,,,0.0
reactive_power_k,15.0,25.0,Poppy,,,,,,0.0
reactive_power_k,15.0,25.0,Oxlip,,,,,,0.31543261075481993
reactive_power_k,15.0,25.0,Daisy,,,,,,0.0
reactive_power_k,15.0,25.0,Tulip,,,,,,0.0
reactive_power_k,15.0,25.0,Maryj,,,,,,0.0
reactive_power_k,15.0,29.0,Poppy,,,,,,0.13860333168086078
reactive_power_k,15.0,29.0,Oxlip,,,,,,0.0
reactive_power_k,15.0,29.0,Daisy,,,,,,0.0
reactive_power_k,15.0,29.0,Tulip,,,,,,0.0
reactive_power_k,15.0,29.0,Maryj,,,,,,0.0
reactive_power_k,15.0,30.0,Poppy,,,,,,0.0
reactive_power_k,15.0,30.0,Oxlip,,,,,,0.0
reactive_power_k,15.0,30.0,Daisy,,,,,,0.45894100247985303
reactive_power_k,15.0,30.0,Tulip,,,,,,0.0
reactive_power_k,15.0,30.0,Maryj,,,,,,0.0
reactive_power_k,16.0,20.0,Poppy,,,,,,0.004676082192835663
reactive_power_k,16.0,20.0,Oxlip,,,,,,0.0
reactive_power_k,16.0,20.0,Daisy,,,,,,0.0
reactive_power_k,16.0,20.0,Tulip,,,,,,0.0
reactive_power_k,16.0,20.0,Maryj,,,,,,0.0
reactive_power_k,16.0,22.0,Poppy,,,,,,0.004335765496569412
reactive_power_k,16.0,22.0,Oxlip,,,,,,0.0
reactive_power_k,16.0,22.0,Daisy,,,,,,0.0
reactive_power_k,16.0,22.0,Tulip,,,,,,0.0
reactive_power_k,16.0,22.0,Maryj,,,,,,0.0
reactive_power_k,16.0,23.0,Poppy,,,,,,-0.32131521815273234
reactive_power_k,16.0,23.0,Oxlip,,,,,,0.0
reactive_power_k,16.0,23.0,Daisy,,,,,,0.0
reactive_power_k,16.0,23.0,Tulip,,,,,,0.0
reactive_power_k,16.0,23.0,Maryj,,,,,,0.0
reactive_power_k,16.0,25.0,Poppy,,,,,,0.0
reactive_power_k,16.0,25.0,Oxlip,,,,,,0.32138053369350356
reactive_power_k,16.0,25.0,Daisy,,,,,,0.0
reactive_power_k,16.0,25.0,Tulip,,,,,,0.0
reactive_power_k,16.0,25.0,Maryj,,,,,,0.0
reactive_power_k,16.0,29.0,Poppy,,,,,,0.14074925528475848
reactive_power_k,16.0,29.0,Oxlip,,,,,,0.0
reactive_power_k,16.0,29.0,Daisy,,,,,,0.0
reactive_power_k,16.0,29.0,Tulip,,,,,,0.0
reactive_power_k,16.0,29.0,Maryj,,,,,,0.0
reactive_power_k,16.0,30.0,Poppy,,,,,,0.0
reactive_power_k,16.0,30.0,Oxlip,,,,,,0.0
reactive_power_k,16.0,30.0,Daisy,,,,,,0.46723696623511585
reactive_power_k,16.0,30.0,Tulip,,,,,,0.0
reactive_power_k,16.0,30.0,Maryj,,,,,,0.0
reactive_power_k,17.0,20.0,Poppy,,,,,,0.0027233115046564975
reactive_power_k,17.0,20.0,Oxlip,,,,,,0.0
reactive_power_k,17.0,20.0,Daisy,,,,,,0.0
reactive_power_k,17.0,20.0,Tulip,,,,,,0.0
reactive_power_k,17.0,20.0,Maryj,,,,,,0.0
reactive_power_k,17.0,22.0,Poppy,,,,,,0.003458815786943873
reactive_power_k,17.0,22.0,Oxlip,,,,,,0.0
reactive_power_k,17.0,22.0,Daisy,,,,,,0.0
reactive_power_k,17.0,22.0,Tulip,,,,,,0.0
reactive_power_k,17.0,22.0,Maryj,,,,,,0.0
reactive_power_k,17.0,23.0,Poppy,,,,,,-0.24700549634425525
reactive_power_k,17.0,23.0,Oxlip,,,,,,0.0
reactive_power_k,17.0,23.0,Daisy,,,,,,0.0
reactive_power_k,17.0,23.0,Tulip,,,,,,0.0
reactive_power_k,17.0,23.0,Maryj,,,,,,0.0
reactive_power_k,17.0,25.0,Poppy,,,,,,0.0
reactive_power_k,17.0,25.0,Oxlip,,,,,,0.24703994569946994
reactive_power_k,17.0,25.0,Daisy,,,,,,0.0
reactive_power_k,17.0,25.0,Tulip,,,,,,0.0
reactive_power_k,17.0,25.0,Maryj,,,,,,0.0
reactive_power_k,17.0,29.0,Poppy,,,,,,0.10858096660427248
reactive_power_k,17.0,29.0,Oxlip,,,,,,0.0
reactive_power_k,17.0,29.0,Daisy,,,,,,0.0
reactive_power_k,17.0,29.0,Tulip,,,,,,0.0
reactive_power_k,17.0,29.0,Maryj,,,,,,0.0
reactive_power_k,17.0,30.0,Poppy,,,,,,0.0
reactive_power_k,17.0,30.0,Oxlip,,,,,,0.0
reactive_power_k,17.0,30.0,Daisy,,,,,,0.35948692112984926
reactive_power_k,17.0,30.0,Tulip,,,,,,0.0
reactive_power_k,17.0,30.0,Maryj,,,,,,0.0
reactive_power_k,18.0,20.0,Poppy,,,,,,0.0005959924906198725
reactive_power_k,18.0,20.0,Oxlip,,,,,,0.0
reactive_power_k,18.0,20.0,Daisy,,,,,,0.0
reactive_power_k,18.0,20.0,Tulip,,,,,,0.0
reactive_power_k,18.0,20.0,Maryj,,,,,,0.0
reactive_power_k,18.0,22.0,Poppy,,,,,,0.0024566415853772196
reactive_power_k,18.0,22.0,Oxlip,,,,,,0.0
reactive_power_k,18.0,22.0,Daisy,,,,,,0.0
reactive_power_k,18.0,22.0,Tulip,,,,,,0.0
reactive_power_k,18.0,22.0,Maryj,,,,,,0.0
reactive_power_k,18.0,23.0,Poppy,,,,,,-0.22150511461240033
reactive_power_k,18.0,23.0,Oxlip,,,,,,0.0
reactive_power_k,18.0,23.0,Daisy,,,,,,0.0
reactive_power_k,18.0,23.0,Tulip,,,,,,0.0
reactive_power_k,18.0,23.0,Maryj,,,,,,0.0
reactive_power_k,18.0,25.0,Poppy,,,,,,0.0
reactive_power_k,18.0,25.0,Oxlip,,,,,,0.22153099611239133
reactive_power_k,18.0,25.0,Daisy,,,,,,0.0
reactive_power_k,18.0,25.0,Tulip,,,,,,0.0
reactive_power_k,18.0,25.0,Maryj,,,,,,0.0
reactive_power_k,18.0,29.0,Poppy,,,,,,0.09819051229701359
reactive_power_k,18.0,29.0,Oxlip,,,,,,0.0
reactive_power_k,18.0,29.0,Daisy,,,,,,0.0
reactive_power_k,18.0,29.0,Tulip,,,,,,0.0
reactive_power_k,18.0,29.0,Maryj,,,,,,0.0
reactive_power_k,18.0,30.0,Poppy,,,,,,0.0
reactive_power_k,18.0,30.0,Oxlip,,,,,,0.0
reactive_power_k,18.0,30.0,Daisy,,,,,,0.32249729703930524
reactive_power_k,18.0,30.0,Tulip,,,,,,0.0
reactive_power_k,18.0,30.0,Maryj,,,,,,0.0
reactive_power_k,19.0,20.0,Poppy,,,,,,9.572421708565796e-05
reactive_power_k,19.0,20.0,Oxlip,,,,,,0.0
reactive_power_k,19.0,20.0,Daisy,,,,,,0.0
reactive_power_k,19.0,20.0,Tulip,,,,,,0.0
reactive_power_k,19.0,20.0,Maryj,,,,,,0.0
reactive_power_k,19.0,22.0,Poppy,,,,,,0.0012667151295350358
reactive_power_k,19.0,22.0,Oxlip,,,,,,0.0
reactive_power_k,19.0,22.0,Daisy,,,,,,0.0
reactive_power_k,19.0,22.0,Tulip,,,,,,0.0
reactive_power_k,19.0,22.0,Maryj,,,,,,0.0
reactive_power_k,19.0,23.0,Poppy,,,,,,-0.26036734552711255
reactive_power_k,19.0,23.0,Oxlip,,,,,,0.0
reactive_power_k,19.0,23.0,Daisy,,,,,,0.0
reactive_power_k,19.0,23.0,Tulip,,,,,,0.0
reactive_power_k,19.0,23.0,Maryj,,,,,,0.0
reactive_power_k,19.0,25.0,Poppy,,,,,,0.0
reactive_power_k,19.0,25.0,Oxlip,,,,,,0.26039483967369065
reactive_power_k,19.0,25.0,Daisy,,,,,,0.0
reactive_power_k,19.0,25.0,Tulip,,,,,,0.0
reactive_power_k,19.0,25.0,Maryj,,,,,,0.0
reactive_power_k,19.0,29.0,Poppy,,,,,,0.11568561657210286
reactive_power_k,19.0,29.0,Oxlip,,,,,,0.0
reactive_power_k,19.0,29.0,Daisy,,,,,,0.0
reactive_power_k,19.0,29.0,Tulip,,,,,,0.0
reactive_power_k,19.0,29.0,Maryj,,,,,,0.0
reactive_power_k,19.0,30.0,Poppy,,,,,,0.0
reactive_power_k,19.0,30.0,Oxlip,,,,,,0.0
reactive_power_k,19.0,30.0,Daisy,,,,,,0.37768897814736446
reactive_power_k,19.0,30.0,Tulip,,,,,,0.0
reactive_power_k,19.0,30.0,Maryj,,,,,,0.0
reactive_power_k,20.0,20.0,Poppy,,,,,,-0.00011967584407656032
reactive_power_k,20.0,20.0,Oxlip,,,,,,0.0
reactive_power_k,20.0,20.0,Daisy,,,,,,0.0
reactive_power_k,20.0,20.0,Tulip,,,,,,0.0
reactive_power_k,20.0,20.0,Maryj,,,,,,0.0
reactive_power_k,20.0,22.0,Poppy,,,,,,0.00040983712415635807
reactive_power_k,20.0,22.0,Oxlip,,,,,,0.0
reactive_power_k,20.0,22.0,Daisy,,,,,,0.0
reactive_power_k,20.0,22.0,Tulip,,,,,,0.0
reactive_power_k,20.0,22.0,Maryj,,,,,,0.0
reactive_power_k,20.0,23.0,Poppy,,,,,,-0.25980038150629203
reactive_power_k,20.0,23.0,Oxlip,,,,,,0.0
reactive_power_k,20.0,23.0,Daisy,,,,,,0.0
reactive_power_k,20.0,23.0,Tulip,,,,,,0.0
reactive_power_k,20.0,23.0,Maryj,,,,,,0.0
reactive_power_k,20.0,25.0,Poppy,,,,,,0.0
reactive_power_k,20.0,25.0,Oxlip,,,,,,0.25982638236579697
reactive_power_k,20.0,25.0,Daisy,,,,,,0.0
reactive_power_k,20.0,25.0,Tulip,,,,,,0.0
reactive_power_k,20.0,25.0,Maryj,,,,,,0.0
reactive_power_k,20.0,29.0,Poppy,,,,,,0.11552876413656046
reactive_power_k,20.0,29.0,Oxlip,,,,,,0.0
reactive_power_k,20.0,29.0,Daisy,,,,,,0.0
reactive_power_k,20.0,29.0,Tulip,,,,,,0.0
reactive_power_k,20.0,29.0,Maryj,,,,,,0.0
reactive_power_k,20.0,30.0,Poppy,,,,,,0.0
reactive_power_k,20.0,30.0,Oxlip,,,,,,0.0
reactive_power_k,20.0,30.0,Daisy,,,,,,0.3760819926692709
reactive_power_k,20.0,30.0,Tulip,,,,,,0.0
reactive_power_k,20.0,30.0,Maryj,,,,,,0.0
reactive_power_k,21.0,20.0,Poppy,,,,,,2.2565242877030053e-09
reactive_power_k,21.0,20.0,Oxlip,,,,,,0.0
reactive_power_k,21.0,20.0,Daisy,,,,,,0.0
reactive_power_k,21.0,20.0,Tulip,,,,,,0.0
reactive_power_k,21.0,20.0,Maryj,,,,,,0.0
reactive_power_k,21.0,22.0,Poppy,,,,,,-0.00013658568923837072
reactive_power_k,21.0,22.0,Oxlip,,,,,,0.0
reactive_power_k,21.0,22.0,Daisy,,,,,,0.0
reactive_power_k,21.0,22.0,Tulip,,,,,,0.0
reactive_power_k,21.0,22.0,Maryj,,,,,,0.0
reactive_power_k,21.0,23.0,Poppy,,,,,,-0.2833337839974373
reactive_power_k,21.0,23.0,Oxlip,,,,,,0.0
reactive_power_k,21.0,23.0,Daisy,,,,,,0.0
reactive_power_k,21.0,23.0,Tulip,,,,,,0.0
reactive_power_k,21.0,23.0,Maryj,,,,,,0.0
reactive_power_k,21.0,25.0,Poppy,,,,,,0.0
reactive_power_k,21.0,25.0,Oxlip,,,,,,0.28336072155979775
reactive_power_k,21.0,25.0,Daisy,,,,,,0.0
reactive_power_k,21.0,25.0,Tulip,,,,,,0.0
reactive_power_k,21.0,25.0,Maryj,,,,,,0.0
reactive_power_k,21.0,29.0,Poppy,,,,,,0.1259352386739635
reactive_power_k,21.0,29.0,Oxlip,,,,,,0.0
reactive_power_k,21.0,29.0,Daisy,,,,,,0.0
reactive_power_k,21.0,29.0,Tulip,,,,,,0.0
reactive_power_k,21.0,29.0,Maryj,,,,,,0.0
reactive_power_k,21.0,30.0,Poppy,,,,,,0.0
reactive_power_k,21.0,30.0,Oxlip,,,,,,0.0
reactive_power_k,21.0,30.0,Daisy,,,,,,0.4094858537663756
reactive_power_k,21.0,30.0,Tulip,,,,,,0.0
reactive_power_k,21.0,30.0,Maryj,,,,,,0.0
reactive_power_k,22.0,20.0,Poppy,,,,,,-0.00011967584407656024
reactive_power_k,22.0,20.0,Oxlip,,,,,,0.0
reactive_power_k,22.0,20.0,Daisy,,,,,,0.0
reactive_power_k,22.0,20.0,Tulip,,,,,,0.0
reactive_power_k,22.0,20.0,Maryj,,,,,,0.0
reactive_power_k,22.0,22.0,Poppy,,,,,,-0.00043842206512279203
reactive_power_k,22.0,22.0,Oxlip,,,,,,0.0
reactive_power_k,22.0,22.0,Daisy,,,,,,0.0
reactive_power_k,22.0,22.0,Tulip,,,,,,0.0
reactive_power_k,22.0,22.0,Maryj,,,,,,0.0
reactive_power_k,22.0,23.0,Poppy,,,,,,-0.2790941458892519
reactive_power_k,22.0,23.0,Oxlip,,,,,,0.0
reactive_power_k,22.0,23.0,Daisy,,,,,,0.0
reactive_power_k,22.0,23.0,Tulip,,,,,,0.0
reactive_power_k,22.0,23.0,Maryj,,,,,,0.0
reactive_power_k,22.0,25.0,Poppy,,,,,,0.0
reactive_power_k,22.0,25.0,Oxlip,,,,,,0.2791194458601807
reactive_power_k,22.0,25.0,Daisy,,,,,,0.0
reactive_power_k,22.0,25.0,Tulip,,,,,,0.0
reactive_power_k,22.0,25.0,Maryj,,,,,,0.0
reactive_power_k,22.0,29.0,Poppy,,,,,,0.1241034815574426
reactive_power_k,22.0,29.0,Oxlip,,,,,,0.0
reactive_power_k,22.0,29.0,Daisy,,,,,,0.0
reactive_power_k,22.0,29.0,Tulip,,,,,,0.0
reactive_power_k,22.0,29.0,Maryj,,,,,,0.0
reactive_power_k,22.0,30.0,Poppy,,,,,,0.0
reactive_power_k,22.0,30.0,Oxlip,,,,,,0.0
reactive_power_k,22.0,30.0,Daisy,,,,,,0.40308770503528335
reactive_power_k,22.0,30.0,Tulip,,,,,,0.0
reactive_power_k,22.0,30.0,Maryj,,,,,,0.0
reactive_power_k,23.0,20.0,Poppy,,,,,,-9.077373495461105e-05
reactive_power_k,23.0,20.0,Oxlip,,,,,,0.0
reactive_power_k,23.0,20.0,Daisy,,,,,,0.0
reactive_power_k,23.0,20.0,Tulip,,,,,,0.0
reactive_power_k,23.0,20.0,Maryj,,,,,,0.0
reactive_power_k,23.0,22.0,Poppy,,,,,,-0.0003438313710864058
reactive_power_k,23.0,22.0,Oxlip,,,,,,0.0
reactive_power_k,23.0,22.0,Daisy,,,,,,0.0
reactive_power_k,23.0,22.0,Tulip,,,,,,0.0
reactive_power_k,23.0,22.0,Maryj,,,,,,0.0
reactive_power_k,23.0,23.0,Poppy,,,,,,-0.27964437628977923
reactive_power_k,23.0,23.0,Oxlip,,,,,,0.0
reactive_power_k,23.0,23.0,Daisy,,,,,,0.0
reactive_power_k,23.0,23.0,Tulip,,,,,,0.0
reactive_power_k,23.0,23.0,Maryj,,,,,,0.0
reactive_power_k,23.0,25.0,Poppy,,,,,,0.0
reactive_power_k,23.0,25.0,Oxlip,,,,,,0.27966895384411294
reactive_power_k,23.0,25.0,Daisy,,,,,,0.0
reactive_power_k,23.0,25.0,Tulip,,,,,,0.0
reactive_power_k,23.0,25.0,Maryj,,,,,,0.0
reactive_power_k,23.0,29.0,Poppy,,,,,,0.12433489245273789
reactive_power_k,23.0,29.0,Oxlip,,,,,,0.0
reactive_power_k,23.0,29.0,Daisy,,,,,,0.0
reactive_power_k,23.0,29.0,Tulip,,,,,,0.0
reactive_power_k,23.0,29.0,Maryj,,,,,,0.0
reactive_power_k,23.0,30.0,Poppy,,,,,,0.0
reactive_power_k,23.0,30.0,Oxlip,,,,,,0.0
reactive_power_k,23.0,30.0,Daisy,,,,,,0.40395167087766676
reactive_power_k,23.0,30.0,Tulip,,,,,,0.0
reactive_power_k,23.0,30.0,Maryj,,,,,,0.0
reactive_power_k,24.0,20.0,Poppy,,,,,,-0.00011346773282363454
reactive_power_k,24.0,20.0,Oxlip,,,,,,0.0
reactive_power_k,24.0,20.0,Daisy,,,,,,0.0
reactive_power_k,24.0,20.0,Tulip,,,,,,0.0
reactive_power_k,24.0,20.0,Maryj,,,,,,0.0
reactive_power_k,24.0,22.0,Poppy,,,,,,-0.00021442821483043384
reactive_power_k,24.0,22.0,Oxlip,,,,,,0.0
reactive_power_k,24.0,22.0,Daisy,,,,,,0.0
reactive_power_k,24.0,22.0,Tulip,,,,,,0.0
reactive_power_k,24.0,22.0,Maryj,,,,,,0.0
reactive_power_k,24.0,23.0,Poppy,,,,,,-0.2558258057383058
reactive_power_k,24.0,23.0,Oxlip,,,,,,0.0
reactive_power_k,24.0,23.0,Daisy,,,,,,0.0
reactive_power_k,24.0,23.0,Tulip,,,,,,0.0
reactive_power_k,24.0,23.0,Maryj,,,,,,0.0
reactive_power_k,24.0,25.0,Poppy,,,,,,0.0
reactive_power_k,24.0,25.0,Oxlip,,,,,,0.2558471609575055
reactive_power_k,24.0,25.0,Daisy,,,,,,0.0
reactive_power_k,24.0,25.0,Tulip,,,,,,0.0
reactive_power_k,24.0,25.0,Maryj,,,,,,0.0
reactive_power_k,24.0,29.0,Poppy,,,,,,0.11375764734829652
reactive_power_k,24.0,29.0,Oxlip,,,,,,0.0
reactive_power_k,24.0,29.0,Daisy,,,,,,0.0
reactive_power_k,24.0,29.0,Tulip,,,,,,0.0
reactive_power_k,24.0,29.0,Maryj,,,,,,0.0
reactive_power_k,24.0,30.0,Poppy,,,,,,0.0
reactive_power_k,24.0,30.0,Oxlip,,,,,,0.0
reactive_power_k,24.0,30.0,Daisy,,,,,,0.3696349831480909
reactive_power_k,24.0,30.0,Tulip,,,,,,0.0
reactive_power_k,24.0,30.0,Maryj,,,,,,0.0
reactive_power,1.0,20.0,,,,,,,-0.00011967584407656032
reactive_power,1.0,22.0,,,,,,,-0.00024439136841893083
reactive_power,1.0,23.0,,,,,,,-0.27456091438914193
reactive_power,1.0,25.0,,,,,,,0.2745830281467851
reactive_power,1.0,29.0,,,,,,,0.12208742147687761
reactive_power,1.0,30.0,,,,,,,0.3966814023066697
reactive_power,2.0,20.0,,,,,,,-0.00011967584407656032
reactive_power,2.0,22.0,,,,,,,-7.64762105269906e-05
reactive_power,2.0,23.0,,,,,,,-0.27641574668757735
reactive_power,2.0,25.0,,,,,,,0.27643793483601997
reactive_power,2.0,29.0,,,,,,,0.12291182107955746
reactive_power,2.0,30.0,,,,,,,0.39952974883518
reactive_power,3.0,20.0,,,,,,,-0.00011346773282363454
reactive_power,3.0,22.0,,,,,,,-9.143894738286584e-06
reactive_power,3.0,23.0,,,,,,,-0.2749841537607271
reactive_power,3.0,25.0,,,,,,,0.27500627735388083
reactive_power,3.0,29.0,,,,,,,0.12227277537955278
reactive_power,3.0,30.0,,,,,,,0.397525516587842
reactive_power,4.0,20.0,,,,,,,-0.00011346773282363454
reactive_power,4.0,22.0,,,,,,,-1.8991165993145764e-05
reactive_power,4.0,23.0,,,,,,,-0.2725603472435577
reactive_power,4.0,25.0,,,,,,,0.2725823736263573
reactive_power,4.0,29.0,,,,,,,0.12119548923815181
reactive_power,4.0,30.0,,,,,,,0.3940130920570385
reactive_power,5.0,20.0,,,,,,,-8.580727064428823e-05
reactive_power,5.0,22.0,,,,,,,-9.143894738286584e-06
reactive_power,5.0,23.0,,,,,,,-0.2787394832633549
reactive_power,5.0,25.0,,,,,,,0.27876192500466845
reactive_power,5.0,29.0,,,,,,,0.12392964765938469
reactive_power,5.0,30.0,,,,,,,0.40294257042669174
reactive_power,6.0,20.0,,,,,,,2.4263840552816658e-09
reactive_power,6.0,22.0,,,,,,,-0.0001745652631566369
reactive_power,6.0,23.0,,,,,,,-0.3024618833760689
reactive_power,6.0,25.0,,,,,,,0.302488566467923
reactive_power,6.0,29.0,,,,,,,0.13443627885622758
reactive_power,6.0,30.0,,,,,,,0.43706239297079674
reactive_power,7.0,20.0,,,,,,,-0.00022182128907805262
reactive_power,7.0,22.0,,,,,,,-0.0001867997516851322
reactive_power,7.0,23.0,,,,,,,-0.305447906197528
reactive_power,7.0,25.0,,,,,,,0.3054779505989133
reactive_power,7.0,29.0,,,,,,,0.13586324300942978
reactive_power,7.0,30.0,,,,,,,0.4415118749890997
reactive_power,8.0,20.0,,,,,,,-0.00040459303191797013
reactive_power,8.0,22.0,,,,,,,-0.0002646421048044939
reactive_power,8.0,23.0,,,,,,,-0.4475161502655132
reactive_power,8.0,25.0,,,,,,,0.4475899544916025
reactive_power,8.0,29.0,,,,,,,0.19909980295477997
reactive_power,8.0,30.0,,,,,,,0.647287606424063
reactive_power,9.0,20.0,,,,,,,0.0020595370084564974
reactive_power,9.0,22.0,,,,,,,0.0019390949453684174
reactive_power,9.0,23.0,,,,,,,-0.39477233976740145
reactive_power,9.0,25.0,,,,,,,0.39484165899444246
reactive_power,9.0,29.0,,,,,,,0.1745611052160146
reactive_power,9.0,30.0,,,,,,,0.5721504525357471
reactive_power,10.0,20.0,,,,,,,0.0027526476044093338
reactive_power,10.0,22.0,,,,,,,0.003994042757668099
reactive_power,10.0,23.0,,,,,,,-0.3104755496920959
reactive_power,10.0,25.0,,,,,,,0.31053832386537716
reactive_power,10.0,29.0,,,,,,,0.1367857980307835
reactive_power,10.0,30.0,,,,,,,0.45205897967089914
reactive_power,11.0,20.0,,,,,,,0.0033456167150972263
reactive_power,11.0,22.0,,,,,,,0.003980887562848738
reactive_power,11.0,23.0,,,,,,,-0.30885886457258416
reactive_power,11.0,25.0,,,,,,,0.30892121671762496
reactive_power,11.0,29.0,,,,,,,0.13580360444476627
reactive_power,11.0,30.0,,,,,,,0.4494412117110195
reactive_power,12.0,20.0,,,,,,,0.002070591144003066
reactive_power,12.0,22.0,,,,,,,0.00413868666978692
reactive_power,12.0,23.0,,,,,,,-0.2876261066656298
reactive_power,12.0,25.0,,,,,,,0.2876821284013138
reactive_power,12.0,29.0,,,,,,,0.12693138480404137
reactive_power,12.0,30.0,,,,,,,0.4194103133692173
reactive_power,13.0,20.0,,,,,,,0.003294808499016449
reactive_power,13.0,22.0,,,,,,,0.0043449898276241294
reactive_power,13.0,23.0,,,,,,,-0.31170828734241857
reactive_power,13.0,25.0,,,,,,,0.31177132499284693
reactive_power,13.0,29.0,,,,,,,0.1370927960458642
reactive_power,13.0,30.0,,,,,,,0.453953305595668
reactive_power,14.0,20.0,,,,,,,0.0035234167573902826
reactive_power,14.0,22.0,,,,,,,0.003924686721929881
reactive_power,14.0,23.0,,,,,,,-0.3104260596006805
reactive_power,14.0,25.0,,,,,,,0.31048954794448774
reactive_power,14.0,29.0,,,,,,,0.13642145198686592
reactive_power,14.0,30.0,,,,,,,0.45158659105620075
reactive_power,15.0,20.0,,,,,,,0.003556891242793543
reactive_power,15.0,22.0,,,,,,,0.0041448724994117975
reactive_power,15.0,23.0,,,,,,,-0.3153683011262113
reactive_power,15.0,25.0,,,,,,,0.31543261075481993
reactive_power,15.0,29.0,,,,,,,0.13860333168086078
reactive_power,15.0,30.0,,,,,,,0.45894100247985303
reactive_power,16.0,20.0,,,,,,,0.004676082192835663
reactive_power,16.0,22.0,,,,,,,0.004335765496569412
reactive_power,16.0,23.0,,,,,,,-0.32131521815273234
reactive_power,16.0,25.0,,,,,,,0.32138053369350356
reactive_power,16.0,29.0,,,,,,,0.14074925528475848
reactive_power,16.0,30.0,,,,,,,0.46723696623511585
reactive_power,17.0,20.0,,,,,,,0.0027233115046564975
reactive_power,17.0,22.0,,,,,,,0.003458815786943873
reactive_power,17.0,23.0,,,,,,,-0.24700549634425525
reactive_power,17.0,25.0,,,,,,,0.24703994569946994
reactive_power,17.0,29.0,,,,,,,0.10858096660427248
reactive_power,17.0,30.0,,,,,,,0.35948692112984926
reactive_power,18.0,20.0,,,,,,,0.0005959924906198725
reactive_power,18.0,22.0,,,,,,,0.0024566415853772196
reactive_power,18.0,23.0,,,,,,,-0.22150511461240033
reactive_power,18.0,25.0,,,,,,,0.22153099611239133
reactive_power,18.0,29.0,,,,,,,0.09819051229701359
reactive_power,18.0,30.0,,,,,,,0.32249729703930524
reactive_power,19.0,20.0,,,,,,,9.572421708565796e-05
reactive_power,19.0,22.0,,,,,,,0.0012667151295350358
reactive_power,19.0,23.0,,,,,,,-0.26036734552711255
reactive_power,19.0,25.0,,,,,,,0.26039483967369065
reactive_power,19.0,29.0,,,,,,,0.11568561657210286
reactive_power,19.0,30.0,,,,,,,0.37768897814736446
reactive_power,20.0,20.0,,,,,,,-0.00011967584407656032
reactive_power,20.0,22.0,,,,,,,0.00040983712415635807
reactive_power,20.0,23.0,,,,,,,-0.25980038150629203
reactive_power,20.0,25.0,,,,,,,0.25982638236579697
reactive_power,20.0,29.0,,,,,,,0.11552876413656046
reactive_power,20.0,30.0,,,,,,,0.3760819926692709
reactive_power,21.0,20.0,,,,,,,2.2565242877030053e-09
reactive_power,21.0,22.0,,,,,,,-0.00013658568923837072
reactive_power,21.0,23.0,,,,,,,-0.2833337839974373
reactive_power,21.0,25.0,,,,,,,0.28336072155979775
reactive_power,21.0,29.0,,,,,,,0.1259352386739635
reactive_power,21.0,30.0,,,,,,,0.4094858537663756
reactive_power,22.0,20.0,,,,,,,-0.00011967584407656024
reactive_power,22.0,22.0,,,,,,,-0.00043842206512279203
reactive_power,22.0,23.0,,,,,,,-0.2790941458892519
reactive_power,22.0,25.0,,,,,,,0.2791194458601807
reactive_power,22.0,29.0,,,,,,,0.1241034815574426
reactive_power,22.0,30.0,,,,,,,0.40308770503528335
reactive_power,23.0,20.0,,,,,,,-9.077373495461105e-05
reactive_power,23.0,22.0,,,,,,,-0.0003438313710864058
reactive_power,23.0,23.0,,,,,,,-0.27964437628977923
reactive_power,23.0,25.0,,,,,,,0.27966895384411294
reactive_power,23.0,29.0,,,,,,,0.12433489245273789
reactive_power,23.0,30.0,,,,,,,0.40395167087766676
reactive_power,24.0,20.0,,,,,,,-0.00011346773282363454
reactive_power,24.0,22.0,,,,,,,-0.00021442821483043384
reactive_power,24.0,23.0,,,,,,,-0.2558258057383058
reactive_power,24.0,25.0,,,,,,,0.2558471609575055
reactive_power,24.0,29.0,,,,,,,0.11375764734829652
reactive_power,24.0,30.0,,,,,,,0.3696349831480909
fictitious_power_k,1.0,20.0,Poppy,,,,,,1.0
fictitious_power_k,1.0,20.0,Oxlip,,,,,,0.0
fictitious_power_k,1.0,20.0,Daisy,,,,,,0.0
fictitious_power_k,1.0,20.0,Tulip,,,,,,0.0
fictitious_power_k,1.0,20.0,Maryj,,,,,,0.0
fictitious_power_k,1.0,22.0,Poppy,,,,,,1.0
fictitious_power_k,1.0,22.0,Oxlip,,,,,,0.0
fictitious_power_k,1.0,22.0,Daisy,,,,,,0.0
fictitious_power_k,1.0,22.0,Tulip,,,,,,0.0
fictitious_power_k,1.0,22.0,Maryj,,,,,,0.0
fictitious_power_k,1.0,23.0,Poppy,,,,,,-2.0
fictitious_power_k,1.0,23.0,Oxlip,,,,,,0.0
fictitious_power_k,1.0,23.0,Daisy,,,,,,0.0
fictitious_power_k,1.0,23.0,Tulip,,,,,,0.0
fictitious_power_k,1.0,23.0,Maryj,,,,,,0.0
fictitious_power_k,1.0,25.0,Poppy,,,,,,0.0
fictitious_power_k,1.0,25.0,Oxlip,,,,,,2.0
fictitious_power_k,1.0,25.0,Daisy,,,,,,0.0
fictitious_power_k,1.0,25.0,Tulip,,,,,,0.0
fictitious_power_k,1.0,25.0,Maryj,,,,,,0.0
fictitious_power_k,1.0,29.0,Poppy,,,,,,1.0
fictitious_power_k,1.0,29.0,Oxlip,,,,,,0.0
fictitious_power_k,1.0,29.0,Daisy,,,,,,0.0
fictitious_power_k,1.0,29.0,Tulip,,,,,,0.0
fictitious_power_k,1.0,29.0,Maryj,,,,,,0.0
fictitious_power_k,1.0,30.0,Poppy,,,,,,0.0
fictitious_power_k,1.0,30.0,Oxlip,,,,,,0.0
fictitious_power_k,1.0,30.0,Daisy,,,,,,4.0
fictitious_power_k,1.0,30.0,Tulip,,,,,,0.0
fictitious_power_k,1.0,30.0,Maryj,,,,,,0.0
fictitious_power_k,2.0,20.0,Poppy,,,,,,1.0
fictitious_power_k,2.0,20.0,Oxlip,,,,,,0.0
fictitious_power_k,2.0,20.0,Daisy,,,,,,0.0
fictitious_power_k,2.0,20.0,Tulip,,,,,,0.0
fictitious_power_k,2.0,20.0,Maryj,,,,,,0.0
fictitious_power_k,2.0,22.0,Poppy,,,,,,1.0
fictitious_power_k,2.0,22.0,Oxlip,,,,,,0.0
fictitious_power_k,2.0,22.0,Daisy,,,,,,0.0
fictitious_power_k,2.0,22.0,Tulip,,,,,,0.0
fictitious_power_k,2.0,22.0,Maryj,,,,,,0.0
fictitious_power_k,2.0,23.0,Poppy,,,,,,-2.0
fictitious_power_k,2.0,23.0,Oxlip,,,,,,0.0
fictitious_power_k,2.0,23.0,Daisy,,,,,,0.0
fictitious_power_k,2.0,23.0,Tulip,,,,,,0.0
fictitious_power_k,2.0,23.0,Maryj,,,,,,0.0
fictitious_power_k,2.0,25.0,Poppy,,,,,,0.0
fictitious_power_k,2.0,25.0,Oxlip,,,,,,2.0
fictitious_power_k,2.0,25.0,Daisy,,,,,,0.0
fictitious_power_k,2.0,25.0,Tulip,,,,,,0.0
fictitious_power_k,2.0,25.0,Maryj,,,,,,0.0
fictitious_power_k,2.0,29.0,Poppy,,,,,,1.0
fictitious_power_k,2.0,29.0,Oxlip,,,,,,0.0
fictitious_power_k,2.0,29.0,Daisy,,,,,,0.0
fictitious_power_k,2.0,29.0,Tulip,,,,,,0.0
fictitious_power_k,2.0,29.0,Maryj,,,,,,0.0
fictitious_power_k,2.0,30.0,Poppy,,,,,,0.0
fictitious_power_k,2.0,30.0,Oxlip,,,,,,0.0
fictitious_power_k,2.0,30.0,Daisy,,,,,,4.0
fictitious_power_k,2.0,30.0,Tulip,,,,,,0.0
fictitious_power_k,2.0,30.0,Maryj,,,,,,0.0
fictitious_power_k,3.0,20.0,Poppy,,,,,,1.0
fictitious_power_k,3.0,20.0,Oxlip,,,,,,0.0
fictitious_power_k,3.0,20.0,Daisy,,,,,,0.0
fictitious_power_k,3.0,20.0,Tulip,,,,,,0.0
fictitious_power_k,3.0,20.0,Maryj,,,,,,0.0
fictitious_power_k,3.0,22.0,Poppy,,,,,,1.0
fictitious_power_k,3.0,22.0,Oxlip,,,,,,0.0
fictitious_power_k,3.0,22.0,Daisy,,,,,,0.0
fictitious_power_k,3.0,22.0,Tulip,,,,,,0.0
fictitious_power_k,3.0,22.0,Maryj,,,,,,0.0
fictitious_power_k,3.0,23.0,Poppy,,,,,,-2.0
fictitious_power_k,3.0,23.0,Oxlip,,,,,,0.0
fictitious_power_k,3.0,23.0,Daisy,,,,,,0.0
fictitious_power_k,3.0,23.0,Tulip,,,,,,0.0
fictitious_power_k,3.0,23.0,Maryj,,,,,,0.0
fictitious_power_k,3.0,25.0,Poppy,,,,,,0.0
fictitious_power_k,3.0,25.0,Oxlip,,,,,,2.0
fictitious_power_k,3.0,25.0,Daisy,,,,,,0.0
fictitious_power_k,3.0,25.0,Tulip,,,,,,0.0
fictitious_power_k,3.0,25.0,Maryj,,,,,,0.0
fictitious_power_k,3.0,29.0,Poppy,,,,,,1.0
fictitious_power_k,3.0,29.0,Oxlip,,,,,,0.0
fictitious_power_k,3.0,29.0,Daisy,,,,,,0.0
fictitious_power_k,3.0,29.0,Tulip,,,,,,0.0
fictitious_power_k,3.0,29.0,Maryj,,,,,,0.0
fictitious_power_k,3.0,30.0,Poppy,,,,,,0.0
fictitious_power_k,3.0,30.0,Oxlip,,,,,,0.0
fictitious_power_k,3.0,30.0,Daisy,,,,,,4.0
fictitious_power_k,3.0,30.0,Tulip,,,,,,0.0
fictitious_power_k,3.0,30.0,Maryj,,,,,,0.0
fictitious_power_k,4.0,20.0,Poppy,,,,,,1.0
fictitious_power_k,4.0,20.0,Oxlip,,,,,,0.0
fictitious_power_k,4.0,20.0,Daisy,,,,,,0.0
fictitious_power_k,4.0,20.0,Tulip,,,,,,0.0
fictitious_power_k,4.0,20.0,Maryj,,,,,,0.0
fictitious_power_k,4.0,22.0,Poppy,,,,,,1.0
fictitious_power_k,4.0,22.0,Oxlip,,,,,,0.0
fictitious_power_k,4.0,22.0,Daisy,,,,,,0.0
fictitious_power_k,4.0,22.0,Tulip,,,,,,0.0
fictitious_power_k,4.0,22.0,Maryj,,,,,,0.0
fictitious_power_k,4.0,23.0,Poppy,,,,,,-2.0
fictitious_power_k,4.0,23.0,Oxlip,,,,,,0.0
fictitious_power_k,4.0,23.0,Daisy,,,,,,0.0
fictitious_power_k,4.0,23.0,Tulip,,,,,,0.0
fictitious_power_k,4.0,23.0,Maryj,,,,,,0.0
fictitious_power_k,4.0,25.0,Poppy,,,,,,0.0
fictitious_power_k,4.0,25.0,Oxlip,,,,,,2.0
fictitious_power_k,4.0,25.0,Daisy,,,,,,0.0
fictitious_power_k,4.0,25.0,Tulip,,,,,,0.0
fictitious_power_k,4.0,25.0,Maryj,,,,,,0.0
fictitious_power_k,4.0,29.0,Poppy,,,,,,1.0
fictitious_power_k,4.0,29.0,Oxlip,,,,,,0.0
fictitious_power_k,4.0,29.0,Daisy,,,,,,0.0
fictitious_power_k,4.0,29.0,Tulip,,,,,,0.0
fictitious_power_k,4.0,29.0,Maryj,,,,,,0.0
fictitious_power_k,4.0,30.0,Poppy,,,,,,0.0
fictitious_power_k,4.0,30.0,Oxlip,,,,,,0.0
fictitious_power_k,4.0,30.0,Daisy,,,,,,4.0
fictitious_power_k,4.0,30.0,Tulip,,,,,,0.0
fictitious_power_k,4.0,30.0,Maryj,,,,,,0.0
fictitious_power_k,5.0,20.0,Poppy,,,,,,1.0
fictitious_power_k,5.0,20.0,Oxlip,,,,,,0.0
fictitious_power_k,5.0,20.0,Daisy,,,,,,0.0
fictitious_power_k,5.0,20.0,Tulip,,,,,,0.0
fictitious_power_k,5.0,20.0,Maryj,,,,,,0.0
fictitious_power_k,5.0,22.0,Poppy,,,,,,1.0
fictitious_power_k,5.0,22.0,Oxlip,,,,,,0.0
fictitious_power_k,5.0,22.0,Daisy,,,,,,0.0
fictitious_power_k,5.0,22.0,Tulip,,,,,,0.0
fictitious_power_k,5.0,22.0,Maryj,,,,,,0.0
fictitious_power_k,5.0,23.0,Poppy,,,,,,-2.0
fictitious_power_k,5.0,23.0,Oxlip,,,,,,0.0
fictitious_power_k,5.0,23.0,Daisy,,,,,,0.0
fictitious_power_k,5.0,23.0,Tulip,,,,,,0.0
fictitious_power_k,5.0,23.0,Maryj,,,,,,0.0
fictitious_power_k,5.0,25.0,Poppy,,,,,,0.0
fictitious_power_k,5.0,25.0,Oxlip,,,,,,2.0
fictitious_power_k,5.0,25.0,Daisy,,,,,,0.0
fictitious_power_k,5.0,25.0,Tulip,,,,,,0.0
fictitious_power_k,5.0,25.0,Maryj,,,,,,0.0
fictitious_power_k,5.0,29.0,Poppy,,,,,,1.0
fictitious_power_k,5.0,29.0,Oxlip,,,,,,0.0
fictitious_power_k,5.0,29.0,Daisy,,,,,,0.0
fictitious_power_k,5.0,29.0,Tulip,,,,,,0.0
fictitious_power_k,5.0,29.0,Maryj,,,,,,0.0
fictitious_power_k,5.0,30.0,Poppy,,,,,,0.0
fictitious_power_k,5.0,30.0,Oxlip,,,,,,0.0
fictitious_power_k,5.0,30.0,Daisy,,,,,,4.0
fictitious_power_k,5.0,30.0,Tulip,,,,,,0.0
fictitious_power_k,5.0,30.0,Maryj,,,,,,0.0
fictitious_power_k,6.0,20.0,Poppy,,,,,,1.0
fictitious_power_k,6.0,20.0,Oxlip,,,,,,0.0
fictitious_power_k,6.0,20.0,Daisy,,,,,,0.0
fictitious_power_k,6.0,20.0,Tulip,,,,,,0.0
fictitious_power_k,6.0,20.0,Maryj,,,,,,0.0
fictitious_power_k,6.0,22.0,Poppy,,,,,,1.0
fictitious_power_k,6.0,22.0,Oxlip,,,,,,0.0
fictitious_power_k,6.0,22.0,Daisy,,,,,,0.0
fictitious_power_k,6.0,22.0,Tulip,,,,,,0.0
fictitious_power_k,6.0,22.0,Maryj,,,,,,0.0
fictitious_power_k,6.0,23.0,Poppy,,,,,,-2.0
fictitious_power_k,6.0,23.0,Oxlip,,,,,,0.0
fictitious_power_k,6.0,23.0,Daisy,,,,,,0.0
fictitious_power_k,6.0,23.0,Tulip,,,,,,0.0
fictitious_power_k,6.0,23.0,Maryj,,,,,,0.0
fictitious_power_k,6.0,25.0,Poppy,,,,,,0.0
fictitious_power_k,6.0,25.0,Oxlip,,,,,,2.0
fictitious_power_k,6.0,25.0,Daisy,,,,,,0.0
fictitious_power_k,6.0,25.0,Tulip,,,,,,0.0
fictitious_power_k,6.0,25.0,Maryj,,,,,,0.0
fictitious_power_k,6.0,29.0,Poppy,,,,,,1.0
fictitious_power_k,6.0,29.0,Oxlip,,,,,,0.0
fictitious_power_k,6.0,29.0,Daisy,,,,,,0.0
fictitious_power_k,6.0,29.0,Tulip,,,,,,0.0
fictitious_power_k,6.0,29.0,Maryj,,,,,,0.0
fictitious_power_k,6.0,30.0,Poppy,,,,,,0.0
fictitious_power_k,6.0,30.0,Oxlip,,,,,,0.0
fictitious_power_k,6.0,30.0,Daisy,,,,,,4.0
fictitious_power_k,6.0,30.0,Tulip,,,,,,0.0
fictitious_power_k,6.0,30.0,Maryj,,,,,,0.0
fictitious_power_k,7.0,20.0,Poppy,,,,,,1.0
fictitious_power_k,7.0,20.0,Oxlip,,,,,,0.0
fictitious_power_k,7.0,20.0,Daisy,,,,,,0.0
fictitious_power_k,7.0,20.0,Tulip,,,,,,0.0
fictitious_power_k,7.0,20.0,Maryj,,,,,,0.0
fictitious_power_k,7.0,22.0,Poppy,,,,,,1.0
fictitious_power_k,7.0,22.0,Oxlip,,,,,,0.0
fictitious_power_k,7.0,22.0,Daisy,,,,,,0.0
fictitious_power_k,7.0,22.0,Tulip,,,,,,0.0
fictitious_power_k,7.0,22.0,Maryj,,,,,,0.0
fictitious_power_k,7.0,23.0,Poppy,,,,,,-2.0
fictitious_power_k,7.0,23.0,Oxlip,,,,,,0.0
fictitious_power_k,7.0,23.0,Daisy,,,,,,0.0
fictitious_power_k,7.0,23.0,Tulip,,,,,,0.0
fictitious_power_k,7.0,23.0,Maryj,,,,,,0.0
fictitious_power_k,7.0,25.0,Poppy,,,,,,0.0
fictitious_power_k,7.0,25.0,Oxlip,,,,,,2.0
fictitious_power_k,7.0,25.0,Daisy,,,,,,0.0
fictitious_power_k,7.0,25.0,Tulip,,,,,,0.0
fictitious_power_k,7.0,25.0,Maryj,,,,,,0.0
fictitious_power_k,7.0,29.0,Poppy,,,,,,1.0
fictitious_power_k,7.0,29.0,Oxlip,,,,,,0.0
fictitious_power_k,7.0,29.0,Daisy,,,,,,0.0
fictitious_power_k,7.0,29.0,Tulip,,,,,,0.0
fictitious_power_k,7.0,29.0,Maryj,,,,,,0.0
fictitious_power_k,7.0,30.0,Poppy,,,,,,0.0
fictitious_power_k,7.0,30.0,Oxlip,,,,,,0.0
fictitious_power_k,7.0,30.0,Daisy,,,,,,4.0
fictitious_power_k,7.0,30.0,Tulip,,,,,,0.0
fictitious_power_k,7.0,30.0,Maryj,,,,,,0.0
fictitious_power_k,8.0,20.0,Poppy,,,,,,1.0
fictitious_power_k,8.0,20.0,Oxlip,,,,,,0.0
fictitious_power_k,8.0,20.0,Daisy,,,,,,0.0
fictitious_power_k,8.0,20.0,Tulip,,,,,,0.0
fictitious_power_k,8.0,20.0,Maryj,,,,,,0.0
fictitious_power_k,8.0,22.0,Poppy,,,,,,1.0
fictitious_power_k,8.0,22.0,Oxlip,,,,,,0.0
fictitious_power_k,8.0,22.0,Daisy,,,,,,0.0
fictitious_power_k,8.0,22.0,Tulip,,,,,,0.0
fictitious_power_k,8.0,22.0,Maryj,,,,,,0.0
fictitious_power_k,8.0,23.0,Poppy,,,,,,-2.0
fictitious_power_k,8.0,23.0,Oxlip,,,,,,0.0
fictitious_power_k,8.0,23.0,Daisy,,,,,,0.0
fictitious_power_k,8.0,23.0,Tulip,,,,,,0.0
fictitious_power_k,8.0,23.0,Maryj,,,,,,0.0
fictitious_power_k,8.0,25.0,Poppy,,,,,,0.0
fictitious_power_k,8.0,25.0,Oxlip,,,,,,2.0
fictitious_power_k,8.0,25.0,Daisy,,,,,,0.0
fictitious_power_k,8.0,25.0,Tulip,,,,,,0.0
fictitious_power_k,8.0,25.0,Maryj,,,,,,0.0
fictitious_power_k,8.0,29.0,Poppy,,,,,,1.0
fictitious_power_k,8.0,29.0,Oxlip,,,,,,0.0
fictitious_power_k,8.0,29.0,Daisy,,,,,,0.0
fictitious_power_k,8.0,29.0,Tulip,,,,,,0.0
fictitious_power_k,8.0,29.0,Maryj,,,,,,0.0
fictitious_power_k,8.0,30.0,Poppy,,,,,,0.0
fictitious_power_k,8.0,30.0,Oxlip,,,,,,0.0
fictitious_power_k,8.0,30.0,Daisy,,,,,,4.0
fictitious_power_k,8.0,30.0,Tulip,,,,,,0.0
fictitious_power_k,8.0,30.0,Maryj,,,,,,0.0
fictitious_power_k,9.0,20.0,Poppy,,,,,,1.0
fictitious_power_k,9.0,20.0,Oxlip,,,,,,0.0
fictitious_power_k,9.0,20.0,Daisy,,,,,,0.0
fictitious_power_k,9.0,20.0,Tulip,,,,,,0.0
fictitious_power_k,9.0,20.0,Maryj,,,,,,0.0
fictitious_power_k,9.0,22.0,Poppy,,,,,,1.0
fictitious_power_k,9.0,22.0,Oxlip,,,,,,0.0
fictitious_power_k,9.0,22.0,Daisy,,,,,,0.0
fictitious_power_k,9.0,22.0,Tulip,,,,,,0.0
fictitious_power_k,9.0,22.0,Maryj,,,,,,0.0
fictitious_power_k,9.0,23.0,Poppy,,,,,,-2.0
fictitious_power_k,9.0,23.0,Oxlip,,,,,,0.0
fictitious_power_k,9.0,23.0,Daisy,,,,,,0.0
fictitious_power_k,9.0,23.0,Tulip,,,,,,0.0
fictitious_power_k,9.0,23.0,Maryj,,,,,,0.0
fictitious_power_k,9.0,25.0,Poppy,,,,,,0.0
fictitious_power_k,9.0,25.0,Oxlip,,,,,,2.0
fictitious_power_k,9.0,25.0,Daisy,,,,,,0.0
fictitious_power_k,9.0,25.0,Tulip,,,,,,0.0
fictitious_power_k,9.0,25.0,Maryj,,,,,,0.0
fictitious_power_k,9.0,29.0,Poppy,,,,,,1.0
fictitious_power_k,9.0,29.0,Oxlip,,,,,,0.0
fictitious_power_k,9.0,29.0,Daisy,,,,,,0.0
fictitious_power_k,9.0,29.0,Tulip,,,,,,0.0
fictitious_power_k,9.0,29.0,Maryj,,,,,,0.0
fictitious_power_k,9.0,30.0,Poppy,,,,,,0.0
fictitious_power_k,9.0,30.0,Oxlip,,,,,,0.0
fictitious_power_k,9.0,30.0,Daisy,,,,,,4.0
fictitious_power_k,9.0,30.0,Tulip,,,,,,0.0
fictitious_power_k,9.0,30.0,Maryj,,,,,,0.0
fictitious_power_k,10.0,20.0,Poppy,,,,,,1.0
fictitious_power_k,10.0,20.0,Oxlip,,,,,,0.0
fictitious_power_k,10.0,20.0,Daisy,,,,,,0.0
fictitious_power_k,10.0,20.0,Tulip,,,,,,0.0
fictitious_power_k,10.0,20.0,Maryj,,,,,,0.0
fictitious_power_k,10.0,22.0,Poppy,,,,,,1.0
fictitious_power_k,10.0,22.0,Oxlip,,,,,,0.0
fictitious_power_k,10.0,22.0,Daisy,,,,,,0.0
fictitious_power_k,10.0,22.0,Tulip,,,,,,0.0
fictitious_power_k,10.0,22.0,Maryj,,,,,,0.0
fictitious_power_k,10.0,23.0,Poppy,,,,,,-2.0
fictitious_power_k,10.0,23.0,Oxlip,,,,,,0.0
fictitious_power_k,10.0,23.0,Daisy,,,,,,0.0
fictitious_power_k,10.0,23.0,Tulip,,,,,,0.0
fictitious_power_k,10.0,23.0,Maryj,,,,,,0.0
fictitious_power_k,10.0,25.0,Poppy,,,,,,0.0
fictitious_power_k,10.0,25.0,Oxlip,,,,,,2.0
fictitious_power_k,10.0,25.0,Daisy,,,,,,0.0
fictitious_power_k,10.0,25.0,Tulip,,,,,,0.0
fictitious_power_k,10.0,25.0,Maryj,,,,,,0.0
fictitious_power_k,10.0,29.0,Poppy,,,,,,1.0
fictitious_power_k,10.0,29.0,Oxlip,,,,,,0.0
fictitious_power_k,10.0,29.0,Daisy,,,,,,0.0
fictitious_power_k,10.0,29.0,Tulip,,,,,,0.0
fictitious_power_k,10.0,29.0,Maryj,,,,,,0.0
fictitious_power_k,10.0,30.0,Poppy,,,,,,0.0
fictitious_power_k,10.0,30.0,Oxlip,,,,,,0.0
fictitious_power_k,10.0,30.0,Daisy,,,,,,4.0
fictitious_power_k,10.0,30.0,Tulip,,,,,,0.0
fictitious_power_k,10.0,30.0,Maryj,,,,,,0.0
fictitious_power_k,11.0,20.0,Poppy,,,,,,1.0
fictitious_power_k,11.0,20.0,Oxlip,,,,,,0.0
fictitious_power_k,11.0,20.0,Daisy,,,,,,0.0
fictitious_power_k,11.0,20.0,Tulip,,,,,,0.0
fictitious_power_k,11.0,20.0,Maryj,,,,,,0.0
fictitious_power_k,11.0,22.0,Poppy,,,,,,1.0
fictitious_power_k,11.0,22.0,Oxlip,,,,,,0.0
fictitious_power_k,11.0,22.0,Daisy,,,,,,0.0
fictitious_power_k,11.0,22.0,Tulip,,,,,,0.0
fictitious_power_k,11.0,22.0,Maryj,,,,,,0.0
fictitious_power_k,11.0,23.0,Poppy,,,,,,-2.0
fictitious_power_k,11.0,23.0,Oxlip,,,,,,0.0
fictitious_power_k,11.0,23.0,Daisy,,,,,,0.0
fictitious_power_k,11.0,23.0,Tulip,,,,,,0.0
fictitious_power_k,11.0,23.0,Maryj,,,,,,0.0
fictitious_power_k,11.0,25.0,Poppy,,,,,,0.0
fictitious_power_k,11.0,25.0,Oxlip,,,,,,2.0
fictitious_power_k,11.0,25.0,Daisy,,,,,,0.0
fictitious_power_k,11.0,25.0,Tulip,,,,,,0.0
fictitious_power_k,11.0,25.0,Maryj,,,,,,0.0
fictitious_power_k,11.0,29.0,Poppy,,,,,,1.0
fictitious_power_k,11.0,29.0,Oxlip,,,,,,0.0
fictitious_power_k,11.0,29.0,Daisy,,,,,,0.0
fictitious_power_k,11.0,29.0,Tulip,,,,,,0.0
fictitious_power_k,11.0,29.0,Maryj,,,,,,0.0
fictitious_power_k,11.0,30.0,Poppy,,,,,,0.0
fictitious_power_k,11.0,30.0,Oxlip,,,,,,0.0
fictitious_power_k,11.0,30.0,Daisy,,,,,,4.0
fictitious_power_k,11.0,30.0,Tulip,,,,,,0.0
fictitious_power_k,11.0,30.0,Maryj,,,,,,0.0
fictitious_power_k,12.0,20.0,Poppy,,,,,,1.0
fictitious_power_k,12.0,20.0,Oxlip,,,,,,0.0
fictitious_power_k,12.0,20.0,Daisy,,,,,,0.0
fictitious_power_k,12.0,20.0,Tulip,,,,,,0.0
fictitious_power_k,12.0,20.0,Maryj,,,,,,0.0
fictitious_power_k,12.0,22.0,Poppy,,,,,,1.0
fictitious_power_k,12.0,22.0,Oxlip,,,,,,0.0
fictitious_power_k,12.0,22.0,Daisy,,,,,,0.0
fictitious_power_k,12.0,22.0,Tulip,,,,,,0.0
fictitious_power_k,12.0,22.0,Maryj,,,,,,0.0
fictitious_power_k,12.0,23.0,Poppy,,,,,,-2.0
fictitious_power_k,12.0,23.0,Oxlip,,,,,,0.0
fictitious_power_k,12.0,23.0,Daisy,,,,,,0.0
fictitious_power_k,12.0,23.0,Tulip,,,,,,0.0
fictitious_power_k,12.0,23.0,Maryj,,,,,,0.0
fictitious_power_k,12.0,25.0,Poppy,,,,,,0.0
fictitious_power_k,12.0,25.0,Oxlip,,,,,,2.0
fictitious_power_k,12.0,25.0,Daisy,,,,,,0.0
fictitious_power_k,12.0,25.0,Tulip,,,,,,0.0
fictitious_power_k,12.0,25.0,Maryj,,,,,,0.0
fictitious_power_k,12.0,29.0,Poppy,,,,,,1.0
fictitious_power_k,12.0,29.0,Oxlip,,,,,,0.0
fictitious_power_k,12.0,29.0,Daisy,,,,,,0.0
fictitious_power_k,12.0,29.0,Tulip,,,,,,0.0
fictitious_power_k,12.0,29.0,Maryj,,,,,,0.0
fictitious_power_k,12.0,30.0,Poppy,,,,,,0.0
fictitious_power_k,12.0,30.0,Oxlip,,,,,,0.0
fictitious_power_k,12.0,30.0,Daisy,,,,,,4.0
fictitious_power_k,12.0,30.0,Tulip,,,,,,0.0
fictitious_power_k,12.0,30.0,Maryj,,,,,,0.0
fictitious_power_k,13.0,20.0,Poppy,,,,,,1.0
fictitious_power_k,13.0,20.0,Oxlip,,,,,,0.0
fictitious_power_k,13.0,20.0,Daisy,,,,,,0.0
fictitious_power_k,13.0,20.0,Tulip,,,,,,0.0
fictitious_power_k,13.0,20.0,Maryj,,,,,,0.0
fictitious_power_k,13.0,22.0,Poppy,,,,,,1.0
fictitious_power_k,13.0,22.0,Oxlip,,,,,,0.0
fictitious_power_k,13.0,22.0,Daisy,,,,,,0.0
fictitious_power_k,13.0,22.0,Tulip,,,,,,0.0
fictitious_power_k,13.0,22.0,Maryj,,,,,,0.0
fictitious_power_k,13.0,23.0,Poppy,,,,,,-2.0
fictitious_power_k,13.0,23.0,Oxlip,,,,,,0.0
fictitious_power_k,13.0,23.0,Daisy,,,,,,0.0
fictitious_power_k,13.0,23.0,Tulip,,,,,,0.0
fictitious_power_k,13.0,23.0,Maryj,,,,,,0.0
fictitious_power_k,13.0,25.0,Poppy,,,,,,0.0
fictitious_power_k,13.0,25.0,Oxlip,,,,,,2.0
fictitious_power_k,13.0,25.0,Daisy,,,,,,0.0
fictitious_power_k,13.0,25.0,Tulip,,,,,,0.0
fictitious_power_k,13.0,25.0,Maryj,,,,,,0.0
fictitious_power_k,13.0,29.0,Poppy,,,,,,1.0
fictitious_power_k,13.0,29.0,Oxlip,,,,,,0.0
fictitious_power_k,13.0,29.0,Daisy,,,,,,0.0
fictitious_power_k,13.0,29.0,Tulip,,,,,,0.0
fictitious_power_k,13.0,29.0,Maryj,,,,,,0.0
fictitious_power_k,13.0,30.0,Poppy,,,,,,0.0
fictitious_power_k,13.0,30.0,Oxlip,,,,,,0.0
fictitious_power_k,13.0,30.0,Daisy,,,,,,4.0
fictitious_power_k,13.0,30.0,Tulip,,,,,,0.0
fictitious_power_k,13.0,30.0,Maryj,,,,,,0.0
fictitious_power_k,14.0,20.0,Poppy,,,,,,1.0
fictitious_power_k,14.0,20.0,Oxlip,,,,,,0.0
fictitious_power_k,14.0,20.0,Daisy,,,,,,0.0
fictitious_power_k,14.0,20.0,Tulip,,,,,,0.0
fictitious_power_k,14.0,20.0,Maryj,,,,,,0.0
fictitious_power_k,14.0,22.0,Poppy,,,,,,1.0
fictitious_power_k,14.0,22.0,Oxlip,,,,,,0.0
fictitious_power_k,14.0,22.0,Daisy,,,,,,0.0
fictitious_power_k,14.0,22.0,Tulip,,,,,,0.0
fictitious_power_k,14.0,22.0,Maryj,,,,,,0.0
fictitious_power_k,14.0,23.0,Poppy,,,,,,-2.0
fictitious_power_k,14.0,23.0,Oxlip,,,,,,0.0
fictitious_power_k,14.0,23.0,Daisy,,,,,,0.0
fictitious_power_k,14.0,23.0,Tulip,,,,,,0.0
fictitious_power_k,14.0,23.0,Maryj,,,,,,0.0
fictitious_power_k,14.0,25.0,Poppy,,,,,,0.0
fictitious_power_k,14.0,25.0,Oxlip,,,,,,2.0
fictitious_power_k,14.0,25.0,Daisy,,,,,,0.0
fictitious_power_k,14.0,25.0,Tulip,,,,,,0.0
fictitious_power_k,14.0,25.0,Maryj,,,,,,0.0
fictitious_power_k,14.0,29.0,Poppy,,,,,,1.0
fictitious_power_k,14.0,29.0,Oxlip,,,,,,0.0
fictitious_power_k,14.0,29.0,Daisy,,,,,,0.0
fictitious_power_k,14.0,29.0,Tulip,,,,,,0.0
fictitious_power_k,14.0,29.0,Maryj,,,,,,0.0
fictitious_power_k,14.0,30.0,Poppy,,,,,,0.0
fictitious_power_k,14.0,30.0,Oxlip,,,,,,0.0
fictitious_power_k,14.0,30.0,Daisy,,,,,,4.0
fictitious_power_k,14.0,30.0,Tulip,,,,,,0.0
fictitious_power_k,14.0,30.0,Maryj,,,,,,0.0
fictitious_power_k,15.0,20.0,Poppy,,,,,,1.0
fictitious_power_k,15.0,20.0,Oxlip,,,,,,0.0
fictitious_power_k,15.0,20.0,Daisy,,,,,,0.0
fictitious_power_k,15.0,20.0,Tulip,,,,,,0.0
fictitious_power_k,15.0,20.0,Maryj,,,,,,0.0
fictitious_power_k,15.0,22.0,Poppy,,,,,,1.0
fictitious_power_k,15.0,22.0,Oxlip,,,,,,0.0
fictitious_power_k,15.0,22.0,Daisy,,,,,,0.0
fictitious_power_k,15.0,22.0,Tulip,,,,,,0.0
fictitious_power_k,15.0,22.0,Maryj,,,,,,0.0
fictitious_power_k,15.0,23.0,Poppy,,,,,,-2.0
fictitious_power_k,15.0,23.0,Oxlip,,,,,,0.0
fictitious_power_k,15.0,23.0,Daisy,,,,,,0.0
fictitious_power_k,15.0,23.0,Tulip,,,,,,0.0
fictitious_power_k,15.0,23.0,Maryj,,,,,,0.0
fictitious_power_k,15.0,25.0,Poppy,,,,,,0.0
fictitious_power_k,15.0,25.0,Oxlip,,,,,,2.0
fictitious_power_k,15.0,25.0,Daisy,,,,,,0.0
fictitious_power_k,15.0,25.0,Tulip,,,,,,0.0
fictitious_power_k,15.0,25.0,Maryj,,,,,,0.0
fictitious_power_k,15.0,29.0,Poppy,,,,,,1.0
fictitious_power_k,15.0,29.0,Oxlip,,,,,,0.0
fictitious_power_k,15.0,29.0,Daisy,,,,,,0.0
fictitious_power_k,15.0,29.0,Tulip,,,,,,0.0
fictitious_power_k,15.0,29.0,Maryj,,,,,,0.0
fictitious_power_k,15.0,30.0,Poppy,,,,,,0.0
fictitious_power_k,15.0,30.0,Oxlip,,,,,,0.0
fictitious_power_k,15.0,30.0,Daisy,,,,,,4.0
fictitious_power_k,15.0,30.0,Tulip,,,,,,0.0
fictitious_power_k,15.0,30.0,Maryj,,,,,,0.0
fictitious_power_k,16.0,20.0,Poppy,,,,,,1.0
fictitious_power_k,16.0,20.0,Oxlip,,,,,,0.0
fictitious_power_k,16.0,20.0,Daisy,,,,,,0.0
fictitious_power_k,16.0,20.0,Tulip,,,,,,0.0
fictitious_power_k,16.0,20.0,Maryj,,,,,,0.0
fictitious_power_k,16.0,22.0,Poppy,,,,,,1.0
fictitious_power_k,16.0,22.0,Oxlip,,,,,,0.0
fictitious_power_k,16.0,22.0,Daisy,,,,,,0.0
fictitious_power_k,16.0,22.0,Tulip,,,,,,0.0
fictitious_power_k,16.0,22.0,Maryj,,,,,,0.0
fictitious_power_k,16.0,23.0,Poppy,,,,,,-2.0
fictitious_power_k,16.0,23.0,Oxlip,,,,,,0.0
fictitious_power_k,16.0,23.0,Daisy,,,,,,0.0
fictitious_power_k,16.0,23.0,Tulip,,,,,,0.0
fictitious_power_k,16.0,23.0,Maryj,,,,,,0.0
fictitious_power_k,16.0,25.0,Poppy,,,,,,0.0
fictitious_power_k,16.0,25.0,Oxlip,,,,,,2.0
fictitious_power_k,16.0,25.0,Daisy,,,,,,0.0
fictitious_power_k,16.0,25.0,Tulip,,,,,,0.0
fictitious_power_k,16.0,25.0,Maryj,,,,,,0.0
fictitious_power_k,16.0,29.0,Poppy,,,,,,1.0
fictitious_power_k,16.0,29.0,Oxlip,,,,,,0.0
fictitious_power_k,16.0,29.0,Daisy,,,,,,0.0
fictitious_power_k,16.0,29.0,Tulip,,,,,,0.0
fictitious_power_k,16.0,29.0,Maryj,,,,,,0.0
fictitious_power_k,16.0,30.0,Poppy,,,,,,0.0
fictitious_power_k,16.0,30.0,Oxlip,,,,,,0.0
fictitious_power_k,16.0,30.0,Daisy,,,,,,4.0
fictitious_power_k,16.0,30.0,Tulip,,,,,,0.0
fictitious_power_k,16.0,30.0,Maryj,,,,,,0.0
fictitious_power_k,17.0,20.0,Poppy,,,,,,1.0
fictitious_power_k,17.0,20.0,Oxlip,,,,,,0.0
fictitious_power_k,17.0,20.0,Daisy,,,,,,0.0
fictitious_power_k,17.0,20.0,Tulip,,,,,,0.0
fictitious_power_k,17.0,20.0,Maryj,,,,,,0.0
fictitious_power_k,17.0,22.0,Poppy,,,,,,1.0
fictitious_power_k,17.0,22.0,Oxlip,,,,,,0.0
fictitious_power_k,17.0,22.0,Daisy,,,,,,0.0
fictitious_power_k,17.0,22.0,Tulip,,,,,,0.0
fictitious_power_k,17.0,22.0,Maryj,,,,,,0.0
fictitious_power_k,17.0,23.0,Poppy,,,,,,-2.0
fictitious_power_k,17.0,23.0,Oxlip,,,,,,0.0
fictitious_power_k,17.0,23.0,Daisy,,,,,,0.0
fictitious_power_k,17.0,23.0,Tulip,,,,,,0.0
fictitious_power_k,17.0,23.0,Maryj,,,,,,0.0
fictitious_power_k,17.0,25.0,Poppy,,,,,,0.0
fictitious_power_k,17.0,25.0,Oxlip,,,,,,2.0
fictitious_power_k,17.0,25.0,Daisy,,,,,,0.0
fictitious_power_k,17.0,25.0,Tulip,,,,,,0.0
fictitious_power_k,17.0,25.0,Maryj,,,,,,0.0
fictitious_power_k,17.0,29.0,Poppy,,,,,,1.0
fictitious_power_k,17.0,29.0,Oxlip,,,,,,0.0
fictitious_power_k,17.0,29.0,Daisy,,,,,,0.0
fictitious_power_k,17.0,29.0,Tulip,,,,,,0.0
fictitious_power_k,17.0,29.0,Maryj,,,,,,0.0
fictitious_power_k,17.0,30.0,Poppy,,,,,,0.0
fictitious_power_k,17.0,30.0,Oxlip,,,,,,0.0
fictitious_power_k,17.0,30.0,Daisy,,,,,,4.0
fictitious_power_k,17.0,30.0,Tulip,,,,,,0.0
fictitious_power_k,17.0,30.0,Maryj,,,,,,0.0
fictitious_power_k,18.0,20.0,Poppy,,,,,,1.0
fictitious_power_k,18.0,20.0,Oxlip,,,,,,0.0
fictitious_power_k,18.0,20.0,Daisy,,,,,,0.0
fictitious_power_k,18.0,20.0,Tulip,,,,,,0.0
fictitious_power_k,18.0,20.0,Maryj,,,,,,0.0
fictitious_power_k,18.0,22.0,Poppy,,,,,,1.0
fictitious_power_k,18.0,22.0,Oxlip,,,,,,0.0
fictitious_power_k,18.0,22.0,Daisy,,,,,,0.0
fictitious_power_k,18.0,22.0,Tulip,,,,,,0.0
fictitious_power_k,18.0,22.0,Maryj,,,,,,0.0
fictitious_power_k,18.0,23.0,Poppy,,,,,,-2.0
fictitious_power_k,18.0,23.0,Oxlip,,,,,,0.0
fictitious_power_k,18.0,23.0,Daisy,,,,,,0.0
fictitious_power_k,18.0,23.0,Tulip,,,,,,0.0
fictitious_power_k,18.0,23.0,Maryj,,,,,,0.0
fictitious_power_k,18.0,25.0,Poppy,,,,,,0.0
fictitious_power_k,18.0,25.0,Oxlip,,,,,,2.0
fictitious_power_k,18.0,25.0,Daisy,,,,,,0.0
fictitious_power_k,18.0,25.0,Tulip,,,,,,0.0
fictitious_power_k,18.0,25.0,Maryj,,,,,,0.0
fictitious_power_k,18.0,29.0,Poppy,,,,,,1.0
fictitious_power_k,18.0,29.0,Oxlip,,,,,,0.0
fictitious_power_k,18.0,29.0,Daisy,,,,,,0.0
fictitious_power_k,18.0,29.0,Tulip,,,,,,0.0
fictitious_power_k,18.0,29.0,Maryj,,,,,,0.0
fictitious_power_k,18.0,30.0,Poppy,,,,,,0.0
fictitious_power_k,18.0,30.0,Oxlip,,,,,,0.0
fictitious_power_k,18.0,30.0,Daisy,,,,,,4.0
fictitious_power_k,18.0,30.0,Tulip,,,,,,0.0
fictitious_power_k,18.0,30.0,Maryj,,,,,,0.0
fictitious_power_k,19.0,20.0,Poppy,,,,,,1.0
fictitious_power_k,19.0,20.0,Oxlip,,,,,,0.0
fictitious_power_k,19.0,20.0,Daisy,,,,,,0.0
fictitious_power_k,19.0,20.0,Tulip,,,,,,0.0
fictitious_power_k,19.0,20.0,Maryj,,,,,,0.0
fictitious_power_k,19.0,22.0,Poppy,,,,,,1.0
fictitious_power_k,19.0,22.0,Oxlip,,,,,,0.0
fictitious_power_k,19.0,22.0,Daisy,,,,,,0.0
fictitious_power_k,19.0,22.0,Tulip,,,,,,0.0
fictitious_power_k,19.0,22.0,Maryj,,,,,,0.0
fictitious_power_k,19.0,23.0,Poppy,,,,,,-2.0
fictitious_power_k,19.0,23.0,Oxlip,,,,,,0.0
fictitious_power_k,19.0,23.0,Daisy,,,,,,0.0
fictitious_power_k,19.0,23.0,Tulip,,,,,,0.0
fictitious_power_k,19.0,23.0,Maryj,,,,,,0.0
fictitious_power_k,19.0,25.0,Poppy,,,,,,0.0
fictitious_power_k,19.0,25.0,Oxlip,,,,,,2.0
fictitious_power_k,19.0,25.0,Daisy,,,,,,0.0
fictitious_power_k,19.0,25.0,Tulip,,,,,,0.0
fictitious_power_k,19.0,25.0,Maryj,,,,,,0.0
fictitious_power_k,19.0,29.0,Poppy,,,,,,1.0
fictitious_power_k,19.0,29.0,Oxlip,,,,,,0.0
fictitious_power_k,19.0,29.0,Daisy,,,,,,0.0
fictitious_power_k,19.0,29.0,Tulip,,,,,,0.0
fictitious_power_k,19.0,29.0,Maryj,,,,,,0.0
fictitious_power_k,19.0,30.0,Poppy,,,,,,0.0
fictitious_power_k,19.0,30.0,Oxlip,,,,,,0.0
fictitious_power_k,19.0,30.0,Daisy,,,,,,4.0
fictitious_power_k,19.0,30.0,Tulip,,,,,,0.0
fictitious_power_k,19.0,30.0,Maryj,,,,,,0.0
fictitious_power_k,20.0,20.0,Poppy,,,,,,1.0
fictitious_power_k,20.0,20.0,Oxlip,,,,,,0.0
fictitious_power_k,20.0,20.0,Daisy,,,,,,0.0
fictitious_power_k,20.0,20.0,Tulip,,,,,,0.0
fictitious_power_k,20.0,20.0,Maryj,,,,,,0.0
fictitious_power_k,20.0,22.0,Poppy,,,,,,1.0
fictitious_power_k,20.0,22.0,Oxlip,,,,,,0.0
fictitious_power_k,20.0,22.0,Daisy,,,,,,0.0
fictitious_power_k,20.0,22.0,Tulip,,,,,,0.0
fictitious_power_k,20.0,22.0,Maryj,,,,,,0.0
fictitious_power_k,20.0,23.0,Poppy,,,,,,-2.0
fictitious_power_k,20.0,23.0,Oxlip,,,,,,0.0
fictitious_power_k,20.0,23.0,Daisy,,,,,,0.0
fictitious_power_k,20.0,23.0,Tulip,,,,,,0.0
fictitious_power_k,20.0,23.0,Maryj,,,,,,0.0
fictitious_power_k,20.0,25.0,Poppy,,,,,,0.0
fictitious_power_k,20.0,25.0,Oxlip,,,,,,2.0
fictitious_power_k,20.0,25.0,Daisy,,,,,,0.0
fictitious_power_k,20.0,25.0,Tulip,,,,,,0.0
fictitious_power_k,20.0,25.0,Maryj,,,,,,0.0
fictitious_power_k,20.0,29.0,Poppy,,,,,,1.0
fictitious_power_k,20.0,29.0,Oxlip,,,,,,0.0
fictitious_power_k,20.0,29.0,Daisy,,,,,,0.0
fictitious_power_k,20.0,29.0,Tulip,,,,,,0.0
fictitious_power_k,20.0,29.0,Maryj,,,,,,0.0
fictitious_power_k,20.0,30.0,Poppy,,,,,,0.0
fictitious_power_k,20.0,30.0,Oxlip,,,,,,0.0
fictitious_power_k,20.0,30.0,Daisy,,,,,,4.0
fictitious_power_k,20.0,30.0,Tulip,,,,,,0.0
fictitious_power_k,20.0,30.0,Maryj,,,,,,0.0
fictitious_power_k,21.0,20.0,Poppy,,,,,,1.0
fictitious_power_k,21.0,20.0,Oxlip,,,,,,0.0
fictitious_power_k,21.0,20.0,Daisy,,,,,,0.0
fictitious_power_k,21.0,20.0,Tulip,,,,,,0.0
fictitious_power_k,21.0,20.0,Maryj,,,,,,0.0
fictitious_power_k,21.0,22.0,Poppy,,,,,,1.0
fictitious_power_k,21.0,22.0,Oxlip,,,,,,0.0
fictitious_power_k,21.0,22.0,Daisy,,,,,,0.0
fictitious_power_k,21.0,22.0,Tulip,,,,,,0.0
fictitious_power_k,21.0,22.0,Maryj,,,,,,0.0
fictitious_power_k,21.0,23.0,Poppy,,,,,,-2.0
fictitious_power_k,21.0,23.0,Oxlip,,,,,,0.0
fictitious_power_k,21.0,23.0,Daisy,,,,,,0.0
fictitious_power_k,21.0,23.0,Tulip,,,,,,0.0
fictitious_power_k,21.0,23.0,Maryj,,,,,,0.0
fictitious_power_k,21.0,25.0,Poppy,,,,,,0.0
fictitious_power_k,21.0,25.0,Oxlip,,,,,,2.0
fictitious_power_k,21.0,25.0,Daisy,,,,,,0.0
fictitious_power_k,21.0,25.0,Tulip,,,,,,0.0
fictitious_power_k,21.0,25.0,Maryj,,,,,,0.0
fictitious_power_k,21.0,29.0,Poppy,,,,,,1.0
fictitious_power_k,21.0,29.0,Oxlip,,,,,,0.0
fictitious_power_k,21.0,29.0,Daisy,,,,,,0.0
fictitious_power_k,21.0,29.0,Tulip,,,,,,0.0
fictitious_power_k,21.0,29.0,Maryj,,,,,,0.0
fictitious_power_k,21.0,30.0,Poppy,,,,,,0.0
fictitious_power_k,21.0,30.0,Oxlip,,,,,,0.0
fictitious_power_k,21.0,30.0,Daisy,,,,,,4.0
fictitious_power_k,21.0,30.0,Tulip,,,,,,0.0
fictitious_power_k,21.0,30.0,Maryj,,,,,,0.0
fictitious_power_k,22.0,20.0,Poppy,,,,,,1.0
fictitious_power_k,22.0,20.0,Oxlip,,,,,,0.0
fictitious_power_k,22.0,20.0,Daisy,,,,,,0.0
fictitious_power_k,22.0,20.0,Tulip,,,,,,0.0
fictitious_power_k,22.0,20.0,Maryj,,,,,,0.0
fictitious_power_k,22.0,22.0,Poppy,,,,,,1.0
fictitious_power_k,22.0,22.0,Oxlip,,,,,,0.0
fictitious_power_k,22.0,22.0,Daisy,,,,,,0.0
fictitious_power_k,22.0,22.0,Tulip,,,,,,0.0
fictitious_power_k,22.0,22.0,Maryj,,,,,,0.0
fictitious_power_k,22.0,23.0,Poppy,,,,,,-2.0
fictitious_power_k,22.0,23.0,Oxlip,,,,,,0.0
fictitious_power_k,22.0,23.0,Daisy,,,,,,0.0
fictitious_power_k,22.0,23.0,Tulip,,,,,,0.0
fictitious_power_k,22.0,23.0,Maryj,,,,,,0.0
fictitious_power_k,22.0,25.0,Poppy,,,,,,0.0
fictitious_power_k,22.0,25.0,Oxlip,,,,,,2.0
fictitious_power_k,22.0,25.0,Daisy,,,,,,0.0
fictitious_power_k,22.0,25.0,Tulip,,,,,,0.0
fictitious_power_k,22.0,25.0,Maryj,,,,,,0.0
fictitious_power_k,22.0,29.0,Poppy,,,,,,1.0
fictitious_power_k,22.0,29.0,Oxlip,,,,,,0.0
fictitious_power_k,22.0,29.0,Daisy,,,,,,0.0
fictitious_power_k,22.0,29.0,Tulip,,,,,,0.0
fictitious_power_k,22.0,29.0,Maryj,,,,,,0.0
fictitious_power_k,22.0,30.0,Poppy,,,,,,0.0
fictitious_power_k,22.0,30.0,Oxlip,,,,,,0.0
fictitious_power_k,22.0,30.0,Daisy,,,,,,4.0
fictitious_power_k,22.0,30.0,Tulip,,,,,,0.0
fictitious_power_k,22.0,30.0,Maryj,,,,,,0.0
fictitious_power_k,23.0,20.0,Poppy,,,,,,1.0
fictitious_power_k,23.0,20.0,Oxlip,,,,,,0.0
fictitious_power_k,23.0,20.0,Daisy,,,,,,0.0
fictitious_power_k,23.0,20.0,Tulip,,,,,,0.0
fictitious_power_k,23.0,20.0,Maryj,,,,,,0.0
fictitious_power_k,23.0,22.0,Poppy,,,,,,1.0
fictitious_power_k,23.0,22.0,Oxlip,,,,,,0.0
fictitious_power_k,23.0,22.0,Daisy,,,,,,0.0
fictitious_power_k,23.0,22.0,Tulip,,,,,,0.0
fictitious_power_k,23.0,22.0,Maryj,,,,,,0.0
fictitious_power_k,23.0,23.0,Poppy,,,,,,-2.0
fictitious_power_k,23.0,23.0,Oxlip,,,,,,0.0
fictitious_power_k,23.0,23.0,Daisy,,,,,,0.0
fictitious_power_k,23.0,23.0,Tulip,,,,,,0.0
fictitious_power_k,23.0,23.0,Maryj,,,,,,0.0
fictitious_power_k,23.0,25.0,Poppy,,,,,,0.0
fictitious_power_k,23.0,25.0,Oxlip,,,,,,2.0
fictitious_power_k,23.0,25.0,Daisy,,,,,,0.0
fictitious_power_k,23.0,25.0,Tulip,,,,,,0.0
fictitious_power_k,23.0,25.0,Maryj,,,,,,0.0
fictitious_power_k,23.0,29.0,Poppy,,,,,,1.0
fictitious_power_k,23.0,29.0,Oxlip,,,,,,0.0
fictitious_power_k,23.0,29.0,Daisy,,,,,,0.0
fictitious_power_k,23.0,29.0,Tulip,,,,,,0.0
fictitious_power_k,23.0,29.0,Maryj,,,,,,0.0
fictitious_power_k,23.0,30.0,Poppy,,,,,,0.0
fictitious_power_k,23.0,30.0,Oxlip,,,,,,0.0
fictitious_power_k,23.0,30.0,Daisy,,,,,,4.0
fictitious_power_k,23.0,30.0,Tulip,,,,,,0.0
fictitious_power_k,23.0,30.0,Maryj,,,,,,0.0
fictitious_power_k,24.0,20.0,Poppy,,,,,,1.0
fictitious_power_k,24.0,20.0,Oxlip,,,,,,0.0
fictitious_power_k,24.0,20.0,Daisy,,,,,,0.0
fictitious_power_k,24.0,20.0,Tulip,,,,,,0.0
fictitious_power_k,24.0,20.0,Maryj,,,,,,0.0
fictitious_power_k,24.0,22.0,Poppy,,,,,,1.0
fictitious_power_k,24.0,22.0,Oxlip,,,,,,0.0
fictitious_power_k,24.0,22.0,Daisy,,,,,,0.0
fictitious_power_k,24.0,22.0,Tulip,,,,,,0.0
fictitious_power_k,24.0,22.0,Maryj,,,,,,0.0
fictitious_power_k,24.0,23.0,Poppy,,,,,,-2.0
fictitious_power_k,24.0,23.0,Oxlip,,,,,,0.0
fictitious_power_k,24.0,23.0,Daisy,,,,,,0.0
fictitious_power_k,24.0,23.0,Tulip,,,,,,0.0
fictitious_power_k,24.0,23.0,Maryj,,,,,,0.0
fictitious_power_k,24.0,25.0,Poppy,,,,,,0.0
fictitious_power_k,24.0,25.0,Oxlip,,,,,,2.0
fictitious_power_k,24.0,25.0,Daisy,,,,,,0.0
fictitious_power_k,24.0,25.0,Tulip,,,,,,0.0
fictitious_power_k,24.0,25.0,Maryj,,,,,,0.0
fictitious_power_k,24.0,29.0,Poppy,,,,,,1.0
fictitious_power_k,24.0,29.0,Oxlip,,,,,,0.0
fictitious_power_k,24.0,29.0,Daisy,,,,,,0.0
fictitious_power_k,24.0,29.0,Tulip,,,,,,0.0
fictitious_power_k,24.0,29.0,Maryj,,,,,,0.0
fictitious_power_k,24.0,30.0,Poppy,,,,,,0.0
fictitious_power_k,24.0,30.0,Oxlip,,,,,,0.0
fictitious_power_k,24.0,30.0,Daisy,,,,,,4.0
fictitious_power_k,24.0,30.0,Tulip,,,,,,0.0
fictitious_power_k,24.0,30.0,Maryj,,,,,,0.0
fictitious_power,1.0,20.0,,,,,,,1.0
fictitious_power,1.0,22.0,,,,,,,1.0
fictitious_power,1.0,23.0,,,,,,,-2.0
fictitious_power,1.0,25.0,,,,,,,2.0
fictitious_power,1.0,29.0,,,,,,,1.0
fictitious_power,1.0,30.0,,,,,,,4.0
fictitious_power,2.0,20.0,,,,,,,1.0
fictitious_power,2.0,22.0,,,,,,,1.0
fictitious_power,2.0,23.0,,,,,,,-2.0
fictitious_power,2.0,25.0,,,,,,,2.0
fictitious_power,2.0,29.0,,,,,,,1.0
fictitious_power,2.0,30.0,,,,,,,4.0
fictitious_power,3.0,20.0,,,,,,,1.0
fictitious_power,3.0,22.0,,,,,,,1.0
fictitious_power,3.0,23.0,,,,,,,-2.0
fictitious_power,3.0,25.0,,,,,,,2.0
fictitious_power,3.0,29.0,,,,,,,1.0
fictitious_power,3.0,30.0,,,,,,,4.0
fictitious_power,4.0,20.0,,,,,,,1.0
fictitious_power,4.0,22.0,,,,,,,1.0
fictitious_power,4.0,23.0,,,,,,,-2.0
fictitious_power,4.0,25.0,,,,,,,2.0
fictitious_power,4.0,29.0,,,,,,,1.0
fictitious_power,4.0,30.0,,,,,,,4.0
fictitious_power,5.0,20.0,,,,,,,1.0
fictitious_power,5.0,22.0,,,,,,,1.0
fictitious_power,5.0,23.0,,,,,,,-2.0
fictitious_power,5.0,25.0,,,,,,,2.0
fictitious_power,5.0,29.0,,,,,,,1.0
fictitious_power,5.0,30.0,,,,,,,4.0
fictitious_power,6.0,20.0,,,,,,,1.0
fictitious_power,6.0,22.0,,,,,,,1.0
fictitious_power,6.0,23.0,,,,,,,-2.0
fictitious_power,6.0,25.0,,,,,,,2.0
fictitious_power,6.0,29.0,,,,,,,1.0
fictitious_power,6.0,30.0,,,,,,,4.0
fictitious_power,7.0,20.0,,,,,,,1.0
fictitious_power,7.0,22.0,,,,,,,1.0
fictitious_power,7.0,23.0,,,,,,,-2.0
fictitious_power,7.0,25.0,,,,,,,2.0
fictitious_power,7.0,29.0,,,,,,,1.0
fictitious_power,7.0,30.0,,,,,,,4.0
fictitious_power,8.0,20.0,,,,,,,1.0
fictitious_power,8.0,22.0,,,,,,,1.0
fictitious_power,8.0,23.0,,,,,,,-2.0
fictitious_power,8.0,25.0,,,,,,,2.0
fictitious_power,8.0,29.0,,,,,,,1.0
fictitious_power,8.0,30.0,,,,,,,4.0
fictitious_power,9.0,20.0,,,,,,,1.0
fictitious_power,9.0,22.0,,,,,,,1.0
fictitious_power,9.0,23.0,,,,,,,-2.0
fictitious_power,9.0,25.0,,,,,,,2.0
fictitious_power,9.0,29.0,,,,,,,1.0
fictitious_power,9.0,30.0,,,,,,,4.0
fictitious_power,10.0,20.0,,,,,,,1.0
fictitious_power,10.0,22.0,,,,,,,1.0
fictitious_power,10.0,23.0,,,,,,,-2.0
fictitious_power,10.0,25.0,,,,,,,2.0
fictitious_power,10.0,29.0,,,,,,,1.0
fictitious_power,10.0,30.0,,,,,,,4.0
fictitious_power,11.0,20.0,,,,,,,1.0
fictitious_power,11.0,22.0,,,,,,,1.0
fictitious_power,11.0,23.0,,,,,,,-2.0
fictitious_power,11.0,25.0,,,,,,,2.0
fictitious_power,11.0,29.0,,,,,,,1.0
fictitious_power,11.0,30.0,,,,,,,4.0
fictitious_power,12.0,20.0,,,,,,,1.0
fictitious_power,12.0,22.0,,,,,,,1.0
fictitious_power,12.0,23.0,,,,,,,-2.0
fictitious_power,12.0,25.0,,,,,,,2.0
fictitious_power,12.0,29.0,,,,,,,1.0
fictitious_power,12.0,30.0,,,,,,,4.0
fictitious_power,13.0,20.0,,,,,,,1.0
fictitious_power,13.0,22.0,,,,,,,1.0
fictitious_power,13.0,23.0,,,,,,,-2.0
fictitious_power,13.0,25.0,,,,,,,2.0
fictitious_power,13.0,29.0,,,,,,,1.0
fictitious_power,13.0,30.0,,,,,,,4.0
fictitious_power,14.0,20.0,,,,,,,1.0
fictitious_power,14.0,22.0,,,,,,,1.0
fictitious_power,14.0,23.0,,,,,,,-2.0
fictitious_power,14.0,25.0,,,,,,,2.0
fictitious_power,14.0,29.0,,,,,,,1.0
fictitious_power,14.0,30.0,,,,,,,4.0
fictitious_power,15.0,20.0,,,,,,,1.0
fictitious_power,15.0,22.0,,,,,,,1.0
fictitious_power,15.0,23.0,,,,,,,-2.0
fictitious_power,15.0,25.0,,,,,,,2.0
fictitious_power,15.0,29.0,,,,,,,1.0
fictitious_power,15.0,30.0,,,,,,,4.0
fictitious_power,16.0,20.0,,,,,,,1.0
fictitious_power,16.0,22.0,,,,,,,1.0
fictitious_power,16.0,23.0,,,,,,,-2.0
fictitious_power,16.0,25.0,,,,,,,2.0
fictitious_power,16.0,29.0,,,,,,,1.0
fictitious_power,16.0,30.0,,,,,,,4.0
fictitious_power,17.0,20.0,,,,,,,1.0
fictitious_power,17.0,22.0,,,,,,,1.0
fictitious_power,17.0,23.0,,,,,,,-2.0
fictitious_power,17.0,25.0,,,,,,,2.0
fictitious_power,17.0,29.0,,,,,,,1.0
fictitious_power,17.0,30.0,,,,,,,4.0
fictitious_power,18.0,20.0,,,,,,,1.0
fictitious_power,18.0,22.0,,,,,,,1.0
fictitious_power,18.0,23.0,,,,,,,-2.0
fictitious_power,18.0,25.0,,,,,,,2.0
fictitious_power,18.0,29.0,,,,,,,1.0
fictitious_power,18.0,30.0,,,,,,,4.0
fictitious_power,19.0,20.0,,,,,,,1.0
fictitious_power,19.0,22.0,,,,,,,1.0
fictitious_power,19.0,23.0,,,,,,,-2.0
fictitious_power,19.0,25.0,,,,,,,2.0
fictitious_power,19.0,29.0,,,,,,,1.0
fictitious_power,19.0,30.0,,,,,,,4.0
fictitious_power,20.0,20.0,,,,,,,1.0
fictitious_power,20.0,22.0,,,,,,,1.0
fictitious_power,20.0,23.0,,,,,,,-2.0
fictitious_power,20.0,25.0,,,,,,,2.0
fictitious_power,20.0,29.0,,,,,,,1.0
fictitious_power,20.0,30.0,,,,,,,4.0
fictitious_power,21.0,20.0,,,,,,,1.0
fictitious_power,21.0,22.0,,,,,,,1.0
fictitious_power,21.0,23.0,,,,,,,-2.0
fictitious_power,21.0,25.0,,,,,,,2.0
fictitious_power,21.0,29.0,,,,,,,1.0
fictitious_power,21.0,30.0,,,,,,,4.0
fictitious_power,22.0,20.0,,,,,,,1.0
fictitious_power,22.0,22.0,,,,,,,1.0
fictitious_power,22.0,23.0,,,,,,,-2.0
fictitious_power,22.0,25.0,,,,,,,2.0
fictitious_power,22.0,29.0,,,,,,,1.0
fictitious_power,22.0,30.0,,,,,,,4.0
fictitious_power,23.0,20.0,,,,,,,1.0
fictitious_power,23.0,22.0,,,,,,,1.0
fictitious_power,23.0,23.0,,,,,,,-2.0
fictitious_power,23.0,25.0,,,,,,,2.0
fictitious_power,23.0,29.0,,,,,,,1.0
fictitious_power,23.0,30.0,,,,,,,4.0
fictitious_power,24.0,20.0,,,,,,,1.0
fictitious_power,24.0,22.0,,,,,,,1.0
fictitious_power,24.0,23.0,,,,,,,-2.0
fictitious_power,24.0,25.0,,,,,,,2.0
fictitious_power,24.0,29.0,,,,,,,1.0
fictitious_power,24.0,30.0,,,,,,,4.0
unserved_fictitious_power,1.0,,,,,3.0,,,0.0
unserved_fictitious_power,1.0,,,,,4.0,,,0.0
unserved_fictitious_power,1.0,,,,,1.0,,,0.0
unserved_fictitious_power,1.0,,,,,2.0,,,0.0
unserved_fictitious_power,2.0,,,,,3.0,,,0.0
unserved_fictitious_power,2.0,,,,,4.0,,,0.0
unserved_fictitious_power,2.0,,,,,1.0,,,0.0
unserved_fictitious_power,2.0,,,,,2.0,,,0.0
unserved_fictitious_power,3.0,,,,,3.0,,,0.0
unserved_fictitious_power,3.0,,,,,4.0,,,0.0
unserved_fictitious_power,3.0,,,,,1.0,,,0.0
unserved_fictitious_power,3.0,,,,,2.0,,,0.0
unserved_fictitious_power,4.0,,,,,3.0,,,0.0
unserved_fictitious_power,4.0,,,,,4.0,,,0.0
unserved_fictitious_power,4.0,,,,,1.0,,,0.0
unserved_fictitious_power,4.0,,,,,2.0,,,0.0
unserved_fictitious_power,5.0,,,,,3.0,,,0.0
unserved_fictitious_power,5.0,,,,,4.0,,,0.0
unserved_fictitious_power,5.0,,,,,1.0,,,0.0
unserved_fictitious_power,5.0,,,,,2.0,,,0.0
unserved_fictitious_power,6.0,,,,,3.0,,,0.0
unserved_fictitious_power,6.0,,,,,4.0,,,0.0
unserved_fictitious_power,6.0,,,,,1.0,,,0.0
unserved_fictitious_power,6.0,,,,,2.0,,,0.0
unserved_fictitious_power,7.0,,,,,3.0,,,0.0
unserved_fictitious_power,7.0,,,,,4.0,,,0.0
unserved_fictitious_power,7.0,,,,,1.0,,,0.0
unserved_fictitious_power,7.0,,,,,2.0,,,0.0
unserved_fictitious_power,8.0,,,,,3.0,,,0.0
unserved_fictitious_power,8.0,,,,,4.0,,,0.0
unserved_fictitious_power,8.0,,,,,1.0,,,0.0
unserved_fictitious_power,8.0,,,,,2.0,,,0.0
unserved_fictitious_power,9.0,,,,,3.0,,,0.0
unserved_fictitious_power,9.0,,,,,4.0,,,0.0
unserved_fictitious_power,9.0,,,,,1.0,,,0.0
unserved_fictitious_power,9.0,,,,,2.0,,,0.0
unserved_fictitious_power,10.0,,,,,3.0,,,0.0
unserved_fictitious_power,10.0,,,,,4.0,,,0.0
unserved_fictitious_power,10.0,,,,,1.0,,,0.0
unserved_fictitious_power,10.0,,,,,2.0,,,0.0
unserved_fictitious_power,11.0,,,,,3.0,,,0.0
unserved_fictitious_power,11.0,,,,,4.0,,,0.0
unserved_fictitious_power,11.0,,,,,1.0,,,0.0
unserved_fictitious_power,11.0,,,,,2.0,,,0.0
unserved_fictitious_power,12.0,,,,,3.0,,,0.0
unserved_fictitious_power,12.0,,,,,4.0,,,0.0
unserved_fictitious_power,12.0,,,,,1.0,,,0.0
unserved_fictitious_power,12.0,,,,,2.0,,,0.0
unserved_fictitious_power,13.0,,,,,3.0,,,0.0
unserved_fictitious_power,13.0,,,,,4.0,,,0.0
unserved_fictitious_power,13.0,,,,,1.0,,,0.0
unserved_fictitious_power,13.0,,,,,2.0,,,0.0
unserved_fictitious_power,14.0,,,,,3.0,,,0.0
unserved_fictitious_power,14.0,,,,,4.0,,,0.0
unserved_fictitious_power,14.0,,,,,1.0,,,0.0
unserved_fictitious_power,14.0,,,,,2.0,,,0.0
unserved_fictitious_power,15.0,,,,,3.0,,,0.0
unserved_fictitious_power,15.0,,,,,4.0,,,0.0
unserved_fictitious_power,15.0,,,,,1.0,,,0.0
unserved_fictitious_power,15.0,,,,,2.0,,,0.0
unserved_fictitious_power,16.0,,,,,3.0,,,0.0
unserved_fictitious_power,16.0,,,,,4.0,,,0.0
unserved_fictitious_power,16.0,,,,,1.0,,,0.0
unserved_fictitious_power,16.0,,,,,2.0,,,0.0
unserved_fictitious_power,17.0,,,,,3.0,,,0.0
unserved_fictitious_power,17.0,,,,,4.0,,,0.0
unserved_fictitious_power,17.0,,,,,1.0,,,0.0
unserved_fictitious_power,17.0,,,,,2.0,,,0.0
unserved_fictitious_power,18.0,,,,,3.0,,,0.0
unserved_fictitious_power,18.0,,,,,4.0,,,0.0
unserved_fictitious_power,18.0,,,,,1.0,,,0.0
unserved_fictitious_power,18.0,,,,,2.0,,,0.0
unserved_fictitious_power,19.0,,,,,3.0,,,0.0
unserved_fictitious_power,19.0,,,,,4.0,,,0.0
unserved_fictitious_power,19.0,,,,,1.0,,,0.0
unserved_fictitious_power,19.0,,,,,2.0,,,0.0
unserved_fictitious_power,20.0,,,,,3.0,,,0.0
unserved_fictitious_power,20.0,,,,,4.0,,,0.0
unserved_fictitious_power,20.0,,,,,1.0,,,0.0
unserved_fictitious_power,20.0,,,,,2.0,,,0.0
unserved_fictitious_power,21.0,,,,,3.0,,,0.0
unserved_fictitious_power,21.0,,,,,4.0,,,0.0
unserved_fictitious_power,21.0,,,,,1.0,,,0.0
unserved_fictitious_power,21.0,,,,,2.0,,,0.0
unserved_fictitious_power,22.0,,,,,3.0,,,0.0
unserved_fictitious_power,22.0,,,,,4.0,,,0.0
unserved_fictitious_power,22.0,,,,,1.0,,,0.0
unserved_fictitious_power,22.0,,,,,2.0,,,0.0
unserved_fictitious_power,23.0,,,,,3.0,,,0.0
unserved_fictitious_power,23.0,,,,,4.0,,,0.0
unserved_fictitious_power,23.0,,,,,1.0,,,0.0
unserved_fictitious_power,23.0,,,,,2.0,,,0.0
unserved_fictitious_power,24.0,,,,,3.0,,,0.0
unserved_fictitious_power,24.0,,,,,4.0,,,0.0
unserved_fictitious_power,24.0,,,,,1.0,,,0.0
unserved_fictitious_power,24.0,,,,,2.0,,,0.0
voltage_squared,1.0,,,,,,0.0,,1.0
voltage_squared,1.0,,,,,,3.0,,0.9992105527776207
voltage_squared,1.0,,,,,,4.0,,0.9991790945073609
voltage_squared,1.0,,,,,,1.0,,0.999179860849953
voltage_squared,1.0,,,,,,2.0,,0.9991900560879928
voltage_squared,1.0,,,,,,48.0,,0.9025
voltage_squared,1.0,,,,,,49.0,,0.9992923332844001
voltage_squared,1.0,,,,,,50.0,,0.9992260996667603
voltage_squared,2.0,,,,,,0.0,,1.0
voltage_squared,2.0,,,,,,3.0,,0.9991743939432228
voltage_squared,2.0,,,,,,4.0,,0.9991759243982304
voltage_squared,2.0,,,,,,1.0,,0.9991766907408226
voltage_squared,2.0,,,,,,2.0,,0.9991869778933422
voltage_squared,2.0,,,,,,48.0,,0.9025
voltage_squared,2.0,,,,,,49.0,,0.9992894991668018
voltage_squared,2.0,,,,,,50.0,,0.9992230395708545
voltage_squared,3.0,,,,,,0.0,,1.0
voltage_squared,3.0,,,,,,3.0,,0.9991630799573836
voltage_squared,3.0,,,,,,4.0,,0.9991782881979965
voltage_squared,3.0,,,,,,1.0,,0.9991790147870352
voltage_squared,3.0,,,,,,2.0,,0.9991892159889731
voltage_squared,3.0,,,,,,48.0,,0.9025
voltage_squared,3.0,,,,,,49.0,,0.9992915480624498
voltage_squared,3.0,,,,,,50.0,,0.9992252711508126
voltage_squared,4.0,,,,,,0.0,,1.0
voltage_squared,4.0,,,,,,3.0,,0.9991685291453325
voltage_squared,4.0,,,,,,4.0,,0.9991822221381185
voltage_squared,4.0,,,,,,1.0,,0.9991829487271572
voltage_squared,4.0,,,,,,2.0,,0.9991930298196301
voltage_squared,4.0,,,,,,48.0,,0.9025
voltage_squared,4.0,,,,,,49.0,,0.9992950429448383
voltage_squared,4.0,,,,,,50.0,,0.9992290613308917
voltage_squared,5.0,,,,,,0.0,,1.0
voltage_squared,5.0,,,,,,3.0,,0.9991558124436979
voltage_squared,5.0,,,,,,4.0,,0.9991700017485465
voltage_squared,5.0,,,,,,1.0,,0.999170695621158
voltage_squared,5.0,,,,,,2.0,,0.9991810477789512
voltage_squared,5.0,,,,,,48.0,,0.9025
voltage_squared,5.0,,,,,,49.0,,0.9992842805487641
voltage_squared,5.0,,,,,,50.0,,0.9992173520392797
voltage_squared,6.0,,,,,,0.0,,1.0
voltage_squared,6.0,,,,,,3.0,,0.9991245060145554
voltage_squared,6.0,,,,,,4.0,,0.999095379671626
voltage_squared,6.0,,,,,,1.0,,0.99909620097867
voltage_squared,6.0,,,,,,2.0,,0.9991074206609949
voltage_squared,6.0,,,,,,48.0,,0.9025
voltage_squared,6.0,,,,,,49.0,,0.9992201443243295
voltage_squared,6.0,,,,,,50.0,,0.9991471582598976
voltage_squared,7.0,,,,,,0.0,,1.0
voltage_squared,7.0,,,,,,3.0,,0.999088307612487
voltage_squared,7.0,,,,,,4.0,,0.9990482643009607
voltage_squared,7.0,,,,,,1.0,,0.9990500580384377
voltage_squared,7.0,,,,,,2.0,,0.999061402380945
voltage_squared,7.0,,,,,,48.0,,0.9025
voltage_squared,7.0,,,,,,49.0,,0.9991815178456717
voltage_squared,7.0,,,,,,50.0,,0.9991045228246204
voltage_squared,8.0,,,,,,0.0,,1.0
voltage_squared,8.0,,,,,,3.0,,0.998232491892352
voltage_squared,8.0,,,,,,4.0,,0.9985529021669368
voltage_squared,8.0,,,,,,1.0,,0.9985558835733876
voltage_squared,8.0,,,,,,2.0,,0.9985721388340668
voltage_squared,8.0,,,,,,48.0,,0.9025
voltage_squared,8.0,,,,,,49.0,,0.998757069788638
voltage_squared,8.0,,,,,,50.0,,0.99863977703973
voltage_squared,9.0,,,,,,0.0,,1.0
voltage_squared,9.0,,,,,,3.0,,0.9962328723065788
voltage_squared,9.0,,,,,,4.0,,0.9986382366327805
voltage_squared,9.0,,,,,,1.0,,0.9986415657182893
voltage_squared,9.0,,,,,,2.0,,0.9986553980941173
voltage_squared,9.0,,,,,,48.0,,0.9025
voltage_squared,9.0,,,,,,49.0,,0.9988323315865302
voltage_squared,9.0,,,,,,50.0,,0.9987219174382488
voltage_squared,10.0,,,,,,0.0,,1.0
voltage_squared,10.0,,,,,,3.0,,0.9947889100323263
voltage_squared,10.0,,,,,,4.0,,0.998774013952729
voltage_squared,10.0,,,,,,1.0,,0.9987772797954567
voltage_squared,10.0,,,,,,2.0,,0.9987869452563919
voltage_squared,10.0,,,,,,48.0,,0.9025
voltage_squared,10.0,,,,,,49.0,,0.9989521688078971
voltage_squared,10.0,,,,,,50.0,,0.998852342069429
voltage_squared,11.0,,,,,,0.0,,1.0
voltage_squared,11.0,,,,,,3.0,,0.9948688983579755
voltage_squared,11.0,,,,,,4.0,,0.9987792791122783
voltage_squared,11.0,,,,,,1.0,,0.9987824544672156
voltage_squared,11.0,,,,,,2.0,,0.99879202611163
voltage_squared,11.0,,,,,,48.0,,0.9025
voltage_squared,11.0,,,,,,49.0,,0.9989566690684246
voltage_squared,11.0,,,,,,50.0,,0.9988572386914364
voltage_squared,12.0,,,,,,0.0,,1.0
voltage_squared,12.0,,,,,,3.0,,0.9948600257528802
voltage_squared,12.0,,,,,,4.0,,0.9988498021710382
voltage_squared,12.0,,,,,,1.0,,0.9988512109132434
voltage_squared,12.0,,,,,,2.0,,0.9988593767889649
voltage_squared,12.0,,,,,,48.0,,0.9025
voltage_squared,12.0,,,,,,49.0,,0.9990155853993871
voltage_squared,12.0,,,,,,50.0,,0.9989218741933892
voltage_squared,13.0,,,,,,0.0,,1.0
voltage_squared,13.0,,,,,,3.0,,0.9946642139916051
voltage_squared,13.0,,,,,,4.0,,0.9987702830437843
voltage_squared,13.0,,,,,,1.0,,0.9987737874821818
voltage_squared,13.0,,,,,,2.0,,0.9987835968202902
voltage_squared,13.0,,,,,,48.0,,0.9025
voltage_squared,13.0,,,,,,49.0,,0.9989491179755637
voltage_squared,13.0,,,,,,50.0,,0.998849027032665
voltage_squared,14.0,,,,,,0.0,,1.0
voltage_squared,14.0,,,,,,3.0,,0.9946142963260639
voltage_squared,14.0,,,,,,4.0,,0.9987682537120536
voltage_squared,14.0,,,,,,1.0,,0.9987723097187506
voltage_squared,14.0,,,,,,2.0,,0.9987822366467835
voltage_squared,14.0,,,,,,48.0,,0.9025
voltage_squared,14.0,,,,,,49.0,,0.9989480852000475
voltage_squared,14.0,,,,,,50.0,,0.9988477965562266
voltage_squared,15.0,,,,,,0.0,,1.0
voltage_squared,15.0,,,,,,3.0,,0.9944573306686714
voltage_squared,15.0,,,,,,4.0,,0.9987561093255202
voltage_squared,15.0,,,,,,1.0,,0.9987606893795895
voltage_squared,15.0,,,,,,2.0,,0.998771037016512
voltage_squared,15.0,,,,,,48.0,,0.9025
voltage_squared,15.0,,,,,,49.0,,0.9989379415970778
voltage_squared,15.0,,,,,,50.0,,0.9988367469521192
voltage_squared,16.0,,,,,,0.0,,1.0
voltage_squared,16.0,,,,,,3.0,,0.9943442339935257
voltage_squared,16.0,,,,,,4.0,,0.9987417950198791
voltage_squared,16.0,,,,,,1.0,,0.9987471146563953
voltage_squared,16.0,,,,,,2.0,,0.9987580109384218
voltage_squared,16.0,,,,,,48.0,,0.9025
voltage_squared,16.0,,,,,,49.0,,0.9989261658557647
voltage_squared,16.0,,,,,,50.0,,0.9988238695119502
voltage_squared,17.0,,,,,,0.0,,1.0
voltage_squared,17.0,,,,,,3.0,,0.9947641270592346
voltage_squared,17.0,,,,,,4.0,,0.9990634498831007
voltage_squared,17.0,,,,,,1.0,,0.9990665009826736
voltage_squared,17.0,,,,,,2.0,,0.9990747802036398
voltage_squared,17.0,,,,,,48.0,,0.9025
voltage_squared,17.0,,,,,,49.0,,0.9991987419574347
voltage_squared,17.0,,,,,,50.0,,0.9991229267268668
voltage_squared,18.0,,,,,,0.0,,1.0
voltage_squared,18.0,,,,,,3.0,,0.9950445589657446
voltage_squared,18.0,,,,,,4.0,,0.9991760840062377
voltage_squared,18.0,,,,,,1.0,,0.9991772029847708
voltage_squared,18.0,,,,,,2.0,,0.9991841359556181
voltage_squared,18.0,,,,,,48.0,,0.9025
voltage_squared,18.0,,,,,,49.0,,0.999293134294257
voltage_squared,18.0,,,,,,50.0,,0.9992265349110013
voltage_squared,19.0,,,,,,0.0,,1.0
voltage_squared,19.0,,,,,,3.0,,0.9952214334328124
voltage_squared,19.0,,,,,,4.0,,0.9991136168732511
voltage_squared,19.0,,,,,,1.0,,0.9991144536981447
voltage_squared,19.0,,,,,,2.0,,0.9991231921674819
voltage_squared,19.0,,,,,,48.0,,0.9025
voltage_squared,19.0,,,,,,49.0,,0.9992375444146812
voltage_squared,19.0,,,,,,50.0,,0.9991661477826872
voltage_squared,20.0,,,,,,0.0,,1.0
voltage_squared,20.0,,,,,,3.0,,0.9966486386803091
voltage_squared,20.0,,,,,,4.0,,0.9991375974215891
voltage_squared,20.0,,,,,,1.0,,0.9991383637641813
voltage_squared,20.0,,,,,,2.0,,0.9991472390723444
voltage_squared,20.0,,,,,,48.0,,0.9025
voltage_squared,20.0,,,,,,49.0,,0.9992580918201797
voltage_squared,20.0,,,,,,50.0,,0.999188467790517
voltage_squared,21.0,,,,,,0.0,,1.0
voltage_squared,21.0,,,,,,3.0,,0.9980497806591837
voltage_squared,21.0,,,,,,4.0,,0.9991030362954821
voltage_squared,21.0,,,,,,1.0,,0.9991038001066721
voltage_squared,21.0,,,,,,2.0,,0.99911384151272
voltage_squared,21.0,,,,,,48.0,,0.9025
voltage_squared,21.0,,,,,,49.0,,0.9992277752683831
voltage_squared,21.0,,,,,,50.0,,0.9991552923826246
voltage_squared,22.0,,,,,,0.0,,1.0
voltage_squared,22.0,,,,,,3.0,,0.9981397037864814
voltage_squared,22.0,,,,,,4.0,,0.9991296950811158
voltage_squared,22.0,,,,,,1.0,,0.999130461423708
voltage_squared,22.0,,,,,,2.0,,0.9991404865688045
voltage_squared,22.0,,,,,,48.0,,0.9025
voltage_squared,22.0,,,,,,49.0,,0.9992504152789105
voltage_squared,22.0,,,,,,50.0,,0.999180148977491
voltage_squared,23.0,,,,,,0.0,,1.0
voltage_squared,23.0,,,,,,3.0,,0.9986418462207778
voltage_squared,23.0,,,,,,4.0,,0.9991397385977032
voltage_squared,23.0,,,,,,1.0,,0.9991404726311722
voltage_squared,23.0,,,,,,2.0,,0.999150609895422
voltage_squared,23.0,,,,,,48.0,,0.9025
voltage_squared,23.0,,,,,,49.0,,0.999258875760254
voltage_squared,23.0,,,,,,50.0,,0.999189404856508
voltage_squared,24.0,,,,,,0.0,,1.0
voltage_squared,24.0,,,,,,3.0,,0.9992272379957023
voltage_squared,24.0,,,,,,4.0,,0.999209500497138
voltage_squared,24.0,,,,,,1.0,,0.9992102270861767
voltage_squared,24.0,,,,,,2.0,,0.9992194789140961
voltage_squared,24.0,,,,,,48.0,,0.9025
voltage_squared,24.0,,,,,,49.0,,0.9993192899439642
voltage_squared,24.0,,,,,,50.0,,0.9992553471360965
active_power_plus,1.0,20.0,,,,,,,0.001914857208052667
active_power_plus,1.0,22.0,,,,,,,0.0005120581052535517
active_power_plus,1.0,23.0,,,,,,,0.0
active_power_plus,1.0,25.0,,,,,,,0.3938023247349435
active_power_plus,1.0,29.0,,,,,,,0.174172745373408
active_power_plus,1.0,30.0,,,,,,,0.5686284099476426
active_power_plus,2.0,20.0,,,,,,,0.001914857208052667
active_power_plus,2.0,22.0,,,,,,,0.0005120581052535517
active_power_plus,2.0,23.0,,,,,,,0.0
active_power_plus,2.0,25.0,,,,,,,0.3938023901626394
active_power_plus,2.0,29.0,,,,,,,0.17417278345425583
active_power_plus,2.0,30.0,,,,,,,0.568629135961662
active_power_plus,3.0,20.0,,,,,,,0.0018155251609483824
active_power_plus,3.0,22.0,,,,,,,0.0005120581052535517
active_power_plus,3.0,23.0,,,,,,,0.0
active_power_plus,3.0,25.0,,,,,,,0.3937030013383016
active_power_plus,3.0,29.0,,,,,,,0.17417275393531625
active_power_plus,3.0,30.0,,,,,,,0.568529241016724
active_power_plus,4.0,20.0,,,,,,,0.0018155251609483824
active_power_plus,4.0,22.0,,,,,,,0.0005120581052535517
active_power_plus,4.0,23.0,,,,,,,0.0
active_power_plus,4.0,25.0,,,,,,,0.39370291584050443
active_power_plus,4.0,29.0,,,,,,,0.17417270417307773
active_power_plus,4.0,30.0,,,,,,,0.5685283381141603
active_power_plus,5.0,20.0,,,,,,,0.0017161930796479924
active_power_plus,5.0,22.0,,,,,,,0.0005120581052535517
active_power_plus,5.0,23.0,,,,,,,0.0
active_power_plus,5.0,25.0,,,,,,,0.39603432154322604
active_power_plus,5.0,29.0,,,,,,,0.17525308682595708
active_power_plus,5.0,30.0,,,,,,,0.5719434027214116
active_power_plus,6.0,20.0,,,,,,,0.0019521885439594492
active_power_plus,6.0,22.0,,,,,,,0.0005120581052535517
active_power_plus,6.0,23.0,,,,,,,0.0
active_power_plus,6.0,25.0,,,,,,,0.43408037114777565
active_power_plus,6.0,29.0,,,,,,,0.19205779545948828
active_power_plus,6.0,30.0,,,,,,,0.6268229166270785
active_power_plus,7.0,20.0,,,,,,,0.004436549005415675
active_power_plus,7.0,22.0,,,,,,,0.0005120581052535517
active_power_plus,7.0,23.0,,,,,,,0.0
active_power_plus,7.0,25.0,,,,,,,0.4778647032050769
active_power_plus,7.0,29.0,,,,,,,0.210413633501224
active_power_plus,7.0,30.0,,,,,,,0.6889881889406719
active_power_plus,8.0,20.0,,,,,,,0.007402067141212858
active_power_plus,8.0,22.0,,,,,,,0.0022687549087924107
active_power_plus,8.0,23.0,,,,,,,0.0
active_power_plus,8.0,25.0,,,,,,,0.7539941398847486
active_power_plus,8.0,29.0,,,,,,,0.33182052368780884
active_power_plus,8.0,30.0,,,,,,,1.088560634359476
active_power_plus,9.0,20.0,,,,,,,0.006307153273137981
active_power_plus,9.0,22.0,,,,,,,0.008711791658446847
active_power_plus,9.0,23.0,,,,,,,0.0
active_power_plus,9.0,25.0,,,,,,,0.7485560166969537
active_power_plus,9.0,29.0,,,,,,,0.32988960780097476
active_power_plus,9.0,30.0,,,,,,,1.0876048104630325
active_power_plus,10.0,20.0,,,,,,,0.005616399976362042
active_power_plus,10.0,22.0,,,,,,,0.013267090803851186
active_power_plus,10.0,23.0,,,,,,,0.0
active_power_plus,10.0,25.0,,,,,,,0.7447433470083388
active_power_plus,10.0,29.0,,,,,,,0.3285020596832535
active_power_plus,10.0,30.0,,,,,,,1.0869223900683405
active_power_plus,11.0,20.0,,,,,,,0.004938969100804475
active_power_plus,11.0,22.0,,,,,,,0.01297994027413438
active_power_plus,11.0,23.0,,,,,,,0.0
active_power_plus,11.0,25.0,,,,,,,0.742348344957844
active_power_plus,11.0,29.0,,,,,,,0.32773869931821425
active_power_plus,11.0,30.0,,,,,,,1.0834739379788725
active_power_plus,12.0,20.0,,,,,,,0.0017340100418776361
active_power_plus,12.0,22.0,,,,,,,0.01312387268688176
active_power_plus,12.0,23.0,,,,,,,0.0
active_power_plus,12.0,25.0,,,,,,,0.7047252203560697
active_power_plus,12.0,29.0,,,,,,,0.31244149705394947
active_power_plus,12.0,30.0,,,,,,,1.0306547239591046
active_power_plus,13.0,20.0,,,,,,,0.005760793872469371
active_power_plus,13.0,22.0,,,,,,,0.013472474766412836
active_power_plus,13.0,23.0,,,,,,,0.0
active_power_plus,13.0,25.0,,,,,,,0.7461128366332838
active_power_plus,13.0,29.0,,,,,,,0.32904653988814814
active_power_plus,13.0,30.0,,,,,,,1.0890436138538206
active_power_plus,14.0,20.0,,,,,,,0.006893584279205828
active_power_plus,14.0,22.0,,,,,,,0.013993093745532616
active_power_plus,14.0,23.0,,,,,,,0.0
active_power_plus,14.0,25.0,,,,,,,0.7503637674260214
active_power_plus,14.0,29.0,,,,,,,0.3304323816549698
active_power_plus,14.0,30.0,,,,,,,1.0952047178514883
active_power_plus,15.0,20.0,,,,,,,0.008113110185288049
active_power_plus,15.0,22.0,,,,,,,0.014399722312139698
active_power_plus,15.0,23.0,,,,,,,0.0
active_power_plus,15.0,25.0,,,,,,,0.7540137276542268
active_power_plus,15.0,29.0,,,,,,,0.33151251715323743
active_power_plus,15.0,30.0,,,,,,,1.100346578502238
active_power_plus,16.0,20.0,,,,,,,0.008998398697792105
active_power_plus,16.0,22.0,,,,,,,0.0146499408410386
active_power_plus,16.0,23.0,,,,,,,0.0
active_power_plus,16.0,25.0,,,,,,,0.7585440652784012
active_power_plus,16.0,29.0,,,,,,,0.3331324889426772
active_power_plus,16.0,30.0,,,,,,,1.1067533167975028
active_power_plus,17.0,20.0,,,,,,,0.005128844077850221
active_power_plus,17.0,22.0,,,,,,,0.014754247935771916
active_power_plus,17.0,23.0,,,,,,,0.0
active_power_plus,17.0,25.0,,,,,,,0.5492149695426464
active_power_plus,17.0,29.0,,,,,,,0.24181683429345785
active_power_plus,17.0,30.0,,,,,,,0.8060113514737479
active_power_plus,18.0,20.0,,,,,,,0.0021950301298291983
active_power_plus,18.0,22.0,,,,,,,0.0148043238659415
active_power_plus,18.0,23.0,,,,,,,0.0
active_power_plus,18.0,25.0,,,,,,,0.47583583513752437
active_power_plus,18.0,29.0,,,,,,,0.21050804006762722
active_power_plus,18.0,30.0,,,,,,,0.7013247829688241
active_power_plus,19.0,20.0,,,,,,,0.0019144375772197483
active_power_plus,19.0,22.0,,,,,,,0.014818191596848964
active_power_plus,19.0,23.0,,,,,,,0.0
active_power_plus,19.0,25.0,,,,,,,0.47658886268018286
active_power_plus,19.0,29.0,,,,,,,0.2109676431085302
active_power_plus,19.0,30.0,,,,,,,0.7025638188990234
active_power_plus,20.0,20.0,,,,,,,0.001914857208052667
active_power_plus,20.0,22.0,,,,,,,0.00994559632032748
active_power_plus,20.0,23.0,,,,,,,0.0
active_power_plus,20.0,25.0,,,,,,,0.4561267200848196
active_power_plus,20.0,29.0,,,,,,,0.20187298292403627
active_power_plus,20.0,30.0,,,,,,,0.6681207002716225
active_power_plus,21.0,20.0,,,,,,,0.0018155249800752137
active_power_plus,21.0,22.0,,,,,,,0.004738396610056797
active_power_plus,21.0,23.0,,,,,,,0.0
active_power_plus,21.0,25.0,,,,,,,0.45602821169943986
active_power_plus,21.0,29.0,,,,,,,0.20187346362219802
active_power_plus,21.0,30.0,,,,,,,0.6628207127194203
active_power_plus,22.0,20.0,,,,,,,0.0019148572080526667
active_power_plus,22.0,22.0,,,,,,,0.004709422042847322
active_power_plus,22.0,23.0,,,,,,,0.0
active_power_plus,22.0,25.0,,,,,,,0.4356075954986012
active_power_plus,22.0,29.0,,,,,,,0.1927532753594629
active_power_plus,22.0,30.0,,,,,,,0.6332380531314866
active_power_plus,23.0,20.0,,,,,,,0.0018155251247730293
active_power_plus,23.0,22.0,,,,,,,0.0026940017973806035
active_power_plus,23.0,23.0,,,,,,,0.0
active_power_plus,23.0,25.0,,,,,,,0.42524839532905734
active_power_plus,23.0,29.0,,,,,,,0.18819324371870816
active_power_plus,23.0,30.0,,,,,,,0.6162970139352849
active_power_plus,24.0,20.0,,,,,,,0.0018155251609483824
active_power_plus,24.0,22.0,,,,,,,0.0005290565300430788
active_power_plus,24.0,23.0,,,,,,,0.0
active_power_plus,24.0,25.0,,,,,,,0.3937023255432075
active_power_plus,24.0,29.0,,,,,,,0.17417236060264848
active_power_plus,24.0,30.0,,,,,,,0.5685390814232393
reactive_power_plus,1.0,20.0,,,,,,,0.0
reactive_power_plus,1.0,22.0,,,,,,,0.0
reactive_power_plus,1.0,23.0,,,,,,,0.0
reactive_power_plus,1.0,25.0,,,,,,,0.2745830281467851
reactive_power_plus,1.0,29.0,,,,,,,0.12208742147687762
reactive_power_plus,1.0,30.0,,,,,,,0.3966814023066697
reactive_power_plus,2.0,20.0,,,,,,,0.0
reactive_power_plus,2.0,22.0,,,,,,,0.0
reactive_power_plus,2.0,23.0,,,,,,,0.0
reactive_power_plus,2.0,25.0,,,,,,,0.27643793483601997
reactive_power_plus,2.0,29.0,,,,,,,0.12291182107955748
reactive_power_plus,2.0,30.0,,,,,,,0.39952974883518
reactive_power_plus,3.0,20.0,,,,,,,0.0
reactive_power_plus,3.0,22.0,,,,,,,0.0
reactive_power_plus,3.0,23.0,,,,,,,0.0
reactive_power_plus,3.0,25.0,,,,,,,0.27500627735388083
reactive_power_plus,3.0,29.0,,,,,,,0.12227277537955278
reactive_power_plus,3.0,30.0,,,,,,,0.39752551658784196
reactive_power_plus,4.0,20.0,,,,,,,0.0
reactive_power_plus,4.0,22.0,,,,,,,0.0
reactive_power_plus,4.0,23.0,,,,,,,0.0
reactive_power_plus,4.0,25.0,,,,,,,0.2725823736263573
reactive_power_plus,4.0,29.0,,,,,,,0.12119548923815182
reactive_power_plus,4.0,30.0,,,,,,,0.3940130920570385
reactive_power_plus,5.0,20.0,,,,,,,0.0
reactive_power_plus,5.0,22.0,,,,,,,0.0
reactive_power_plus,5.0,23.0,,,,,,,0.0
reactive_power_plus,5.0,25.0,,,,,,,0.27876192500466845
reactive_power_plus,5.0,29.0,,,,,,,0.12392964765938469
reactive_power_plus,5.0,30.0,,,,,,,0.4029425704266917
reactive_power_plus,6.0,20.0,,,,,,,1.2131920276408329e-09
reactive_power_plus,6.0,22.0,,,,,,,0.0
reactive_power_plus,6.0,23.0,,,,,,,0.0
reactive_power_plus,6.0,25.0,,,,,,,0.302488566467923
reactive_power_plus,6.0,29.0,,,,,,,0.13443627885622758
reactive_power_plus,6.0,30.0,,,,,,,0.43706239297079674
reactive_power_plus,7.0,20.0,,,,,,,0.0
reactive_power_plus,7.0,22.0,,,,,,,0.0
reactive_power_plus,7.0,23.0,,,,,,,0.0
reactive_power_plus,7.0,25.0,,,,,,,0.3054779505989133
reactive_power_plus,7.0,29.0,,,,,,,0.13586324300942978
reactive_power_plus,7.0,30.0,,,,,,,0.4415118749890997
reactive_power_plus,8.0,20.0,,,,,,,0.0
reactive_power_plus,8.0,22.0,,,,,,,0.0
reactive_power_plus,8.0,23.0,,,,,,,0.0
reactive_power_plus,8.0,25.0,,,,,,,0.44758995449160244
reactive_power_plus,8.0,29.0,,,,,,,0.19909980295477997
reactive_power_plus,8.0,30.0,,,,,,,0.647287606424063
reactive_power_plus,9.0,20.0,,,,,,,0.0020595370084564974
reactive_power_plus,9.0,22.0,,,,,,,0.0019390949453684174
reactive_power_plus,9.0,23.0,,,,,,,0.0
reactive_power_plus,9.0,25.0,,,,,,,0.39484165899444246
reactive_power_plus,9.0,29.0,,,,,,,0.1745611052160146
reactive_power_plus,9.0,30.0,,,,,,,0.5721504525357471
reactive_power_plus,10.0,20.0,,,,,,,0.0027526476044093338
reactive_power_plus,10.0,22.0,,,,,,,0.003994042757668099
reactive_power_plus,10.0,23.0,,,,,,,0.0
reactive_power_plus,10.0,25.0,,,,,,,0.31053832386537716
reactive_power_plus,10.0,29.0,,,,,,,0.1367857980307835
reactive_power_plus,10.0,30.0,,,,,,,0.45205897967089914
reactive_power_plus,11.0,20.0,,,,,,,0.0033456167150972263
reactive_power_plus,11.0,22.0,,,,,,,0.003980887562848738
reactive_power_plus,11.0,23.0,,,,,,,0.0
reactive_power_plus,11.0,25.0,,,,,,,0.30892121671762496
reactive_power_plus,11.0,29.0,,,,,,,0.13580360444476627
reactive_power_plus,11.0,30.0,,,,,,,0.4494412117110195
reactive_power_plus,12.0,20.0,,,,,,,0.002070591144003066
reactive_power_plus,12.0,22.0,,,,,,,0.00413868666978692
reactive_power_plus,12.0,23.0,,,,,,,0.0
reactive_power_plus,12.0,25.0,,,,,,,0.2876821284013138
reactive_power_plus,12.0,29.0,,,,,,,0.12693138480404137
reactive_power_plus,12.0,30.0,,,,,,,0.4194103133692173
reactive_power_plus,13.0,20.0,,,,,,,0.003294808499016449
reactive_power_plus,13.0,22.0,,,,,,,0.0043449898276241294
reactive_power_plus,13.0,23.0,,,,,,,0.0
reactive_power_plus,13.0,25.0,,,,,,,0.31177132499284693
reactive_power_plus,13.0,29.0,,,,,,,0.1370927960458642
reactive_power_plus,13.0,30.0,,,,,,,0.45395330559566793
reactive_power_plus,14.0,20.0,,,,,,,0.0035234167573902826
reactive_power_plus,14.0,22.0,,,,,,,0.003924686721929881
reactive_power_plus,14.0,23.0,,,,,,,0.0
reactive_power_plus,14.0,25.0,,,,,,,0.31048954794448774
reactive_power_plus,14.0,29.0,,,,,,,0.13642145198686592
reactive_power_plus,14.0,30.0,,,,,,,0.4515865910562007
reactive_power_plus,15.0,20.0,,,,,,,0.003556891242793543
reactive_power_plus,15.0,22.0,,,,,,,0.0041448724994117975
reactive_power_plus,15.0,23.0,,,,,,,0.0
reactive_power_plus,15.0,25.0,,,,,,,0.31543261075481993
reactive_power_plus,15.0,29.0,,,,,,,0.13860333168086078
reactive_power_plus,15.0,30.0,,,,,,,0.45894100247985303
reactive_power_plus,16.0,20.0,,,,,,,0.004676082192835663
reactive_power_plus,16.0,22.0,,,,,,,0.004335765496569412
reactive_power_plus,16.0,23.0,,,,,,,0.0
reactive_power_plus,16.0,25.0,,,,,,,0.32138053369350356
reactive_power_plus,16.0,29.0,,,,,,,0.14074925528475848
reactive_power_plus,16.0,30.0,,,,,,,0.4672369662351158
reactive_power_plus,17.0,20.0,,,,,,,0.0027233115046564975
reactive_power_plus,17.0,22.0,,,,,,,0.003458815786943873
reactive_power_plus,17.0,23.0,,,,,,,0.0
reactive_power_plus,17.0,25.0,,,,,,,0.24703994569946994
reactive_power_plus,17.0,29.0,,,,,,,0.1085809666042725
reactive_power_plus,17.0,30.0,,,,,,,0.35948692112984926
reactive_power_plus,18.0,20.0,,,,,,,0.0005959924906198725
reactive_power_plus,18.0,22.0,,,,,,,0.0024566415853772196
reactive_power_plus,18.0,23.0,,,,,,,0.0
reactive_power_plus,18.0,25.0,,,,,,,0.22153099611239133
reactive_power_plus,18.0,29.0,,,,,,,0.09819051229701359
reactive_power_plus,18.0,30.0,,,,,,,0.32249729703930524
reactive_power_plus,19.0,20.0,,,,,,,9.572421708565796e-05
reactive_power_plus,19.0,22.0,,,,,,,0.0012667151295350358
reactive_power_plus,19.0,23.0,,,,,,,0.0
reactive_power_plus,19.0,25.0,,,,,,,0.26039483967369065
reactive_power_plus,19.0,29.0,,,,,,,0.11568561657210286
reactive_power_plus,19.0,30.0,,,,,,,0.37768897814736446
reactive_power_plus,20.0,20.0,,,,,,,0.0
reactive_power_plus,20.0,22.0,,,,,,,0.00040983712415635807
reactive_power_plus,20.0,23.0,,,,,,,0.0
reactive_power_plus,20.0,25.0,,,,,,,0.25982638236579697
reactive_power_plus,20.0,29.0,,,,,,,0.11552876413656046
reactive_power_plus,20.0,30.0,,,,,,,0.3760819926692709
reactive_power_plus,21.0,20.0,,,,,,,1.1282621438515027e-09
reactive_power_plus,21.0,22.0,,,,,,,0.0
reactive_power_plus,21.0,23.0,,,,,,,0.0
reactive_power_plus,21.0,25.0,,,,,,,0.28336072155979775
reactive_power_plus,21.0,29.0,,,,,,,0.1259352386739635
reactive_power_plus,21.0,30.0,,,,,,,0.4094858537663756
reactive_power_plus,22.0,20.0,,,,,,,0.0
reactive_power_plus,22.0,22.0,,,,,,,0.0
reactive_power_plus,22.0,23.0,,,,,,,0.0
reactive_power_plus,22.0,25.0,,,,,,,0.2791194458601807
reactive_power_plus,22.0,29.0,,,,,,,0.12410348155744261
reactive_power_plus,22.0,30.0,,,,,,,0.40308770503528335
reactive_power_plus,23.0,20.0,,,,,,,0.0
reactive_power_plus,23.0,22.0,,,,,,,0.0
reactive_power_plus,23.0,23.0,,,,,,,0.0
reactive_power_plus,23.0,25.0,,,,,,,0.27966895384411294
reactive_power_plus,23.0,29.0,,,,,,,0.1243348924527379
reactive_power_plus,23.0,30.0,,,,,,,0.4039516708776667
reactive_power_plus,24.0,20.0,,,,,,,0.0
reactive_power_plus,24.0,22.0,,,,,,,0.0
reactive_power_plus,24.0,23.0,,,,,,,0.0
reactive_power_plus,24.0,25.0,,,,,,,0.2558471609575055
reactive_power_plus,24.0,29.0,,,,,,,0.11375764734829652
reactive_power_plus,24.0,30.0,,,,,,,0.36963498314809085
active_power_minus,1.0,20.0,,,,,,,0.0
active_power_minus,1.0,22.0,,,,,,,0.0
active_power_minus,1.0,23.0,,,,,,,0.3937828753914985
active_power_minus,1.0,25.0,,,,,,,0.0
active_power_minus,1.0,29.0,,,,,,,0.0
active_power_minus,1.0,30.0,,,,,,,0.0
active_power_minus,2.0,20.0,,,,,,,0.0
active_power_minus,2.0,22.0,,,,,,,0.0
active_power_minus,2.0,23.0,,,,,,,0.3937828753914985
active_power_minus,2.0,25.0,,,,,,,0.0
active_power_minus,2.0,29.0,,,,,,,0.0
active_power_minus,2.0,30.0,,,,,,,0.0
active_power_minus,3.0,20.0,,,,,,,0.0
active_power_minus,3.0,22.0,,,,,,,0.0
active_power_minus,3.0,23.0,,,,,,,0.3936835433443942
active_power_minus,3.0,25.0,,,,,,,0.0
active_power_minus,3.0,29.0,,,,,,,0.0
active_power_minus,3.0,30.0,,,,,,,0.0
active_power_minus,4.0,20.0,,,,,,,0.0
active_power_minus,4.0,22.0,,,,,,,0.0
active_power_minus,4.0,23.0,,,,,,,0.3936835433443942
active_power_minus,4.0,25.0,,,,,,,0.0
active_power_minus,4.0,29.0,,,,,,,0.0
active_power_minus,4.0,30.0,,,,,,,0.0
active_power_minus,5.0,20.0,,,,,,,0.0
active_power_minus,5.0,22.0,,,,,,,0.0
active_power_minus,5.0,23.0,,,,,,,0.3960145837337883
active_power_minus,5.0,25.0,,,,,,,0.0
active_power_minus,5.0,29.0,,,,,,,0.0
active_power_minus,5.0,30.0,,,,,,,0.0
active_power_minus,6.0,20.0,,,,,,,0.0
active_power_minus,6.0,22.0,,,,,,,0.0
active_power_minus,6.0,23.0,,,,,,,0.4340569031260591
active_power_minus,6.0,25.0,,,,,,,0.0
active_power_minus,6.0,29.0,,,,,,,0.0
active_power_minus,6.0,30.0,,,,,,,0.0
active_power_minus,7.0,20.0,,,,,,,0.0
active_power_minus,7.0,22.0,,,,,,,0.0
active_power_minus,7.0,23.0,,,,,,,0.4778382788810881
active_power_minus,7.0,25.0,,,,,,,0.0
active_power_minus,7.0,29.0,,,,,,,0.0
active_power_minus,7.0,30.0,,,,,,,0.0
active_power_minus,8.0,20.0,,,,,,,0.0
active_power_minus,8.0,22.0,,,,,,,0.0
active_power_minus,8.0,23.0,,,,,,,0.7539292288755582
active_power_minus,8.0,25.0,,,,,,,0.0
active_power_minus,8.0,29.0,,,,,,,0.0
active_power_minus,8.0,30.0,,,,,,,0.0
active_power_minus,9.0,20.0,,,,,,,0.0
active_power_minus,9.0,22.0,,,,,,,0.0
active_power_minus,9.0,23.0,,,,,,,0.7484950502561151
active_power_minus,9.0,25.0,,,,,,,0.0
active_power_minus,9.0,29.0,,,,,,,0.0
active_power_minus,9.0,30.0,,,,,,,0.0
active_power_minus,10.0,20.0,,,,,,,0.0
active_power_minus,10.0,22.0,,,,,,,0.0
active_power_minus,10.0,23.0,,,,,,,0.7446881369593391
active_power_minus,10.0,25.0,,,,,,,0.0
active_power_minus,10.0,29.0,,,,,,,0.0
active_power_minus,10.0,30.0,,,,,,,0.0
active_power_minus,11.0,20.0,,,,,,,0.0
active_power_minus,11.0,22.0,,,,,,,0.0
active_power_minus,11.0,23.0,,,,,,,0.7422935060837815
active_power_minus,11.0,25.0,,,,,,,0.0
active_power_minus,11.0,29.0,,,,,,,0.0
active_power_minus,11.0,30.0,,,,,,,0.0
active_power_minus,12.0,20.0,,,,,,,0.0
active_power_minus,12.0,22.0,,,,,,,0.0
active_power_minus,12.0,23.0,,,,,,,0.7046759490935347
active_power_minus,12.0,25.0,,,,,,,0.0
active_power_minus,12.0,29.0,,,,,,,0.0
active_power_minus,12.0,30.0,,,,,,,0.0
active_power_minus,13.0,20.0,,,,,,,0.0
active_power_minus,13.0,22.0,,,,,,,0.0
active_power_minus,13.0,23.0,,,,,,,0.7460573948554464
active_power_minus,13.0,25.0,,,,,,,0.0
active_power_minus,13.0,29.0,,,,,,,0.0
active_power_minus,13.0,30.0,,,,,,,0.0
active_power_minus,14.0,20.0,,,,,,,0.0
active_power_minus,14.0,22.0,,,,,,,0.0
active_power_minus,14.0,23.0,,,,,,,0.7503079292621829
active_power_minus,14.0,25.0,,,,,,,0.0
active_power_minus,14.0,29.0,,,,,,,0.0
active_power_minus,14.0,30.0,,,,,,,0.0
active_power_minus,15.0,20.0,,,,,,,0.0
active_power_minus,15.0,22.0,,,,,,,0.0
active_power_minus,15.0,23.0,,,,,,,0.7539571671682651
active_power_minus,15.0,25.0,,,,,,,0.0
active_power_minus,15.0,29.0,,,,,,,0.0
active_power_minus,15.0,30.0,,,,,,,0.0
active_power_minus,16.0,20.0,,,,,,,0.0
active_power_minus,16.0,22.0,,,,,,,0.0
active_power_minus,16.0,23.0,,,,,,,0.758486620090071
active_power_minus,16.0,25.0,,,,,,,0.0
active_power_minus,16.0,29.0,,,,,,,0.0
active_power_minus,16.0,30.0,,,,,,,0.0
active_power_minus,17.0,20.0,,,,,,,0.0
active_power_minus,17.0,22.0,,,,,,,0.0
active_power_minus,17.0,23.0,,,,,,,0.5491846711005737
active_power_minus,17.0,25.0,,,,,,,0.0
active_power_minus,17.0,29.0,,,,,,,0.0
active_power_minus,17.0,30.0,,,,,,,0.0
active_power_minus,18.0,20.0,,,,,,,0.0
active_power_minus,18.0,22.0,,,,,,,0.0
active_power_minus,18.0,23.0,,,,,,,0.4758130720146611
active_power_minus,18.0,25.0,,,,,,,0.0
active_power_minus,18.0,29.0,,,,,,,0.0
active_power_minus,18.0,30.0,,,,,,,0.0
active_power_minus,19.0,20.0,,,,,,,0.0
active_power_minus,19.0,22.0,,,,,,,0.0
active_power_minus,19.0,23.0,,,,,,,0.47656468121323564
active_power_minus,19.0,25.0,,,,,,,0.0
active_power_minus,19.0,29.0,,,,,,,0.0
active_power_minus,19.0,30.0,,,,,,,0.0
active_power_minus,20.0,20.0,,,,,,,0.0
active_power_minus,20.0,22.0,,,,,,,0.0
active_power_minus,20.0,23.0,,,,,,,0.45610385198367914
active_power_minus,20.0,25.0,,,,,,,0.0
active_power_minus,20.0,29.0,,,,,,,0.0
active_power_minus,20.0,30.0,,,,,,,0.0
active_power_minus,21.0,20.0,,,,,,,0.0
active_power_minus,21.0,22.0,,,,,,,0.0
active_power_minus,21.0,23.0,,,,,,,0.4560045197557016
active_power_minus,21.0,25.0,,,,,,,0.0
active_power_minus,21.0,29.0,,,,,,,0.0
active_power_minus,21.0,30.0,,,,,,,0.0
active_power_minus,22.0,20.0,,,,,,,0.0
active_power_minus,22.0,22.0,,,,,,,0.0
active_power_minus,22.0,23.0,,,,,,,0.435585343838269
active_power_minus,22.0,25.0,,,,,,,0.0
active_power_minus,22.0,29.0,,,,,,,0.0
active_power_minus,22.0,30.0,,,,,,,0.0
active_power_minus,23.0,20.0,,,,,,,0.0
active_power_minus,23.0,22.0,,,,,,,0.0
active_power_minus,23.0,23.0,,,,,,,0.4252267790437117
active_power_minus,23.0,25.0,,,,,,,0.0
active_power_minus,23.0,29.0,,,,,,,0.0
active_power_minus,23.0,30.0,,,,,,,0.0
active_power_minus,24.0,20.0,,,,,,,0.0
active_power_minus,24.0,22.0,,,,,,,0.0
active_power_minus,24.0,23.0,,,,,,,0.3936835433443942
active_power_minus,24.0,25.0,,,,,,,0.0
active_power_minus,24.0,29.0,,,,,,,0.0
active_power_minus,24.0,30.0,,,,,,,0.0
reactive_power_minus,1.0,20.0,,,,,,,0.00011967584407656032
reactive_power_minus,1.0,22.0,,,,,,,0.00024439136841893083
reactive_power_minus,1.0,23.0,,,,,,,0.27456091438914193
reactive_power_minus,1.0,25.0,,,,,,,0.0
reactive_power_minus,1.0,29.0,,,,,,,0.0
reactive_power_minus,1.0,30.0,,,,,,,0.0
reactive_power_minus,2.0,20.0,,,,,,,0.00011967584407656032
reactive_power_minus,2.0,22.0,,,,,,,7.64762105269906e-05
reactive_power_minus,2.0,23.0,,,,,,,0.27641574668757735
reactive_power_minus,2.0,25.0,,,,,,,0.0
reactive_power_minus,2.0,29.0,,,,,,,0.0
reactive_power_minus,2.0,30.0,,,,,,,0.0
reactive_power_minus,3.0,20.0,,,,,,,0.00011346773282363454
reactive_power_minus,3.0,22.0,,,,,,,9.143894738286584e-06
reactive_power_minus,3.0,23.0,,,,,,,0.2749841537607271
reactive_power_minus,3.0,25.0,,,,,,,0.0
reactive_power_minus,3.0,29.0,,,,,,,0.0
reactive_power_minus,3.0,30.0,,,,,,,0.0
reactive_power_minus,4.0,20.0,,,,,,,0.00011346773282363454
reactive_power_minus,4.0,22.0,,,,,,,1.8991165993145764e-05
reactive_power_minus,4.0,23.0,,,,,,,0.2725603472435577
reactive_power_minus,4.0,25.0,,,,,,,0.0
reactive_power_minus,4.0,29.0,,,,,,,0.0
reactive_power_minus,4.0,30.0,,,,,,,0.0
reactive_power_minus,5.0,20.0,,,,,,,8.580727064428823e-05
reactive_power_minus,5.0,22.0,,,,,,,9.143894738286584e-06
reactive_power_minus,5.0,23.0,,,,,,,0.2787394832633549
reactive_power_minus,5.0,25.0,,,,,,,0.0
reactive_power_minus,5.0,29.0,,,,,,,0.0
reactive_power_minus,5.0,30.0,,,,,,,0.0
reactive_power_minus,6.0,20.0,,,,,,,-1.2131920276408329e-09
reactive_power_minus,6.0,22.0,,,,,,,0.0001745652631566369
reactive_power_minus,6.0,23.0,,,,,,,0.3024618833760689
reactive_power_minus,6.0,25.0,,,,,,,0.0
reactive_power_minus,6.0,29.0,,,,,,,0.0
reactive_power_minus,6.0,30.0,,,,,,,0.0
reactive_power_minus,7.0,20.0,,,,,,,0.00022182128907805262
reactive_power_minus,7.0,22.0,,,,,,,0.0001867997516851322
reactive_power_minus,7.0,23.0,,,,,,,0.305447906197528
reactive_power_minus,7.0,25.0,,,,,,,0.0
reactive_power_minus,7.0,29.0,,,,,,,0.0
reactive_power_minus,7.0,30.0,,,,,,,0.0
reactive_power_minus,8.0,20.0,,,,,,,0.00040459303191797013
reactive_power_minus,8.0,22.0,,,,,,,0.0002646421048044939
reactive_power_minus,8.0,23.0,,,,,,,0.4475161502655132
reactive_power_minus,8.0,25.0,,,,,,,0.0
reactive_power_minus,8.0,29.0,,,,,,,0.0
reactive_power_minus,8.0,30.0,,,,,,,0.0
reactive_power_minus,9.0,20.0,,,,,,,0.0
reactive_power_minus,9.0,22.0,,,,,,,0.0
reactive_power_minus,9.0,23.0,,,,,,,0.39477233976740145
reactive_power_minus,9.0,25.0,,,,,,,0.0
reactive_power_minus,9.0,29.0,,,,,,,0.0
reactive_power_minus,9.0,30.0,,,,,,,0.0
reactive_power_minus,10.0,20.0,,,,,,,0.0
reactive_power_minus,10.0,22.0,,,,,,,0.0
reactive_power_minus,10.0,23.0,,,,,,,0.3104755496920959
reactive_power_minus,10.0,25.0,,,,,,,0.0
reactive_power_minus,10.0,29.0,,,,,,,0.0
reactive_power_minus,10.0,30.0,,,,,,,0.0
reactive_power_minus,11.0,20.0,,,,,,,0.0
reactive_power_minus,11.0,22.0,,,,,,,0.0
reactive_power_minus,11.0,23.0,,,,,,,0.30885886457258416
reactive_power_minus,11.0,25.0,,,,,,,0.0
reactive_power_minus,11.0,29.0,,,,,,,0.0
reactive_power_minus,11.0,30.0,,,,,,,0.0
reactive_power_minus,12.0,20.0,,,,,,,0.0
reactive_power_minus,12.0,22.0,,,,,,,0.0
reactive_power_minus,12.0,23.0,,,,,,,0.2876261066656298
reactive_power_minus,12.0,25.0,,,,,,,0.0
reactive_power_minus,12.0,29.0,,,,,,,0.0
reactive_power_minus,12.0,30.0,,,,,,,0.0
reactive_power_minus,13.0,20.0,,,,,,,0.0
reactive_power_minus,13.0,22.0,,,,,,,0.0
reactive_power_minus,13.0,23.0,,,,,,,0.31170828734241857
reactive_power_minus,13.0,25.0,,,,,,,0.0
reactive_power_minus,13.0,29.0,,,,,,,0.0
reactive_power_minus,13.0,30.0,,,,,,,0.0
reactive_power_minus,14.0,20.0,,,,,,,0.0
reactive_power_minus,14.0,22.0,,,,,,,0.0
reactive_power_minus,14.0,23.0,,,,,,,0.3104260596006805
reactive_power_minus,14.0,25.0,,,,,,,0.0
reactive_power_minus,14.0,29.0,,,,,,,0.0
reactive_power_minus,14.0,30.0,,,,,,,0.0
reactive_power_minus,15.0,20.0,,,,,,,0.0
reactive_power_minus,15.0,22.0,,,,,,,0.0
reactive_power_minus,15.0,23.0,,,,,,,0.3153683011262113
reactive_power_minus,15.0,25.0,,,,,,,0.0
reactive_power_minus,15.0,29.0,,,,,,,0.0
reactive_power_minus,15.0,30.0,,,,,,,0.0
reactive_power_minus,16.0,20.0,,,,,,,0.0
reactive_power_minus,16.0,22.0,,,,,,,0.0
reactive_power_minus,16.0,23.0,,,,,,,0.32131521815273234
reactive_power_minus,16.0,25.0,,,,,,,0.0
reactive_power_minus,16.0,29.0,,,,,,,0.0
reactive_power_minus,16.0,30.0,,,,,,,0.0
reactive_power_minus,17.0,20.0,,,,,,,0.0
reactive_power_minus,17.0,22.0,,,,,,,0.0
reactive_power_minus,17.0,23.0,,,,,,,0.24700549634425525
reactive_power_minus,17.0,25.0,,,,,,,0.0
reactive_power_minus,17.0,29.0,,,,,,,0.0
reactive_power_minus,17.0,30.0,,,,,,,0.0
reactive_power_minus,18.0,20.0,,,,,,,0.0
reactive_power_minus,18.0,22.0,,,,,,,0.0
reactive_power_minus,18.0,23.0,,,,,,,0.22150511461240033
reactive_power_minus,18.0,25.0,,,,,,,0.0
reactive_power_minus,18.0,29.0,,,,,,,0.0
reactive_power_minus,18.0,30.0,,,,,,,0.0
reactive_power_minus,19.0,20.0,,,,,,,0.0
reactive_power_minus,19.0,22.0,,,,,,,0.0
reactive_power_minus,19.0,23.0,,,,,,,0.26036734552711255
reactive_power_minus,19.0,25.0,,,,,,,0.0
reactive_power_minus,19.0,29.0,,,,,,,0.0
reactive_power_minus,19.0,30.0,,,,,,,0.0
reactive_power_minus,20.0,20.0,,,,,,,0.00011967584407656032
reactive_power_minus,20.0,22.0,,,,,,,0.0
reactive_power_minus,20.0,23.0,,,,,,,0.25980038150629203
reactive_power_minus,20.0,25.0,,,,,,,0.0
reactive_power_minus,20.0,29.0,,,,,,,0.0
reactive_power_minus,20.0,30.0,,,,,,,0.0
reactive_power_minus,21.0,20.0,,,,,,,-1.1282621438515027e-09
reactive_power_minus,21.0,22.0,,,,,,,0.00013658568923837072
reactive_power_minus,21.0,23.0,,,,,,,0.2833337839974373
reactive_power_minus,21.0,25.0,,,,,,,0.0
reactive_power_minus,21.0,29.0,,,,,,,0.0
reactive_power_minus,21.0,30.0,,,,,,,0.0
reactive_power_minus,22.0,20.0,,,,,,,0.00011967584407656024
reactive_power_minus,22.0,22.0,,,,,,,0.00043842206512279203
reactive_power_minus,22.0,23.0,,,,,,,0.2790941458892519
reactive_power_minus,22.0,25.0,,,,,,,0.0
reactive_power_minus,22.0,29.0,,,,,,,0.0
reactive_power_minus,22.0,30.0,,,,,,,0.0
reactive_power_minus,23.0,20.0,,,,,,,9.077373495461105e-05
reactive_power_minus,23.0,22.0,,,,,,,0.0003438313710864058
reactive_power_minus,23.0,23.0,,,,,,,0.27964437628977923
reactive_power_minus,23.0,25.0,,,,,,,0.0
reactive_power_minus,23.0,29.0,,,,,,,0.0
reactive_power_minus,23.0,30.0,,,,,,,0.0
reactive_power_minus,24.0,20.0,,,,,,,0.00011346773282363454
reactive_power_minus,24.0,22.0,,,,,,,0.00021442821483043384
reactive_power_minus,24.0,23.0,,,,,,,0.2558258057383058
reactive_power_minus,24.0,25.0,,,,,,,0.0
reactive_power_minus,24.0,29.0,,,,,,,0.0
reactive_power_minus,24.0,30.0,,,,,,,0.0
active_power_discr,1.0,20.0,,,,,,1.0,0.001914857208052667
active_power_discr,1.0,20.0,,,,,,2.0,0.0
active_power_discr,1.0,20.0,,,,,,3.0,0.0
active_power_discr,1.0,20.0,,,,,,4.0,0.0
active_power_discr,1.0,20.0,,,,,,5.0,0.0
active_power_discr,1.0,20.0,,,,,,6.0,0.0
active_power_discr,1.0,20.0,,,,,,7.0,0.0
active_power_discr,1.0,20.0,,,,,,8.0,0.0
active_power_discr,1.0,20.0,,,,,,9.0,0.0
active_power_discr,1.0,20.0,,,,,,10.0,0.0
active_power_discr,1.0,20.0,,,,,,11.0,0.0
active_power_discr,1.0,20.0,,,,,,12.0,0.0
active_power_discr,1.0,20.0,,,,,,13.0,0.0
active_power_discr,1.0,20.0,,,,,,14.0,0.0
active_power_discr,1.0,20.0,,,,,,15.0,0.0
active_power_discr,1.0,22.0,,,,,,1.0,0.0005120581052535517
active_power_discr,1.0,22.0,,,,,,2.0,0.0
active_power_discr,1.0,22.0,,,,,,3.0,0.0
active_power_discr,1.0,22.0,,,,,,4.0,0.0
active_power_discr,1.0,22.0,,,,,,5.0,0.0
active_power_discr,1.0,22.0,,,,,,6.0,0.0
active_power_discr,1.0,22.0,,,,,,7.0,0.0
active_power_discr,1.0,22.0,,,,,,8.0,0.0
active_power_discr,1.0,22.0,,,,,,9.0,0.0
active_power_discr,1.0,22.0,,,,,,10.0,0.0
active_power_discr,1.0,22.0,,,,,,11.0,0.0
active_power_discr,1.0,22.0,,,,,,12.0,0.0
active_power_discr,1.0,22.0,,,,,,13.0,0.0
active_power_discr,1.0,22.0,,,,,,14.0,0.0
active_power_discr,1.0,22.0,,,,,,15.0,0.0
active_power_discr,1.0,23.0,,,,,,1.0,0.0075778699824844125
active_power_discr,1.0,23.0,,,,,,2.0,0.013320281329628255
active_power_discr,1.0,23.0,,,,,,3.0,0.023414217334232015
active_power_discr,1.0,23.0,,,,,,4.0,0.041157206804276286
active_power_discr,1.0,23.0,,,,,,5.0,0.07234560300477912
active_power_discr,1.0,23.0,,,,,,6.0,0.12716816034224418
active_power_discr,1.0,23.0,,,,,,7.0,0.10879953659385429
active_power_discr,1.0,23.0,,,,,,8.0,0.0
active_power_discr,1.0,23.0,,,,,,9.0,0.0
active_power_discr,1.0,23.0,,,,,,10.0,0.0
active_power_discr,1.0,23.0,,,,,,11.0,0.0
active_power_discr,1.0,23.0,,,,,,12.0,0.0
active_power_discr,1.0,23.0,,,,,,13.0,0.0
active_power_discr,1.0,23.0,,,,,,14.0,0.0
active_power_discr,1.0,23.0,,,,,,15.0,0.0
active_power_discr,1.0,25.0,,,,,,1.0,0.0075778699824844125
active_power_discr,1.0,25.0,,,,,,2.0,0.013320281329628255
active_power_discr,1.0,25.0,,,,,,3.0,0.023414217334232015
active_power_discr,1.0,25.0,,,,,,4.0,0.041157206804276286
active_power_discr,1.0,25.0,,,,,,5.0,0.07234560300477912
active_power_discr,1.0,25.0,,,,,,6.0,0.12716816034224418
active_power_discr,1.0,25.0,,,,,,7.0,0.10881898593729927
active_power_discr,1.0,25.0,,,,,,8.0,0.0
active_power_discr,1.0,25.0,,,,,,9.0,0.0
active_power_discr,1.0,25.0,,,,,,10.0,0.0
active_power_discr,1.0,25.0,,,,,,11.0,0.0
active_power_discr,1.0,25.0,,,,,,12.0,0.0
active_power_discr,1.0,25.0,,,,,,13.0,0.0
active_power_discr,1.0,25.0,,,,,,14.0,0.0
active_power_discr,1.0,25.0,,,,,,15.0,0.0
active_power_discr,1.0,29.0,,,,,,1.0,0.0075778699824844125
active_power_discr,1.0,29.0,,,,,,2.0,0.013320281329628255
active_power_discr,1.0,29.0,,,,,,3.0,0.023414217334232015
active_power_discr,1.0,29.0,,,,,,4.0,0.041157206804276286
active_power_discr,1.0,29.0,,,,,,5.0,0.07234560300477912
active_power_discr,1.0,29.0,,,,,,6.0,0.01635756691800791
active_power_discr,1.0,29.0,,,,,,7.0,0.0
active_power_discr,1.0,29.0,,,,,,8.0,0.0
active_power_discr,1.0,29.0,,,,,,9.0,0.0
active_power_discr,1.0,29.0,,,,,,10.0,0.0
active_power_discr,1.0,29.0,,,,,,11.0,0.0
active_power_discr,1.0,29.0,,,,,,12.0,0.0
active_power_discr,1.0,29.0,,,,,,13.0,0.0
active_power_discr,1.0,29.0,,,,,,14.0,0.0
active_power_discr,1.0,29.0,,,,,,15.0,0.0
active_power_discr,1.0,30.0,,,,,,1.0,0.0075778699824844125
active_power_discr,1.0,30.0,,,,,,2.0,0.013320281329628255
active_power_discr,1.0,30.0,,,,,,3.0,0.023414217334232015
active_power_discr,1.0,30.0,,,,,,4.0,0.041157206804276286
active_power_discr,1.0,30.0,,,,,,5.0,0.07234560300477912
active_power_discr,1.0,30.0,,,,,,6.0,0.12716816034224418
active_power_discr,1.0,30.0,,,,,,7.0,0.2235345388407699
active_power_discr,1.0,30.0,,,,,,8.0,0.06011053230922847
active_power_discr,1.0,30.0,,,,,,9.0,0.0
active_power_discr,1.0,30.0,,,,,,10.0,0.0
active_power_discr,1.0,30.0,,,,,,11.0,0.0
active_power_discr,1.0,30.0,,,,,,12.0,0.0
active_power_discr,1.0,30.0,,,,,,13.0,0.0
active_power_discr,1.0,30.0,,,,,,14.0,0.0
active_power_discr,1.0,30.0,,,,,,15.0,0.0
active_power_discr,2.0,20.0,,,,,,1.0,0.001914857208052667
active_power_discr,2.0,20.0,,,,,,2.0,0.0
active_power_discr,2.0,20.0,,,,,,3.0,0.0
active_power_discr,2.0,20.0,,,,,,4.0,0.0
active_power_discr,2.0,20.0,,,,,,5.0,0.0
active_power_discr,2.0,20.0,,,,,,6.0,0.0
active_power_discr,2.0,20.0,,,,,,7.0,0.0
active_power_discr,2.0,20.0,,,,,,8.0,0.0
active_power_discr,2.0,20.0,,,,,,9.0,0.0
active_power_discr,2.0,20.0,,,,,,10.0,0.0
active_power_discr,2.0,20.0,,,,,,11.0,0.0
active_power_discr,2.0,20.0,,,,,,12.0,0.0
active_power_discr,2.0,20.0,,,,,,13.0,0.0
active_power_discr,2.0,20.0,,,,,,14.0,0.0
active_power_discr,2.0,20.0,,,,,,15.0,0.0
active_power_discr,2.0,22.0,,,,,,1.0,0.0005120581052535517
active_power_discr,2.0,22.0,,,,,,2.0,0.0
active_power_discr,2.0,22.0,,,,,,3.0,0.0
active_power_discr,2.0,22.0,,,,,,4.0,0.0
active_power_discr,2.0,22.0,,,,,,5.0,0.0
active_power_discr,2.0,22.0,,,,,,6.0,0.0
active_power_discr,2.0,22.0,,,,,,7.0,0.0
active_power_discr,2.0,22.0,,,,,,8.0,0.0
active_power_discr,2.0,22.0,,,,,,9.0,0.0
active_power_discr,2.0,22.0,,,,,,10.0,0.0
active_power_discr,2.0,22.0,,,,,,11.0,0.0
active_power_discr,2.0,22.0,,,,,,12.0,0.0
active_power_discr,2.0,22.0,,,,,,13.0,0.0
active_power_discr,2.0,22.0,,,,,,14.0,0.0
active_power_discr,2.0,22.0,,,,,,15.0,0.0
active_power_discr,2.0,23.0,,,,,,1.0,0.0075778699824844125
active_power_discr,2.0,23.0,,,,,,2.0,0.013320281329628255
active_power_discr,2.0,23.0,,,,,,3.0,0.023414217334232015
active_power_discr,2.0,23.0,,,,,,4.0,0.041157206804276286
active_power_discr,2.0,23.0,,,,,,5.0,0.07234560300477912
active_power_discr,2.0,23.0,,,,,,6.0,0.12716816034224418
active_power_discr,2.0,23.0,,,,,,7.0,0.10879953659385429
active_power_discr,2.0,23.0,,,,,,8.0,0.0
active_power_discr,2.0,23.0,,,,,,9.0,0.0
active_power_discr,2.0,23.0,,,,,,10.0,0.0
active_power_discr,2.0,23.0,,,,,,11.0,0.0
active_power_discr,2.0,23.0,,,,,,12.0,0.0
active_power_discr,2.0,23.0,,,,,,13.0,0.0
active_power_discr,2.0,23.0,,,,,,14.0,0.0
active_power_discr,2.0,23.0,,,,,,15.0,0.0
active_power_discr,2.0,25.0,,,,,,1.0,0.0075778699824844125
active_power_discr,2.0,25.0,,,,,,2.0,0.013320281329628255
active_power_discr,2.0,25.0,,,,,,3.0,0.023414217334232015
active_power_discr,2.0,25.0,,,,,,4.0,0.041157206804276286
active_power_discr,2.0,25.0,,,,,,5.0,0.07234560300477912
active_power_discr,2.0,25.0,,,,,,6.0,0.12716816034224418
active_power_discr,2.0,25.0,,,,,,7.0,0.10881905136499515
active_power_discr,2.0,25.0,,,,,,8.0,0.0
active_power_discr,2.0,25.0,,,,,,9.0,0.0
active_power_discr,2.0,25.0,,,,,,10.0,0.0
active_power_discr,2.0,25.0,,,,,,11.0,0.0
active_power_discr,2.0,25.0,,,,,,12.0,0.0
active_power_discr,2.0,25.0,,,,,,13.0,0.0
active_power_discr,2.0,25.0,,,,,,14.0,0.0
active_power_discr,2.0,25.0,,,,,,15.0,0.0
active_power_discr,2.0,29.0,,,,,,1.0,0.0075778699824844125
active_power_discr,2.0,29.0,,,,,,2.0,0.013320281329628255
active_power_discr,2.0,29.0,,,,,,3.0,0.023414217334232015
active_power_discr,2.0,29.0,,,,,,4.0,0.041157206804276286
active_power_discr,2.0,29.0,,,,,,5.0,0.07234560300477912
active_power_discr,2.0,29.0,,,,,,6.0,0.016357604998855746
active_power_discr,2.0,29.0,,,,,,7.0,0.0
active_power_discr,2.0,29.0,,,,,,8.0,0.0
active_power_discr,2.0,29.0,,,,,,9.0,0.0
active_power_discr,2.0,29.0,,,,,,10.0,0.0
active_power_discr,2.0,29.0,,,,,,11.0,0.0
active_power_discr,2.0,29.0,,,,,,12.0,0.0
active_power_discr,2.0,29.0,,,,,,13.0,0.0
active_power_discr,2.0,29.0,,,,,,14.0,0.0
active_power_discr,2.0,29.0,,,,,,15.0,0.0
active_power_discr,2.0,30.0,,,,,,1.0,0.0075778699824844125
active_power_discr,2.0,30.0,,,,,,2.0,0.013320281329628255
active_power_discr,2.0,30.0,,,,,,3.0,0.023414217334232015
active_power_discr,2.0,30.0,,,,,,4.0,0.041157206804276286
active_power_discr,2.0,30.0,,,,,,5.0,0.07234560300477912
active_power_discr,2.0,30.0,,,,,,6.0,0.12716816034224418
active_power_discr,2.0,30.0,,,,,,7.0,0.2235345388407699
active_power_discr,2.0,30.0,,,,,,8.0,0.060111258323247825
active_power_discr,2.0,30.0,,,,,,9.0,0.0
active_power_discr,2.0,30.0,,,,,,10.0,0.0
active_power_discr,2.0,30.0,,,,,,11.0,0.0
active_power_discr,2.0,30.0,,,,,,12.0,0.0
active_power_discr,2.0,30.0,,,,,,13.0,0.0
active_power_discr,2.0,30.0,,,,,,14.0,0.0
active_power_discr,2.0,30.0,,,,,,15.0,0.0
active_power_discr,3.0,20.0,,,,,,1.0,0.0018155251609483824
active_power_discr,3.0,20.0,,,,,,2.0,0.0
active_power_discr,3.0,20.0,,,,,,3.0,0.0
active_power_discr,3.0,20.0,,,,,,4.0,0.0
active_power_discr,3.0,20.0,,,,,,5.0,0.0
active_power_discr,3.0,20.0,,,,,,6.0,0.0
active_power_discr,3.0,20.0,,,,,,7.0,0.0
active_power_discr,3.0,20.0,,,,,,8.0,0.0
active_power_discr,3.0,20.0,,,,,,9.0,0.0
active_power_discr,3.0,20.0,,,,,,10.0,0.0
active_power_discr,3.0,20.0,,,,,,11.0,0.0
active_power_discr,3.0,20.0,,,,,,12.0,0.0
active_power_discr,3.0,20.0,,,,,,13.0,0.0
active_power_discr,3.0,20.0,,,,,,14.0,0.0
active_power_discr,3.0,20.0,,,,,,15.0,0.0
active_power_discr,3.0,22.0,,,,,,1.0,0.0005120581052535517
active_power_discr,3.0,22.0,,,,,,2.0,0.0
active_power_discr,3.0,22.0,,,,,,3.0,0.0
active_power_discr,3.0,22.0,,,,,,4.0,0.0
active_power_discr,3.0,22.0,,,,,,5.0,0.0
active_power_discr,3.0,22.0,,,,,,6.0,0.0
active_power_discr,3.0,22.0,,,,,,7.0,0.0
active_power_discr,3.0,22.0,,,,,,8.0,0.0
active_power_discr,3.0,22.0,,,,,,9.0,0.0
active_power_discr,3.0,22.0,,,,,,10.0,0.0
active_power_discr,3.0,22.0,,,,,,11.0,0.0
active_power_discr,3.0,22.0,,,,,,12.0,0.0
active_power_discr,3.0,22.0,,,,,,13.0,0.0
active_power_discr,3.0,22.0,,,,,,14.0,0.0
active_power_discr,3.0,22.0,,,,,,15.0,0.0
active_power_discr,3.0,23.0,,,,,,1.0,0.0075778699824844125
active_power_discr,3.0,23.0,,,,,,2.0,0.013320281329628255
active_power_discr,3.0,23.0,,,,,,3.0,0.023414217334232015
active_power_discr,3.0,23.0,,,,,,4.0,0.041157206804276286
active_power_discr,3.0,23.0,,,,,,5.0,0.07234560300477912
active_power_discr,3.0,23.0,,,,,,6.0,0.12716816034224418
active_power_discr,3.0,23.0,,,,,,7.0,0.10870020454675
active_power_discr,3.0,23.0,,,,,,8.0,0.0
active_power_discr,3.0,23.0,,,,,,9.0,0.0
active_power_discr,3.0,23.0,,,,,,10.0,0.0
active_power_discr,3.0,23.0,,,,,,11.0,0.0
active_power_discr,3.0,23.0,,,,,,12.0,0.0
active_power_discr,3.0,23.0,,,,,,13.0,0.0
active_power_discr,3.0,23.0,,,,,,14.0,0.0
active_power_discr,3.0,23.0,,,,,,15.0,0.0
active_power_discr,3.0,25.0,,,,,,1.0,0.0075778699824844125
active_power_discr,3.0,25.0,,,,,,2.0,0.013320281329628255
active_power_discr,3.0,25.0,,,,,,3.0,0.023414217334232015
active_power_discr,3.0,25.0,,,,,,4.0,0.041157206804276286
active_power_discr,3.0,25.0,,,,,,5.0,0.07234560300477912
active_power_discr,3.0,25.0,,,,,,6.0,0.12716816034224418
active_power_discr,3.0,25.0,,,,,,7.0,0.10871966254065735
active_power_discr,3.0,25.0,,,,,,8.0,0.0
active_power_discr,3.0,25.0,,,,,,9.0,0.0
active_power_discr,3.0,25.0,,,,,,10.0,0.0
active_power_discr,3.0,25.0,,,,,,11.0,0.0
active_power_discr,3.0,25.0,,,,,,12.0,0.0
active_power_discr,3.0,25.0,,,,,,13.0,0.0
active_power_discr,3.0,25.0,,,,,,14.0,0.0
active_power_discr,3.0,25.0,,,,,,15.0,0.0
active_power_discr,3.0,29.0,,,,,,1.0,0.0075778699824844125
active_power_discr,3.0,29.0,,,,,,2.0,0.013320281329628255
active_power_discr,3.0,29.0,,,,,,3.0,0.023414217334232015
active_power_discr,3.0,29.0,,,,,,4.0,0.041157206804276286
active_power_discr,3.0,29.0,,,,,,5.0,0.07234560300477912
active_power_discr,3.0,29.0,,,,,,6.0,0.016357575479916175
active_power_discr,3.0,29.0,,,,,,7.0,0.0
active_power_discr,3.0,29.0,,,,,,8.0,0.0
active_power_discr,3.0,29.0,,,,,,9.0,0.0
active_power_discr,3.0,29.0,,,,,,10.0,0.0
active_power_discr,3.0,29.0,,,,,,11.0,0.0
active_power_discr,3.0,29.0,,,,,,12.0,0.0
active_power_discr,3.0,29.0,,,,,,13.0,0.0
active_power_discr,3.0,29.0,,,,,,14.0,0.0
active_power_discr,3.0,29.0,,,,,,15.0,0.0
active_power_discr,3.0,30.0,,,,,,1.0,0.0075778699824844125
active_power_discr,3.0,30.0,,,,,,2.0,0.013320281329628255
active_power_discr,3.0,30.0,,,,,,3.0,0.023414217334232015
active_power_discr,3.0,30.0,,,,,,4.0,0.041157206804276286
active_power_discr,3.0,30.0,,,,,,5.0,0.07234560300477912
active_power_discr,3.0,30.0,,,,,,6.0,0.12716816034224418
active_power_discr,3.0,30.0,,,,,,7.0,0.2235345388407699
active_power_discr,3.0,30.0,,,,,,8.0,0.06001136337830981
active_power_discr,3.0,30.0,,,,,,9.0,0.0
active_power_discr,3.0,30.0,,,,,,10.0,0.0
active_power_discr,3.0,30.0,,,,,,11.0,0.0
active_power_discr,3.0,30.0,,,,,,12.0,0.0
active_power_discr,3.0,30.0,,,,,,13.0,0.0
active_power_discr,3.0,30.0,,,,,,14.0,0.0
active_power_discr,3.0,30.0,,,,,,15.0,0.0
active_power_discr,4.0,20.0,,,,,,1.0,0.0018155251609483824
active_power_discr,4.0,20.0,,,,,,2.0,0.0
active_power_discr,4.0,20.0,,,,,,3.0,0.0
active_power_discr,4.0,20.0,,,,,,4.0,0.0
active_power_discr,4.0,20.0,,,,,,5.0,0.0
active_power_discr,4.0,20.0,,,,,,6.0,0.0
active_power_discr,4.0,20.0,,,,,,7.0,0.0
active_power_discr,4.0,20.0,,,,,,8.0,0.0
active_power_discr,4.0,20.0,,,,,,9.0,0.0
active_power_discr,4.0,20.0,,,,,,10.0,0.0
active_power_discr,4.0,20.0,,,,,,11.0,0.0
active_power_discr,4.0,20.0,,,,,,12.0,0.0
active_power_discr,4.0,20.0,,,,,,13.0,0.0
active_power_discr,4.0,20.0,,,,,,14.0,0.0
active_power_discr,4.0,20.0,,,,,,15.0,0.0
active_power_discr,4.0,22.0,,,,,,1.0,0.0005120581052535517
active_power_discr,4.0,22.0,,,,,,2.0,0.0
active_power_discr,4.0,22.0,,,,,,3.0,0.0
active_power_discr,4.0,22.0,,,,,,4.0,0.0
active_power_discr,4.0,22.0,,,,,,5.0,0.0
active_power_discr,4.0,22.0,,,,,,6.0,0.0
active_power_discr,4.0,22.0,,,,,,7.0,0.0
active_power_discr,4.0,22.0,,,,,,8.0,0.0
active_power_discr,4.0,22.0,,,,,,9.0,0.0
active_power_discr,4.0,22.0,,,,,,10.0,0.0
active_power_discr,4.0,22.0,,,,,,11.0,0.0
active_power_discr,4.0,22.0,,,,,,12.0,0.0
active_power_discr,4.0,22.0,,,,,,13.0,0.0
active_power_discr,4.0,22.0,,,,,,14.0,0.0
active_power_discr,4.0,22.0,,,,,,15.0,0.0
active_power_discr,4.0,23.0,,,,,,1.0,0.0075778699824844125
active_power_discr,4.0,23.0,,,,,,2.0,0.013320281329628255
active_power_discr,4.0,23.0,,,,,,3.0,0.023414217334232015
active_power_discr,4.0,23.0,,,,,,4.0,0.041157206804276286
active_power_discr,4.0,23.0,,,,,,5.0,0.07234560300477912
active_power_discr,4.0,23.0,,,,,,6.0,0.12716816034224418
active_power_discr,4.0,23.0,,,,,,7.0,0.10870020454675
active_power_discr,4.0,23.0,,,,,,8.0,0.0
active_power_discr,4.0,23.0,,,,,,9.0,0.0
active_power_discr,4.0,23.0,,,,,,10.0,0.0
active_power_discr,4.0,23.0,,,,,,11.0,0.0
active_power_discr,4.0,23.0,,,,,,12.0,0.0
active_power_discr,4.0,23.0,,,,,,13.0,0.0
active_power_discr,4.0,23.0,,,,,,14.0,0.0
active_power_discr,4.0,23.0,,,,,,15.0,0.0
active_power_discr,4.0,25.0,,,,,,1.0,0.0075778699824844125
active_power_discr,4.0,25.0,,,,,,2.0,0.013320281329628255
active_power_discr,4.0,25.0,,,,,,3.0,0.023414217334232015
active_power_discr,4.0,25.0,,,,,,4.0,0.041157206804276286
active_power_discr,4.0,25.0,,,,,,5.0,0.07234560300477912
active_power_discr,4.0,25.0,,,,,,6.0,0.12716816034224418
active_power_discr,4.0,25.0,,,,,,7.0,0.10871957704286017
active_power_discr,4.0,25.0,,,,,,8.0,0.0
active_power_discr,4.0,25.0,,,,,,9.0,0.0
active_power_discr,4.0,25.0,,,,,,10.0,0.0
active_power_discr,4.0,25.0,,,,,,11.0,0.0
active_power_discr,4.0,25.0,,,,,,12.0,0.0
active_power_discr,4.0,25.0,,,,,,13.0,0.0
active_power_discr,4.0,25.0,,,,,,14.0,0.0
active_power_discr,4.0,25.0,,,,,,15.0,0.0
active_power_discr,4.0,29.0,,,,,,1.0,0.0075778699824844125
active_power_discr,4.0,29.0,,,,,,2.0,0.013320281329628255
active_power_discr,4.0,29.0,,,,,,3.0,0.023414217334232015
active_power_discr,4.0,29.0,,,,,,4.0,0.041157206804276286
active_power_discr,4.0,29.0,,,,,,5.0,0.07234560300477912
active_power_discr,4.0,29.0,,,,,,6.0,0.01635752571767765
active_power_discr,4.0,29.0,,,,,,7.0,0.0
active_power_discr,4.0,29.0,,,,,,8.0,0.0
active_power_discr,4.0,29.0,,,,,,9.0,0.0
active_power_discr,4.0,29.0,,,,,,10.0,0.0
active_power_discr,4.0,29.0,,,,,,11.0,0.0
active_power_discr,4.0,29.0,,,,,,12.0,0.0
active_power_discr,4.0,29.0,,,,,,13.0,0.0
active_power_discr,4.0,29.0,,,,,,14.0,0.0
active_power_discr,4.0,29.0,,,,,,15.0,0.0
active_power_discr,4.0,30.0,,,,,,1.0,0.0075778699824844125
active_power_discr,4.0,30.0,,,,,,2.0,0.013320281329628255
active_power_discr,4.0,30.0,,,,,,3.0,0.023414217334232015
active_power_discr,4.0,30.0,,,,,,4.0,0.041157206804276286
active_power_discr,4.0,30.0,,,,,,5.0,0.07234560300477912
active_power_discr,4.0,30.0,,,,,,6.0,0.12716816034224418
active_power_discr,4.0,30.0,,,,,,7.0,0.2235345388407699
active_power_discr,4.0,30.0,,,,,,8.0,0.0600104604757461
active_power_discr,4.0,30.0,,,,,,9.0,0.0
active_power_discr,4.0,30.0,,,,,,10.0,0.0
active_power_discr,4.0,30.0,,,,,,11.0,0.0
active_power_discr,4.0,30.0,,,,,,12.0,0.0
active_power_discr,4.0,30.0,,,,,,13.0,0.0
active_power_discr,4.0,30.0,,,,,,14.0,0.0
active_power_discr,4.0,30.0,,,,,,15.0,0.0
active_power_discr,5.0,20.0,,,,,,1.0,0.0017161930796479924
active_power_discr,5.0,20.0,,,,,,2.0,0.0
active_power_discr,5.0,20.0,,,,,,3.0,0.0
active_power_discr,5.0,20.0,,,,,,4.0,0.0
active_power_discr,5.0,20.0,,,,,,5.0,0.0
active_power_discr,5.0,20.0,,,,,,6.0,0.0
active_power_discr,5.0,20.0,,,,,,7.0,0.0
active_power_discr,5.0,20.0,,,,,,8.0,0.0
active_power_discr,5.0,20.0,,,,,,9.0,0.0
active_power_discr,5.0,20.0,,,,,,10.0,0.0
active_power_discr,5.0,20.0,,,,,,11.0,0.0
active_power_discr,5.0,20.0,,,,,,12.0,0.0
active_power_discr,5.0,20.0,,,,,,13.0,0.0
active_power_discr,5.0,20.0,,,,,,14.0,0.0
active_power_discr,5.0,20.0,,,,,,15.0,0.0
active_power_discr,5.0,22.0,,,,,,1.0,0.0005120581052535517
active_power_discr,5.0,22.0,,,,,,2.0,0.0
active_power_discr,5.0,22.0,,,,,,3.0,0.0
active_power_discr,5.0,22.0,,,,,,4.0,0.0
active_power_discr,5.0,22.0,,,,,,5.0,0.0
active_power_discr,5.0,22.0,,,,,,6.0,0.0
active_power_discr,5.0,22.0,,,,,,7.0,0.0
active_power_discr,5.0,22.0,,,,,,8.0,0.0
active_power_discr,5.0,22.0,,,,,,9.0,0.0
active_power_discr,5.0,22.0,,,,,,10.0,0.0
active_power_discr,5.0,22.0,,,,,,11.0,0.0
active_power_discr,5.0,22.0,,,,,,12.0,0.0
active_power_discr,5.0,22.0,,,,,,13.0,0.0
active_power_discr,5.0,22.0,,,,,,14.0,0.0
active_power_discr,5.0,22.0,,,,,,15.0,0.0
active_power_discr,5.0,23.0,,,,,,1.0,0.0075778699824844125
active_power_discr,5.0,23.0,,,,,,2.0,0.013320281329628255
active_power_discr,5.0,23.0,,,,,,3.0,0.023414217334232015
active_power_discr,5.0,23.0,,,,,,4.0,0.041157206804276286
active_power_discr,5.0,23.0,,,,,,5.0,0.07234560300477912
active_power_discr,5.0,23.0,,,,,,6.0,0.12716816034224418
active_power_discr,5.0,23.0,,,,,,7.0,0.11103124493614405
active_power_discr,5.0,23.0,,,,,,8.0,0.0
active_power_discr,5.0,23.0,,,,,,9.0,0.0
active_power_discr,5.0,23.0,,,,,,10.0,0.0
active_power_discr,5.0,23.0,,,,,,11.0,0.0
active_power_discr,5.0,23.0,,,,,,12.0,0.0
active_power_discr,5.0,23.0,,,,,,13.0,0.0
active_power_discr,5.0,23.0,,,,,,14.0,0.0
active_power_discr,5.0,23.0,,,,,,15.0,0.0
active_power_discr,5.0,25.0,,,,,,1.0,0.0075778699824844125
active_power_discr,5.0,25.0,,,,,,2.0,0.013320281329628255
active_power_discr,5.0,25.0,,,,,,3.0,0.023414217334232015
active_power_discr,5.0,25.0,,,,,,4.0,0.041157206804276286
active_power_discr,5.0,25.0,,,,,,5.0,0.07234560300477912
active_power_discr,5.0,25.0,,,,,,6.0,0.12716816034224418
active_power_discr,5.0,25.0,,,,,,7.0,0.11105098274558184
active_power_discr,5.0,25.0,,,,,,8.0,0.0
active_power_discr,5.0,25.0,,,,,,9.0,0.0
active_power_discr,5.0,25.0,,,,,,10.0,0.0
active_power_discr,5.0,25.0,,,,,,11.0,0.0
active_power_discr,5.0,25.0,,,,,,12.0,0.0
active_power_discr,5.0,25.0,,,,,,13.0,0.0
active_power_discr,5.0,25.0,,,,,,14.0,0.0
active_power_discr,5.0,25.0,,,,,,15.0,0.0
active_power_discr,5.0,29.0,,,,,,1.0,0.0075778699824844125
active_power_discr,5.0,29.0,,,,,,2.0,0.013320281329628255
active_power_discr,5.0,29.0,,,,,,3.0,0.023414217334232015
active_power_discr,5.0,29.0,,,,,,4.0,0.041157206804276286
active_power_discr,5.0,29.0,,,,,,5.0,0.07234560300477912
active_power_discr,5.0,29.0,,,,,,6.0,0.017437908370557004
active_power_discr,5.0,29.0,,,,,,7.0,0.0
active_power_discr,5.0,29.0,,,,,,8.0,0.0
active_power_discr,5.0,29.0,,,,,,9.0,0.0
active_power_discr,5.0,29.0,,,,,,10.0,0.0
active_power_discr,5.0,29.0,,,,,,11.0,0.0
active_power_discr,5.0,29.0,,,,,,12.0,0.0
active_power_discr,5.0,29.0,,,,,,13.0,0.0
active_power_discr,5.0,29.0,,,,,,14.0,0.0
active_power_discr,5.0,29.0,,,,,,15.0,0.0
active_power_discr,5.0,30.0,,,,,,1.0,0.0075778699824844125
active_power_discr,5.0,30.0,,,,,,2.0,0.013320281329628255
active_power_discr,5.0,30.0,,,,,,3.0,0.023414217334232015
active_power_discr,5.0,30.0,,,,,,4.0,0.041157206804276286
active_power_discr,5.0,30.0,,,,,,5.0,0.07234560300477912
active_power_discr,5.0,30.0,,,,,,6.0,0.12716816034224418
active_power_discr,5.0,30.0,,,,,,7.0,0.2235345388407699
active_power_discr,5.0,30.0,,,,,,8.0,0.06342552508299748
active_power_discr,5.0,30.0,,,,,,9.0,0.0
active_power_discr,5.0,30.0,,,,,,10.0,0.0
active_power_discr,5.0,30.0,,,,,,11.0,0.0
active_power_discr,5.0,30.0,,,,,,12.0,0.0
active_power_discr,5.0,30.0,,,,,,13.0,0.0
active_power_discr,5.0,30.0,,,,,,14.0,0.0
active_power_discr,5.0,30.0,,,,,,15.0,0.0
active_power_discr,6.0,20.0,,,,,,1.0,0.0019521885439594492
active_power_discr,6.0,20.0,,,,,,2.0,0.0
active_power_discr,6.0,20.0,,,,,,3.0,0.0
active_power_discr,6.0,20.0,,,,,,4.0,0.0
active_power_discr,6.0,20.0,,,,,,5.0,0.0
active_power_discr,6.0,20.0,,,,,,6.0,0.0
active_power_discr,6.0,20.0,,,,,,7.0,0.0
active_power_discr,6.0,20.0,,,,,,8.0,0.0
active_power_discr,6.0,20.0,,,,,,9.0,0.0
active_power_discr,6.0,20.0,,,,,,10.0,0.0
active_power_discr,6.0,20.0,,,,,,11.0,0.0
active_power_discr,6.0,20.0,,,,,,12.0,0.0
active_power_discr,6.0,20.0,,,,,,13.0,0.0
active_power_discr,6.0,20.0,,,,,,14.0,0.0
active_power_discr,6.0,20.0,,,,,,15.0,0.0
active_power_discr,6.0,22.0,,,,,,1.0,0.0005120581052535517
active_power_discr,6.0,22.0,,,,,,2.0,0.0
active_power_discr,6.0,22.0,,,,,,3.0,0.0
active_power_discr,6.0,22.0,,,,,,4.0,0.0
active_power_discr,6.0,22.0,,,,,,5.0,0.0
active_power_discr,6.0,22.0,,,,,,6.0,0.0
active_power_discr,6.0,22.0,,,,,,7.0,0.0
active_power_discr,6.0,22.0,,,,,,8.0,0.0
active_power_discr,6.0,22.0,,,,,,9.0,0.0
active_power_discr,6.0,22.0,,,,,,10.0,0.0
active_power_discr,6.0,22.0,,,,,,11.0,0.0
active_power_discr,6.0,22.0,,,,,,12.0,0.0
active_power_discr,6.0,22.0,,,,,,13.0,0.0
active_power_discr,6.0,22.0,,,,,,14.0,0.0
active_power_discr,6.0,22.0,,,,,,15.0,0.0
active_power_discr,6.0,23.0,,,,,,1.0,0.0075778699824844125
active_power_discr,6.0,23.0,,,,,,2.0,0.013320281329628255
active_power_discr,6.0,23.0,,,,,,3.0,0.023414217334232015
active_power_discr,6.0,23.0,,,,,,4.0,0.041157206804276286
active_power_discr,6.0,23.0,,,,,,5.0,0.07234560300477912
active_power_discr,6.0,23.0,,,,,,6.0,0.12716816034224418
active_power_discr,6.0,23.0,,,,,,7.0,0.14907356432841487
active_power_discr,6.0,23.0,,,,,,8.0,0.0
active_power_discr,6.0,23.0,,,,,,9.0,0.0
active_power_discr,6.0,23.0,,,,,,10.0,0.0
active_power_discr,6.0,23.0,,,,,,11.0,0.0
active_power_discr,6.0,23.0,,,,,,12.0,0.0
active_power_discr,6.0,23.0,,,,,,13.0,0.0
active_power_discr,6.0,23.0,,,,,,14.0,0.0
active_power_discr,6.0,23.0,,,,,,15.0,0.0
active_power_discr,6.0,25.0,,,,,,1.0,0.0075778699824844125
active_power_discr,6.0,25.0,,,,,,2.0,0.013320281329628255
active_power_discr,6.0,25.0,,,,,,3.0,0.023414217334232015
active_power_discr,6.0,25.0,,,,,,4.0,0.041157206804276286
active_power_discr,6.0,25.0,,,,,,5.0,0.07234560300477912
active_power_discr,6.0,25.0,,,,,,6.0,0.12716816034224418
active_power_discr,6.0,25.0,,,,,,7.0,0.14909703235013144
active_power_discr,6.0,25.0,,,,,,8.0,0.0
active_power_discr,6.0,25.0,,,,,,9.0,0.0
active_power_discr,6.0,25.0,,,,,,10.0,0.0
active_power_discr,6.0,25.0,,,,,,11.0,0.0
active_power_discr,6.0,25.0,,,,,,12.0,0.0
active_power_discr,6.0,25.0,,,,,,13.0,0.0
active_power_discr,6.0,25.0,,,,,,14.0,0.0
active_power_discr,6.0,25.0,,,,,,15.0,0.0
active_power_discr,6.0,29.0,,,,,,1.0,0.0075778699824844125
active_power_discr,6.0,29.0,,,,,,2.0,0.013320281329628255
active_power_discr,6.0,29.0,,,,,,3.0,0.023414217334232015
active_power_discr,6.0,29.0,,,,,,4.0,0.041157206804276286
active_power_discr,6.0,29.0,,,,,,5.0,0.07234560300477912
active_power_discr,6.0,29.0,,,,,,6.0,0.034242617004088205
active_power_discr,6.0,29.0,,,,,,7.0,0.0
active_power_discr,6.0,29.0,,,,,,8.0,0.0
active_power_discr,6.0,29.0,,,,,,9.0,0.0
active_power_discr,6.0,29.0,,,,,,10.0,0.0
active_power_discr,6.0,29.0,,,,,,11.0,0.0
active_power_discr,6.0,29.0,,,,,,12.0,0.0
active_power_discr,6.0,29.0,,,,,,13.0,0.0
active_power_discr,6.0,29.0,,,,,,14.0,0.0
active_power_discr,6.0,29.0,,,,,,15.0,0.0
active_power_discr,6.0,30.0,,,,,,1.0,0.0075778699824844125
active_power_discr,6.0,30.0,,,,,,2.0,0.013320281329628255
active_power_discr,6.0,30.0,,,,,,3.0,0.023414217334232015
active_power_discr,6.0,30.0,,,,,,4.0,0.041157206804276286
active_power_discr,6.0,30.0,,,,,,5.0,0.07234560300477912
active_power_discr,6.0,30.0,,,,,,6.0,0.12716816034224418
active_power_discr,6.0,30.0,,,,,,7.0,0.2235345388407699
active_power_discr,6.0,30.0,,,,,,8.0,0.11830503898866435
active_power_discr,6.0,30.0,,,,,,9.0,0.0
active_power_discr,6.0,30.0,,,,,,10.0,0.0
active_power_discr,6.0,30.0,,,,,,11.0,0.0
active_power_discr,6.0,30.0,,,,,,12.0,0.0
active_power_discr,6.0,30.0,,,,,,13.0,0.0
active_power_discr,6.0,30.0,,,,,,14.0,0.0
active_power_discr,6.0,30.0,,,,,,15.0,0.0
active_power_discr,7.0,20.0,,,,,,1.0,0.004436549005415675
active_power_discr,7.0,20.0,,,,,,2.0,0.0
active_power_discr,7.0,20.0,,,,,,3.0,0.0
active_power_discr,7.0,20.0,,,,,,4.0,0.0
active_power_discr,7.0,20.0,,,,,,5.0,0.0
active_power_discr,7.0,20.0,,,,,,6.0,0.0
active_power_discr,7.0,20.0,,,,,,7.0,0.0
active_power_discr,7.0,20.0,,,,,,8.0,0.0
active_power_discr,7.0,20.0,,,,,,9.0,0.0
active_power_discr,7.0,20.0,,,,,,10.0,0.0
active_power_discr,7.0,20.0,,,,,,11.0,0.0
active_power_discr,7.0,20.0,,,,,,12.0,0.0
active_power_discr,7.0,20.0,,,,,,13.0,0.0
active_power_discr,7.0,20.0,,,,,,14.0,0.0
active_power_discr,7.0,20.0,,,,,,15.0,0.0
active_power_discr,7.0,22.0,,,,,,1.0,0.0005120581052535517
active_power_discr,7.0,22.0,,,,,,2.0,0.0
active_power_discr,7.0,22.0,,,,,,3.0,0.0
active_power_discr,7.0,22.0,,,,,,4.0,0.0
active_power_discr,7.0,22.0,,,,,,5.0,0.0
active_power_discr,7.0,22.0,,,,,,6.0,0.0
active_power_discr,7.0,22.0,,,,,,7.0,0.0
active_power_discr,7.0,22.0,,,,,,8.0,0.0
active_power_discr,7.0,22.0,,,,,,9.0,0.0
active_power_discr,7.0,22.0,,,,,,10.0,0.0
active_power_discr,7.0,22.0,,,,,,11.0,0.0
active_power_discr,7.0,22.0,,,,,,12.0,0.0
active_power_discr,7.0,22.0,,,,,,13.0,0.0
active_power_discr,7.0,22.0,,,,,,14.0,0.0
active_power_discr,7.0,22.0,,,,,,15.0,0.0
active_power_discr,7.0,23.0,,,,,,1.0,0.0075778699824844125
active_power_discr,7.0,23.0,,,,,,2.0,0.013320281329628255
active_power_discr,7.0,23.0,,,,,,3.0,0.023414217334232015
active_power_discr,7.0,23.0,,,,,,4.0,0.041157206804276286
active_power_discr,7.0,23.0,,,,,,5.0,0.07234560300477912
active_power_discr,7.0,23.0,,,,,,6.0,0.12716816034224418
active_power_discr,7.0,23.0,,,,,,7.0,0.19285494008344387
active_power_discr,7.0,23.0,,,,,,8.0,0.0
active_power_discr,7.0,23.0,,,,,,9.0,0.0
active_power_discr,7.0,23.0,,,,,,10.0,0.0
active_power_discr,7.0,23.0,,,,,,11.0,0.0
active_power_discr,7.0,23.0,,,,,,12.0,0.0
active_power_discr,7.0,23.0,,,,,,13.0,0.0
active_power_discr,7.0,23.0,,,,,,14.0,0.0
active_power_discr,7.0,23.0,,,,,,15.0,0.0
active_power_discr,7.0,25.0,,,,,,1.0,0.0075778699824844125
active_power_discr,7.0,25.0,,,,,,2.0,0.013320281329628255
active_power_discr,7.0,25.0,,,,,,3.0,0.023414217334232015
active_power_discr,7.0,25.0,,,,,,4.0,0.041157206804276286
active_power_discr,7.0,25.0,,,,,,5.0,0.07234560300477912
active_power_discr,7.0,25.0,,,,,,6.0,0.12716816034224418
active_power_discr,7.0,25.0,,,,,,7.0,0.19288136440743264
active_power_discr,7.0,25.0,,,,,,8.0,0.0
active_power_discr,7.0,25.0,,,,,,9.0,0.0
active_power_discr,7.0,25.0,,,,,,10.0,0.0
active_power_discr,7.0,25.0,,,,,,11.0,0.0
active_power_discr,7.0,25.0,,,,,,12.0,0.0
active_power_discr,7.0,25.0,,,,,,13.0,0.0
active_power_discr,7.0,25.0,,,,,,14.0,0.0
active_power_discr,7.0,25.0,,,,,,15.0,0.0
active_power_discr,7.0,29.0,,,,,,1.0,0.0075778699824844125
active_power_discr,7.0,29.0,,,,,,2.0,0.013320281329628255
active_power_discr,7.0,29.0,,,,,,3.0,0.023414217334232015
active_power_discr,7.0,29.0,,,,,,4.0,0.041157206804276286
active_power_discr,7.0,29.0,,,,,,5.0,0.07234560300477912
active_power_discr,7.0,29.0,,,,,,6.0,0.052598455045823916
active_power_discr,7.0,29.0,,,,,,7.0,0.0
active_power_discr,7.0,29.0,,,,,,8.0,0.0
active_power_discr,7.0,29.0,,,,,,9.0,0.0
active_power_discr,7.0,29.0,,,,,,10.0,0.0
active_power_discr,7.0,29.0,,,,,,11.0,0.0
active_power_discr,7.0,29.0,,,,,,12.0,0.0
active_power_discr,7.0,29.0,,,,,,13.0,0.0
active_power_discr,7.0,29.0,,,,,,14.0,0.0
active_power_discr,7.0,29.0,,,,,,15.0,0.0
active_power_discr,7.0,30.0,,,,,,1.0,0.0075778699824844125
active_power_discr,7.0,30.0,,,,,,2.0,0.013320281329628255
active_power_discr,7.0,30.0,,,,,,3.0,0.023414217334232015
active_power_discr,7.0,30.0,,,,,,4.0,0.041157206804276286
active_power_discr,7.0,30.0,,,,,,5.0,0.07234560300477912
active_power_discr,7.0,30.0,,,,,,6.0,0.12716816034224418
active_power_discr,7.0,30.0,,,,,,7.0,0.2235345388407699
active_power_discr,7.0,30.0,,,,,,8.0,0.18047031130225777
active_power_discr,7.0,30.0,,,,,,9.0,0.0
active_power_discr,7.0,30.0,,,,,,10.0,0.0
active_power_discr,7.0,30.0,,,,,,11.0,0.0
active_power_discr,7.0,30.0,,,,,,12.0,0.0
active_power_discr,7.0,30.0,,,,,,13.0,0.0
active_power_discr,7.0,30.0,,,,,,14.0,0.0
active_power_discr,7.0,30.0,,,,,,15.0,0.0
active_power_discr,8.0,20.0,,,,,,1.0,0.007402067141212858
active_power_discr,8.0,20.0,,,,,,2.0,0.0
active_power_discr,8.0,20.0,,,,,,3.0,0.0
active_power_discr,8.0,20.0,,,,,,4.0,0.0
active_power_discr,8.0,20.0,,,,,,5.0,0.0
active_power_discr,8.0,20.0,,,,,,6.0,0.0
active_power_discr,8.0,20.0,,,,,,7.0,0.0
active_power_discr,8.0,20.0,,,,,,8.0,0.0
active_power_discr,8.0,20.0,,,,,,9.0,0.0
active_power_discr,8.0,20.0,,,,,,10.0,0.0
active_power_discr,8.0,20.0,,,,,,11.0,0.0
active_power_discr,8.0,20.0,,,,,,12.0,0.0
active_power_discr,8.0,20.0,,,,,,13.0,0.0
active_power_discr,8.0,20.0,,,,,,14.0,0.0
active_power_discr,8.0,20.0,,,,,,15.0,0.0
active_power_discr,8.0,22.0,,,,,,1.0,0.0022687549087924107
active_power_discr,8.0,22.0,,,,,,2.0,0.0
active_power_discr,8.0,22.0,,,,,,3.0,0.0
active_power_discr,8.0,22.0,,,,,,4.0,0.0
active_power_discr,8.0,22.0,,,,,,5.0,0.0
active_power_discr,8.0,22.0,,,,,,6.0,0.0
active_power_discr,8.0,22.0,,,,,,7.0,0.0
active_power_discr,8.0,22.0,,,,,,8.0,0.0
active_power_discr,8.0,22.0,,,,,,9.0,0.0
active_power_discr,8.0,22.0,,,,,,10.0,0.0
active_power_discr,8.0,22.0,,,,,,11.0,0.0
active_power_discr,8.0,22.0,,,,,,12.0,0.0
active_power_discr,8.0,22.0,,,,,,13.0,0.0
active_power_discr,8.0,22.0,,,,,,14.0,0.0
active_power_discr,8.0,22.0,,,,,,15.0,0.0
active_power_discr,8.0,23.0,,,,,,1.0,0.0075778699824844125
active_power_discr,8.0,23.0,,,,,,2.0,0.013320281329628255
active_power_discr,8.0,23.0,,,,,,3.0,0.023414217334232015
active_power_discr,8.0,23.0,,,,,,4.0,0.041157206804276286
active_power_discr,8.0,23.0,,,,,,5.0,0.07234560300477912
active_power_discr,8.0,23.0,,,,,,6.0,0.12716816034224418
active_power_discr,8.0,23.0,,,,,,7.0,0.2235345388407699
active_power_discr,8.0,23.0,,,,,,8.0,0.2454113512371441
active_power_discr,8.0,23.0,,,,,,9.0,0.0
active_power_discr,8.0,23.0,,,,,,10.0,0.0
active_power_discr,8.0,23.0,,,,,,11.0,0.0
active_power_discr,8.0,23.0,,,,,,12.0,0.0
active_power_discr,8.0,23.0,,,,,,13.0,0.0
active_power_discr,8.0,23.0,,,,,,14.0,0.0
active_power_discr,8.0,23.0,,,,,,15.0,0.0
active_power_discr,8.0,25.0,,,,,,1.0,0.0075778699824844125
active_power_discr,8.0,25.0,,,,,,2.0,0.013320281329628255
active_power_discr,8.0,25.0,,,,,,3.0,0.023414217334232015
active_power_discr,8.0,25.0,,,,,,4.0,0.041157206804276286
active_power_discr,8.0,25.0,,,,,,5.0,0.07234560300477912
active_power_discr,8.0,25.0,,,,,,6.0,0.12716816034224418
active_power_discr,8.0,25.0,,,,,,7.0,0.2235345388407699
active_power_discr,8.0,25.0,,,,,,8.0,0.24547626224633445
active_power_discr,8.0,25.0,,,,,,9.0,0.0
active_power_discr,8.0,25.0,,,,,,10.0,0.0
active_power_discr,8.0,25.0,,,,,,11.0,0.0
active_power_discr,8.0,25.0,,,,,,12.0,0.0
active_power_discr,8.0,25.0,,,,,,13.0,0.0
active_power_discr,8.0,25.0,,,,,,14.0,0.0
active_power_discr,8.0,25.0,,,,,,15.0,0.0
active_power_discr,8.0,29.0,,,,,,1.0,0.0075778699824844125
active_power_discr,8.0,29.0,,,,,,2.0,0.013320281329628255
active_power_discr,8.0,29.0,,,,,,3.0,0.023414217334232015
active_power_discr,8.0,29.0,,,,,,4.0,0.041157206804276286
active_power_discr,8.0,29.0,,,,,,5.0,0.07234560300477912
active_power_discr,8.0,29.0,,,,,,6.0,0.12716816034224418
active_power_discr,8.0,29.0,,,,,,7.0,0.046837184890164585
active_power_discr,8.0,29.0,,,,,,8.0,0.0
active_power_discr,8.0,29.0,,,,,,9.0,0.0
active_power_discr,8.0,29.0,,,,,,10.0,0.0
active_power_discr,8.0,29.0,,,,,,11.0,0.0
active_power_discr,8.0,29.0,,,,,,12.0,0.0
active_power_discr,8.0,29.0,,,,,,13.0,0.0
active_power_discr,8.0,29.0,,,,,,14.0,0.0
active_power_discr,8.0,29.0,,,,,,15.0,0.0
active_power_discr,8.0,30.0,,,,,,1.0,0.0075778699824844125
active_power_discr,8.0,30.0,,,,,,2.0,0.013320281329628255
active_power_discr,8.0,30.0,,,,,,3.0,0.023414217334232015
active_power_discr,8.0,30.0,,,,,,4.0,0.041157206804276286
active_power_discr,8.0,30.0,,,,,,5.0,0.07234560300477912
active_power_discr,8.0,30.0,,,,,,6.0,0.12716816034224418
active_power_discr,8.0,30.0,,,,,,7.0,0.2235345388407699
active_power_discr,8.0,30.0,,,,,,8.0,0.3929261060337663
active_power_discr,8.0,30.0,,,,,,9.0,0.18711665068729563
active_power_discr,8.0,30.0,,,,,,10.0,0.0
active_power_discr,8.0,30.0,,,,,,11.0,0.0
active_power_discr,8.0,30.0,,,,,,12.0,0.0
active_power_discr,8.0,30.0,,,,,,13.0,0.0
active_power_discr,8.0,30.0,,,,,,14.0,0.0
active_power_discr,8.0,30.0,,,,,,15.0,0.0
active_power_discr,9.0,20.0,,,,,,1.0,0.006307153273137981
active_power_discr,9.0,20.0,,,,,,2.0,0.0
active_power_discr,9.0,20.0,,,,,,3.0,0.0
active_power_discr,9.0,20.0,,,,,,4.0,0.0
active_power_discr,9.0,20.0,,,,,,5.0,0.0
active_power_discr,9.0,20.0,,,,,,6.0,0.0
active_power_discr,9.0,20.0,,,,,,7.0,0.0
active_power_discr,9.0,20.0,,,,,,8.0,0.0
active_power_discr,9.0,20.0,,,,,,9.0,0.0
active_power_discr,9.0,20.0,,,,,,10.0,0.0
active_power_discr,9.0,20.0,,,,,,11.0,0.0
active_power_discr,9.0,20.0,,,,,,12.0,0.0
active_power_discr,9.0,20.0,,,,,,13.0,0.0
active_power_discr,9.0,20.0,,,,,,14.0,0.0
active_power_discr,9.0,20.0,,,,,,15.0,0.0
active_power_discr,9.0,22.0,,,,,,1.0,0.003811904963134563
active_power_discr,9.0,22.0,,,,,,2.0,0.004899886695312284
active_power_discr,9.0,22.0,,,,,,3.0,0.0
active_power_discr,9.0,22.0,,,,,,4.0,0.0
active_power_discr,9.0,22.0,,,,,,5.0,0.0
active_power_discr,9.0,22.0,,,,,,6.0,0.0
active_power_discr,9.0,22.0,,,,,,7.0,0.0
active_power_discr,9.0,22.0,,,,,,8.0,0.0
active_power_discr,9.0,22.0,,,,,,9.0,0.0
active_power_discr,9.0,22.0,,,,,,10.0,0.0
active_power_discr,9.0,22.0,,,,,,11.0,0.0
active_power_discr,9.0,22.0,,,,,,12.0,0.0
active_power_discr,9.0,22.0,,,,,,13.0,0.0
active_power_discr,9.0,22.0,,,,,,14.0,0.0
active_power_discr,9.0,22.0,,,,,,15.0,0.0
active_power_discr,9.0,23.0,,,,,,1.0,0.0075778699824844125
active_power_discr,9.0,23.0,,,,,,2.0,0.013320281329628255
active_power_discr,9.0,23.0,,,,,,3.0,0.023414217334232015
active_power_discr,9.0,23.0,,,,,,4.0,0.041157206804276286
active_power_discr,9.0,23.0,,,,,,5.0,0.07234560300477912
active_power_discr,9.0,23.0,,,,,,6.0,0.12716816034224418
active_power_discr,9.0,23.0,,,,,,7.0,0.2235345388407699
active_power_discr,9.0,23.0,,,,,,8.0,0.23997717261770088
active_power_discr,9.0,23.0,,,,,,9.0,0.0
active_power_discr,9.0,23.0,,,,,,10.0,0.0
active_power_discr,9.0,23.0,,,,,,11.0,0.0
active_power_discr,9.0,23.0,,,,,,12.0,0.0
active_power_discr,9.0,23.0,,,,,,13.0,0.0
active_power_discr,9.0,23.0,,,,,,14.0,0.0
active_power_discr,9.0,23.0,,,,,,15.0,0.0
active_power_discr,9.0,25.0,,,,,,1.0,0.0075778699824844125
active_power_discr,9.0,25.0,,,,,,2.0,0.013320281329628255
active_power_discr,9.0,25.0,,,,,,3.0,0.023414217334232015
active_power_discr,9.0,25.0,,,,,,4.0,0.041157206804276286
active_power_discr,9.0,25.0,,,,,,5.0,0.07234560300477912
active_power_discr,9.0,25.0,,,,,,6.0,0.12716816034224418
active_power_discr,9.0,25.0,,,,,,7.0,0.2235345388407699
active_power_discr,9.0,25.0,,,,,,8.0,0.24003813905853955
active_power_discr,9.0,25.0,,,,,,9.0,0.0
active_power_discr,9.0,25.0,,,,,,10.0,0.0
active_power_discr,9.0,25.0,,,,,,11.0,0.0
active_power_discr,9.0,25.0,,,,,,12.0,0.0
active_power_discr,9.0,25.0,,,,,,13.0,0.0
active_power_discr,9.0,25.0,,,,,,14.0,0.0
active_power_discr,9.0,25.0,,,,,,15.0,0.0
active_power_discr,9.0,29.0,,,,,,1.0,0.0075778699824844125
active_power_discr,9.0,29.0,,,,,,2.0,0.013320281329628255
active_power_discr,9.0,29.0,,,,,,3.0,0.023414217334232015
active_power_discr,9.0,29.0,,,,,,4.0,0.041157206804276286
active_power_discr,9.0,29.0,,,,,,5.0,0.07234560300477912
active_power_discr,9.0,29.0,,,,,,6.0,0.12716816034224418
active_power_discr,9.0,29.0,,,,,,7.0,0.0449062690033305
active_power_discr,9.0,29.0,,,,,,8.0,0.0
active_power_discr,9.0,29.0,,,,,,9.0,0.0
active_power_discr,9.0,29.0,,,,,,10.0,0.0
active_power_discr,9.0,29.0,,,,,,11.0,0.0
active_power_discr,9.0,29.0,,,,,,12.0,0.0
active_power_discr,9.0,29.0,,,,,,13.0,0.0
active_power_discr,9.0,29.0,,,,,,14.0,0.0
active_power_discr,9.0,29.0,,,,,,15.0,0.0
active_power_discr,9.0,30.0,,,,,,1.0,0.0075778699824844125
active_power_discr,9.0,30.0,,,,,,2.0,0.013320281329628255
active_power_discr,9.0,30.0,,,,,,3.0,0.023414217334232015
active_power_discr,9.0,30.0,,,,,,4.0,0.041157206804276286
active_power_discr,9.0,30.0,,,,,,5.0,0.07234560300477912
active_power_discr,9.0,30.0,,,,,,6.0,0.12716816034224418
active_power_discr,9.0,30.0,,,,,,7.0,0.2235345388407699
active_power_discr,9.0,30.0,,,,,,8.0,0.3929261060337663
active_power_discr,9.0,30.0,,,,,,9.0,0.186160826790852
active_power_discr,9.0,30.0,,,,,,10.0,0.0
active_power_discr,9.0,30.0,,,,,,11.0,0.0
active_power_discr,9.0,30.0,,,,,,12.0,0.0
active_power_discr,9.0,30.0,,,,,,13.0,0.0
active_power_discr,9.0,30.0,,,,,,14.0,0.0
active_power_discr,9.0,30.0,,,,,,15.0,0.0
active_power_discr,10.0,20.0,,,,,,1.0,0.005616399976362042
active_power_discr,10.0,20.0,,,,,,2.0,0.0
active_power_discr,10.0,20.0,,,,,,3.0,0.0
active_power_discr,10.0,20.0,,,,,,4.0,0.0
active_power_discr,10.0,20.0,,,,,,5.0,0.0
active_power_discr,10.0,20.0,,,,,,6.0,0.0
active_power_discr,10.0,20.0,,,,,,7.0,0.0
active_power_discr,10.0,20.0,,,,,,8.0,0.0
active_power_discr,10.0,20.0,,,,,,9.0,0.0
active_power_discr,10.0,20.0,,,,,,10.0,0.0
active_power_discr,10.0,20.0,,,,,,11.0,0.0
active_power_discr,10.0,20.0,,,,,,12.0,0.0
active_power_discr,10.0,20.0,,,,,,13.0,0.0
active_power_discr,10.0,20.0,,,,,,14.0,0.0
active_power_discr,10.0,20.0,,,,,,15.0,0.0
active_power_discr,10.0,22.0,,,,,,1.0,0.003811904963134563
active_power_discr,10.0,22.0,,,,,,2.0,0.005264966907931571
active_power_discr,10.0,22.0,,,,,,3.0,0.004190218932785051
active_power_discr,10.0,22.0,,,,,,4.0,0.0
active_power_discr,10.0,22.0,,,,,,5.0,0.0
active_power_discr,10.0,22.0,,,,,,6.0,0.0
active_power_discr,10.0,22.0,,,,,,7.0,0.0
active_power_discr,10.0,22.0,,,,,,8.0,0.0
active_power_discr,10.0,22.0,,,,,,9.0,0.0
active_power_discr,10.0,22.0,,,,,,10.0,0.0
active_power_discr,10.0,22.0,,,,,,11.0,0.0
active_power_discr,10.0,22.0,,,,,,12.0,0.0
active_power_discr,10.0,22.0,,,,,,13.0,0.0
active_power_discr,10.0,22.0,,,,,,14.0,0.0
active_power_discr,10.0,22.0,,,,,,15.0,0.0
active_power_discr,10.0,23.0,,,,,,1.0,0.0075778699824844125
active_power_discr,10.0,23.0,,,,,,2.0,0.013320281329628255
active_power_discr,10.0,23.0,,,,,,3.0,0.023414217334232015
active_power_discr,10.0,23.0,,,,,,4.0,0.041157206804276286
active_power_discr,10.0,23.0,,,,,,5.0,0.07234560300477912
active_power_discr,10.0,23.0,,,,,,6.0,0.12716816034224418
active_power_discr,10.0,23.0,,,,,,7.0,0.2235345388407699
active_power_discr,10.0,23.0,,,,,,8.0,0.236170259320925
active_power_discr,10.0,23.0,,,,,,9.0,0.0
active_power_discr,10.0,23.0,,,,,,10.0,0.0
active_power_discr,10.0,23.0,,,,,,11.0,0.0
active_power_discr,10.0,23.0,,,,,,12.0,0.0
active_power_discr,10.0,23.0,,,,,,13.0,0.0
active_power_discr,10.0,23.0,,,,,,14.0,0.0
active_power_discr,10.0,23.0,,,,,,15.0,0.0
active_power_discr,10.0,25.0,,,,,,1.0,0.0075778699824844125
active_power_discr,10.0,25.0,,,,,,2.0,0.013320281329628255
active_power_discr,10.0,25.0,,,,,,3.0,0.023414217334232015
active_power_discr,10.0,25.0,,,,,,4.0,0.041157206804276286
active_power_discr,10.0,25.0,,,,,,5.0,0.07234560300477912
active_power_discr,10.0,25.0,,,,,,6.0,0.12716816034224418
active_power_discr,10.0,25.0,,,,,,7.0,0.2235345388407699
active_power_discr,10.0,25.0,,,,,,8.0,0.2362254693699246
active_power_discr,10.0,25.0,,,,,,9.0,0.0
active_power_discr,10.0,25.0,,,,,,10.0,0.0
active_power_discr,10.0,25.0,,,,,,11.0,0.0
active_power_discr,10.0,25.0,,,,,,12.0,0.0
active_power_discr,10.0,25.0,,,,,,13.0,0.0
active_power_discr,10.0,25.0,,,,,,14.0,0.0
active_power_discr,10.0,25.0,,,,,,15.0,0.0
active_power_discr,10.0,29.0,,,,,,1.0,0.0075778699824844125
active_power_discr,10.0,29.0,,,,,,2.0,0.013320281329628255
active_power_discr,10.0,29.0,,,,,,3.0,0.023414217334232015
active_power_discr,10.0,29.0,,,,,,4.0,0.041157206804276286
active_power_discr,10.0,29.0,,,,,,5.0,0.07234560300477912
active_power_discr,10.0,29.0,,,,,,6.0,0.12716816034224418
active_power_discr,10.0,29.0,,,,,,7.0,0.04351872088560926
active_power_discr,10.0,29.0,,,,,,8.0,0.0
active_power_discr,10.0,29.0,,,,,,9.0,0.0
active_power_discr,10.0,29.0,,,,,,10.0,0.0
active_power_discr,10.0,29.0,,,,,,11.0,0.0
active_power_discr,10.0,29.0,,,,,,12.0,0.0
active_power_discr,10.0,29.0,,,,,,13.0,0.0
active_power_discr,10.0,29.0,,,,,,14.0,0.0
active_power_discr,10.0,29.0,,,,,,15.0,0.0
active_power_discr,10.0,30.0,,,,,,1.0,0.0075778699824844125
active_power_discr,10.0,30.0,,,,,,2.0,0.013320281329628255
active_power_discr,10.0,30.0,,,,,,3.0,0.023414217334232015
active_power_discr,10.0,30.0,,,,,,4.0,0.041157206804276286
active_power_discr,10.0,30.0,,,,,,5.0,0.07234560300477912
active_power_discr,10.0,30.0,,,,,,6.0,0.12716816034224418
active_power_discr,10.0,30.0,,,,,,7.0,0.2235345388407699
active_power_discr,10.0,30.0,,,,,,8.0,0.3929261060337663
active_power_discr,10.0,30.0,,,,,,9.0,0.18547840639615995
active_power_discr,10.0,30.0,,,,,,10.0,0.0
active_power_discr,10.0,30.0,,,,,,11.0,0.0
active_power_discr,10.0,30.0,,,,,,12.0,0.0
active_power_discr,10.0,30.0,,,,,,13.0,0.0
active_power_discr,10.0,30.0,,,,,,14.0,0.0
active_power_discr,10.0,30.0,,,,,,15.0,0.0
active_power_discr,11.0,20.0,,,,,,1.0,0.004938969100804475
active_power_discr,11.0,20.0,,,,,,2.0,0.0
active_power_discr,11.0,20.0,,,,,,3.0,0.0
active_power_discr,11.0,20.0,,,,,,4.0,0.0
active_power_discr,11.0,20.0,,,,,,5.0,0.0
active_power_discr,11.0,20.0,,,,,,6.0,0.0
active_power_discr,11.0,20.0,,,,,,7.0,0.0
active_power_discr,11.0,20.0,,,,,,8.0,0.0
active_power_discr,11.0,20.0,,,,,,9.0,0.0
active_power_discr,11.0,20.0,,,,,,10.0,0.0
active_power_discr,11.0,20.0,,,,,,11.0,0.0
active_power_discr,11.0,20.0,,,,,,12.0,0.0
active_power_discr,11.0,20.0,,,,,,13.0,0.0
active_power_discr,11.0,20.0,,,,,,14.0,0.0
active_power_discr,11.0,20.0,,,,,,15.0,0.0
active_power_discr,11.0,22.0,,,,,,1.0,0.003811904963134563
active_power_discr,11.0,22.0,,,,,,2.0,0.005264966907931571
active_power_discr,11.0,22.0,,,,,,3.0,0.0039030684030682463
active_power_discr,11.0,22.0,,,,,,4.0,0.0
active_power_discr,11.0,22.0,,,,,,5.0,0.0
active_power_discr,11.0,22.0,,,,,,6.0,0.0
active_power_discr,11.0,22.0,,,,,,7.0,0.0
active_power_discr,11.0,22.0,,,,,,8.0,0.0
active_power_discr,11.0,22.0,,,,,,9.0,0.0
active_power_discr,11.0,22.0,,,,,,10.0,0.0
active_power_discr,11.0,22.0,,,,,,11.0,0.0
active_power_discr,11.0,22.0,,,,,,12.0,0.0
active_power_discr,11.0,22.0,,,,,,13.0,0.0
active_power_discr,11.0,22.0,,,,,,14.0,0.0
active_power_discr,11.0,22.0,,,,,,15.0,0.0
active_power_discr,11.0,23.0,,,,,,1.0,0.0075778699824844125
active_power_discr,11.0,23.0,,,,,,2.0,0.013320281329628255
active_power_discr,11.0,23.0,,,,,,3.0,0.023414217334232015
active_power_discr,11.0,23.0,,,,,,4.0,0.041157206804276286
active_power_discr,11.0,23.0,,,,,,5.0,0.07234560300477912
active_power_discr,11.0,23.0,,,,,,6.0,0.12716816034224418
active_power_discr,11.0,23.0,,,,,,7.0,0.2235345388407699
active_power_discr,11.0,23.0,,,,,,8.0,0.23377562844536734
active_power_discr,11.0,23.0,,,,,,9.0,0.0
active_power_discr,11.0,23.0,,,,,,10.0,0.0
active_power_discr,11.0,23.0,,,,,,11.0,0.0
active_power_discr,11.0,23.0,,,,,,12.0,0.0
active_power_discr,11.0,23.0,,,,,,13.0,0.0
active_power_discr,11.0,23.0,,,,,,14.0,0.0
active_power_discr,11.0,23.0,,,,,,15.0,0.0
active_power_discr,11.0,25.0,,,,,,1.0,0.0075778699824844125
active_power_discr,11.0,25.0,,,,,,2.0,0.013320281329628255
active_power_discr,11.0,25.0,,,,,,3.0,0.023414217334232015
active_power_discr,11.0,25.0,,,,,,4.0,0.041157206804276286
active_power_discr,11.0,25.0,,,,,,5.0,0.07234560300477912
active_power_discr,11.0,25.0,,,,,,6.0,0.12716816034224418
active_power_discr,11.0,25.0,,,,,,7.0,0.2235345388407699
active_power_discr,11.0,25.0,,,,,,8.0,0.2338304673194298
active_power_discr,11.0,25.0,,,,,,9.0,0.0
active_power_discr,11.0,25.0,,,,,,10.0,0.0
active_power_discr,11.0,25.0,,,,,,11.0,0.0
active_power_discr,11.0,25.0,,,,,,12.0,0.0
active_power_discr,11.0,25.0,,,,,,13.0,0.0
active_power_discr,11.0,25.0,,,,,,14.0,0.0
active_power_discr,11.0,25.0,,,,,,15.0,0.0
active_power_discr,11.0,29.0,,,,,,1.0,0.0075778699824844125
active_power_discr,11.0,29.0,,,,,,2.0,0.013320281329628255
active_power_discr,11.0,29.0,,,,,,3.0,0.023414217334232015
active_power_discr,11.0,29.0,,,,,,4.0,0.041157206804276286
active_power_discr,11.0,29.0,,,,,,5.0,0.07234560300477912
active_power_discr,11.0,29.0,,,,,,6.0,0.12716816034224418
active_power_discr,11.0,29.0,,,,,,7.0,0.042755360520569996
active_power_discr,11.0,29.0,,,,,,8.0,0.0
active_power_discr,11.0,29.0,,,,,,9.0,0.0
active_power_discr,11.0,29.0,,,,,,10.0,0.0
active_power_discr,11.0,29.0,,,,,,11.0,0.0
active_power_discr,11.0,29.0,,,,,,12.0,0.0
active_power_discr,11.0,29.0,,,,,,13.0,0.0
active_power_discr,11.0,29.0,,,,,,14.0,0.0
active_power_discr,11.0,29.0,,,,,,15.0,0.0
active_power_discr,11.0,30.0,,,,,,1.0,0.0075778699824844125
active_power_discr,11.0,30.0,,,,,,2.0,0.013320281329628255
active_power_discr,11.0,30.0,,,,,,3.0,0.023414217334232015
active_power_discr,11.0,30.0,,,,,,4.0,0.041157206804276286
active_power_discr,11.0,30.0,,,,,,5.0,0.07234560300477912
active_power_discr,11.0,30.0,,,,,,6.0,0.12716816034224418
active_power_discr,11.0,30.0,,,,,,7.0,0.2235345388407699
active_power_discr,11.0,30.0,,,,,,8.0,0.3929261060337663
active_power_discr,11.0,30.0,,,,,,9.0,0.18202995430669197
active_power_discr,11.0,30.0,,,,,,10.0,0.0
active_power_discr,11.0,30.0,,,,,,11.0,0.0
active_power_discr,11.0,30.0,,,,,,12.0,0.0
active_power_discr,11.0,30.0,,,,,,13.0,0.0
active_power_discr,11.0,30.0,,,,,,14.0,0.0
active_power_discr,11.0,30.0,,,,,,15.0,0.0
active_power_discr,12.0,20.0,,,,,,1.0,0.0017340100418776361
active_power_discr,12.0,20.0,,,,,,2.0,0.0
active_power_discr,12.0,20.0,,,,,,3.0,0.0
active_power_discr,12.0,20.0,,,,,,4.0,0.0
active_power_discr,12.0,20.0,,,,,,5.0,0.0
active_power_discr,12.0,20.0,,,,,,6.0,0.0
active_power_discr,12.0,20.0,,,,,,7.0,0.0
active_power_discr,12.0,20.0,,,,,,8.0,0.0
active_power_discr,12.0,20.0,,,,,,9.0,0.0
active_power_discr,12.0,20.0,,,,,,10.0,0.0
active_power_discr,12.0,20.0,,,,,,11.0,0.0
active_power_discr,12.0,20.0,,,,,,12.0,0.0
active_power_discr,12.0,20.0,,,,,,13.0,0.0
active_power_discr,12.0,20.0,,,,,,14.0,0.0
active_power_discr,12.0,20.0,,,,,,15.0,0.0
active_power_discr,12.0,22.0,,,,,,1.0,0.003811904963134563
active_power_discr,12.0,22.0,,,,,,2.0,0.005264966907931571
active_power_discr,12.0,22.0,,,,,,3.0,0.004047000815815625
active_power_discr,12.0,22.0,,,,,,4.0,0.0
active_power_discr,12.0,22.0,,,,,,5.0,0.0
active_power_discr,12.0,22.0,,,,,,6.0,0.0
active_power_discr,12.0,22.0,,,,,,7.0,0.0
active_power_discr,12.0,22.0,,,,,,8.0,0.0
active_power_discr,12.0,22.0,,,,,,9.0,0.0
active_power_discr,12.0,22.0,,,,,,10.0,0.0
active_power_discr,12.0,22.0,,,,,,11.0,0.0
active_power_discr,12.0,22.0,,,,,,12.0,0.0
active_power_discr,12.0,22.0,,,,,,13.0,0.0
active_power_discr,12.0,22.0,,,,,,14.0,0.0
active_power_discr,12.0,22.0,,,,,,15.0,0.0
active_power_discr,12.0,23.0,,,,,,1.0,0.0075778699824844125
active_power_discr,12.0,23.0,,,,,,2.0,0.013320281329628255
active_power_discr,12.0,23.0,,,,,,3.0,0.023414217334232015
active_power_discr,12.0,23.0,,,,,,4.0,0.041157206804276286
active_power_discr,12.0,23.0,,,,,,5.0,0.07234560300477912
active_power_discr,12.0,23.0,,,,,,6.0,0.12716816034224418
active_power_discr,12.0,23.0,,,,,,7.0,0.2235345388407699
active_power_discr,12.0,23.0,,,,,,8.0,0.19615807145512051
active_power_discr,12.0,23.0,,,,,,9.0,0.0
active_power_discr,12.0,23.0,,,,,,10.0,0.0
active_power_discr,12.0,23.0,,,,,,11.0,0.0
active_power_discr,12.0,23.0,,,,,,12.0,0.0
active_power_discr,12.0,23.0,,,,,,13.0,0.0
active_power_discr,12.0,23.0,,,,,,14.0,0.0
active_power_discr,12.0,23.0,,,,,,15.0,0.0
active_power_discr,12.0,25.0,,,,,,1.0,0.0075778699824844125
active_power_discr,12.0,25.0,,,,,,2.0,0.013320281329628255
active_power_discr,12.0,25.0,,,,,,3.0,0.023414217334232015
active_power_discr,12.0,25.0,,,,,,4.0,0.041157206804276286
active_power_discr,12.0,25.0,,,,,,5.0,0.07234560300477912
active_power_discr,12.0,25.0,,,,,,6.0,0.12716816034224418
active_power_discr,12.0,25.0,,,,,,7.0,0.2235345388407699
active_power_discr,12.0,25.0,,,,,,8.0,0.1962073427176555
active_power_discr,12.0,25.0,,,,,,9.0,0.0
active_power_discr,12.0,25.0,,,,,,10.0,0.0
active_power_discr,12.0,25.0,,,,,,11.0,0.0
active_power_discr,12.0,25.0,,,,,,12.0,0.0
active_power_discr,12.0,25.0,,,,,,13.0,0.0
active_power_discr,12.0,25.0,,,,,,14.0,0.0
active_power_discr,12.0,25.0,,,,,,15.0,0.0
active_power_discr,12.0,29.0,,,,,,1.0,0.0075778699824844125
active_power_discr,12.0,29.0,,,,,,2.0,0.013320281329628255
active_power_discr,12.0,29.0,,,,,,3.0,0.023414217334232015
active_power_discr,12.0,29.0,,,,,,4.0,0.041157206804276286
active_power_discr,12.0,29.0,,,,,,5.0,0.07234560300477912
active_power_discr,12.0,29.0,,,,,,6.0,0.12716816034224418
active_power_discr,12.0,29.0,,,,,,7.0,0.02745815825630521
active_power_discr,12.0,29.0,,,,,,8.0,0.0
active_power_discr,12.0,29.0,,,,,,9.0,0.0
active_power_discr,12.0,29.0,,,,,,10.0,0.0
active_power_discr,12.0,29.0,,,,,,11.0,0.0
active_power_discr,12.0,29.0,,,,,,12.0,0.0
active_power_discr,12.0,29.0,,,,,,13.0,0.0
active_power_discr,12.0,29.0,,,,,,14.0,0.0
active_power_discr,12.0,29.0,,,,,,15.0,0.0
active_power_discr,12.0,30.0,,,,,,1.0,0.0075778699824844125
active_power_discr,12.0,30.0,,,,,,2.0,0.013320281329628255
active_power_discr,12.0,30.0,,,,,,3.0,0.023414217334232015
active_power_discr,12.0,30.0,,,,,,4.0,0.041157206804276286
active_power_discr,12.0,30.0,,,,,,5.0,0.07234560300477912
active_power_discr,12.0,30.0,,,,,,6.0,0.12716816034224418
active_power_discr,12.0,30.0,,,,,,7.0,0.2235345388407699
active_power_discr,12.0,30.0,,,,,,8.0,0.3929261060337663
active_power_discr,12.0,30.0,,,,,,9.0,0.12921074028692411
active_power_discr,12.0,30.0,,,,,,10.0,0.0
active_power_discr,12.0,30.0,,,,,,11.0,0.0
active_power_discr,12.0,30.0,,,,,,12.0,0.0
active_power_discr,12.0,30.0,,,,,,13.0,0.0
active_power_discr,12.0,30.0,,,,,,14.0,0.0
active_power_discr,12.0,30.0,,,,,,15.0,0.0
active_power_discr,13.0,20.0,,,,,,1.0,0.005760793872469371
active_power_discr,13.0,20.0,,,,,,2.0,0.0
active_power_discr,13.0,20.0,,,,,,3.0,0.0
active_power_discr,13.0,20.0,,,,,,4.0,0.0
active_power_discr,13.0,20.0,,,,,,5.0,0.0
active_power_discr,13.0,20.0,,,,,,6.0,0.0
active_power_discr,13.0,20.0,,,,,,7.0,0.0
active_power_discr,13.0,20.0,,,,,,8.0,0.0
active_power_discr,13.0,20.0,,,,,,9.0,0.0
active_power_discr,13.0,20.0,,,,,,10.0,0.0
active_power_discr,13.0,20.0,,,,,,11.0,0.0
active_power_discr,13.0,20.0,,,,,,12.0,0.0
active_power_discr,13.0,20.0,,,,,,13.0,0.0
active_power_discr,13.0,20.0,,,,,,14.0,0.0
active_power_discr,13.0,20.0,,,,,,15.0,0.0
active_power_discr,13.0,22.0,,,,,,1.0,0.003811904963134563
active_power_discr,13.0,22.0,,,,,,2.0,0.005264966907931571
active_power_discr,13.0,22.0,,,,,,3.0,0.0043956028953467015
active_power_discr,13.0,22.0,,,,,,4.0,0.0
active_power_discr,13.0,22.0,,,,,,5.0,0.0
active_power_discr,13.0,22.0,,,,,,6.0,0.0
active_power_discr,13.0,22.0,,,,,,7.0,0.0
active_power_discr,13.0,22.0,,,,,,8.0,0.0
active_power_discr,13.0,22.0,,,,,,9.0,0.0
active_power_discr,13.0,22.0,,,,,,10.0,0.0
active_power_discr,13.0,22.0,,,,,,11.0,0.0
active_power_discr,13.0,22.0,,,,,,12.0,0.0
active_power_discr,13.0,22.0,,,,,,13.0,0.0
active_power_discr,13.0,22.0,,,,,,14.0,0.0
active_power_discr,13.0,22.0,,,,,,15.0,0.0
active_power_discr,13.0,23.0,,,,,,1.0,0.0075778699824844125
active_power_discr,13.0,23.0,,,,,,2.0,0.013320281329628255
active_power_discr,13.0,23.0,,,,,,3.0,0.023414217334232015
active_power_discr,13.0,23.0,,,,,,4.0,0.041157206804276286
active_power_discr,13.0,23.0,,,,,,5.0,0.07234560300477912
active_power_discr,13.0,23.0,,,,,,6.0,0.12716816034224418
active_power_discr,13.0,23.0,,,,,,7.0,0.2235345388407699
active_power_discr,13.0,23.0,,,,,,8.0,0.23753951721703231
active_power_discr,13.0,23.0,,,,,,9.0,0.0
active_power_discr,13.0,23.0,,,,,,10.0,0.0
active_power_discr,13.0,23.0,,,,,,11.0,0.0
active_power_discr,13.0,23.0,,,,,,12.0,0.0
active_power_discr,13.0,23.0,,,,,,13.0,0.0
active_power_discr,13.0,23.0,,,,,,14.0,0.0
active_power_discr,13.0,23.0,,,,,,15.0,0.0
active_power_discr,13.0,25.0,,,,,,1.0,0.0075778699824844125
active_power_discr,13.0,25.0,,,,,,2.0,0.013320281329628255
active_power_discr,13.0,25.0,,,,,,3.0,0.023414217334232015
active_power_discr,13.0,25.0,,,,,,4.0,0.041157206804276286
active_power_discr,13.0,25.0,,,,,,5.0,0.07234560300477912
active_power_discr,13.0,25.0,,,,,,6.0,0.12716816034224418
active_power_discr,13.0,25.0,,,,,,7.0,0.2235345388407699
active_power_discr,13.0,25.0,,,,,,8.0,0.2375949589948696
active_power_discr,13.0,25.0,,,,,,9.0,0.0
active_power_discr,13.0,25.0,,,,,,10.0,0.0
active_power_discr,13.0,25.0,,,,,,11.0,0.0
active_power_discr,13.0,25.0,,,,,,12.0,0.0
active_power_discr,13.0,25.0,,,,,,13.0,0.0
active_power_discr,13.0,25.0,,,,,,14.0,0.0
active_power_discr,13.0,25.0,,,,,,15.0,0.0
active_power_discr,13.0,29.0,,,,,,1.0,0.0075778699824844125
active_power_discr,13.0,29.0,,,,,,2.0,0.013320281329628255
active_power_discr,13.0,29.0,,,,,,3.0,0.023414217334232015
active_power_discr,13.0,29.0,,,,,,4.0,0.041157206804276286
active_power_discr,13.0,29.0,,,,,,5.0,0.07234560300477912
active_power_discr,13.0,29.0,,,,,,6.0,0.12716816034224418
active_power_discr,13.0,29.0,,,,,,7.0,0.04406320109050388
active_power_discr,13.0,29.0,,,,,,8.0,0.0
active_power_discr,13.0,29.0,,,,,,9.0,0.0
active_power_discr,13.0,29.0,,,,,,10.0,0.0
active_power_discr,13.0,29.0,,,,,,11.0,0.0
active_power_discr,13.0,29.0,,,,,,12.0,0.0
active_power_discr,13.0,29.0,,,,,,13.0,0.0
active_power_discr,13.0,29.0,,,,,,14.0,0.0
active_power_discr,13.0,29.0,,,,,,15.0,0.0
active_power_discr,13.0,30.0,,,,,,1.0,0.0075778699824844125
active_power_discr,13.0,30.0,,,,,,2.0,0.013320281329628255
active_power_discr,13.0,30.0,,,,,,3.0,0.023414217334232015
active_power_discr,13.0,30.0,,,,,,4.0,0.041157206804276286
active_power_discr,13.0,30.0,,,,,,5.0,0.07234560300477912
active_power_discr,13.0,30.0,,,,,,6.0,0.12716816034224418
active_power_discr,13.0,30.0,,,,,,7.0,0.2235345388407699
active_power_discr,13.0,30.0,,,,,,8.0,0.3929261060337663
active_power_discr,13.0,30.0,,,,,,9.0,0.18759963018164016
active_power_discr,13.0,30.0,,,,,,10.0,0.0
active_power_discr,13.0,30.0,,,,,,11.0,0.0
active_power_discr,13.0,30.0,,,,,,12.0,0.0
active_power_discr,13.0,30.0,,,,,,13.0,0.0
active_power_discr,13.0,30.0,,,,,,14.0,0.0
active_power_discr,13.0,30.0,,,,,,15.0,0.0
active_power_discr,14.0,20.0,,,,,,1.0,0.006893584279205828
active_power_discr,14.0,20.0,,,,,,2.0,0.0
active_power_discr,14.0,20.0,,,,,,3.0,0.0
active_power_discr,14.0,20.0,,,,,,4.0,0.0
active_power_discr,14.0,20.0,,,,,,5.0,0.0
active_power_discr,14.0,20.0,,,,,,6.0,0.0
active_power_discr,14.0,20.0,,,,,,7.0,0.0
active_power_discr,14.0,20.0,,,,,,8.0,0.0
active_power_discr,14.0,20.0,,,,,,9.0,0.0
active_power_discr,14.0,20.0,,,,,,10.0,0.0
active_power_discr,14.0,20.0,,,,,,11.0,0.0
active_power_discr,14.0,20.0,,,,,,12.0,0.0
active_power_discr,14.0,20.0,,,,,,13.0,0.0
active_power_discr,14.0,20.0,,,,,,14.0,0.0
active_power_discr,14.0,20.0,,,,,,15.0,0.0
active_power_discr,14.0,22.0,,,,,,1.0,0.003811904963134563
active_power_discr,14.0,22.0,,,,,,2.0,0.005264966907931571
active_power_discr,14.0,22.0,,,,,,3.0,0.004916221874466482
active_power_discr,14.0,22.0,,,,,,4.0,0.0
active_power_discr,14.0,22.0,,,,,,5.0,0.0
active_power_discr,14.0,22.0,,,,,,6.0,0.0
active_power_discr,14.0,22.0,,,,,,7.0,0.0
active_power_discr,14.0,22.0,,,,,,8.0,0.0
active_power_discr,14.0,22.0,,,,,,9.0,0.0
active_power_discr,14.0,22.0,,,,,,10.0,0.0
active_power_discr,14.0,22.0,,,,,,11.0,0.0
active_power_discr,14.0,22.0,,,,,,12.0,0.0
active_power_discr,14.0,22.0,,,,,,13.0,0.0
active_power_discr,14.0,22.0,,,,,,14.0,0.0
active_power_discr,14.0,22.0,,,,,,15.0,0.0
active_power_discr,14.0,23.0,,,,,,1.0,0.0075778699824844125
active_power_discr,14.0,23.0,,,,,,2.0,0.013320281329628255
active_power_discr,14.0,23.0,,,,,,3.0,0.023414217334232015
active_power_discr,14.0,23.0,,,,,,4.0,0.041157206804276286
active_power_discr,14.0,23.0,,,,,,5.0,0.07234560300477912
active_power_discr,14.0,23.0,,,,,,6.0,0.12716816034224418
active_power_discr,14.0,23.0,,,,,,7.0,0.2235345388407699
active_power_discr,14.0,23.0,,,,,,8.0,0.24179005162376876
active_power_discr,14.0,23.0,,,,,,9.0,0.0
active_power_discr,14.0,23.0,,,,,,10.0,0.0
active_power_discr,14.0,23.0,,,,,,11.0,0.0
active_power_discr,14.0,23.0,,,,,,12.0,0.0
active_power_discr,14.0,23.0,,,,,,13.0,0.0
active_power_discr,14.0,23.0,,,,,,14.0,0.0
active_power_discr,14.0,23.0,,,,,,15.0,0.0
active_power_discr,14.0,25.0,,,,,,1.0,0.0075778699824844125
active_power_discr,14.0,25.0,,,,,,2.0,0.013320281329628255
active_power_discr,14.0,25.0,,,,,,3.0,0.023414217334232015
active_power_discr,14.0,25.0,,,,,,4.0,0.041157206804276286
active_power_discr,14.0,25.0,,,,,,5.0,0.07234560300477912
active_power_discr,14.0,25.0,,,,,,6.0,0.12716816034224418
active_power_discr,14.0,25.0,,,,,,7.0,0.2235345388407699
active_power_discr,14.0,25.0,,,,,,8.0,0.24184588978760724
active_power_discr,14.0,25.0,,,,,,9.0,0.0
active_power_discr,14.0,25.0,,,,,,10.0,0.0
active_power_discr,14.0,25.0,,,,,,11.0,0.0
active_power_discr,14.0,25.0,,,,,,12.0,0.0
active_power_discr,14.0,25.0,,,,,,13.0,0.0
active_power_discr,14.0,25.0,,,,,,14.0,0.0
active_power_discr,14.0,25.0,,,,,,15.0,0.0
active_power_discr,14.0,29.0,,,,,,1.0,0.0075778699824844125
active_power_discr,14.0,29.0,,,,,,2.0,0.013320281329628255
active_power_discr,14.0,29.0,,,,,,3.0,0.023414217334232015
active_power_discr,14.0,29.0,,,,,,4.0,0.041157206804276286
active_power_discr,14.0,29.0,,,,,,5.0,0.07234560300477912
active_power_discr,14.0,29.0,,,,,,6.0,0.12716816034224418
active_power_discr,14.0,29.0,,,,,,7.0,0.04544904285732554
active_power_discr,14.0,29.0,,,,,,8.0,0.0
active_power_discr,14.0,29.0,,,,,,9.0,0.0
active_power_discr,14.0,29.0,,,,,,10.0,0.0
active_power_discr,14.0,29.0,,,,,,11.0,0.0
active_power_discr,14.0,29.0,,,,,,12.0,0.0
active_power_discr,14.0,29.0,,,,,,13.0,0.0
active_power_discr,14.0,29.0,,,,,,14.0,0.0
active_power_discr,14.0,29.0,,,,,,15.0,0.0
active_power_discr,14.0,30.0,,,,,,1.0,0.0075778699824844125
active_power_discr,14.0,30.0,,,,,,2.0,0.013320281329628255
active_power_discr,14.0,30.0,,,,,,3.0,0.023414217334232015
active_power_discr,14.0,30.0,,,,,,4.0,0.041157206804276286
active_power_discr,14.0,30.0,,,,,,5.0,0.07234560300477912
active_power_discr,14.0,30.0,,,,,,6.0,0.12716816034224418
active_power_discr,14.0,30.0,,,,,,7.0,0.2235345388407699
active_power_discr,14.0,30.0,,,,,,8.0,0.3929261060337663
active_power_discr,14.0,30.0,,,,,,9.0,0.19376073417930784
active_power_discr,14.0,30.0,,,,,,10.0,0.0
active_power_discr,14.0,30.0,,,,,,11.0,0.0
active_power_discr,14.0,30.0,,,,,,12.0,0.0
active_power_discr,14.0,30.0,,,,,,13.0,0.0
active_power_discr,14.0,30.0,,,,,,14.0,0.0
active_power_discr,14.0,30.0,,,,,,15.0,0.0
active_power_discr,15.0,20.0,,,,,,1.0,0.0075778699824844125
active_power_discr,15.0,20.0,,,,,,2.0,0.0005352402028036361
active_power_discr,15.0,20.0,,,,,,3.0,0.0
active_power_discr,15.0,20.0,,,,,,4.0,0.0
active_power_discr,15.0,20.0,,,,,,5.0,0.0
active_power_discr,15.0,20.0,,,,,,6.0,0.0
active_power_discr,15.0,20.0,,,,,,7.0,0.0
active_power_discr,15.0,20.0,,,,,,8.0,0.0
active_power_discr,15.0,20.0,,,,,,9.0,0.0
active_power_discr,15.0,20.0,,,,,,10.0,0.0
active_power_discr,15.0,20.0,,,,,,11.0,0.0
active_power_discr,15.0,20.0,,,,,,12.0,0.0
active_power_discr,15.0,20.0,,,,,,13.0,0.0
active_power_discr,15.0,20.0,,,,,,14.0,0.0
active_power_discr,15.0,20.0,,,,,,15.0,0.0
active_power_discr,15.0,22.0,,,,,,1.0,0.003811904963134563
active_power_discr,15.0,22.0,,,,,,2.0,0.005264966907931571
active_power_discr,15.0,22.0,,,,,,3.0,0.005322850441073564
active_power_discr,15.0,22.0,,,,,,4.0,0.0
active_power_discr,15.0,22.0,,,,,,5.0,0.0
active_power_discr,15.0,22.0,,,,,,6.0,0.0
active_power_discr,15.0,22.0,,,,,,7.0,0.0
active_power_discr,15.0,22.0,,,,,,8.0,0.0
active_power_discr,15.0,22.0,,,,,,9.0,0.0
active_power_discr,15.0,22.0,,,,,,10.0,0.0
active_power_discr,15.0,22.0,,,,,,11.0,0.0
active_power_discr,15.0,22.0,,,,,,12.0,0.0
active_power_discr,15.0,22.0,,,,,,13.0,0.0
active_power_discr,15.0,22.0,,,,,,14.0,0.0
active_power_discr,15.0,22.0,,,,,,15.0,0.0
active_power_discr,15.0,23.0,,,,,,1.0,0.0075778699824844125
active_power_discr,15.0,23.0,,,,,,2.0,0.013320281329628255
active_power_discr,15.0,23.0,,,,,,3.0,0.023414217334232015
active_power_discr,15.0,23.0,,,,,,4.0,0.041157206804276286
active_power_discr,15.0,23.0,,,,,,5.0,0.07234560300477912
active_power_discr,15.0,23.0,,,,,,6.0,0.12716816034224418
active_power_discr,15.0,23.0,,,,,,7.0,0.2235345388407699
active_power_discr,15.0,23.0,,,,,,8.0,0.24543928952985095
active_power_discr,15.0,23.0,,,,,,9.0,0.0
active_power_discr,15.0,23.0,,,,,,10.0,0.0
active_power_discr,15.0,23.0,,,,,,11.0,0.0
active_power_discr,15.0,23.0,,,,,,12.0,0.0
active_power_discr,15.0,23.0,,,,,,13.0,0.0
active_power_discr,15.0,23.0,,,,,,14.0,0.0
active_power_discr,15.0,23.0,,,,,,15.0,0.0
active_power_discr,15.0,25.0,,,,,,1.0,0.0075778699824844125
active_power_discr,15.0,25.0,,,,,,2.0,0.013320281329628255
active_power_discr,15.0,25.0,,,,,,3.0,0.023414217334232015
active_power_discr,15.0,25.0,,,,,,4.0,0.041157206804276286
active_power_discr,15.0,25.0,,,,,,5.0,0.07234560300477912
active_power_discr,15.0,25.0,,,,,,6.0,0.12716816034224418
active_power_discr,15.0,25.0,,,,,,7.0,0.2235345388407699
active_power_discr,15.0,25.0,,,,,,8.0,0.24549585001581264
active_power_discr,15.0,25.0,,,,,,9.0,0.0
active_power_discr,15.0,25.0,,,,,,10.0,0.0
active_power_discr,15.0,25.0,,,,,,11.0,0.0
active_power_discr,15.0,25.0,,,,,,12.0,0.0
active_power_discr,15.0,25.0,,,,,,13.0,0.0
active_power_discr,15.0,25.0,,,,,,14.0,0.0
active_power_discr,15.0,25.0,,,,,,15.0,0.0
active_power_discr,15.0,29.0,,,,,,1.0,0.0075778699824844125
active_power_discr,15.0,29.0,,,,,,2.0,0.013320281329628255
active_power_discr,15.0,29.0,,,,,,3.0,0.023414217334232015
active_power_discr,15.0,29.0,,,,,,4.0,0.041157206804276286
active_power_discr,15.0,29.0,,,,,,5.0,0.07234560300477912
active_power_discr,15.0,29.0,,,,,,6.0,0.12716816034224418
active_power_discr,15.0,29.0,,,,,,7.0,0.04652917835559317
active_power_discr,15.0,29.0,,,,,,8.0,0.0
active_power_discr,15.0,29.0,,,,,,9.0,0.0
active_power_discr,15.0,29.0,,,,,,10.0,0.0
active_power_discr,15.0,29.0,,,,,,11.0,0.0
active_power_discr,15.0,29.0,,,,,,12.0,0.0
active_power_discr,15.0,29.0,,,,,,13.0,0.0
active_power_discr,15.0,29.0,,,,,,14.0,0.0
active_power_discr,15.0,29.0,,,,,,15.0,0.0
active_power_discr,15.0,30.0,,,,,,1.0,0.0075778699824844125
active_power_discr,15.0,30.0,,,,,,2.0,0.013320281329628255
active_power_discr,15.0,30.0,,,,,,3.0,0.023414217334232015
active_power_discr,15.0,30.0,,,,,,4.0,0.041157206804276286
active_power_discr,15.0,30.0,,,,,,5.0,0.07234560300477912
active_power_discr,15.0,30.0,,,,,,6.0,0.12716816034224418
active_power_discr,15.0,30.0,,,,,,7.0,0.2235345388407699
active_power_discr,15.0,30.0,,,,,,8.0,0.3929261060337663
active_power_discr,15.0,30.0,,,,,,9.0,0.19890259483005748
active_power_discr,15.0,30.0,,,,,,10.0,0.0
active_power_discr,15.0,30.0,,,,,,11.0,0.0
active_power_discr,15.0,30.0,,,,,,12.0,0.0
active_power_discr,15.0,30.0,,,,,,13.0,0.0
active_power_discr,15.0,30.0,,,,,,14.0,0.0
active_power_discr,15.0,30.0,,,,,,15.0,0.0
active_power_discr,16.0,20.0,,,,,,1.0,0.0075778699824844125
active_power_discr,16.0,20.0,,,,,,2.0,0.0014205287153076923
active_power_discr,16.0,20.0,,,,,,3.0,0.0
active_power_discr,16.0,20.0,,,,,,4.0,0.0
active_power_discr,16.0,20.0,,,,,,5.0,0.0
active_power_discr,16.0,20.0,,,,,,6.0,0.0
active_power_discr,16.0,20.0,,,,,,7.0,0.0
active_power_discr,16.0,20.0,,,,,,8.0,0.0
active_power_discr,16.0,20.0,,,,,,9.0,0.0
active_power_discr,16.0,20.0,,,,,,10.0,0.0
active_power_discr,16.0,20.0,,,,,,11.0,0.0
active_power_discr,16.0,20.0,,,,,,12.0,0.0
active_power_discr,16.0,20.0,,,,,,13.0,0.0
active_power_discr,16.0,20.0,,,,,,14.0,0.0
active_power_discr,16.0,20.0,,,,,,15.0,0.0
active_power_discr,16.0,22.0,,,,,,1.0,0.003811904963134563
active_power_discr,16.0,22.0,,,,,,2.0,0.005264966907931571
active_power_discr,16.0,22.0,,,,,,3.0,0.005573068969972466
active_power_discr,16.0,22.0,,,,,,4.0,0.0
active_power_discr,16.0,22.0,,,,,,5.0,0.0
active_power_discr,16.0,22.0,,,,,,6.0,0.0
active_power_discr,16.0,22.0,,,,,,7.0,0.0
active_power_discr,16.0,22.0,,,,,,8.0,0.0
active_power_discr,16.0,22.0,,,,,,9.0,0.0
active_power_discr,16.0,22.0,,,,,,10.0,0.0
active_power_discr,16.0,22.0,,,,,,11.0,0.0
active_power_discr,16.0,22.0,,,,,,12.0,0.0
active_power_discr,16.0,22.0,,,,,,13.0,0.0
active_power_discr,16.0,22.0,,,,,,14.0,0.0
active_power_discr,16.0,22.0,,,,,,15.0,0.0
active_power_discr,16.0,23.0,,,,,,1.0,0.0075778699824844125
active_power_discr,16.0,23.0,,,,,,2.0,0.013320281329628255
active_power_discr,16.0,23.0,,,,,,3.0,0.023414217334232015
active_power_discr,16.0,23.0,,,,,,4.0,0.041157206804276286
active_power_discr,16.0,23.0,,,,,,5.0,0.07234560300477912
active_power_discr,16.0,23.0,,,,,,6.0,0.12716816034224418
active_power_discr,16.0,23.0,,,,,,7.0,0.2235345388407699
active_power_discr,16.0,23.0,,,,,,8.0,0.24996874245165682
active_power_discr,16.0,23.0,,,,,,9.0,0.0
active_power_discr,16.0,23.0,,,,,,10.0,0.0
active_power_discr,16.0,23.0,,,,,,11.0,0.0
active_power_discr,16.0,23.0,,,,,,12.0,0.0
active_power_discr,16.0,23.0,,,,,,13.0,0.0
active_power_discr,16.0,23.0,,,,,,14.0,0.0
active_power_discr,16.0,23.0,,,,,,15.0,0.0
active_power_discr,16.0,25.0,,,,,,1.0,0.0075778699824844125
active_power_discr,16.0,25.0,,,,,,2.0,0.013320281329628255
active_power_discr,16.0,25.0,,,,,,3.0,0.023414217334232015
active_power_discr,16.0,25.0,,,,,,4.0,0.041157206804276286
active_power_discr,16.0,25.0,,,,,,5.0,0.07234560300477912
active_power_discr,16.0,25.0,,,,,,6.0,0.12716816034224418
active_power_discr,16.0,25.0,,,,,,7.0,0.2235345388407699
active_power_discr,16.0,25.0,,,,,,8.0,0.2500261876399871
active_power_discr,16.0,25.0,,,,,,9.0,0.0
active_power_discr,16.0,25.0,,,,,,10.0,0.0
active_power_discr,16.0,25.0,,,,,,11.0,0.0
active_power_discr,16.0,25.0,,,,,,12.0,0.0
active_power_discr,16.0,25.0,,,,,,13.0,0.0
active_power_discr,16.0,25.0,,,,,,14.0,0.0
active_power_discr,16.0,25.0,,,,,,15.0,0.0
active_power_discr,16.0,29.0,,,,,,1.0,0.0075778699824844125
active_power_discr,16.0,29.0,,,,,,2.0,0.013320281329628255
active_power_discr,16.0,29.0,,,,,,3.0,0.023414217334232015
active_power_discr,16.0,29.0,,,,,,4.0,0.041157206804276286
active_power_discr,16.0,29.0,,,,,,5.0,0.07234560300477912
active_power_discr,16.0,29.0,,,,,,6.0,0.12716816034224418
active_power_discr,16.0,29.0,,,,,,7.0,0.04814915014503296
active_power_discr,16.0,29.0,,,,,,8.0,0.0
active_power_discr,16.0,29.0,,,,,,9.0,0.0
active_power_discr,16.0,29.0,,,,,,10.0,0.0
active_power_discr,16.0,29.0,,,,,,11.0,0.0
active_power_discr,16.0,29.0,,,,,,12.0,0.0
active_power_discr,16.0,29.0,,,,,,13.0,0.0
active_power_discr,16.0,29.0,,,,,,14.0,0.0
active_power_discr,16.0,29.0,,,,,,15.0,0.0
active_power_discr,16.0,30.0,,,,,,1.0,0.0075778699824844125
active_power_discr,16.0,30.0,,,,,,2.0,0.013320281329628255
active_power_discr,16.0,30.0,,,,,,3.0,0.023414217334232015
active_power_discr,16.0,30.0,,,,,,4.0,0.041157206804276286
active_power_discr,16.0,30.0,,,,,,5.0,0.07234560300477912
active_power_discr,16.0,30.0,,,,,,6.0,0.12716816034224418
active_power_discr,16.0,30.0,,,,,,7.0,0.2235345388407699
active_power_discr,16.0,30.0,,,,,,8.0,0.3929261060337663
active_power_discr,16.0,30.0,,,,,,9.0,0.20530933312532235
active_power_discr,16.0,30.0,,,,,,10.0,0.0
active_power_discr,16.0,30.0,,,,,,11.0,0.0
active_power_discr,16.0,30.0,,,,,,12.0,0.0
active_power_discr,16.0,30.0,,,,,,13.0,0.0
active_power_discr,16.0,30.0,,,,,,14.0,0.0
active_power_discr,16.0,30.0,,,,,,15.0,0.0
active_power_discr,17.0,20.0,,,,,,1.0,0.005128844077850221
active_power_discr,17.0,20.0,,,,,,2.0,0.0
active_power_discr,17.0,20.0,,,,,,3.0,0.0
active_power_discr,17.0,20.0,,,,,,4.0,0.0
active_power_discr,17.0,20.0,,,,,,5.0,0.0
active_power_discr,17.0,20.0,,,,,,6.0,0.0
active_power_discr,17.0,20.0,,,,,,7.0,0.0
active_power_discr,17.0,20.0,,,,,,8.0,0.0
active_power_discr,17.0,20.0,,,,,,9.0,0.0
active_power_discr,17.0,20.0,,,,,,10.0,0.0
active_power_discr,17.0,20.0,,,,,,11.0,0.0
active_power_discr,17.0,20.0,,,,,,12.0,0.0
active_power_discr,17.0,20.0,,,,,,13.0,0.0
active_power_discr,17.0,20.0,,,,,,14.0,0.0
active_power_discr,17.0,20.0,,,,,,15.0,0.0
active_power_discr,17.0,22.0,,,,,,1.0,0.003811904963134563
active_power_discr,17.0,22.0,,,,,,2.0,0.005264966907931571
active_power_discr,17.0,22.0,,,,,,3.0,0.005677376064705782
active_power_discr,17.0,22.0,,,,,,4.0,0.0
active_power_discr,17.0,22.0,,,,,,5.0,0.0
active_power_discr,17.0,22.0,,,,,,6.0,0.0
active_power_discr,17.0,22.0,,,,,,7.0,0.0
active_power_discr,17.0,22.0,,,,,,8.0,0.0
active_power_discr,17.0,22.0,,,,,,9.0,0.0
active_power_discr,17.0,22.0,,,,,,10.0,0.0
active_power_discr,17.0,22.0,,,,,,11.0,0.0
active_power_discr,17.0,22.0,,,,,,12.0,0.0
active_power_discr,17.0,22.0,,,,,,13.0,0.0
active_power_discr,17.0,22.0,,,,,,14.0,0.0
active_power_discr,17.0,22.0,,,,,,15.0,0.0
active_power_discr,17.0,23.0,,,,,,1.0,0.0075778699824844125
active_power_discr,17.0,23.0,,,,,,2.0,0.013320281329628255
active_power_discr,17.0,23.0,,,,,,3.0,0.023414217334232015
active_power_discr,17.0,23.0,,,,,,4.0,0.041157206804276286
active_power_discr,17.0,23.0,,,,,,5.0,0.07234560300477912
active_power_discr,17.0,23.0,,,,,,6.0,0.12716816034224418
active_power_discr,17.0,23.0,,,,,,7.0,0.2235345388407699
active_power_discr,17.0,23.0,,,,,,8.0,0.04066679346215954
active_power_discr,17.0,23.0,,,,,,9.0,0.0
active_power_discr,17.0,23.0,,,,,,10.0,0.0
active_power_discr,17.0,23.0,,,,,,11.0,0.0
active_power_discr,17.0,23.0,,,,,,12.0,0.0
active_power_discr,17.0,23.0,,,,,,13.0,0.0
active_power_discr,17.0,23.0,,,,,,14.0,0.0
active_power_discr,17.0,23.0,,,,,,15.0,0.0
active_power_discr,17.0,25.0,,,,,,1.0,0.0075778699824844125
active_power_discr,17.0,25.0,,,,,,2.0,0.013320281329628255
active_power_discr,17.0,25.0,,,,,,3.0,0.023414217334232015
active_power_discr,17.0,25.0,,,,,,4.0,0.041157206804276286
active_power_discr,17.0,25.0,,,,,,5.0,0.07234560300477912
active_power_discr,17.0,25.0,,,,,,6.0,0.12716816034224418
active_power_discr,17.0,25.0,,,,,,7.0,0.2235345388407699
active_power_discr,17.0,25.0,,,,,,8.0,0.04069709190423221
active_power_discr,17.0,25.0,,,,,,9.0,0.0
active_power_discr,17.0,25.0,,,,,,10.0,0.0
active_power_discr,17.0,25.0,,,,,,11.0,0.0
active_power_discr,17.0,25.0,,,,,,12.0,0.0
active_power_discr,17.0,25.0,,,,,,13.0,0.0
active_power_discr,17.0,25.0,,,,,,14.0,0.0
active_power_discr,17.0,25.0,,,,,,15.0,0.0
active_power_discr,17.0,29.0,,,,,,1.0,0.0075778699824844125
active_power_discr,17.0,29.0,,,,,,2.0,0.013320281329628255
active_power_discr,17.0,29.0,,,,,,3.0,0.023414217334232015
active_power_discr,17.0,29.0,,,,,,4.0,0.041157206804276286
active_power_discr,17.0,29.0,,,,,,5.0,0.07234560300477912
active_power_discr,17.0,29.0,,,,,,6.0,0.08400165583805777
active_power_discr,17.0,29.0,,,,,,7.0,0.0
active_power_discr,17.0,29.0,,,,,,8.0,0.0
active_power_discr,17.0,29.0,,,,,,9.0,0.0
active_power_discr,17.0,29.0,,,,,,10.0,0.0
active_power_discr,17.0,29.0,,,,,,11.0,0.0
active_power_discr,17.0,29.0,,,,,,12.0,0.0
active_power_discr,17.0,29.0,,,,,,13.0,0.0
active_power_discr,17.0,29.0,,,,,,14.0,0.0
active_power_discr,17.0,29.0,,,,,,15.0,0.0
active_power_discr,17.0,30.0,,,,,,1.0,0.0075778699824844125
active_power_discr,17.0,30.0,,,,,,2.0,0.013320281329628255
active_power_discr,17.0,30.0,,,,,,3.0,0.023414217334232015
active_power_discr,17.0,30.0,,,,,,4.0,0.041157206804276286
active_power_discr,17.0,30.0,,,,,,5.0,0.07234560300477912
active_power_discr,17.0,30.0,,,,,,6.0,0.12716816034224418
active_power_discr,17.0,30.0,,,,,,7.0,0.2235345388407699
active_power_discr,17.0,30.0,,,,,,8.0,0.2974934738353338
active_power_discr,17.0,30.0,,,,,,9.0,0.0
active_power_discr,17.0,30.0,,,,,,10.0,0.0
active_power_discr,17.0,30.0,,,,,,11.0,0.0
active_power_discr,17.0,30.0,,,,,,12.0,0.0
active_power_discr,17.0,30.0,,,,,,13.0,0.0
active_power_discr,17.0,30.0,,,,,,14.0,0.0
active_power_discr,17.0,30.0,,,,,,15.0,0.0
active_power_discr,18.0,20.0,,,,,,1.0,0.0021950301298291983
active_power_discr,18.0,20.0,,,,,,2.0,0.0
active_power_discr,18.0,20.0,,,,,,3.0,0.0
active_power_discr,18.0,20.0,,,,,,4.0,0.0
active_power_discr,18.0,20.0,,,,,,5.0,0.0
active_power_discr,18.0,20.0,,,,,,6.0,0.0
active_power_discr,18.0,20.0,,,,,,7.0,0.0
active_power_discr,18.0,20.0,,,,,,8.0,0.0
active_power_discr,18.0,20.0,,,,,,9.0,0.0
active_power_discr,18.0,20.0,,,,,,10.0,0.0
active_power_discr,18.0,20.0,,,,,,11.0,0.0
active_power_discr,18.0,20.0,,,,,,12.0,0.0
active_power_discr,18.0,20.0,,,,,,13.0,0.0
active_power_discr,18.0,20.0,,,,,,14.0,0.0
active_power_discr,18.0,20.0,,,,,,15.0,0.0
active_power_discr,18.0,22.0,,,,,,1.0,0.003811904963134563
active_power_discr,18.0,22.0,,,,,,2.0,0.005264966907931571
active_power_discr,18.0,22.0,,,,,,3.0,0.005727451994875366
active_power_discr,18.0,22.0,,,,,,4.0,0.0
active_power_discr,18.0,22.0,,,,,,5.0,0.0
active_power_discr,18.0,22.0,,,,,,6.0,0.0
active_power_discr,18.0,22.0,,,,,,7.0,0.0
active_power_discr,18.0,22.0,,,,,,8.0,0.0
active_power_discr,18.0,22.0,,,,,,9.0,0.0
active_power_discr,18.0,22.0,,,,,,10.0,0.0
active_power_discr,18.0,22.0,,,,,,11.0,0.0
active_power_discr,18.0,22.0,,,,,,12.0,0.0
active_power_discr,18.0,22.0,,,,,,13.0,0.0
active_power_discr,18.0,22.0,,,,,,14.0,0.0
active_power_discr,18.0,22.0,,,,,,15.0,0.0
active_power_discr,18.0,23.0,,,,,,1.0,0.0075778699824844125
active_power_discr,18.0,23.0,,,,,,2.0,0.013320281329628255
active_power_discr,18.0,23.0,,,,,,3.0,0.023414217334232015
active_power_discr,18.0,23.0,,,,,,4.0,0.041157206804276286
active_power_discr,18.0,23.0,,,,,,5.0,0.07234560300477912
active_power_discr,18.0,23.0,,,,,,6.0,0.12716816034224418
active_power_discr,18.0,23.0,,,,,,7.0,0.19082973321701688
active_power_discr,18.0,23.0,,,,,,8.0,0.0
active_power_discr,18.0,23.0,,,,,,9.0,0.0
active_power_discr,18.0,23.0,,,,,,10.0,0.0
active_power_discr,18.0,23.0,,,,,,11.0,0.0
active_power_discr,18.0,23.0,,,,,,12.0,0.0
active_power_discr,18.0,23.0,,,,,,13.0,0.0
active_power_discr,18.0,23.0,,,,,,14.0,0.0
active_power_discr,18.0,23.0,,,,,,15.0,0.0
active_power_discr,18.0,25.0,,,,,,1.0,0.0075778699824844125
active_power_discr,18.0,25.0,,,,,,2.0,0.013320281329628255
active_power_discr,18.0,25.0,,,,,,3.0,0.023414217334232015
active_power_discr,18.0,25.0,,,,,,4.0,0.041157206804276286
active_power_discr,18.0,25.0,,,,,,5.0,0.07234560300477912
active_power_discr,18.0,25.0,,,,,,6.0,0.12716816034224418
active_power_discr,18.0,25.0,,,,,,7.0,0.1908524963398801
active_power_discr,18.0,25.0,,,,,,8.0,0.0
active_power_discr,18.0,25.0,,,,,,9.0,0.0
active_power_discr,18.0,25.0,,,,,,10.0,0.0
active_power_discr,18.0,25.0,,,,,,11.0,0.0
active_power_discr,18.0,25.0,,,,,,12.0,0.0
active_power_discr,18.0,25.0,,,,,,13.0,0.0
active_power_discr,18.0,25.0,,,,,,14.0,0.0
active_power_discr,18.0,25.0,,,,,,15.0,0.0
active_power_discr,18.0,29.0,,,,,,1.0,0.0075778699824844125
active_power_discr,18.0,29.0,,,,,,2.0,0.013320281329628255
active_power_discr,18.0,29.0,,,,,,3.0,0.023414217334232015
active_power_discr,18.0,29.0,,,,,,4.0,0.041157206804276286
active_power_discr,18.0,29.0,,,,,,5.0,0.07234560300477912
active_power_discr,18.0,29.0,,,,,,6.0,0.05269286161222714
active_power_discr,18.0,29.0,,,,,,7.0,0.0
active_power_discr,18.0,29.0,,,,,,8.0,0.0
active_power_discr,18.0,29.0,,,,,,9.0,0.0
active_power_discr,18.0,29.0,,,,,,10.0,0.0
active_power_discr,18.0,29.0,,,,,,11.0,0.0
active_power_discr,18.0,29.0,,,,,,12.0,0.0
active_power_discr,18.0,29.0,,,,,,13.0,0.0
active_power_discr,18.0,29.0,,,,,,14.0,0.0
active_power_discr,18.0,29.0,,,,,,15.0,0.0
active_power_discr,18.0,30.0,,,,,,1.0,0.0075778699824844125
active_power_discr,18.0,30.0,,,,,,2.0,0.013320281329628255
active_power_discr,18.0,30.0,,,,,,3.0,0.023414217334232015
active_power_discr,18.0,30.0,,,,,,4.0,0.041157206804276286
active_power_discr,18.0,30.0,,,,,,5.0,0.07234560300477912
active_power_discr,18.0,30.0,,,,,,6.0,0.12716816034224418
active_power_discr,18.0,30.0,,,,,,7.0,0.2235345388407699
active_power_discr,18.0,30.0,,,,,,8.0,0.19280690533040995
active_power_discr,18.0,30.0,,,,,,9.0,0.0
active_power_discr,18.0,30.0,,,,,,10.0,0.0
active_power_discr,18.0,30.0,,,,,,11.0,0.0
active_power_discr,18.0,30.0,,,,,,12.0,0.0
active_power_discr,18.0,30.0,,,,,,13.0,0.0
active_power_discr,18.0,30.0,,,,,,14.0,0.0
active_power_discr,18.0,30.0,,,,,,15.0,0.0
active_power_discr,19.0,20.0,,,,,,1.0,0.0019144375772197483
active_power_discr,19.0,20.0,,,,,,2.0,0.0
active_power_discr,19.0,20.0,,,,,,3.0,0.0
active_power_discr,19.0,20.0,,,,,,4.0,0.0
active_power_discr,19.0,20.0,,,,,,5.0,0.0
active_power_discr,19.0,20.0,,,,,,6.0,0.0
active_power_discr,19.0,20.0,,,,,,7.0,0.0
active_power_discr,19.0,20.0,,,,,,8.0,0.0
active_power_discr,19.0,20.0,,,,,,9.0,0.0
active_power_discr,19.0,20.0,,,,,,10.0,0.0
active_power_discr,19.0,20.0,,,,,,11.0,0.0
active_power_discr,19.0,20.0,,,,,,12.0,0.0
active_power_discr,19.0,20.0,,,,,,13.0,0.0
active_power_discr,19.0,20.0,,,,,,14.0,0.0
active_power_discr,19.0,20.0,,,,,,15.0,0.0
active_power_discr,19.0,22.0,,,,,,1.0,0.003811904963134563
active_power_discr,19.0,22.0,,,,,,2.0,0.005264966907931571
active_power_discr,19.0,22.0,,,,,,3.0,0.00574131972578283
active_power_discr,19.0,22.0,,,,,,4.0,0.0
active_power_discr,19.0,22.0,,,,,,5.0,0.0
active_power_discr,19.0,22.0,,,,,,6.0,0.0
active_power_discr,19.0,22.0,,,,,,7.0,0.0
active_power_discr,19.0,22.0,,,,,,8.0,0.0
active_power_discr,19.0,22.0,,,,,,9.0,0.0
active_power_discr,19.0,22.0,,,,,,10.0,0.0
active_power_discr,19.0,22.0,,,,,,11.0,0.0
active_power_discr,19.0,22.0,,,,,,12.0,0.0
active_power_discr,19.0,22.0,,,,,,13.0,0.0
active_power_discr,19.0,22.0,,,,,,14.0,0.0
active_power_discr,19.0,22.0,,,,,,15.0,0.0
active_power_discr,19.0,23.0,,,,,,1.0,0.0075778699824844125
active_power_discr,19.0,23.0,,,,,,2.0,0.013320281329628255
active_power_discr,19.0,23.0,,,,,,3.0,0.023414217334232015
active_power_discr,19.0,23.0,,,,,,4.0,0.041157206804276286
active_power_discr,19.0,23.0,,,,,,5.0,0.07234560300477912
active_power_discr,19.0,23.0,,,,,,6.0,0.12716816034224418
active_power_discr,19.0,23.0,,,,,,7.0,0.19158134241559144
active_power_discr,19.0,23.0,,,,,,8.0,0.0
active_power_discr,19.0,23.0,,,,,,9.0,0.0
active_power_discr,19.0,23.0,,,,,,10.0,0.0
active_power_discr,19.0,23.0,,,,,,11.0,0.0
active_power_discr,19.0,23.0,,,,,,12.0,0.0
active_power_discr,19.0,23.0,,,,,,13.0,0.0
active_power_discr,19.0,23.0,,,,,,14.0,0.0
active_power_discr,19.0,23.0,,,,,,15.0,0.0
active_power_discr,19.0,25.0,,,,,,1.0,0.0075778699824844125
active_power_discr,19.0,25.0,,,,,,2.0,0.013320281329628255
active_power_discr,19.0,25.0,,,,,,3.0,0.023414217334232015
active_power_discr,19.0,25.0,,,,,,4.0,0.041157206804276286
active_power_discr,19.0,25.0,,,,,,5.0,0.07234560300477912
active_power_discr,19.0,25.0,,,,,,6.0,0.12716816034224418
active_power_discr,19.0,25.0,,,,,,7.0,0.1916055238825386
active_power_discr,19.0,25.0,,,,,,8.0,0.0
active_power_discr,19.0,25.0,,,,,,9.0,0.0
active_power_discr,19.0,25.0,,,,,,10.0,0.0
active_power_discr,19.0,25.0,,,,,,11.0,0.0
active_power_discr,19.0,25.0,,,,,,12.0,0.0
active_power_discr,19.0,25.0,,,,,,13.0,0.0
active_power_discr,19.0,25.0,,,,,,14.0,0.0
active_power_discr,19.0,25.0,,,,,,15.0,0.0
active_power_discr,19.0,29.0,,,,,,1.0,0.0075778699824844125
active_power_discr,19.0,29.0,,,,,,2.0,0.013320281329628255
active_power_discr,19.0,29.0,,,,,,3.0,0.023414217334232015
active_power_discr,19.0,29.0,,,,,,4.0,0.041157206804276286
active_power_discr,19.0,29.0,,,,,,5.0,0.07234560300477912
active_power_discr,19.0,29.0,,,,,,6.0,0.053152464653130116
active_power_discr,19.0,29.0,,,,,,7.0,0.0
active_power_discr,19.0,29.0,,,,,,8.0,0.0
active_power_discr,19.0,29.0,,,,,,9.0,0.0
active_power_discr,19.0,29.0,,,,,,10.0,0.0
active_power_discr,19.0,29.0,,,,,,11.0,0.0
active_power_discr,19.0,29.0,,,,,,12.0,0.0
active_power_discr,19.0,29.0,,,,,,13.0,0.0
active_power_discr,19.0,29.0,,,,,,14.0,0.0
active_power_discr,19.0,29.0,,,,,,15.0,0.0
active_power_discr,19.0,30.0,,,,,,1.0,0.0075778699824844125
active_power_discr,19.0,30.0,,,,,,2.0,0.013320281329628255
active_power_discr,19.0,30.0,,,,,,3.0,0.023414217334232015
active_power_discr,19.0,30.0,,,,,,4.0,0.041157206804276286
active_power_discr,19.0,30.0,,,,,,5.0,0.07234560300477912
active_power_discr,19.0,30.0,,,,,,6.0,0.12716816034224418
active_power_discr,19.0,30.0,,,,,,7.0,0.2235345388407699
active_power_discr,19.0,30.0,,,,,,8.0,0.19404594126060928
active_power_discr,19.0,30.0,,,,,,9.0,0.0
active_power_discr,19.0,30.0,,,,,,10.0,0.0
active_power_discr,19.0,30.0,,,,,,11.0,0.0
active_power_discr,19.0,30.0,,,,,,12.0,0.0
active_power_discr,19.0,30.0,,,,,,13.0,0.0
active_power_discr,19.0,30.0,,,,,,14.0,0.0
active_power_discr,19.0,30.0,,,,,,15.0,0.0
active_power_discr,20.0,20.0,,,,,,1.0,0.001914857208052667
active_power_discr,20.0,20.0,,,,,,2.0,0.0
active_power_discr,20.0,20.0,,,,,,3.0,0.0
active_power_discr,20.0,20.0,,,,,,4.0,0.0
active_power_discr,20.0,20.0,,,,,,5.0,0.0
active_power_discr,20.0,20.0,,,,,,6.0,0.0
active_power_discr,20.0,20.0,,,,,,7.0,0.0
active_power_discr,20.0,20.0,,,,,,8.0,0.0
active_power_discr,20.0,20.0,,,,,,9.0,0.0
active_power_discr,20.0,20.0,,,,,,10.0,0.0
active_power_discr,20.0,20.0,,,,,,11.0,0.0
active_power_discr,20.0,20.0,,,,,,12.0,0.0
active_power_discr,20.0,20.0,,,,,,13.0,0.0
active_power_discr,20.0,20.0,,,,,,14.0,0.0
active_power_discr,20.0,20.0,,,,,,15.0,0.0
active_power_discr,20.0,22.0,,,,,,1.0,0.003811904963134563
active_power_discr,20.0,22.0,,,,,,2.0,0.005264966907931571
active_power_discr,20.0,22.0,,,,,,3.0,0.0008687244492613464
active_power_discr,20.0,22.0,,,,,,4.0,0.0
active_power_discr,20.0,22.0,,,,,,5.0,0.0
active_power_discr,20.0,22.0,,,,,,6.0,0.0
active_power_discr,20.0,22.0,,,,,,7.0,0.0
active_power_discr,20.0,22.0,,,,,,8.0,0.0
active_power_discr,20.0,22.0,,,,,,9.0,0.0
active_power_discr,20.0,22.0,,,,,,10.0,0.0
active_power_discr,20.0,22.0,,,,,,11.0,0.0
active_power_discr,20.0,22.0,,,,,,12.0,0.0
active_power_discr,20.0,22.0,,,,,,13.0,0.0
active_power_discr,20.0,22.0,,,,,,14.0,0.0
active_power_discr,20.0,22.0,,,,,,15.0,0.0
active_power_discr,20.0,23.0,,,,,,1.0,0.0075778699824844125
active_power_discr,20.0,23.0,,,,,,2.0,0.013320281329628255
active_power_discr,20.0,23.0,,,,,,3.0,0.023414217334232015
active_power_discr,20.0,23.0,,,,,,4.0,0.041157206804276286
active_power_discr,20.0,23.0,,,,,,5.0,0.07234560300477912
active_power_discr,20.0,23.0,,,,,,6.0,0.12716816034224418
active_power_discr,20.0,23.0,,,,,,7.0,0.1711205131860349
active_power_discr,20.0,23.0,,,,,,8.0,0.0
active_power_discr,20.0,23.0,,,,,,9.0,0.0
active_power_discr,20.0,23.0,,,,,,10.0,0.0
active_power_discr,20.0,23.0,,,,,,11.0,0.0
active_power_discr,20.0,23.0,,,,,,12.0,0.0
active_power_discr,20.0,23.0,,,,,,13.0,0.0
active_power_discr,20.0,23.0,,,,,,14.0,0.0
active_power_discr,20.0,23.0,,,,,,15.0,0.0
active_power_discr,20.0,25.0,,,,,,1.0,0.0075778699824844125
active_power_discr,20.0,25.0,,,,,,2.0,0.013320281329628255
active_power_discr,20.0,25.0,,,,,,3.0,0.023414217334232015
active_power_discr,20.0,25.0,,,,,,4.0,0.041157206804276286
active_power_discr,20.0,25.0,,,,,,5.0,0.07234560300477912
active_power_discr,20.0,25.0,,,,,,6.0,0.12716816034224418
active_power_discr,20.0,25.0,,,,,,7.0,0.17114338128717532
active_power_discr,20.0,25.0,,,,,,8.0,0.0
active_power_discr,20.0,25.0,,,,,,9.0,0.0
active_power_discr,20.0,25.0,,,,,,10.0,0.0
active_power_discr,20.0,25.0,,,,,,11.0,0.0
active_power_discr,20.0,25.0,,,,,,12.0,0.0
active_power_discr,20.0,25.0,,,,,,13.0,0.0
active_power_discr,20.0,25.0,,,,,,14.0,0.0
active_power_discr,20.0,25.0,,,,,,15.0,0.0
active_power_discr,20.0,29.0,,,,,,1.0,0.0075778699824844125
active_power_discr,20.0,29.0,,,,,,2.0,0.013320281329628255
active_power_discr,20.0,29.0,,,,,,3.0,0.023414217334232015
active_power_discr,20.0,29.0,,,,,,4.0,0.041157206804276286
active_power_discr,20.0,29.0,,,,,,5.0,0.07234560300477912
active_power_discr,20.0,29.0,,,,,,6.0,0.04405780446863619
active_power_discr,20.0,29.0,,,,,,7.0,0.0
active_power_discr,20.0,29.0,,,,,,8.0,0.0
active_power_discr,20.0,29.0,,,,,,9.0,0.0
active_power_discr,20.0,29.0,,,,,,10.0,0.0
active_power_discr,20.0,29.0,,,,,,11.0,0.0
active_power_discr,20.0,29.0,,,,,,12.0,0.0
active_power_discr,20.0,29.0,,,,,,13.0,0.0
active_power_discr,20.0,29.0,,,,,,14.0,0.0
active_power_discr,20.0,29.0,,,,,,15.0,0.0
active_power_discr,20.0,30.0,,,,,,1.0,0.0075778699824844125
active_power_discr,20.0,30.0,,,,,,2.0,0.013320281329628255
active_power_discr,20.0,30.0,,,,,,3.0,0.023414217334232015
active_power_discr,20.0,30.0,,,,,,4.0,0.041157206804276286
active_power_discr,20.0,30.0,,,,,,5.0,0.07234560300477912
active_power_discr,20.0,30.0,,,,,,6.0,0.12716816034224418
active_power_discr,20.0,30.0,,,,,,7.0,0.2235345388407699
active_power_discr,20.0,30.0,,,,,,8.0,0.15960282263320835
active_power_discr,20.0,30.0,,,,,,9.0,0.0
active_power_discr,20.0,30.0,,,,,,10.0,0.0
active_power_discr,20.0,30.0,,,,,,11.0,0.0
active_power_discr,20.0,30.0,,,,,,12.0,0.0
active_power_discr,20.0,30.0,,,,,,13.0,0.0
active_power_discr,20.0,30.0,,,,,,14.0,0.0
active_power_discr,20.0,30.0,,,,,,15.0,0.0
active_power_discr,21.0,20.0,,,,,,1.0,0.0018155249800752137
active_power_discr,21.0,20.0,,,,,,2.0,0.0
active_power_discr,21.0,20.0,,,,,,3.0,0.0
active_power_discr,21.0,20.0,,,,,,4.0,0.0
active_power_discr,21.0,20.0,,,,,,5.0,0.0
active_power_discr,21.0,20.0,,,,,,6.0,0.0
active_power_discr,21.0,20.0,,,,,,7.0,0.0
active_power_discr,21.0,20.0,,,,,,8.0,0.0
active_power_discr,21.0,20.0,,,,,,9.0,0.0
active_power_discr,21.0,20.0,,,,,,10.0,0.0
active_power_discr,21.0,20.0,,,,,,11.0,0.0
active_power_discr,21.0,20.0,,,,,,12.0,0.0
active_power_discr,21.0,20.0,,,,,,13.0,0.0
active_power_discr,21.0,20.0,,,,,,14.0,0.0
active_power_discr,21.0,20.0,,,,,,15.0,0.0
active_power_discr,21.0,22.0,,,,,,1.0,0.003811904963134563
active_power_discr,21.0,22.0,,,,,,2.0,0.0009264916469222343
active_power_discr,21.0,22.0,,,,,,3.0,0.0
active_power_discr,21.0,22.0,,,,,,4.0,0.0
active_power_discr,21.0,22.0,,,,,,5.0,0.0
active_power_discr,21.0,22.0,,,,,,6.0,0.0
active_power_discr,21.0,22.0,,,,,,7.0,0.0
active_power_discr,21.0,22.0,,,,,,8.0,0.0
active_power_discr,21.0,22.0,,,,,,9.0,0.0
active_power_discr,21.0,22.0,,,,,,10.0,0.0
active_power_discr,21.0,22.0,,,,,,11.0,0.0
active_power_discr,21.0,22.0,,,,,,12.0,0.0
active_power_discr,21.0,22.0,,,,,,13.0,0.0
active_power_discr,21.0,22.0,,,,,,14.0,0.0
active_power_discr,21.0,22.0,,,,,,15.0,0.0
active_power_discr,21.0,23.0,,,,,,1.0,0.0075778699824844125
active_power_discr,21.0,23.0,,,,,,2.0,0.013320281329628255
active_power_discr,21.0,23.0,,,,,,3.0,0.023414217334232015
active_power_discr,21.0,23.0,,,,,,4.0,0.041157206804276286
active_power_discr,21.0,23.0,,,,,,5.0,0.07234560300477912
active_power_discr,21.0,23.0,,,,,,6.0,0.12716816034224418
active_power_discr,21.0,23.0,,,,,,7.0,0.17102118095805743
active_power_discr,21.0,23.0,,,,,,8.0,0.0
active_power_discr,21.0,23.0,,,,,,9.0,0.0
active_power_discr,21.0,23.0,,,,,,10.0,0.0
active_power_discr,21.0,23.0,,,,,,11.0,0.0
active_power_discr,21.0,23.0,,,,,,12.0,0.0
active_power_discr,21.0,23.0,,,,,,13.0,0.0
active_power_discr,21.0,23.0,,,,,,14.0,0.0
active_power_discr,21.0,23.0,,,,,,15.0,0.0
active_power_discr,21.0,25.0,,,,,,1.0,0.0075778699824844125
active_power_discr,21.0,25.0,,,,,,2.0,0.013320281329628255
active_power_discr,21.0,25.0,,,,,,3.0,0.023414217334232015
active_power_discr,21.0,25.0,,,,,,4.0,0.041157206804276286
active_power_discr,21.0,25.0,,,,,,5.0,0.07234560300477912
active_power_discr,21.0,25.0,,,,,,6.0,0.12716816034224418
active_power_discr,21.0,25.0,,,,,,7.0,0.17104487290179565
active_power_discr,21.0,25.0,,,,,,8.0,0.0
active_power_discr,21.0,25.0,,,,,,9.0,0.0
active_power_discr,21.0,25.0,,,,,,10.0,0.0
active_power_discr,21.0,25.0,,,,,,11.0,0.0
active_power_discr,21.0,25.0,,,,,,12.0,0.0
active_power_discr,21.0,25.0,,,,,,13.0,0.0
active_power_discr,21.0,25.0,,,,,,14.0,0.0
active_power_discr,21.0,25.0,,,,,,15.0,0.0
active_power_discr,21.0,29.0,,,,,,1.0,0.0075778699824844125
active_power_discr,21.0,29.0,,,,,,2.0,0.013320281329628255
active_power_discr,21.0,29.0,,,,,,3.0,0.023414217334232015
active_power_discr,21.0,29.0,,,,,,4.0,0.041157206804276286
active_power_discr,21.0,29.0,,,,,,5.0,0.07234560300477912
active_power_discr,21.0,29.0,,,,,,6.0,0.04405828516679794
active_power_discr,21.0,29.0,,,,,,7.0,0.0
active_power_discr,21.0,29.0,,,,,,8.0,0.0
active_power_discr,21.0,29.0,,,,,,9.0,0.0
active_power_discr,21.0,29.0,,,,,,10.0,0.0
active_power_discr,21.0,29.0,,,,,,11.0,0.0
active_power_discr,21.0,29.0,,,,,,12.0,0.0
active_power_discr,21.0,29.0,,,,,,13.0,0.0
active_power_discr,21.0,29.0,,,,,,14.0,0.0
active_power_discr,21.0,29.0,,,,,,15.0,0.0
active_power_discr,21.0,30.0,,,,,,1.0,0.0075778699824844125
active_power_discr,21.0,30.0,,,,,,2.0,0.013320281329628255
active_power_discr,21.0,30.0,,,,,,3.0,0.023414217334232015
active_power_discr,21.0,30.0,,,,,,4.0,0.041157206804276286
active_power_discr,21.0,30.0,,,,,,5.0,0.07234560300477912
active_power_discr,21.0,30.0,,,,,,6.0,0.12716816034224418
active_power_discr,21.0,30.0,,,,,,7.0,0.2235345388407699
active_power_discr,21.0,30.0,,,,,,8.0,0.15430283508100615
active_power_discr,21.0,30.0,,,,,,9.0,0.0
active_power_discr,21.0,30.0,,,,,,10.0,0.0
active_power_discr,21.0,30.0,,,,,,11.0,0.0
active_power_discr,21.0,30.0,,,,,,12.0,0.0
active_power_discr,21.0,30.0,,,,,,13.0,0.0
active_power_discr,21.0,30.0,,,,,,14.0,0.0
active_power_discr,21.0,30.0,,,,,,15.0,0.0
active_power_discr,22.0,20.0,,,,,,1.0,0.0019148572080526667
active_power_discr,22.0,20.0,,,,,,2.0,0.0
active_power_discr,22.0,20.0,,,,,,3.0,0.0
active_power_discr,22.0,20.0,,,,,,4.0,0.0
active_power_discr,22.0,20.0,,,,,,5.0,0.0
active_power_discr,22.0,20.0,,,,,,6.0,0.0
active_power_discr,22.0,20.0,,,,,,7.0,0.0
active_power_discr,22.0,20.0,,,,,,8.0,0.0
active_power_discr,22.0,20.0,,,,,,9.0,0.0
active_power_discr,22.0,20.0,,,,,,10.0,0.0
active_power_discr,22.0,20.0,,,,,,11.0,0.0
active_power_discr,22.0,20.0,,,,,,12.0,0.0
active_power_discr,22.0,20.0,,,,,,13.0,0.0
active_power_discr,22.0,20.0,,,,,,14.0,0.0
active_power_discr,22.0,20.0,,,,,,15.0,0.0
active_power_discr,22.0,22.0,,,,,,1.0,0.003811904963134563
active_power_discr,22.0,22.0,,,,,,2.0,0.0008975170797127585
active_power_discr,22.0,22.0,,,,,,3.0,0.0
active_power_discr,22.0,22.0,,,,,,4.0,0.0
active_power_discr,22.0,22.0,,,,,,5.0,0.0
active_power_discr,22.0,22.0,,,,,,6.0,0.0
active_power_discr,22.0,22.0,,,,,,7.0,0.0
active_power_discr,22.0,22.0,,,,,,8.0,0.0
active_power_discr,22.0,22.0,,,,,,9.0,0.0
active_power_discr,22.0,22.0,,,,,,10.0,0.0
active_power_discr,22.0,22.0,,,,,,11.0,0.0
active_power_discr,22.0,22.0,,,,,,12.0,0.0
active_power_discr,22.0,22.0,,,,,,13.0,0.0
active_power_discr,22.0,22.0,,,,,,14.0,0.0
active_power_discr,22.0,22.0,,,,,,15.0,0.0
active_power_discr,22.0,23.0,,,,,,1.0,0.0075778699824844125
active_power_discr,22.0,23.0,,,,,,2.0,0.013320281329628255
active_power_discr,22.0,23.0,,,,,,3.0,0.023414217334232015
active_power_discr,22.0,23.0,,,,,,4.0,0.041157206804276286
active_power_discr,22.0,23.0,,,,,,5.0,0.07234560300477912
active_power_discr,22.0,23.0,,,,,,6.0,0.12716816034224418
active_power_discr,22.0,23.0,,,,,,7.0,0.1506020050406248
active_power_discr,22.0,23.0,,,,,,8.0,0.0
active_power_discr,22.0,23.0,,,,,,9.0,0.0
active_power_discr,22.0,23.0,,,,,,10.0,0.0
active_power_discr,22.0,23.0,,,,,,11.0,0.0
active_power_discr,22.0,23.0,,,,,,12.0,0.0
active_power_discr,22.0,23.0,,,,,,13.0,0.0
active_power_discr,22.0,23.0,,,,,,14.0,0.0
active_power_discr,22.0,23.0,,,,,,15.0,0.0
active_power_discr,22.0,25.0,,,,,,1.0,0.0075778699824844125
active_power_discr,22.0,25.0,,,,,,2.0,0.013320281329628255
active_power_discr,22.0,25.0,,,,,,3.0,0.023414217334232015
active_power_discr,22.0,25.0,,,,,,4.0,0.041157206804276286
active_power_discr,22.0,25.0,,,,,,5.0,0.07234560300477912
active_power_discr,22.0,25.0,,,,,,6.0,0.12716816034224418
active_power_discr,22.0,25.0,,,,,,7.0,0.15062425670095697
active_power_discr,22.0,25.0,,,,,,8.0,0.0
active_power_discr,22.0,25.0,,,,,,9.0,0.0
active_power_discr,22.0,25.0,,,,,,10.0,0.0
active_power_discr,22.0,25.0,,,,,,11.0,0.0
active_power_discr,22.0,25.0,,,,,,12.0,0.0
active_power_discr,22.0,25.0,,,,,,13.0,0.0
active_power_discr,22.0,25.0,,,,,,14.0,0.0
active_power_discr,22.0,25.0,,,,,,15.0,0.0
active_power_discr,22.0,29.0,,,,,,1.0,0.0075778699824844125
active_power_discr,22.0,29.0,,,,,,2.0,0.013320281329628255
active_power_discr,22.0,29.0,,,,,,3.0,0.023414217334232015
active_power_discr,22.0,29.0,,,,,,4.0,0.041157206804276286
active_power_discr,22.0,29.0,,,,,,5.0,0.07234560300477912
active_power_discr,22.0,29.0,,,,,,6.0,0.034938096904062826
active_power_discr,22.0,29.0,,,,,,7.0,0.0
active_power_discr,22.0,29.0,,,,,,8.0,0.0
active_power_discr,22.0,29.0,,,,,,9.0,0.0
active_power_discr,22.0,29.0,,,,,,10.0,0.0
active_power_discr,22.0,29.0,,,,,,11.0,0.0
active_power_discr,22.0,29.0,,,,,,12.0,0.0
active_power_discr,22.0,29.0,,,,,,13.0,0.0
active_power_discr,22.0,29.0,,,,,,14.0,0.0
active_power_discr,22.0,29.0,,,,,,15.0,0.0
active_power_discr,22.0,30.0,,,,,,1.0,0.0075778699824844125
active_power_discr,22.0,30.0,,,,,,2.0,0.013320281329628255
active_power_discr,22.0,30.0,,,,,,3.0,0.023414217334232015
active_power_discr,22.0,30.0,,,,,,4.0,0.041157206804276286
active_power_discr,22.0,30.0,,,,,,5.0,0.07234560300477912
active_power_discr,22.0,30.0,,,,,,6.0,0.12716816034224418
active_power_discr,22.0,30.0,,,,,,7.0,0.2235345388407699
active_power_discr,22.0,30.0,,,,,,8.0,0.12472017549307247
active_power_discr,22.0,30.0,,,,,,9.0,0.0
active_power_discr,22.0,30.0,,,,,,10.0,0.0
active_power_discr,22.0,30.0,,,,,,11.0,0.0
active_power_discr,22.0,30.0,,,,,,12.0,0.0
active_power_discr,22.0,30.0,,,,,,13.0,0.0
active_power_discr,22.0,30.0,,,,,,14.0,0.0
active_power_discr,22.0,30.0,,,,,,15.0,0.0
active_power_discr,23.0,20.0,,,,,,1.0,0.0018155251247730293
active_power_discr,23.0,20.0,,,,,,2.0,0.0
active_power_discr,23.0,20.0,,,,,,3.0,0.0
active_power_discr,23.0,20.0,,,,,,4.0,0.0
active_power_discr,23.0,20.0,,,,,,5.0,0.0
active_power_discr,23.0,20.0,,,,,,6.0,0.0
active_power_discr,23.0,20.0,,,,,,7.0,0.0
active_power_discr,23.0,20.0,,,,,,8.0,0.0
active_power_discr,23.0,20.0,,,,,,9.0,0.0
active_power_discr,23.0,20.0,,,,,,10.0,0.0
active_power_discr,23.0,20.0,,,,,,11.0,0.0
active_power_discr,23.0,20.0,,,,,,12.0,0.0
active_power_discr,23.0,20.0,,,,,,13.0,0.0
active_power_discr,23.0,20.0,,,,,,14.0,0.0
active_power_discr,23.0,20.0,,,,,,15.0,0.0
active_power_discr,23.0,22.0,,,,,,1.0,0.0026940017973806035
active_power_discr,23.0,22.0,,,,,,2.0,0.0
active_power_discr,23.0,22.0,,,,,,3.0,0.0
active_power_discr,23.0,22.0,,,,,,4.0,0.0
active_power_discr,23.0,22.0,,,,,,5.0,0.0
active_power_discr,23.0,22.0,,,,,,6.0,0.0
active_power_discr,23.0,22.0,,,,,,7.0,0.0
active_power_discr,23.0,22.0,,,,,,8.0,0.0
active_power_discr,23.0,22.0,,,,,,9.0,0.0
active_power_discr,23.0,22.0,,,,,,10.0,0.0
active_power_discr,23.0,22.0,,,,,,11.0,0.0
active_power_discr,23.0,22.0,,,,,,12.0,0.0
active_power_discr,23.0,22.0,,,,,,13.0,0.0
active_power_discr,23.0,22.0,,,,,,14.0,0.0
active_power_discr,23.0,22.0,,,,,,15.0,0.0
active_power_discr,23.0,23.0,,,,,,1.0,0.0075778699824844125
active_power_discr,23.0,23.0,,,,,,2.0,0.013320281329628255
active_power_discr,23.0,23.0,,,,,,3.0,0.023414217334232015
active_power_discr,23.0,23.0,,,,,,4.0,0.041157206804276286
active_power_discr,23.0,23.0,,,,,,5.0,0.07234560300477912
active_power_discr,23.0,23.0,,,,,,6.0,0.12716816034224418
active_power_discr,23.0,23.0,,,,,,7.0,0.14024344024606755
active_power_discr,23.0,23.0,,,,,,8.0,0.0
active_power_discr,23.0,23.0,,,,,,9.0,0.0
active_power_discr,23.0,23.0,,,,,,10.0,0.0
active_power_discr,23.0,23.0,,,,,,11.0,0.0
active_power_discr,23.0,23.0,,,,,,12.0,0.0
active_power_discr,23.0,23.0,,,,,,13.0,0.0
active_power_discr,23.0,23.0,,,,,,14.0,0.0
active_power_discr,23.0,23.0,,,,,,15.0,0.0
active_power_discr,23.0,25.0,,,,,,1.0,0.0075778699824844125
active_power_discr,23.0,25.0,,,,,,2.0,0.013320281329628255
active_power_discr,23.0,25.0,,,,,,3.0,0.023414217334232015
active_power_discr,23.0,25.0,,,,,,4.0,0.041157206804276286
active_power_discr,23.0,25.0,,,,,,5.0,0.07234560300477912
active_power_discr,23.0,25.0,,,,,,6.0,0.12716816034224418
active_power_discr,23.0,25.0,,,,,,7.0,0.14026505653141313
active_power_discr,23.0,25.0,,,,,,8.0,0.0
active_power_discr,23.0,25.0,,,,,,9.0,0.0
active_power_discr,23.0,25.0,,,,,,10.0,0.0
active_power_discr,23.0,25.0,,,,,,11.0,0.0
active_power_discr,23.0,25.0,,,,,,12.0,0.0
active_power_discr,23.0,25.0,,,,,,13.0,0.0
active_power_discr,23.0,25.0,,,,,,14.0,0.0
active_power_discr,23.0,25.0,,,,,,15.0,0.0
active_power_discr,23.0,29.0,,,,,,1.0,0.0075778699824844125
active_power_discr,23.0,29.0,,,,,,2.0,0.013320281329628255
active_power_discr,23.0,29.0,,,,,,3.0,0.023414217334232015
active_power_discr,23.0,29.0,,,,,,4.0,0.041157206804276286
active_power_discr,23.0,29.0,,,,,,5.0,0.07234560300477912
active_power_discr,23.0,29.0,,,,,,6.0,0.03037806526330808
active_power_discr,23.0,29.0,,,,,,7.0,0.0
active_power_discr,23.0,29.0,,,,,,8.0,0.0
active_power_discr,23.0,29.0,,,,,,9.0,0.0
active_power_discr,23.0,29.0,,,,,,10.0,0.0
active_power_discr,23.0,29.0,,,,,,11.0,0.0
active_power_discr,23.0,29.0,,,,,,12.0,0.0
active_power_discr,23.0,29.0,,,,,,13.0,0.0
active_power_discr,23.0,29.0,,,,,,14.0,0.0
active_power_discr,23.0,29.0,,,,,,15.0,0.0
active_power_discr,23.0,30.0,,,,,,1.0,0.0075778699824844125
active_power_discr,23.0,30.0,,,,,,2.0,0.013320281329628255
active_power_discr,23.0,30.0,,,,,,3.0,0.023414217334232015
active_power_discr,23.0,30.0,,,,,,4.0,0.041157206804276286
active_power_discr,23.0,30.0,,,,,,5.0,0.07234560300477912
active_power_discr,23.0,30.0,,,,,,6.0,0.12716816034224418
active_power_discr,23.0,30.0,,,,,,7.0,0.2235345388407699
active_power_discr,23.0,30.0,,,,,,8.0,0.1077791362968708
active_power_discr,23.0,30.0,,,,,,9.0,0.0
active_power_discr,23.0,30.0,,,,,,10.0,0.0
active_power_discr,23.0,30.0,,,,,,11.0,0.0
active_power_discr,23.0,30.0,,,,,,12.0,0.0
active_power_discr,23.0,30.0,,,,,,13.0,0.0
active_power_discr,23.0,30.0,,,,,,14.0,0.0
active_power_discr,23.0,30.0,,,,,,15.0,0.0
active_power_discr,24.0,20.0,,,,,,1.0,0.0018155251609483824
active_power_discr,24.0,20.0,,,,,,2.0,0.0
active_power_discr,24.0,20.0,,,,,,3.0,0.0
active_power_discr,24.0,20.0,,,,,,4.0,0.0
active_power_discr,24.0,20.0,,,,,,5.0,0.0
active_power_discr,24.0,20.0,,,,,,6.0,0.0
active_power_discr,24.0,20.0,,,,,,7.0,0.0
active_power_discr,24.0,20.0,,,,,,8.0,0.0
active_power_discr,24.0,20.0,,,,,,9.0,0.0
active_power_discr,24.0,20.0,,,,,,10.0,0.0
active_power_discr,24.0,20.0,,,,,,11.0,0.0
active_power_discr,24.0,20.0,,,,,,12.0,0.0
active_power_discr,24.0,20.0,,,,,,13.0,0.0
active_power_discr,24.0,20.0,,,,,,14.0,0.0
active_power_discr,24.0,20.0,,,,,,15.0,0.0
active_power_discr,24.0,22.0,,,,,,1.0,0.0005290565300430788
active_power_discr,24.0,22.0,,,,,,2.0,0.0
active_power_discr,24.0,22.0,,,,,,3.0,0.0
active_power_discr,24.0,22.0,,,,,,4.0,0.0
active_power_discr,24.0,22.0,,,,,,5.0,0.0
active_power_discr,24.0,22.0,,,,,,6.0,0.0
active_power_discr,24.0,22.0,,,,,,7.0,0.0
active_power_discr,24.0,22.0,,,,,,8.0,0.0
active_power_discr,24.0,22.0,,,,,,9.0,0.0
active_power_discr,24.0,22.0,,,,,,10.0,0.0
active_power_discr,24.0,22.0,,,,,,11.0,0.0
active_power_discr,24.0,22.0,,,,,,12.0,0.0
active_power_discr,24.0,22.0,,,,,,13.0,0.0
active_power_discr,24.0,22.0,,,,,,14.0,0.0
active_power_discr,24.0,22.0,,,,,,15.0,0.0
active_power_discr,24.0,23.0,,,,,,1.0,0.0075778699824844125
active_power_discr,24.0,23.0,,,,,,2.0,0.013320281329628255
active_power_discr,24.0,23.0,,,,,,3.0,0.023414217334232015
active_power_discr,24.0,23.0,,,,,,4.0,0.041157206804276286
active_power_discr,24.0,23.0,,,,,,5.0,0.07234560300477912
active_power_discr,24.0,23.0,,,,,,6.0,0.12716816034224418
active_power_discr,24.0,23.0,,,,,,7.0,0.10870020454675
active_power_discr,24.0,23.0,,,,,,8.0,0.0
active_power_discr,24.0,23.0,,,,,,9.0,0.0
active_power_discr,24.0,23.0,,,,,,10.0,0.0
active_power_discr,24.0,23.0,,,,,,11.0,0.0
active_power_discr,24.0,23.0,,,,,,12.0,0.0
active_power_discr,24.0,23.0,,,,,,13.0,0.0
active_power_discr,24.0,23.0,,,,,,14.0,0.0
active_power_discr,24.0,23.0,,,,,,15.0,0.0
active_power_discr,24.0,25.0,,,,,,1.0,0.0075778699824844125
active_power_discr,24.0,25.0,,,,,,2.0,0.013320281329628255
active_power_discr,24.0,25.0,,,,,,3.0,0.023414217334232015
active_power_discr,24.0,25.0,,,,,,4.0,0.041157206804276286
active_power_discr,24.0,25.0,,,,,,5.0,0.07234560300477912
active_power_discr,24.0,25.0,,,,,,6.0,0.12716816034224418
active_power_discr,24.0,25.0,,,,,,7.0,0.1087189867455633
active_power_discr,24.0,25.0,,,,,,8.0,0.0
active_power_discr,24.0,25.0,,,,,,9.0,0.0
active_power_discr,24.0,25.0,,,,,,10.0,0.0
active_power_discr,24.0,25.0,,,,,,11.0,0.0
active_power_discr,24.0,25.0,,,,,,12.0,0.0
active_power_discr,24.0,25.0,,,,,,13.0,0.0
active_power_discr,24.0,25.0,,,,,,14.0,0.0
active_power_discr,24.0,25.0,,,,,,15.0,0.0
active_power_discr,24.0,29.0,,,,,,1.0,0.0075778699824844125
active_power_discr,24.0,29.0,,,,,,2.0,0.013320281329628255
active_power_discr,24.0,29.0,,,,,,3.0,0.023414217334232015
active_power_discr,24.0,29.0,,,,,,4.0,0.041157206804276286
active_power_discr,24.0,29.0,,,,,,5.0,0.07234560300477912
active_power_discr,24.0,29.0,,,,,,6.0,0.016357182147248406
active_power_discr,24.0,29.0,,,,,,7.0,0.0
active_power_discr,24.0,29.0,,,,,,8.0,0.0
active_power_discr,24.0,29.0,,,,,,9.0,0.0
active_power_discr,24.0,29.0,,,,,,10.0,0.0
active_power_discr,24.0,29.0,,,,,,11.0,0.0
active_power_discr,24.0,29.0,,,,,,12.0,0.0
active_power_discr,24.0,29.0,,,,,,13.0,0.0
active_power_discr,24.0,29.0,,,,,,14.0,0.0
active_power_discr,24.0,29.0,,,,,,15.0,0.0
active_power_discr,24.0,30.0,,,,,,1.0,0.0075778699824844125
active_power_discr,24.0,30.0,,,,,,2.0,0.013320281329628255
active_power_discr,24.0,30.0,,,,,,3.0,0.023414217334232015
active_power_discr,24.0,30.0,,,,,,4.0,0.041157206804276286
active_power_discr,24.0,30.0,,,,,,5.0,0.07234560300477912
active_power_discr,24.0,30.0,,,,,,6.0,0.12716816034224418
active_power_discr,24.0,30.0,,,,,,7.0,0.2235345388407699
active_power_discr,24.0,30.0,,,,,,8.0,0.06002120378482512
active_power_discr,24.0,30.0,,,,,,9.0,0.0
active_power_discr,24.0,30.0,,,,,,10.0,0.0
active_power_discr,24.0,30.0,,,,,,11.0,0.0
active_power_discr,24.0,30.0,,,,,,12.0,0.0
active_power_discr,24.0,30.0,,,,,,13.0,0.0
active_power_discr,24.0,30.0,,,,,,14.0,0.0
active_power_discr,24.0,30.0,,,,,,15.0,0.0
reactive_power_discr,1.0,20.0,,,,,,1.0,0.00011967584407656032
reactive_power_discr,1.0,20.0,,,,,,2.0,0.0
reactive_power_discr,1.0,20.0,,,,,,3.0,0.0
reactive_power_discr,1.0,20.0,,,,,,4.0,0.0
reactive_power_discr,1.0,20.0,,,,,,5.0,0.0
reactive_power_discr,1.0,20.0,,,,,,6.0,0.0
reactive_power_discr,1.0,20.0,,,,,,7.0,0.0
reactive_power_discr,1.0,20.0,,,,,,8.0,0.0
reactive_power_discr,1.0,20.0,,,,,,9.0,0.0
reactive_power_discr,1.0,20.0,,,,,,10.0,0.0
reactive_power_discr,1.0,20.0,,,,,,11.0,0.0
reactive_power_discr,1.0,20.0,,,,,,12.0,0.0
reactive_power_discr,1.0,20.0,,,,,,13.0,0.0
reactive_power_discr,1.0,20.0,,,,,,14.0,0.0
reactive_power_discr,1.0,20.0,,,,,,15.0,0.0
reactive_power_discr,1.0,22.0,,,,,,1.0,0.00024439136841893083
reactive_power_discr,1.0,22.0,,,,,,2.0,0.0
reactive_power_discr,1.0,22.0,,,,,,3.0,0.0
reactive_power_discr,1.0,22.0,,,,,,4.0,0.0
reactive_power_discr,1.0,22.0,,,,,,5.0,0.0
reactive_power_discr,1.0,22.0,,,,,,6.0,0.0
reactive_power_discr,1.0,22.0,,,,,,7.0,0.0
reactive_power_discr,1.0,22.0,,,,,,8.0,0.0
reactive_power_discr,1.0,22.0,,,,,,9.0,0.0
reactive_power_discr,1.0,22.0,,,,,,10.0,0.0
reactive_power_discr,1.0,22.0,,,,,,11.0,0.0
reactive_power_discr,1.0,22.0,,,,,,12.0,0.0
reactive_power_discr,1.0,22.0,,,,,,13.0,0.0
reactive_power_discr,1.0,22.0,,,,,,14.0,0.0
reactive_power_discr,1.0,22.0,,,,,,15.0,0.0
reactive_power_discr,1.0,23.0,,,,,,1.0,0.0075778699824844125
reactive_power_discr,1.0,23.0,,,,,,2.0,0.013320281329628255
reactive_power_discr,1.0,23.0,,,,,,3.0,0.023414217334232015
reactive_power_discr,1.0,23.0,,,,,,4.0,0.041157206804276286
reactive_power_discr,1.0,23.0,,,,,,5.0,0.07234560300477912
reactive_power_discr,1.0,23.0,,,,,,6.0,0.11674573593374188
reactive_power_discr,1.0,23.0,,,,,,7.0,0.0
reactive_power_discr,1.0,23.0,,,,,,8.0,0.0
reactive_power_discr,1.0,23.0,,,,,,9.0,0.0
reactive_power_discr,1.0,23.0,,,,,,10.0,0.0
reactive_power_discr,1.0,23.0,,,,,,11.0,0.0
reactive_power_discr,1.0,23.0,,,,,,12.0,0.0
reactive_power_discr,1.0,23.0,,,,,,13.0,0.0
reactive_power_discr,1.0,23.0,,,,,,14.0,0.0
reactive_power_discr,1.0,23.0,,,,,,15.0,0.0
reactive_power_discr,1.0,25.0,,,,,,1.0,0.0075778699824844125
reactive_power_discr,1.0,25.0,,,,,,2.0,0.013320281329628255
reactive_power_discr,1.0,25.0,,,,,,3.0,0.023414217334232015
reactive_power_discr,1.0,25.0,,,,,,4.0,0.041157206804276286
reactive_power_discr,1.0,25.0,,,,,,5.0,0.07234560300477912
reactive_power_discr,1.0,25.0,,,,,,6.0,0.11676784969138501
reactive_power_discr,1.0,25.0,,,,,,7.0,0.0
reactive_power_discr,1.0,25.0,,,,,,8.0,0.0
reactive_power_discr,1.0,25.0,,,,,,9.0,0.0
reactive_power_discr,1.0,25.0,,,,,,10.0,0.0
reactive_power_discr,1.0,25.0,,,,,,11.0,0.0
reactive_power_discr,1.0,25.0,,,,,,12.0,0.0
reactive_power_discr,1.0,25.0,,,,,,13.0,0.0
reactive_power_discr,1.0,25.0,,,,,,14.0,0.0
reactive_power_discr,1.0,25.0,,,,,,15.0,0.0
reactive_power_discr,1.0,29.0,,,,,,1.0,0.0075778699824844125
reactive_power_discr,1.0,29.0,,,,,,2.0,0.013320281329628255
reactive_power_discr,1.0,29.0,,,,,,3.0,0.023414217334232015
reactive_power_discr,1.0,29.0,,,,,,4.0,0.041157206804276286
reactive_power_discr,1.0,29.0,,,,,,5.0,0.036617846026256645
reactive_power_discr,1.0,29.0,,,,,,6.0,0.0
reactive_power_discr,1.0,29.0,,,,,,7.0,0.0
reactive_power_discr,1.0,29.0,,,,,,8.0,0.0
reactive_power_discr,1.0,29.0,,,,,,9.0,0.0
reactive_power_discr,1.0,29.0,,,,,,10.0,0.0
reactive_power_discr,1.0,29.0,,,,,,11.0,0.0
reactive_power_discr,1.0,29.0,,,,,,12.0,0.0
reactive_power_discr,1.0,29.0,,,,,,13.0,0.0
reactive_power_discr,1.0,29.0,,,,,,14.0,0.0
reactive_power_discr,1.0,29.0,,,,,,15.0,0.0
reactive_power_discr,1.0,30.0,,,,,,1.0,0.0075778699824844125
reactive_power_discr,1.0,30.0,,,,,,2.0,0.013320281329628255
reactive_power_discr,1.0,30.0,,,,,,3.0,0.023414217334232015
reactive_power_discr,1.0,30.0,,,,,,4.0,0.041157206804276286
reactive_power_discr,1.0,30.0,,,,,,5.0,0.07234560300477912
reactive_power_discr,1.0,30.0,,,,,,6.0,0.12716816034224418
reactive_power_discr,1.0,30.0,,,,,,7.0,0.11169806350902545
reactive_power_discr,1.0,30.0,,,,,,8.0,0.0
reactive_power_discr,1.0,30.0,,,,,,9.0,0.0
reactive_power_discr,1.0,30.0,,,,,,10.0,0.0
reactive_power_discr,1.0,30.0,,,,,,11.0,0.0
reactive_power_discr,1.0,30.0,,,,,,12.0,0.0
reactive_power_discr,1.0,30.0,,,,,,13.0,0.0
reactive_power_discr,1.0,30.0,,,,,,14.0,0.0
reactive_power_discr,1.0,30.0,,,,,,15.0,0.0
reactive_power_discr,2.0,20.0,,,,,,1.0,0.00011967584407656032
reactive_power_discr,2.0,20.0,,,,,,2.0,0.0
reactive_power_discr,2.0,20.0,,,,,,3.0,0.0
reactive_power_discr,2.0,20.0,,,,,,4.0,0.0
reactive_power_discr,2.0,20.0,,,,,,5.0,0.0
reactive_power_discr,2.0,20.0,,,,,,6.0,0.0
reactive_power_discr,2.0,20.0,,,,,,7.0,0.0
reactive_power_discr,2.0,20.0,,,,,,8.0,0.0
reactive_power_discr,2.0,20.0,,,,,,9.0,0.0
reactive_power_discr,2.0,20.0,,,,,,10.0,0.0
reactive_power_discr,2.0,20.0,,,,,,11.0,0.0
reactive_power_discr,2.0,20.0,,,,,,12.0,0.0
reactive_power_discr,2.0,20.0,,,,,,13.0,0.0
reactive_power_discr,2.0,20.0,,,,,,14.0,0.0
reactive_power_discr,2.0,20.0,,,,,,15.0,0.0
reactive_power_discr,2.0,22.0,,,,,,1.0,7.64762105269906e-05
reactive_power_discr,2.0,22.0,,,,,,2.0,0.0
reactive_power_discr,2.0,22.0,,,,,,3.0,0.0
reactive_power_discr,2.0,22.0,,,,,,4.0,0.0
reactive_power_discr,2.0,22.0,,,,,,5.0,0.0
reactive_power_discr,2.0,22.0,,,,,,6.0,0.0
reactive_power_discr,2.0,22.0,,,,,,7.0,0.0
reactive_power_discr,2.0,22.0,,,,,,8.0,0.0
reactive_power_discr,2.0,22.0,,,,,,9.0,0.0
reactive_power_discr,2.0,22.0,,,,,,10.0,0.0
reactive_power_discr,2.0,22.0,,,,,,11.0,0.0
reactive_power_discr,2.0,22.0,,,,,,12.0,0.0
reactive_power_discr,2.0,22.0,,,,,,13.0,0.0
reactive_power_discr,2.0,22.0,,,,,,14.0,0.0
reactive_power_discr,2.0,22.0,,,,,,15.0,0.0
reactive_power_discr,2.0,23.0,,,,,,1.0,0.0075778699824844125
reactive_power_discr,2.0,23.0,,,,,,2.0,0.013320281329628255
reactive_power_discr,2.0,23.0,,,,,,3.0,0.023414217334232015
reactive_power_discr,2.0,23.0,,,,,,4.0,0.041157206804276286
reactive_power_discr,2.0,23.0,,,,,,5.0,0.07234560300477912
reactive_power_discr,2.0,23.0,,,,,,6.0,0.1186005682321773
reactive_power_discr,2.0,23.0,,,,,,7.0,0.0
reactive_power_discr,2.0,23.0,,,,,,8.0,0.0
reactive_power_discr,2.0,23.0,,,,,,9.0,0.0
reactive_power_discr,2.0,23.0,,,,,,10.0,0.0
reactive_power_discr,2.0,23.0,,,,,,11.0,0.0
reactive_power_discr,2.0,23.0,,,,,,12.0,0.0
reactive_power_discr,2.0,23.0,,,,,,13.0,0.0
reactive_power_discr,2.0,23.0,,,,,,14.0,0.0
reactive_power_discr,2.0,23.0,,,,,,15.0,0.0
reactive_power_discr,2.0,25.0,,,,,,1.0,0.0075778699824844125
reactive_power_discr,2.0,25.0,,,,,,2.0,0.013320281329628255
reactive_power_discr,2.0,25.0,,,,,,3.0,0.023414217334232015
reactive_power_discr,2.0,25.0,,,,,,4.0,0.041157206804276286
reactive_power_discr,2.0,25.0,,,,,,5.0,0.07234560300477912
reactive_power_discr,2.0,25.0,,,,,,6.0,0.11862275638061989
reactive_power_discr,2.0,25.0,,,,,,7.0,0.0
reactive_power_discr,2.0,25.0,,,,,,8.0,0.0
reactive_power_discr,2.0,25.0,,,,,,9.0,0.0
reactive_power_discr,2.0,25.0,,,,,,10.0,0.0
reactive_power_discr,2.0,25.0,,,,,,11.0,0.0
reactive_power_discr,2.0,25.0,,,,,,12.0,0.0
reactive_power_discr,2.0,25.0,,,,,,13.0,0.0
reactive_power_discr,2.0,25.0,,,,,,14.0,0.0
reactive_power_discr,2.0,25.0,,,,,,15.0,0.0
reactive_power_discr,2.0,29.0,,,,,,1.0,0.0075778699824844125
reactive_power_discr,2.0,29.0,,,,,,2.0,0.013320281329628255
reactive_power_discr,2.0,29.0,,,,,,3.0,0.023414217334232015
reactive_power_discr,2.0,29.0,,,,,,4.0,0.041157206804276286
reactive_power_discr,2.0,29.0,,,,,,5.0,0.0374422456289365
reactive_power_discr,2.0,29.0,,,,,,6.0,0.0
reactive_power_discr,2.0,29.0,,,,,,7.0,0.0
reactive_power_discr,2.0,29.0,,,,,,8.0,0.0
reactive_power_discr,2.0,29.0,,,,,,9.0,0.0
reactive_power_discr,2.0,29.0,,,,,,10.0,0.0
reactive_power_discr,2.0,29.0,,,,,,11.0,0.0
reactive_power_discr,2.0,29.0,,,,,,12.0,0.0
reactive_power_discr,2.0,29.0,,,,,,13.0,0.0
reactive_power_discr,2.0,29.0,,,,,,14.0,0.0
reactive_power_discr,2.0,29.0,,,,,,15.0,0.0
reactive_power_discr,2.0,30.0,,,,,,1.0,0.0075778699824844125
reactive_power_discr,2.0,30.0,,,,,,2.0,0.013320281329628255
reactive_power_discr,2.0,30.0,,,,,,3.0,0.023414217334232015
reactive_power_discr,2.0,30.0,,,,,,4.0,0.041157206804276286
reactive_power_discr,2.0,30.0,,,,,,5.0,0.07234560300477912
reactive_power_discr,2.0,30.0,,,,,,6.0,0.12716816034224418
reactive_power_discr,2.0,30.0,,,,,,7.0,0.11454641003753571
reactive_power_discr,2.0,30.0,,,,,,8.0,0.0
reactive_power_discr,2.0,30.0,,,,,,9.0,0.0
reactive_power_discr,2.0,30.0,,,,,,10.0,0.0
reactive_power_discr,2.0,30.0,,,,,,11.0,0.0
reactive_power_discr,2.0,30.0,,,,,,12.0,0.0
reactive_power_discr,2.0,30.0,,,,,,13.0,0.0
reactive_power_discr,2.0,30.0,,,,,,14.0,0.0
reactive_power_discr,2.0,30.0,,,,,,15.0,0.0
reactive_power_discr,3.0,20.0,,,,,,1.0,0.00011346773282363454
reactive_power_discr,3.0,20.0,,,,,,2.0,0.0
reactive_power_discr,3.0,20.0,,,,,,3.0,0.0
reactive_power_discr,3.0,20.0,,,,,,4.0,0.0
reactive_power_discr,3.0,20.0,,,,,,5.0,0.0
reactive_power_discr,3.0,20.0,,,,,,6.0,0.0
reactive_power_discr,3.0,20.0,,,,,,7.0,0.0
reactive_power_discr,3.0,20.0,,,,,,8.0,0.0
reactive_power_discr,3.0,20.0,,,,,,9.0,0.0
reactive_power_discr,3.0,20.0,,,,,,10.0,0.0
reactive_power_discr,3.0,20.0,,,,,,11.0,0.0
reactive_power_discr,3.0,20.0,,,,,,12.0,0.0
reactive_power_discr,3.0,20.0,,,,,,13.0,0.0
reactive_power_discr,3.0,20.0,,,,,,14.0,0.0
reactive_power_discr,3.0,20.0,,,,,,15.0,0.0
reactive_power_discr,3.0,22.0,,,,,,1.0,9.143894738286584e-06
reactive_power_discr,3.0,22.0,,,,,,2.0,0.0
reactive_power_discr,3.0,22.0,,,,,,3.0,0.0
reactive_power_discr,3.0,22.0,,,,,,4.0,0.0
reactive_power_discr,3.0,22.0,,,,,,5.0,0.0
reactive_power_discr,3.0,22.0,,,,,,6.0,0.0
reactive_power_discr,3.0,22.0,,,,,,7.0,0.0
reactive_power_discr,3.0,22.0,,,,,,8.0,0.0
reactive_power_discr,3.0,22.0,,,,,,9.0,0.0
reactive_power_discr,3.0,22.0,,,,,,10.0,0.0
reactive_power_discr,3.0,22.0,,,,,,11.0,0.0
reactive_power_discr,3.0,22.0,,,,,,12.0,0.0
reactive_power_discr,3.0,22.0,,,,,,13.0,0.0
reactive_power_discr,3.0,22.0,,,,,,14.0,0.0
reactive_power_discr,3.0,22.0,,,,,,15.0,0.0
reactive_power_discr,3.0,23.0,,,,,,1.0,0.0075778699824844125
reactive_power_discr,3.0,23.0,,,,,,2.0,0.013320281329628255
reactive_power_discr,3.0,23.0,,,,,,3.0,0.023414217334232015
reactive_power_discr,3.0,23.0,,,,,,4.0,0.041157206804276286
reactive_power_discr,3.0,23.0,,,,,,5.0,0.07234560300477912
reactive_power_discr,3.0,23.0,,,,,,6.0,0.11716897530532701
reactive_power_discr,3.0,23.0,,,,,,7.0,0.0
reactive_power_discr,3.0,23.0,,,,,,8.0,0.0
reactive_power_discr,3.0,23.0,,,,,,9.0,0.0
reactive_power_discr,3.0,23.0,,,,,,10.0,0.0
reactive_power_discr,3.0,23.0,,,,,,11.0,0.0
reactive_power_discr,3.0,23.0,,,,,,12.0,0.0
reactive_power_discr,3.0,23.0,,,,,,13.0,0.0
reactive_power_discr,3.0,23.0,,,,,,14.0,0.0
reactive_power_discr,3.0,23.0,,,,,,15.0,0.0
reactive_power_discr,3.0,25.0,,,,,,1.0,0.0075778699824844125
reactive_power_discr,3.0,25.0,,,,,,2.0,0.013320281329628255
reactive_power_discr,3.0,25.0,,,,,,3.0,0.023414217334232015
reactive_power_discr,3.0,25.0,,,,,,4.0,0.041157206804276286
reactive_power_discr,3.0,25.0,,,,,,5.0,0.07234560300477912
reactive_power_discr,3.0,25.0,,,,,,6.0,0.11719109889848076
reactive_power_discr,3.0,25.0,,,,,,7.0,0.0
reactive_power_discr,3.0,25.0,,,,,,8.0,0.0
reactive_power_discr,3.0,25.0,,,,,,9.0,0.0
reactive_power_discr,3.0,25.0,,,,,,10.0,0.0
reactive_power_discr,3.0,25.0,,,,,,11.0,0.0
reactive_power_discr,3.0,25.0,,,,,,12.0,0.0
reactive_power_discr,3.0,25.0,,,,,,13.0,0.0
reactive_power_discr,3.0,25.0,,,,,,14.0,0.0
reactive_power_discr,3.0,25.0,,,,,,15.0,0.0
reactive_power_discr,3.0,29.0,,,,,,1.0,0.0075778699824844125
reactive_power_discr,3.0,29.0,,,,,,2.0,0.013320281329628255
reactive_power_discr,3.0,29.0,,,,,,3.0,0.023414217334232015
reactive_power_discr,3.0,29.0,,,,,,4.0,0.041157206804276286
reactive_power_discr,3.0,29.0,,,,,,5.0,0.036803199928931815
reactive_power_discr,3.0,29.0,,,,,,6.0,0.0
reactive_power_discr,3.0,29.0,,,,,,7.0,0.0
reactive_power_discr,3.0,29.0,,,,,,8.0,0.0
reactive_power_discr,3.0,29.0,,,,,,9.0,0.0
reactive_power_discr,3.0,29.0,,,,,,10.0,0.0
reactive_power_discr,3.0,29.0,,,,,,11.0,0.0
reactive_power_discr,3.0,29.0,,,,,,12.0,0.0
reactive_power_discr,3.0,29.0,,,,,,13.0,0.0
reactive_power_discr,3.0,29.0,,,,,,14.0,0.0
reactive_power_discr,3.0,29.0,,,,,,15.0,0.0
reactive_power_discr,3.0,30.0,,,,,,1.0,0.0075778699824844125
reactive_power_discr,3.0,30.0,,,,,,2.0,0.013320281329628255
reactive_power_discr,3.0,30.0,,,,,,3.0,0.023414217334232015
reactive_power_discr,3.0,30.0,,,,,,4.0,0.041157206804276286
reactive_power_discr,3.0,30.0,,,,,,5.0,0.07234560300477912
reactive_power_discr,3.0,30.0,,,,,,6.0,0.12716816034224418
reactive_power_discr,3.0,30.0,,,,,,7.0,0.11254217779019778
reactive_power_discr,3.0,30.0,,,,,,8.0,0.0
reactive_power_discr,3.0,30.0,,,,,,9.0,0.0
reactive_power_discr,3.0,30.0,,,,,,10.0,0.0
reactive_power_discr,3.0,30.0,,,,,,11.0,0.0
reactive_power_discr,3.0,30.0,,,,,,12.0,0.0
reactive_power_discr,3.0,30.0,,,,,,13.0,0.0
reactive_power_discr,3.0,30.0,,,,,,14.0,0.0
reactive_power_discr,3.0,30.0,,,,,,15.0,0.0
reactive_power_discr,4.0,20.0,,,,,,1.0,0.00011346773282363454
reactive_power_discr,4.0,20.0,,,,,,2.0,0.0
reactive_power_discr,4.0,20.0,,,,,,3.0,0.0
reactive_power_discr,4.0,20.0,,,,,,4.0,0.0
reactive_power_discr,4.0,20.0,,,,,,5.0,0.0
reactive_power_discr,4.0,20.0,,,,,,6.0,0.0
reactive_power_discr,4.0,20.0,,,,,,7.0,0.0
reactive_power_discr,4.0,20.0,,,,,,8.0,0.0
reactive_power_discr,4.0,20.0,,,,,,9.0,0.0
reactive_power_discr,4.0,20.0,,,,,,10.0,0.0
reactive_power_discr,4.0,20.0,,,,,,11.0,0.0
reactive_power_discr,4.0,20.0,,,,,,12.0,0.0
reactive_power_discr,4.0,20.0,,,,,,13.0,0.0
reactive_power_discr,4.0,20.0,,,,,,14.0,0.0
reactive_power_discr,4.0,20.0,,,,,,15.0,0.0
reactive_power_discr,4.0,22.0,,,,,,1.0,1.8991165993145764e-05
reactive_power_discr,4.0,22.0,,,,,,2.0,0.0
reactive_power_discr,4.0,22.0,,,,,,3.0,0.0
reactive_power_discr,4.0,22.0,,,,,,4.0,0.0
reactive_power_discr,4.0,22.0,,,,,,5.0,0.0
reactive_power_discr,4.0,22.0,,,,,,6.0,0.0
reactive_power_discr,4.0,22.0,,,,,,7.0,0.0
reactive_power_discr,4.0,22.0,,,,,,8.0,0.0
reactive_power_discr,4.0,22.0,,,,,,9.0,0.0
reactive_power_discr,4.0,22.0,,,,,,10.0,0.0
reactive_power_discr,4.0,22.0,,,,,,11.0,0.0
reactive_power_discr,4.0,22.0,,,,,,12.0,0.0
reactive_power_discr,4.0,22.0,,,,,,13.0,0.0
reactive_power_discr,4.0,22.0,,,,,,14.0,0.0
reactive_power_discr,4.0,22.0,,,,,,15.0,0.0
reactive_power_discr,4.0,23.0,,,,,,1.0,0.0075778699824844125
reactive_power_discr,4.0,23.0,,,,,,2.0,0.013320281329628255
reactive_power_discr,4.0,23.0,,,,,,3.0,0.023414217334232015
reactive_power_discr,4.0,23.0,,,,,,4.0,0.041157206804276286
reactive_power_discr,4.0,23.0,,,,,,5.0,0.07234560300477912
reactive_power_discr,4.0,23.0,,,,,,6.0,0.11474516878815762
reactive_power_discr,4.0,23.0,,,,,,7.0,0.0
reactive_power_discr,4.0,23.0,,,,,,8.0,0.0
reactive_power_discr,4.0,23.0,,,,,,9.0,0.0
reactive_power_discr,4.0,23.0,,,,,,10.0,0.0
reactive_power_discr,4.0,23.0,,,,,,11.0,0.0
reactive_power_discr,4.0,23.0,,,,,,12.0,0.0
reactive_power_discr,4.0,23.0,,,,,,13.0,0.0
reactive_power_discr,4.0,23.0,,,,,,14.0,0.0
reactive_power_discr,4.0,23.0,,,,,,15.0,0.0
reactive_power_discr,4.0,25.0,,,,,,1.0,0.0075778699824844125
reactive_power_discr,4.0,25.0,,,,,,2.0,0.013320281329628255
reactive_power_discr,4.0,25.0,,,,,,3.0,0.023414217334232015
reactive_power_discr,4.0,25.0,,,,,,4.0,0.041157206804276286
reactive_power_discr,4.0,25.0,,,,,,5.0,0.07234560300477912
reactive_power_discr,4.0,25.0,,,,,,6.0,0.11476719517095721
reactive_power_discr,4.0,25.0,,,,,,7.0,0.0
reactive_power_discr,4.0,25.0,,,,,,8.0,0.0
reactive_power_discr,4.0,25.0,,,,,,9.0,0.0
reactive_power_discr,4.0,25.0,,,,,,10.0,0.0
reactive_power_discr,4.0,25.0,,,,,,11.0,0.0
reactive_power_discr,4.0,25.0,,,,,,12.0,0.0
reactive_power_discr,4.0,25.0,,,,,,13.0,0.0
reactive_power_discr,4.0,25.0,,,,,,14.0,0.0
reactive_power_discr,4.0,25.0,,,,,,15.0,0.0
reactive_power_discr,4.0,29.0,,,,,,1.0,0.0075778699824844125
reactive_power_discr,4.0,29.0,,,,,,2.0,0.013320281329628255
reactive_power_discr,4.0,29.0,,,,,,3.0,0.023414217334232015
reactive_power_discr,4.0,29.0,,,,,,4.0,0.041157206804276286
reactive_power_discr,4.0,29.0,,,,,,5.0,0.035725913787530844
reactive_power_discr,4.0,29.0,,,,,,6.0,0.0
reactive_power_discr,4.0,29.0,,,,,,7.0,0.0
reactive_power_discr,4.0,29.0,,,,,,8.0,0.0
reactive_power_discr,4.0,29.0,,,,,,9.0,0.0
reactive_power_discr,4.0,29.0,,,,,,10.0,0.0
reactive_power_discr,4.0,29.0,,,,,,11.0,0.0
reactive_power_discr,4.0,29.0,,,,,,12.0,0.0
reactive_power_discr,4.0,29.0,,,,,,13.0,0.0
reactive_power_discr,4.0,29.0,,,,,,14.0,0.0
reactive_power_discr,4.0,29.0,,,,,,15.0,0.0
reactive_power_discr,4.0,30.0,,,,,,1.0,0.0075778699824844125
reactive_power_discr,4.0,30.0,,,,,,2.0,0.013320281329628255
reactive_power_discr,4.0,30.0,,,,,,3.0,0.023414217334232015
reactive_power_discr,4.0,30.0,,,,,,4.0,0.041157206804276286
reactive_power_discr,4.0,30.0,,,,,,5.0,0.07234560300477912
reactive_power_discr,4.0,30.0,,,,,,6.0,0.12716816034224418
reactive_power_discr,4.0,30.0,,,,,,7.0,0.10902975325939425
reactive_power_discr,4.0,30.0,,,,,,8.0,0.0
reactive_power_discr,4.0,30.0,,,,,,9.0,0.0
reactive_power_discr,4.0,30.0,,,,,,10.0,0.0
reactive_power_discr,4.0,30.0,,,,,,11.0,0.0
reactive_power_discr,4.0,30.0,,,,,,12.0,0.0
reactive_power_discr,4.0,30.0,,,,,,13.0,0.0
reactive_power_discr,4.0,30.0,,,,,,14.0,0.0
reactive_power_discr,4.0,30.0,,,,,,15.0,0.0
reactive_power_discr,5.0,20.0,,,,,,1.0,8.580727064428823e-05
reactive_power_discr,5.0,20.0,,,,,,2.0,0.0
reactive_power_discr,5.0,20.0,,,,,,3.0,0.0
reactive_power_discr,5.0,20.0,,,,,,4.0,0.0
reactive_power_discr,5.0,20.0,,,,,,5.0,0.0
reactive_power_discr,5.0,20.0,,,,,,6.0,0.0
reactive_power_discr,5.0,20.0,,,,,,7.0,0.0
reactive_power_discr,5.0,20.0,,,,,,8.0,0.0
reactive_power_discr,5.0,20.0,,,,,,9.0,0.0
reactive_power_discr,5.0,20.0,,,,,,10.0,0.0
reactive_power_discr,5.0,20.0,,,,,,11.0,0.0
reactive_power_discr,5.0,20.0,,,,,,12.0,0.0
reactive_power_discr,5.0,20.0,,,,,,13.0,0.0
reactive_power_discr,5.0,20.0,,,,,,14.0,0.0
reactive_power_discr,5.0,20.0,,,,,,15.0,0.0
reactive_power_discr,5.0,22.0,,,,,,1.0,9.143894738286584e-06
reactive_power_discr,5.0,22.0,,,,,,2.0,0.0
reactive_power_discr,5.0,22.0,,,,,,3.0,0.0
reactive_power_discr,5.0,22.0,,,,,,4.0,0.0
reactive_power_discr,5.0,22.0,,,,,,5.0,0.0
reactive_power_discr,5.0,22.0,,,,,,6.0,0.0
reactive_power_discr,5.0,22.0,,,,,,7.0,0.0
reactive_power_discr,5.0,22.0,,,,,,8.0,0.0
reactive_power_discr,5.0,22.0,,,,,,9.0,0.0
reactive_power_discr,5.0,22.0,,,,,,10.0,0.0
reactive_power_discr,5.0,22.0,,,,,,11.0,0.0
reactive_power_discr,5.0,22.0,,,,,,12.0,0.0
reactive_power_discr,5.0,22.0,,,,,,13.0,0.0
reactive_power_discr,5.0,22.0,,,,,,14.0,0.0
reactive_power_discr,5.0,22.0,,,,,,15.0,0.0
reactive_power_discr,5.0,23.0,,,,,,1.0,0.0075778699824844125
reactive_power_discr,5.0,23.0,,,,,,2.0,0.013320281329628255
reactive_power_discr,5.0,23.0,,,,,,3.0,0.023414217334232015
reactive_power_discr,5.0,23.0,,,,,,4.0,0.041157206804276286
reactive_power_discr,5.0,23.0,,,,,,5.0,0.07234560300477912
reactive_power_discr,5.0,23.0,,,,,,6.0,0.12092430480795482
reactive_power_discr,5.0,23.0,,,,,,7.0,0.0
reactive_power_discr,5.0,23.0,,,,,,8.0,0.0
reactive_power_discr,5.0,23.0,,,,,,9.0,0.0
reactive_power_discr,5.0,23.0,,,,,,10.0,0.0
reactive_power_discr,5.0,23.0,,,,,,11.0,0.0
reactive_power_discr,5.0,23.0,,,,,,12.0,0.0
reactive_power_discr,5.0,23.0,,,,,,13.0,0.0
reactive_power_discr,5.0,23.0,,,,,,14.0,0.0
reactive_power_discr,5.0,23.0,,,,,,15.0,0.0
reactive_power_discr,5.0,25.0,,,,,,1.0,0.0075778699824844125
reactive_power_discr,5.0,25.0,,,,,,2.0,0.013320281329628255
reactive_power_discr,5.0,25.0,,,,,,3.0,0.023414217334232015
reactive_power_discr,5.0,25.0,,,,,,4.0,0.041157206804276286
reactive_power_discr,5.0,25.0,,,,,,5.0,0.07234560300477912
reactive_power_discr,5.0,25.0,,,,,,6.0,0.12094674654926837
reactive_power_discr,5.0,25.0,,,,,,7.0,0.0
reactive_power_discr,5.0,25.0,,,,,,8.0,0.0
reactive_power_discr,5.0,25.0,,,,,,9.0,0.0
reactive_power_discr,5.0,25.0,,,,,,10.0,0.0
reactive_power_discr,5.0,25.0,,,,,,11.0,0.0
reactive_power_discr,5.0,25.0,,,,,,12.0,0.0
reactive_power_discr,5.0,25.0,,,,,,13.0,0.0
reactive_power_discr,5.0,25.0,,,,,,14.0,0.0
reactive_power_discr,5.0,25.0,,,,,,15.0,0.0
reactive_power_discr,5.0,29.0,,,,,,1.0,0.0075778699824844125
reactive_power_discr,5.0,29.0,,,,,,2.0,0.013320281329628255
reactive_power_discr,5.0,29.0,,,,,,3.0,0.023414217334232015
reactive_power_discr,5.0,29.0,,,,,,4.0,0.041157206804276286
reactive_power_discr,5.0,29.0,,,,,,5.0,0.038460072208763726
reactive_power_discr,5.0,29.0,,,,,,6.0,0.0
reactive_power_discr,5.0,29.0,,,,,,7.0,0.0
reactive_power_discr,5.0,29.0,,,,,,8.0,0.0
reactive_power_discr,5.0,29.0,,,,,,9.0,0.0
reactive_power_discr,5.0,29.0,,,,,,10.0,0.0
reactive_power_discr,5.0,29.0,,,,,,11.0,0.0
reactive_power_discr,5.0,29.0,,,,,,12.0,0.0
reactive_power_discr,5.0,29.0,,,,,,13.0,0.0
reactive_power_discr,5.0,29.0,,,,,,14.0,0.0
reactive_power_discr,5.0,29.0,,,,,,15.0,0.0
reactive_power_discr,5.0,30.0,,,,,,1.0,0.0075778699824844125
reactive_power_discr,5.0,30.0,,,,,,2.0,0.013320281329628255
reactive_power_discr,5.0,30.0,,,,,,3.0,0.023414217334232015
reactive_power_discr,5.0,30.0,,,,,,4.0,0.041157206804276286
reactive_power_discr,5.0,30.0,,,,,,5.0,0.07234560300477912
reactive_power_discr,5.0,30.0,,,,,,6.0,0.12716816034224418
reactive_power_discr,5.0,30.0,,,,,,7.0,0.11795923162904749
reactive_power_discr,5.0,30.0,,,,,,8.0,0.0
reactive_power_discr,5.0,30.0,,,,,,9.0,0.0
reactive_power_discr,5.0,30.0,,,,,,10.0,0.0
reactive_power_discr,5.0,30.0,,,,,,11.0,0.0
reactive_power_discr,5.0,30.0,,,,,,12.0,0.0
reactive_power_discr,5.0,30.0,,,,,,13.0,0.0
reactive_power_discr,5.0,30.0,,,,,,14.0,0.0
reactive_power_discr,5.0,30.0,,,,,,15.0,0.0
reactive_power_discr,6.0,20.0,,,,,,1.0,0.0
reactive_power_discr,6.0,20.0,,,,,,2.0,0.0
reactive_power_discr,6.0,20.0,,,,,,3.0,0.0
reactive_power_discr,6.0,20.0,,,,,,4.0,0.0
reactive_power_discr,6.0,20.0,,,,,,5.0,0.0
reactive_power_discr,6.0,20.0,,,,,,6.0,0.0
reactive_power_discr,6.0,20.0,,,,,,7.0,0.0
reactive_power_discr,6.0,20.0,,,,,,8.0,0.0
reactive_power_discr,6.0,20.0,,,,,,9.0,0.0
reactive_power_discr,6.0,20.0,,,,,,10.0,0.0
reactive_power_discr,6.0,20.0,,,,,,11.0,0.0
reactive_power_discr,6.0,20.0,,,,,,12.0,0.0
reactive_power_discr,6.0,20.0,,,,,,13.0,0.0
reactive_power_discr,6.0,20.0,,,,,,14.0,0.0
reactive_power_discr,6.0,20.0,,,,,,15.0,0.0
reactive_power_discr,6.0,22.0,,,,,,1.0,0.0001745652631566369
reactive_power_discr,6.0,22.0,,,,,,2.0,0.0
reactive_power_discr,6.0,22.0,,,,,,3.0,0.0
reactive_power_discr,6.0,22.0,,,,,,4.0,0.0
reactive_power_discr,6.0,22.0,,,,,,5.0,0.0
reactive_power_discr,6.0,22.0,,,,,,6.0,0.0
reactive_power_discr,6.0,22.0,,,,,,7.0,0.0
reactive_power_discr,6.0,22.0,,,,,,8.0,0.0
reactive_power_discr,6.0,22.0,,,,,,9.0,0.0
reactive_power_discr,6.0,22.0,,,,,,10.0,0.0
reactive_power_discr,6.0,22.0,,,,,,11.0,0.0
reactive_power_discr,6.0,22.0,,,,,,12.0,0.0
reactive_power_discr,6.0,22.0,,,,,,13.0,0.0
reactive_power_discr,6.0,22.0,,,,,,14.0,0.0
reactive_power_discr,6.0,22.0,,,,,,15.0,0.0
reactive_power_discr,6.0,23.0,,,,,,1.0,0.0075778699824844125
reactive_power_discr,6.0,23.0,,,,,,2.0,0.013320281329628255
reactive_power_discr,6.0,23.0,,,,,,3.0,0.023414217334232015
reactive_power_discr,6.0,23.0,,,,,,4.0,0.041157206804276286
reactive_power_discr,6.0,23.0,,,,,,5.0,0.07234560300477912
reactive_power_discr,6.0,23.0,,,,,,6.0,0.12716816034224418
reactive_power_discr,6.0,23.0,,,,,,7.0,0.01747854457842467
reactive_power_discr,6.0,23.0,,,,,,8.0,0.0
reactive_power_discr,6.0,23.0,,,,,,9.0,0.0
reactive_power_discr,6.0,23.0,,,,,,10.0,0.0
reactive_power_discr,6.0,23.0,,,,,,11.0,0.0
reactive_power_discr,6.0,23.0,,,,,,12.0,0.0
reactive_power_discr,6.0,23.0,,,,,,13.0,0.0
reactive_power_discr,6.0,23.0,,,,,,14.0,0.0
reactive_power_discr,6.0,23.0,,,,,,15.0,0.0
reactive_power_discr,6.0,25.0,,,,,,1.0,0.0075778699824844125
reactive_power_discr,6.0,25.0,,,,,,2.0,0.013320281329628255
reactive_power_discr,6.0,25.0,,,,,,3.0,0.023414217334232015
reactive_power_discr,6.0,25.0,,,,,,4.0,0.041157206804276286
reactive_power_discr,6.0,25.0,,,,,,5.0,0.07234560300477912
reactive_power_discr,6.0,25.0,,,,,,6.0,0.12716816034224418
reactive_power_discr,6.0,25.0,,,,,,7.0,0.017505227670278733
reactive_power_discr,6.0,25.0,,,,,,8.0,0.0
reactive_power_discr,6.0,25.0,,,,,,9.0,0.0
reactive_power_discr,6.0,25.0,,,,,,10.0,0.0
reactive_power_discr,6.0,25.0,,,,,,11.0,0.0
reactive_power_discr,6.0,25.0,,,,,,12.0,0.0
reactive_power_discr,6.0,25.0,,,,,,13.0,0.0
reactive_power_discr,6.0,25.0,,,,,,14.0,0.0
reactive_power_discr,6.0,25.0,,,,,,15.0,0.0
reactive_power_discr,6.0,29.0,,,,,,1.0,0.0075778699824844125
reactive_power_discr,6.0,29.0,,,,,,2.0,0.013320281329628255
reactive_power_discr,6.0,29.0,,,,,,3.0,0.023414217334232015
reactive_power_discr,6.0,29.0,,,,,,4.0,0.041157206804276286
reactive_power_discr,6.0,29.0,,,,,,5.0,0.04896670340560662
reactive_power_discr,6.0,29.0,,,,,,6.0,0.0
reactive_power_discr,6.0,29.0,,,,,,7.0,0.0
reactive_power_discr,6.0,29.0,,,,,,8.0,0.0
reactive_power_discr,6.0,29.0,,,,,,9.0,0.0
reactive_power_discr,6.0,29.0,,,,,,10.0,0.0
reactive_power_discr,6.0,29.0,,,,,,11.0,0.0
reactive_power_discr,6.0,29.0,,,,,,12.0,0.0
reactive_power_discr,6.0,29.0,,,,,,13.0,0.0
reactive_power_discr,6.0,29.0,,,,,,14.0,0.0
reactive_power_discr,6.0,29.0,,,,,,15.0,0.0
reactive_power_discr,6.0,30.0,,,,,,1.0,0.0075778699824844125
reactive_power_discr,6.0,30.0,,,,,,2.0,0.013320281329628255
reactive_power_discr,6.0,30.0,,,,,,3.0,0.023414217334232015
reactive_power_discr,6.0,30.0,,,,,,4.0,0.041157206804276286
reactive_power_discr,6.0,30.0,,,,,,5.0,0.07234560300477912
reactive_power_discr,6.0,30.0,,,,,,6.0,0.12716816034224418
reactive_power_discr,6.0,30.0,,,,,,7.0,0.1520790541731525
reactive_power_discr,6.0,30.0,,,,,,8.0,0.0
reactive_power_discr,6.0,30.0,,,,,,9.0,0.0
reactive_power_discr,6.0,30.0,,,,,,10.0,0.0
reactive_power_discr,6.0,30.0,,,,,,11.0,0.0
reactive_power_discr,6.0,30.0,,,,,,12.0,0.0
reactive_power_discr,6.0,30.0,,,,,,13.0,0.0
reactive_power_discr,6.0,30.0,,,,,,14.0,0.0
reactive_power_discr,6.0,30.0,,,,,,15.0,0.0
reactive_power_discr,7.0,20.0,,,,,,1.0,0.00022182128907805262
reactive_power_discr,7.0,20.0,,,,,,2.0,0.0
reactive_power_discr,7.0,20.0,,,,,,3.0,0.0
reactive_power_discr,7.0,20.0,,,,,,4.0,0.0
reactive_power_discr,7.0,20.0,,,,,,5.0,0.0
reactive_power_discr,7.0,20.0,,,,,,6.0,0.0
reactive_power_discr,7.0,20.0,,,,,,7.0,0.0
reactive_power_discr,7.0,20.0,,,,,,8.0,0.0
reactive_power_discr,7.0,20.0,,,,,,9.0,0.0
reactive_power_discr,7.0,20.0,,,,,,10.0,0.0
reactive_power_discr,7.0,20.0,,,,,,11.0,0.0
reactive_power_discr,7.0,20.0,,,,,,12.0,0.0
reactive_power_discr,7.0,20.0,,,,,,13.0,0.0
reactive_power_discr,7.0,20.0,,,,,,14.0,0.0
reactive_power_discr,7.0,20.0,,,,,,15.0,0.0
reactive_power_discr,7.0,22.0,,,,,,1.0,0.0001867997516851322
reactive_power_discr,7.0,22.0,,,,,,2.0,0.0
reactive_power_discr,7.0,22.0,,,,,,3.0,0.0
reactive_power_discr,7.0,22.0,,,,,,4.0,0.0
reactive_power_discr,7.0,22.0,,,,,,5.0,0.0
reactive_power_discr,7.0,22.0,,,,,,6.0,0.0
reactive_power_discr,7.0,22.0,,,,,,7.0,0.0
reactive_power_discr,7.0,22.0,,,,,,8.0,0.0
reactive_power_discr,7.0,22.0,,,,,,9.0,0.0
reactive_power_discr,7.0,22.0,,,,,,10.0,0.0
reactive_power_discr,7.0,22.0,,,,,,11.0,0.0
reactive_power_discr,7.0,22.0,,,,,,12.0,0.0
reactive_power_discr,7.0,22.0,,,,,,13.0,0.0
reactive_power_discr,7.0,22.0,,,,,,14.0,0.0
reactive_power_discr,7.0,22.0,,,,,,15.0,0.0
reactive_power_discr,7.0,23.0,,,,,,1.0,0.0075778699824844125
reactive_power_discr,7.0,23.0,,,,,,2.0,0.013320281329628255
reactive_power_discr,7.0,23.0,,,,,,3.0,0.023414217334232015
reactive_power_discr,7.0,23.0,,,,,,4.0,0.041157206804276286
reactive_power_discr,7.0,23.0,,,,,,5.0,0.07234560300477912
reactive_power_discr,7.0,23.0,,,,,,6.0,0.12716816034224418
reactive_power_discr,7.0,23.0,,,,,,7.0,0.02046456739988375
reactive_power_discr,7.0,23.0,,,,,,8.0,0.0
reactive_power_discr,7.0,23.0,,,,,,9.0,0.0
reactive_power_discr,7.0,23.0,,,,,,10.0,0.0
reactive_power_discr,7.0,23.0,,,,,,11.0,0.0
reactive_power_discr,7.0,23.0,,,,,,12.0,0.0
reactive_power_discr,7.0,23.0,,,,,,13.0,0.0
reactive_power_discr,7.0,23.0,,,,,,14.0,0.0
reactive_power_discr,7.0,23.0,,,,,,15.0,0.0
reactive_power_discr,7.0,25.0,,,,,,1.0,0.0075778699824844125
reactive_power_discr,7.0,25.0,,,,,,2.0,0.013320281329628255
reactive_power_discr,7.0,25.0,,,,,,3.0,0.023414217334232015
reactive_power_discr,7.0,25.0,,,,,,4.0,0.041157206804276286
reactive_power_discr,7.0,25.0,,,,,,5.0,0.07234560300477912
reactive_power_discr,7.0,25.0,,,,,,6.0,0.12716816034224418
reactive_power_discr,7.0,25.0,,,,,,7.0,0.020494611801269047
reactive_power_discr,7.0,25.0,,,,,,8.0,0.0
reactive_power_discr,7.0,25.0,,,,,,9.0,0.0
reactive_power_discr,7.0,25.0,,,,,,10.0,0.0
reactive_power_discr,7.0,25.0,,,,,,11.0,0.0
reactive_power_discr,7.0,25.0,,,,,,12.0,0.0
reactive_power_discr,7.0,25.0,,,,,,13.0,0.0
reactive_power_discr,7.0,25.0,,,,,,14.0,0.0
reactive_power_discr,7.0,25.0,,,,,,15.0,0.0
reactive_power_discr,7.0,29.0,,,,,,1.0,0.0075778699824844125
reactive_power_discr,7.0,29.0,,,,,,2.0,0.013320281329628255
reactive_power_discr,7.0,29.0,,,,,,3.0,0.023414217334232015
reactive_power_discr,7.0,29.0,,,,,,4.0,0.041157206804276286
reactive_power_discr,7.0,29.0,,,,,,5.0,0.05039366755880882
reactive_power_discr,7.0,29.0,,,,,,6.0,0.0
reactive_power_discr,7.0,29.0,,,,,,7.0,0.0
reactive_power_discr,7.0,29.0,,,,,,8.0,0.0
reactive_power_discr,7.0,29.0,,,,,,9.0,0.0
reactive_power_discr,7.0,29.0,,,,,,10.0,0.0
reactive_power_discr,7.0,29.0,,,,,,11.0,0.0
reactive_power_discr,7.0,29.0,,,,,,12.0,0.0
reactive_power_discr,7.0,29.0,,,,,,13.0,0.0
reactive_power_discr,7.0,29.0,,,,,,14.0,0.0
reactive_power_discr,7.0,29.0,,,,,,15.0,0.0
reactive_power_discr,7.0,30.0,,,,,,1.0,0.0075778699824844125
reactive_power_discr,7.0,30.0,,,,,,2.0,0.013320281329628255
reactive_power_discr,7.0,30.0,,,,,,3.0,0.023414217334232015
reactive_power_discr,7.0,30.0,,,,,,4.0,0.041157206804276286
reactive_power_discr,7.0,30.0,,,,,,5.0,0.07234560300477912
reactive_power_discr,7.0,30.0,,,,,,6.0,0.12716816034224418
reactive_power_discr,7.0,30.0,,,,,,7.0,0.1565285361914555
reactive_power_discr,7.0,30.0,,,,,,8.0,0.0
reactive_power_discr,7.0,30.0,,,,,,9.0,0.0
reactive_power_discr,7.0,30.0,,,,,,10.0,0.0
reactive_power_discr,7.0,30.0,,,,,,11.0,0.0
reactive_power_discr,7.0,30.0,,,,,,12.0,0.0
reactive_power_discr,7.0,30.0,,,,,,13.0,0.0
reactive_power_discr,7.0,30.0,,,,,,14.0,0.0
reactive_power_discr,7.0,30.0,,,,,,15.0,0.0
reactive_power_discr,8.0,20.0,,,,,,1.0,0.00040459303191797013
reactive_power_discr,8.0,20.0,,,,,,2.0,0.0
reactive_power_discr,8.0,20.0,,,,,,3.0,0.0
reactive_power_discr,8.0,20.0,,,,,,4.0,0.0
reactive_power_discr,8.0,20.0,,,,,,5.0,0.0
reactive_power_discr,8.0,20.0,,,,,,6.0,0.0
reactive_power_discr,8.0,20.0,,,,,,7.0,0.0
reactive_power_discr,8.0,20.0,,,,,,8.0,0.0
reactive_power_discr,8.0,20.0,,,,,,9.0,0.0
reactive_power_discr,8.0,20.0,,,,,,10.0,0.0
reactive_power_discr,8.0,20.0,,,,,,11.0,0.0
reactive_power_discr,8.0,20.0,,,,,,12.0,0.0
reactive_power_discr,8.0,20.0,,,,,,13.0,0.0
reactive_power_discr,8.0,20.0,,,,,,14.0,0.0
reactive_power_discr,8.0,20.0,,,,,,15.0,0.0
reactive_power_discr,8.0,22.0,,,,,,1.0,0.0002646421048044939
reactive_power_discr,8.0,22.0,,,,,,2.0,0.0
reactive_power_discr,8.0,22.0,,,,,,3.0,0.0
reactive_power_discr,8.0,22.0,,,,,,4.0,0.0
reactive_power_discr,8.0,22.0,,,,,,5.0,0.0
reactive_power_discr,8.0,22.0,,,,,,6.0,0.0
reactive_power_discr,8.0,22.0,,,,,,7.0,0.0
reactive_power_discr,8.0,22.0,,,,,,8.0,0.0
reactive_power_discr,8.0,22.0,,,,,,9.0,0.0
reactive_power_discr,8.0,22.0,,,,,,10.0,0.0
reactive_power_discr,8.0,22.0,,,,,,11.0,0.0
reactive_power_discr,8.0,22.0,,,,,,12.0,0.0
reactive_power_discr,8.0,22.0,,,,,,13.0,0.0
reactive_power_discr,8.0,22.0,,,,,,14.0,0.0
reactive_power_discr,8.0,22.0,,,,,,15.0,0.0
reactive_power_discr,8.0,23.0,,,,,,1.0,0.0075778699824844125
reactive_power_discr,8.0,23.0,,,,,,2.0,0.013320281329628255
reactive_power_discr,8.0,23.0,,,,,,3.0,0.023414217334232015
reactive_power_discr,8.0,23.0,,,,,,4.0,0.041157206804276286
reactive_power_discr,8.0,23.0,,,,,,5.0,0.07234560300477912
reactive_power_discr,8.0,23.0,,,,,,6.0,0.12716816034224418
reactive_power_discr,8.0,23.0,,,,,,7.0,0.16253281146786905
reactive_power_discr,8.0,23.0,,,,,,8.0,0.0
reactive_power_discr,8.0,23.0,,,,,,9.0,0.0
reactive_power_discr,8.0,23.0,,,,,,10.0,0.0
reactive_power_discr,8.0,23.0,,,,,,11.0,0.0
reactive_power_discr,8.0,23.0,,,,,,12.0,0.0
reactive_power_discr,8.0,23.0,,,,,,13.0,0.0
reactive_power_discr,8.0,23.0,,,,,,14.0,0.0
reactive_power_discr,8.0,23.0,,,,,,15.0,0.0
reactive_power_discr,8.0,25.0,,,,,,1.0,0.0075778699824844125
reactive_power_discr,8.0,25.0,,,,,,2.0,0.013320281329628255
reactive_power_discr,8.0,25.0,,,,,,3.0,0.023414217334232015
reactive_power_discr,8.0,25.0,,,,,,4.0,0.041157206804276286
reactive_power_discr,8.0,25.0,,,,,,5.0,0.07234560300477912
reactive_power_discr,8.0,25.0,,,,,,6.0,0.12716816034224418
reactive_power_discr,8.0,25.0,,,,,,7.0,0.16260661569395823
reactive_power_discr,8.0,25.0,,,,,,8.0,0.0
reactive_power_discr,8.0,25.0,,,,,,9.0,0.0
reactive_power_discr,8.0,25.0,,,,,,10.0,0.0
reactive_power_discr,8.0,25.0,,,,,,11.0,0.0
reactive_power_discr,8.0,25.0,,,,,,12.0,0.0
reactive_power_discr,8.0,25.0,,,,,,13.0,0.0
reactive_power_discr,8.0,25.0,,,,,,14.0,0.0
reactive_power_discr,8.0,25.0,,,,,,15.0,0.0
reactive_power_discr,8.0,29.0,,,,,,1.0,0.0075778699824844125
reactive_power_discr,8.0,29.0,,,,,,2.0,0.013320281329628255
reactive_power_discr,8.0,29.0,,,,,,3.0,0.023414217334232015
reactive_power_discr,8.0,29.0,,,,,,4.0,0.041157206804276286
reactive_power_discr,8.0,29.0,,,,,,5.0,0.07234560300477912
reactive_power_discr,8.0,29.0,,,,,,6.0,0.04128462449937989
reactive_power_discr,8.0,29.0,,,,,,7.0,0.0
reactive_power_discr,8.0,29.0,,,,,,8.0,0.0
reactive_power_discr,8.0,29.0,,,,,,9.0,0.0
reactive_power_discr,8.0,29.0,,,,,,10.0,0.0
reactive_power_discr,8.0,29.0,,,,,,11.0,0.0
reactive_power_discr,8.0,29.0,,,,,,12.0,0.0
reactive_power_discr,8.0,29.0,,,,,,13.0,0.0
reactive_power_discr,8.0,29.0,,,,,,14.0,0.0
reactive_power_discr,8.0,29.0,,,,,,15.0,0.0
reactive_power_discr,8.0,30.0,,,,,,1.0,0.0075778699824844125
reactive_power_discr,8.0,30.0,,,,,,2.0,0.013320281329628255
reactive_power_discr,8.0,30.0,,,,,,3.0,0.023414217334232015
reactive_power_discr,8.0,30.0,,,,,,4.0,0.041157206804276286
reactive_power_discr,8.0,30.0,,,,,,5.0,0.07234560300477912
reactive_power_discr,8.0,30.0,,,,,,6.0,0.12716816034224418
reactive_power_discr,8.0,30.0,,,,,,7.0,0.2235345388407699
reactive_power_discr,8.0,30.0,,,,,,8.0,0.13876972878564886
reactive_power_discr,8.0,30.0,,,,,,9.0,0.0
reactive_power_discr,8.0,30.0,,,,,,10.0,0.0
reactive_power_discr,8.0,30.0,,,,,,11.0,0.0
reactive_power_discr,8.0,30.0,,,,,,12.0,0.0
reactive_power_discr,8.0,30.0,,,,,,13.0,0.0
reactive_power_discr,8.0,30.0,,,,,,14.0,0.0
reactive_power_discr,8.0,30.0,,,,,,15.0,0.0
reactive_power_discr,9.0,20.0,,,,,,1.0,0.0020595370084564974
reactive_power_discr,9.0,20.0,,,,,,2.0,0.0
reactive_power_discr,9.0,20.0,,,,,,3.0,0.0
reactive_power_discr,9.0,20.0,,,,,,4.0,0.0
reactive_power_discr,9.0,20.0,,,,,,5.0,0.0
reactive_power_discr,9.0,20.0,,,,,,6.0,0.0
reactive_power_discr,9.0,20.0,,,,,,7.0,0.0
reactive_power_discr,9.0,20.0,,,,,,8.0,0.0
reactive_power_discr,9.0,20.0,,,,,,9.0,0.0
reactive_power_discr,9.0,20.0,,,,,,10.0,0.0
reactive_power_discr,9.0,20.0,,,,,,11.0,0.0
reactive_power_discr,9.0,20.0,,,,,,12.0,0.0
reactive_power_discr,9.0,20.0,,,,,,13.0,0.0
reactive_power_discr,9.0,20.0,,,,,,14.0,0.0
reactive_power_discr,9.0,20.0,,,,,,15.0,0.0
reactive_power_discr,9.0,22.0,,,,,,1.0,0.0019390949453684174
reactive_power_discr,9.0,22.0,,,,,,2.0,0.0
reactive_power_discr,9.0,22.0,,,,,,3.0,0.0
reactive_power_discr,9.0,22.0,,,,,,4.0,0.0
reactive_power_discr,9.0,22.0,,,,,,5.0,0.0
reactive_power_discr,9.0,22.0,,,,,,6.0,0.0
reactive_power_discr,9.0,22.0,,,,,,7.0,0.0
reactive_power_discr,9.0,22.0,,,,,,8.0,0.0
reactive_power_discr,9.0,22.0,,,,,,9.0,0.0
reactive_power_discr,9.0,22.0,,,,,,10.0,0.0
reactive_power_discr,9.0,22.0,,,,,,11.0,0.0
reactive_power_discr,9.0,22.0,,,,,,12.0,0.0
reactive_power_discr,9.0,22.0,,,,,,13.0,0.0
reactive_power_discr,9.0,22.0,,,,,,14.0,0.0
reactive_power_discr,9.0,22.0,,,,,,15.0,0.0
reactive_power_discr,9.0,23.0,,,,,,1.0,0.0075778699824844125
reactive_power_discr,9.0,23.0,,,,,,2.0,0.013320281329628255
reactive_power_discr,9.0,23.0,,,,,,3.0,0.023414217334232015
reactive_power_discr,9.0,23.0,,,,,,4.0,0.041157206804276286
reactive_power_discr,9.0,23.0,,,,,,5.0,0.07234560300477912
reactive_power_discr,9.0,23.0,,,,,,6.0,0.12716816034224418
reactive_power_discr,9.0,23.0,,,,,,7.0,0.1097890009697572
reactive_power_discr,9.0,23.0,,,,,,8.0,0.0
reactive_power_discr,9.0,23.0,,,,,,9.0,0.0
reactive_power_discr,9.0,23.0,,,,,,10.0,0.0
reactive_power_discr,9.0,23.0,,,,,,11.0,0.0
reactive_power_discr,9.0,23.0,,,,,,12.0,0.0
reactive_power_discr,9.0,23.0,,,,,,13.0,0.0
reactive_power_discr,9.0,23.0,,,,,,14.0,0.0
reactive_power_discr,9.0,23.0,,,,,,15.0,0.0
reactive_power_discr,9.0,25.0,,,,,,1.0,0.0075778699824844125
reactive_power_discr,9.0,25.0,,,,,,2.0,0.013320281329628255
reactive_power_discr,9.0,25.0,,,,,,3.0,0.023414217334232015
reactive_power_discr,9.0,25.0,,,,,,4.0,0.041157206804276286
reactive_power_discr,9.0,25.0,,,,,,5.0,0.07234560300477912
reactive_power_discr,9.0,25.0,,,,,,6.0,0.12716816034224418
reactive_power_discr,9.0,25.0,,,,,,7.0,0.1098583201967982
reactive_power_discr,9.0,25.0,,,,,,8.0,0.0
reactive_power_discr,9.0,25.0,,,,,,9.0,0.0
reactive_power_discr,9.0,25.0,,,,,,10.0,0.0
reactive_power_discr,9.0,25.0,,,,,,11.0,0.0
reactive_power_discr,9.0,25.0,,,,,,12.0,0.0
reactive_power_discr,9.0,25.0,,,,,,13.0,0.0
reactive_power_discr,9.0,25.0,,,,,,14.0,0.0
reactive_power_discr,9.0,25.0,,,,,,15.0,0.0
reactive_power_discr,9.0,29.0,,,,,,1.0,0.0075778699824844125
reactive_power_discr,9.0,29.0,,,,,,2.0,0.013320281329628255
reactive_power_discr,9.0,29.0,,,,,,3.0,0.023414217334232015
reactive_power_discr,9.0,29.0,,,,,,4.0,0.041157206804276286
reactive_power_discr,9.0,29.0,,,,,,5.0,0.07234560300477912
reactive_power_discr,9.0,29.0,,,,,,6.0,0.01674592676061451
reactive_power_discr,9.0,29.0,,,,,,7.0,0.0
reactive_power_discr,9.0,29.0,,,,,,8.0,0.0
reactive_power_discr,9.0,29.0,,,,,,9.0,0.0
reactive_power_discr,9.0,29.0,,,,,,10.0,0.0
reactive_power_discr,9.0,29.0,,,,,,11.0,0.0
reactive_power_discr,9.0,29.0,,,,,,12.0,0.0
reactive_power_discr,9.0,29.0,,,,,,13.0,0.0
reactive_power_discr,9.0,29.0,,,,,,14.0,0.0
reactive_power_discr,9.0,29.0,,,,,,15.0,0.0
reactive_power_discr,9.0,30.0,,,,,,1.0,0.0075778699824844125
reactive_power_discr,9.0,30.0,,,,,,2.0,0.013320281329628255
reactive_power_discr,9.0,30.0,,,,,,3.0,0.023414217334232015
reactive_power_discr,9.0,30.0,,,,,,4.0,0.041157206804276286
reactive_power_discr,9.0,30.0,,,,,,5.0,0.07234560300477912
reactive_power_discr,9.0,30.0,,,,,,6.0,0.12716816034224418
reactive_power_discr,9.0,30.0,,,,,,7.0,0.2235345388407699
reactive_power_discr,9.0,30.0,,,,,,8.0,0.06363257489733298
reactive_power_discr,9.0,30.0,,,,,,9.0,0.0
reactive_power_discr,9.0,30.0,,,,,,10.0,0.0
reactive_power_discr,9.0,30.0,,,,,,11.0,0.0
reactive_power_discr,9.0,30.0,,,,,,12.0,0.0
reactive_power_discr,9.0,30.0,,,,,,13.0,0.0
reactive_power_discr,9.0,30.0,,,,,,14.0,0.0
reactive_power_discr,9.0,30.0,,,,,,15.0,0.0
reactive_power_discr,10.0,20.0,,,,,,1.0,0.0027526476044093338
reactive_power_discr,10.0,20.0,,,,,,2.0,0.0
reactive_power_discr,10.0,20.0,,,,,,3.0,0.0
reactive_power_discr,10.0,20.0,,,,,,4.0,0.0
reactive_power_discr,10.0,20.0,,,,,,5.0,0.0
reactive_power_discr,10.0,20.0,,,,,,6.0,0.0
reactive_power_discr,10.0,20.0,,,,,,7.0,0.0
reactive_power_discr,10.0,20.0,,,,,,8.0,0.0
reactive_power_discr,10.0,20.0,,,,,,9.0,0.0
reactive_power_discr,10.0,20.0,,,,,,10.0,0.0
reactive_power_discr,10.0,20.0,,,,,,11.0,0.0
reactive_power_discr,10.0,20.0,,,,,,12.0,0.0
reactive_power_discr,10.0,20.0,,,,,,13.0,0.0
reactive_power_discr,10.0,20.0,,,,,,14.0,0.0
reactive_power_discr,10.0,20.0,,,,,,15.0,0.0
reactive_power_discr,10.0,22.0,,,,,,1.0,0.003811904963134563
reactive_power_discr,10.0,22.0,,,,,,2.0,0.00018213779453353594
reactive_power_discr,10.0,22.0,,,,,,3.0,0.0
reactive_power_discr,10.0,22.0,,,,,,4.0,0.0
reactive_power_discr,10.0,22.0,,,,,,5.0,0.0
reactive_power_discr,10.0,22.0,,,,,,6.0,0.0
reactive_power_discr,10.0,22.0,,,,,,7.0,0.0
reactive_power_discr,10.0,22.0,,,,,,8.0,0.0
reactive_power_discr,10.0,22.0,,,,,,9.0,0.0
reactive_power_discr,10.0,22.0,,,,,,10.0,0.0
reactive_power_discr,10.0,22.0,,,,,,11.0,0.0
reactive_power_discr,10.0,22.0,,,,,,12.0,0.0
reactive_power_discr,10.0,22.0,,,,,,13.0,0.0
reactive_power_discr,10.0,22.0,,,,,,14.0,0.0
reactive_power_discr,10.0,22.0,,,,,,15.0,0.0
reactive_power_discr,10.0,23.0,,,,,,1.0,0.0075778699824844125
reactive_power_discr,10.0,23.0,,,,,,2.0,0.013320281329628255
reactive_power_discr,10.0,23.0,,,,,,3.0,0.023414217334232015
reactive_power_discr,10.0,23.0,,,,,,4.0,0.041157206804276286
reactive_power_discr,10.0,23.0,,,,,,5.0,0.07234560300477912
reactive_power_discr,10.0,23.0,,,,,,6.0,0.12716816034224418
reactive_power_discr,10.0,23.0,,,,,,7.0,0.025492210894451646
reactive_power_discr,10.0,23.0,,,,,,8.0,0.0
reactive_power_discr,10.0,23.0,,,,,,9.0,0.0
reactive_power_discr,10.0,23.0,,,,,,10.0,0.0
reactive_power_discr,10.0,23.0,,,,,,11.0,0.0
reactive_power_discr,10.0,23.0,,,,,,12.0,0.0
reactive_power_discr,10.0,23.0,,,,,,13.0,0.0
reactive_power_discr,10.0,23.0,,,,,,14.0,0.0
reactive_power_discr,10.0,23.0,,,,,,15.0,0.0
reactive_power_discr,10.0,25.0,,,,,,1.0,0.0075778699824844125
reactive_power_discr,10.0,25.0,,,,,,2.0,0.013320281329628255
reactive_power_discr,10.0,25.0,,,,,,3.0,0.023414217334232015
reactive_power_discr,10.0,25.0,,,,,,4.0,0.041157206804276286
reactive_power_discr,10.0,25.0,,,,,,5.0,0.07234560300477912
reactive_power_discr,10.0,25.0,,,,,,6.0,0.12716816034224418
reactive_power_discr,10.0,25.0,,,,,,7.0,0.025554985067732905
reactive_power_discr,10.0,25.0,,,,,,8.0,0.0
reactive_power_discr,10.0,25.0,,,,,,9.0,0.0
reactive_power_discr,10.0,25.0,,,,,,10.0,0.0
reactive_power_discr,10.0,25.0,,,,,,11.0,0.0
reactive_power_discr,10.0,25.0,,,,,,12.0,0.0
reactive_power_discr,10.0,25.0,,,,,,13.0,0.0
reactive_power_discr,10.0,25.0,,,,,,14.0,0.0
reactive_power_discr,10.0,25.0,,,,,,15.0,0.0
reactive_power_discr,10.0,29.0,,,,,,1.0,0.0075778699824844125
reactive_power_discr,10.0,29.0,,,,,,2.0,0.013320281329628255
reactive_power_discr,10.0,29.0,,,,,,3.0,0.023414217334232015
reactive_power_discr,10.0,29.0,,,,,,4.0,0.041157206804276286
reactive_power_discr,10.0,29.0,,,,,,5.0,0.05131622258016254
reactive_power_discr,10.0,29.0,,,,,,6.0,0.0
reactive_power_discr,10.0,29.0,,,,,,7.0,0.0
reactive_power_discr,10.0,29.0,,,,,,8.0,0.0
reactive_power_discr,10.0,29.0,,,,,,9.0,0.0
reactive_power_discr,10.0,29.0,,,,,,10.0,0.0
reactive_power_discr,10.0,29.0,,,,,,11.0,0.0
reactive_power_discr,10.0,29.0,,,,,,12.0,0.0
reactive_power_discr,10.0,29.0,,,,,,13.0,0.0
reactive_power_discr,10.0,29.0,,,,,,14.0,0.0
reactive_power_discr,10.0,29.0,,,,,,15.0,0.0
reactive_power_discr,10.0,30.0,,,,,,1.0,0.0075778699824844125
reactive_power_discr,10.0,30.0,,,,,,2.0,0.013320281329628255
reactive_power_discr,10.0,30.0,,,,,,3.0,0.023414217334232015
reactive_power_discr,10.0,30.0,,,,,,4.0,0.041157206804276286
reactive_power_discr,10.0,30.0,,,,,,5.0,0.07234560300477912
reactive_power_discr,10.0,30.0,,,,,,6.0,0.12716816034224418
reactive_power_discr,10.0,30.0,,,,,,7.0,0.16707564087325488
reactive_power_discr,10.0,30.0,,,,,,8.0,0.0
reactive_power_discr,10.0,30.0,,,,,,9.0,0.0
reactive_power_discr,10.0,30.0,,,,,,10.0,0.0
reactive_power_discr,10.0,30.0,,,,,,11.0,0.0
reactive_power_discr,10.0,30.0,,,,,,12.0,0.0
reactive_power_discr,10.0,30.0,,,,,,13.0,0.0
reactive_power_discr,10.0,30.0,,,,,,14.0,0.0
reactive_power_discr,10.0,30.0,,,,,,15.0,0.0
reactive_power_discr,11.0,20.0,,,,,,1.0,0.0033456167150972263
reactive_power_discr,11.0,20.0,,,,,,2.0,0.0
reactive_power_discr,11.0,20.0,,,,,,3.0,0.0
reactive_power_discr,11.0,20.0,,,,,,4.0,0.0
reactive_power_discr,11.0,20.0,,,,,,5.0,0.0
reactive_power_discr,11.0,20.0,,,,,,6.0,0.0
reactive_power_discr,11.0,20.0,,,,,,7.0,0.0
reactive_power_discr,11.0,20.0,,,,,,8.0,0.0
reactive_power_discr,11.0,20.0,,,,,,9.0,0.0
reactive_power_discr,11.0,20.0,,,,,,10.0,0.0
reactive_power_discr,11.0,20.0,,,,,,11.0,0.0
reactive_power_discr,11.0,20.0,,,,,,12.0,0.0
reactive_power_discr,11.0,20.0,,,,,,13.0,0.0
reactive_power_discr,11.0,20.0,,,,,,14.0,0.0
reactive_power_discr,11.0,20.0,,,,,,15.0,0.0
reactive_power_discr,11.0,22.0,,,,,,1.0,0.003811904963134563
reactive_power_discr,11.0,22.0,,,,,,2.0,0.00016898259971417483
reactive_power_discr,11.0,22.0,,,,,,3.0,0.0
reactive_power_discr,11.0,22.0,,,,,,4.0,0.0
reactive_power_discr,11.0,22.0,,,,,,5.0,0.0
reactive_power_discr,11.0,22.0,,,,,,6.0,0.0
reactive_power_discr,11.0,22.0,,,,,,7.0,0.0
reactive_power_discr,11.0,22.0,,,,,,8.0,0.0
reactive_power_discr,11.0,22.0,,,,,,9.0,0.0
reactive_power_discr,11.0,22.0,,,,,,10.0,0.0
reactive_power_discr,11.0,22.0,,,,,,11.0,0.0
reactive_power_discr,11.0,22.0,,,,,,12.0,0.0
reactive_power_discr,11.0,22.0,,,,,,13.0,0.0
reactive_power_discr,11.0,22.0,,,,,,14.0,0.0
reactive_power_discr,11.0,22.0,,,,,,15.0,0.0
reactive_power_discr,11.0,23.0,,,,,,1.0,0.0075778699824844125
reactive_power_discr,11.0,23.0,,,,,,2.0,0.013320281329628255
reactive_power_discr,11.0,23.0,,,,,,3.0,0.023414217334232015
reactive_power_discr,11.0,23.0,,,,,,4.0,0.041157206804276286
reactive_power_discr,11.0,23.0,,,,,,5.0,0.07234560300477912
reactive_power_discr,11.0,23.0,,,,,,6.0,0.12716816034224418
reactive_power_discr,11.0,23.0,,,,,,7.0,0.023875525774939954
reactive_power_discr,11.0,23.0,,,,,,8.0,0.0
reactive_power_discr,11.0,23.0,,,,,,9.0,0.0
reactive_power_discr,11.0,23.0,,,,,,10.0,0.0
reactive_power_discr,11.0,23.0,,,,,,11.0,0.0
reactive_power_discr,11.0,23.0,,,,,,12.0,0.0
reactive_power_discr,11.0,23.0,,,,,,13.0,0.0
reactive_power_discr,11.0,23.0,,,,,,14.0,0.0
reactive_power_discr,11.0,23.0,,,,,,15.0,0.0
reactive_power_discr,11.0,25.0,,,,,,1.0,0.0075778699824844125
reactive_power_discr,11.0,25.0,,,,,,2.0,0.013320281329628255
reactive_power_discr,11.0,25.0,,,,,,3.0,0.023414217334232015
reactive_power_discr,11.0,25.0,,,,,,4.0,0.041157206804276286
reactive_power_discr,11.0,25.0,,,,,,5.0,0.07234560300477912
reactive_power_discr,11.0,25.0,,,,,,6.0,0.12716816034224418
reactive_power_discr,11.0,25.0,,,,,,7.0,0.0239378779199807
reactive_power_discr,11.0,25.0,,,,,,8.0,0.0
reactive_power_discr,11.0,25.0,,,,,,9.0,0.0
reactive_power_discr,11.0,25.0,,,,,,10.0,0.0
reactive_power_discr,11.0,25.0,,,,,,11.0,0.0
reactive_power_discr,11.0,25.0,,,,,,12.0,0.0
reactive_power_discr,11.0,25.0,,,,,,13.0,0.0
reactive_power_discr,11.0,25.0,,,,,,14.0,0.0
reactive_power_discr,11.0,25.0,,,,,,15.0,0.0
reactive_power_discr,11.0,29.0,,,,,,1.0,0.0075778699824844125
reactive_power_discr,11.0,29.0,,,,,,2.0,0.013320281329628255
reactive_power_discr,11.0,29.0,,,,,,3.0,0.023414217334232015
reactive_power_discr,11.0,29.0,,,,,,4.0,0.041157206804276286
reactive_power_discr,11.0,29.0,,,,,,5.0,0.05033402899414531
reactive_power_discr,11.0,29.0,,,,,,6.0,0.0
reactive_power_discr,11.0,29.0,,,,,,7.0,0.0
reactive_power_discr,11.0,29.0,,,,,,8.0,0.0
reactive_power_discr,11.0,29.0,,,,,,9.0,0.0
reactive_power_discr,11.0,29.0,,,,,,10.0,0.0
reactive_power_discr,11.0,29.0,,,,,,11.0,0.0
reactive_power_discr,11.0,29.0,,,,,,12.0,0.0
reactive_power_discr,11.0,29.0,,,,,,13.0,0.0
reactive_power_discr,11.0,29.0,,,,,,14.0,0.0
reactive_power_discr,11.0,29.0,,,,,,15.0,0.0
reactive_power_discr,11.0,30.0,,,,,,1.0,0.0075778699824844125
reactive_power_discr,11.0,30.0,,,,,,2.0,0.013320281329628255
reactive_power_discr,11.0,30.0,,,,,,3.0,0.023414217334232015
reactive_power_discr,11.0,30.0,,,,,,4.0,0.041157206804276286
reactive_power_discr,11.0,30.0,,,,,,5.0,0.07234560300477912
reactive_power_discr,11.0,30.0,,,,,,6.0,0.12716816034224418
reactive_power_discr,11.0,30.0,,,,,,7.0,0.1644578729133752
reactive_power_discr,11.0,30.0,,,,,,8.0,0.0
reactive_power_discr,11.0,30.0,,,,,,9.0,0.0
reactive_power_discr,11.0,30.0,,,,,,10.0,0.0
reactive_power_discr,11.0,30.0,,,,,,11.0,0.0
reactive_power_discr,11.0,30.0,,,,,,12.0,0.0
reactive_power_discr,11.0,30.0,,,,,,13.0,0.0
reactive_power_discr,11.0,30.0,,,,,,14.0,0.0
reactive_power_discr,11.0,30.0,,,,,,15.0,0.0
reactive_power_discr,12.0,20.0,,,,,,1.0,0.002070591144003066
reactive_power_discr,12.0,20.0,,,,,,2.0,0.0
reactive_power_discr,12.0,20.0,,,,,,3.0,0.0
reactive_power_discr,12.0,20.0,,,,,,4.0,0.0
reactive_power_discr,12.0,20.0,,,,,,5.0,0.0
reactive_power_discr,12.0,20.0,,,,,,6.0,0.0
reactive_power_discr,12.0,20.0,,,,,,7.0,0.0
reactive_power_discr,12.0,20.0,,,,,,8.0,0.0
reactive_power_discr,12.0,20.0,,,,,,9.0,0.0
reactive_power_discr,12.0,20.0,,,,,,10.0,0.0
reactive_power_discr,12.0,20.0,,,,,,11.0,0.0
reactive_power_discr,12.0,20.0,,,,,,12.0,0.0
reactive_power_discr,12.0,20.0,,,,,,13.0,0.0
reactive_power_discr,12.0,20.0,,,,,,14.0,0.0
reactive_power_discr,12.0,20.0,,,,,,15.0,0.0
reactive_power_discr,12.0,22.0,,,,,,1.0,0.003811904963134563
reactive_power_discr,12.0,22.0,,,,,,2.0,0.00032678170665235724
reactive_power_discr,12.0,22.0,,,,,,3.0,0.0
reactive_power_discr,12.0,22.0,,,,,,4.0,0.0
reactive_power_discr,12.0,22.0,,,,,,5.0,0.0
reactive_power_discr,12.0,22.0,,,,,,6.0,0.0
reactive_power_discr,12.0,22.0,,,,,,7.0,0.0
reactive_power_discr,12.0,22.0,,,,,,8.0,0.0
reactive_power_discr,12.0,22.0,,,,,,9.0,0.0
reactive_power_discr,12.0,22.0,,,,,,10.0,0.0
reactive_power_discr,12.0,22.0,,,,,,11.0,0.0
reactive_power_discr,12.0,22.0,,,,,,12.0,0.0
reactive_power_discr,12.0,22.0,,,,,,13.0,0.0
reactive_power_discr,12.0,22.0,,,,,,14.0,0.0
reactive_power_discr,12.0,22.0,,,,,,15.0,0.0
reactive_power_discr,12.0,23.0,,,,,,1.0,0.0075778699824844125
reactive_power_discr,12.0,23.0,,,,,,2.0,0.013320281329628255
reactive_power_discr,12.0,23.0,,,,,,3.0,0.023414217334232015
reactive_power_discr,12.0,23.0,,,,,,4.0,0.041157206804276286
reactive_power_discr,12.0,23.0,,,,,,5.0,0.07234560300477912
reactive_power_discr,12.0,23.0,,,,,,6.0,0.12716816034224418
reactive_power_discr,12.0,23.0,,,,,,7.0,0.0026427678679856142
reactive_power_discr,12.0,23.0,,,,,,8.0,0.0
reactive_power_discr,12.0,23.0,,,,,,9.0,0.0
reactive_power_discr,12.0,23.0,,,,,,10.0,0.0
reactive_power_discr,12.0,23.0,,,,,,11.0,0.0
reactive_power_discr,12.0,23.0,,,,,,12.0,0.0
reactive_power_discr,12.0,23.0,,,,,,13.0,0.0
reactive_power_discr,12.0,23.0,,,,,,14.0,0.0
reactive_power_discr,12.0,23.0,,,,,,15.0,0.0
reactive_power_discr,12.0,25.0,,,,,,1.0,0.0075778699824844125
reactive_power_discr,12.0,25.0,,,,,,2.0,0.013320281329628255
reactive_power_discr,12.0,25.0,,,,,,3.0,0.023414217334232015
reactive_power_discr,12.0,25.0,,,,,,4.0,0.041157206804276286
reactive_power_discr,12.0,25.0,,,,,,5.0,0.07234560300477912
reactive_power_discr,12.0,25.0,,,,,,6.0,0.12716816034224418
reactive_power_discr,12.0,25.0,,,,,,7.0,0.002698789603669538
reactive_power_discr,12.0,25.0,,,,,,8.0,0.0
reactive_power_discr,12.0,25.0,,,,,,9.0,0.0
reactive_power_discr,12.0,25.0,,,,,,10.0,0.0
reactive_power_discr,12.0,25.0,,,,,,11.0,0.0
reactive_power_discr,12.0,25.0,,,,,,12.0,0.0
reactive_power_discr,12.0,25.0,,,,,,13.0,0.0
reactive_power_discr,12.0,25.0,,,,,,14.0,0.0
reactive_power_discr,12.0,25.0,,,,,,15.0,0.0
reactive_power_discr,12.0,29.0,,,,,,1.0,0.0075778699824844125
reactive_power_discr,12.0,29.0,,,,,,2.0,0.013320281329628255
reactive_power_discr,12.0,29.0,,,,,,3.0,0.023414217334232015
reactive_power_discr,12.0,29.0,,,,,,4.0,0.041157206804276286
reactive_power_discr,12.0,29.0,,,,,,5.0,0.041461809353420406
reactive_power_discr,12.0,29.0,,,,,,6.0,0.0
reactive_power_discr,12.0,29.0,,,,,,7.0,0.0
reactive_power_discr,12.0,29.0,,,,,,8.0,0.0
reactive_power_discr,12.0,29.0,,,,,,9.0,0.0
reactive_power_discr,12.0,29.0,,,,,,10.0,0.0
reactive_power_discr,12.0,29.0,,,,,,11.0,0.0
reactive_power_discr,12.0,29.0,,,,,,12.0,0.0
reactive_power_discr,12.0,29.0,,,,,,13.0,0.0
reactive_power_discr,12.0,29.0,,,,,,14.0,0.0
reactive_power_discr,12.0,29.0,,,,,,15.0,0.0
reactive_power_discr,12.0,30.0,,,,,,1.0,0.0075778699824844125
reactive_power_discr,12.0,30.0,,,,,,2.0,0.013320281329628255
reactive_power_discr,12.0,30.0,,,,,,3.0,0.023414217334232015
reactive_power_discr,12.0,30.0,,,,,,4.0,0.041157206804276286
reactive_power_discr,12.0,30.0,,,,,,5.0,0.07234560300477912
reactive_power_discr,12.0,30.0,,,,,,6.0,0.12716816034224418
reactive_power_discr,12.0,30.0,,,,,,7.0,0.13442697457157304
reactive_power_discr,12.0,30.0,,,,,,8.0,0.0
reactive_power_discr,12.0,30.0,,,,,,9.0,0.0
reactive_power_discr,12.0,30.0,,,,,,10.0,0.0
reactive_power_discr,12.0,30.0,,,,,,11.0,0.0
reactive_power_discr,12.0,30.0,,,,,,12.0,0.0
reactive_power_discr,12.0,30.0,,,,,,13.0,0.0
reactive_power_discr,12.0,30.0,,,,,,14.0,0.0
reactive_power_discr,12.0,30.0,,,,,,15.0,0.0
reactive_power_discr,13.0,20.0,,,,,,1.0,0.003294808499016449
reactive_power_discr,13.0,20.0,,,,,,2.0,0.0
reactive_power_discr,13.0,20.0,,,,,,3.0,0.0
reactive_power_discr,13.0,20.0,,,,,,4.0,0.0
reactive_power_discr,13.0,20.0,,,,,,5.0,0.0
reactive_power_discr,13.0,20.0,,,,,,6.0,0.0
reactive_power_discr,13.0,20.0,,,,,,7.0,0.0
reactive_power_discr,13.0,20.0,,,,,,8.0,0.0
reactive_power_discr,13.0,20.0,,,,,,9.0,0.0
reactive_power_discr,13.0,20.0,,,,,,10.0,0.0
reactive_power_discr,13.0,20.0,,,,,,11.0,0.0
reactive_power_discr,13.0,20.0,,,,,,12.0,0.0
reactive_power_discr,13.0,20.0,,,,,,13.0,0.0
reactive_power_discr,13.0,20.0,,,,,,14.0,0.0
reactive_power_discr,13.0,20.0,,,,,,15.0,0.0
reactive_power_discr,13.0,22.0,,,,,,1.0,0.003811904963134563
reactive_power_discr,13.0,22.0,,,,,,2.0,0.0005330848644895664
reactive_power_discr,13.0,22.0,,,,,,3.0,0.0
reactive_power_discr,13.0,22.0,,,,,,4.0,0.0
reactive_power_discr,13.0,22.0,,,,,,5.0,0.0
reactive_power_discr,13.0,22.0,,,,,,6.0,0.0
reactive_power_discr,13.0,22.0,,,,,,7.0,0.0
reactive_power_discr,13.0,22.0,,,,,,8.0,0.0
reactive_power_discr,13.0,22.0,,,,,,9.0,0.0
reactive_power_discr,13.0,22.0,,,,,,10.0,0.0
reactive_power_discr,13.0,22.0,,,,,,11.0,0.0
reactive_power_discr,13.0,22.0,,,,,,12.0,0.0
reactive_power_discr,13.0,22.0,,,,,,13.0,0.0
reactive_power_discr,13.0,22.0,,,,,,14.0,0.0
reactive_power_discr,13.0,22.0,,,,,,15.0,0.0
reactive_power_discr,13.0,23.0,,,,,,1.0,0.0075778699824844125
reactive_power_discr,13.0,23.0,,,,,,2.0,0.013320281329628255
reactive_power_discr,13.0,23.0,,,,,,3.0,0.023414217334232015
reactive_power_discr,13.0,23.0,,,,,,4.0,0.041157206804276286
reactive_power_discr,13.0,23.0,,,,,,5.0,0.07234560300477912
reactive_power_discr,13.0,23.0,,,,,,6.0,0.12716816034224418
reactive_power_discr,13.0,23.0,,,,,,7.0,0.026724948544774363
reactive_power_discr,13.0,23.0,,,,,,8.0,0.0
reactive_power_discr,13.0,23.0,,,,,,9.0,0.0
reactive_power_discr,13.0,23.0,,,,,,10.0,0.0
reactive_power_discr,13.0,23.0,,,,,,11.0,0.0
reactive_power_discr,13.0,23.0,,,,,,12.0,0.0
reactive_power_discr,13.0,23.0,,,,,,13.0,0.0
reactive_power_discr,13.0,23.0,,,,,,14.0,0.0
reactive_power_discr,13.0,23.0,,,,,,15.0,0.0
reactive_power_discr,13.0,25.0,,,,,,1.0,0.0075778699824844125
reactive_power_discr,13.0,25.0,,,,,,2.0,0.013320281329628255
reactive_power_discr,13.0,25.0,,,,,,3.0,0.023414217334232015
reactive_power_discr,13.0,25.0,,,,,,4.0,0.041157206804276286
reactive_power_discr,13.0,25.0,,,,,,5.0,0.07234560300477912
reactive_power_discr,13.0,25.0,,,,,,6.0,0.12716816034224418
reactive_power_discr,13.0,25.0,,,,,,7.0,0.026787986195202673
reactive_power_discr,13.0,25.0,,,,,,8.0,0.0
reactive_power_discr,13.0,25.0,,,,,,9.0,0.0
reactive_power_discr,13.0,25.0,,,,,,10.0,0.0
reactive_power_discr,13.0,25.0,,,,,,11.0,0.0
reactive_power_discr,13.0,25.0,,,,,,12.0,0.0
reactive_power_discr,13.0,25.0,,,,,,13.0,0.0
reactive_power_discr,13.0,25.0,,,,,,14.0,0.0
reactive_power_discr,13.0,25.0,,,,,,15.0,0.0
reactive_power_discr,13.0,29.0,,,,,,1.0,0.0075778699824844125
reactive_power_discr,13.0,29.0,,,,,,2.0,0.013320281329628255
reactive_power_discr,13.0,29.0,,,,,,3.0,0.023414217334232015
reactive_power_discr,13.0,29.0,,,,,,4.0,0.041157206804276286
reactive_power_discr,13.0,29.0,,,,,,5.0,0.05162322059524323
reactive_power_discr,13.0,29.0,,,,,,6.0,0.0
reactive_power_discr,13.0,29.0,,,,,,7.0,0.0
reactive_power_discr,13.0,29.0,,,,,,8.0,0.0
reactive_power_discr,13.0,29.0,,,,,,9.0,0.0
reactive_power_discr,13.0,29.0,,,,,,10.0,0.0
reactive_power_discr,13.0,29.0,,,,,,11.0,0.0
reactive_power_discr,13.0,29.0,,,,,,12.0,0.0
reactive_power_discr,13.0,29.0,,,,,,13.0,0.0
reactive_power_discr,13.0,29.0,,,,,,14.0,0.0
reactive_power_discr,13.0,29.0,,,,,,15.0,0.0
reactive_power_discr,13.0,30.0,,,,,,1.0,0.0075778699824844125
reactive_power_discr,13.0,30.0,,,,,,2.0,0.013320281329628255
reactive_power_discr,13.0,30.0,,,,,,3.0,0.023414217334232015
reactive_power_discr,13.0,30.0,,,,,,4.0,0.041157206804276286
reactive_power_discr,13.0,30.0,,,,,,5.0,0.07234560300477912
reactive_power_discr,13.0,30.0,,,,,,6.0,0.12716816034224418
reactive_power_discr,13.0,30.0,,,,,,7.0,0.16896996679802373
reactive_power_discr,13.0,30.0,,,,,,8.0,0.0
reactive_power_discr,13.0,30.0,,,,,,9.0,0.0
reactive_power_discr,13.0,30.0,,,,,,10.0,0.0
reactive_power_discr,13.0,30.0,,,,,,11.0,0.0
reactive_power_discr,13.0,30.0,,,,,,12.0,0.0
reactive_power_discr,13.0,30.0,,,,,,13.0,0.0
reactive_power_discr,13.0,30.0,,,,,,14.0,0.0
reactive_power_discr,13.0,30.0,,,,,,15.0,0.0
reactive_power_discr,14.0,20.0,,,,,,1.0,0.0035234167573902826
reactive_power_discr,14.0,20.0,,,,,,2.0,0.0
reactive_power_discr,14.0,20.0,,,,,,3.0,0.0
reactive_power_discr,14.0,20.0,,,,,,4.0,0.0
reactive_power_discr,14.0,20.0,,,,,,5.0,0.0
reactive_power_discr,14.0,20.0,,,,,,6.0,0.0
reactive_power_discr,14.0,20.0,,,,,,7.0,0.0
reactive_power_discr,14.0,20.0,,,,,,8.0,0.0
reactive_power_discr,14.0,20.0,,,,,,9.0,0.0
reactive_power_discr,14.0,20.0,,,,,,10.0,0.0
reactive_power_discr,14.0,20.0,,,,,,11.0,0.0
reactive_power_discr,14.0,20.0,,,,,,12.0,0.0
reactive_power_discr,14.0,20.0,,,,,,13.0,0.0
reactive_power_discr,14.0,20.0,,,,,,14.0,0.0
reactive_power_discr,14.0,20.0,,,,,,15.0,0.0
reactive_power_discr,14.0,22.0,,,,,,1.0,0.003811904963134563
reactive_power_discr,14.0,22.0,,,,,,2.0,0.00011278175879531754
reactive_power_discr,14.0,22.0,,,,,,3.0,0.0
reactive_power_discr,14.0,22.0,,,,,,4.0,0.0
reactive_power_discr,14.0,22.0,,,,,,5.0,0.0
reactive_power_discr,14.0,22.0,,,,,,6.0,0.0
reactive_power_discr,14.0,22.0,,,,,,7.0,0.0
reactive_power_discr,14.0,22.0,,,,,,8.0,0.0
reactive_power_discr,14.0,22.0,,,,,,9.0,0.0
reactive_power_discr,14.0,22.0,,,,,,10.0,0.0
reactive_power_discr,14.0,22.0,,,,,,11.0,0.0
reactive_power_discr,14.0,22.0,,,,,,12.0,0.0
reactive_power_discr,14.0,22.0,,,,,,13.0,0.0
reactive_power_discr,14.0,22.0,,,,,,14.0,0.0
reactive_power_discr,14.0,22.0,,,,,,15.0,0.0
reactive_power_discr,14.0,23.0,,,,,,1.0,0.0075778699824844125
reactive_power_discr,14.0,23.0,,,,,,2.0,0.013320281329628255
reactive_power_discr,14.0,23.0,,,,,,3.0,0.023414217334232015
reactive_power_discr,14.0,23.0,,,,,,4.0,0.041157206804276286
reactive_power_discr,14.0,23.0,,,,,,5.0,0.07234560300477912
reactive_power_discr,14.0,23.0,,,,,,6.0,0.12716816034224418
reactive_power_discr,14.0,23.0,,,,,,7.0,0.02544272080303627
reactive_power_discr,14.0,23.0,,,,,,8.0,0.0
reactive_power_discr,14.0,23.0,,,,,,9.0,0.0
reactive_power_discr,14.0,23.0,,,,,,10.0,0.0
reactive_power_discr,14.0,23.0,,,,,,11.0,0.0
reactive_power_discr,14.0,23.0,,,,,,12.0,0.0
reactive_power_discr,14.0,23.0,,,,,,13.0,0.0
reactive_power_discr,14.0,23.0,,,,,,14.0,0.0
reactive_power_discr,14.0,23.0,,,,,,15.0,0.0
reactive_power_discr,14.0,25.0,,,,,,1.0,0.0075778699824844125
reactive_power_discr,14.0,25.0,,,,,,2.0,0.013320281329628255
reactive_power_discr,14.0,25.0,,,,,,3.0,0.023414217334232015
reactive_power_discr,14.0,25.0,,,,,,4.0,0.041157206804276286
reactive_power_discr,14.0,25.0,,,,,,5.0,0.07234560300477912
reactive_power_discr,14.0,25.0,,,,,,6.0,0.12716816034224418
reactive_power_discr,14.0,25.0,,,,,,7.0,0.025506209146843484
reactive_power_discr,14.0,25.0,,,,,,8.0,0.0
reactive_power_discr,14.0,25.0,,,,,,9.0,0.0
reactive_power_discr,14.0,25.0,,,,,,10.0,0.0
reactive_power_discr,14.0,25.0,,,,,,11.0,0.0
reactive_power_discr,14.0,25.0,,,,,,12.0,0.0
reactive_power_discr,14.0,25.0,,,,,,13.0,0.0
reactive_power_discr,14.0,25.0,,,,,,14.0,0.0
reactive_power_discr,14.0,25.0,,,,,,15.0,0.0
reactive_power_discr,14.0,29.0,,,,,,1.0,0.0075778699824844125
reactive_power_discr,14.0,29.0,,,,,,2.0,0.013320281329628255
reactive_power_discr,14.0,29.0,,,,,,3.0,0.023414217334232015
reactive_power_discr,14.0,29.0,,,,,,4.0,0.041157206804276286
reactive_power_discr,14.0,29.0,,,,,,5.0,0.05095187653624496
reactive_power_discr,14.0,29.0,,,,,,6.0,0.0
reactive_power_discr,14.0,29.0,,,,,,7.0,0.0
reactive_power_discr,14.0,29.0,,,,,,8.0,0.0
reactive_power_discr,14.0,29.0,,,,,,9.0,0.0
reactive_power_discr,14.0,29.0,,,,,,10.0,0.0
reactive_power_discr,14.0,29.0,,,,,,11.0,0.0
reactive_power_discr,14.0,29.0,,,,,,12.0,0.0
reactive_power_discr,14.0,29.0,,,,,,13.0,0.0
reactive_power_discr,14.0,29.0,,,,,,14.0,0.0
reactive_power_discr,14.0,29.0,,,,,,15.0,0.0
reactive_power_discr,14.0,30.0,,,,,,1.0,0.0075778699824844125
reactive_power_discr,14.0,30.0,,,,,,2.0,0.013320281329628255
reactive_power_discr,14.0,30.0,,,,,,3.0,0.023414217334232015
reactive_power_discr,14.0,30.0,,,,,,4.0,0.041157206804276286
reactive_power_discr,14.0,30.0,,,,,,5.0,0.07234560300477912
reactive_power_discr,14.0,30.0,,,,,,6.0,0.12716816034224418
reactive_power_discr,14.0,30.0,,,,,,7.0,0.1666032522585565
reactive_power_discr,14.0,30.0,,,,,,8.0,0.0
reactive_power_discr,14.0,30.0,,,,,,9.0,0.0
reactive_power_discr,14.0,30.0,,,,,,10.0,0.0
reactive_power_discr,14.0,30.0,,,,,,11.0,0.0
reactive_power_discr,14.0,30.0,,,,,,12.0,0.0
reactive_power_discr,14.0,30.0,,,,,,13.0,0.0
reactive_power_discr,14.0,30.0,,,,,,14.0,0.0
reactive_power_discr,14.0,30.0,,,,,,15.0,0.0
reactive_power_discr,15.0,20.0,,,,,,1.0,0.003556891242793543
reactive_power_discr,15.0,20.0,,,,,,2.0,0.0
reactive_power_discr,15.0,20.0,,,,,,3.0,0.0
reactive_power_discr,15.0,20.0,,,,,,4.0,0.0
reactive_power_discr,15.0,20.0,,,,,,5.0,0.0
reactive_power_discr,15.0,20.0,,,,,,6.0,0.0
reactive_power_discr,15.0,20.0,,,,,,7.0,0.0
reactive_power_discr,15.0,20.0,,,,,,8.0,0.0
reactive_power_discr,15.0,20.0,,,,,,9.0,0.0
reactive_power_discr,15.0,20.0,,,,,,10.0,0.0
reactive_power_discr,15.0,20.0,,,,,,11.0,0.0
reactive_power_discr,15.0,20.0,,,,,,12.0,0.0
reactive_power_discr,15.0,20.0,,,,,,13.0,0.0
reactive_power_discr,15.0,20.0,,,,,,14.0,0.0
reactive_power_discr,15.0,20.0,,,,,,15.0,0.0
reactive_power_discr,15.0,22.0,,,,,,1.0,0.003811904963134563
reactive_power_discr,15.0,22.0,,,,,,2.0,0.0003329675362772344
reactive_power_discr,15.0,22.0,,,,,,3.0,0.0
reactive_power_discr,15.0,22.0,,,,,,4.0,0.0
reactive_power_discr,15.0,22.0,,,,,,5.0,0.0
reactive_power_discr,15.0,22.0,,,,,,6.0,0.0
reactive_power_discr,15.0,22.0,,,,,,7.0,0.0
reactive_power_discr,15.0,22.0,,,,,,8.0,0.0
reactive_power_discr,15.0,22.0,,,,,,9.0,0.0
reactive_power_discr,15.0,22.0,,,,,,10.0,0.0
reactive_power_discr,15.0,22.0,,,,,,11.0,0.0
reactive_power_discr,15.0,22.0,,,,,,12.0,0.0
reactive_power_discr,15.0,22.0,,,,,,13.0,0.0
reactive_power_discr,15.0,22.0,,,,,,14.0,0.0
reactive_power_discr,15.0,22.0,,,,,,15.0,0.0
reactive_power_discr,15.0,23.0,,,,,,1.0,0.0075778699824844125
reactive_power_discr,15.0,23.0,,,,,,2.0,0.013320281329628255
reactive_power_discr,15.0,23.0,,,,,,3.0,0.023414217334232015
reactive_power_discr,15.0,23.0,,,,,,4.0,0.041157206804276286
reactive_power_discr,15.0,23.0,,,,,,5.0,0.07234560300477912
reactive_power_discr,15.0,23.0,,,,,,6.0,0.12716816034224418
reactive_power_discr,15.0,23.0,,,,,,7.0,0.030384962328567022
reactive_power_discr,15.0,23.0,,,,,,8.0,0.0
reactive_power_discr,15.0,23.0,,,,,,9.0,0.0
reactive_power_discr,15.0,23.0,,,,,,10.0,0.0
reactive_power_discr,15.0,23.0,,,,,,11.0,0.0
reactive_power_discr,15.0,23.0,,,,,,12.0,0.0
reactive_power_discr,15.0,23.0,,,,,,13.0,0.0
reactive_power_discr,15.0,23.0,,,,,,14.0,0.0
reactive_power_discr,15.0,23.0,,,,,,15.0,0.0
reactive_power_discr,15.0,25.0,,,,,,1.0,0.0075778699824844125
reactive_power_discr,15.0,25.0,,,,,,2.0,0.013320281329628255
reactive_power_discr,15.0,25.0,,,,,,3.0,0.023414217334232015
reactive_power_discr,15.0,25.0,,,,,,4.0,0.041157206804276286
reactive_power_discr,15.0,25.0,,,,,,5.0,0.07234560300477912
reactive_power_discr,15.0,25.0,,,,,,6.0,0.12716816034224418
reactive_power_discr,15.0,25.0,,,,,,7.0,0.030449271957175672
reactive_power_discr,15.0,25.0,,,,,,8.0,0.0
reactive_power_discr,15.0,25.0,,,,,,9.0,0.0
reactive_power_discr,15.0,25.0,,,,,,10.0,0.0
reactive_power_discr,15.0,25.0,,,,,,11.0,0.0
reactive_power_discr,15.0,25.0,,,,,,12.0,0.0
reactive_power_discr,15.0,25.0,,,,,,13.0,0.0
reactive_power_discr,15.0,25.0,,,,,,14.0,0.0
reactive_power_discr,15.0,25.0,,,,,,15.0,0.0
reactive_power_discr,15.0,29.0,,,,,,1.0,0.0075778699824844125
reactive_power_discr,15.0,29.0,,,,,,2.0,0.013320281329628255
reactive_power_discr,15.0,29.0,,,,,,3.0,0.023414217334232015
reactive_power_discr,15.0,29.0,,,,,,4.0,0.041157206804276286
reactive_power_discr,15.0,29.0,,,,,,5.0,0.05313375623023982
reactive_power_discr,15.0,29.0,,,,,,6.0,0.0
reactive_power_discr,15.0,29.0,,,,,,7.0,0.0
reactive_power_discr,15.0,29.0,,,,,,8.0,0.0
reactive_power_discr,15.0,29.0,,,,,,9.0,0.0
reactive_power_discr,15.0,29.0,,,,,,10.0,0.0
reactive_power_discr,15.0,29.0,,,,,,11.0,0.0
reactive_power_discr,15.0,29.0,,,,,,12.0,0.0
reactive_power_discr,15.0,29.0,,,,,,13.0,0.0
reactive_power_discr,15.0,29.0,,,,,,14.0,0.0
reactive_power_discr,15.0,29.0,,,,,,15.0,0.0
reactive_power_discr,15.0,30.0,,,,,,1.0,0.0075778699824844125
reactive_power_discr,15.0,30.0,,,,,,2.0,0.013320281329628255
reactive_power_discr,15.0,30.0,,,,,,3.0,0.023414217334232015
reactive_power_discr,15.0,30.0,,,,,,4.0,0.041157206804276286
reactive_power_discr,15.0,30.0,,,,,,5.0,0.07234560300477912
reactive_power_discr,15.0,30.0,,,,,,6.0,0.12716816034224418
reactive_power_discr,15.0,30.0,,,,,,7.0,0.17395766368220877
reactive_power_discr,15.0,30.0,,,,,,8.0,0.0
reactive_power_discr,15.0,30.0,,,,,,9.0,0.0
reactive_power_discr,15.0,30.0,,,,,,10.0,0.0
reactive_power_discr,15.0,30.0,,,,,,11.0,0.0
reactive_power_discr,15.0,30.0,,,,,,12.0,0.0
reactive_power_discr,15.0,30.0,,,,,,13.0,0.0
reactive_power_discr,15.0,30.0,,,,,,14.0,0.0
reactive_power_discr,15.0,30.0,,,,,,15.0,0.0
reactive_power_discr,16.0,20.0,,,,,,1.0,0.004676082192835663
reactive_power_discr,16.0,20.0,,,,,,2.0,0.0
reactive_power_discr,16.0,20.0,,,,,,3.0,0.0
reactive_power_discr,16.0,20.0,,,,,,4.0,0.0
reactive_power_discr,16.0,20.0,,,,,,5.0,0.0
reactive_power_discr,16.0,20.0,,,,,,6.0,0.0
reactive_power_discr,16.0,20.0,,,,,,7.0,0.0
reactive_power_discr,16.0,20.0,,,,,,8.0,0.0
reactive_power_discr,16.0,20.0,,,,,,9.0,0.0
reactive_power_discr,16.0,20.0,,,,,,10.0,0.0
reactive_power_discr,16.0,20.0,,,,,,11.0,0.0
reactive_power_discr,16.0,20.0,,,,,,12.0,0.0
reactive_power_discr,16.0,20.0,,,,,,13.0,0.0
reactive_power_discr,16.0,20.0,,,,,,14.0,0.0
reactive_power_discr,16.0,20.0,,,,,,15.0,0.0
reactive_power_discr,16.0,22.0,,,,,,1.0,0.003811904963134563
reactive_power_discr,16.0,22.0,,,,,,2.0,0.0005238605334348494
reactive_power_discr,16.0,22.0,,,,,,3.0,0.0
reactive_power_discr,16.0,22.0,,,,,,4.0,0.0
reactive_power_discr,16.0,22.0,,,,,,5.0,0.0
reactive_power_discr,16.0,22.0,,,,,,6.0,0.0
reactive_power_discr,16.0,22.0,,,,,,7.0,0.0
reactive_power_discr,16.0,22.0,,,,,,8.0,0.0
reactive_power_discr,16.0,22.0,,,,,,9.0,0.0
reactive_power_discr,16.0,22.0,,,,,,10.0,0.0
reactive_power_discr,16.0,22.0,,,,,,11.0,0.0
reactive_power_discr,16.0,22.0,,,,,,12.0,0.0
reactive_power_discr,16.0,22.0,,,,,,13.0,0.0
reactive_power_discr,16.0,22.0,,,,,,14.0,0.0
reactive_power_discr,16.0,22.0,,,,,,15.0,0.0
reactive_power_discr,16.0,23.0,,,,,,1.0,0.0075778699824844125
reactive_power_discr,16.0,23.0,,,,,,2.0,0.013320281329628255
reactive_power_discr,16.0,23.0,,,,,,3.0,0.023414217334232015
reactive_power_discr,16.0,23.0,,,,,,4.0,0.041157206804276286
reactive_power_discr,16.0,23.0,,,,,,5.0,0.07234560300477912
reactive_power_discr,16.0,23.0,,,,,,6.0,0.12716816034224418
reactive_power_discr,16.0,23.0,,,,,,7.0,0.03633187935508811
reactive_power_discr,16.0,23.0,,,,,,8.0,0.0
reactive_power_discr,16.0,23.0,,,,,,9.0,0.0
reactive_power_discr,16.0,23.0,,,,,,10.0,0.0
reactive_power_discr,16.0,23.0,,,,,,11.0,0.0
reactive_power_discr,16.0,23.0,,,,,,12.0,0.0
reactive_power_discr,16.0,23.0,,,,,,13.0,0.0
reactive_power_discr,16.0,23.0,,,,,,14.0,0.0
reactive_power_discr,16.0,23.0,,,,,,15.0,0.0
reactive_power_discr,16.0,25.0,,,,,,1.0,0.0075778699824844125
reactive_power_discr,16.0,25.0,,,,,,2.0,0.013320281329628255
reactive_power_discr,16.0,25.0,,,,,,3.0,0.023414217334232015
reactive_power_discr,16.0,25.0,,,,,,4.0,0.041157206804276286
reactive_power_discr,16.0,25.0,,,,,,5.0,0.07234560300477912
reactive_power_discr,16.0,25.0,,,,,,6.0,0.12716816034224418
reactive_power_discr,16.0,25.0,,,,,,7.0,0.0363971948958593
reactive_power_discr,16.0,25.0,,,,,,8.0,0.0
reactive_power_discr,16.0,25.0,,,,,,9.0,0.0
reactive_power_discr,16.0,25.0,,,,,,10.0,0.0
reactive_power_discr,16.0,25.0,,,,,,11.0,0.0
reactive_power_discr,16.0,25.0,,,,,,12.0,0.0
reactive_power_discr,16.0,25.0,,,,,,13.0,0.0
reactive_power_discr,16.0,25.0,,,,,,14.0,0.0
reactive_power_discr,16.0,25.0,,,,,,15.0,0.0
reactive_power_discr,16.0,29.0,,,,,,1.0,0.0075778699824844125
reactive_power_discr,16.0,29.0,,,,,,2.0,0.013320281329628255
reactive_power_discr,16.0,29.0,,,,,,3.0,0.023414217334232015
reactive_power_discr,16.0,29.0,,,,,,4.0,0.041157206804276286
reactive_power_discr,16.0,29.0,,,,,,5.0,0.05527967983413752
reactive_power_discr,16.0,29.0,,,,,,6.0,0.0
reactive_power_discr,16.0,29.0,,,,,,7.0,0.0
reactive_power_discr,16.0,29.0,,,,,,8.0,0.0
reactive_power_discr,16.0,29.0,,,,,,9.0,0.0
reactive_power_discr,16.0,29.0,,,,,,10.0,0.0
reactive_power_discr,16.0,29.0,,,,,,11.0,0.0
reactive_power_discr,16.0,29.0,,,,,,12.0,0.0
reactive_power_discr,16.0,29.0,,,,,,13.0,0.0
reactive_power_discr,16.0,29.0,,,,,,14.0,0.0
reactive_power_discr,16.0,29.0,,,,,,15.0,0.0
reactive_power_discr,16.0,30.0,,,,,,1.0,0.0075778699824844125
reactive_power_discr,16.0,30.0,,,,,,2.0,0.013320281329628255
reactive_power_discr,16.0,30.0,,,,,,3.0,0.023414217334232015
reactive_power_discr,16.0,30.0,,,,,,4.0,0.041157206804276286
reactive_power_discr,16.0,30.0,,,,,,5.0,0.07234560300477912
reactive_power_discr,16.0,30.0,,,,,,6.0,0.12716816034224418
reactive_power_discr,16.0,30.0,,,,,,7.0,0.1822536274374716
reactive_power_discr,16.0,30.0,,,,,,8.0,0.0
reactive_power_discr,16.0,30.0,,,,,,9.0,0.0
reactive_power_discr,16.0,30.0,,,,,,10.0,0.0
reactive_power_discr,16.0,30.0,,,,,,11.0,0.0
reactive_power_discr,16.0,30.0,,,,,,12.0,0.0
reactive_power_discr,16.0,30.0,,,,,,13.0,0.0
reactive_power_discr,16.0,30.0,,,,,,14.0,0.0
reactive_power_discr,16.0,30.0,,,,,,15.0,0.0
reactive_power_discr,17.0,20.0,,,,,,1.0,0.0027233115046564975
reactive_power_discr,17.0,20.0,,,,,,2.0,0.0
reactive_power_discr,17.0,20.0,,,,,,3.0,0.0
reactive_power_discr,17.0,20.0,,,,,,4.0,0.0
reactive_power_discr,17.0,20.0,,,,,,5.0,0.0
reactive_power_discr,17.0,20.0,,,,,,6.0,0.0
reactive_power_discr,17.0,20.0,,,,,,7.0,0.0
reactive_power_discr,17.0,20.0,,,,,,8.0,0.0
reactive_power_discr,17.0,20.0,,,,,,9.0,0.0
reactive_power_discr,17.0,20.0,,,,,,10.0,0.0
reactive_power_discr,17.0,20.0,,,,,,11.0,0.0
reactive_power_discr,17.0,20.0,,,,,,12.0,0.0
reactive_power_discr,17.0,20.0,,,,,,13.0,0.0
reactive_power_discr,17.0,20.0,,,,,,14.0,0.0
reactive_power_discr,17.0,20.0,,,,,,15.0,0.0
reactive_power_discr,17.0,22.0,,,,,,1.0,0.003458815786943873
reactive_power_discr,17.0,22.0,,,,,,2.0,0.0
reactive_power_discr,17.0,22.0,,,,,,3.0,0.0
reactive_power_discr,17.0,22.0,,,,,,4.0,0.0
reactive_power_discr,17.0,22.0,,,,,,5.0,0.0
reactive_power_discr,17.0,22.0,,,,,,6.0,0.0
reactive_power_discr,17.0,22.0,,,,,,7.0,0.0
reactive_power_discr,17.0,22.0,,,,,,8.0,0.0
reactive_power_discr,17.0,22.0,,,,,,9.0,0.0
reactive_power_discr,17.0,22.0,,,,,,10.0,0.0
reactive_power_discr,17.0,22.0,,,,,,11.0,0.0
reactive_power_discr,17.0,22.0,,,,,,12.0,0.0
reactive_power_discr,17.0,22.0,,,,,,13.0,0.0
reactive_power_discr,17.0,22.0,,,,,,14.0,0.0
reactive_power_discr,17.0,22.0,,,,,,15.0,0.0
reactive_power_discr,17.0,23.0,,,,,,1.0,0.0075778699824844125
reactive_power_discr,17.0,23.0,,,,,,2.0,0.013320281329628255
reactive_power_discr,17.0,23.0,,,,,,3.0,0.023414217334232015
reactive_power_discr,17.0,23.0,,,,,,4.0,0.041157206804276286
reactive_power_discr,17.0,23.0,,,,,,5.0,0.07234560300477912
reactive_power_discr,17.0,23.0,,,,,,6.0,0.08919031788885518
reactive_power_discr,17.0,23.0,,,,,,7.0,0.0
reactive_power_discr,17.0,23.0,,,,,,8.0,0.0
reactive_power_discr,17.0,23.0,,,,,,9.0,0.0
reactive_power_discr,17.0,23.0,,,,,,10.0,0.0
reactive_power_discr,17.0,23.0,,,,,,11.0,0.0
reactive_power_discr,17.0,23.0,,,,,,12.0,0.0
reactive_power_discr,17.0,23.0,,,,,,13.0,0.0
reactive_power_discr,17.0,23.0,,,,,,14.0,0.0
reactive_power_discr,17.0,23.0,,,,,,15.0,0.0
reactive_power_discr,17.0,25.0,,,,,,1.0,0.0075778699824844125
reactive_power_discr,17.0,25.0,,,,,,2.0,0.013320281329628255
reactive_power_discr,17.0,25.0,,,,,,3.0,0.023414217334232015
reactive_power_discr,17.0,25.0,,,,,,4.0,0.041157206804276286
reactive_power_discr,17.0,25.0,,,,,,5.0,0.07234560300477912
reactive_power_discr,17.0,25.0,,,,,,6.0,0.08922476724406986
reactive_power_discr,17.0,25.0,,,,,,7.0,0.0
reactive_power_discr,17.0,25.0,,,,,,8.0,0.0
reactive_power_discr,17.0,25.0,,,,,,9.0,0.0
reactive_power_discr,17.0,25.0,,,,,,10.0,0.0
reactive_power_discr,17.0,25.0,,,,,,11.0,0.0
reactive_power_discr,17.0,25.0,,,,,,12.0,0.0
reactive_power_discr,17.0,25.0,,,,,,13.0,0.0
reactive_power_discr,17.0,25.0,,,,,,14.0,0.0
reactive_power_discr,17.0,25.0,,,,,,15.0,0.0
reactive_power_discr,17.0,29.0,,,,,,1.0,0.0075778699824844125
reactive_power_discr,17.0,29.0,,,,,,2.0,0.013320281329628255
reactive_power_discr,17.0,29.0,,,,,,3.0,0.023414217334232015
reactive_power_discr,17.0,29.0,,,,,,4.0,0.041157206804276286
reactive_power_discr,17.0,29.0,,,,,,5.0,0.023111391153651517
reactive_power_discr,17.0,29.0,,,,,,6.0,0.0
reactive_power_discr,17.0,29.0,,,,,,7.0,0.0
reactive_power_discr,17.0,29.0,,,,,,8.0,0.0
reactive_power_discr,17.0,29.0,,,,,,9.0,0.0
reactive_power_discr,17.0,29.0,,,,,,10.0,0.0
reactive_power_discr,17.0,29.0,,,,,,11.0,0.0
reactive_power_discr,17.0,29.0,,,,,,12.0,0.0
reactive_power_discr,17.0,29.0,,,,,,13.0,0.0
reactive_power_discr,17.0,29.0,,,,,,14.0,0.0
reactive_power_discr,17.0,29.0,,,,,,15.0,0.0
reactive_power_discr,17.0,30.0,,,,,,1.0,0.0075778699824844125
reactive_power_discr,17.0,30.0,,,,,,2.0,0.013320281329628255
reactive_power_discr,17.0,30.0,,,,,,3.0,0.023414217334232015
reactive_power_discr,17.0,30.0,,,,,,4.0,0.041157206804276286
reactive_power_discr,17.0,30.0,,,,,,5.0,0.07234560300477912
reactive_power_discr,17.0,30.0,,,,,,6.0,0.12716816034224418
reactive_power_discr,17.0,30.0,,,,,,7.0,0.074503582332205
reactive_power_discr,17.0,30.0,,,,,,8.0,0.0
reactive_power_discr,17.0,30.0,,,,,,9.0,0.0
reactive_power_discr,17.0,30.0,,,,,,10.0,0.0
reactive_power_discr,17.0,30.0,,,,,,11.0,0.0
reactive_power_discr,17.0,30.0,,,,,,12.0,0.0
reactive_power_discr,17.0,30.0,,,,,,13.0,0.0
reactive_power_discr,17.0,30.0,,,,,,14.0,0.0
reactive_power_discr,17.0,30.0,,,,,,15.0,0.0
reactive_power_discr,18.0,20.0,,,,,,1.0,0.0005959924906198725
reactive_power_discr,18.0,20.0,,,,,,2.0,0.0
reactive_power_discr,18.0,20.0,,,,,,3.0,0.0
reactive_power_discr,18.0,20.0,,,,,,4.0,0.0
reactive_power_discr,18.0,20.0,,,,,,5.0,0.0
reactive_power_discr,18.0,20.0,,,,,,6.0,0.0
reactive_power_discr,18.0,20.0,,,,,,7.0,0.0
reactive_power_discr,18.0,20.0,,,,,,8.0,0.0
reactive_power_discr,18.0,20.0,,,,,,9.0,0.0
reactive_power_discr,18.0,20.0,,,,,,10.0,0.0
reactive_power_discr,18.0,20.0,,,,,,11.0,0.0
reactive_power_discr,18.0,20.0,,,,,,12.0,0.0
reactive_power_discr,18.0,20.0,,,,,,13.0,0.0
reactive_power_discr,18.0,20.0,,,,,,14.0,0.0
reactive_power_discr,18.0,20.0,,,,,,15.0,0.0
reactive_power_discr,18.0,22.0,,,,,,1.0,0.0024566415853772196
reactive_power_discr,18.0,22.0,,,,,,2.0,0.0
reactive_power_discr,18.0,22.0,,,,,,3.0,0.0
reactive_power_discr,18.0,22.0,,,,,,4.0,0.0
reactive_power_discr,18.0,22.0,,,,,,5.0,0.0
reactive_power_discr,18.0,22.0,,,,,,6.0,0.0
reactive_power_discr,18.0,22.0,,,,,,7.0,0.0
reactive_power_discr,18.0,22.0,,,,,,8.0,0.0
reactive_power_discr,18.0,22.0,,,,,,9.0,0.0
reactive_power_discr,18.0,22.0,,,,,,10.0,0.0
reactive_power_discr,18.0,22.0,,,,,,11.0,0.0
reactive_power_discr,18.0,22.0,,,,,,12.0,0.0
reactive_power_discr,18.0,22.0,,,,,,13.0,0.0
reactive_power_discr,18.0,22.0,,,,,,14.0,0.0
reactive_power_discr,18.0,22.0,,,,,,15.0,0.0
reactive_power_discr,18.0,23.0,,,,,,1.0,0.0075778699824844125
reactive_power_discr,18.0,23.0,,,,,,2.0,0.013320281329628255
reactive_power_discr,18.0,23.0,,,,,,3.0,0.023414217334232015
reactive_power_discr,18.0,23.0,,,,,,4.0,0.041157206804276286
reactive_power_discr,18.0,23.0,,,,,,5.0,0.07234560300477912
reactive_power_discr,18.0,23.0,,,,,,6.0,0.06368993615700023
reactive_power_discr,18.0,23.0,,,,,,7.0,0.0
reactive_power_discr,18.0,23.0,,,,,,8.0,0.0
reactive_power_discr,18.0,23.0,,,,,,9.0,0.0
reactive_power_discr,18.0,23.0,,,,,,10.0,0.0
reactive_power_discr,18.0,23.0,,,,,,11.0,0.0
reactive_power_discr,18.0,23.0,,,,,,12.0,0.0
reactive_power_discr,18.0,23.0,,,,,,13.0,0.0
reactive_power_discr,18.0,23.0,,,,,,14.0,0.0
reactive_power_discr,18.0,23.0,,,,,,15.0,0.0
reactive_power_discr,18.0,25.0,,,,,,1.0,0.0075778699824844125
reactive_power_discr,18.0,25.0,,,,,,2.0,0.013320281329628255
reactive_power_discr,18.0,25.0,,,,,,3.0,0.023414217334232015
reactive_power_discr,18.0,25.0,,,,,,4.0,0.041157206804276286
reactive_power_discr,18.0,25.0,,,,,,5.0,0.07234560300477912
reactive_power_discr,18.0,25.0,,,,,,6.0,0.06371581765699125
reactive_power_discr,18.0,25.0,,,,,,7.0,0.0
reactive_power_discr,18.0,25.0,,,,,,8.0,0.0
reactive_power_discr,18.0,25.0,,,,,,9.0,0.0
reactive_power_discr,18.0,25.0,,,,,,10.0,0.0
reactive_power_discr,18.0,25.0,,,,,,11.0,0.0
reactive_power_discr,18.0,25.0,,,,,,12.0,0.0
reactive_power_discr,18.0,25.0,,,,,,13.0,0.0
reactive_power_discr,18.0,25.0,,,,,,14.0,0.0
reactive_power_discr,18.0,25.0,,,,,,15.0,0.0
reactive_power_discr,18.0,29.0,,,,,,1.0,0.0075778699824844125
reactive_power_discr,18.0,29.0,,,,,,2.0,0.013320281329628255
reactive_power_discr,18.0,29.0,,,,,,3.0,0.023414217334232015
reactive_power_discr,18.0,29.0,,,,,,4.0,0.041157206804276286
reactive_power_discr,18.0,29.0,,,,,,5.0,0.012720936846392625
reactive_power_discr,18.0,29.0,,,,,,6.0,0.0
reactive_power_discr,18.0,29.0,,,,,,7.0,0.0
reactive_power_discr,18.0,29.0,,,,,,8.0,0.0
reactive_power_discr,18.0,29.0,,,,,,9.0,0.0
reactive_power_discr,18.0,29.0,,,,,,10.0,0.0
reactive_power_discr,18.0,29.0,,,,,,11.0,0.0
reactive_power_discr,18.0,29.0,,,,,,12.0,0.0
reactive_power_discr,18.0,29.0,,,,,,13.0,0.0
reactive_power_discr,18.0,29.0,,,,,,14.0,0.0
reactive_power_discr,18.0,29.0,,,,,,15.0,0.0
reactive_power_discr,18.0,30.0,,,,,,1.0,0.0075778699824844125
reactive_power_discr,18.0,30.0,,,,,,2.0,0.013320281329628255
reactive_power_discr,18.0,30.0,,,,,,3.0,0.023414217334232015
reactive_power_discr,18.0,30.0,,,,,,4.0,0.041157206804276286
reactive_power_discr,18.0,30.0,,,,,,5.0,0.07234560300477912
reactive_power_discr,18.0,30.0,,,,,,6.0,0.12716816034224418
reactive_power_discr,18.0,30.0,,,,,,7.0,0.037513958241661
reactive_power_discr,18.0,30.0,,,,,,8.0,0.0
reactive_power_discr,18.0,30.0,,,,,,9.0,0.0
reactive_power_discr,18.0,30.0,,,,,,10.0,0.0
reactive_power_discr,18.0,30.0,,,,,,11.0,0.0
reactive_power_discr,18.0,30.0,,,,,,12.0,0.0
reactive_power_discr,18.0,30.0,,,,,,13.0,0.0
reactive_power_discr,18.0,30.0,,,,,,14.0,0.0
reactive_power_discr,18.0,30.0,,,,,,15.0,0.0
reactive_power_discr,19.0,20.0,,,,,,1.0,9.572421708565796e-05
reactive_power_discr,19.0,20.0,,,,,,2.0,0.0
reactive_power_discr,19.0,20.0,,,,,,3.0,0.0
reactive_power_discr,19.0,20.0,,,,,,4.0,0.0
reactive_power_discr,19.0,20.0,,,,,,5.0,0.0
reactive_power_discr,19.0,20.0,,,,,,6.0,0.0
reactive_power_discr,19.0,20.0,,,,,,7.0,0.0
reactive_power_discr,19.0,20.0,,,,,,8.0,0.0
reactive_power_discr,19.0,20.0,,,,,,9.0,0.0
reactive_power_discr,19.0,20.0,,,,,,10.0,0.0
reactive_power_discr,19.0,20.0,,,,,,11.0,0.0
reactive_power_discr,19.0,20.0,,,,,,12.0,0.0
reactive_power_discr,19.0,20.0,,,,,,13.0,0.0
reactive_power_discr,19.0,20.0,,,,,,14.0,0.0
reactive_power_discr,19.0,20.0,,,,,,15.0,0.0
reactive_power_discr,19.0,22.0,,,,,,1.0,0.0012667151295350358
reactive_power_discr,19.0,22.0,,,,,,2.0,0.0
reactive_power_discr,19.0,22.0,,,,,,3.0,0.0
reactive_power_discr,19.0,22.0,,,,,,4.0,0.0
reactive_power_discr,19.0,22.0,,,,,,5.0,0.0
reactive_power_discr,19.0,22.0,,,,,,6.0,0.0
reactive_power_discr,19.0,22.0,,,,,,7.0,0.0
reactive_power_discr,19.0,22.0,,,,,,8.0,0.0
reactive_power_discr,19.0,22.0,,,,,,9.0,0.0
reactive_power_discr,19.0,22.0,,,,,,10.0,0.0
reactive_power_discr,19.0,22.0,,,,,,11.0,0.0
reactive_power_discr,19.0,22.0,,,,,,12.0,0.0
reactive_power_discr,19.0,22.0,,,,,,13.0,0.0
reactive_power_discr,19.0,22.0,,,,,,14.0,0.0
reactive_power_discr,19.0,22.0,,,,,,15.0,0.0
reactive_power_discr,19.0,23.0,,,,,,1.0,0.0075778699824844125
reactive_power_discr,19.0,23.0,,,,,,2.0,0.013320281329628255
reactive_power_discr,19.0,23.0,,,,,,3.0,0.023414217334232015
reactive_power_discr,19.0,23.0,,,,,,4.0,0.041157206804276286
reactive_power_discr,19.0,23.0,,,,,,5.0,0.07234560300477912
reactive_power_discr,19.0,23.0,,,,,,6.0,0.1025521670717125
reactive_power_discr,19.0,23.0,,,,,,7.0,0.0
reactive_power_discr,19.0,23.0,,,,,,8.0,0.0
reactive_power_discr,19.0,23.0,,,,,,9.0,0.0
reactive_power_discr,19.0,23.0,,,,,,10.0,0.0
reactive_power_discr,19.0,23.0,,,,,,11.0,0.0
reactive_power_discr,19.0,23.0,,,,,,12.0,0.0
reactive_power_discr,19.0,23.0,,,,,,13.0,0.0
reactive_power_discr,19.0,23.0,,,,,,14.0,0.0
reactive_power_discr,19.0,23.0,,,,,,15.0,0.0
reactive_power_discr,19.0,25.0,,,,,,1.0,0.0075778699824844125
reactive_power_discr,19.0,25.0,,,,,,2.0,0.013320281329628255
reactive_power_discr,19.0,25.0,,,,,,3.0,0.023414217334232015
reactive_power_discr,19.0,25.0,,,,,,4.0,0.041157206804276286
reactive_power_discr,19.0,25.0,,,,,,5.0,0.07234560300477912
reactive_power_discr,19.0,25.0,,,,,,6.0,0.10257966121829057
reactive_power_discr,19.0,25.0,,,,,,7.0,0.0
reactive_power_discr,19.0,25.0,,,,,,8.0,0.0
reactive_power_discr,19.0,25.0,,,,,,9.0,0.0
reactive_power_discr,19.0,25.0,,,,,,10.0,0.0
reactive_power_discr,19.0,25.0,,,,,,11.0,0.0
reactive_power_discr,19.0,25.0,,,,,,12.0,0.0
reactive_power_discr,19.0,25.0,,,,,,13.0,0.0
reactive_power_discr,19.0,25.0,,,,,,14.0,0.0
reactive_power_discr,19.0,25.0,,,,,,15.0,0.0
reactive_power_discr,19.0,29.0,,,,,,1.0,0.0075778699824844125
reactive_power_discr,19.0,29.0,,,,,,2.0,0.013320281329628255
reactive_power_discr,19.0,29.0,,,,,,3.0,0.023414217334232015
reactive_power_discr,19.0,29.0,,,,,,4.0,0.041157206804276286
reactive_power_discr,19.0,29.0,,,,,,5.0,0.030216041121481893
reactive_power_discr,19.0,29.0,,,,,,6.0,0.0
reactive_power_discr,19.0,29.0,,,,,,7.0,0.0
reactive_power_discr,19.0,29.0,,,,,,8.0,0.0
reactive_power_discr,19.0,29.0,,,,,,9.0,0.0
reactive_power_discr,19.0,29.0,,,,,,10.0,0.0
reactive_power_discr,19.0,29.0,,,,,,11.0,0.0
reactive_power_discr,19.0,29.0,,,,,,12.0,0.0
reactive_power_discr,19.0,29.0,,,,,,13.0,0.0
reactive_power_discr,19.0,29.0,,,,,,14.0,0.0
reactive_power_discr,19.0,29.0,,,,,,15.0,0.0
reactive_power_discr,19.0,30.0,,,,,,1.0,0.0075778699824844125
reactive_power_discr,19.0,30.0,,,,,,2.0,0.013320281329628255
reactive_power_discr,19.0,30.0,,,,,,3.0,0.023414217334232015
reactive_power_discr,19.0,30.0,,,,,,4.0,0.041157206804276286
reactive_power_discr,19.0,30.0,,,,,,5.0,0.07234560300477912
reactive_power_discr,19.0,30.0,,,,,,6.0,0.12716816034224418
reactive_power_discr,19.0,30.0,,,,,,7.0,0.0927056393497202
reactive_power_discr,19.0,30.0,,,,,,8.0,0.0
reactive_power_discr,19.0,30.0,,,,,,9.0,0.0
reactive_power_discr,19.0,30.0,,,,,,10.0,0.0
reactive_power_discr,19.0,30.0,,,,,,11.0,0.0
reactive_power_discr,19.0,30.0,,,,,,12.0,0.0
reactive_power_discr,19.0,30.0,,,,,,13.0,0.0
reactive_power_discr,19.0,30.0,,,,,,14.0,0.0
reactive_power_discr,19.0,30.0,,,,,,15.0,0.0
reactive_power_discr,20.0,20.0,,,,,,1.0,0.00011967584407656032
reactive_power_discr,20.0,20.0,,,,,,2.0,0.0
reactive_power_discr,20.0,20.0,,,,,,3.0,0.0
reactive_power_discr,20.0,20.0,,,,,,4.0,0.0
reactive_power_discr,20.0,20.0,,,,,,5.0,0.0
reactive_power_discr,20.0,20.0,,,,,,6.0,0.0
reactive_power_discr,20.0,20.0,,,,,,7.0,0.0
reactive_power_discr,20.0,20.0,,,,,,8.0,0.0
reactive_power_discr,20.0,20.0,,,,,,9.0,0.0
reactive_power_discr,20.0,20.0,,,,,,10.0,0.0
reactive_power_discr,20.0,20.0,,,,,,11.0,0.0
reactive_power_discr,20.0,20.0,,,,,,12.0,0.0
reactive_power_discr,20.0,20.0,,,,,,13.0,0.0
reactive_power_discr,20.0,20.0,,,,,,14.0,0.0
reactive_power_discr,20.0,20.0,,,,,,15.0,0.0
reactive_power_discr,20.0,22.0,,,,,,1.0,0.00040983712415635807
reactive_power_discr,20.0,22.0,,,,,,2.0,0.0
reactive_power_discr,20.0,22.0,,,,,,3.0,0.0
reactive_power_discr,20.0,22.0,,,,,,4.0,0.0
reactive_power_discr,20.0,22.0,,,,,,5.0,0.0
reactive_power_discr,20.0,22.0,,,,,,6.0,0.0
reactive_power_discr,20.0,22.0,,,,,,7.0,0.0
reactive_power_discr,20.0,22.0,,,,,,8.0,0.0
reactive_power_discr,20.0,22.0,,,,,,9.0,0.0
reactive_power_discr,20.0,22.0,,,,,,10.0,0.0
reactive_power_discr,20.0,22.0,,,,,,11.0,0.0
reactive_power_discr,20.0,22.0,,,,,,12.0,0.0
reactive_power_discr,20.0,22.0,,,,,,13.0,0.0
reactive_power_discr,20.0,22.0,,,,,,14.0,0.0
reactive_power_discr,20.0,22.0,,,,,,15.0,0.0
reactive_power_discr,20.0,23.0,,,,,,1.0,0.0075778699824844125
reactive_power_discr,20.0,23.0,,,,,,2.0,0.013320281329628255
reactive_power_discr,20.0,23.0,,,,,,3.0,0.023414217334232015
reactive_power_discr,20.0,23.0,,,,,,4.0,0.041157206804276286
reactive_power_discr,20.0,23.0,,,,,,5.0,0.07234560300477912
reactive_power_discr,20.0,23.0,,,,,,6.0,0.10198520305089198
reactive_power_discr,20.0,23.0,,,,,,7.0,0.0
reactive_power_discr,20.0,23.0,,,,,,8.0,0.0
reactive_power_discr,20.0,23.0,,,,,,9.0,0.0
reactive_power_discr,20.0,23.0,,,,,,10.0,0.0
reactive_power_discr,20.0,23.0,,,,,,11.0,0.0
reactive_power_discr,20.0,23.0,,,,,,12.0,0.0
reactive_power_discr,20.0,23.0,,,,,,13.0,0.0
reactive_power_discr,20.0,23.0,,,,,,14.0,0.0
reactive_power_discr,20.0,23.0,,,,,,15.0,0.0
reactive_power_discr,20.0,25.0,,,,,,1.0,0.0075778699824844125
reactive_power_discr,20.0,25.0,,,,,,2.0,0.013320281329628255
reactive_power_discr,20.0,25.0,,,,,,3.0,0.023414217334232015
reactive_power_discr,20.0,25.0,,,,,,4.0,0.041157206804276286
reactive_power_discr,20.0,25.0,,,,,,5.0,0.07234560300477912
reactive_power_discr,20.0,25.0,,,,,,6.0,0.10201120391039689
reactive_power_discr,20.0,25.0,,,,,,7.0,0.0
reactive_power_discr,20.0,25.0,,,,,,8.0,0.0
reactive_power_discr,20.0,25.0,,,,,,9.0,0.0
reactive_power_discr,20.0,25.0,,,,,,10.0,0.0
reactive_power_discr,20.0,25.0,,,,,,11.0,0.0
reactive_power_discr,20.0,25.0,,,,,,12.0,0.0
reactive_power_discr,20.0,25.0,,,,,,13.0,0.0
reactive_power_discr,20.0,25.0,,,,,,14.0,0.0
reactive_power_discr,20.0,25.0,,,,,,15.0,0.0
reactive_power_discr,20.0,29.0,,,,,,1.0,0.0075778699824844125
reactive_power_discr,20.0,29.0,,,,,,2.0,0.013320281329628255
reactive_power_discr,20.0,29.0,,,,,,3.0,0.023414217334232015
reactive_power_discr,20.0,29.0,,,,,,4.0,0.041157206804276286
reactive_power_discr,20.0,29.0,,,,,,5.0,0.0300591886859395
reactive_power_discr,20.0,29.0,,,,,,6.0,0.0
reactive_power_discr,20.0,29.0,,,,,,7.0,0.0
reactive_power_discr,20.0,29.0,,,,,,8.0,0.0
reactive_power_discr,20.0,29.0,,,,,,9.0,0.0
reactive_power_discr,20.0,29.0,,,,,,10.0,0.0
reactive_power_discr,20.0,29.0,,,,,,11.0,0.0
reactive_power_discr,20.0,29.0,,,,,,12.0,0.0
reactive_power_discr,20.0,29.0,,,,,,13.0,0.0
reactive_power_discr,20.0,29.0,,,,,,14.0,0.0
reactive_power_discr,20.0,29.0,,,,,,15.0,0.0
reactive_power_discr,20.0,30.0,,,,,,1.0,0.0075778699824844125
reactive_power_discr,20.0,30.0,,,,,,2.0,0.013320281329628255
reactive_power_discr,20.0,30.0,,,,,,3.0,0.023414217334232015
reactive_power_discr,20.0,30.0,,,,,,4.0,0.041157206804276286
reactive_power_discr,20.0,30.0,,,,,,5.0,0.07234560300477912
reactive_power_discr,20.0,30.0,,,,,,6.0,0.12716816034224418
reactive_power_discr,20.0,30.0,,,,,,7.0,0.09109865387162663
reactive_power_discr,20.0,30.0,,,,,,8.0,0.0
reactive_power_discr,20.0,30.0,,,,,,9.0,0.0
reactive_power_discr,20.0,30.0,,,,,,10.0,0.0
reactive_power_discr,20.0,30.0,,,,,,11.0,0.0
reactive_power_discr,20.0,30.0,,,,,,12.0,0.0
reactive_power_discr,20.0,30.0,,,,,,13.0,0.0
reactive_power_discr,20.0,30.0,,,,,,14.0,0.0
reactive_power_discr,20.0,30.0,,,,,,15.0,0.0
reactive_power_discr,21.0,20.0,,,,,,1.0,0.0
reactive_power_discr,21.0,20.0,,,,,,2.0,0.0
reactive_power_discr,21.0,20.0,,,,,,3.0,0.0
reactive_power_discr,21.0,20.0,,,,,,4.0,0.0
reactive_power_discr,21.0,20.0,,,,,,5.0,0.0
reactive_power_discr,21.0,20.0,,,,,,6.0,0.0
reactive_power_discr,21.0,20.0,,,,,,7.0,0.0
reactive_power_discr,21.0,20.0,,,,,,8.0,0.0
reactive_power_discr,21.0,20.0,,,,,,9.0,0.0
reactive_power_discr,21.0,20.0,,,,,,10.0,0.0
reactive_power_discr,21.0,20.0,,,,,,11.0,0.0
reactive_power_discr,21.0,20.0,,,,,,12.0,0.0
reactive_power_discr,21.0,20.0,,,,,,13.0,0.0
reactive_power_discr,21.0,20.0,,,,,,14.0,0.0
reactive_power_discr,21.0,20.0,,,,,,15.0,0.0
reactive_power_discr,21.0,22.0,,,,,,1.0,0.00013658568923837072
reactive_power_discr,21.0,22.0,,,,,,2.0,0.0
reactive_power_discr,21.0,22.0,,,,,,3.0,0.0
reactive_power_discr,21.0,22.0,,,,,,4.0,0.0
reactive_power_discr,21.0,22.0,,,,,,5.0,0.0
reactive_power_discr,21.0,22.0,,,,,,6.0,0.0
reactive_power_discr,21.0,22.0,,,,,,7.0,0.0
reactive_power_discr,21.0,22.0,,,,,,8.0,0.0
reactive_power_discr,21.0,22.0,,,,,,9.0,0.0
reactive_power_discr,21.0,22.0,,,,,,10.0,0.0
reactive_power_discr,21.0,22.0,,,,,,11.0,0.0
reactive_power_discr,21.0,22.0,,,,,,12.0,0.0
reactive_power_discr,21.0,22.0,,,,,,13.0,0.0
reactive_power_discr,21.0,22.0,,,,,,14.0,0.0
reactive_power_discr,21.0,22.0,,,,,,15.0,0.0
reactive_power_discr,21.0,23.0,,,,,,1.0,0.0075778699824844125
reactive_power_discr,21.0,23.0,,,,,,2.0,0.013320281329628255
reactive_power_discr,21.0,23.0,,,,,,3.0,0.023414217334232015
reactive_power_discr,21.0,23.0,,,,,,4.0,0.041157206804276286
reactive_power_discr,21.0,23.0,,,,,,5.0,0.07234560300477912
reactive_power_discr,21.0,23.0,,,,,,6.0,0.12551860554203725
reactive_power_discr,21.0,23.0,,,,,,7.0,0.0
reactive_power_discr,21.0,23.0,,,,,,8.0,0.0
reactive_power_discr,21.0,23.0,,,,,,9.0,0.0
reactive_power_discr,21.0,23.0,,,,,,10.0,0.0
reactive_power_discr,21.0,23.0,,,,,,11.0,0.0
reactive_power_discr,21.0,23.0,,,,,,12.0,0.0
reactive_power_discr,21.0,23.0,,,,,,13.0,0.0
reactive_power_discr,21.0,23.0,,,,,,14.0,0.0
reactive_power_discr,21.0,23.0,,,,,,15.0,0.0
reactive_power_discr,21.0,25.0,,,,,,1.0,0.0075778699824844125
reactive_power_discr,21.0,25.0,,,,,,2.0,0.013320281329628255
reactive_power_discr,21.0,25.0,,,,,,3.0,0.023414217334232015
reactive_power_discr,21.0,25.0,,,,,,4.0,0.041157206804276286
reactive_power_discr,21.0,25.0,,,,,,5.0,0.07234560300477912
reactive_power_discr,21.0,25.0,,,,,,6.0,0.12554554310439767
reactive_power_discr,21.0,25.0,,,,,,7.0,0.0
reactive_power_discr,21.0,25.0,,,,,,8.0,0.0
reactive_power_discr,21.0,25.0,,,,,,9.0,0.0
reactive_power_discr,21.0,25.0,,,,,,10.0,0.0
reactive_power_discr,21.0,25.0,,,,,,11.0,0.0
reactive_power_discr,21.0,25.0,,,,,,12.0,0.0
reactive_power_discr,21.0,25.0,,,,,,13.0,0.0
reactive_power_discr,21.0,25.0,,,,,,14.0,0.0
reactive_power_discr,21.0,25.0,,,,,,15.0,0.0
reactive_power_discr,21.0,29.0,,,,,,1.0,0.0075778699824844125
reactive_power_discr,21.0,29.0,,,,,,2.0,0.013320281329628255
reactive_power_discr,21.0,29.0,,,,,,3.0,0.023414217334232015
reactive_power_discr,21.0,29.0,,,,,,4.0,0.041157206804276286
reactive_power_discr,21.0,29.0,,,,,,5.0,0.04046566322334254
reactive_power_discr,21.0,29.0,,,,,,6.0,0.0
reactive_power_discr,21.0,29.0,,,,,,7.0,0.0
reactive_power_discr,21.0,29.0,,,,,,8.0,0.0
reactive_power_discr,21.0,29.0,,,,,,9.0,0.0
reactive_power_discr,21.0,29.0,,,,,,10.0,0.0
reactive_power_discr,21.0,29.0,,,,,,11.0,0.0
reactive_power_discr,21.0,29.0,,,,,,12.0,0.0
reactive_power_discr,21.0,29.0,,,,,,13.0,0.0
reactive_power_discr,21.0,29.0,,,,,,14.0,0.0
reactive_power_discr,21.0,29.0,,,,,,15.0,0.0
reactive_power_discr,21.0,30.0,,,,,,1.0,0.0075778699824844125
reactive_power_discr,21.0,30.0,,,,,,2.0,0.013320281329628255
reactive_power_discr,21.0,30.0,,,,,,3.0,0.023414217334232015
reactive_power_discr,21.0,30.0,,,,,,4.0,0.041157206804276286
reactive_power_discr,21.0,30.0,,,,,,5.0,0.07234560300477912
reactive_power_discr,21.0,30.0,,,,,,6.0,0.12716816034224418
reactive_power_discr,21.0,30.0,,,,,,7.0,0.12450251496873133
reactive_power_discr,21.0,30.0,,,,,,8.0,0.0
reactive_power_discr,21.0,30.0,,,,,,9.0,0.0
reactive_power_discr,21.0,30.0,,,,,,10.0,0.0
reactive_power_discr,21.0,30.0,,,,,,11.0,0.0
reactive_power_discr,21.0,30.0,,,,,,12.0,0.0
reactive_power_discr,21.0,30.0,,,,,,13.0,0.0
reactive_power_discr,21.0,30.0,,,,,,14.0,0.0
reactive_power_discr,21.0,30.0,,,,,,15.0,0.0
reactive_power_discr,22.0,20.0,,,,,,1.0,0.00011967584407656024
reactive_power_discr,22.0,20.0,,,,,,2.0,0.0
reactive_power_discr,22.0,20.0,,,,,,3.0,0.0
reactive_power_discr,22.0,20.0,,,,,,4.0,0.0
reactive_power_discr,22.0,20.0,,,,,,5.0,0.0
reactive_power_discr,22.0,20.0,,,,,,6.0,0.0
reactive_power_discr,22.0,20.0,,,,,,7.0,0.0
reactive_power_discr,22.0,20.0,,,,,,8.0,0.0
reactive_power_discr,22.0,20.0,,,,,,9.0,0.0
reactive_power_discr,22.0,20.0,,,,,,10.0,0.0
reactive_power_discr,22.0,20.0,,,,,,11.0,0.0
reactive_power_discr,22.0,20.0,,,,,,12.0,0.0
reactive_power_discr,22.0,20.0,,,,,,13.0,0.0
reactive_power_discr,22.0,20.0,,,,,,14.0,0.0
reactive_power_discr,22.0,20.0,,,,,,15.0,0.0
reactive_power_discr,22.0,22.0,,,,,,1.0,0.00043842206512279203
reactive_power_discr,22.0,22.0,,,,,,2.0,0.0
reactive_power_discr,22.0,22.0,,,,,,3.0,0.0
reactive_power_discr,22.0,22.0,,,,,,4.0,0.0
reactive_power_discr,22.0,22.0,,,,,,5.0,0.0
reactive_power_discr,22.0,22.0,,,,,,6.0,0.0
reactive_power_discr,22.0,22.0,,,,,,7.0,0.0
reactive_power_discr,22.0,22.0,,,,,,8.0,0.0
reactive_power_discr,22.0,22.0,,,,,,9.0,0.0
reactive_power_discr,22.0,22.0,,,,,,10.0,0.0
reactive_power_discr,22.0,22.0,,,,,,11.0,0.0
reactive_power_discr,22.0,22.0,,,,,,12.0,0.0
reactive_power_discr,22.0,22.0,,,,,,13.0,0.0
reactive_power_discr,22.0,22.0,,,,,,14.0,0.0
reactive_power_discr,22.0,22.0,,,,,,15.0,0.0
reactive_power_discr,22.0,23.0,,,,,,1.0,0.0075778699824844125
reactive_power_discr,22.0,23.0,,,,,,2.0,0.013320281329628255
reactive_power_discr,22.0,23.0,,,,,,3.0,0.023414217334232015
reactive_power_discr,22.0,23.0,,,,,,4.0,0.041157206804276286
reactive_power_discr,22.0,23.0,,,,,,5.0,0.07234560300477912
reactive_power_discr,22.0,23.0,,,,,,6.0,0.12127896743385186
reactive_power_discr,22.0,23.0,,,,,,7.0,0.0
reactive_power_discr,22.0,23.0,,,,,,8.0,0.0
reactive_power_discr,22.0,23.0,,,,,,9.0,0.0
reactive_power_discr,22.0,23.0,,,,,,10.0,0.0
reactive_power_discr,22.0,23.0,,,,,,11.0,0.0
reactive_power_discr,22.0,23.0,,,,,,12.0,0.0
reactive_power_discr,22.0,23.0,,,,,,13.0,0.0
reactive_power_discr,22.0,23.0,,,,,,14.0,0.0
reactive_power_discr,22.0,23.0,,,,,,15.0,0.0
reactive_power_discr,22.0,25.0,,,,,,1.0,0.0075778699824844125
reactive_power_discr,22.0,25.0,,,,,,2.0,0.013320281329628255
reactive_power_discr,22.0,25.0,,,,,,3.0,0.023414217334232015
reactive_power_discr,22.0,25.0,,,,,,4.0,0.041157206804276286
reactive_power_discr,22.0,25.0,,,,,,5.0,0.07234560300477912
reactive_power_discr,22.0,25.0,,,,,,6.0,0.12130426740478065
reactive_power_discr,22.0,25.0,,,,,,7.0,0.0
reactive_power_discr,22.0,25.0,,,,,,8.0,0.0
reactive_power_discr,22.0,25.0,,,,,,9.0,0.0
reactive_power_discr,22.0,25.0,,,,,,10.0,0.0
reactive_power_discr,22.0,25.0,,,,,,11.0,0.0
reactive_power_discr,22.0,25.0,,,,,,12.0,0.0
reactive_power_discr,22.0,25.0,,,,,,13.0,0.0
reactive_power_discr,22.0,25.0,,,,,,14.0,0.0
reactive_power_discr,22.0,25.0,,,,,,15.0,0.0
reactive_power_discr,22.0,29.0,,,,,,1.0,0.0075778699824844125
reactive_power_discr,22.0,29.0,,,,,,2.0,0.013320281329628255
reactive_power_discr,22.0,29.0,,,,,,3.0,0.023414217334232015
reactive_power_discr,22.0,29.0,,,,,,4.0,0.041157206804276286
reactive_power_discr,22.0,29.0,,,,,,5.0,0.03863390610682163
reactive_power_discr,22.0,29.0,,,,,,6.0,0.0
reactive_power_discr,22.0,29.0,,,,,,7.0,0.0
reactive_power_discr,22.0,29.0,,,,,,8.0,0.0
reactive_power_discr,22.0,29.0,,,,,,9.0,0.0
reactive_power_discr,22.0,29.0,,,,,,10.0,0.0
reactive_power_discr,22.0,29.0,,,,,,11.0,0.0
reactive_power_discr,22.0,29.0,,,,,,12.0,0.0
reactive_power_discr,22.0,29.0,,,,,,13.0,0.0
reactive_power_discr,22.0,29.0,,,,,,14.0,0.0
reactive_power_discr,22.0,29.0,,,,,,15.0,0.0
reactive_power_discr,22.0,30.0,,,,,,1.0,0.0075778699824844125
reactive_power_discr,22.0,30.0,,,,,,2.0,0.013320281329628255
reactive_power_discr,22.0,30.0,,,,,,3.0,0.023414217334232015
reactive_power_discr,22.0,30.0,,,,,,4.0,0.041157206804276286
reactive_power_discr,22.0,30.0,,,,,,5.0,0.07234560300477912
reactive_power_discr,22.0,30.0,,,,,,6.0,0.12716816034224418
reactive_power_discr,22.0,30.0,,,,,,7.0,0.1181043662376391
reactive_power_discr,22.0,30.0,,,,,,8.0,0.0
reactive_power_discr,22.0,30.0,,,,,,9.0,0.0
reactive_power_discr,22.0,30.0,,,,,,10.0,0.0
reactive_power_discr,22.0,30.0,,,,,,11.0,0.0
reactive_power_discr,22.0,30.0,,,,,,12.0,0.0
reactive_power_discr,22.0,30.0,,,,,,13.0,0.0
reactive_power_discr,22.0,30.0,,,,,,14.0,0.0
reactive_power_discr,22.0,30.0,,,,,,15.0,0.0
reactive_power_discr,23.0,20.0,,,,,,1.0,9.077373495461105e-05
reactive_power_discr,23.0,20.0,,,,,,2.0,0.0
reactive_power_discr,23.0,20.0,,,,,,3.0,0.0
reactive_power_discr,23.0,20.0,,,,,,4.0,0.0
reactive_power_discr,23.0,20.0,,,,,,5.0,0.0
reactive_power_discr,23.0,20.0,,,,,,6.0,0.0
reactive_power_discr,23.0,20.0,,,,,,7.0,0.0
reactive_power_discr,23.0,20.0,,,,,,8.0,0.0
reactive_power_discr,23.0,20.0,,,,,,9.0,0.0
reactive_power_discr,23.0,20.0,,,,,,10.0,0.0
reactive_power_discr,23.0,20.0,,,,,,11.0,0.0
reactive_power_discr,23.0,20.0,,,,,,12.0,0.0
reactive_power_discr,23.0,20.0,,,,,,13.0,0.0
reactive_power_discr,23.0,20.0,,,,,,14.0,0.0
reactive_power_discr,23.0,20.0,,,,,,15.0,0.0
reactive_power_discr,23.0,22.0,,,,,,1.0,0.0003438313710864058
reactive_power_discr,23.0,22.0,,,,,,2.0,0.0
reactive_power_discr,23.0,22.0,,,,,,3.0,0.0
reactive_power_discr,23.0,22.0,,,,,,4.0,0.0
reactive_power_discr,23.0,22.0,,,,,,5.0,0.0
reactive_power_discr,23.0,22.0,,,,,,6.0,0.0
reactive_power_discr,23.0,22.0,,,,,,7.0,0.0
reactive_power_discr,23.0,22.0,,,,,,8.0,0.0
reactive_power_discr,23.0,22.0,,,,,,9.0,0.0
reactive_power_discr,23.0,22.0,,,,,,10.0,0.0
reactive_power_discr,23.0,22.0,,,,,,11.0,0.0
reactive_power_discr,23.0,22.0,,,,,,12.0,0.0
reactive_power_discr,23.0,22.0,,,,,,13.0,0.0
reactive_power_discr,23.0,22.0,,,,,,14.0,0.0
reactive_power_discr,23.0,22.0,,,,,,15.0,0.0
reactive_power_discr,23.0,23.0,,,,,,1.0,0.0075778699824844125
reactive_power_discr,23.0,23.0,,,,,,2.0,0.013320281329628255
reactive_power_discr,23.0,23.0,,,,,,3.0,0.023414217334232015
reactive_power_discr,23.0,23.0,,,,,,4.0,0.041157206804276286
reactive_power_discr,23.0,23.0,,,,,,5.0,0.07234560300477912
reactive_power_discr,23.0,23.0,,,,,,6.0,0.12182919783437914
reactive_power_discr,23.0,23.0,,,,,,7.0,0.0
reactive_power_discr,23.0,23.0,,,,,,8.0,0.0
reactive_power_discr,23.0,23.0,,,,,,9.0,0.0
reactive_power_discr,23.0,23.0,,,,,,10.0,0.0
reactive_power_discr,23.0,23.0,,,,,,11.0,0.0
reactive_power_discr,23.0,23.0,,,,,,12.0,0.0
reactive_power_discr,23.0,23.0,,,,,,13.0,0.0
reactive_power_discr,23.0,23.0,,,,,,14.0,0.0
reactive_power_discr,23.0,23.0,,,,,,15.0,0.0
reactive_power_discr,23.0,25.0,,,,,,1.0,0.0075778699824844125
reactive_power_discr,23.0,25.0,,,,,,2.0,0.013320281329628255
reactive_power_discr,23.0,25.0,,,,,,3.0,0.023414217334232015
reactive_power_discr,23.0,25.0,,,,,,4.0,0.041157206804276286
reactive_power_discr,23.0,25.0,,,,,,5.0,0.07234560300477912
reactive_power_discr,23.0,25.0,,,,,,6.0,0.12185377538871286
reactive_power_discr,23.0,25.0,,,,,,7.0,0.0
reactive_power_discr,23.0,25.0,,,,,,8.0,0.0
reactive_power_discr,23.0,25.0,,,,,,9.0,0.0
reactive_power_discr,23.0,25.0,,,,,,10.0,0.0
reactive_power_discr,23.0,25.0,,,,,,11.0,0.0
reactive_power_discr,23.0,25.0,,,,,,12.0,0.0
reactive_power_discr,23.0,25.0,,,,,,13.0,0.0
reactive_power_discr,23.0,25.0,,,,,,14.0,0.0
reactive_power_discr,23.0,25.0,,,,,,15.0,0.0
reactive_power_discr,23.0,29.0,,,,,,1.0,0.0075778699824844125
reactive_power_discr,23.0,29.0,,,,,,2.0,0.013320281329628255
reactive_power_discr,23.0,29.0,,,,,,3.0,0.023414217334232015
reactive_power_discr,23.0,29.0,,,,,,4.0,0.041157206804276286
reactive_power_discr,23.0,29.0,,,,,,5.0,0.03886531700211693
reactive_power_discr,23.0,29.0,,,,,,6.0,0.0
reactive_power_discr,23.0,29.0,,,,,,7.0,0.0
reactive_power_discr,23.0,29.0,,,,,,8.0,0.0
reactive_power_discr,23.0,29.0,,,,,,9.0,0.0
reactive_power_discr,23.0,29.0,,,,,,10.0,0.0
reactive_power_discr,23.0,29.0,,,,,,11.0,0.0
reactive_power_discr,23.0,29.0,,,,,,12.0,0.0
reactive_power_discr,23.0,29.0,,,,,,13.0,0.0
reactive_power_discr,23.0,29.0,,,,,,14.0,0.0
reactive_power_discr,23.0,29.0,,,,,,15.0,0.0
reactive_power_discr,23.0,30.0,,,,,,1.0,0.0075778699824844125
reactive_power_discr,23.0,30.0,,,,,,2.0,0.013320281329628255
reactive_power_discr,23.0,30.0,,,,,,3.0,0.023414217334232015
reactive_power_discr,23.0,30.0,,,,,,4.0,0.041157206804276286
reactive_power_discr,23.0,30.0,,,,,,5.0,0.07234560300477912
reactive_power_discr,23.0,30.0,,,,,,6.0,0.12716816034224418
reactive_power_discr,23.0,30.0,,,,,,7.0,0.11896833208002251
reactive_power_discr,23.0,30.0,,,,,,8.0,0.0
reactive_power_discr,23.0,30.0,,,,,,9.0,0.0
reactive_power_discr,23.0,30.0,,,,,,10.0,0.0
reactive_power_discr,23.0,30.0,,,,,,11.0,0.0
reactive_power_discr,23.0,30.0,,,,,,12.0,0.0
reactive_power_discr,23.0,30.0,,,,,,13.0,0.0
reactive_power_discr,23.0,30.0,,,,,,14.0,0.0
reactive_power_discr,23.0,30.0,,,,,,15.0,0.0
reactive_power_discr,24.0,20.0,,,,,,1.0,0.00011346773282363454
reactive_power_discr,24.0,20.0,,,,,,2.0,0.0
reactive_power_discr,24.0,20.0,,,,,,3.0,0.0
reactive_power_discr,24.0,20.0,,,,,,4.0,0.0
reactive_power_discr,24.0,20.0,,,,,,5.0,0.0
reactive_power_discr,24.0,20.0,,,,,,6.0,0.0
reactive_power_discr,24.0,20.0,,,,,,7.0,0.0
reactive_power_discr,24.0,20.0,,,,,,8.0,0.0
reactive_power_discr,24.0,20.0,,,,,,9.0,0.0
reactive_power_discr,24.0,20.0,,,,,,10.0,0.0
reactive_power_discr,24.0,20.0,,,,,,11.0,0.0
reactive_power_discr,24.0,20.0,,,,,,12.0,0.0
reactive_power_discr,24.0,20.0,,,,,,13.0,0.0
reactive_power_discr,24.0,20.0,,,,,,14.0,0.0
reactive_power_discr,24.0,20.0,,,,,,15.0,0.0
reactive_power_discr,24.0,22.0,,,,,,1.0,0.00021442821483043384
reactive_power_discr,24.0,22.0,,,,,,2.0,0.0
reactive_power_discr,24.0,22.0,,,,,,3.0,0.0
reactive_power_discr,24.0,22.0,,,,,,4.0,0.0
reactive_power_discr,24.0,22.0,,,,,,5.0,0.0
reactive_power_discr,24.0,22.0,,,,,,6.0,0.0
reactive_power_discr,24.0,22.0,,,,,,7.0,0.0
reactive_power_discr,24.0,22.0,,,,,,8.0,0.0
reactive_power_discr,24.0,22.0,,,,,,9.0,0.0
reactive_power_discr,24.0,22.0,,,,,,10.0,0.0
reactive_power_discr,24.0,22.0,,,,,,11.0,0.0
reactive_power_discr,24.0,22.0,,,,,,12.0,0.0
reactive_power_discr,24.0,22.0,,,,,,13.0,0.0
reactive_power_discr,24.0,22.0,,,,,,14.0,0.0
reactive_power_discr,24.0,22.0,,,,,,15.0,0.0
reactive_power_discr,24.0,23.0,,,,,,1.0,0.0075778699824844125
reactive_power_discr,24.0,23.0,,,,,,2.0,0.013320281329628255
reactive_power_discr,24.0,23.0,,,,,,3.0,0.023414217334232015
reactive_power_discr,24.0,23.0,,,,,,4.0,0.041157206804276286
reactive_power_discr,24.0,23.0,,,,,,5.0,0.07234560300477912
reactive_power_discr,24.0,23.0,,,,,,6.0,0.0980106272829057
reactive_power_discr,24.0,23.0,,,,,,7.0,0.0
reactive_power_discr,24.0,23.0,,,,,,8.0,0.0
reactive_power_discr,24.0,23.0,,,,,,9.0,0.0
reactive_power_discr,24.0,23.0,,,,,,10.0,0.0
reactive_power_discr,24.0,23.0,,,,,,11.0,0.0
reactive_power_discr,24.0,23.0,,,,,,12.0,0.0
reactive_power_discr,24.0,23.0,,,,,,13.0,0.0
reactive_power_discr,24.0,23.0,,,,,,14.0,0.0
reactive_power_discr,24.0,23.0,,,,,,15.0,0.0
reactive_power_discr,24.0,25.0,,,,,,1.0,0.0075778699824844125
reactive_power_discr,24.0,25.0,,,,,,2.0,0.013320281329628255
reactive_power_discr,24.0,25.0,,,,,,3.0,0.023414217334232015
reactive_power_discr,24.0,25.0,,,,,,4.0,0.041157206804276286
reactive_power_discr,24.0,25.0,,,,,,5.0,0.07234560300477912
reactive_power_discr,24.0,25.0,,,,,,6.0,0.0980319825021054
reactive_power_discr,24.0,25.0,,,,,,7.0,0.0
reactive_power_discr,24.0,25.0,,,,,,8.0,0.0
reactive_power_discr,24.0,25.0,,,,,,9.0,0.0
reactive_power_discr,24.0,25.0,,,,,,10.0,0.0
reactive_power_discr,24.0,25.0,,,,,,11.0,0.0
reactive_power_discr,24.0,25.0,,,,,,12.0,0.0
reactive_power_discr,24.0,25.0,,,,,,13.0,0.0
reactive_power_discr,24.0,25.0,,,,,,14.0,0.0
reactive_power_discr,24.0,25.0,,,,,,15.0,0.0
reactive_power_discr,24.0,29.0,,,,,,1.0,0.0075778699824844125
reactive_power_discr,24.0,29.0,,,,,,2.0,0.013320281329628255
reactive_power_discr,24.0,29.0,,,,,,3.0,0.023414217334232015
reactive_power_discr,24.0,29.0,,,,,,4.0,0.041157206804276286
reactive_power_discr,24.0,29.0,,,,,,5.0,0.028288071897675557
reactive_power_discr,24.0,29.0,,,,,,6.0,0.0
reactive_power_discr,24.0,29.0,,,,,,7.0,0.0
reactive_power_discr,24.0,29.0,,,,,,8.0,0.0
reactive_power_discr,24.0,29.0,,,,,,9.0,0.0
reactive_power_discr,24.0,29.0,,,,,,10.0,0.0
reactive_power_discr,24.0,29.0,,,,,,11.0,0.0
reactive_power_discr,24.0,29.0,,,,,,12.0,0.0
reactive_power_discr,24.0,29.0,,,,,,13.0,0.0
reactive_power_discr,24.0,29.0,,,,,,14.0,0.0
reactive_power_discr,24.0,29.0,,,,,,15.0,0.0
reactive_power_discr,24.0,30.0,,,,,,1.0,0.0075778699824844125
reactive_power_discr,24.0,30.0,,,,,,2.0,0.013320281329628255
reactive_power_discr,24.0,30.0,,,,,,3.0,0.023414217334232015
reactive_power_discr,24.0,30.0,,,,,,4.0,0.041157206804276286
reactive_power_discr,24.0,30.0,,,,,,5.0,0.07234560300477912
reactive_power_discr,24.0,30.0,,,,,,6.0,0.12716816034224418
reactive_power_discr,24.0,30.0,,,,,,7.0,0.08465164435044663
reactive_power_discr,24.0,30.0,,,,,,8.0,0.0
reactive_power_discr,24.0,30.0,,,,,,9.0,0.0
reactive_power_discr,24.0,30.0,,,,,,10.0,0.0
reactive_power_discr,24.0,30.0,,,,,,11.0,0.0
reactive_power_discr,24.0,30.0,,,,,,12.0,0.0
reactive_power_discr,24.0,30.0,,,,,,13.0,0.0
reactive_power_discr,24.0,30.0,,,,,,14.0,0.0
reactive_power_discr,24.0,30.0,,,,,,15.0,0.0
P_load,1.0,,,,,3.0,,,0.0005120581052547844
P_load,1.0,,,,,4.0,,,0.001914853964911694
P_load,1.0,,,,,1.0,,,0.3918680181834458
P_load,1.0,,,,,2.0,,,0.17416356363708702
P_load,2.0,,,,,3.0,,,0.0005120581052547844
P_load,2.0,,,,,4.0,,,0.001914853964911694
P_load,2.0,,,,,1.0,,,0.3918680181834458
P_load,2.0,,,,,2.0,,,0.17416356363708702
P_load,3.0,,,,,3.0,,,0.0005120581052547844
P_load,3.0,,,,,4.0,,,0.001815522086043365
P_load,3.0,,,,,1.0,,,0.3918680181834458
P_load,3.0,,,,,2.0,,,0.17416356363708702
P_load,4.0,,,,,3.0,,,0.0005120581052547844
P_load,4.0,,,,,4.0,,,0.001815522086043365
P_load,4.0,,,,,1.0,,,0.3918680181834458
P_load,4.0,,,,,2.0,,,0.17416356363708702
P_load,5.0,,,,,3.0,,,0.0005120581052547844
P_load,5.0,,,,,4.0,,,0.001716190207175037
P_load,5.0,,,,,1.0,,,0.3942983906541403
P_load,5.0,,,,,2.0,,,0.1752437291796179
P_load,6.0,,,,,3.0,,,0.0005120581052547844
P_load,6.0,,,,,4.0,,,0.001952185432079479
P_load,6.0,,,,,1.0,,,0.4321047145820996
P_load,6.0,,,,,2.0,,,0.19204653981426656
P_load,7.0,,,,,3.0,,,0.0005120581052547844
P_load,7.0,,,,,4.0,,,0.00443654157975525
P_load,7.0,,,,,1.0,,,0.4734017298756724
P_load,7.0,,,,,2.0,,,0.2104007688336322
P_load,8.0,,,,,3.0,,,0.0022675261728365695
P_load,8.0,,,,,4.0,,,0.0074020546970309156
P_load,8.0,,,,,1.0,,,0.7465271617343454
P_load,8.0,,,,,2.0,,,0.3317898496597091
P_load,9.0,,,,,3.0,,,0.008700966871752903
P_load,9.0,,,,,4.0,,,0.0063071399362418165
P_load,9.0,,,,,1.0,,,0.742187896982977
P_load,9.0,,,,,2.0,,,0.3298612875479898
P_load,10.0,,,,,3.0,,,0.013240904566442162
P_load,10.0,,,,,4.0,,,0.005616386635708232
P_load,10.0,,,,,1.0,,,0.7390717369829771
P_load,10.0,,,,,2.0,,,0.32847632754798983
P_load,11.0,,,,,3.0,,,0.012954704566442161
P_load,11.0,,,,,4.0,,,0.004938955894786674
P_load,11.0,,,,,1.0,,,0.737354536982977
P_load,11.0,,,,,2.0,,,0.3277131275479898
P_load,12.0,,,,,3.0,,,0.01309791256644216
P_load,12.0,,,,,4.0,,,0.0017340039771651565
P_load,12.0,,,,,1.0,,,0.702941939051657
P_load,12.0,,,,,2.0,,,0.31241863957851423
P_load,13.0,,,,,3.0,,,0.013445048566442163
P_load,13.0,,,,,4.0,,,0.00576077943741507
P_load,13.0,,,,,1.0,,,0.7402966009829771
P_load,13.0,,,,,2.0,,,0.3290207115479898
P_load,14.0,,,,,3.0,,,0.013964672566442161
P_load,14.0,,,,,4.0,,,0.006893567674018293
P_load,14.0,,,,,1.0,,,0.7434143449829771
P_load,14.0,,,,,2.0,,,0.33040637554798985
P_load,15.0,,,,,3.0,,,0.01436962456644216
P_load,15.0,,,,,4.0,,,0.008113089229820989
P_load,15.0,,,,,1.0,,,0.7458440569829771
P_load,15.0,,,,,2.0,,,0.33148624754798983
P_load,16.0,,,,,3.0,,,0.014618720566442162
P_load,16.0,,,,,4.0,,,0.00899837065532574
P_load,16.0,,,,,1.0,,,0.7494882213922789
P_load,16.0,,,,,2.0,,,0.3331058761743461
P_load,17.0,,,,,3.0,,,0.014723720566442161
P_load,17.0,,,,,4.0,,,0.005128831561146465
P_load,17.0,,,,,1.0,,,0.5440558270227235
P_load,17.0,,,,,2.0,,,0.24180258978787708
P_load,18.0,,,,,3.0,,,0.014774120566442164
P_load,18.0,,,,,4.0,,,0.0021950256808084233
P_load,18.0,,,,,1.0,,,0.47361804188483186
P_load,18.0,,,,,2.0,,,0.21049690750436967
P_load,19.0,,,,,3.0,,,0.014788520566442162
P_load,19.0,,,,,4.0,,,0.001914434372927702
P_load,19.0,,,,,1.0,,,0.4746502436360159
P_load,19.0,,,,,2.0,,,0.21095566383822925
P_load,20.0,,,,,3.0,,,0.009932104144637487
P_load,20.0,,,,,4.0,,,0.001914853964911694
P_load,20.0,,,,,1.0,,,0.4541889947756264
P_load,20.0,,,,,2.0,,,0.201861775455834
P_load,21.0,,,,,3.0,,,0.004734962152041648
P_load,21.0,,,,,4.0,,,0.001815522086043365
P_load,21.0,,,,,1.0,,,0.4541889947756264
P_load,21.0,,,,,2.0,,,0.201861775455834
P_load,22.0,,,,,3.0,,,0.00470588870583707
P_load,22.0,,,,,4.0,,,0.001914853964911694
P_load,22.0,,,,,1.0,,,0.4336704866302163
P_load,22.0,,,,,2.0,,,0.1927424385023184
P_load,23.0,,,,,3.0,,,0.002692528402242807
P_load,23.0,,,,,4.0,,,0.001815522086043365
P_load,23.0,,,,,1.0,,,0.4234112539189387
P_load,23.0,,,,,2.0,,,0.1881827795195283
P_load,24.0,,,,,3.0,,,0.0005290565300441663
P_load,24.0,,,,,4.0,,,0.001815522086043365
P_load,24.0,,,,,1.0,,,0.3918680181834458
P_load,24.0,,,,,2.0,,,0.17416356363708702
Q_load,1.0,,,,,3.0,,,-0.0002443913684170563
Q_load,1.0,,,,,4.0,,,-0.0001196783728069808
Q_load,1.0,,,,,1.0,,,0.2746805902332185
Q_load,1.0,,,,,2.0,,,0.12208026232587489
Q_load,2.0,,,,,3.0,,,-7.647621052506523e-05
Q_load,2.0,,,,,4.0,,,-0.0001196783728069808
Q_load,2.0,,,,,1.0,,,0.2765354225316539
Q_load,2.0,,,,,2.0,,,0.1229046322362906
Q_load,3.0,,,,,3.0,,,-9.143894736692582e-06
Q_load,3.0,,,,,4.0,,,-0.00011347013037771029
Q_load,3.0,,,,,1.0,,,0.2750976214935507
Q_load,3.0,,,,,2.0,,,0.1222656095526892
Q_load,4.0,,,,,3.0,,,-1.8991165991592282e-05
Q_load,4.0,,,,,4.0,,,-0.00011347013037771029
Q_load,4.0,,,,,1.0,,,0.2726738149763813
Q_load,4.0,,,,,2.0,,,0.121188362211725
Q_load,5.0,,,,,3.0,,,-9.143894736692582e-06
Q_load,5.0,,,,,4.0,,,-8.580951035875183e-05
Q_load,5.0,,,,,1.0,,,0.2788252905339992
Q_load,5.0,,,,,2.0,,,0.12392235134844409
Q_load,6.0,,,,,3.0,,,-0.00017456526315504025
Q_load,6.0,,,,,4.0,,,0.0
Q_load,6.0,,,,,1.0,,,0.30246188094968485
Q_load,6.0,,,,,2.0,,,0.13442750264430442
Q_load,7.0,,,,,3.0,,,-0.000186799751683855
Q_load,7.0,,,,,4.0,,,-0.0002218270789877625
Q_load,7.0,,,,,1.0,,,0.30566972748660604
Q_load,7.0,,,,,2.0,,,0.13585321221626936
Q_load,8.0,,,,,3.0,,,-0.0002646421048032478
Q_load,8.0,,,,,4.0,,,-0.00040460273485154577
Q_load,8.0,,,,,1.0,,,0.4479207432974312
Q_load,8.0,,,,,2.0,,,0.19907588590996936
Q_load,9.0,,,,,3.0,,,0.001930654680934208
Q_load,9.0,,,,,4.0,,,0.002059526609458943
Q_load,9.0,,,,,1.0,,,0.39271280275894493
Q_load,9.0,,,,,2.0,,,0.17453902344842
Q_load,10.0,,,,,3.0,,,0.0039736249171583365
Q_load,10.0,,,,,4.0,,,0.002752637202481881
Q_load,10.0,,,,,1.0,,,0.30772290208768655
Q_load,10.0,,,,,2.0,,,0.136765734261194
Q_load,11.0,,,,,3.0,,,0.003961210866011293
Q_load,11.0,,,,,4.0,,,0.0033456064181476867
Q_load,11.0,,,,,1.0,,,0.30551324785748696
Q_load,11.0,,,,,2.0,,,0.1357836657144386
Q_load,12.0,,,,,3.0,,,0.004118445136401628
Q_load,12.0,,,,,4.0,,,0.0020705864152468795
Q_load,12.0,,,,,1.0,,,0.2855555155216268
Q_load,12.0,,,,,2.0,,,0.1269135624540564
Q_load,13.0,,,,,3.0,,,0.0043236051678869096
Q_load,13.0,,,,,4.0,,,0.003294797243766912
Q_load,13.0,,,,,1.0,,,0.30841347884340214
Q_load,13.0,,,,,2.0,,,0.1370726572637342
Q_load,14.0,,,,,3.0,,,0.003902526260588904
Q_load,14.0,,,,,4.0,,,0.0035234038100521283
Q_load,14.0,,,,,1.0,,,0.3069026428432902
Q_load,14.0,,,,,2.0,,,0.1364011745970179
Q_load,15.0,,,,,3.0,,,0.004121404791479694
Q_load,15.0,,,,,4.0,,,0.003556874903470808
Q_load,15.0,,,,,1.0,,,0.3118114098834177
Q_load,15.0,,,,,2.0,,,0.1385828488370745
Q_load,16.0,,,,,3.0,,,0.004311422534370445
Q_load,16.0,,,,,4.0,,,0.00467606032766287
Q_load,16.0,,,,,1.0,,,0.3166391359598967
Q_load,16.0,,,,,2.0,,,0.14072850487106517
Q_load,17.0,,,,,3.0,,,0.003435013094391229
Q_load,17.0,,,,,4.0,,,0.00272330174517647
Q_load,17.0,,,,,1.0,,,0.24428218483959876
Q_load,17.0,,,,,2.0,,,0.1085698599287106
Q_load,18.0,,,,,3.0,,,0.0024330915754077267
Q_load,18.0,,,,,4.0,,,0.0005959890216451132
Q_load,18.0,,,,,1.0,,,0.22090912212178046
Q_load,18.0,,,,,2.0,,,0.09818183205412466
Q_load,19.0,,,,,3.0,,,0.0012435801385417271
Q_load,19.0,,,,,4.0,,,9.57217186463851e-05
Q_load,19.0,,,,,1.0,,,0.2602716213100269
Q_load,19.0,,,,,2.0,,,0.11567627613778968
Q_load,20.0,,,,,3.0,,,0.0003993170525987293
Q_load,20.0,,,,,4.0,,,-0.0001196783728069808
Q_load,20.0,,,,,1.0,,,0.2599200573503686
Q_load,20.0,,,,,2.0,,,0.1155200254890527
Q_load,21.0,,,,,3.0,,,-0.0001392635927071073
Q_load,21.0,,,,,4.0,,,0.0
Q_load,21.0,,,,,1.0,,,0.283333781740913
Q_load,21.0,,,,,2.0,,,0.1259261252181835
Q_load,22.0,,,,,3.0,,,-0.0004411770661722254
Q_load,22.0,,,,,4.0,,,-0.0001196783728069808
Q_load,22.0,,,,,1.0,,,0.2792138217333285
Q_load,22.0,,,,,2.0,,,0.1240950318814793
Q_load,23.0,,,,,3.0,,,-0.0003449802015373595
Q_load,23.0,,,,,4.0,,,-9.077610430216826e-05
Q_load,23.0,,,,,1.0,,,0.2797351500247338
Q_load,23.0,,,,,2.0,,,0.1243267333443261
Q_load,24.0,,,,,3.0,,,-0.0002144282148285068
Q_load,24.0,,,,,4.0,,,-0.00011347013037771029
Q_load,24.0,,,,,1.0,,,0.25593927347112944
Q_load,24.0,,,,,2.0,,,0.1137507882093909
initial_line_opt,,20.0,Poppy,,,,,,0.0
initial_line_opt,,20.0,Oxlip,,,,,,0.0
initial_line_opt,,20.0,Daisy,,,,,,0.0
initial_line_opt,,20.0,Tulip,,,,,,0.0
initial_line_opt,,20.0,Maryj,,,,,,0.0
initial_line_opt,,22.0,Poppy,,,,,,0.0
initial_line_opt,,22.0,Oxlip,,,,,,0.0
initial_line_opt,,22.0,Daisy,,,,,,0.0
initial_line_opt,,22.0,Tulip,,,,,,0.0
initial_line_opt,,22.0,Maryj,,,,,,0.0
initial_line_opt,,23.0,Poppy,,,,,,0.0
initial_line_opt,,23.0,Oxlip,,,,,,0.0
initial_line_opt,,23.0,Daisy,,,,,,0.0
initial_line_opt,,23.0,Tulip,,,,,,0.0
initial_line_opt,,23.0,Maryj,,,,,,0.0
initial_line_opt,,25.0,Poppy,,,,,,0.0
initial_line_opt,,25.0,Oxlip,,,,,,0.0
initial_line_opt,,25.0,Daisy,,,,,,0.0
initial_line_opt,,25.0,Tulip,,,,,,0.0
initial_line_opt,,25.0,Maryj,,,,,,0.0
initial_line_opt,,29.0,Poppy,,,,,,0.0
initial_line_opt,,29.0,Oxlip,,,,,,0.0
initial_line_opt,,29.0,Daisy,,,,,,0.0
initial_line_opt,,29.0,Tulip,,,,,,0.0
initial_line_opt,,29.0,Maryj,,,,,,0.0
initial_line_opt,,30.0,Poppy,,,,,,0.0
initial_line_opt,,30.0,Oxlip,,,,,,0.0
initial_line_opt,,30.0,Daisy,,,,,,0.0
initial_line_opt,,30.0,Tulip,,,,,,0.0
initial_line_opt,,30.0,Maryj,,,,,,0.0
initial_beta,,,,0.0,,,,,0.0
initial_gamma,,,,,48.0,,,,0.0
initial_gamma,,,,,49.0,,,,0.0
initial_gamma,,,,,50.0,,,,0.0
initial_capacity_hv,,,,0.0,,,,,0.0
initial_capacity_mv,,,,,48.0,,,,0.0
initial_capacity_mv,,,,,49.0,,,,0.0
initial_capacity_mv,,,,,50.0,,,,0.0
LPWB,,20.0,,,,,,1.0,0.0075778699824844125
LPWB,,20.0,,,,,,2.0,0.013320281329628255
LPWB,,20.0,,,,,,3.0,0.023414217334232015
LPWB,,20.0,,,,,,4.0,0.041157206804276286
LPWB,,20.0,,,,,,5.0,0.07234560300477912
LPWB,,20.0,,,,,,6.0,0.12716816034224418
LPWB,,20.0,,,,,,7.0,0.2235345388407699
LPWB,,20.0,,,,,,8.0,0.3929261060337663
LPWB,,20.0,,,,,,9.0,0.6906804004585428
LPWB,,20.0,,,,,,10.0,1.2140690278710526
LPWB,,20.0,,,,,,11.0,2.134074752167866
LPWB,,20.0,,,,,,12.0,3.7512488526509324
LPWB,,20.0,,,,,,13.0,6.593896460384192
LPWB,,20.0,,,,,,14.0,11.590665465859773
LPWB,,20.0,,,,,,15.0,20.373921056935494
LPWB,,22.0,,,,,,1.0,0.003811904963134563
LPWB,,22.0,,,,,,2.0,0.005264966907931571
LPWB,,22.0,,,,,,3.0,0.007271922256639911
LPWB,,22.0,,,,,,4.0,0.010043909910801375
LPWB,,22.0,,,,,,5.0,0.01387255291462737
LPWB,,22.0,,,,,,6.0,0.019160638245288873
LPWB,,22.0,,,,,,7.0,0.026464491447693153
LPWB,,22.0,,,,,,8.0,0.03655250407732255
LPWB,,22.0,,,,,,9.0,0.05048597124805676
LPWB,,22.0,,,,,,10.0,0.06973074368497043
LPWB,,22.0,,,,,,11.0,0.09631144047855072
LPWB,,22.0,,,,,,12.0,0.13302444627523324
LPWB,,22.0,,,,,,13.0,0.18373210097271264
LPWB,,22.0,,,,,,14.0,0.25376903173121446
LPWB,,22.0,,,,,,15.0,0.3505033748858224
LPWB,,23.0,,,,,,1.0,0.0075778699824844125
LPWB,,23.0,,,,,,2.0,0.013320281329628255
LPWB,,23.0,,,,,,3.0,0.023414217334232015
LPWB,,23.0,,,,,,4.0,0.041157206804276286
LPWB,,23.0,,,,,,5.0,0.07234560300477912
LPWB,,23.0,,,,,,6.0,0.12716816034224418
LPWB,,23.0,,,,,,7.0,0.2235345388407699
LPWB,,23.0,,,,,,8.0,0.3929261060337663
LPWB,,23.0,,,,,,9.0,0.6906804004585428
LPWB,,23.0,,,,,,10.0,1.2140690278710526
LPWB,,23.0,,,,,,11.0,2.134074752167866
LPWB,,23.0,,,,,,12.0,3.7512488526509324
LPWB,,23.0,,,,,,13.0,6.593896460384192
LPWB,,23.0,,,,,,14.0,11.590665465859773
LPWB,,23.0,,,,,,15.0,20.373921056935494
LPWB,,25.0,,,,,,1.0,0.0075778699824844125
LPWB,,25.0,,,,,,2.0,0.013320281329628255
LPWB,,25.0,,,,,,3.0,0.023414217334232015
LPWB,,25.0,,,,,,4.0,0.041157206804276286
LPWB,,25.0,,,,,,5.0,0.07234560300477912
LPWB,,25.0,,,,,,6.0,0.12716816034224418
LPWB,,25.0,,,,,,7.0,0.2235345388407699
LPWB,,25.0,,,,,,8.0,0.3929261060337663
LPWB,,25.0,,,,,,9.0,0.6906804004585428
LPWB,,25.0,,,,,,10.0,1.2140690278710526
LPWB,,25.0,,,,,,11.0,2.134074752167866
LPWB,,25.0,,,,,,12.0,3.7512488526509324
LPWB,,25.0,,,,,,13.0,6.593896460384192
LPWB,,25.0,,,,,,14.0,11.590665465859773
LPWB,,25.0,,,,,,15.0,20.373921056935494
LPWB,,29.0,,,,,,1.0,0.0075778699824844125
LPWB,,29.0,,,,,,2.0,0.013320281329628255
LPWB,,29.0,,,,,,3.0,0.023414217334232015
LPWB,,29.0,,,,,,4.0,0.041157206804276286
LPWB,,29.0,,,,,,5.0,0.07234560300477912
LPWB,,29.0,,,,,,6.0,0.12716816034224418
LPWB,,29.0,,,,,,7.0,0.2235345388407699
LPWB,,29.0,,,,,,8.0,0.3929261060337663
LPWB,,29.0,,,,,,9.0,0.6906804004585428
LPWB,,29.0,,,,,,10.0,1.2140690278710526
LPWB,,29.0,,,,,,11.0,2.134074752167866
LPWB,,29.0,,,,,,12.0,3.7512488526509324
LPWB,,29.0,,,,,,13.0,6.593896460384192
LPWB,,29.0,,,,,,14.0,11.590665465859773
LPWB,,29.0,,,,,,15.0,20.373921056935494
LPWB,,30.0,,,,,,1.0,0.0075778699824844125
LPWB,,30.0,,,,,,2.0,0.013320281329628255
LPWB,,30.0,,,,,,3.0,0.023414217334232015
LPWB,,30.0,,,,,,4.0,0.041157206804276286
LPWB,,30.0,,,,,,5.0,0.07234560300477912
LPWB,,30.0,,,,,,6.0,0.12716816034224418
LPWB,,30.0,,,,,,7.0,0.2235345388407699
LPWB,,30.0,,,,,,8.0,0.3929261060337663
LPWB,,30.0,,,,,,9.0,0.6906804004585428
LPWB,,30.0,,,,,,10.0,1.2140690278710526
LPWB,,30.0,,,,,,11.0,2.134074752167866
LPWB,,30.0,,,,,,12.0,3.7512488526509324
LPWB,,30.0,,,,,,13.0,6.593896460384192
LPWB,,30.0,,,,,,14.0,11.590665465859773
LPWB,,30.0,,,,,,15.0,20.373921056935494
SPWB,,20.0,,,,,,1.0,0.0075778699824844125
SPWB,,20.0,,,,,,2.0,0.02847602129459708
SPWB,,20.0,,,,,,3.0,0.06521051995845734
SPWB,,20.0,,,,,,4.0,0.12978194409696564
SPWB,,20.0,,,,,,5.0,0.24328475390602106
SPWB,,20.0,,,,,,6.0,0.4427985172530443
SPWB,,20.0,,,,,,7.0,0.7935012164360584
SPWB,,20.0,,,,,,8.0,1.4099618613105946
SPWB,,20.0,,,,,,9.0,2.493568367802904
SPWB,,20.0,,,,,,10.0,4.398317796132499
SPWB,,20.0,,,,,,11.0,7.746461576171418
SPWB,,20.0,,,,,,12.0,13.631785180990217
SPWB,,20.0,,,,,,13.0,23.97693049402534
SPWB,,20.0,,,,,,14.0,42.16149242026931
SPWB,,20.0,,,,,,15.0,74.12607894306458
SPWB,,22.0,,,,,,1.0,0.003811904963134563
SPWB,,22.0,,,,,,2.0,0.012888776834200697
SPWB,,22.0,,,,,,3.0,0.025425665998772183
SPWB,,22.0,,,,,,4.0,0.04274149816621347
SPWB,,22.0,,,,,,5.0,0.06665796099164221
SPWB,,22.0,,,,,,6.0,0.09969115215155847
SPWB,,22.0,,,,,,7.0,0.14531628184454048
SPWB,,22.0,,,,,,8.0,0.20833327736955617
SPWB,,22.0,,,,,,9.0,0.2953717526949355
SPWB,,22.0,,,,,,10.0,0.41558846762796264
SPWB,,22.0,,,,,,11.0,0.5816306517914838
SPWB,,22.0,,,,,,12.0,0.8109665385452678
SPWB,,22.0,,,,,,13.0,1.1277230857932137
SPWB,,22.0,,,,,,14.0,1.5652242184971408
SPWB,,22.0,,,,,,15.0,2.169496625114178
SPWB,,23.0,,,,,,1.0,0.0075778699824844125
SPWB,,23.0,,,,,,2.0,0.02847602129459708
SPWB,,23.0,,,,,,3.0,0.06521051995845734
SPWB,,23.0,,,,,,4.0,0.12978194409696564
SPWB,,23.0,,,,,,5.0,0.24328475390602106
SPWB,,23.0,,,,,,6.0,0.4427985172530443
SPWB,,23.0,,,,,,7.0,0.7935012164360584
SPWB,,23.0,,,,,,8.0,1.4099618613105946
SPWB,,23.0,,,,,,9.0,2.493568367802904
SPWB,,23.0,,,,,,10.0,4.398317796132499
SPWB,,23.0,,,,,,11.0,7.746461576171418
SPWB,,23.0,,,,,,12.0,13.631785180990217
SPWB,,23.0,,,,,,13.0,23.97693049402534
SPWB,,23.0,,,,,,14.0,42.16149242026931
SPWB,,23.0,,,,,,15.0,74.12607894306458
SPWB,,25.0,,,,,,1.0,0.0075778699824844125
SPWB,,25.0,,,,,,2.0,0.02847602129459708
SPWB,,25.0,,,,,,3.0,0.06521051995845734
SPWB,,25.0,,,,,,4.0,0.12978194409696564
SPWB,,25.0,,,,,,5.0,0.24328475390602106
SPWB,,25.0,,,,,,6.0,0.4427985172530443
SPWB,,25.0,,,,,,7.0,0.7935012164360584
SPWB,,25.0,,,,,,8.0,1.4099618613105946
SPWB,,25.0,,,,,,9.0,2.493568367802904
SPWB,,25.0,,,,,,10.0,4.398317796132499
SPWB,,25.0,,,,,,11.0,7.746461576171418
SPWB,,25.0,,,,,,12.0,13.631785180990217
SPWB,,25.0,,,,,,13.0,23.97693049402534
SPWB,,25.0,,,,,,14.0,42.16149242026931
SPWB,,25.0,,,,,,15.0,74.12607894306458
SPWB,,29.0,,,,,,1.0,0.0075778699824844125
SPWB,,29.0,,,,,,2.0,0.02847602129459708
SPWB,,29.0,,,,,,3.0,0.06521051995845734
SPWB,,29.0,,,,,,4.0,0.12978194409696564
SPWB,,29.0,,,,,,5.0,0.24328475390602106
SPWB,,29.0,,,,,,6.0,0.4427985172530443
SPWB,,29.0,,,,,,7.0,0.7935012164360584
SPWB,,29.0,,,,,,8.0,1.4099618613105946
SPWB,,29.0,,,,,,9.0,2.493568367802904
SPWB,,29.0,,,,,,10.0,4.398317796132499
SPWB,,29.0,,,,,,11.0,7.746461576171418
SPWB,,29.0,,,,,,12.0,13.631785180990217
SPWB,,29.0,,,,,,13.0,23.97693049402534
SPWB,,29.0,,,,,,14.0,42.16149242026931
SPWB,,29.0,,,,,,15.0,74.12607894306458
SPWB,,30.0,,,,,,1.0,0.0075778699824844125
SPWB,,30.0,,,,,,2.0,0.02847602129459708
SPWB,,30.0,,,,,,3.0,0.06521051995845734
SPWB,,30.0,,,,,,4.0,0.12978194409696564
SPWB,,30.0,,,,,,5.0,0.24328475390602106
SPWB,,30.0,,,,,,6.0,0.4427985172530443
SPWB,,30.0,,,,,,7.0,0.7935012164360584
SPWB,,30.0,,,,,,8.0,1.4099618613105946
SPWB,,30.0,,,,,,9.0,2.493568367802904
SPWB,,30.0,,,,,,10.0,4.398317796132499
SPWB,,30.0,,,,,,11.0,7.746461576171418
SPWB,,30.0,,,,,,12.0,13.631785180990217
SPWB,,30.0,,,,,,13.0,23.97693049402534
SPWB,,30.0,,,,,,14.0,42.16149242026931
SPWB,,30.0,,,,,,15.0,74.12607894306458
total_C_electricity,,,,,,,,,2432.029673762811
total_C_losses,,,,,,,,,0.08580260003298236
total_phi,,,,,,,,,0.0
