Name,periods,lines,conductors,subs_hv,subs_mv,buses,SetUnion_OrderedSet,NPWB,Value
C_cond,,,,,,,,,561.7537126703165
C_subs_hv,,,,,,,,,122.67059957838242
C_subs_mv,,,,,,,,,57.191295090664866
C_inv,,,,,,,,,39.644703852460545
C_PV,,,,,,,,,76.8
C_storage_capacity,,,,,,,,,0.0
subs_hv_inst_cost,,,,,,,,,10.0
subs_mv_inst_cost,,,,,,,,,100.0
PV_inst_cost,,,,,,,,,9.0
storage_inst_cost,,,,,,,,,-8.889962728591975e-09
C_electricity,1.0,,,,,,,,0.014347209591799052
C_electricity,2.0,,,,,,,,0.014347211385027456
C_electricity,3.0,,,,,,,,0.01434721050396727
C_electricity,4.0,,,,,,,,0.014347210511702799
C_electricity,5.0,,,,,,,,0.01451832862865597
C_electricity,6.0,,,,,,,,0.017142918216348897
C_electricity,7.0,,,,,,,,0.021369797957401168
C_electricity,8.0,,,,,,,,0.0427711606283026
C_electricity,9.0,,,,,,,,0.04191260775511412
C_electricity,10.0,,,,,,,,0.04059470838243177
C_electricity,11.0,,,,,,,,0.039909382558862706
C_electricity,12.0,,,,,,,,0.03609218518135489
C_electricity,13.0,,,,,,,,0.041378610605227774
C_electricity,14.0,,,,,,,,0.040556496727704984
C_electricity,15.0,,,,,,,,0.04095279868033075
C_electricity,16.0,,,,,,,,0.04293470985243384
C_electricity,17.0,,,,,,,,0.028936236510932193
C_electricity,18.0,,,,,,,,0.022019586128272324
C_electricity,19.0,,,,,,,,0.022226197133196395
C_electricity,20.0,,,,,,,,0.020435191574401254
C_electricity,21.0,,,,,,,,0.019070634307602967
C_electricity,22.0,,,,,,,,0.017616331553819486
C_electricity,23.0,,,,,,,,0.016714066342150998
C_electricity,24.0,,,,,,,,0.014348830037109689
C_losses,1.0,,,,,,,,1.1731541394676376e-06
C_losses,2.0,,,,,,,,1.1738940781408718e-06
C_losses,3.0,,,,,,,,1.1736309154308392e-06
C_losses,4.0,,,,,,,,1.1736341669573252e-06
C_losses,5.0,,,,,,,,1.2031597448887619e-06
C_losses,6.0,,,,,,,,1.7071271181031513e-06
C_losses,7.0,,,,,,,,2.6468383878481953e-06
C_losses,8.0,,,,,,,,1.2227784964928995e-05
C_losses,9.0,,,,,,,,1.0981496220536189e-05
C_losses,10.0,,,,,,,,1.0098366611184909e-05
C_losses,11.0,,,,,,,,9.710712475869889e-06
C_losses,12.0,,,,,,,,7.865049392915542e-06
C_losses,13.0,,,,,,,,1.059753725150133e-05
C_losses,14.0,,,,,,,,1.0066930645861788e-05
C_losses,15.0,,,,,,,,1.0287196874840303e-05
C_losses,16.0,,,,,,,,1.1533740328116054e-05
C_losses,17.0,,,,,,,,5.288852433853077e-06
C_losses,18.0,,,,,,,,3.016283086741418e-06
C_losses,19.0,,,,,,,,3.0962065848631184e-06
C_losses,20.0,,,,,,,,2.4037238972966633e-06
C_losses,21.0,,,,,,,,2.0911017263851326e-06
C_losses,22.0,,,,,,,,1.811885485230953e-06
C_losses,23.0,,,,,,,,1.6220466431418717e-06
C_losses,24.0,,,,,,,,1.1746434329273107e-06
unserved_fictitious_power_cost,,,,,,,,,0.0
line_opt,,3.0,Poppy,,,,,,0.0
line_opt,,3.0,Oxlip,,,,,,0.0
line_opt,,3.0,Daisy,,,,,,0.0
line_opt,,3.0,Tulip,,,,,,0.0
line_opt,,3.0,Maryj,,,,,,1.0
line_opt,,5.0,Poppy,,,,,,0.0
line_opt,,5.0,Oxlip,,,,,,0.0
line_opt,,5.0,Daisy,,,,,,0.0
line_opt,,5.0,Tulip,,,,,,0.0
line_opt,,5.0,Maryj,,,,,,1.0
line_opt,,6.0,Poppy,,,,,,0.0
line_opt,,6.0,Oxlip,,,,,,0.0
line_opt,,6.0,Daisy,,,,,,0.0
line_opt,,6.0,Tulip,,,,,,0.0
line_opt,,6.0,Maryj,,,,,,1.0
line_opt,,8.0,Poppy,,,,,,0.0
line_opt,,8.0,Oxlip,,,,,,0.0
line_opt,,8.0,Daisy,,,,,,1.0
line_opt,,8.0,Tulip,,,,,,0.0
line_opt,,8.0,Maryj,,,,,,0.0
line_opt,,9.0,Poppy,,,,,,0.0
line_opt,,9.0,Oxlip,,,,,,0.0
line_opt,,9.0,Daisy,,,,,,0.0
line_opt,,9.0,Tulip,,,,,,0.0
line_opt,,9.0,Maryj,,,,,,1.0
line_opt,,10.0,Poppy,,,,,,0.0
line_opt,,10.0,Oxlip,,,,,,0.0
line_opt,,10.0,Daisy,,,,,,1.0
line_opt,,10.0,Tulip,,,,,,0.0
line_opt,,10.0,Maryj,,,,,,0.0
line_opt,,13.0,Poppy,,,,,,0.0
line_opt,,13.0,Oxlip,,,,,,0.0
line_opt,,13.0,Daisy,,,,,,0.0
line_opt,,13.0,Tulip,,,,,,0.0
line_opt,,13.0,Maryj,,,,,,1.0
line_opt,,14.0,Poppy,,,,,,0.0
line_opt,,14.0,Oxlip,,,,,,0.0
line_opt,,14.0,Daisy,,,,,,0.0
line_opt,,14.0,Tulip,,,,,,0.0
line_opt,,14.0,Maryj,,,,,,1.0
line_opt,,15.0,Poppy,,,,,,0.0
line_opt,,15.0,Oxlip,,,,,,0.0
line_opt,,15.0,Daisy,,,,,,0.0
line_opt,,15.0,Tulip,,,,,,0.0
line_opt,,15.0,Maryj,,,,,,1.0
line_opt,,16.0,Poppy,,,,,,0.0
line_opt,,16.0,Oxlip,,,,,,0.0
line_opt,,16.0,Daisy,,,,,,0.0
line_opt,,16.0,Tulip,,,,,,1.0
line_opt,,16.0,Maryj,,,,,,0.0
line_opt,,17.0,Poppy,,,,,,0.0
line_opt,,17.0,Oxlip,,,,,,0.0
line_opt,,17.0,Daisy,,,,,,0.0
line_opt,,17.0,Tulip,,,,,,1.0
line_opt,,17.0,Maryj,,,,,,0.0
line_act,,3.0,,,,,,,1.0
line_act,,5.0,,,,,,,1.0
line_act,,6.0,,,,,,,1.0
line_act,,8.0,,,,,,,1.0
line_act,,9.0,,,,,,,1.0
line_act,,10.0,,,,,,,1.0
line_act,,13.0,,,,,,,1.0
line_act,,14.0,,,,,,,1.0
line_act,,15.0,,,,,,,1.0
line_act,,16.0,,,,,,,1.0
line_act,,17.0,,,,,,,1.0
subs_hv_capacity,,,,0.0,,,,,0.6133529978919121
subs_hv_S,1.0,,,0.0,,,,,0.20496013702570076
subs_hv_S,2.0,,,0.0,,,,,0.2049601626432494
subs_hv_S,3.0,,,0.0,,,,,0.2049601500566753
subs_hv_S,4.0,,,0.0,,,,,0.20496015016718286
subs_hv_S,5.0,,,0.0,,,,,0.2074046946950853
subs_hv_S,6.0,,,0.0,,,,,0.24489883166212714
subs_hv_S,7.0,,,0.0,,,,,0.30528282796287387
subs_hv_S,8.0,,,0.0,,,,,0.6110165804043229
subs_hv_S,9.0,,,0.0,,,,,0.5987515393587732
subs_hv_S,10.0,,,0.0,,,,,0.579924405463311
subs_hv_S,11.0,,,0.0,,,,,0.5701340365551816
subs_hv_S,12.0,,,0.0,,,,,0.515602645447927
subs_hv_S,13.0,,,0.0,,,,,0.5911230086461111
subs_hv_S,14.0,,,0.0,,,,,0.5793785246814999
subs_hv_S,15.0,,,0.0,,,,,0.5850399811475822
subs_hv_S,16.0,,,0.0,,,,,0.6133529978919121
subs_hv_S,17.0,,,0.0,,,,,0.41337480729903137
subs_hv_S,18.0,,,0.0,,,,,0.31456551611817607
subs_hv_S,19.0,,,0.0,,,,,0.3175171019028057
subs_hv_S,20.0,,,0.0,,,,,0.2919313082057322
subs_hv_S,21.0,,,0.0,,,,,0.2724376329657567
subs_hv_S,22.0,,,0.0,,,,,0.2516618793402784
subs_hv_S,23.0,,,0.0,,,,,0.23877237631644285
subs_hv_S,24.0,,,0.0,,,,,0.20498328624442413
subs_hv_P,1.0,,,0.0,,,,,0.20102188546423647
subs_hv_P,2.0,,,0.0,,,,,0.20102191058955107
subs_hv_P,3.0,,,0.0,,,,,0.20102189824482447
subs_hv_P,4.0,,,0.0,,,,,0.20102189835320866
subs_hv_P,5.0,,,0.0,,,,,0.20341947164346563
subs_hv_P,6.0,,,0.0,,,,,0.2401931692821629
subs_hv_P,7.0,,,0.0,,,,,0.2994169040258584
subs_hv_P,8.0,,,0.0,,,,,0.5992760681428768
subs_hv_P,9.0,,,0.0,,,,,0.5872466964218602
subs_hv_P,10.0,,,0.0,,,,,0.5687813206250102
subs_hv_P,11.0,,,0.0,,,,,0.5591790709101994
subs_hv_P,12.0,,,0.0,,,,,0.5056954851922925
subs_hv_P,13.0,,,0.0,,,,,0.5797647457877773
subs_hv_P,14.0,,,0.0,,,,,0.5682459287893548
subs_hv_P,15.0,,,0.0,,,,,0.573798601956932
subs_hv_P,16.0,,,0.0,,,,,0.601567592023581
subs_hv_P,17.0,,,0.0,,,,,0.40543192628841185
subs_hv_P,18.0,,,0.0,,,,,0.3085212279311522
subs_hv_P,19.0,,,0.0,,,,,0.31141609982256435
subs_hv_P,20.0,,,0.0,,,,,0.2863219299770409
subs_hv_P,21.0,,,0.0,,,,,0.26720282024071207
subs_hv_P,22.0,,,0.0,,,,,0.24682626689555887
subs_hv_P,23.0,,,0.0,,,,,0.23418443205806805
subs_hv_P,24.0,,,0.0,,,,,0.20104458987721316
subs_hv_Q,1.0,,,0.0,,,,,0.0
subs_hv_Q,2.0,,,0.0,,,,,0.0
subs_hv_Q,3.0,,,0.0,,,,,0.0
subs_hv_Q,4.0,,,0.0,,,,,0.0
subs_hv_Q,5.0,,,0.0,,,,,0.0
subs_hv_Q,6.0,,,0.0,,,,,0.0
subs_hv_Q,7.0,,,0.0,,,,,0.0
subs_hv_Q,8.0,,,0.0,,,,,0.11920282402676828
subs_hv_Q,9.0,,,0.0,,,,,0.09511093504698952
subs_hv_Q,10.0,,,0.0,,,,,0.05573564955421395
subs_hv_Q,11.0,,,0.0,,,,,0.04572973630288416
subs_hv_Q,12.0,,,0.0,,,,,0.04164337683566375
subs_hv_Q,13.0,,,0.0,,,,,0.04804112953744444
subs_hv_Q,14.0,,,0.0,,,,,0.04142286098569008
subs_hv_Q,15.0,,,0.0,,,,,0.03911201553850403
subs_hv_Q,16.0,,,0.0,,,,,0.04052314078500454
subs_hv_Q,17.0,,,0.0,,,,,0.0
subs_hv_Q,18.0,,,0.0,,,,,0.0
subs_hv_Q,19.0,,,0.0,,,,,0.0
subs_hv_Q,20.0,,,0.0,,,,,0.0
subs_hv_Q,21.0,,,0.0,,,,,0.0
subs_hv_Q,22.0,,,0.0,,,,,0.0
subs_hv_Q,23.0,,,0.0,,,,,0.0
subs_hv_Q,24.0,,,0.0,,,,,0.0
subs_hv_F,1.0,,,0.0,,,,,9.0
subs_hv_F,2.0,,,0.0,,,,,9.0
subs_hv_F,3.0,,,0.0,,,,,9.0
subs_hv_F,4.0,,,0.0,,,,,9.0
subs_hv_F,5.0,,,0.0,,,,,9.0
subs_hv_F,6.0,,,0.0,,,,,9.0
subs_hv_F,7.0,,,0.0,,,,,9.0
subs_hv_F,8.0,,,0.0,,,,,9.0
subs_hv_F,9.0,,,0.0,,,,,9.0
subs_hv_F,10.0,,,0.0,,,,,9.0
subs_hv_F,11.0,,,0.0,,,,,9.0
subs_hv_F,12.0,,,0.0,,,,,9.0
subs_hv_F,13.0,,,0.0,,,,,9.0
subs_hv_F,14.0,,,0.0,,,,,9.0
subs_hv_F,15.0,,,0.0,,,,,9.0
subs_hv_F,16.0,,,0.0,,,,,9.0
subs_hv_F,17.0,,,0.0,,,,,9.0
subs_hv_F,18.0,,,0.0,,,,,9.0
subs_hv_F,19.0,,,0.0,,,,,9.0
subs_hv_F,20.0,,,0.0,,,,,9.0
subs_hv_F,21.0,,,0.0,,,,,9.0
subs_hv_F,22.0,,,0.0,,,,,9.0
subs_hv_F,23.0,,,0.0,,,,,9.0
subs_hv_F,24.0,,,0.0,,,,,9.0
beta,,,,0.0,,,,,1.0
subs_mv_capacity,,,,,54.0,,,,0.0
subs_mv_capacity,,,,,55.0,,,,0.19063765030221622
subs_mv_capacity,,,,,56.0,,,,0.0
subs_mv_S,1.0,,,,54.0,,,,0.0
subs_mv_S,1.0,,,,55.0,,,,0.19063765030221622
subs_mv_S,1.0,,,,56.0,,,,0.0
subs_mv_S,2.0,,,,54.0,,,,0.0
subs_mv_S,2.0,,,,55.0,,,,0.19063765030221622
subs_mv_S,2.0,,,,56.0,,,,0.0
subs_mv_S,3.0,,,,54.0,,,,0.0
subs_mv_S,3.0,,,,55.0,,,,0.19063765030221622
subs_mv_S,3.0,,,,56.0,,,,0.0
subs_mv_S,4.0,,,,54.0,,,,0.0
subs_mv_S,4.0,,,,55.0,,,,0.19063765030221622
subs_mv_S,4.0,,,,56.0,,,,0.0
subs_mv_S,5.0,,,,54.0,,,,0.0
subs_mv_S,5.0,,,,55.0,,,,0.19063765030221622
subs_mv_S,5.0,,,,56.0,,,,0.0
subs_mv_S,6.0,,,,54.0,,,,0.0
subs_mv_S,6.0,,,,55.0,,,,0.19063765030221622
subs_mv_S,6.0,,,,56.0,,,,0.0
subs_mv_S,7.0,,,,54.0,,,,0.0
subs_mv_S,7.0,,,,55.0,,,,0.19063765030221622
subs_mv_S,7.0,,,,56.0,,,,0.0
subs_mv_S,8.0,,,,54.0,,,,0.0
subs_mv_S,8.0,,,,55.0,,,,0.19063765030221622
subs_mv_S,8.0,,,,56.0,,,,0.0
subs_mv_S,9.0,,,,54.0,,,,0.0
subs_mv_S,9.0,,,,55.0,,,,0.19063765030221622
subs_mv_S,9.0,,,,56.0,,,,0.0
subs_mv_S,10.0,,,,54.0,,,,0.0
subs_mv_S,10.0,,,,55.0,,,,0.19063765030221622
subs_mv_S,10.0,,,,56.0,,,,0.0
subs_mv_S,11.0,,,,54.0,,,,0.0
subs_mv_S,11.0,,,,55.0,,,,0.19063765030221622
subs_mv_S,11.0,,,,56.0,,,,0.0
subs_mv_S,12.0,,,,54.0,,,,0.0
subs_mv_S,12.0,,,,55.0,,,,0.19063765030221622
subs_mv_S,12.0,,,,56.0,,,,0.0
subs_mv_S,13.0,,,,54.0,,,,0.0
subs_mv_S,13.0,,,,55.0,,,,0.19063765030221622
subs_mv_S,13.0,,,,56.0,,,,0.0
subs_mv_S,14.0,,,,54.0,,,,0.0
subs_mv_S,14.0,,,,55.0,,,,0.19063765030221622
subs_mv_S,14.0,,,,56.0,,,,0.0
subs_mv_S,15.0,,,,54.0,,,,0.0
subs_mv_S,15.0,,,,55.0,,,,0.19063765030221622
subs_mv_S,15.0,,,,56.0,,,,0.0
subs_mv_S,16.0,,,,54.0,,,,0.0
subs_mv_S,16.0,,,,55.0,,,,0.19063765030221622
subs_mv_S,16.0,,,,56.0,,,,0.0
subs_mv_S,17.0,,,,54.0,,,,0.0
subs_mv_S,17.0,,,,55.0,,,,0.19063765030221622
subs_mv_S,17.0,,,,56.0,,,,0.0
subs_mv_S,18.0,,,,54.0,,,,0.0
subs_mv_S,18.0,,,,55.0,,,,0.19063765030221622
subs_mv_S,18.0,,,,56.0,,,,0.0
subs_mv_S,19.0,,,,54.0,,,,0.0
subs_mv_S,19.0,,,,55.0,,,,0.19063765030221622
subs_mv_S,19.0,,,,56.0,,,,0.0
subs_mv_S,20.0,,,,54.0,,,,0.0
subs_mv_S,20.0,,,,55.0,,,,0.19063765030221622
subs_mv_S,20.0,,,,56.0,,,,0.0
subs_mv_S,21.0,,,,54.0,,,,0.0
subs_mv_S,21.0,,,,55.0,,,,0.19063765030221622
subs_mv_S,21.0,,,,56.0,,,,0.0
subs_mv_S,22.0,,,,54.0,,,,0.0
subs_mv_S,22.0,,,,55.0,,,,0.19063765030221622
subs_mv_S,22.0,,,,56.0,,,,0.0
subs_mv_S,23.0,,,,54.0,,,,0.0
subs_mv_S,23.0,,,,55.0,,,,0.19063765030221622
subs_mv_S,23.0,,,,56.0,,,,0.0
subs_mv_S,24.0,,,,54.0,,,,0.0
subs_mv_S,24.0,,,,55.0,,,,0.19063765030221622
subs_mv_S,24.0,,,,56.0,,,,0.0
subs_mv_P,1.0,,,,54.0,,,,0.0
subs_mv_P,1.0,,,,55.0,,,,0.04908182155397397
subs_mv_P,1.0,,,,56.0,,,,0.0
subs_mv_P,2.0,,,,54.0,,,,0.0
subs_mv_P,2.0,,,,55.0,,,,0.04908184663789877
subs_mv_P,2.0,,,,56.0,,,,0.0
subs_mv_P,3.0,,,,54.0,,,,0.0
subs_mv_P,3.0,,,,55.0,,,,0.049081838019713046
subs_mv_P,3.0,,,,56.0,,,,0.0
subs_mv_P,4.0,,,,54.0,,,,0.0
subs_mv_P,4.0,,,,55.0,,,,0.04908183812646853
subs_mv_P,4.0,,,,56.0,,,,0.0
subs_mv_P,5.0,,,,54.0,,,,0.0
subs_mv_P,5.0,,,,55.0,,,,0.04986061532353643
subs_mv_P,5.0,,,,56.0,,,,0.0
subs_mv_P,6.0,,,,54.0,,,,0.0
subs_mv_P,6.0,,,,55.0,,,,0.06157361905906091
subs_mv_P,6.0,,,,56.0,,,,0.0
subs_mv_P,7.0,,,,54.0,,,,0.0
subs_mv_P,7.0,,,,55.0,,,,0.08169788275811274
subs_mv_P,7.0,,,,56.0,,,,0.0
subs_mv_P,8.0,,,,54.0,,,,0.0
subs_mv_P,8.0,,,,55.0,,,,0.18246363798577428
subs_mv_P,8.0,,,,56.0,,,,0.0
subs_mv_P,9.0,,,,54.0,,,,0.0
subs_mv_P,9.0,,,,55.0,,,,0.1766667701065624
subs_mv_P,9.0,,,,56.0,,,,0.0
subs_mv_P,10.0,,,,54.0,,,,0.0
subs_mv_P,10.0,,,,55.0,,,,0.17213575606714307
subs_mv_P,10.0,,,,56.0,,,,0.0
subs_mv_P,11.0,,,,54.0,,,,0.0
subs_mv_P,11.0,,,,55.0,,,,0.16849939871682523
subs_mv_P,11.0,,,,56.0,,,,0.0
subs_mv_P,12.0,,,,54.0,,,,0.0
subs_mv_P,12.0,,,,55.0,,,,0.1506829122310744
subs_mv_P,12.0,,,,56.0,,,,0.0
subs_mv_P,13.0,,,,54.0,,,,0.0
subs_mv_P,13.0,,,,55.0,,,,0.1780949548200209
subs_mv_P,13.0,,,,56.0,,,,0.0
subs_mv_P,14.0,,,,54.0,,,,0.0
subs_mv_P,14.0,,,,55.0,,,,0.17228241167712058
subs_mv_P,14.0,,,,56.0,,,,0.0
subs_mv_P,15.0,,,,54.0,,,,0.0
subs_mv_P,15.0,,,,55.0,,,,0.17450356820329696
subs_mv_P,15.0,,,,56.0,,,,0.0
subs_mv_P,16.0,,,,54.0,,,,0.0
subs_mv_P,16.0,,,,55.0,,,,0.1869746013070721
subs_mv_P,16.0,,,,56.0,,,,0.0
subs_mv_P,17.0,,,,54.0,,,,0.0
subs_mv_P,17.0,,,,55.0,,,,0.12596782533734252
subs_mv_P,17.0,,,,56.0,,,,0.0
subs_mv_P,18.0,,,,54.0,,,,0.0
subs_mv_P,18.0,,,,55.0,,,,0.0912047368481445
subs_mv_P,18.0,,,,56.0,,,,0.0
subs_mv_P,19.0,,,,54.0,,,,0.0
subs_mv_P,19.0,,,,55.0,,,,0.0932016013129884
subs_mv_P,19.0,,,,56.0,,,,0.0
subs_mv_P,20.0,,,,54.0,,,,0.0
subs_mv_P,20.0,,,,55.0,,,,0.08086760700766009
subs_mv_P,20.0,,,,56.0,,,,0.0
subs_mv_P,21.0,,,,54.0,,,,0.0
subs_mv_P,21.0,,,,55.0,,,,0.07391964284380753
subs_mv_P,21.0,,,,56.0,,,,0.0
subs_mv_P,22.0,,,,54.0,,,,0.0
subs_mv_P,22.0,,,,55.0,,,,0.06749229308868906
subs_mv_P,22.0,,,,56.0,,,,0.0
subs_mv_P,23.0,,,,54.0,,,,0.0
subs_mv_P,23.0,,,,55.0,,,,0.06161205539632026
subs_mv_P,23.0,,,,56.0,,,,0.0
subs_mv_P,24.0,,,,54.0,,,,0.0
subs_mv_P,24.0,,,,55.0,,,,0.04910452970732895
subs_mv_P,24.0,,,,56.0,,,,0.0
subs_mv_Q,1.0,,,,54.0,,,,0.0
subs_mv_Q,1.0,,,,55.0,,,,-6.698997824919773e-06
subs_mv_Q,1.0,,,,56.0,,,,0.0
subs_mv_Q,2.0,,,,54.0,,,,0.0
subs_mv_Q,2.0,,,,55.0,,,,0.0001055345578911519
subs_mv_Q,2.0,,,,56.0,,,,0.0
subs_mv_Q,3.0,,,,54.0,,,,0.0
subs_mv_Q,3.0,,,,55.0,,,,0.00010553456505968872
subs_mv_Q,3.0,,,,56.0,,,,0.0
subs_mv_Q,4.0,,,,54.0,,,,0.0
subs_mv_Q,4.0,,,,55.0,,,,0.00010553456499824763
subs_mv_Q,4.0,,,,56.0,,,,0.0
subs_mv_Q,5.0,,,,54.0,,,,0.0
subs_mv_Q,5.0,,,,55.0,,,,0.00010412011927081553
subs_mv_Q,5.0,,,,56.0,,,,0.0
subs_mv_Q,6.0,,,,54.0,,,,0.0
subs_mv_Q,6.0,,,,55.0,,,,0.0035438546853228683
subs_mv_Q,6.0,,,,56.0,,,,0.0
subs_mv_Q,7.0,,,,54.0,,,,0.0
subs_mv_Q,7.0,,,,55.0,,,,0.01077298634432283
subs_mv_Q,7.0,,,,56.0,,,,0.0
subs_mv_Q,8.0,,,,54.0,,,,0.0
subs_mv_Q,8.0,,,,55.0,,,,0.03943459999677515
subs_mv_Q,8.0,,,,56.0,,,,0.0
subs_mv_Q,9.0,,,,54.0,,,,0.0
subs_mv_Q,9.0,,,,55.0,,,,0.03415398036530866
subs_mv_Q,9.0,,,,56.0,,,,0.0
subs_mv_Q,10.0,,,,54.0,,,,0.0
subs_mv_Q,10.0,,,,55.0,,,,0.029302668499982594
subs_mv_Q,10.0,,,,56.0,,,,0.0
subs_mv_Q,11.0,,,,54.0,,,,0.0
subs_mv_Q,11.0,,,,55.0,,,,0.028512837455334762
subs_mv_Q,11.0,,,,56.0,,,,0.0
subs_mv_Q,12.0,,,,54.0,,,,0.0
subs_mv_Q,12.0,,,,55.0,,,,0.02856614257725175
subs_mv_Q,12.0,,,,56.0,,,,0.0
subs_mv_Q,13.0,,,,54.0,,,,0.0
subs_mv_Q,13.0,,,,55.0,,,,0.02815770616290791
subs_mv_Q,13.0,,,,56.0,,,,0.0
subs_mv_Q,14.0,,,,54.0,,,,0.0
subs_mv_Q,14.0,,,,55.0,,,,0.02677184665703768
subs_mv_Q,14.0,,,,56.0,,,,0.0
subs_mv_Q,15.0,,,,54.0,,,,0.0
subs_mv_Q,15.0,,,,55.0,,,,0.02588665078222977
subs_mv_Q,15.0,,,,56.0,,,,0.0
subs_mv_Q,16.0,,,,54.0,,,,0.0
subs_mv_Q,16.0,,,,55.0,,,,0.025634815061907946
subs_mv_Q,16.0,,,,56.0,,,,0.0
subs_mv_Q,17.0,,,,54.0,,,,0.0
subs_mv_Q,17.0,,,,55.0,,,,0.007111578476840458
subs_mv_Q,17.0,,,,56.0,,,,0.0
subs_mv_Q,18.0,,,,54.0,,,,0.0
subs_mv_Q,18.0,,,,55.0,,,,-1.418858707215526e-05
subs_mv_Q,18.0,,,,56.0,,,,0.0
subs_mv_Q,19.0,,,,54.0,,,,0.0
subs_mv_Q,19.0,,,,55.0,,,,0.004610989638209297
subs_mv_Q,19.0,,,,56.0,,,,0.0
subs_mv_Q,20.0,,,,54.0,,,,0.0
subs_mv_Q,20.0,,,,55.0,,,,0.00426319861288176
subs_mv_Q,20.0,,,,56.0,,,,0.0
subs_mv_Q,21.0,,,,54.0,,,,0.0
subs_mv_Q,21.0,,,,55.0,,,,0.004699862064693582
subs_mv_Q,21.0,,,,56.0,,,,0.0
subs_mv_Q,22.0,,,,54.0,,,,0.0
subs_mv_Q,22.0,,,,55.0,,,,0.0029904913263615524
subs_mv_Q,22.0,,,,56.0,,,,0.0
subs_mv_Q,23.0,,,,54.0,,,,0.0
subs_mv_Q,23.0,,,,55.0,,,,0.002972557010749773
subs_mv_Q,23.0,,,,56.0,,,,0.0
subs_mv_Q,24.0,,,,54.0,,,,0.0
subs_mv_Q,24.0,,,,55.0,,,,7.806269254772777e-05
subs_mv_Q,24.0,,,,56.0,,,,0.0
gamma,,,,,54.0,,,,0.0
gamma,,,,,55.0,,,,1.0
gamma,,,,,56.0,,,,0.0
current_squared_k,1.0,3.0,Poppy,,,,,,0.0
current_squared_k,1.0,3.0,Oxlip,,,,,,0.0
current_squared_k,1.0,3.0,Daisy,,,,,,0.0
current_squared_k,1.0,3.0,Tulip,,,,,,0.0
current_squared_k,1.0,3.0,Maryj,,,,,,0.04402687831994232
current_squared_k,1.0,5.0,Poppy,,,,,,0.0
current_squared_k,1.0,5.0,Oxlip,,,,,,0.0
current_squared_k,1.0,5.0,Daisy,,,,,,0.0
current_squared_k,1.0,5.0,Tulip,,,,,,0.0
current_squared_k,1.0,5.0,Maryj,,,,,,0.0014549235788062073
current_squared_k,1.0,6.0,Poppy,,,,,,0.0
current_squared_k,1.0,6.0,Oxlip,,,,,,0.0
current_squared_k,1.0,6.0,Daisy,,,,,,0.0
current_squared_k,1.0,6.0,Tulip,,,,,,0.0
current_squared_k,1.0,6.0,Maryj,,,,,,3.765281110638726e-06
current_squared_k,1.0,8.0,Poppy,,,,,,0.0
current_squared_k,1.0,8.0,Oxlip,,,,,,0.0
current_squared_k,1.0,8.0,Daisy,,,,,,0.0014445962644399272
current_squared_k,1.0,8.0,Tulip,,,,,,0.0
current_squared_k,1.0,8.0,Maryj,,,,,,0.0
current_squared_k,1.0,9.0,Poppy,,,,,,0.0
current_squared_k,1.0,9.0,Oxlip,,,,,,0.0
current_squared_k,1.0,9.0,Daisy,,,,,,0.0
current_squared_k,1.0,9.0,Tulip,,,,,,0.0
current_squared_k,1.0,9.0,Maryj,,,,,,0.04256742148573915
current_squared_k,1.0,10.0,Poppy,,,,,,0.0
current_squared_k,1.0,10.0,Oxlip,,,,,,0.0
current_squared_k,1.0,10.0,Daisy,,,,,,2.8667223749361915e-05
current_squared_k,1.0,10.0,Tulip,,,,,,0.0
current_squared_k,1.0,10.0,Maryj,,,,,,0.0
current_squared_k,1.0,13.0,Poppy,,,,,,0.0
current_squared_k,1.0,13.0,Oxlip,,,,,,0.0
current_squared_k,1.0,13.0,Daisy,,,,,,0.0
current_squared_k,1.0,13.0,Tulip,,,,,,0.0
current_squared_k,1.0,13.0,Maryj,,,,,,0.044037496349809246
current_squared_k,1.0,14.0,Poppy,,,,,,0.0
current_squared_k,1.0,14.0,Oxlip,,,,,,0.0
current_squared_k,1.0,14.0,Daisy,,,,,,0.0
current_squared_k,1.0,14.0,Tulip,,,,,,0.0
current_squared_k,1.0,14.0,Maryj,,,,,,0.00021343105460610773
current_squared_k,1.0,15.0,Poppy,,,,,,0.0
current_squared_k,1.0,15.0,Oxlip,,,,,,0.0
current_squared_k,1.0,15.0,Daisy,,,,,,0.0
current_squared_k,1.0,15.0,Tulip,,,,,,0.0
current_squared_k,1.0,15.0,Maryj,,,,,,0.0002624115173007162
current_squared_k,1.0,16.0,Poppy,,,,,,0.0
current_squared_k,1.0,16.0,Oxlip,,,,,,0.0
current_squared_k,1.0,16.0,Daisy,,,,,,0.0
current_squared_k,1.0,16.0,Tulip,,,,,,6.280275809676917e-06
current_squared_k,1.0,16.0,Maryj,,,,,,0.0
current_squared_k,1.0,17.0,Poppy,,,,,,0.0
current_squared_k,1.0,17.0,Oxlip,,,,,,0.0
current_squared_k,1.0,17.0,Daisy,,,,,,0.0
current_squared_k,1.0,17.0,Tulip,,,,,,0.013823545292831724
current_squared_k,1.0,17.0,Maryj,,,,,,0.0
current_squared_k,2.0,3.0,Poppy,,,,,,0.0
current_squared_k,2.0,3.0,Oxlip,,,,,,0.0
current_squared_k,2.0,3.0,Daisy,,,,,,0.0
current_squared_k,2.0,3.0,Tulip,,,,,,0.0
current_squared_k,2.0,3.0,Maryj,,,,,,0.044026889442711874
current_squared_k,2.0,5.0,Poppy,,,,,,0.0
current_squared_k,2.0,5.0,Oxlip,,,,,,0.0
current_squared_k,2.0,5.0,Daisy,,,,,,0.0
current_squared_k,2.0,5.0,Tulip,,,,,,0.0
current_squared_k,2.0,5.0,Maryj,,,,,,0.0014541884769890487
current_squared_k,2.0,6.0,Poppy,,,,,,0.0
current_squared_k,2.0,6.0,Oxlip,,,,,,0.0
current_squared_k,2.0,6.0,Daisy,,,,,,0.0
current_squared_k,2.0,6.0,Tulip,,,,,,0.0
current_squared_k,2.0,6.0,Maryj,,,,,,2.984625969375409e-06
current_squared_k,2.0,8.0,Poppy,,,,,,0.0
current_squared_k,2.0,8.0,Oxlip,,,,,,0.0
current_squared_k,2.0,8.0,Daisy,,,,,,0.0014445962644399272
current_squared_k,2.0,8.0,Tulip,,,,,,0.0
current_squared_k,2.0,8.0,Maryj,,,,,,0.0
current_squared_k,2.0,9.0,Poppy,,,,,,0.0
current_squared_k,2.0,9.0,Oxlip,,,,,,0.0
current_squared_k,2.0,9.0,Daisy,,,,,,0.0
current_squared_k,2.0,9.0,Tulip,,,,,,0.0
current_squared_k,2.0,9.0,Maryj,,,,,,0.042568283100262644
current_squared_k,2.0,10.0,Poppy,,,,,,0.0
current_squared_k,2.0,10.0,Oxlip,,,,,,0.0
current_squared_k,2.0,10.0,Daisy,,,,,,2.2723661132406504e-05
current_squared_k,2.0,10.0,Tulip,,,,,,0.0
current_squared_k,2.0,10.0,Maryj,,,,,,0.0
current_squared_k,2.0,13.0,Poppy,,,,,,0.0
current_squared_k,2.0,13.0,Oxlip,,,,,,0.0
current_squared_k,2.0,13.0,Daisy,,,,,,0.0
current_squared_k,2.0,13.0,Tulip,,,,,,0.0
current_squared_k,2.0,13.0,Maryj,,,,,,0.0440375074752613
current_squared_k,2.0,14.0,Poppy,,,,,,0.0
current_squared_k,2.0,14.0,Oxlip,,,,,,0.0
current_squared_k,2.0,14.0,Daisy,,,,,,0.0
current_squared_k,2.0,14.0,Tulip,,,,,,0.0
current_squared_k,2.0,14.0,Maryj,,,,,,0.00021354715873615792
current_squared_k,2.0,15.0,Poppy,,,,,,0.0
current_squared_k,2.0,15.0,Oxlip,,,,,,0.0
current_squared_k,2.0,15.0,Daisy,,,,,,0.0
current_squared_k,2.0,15.0,Tulip,,,,,,0.0
current_squared_k,2.0,15.0,Maryj,,,,,,0.0002624115173007162
current_squared_k,2.0,16.0,Poppy,,,,,,0.0
current_squared_k,2.0,16.0,Oxlip,,,,,,0.0
current_squared_k,2.0,16.0,Daisy,,,,,,0.0
current_squared_k,2.0,16.0,Tulip,,,,,,6.594289600160763e-06
current_squared_k,2.0,16.0,Maryj,,,,,,0.0
current_squared_k,2.0,17.0,Poppy,,,,,,0.0
current_squared_k,2.0,17.0,Oxlip,,,,,,0.0
current_squared_k,2.0,17.0,Daisy,,,,,,0.0
current_squared_k,2.0,17.0,Tulip,,,,,,0.013823545292831724
current_squared_k,2.0,17.0,Maryj,,,,,,0.0
current_squared_k,3.0,3.0,Poppy,,,,,,0.0
current_squared_k,3.0,3.0,Oxlip,,,,,,0.0
current_squared_k,3.0,3.0,Daisy,,,,,,0.0
current_squared_k,3.0,3.0,Tulip,,,,,,0.0
current_squared_k,3.0,3.0,Maryj,,,,,,0.044026883977803216
current_squared_k,3.0,5.0,Poppy,,,,,,0.0
current_squared_k,3.0,5.0,Oxlip,,,,,,0.0
current_squared_k,3.0,5.0,Daisy,,,,,,0.0
current_squared_k,3.0,5.0,Tulip,,,,,,0.0
current_squared_k,3.0,5.0,Maryj,,,,,,0.0014537962445130897
current_squared_k,3.0,6.0,Poppy,,,,,,0.0
current_squared_k,3.0,6.0,Oxlip,,,,,,0.0
current_squared_k,3.0,6.0,Daisy,,,,,,0.0
current_squared_k,3.0,6.0,Tulip,,,,,,0.0
current_squared_k,3.0,6.0,Maryj,,,,,,2.7295823862922233e-06
current_squared_k,3.0,8.0,Poppy,,,,,,0.0
current_squared_k,3.0,8.0,Oxlip,,,,,,0.0
current_squared_k,3.0,8.0,Daisy,,,,,,0.0014445962644399272
current_squared_k,3.0,8.0,Tulip,,,,,,0.0
current_squared_k,3.0,8.0,Maryj,,,,,,0.0
current_squared_k,3.0,9.0,Poppy,,,,,,0.0
current_squared_k,3.0,9.0,Oxlip,,,,,,0.0
current_squared_k,3.0,9.0,Daisy,,,,,,0.0
current_squared_k,3.0,9.0,Tulip,,,,,,0.0
current_squared_k,3.0,9.0,Maryj,,,,,,0.04256827763545278
current_squared_k,3.0,10.0,Poppy,,,,,,0.0
current_squared_k,3.0,10.0,Oxlip,,,,,,0.0
current_squared_k,3.0,10.0,Daisy,,,,,,2.0781843995746704e-05
current_squared_k,3.0,10.0,Tulip,,,,,,0.0
current_squared_k,3.0,10.0,Maryj,,,,,,0.0
current_squared_k,3.0,13.0,Poppy,,,,,,0.0
current_squared_k,3.0,13.0,Oxlip,,,,,,0.0
current_squared_k,3.0,13.0,Daisy,,,,,,0.0
current_squared_k,3.0,13.0,Tulip,,,,,,0.0
current_squared_k,3.0,13.0,Maryj,,,,,,0.04403750200903466
current_squared_k,3.0,14.0,Poppy,,,,,,0.0
current_squared_k,3.0,14.0,Oxlip,,,,,,0.0
current_squared_k,3.0,14.0,Daisy,,,,,,0.0
current_squared_k,3.0,14.0,Tulip,,,,,,0.0
current_squared_k,3.0,14.0,Maryj,,,,,,0.0002131546813682901
current_squared_k,3.0,15.0,Poppy,,,,,,0.0
current_squared_k,3.0,15.0,Oxlip,,,,,,0.0
current_squared_k,3.0,15.0,Daisy,,,,,,0.0
current_squared_k,3.0,15.0,Tulip,,,,,,0.0
current_squared_k,3.0,15.0,Maryj,,,,,,0.0002624115173007162
current_squared_k,3.0,16.0,Poppy,,,,,,0.0
current_squared_k,3.0,16.0,Oxlip,,,,,,0.0
current_squared_k,3.0,16.0,Daisy,,,,,,0.0
current_squared_k,3.0,16.0,Tulip,,,,,,6.594289600160763e-06
current_squared_k,3.0,16.0,Maryj,,,,,,0.0
current_squared_k,3.0,17.0,Poppy,,,,,,0.0
current_squared_k,3.0,17.0,Oxlip,,,,,,0.0
current_squared_k,3.0,17.0,Daisy,,,,,,0.0
current_squared_k,3.0,17.0,Tulip,,,,,,0.013823544387046412
current_squared_k,3.0,17.0,Maryj,,,,,,0.0
current_squared_k,4.0,3.0,Poppy,,,,,,0.0
current_squared_k,4.0,3.0,Oxlip,,,,,,0.0
current_squared_k,4.0,3.0,Daisy,,,,,,0.0
current_squared_k,4.0,3.0,Tulip,,,,,,0.0
current_squared_k,4.0,3.0,Maryj,,,,,,0.044026884025784
current_squared_k,4.0,5.0,Poppy,,,,,,0.0
current_squared_k,4.0,5.0,Oxlip,,,,,,0.0
current_squared_k,4.0,5.0,Daisy,,,,,,0.0
current_squared_k,4.0,5.0,Tulip,,,,,,0.0
current_squared_k,4.0,5.0,Maryj,,,,,,0.0014543688521643503
current_squared_k,4.0,6.0,Poppy,,,,,,0.0
current_squared_k,4.0,6.0,Oxlip,,,,,,0.0
current_squared_k,4.0,6.0,Daisy,,,,,,0.0
current_squared_k,4.0,6.0,Tulip,,,,,,0.0
current_squared_k,4.0,6.0,Maryj,,,,,,2.7322929944216097e-06
current_squared_k,4.0,8.0,Poppy,,,,,,0.0
current_squared_k,4.0,8.0,Oxlip,,,,,,0.0
current_squared_k,4.0,8.0,Daisy,,,,,,0.0014445962644399272
current_squared_k,4.0,8.0,Tulip,,,,,,0.0
current_squared_k,4.0,8.0,Maryj,,,,,,0.0
current_squared_k,4.0,9.0,Poppy,,,,,,0.0
current_squared_k,4.0,9.0,Oxlip,,,,,,0.0
current_squared_k,4.0,9.0,Daisy,,,,,,0.0
current_squared_k,4.0,9.0,Tulip,,,,,,0.0
current_squared_k,4.0,9.0,Maryj,,,,,,0.04256827768343271
current_squared_k,4.0,10.0,Poppy,,,,,,0.0
current_squared_k,4.0,10.0,Oxlip,,,,,,0.0
current_squared_k,4.0,10.0,Daisy,,,,,,2.0802481378066215e-05
current_squared_k,4.0,10.0,Tulip,,,,,,0.0
current_squared_k,4.0,10.0,Maryj,,,,,,0.0
current_squared_k,4.0,13.0,Poppy,,,,,,0.0
current_squared_k,4.0,13.0,Oxlip,,,,,,0.0
current_squared_k,4.0,13.0,Daisy,,,,,,0.0
current_squared_k,4.0,13.0,Tulip,,,,,,0.0
current_squared_k,4.0,13.0,Maryj,,,,,,0.04403750205702702
current_squared_k,4.0,14.0,Poppy,,,,,,0.0
current_squared_k,4.0,14.0,Oxlip,,,,,,0.0
current_squared_k,4.0,14.0,Daisy,,,,,,0.0
current_squared_k,4.0,14.0,Tulip,,,,,,0.0
current_squared_k,4.0,14.0,Maryj,,,,,,0.00021372729137983273
current_squared_k,4.0,15.0,Poppy,,,,,,0.0
current_squared_k,4.0,15.0,Oxlip,,,,,,0.0
current_squared_k,4.0,15.0,Daisy,,,,,,0.0
current_squared_k,4.0,15.0,Tulip,,,,,,0.0
current_squared_k,4.0,15.0,Maryj,,,,,,0.0002624115173007162
current_squared_k,4.0,16.0,Poppy,,,,,,0.0
current_squared_k,4.0,16.0,Oxlip,,,,,,0.0
current_squared_k,4.0,16.0,Daisy,,,,,,0.0
current_squared_k,4.0,16.0,Tulip,,,,,,6.594289600160763e-06
current_squared_k,4.0,16.0,Maryj,,,,,,0.0
current_squared_k,4.0,17.0,Poppy,,,,,,0.0
current_squared_k,4.0,17.0,Oxlip,,,,,,0.0
current_squared_k,4.0,17.0,Daisy,,,,,,0.0
current_squared_k,4.0,17.0,Tulip,,,,,,0.013823544387435577
current_squared_k,4.0,17.0,Maryj,,,,,,0.0
current_squared_k,5.0,3.0,Poppy,,,,,,0.0
current_squared_k,5.0,3.0,Oxlip,,,,,,0.0
current_squared_k,5.0,3.0,Daisy,,,,,,0.0
current_squared_k,5.0,3.0,Tulip,,,,,,0.0
current_squared_k,5.0,3.0,Maryj,,,,,,0.04508826994764229
current_squared_k,5.0,5.0,Poppy,,,,,,0.0
current_squared_k,5.0,5.0,Oxlip,,,,,,0.0
current_squared_k,5.0,5.0,Daisy,,,,,,0.0
current_squared_k,5.0,5.0,Tulip,,,,,,0.0
current_squared_k,5.0,5.0,Maryj,,,,,,0.0014949119499209735
current_squared_k,5.0,6.0,Poppy,,,,,,0.0
current_squared_k,5.0,6.0,Oxlip,,,,,,0.0
current_squared_k,5.0,6.0,Daisy,,,,,,0.0
current_squared_k,5.0,6.0,Tulip,,,,,,0.0
current_squared_k,5.0,6.0,Maryj,,,,,,2.8788445548236056e-06
current_squared_k,5.0,8.0,Poppy,,,,,,0.0
current_squared_k,5.0,8.0,Oxlip,,,,,,0.0
current_squared_k,5.0,8.0,Daisy,,,,,,0.0014840793487020812
current_squared_k,5.0,8.0,Tulip,,,,,,0.0
current_squared_k,5.0,8.0,Maryj,,,,,,0.0
current_squared_k,5.0,9.0,Poppy,,,,,,0.0
current_squared_k,5.0,9.0,Oxlip,,,,,,0.0
current_squared_k,5.0,9.0,Daisy,,,,,,0.0
current_squared_k,5.0,9.0,Tulip,,,,,,0.0
current_squared_k,5.0,9.0,Maryj,,,,,,0.04362964441584695
current_squared_k,5.0,10.0,Poppy,,,,,,0.0
current_squared_k,5.0,10.0,Oxlip,,,,,,0.0
current_squared_k,5.0,10.0,Daisy,,,,,,2.1918260729846326e-05
current_squared_k,5.0,10.0,Tulip,,,,,,0.0
current_squared_k,5.0,10.0,Maryj,,,,,,0.0
current_squared_k,5.0,13.0,Poppy,,,,,,0.0
current_squared_k,5.0,13.0,Oxlip,,,,,,0.0
current_squared_k,5.0,13.0,Daisy,,,,,,0.0
current_squared_k,5.0,13.0,Tulip,,,,,,0.0
current_squared_k,5.0,13.0,Maryj,,,,,,0.04509914395495831
current_squared_k,5.0,14.0,Poppy,,,,,,0.0
current_squared_k,5.0,14.0,Oxlip,,,,,,0.0
current_squared_k,5.0,14.0,Daisy,,,,,,0.0
current_squared_k,5.0,14.0,Tulip,,,,,,0.0
current_squared_k,5.0,14.0,Maryj,,,,,,0.00021968269610397705
current_squared_k,5.0,15.0,Poppy,,,,,,0.0
current_squared_k,5.0,15.0,Oxlip,,,,,,0.0
current_squared_k,5.0,15.0,Daisy,,,,,,0.0
current_squared_k,5.0,15.0,Tulip,,,,,,0.0
current_squared_k,5.0,15.0,Maryj,,,,,,0.0002705954703700326
current_squared_k,5.0,16.0,Poppy,,,,,,0.0
current_squared_k,5.0,16.0,Oxlip,,,,,,0.0
current_squared_k,5.0,16.0,Daisy,,,,,,0.0
current_squared_k,5.0,16.0,Tulip,,,,,,6.594289600160763e-06
current_squared_k,5.0,16.0,Maryj,,,,,,0.0
current_squared_k,5.0,17.0,Poppy,,,,,,0.0
current_squared_k,5.0,17.0,Oxlip,,,,,,0.0
current_squared_k,5.0,17.0,Daisy,,,,,,0.0
current_squared_k,5.0,17.0,Tulip,,,,,,0.014069907978656523
current_squared_k,5.0,17.0,Maryj,,,,,,0.0
current_squared_k,6.0,3.0,Poppy,,,,,,0.0
current_squared_k,6.0,3.0,Oxlip,,,,,,0.0
current_squared_k,6.0,3.0,Daisy,,,,,,0.0
current_squared_k,6.0,3.0,Tulip,,,,,,0.0
current_squared_k,6.0,3.0,Maryj,,,,,,0.06136768260501449
current_squared_k,6.0,5.0,Poppy,,,,,,0.0
current_squared_k,6.0,5.0,Oxlip,,,,,,0.0
current_squared_k,6.0,5.0,Daisy,,,,,,0.0
current_squared_k,6.0,5.0,Tulip,,,,,,0.0
current_squared_k,6.0,5.0,Maryj,,,,,,0.0021802361183539103
current_squared_k,6.0,6.0,Poppy,,,,,,0.0
current_squared_k,6.0,6.0,Oxlip,,,,,,0.0
current_squared_k,6.0,6.0,Daisy,,,,,,0.0
current_squared_k,6.0,6.0,Tulip,,,,,,0.0
current_squared_k,6.0,6.0,Maryj,,,,,,3.416557719127841e-06
current_squared_k,6.0,8.0,Poppy,,,,,,0.0
current_squared_k,6.0,8.0,Oxlip,,,,,,0.0
current_squared_k,6.0,8.0,Daisy,,,,,,0.0021750258667936166
current_squared_k,6.0,8.0,Tulip,,,,,,0.0
current_squared_k,6.0,8.0,Maryj,,,,,,0.0
current_squared_k,6.0,9.0,Poppy,,,,,,0.0
current_squared_k,6.0,9.0,Oxlip,,,,,,0.0
current_squared_k,6.0,9.0,Daisy,,,,,,0.0
current_squared_k,6.0,9.0,Tulip,,,,,,0.0
current_squared_k,6.0,9.0,Maryj,,,,,,0.05979534750379295
current_squared_k,6.0,10.0,Poppy,,,,,,0.0
current_squared_k,6.0,10.0,Oxlip,,,,,,0.0
current_squared_k,6.0,10.0,Daisy,,,,,,5.6047791400097216e-05
current_squared_k,6.0,10.0,Tulip,,,,,,0.0
current_squared_k,6.0,10.0,Maryj,,,,,,0.0
current_squared_k,6.0,13.0,Poppy,,,,,,0.0
current_squared_k,6.0,13.0,Oxlip,,,,,,0.0
current_squared_k,6.0,13.0,Daisy,,,,,,0.0
current_squared_k,6.0,13.0,Tulip,,,,,,0.0
current_squared_k,6.0,13.0,Maryj,,,,,,0.061382482743285234
current_squared_k,6.0,14.0,Poppy,,,,,,0.0
current_squared_k,6.0,14.0,Oxlip,,,,,,0.0
current_squared_k,6.0,14.0,Daisy,,,,,,0.0
current_squared_k,6.0,14.0,Tulip,,,,,,0.0
current_squared_k,6.0,14.0,Maryj,,,,,,0.00031010512457793057
current_squared_k,6.0,15.0,Poppy,,,,,,0.0
current_squared_k,6.0,15.0,Oxlip,,,,,,0.0
current_squared_k,6.0,15.0,Daisy,,,,,,0.0
current_squared_k,6.0,15.0,Tulip,,,,,,0.0
current_squared_k,6.0,15.0,Maryj,,,,,,0.00044122719450064355
current_squared_k,6.0,16.0,Poppy,,,,,,0.0
current_squared_k,6.0,16.0,Oxlip,,,,,,0.0
current_squared_k,6.0,16.0,Daisy,,,,,,0.0
current_squared_k,6.0,16.0,Tulip,,,,,,6.881357237777388e-06
current_squared_k,6.0,16.0,Maryj,,,,,,0.0
current_squared_k,6.0,17.0,Poppy,,,,,,0.0
current_squared_k,6.0,17.0,Oxlip,,,,,,0.0
current_squared_k,6.0,17.0,Daisy,,,,,,0.0
current_squared_k,6.0,17.0,Tulip,,,,,,0.017902284544290072
current_squared_k,6.0,17.0,Maryj,,,,,,0.0
current_squared_k,7.0,3.0,Poppy,,,,,,0.0
current_squared_k,7.0,3.0,Oxlip,,,,,,0.0
current_squared_k,7.0,3.0,Daisy,,,,,,0.0
current_squared_k,7.0,3.0,Tulip,,,,,,0.0
current_squared_k,7.0,3.0,Maryj,,,,,,0.09262785206964624
current_squared_k,7.0,5.0,Poppy,,,,,,0.0
current_squared_k,7.0,5.0,Oxlip,,,,,,0.0
current_squared_k,7.0,5.0,Daisy,,,,,,0.0
current_squared_k,7.0,5.0,Tulip,,,,,,0.0
current_squared_k,7.0,5.0,Maryj,,,,,,0.00403344121885936
current_squared_k,7.0,6.0,Poppy,,,,,,0.0
current_squared_k,7.0,6.0,Oxlip,,,,,,0.0
current_squared_k,7.0,6.0,Daisy,,,,,,0.0
current_squared_k,7.0,6.0,Tulip,,,,,,0.0
current_squared_k,7.0,6.0,Maryj,,,,,,3.002650658557025e-06
current_squared_k,7.0,8.0,Poppy,,,,,,0.0
current_squared_k,7.0,8.0,Oxlip,,,,,,0.0
current_squared_k,7.0,8.0,Daisy,,,,,,0.004041064255923208
current_squared_k,7.0,8.0,Tulip,,,,,,0.0
current_squared_k,7.0,8.0,Maryj,,,,,,0.0
current_squared_k,7.0,9.0,Poppy,,,,,,0.0
current_squared_k,7.0,9.0,Oxlip,,,,,,0.0
current_squared_k,7.0,9.0,Daisy,,,,,,0.0
current_squared_k,7.0,9.0,Tulip,,,,,,0.0
current_squared_k,7.0,9.0,Maryj,,,,,,0.08644697270960225
current_squared_k,7.0,10.0,Poppy,,,,,,0.0
current_squared_k,7.0,10.0,Oxlip,,,,,,0.0
current_squared_k,7.0,10.0,Daisy,,,,,,0.00010894961134352112
current_squared_k,7.0,10.0,Tulip,,,,,,0.0
current_squared_k,7.0,10.0,Maryj,,,,,,0.0
current_squared_k,7.0,13.0,Poppy,,,,,,0.0
current_squared_k,7.0,13.0,Oxlip,,,,,,0.0
current_squared_k,7.0,13.0,Daisy,,,,,,0.0
current_squared_k,7.0,13.0,Tulip,,,,,,0.0
current_squared_k,7.0,13.0,Maryj,,,,,,0.09266855495835002
current_squared_k,7.0,14.0,Poppy,,,,,,0.0
current_squared_k,7.0,14.0,Oxlip,,,,,,0.0
current_squared_k,7.0,14.0,Daisy,,,,,,0.0
current_squared_k,7.0,14.0,Tulip,,,,,,0.0
current_squared_k,7.0,14.0,Maryj,,,,,,0.0005339858983878223
current_squared_k,7.0,15.0,Poppy,,,,,,0.0
current_squared_k,7.0,15.0,Oxlip,,,,,,0.0
current_squared_k,7.0,15.0,Daisy,,,,,,0.0
current_squared_k,7.0,15.0,Tulip,,,,,,0.0
current_squared_k,7.0,15.0,Maryj,,,,,,0.0007128261267154072
current_squared_k,7.0,16.0,Poppy,,,,,,0.0
current_squared_k,7.0,16.0,Oxlip,,,,,,0.0
current_squared_k,7.0,16.0,Daisy,,,,,,0.0
current_squared_k,7.0,16.0,Tulip,,,,,,1.682241936851661e-05
current_squared_k,7.0,16.0,Maryj,,,,,,0.0
current_squared_k,7.0,17.0,Poppy,,,,,,0.0
current_squared_k,7.0,17.0,Oxlip,,,,,,0.0
current_squared_k,7.0,17.0,Daisy,,,,,,0.0
current_squared_k,7.0,17.0,Tulip,,,,,,0.02294733644822215
current_squared_k,7.0,17.0,Maryj,,,,,,0.0
current_squared_k,8.0,3.0,Poppy,,,,,,0.0
current_squared_k,8.0,3.0,Oxlip,,,,,,0.0
current_squared_k,8.0,3.0,Daisy,,,,,,0.0
current_squared_k,8.0,3.0,Tulip,,,,,,0.0
current_squared_k,8.0,3.0,Maryj,,,,,,0.4016309566445199
current_squared_k,8.0,5.0,Poppy,,,,,,0.0
current_squared_k,8.0,5.0,Oxlip,,,,,,0.0
current_squared_k,8.0,5.0,Daisy,,,,,,0.0
current_squared_k,8.0,5.0,Tulip,,,,,,0.0
current_squared_k,8.0,5.0,Maryj,,,,,,0.0205422101508356
current_squared_k,8.0,6.0,Poppy,,,,,,0.0
current_squared_k,8.0,6.0,Oxlip,,,,,,0.0
current_squared_k,8.0,6.0,Daisy,,,,,,0.0
current_squared_k,8.0,6.0,Tulip,,,,,,0.0
current_squared_k,8.0,6.0,Maryj,,,,,,5.223802865685387e-05
current_squared_k,8.0,8.0,Poppy,,,,,,0.0
current_squared_k,8.0,8.0,Oxlip,,,,,,0.0
current_squared_k,8.0,8.0,Daisy,,,,,,0.021187925620891192
current_squared_k,8.0,8.0,Tulip,,,,,,0.0
current_squared_k,8.0,8.0,Maryj,,,,,,0.0
current_squared_k,8.0,9.0,Poppy,,,,,,0.0
current_squared_k,8.0,9.0,Oxlip,,,,,,0.0
current_squared_k,8.0,9.0,Daisy,,,,,,0.0
current_squared_k,8.0,9.0,Tulip,,,,,,0.0
current_squared_k,8.0,9.0,Maryj,,,,,,0.3873023102822282
current_squared_k,8.0,10.0,Poppy,,,,,,0.0
current_squared_k,8.0,10.0,Oxlip,,,,,,0.0
current_squared_k,8.0,10.0,Daisy,,,,,,0.0005301158329680775
current_squared_k,8.0,10.0,Tulip,,,,,,0.0
current_squared_k,8.0,10.0,Maryj,,,,,,0.0
current_squared_k,8.0,13.0,Poppy,,,,,,0.0
current_squared_k,8.0,13.0,Oxlip,,,,,,0.0
current_squared_k,8.0,13.0,Daisy,,,,,,0.0
current_squared_k,8.0,13.0,Tulip,,,,,,0.0
current_squared_k,8.0,13.0,Maryj,,,,,,0.40206785249673893
current_squared_k,8.0,14.0,Poppy,,,,,,0.0
current_squared_k,8.0,14.0,Oxlip,,,,,,0.0
current_squared_k,8.0,14.0,Daisy,,,,,,0.0
current_squared_k,8.0,14.0,Tulip,,,,,,0.0
current_squared_k,8.0,14.0,Maryj,,,,,,0.002469011597868419
current_squared_k,8.0,15.0,Poppy,,,,,,0.0
current_squared_k,8.0,15.0,Oxlip,,,,,,0.0
current_squared_k,8.0,15.0,Daisy,,,,,,0.0
current_squared_k,8.0,15.0,Tulip,,,,,,0.0
current_squared_k,8.0,15.0,Maryj,,,,,,0.003593133064111471
current_squared_k,8.0,16.0,Poppy,,,,,,0.0
current_squared_k,8.0,16.0,Oxlip,,,,,,0.0
current_squared_k,8.0,16.0,Daisy,,,,,,0.0
current_squared_k,8.0,16.0,Tulip,,,,,,0.00010747687961752534
current_squared_k,8.0,16.0,Maryj,,,,,,0.0
current_squared_k,8.0,17.0,Poppy,,,,,,0.0
current_squared_k,8.0,17.0,Oxlip,,,,,,0.0
current_squared_k,8.0,17.0,Daisy,,,,,,0.0
current_squared_k,8.0,17.0,Tulip,,,,,,0.07713185433464939
current_squared_k,8.0,17.0,Maryj,,,,,,0.0
current_squared_k,9.0,3.0,Poppy,,,,,,0.0
current_squared_k,9.0,3.0,Oxlip,,,,,,0.0
current_squared_k,9.0,3.0,Daisy,,,,,,0.0
current_squared_k,9.0,3.0,Tulip,,,,,,0.0
current_squared_k,9.0,3.0,Maryj,,,,,,0.3788336110696562
current_squared_k,9.0,5.0,Poppy,,,,,,0.0
current_squared_k,9.0,5.0,Oxlip,,,,,,0.0
current_squared_k,9.0,5.0,Daisy,,,,,,0.0
current_squared_k,9.0,5.0,Tulip,,,,,,0.0
current_squared_k,9.0,5.0,Maryj,,,,,,0.017323414998182466
current_squared_k,9.0,6.0,Poppy,,,,,,0.0
current_squared_k,9.0,6.0,Oxlip,,,,,,0.0
current_squared_k,9.0,6.0,Daisy,,,,,,0.0
current_squared_k,9.0,6.0,Tulip,,,,,,0.0
current_squared_k,9.0,6.0,Maryj,,,,,,0.00014651026340235294
current_squared_k,9.0,8.0,Poppy,,,,,,0.0
current_squared_k,9.0,8.0,Oxlip,,,,,,0.0
current_squared_k,9.0,8.0,Daisy,,,,,,0.01828469754211379
current_squared_k,9.0,8.0,Tulip,,,,,,0.0
current_squared_k,9.0,8.0,Maryj,,,,,,0.0
current_squared_k,9.0,9.0,Poppy,,,,,,0.0
current_squared_k,9.0,9.0,Oxlip,,,,,,0.0
current_squared_k,9.0,9.0,Daisy,,,,,,0.0
current_squared_k,9.0,9.0,Tulip,,,,,,0.0
current_squared_k,9.0,9.0,Maryj,,,,,,0.3681387341599284
current_squared_k,9.0,10.0,Poppy,,,,,,0.0
current_squared_k,9.0,10.0,Oxlip,,,,,,0.0
current_squared_k,9.0,10.0,Daisy,,,,,,0.0006426097362009688
current_squared_k,9.0,10.0,Tulip,,,,,,0.0
current_squared_k,9.0,10.0,Maryj,,,,,,0.0
current_squared_k,9.0,13.0,Poppy,,,,,,0.0
current_squared_k,9.0,13.0,Oxlip,,,,,,0.0
current_squared_k,9.0,13.0,Daisy,,,,,,0.0
current_squared_k,9.0,13.0,Tulip,,,,,,0.0
current_squared_k,9.0,13.0,Maryj,,,,,,0.37924570787300066
current_squared_k,9.0,14.0,Poppy,,,,,,0.0
current_squared_k,9.0,14.0,Oxlip,,,,,,0.0
current_squared_k,9.0,14.0,Daisy,,,,,,0.0
current_squared_k,9.0,14.0,Tulip,,,,,,0.0
current_squared_k,9.0,14.0,Maryj,,,,,,0.003164697857161116
current_squared_k,9.0,15.0,Poppy,,,,,,0.0
current_squared_k,9.0,15.0,Oxlip,,,,,,0.0
current_squared_k,9.0,15.0,Daisy,,,,,,0.0
current_squared_k,9.0,15.0,Tulip,,,,,,0.0
current_squared_k,9.0,15.0,Maryj,,,,,,0.0031232334723030925
current_squared_k,9.0,16.0,Poppy,,,,,,0.0
current_squared_k,9.0,16.0,Oxlip,,,,,,0.0
current_squared_k,9.0,16.0,Daisy,,,,,,0.0
current_squared_k,9.0,16.0,Tulip,,,,,,2.774784211453894e-05
current_squared_k,9.0,16.0,Maryj,,,,,,0.0
current_squared_k,9.0,17.0,Poppy,,,,,,0.0
current_squared_k,9.0,17.0,Oxlip,,,,,,0.0
current_squared_k,9.0,17.0,Daisy,,,,,,0.0
current_squared_k,9.0,17.0,Tulip,,,,,,0.07824149542787355
current_squared_k,9.0,17.0,Maryj,,,,,,0.0
current_squared_k,10.0,3.0,Poppy,,,,,,0.0
current_squared_k,10.0,3.0,Oxlip,,,,,,0.0
current_squared_k,10.0,3.0,Daisy,,,,,,0.0
current_squared_k,10.0,3.0,Tulip,,,,,,0.0
current_squared_k,10.0,3.0,Maryj,,,,,,0.34667561335955593
current_squared_k,10.0,5.0,Poppy,,,,,,0.0
current_squared_k,10.0,5.0,Oxlip,,,,,,0.0
current_squared_k,10.0,5.0,Daisy,,,,,,0.0
current_squared_k,10.0,5.0,Tulip,,,,,,0.0
current_squared_k,10.0,5.0,Maryj,,,,,,0.015551976576616847
current_squared_k,10.0,6.0,Poppy,,,,,,0.0
current_squared_k,10.0,6.0,Oxlip,,,,,,0.0
current_squared_k,10.0,6.0,Daisy,,,,,,0.0
current_squared_k,10.0,6.0,Tulip,,,,,,0.0
current_squared_k,10.0,6.0,Maryj,,,,,,0.0002762176136446767
current_squared_k,10.0,8.0,Poppy,,,,,,0.0
current_squared_k,10.0,8.0,Oxlip,,,,,,0.0
current_squared_k,10.0,8.0,Daisy,,,,,,0.016468233678408207
current_squared_k,10.0,8.0,Tulip,,,,,,0.0
current_squared_k,10.0,8.0,Maryj,,,,,,0.0
current_squared_k,10.0,9.0,Poppy,,,,,,0.0
current_squared_k,10.0,9.0,Oxlip,,,,,,0.0
current_squared_k,10.0,9.0,Daisy,,,,,,0.0
current_squared_k,10.0,9.0,Tulip,,,,,,0.0
current_squared_k,10.0,9.0,Maryj,,,,,,0.3402213334525732
current_squared_k,10.0,10.0,Poppy,,,,,,0.0
current_squared_k,10.0,10.0,Oxlip,,,,,,0.0
current_squared_k,10.0,10.0,Daisy,,,,,,0.0005112365363048439
current_squared_k,10.0,10.0,Tulip,,,,,,0.0
current_squared_k,10.0,10.0,Maryj,,,,,,0.0
current_squared_k,10.0,13.0,Poppy,,,,,,0.0
current_squared_k,10.0,13.0,Oxlip,,,,,,0.0
current_squared_k,10.0,13.0,Daisy,,,,,,0.0
current_squared_k,10.0,13.0,Tulip,,,,,,0.0
current_squared_k,10.0,13.0,Maryj,,,,,,0.3470057097394816
current_squared_k,10.0,14.0,Poppy,,,,,,0.0
current_squared_k,10.0,14.0,Oxlip,,,,,,0.0
current_squared_k,10.0,14.0,Daisy,,,,,,0.0
current_squared_k,10.0,14.0,Tulip,,,,,,0.0
current_squared_k,10.0,14.0,Maryj,,,,,,0.00342240301473798
current_squared_k,10.0,15.0,Poppy,,,,,,0.0
current_squared_k,10.0,15.0,Oxlip,,,,,,0.0
current_squared_k,10.0,15.0,Daisy,,,,,,0.0
current_squared_k,10.0,15.0,Tulip,,,,,,0.0
current_squared_k,10.0,15.0,Maryj,,,,,,0.002830342213188635
current_squared_k,10.0,16.0,Poppy,,,,,,0.0
current_squared_k,10.0,16.0,Oxlip,,,,,,0.0
current_squared_k,10.0,16.0,Daisy,,,,,,0.0
current_squared_k,10.0,16.0,Tulip,,,,,,1.0402499812743552e-05
current_squared_k,10.0,16.0,Maryj,,,,,,0.0
current_squared_k,10.0,17.0,Poppy,,,,,,0.0
current_squared_k,10.0,17.0,Oxlip,,,,,,0.0
current_squared_k,10.0,17.0,Daisy,,,,,,0.0
current_squared_k,10.0,17.0,Tulip,,,,,,0.0745298097130453
current_squared_k,10.0,17.0,Maryj,,,,,,0.0
current_squared_k,11.0,3.0,Poppy,,,,,,0.0
current_squared_k,11.0,3.0,Oxlip,,,,,,0.0
current_squared_k,11.0,3.0,Daisy,,,,,,0.0
current_squared_k,11.0,3.0,Tulip,,,,,,0.0
current_squared_k,11.0,3.0,Maryj,,,,,,0.3318523349823245
current_squared_k,11.0,5.0,Poppy,,,,,,0.0
current_squared_k,11.0,5.0,Oxlip,,,,,,0.0
current_squared_k,11.0,5.0,Daisy,,,,,,0.0
current_squared_k,11.0,5.0,Tulip,,,,,,0.0
current_squared_k,11.0,5.0,Maryj,,,,,,0.015150783433591018
current_squared_k,11.0,6.0,Poppy,,,,,,0.0
current_squared_k,11.0,6.0,Oxlip,,,,,,0.0
current_squared_k,11.0,6.0,Daisy,,,,,,0.0
current_squared_k,11.0,6.0,Tulip,,,,,,0.0
current_squared_k,11.0,6.0,Maryj,,,,,,0.00025853529096797964
current_squared_k,11.0,8.0,Poppy,,,,,,0.0
current_squared_k,11.0,8.0,Oxlip,,,,,,0.0
current_squared_k,11.0,8.0,Daisy,,,,,,0.016249554163441184
current_squared_k,11.0,8.0,Tulip,,,,,,0.0
current_squared_k,11.0,8.0,Maryj,,,,,,0.0
current_squared_k,11.0,9.0,Poppy,,,,,,0.0
current_squared_k,11.0,9.0,Oxlip,,,,,,0.0
current_squared_k,11.0,9.0,Daisy,,,,,,0.0
current_squared_k,11.0,9.0,Tulip,,,,,,0.0
current_squared_k,11.0,9.0,Maryj,,,,,,0.32882672104755134
current_squared_k,11.0,10.0,Poppy,,,,,,0.0
current_squared_k,11.0,10.0,Oxlip,,,,,,0.0
current_squared_k,11.0,10.0,Daisy,,,,,,0.0004502749134043617
current_squared_k,11.0,10.0,Tulip,,,,,,0.0
current_squared_k,11.0,10.0,Maryj,,,,,,0.0
current_squared_k,11.0,13.0,Poppy,,,,,,0.0
current_squared_k,11.0,13.0,Oxlip,,,,,,0.0
current_squared_k,11.0,13.0,Daisy,,,,,,0.0
current_squared_k,11.0,13.0,Tulip,,,,,,0.0
current_squared_k,11.0,13.0,Maryj,,,,,,0.33216831698459454
current_squared_k,11.0,14.0,Poppy,,,,,,0.0
current_squared_k,11.0,14.0,Oxlip,,,,,,0.0
current_squared_k,11.0,14.0,Daisy,,,,,,0.0
current_squared_k,11.0,14.0,Tulip,,,,,,0.0
current_squared_k,11.0,14.0,Maryj,,,,,,0.0031566989347234314
current_squared_k,11.0,15.0,Poppy,,,,,,0.0
current_squared_k,11.0,15.0,Oxlip,,,,,,0.0
current_squared_k,11.0,15.0,Daisy,,,,,,0.0
current_squared_k,11.0,15.0,Tulip,,,,,,0.0
current_squared_k,11.0,15.0,Maryj,,,,,,0.0027631272463702
current_squared_k,11.0,16.0,Poppy,,,,,,0.0
current_squared_k,11.0,16.0,Oxlip,,,,,,0.0
current_squared_k,11.0,16.0,Daisy,,,,,,0.0
current_squared_k,11.0,16.0,Tulip,,,,,,5.700559728262254e-06
current_squared_k,11.0,16.0,Maryj,,,,,,0.0
current_squared_k,11.0,17.0,Poppy,,,,,,0.0
current_squared_k,11.0,17.0,Oxlip,,,,,,0.0
current_squared_k,11.0,17.0,Daisy,,,,,,0.0
current_squared_k,11.0,17.0,Tulip,,,,,,0.07304405203869409
current_squared_k,11.0,17.0,Maryj,,,,,,0.0
current_squared_k,12.0,3.0,Poppy,,,,,,0.0
current_squared_k,12.0,3.0,Oxlip,,,,,,0.0
current_squared_k,12.0,3.0,Daisy,,,,,,0.0
current_squared_k,12.0,3.0,Tulip,,,,,,0.0
current_squared_k,12.0,3.0,Maryj,,,,,,0.2580046083945673
current_squared_k,12.0,5.0,Poppy,,,,,,0.0
current_squared_k,12.0,5.0,Oxlip,,,,,,0.0
current_squared_k,12.0,5.0,Daisy,,,,,,0.0
current_squared_k,12.0,5.0,Tulip,,,,,,0.0
current_squared_k,12.0,5.0,Maryj,,,,,,0.01274809207060507
current_squared_k,12.0,6.0,Poppy,,,,,,0.0
current_squared_k,12.0,6.0,Oxlip,,,,,,0.0
current_squared_k,12.0,6.0,Daisy,,,,,,0.0
current_squared_k,12.0,6.0,Tulip,,,,,,0.0
current_squared_k,12.0,6.0,Maryj,,,,,,0.00023810955136573559
current_squared_k,12.0,8.0,Poppy,,,,,,0.0
current_squared_k,12.0,8.0,Oxlip,,,,,,0.0
current_squared_k,12.0,8.0,Daisy,,,,,,0.014112388540557522
current_squared_k,12.0,8.0,Tulip,,,,,,0.0
current_squared_k,12.0,8.0,Maryj,,,,,,0.0
current_squared_k,12.0,9.0,Poppy,,,,,,0.0
current_squared_k,12.0,9.0,Oxlip,,,,,,0.0
current_squared_k,12.0,9.0,Daisy,,,,,,0.0
current_squared_k,12.0,9.0,Tulip,,,,,,0.0
current_squared_k,12.0,9.0,Maryj,,,,,,0.2658268037536853
current_squared_k,12.0,10.0,Poppy,,,,,,0.0
current_squared_k,12.0,10.0,Oxlip,,,,,,0.0
current_squared_k,12.0,10.0,Daisy,,,,,,0.0004118270412738714
current_squared_k,12.0,10.0,Tulip,,,,,,0.0
current_squared_k,12.0,10.0,Maryj,,,,,,0.0
current_squared_k,12.0,13.0,Poppy,,,,,,0.0
current_squared_k,12.0,13.0,Oxlip,,,,,,0.0
current_squared_k,12.0,13.0,Daisy,,,,,,0.0
current_squared_k,12.0,13.0,Tulip,,,,,,0.0
current_squared_k,12.0,13.0,Maryj,,,,,,0.25814039970992986
current_squared_k,12.0,14.0,Poppy,,,,,,0.0
current_squared_k,12.0,14.0,Oxlip,,,,,,0.0
current_squared_k,12.0,14.0,Daisy,,,,,,0.0
current_squared_k,12.0,14.0,Tulip,,,,,,0.0
current_squared_k,12.0,14.0,Maryj,,,,,,0.0021459718875686093
current_squared_k,12.0,15.0,Poppy,,,,,,0.0
current_squared_k,12.0,15.0,Oxlip,,,,,,0.0
current_squared_k,12.0,15.0,Daisy,,,,,,0.0
current_squared_k,12.0,15.0,Tulip,,,,,,0.0
current_squared_k,12.0,15.0,Maryj,,,,,,0.002327198018877272
current_squared_k,12.0,16.0,Poppy,,,,,,0.0
current_squared_k,12.0,16.0,Oxlip,,,,,,0.0
current_squared_k,12.0,16.0,Daisy,,,,,,0.0
current_squared_k,12.0,16.0,Tulip,,,,,,1.1863911072175596e-05
current_squared_k,12.0,16.0,Maryj,,,,,,0.0
current_squared_k,12.0,17.0,Poppy,,,,,,0.0
current_squared_k,12.0,17.0,Oxlip,,,,,,0.0
current_squared_k,12.0,17.0,Daisy,,,,,,0.0
current_squared_k,12.0,17.0,Tulip,,,,,,0.06508190580590983
current_squared_k,12.0,17.0,Maryj,,,,,,0.0
current_squared_k,13.0,3.0,Poppy,,,,,,0.0
current_squared_k,13.0,3.0,Oxlip,,,,,,0.0
current_squared_k,13.0,3.0,Daisy,,,,,,0.0
current_squared_k,13.0,3.0,Tulip,,,,,,0.0
current_squared_k,13.0,3.0,Maryj,,,,,,0.36114943254812654
current_squared_k,13.0,5.0,Poppy,,,,,,0.0
current_squared_k,13.0,5.0,Oxlip,,,,,,0.0
current_squared_k,13.0,5.0,Daisy,,,,,,0.0
current_squared_k,13.0,5.0,Tulip,,,,,,0.0
current_squared_k,13.0,5.0,Maryj,,,,,,0.016544528883255385
current_squared_k,13.0,6.0,Poppy,,,,,,0.0
current_squared_k,13.0,6.0,Oxlip,,,,,,0.0
current_squared_k,13.0,6.0,Daisy,,,,,,0.0
current_squared_k,13.0,6.0,Tulip,,,,,,0.0
current_squared_k,13.0,6.0,Maryj,,,,,,0.0002942188975783424
current_squared_k,13.0,8.0,Poppy,,,,,,0.0
current_squared_k,13.0,8.0,Oxlip,,,,,,0.0
current_squared_k,13.0,8.0,Daisy,,,,,,0.017323024305064542
current_squared_k,13.0,8.0,Tulip,,,,,,0.0
current_squared_k,13.0,8.0,Maryj,,,,,,0.0
current_squared_k,13.0,9.0,Poppy,,,,,,0.0
current_squared_k,13.0,9.0,Oxlip,,,,,,0.0
current_squared_k,13.0,9.0,Daisy,,,,,,0.0
current_squared_k,13.0,9.0,Tulip,,,,,,0.0
current_squared_k,13.0,9.0,Maryj,,,,,,0.35406626187765466
current_squared_k,13.0,10.0,Poppy,,,,,,0.0
current_squared_k,13.0,10.0,Oxlip,,,,,,0.0
current_squared_k,13.0,10.0,Daisy,,,,,,0.0005233310144741626
current_squared_k,13.0,10.0,Tulip,,,,,,0.0
current_squared_k,13.0,10.0,Maryj,,,,,,0.0
current_squared_k,13.0,13.0,Poppy,,,,,,0.0
current_squared_k,13.0,13.0,Oxlip,,,,,,0.0
current_squared_k,13.0,13.0,Daisy,,,,,,0.0
current_squared_k,13.0,13.0,Tulip,,,,,,0.0
current_squared_k,13.0,13.0,Maryj,,,,,,0.3614933105588728
current_squared_k,13.0,14.0,Poppy,,,,,,0.0
current_squared_k,13.0,14.0,Oxlip,,,,,,0.0
current_squared_k,13.0,14.0,Daisy,,,,,,0.0
current_squared_k,13.0,14.0,Tulip,,,,,,0.0
current_squared_k,13.0,14.0,Maryj,,,,,,0.003642019022492448
current_squared_k,13.0,15.0,Poppy,,,,,,0.0
current_squared_k,13.0,15.0,Oxlip,,,,,,0.0
current_squared_k,13.0,15.0,Daisy,,,,,,0.0
current_squared_k,13.0,15.0,Tulip,,,,,,0.0
current_squared_k,13.0,15.0,Maryj,,,,,,0.003014043494501119
current_squared_k,13.0,16.0,Poppy,,,,,,0.0
current_squared_k,13.0,16.0,Oxlip,,,,,,0.0
current_squared_k,13.0,16.0,Daisy,,,,,,0.0
current_squared_k,13.0,16.0,Tulip,,,,,,1.1711620861996663e-05
current_squared_k,13.0,16.0,Maryj,,,,,,0.0
current_squared_k,13.0,17.0,Poppy,,,,,,0.0
current_squared_k,13.0,17.0,Oxlip,,,,,,0.0
current_squared_k,13.0,17.0,Daisy,,,,,,0.0
current_squared_k,13.0,17.0,Tulip,,,,,,0.07476705903715919
current_squared_k,13.0,17.0,Maryj,,,,,,0.0
current_squared_k,14.0,3.0,Poppy,,,,,,0.0
current_squared_k,14.0,3.0,Oxlip,,,,,,0.0
current_squared_k,14.0,3.0,Daisy,,,,,,0.0
current_squared_k,14.0,3.0,Tulip,,,,,,0.0
current_squared_k,14.0,3.0,Maryj,,,,,,0.34427861040368535
current_squared_k,14.0,5.0,Poppy,,,,,,0.0
current_squared_k,14.0,5.0,Oxlip,,,,,,0.0
current_squared_k,14.0,5.0,Daisy,,,,,,0.0
current_squared_k,14.0,5.0,Tulip,,,,,,0.0
current_squared_k,14.0,5.0,Maryj,,,,,,0.01556889844437333
current_squared_k,14.0,6.0,Poppy,,,,,,0.0
current_squared_k,14.0,6.0,Oxlip,,,,,,0.0
current_squared_k,14.0,6.0,Daisy,,,,,,0.0
current_squared_k,14.0,6.0,Tulip,,,,,,0.0
current_squared_k,14.0,6.0,Maryj,,,,,,0.00027971047651860725
current_squared_k,14.0,8.0,Poppy,,,,,,0.0
current_squared_k,14.0,8.0,Oxlip,,,,,,0.0
current_squared_k,14.0,8.0,Daisy,,,,,,0.016425713026409005
current_squared_k,14.0,8.0,Tulip,,,,,,0.0
current_squared_k,14.0,8.0,Maryj,,,,,,0.0
current_squared_k,14.0,9.0,Poppy,,,,,,0.0
current_squared_k,14.0,9.0,Oxlip,,,,,,0.0
current_squared_k,14.0,9.0,Daisy,,,,,,0.0
current_squared_k,14.0,9.0,Tulip,,,,,,0.0
current_squared_k,14.0,9.0,Maryj,,,,,,0.33866210372639566
current_squared_k,14.0,10.0,Poppy,,,,,,0.0
current_squared_k,14.0,10.0,Oxlip,,,,,,0.0
current_squared_k,14.0,10.0,Daisy,,,,,,0.0004980408407115302
current_squared_k,14.0,10.0,Tulip,,,,,,0.0
current_squared_k,14.0,10.0,Maryj,,,,,,0.0
current_squared_k,14.0,13.0,Poppy,,,,,,0.0
current_squared_k,14.0,13.0,Oxlip,,,,,,0.0
current_squared_k,14.0,13.0,Daisy,,,,,,0.0
current_squared_k,14.0,13.0,Tulip,,,,,,0.0
current_squared_k,14.0,13.0,Maryj,,,,,,0.3445798657691861
current_squared_k,14.0,14.0,Poppy,,,,,,0.0
current_squared_k,14.0,14.0,Oxlip,,,,,,0.0
current_squared_k,14.0,14.0,Daisy,,,,,,0.0
current_squared_k,14.0,14.0,Tulip,,,,,,0.0
current_squared_k,14.0,14.0,Maryj,,,,,,0.003383776068820323
current_squared_k,14.0,15.0,Poppy,,,,,,0.0
current_squared_k,14.0,15.0,Oxlip,,,,,,0.0
current_squared_k,14.0,15.0,Daisy,,,,,,0.0
current_squared_k,14.0,15.0,Tulip,,,,,,0.0
current_squared_k,14.0,15.0,Maryj,,,,,,0.002842551587974941
current_squared_k,14.0,16.0,Poppy,,,,,,0.0
current_squared_k,14.0,16.0,Oxlip,,,,,,0.0
current_squared_k,14.0,16.0,Daisy,,,,,,0.0
current_squared_k,14.0,16.0,Tulip,,,,,,9.442664233097946e-06
current_squared_k,14.0,16.0,Maryj,,,,,,0.0
current_squared_k,14.0,17.0,Poppy,,,,,,0.0
current_squared_k,14.0,17.0,Oxlip,,,,,,0.0
current_squared_k,14.0,17.0,Daisy,,,,,,0.0
current_squared_k,14.0,17.0,Tulip,,,,,,0.07419561079590692
current_squared_k,14.0,17.0,Maryj,,,,,,0.0
current_squared_k,15.0,3.0,Poppy,,,,,,0.0
current_squared_k,15.0,3.0,Oxlip,,,,,,0.0
current_squared_k,15.0,3.0,Daisy,,,,,,0.0
current_squared_k,15.0,3.0,Tulip,,,,,,0.0
current_squared_k,15.0,3.0,Maryj,,,,,,0.3519502634106848
current_squared_k,15.0,5.0,Poppy,,,,,,0.0
current_squared_k,15.0,5.0,Oxlip,,,,,,0.0
current_squared_k,15.0,5.0,Daisy,,,,,,0.0
current_squared_k,15.0,5.0,Tulip,,,,,,0.0
current_squared_k,15.0,5.0,Maryj,,,,,,0.015835749536833966
current_squared_k,15.0,6.0,Poppy,,,,,,0.0
current_squared_k,15.0,6.0,Oxlip,,,,,,0.0
current_squared_k,15.0,6.0,Daisy,,,,,,0.0
current_squared_k,15.0,6.0,Tulip,,,,,,0.0
current_squared_k,15.0,6.0,Maryj,,,,,,0.00029167180109445024
current_squared_k,15.0,8.0,Poppy,,,,,,0.0
current_squared_k,15.0,8.0,Oxlip,,,,,,0.0
current_squared_k,15.0,8.0,Daisy,,,,,,0.01660020968056041
current_squared_k,15.0,8.0,Tulip,,,,,,0.0
current_squared_k,15.0,8.0,Maryj,,,,,,0.0
current_squared_k,15.0,9.0,Poppy,,,,,,0.0
current_squared_k,15.0,9.0,Oxlip,,,,,,0.0
current_squared_k,15.0,9.0,Daisy,,,,,,0.0
current_squared_k,15.0,9.0,Tulip,,,,,,0.0
current_squared_k,15.0,9.0,Maryj,,,,,,0.344637269052446
current_squared_k,15.0,10.0,Poppy,,,,,,0.0
current_squared_k,15.0,10.0,Oxlip,,,,,,0.0
current_squared_k,15.0,10.0,Daisy,,,,,,0.0005253822131022952
current_squared_k,15.0,10.0,Tulip,,,,,,0.0
current_squared_k,15.0,10.0,Maryj,,,,,,0.0
current_squared_k,15.0,13.0,Poppy,,,,,,0.0
current_squared_k,15.0,13.0,Oxlip,,,,,,0.0
current_squared_k,15.0,13.0,Daisy,,,,,,0.0
current_squared_k,15.0,13.0,Tulip,,,,,,0.0
current_squared_k,15.0,13.0,Maryj,,,,,,0.3522582317306381
current_squared_k,15.0,14.0,Poppy,,,,,,0.0
current_squared_k,15.0,14.0,Oxlip,,,,,,0.0
current_squared_k,15.0,14.0,Daisy,,,,,,0.0
current_squared_k,15.0,14.0,Tulip,,,,,,0.0
current_squared_k,15.0,14.0,Maryj,,,,,,0.0035112741805651067
current_squared_k,15.0,15.0,Poppy,,,,,,0.0
current_squared_k,15.0,15.0,Oxlip,,,,,,0.0
current_squared_k,15.0,15.0,Daisy,,,,,,0.0
current_squared_k,15.0,15.0,Tulip,,,,,,0.0
current_squared_k,15.0,15.0,Maryj,,,,,,0.0028937170749052062
current_squared_k,15.0,16.0,Poppy,,,,,,0.0
current_squared_k,15.0,16.0,Oxlip,,,,,,0.0
current_squared_k,15.0,16.0,Daisy,,,,,,0.0
current_squared_k,15.0,16.0,Tulip,,,,,,1.1540901427263626e-05
current_squared_k,15.0,16.0,Maryj,,,,,,0.0
current_squared_k,15.0,17.0,Poppy,,,,,,0.0
current_squared_k,15.0,17.0,Oxlip,,,,,,0.0
current_squared_k,15.0,17.0,Daisy,,,,,,0.0
current_squared_k,15.0,17.0,Tulip,,,,,,0.07481350997576358
current_squared_k,15.0,17.0,Maryj,,,,,,0.0
current_squared_k,16.0,3.0,Poppy,,,,,,0.0
current_squared_k,16.0,3.0,Oxlip,,,,,,0.0
current_squared_k,16.0,3.0,Daisy,,,,,,0.0
current_squared_k,16.0,3.0,Tulip,,,,,,0.0
current_squared_k,16.0,3.0,Maryj,,,,,,0.39116118966331226
current_squared_k,16.0,5.0,Poppy,,,,,,0.0
current_squared_k,16.0,5.0,Oxlip,,,,,,0.0
current_squared_k,16.0,5.0,Daisy,,,,,,0.0
current_squared_k,16.0,5.0,Tulip,,,,,,0.0
current_squared_k,16.0,5.0,Maryj,,,,,,0.017624089055524556
current_squared_k,16.0,6.0,Poppy,,,,,,0.0
current_squared_k,16.0,6.0,Oxlip,,,,,,0.0
current_squared_k,16.0,6.0,Daisy,,,,,,0.0
current_squared_k,16.0,6.0,Tulip,,,,,,0.0
current_squared_k,16.0,6.0,Maryj,,,,,,0.0003487920050468903
current_squared_k,16.0,8.0,Poppy,,,,,,0.0
current_squared_k,16.0,8.0,Oxlip,,,,,,0.0
current_squared_k,16.0,8.0,Daisy,,,,,,0.018002043343636788
current_squared_k,16.0,8.0,Tulip,,,,,,0.0
current_squared_k,16.0,8.0,Maryj,,,,,,0.0
current_squared_k,16.0,9.0,Poppy,,,,,,0.0
current_squared_k,16.0,9.0,Oxlip,,,,,,0.0
current_squared_k,16.0,9.0,Daisy,,,,,,0.0
current_squared_k,16.0,9.0,Tulip,,,,,,0.0
current_squared_k,16.0,9.0,Maryj,,,,,,0.3780912839948738
current_squared_k,16.0,10.0,Poppy,,,,,,0.0
current_squared_k,16.0,10.0,Oxlip,,,,,,0.0
current_squared_k,16.0,10.0,Daisy,,,,,,0.0005963666940048698
current_squared_k,16.0,10.0,Tulip,,,,,,0.0
current_squared_k,16.0,10.0,Maryj,,,,,,0.0
current_squared_k,16.0,13.0,Poppy,,,,,,0.0
current_squared_k,16.0,13.0,Oxlip,,,,,,0.0
current_squared_k,16.0,13.0,Daisy,,,,,,0.0
current_squared_k,16.0,13.0,Tulip,,,,,,0.0
current_squared_k,16.0,13.0,Maryj,,,,,,0.3915034688627767
current_squared_k,16.0,14.0,Poppy,,,,,,0.0
current_squared_k,16.0,14.0,Oxlip,,,,,,0.0
current_squared_k,16.0,14.0,Daisy,,,,,,0.0
current_squared_k,16.0,14.0,Tulip,,,,,,0.0
current_squared_k,16.0,14.0,Maryj,,,,,,0.004170276731245344
current_squared_k,16.0,15.0,Poppy,,,,,,0.0
current_squared_k,16.0,15.0,Oxlip,,,,,,0.0
current_squared_k,16.0,15.0,Daisy,,,,,,0.0
current_squared_k,16.0,15.0,Tulip,,,,,,0.0
current_squared_k,16.0,15.0,Maryj,,,,,,0.0032195167726031685
current_squared_k,16.0,16.0,Poppy,,,,,,0.0
current_squared_k,16.0,16.0,Oxlip,,,,,,0.0
current_squared_k,16.0,16.0,Daisy,,,,,,0.0
current_squared_k,16.0,16.0,Tulip,,,,,,3.216030117522711e-05
current_squared_k,16.0,16.0,Maryj,,,,,,0.0
current_squared_k,16.0,17.0,Poppy,,,,,,0.0
current_squared_k,16.0,17.0,Oxlip,,,,,,0.0
current_squared_k,16.0,17.0,Daisy,,,,,,0.0
current_squared_k,16.0,17.0,Tulip,,,,,,0.07725197523375507
current_squared_k,16.0,17.0,Maryj,,,,,,0.0
current_squared_k,17.0,3.0,Poppy,,,,,,0.0
current_squared_k,17.0,3.0,Oxlip,,,,,,0.0
current_squared_k,17.0,3.0,Daisy,,,,,,0.0
current_squared_k,17.0,3.0,Tulip,,,,,,0.0
current_squared_k,17.0,3.0,Maryj,,,,,,0.17671395175661478
current_squared_k,17.0,5.0,Poppy,,,,,,0.0
current_squared_k,17.0,5.0,Oxlip,,,,,,0.0
current_squared_k,17.0,5.0,Daisy,,,,,,0.0
current_squared_k,17.0,5.0,Tulip,,,,,,0.0
current_squared_k,17.0,5.0,Maryj,,,,,,0.006678395672414651
current_squared_k,17.0,6.0,Poppy,,,,,,0.0
current_squared_k,17.0,6.0,Oxlip,,,,,,0.0
current_squared_k,17.0,6.0,Daisy,,,,,,0.0
current_squared_k,17.0,6.0,Tulip,,,,,,0.0
current_squared_k,17.0,6.0,Maryj,,,,,,0.0003888599495484949
current_squared_k,17.0,8.0,Poppy,,,,,,0.0
current_squared_k,17.0,8.0,Oxlip,,,,,,0.0
current_squared_k,17.0,8.0,Daisy,,,,,,0.006743547490718534
current_squared_k,17.0,8.0,Tulip,,,,,,0.0
current_squared_k,17.0,8.0,Maryj,,,,,,0.0
current_squared_k,17.0,9.0,Poppy,,,,,,0.0
current_squared_k,17.0,9.0,Oxlip,,,,,,0.0
current_squared_k,17.0,9.0,Daisy,,,,,,0.0
current_squared_k,17.0,9.0,Tulip,,,,,,0.0
current_squared_k,17.0,9.0,Maryj,,,,,,0.17184378830894925
current_squared_k,17.0,10.0,Poppy,,,,,,0.0
current_squared_k,17.0,10.0,Oxlip,,,,,,0.0
current_squared_k,17.0,10.0,Daisy,,,,,,0.000511924607039725
current_squared_k,17.0,10.0,Tulip,,,,,,0.0
current_squared_k,17.0,10.0,Maryj,,,,,,0.0
current_squared_k,17.0,13.0,Poppy,,,,,,0.0
current_squared_k,17.0,13.0,Oxlip,,,,,,0.0
current_squared_k,17.0,13.0,Daisy,,,,,,0.0
current_squared_k,17.0,13.0,Tulip,,,,,,0.0
current_squared_k,17.0,13.0,Maryj,,,,,,0.17679160408418199
current_squared_k,17.0,14.0,Poppy,,,,,,0.0
current_squared_k,17.0,14.0,Oxlip,,,,,,0.0
current_squared_k,17.0,14.0,Daisy,,,,,,0.0
current_squared_k,17.0,14.0,Tulip,,,,,,0.0
current_squared_k,17.0,14.0,Maryj,,,,,,0.00214910843372412
current_squared_k,17.0,15.0,Poppy,,,,,,0.0
current_squared_k,17.0,15.0,Oxlip,,,,,,0.0
current_squared_k,17.0,15.0,Daisy,,,,,,0.0
current_squared_k,17.0,15.0,Tulip,,,,,,0.0
current_squared_k,17.0,15.0,Maryj,,,,,,0.001320301339689604
current_squared_k,17.0,16.0,Poppy,,,,,,0.0
current_squared_k,17.0,16.0,Oxlip,,,,,,0.0
current_squared_k,17.0,16.0,Daisy,,,,,,0.0
current_squared_k,17.0,16.0,Tulip,,,,,,1.1823946720293814e-05
current_squared_k,17.0,16.0,Maryj,,,,,,0.0
current_squared_k,17.0,17.0,Poppy,,,,,,0.0
current_squared_k,17.0,17.0,Oxlip,,,,,,0.0
current_squared_k,17.0,17.0,Daisy,,,,,,0.0
current_squared_k,17.0,17.0,Tulip,,,,,,0.0400453057571706
current_squared_k,17.0,17.0,Maryj,,,,,,0.0
current_squared_k,18.0,3.0,Poppy,,,,,,0.0
current_squared_k,18.0,3.0,Oxlip,,,,,,0.0
current_squared_k,18.0,3.0,Daisy,,,,,,0.0
current_squared_k,18.0,3.0,Tulip,,,,,,0.0
current_squared_k,18.0,3.0,Maryj,,,,,,0.09984897103132565
current_squared_k,18.0,5.0,Poppy,,,,,,0.0
current_squared_k,18.0,5.0,Oxlip,,,,,,0.0
current_squared_k,18.0,5.0,Daisy,,,,,,0.0
current_squared_k,18.0,5.0,Tulip,,,,,,0.0
current_squared_k,18.0,5.0,Maryj,,,,,,0.0033161251662159313
current_squared_k,18.0,6.0,Poppy,,,,,,0.0
current_squared_k,18.0,6.0,Oxlip,,,,,,0.0
current_squared_k,18.0,6.0,Daisy,,,,,,0.0
current_squared_k,18.0,6.0,Tulip,,,,,,0.0
current_squared_k,18.0,6.0,Maryj,,,,,,0.0004039979156590386
current_squared_k,18.0,8.0,Poppy,,,,,,0.0
current_squared_k,18.0,8.0,Oxlip,,,,,,0.0
current_squared_k,18.0,8.0,Daisy,,,,,,0.0033294437025568283
current_squared_k,18.0,8.0,Tulip,,,,,,0.0
current_squared_k,18.0,8.0,Maryj,,,,,,0.0
current_squared_k,18.0,9.0,Poppy,,,,,,0.0
current_squared_k,18.0,9.0,Oxlip,,,,,,0.0
current_squared_k,18.0,9.0,Daisy,,,,,,0.0
current_squared_k,18.0,9.0,Tulip,,,,,,0.0
current_squared_k,18.0,9.0,Maryj,,,,,,0.09767213514015988
current_squared_k,18.0,10.0,Poppy,,,,,,0.0
current_squared_k,18.0,10.0,Oxlip,,,,,,0.0
current_squared_k,18.0,10.0,Daisy,,,,,,0.00032591060782101683
current_squared_k,18.0,10.0,Tulip,,,,,,0.0
current_squared_k,18.0,10.0,Maryj,,,,,,0.0
current_squared_k,18.0,13.0,Poppy,,,,,,0.0
current_squared_k,18.0,13.0,Oxlip,,,,,,0.0
current_squared_k,18.0,13.0,Daisy,,,,,,0.0
current_squared_k,18.0,13.0,Tulip,,,,,,0.0
current_squared_k,18.0,13.0,Maryj,,,,,,0.09989284705202855
current_squared_k,18.0,14.0,Poppy,,,,,,0.0
current_squared_k,18.0,14.0,Oxlip,,,,,,0.0
current_squared_k,18.0,14.0,Daisy,,,,,,0.0
current_squared_k,18.0,14.0,Tulip,,,,,,0.0
current_squared_k,18.0,14.0,Maryj,,,,,,0.001474798140399981
current_squared_k,18.0,15.0,Poppy,,,,,,0.0
current_squared_k,18.0,15.0,Oxlip,,,,,,0.0
current_squared_k,18.0,15.0,Daisy,,,,,,0.0
current_squared_k,18.0,15.0,Tulip,,,,,,0.0
current_squared_k,18.0,15.0,Maryj,,,,,,0.000605606500995941
current_squared_k,18.0,16.0,Poppy,,,,,,0.0
current_squared_k,18.0,16.0,Oxlip,,,,,,0.0
current_squared_k,18.0,16.0,Daisy,,,,,,0.0
current_squared_k,18.0,16.0,Tulip,,,,,,5.2264886584992895e-06
current_squared_k,18.0,16.0,Maryj,,,,,,0.0
current_squared_k,18.0,17.0,Poppy,,,,,,0.0
current_squared_k,18.0,17.0,Oxlip,,,,,,0.0
current_squared_k,18.0,17.0,Daisy,,,,,,0.0
current_squared_k,18.0,17.0,Tulip,,,,,,0.02572896570004743
current_squared_k,18.0,17.0,Maryj,,,,,,0.0
current_squared_k,19.0,3.0,Poppy,,,,,,0.0
current_squared_k,19.0,3.0,Oxlip,,,,,,0.0
current_squared_k,19.0,3.0,Daisy,,,,,,0.0
current_squared_k,19.0,3.0,Tulip,,,,,,0.0
current_squared_k,19.0,3.0,Maryj,,,,,,0.1021450464482551
current_squared_k,19.0,5.0,Poppy,,,,,,0.0
current_squared_k,19.0,5.0,Oxlip,,,,,,0.0
current_squared_k,19.0,5.0,Daisy,,,,,,0.0
current_squared_k,19.0,5.0,Tulip,,,,,,0.0
current_squared_k,19.0,5.0,Maryj,,,,,,0.0034812378640561247
current_squared_k,19.0,6.0,Poppy,,,,,,0.0
current_squared_k,19.0,6.0,Oxlip,,,,,,0.0
current_squared_k,19.0,6.0,Daisy,,,,,,0.0
current_squared_k,19.0,6.0,Tulip,,,,,,0.0
current_squared_k,19.0,6.0,Maryj,,,,,,0.0004098040899571379
current_squared_k,19.0,8.0,Poppy,,,,,,0.0
current_squared_k,19.0,8.0,Oxlip,,,,,,0.0
current_squared_k,19.0,8.0,Daisy,,,,,,0.00347890685430198
current_squared_k,19.0,8.0,Tulip,,,,,,0.0
current_squared_k,19.0,8.0,Maryj,,,,,,0.0
current_squared_k,19.0,9.0,Poppy,,,,,,0.0
current_squared_k,19.0,9.0,Oxlip,,,,,,0.0
current_squared_k,19.0,9.0,Daisy,,,,,,0.0
current_squared_k,19.0,9.0,Tulip,,,,,,0.0
current_squared_k,19.0,9.0,Maryj,,,,,,0.09968394942013752
current_squared_k,19.0,10.0,Poppy,,,,,,0.0
current_squared_k,19.0,10.0,Oxlip,,,,,,0.0
current_squared_k,19.0,10.0,Daisy,,,,,,0.00028073708507611155
current_squared_k,19.0,10.0,Tulip,,,,,,0.0
current_squared_k,19.0,10.0,Maryj,,,,,,0.0
current_squared_k,19.0,13.0,Poppy,,,,,,0.0
current_squared_k,19.0,13.0,Oxlip,,,,,,0.0
current_squared_k,19.0,13.0,Daisy,,,,,,0.0
current_squared_k,19.0,13.0,Tulip,,,,,,0.0
current_squared_k,19.0,13.0,Maryj,,,,,,0.10218993141929061
current_squared_k,19.0,14.0,Poppy,,,,,,0.0
current_squared_k,19.0,14.0,Oxlip,,,,,,0.0
current_squared_k,19.0,14.0,Daisy,,,,,,0.0
current_squared_k,19.0,14.0,Tulip,,,,,,0.0
current_squared_k,19.0,14.0,Maryj,,,,,,0.0015306796224161755
current_squared_k,19.0,15.0,Poppy,,,,,,0.0
current_squared_k,19.0,15.0,Oxlip,,,,,,0.0
current_squared_k,19.0,15.0,Daisy,,,,,,0.0
current_squared_k,19.0,15.0,Tulip,,,,,,0.0
current_squared_k,19.0,15.0,Maryj,,,,,,0.0006308655158340138
current_squared_k,19.0,16.0,Poppy,,,,,,0.0
current_squared_k,19.0,16.0,Oxlip,,,,,,0.0
current_squared_k,19.0,16.0,Daisy,,,,,,0.0
current_squared_k,19.0,16.0,Tulip,,,,,,6.110993593526941e-06
current_squared_k,19.0,16.0,Maryj,,,,,,0.0
current_squared_k,19.0,17.0,Poppy,,,,,,0.0
current_squared_k,19.0,17.0,Oxlip,,,,,,0.0
current_squared_k,19.0,17.0,Daisy,,,,,,0.0
current_squared_k,19.0,17.0,Tulip,,,,,,0.02543787287265986
current_squared_k,19.0,17.0,Maryj,,,,,,0.0
current_squared_k,20.0,3.0,Poppy,,,,,,0.0
current_squared_k,20.0,3.0,Oxlip,,,,,,0.0
current_squared_k,20.0,3.0,Daisy,,,,,,0.0
current_squared_k,20.0,3.0,Tulip,,,,,,0.0
current_squared_k,20.0,3.0,Maryj,,,,,,0.08224153822687619
current_squared_k,20.0,5.0,Poppy,,,,,,0.0
current_squared_k,20.0,5.0,Oxlip,,,,,,0.0
current_squared_k,20.0,5.0,Daisy,,,,,,0.0
current_squared_k,20.0,5.0,Tulip,,,,,,0.0
current_squared_k,20.0,5.0,Maryj,,,,,,0.0028779275448238485
current_squared_k,20.0,6.0,Poppy,,,,,,0.0
current_squared_k,20.0,6.0,Oxlip,,,,,,0.0
current_squared_k,20.0,6.0,Daisy,,,,,,0.0
current_squared_k,20.0,6.0,Tulip,,,,,,0.0
current_squared_k,20.0,6.0,Maryj,,,,,,0.0001884729723678313
current_squared_k,20.0,8.0,Poppy,,,,,,0.0
current_squared_k,20.0,8.0,Oxlip,,,,,,0.0
current_squared_k,20.0,8.0,Daisy,,,,,,0.0028696659102820043
current_squared_k,20.0,8.0,Tulip,,,,,,0.0
current_squared_k,20.0,8.0,Maryj,,,,,,0.0
current_squared_k,20.0,9.0,Poppy,,,,,,0.0
current_squared_k,20.0,9.0,Oxlip,,,,,,0.0
current_squared_k,20.0,9.0,Daisy,,,,,,0.0
current_squared_k,20.0,9.0,Tulip,,,,,,0.0
current_squared_k,20.0,9.0,Maryj,,,,,,0.08036098684723328
current_squared_k,20.0,10.0,Poppy,,,,,,0.0
current_squared_k,20.0,10.0,Oxlip,,,,,,0.0
current_squared_k,20.0,10.0,Daisy,,,,,,0.00029483313341264425
current_squared_k,20.0,10.0,Tulip,,,,,,0.0
current_squared_k,20.0,10.0,Maryj,,,,,,0.0
current_squared_k,20.0,13.0,Poppy,,,,,,0.0
current_squared_k,20.0,13.0,Oxlip,,,,,,0.0
current_squared_k,20.0,13.0,Daisy,,,,,,0.0
current_squared_k,20.0,13.0,Tulip,,,,,,0.0
current_squared_k,20.0,13.0,Maryj,,,,,,0.08227767712141472
current_squared_k,20.0,14.0,Poppy,,,,,,0.0
current_squared_k,20.0,14.0,Oxlip,,,,,,0.0
current_squared_k,20.0,14.0,Daisy,,,,,,0.0
current_squared_k,20.0,14.0,Tulip,,,,,,0.0
current_squared_k,20.0,14.0,Maryj,,,,,,0.0010278315282964052
current_squared_k,20.0,15.0,Poppy,,,,,,0.0
current_squared_k,20.0,15.0,Oxlip,,,,,,0.0
current_squared_k,20.0,15.0,Daisy,,,,,,0.0
current_squared_k,20.0,15.0,Tulip,,,,,,0.0
current_squared_k,20.0,15.0,Maryj,,,,,,0.0005429018623924857
current_squared_k,20.0,16.0,Poppy,,,,,,0.0
current_squared_k,20.0,16.0,Oxlip,,,,,,0.0
current_squared_k,20.0,16.0,Daisy,,,,,,0.0
current_squared_k,20.0,16.0,Tulip,,,,,,6.280275809676917e-06
current_squared_k,20.0,16.0,Maryj,,,,,,0.0
current_squared_k,20.0,17.0,Poppy,,,,,,0.0
current_squared_k,20.0,17.0,Oxlip,,,,,,0.0
current_squared_k,20.0,17.0,Daisy,,,,,,0.0
current_squared_k,20.0,17.0,Tulip,,,,,,0.02320214118095763
current_squared_k,20.0,17.0,Maryj,,,,,,0.0
current_squared_k,21.0,3.0,Poppy,,,,,,0.0
current_squared_k,21.0,3.0,Oxlip,,,,,,0.0
current_squared_k,21.0,3.0,Daisy,,,,,,0.0
current_squared_k,21.0,3.0,Tulip,,,,,,0.0
current_squared_k,21.0,3.0,Maryj,,,,,,0.07332463232505322
current_squared_k,21.0,5.0,Poppy,,,,,,0.0
current_squared_k,21.0,5.0,Oxlip,,,,,,0.0
current_squared_k,21.0,5.0,Daisy,,,,,,0.0
current_squared_k,21.0,5.0,Tulip,,,,,,0.0
current_squared_k,21.0,5.0,Maryj,,,,,,0.0028791407756098885
current_squared_k,21.0,6.0,Poppy,,,,,,0.0
current_squared_k,21.0,6.0,Oxlip,,,,,,0.0
current_squared_k,21.0,6.0,Daisy,,,,,,0.0
current_squared_k,21.0,6.0,Tulip,,,,,,0.0
current_squared_k,21.0,6.0,Maryj,,,,,,4.679067482627611e-05
current_squared_k,21.0,8.0,Poppy,,,,,,0.0
current_squared_k,21.0,8.0,Oxlip,,,,,,0.0
current_squared_k,21.0,8.0,Daisy,,,,,,0.0028682832652373305
current_squared_k,21.0,8.0,Tulip,,,,,,0.0
current_squared_k,21.0,8.0,Maryj,,,,,,0.0
current_squared_k,21.0,9.0,Poppy,,,,,,0.0
current_squared_k,21.0,9.0,Oxlip,,,,,,0.0
current_squared_k,21.0,9.0,Daisy,,,,,,0.0
current_squared_k,21.0,9.0,Tulip,,,,,,0.0
current_squared_k,21.0,9.0,Maryj,,,,,,0.07190060735528771
current_squared_k,21.0,10.0,Poppy,,,,,,0.0
current_squared_k,21.0,10.0,Oxlip,,,,,,0.0
current_squared_k,21.0,10.0,Daisy,,,,,,5.5999693791060644e-05
current_squared_k,21.0,10.0,Tulip,,,,,,0.0
current_squared_k,21.0,10.0,Maryj,,,,,,0.0
current_squared_k,21.0,13.0,Poppy,,,,,,0.0
current_squared_k,21.0,13.0,Oxlip,,,,,,0.0
current_squared_k,21.0,13.0,Daisy,,,,,,0.0
current_squared_k,21.0,13.0,Tulip,,,,,,0.0
current_squared_k,21.0,13.0,Maryj,,,,,,0.07334231613925307
current_squared_k,21.0,14.0,Poppy,,,,,,0.0
current_squared_k,21.0,14.0,Oxlip,,,,,,0.0
current_squared_k,21.0,14.0,Daisy,,,,,,0.0
current_squared_k,21.0,14.0,Tulip,,,,,,0.0
current_squared_k,21.0,14.0,Maryj,,,,,,0.0005761590002423446
current_squared_k,21.0,15.0,Poppy,,,,,,0.0
current_squared_k,21.0,15.0,Oxlip,,,,,,0.0
current_squared_k,21.0,15.0,Daisy,,,,,,0.0
current_squared_k,21.0,15.0,Tulip,,,,,,0.0
current_squared_k,21.0,15.0,Maryj,,,,,,0.0005426994842297996
current_squared_k,21.0,16.0,Poppy,,,,,,0.0
current_squared_k,21.0,16.0,Oxlip,,,,,,0.0
current_squared_k,21.0,16.0,Daisy,,,,,,0.0
current_squared_k,21.0,16.0,Tulip,,,,,,6.594289600160763e-06
current_squared_k,21.0,16.0,Maryj,,,,,,0.0
current_squared_k,21.0,17.0,Poppy,,,,,,0.0
current_squared_k,21.0,17.0,Oxlip,,,,,,0.0
current_squared_k,21.0,17.0,Daisy,,,,,,0.0
current_squared_k,21.0,17.0,Tulip,,,,,,0.0202450554397117
current_squared_k,21.0,17.0,Maryj,,,,,,0.0
current_squared_k,22.0,3.0,Poppy,,,,,,0.0
current_squared_k,22.0,3.0,Oxlip,,,,,,0.0
current_squared_k,22.0,3.0,Daisy,,,,,,0.0
current_squared_k,22.0,3.0,Tulip,,,,,,0.0
current_squared_k,22.0,3.0,Maryj,,,,,,0.06430410021267634
current_squared_k,22.0,5.0,Poppy,,,,,,0.0
current_squared_k,22.0,5.0,Oxlip,,,,,,0.0
current_squared_k,22.0,5.0,Daisy,,,,,,0.0
current_squared_k,22.0,5.0,Tulip,,,,,,0.0
current_squared_k,22.0,5.0,Maryj,,,,,,0.0022262451841542777
current_squared_k,22.0,6.0,Poppy,,,,,,0.0
current_squared_k,22.0,6.0,Oxlip,,,,,,0.0
current_squared_k,22.0,6.0,Daisy,,,,,,0.0
current_squared_k,22.0,6.0,Tulip,,,,,,0.0
current_squared_k,22.0,6.0,Maryj,,,,,,4.678835131691749e-05
current_squared_k,22.0,8.0,Poppy,,,,,,0.0
current_squared_k,22.0,8.0,Oxlip,,,,,,0.0
current_squared_k,22.0,8.0,Daisy,,,,,,0.0022237701575672435
current_squared_k,22.0,8.0,Tulip,,,,,,0.0
current_squared_k,22.0,8.0,Maryj,,,,,,0.0
current_squared_k,22.0,9.0,Poppy,,,,,,0.0
current_squared_k,22.0,9.0,Oxlip,,,,,,0.0
current_squared_k,22.0,9.0,Daisy,,,,,,0.0
current_squared_k,22.0,9.0,Tulip,,,,,,0.0
current_squared_k,22.0,9.0,Maryj,,,,,,0.06286719321437238
current_squared_k,22.0,10.0,Poppy,,,,,,0.0
current_squared_k,22.0,10.0,Oxlip,,,,,,0.0
current_squared_k,22.0,10.0,Daisy,,,,,,4.0235004344663975e-05
current_squared_k,22.0,10.0,Tulip,,,,,,0.0
current_squared_k,22.0,10.0,Maryj,,,,,,0.0
current_squared_k,22.0,13.0,Poppy,,,,,,0.0
current_squared_k,22.0,13.0,Oxlip,,,,,,0.0
current_squared_k,22.0,13.0,Daisy,,,,,,0.0
current_squared_k,22.0,13.0,Tulip,,,,,,0.0
current_squared_k,22.0,13.0,Maryj,,,,,,0.06431960853129168
current_squared_k,22.0,14.0,Poppy,,,,,,0.0
current_squared_k,22.0,14.0,Oxlip,,,,,,0.0
current_squared_k,22.0,14.0,Daisy,,,,,,0.0
current_squared_k,22.0,14.0,Tulip,,,,,,0.0
current_squared_k,22.0,14.0,Maryj,,,,,,0.00047607170017040614
current_squared_k,22.0,15.0,Poppy,,,,,,0.0
current_squared_k,22.0,15.0,Oxlip,,,,,,0.0
current_squared_k,22.0,15.0,Daisy,,,,,,0.0
current_squared_k,22.0,15.0,Tulip,,,,,,0.0
current_squared_k,22.0,15.0,Maryj,,,,,,0.00044836191070724615
current_squared_k,22.0,16.0,Poppy,,,,,,0.0
current_squared_k,22.0,16.0,Oxlip,,,,,,0.0
current_squared_k,22.0,16.0,Daisy,,,,,,0.0
current_squared_k,22.0,16.0,Tulip,,,,,,6.594289600160763e-06
current_squared_k,22.0,16.0,Maryj,,,,,,0.0
current_squared_k,22.0,17.0,Poppy,,,,,,0.0
current_squared_k,22.0,17.0,Oxlip,,,,,,0.0
current_squared_k,22.0,17.0,Daisy,,,,,,0.0
current_squared_k,22.0,17.0,Tulip,,,,,,0.018061004440853626
current_squared_k,22.0,17.0,Maryj,,,,,,0.0
current_squared_k,23.0,3.0,Poppy,,,,,,0.0
current_squared_k,23.0,3.0,Oxlip,,,,,,0.0
current_squared_k,23.0,3.0,Daisy,,,,,,0.0
current_squared_k,23.0,3.0,Tulip,,,,,,0.0
current_squared_k,23.0,3.0,Maryj,,,,,,0.05870766419234832
current_squared_k,23.0,5.0,Poppy,,,,,,0.0
current_squared_k,23.0,5.0,Oxlip,,,,,,0.0
current_squared_k,23.0,5.0,Daisy,,,,,,0.0
current_squared_k,23.0,5.0,Tulip,,,,,,0.0
current_squared_k,23.0,5.0,Maryj,,,,,,0.0019363901239215313
current_squared_k,23.0,6.0,Poppy,,,,,,0.0
current_squared_k,23.0,6.0,Oxlip,,,,,,0.0
current_squared_k,23.0,6.0,Daisy,,,,,,0.0
current_squared_k,23.0,6.0,Tulip,,,,,,0.0
current_squared_k,23.0,6.0,Maryj,,,,,,1.6353839953101777e-05
current_squared_k,23.0,8.0,Poppy,,,,,,0.0
current_squared_k,23.0,8.0,Oxlip,,,,,,0.0
current_squared_k,23.0,8.0,Daisy,,,,,,0.001932374809392866
current_squared_k,23.0,8.0,Tulip,,,,,,0.0
current_squared_k,23.0,8.0,Maryj,,,,,,0.0
current_squared_k,23.0,9.0,Poppy,,,,,,0.0
current_squared_k,23.0,9.0,Oxlip,,,,,,0.0
current_squared_k,23.0,9.0,Daisy,,,,,,0.0
current_squared_k,23.0,9.0,Tulip,,,,,,0.0
current_squared_k,23.0,9.0,Maryj,,,,,,0.05727066621231056
current_squared_k,23.0,10.0,Poppy,,,,,,0.0
current_squared_k,23.0,10.0,Oxlip,,,,,,0.0
current_squared_k,23.0,10.0,Daisy,,,,,,6.881558570302972e-05
current_squared_k,23.0,10.0,Tulip,,,,,,0.0
current_squared_k,23.0,10.0,Maryj,,,,,,0.0
current_squared_k,23.0,13.0,Poppy,,,,,,0.0
current_squared_k,23.0,13.0,Oxlip,,,,,,0.0
current_squared_k,23.0,13.0,Daisy,,,,,,0.0
current_squared_k,23.0,13.0,Tulip,,,,,,0.0
current_squared_k,23.0,13.0,Maryj,,,,,,0.05872182280989287
current_squared_k,23.0,14.0,Poppy,,,,,,0.0
current_squared_k,23.0,14.0,Oxlip,,,,,,0.0
current_squared_k,23.0,14.0,Daisy,,,,,,0.0
current_squared_k,23.0,14.0,Tulip,,,,,,0.0
current_squared_k,23.0,14.0,Maryj,,,,,,0.0003669571033795007
current_squared_k,23.0,15.0,Poppy,,,,,,0.0
current_squared_k,23.0,15.0,Oxlip,,,,,,0.0
current_squared_k,23.0,15.0,Daisy,,,,,,0.0
current_squared_k,23.0,15.0,Tulip,,,,,,0.0
current_squared_k,23.0,15.0,Maryj,,,,,,0.0004011866668909721
current_squared_k,23.0,16.0,Poppy,,,,,,0.0
current_squared_k,23.0,16.0,Oxlip,,,,,,0.0
current_squared_k,23.0,16.0,Daisy,,,,,,0.0
current_squared_k,23.0,16.0,Tulip,,,,,,6.594289600160763e-06
current_squared_k,23.0,16.0,Maryj,,,,,,0.0
current_squared_k,23.0,17.0,Poppy,,,,,,0.0
current_squared_k,23.0,17.0,Oxlip,,,,,,0.0
current_squared_k,23.0,17.0,Daisy,,,,,,0.0
current_squared_k,23.0,17.0,Tulip,,,,,,0.01702104043587717
current_squared_k,23.0,17.0,Maryj,,,,,,0.0
current_squared_k,24.0,3.0,Poppy,,,,,,0.0
current_squared_k,24.0,3.0,Oxlip,,,,,,0.0
current_squared_k,24.0,3.0,Daisy,,,,,,0.0
current_squared_k,24.0,3.0,Tulip,,,,,,0.0
current_squared_k,24.0,3.0,Maryj,,,,,,0.04403692937631479
current_squared_k,24.0,5.0,Poppy,,,,,,0.0
current_squared_k,24.0,5.0,Oxlip,,,,,,0.0
current_squared_k,24.0,5.0,Daisy,,,,,,0.0
current_squared_k,24.0,5.0,Tulip,,,,,,0.0
current_squared_k,24.0,5.0,Maryj,,,,,,0.0014534942528722247
current_squared_k,24.0,6.0,Poppy,,,,,,0.0
current_squared_k,24.0,6.0,Oxlip,,,,,,0.0
current_squared_k,24.0,6.0,Daisy,,,,,,0.0
current_squared_k,24.0,6.0,Tulip,,,,,,0.0
current_squared_k,24.0,6.0,Maryj,,,,,,3.7872597228459512e-06
current_squared_k,24.0,8.0,Poppy,,,,,,0.0
current_squared_k,24.0,8.0,Oxlip,,,,,,0.0
current_squared_k,24.0,8.0,Daisy,,,,,,0.0014445962644399272
current_squared_k,24.0,8.0,Tulip,,,,,,0.0
current_squared_k,24.0,8.0,Maryj,,,,,,0.0
current_squared_k,24.0,9.0,Poppy,,,,,,0.0
current_squared_k,24.0,9.0,Oxlip,,,,,,0.0
current_squared_k,24.0,9.0,Daisy,,,,,,0.0
current_squared_k,24.0,9.0,Tulip,,,,,,0.0
current_squared_k,24.0,9.0,Maryj,,,,,,0.04257811477128738
current_squared_k,24.0,10.0,Poppy,,,,,,0.0
current_squared_k,24.0,10.0,Oxlip,,,,,,0.0
current_squared_k,24.0,10.0,Daisy,,,,,,2.790804020491108e-05
current_squared_k,24.0,10.0,Tulip,,,,,,0.0
current_squared_k,24.0,10.0,Maryj,,,,,,0.0
current_squared_k,24.0,13.0,Poppy,,,,,,0.0
current_squared_k,24.0,13.0,Oxlip,,,,,,0.0
current_squared_k,24.0,13.0,Daisy,,,,,,0.0
current_squared_k,24.0,13.0,Tulip,,,,,,0.0
current_squared_k,24.0,13.0,Maryj,,,,,,0.04404754983021042
current_squared_k,24.0,14.0,Poppy,,,,,,0.0
current_squared_k,24.0,14.0,Oxlip,,,,,,0.0
current_squared_k,24.0,14.0,Daisy,,,,,,0.0
current_squared_k,24.0,14.0,Tulip,,,,,,0.0
current_squared_k,24.0,14.0,Maryj,,,,,,0.0002132906805259275
current_squared_k,24.0,15.0,Poppy,,,,,,0.0
current_squared_k,24.0,15.0,Oxlip,,,,,,0.0
current_squared_k,24.0,15.0,Daisy,,,,,,0.0
current_squared_k,24.0,15.0,Tulip,,,,,,0.0
current_squared_k,24.0,15.0,Maryj,,,,,,0.0002624115173007162
current_squared_k,24.0,16.0,Poppy,,,,,,0.0
current_squared_k,24.0,16.0,Oxlip,,,,,,0.0
current_squared_k,24.0,16.0,Daisy,,,,,,0.0
current_squared_k,24.0,16.0,Tulip,,,,,,6.5419539684134555e-06
current_squared_k,24.0,16.0,Maryj,,,,,,0.0
current_squared_k,24.0,17.0,Poppy,,,,,,0.0
current_squared_k,24.0,17.0,Oxlip,,,,,,0.0
current_squared_k,24.0,17.0,Daisy,,,,,,0.0
current_squared_k,24.0,17.0,Tulip,,,,,,0.01382354289517053
current_squared_k,24.0,17.0,Maryj,,,,,,0.0
c_s_k_1000,1.0,3.0,Poppy,,,,,,0.0
c_s_k_1000,1.0,3.0,Oxlip,,,,,,0.0
c_s_k_1000,1.0,3.0,Daisy,,,,,,0.0
c_s_k_1000,1.0,3.0,Tulip,,,,,,0.0
c_s_k_1000,1.0,3.0,Maryj,,,,,,4.402687831994232e-05
c_s_k_1000,1.0,5.0,Poppy,,,,,,0.0
c_s_k_1000,1.0,5.0,Oxlip,,,,,,0.0
c_s_k_1000,1.0,5.0,Daisy,,,,,,0.0
c_s_k_1000,1.0,5.0,Tulip,,,,,,0.0
c_s_k_1000,1.0,5.0,Maryj,,,,,,1.4549235788062072e-06
c_s_k_1000,1.0,6.0,Poppy,,,,,,0.0
c_s_k_1000,1.0,6.0,Oxlip,,,,,,0.0
c_s_k_1000,1.0,6.0,Daisy,,,,,,0.0
c_s_k_1000,1.0,6.0,Tulip,,,,,,0.0
c_s_k_1000,1.0,6.0,Maryj,,,,,,3.765281110638726e-09
c_s_k_1000,1.0,8.0,Poppy,,,,,,0.0
c_s_k_1000,1.0,8.0,Oxlip,,,,,,0.0
c_s_k_1000,1.0,8.0,Daisy,,,,,,1.4445962644399272e-06
c_s_k_1000,1.0,8.0,Tulip,,,,,,0.0
c_s_k_1000,1.0,8.0,Maryj,,,,,,0.0
c_s_k_1000,1.0,9.0,Poppy,,,,,,0.0
c_s_k_1000,1.0,9.0,Oxlip,,,,,,0.0
c_s_k_1000,1.0,9.0,Daisy,,,,,,0.0
c_s_k_1000,1.0,9.0,Tulip,,,,,,0.0
c_s_k_1000,1.0,9.0,Maryj,,,,,,4.2567421485739154e-05
c_s_k_1000,1.0,10.0,Poppy,,,,,,0.0
c_s_k_1000,1.0,10.0,Oxlip,,,,,,0.0
c_s_k_1000,1.0,10.0,Daisy,,,,,,2.8667223749361915e-08
c_s_k_1000,1.0,10.0,Tulip,,,,,,0.0
c_s_k_1000,1.0,10.0,Maryj,,,,,,0.0
c_s_k_1000,1.0,13.0,Poppy,,,,,,0.0
c_s_k_1000,1.0,13.0,Oxlip,,,,,,0.0
c_s_k_1000,1.0,13.0,Daisy,,,,,,0.0
c_s_k_1000,1.0,13.0,Tulip,,,,,,0.0
c_s_k_1000,1.0,13.0,Maryj,,,,,,4.403749634980925e-05
c_s_k_1000,1.0,14.0,Poppy,,,,,,0.0
c_s_k_1000,1.0,14.0,Oxlip,,,,,,0.0
c_s_k_1000,1.0,14.0,Daisy,,,,,,0.0
c_s_k_1000,1.0,14.0,Tulip,,,,,,0.0
c_s_k_1000,1.0,14.0,Maryj,,,,,,2.1343105460610772e-07
c_s_k_1000,1.0,15.0,Poppy,,,,,,0.0
c_s_k_1000,1.0,15.0,Oxlip,,,,,,0.0
c_s_k_1000,1.0,15.0,Daisy,,,,,,0.0
c_s_k_1000,1.0,15.0,Tulip,,,,,,0.0
c_s_k_1000,1.0,15.0,Maryj,,,,,,2.624115173007162e-07
c_s_k_1000,1.0,16.0,Poppy,,,,,,0.0
c_s_k_1000,1.0,16.0,Oxlip,,,,,,0.0
c_s_k_1000,1.0,16.0,Daisy,,,,,,0.0
c_s_k_1000,1.0,16.0,Tulip,,,,,,6.280275809676917e-09
c_s_k_1000,1.0,16.0,Maryj,,,,,,0.0
c_s_k_1000,1.0,17.0,Poppy,,,,,,0.0
c_s_k_1000,1.0,17.0,Oxlip,,,,,,0.0
c_s_k_1000,1.0,17.0,Daisy,,,,,,0.0
c_s_k_1000,1.0,17.0,Tulip,,,,,,1.3823545292831723e-05
c_s_k_1000,1.0,17.0,Maryj,,,,,,0.0
c_s_k_1000,2.0,3.0,Poppy,,,,,,0.0
c_s_k_1000,2.0,3.0,Oxlip,,,,,,0.0
c_s_k_1000,2.0,3.0,Daisy,,,,,,0.0
c_s_k_1000,2.0,3.0,Tulip,,,,,,0.0
c_s_k_1000,2.0,3.0,Maryj,,,,,,4.4026889442711873e-05
c_s_k_1000,2.0,5.0,Poppy,,,,,,0.0
c_s_k_1000,2.0,5.0,Oxlip,,,,,,0.0
c_s_k_1000,2.0,5.0,Daisy,,,,,,0.0
c_s_k_1000,2.0,5.0,Tulip,,,,,,0.0
c_s_k_1000,2.0,5.0,Maryj,,,,,,1.4541884769890487e-06
c_s_k_1000,2.0,6.0,Poppy,,,,,,0.0
c_s_k_1000,2.0,6.0,Oxlip,,,,,,0.0
c_s_k_1000,2.0,6.0,Daisy,,,,,,0.0
c_s_k_1000,2.0,6.0,Tulip,,,,,,0.0
c_s_k_1000,2.0,6.0,Maryj,,,,,,2.984625969375409e-09
c_s_k_1000,2.0,8.0,Poppy,,,,,,0.0
c_s_k_1000,2.0,8.0,Oxlip,,,,,,0.0
c_s_k_1000,2.0,8.0,Daisy,,,,,,1.4445962644399272e-06
c_s_k_1000,2.0,8.0,Tulip,,,,,,0.0
c_s_k_1000,2.0,8.0,Maryj,,,,,,0.0
c_s_k_1000,2.0,9.0,Poppy,,,,,,0.0
c_s_k_1000,2.0,9.0,Oxlip,,,,,,0.0
c_s_k_1000,2.0,9.0,Daisy,,,,,,0.0
c_s_k_1000,2.0,9.0,Tulip,,,,,,0.0
c_s_k_1000,2.0,9.0,Maryj,,,,,,4.256828310026264e-05
c_s_k_1000,2.0,10.0,Poppy,,,,,,0.0
c_s_k_1000,2.0,10.0,Oxlip,,,,,,0.0
c_s_k_1000,2.0,10.0,Daisy,,,,,,2.2723661132406503e-08
c_s_k_1000,2.0,10.0,Tulip,,,,,,0.0
c_s_k_1000,2.0,10.0,Maryj,,,,,,0.0
c_s_k_1000,2.0,13.0,Poppy,,,,,,0.0
c_s_k_1000,2.0,13.0,Oxlip,,,,,,0.0
c_s_k_1000,2.0,13.0,Daisy,,,,,,0.0
c_s_k_1000,2.0,13.0,Tulip,,,,,,0.0
c_s_k_1000,2.0,13.0,Maryj,,,,,,4.40375074752613e-05
c_s_k_1000,2.0,14.0,Poppy,,,,,,0.0
c_s_k_1000,2.0,14.0,Oxlip,,,,,,0.0
c_s_k_1000,2.0,14.0,Daisy,,,,,,0.0
c_s_k_1000,2.0,14.0,Tulip,,,,,,0.0
c_s_k_1000,2.0,14.0,Maryj,,,,,,2.135471587361579e-07
c_s_k_1000,2.0,15.0,Poppy,,,,,,0.0
c_s_k_1000,2.0,15.0,Oxlip,,,,,,0.0
c_s_k_1000,2.0,15.0,Daisy,,,,,,0.0
c_s_k_1000,2.0,15.0,Tulip,,,,,,0.0
c_s_k_1000,2.0,15.0,Maryj,,,,,,2.624115173007162e-07
c_s_k_1000,2.0,16.0,Poppy,,,,,,0.0
c_s_k_1000,2.0,16.0,Oxlip,,,,,,0.0
c_s_k_1000,2.0,16.0,Daisy,,,,,,0.0
c_s_k_1000,2.0,16.0,Tulip,,,,,,6.594289600160762e-09
c_s_k_1000,2.0,16.0,Maryj,,,,,,0.0
c_s_k_1000,2.0,17.0,Poppy,,,,,,0.0
c_s_k_1000,2.0,17.0,Oxlip,,,,,,0.0
c_s_k_1000,2.0,17.0,Daisy,,,,,,0.0
c_s_k_1000,2.0,17.0,Tulip,,,,,,1.3823545292831723e-05
c_s_k_1000,2.0,17.0,Maryj,,,,,,0.0
c_s_k_1000,3.0,3.0,Poppy,,,,,,0.0
c_s_k_1000,3.0,3.0,Oxlip,,,,,,0.0
c_s_k_1000,3.0,3.0,Daisy,,,,,,0.0
c_s_k_1000,3.0,3.0,Tulip,,,,,,0.0
c_s_k_1000,3.0,3.0,Maryj,,,,,,4.402688397780322e-05
c_s_k_1000,3.0,5.0,Poppy,,,,,,0.0
c_s_k_1000,3.0,5.0,Oxlip,,,,,,0.0
c_s_k_1000,3.0,5.0,Daisy,,,,,,0.0
c_s_k_1000,3.0,5.0,Tulip,,,,,,0.0
c_s_k_1000,3.0,5.0,Maryj,,,,,,1.4537962445130897e-06
c_s_k_1000,3.0,6.0,Poppy,,,,,,0.0
c_s_k_1000,3.0,6.0,Oxlip,,,,,,0.0
c_s_k_1000,3.0,6.0,Daisy,,,,,,0.0
c_s_k_1000,3.0,6.0,Tulip,,,,,,0.0
c_s_k_1000,3.0,6.0,Maryj,,,,,,2.7295823862922234e-09
c_s_k_1000,3.0,8.0,Poppy,,,,,,0.0
c_s_k_1000,3.0,8.0,Oxlip,,,,,,0.0
c_s_k_1000,3.0,8.0,Daisy,,,,,,1.4445962644399272e-06
c_s_k_1000,3.0,8.0,Tulip,,,,,,0.0
c_s_k_1000,3.0,8.0,Maryj,,,,,,0.0
c_s_k_1000,3.0,9.0,Poppy,,,,,,0.0
c_s_k_1000,3.0,9.0,Oxlip,,,,,,0.0
c_s_k_1000,3.0,9.0,Daisy,,,,,,0.0
c_s_k_1000,3.0,9.0,Tulip,,,,,,0.0
c_s_k_1000,3.0,9.0,Maryj,,,,,,4.2568277635452785e-05
c_s_k_1000,3.0,10.0,Poppy,,,,,,0.0
c_s_k_1000,3.0,10.0,Oxlip,,,,,,0.0
c_s_k_1000,3.0,10.0,Daisy,,,,,,2.0781843995746704e-08
c_s_k_1000,3.0,10.0,Tulip,,,,,,0.0
c_s_k_1000,3.0,10.0,Maryj,,,,,,0.0
c_s_k_1000,3.0,13.0,Poppy,,,,,,0.0
c_s_k_1000,3.0,13.0,Oxlip,,,,,,0.0
c_s_k_1000,3.0,13.0,Daisy,,,,,,0.0
c_s_k_1000,3.0,13.0,Tulip,,,,,,0.0
c_s_k_1000,3.0,13.0,Maryj,,,,,,4.403750200903466e-05
c_s_k_1000,3.0,14.0,Poppy,,,,,,0.0
c_s_k_1000,3.0,14.0,Oxlip,,,,,,0.0
c_s_k_1000,3.0,14.0,Daisy,,,,,,0.0
c_s_k_1000,3.0,14.0,Tulip,,,,,,0.0
c_s_k_1000,3.0,14.0,Maryj,,,,,,2.131546813682901e-07
c_s_k_1000,3.0,15.0,Poppy,,,,,,0.0
c_s_k_1000,3.0,15.0,Oxlip,,,,,,0.0
c_s_k_1000,3.0,15.0,Daisy,,,,,,0.0
c_s_k_1000,3.0,15.0,Tulip,,,,,,0.0
c_s_k_1000,3.0,15.0,Maryj,,,,,,2.624115173007162e-07
c_s_k_1000,3.0,16.0,Poppy,,,,,,0.0
c_s_k_1000,3.0,16.0,Oxlip,,,,,,0.0
c_s_k_1000,3.0,16.0,Daisy,,,,,,0.0
c_s_k_1000,3.0,16.0,Tulip,,,,,,6.594289600160762e-09
c_s_k_1000,3.0,16.0,Maryj,,,,,,0.0
c_s_k_1000,3.0,17.0,Poppy,,,,,,0.0
c_s_k_1000,3.0,17.0,Oxlip,,,,,,0.0
c_s_k_1000,3.0,17.0,Daisy,,,,,,0.0
c_s_k_1000,3.0,17.0,Tulip,,,,,,1.3823544387046412e-05
c_s_k_1000,3.0,17.0,Maryj,,,,,,0.0
c_s_k_1000,4.0,3.0,Poppy,,,,,,0.0
c_s_k_1000,4.0,3.0,Oxlip,,,,,,0.0
c_s_k_1000,4.0,3.0,Daisy,,,,,,0.0
c_s_k_1000,4.0,3.0,Tulip,,,,,,0.0
c_s_k_1000,4.0,3.0,Maryj,,,,,,4.4026884025784e-05
c_s_k_1000,4.0,5.0,Poppy,,,,,,0.0
c_s_k_1000,4.0,5.0,Oxlip,,,,,,0.0
c_s_k_1000,4.0,5.0,Daisy,,,,,,0.0
c_s_k_1000,4.0,5.0,Tulip,,,,,,0.0
c_s_k_1000,4.0,5.0,Maryj,,,,,,1.4543688521643503e-06
c_s_k_1000,4.0,6.0,Poppy,,,,,,0.0
c_s_k_1000,4.0,6.0,Oxlip,,,,,,0.0
c_s_k_1000,4.0,6.0,Daisy,,,,,,0.0
c_s_k_1000,4.0,6.0,Tulip,,,,,,0.0
c_s_k_1000,4.0,6.0,Maryj,,,,,,2.7322929944216098e-09
c_s_k_1000,4.0,8.0,Poppy,,,,,,0.0
c_s_k_1000,4.0,8.0,Oxlip,,,,,,0.0
c_s_k_1000,4.0,8.0,Daisy,,,,,,1.4445962644399272e-06
c_s_k_1000,4.0,8.0,Tulip,,,,,,0.0
c_s_k_1000,4.0,8.0,Maryj,,,,,,0.0
c_s_k_1000,4.0,9.0,Poppy,,,,,,0.0
c_s_k_1000,4.0,9.0,Oxlip,,,,,,0.0
c_s_k_1000,4.0,9.0,Daisy,,,,,,0.0
c_s_k_1000,4.0,9.0,Tulip,,,,,,0.0
c_s_k_1000,4.0,9.0,Maryj,,,,,,4.256827768343271e-05
c_s_k_1000,4.0,10.0,Poppy,,,,,,0.0
c_s_k_1000,4.0,10.0,Oxlip,,,,,,0.0
c_s_k_1000,4.0,10.0,Daisy,,,,,,2.0802481378066215e-08
c_s_k_1000,4.0,10.0,Tulip,,,,,,0.0
c_s_k_1000,4.0,10.0,Maryj,,,,,,0.0
c_s_k_1000,4.0,13.0,Poppy,,,,,,0.0
c_s_k_1000,4.0,13.0,Oxlip,,,,,,0.0
c_s_k_1000,4.0,13.0,Daisy,,,,,,0.0
c_s_k_1000,4.0,13.0,Tulip,,,,,,0.0
c_s_k_1000,4.0,13.0,Maryj,,,,,,4.403750205702702e-05
c_s_k_1000,4.0,14.0,Poppy,,,,,,0.0
c_s_k_1000,4.0,14.0,Oxlip,,,,,,0.0
c_s_k_1000,4.0,14.0,Daisy,,,,,,0.0
c_s_k_1000,4.0,14.0,Tulip,,,,,,0.0
c_s_k_1000,4.0,14.0,Maryj,,,,,,2.1372729137983272e-07
c_s_k_1000,4.0,15.0,Poppy,,,,,,0.0
c_s_k_1000,4.0,15.0,Oxlip,,,,,,0.0
c_s_k_1000,4.0,15.0,Daisy,,,,,,0.0
c_s_k_1000,4.0,15.0,Tulip,,,,,,0.0
c_s_k_1000,4.0,15.0,Maryj,,,,,,2.624115173007162e-07
c_s_k_1000,4.0,16.0,Poppy,,,,,,0.0
c_s_k_1000,4.0,16.0,Oxlip,,,,,,0.0
c_s_k_1000,4.0,16.0,Daisy,,,,,,0.0
c_s_k_1000,4.0,16.0,Tulip,,,,,,6.594289600160762e-09
c_s_k_1000,4.0,16.0,Maryj,,,,,,0.0
c_s_k_1000,4.0,17.0,Poppy,,,,,,0.0
c_s_k_1000,4.0,17.0,Oxlip,,,,,,0.0
c_s_k_1000,4.0,17.0,Daisy,,,,,,0.0
c_s_k_1000,4.0,17.0,Tulip,,,,,,1.3823544387435577e-05
c_s_k_1000,4.0,17.0,Maryj,,,,,,0.0
c_s_k_1000,5.0,3.0,Poppy,,,,,,0.0
c_s_k_1000,5.0,3.0,Oxlip,,,,,,0.0
c_s_k_1000,5.0,3.0,Daisy,,,,,,0.0
c_s_k_1000,5.0,3.0,Tulip,,,,,,0.0
c_s_k_1000,5.0,3.0,Maryj,,,,,,4.508826994764229e-05
c_s_k_1000,5.0,5.0,Poppy,,,,,,0.0
c_s_k_1000,5.0,5.0,Oxlip,,,,,,0.0
c_s_k_1000,5.0,5.0,Daisy,,,,,,0.0
c_s_k_1000,5.0,5.0,Tulip,,,,,,0.0
c_s_k_1000,5.0,5.0,Maryj,,,,,,1.4949119499209735e-06
c_s_k_1000,5.0,6.0,Poppy,,,,,,0.0
c_s_k_1000,5.0,6.0,Oxlip,,,,,,0.0
c_s_k_1000,5.0,6.0,Daisy,,,,,,0.0
c_s_k_1000,5.0,6.0,Tulip,,,,,,0.0
c_s_k_1000,5.0,6.0,Maryj,,,,,,2.8788445548236055e-09
c_s_k_1000,5.0,8.0,Poppy,,,,,,0.0
c_s_k_1000,5.0,8.0,Oxlip,,,,,,0.0
c_s_k_1000,5.0,8.0,Daisy,,,,,,1.4840793487020812e-06
c_s_k_1000,5.0,8.0,Tulip,,,,,,0.0
c_s_k_1000,5.0,8.0,Maryj,,,,,,0.0
c_s_k_1000,5.0,9.0,Poppy,,,,,,0.0
c_s_k_1000,5.0,9.0,Oxlip,,,,,,0.0
c_s_k_1000,5.0,9.0,Daisy,,,,,,0.0
c_s_k_1000,5.0,9.0,Tulip,,,,,,0.0
c_s_k_1000,5.0,9.0,Maryj,,,,,,4.362964441584695e-05
c_s_k_1000,5.0,10.0,Poppy,,,,,,0.0
c_s_k_1000,5.0,10.0,Oxlip,,,,,,0.0
c_s_k_1000,5.0,10.0,Daisy,,,,,,2.1918260729846324e-08
c_s_k_1000,5.0,10.0,Tulip,,,,,,0.0
c_s_k_1000,5.0,10.0,Maryj,,,,,,0.0
c_s_k_1000,5.0,13.0,Poppy,,,,,,0.0
c_s_k_1000,5.0,13.0,Oxlip,,,,,,0.0
c_s_k_1000,5.0,13.0,Daisy,,,,,,0.0
c_s_k_1000,5.0,13.0,Tulip,,,,,,0.0
c_s_k_1000,5.0,13.0,Maryj,,,,,,4.509914395495831e-05
c_s_k_1000,5.0,14.0,Poppy,,,,,,0.0
c_s_k_1000,5.0,14.0,Oxlip,,,,,,0.0
c_s_k_1000,5.0,14.0,Daisy,,,,,,0.0
c_s_k_1000,5.0,14.0,Tulip,,,,,,0.0
c_s_k_1000,5.0,14.0,Maryj,,,,,,2.1968269610397706e-07
c_s_k_1000,5.0,15.0,Poppy,,,,,,0.0
c_s_k_1000,5.0,15.0,Oxlip,,,,,,0.0
c_s_k_1000,5.0,15.0,Daisy,,,,,,0.0
c_s_k_1000,5.0,15.0,Tulip,,,,,,0.0
c_s_k_1000,5.0,15.0,Maryj,,,,,,2.7059547037003257e-07
c_s_k_1000,5.0,16.0,Poppy,,,,,,0.0
c_s_k_1000,5.0,16.0,Oxlip,,,,,,0.0
c_s_k_1000,5.0,16.0,Daisy,,,,,,0.0
c_s_k_1000,5.0,16.0,Tulip,,,,,,6.594289600160762e-09
c_s_k_1000,5.0,16.0,Maryj,,,,,,0.0
c_s_k_1000,5.0,17.0,Poppy,,,,,,0.0
c_s_k_1000,5.0,17.0,Oxlip,,,,,,0.0
c_s_k_1000,5.0,17.0,Daisy,,,,,,0.0
c_s_k_1000,5.0,17.0,Tulip,,,,,,1.4069907978656524e-05
c_s_k_1000,5.0,17.0,Maryj,,,,,,0.0
c_s_k_1000,6.0,3.0,Poppy,,,,,,0.0
c_s_k_1000,6.0,3.0,Oxlip,,,,,,0.0
c_s_k_1000,6.0,3.0,Daisy,,,,,,0.0
c_s_k_1000,6.0,3.0,Tulip,,,,,,0.0
c_s_k_1000,6.0,3.0,Maryj,,,,,,6.136768260501449e-05
c_s_k_1000,6.0,5.0,Poppy,,,,,,0.0
c_s_k_1000,6.0,5.0,Oxlip,,,,,,0.0
c_s_k_1000,6.0,5.0,Daisy,,,,,,0.0
c_s_k_1000,6.0,5.0,Tulip,,,,,,0.0
c_s_k_1000,6.0,5.0,Maryj,,,,,,2.1802361183539105e-06
c_s_k_1000,6.0,6.0,Poppy,,,,,,0.0
c_s_k_1000,6.0,6.0,Oxlip,,,,,,0.0
c_s_k_1000,6.0,6.0,Daisy,,,,,,0.0
c_s_k_1000,6.0,6.0,Tulip,,,,,,0.0
c_s_k_1000,6.0,6.0,Maryj,,,,,,3.4165577191278412e-09
c_s_k_1000,6.0,8.0,Poppy,,,,,,0.0
c_s_k_1000,6.0,8.0,Oxlip,,,,,,0.0
c_s_k_1000,6.0,8.0,Daisy,,,,,,2.1750258667936165e-06
c_s_k_1000,6.0,8.0,Tulip,,,,,,0.0
c_s_k_1000,6.0,8.0,Maryj,,,,,,0.0
c_s_k_1000,6.0,9.0,Poppy,,,,,,0.0
c_s_k_1000,6.0,9.0,Oxlip,,,,,,0.0
c_s_k_1000,6.0,9.0,Daisy,,,,,,0.0
c_s_k_1000,6.0,9.0,Tulip,,,,,,0.0
c_s_k_1000,6.0,9.0,Maryj,,,,,,5.979534750379295e-05
c_s_k_1000,6.0,10.0,Poppy,,,,,,0.0
c_s_k_1000,6.0,10.0,Oxlip,,,,,,0.0
c_s_k_1000,6.0,10.0,Daisy,,,,,,5.604779140009721e-08
c_s_k_1000,6.0,10.0,Tulip,,,,,,0.0
c_s_k_1000,6.0,10.0,Maryj,,,,,,0.0
c_s_k_1000,6.0,13.0,Poppy,,,,,,0.0
c_s_k_1000,6.0,13.0,Oxlip,,,,,,0.0
c_s_k_1000,6.0,13.0,Daisy,,,,,,0.0
c_s_k_1000,6.0,13.0,Tulip,,,,,,0.0
c_s_k_1000,6.0,13.0,Maryj,,,,,,6.138248274328524e-05
c_s_k_1000,6.0,14.0,Poppy,,,,,,0.0
c_s_k_1000,6.0,14.0,Oxlip,,,,,,0.0
c_s_k_1000,6.0,14.0,Daisy,,,,,,0.0
c_s_k_1000,6.0,14.0,Tulip,,,,,,0.0
c_s_k_1000,6.0,14.0,Maryj,,,,,,3.101051245779306e-07
c_s_k_1000,6.0,15.0,Poppy,,,,,,0.0
c_s_k_1000,6.0,15.0,Oxlip,,,,,,0.0
c_s_k_1000,6.0,15.0,Daisy,,,,,,0.0
c_s_k_1000,6.0,15.0,Tulip,,,,,,0.0
c_s_k_1000,6.0,15.0,Maryj,,,,,,4.4122719450064356e-07
c_s_k_1000,6.0,16.0,Poppy,,,,,,0.0
c_s_k_1000,6.0,16.0,Oxlip,,,,,,0.0
c_s_k_1000,6.0,16.0,Daisy,,,,,,0.0
c_s_k_1000,6.0,16.0,Tulip,,,,,,6.881357237777388e-09
c_s_k_1000,6.0,16.0,Maryj,,,,,,0.0
c_s_k_1000,6.0,17.0,Poppy,,,,,,0.0
c_s_k_1000,6.0,17.0,Oxlip,,,,,,0.0
c_s_k_1000,6.0,17.0,Daisy,,,,,,0.0
c_s_k_1000,6.0,17.0,Tulip,,,,,,1.7902284544290073e-05
c_s_k_1000,6.0,17.0,Maryj,,,,,,0.0
c_s_k_1000,7.0,3.0,Poppy,,,,,,0.0
c_s_k_1000,7.0,3.0,Oxlip,,,,,,0.0
c_s_k_1000,7.0,3.0,Daisy,,,,,,0.0
c_s_k_1000,7.0,3.0,Tulip,,,,,,0.0
c_s_k_1000,7.0,3.0,Maryj,,,,,,9.262785206964625e-05
c_s_k_1000,7.0,5.0,Poppy,,,,,,0.0
c_s_k_1000,7.0,5.0,Oxlip,,,,,,0.0
c_s_k_1000,7.0,5.0,Daisy,,,,,,0.0
c_s_k_1000,7.0,5.0,Tulip,,,,,,0.0
c_s_k_1000,7.0,5.0,Maryj,,,,,,4.03344121885936e-06
c_s_k_1000,7.0,6.0,Poppy,,,,,,0.0
c_s_k_1000,7.0,6.0,Oxlip,,,,,,0.0
c_s_k_1000,7.0,6.0,Daisy,,,,,,0.0
c_s_k_1000,7.0,6.0,Tulip,,,,,,0.0
c_s_k_1000,7.0,6.0,Maryj,,,,,,3.002650658557025e-09
c_s_k_1000,7.0,8.0,Poppy,,,,,,0.0
c_s_k_1000,7.0,8.0,Oxlip,,,,,,0.0
c_s_k_1000,7.0,8.0,Daisy,,,,,,4.041064255923207e-06
c_s_k_1000,7.0,8.0,Tulip,,,,,,0.0
c_s_k_1000,7.0,8.0,Maryj,,,,,,0.0
c_s_k_1000,7.0,9.0,Poppy,,,,,,0.0
c_s_k_1000,7.0,9.0,Oxlip,,,,,,0.0
c_s_k_1000,7.0,9.0,Daisy,,,,,,0.0
c_s_k_1000,7.0,9.0,Tulip,,,,,,0.0
c_s_k_1000,7.0,9.0,Maryj,,,,,,8.644697270960224e-05
c_s_k_1000,7.0,10.0,Poppy,,,,,,0.0
c_s_k_1000,7.0,10.0,Oxlip,,,,,,0.0
c_s_k_1000,7.0,10.0,Daisy,,,,,,1.0894961134352112e-07
c_s_k_1000,7.0,10.0,Tulip,,,,,,0.0
c_s_k_1000,7.0,10.0,Maryj,,,,,,0.0
c_s_k_1000,7.0,13.0,Poppy,,,,,,0.0
c_s_k_1000,7.0,13.0,Oxlip,,,,,,0.0
c_s_k_1000,7.0,13.0,Daisy,,,,,,0.0
c_s_k_1000,7.0,13.0,Tulip,,,,,,0.0
c_s_k_1000,7.0,13.0,Maryj,,,,,,9.266855495835003e-05
c_s_k_1000,7.0,14.0,Poppy,,,,,,0.0
c_s_k_1000,7.0,14.0,Oxlip,,,,,,0.0
c_s_k_1000,7.0,14.0,Daisy,,,,,,0.0
c_s_k_1000,7.0,14.0,Tulip,,,,,,0.0
c_s_k_1000,7.0,14.0,Maryj,,,,,,5.339858983878223e-07
c_s_k_1000,7.0,15.0,Poppy,,,,,,0.0
c_s_k_1000,7.0,15.0,Oxlip,,,,,,0.0
c_s_k_1000,7.0,15.0,Daisy,,,,,,0.0
c_s_k_1000,7.0,15.0,Tulip,,,,,,0.0
c_s_k_1000,7.0,15.0,Maryj,,,,,,7.128261267154072e-07
c_s_k_1000,7.0,16.0,Poppy,,,,,,0.0
c_s_k_1000,7.0,16.0,Oxlip,,,,,,0.0
c_s_k_1000,7.0,16.0,Daisy,,,,,,0.0
c_s_k_1000,7.0,16.0,Tulip,,,,,,1.682241936851661e-08
c_s_k_1000,7.0,16.0,Maryj,,,,,,0.0
c_s_k_1000,7.0,17.0,Poppy,,,,,,0.0
c_s_k_1000,7.0,17.0,Oxlip,,,,,,0.0
c_s_k_1000,7.0,17.0,Daisy,,,,,,0.0
c_s_k_1000,7.0,17.0,Tulip,,,,,,2.294733644822215e-05
c_s_k_1000,7.0,17.0,Maryj,,,,,,0.0
c_s_k_1000,8.0,3.0,Poppy,,,,,,0.0
c_s_k_1000,8.0,3.0,Oxlip,,,,,,0.0
c_s_k_1000,8.0,3.0,Daisy,,,,,,0.0
c_s_k_1000,8.0,3.0,Tulip,,,,,,0.0
c_s_k_1000,8.0,3.0,Maryj,,,,,,0.00040163095664451994
c_s_k_1000,8.0,5.0,Poppy,,,,,,0.0
c_s_k_1000,8.0,5.0,Oxlip,,,,,,0.0
c_s_k_1000,8.0,5.0,Daisy,,,,,,0.0
c_s_k_1000,8.0,5.0,Tulip,,,,,,0.0
c_s_k_1000,8.0,5.0,Maryj,,,,,,2.05422101508356e-05
c_s_k_1000,8.0,6.0,Poppy,,,,,,0.0
c_s_k_1000,8.0,6.0,Oxlip,,,,,,0.0
c_s_k_1000,8.0,6.0,Daisy,,,,,,0.0
c_s_k_1000,8.0,6.0,Tulip,,,,,,0.0
c_s_k_1000,8.0,6.0,Maryj,,,,,,5.223802865685387e-08
c_s_k_1000,8.0,8.0,Poppy,,,,,,0.0
c_s_k_1000,8.0,8.0,Oxlip,,,,,,0.0
c_s_k_1000,8.0,8.0,Daisy,,,,,,2.1187925620891192e-05
c_s_k_1000,8.0,8.0,Tulip,,,,,,0.0
c_s_k_1000,8.0,8.0,Maryj,,,,,,0.0
c_s_k_1000,8.0,9.0,Poppy,,,,,,0.0
c_s_k_1000,8.0,9.0,Oxlip,,,,,,0.0
c_s_k_1000,8.0,9.0,Daisy,,,,,,0.0
c_s_k_1000,8.0,9.0,Tulip,,,,,,0.0
c_s_k_1000,8.0,9.0,Maryj,,,,,,0.0003873023102822282
c_s_k_1000,8.0,10.0,Poppy,,,,,,0.0
c_s_k_1000,8.0,10.0,Oxlip,,,,,,0.0
c_s_k_1000,8.0,10.0,Daisy,,,,,,5.301158329680775e-07
c_s_k_1000,8.0,10.0,Tulip,,,,,,0.0
c_s_k_1000,8.0,10.0,Maryj,,,,,,0.0
c_s_k_1000,8.0,13.0,Poppy,,,,,,0.0
c_s_k_1000,8.0,13.0,Oxlip,,,,,,0.0
c_s_k_1000,8.0,13.0,Daisy,,,,,,0.0
c_s_k_1000,8.0,13.0,Tulip,,,,,,0.0
c_s_k_1000,8.0,13.0,Maryj,,,,,,0.00040206785249673893
c_s_k_1000,8.0,14.0,Poppy,,,,,,0.0
c_s_k_1000,8.0,14.0,Oxlip,,,,,,0.0
c_s_k_1000,8.0,14.0,Daisy,,,,,,0.0
c_s_k_1000,8.0,14.0,Tulip,,,,,,0.0
c_s_k_1000,8.0,14.0,Maryj,,,,,,2.469011597868419e-06
c_s_k_1000,8.0,15.0,Poppy,,,,,,0.0
c_s_k_1000,8.0,15.0,Oxlip,,,,,,0.0
c_s_k_1000,8.0,15.0,Daisy,,,,,,0.0
c_s_k_1000,8.0,15.0,Tulip,,,,,,0.0
c_s_k_1000,8.0,15.0,Maryj,,,,,,3.593133064111471e-06
c_s_k_1000,8.0,16.0,Poppy,,,,,,0.0
c_s_k_1000,8.0,16.0,Oxlip,,,,,,0.0
c_s_k_1000,8.0,16.0,Daisy,,,,,,0.0
c_s_k_1000,8.0,16.0,Tulip,,,,,,1.0747687961752535e-07
c_s_k_1000,8.0,16.0,Maryj,,,,,,0.0
c_s_k_1000,8.0,17.0,Poppy,,,,,,0.0
c_s_k_1000,8.0,17.0,Oxlip,,,,,,0.0
c_s_k_1000,8.0,17.0,Daisy,,,,,,0.0
c_s_k_1000,8.0,17.0,Tulip,,,,,,7.713185433464939e-05
c_s_k_1000,8.0,17.0,Maryj,,,,,,0.0
c_s_k_1000,9.0,3.0,Poppy,,,,,,0.0
c_s_k_1000,9.0,3.0,Oxlip,,,,,,0.0
c_s_k_1000,9.0,3.0,Daisy,,,,,,0.0
c_s_k_1000,9.0,3.0,Tulip,,,,,,0.0
c_s_k_1000,9.0,3.0,Maryj,,,,,,0.00037883361106965616
c_s_k_1000,9.0,5.0,Poppy,,,,,,0.0
c_s_k_1000,9.0,5.0,Oxlip,,,,,,0.0
c_s_k_1000,9.0,5.0,Daisy,,,,,,0.0
c_s_k_1000,9.0,5.0,Tulip,,,,,,0.0
c_s_k_1000,9.0,5.0,Maryj,,,,,,1.7323414998182466e-05
c_s_k_1000,9.0,6.0,Poppy,,,,,,0.0
c_s_k_1000,9.0,6.0,Oxlip,,,,,,0.0
c_s_k_1000,9.0,6.0,Daisy,,,,,,0.0
c_s_k_1000,9.0,6.0,Tulip,,,,,,0.0
c_s_k_1000,9.0,6.0,Maryj,,,,,,1.4651026340235294e-07
c_s_k_1000,9.0,8.0,Poppy,,,,,,0.0
c_s_k_1000,9.0,8.0,Oxlip,,,,,,0.0
c_s_k_1000,9.0,8.0,Daisy,,,,,,1.828469754211379e-05
c_s_k_1000,9.0,8.0,Tulip,,,,,,0.0
c_s_k_1000,9.0,8.0,Maryj,,,,,,0.0
c_s_k_1000,9.0,9.0,Poppy,,,,,,0.0
c_s_k_1000,9.0,9.0,Oxlip,,,,,,0.0
c_s_k_1000,9.0,9.0,Daisy,,,,,,0.0
c_s_k_1000,9.0,9.0,Tulip,,,,,,0.0
c_s_k_1000,9.0,9.0,Maryj,,,,,,0.00036813873415992844
c_s_k_1000,9.0,10.0,Poppy,,,,,,0.0
c_s_k_1000,9.0,10.0,Oxlip,,,,,,0.0
c_s_k_1000,9.0,10.0,Daisy,,,,,,6.426097362009688e-07
c_s_k_1000,9.0,10.0,Tulip,,,,,,0.0
c_s_k_1000,9.0,10.0,Maryj,,,,,,0.0
c_s_k_1000,9.0,13.0,Poppy,,,,,,0.0
c_s_k_1000,9.0,13.0,Oxlip,,,,,,0.0
c_s_k_1000,9.0,13.0,Daisy,,,,,,0.0
c_s_k_1000,9.0,13.0,Tulip,,,,,,0.0
c_s_k_1000,9.0,13.0,Maryj,,,,,,0.00037924570787300067
c_s_k_1000,9.0,14.0,Poppy,,,,,,0.0
c_s_k_1000,9.0,14.0,Oxlip,,,,,,0.0
c_s_k_1000,9.0,14.0,Daisy,,,,,,0.0
c_s_k_1000,9.0,14.0,Tulip,,,,,,0.0
c_s_k_1000,9.0,14.0,Maryj,,,,,,3.164697857161116e-06
c_s_k_1000,9.0,15.0,Poppy,,,,,,0.0
c_s_k_1000,9.0,15.0,Oxlip,,,,,,0.0
c_s_k_1000,9.0,15.0,Daisy,,,,,,0.0
c_s_k_1000,9.0,15.0,Tulip,,,,,,0.0
c_s_k_1000,9.0,15.0,Maryj,,,,,,3.1232334723030924e-06
c_s_k_1000,9.0,16.0,Poppy,,,,,,0.0
c_s_k_1000,9.0,16.0,Oxlip,,,,,,0.0
c_s_k_1000,9.0,16.0,Daisy,,,,,,0.0
c_s_k_1000,9.0,16.0,Tulip,,,,,,2.774784211453894e-08
c_s_k_1000,9.0,16.0,Maryj,,,,,,0.0
c_s_k_1000,9.0,17.0,Poppy,,,,,,0.0
c_s_k_1000,9.0,17.0,Oxlip,,,,,,0.0
c_s_k_1000,9.0,17.0,Daisy,,,,,,0.0
c_s_k_1000,9.0,17.0,Tulip,,,,,,7.824149542787356e-05
c_s_k_1000,9.0,17.0,Maryj,,,,,,0.0
c_s_k_1000,10.0,3.0,Poppy,,,,,,0.0
c_s_k_1000,10.0,3.0,Oxlip,,,,,,0.0
c_s_k_1000,10.0,3.0,Daisy,,,,,,0.0
c_s_k_1000,10.0,3.0,Tulip,,,,,,0.0
c_s_k_1000,10.0,3.0,Maryj,,,,,,0.0003466756133595559
c_s_k_1000,10.0,5.0,Poppy,,,,,,0.0
c_s_k_1000,10.0,5.0,Oxlip,,,,,,0.0
c_s_k_1000,10.0,5.0,Daisy,,,,,,0.0
c_s_k_1000,10.0,5.0,Tulip,,,,,,0.0
c_s_k_1000,10.0,5.0,Maryj,,,,,,1.5551976576616846e-05
c_s_k_1000,10.0,6.0,Poppy,,,,,,0.0
c_s_k_1000,10.0,6.0,Oxlip,,,,,,0.0
c_s_k_1000,10.0,6.0,Daisy,,,,,,0.0
c_s_k_1000,10.0,6.0,Tulip,,,,,,0.0
c_s_k_1000,10.0,6.0,Maryj,,,,,,2.7621761364467666e-07
c_s_k_1000,10.0,8.0,Poppy,,,,,,0.0
c_s_k_1000,10.0,8.0,Oxlip,,,,,,0.0
c_s_k_1000,10.0,8.0,Daisy,,,,,,1.6468233678408206e-05
c_s_k_1000,10.0,8.0,Tulip,,,,,,0.0
c_s_k_1000,10.0,8.0,Maryj,,,,,,0.0
c_s_k_1000,10.0,9.0,Poppy,,,,,,0.0
c_s_k_1000,10.0,9.0,Oxlip,,,,,,0.0
c_s_k_1000,10.0,9.0,Daisy,,,,,,0.0
c_s_k_1000,10.0,9.0,Tulip,,,,,,0.0
c_s_k_1000,10.0,9.0,Maryj,,,,,,0.0003402213334525732
c_s_k_1000,10.0,10.0,Poppy,,,,,,0.0
c_s_k_1000,10.0,10.0,Oxlip,,,,,,0.0
c_s_k_1000,10.0,10.0,Daisy,,,,,,5.112365363048439e-07
c_s_k_1000,10.0,10.0,Tulip,,,,,,0.0
c_s_k_1000,10.0,10.0,Maryj,,,,,,0.0
c_s_k_1000,10.0,13.0,Poppy,,,,,,0.0
c_s_k_1000,10.0,13.0,Oxlip,,,,,,0.0
c_s_k_1000,10.0,13.0,Daisy,,,,,,0.0
c_s_k_1000,10.0,13.0,Tulip,,,,,,0.0
c_s_k_1000,10.0,13.0,Maryj,,,,,,0.0003470057097394816
c_s_k_1000,10.0,14.0,Poppy,,,,,,0.0
c_s_k_1000,10.0,14.0,Oxlip,,,,,,0.0
c_s_k_1000,10.0,14.0,Daisy,,,,,,0.0
c_s_k_1000,10.0,14.0,Tulip,,,,,,0.0
c_s_k_1000,10.0,14.0,Maryj,,,,,,3.42240301473798e-06
c_s_k_1000,10.0,15.0,Poppy,,,,,,0.0
c_s_k_1000,10.0,15.0,Oxlip,,,,,,0.0
c_s_k_1000,10.0,15.0,Daisy,,,,,,0.0
c_s_k_1000,10.0,15.0,Tulip,,,,,,0.0
c_s_k_1000,10.0,15.0,Maryj,,,,,,2.830342213188635e-06
c_s_k_1000,10.0,16.0,Poppy,,,,,,0.0
c_s_k_1000,10.0,16.0,Oxlip,,,,,,0.0
c_s_k_1000,10.0,16.0,Daisy,,,,,,0.0
c_s_k_1000,10.0,16.0,Tulip,,,,,,1.0402499812743553e-08
c_s_k_1000,10.0,16.0,Maryj,,,,,,0.0
c_s_k_1000,10.0,17.0,Poppy,,,,,,0.0
c_s_k_1000,10.0,17.0,Oxlip,,,,,,0.0
c_s_k_1000,10.0,17.0,Daisy,,,,,,0.0
c_s_k_1000,10.0,17.0,Tulip,,,,,,7.45298097130453e-05
c_s_k_1000,10.0,17.0,Maryj,,,,,,0.0
c_s_k_1000,11.0,3.0,Poppy,,,,,,0.0
c_s_k_1000,11.0,3.0,Oxlip,,,,,,0.0
c_s_k_1000,11.0,3.0,Daisy,,,,,,0.0
c_s_k_1000,11.0,3.0,Tulip,,,,,,0.0
c_s_k_1000,11.0,3.0,Maryj,,,,,,0.00033185233498232453
c_s_k_1000,11.0,5.0,Poppy,,,,,,0.0
c_s_k_1000,11.0,5.0,Oxlip,,,,,,0.0
c_s_k_1000,11.0,5.0,Daisy,,,,,,0.0
c_s_k_1000,11.0,5.0,Tulip,,,,,,0.0
c_s_k_1000,11.0,5.0,Maryj,,,,,,1.5150783433591018e-05
c_s_k_1000,11.0,6.0,Poppy,,,,,,0.0
c_s_k_1000,11.0,6.0,Oxlip,,,,,,0.0
c_s_k_1000,11.0,6.0,Daisy,,,,,,0.0
c_s_k_1000,11.0,6.0,Tulip,,,,,,0.0
c_s_k_1000,11.0,6.0,Maryj,,,,,,2.585352909679796e-07
c_s_k_1000,11.0,8.0,Poppy,,,,,,0.0
c_s_k_1000,11.0,8.0,Oxlip,,,,,,0.0
c_s_k_1000,11.0,8.0,Daisy,,,,,,1.6249554163441182e-05
c_s_k_1000,11.0,8.0,Tulip,,,,,,0.0
c_s_k_1000,11.0,8.0,Maryj,,,,,,0.0
c_s_k_1000,11.0,9.0,Poppy,,,,,,0.0
c_s_k_1000,11.0,9.0,Oxlip,,,,,,0.0
c_s_k_1000,11.0,9.0,Daisy,,,,,,0.0
c_s_k_1000,11.0,9.0,Tulip,,,,,,0.0
c_s_k_1000,11.0,9.0,Maryj,,,,,,0.00032882672104755136
c_s_k_1000,11.0,10.0,Poppy,,,,,,0.0
c_s_k_1000,11.0,10.0,Oxlip,,,,,,0.0
c_s_k_1000,11.0,10.0,Daisy,,,,,,4.502749134043617e-07
c_s_k_1000,11.0,10.0,Tulip,,,,,,0.0
c_s_k_1000,11.0,10.0,Maryj,,,,,,0.0
c_s_k_1000,11.0,13.0,Poppy,,,,,,0.0
c_s_k_1000,11.0,13.0,Oxlip,,,,,,0.0
c_s_k_1000,11.0,13.0,Daisy,,,,,,0.0
c_s_k_1000,11.0,13.0,Tulip,,,,,,0.0
c_s_k_1000,11.0,13.0,Maryj,,,,,,0.00033216831698459453
c_s_k_1000,11.0,14.0,Poppy,,,,,,0.0
c_s_k_1000,11.0,14.0,Oxlip,,,,,,0.0
c_s_k_1000,11.0,14.0,Daisy,,,,,,0.0
c_s_k_1000,11.0,14.0,Tulip,,,,,,0.0
c_s_k_1000,11.0,14.0,Maryj,,,,,,3.1566989347234313e-06
c_s_k_1000,11.0,15.0,Poppy,,,,,,0.0
c_s_k_1000,11.0,15.0,Oxlip,,,,,,0.0
c_s_k_1000,11.0,15.0,Daisy,,,,,,0.0
c_s_k_1000,11.0,15.0,Tulip,,,,,,0.0
c_s_k_1000,11.0,15.0,Maryj,,,,,,2.7631272463702e-06
c_s_k_1000,11.0,16.0,Poppy,,,,,,0.0
c_s_k_1000,11.0,16.0,Oxlip,,,,,,0.0
c_s_k_1000,11.0,16.0,Daisy,,,,,,0.0
c_s_k_1000,11.0,16.0,Tulip,,,,,,5.700559728262254e-09
c_s_k_1000,11.0,16.0,Maryj,,,,,,0.0
c_s_k_1000,11.0,17.0,Poppy,,,,,,0.0
c_s_k_1000,11.0,17.0,Oxlip,,,,,,0.0
c_s_k_1000,11.0,17.0,Daisy,,,,,,0.0
c_s_k_1000,11.0,17.0,Tulip,,,,,,7.304405203869409e-05
c_s_k_1000,11.0,17.0,Maryj,,,,,,0.0
c_s_k_1000,12.0,3.0,Poppy,,,,,,0.0
c_s_k_1000,12.0,3.0,Oxlip,,,,,,0.0
c_s_k_1000,12.0,3.0,Daisy,,,,,,0.0
c_s_k_1000,12.0,3.0,Tulip,,,,,,0.0
c_s_k_1000,12.0,3.0,Maryj,,,,,,0.0002580046083945673
c_s_k_1000,12.0,5.0,Poppy,,,,,,0.0
c_s_k_1000,12.0,5.0,Oxlip,,,,,,0.0
c_s_k_1000,12.0,5.0,Daisy,,,,,,0.0
c_s_k_1000,12.0,5.0,Tulip,,,,,,0.0
c_s_k_1000,12.0,5.0,Maryj,,,,,,1.2748092070605069e-05
c_s_k_1000,12.0,6.0,Poppy,,,,,,0.0
c_s_k_1000,12.0,6.0,Oxlip,,,,,,0.0
c_s_k_1000,12.0,6.0,Daisy,,,,,,0.0
c_s_k_1000,12.0,6.0,Tulip,,,,,,0.0
c_s_k_1000,12.0,6.0,Maryj,,,,,,2.3810955136573558e-07
c_s_k_1000,12.0,8.0,Poppy,,,,,,0.0
c_s_k_1000,12.0,8.0,Oxlip,,,,,,0.0
c_s_k_1000,12.0,8.0,Daisy,,,,,,1.4112388540557522e-05
c_s_k_1000,12.0,8.0,Tulip,,,,,,0.0
c_s_k_1000,12.0,8.0,Maryj,,,,,,0.0
c_s_k_1000,12.0,9.0,Poppy,,,,,,0.0
c_s_k_1000,12.0,9.0,Oxlip,,,,,,0.0
c_s_k_1000,12.0,9.0,Daisy,,,,,,0.0
c_s_k_1000,12.0,9.0,Tulip,,,,,,0.0
c_s_k_1000,12.0,9.0,Maryj,,,,,,0.0002658268037536853
c_s_k_1000,12.0,10.0,Poppy,,,,,,0.0
c_s_k_1000,12.0,10.0,Oxlip,,,,,,0.0
c_s_k_1000,12.0,10.0,Daisy,,,,,,4.118270412738714e-07
c_s_k_1000,12.0,10.0,Tulip,,,,,,0.0
c_s_k_1000,12.0,10.0,Maryj,,,,,,0.0
c_s_k_1000,12.0,13.0,Poppy,,,,,,0.0
c_s_k_1000,12.0,13.0,Oxlip,,,,,,0.0
c_s_k_1000,12.0,13.0,Daisy,,,,,,0.0
c_s_k_1000,12.0,13.0,Tulip,,,,,,0.0
c_s_k_1000,12.0,13.0,Maryj,,,,,,0.00025814039970992983
c_s_k_1000,12.0,14.0,Poppy,,,,,,0.0
c_s_k_1000,12.0,14.0,Oxlip,,,,,,0.0
c_s_k_1000,12.0,14.0,Daisy,,,,,,0.0
c_s_k_1000,12.0,14.0,Tulip,,,,,,0.0
c_s_k_1000,12.0,14.0,Maryj,,,,,,2.1459718875686095e-06
c_s_k_1000,12.0,15.0,Poppy,,,,,,0.0
c_s_k_1000,12.0,15.0,Oxlip,,,,,,0.0
c_s_k_1000,12.0,15.0,Daisy,,,,,,0.0
c_s_k_1000,12.0,15.0,Tulip,,,,,,0.0
c_s_k_1000,12.0,15.0,Maryj,,,,,,2.327198018877272e-06
c_s_k_1000,12.0,16.0,Poppy,,,,,,0.0
c_s_k_1000,12.0,16.0,Oxlip,,,,,,0.0
c_s_k_1000,12.0,16.0,Daisy,,,,,,0.0
c_s_k_1000,12.0,16.0,Tulip,,,,,,1.1863911072175596e-08
c_s_k_1000,12.0,16.0,Maryj,,,,,,0.0
c_s_k_1000,12.0,17.0,Poppy,,,,,,0.0
c_s_k_1000,12.0,17.0,Oxlip,,,,,,0.0
c_s_k_1000,12.0,17.0,Daisy,,,,,,0.0
c_s_k_1000,12.0,17.0,Tulip,,,,,,6.508190580590983e-05
c_s_k_1000,12.0,17.0,Maryj,,,,,,0.0
c_s_k_1000,13.0,3.0,Poppy,,,,,,0.0
c_s_k_1000,13.0,3.0,Oxlip,,,,,,0.0
c_s_k_1000,13.0,3.0,Daisy,,,,,,0.0
c_s_k_1000,13.0,3.0,Tulip,,,,,,0.0
c_s_k_1000,13.0,3.0,Maryj,,,,,,0.00036114943254812656
c_s_k_1000,13.0,5.0,Poppy,,,,,,0.0
c_s_k_1000,13.0,5.0,Oxlip,,,,,,0.0
c_s_k_1000,13.0,5.0,Daisy,,,,,,0.0
c_s_k_1000,13.0,5.0,Tulip,,,,,,0.0
c_s_k_1000,13.0,5.0,Maryj,,,,,,1.6544528883255383e-05
c_s_k_1000,13.0,6.0,Poppy,,,,,,0.0
c_s_k_1000,13.0,6.0,Oxlip,,,,,,0.0
c_s_k_1000,13.0,6.0,Daisy,,,,,,0.0
c_s_k_1000,13.0,6.0,Tulip,,,,,,0.0
c_s_k_1000,13.0,6.0,Maryj,,,,,,2.9421889757834236e-07
c_s_k_1000,13.0,8.0,Poppy,,,,,,0.0
c_s_k_1000,13.0,8.0,Oxlip,,,,,,0.0
c_s_k_1000,13.0,8.0,Daisy,,,,,,1.7323024305064543e-05
c_s_k_1000,13.0,8.0,Tulip,,,,,,0.0
c_s_k_1000,13.0,8.0,Maryj,,,,,,0.0
c_s_k_1000,13.0,9.0,Poppy,,,,,,0.0
c_s_k_1000,13.0,9.0,Oxlip,,,,,,0.0
c_s_k_1000,13.0,9.0,Daisy,,,,,,0.0
c_s_k_1000,13.0,9.0,Tulip,,,,,,0.0
c_s_k_1000,13.0,9.0,Maryj,,,,,,0.00035406626187765465
c_s_k_1000,13.0,10.0,Poppy,,,,,,0.0
c_s_k_1000,13.0,10.0,Oxlip,,,,,,0.0
c_s_k_1000,13.0,10.0,Daisy,,,,,,5.233310144741626e-07
c_s_k_1000,13.0,10.0,Tulip,,,,,,0.0
c_s_k_1000,13.0,10.0,Maryj,,,,,,0.0
c_s_k_1000,13.0,13.0,Poppy,,,,,,0.0
c_s_k_1000,13.0,13.0,Oxlip,,,,,,0.0
c_s_k_1000,13.0,13.0,Daisy,,,,,,0.0
c_s_k_1000,13.0,13.0,Tulip,,,,,,0.0
c_s_k_1000,13.0,13.0,Maryj,,,,,,0.0003614933105588728
c_s_k_1000,13.0,14.0,Poppy,,,,,,0.0
c_s_k_1000,13.0,14.0,Oxlip,,,,,,0.0
c_s_k_1000,13.0,14.0,Daisy,,,,,,0.0
c_s_k_1000,13.0,14.0,Tulip,,,,,,0.0
c_s_k_1000,13.0,14.0,Maryj,,,,,,3.642019022492448e-06
c_s_k_1000,13.0,15.0,Poppy,,,,,,0.0
c_s_k_1000,13.0,15.0,Oxlip,,,,,,0.0
c_s_k_1000,13.0,15.0,Daisy,,,,,,0.0
c_s_k_1000,13.0,15.0,Tulip,,,,,,0.0
c_s_k_1000,13.0,15.0,Maryj,,,,,,3.014043494501119e-06
c_s_k_1000,13.0,16.0,Poppy,,,,,,0.0
c_s_k_1000,13.0,16.0,Oxlip,,,,,,0.0
c_s_k_1000,13.0,16.0,Daisy,,,,,,0.0
c_s_k_1000,13.0,16.0,Tulip,,,,,,1.1711620861996663e-08
c_s_k_1000,13.0,16.0,Maryj,,,,,,0.0
c_s_k_1000,13.0,17.0,Poppy,,,,,,0.0
c_s_k_1000,13.0,17.0,Oxlip,,,,,,0.0
c_s_k_1000,13.0,17.0,Daisy,,,,,,0.0
c_s_k_1000,13.0,17.0,Tulip,,,,,,7.476705903715919e-05
c_s_k_1000,13.0,17.0,Maryj,,,,,,0.0
c_s_k_1000,14.0,3.0,Poppy,,,,,,0.0
c_s_k_1000,14.0,3.0,Oxlip,,,,,,0.0
c_s_k_1000,14.0,3.0,Daisy,,,,,,0.0
c_s_k_1000,14.0,3.0,Tulip,,,,,,0.0
c_s_k_1000,14.0,3.0,Maryj,,,,,,0.00034427861040368533
c_s_k_1000,14.0,5.0,Poppy,,,,,,0.0
c_s_k_1000,14.0,5.0,Oxlip,,,,,,0.0
c_s_k_1000,14.0,5.0,Daisy,,,,,,0.0
c_s_k_1000,14.0,5.0,Tulip,,,,,,0.0
c_s_k_1000,14.0,5.0,Maryj,,,,,,1.556889844437333e-05
c_s_k_1000,14.0,6.0,Poppy,,,,,,0.0
c_s_k_1000,14.0,6.0,Oxlip,,,,,,0.0
c_s_k_1000,14.0,6.0,Daisy,,,,,,0.0
c_s_k_1000,14.0,6.0,Tulip,,,,,,0.0
c_s_k_1000,14.0,6.0,Maryj,,,,,,2.7971047651860724e-07
c_s_k_1000,14.0,8.0,Poppy,,,,,,0.0
c_s_k_1000,14.0,8.0,Oxlip,,,,,,0.0
c_s_k_1000,14.0,8.0,Daisy,,,,,,1.6425713026409007e-05
c_s_k_1000,14.0,8.0,Tulip,,,,,,0.0
c_s_k_1000,14.0,8.0,Maryj,,,,,,0.0
c_s_k_1000,14.0,9.0,Poppy,,,,,,0.0
c_s_k_1000,14.0,9.0,Oxlip,,,,,,0.0
c_s_k_1000,14.0,9.0,Daisy,,,,,,0.0
c_s_k_1000,14.0,9.0,Tulip,,,,,,0.0
c_s_k_1000,14.0,9.0,Maryj,,,,,,0.0003386621037263957
c_s_k_1000,14.0,10.0,Poppy,,,,,,0.0
c_s_k_1000,14.0,10.0,Oxlip,,,,,,0.0
c_s_k_1000,14.0,10.0,Daisy,,,,,,4.980408407115302e-07
c_s_k_1000,14.0,10.0,Tulip,,,,,,0.0
c_s_k_1000,14.0,10.0,Maryj,,,,,,0.0
c_s_k_1000,14.0,13.0,Poppy,,,,,,0.0
c_s_k_1000,14.0,13.0,Oxlip,,,,,,0.0
c_s_k_1000,14.0,13.0,Daisy,,,,,,0.0
c_s_k_1000,14.0,13.0,Tulip,,,,,,0.0
c_s_k_1000,14.0,13.0,Maryj,,,,,,0.0003445798657691861
c_s_k_1000,14.0,14.0,Poppy,,,,,,0.0
c_s_k_1000,14.0,14.0,Oxlip,,,,,,0.0
c_s_k_1000,14.0,14.0,Daisy,,,,,,0.0
c_s_k_1000,14.0,14.0,Tulip,,,,,,0.0
c_s_k_1000,14.0,14.0,Maryj,,,,,,3.3837760688203227e-06
c_s_k_1000,14.0,15.0,Poppy,,,,,,0.0
c_s_k_1000,14.0,15.0,Oxlip,,,,,,0.0
c_s_k_1000,14.0,15.0,Daisy,,,,,,0.0
c_s_k_1000,14.0,15.0,Tulip,,,,,,0.0
c_s_k_1000,14.0,15.0,Maryj,,,,,,2.8425515879749408e-06
c_s_k_1000,14.0,16.0,Poppy,,,,,,0.0
c_s_k_1000,14.0,16.0,Oxlip,,,,,,0.0
c_s_k_1000,14.0,16.0,Daisy,,,,,,0.0
c_s_k_1000,14.0,16.0,Tulip,,,,,,9.442664233097946e-09
c_s_k_1000,14.0,16.0,Maryj,,,,,,0.0
c_s_k_1000,14.0,17.0,Poppy,,,,,,0.0
c_s_k_1000,14.0,17.0,Oxlip,,,,,,0.0
c_s_k_1000,14.0,17.0,Daisy,,,,,,0.0
c_s_k_1000,14.0,17.0,Tulip,,,,,,7.419561079590693e-05
c_s_k_1000,14.0,17.0,Maryj,,,,,,0.0
c_s_k_1000,15.0,3.0,Poppy,,,,,,0.0
c_s_k_1000,15.0,3.0,Oxlip,,,,,,0.0
c_s_k_1000,15.0,3.0,Daisy,,,,,,0.0
c_s_k_1000,15.0,3.0,Tulip,,,,,,0.0
c_s_k_1000,15.0,3.0,Maryj,,,,,,0.00035195026341068483
c_s_k_1000,15.0,5.0,Poppy,,,,,,0.0
c_s_k_1000,15.0,5.0,Oxlip,,,,,,0.0
c_s_k_1000,15.0,5.0,Daisy,,,,,,0.0
c_s_k_1000,15.0,5.0,Tulip,,,,,,0.0
c_s_k_1000,15.0,5.0,Maryj,,,,,,1.5835749536833967e-05
c_s_k_1000,15.0,6.0,Poppy,,,,,,0.0
c_s_k_1000,15.0,6.0,Oxlip,,,,,,0.0
c_s_k_1000,15.0,6.0,Daisy,,,,,,0.0
c_s_k_1000,15.0,6.0,Tulip,,,,,,0.0
c_s_k_1000,15.0,6.0,Maryj,,,,,,2.9167180109445025e-07
c_s_k_1000,15.0,8.0,Poppy,,,,,,0.0
c_s_k_1000,15.0,8.0,Oxlip,,,,,,0.0
c_s_k_1000,15.0,8.0,Daisy,,,,,,1.660020968056041e-05
c_s_k_1000,15.0,8.0,Tulip,,,,,,0.0
c_s_k_1000,15.0,8.0,Maryj,,,,,,0.0
c_s_k_1000,15.0,9.0,Poppy,,,,,,0.0
c_s_k_1000,15.0,9.0,Oxlip,,,,,,0.0
c_s_k_1000,15.0,9.0,Daisy,,,,,,0.0
c_s_k_1000,15.0,9.0,Tulip,,,,,,0.0
c_s_k_1000,15.0,9.0,Maryj,,,,,,0.000344637269052446
c_s_k_1000,15.0,10.0,Poppy,,,,,,0.0
c_s_k_1000,15.0,10.0,Oxlip,,,,,,0.0
c_s_k_1000,15.0,10.0,Daisy,,,,,,5.253822131022952e-07
c_s_k_1000,15.0,10.0,Tulip,,,,,,0.0
c_s_k_1000,15.0,10.0,Maryj,,,,,,0.0
c_s_k_1000,15.0,13.0,Poppy,,,,,,0.0
c_s_k_1000,15.0,13.0,Oxlip,,,,,,0.0
c_s_k_1000,15.0,13.0,Daisy,,,,,,0.0
c_s_k_1000,15.0,13.0,Tulip,,,,,,0.0
c_s_k_1000,15.0,13.0,Maryj,,,,,,0.0003522582317306381
c_s_k_1000,15.0,14.0,Poppy,,,,,,0.0
c_s_k_1000,15.0,14.0,Oxlip,,,,,,0.0
c_s_k_1000,15.0,14.0,Daisy,,,,,,0.0
c_s_k_1000,15.0,14.0,Tulip,,,,,,0.0
c_s_k_1000,15.0,14.0,Maryj,,,,,,3.5112741805651066e-06
c_s_k_1000,15.0,15.0,Poppy,,,,,,0.0
c_s_k_1000,15.0,15.0,Oxlip,,,,,,0.0
c_s_k_1000,15.0,15.0,Daisy,,,,,,0.0
c_s_k_1000,15.0,15.0,Tulip,,,,,,0.0
c_s_k_1000,15.0,15.0,Maryj,,,,,,2.893717074905206e-06
c_s_k_1000,15.0,16.0,Poppy,,,,,,0.0
c_s_k_1000,15.0,16.0,Oxlip,,,,,,0.0
c_s_k_1000,15.0,16.0,Daisy,,,,,,0.0
c_s_k_1000,15.0,16.0,Tulip,,,,,,1.1540901427263627e-08
c_s_k_1000,15.0,16.0,Maryj,,,,,,0.0
c_s_k_1000,15.0,17.0,Poppy,,,,,,0.0
c_s_k_1000,15.0,17.0,Oxlip,,,,,,0.0
c_s_k_1000,15.0,17.0,Daisy,,,,,,0.0
c_s_k_1000,15.0,17.0,Tulip,,,,,,7.481350997576358e-05
c_s_k_1000,15.0,17.0,Maryj,,,,,,0.0
c_s_k_1000,16.0,3.0,Poppy,,,,,,0.0
c_s_k_1000,16.0,3.0,Oxlip,,,,,,0.0
c_s_k_1000,16.0,3.0,Daisy,,,,,,0.0
c_s_k_1000,16.0,3.0,Tulip,,,,,,0.0
c_s_k_1000,16.0,3.0,Maryj,,,,,,0.00039116118966331224
c_s_k_1000,16.0,5.0,Poppy,,,,,,0.0
c_s_k_1000,16.0,5.0,Oxlip,,,,,,0.0
c_s_k_1000,16.0,5.0,Daisy,,,,,,0.0
c_s_k_1000,16.0,5.0,Tulip,,,,,,0.0
c_s_k_1000,16.0,5.0,Maryj,,,,,,1.7624089055524558e-05
c_s_k_1000,16.0,6.0,Poppy,,,,,,0.0
c_s_k_1000,16.0,6.0,Oxlip,,,,,,0.0
c_s_k_1000,16.0,6.0,Daisy,,,,,,0.0
c_s_k_1000,16.0,6.0,Tulip,,,,,,0.0
c_s_k_1000,16.0,6.0,Maryj,,,,,,3.487920050468903e-07
c_s_k_1000,16.0,8.0,Poppy,,,,,,0.0
c_s_k_1000,16.0,8.0,Oxlip,,,,,,0.0
c_s_k_1000,16.0,8.0,Daisy,,,,,,1.8002043343636787e-05
c_s_k_1000,16.0,8.0,Tulip,,,,,,0.0
c_s_k_1000,16.0,8.0,Maryj,,,,,,0.0
c_s_k_1000,16.0,9.0,Poppy,,,,,,0.0
c_s_k_1000,16.0,9.0,Oxlip,,,,,,0.0
c_s_k_1000,16.0,9.0,Daisy,,,,,,0.0
c_s_k_1000,16.0,9.0,Tulip,,,,,,0.0
c_s_k_1000,16.0,9.0,Maryj,,,,,,0.0003780912839948738
c_s_k_1000,16.0,10.0,Poppy,,,,,,0.0
c_s_k_1000,16.0,10.0,Oxlip,,,,,,0.0
c_s_k_1000,16.0,10.0,Daisy,,,,,,5.963666940048698e-07
c_s_k_1000,16.0,10.0,Tulip,,,,,,0.0
c_s_k_1000,16.0,10.0,Maryj,,,,,,0.0
c_s_k_1000,16.0,13.0,Poppy,,,,,,0.0
c_s_k_1000,16.0,13.0,Oxlip,,,,,,0.0
c_s_k_1000,16.0,13.0,Daisy,,,,,,0.0
c_s_k_1000,16.0,13.0,Tulip,,,,,,0.0
c_s_k_1000,16.0,13.0,Maryj,,,,,,0.0003915034688627767
c_s_k_1000,16.0,14.0,Poppy,,,,,,0.0
c_s_k_1000,16.0,14.0,Oxlip,,,,,,0.0
c_s_k_1000,16.0,14.0,Daisy,,,,,,0.0
c_s_k_1000,16.0,14.0,Tulip,,,,,,0.0
c_s_k_1000,16.0,14.0,Maryj,,,,,,4.170276731245344e-06
c_s_k_1000,16.0,15.0,Poppy,,,,,,0.0
c_s_k_1000,16.0,15.0,Oxlip,,,,,,0.0
c_s_k_1000,16.0,15.0,Daisy,,,,,,0.0
c_s_k_1000,16.0,15.0,Tulip,,,,,,0.0
c_s_k_1000,16.0,15.0,Maryj,,,,,,3.2195167726031685e-06
c_s_k_1000,16.0,16.0,Poppy,,,,,,0.0
c_s_k_1000,16.0,16.0,Oxlip,,,,,,0.0
c_s_k_1000,16.0,16.0,Daisy,,,,,,0.0
c_s_k_1000,16.0,16.0,Tulip,,,,,,3.216030117522711e-08
c_s_k_1000,16.0,16.0,Maryj,,,,,,0.0
c_s_k_1000,16.0,17.0,Poppy,,,,,,0.0
c_s_k_1000,16.0,17.0,Oxlip,,,,,,0.0
c_s_k_1000,16.0,17.0,Daisy,,,,,,0.0
c_s_k_1000,16.0,17.0,Tulip,,,,,,7.725197523375508e-05
c_s_k_1000,16.0,17.0,Maryj,,,,,,0.0
c_s_k_1000,17.0,3.0,Poppy,,,,,,0.0
c_s_k_1000,17.0,3.0,Oxlip,,,,,,0.0
c_s_k_1000,17.0,3.0,Daisy,,,,,,0.0
c_s_k_1000,17.0,3.0,Tulip,,,,,,0.0
c_s_k_1000,17.0,3.0,Maryj,,,,,,0.0001767139517566148
c_s_k_1000,17.0,5.0,Poppy,,,,,,0.0
c_s_k_1000,17.0,5.0,Oxlip,,,,,,0.0
c_s_k_1000,17.0,5.0,Daisy,,,,,,0.0
c_s_k_1000,17.0,5.0,Tulip,,,,,,0.0
c_s_k_1000,17.0,5.0,Maryj,,,,,,6.678395672414651e-06
c_s_k_1000,17.0,6.0,Poppy,,,,,,0.0
c_s_k_1000,17.0,6.0,Oxlip,,,,,,0.0
c_s_k_1000,17.0,6.0,Daisy,,,,,,0.0
c_s_k_1000,17.0,6.0,Tulip,,,,,,0.0
c_s_k_1000,17.0,6.0,Maryj,,,,,,3.8885994954849494e-07
c_s_k_1000,17.0,8.0,Poppy,,,,,,0.0
c_s_k_1000,17.0,8.0,Oxlip,,,,,,0.0
c_s_k_1000,17.0,8.0,Daisy,,,,,,6.743547490718535e-06
c_s_k_1000,17.0,8.0,Tulip,,,,,,0.0
c_s_k_1000,17.0,8.0,Maryj,,,,,,0.0
c_s_k_1000,17.0,9.0,Poppy,,,,,,0.0
c_s_k_1000,17.0,9.0,Oxlip,,,,,,0.0
c_s_k_1000,17.0,9.0,Daisy,,,,,,0.0
c_s_k_1000,17.0,9.0,Tulip,,,,,,0.0
c_s_k_1000,17.0,9.0,Maryj,,,,,,0.00017184378830894926
c_s_k_1000,17.0,10.0,Poppy,,,,,,0.0
c_s_k_1000,17.0,10.0,Oxlip,,,,,,0.0
c_s_k_1000,17.0,10.0,Daisy,,,,,,5.11924607039725e-07
c_s_k_1000,17.0,10.0,Tulip,,,,,,0.0
c_s_k_1000,17.0,10.0,Maryj,,,,,,0.0
c_s_k_1000,17.0,13.0,Poppy,,,,,,0.0
c_s_k_1000,17.0,13.0,Oxlip,,,,,,0.0
c_s_k_1000,17.0,13.0,Daisy,,,,,,0.0
c_s_k_1000,17.0,13.0,Tulip,,,,,,0.0
c_s_k_1000,17.0,13.0,Maryj,,,,,,0.000176791604084182
c_s_k_1000,17.0,14.0,Poppy,,,,,,0.0
c_s_k_1000,17.0,14.0,Oxlip,,,,,,0.0
c_s_k_1000,17.0,14.0,Daisy,,,,,,0.0
c_s_k_1000,17.0,14.0,Tulip,,,,,,0.0
c_s_k_1000,17.0,14.0,Maryj,,,,,,2.14910843372412e-06
c_s_k_1000,17.0,15.0,Poppy,,,,,,0.0
c_s_k_1000,17.0,15.0,Oxlip,,,,,,0.0
c_s_k_1000,17.0,15.0,Daisy,,,,,,0.0
c_s_k_1000,17.0,15.0,Tulip,,,,,,0.0
c_s_k_1000,17.0,15.0,Maryj,,,,,,1.320301339689604e-06
c_s_k_1000,17.0,16.0,Poppy,,,,,,0.0
c_s_k_1000,17.0,16.0,Oxlip,,,,,,0.0
c_s_k_1000,17.0,16.0,Daisy,,,,,,0.0
c_s_k_1000,17.0,16.0,Tulip,,,,,,1.1823946720293814e-08
c_s_k_1000,17.0,16.0,Maryj,,,,,,0.0
c_s_k_1000,17.0,17.0,Poppy,,,,,,0.0
c_s_k_1000,17.0,17.0,Oxlip,,,,,,0.0
c_s_k_1000,17.0,17.0,Daisy,,,,,,0.0
c_s_k_1000,17.0,17.0,Tulip,,,,,,4.00453057571706e-05
c_s_k_1000,17.0,17.0,Maryj,,,,,,0.0
c_s_k_1000,18.0,3.0,Poppy,,,,,,0.0
c_s_k_1000,18.0,3.0,Oxlip,,,,,,0.0
c_s_k_1000,18.0,3.0,Daisy,,,,,,0.0
c_s_k_1000,18.0,3.0,Tulip,,,,,,0.0
c_s_k_1000,18.0,3.0,Maryj,,,,,,9.984897103132564e-05
c_s_k_1000,18.0,5.0,Poppy,,,,,,0.0
c_s_k_1000,18.0,5.0,Oxlip,,,,,,0.0
c_s_k_1000,18.0,5.0,Daisy,,,,,,0.0
c_s_k_1000,18.0,5.0,Tulip,,,,,,0.0
c_s_k_1000,18.0,5.0,Maryj,,,,,,3.3161251662159315e-06
c_s_k_1000,18.0,6.0,Poppy,,,,,,0.0
c_s_k_1000,18.0,6.0,Oxlip,,,,,,0.0
c_s_k_1000,18.0,6.0,Daisy,,,,,,0.0
c_s_k_1000,18.0,6.0,Tulip,,,,,,0.0
c_s_k_1000,18.0,6.0,Maryj,,,,,,4.039979156590386e-07
c_s_k_1000,18.0,8.0,Poppy,,,,,,0.0
c_s_k_1000,18.0,8.0,Oxlip,,,,,,0.0
c_s_k_1000,18.0,8.0,Daisy,,,,,,3.329443702556828e-06
c_s_k_1000,18.0,8.0,Tulip,,,,,,0.0
c_s_k_1000,18.0,8.0,Maryj,,,,,,0.0
c_s_k_1000,18.0,9.0,Poppy,,,,,,0.0
c_s_k_1000,18.0,9.0,Oxlip,,,,,,0.0
c_s_k_1000,18.0,9.0,Daisy,,,,,,0.0
c_s_k_1000,18.0,9.0,Tulip,,,,,,0.0
c_s_k_1000,18.0,9.0,Maryj,,,,,,9.767213514015988e-05
c_s_k_1000,18.0,10.0,Poppy,,,,,,0.0
c_s_k_1000,18.0,10.0,Oxlip,,,,,,0.0
c_s_k_1000,18.0,10.0,Daisy,,,,,,3.259106078210168e-07
c_s_k_1000,18.0,10.0,Tulip,,,,,,0.0
c_s_k_1000,18.0,10.0,Maryj,,,,,,0.0
c_s_k_1000,18.0,13.0,Poppy,,,,,,0.0
c_s_k_1000,18.0,13.0,Oxlip,,,,,,0.0
c_s_k_1000,18.0,13.0,Daisy,,,,,,0.0
c_s_k_1000,18.0,13.0,Tulip,,,,,,0.0
c_s_k_1000,18.0,13.0,Maryj,,,,,,9.989284705202856e-05
c_s_k_1000,18.0,14.0,Poppy,,,,,,0.0
c_s_k_1000,18.0,14.0,Oxlip,,,,,,0.0
c_s_k_1000,18.0,14.0,Daisy,,,,,,0.0
c_s_k_1000,18.0,14.0,Tulip,,,,,,0.0
c_s_k_1000,18.0,14.0,Maryj,,,,,,1.474798140399981e-06
c_s_k_1000,18.0,15.0,Poppy,,,,,,0.0
c_s_k_1000,18.0,15.0,Oxlip,,,,,,0.0
c_s_k_1000,18.0,15.0,Daisy,,,,,,0.0
c_s_k_1000,18.0,15.0,Tulip,,,,,,0.0
c_s_k_1000,18.0,15.0,Maryj,,,,,,6.05606500995941e-07
c_s_k_1000,18.0,16.0,Poppy,,,,,,0.0
c_s_k_1000,18.0,16.0,Oxlip,,,,,,0.0
c_s_k_1000,18.0,16.0,Daisy,,,,,,0.0
c_s_k_1000,18.0,16.0,Tulip,,,,,,5.226488658499289e-09
c_s_k_1000,18.0,16.0,Maryj,,,,,,0.0
c_s_k_1000,18.0,17.0,Poppy,,,,,,0.0
c_s_k_1000,18.0,17.0,Oxlip,,,,,,0.0
c_s_k_1000,18.0,17.0,Daisy,,,,,,0.0
c_s_k_1000,18.0,17.0,Tulip,,,,,,2.572896570004743e-05
c_s_k_1000,18.0,17.0,Maryj,,,,,,0.0
c_s_k_1000,19.0,3.0,Poppy,,,,,,0.0
c_s_k_1000,19.0,3.0,Oxlip,,,,,,0.0
c_s_k_1000,19.0,3.0,Daisy,,,,,,0.0
c_s_k_1000,19.0,3.0,Tulip,,,,,,0.0
c_s_k_1000,19.0,3.0,Maryj,,,,,,0.0001021450464482551
c_s_k_1000,19.0,5.0,Poppy,,,,,,0.0
c_s_k_1000,19.0,5.0,Oxlip,,,,,,0.0
c_s_k_1000,19.0,5.0,Daisy,,,,,,0.0
c_s_k_1000,19.0,5.0,Tulip,,,,,,0.0
c_s_k_1000,19.0,5.0,Maryj,,,,,,3.4812378640561248e-06
c_s_k_1000,19.0,6.0,Poppy,,,,,,0.0
c_s_k_1000,19.0,6.0,Oxlip,,,,,,0.0
c_s_k_1000,19.0,6.0,Daisy,,,,,,0.0
c_s_k_1000,19.0,6.0,Tulip,,,,,,0.0
c_s_k_1000,19.0,6.0,Maryj,,,,,,4.098040899571379e-07
c_s_k_1000,19.0,8.0,Poppy,,,,,,0.0
c_s_k_1000,19.0,8.0,Oxlip,,,,,,0.0
c_s_k_1000,19.0,8.0,Daisy,,,,,,3.4789068543019803e-06
c_s_k_1000,19.0,8.0,Tulip,,,,,,0.0
c_s_k_1000,19.0,8.0,Maryj,,,,,,0.0
c_s_k_1000,19.0,9.0,Poppy,,,,,,0.0
c_s_k_1000,19.0,9.0,Oxlip,,,,,,0.0
c_s_k_1000,19.0,9.0,Daisy,,,,,,0.0
c_s_k_1000,19.0,9.0,Tulip,,,,,,0.0
c_s_k_1000,19.0,9.0,Maryj,,,,,,9.968394942013752e-05
c_s_k_1000,19.0,10.0,Poppy,,,,,,0.0
c_s_k_1000,19.0,10.0,Oxlip,,,,,,0.0
c_s_k_1000,19.0,10.0,Daisy,,,,,,2.8073708507611155e-07
c_s_k_1000,19.0,10.0,Tulip,,,,,,0.0
c_s_k_1000,19.0,10.0,Maryj,,,,,,0.0
c_s_k_1000,19.0,13.0,Poppy,,,,,,0.0
c_s_k_1000,19.0,13.0,Oxlip,,,,,,0.0
c_s_k_1000,19.0,13.0,Daisy,,,,,,0.0
c_s_k_1000,19.0,13.0,Tulip,,,,,,0.0
c_s_k_1000,19.0,13.0,Maryj,,,,,,0.00010218993141929062
c_s_k_1000,19.0,14.0,Poppy,,,,,,0.0
c_s_k_1000,19.0,14.0,Oxlip,,,,,,0.0
c_s_k_1000,19.0,14.0,Daisy,,,,,,0.0
c_s_k_1000,19.0,14.0,Tulip,,,,,,0.0
c_s_k_1000,19.0,14.0,Maryj,,,,,,1.5306796224161754e-06
c_s_k_1000,19.0,15.0,Poppy,,,,,,0.0
c_s_k_1000,19.0,15.0,Oxlip,,,,,,0.0
c_s_k_1000,19.0,15.0,Daisy,,,,,,0.0
c_s_k_1000,19.0,15.0,Tulip,,,,,,0.0
c_s_k_1000,19.0,15.0,Maryj,,,,,,6.308655158340139e-07
c_s_k_1000,19.0,16.0,Poppy,,,,,,0.0
c_s_k_1000,19.0,16.0,Oxlip,,,,,,0.0
c_s_k_1000,19.0,16.0,Daisy,,,,,,0.0
c_s_k_1000,19.0,16.0,Tulip,,,,,,6.110993593526942e-09
c_s_k_1000,19.0,16.0,Maryj,,,,,,0.0
c_s_k_1000,19.0,17.0,Poppy,,,,,,0.0
c_s_k_1000,19.0,17.0,Oxlip,,,,,,0.0
c_s_k_1000,19.0,17.0,Daisy,,,,,,0.0
c_s_k_1000,19.0,17.0,Tulip,,,,,,2.543787287265986e-05
c_s_k_1000,19.0,17.0,Maryj,,,,,,0.0
c_s_k_1000,20.0,3.0,Poppy,,,,,,0.0
c_s_k_1000,20.0,3.0,Oxlip,,,,,,0.0
c_s_k_1000,20.0,3.0,Daisy,,,,,,0.0
c_s_k_1000,20.0,3.0,Tulip,,,,,,0.0
c_s_k_1000,20.0,3.0,Maryj,,,,,,8.224153822687618e-05
c_s_k_1000,20.0,5.0,Poppy,,,,,,0.0
c_s_k_1000,20.0,5.0,Oxlip,,,,,,0.0
c_s_k_1000,20.0,5.0,Daisy,,,,,,0.0
c_s_k_1000,20.0,5.0,Tulip,,,,,,0.0
c_s_k_1000,20.0,5.0,Maryj,,,,,,2.8779275448238484e-06
c_s_k_1000,20.0,6.0,Poppy,,,,,,0.0
c_s_k_1000,20.0,6.0,Oxlip,,,,,,0.0
c_s_k_1000,20.0,6.0,Daisy,,,,,,0.0
c_s_k_1000,20.0,6.0,Tulip,,,,,,0.0
c_s_k_1000,20.0,6.0,Maryj,,,,,,1.8847297236783128e-07
c_s_k_1000,20.0,8.0,Poppy,,,,,,0.0
c_s_k_1000,20.0,8.0,Oxlip,,,,,,0.0
c_s_k_1000,20.0,8.0,Daisy,,,,,,2.8696659102820044e-06
c_s_k_1000,20.0,8.0,Tulip,,,,,,0.0
c_s_k_1000,20.0,8.0,Maryj,,,,,,0.0
c_s_k_1000,20.0,9.0,Poppy,,,,,,0.0
c_s_k_1000,20.0,9.0,Oxlip,,,,,,0.0
c_s_k_1000,20.0,9.0,Daisy,,,,,,0.0
c_s_k_1000,20.0,9.0,Tulip,,,,,,0.0
c_s_k_1000,20.0,9.0,Maryj,,,,,,8.036098684723328e-05
c_s_k_1000,20.0,10.0,Poppy,,,,,,0.0
c_s_k_1000,20.0,10.0,Oxlip,,,,,,0.0
c_s_k_1000,20.0,10.0,Daisy,,,,,,2.9483313341264426e-07
c_s_k_1000,20.0,10.0,Tulip,,,,,,0.0
c_s_k_1000,20.0,10.0,Maryj,,,,,,0.0
c_s_k_1000,20.0,13.0,Poppy,,,,,,0.0
c_s_k_1000,20.0,13.0,Oxlip,,,,,,0.0
c_s_k_1000,20.0,13.0,Daisy,,,,,,0.0
c_s_k_1000,20.0,13.0,Tulip,,,,,,0.0
c_s_k_1000,20.0,13.0,Maryj,,,,,,8.227767712141472e-05
c_s_k_1000,20.0,14.0,Poppy,,,,,,0.0
c_s_k_1000,20.0,14.0,Oxlip,,,,,,0.0
c_s_k_1000,20.0,14.0,Daisy,,,,,,0.0
c_s_k_1000,20.0,14.0,Tulip,,,,,,0.0
c_s_k_1000,20.0,14.0,Maryj,,,,,,1.0278315282964051e-06
c_s_k_1000,20.0,15.0,Poppy,,,,,,0.0
c_s_k_1000,20.0,15.0,Oxlip,,,,,,0.0
c_s_k_1000,20.0,15.0,Daisy,,,,,,0.0
c_s_k_1000,20.0,15.0,Tulip,,,,,,0.0
c_s_k_1000,20.0,15.0,Maryj,,,,,,5.429018623924857e-07
c_s_k_1000,20.0,16.0,Poppy,,,,,,0.0
c_s_k_1000,20.0,16.0,Oxlip,,,,,,0.0
c_s_k_1000,20.0,16.0,Daisy,,,,,,0.0
c_s_k_1000,20.0,16.0,Tulip,,,,,,6.280275809676917e-09
c_s_k_1000,20.0,16.0,Maryj,,,,,,0.0
c_s_k_1000,20.0,17.0,Poppy,,,,,,0.0
c_s_k_1000,20.0,17.0,Oxlip,,,,,,0.0
c_s_k_1000,20.0,17.0,Daisy,,,,,,0.0
c_s_k_1000,20.0,17.0,Tulip,,,,,,2.320214118095763e-05
c_s_k_1000,20.0,17.0,Maryj,,,,,,0.0
c_s_k_1000,21.0,3.0,Poppy,,,,,,0.0
c_s_k_1000,21.0,3.0,Oxlip,,,,,,0.0
c_s_k_1000,21.0,3.0,Daisy,,,,,,0.0
c_s_k_1000,21.0,3.0,Tulip,,,,,,0.0
c_s_k_1000,21.0,3.0,Maryj,,,,,,7.332463232505322e-05
c_s_k_1000,21.0,5.0,Poppy,,,,,,0.0
c_s_k_1000,21.0,5.0,Oxlip,,,,,,0.0
c_s_k_1000,21.0,5.0,Daisy,,,,,,0.0
c_s_k_1000,21.0,5.0,Tulip,,,,,,0.0
c_s_k_1000,21.0,5.0,Maryj,,,,,,2.8791407756098886e-06
c_s_k_1000,21.0,6.0,Poppy,,,,,,0.0
c_s_k_1000,21.0,6.0,Oxlip,,,,,,0.0
c_s_k_1000,21.0,6.0,Daisy,,,,,,0.0
c_s_k_1000,21.0,6.0,Tulip,,,,,,0.0
c_s_k_1000,21.0,6.0,Maryj,,,,,,4.679067482627611e-08
c_s_k_1000,21.0,8.0,Poppy,,,,,,0.0
c_s_k_1000,21.0,8.0,Oxlip,,,,,,0.0
c_s_k_1000,21.0,8.0,Daisy,,,,,,2.8682832652373305e-06
c_s_k_1000,21.0,8.0,Tulip,,,,,,0.0
c_s_k_1000,21.0,8.0,Maryj,,,,,,0.0
c_s_k_1000,21.0,9.0,Poppy,,,,,,0.0
c_s_k_1000,21.0,9.0,Oxlip,,,,,,0.0
c_s_k_1000,21.0,9.0,Daisy,,,,,,0.0
c_s_k_1000,21.0,9.0,Tulip,,,,,,0.0
c_s_k_1000,21.0,9.0,Maryj,,,,,,7.190060735528771e-05
c_s_k_1000,21.0,10.0,Poppy,,,,,,0.0
c_s_k_1000,21.0,10.0,Oxlip,,,,,,0.0
c_s_k_1000,21.0,10.0,Daisy,,,,,,5.599969379106064e-08
c_s_k_1000,21.0,10.0,Tulip,,,,,,0.0
c_s_k_1000,21.0,10.0,Maryj,,,,,,0.0
c_s_k_1000,21.0,13.0,Poppy,,,,,,0.0
c_s_k_1000,21.0,13.0,Oxlip,,,,,,0.0
c_s_k_1000,21.0,13.0,Daisy,,,,,,0.0
c_s_k_1000,21.0,13.0,Tulip,,,,,,0.0
c_s_k_1000,21.0,13.0,Maryj,,,,,,7.334231613925307e-05
c_s_k_1000,21.0,14.0,Poppy,,,,,,0.0
c_s_k_1000,21.0,14.0,Oxlip,,,,,,0.0
c_s_k_1000,21.0,14.0,Daisy,,,,,,0.0
c_s_k_1000,21.0,14.0,Tulip,,,,,,0.0
c_s_k_1000,21.0,14.0,Maryj,,,,,,5.761590002423446e-07
c_s_k_1000,21.0,15.0,Poppy,,,,,,0.0
c_s_k_1000,21.0,15.0,Oxlip,,,,,,0.0
c_s_k_1000,21.0,15.0,Daisy,,,,,,0.0
c_s_k_1000,21.0,15.0,Tulip,,,,,,0.0
c_s_k_1000,21.0,15.0,Maryj,,,,,,5.426994842297996e-07
c_s_k_1000,21.0,16.0,Poppy,,,,,,0.0
c_s_k_1000,21.0,16.0,Oxlip,,,,,,0.0
c_s_k_1000,21.0,16.0,Daisy,,,,,,0.0
c_s_k_1000,21.0,16.0,Tulip,,,,,,6.594289600160762e-09
c_s_k_1000,21.0,16.0,Maryj,,,,,,0.0
c_s_k_1000,21.0,17.0,Poppy,,,,,,0.0
c_s_k_1000,21.0,17.0,Oxlip,,,,,,0.0
c_s_k_1000,21.0,17.0,Daisy,,,,,,0.0
c_s_k_1000,21.0,17.0,Tulip,,,,,,2.02450554397117e-05
c_s_k_1000,21.0,17.0,Maryj,,,,,,0.0
c_s_k_1000,22.0,3.0,Poppy,,,,,,0.0
c_s_k_1000,22.0,3.0,Oxlip,,,,,,0.0
c_s_k_1000,22.0,3.0,Daisy,,,,,,0.0
c_s_k_1000,22.0,3.0,Tulip,,,,,,0.0
c_s_k_1000,22.0,3.0,Maryj,,,,,,6.430410021267633e-05
c_s_k_1000,22.0,5.0,Poppy,,,,,,0.0
c_s_k_1000,22.0,5.0,Oxlip,,,,,,0.0
c_s_k_1000,22.0,5.0,Daisy,,,,,,0.0
c_s_k_1000,22.0,5.0,Tulip,,,,,,0.0
c_s_k_1000,22.0,5.0,Maryj,,,,,,2.2262451841542777e-06
c_s_k_1000,22.0,6.0,Poppy,,,,,,0.0
c_s_k_1000,22.0,6.0,Oxlip,,,,,,0.0
c_s_k_1000,22.0,6.0,Daisy,,,,,,0.0
c_s_k_1000,22.0,6.0,Tulip,,,,,,0.0
c_s_k_1000,22.0,6.0,Maryj,,,,,,4.6788351316917494e-08
c_s_k_1000,22.0,8.0,Poppy,,,,,,0.0
c_s_k_1000,22.0,8.0,Oxlip,,,,,,0.0
c_s_k_1000,22.0,8.0,Daisy,,,,,,2.2237701575672434e-06
c_s_k_1000,22.0,8.0,Tulip,,,,,,0.0
c_s_k_1000,22.0,8.0,Maryj,,,,,,0.0
c_s_k_1000,22.0,9.0,Poppy,,,,,,0.0
c_s_k_1000,22.0,9.0,Oxlip,,,,,,0.0
c_s_k_1000,22.0,9.0,Daisy,,,,,,0.0
c_s_k_1000,22.0,9.0,Tulip,,,,,,0.0
c_s_k_1000,22.0,9.0,Maryj,,,,,,6.286719321437238e-05
c_s_k_1000,22.0,10.0,Poppy,,,,,,0.0
c_s_k_1000,22.0,10.0,Oxlip,,,,,,0.0
c_s_k_1000,22.0,10.0,Daisy,,,,,,4.023500434466398e-08
c_s_k_1000,22.0,10.0,Tulip,,,,,,0.0
c_s_k_1000,22.0,10.0,Maryj,,,,,,0.0
c_s_k_1000,22.0,13.0,Poppy,,,,,,0.0
c_s_k_1000,22.0,13.0,Oxlip,,,,,,0.0
c_s_k_1000,22.0,13.0,Daisy,,,,,,0.0
c_s_k_1000,22.0,13.0,Tulip,,,,,,0.0
c_s_k_1000,22.0,13.0,Maryj,,,,,,6.431960853129167e-05
c_s_k_1000,22.0,14.0,Poppy,,,,,,0.0
c_s_k_1000,22.0,14.0,Oxlip,,,,,,0.0
c_s_k_1000,22.0,14.0,Daisy,,,,,,0.0
c_s_k_1000,22.0,14.0,Tulip,,,,,,0.0
c_s_k_1000,22.0,14.0,Maryj,,,,,,4.760717001704061e-07
c_s_k_1000,22.0,15.0,Poppy,,,,,,0.0
c_s_k_1000,22.0,15.0,Oxlip,,,,,,0.0
c_s_k_1000,22.0,15.0,Daisy,,,,,,0.0
c_s_k_1000,22.0,15.0,Tulip,,,,,,0.0
c_s_k_1000,22.0,15.0,Maryj,,,,,,4.4836191070724617e-07
c_s_k_1000,22.0,16.0,Poppy,,,,,,0.0
c_s_k_1000,22.0,16.0,Oxlip,,,,,,0.0
c_s_k_1000,22.0,16.0,Daisy,,,,,,0.0
c_s_k_1000,22.0,16.0,Tulip,,,,,,6.594289600160762e-09
c_s_k_1000,22.0,16.0,Maryj,,,,,,0.0
c_s_k_1000,22.0,17.0,Poppy,,,,,,0.0
c_s_k_1000,22.0,17.0,Oxlip,,,,,,0.0
c_s_k_1000,22.0,17.0,Daisy,,,,,,0.0
c_s_k_1000,22.0,17.0,Tulip,,,,,,1.8061004440853625e-05
c_s_k_1000,22.0,17.0,Maryj,,,,,,0.0
c_s_k_1000,23.0,3.0,Poppy,,,,,,0.0
c_s_k_1000,23.0,3.0,Oxlip,,,,,,0.0
c_s_k_1000,23.0,3.0,Daisy,,,,,,0.0
c_s_k_1000,23.0,3.0,Tulip,,,,,,0.0
c_s_k_1000,23.0,3.0,Maryj,,,,,,5.8707664192348316e-05
c_s_k_1000,23.0,5.0,Poppy,,,,,,0.0
c_s_k_1000,23.0,5.0,Oxlip,,,,,,0.0
c_s_k_1000,23.0,5.0,Daisy,,,,,,0.0
c_s_k_1000,23.0,5.0,Tulip,,,,,,0.0
c_s_k_1000,23.0,5.0,Maryj,,,,,,1.9363901239215313e-06
c_s_k_1000,23.0,6.0,Poppy,,,,,,0.0
c_s_k_1000,23.0,6.0,Oxlip,,,,,,0.0
c_s_k_1000,23.0,6.0,Daisy,,,,,,0.0
c_s_k_1000,23.0,6.0,Tulip,,,,,,0.0
c_s_k_1000,23.0,6.0,Maryj,,,,,,1.6353839953101775e-08
c_s_k_1000,23.0,8.0,Poppy,,,,,,0.0
c_s_k_1000,23.0,8.0,Oxlip,,,,,,0.0
c_s_k_1000,23.0,8.0,Daisy,,,,,,1.932374809392866e-06
c_s_k_1000,23.0,8.0,Tulip,,,,,,0.0
c_s_k_1000,23.0,8.0,Maryj,,,,,,0.0
c_s_k_1000,23.0,9.0,Poppy,,,,,,0.0
c_s_k_1000,23.0,9.0,Oxlip,,,,,,0.0
c_s_k_1000,23.0,9.0,Daisy,,,,,,0.0
c_s_k_1000,23.0,9.0,Tulip,,,,,,0.0
c_s_k_1000,23.0,9.0,Maryj,,,,,,5.7270666212310564e-05
c_s_k_1000,23.0,10.0,Poppy,,,,,,0.0
c_s_k_1000,23.0,10.0,Oxlip,,,,,,0.0
c_s_k_1000,23.0,10.0,Daisy,,,,,,6.881558570302973e-08
c_s_k_1000,23.0,10.0,Tulip,,,,,,0.0
c_s_k_1000,23.0,10.0,Maryj,,,,,,0.0
c_s_k_1000,23.0,13.0,Poppy,,,,,,0.0
c_s_k_1000,23.0,13.0,Oxlip,,,,,,0.0
c_s_k_1000,23.0,13.0,Daisy,,,,,,0.0
c_s_k_1000,23.0,13.0,Tulip,,,,,,0.0
c_s_k_1000,23.0,13.0,Maryj,,,,,,5.872182280989287e-05
c_s_k_1000,23.0,14.0,Poppy,,,,,,0.0
c_s_k_1000,23.0,14.0,Oxlip,,,,,,0.0
c_s_k_1000,23.0,14.0,Daisy,,,,,,0.0
c_s_k_1000,23.0,14.0,Tulip,,,,,,0.0
c_s_k_1000,23.0,14.0,Maryj,,,,,,3.669571033795007e-07
c_s_k_1000,23.0,15.0,Poppy,,,,,,0.0
c_s_k_1000,23.0,15.0,Oxlip,,,,,,0.0
c_s_k_1000,23.0,15.0,Daisy,,,,,,0.0
c_s_k_1000,23.0,15.0,Tulip,,,,,,0.0
c_s_k_1000,23.0,15.0,Maryj,,,,,,4.0118666689097213e-07
c_s_k_1000,23.0,16.0,Poppy,,,,,,0.0
c_s_k_1000,23.0,16.0,Oxlip,,,,,,0.0
c_s_k_1000,23.0,16.0,Daisy,,,,,,0.0
c_s_k_1000,23.0,16.0,Tulip,,,,,,6.594289600160762e-09
c_s_k_1000,23.0,16.0,Maryj,,,,,,0.0
c_s_k_1000,23.0,17.0,Poppy,,,,,,0.0
c_s_k_1000,23.0,17.0,Oxlip,,,,,,0.0
c_s_k_1000,23.0,17.0,Daisy,,,,,,0.0
c_s_k_1000,23.0,17.0,Tulip,,,,,,1.702104043587717e-05
c_s_k_1000,23.0,17.0,Maryj,,,,,,0.0
c_s_k_1000,24.0,3.0,Poppy,,,,,,0.0
c_s_k_1000,24.0,3.0,Oxlip,,,,,,0.0
c_s_k_1000,24.0,3.0,Daisy,,,,,,0.0
c_s_k_1000,24.0,3.0,Tulip,,,,,,0.0
c_s_k_1000,24.0,3.0,Maryj,,,,,,4.403692937631479e-05
c_s_k_1000,24.0,5.0,Poppy,,,,,,0.0
c_s_k_1000,24.0,5.0,Oxlip,,,,,,0.0
c_s_k_1000,24.0,5.0,Daisy,,,,,,0.0
c_s_k_1000,24.0,5.0,Tulip,,,,,,0.0
c_s_k_1000,24.0,5.0,Maryj,,,,,,1.4534942528722248e-06
c_s_k_1000,24.0,6.0,Poppy,,,,,,0.0
c_s_k_1000,24.0,6.0,Oxlip,,,,,,0.0
c_s_k_1000,24.0,6.0,Daisy,,,,,,0.0
c_s_k_1000,24.0,6.0,Tulip,,,,,,0.0
c_s_k_1000,24.0,6.0,Maryj,,,,,,3.787259722845951e-09
c_s_k_1000,24.0,8.0,Poppy,,,,,,0.0
c_s_k_1000,24.0,8.0,Oxlip,,,,,,0.0
c_s_k_1000,24.0,8.0,Daisy,,,,,,1.4445962644399272e-06
c_s_k_1000,24.0,8.0,Tulip,,,,,,0.0
c_s_k_1000,24.0,8.0,Maryj,,,,,,0.0
c_s_k_1000,24.0,9.0,Poppy,,,,,,0.0
c_s_k_1000,24.0,9.0,Oxlip,,,,,,0.0
c_s_k_1000,24.0,9.0,Daisy,,,,,,0.0
c_s_k_1000,24.0,9.0,Tulip,,,,,,0.0
c_s_k_1000,24.0,9.0,Maryj,,,,,,4.257811477128738e-05
c_s_k_1000,24.0,10.0,Poppy,,,,,,0.0
c_s_k_1000,24.0,10.0,Oxlip,,,,,,0.0
c_s_k_1000,24.0,10.0,Daisy,,,,,,2.790804020491108e-08
c_s_k_1000,24.0,10.0,Tulip,,,,,,0.0
c_s_k_1000,24.0,10.0,Maryj,,,,,,0.0
c_s_k_1000,24.0,13.0,Poppy,,,,,,0.0
c_s_k_1000,24.0,13.0,Oxlip,,,,,,0.0
c_s_k_1000,24.0,13.0,Daisy,,,,,,0.0
c_s_k_1000,24.0,13.0,Tulip,,,,,,0.0
c_s_k_1000,24.0,13.0,Maryj,,,,,,4.404754983021042e-05
c_s_k_1000,24.0,14.0,Poppy,,,,,,0.0
c_s_k_1000,24.0,14.0,Oxlip,,,,,,0.0
c_s_k_1000,24.0,14.0,Daisy,,,,,,0.0
c_s_k_1000,24.0,14.0,Tulip,,,,,,0.0
c_s_k_1000,24.0,14.0,Maryj,,,,,,2.132906805259275e-07
c_s_k_1000,24.0,15.0,Poppy,,,,,,0.0
c_s_k_1000,24.0,15.0,Oxlip,,,,,,0.0
c_s_k_1000,24.0,15.0,Daisy,,,,,,0.0
c_s_k_1000,24.0,15.0,Tulip,,,,,,0.0
c_s_k_1000,24.0,15.0,Maryj,,,,,,2.624115173007162e-07
c_s_k_1000,24.0,16.0,Poppy,,,,,,0.0
c_s_k_1000,24.0,16.0,Oxlip,,,,,,0.0
c_s_k_1000,24.0,16.0,Daisy,,,,,,0.0
c_s_k_1000,24.0,16.0,Tulip,,,,,,6.541953968413456e-09
c_s_k_1000,24.0,16.0,Maryj,,,,,,0.0
c_s_k_1000,24.0,17.0,Poppy,,,,,,0.0
c_s_k_1000,24.0,17.0,Oxlip,,,,,,0.0
c_s_k_1000,24.0,17.0,Daisy,,,,,,0.0
c_s_k_1000,24.0,17.0,Tulip,,,,,,1.382354289517053e-05
c_s_k_1000,24.0,17.0,Maryj,,,,,,0.0
current_squared,1.0,3.0,,,,,,,0.04402687831994232
current_squared,1.0,5.0,,,,,,,0.0014549235788062073
current_squared,1.0,6.0,,,,,,,3.765281110638726e-06
current_squared,1.0,8.0,,,,,,,0.0014445962644399272
current_squared,1.0,9.0,,,,,,,0.04256742148573915
current_squared,1.0,10.0,,,,,,,2.8667223749361915e-05
current_squared,1.0,13.0,,,,,,,0.044037496349809246
current_squared,1.0,14.0,,,,,,,0.00021343105460610773
current_squared,1.0,15.0,,,,,,,0.0002624115173007162
current_squared,1.0,16.0,,,,,,,6.280275809676917e-06
current_squared,1.0,17.0,,,,,,,0.013823545292831724
current_squared,2.0,3.0,,,,,,,0.044026889442711874
current_squared,2.0,5.0,,,,,,,0.0014541884769890487
current_squared,2.0,6.0,,,,,,,2.984625969375409e-06
current_squared,2.0,8.0,,,,,,,0.0014445962644399272
current_squared,2.0,9.0,,,,,,,0.042568283100262644
current_squared,2.0,10.0,,,,,,,2.2723661132406504e-05
current_squared,2.0,13.0,,,,,,,0.0440375074752613
current_squared,2.0,14.0,,,,,,,0.00021354715873615792
current_squared,2.0,15.0,,,,,,,0.0002624115173007162
current_squared,2.0,16.0,,,,,,,6.594289600160763e-06
current_squared,2.0,17.0,,,,,,,0.013823545292831724
current_squared,3.0,3.0,,,,,,,0.044026883977803216
current_squared,3.0,5.0,,,,,,,0.0014537962445130897
current_squared,3.0,6.0,,,,,,,2.7295823862922233e-06
current_squared,3.0,8.0,,,,,,,0.0014445962644399272
current_squared,3.0,9.0,,,,,,,0.04256827763545278
current_squared,3.0,10.0,,,,,,,2.0781843995746704e-05
current_squared,3.0,13.0,,,,,,,0.04403750200903466
current_squared,3.0,14.0,,,,,,,0.0002131546813682901
current_squared,3.0,15.0,,,,,,,0.0002624115173007162
current_squared,3.0,16.0,,,,,,,6.594289600160763e-06
current_squared,3.0,17.0,,,,,,,0.013823544387046412
current_squared,4.0,3.0,,,,,,,0.044026884025784
current_squared,4.0,5.0,,,,,,,0.0014543688521643503
current_squared,4.0,6.0,,,,,,,2.7322929944216097e-06
current_squared,4.0,8.0,,,,,,,0.0014445962644399272
current_squared,4.0,9.0,,,,,,,0.04256827768343271
current_squared,4.0,10.0,,,,,,,2.0802481378066215e-05
current_squared,4.0,13.0,,,,,,,0.04403750205702702
current_squared,4.0,14.0,,,,,,,0.00021372729137983273
current_squared,4.0,15.0,,,,,,,0.0002624115173007162
current_squared,4.0,16.0,,,,,,,6.594289600160763e-06
current_squared,4.0,17.0,,,,,,,0.013823544387435577
current_squared,5.0,3.0,,,,,,,0.04508826994764229
current_squared,5.0,5.0,,,,,,,0.0014949119499209735
current_squared,5.0,6.0,,,,,,,2.8788445548236056e-06
current_squared,5.0,8.0,,,,,,,0.0014840793487020812
current_squared,5.0,9.0,,,,,,,0.04362964441584695
current_squared,5.0,10.0,,,,,,,2.1918260729846326e-05
current_squared,5.0,13.0,,,,,,,0.04509914395495831
current_squared,5.0,14.0,,,,,,,0.00021968269610397705
current_squared,5.0,15.0,,,,,,,0.0002705954703700326
current_squared,5.0,16.0,,,,,,,6.594289600160763e-06
current_squared,5.0,17.0,,,,,,,0.014069907978656523
current_squared,6.0,3.0,,,,,,,0.06136768260501449
current_squared,6.0,5.0,,,,,,,0.0021802361183539103
current_squared,6.0,6.0,,,,,,,3.416557719127841e-06
current_squared,6.0,8.0,,,,,,,0.0021750258667936166
current_squared,6.0,9.0,,,,,,,0.05979534750379295
current_squared,6.0,10.0,,,,,,,5.6047791400097216e-05
current_squared,6.0,13.0,,,,,,,0.061382482743285234
current_squared,6.0,14.0,,,,,,,0.00031010512457793057
current_squared,6.0,15.0,,,,,,,0.00044122719450064355
current_squared,6.0,16.0,,,,,,,6.881357237777388e-06
current_squared,6.0,17.0,,,,,,,0.017902284544290072
current_squared,7.0,3.0,,,,,,,0.09262785206964624
current_squared,7.0,5.0,,,,,,,0.00403344121885936
current_squared,7.0,6.0,,,,,,,3.002650658557025e-06
current_squared,7.0,8.0,,,,,,,0.004041064255923208
current_squared,7.0,9.0,,,,,,,0.08644697270960225
current_squared,7.0,10.0,,,,,,,0.00010894961134352112
current_squared,7.0,13.0,,,,,,,0.09266855495835002
current_squared,7.0,14.0,,,,,,,0.0005339858983878223
current_squared,7.0,15.0,,,,,,,0.0007128261267154072
current_squared,7.0,16.0,,,,,,,1.682241936851661e-05
current_squared,7.0,17.0,,,,,,,0.02294733644822215
current_squared,8.0,3.0,,,,,,,0.4016309566445199
current_squared,8.0,5.0,,,,,,,0.0205422101508356
current_squared,8.0,6.0,,,,,,,5.223802865685387e-05
current_squared,8.0,8.0,,,,,,,0.021187925620891192
current_squared,8.0,9.0,,,,,,,0.3873023102822282
current_squared,8.0,10.0,,,,,,,0.0005301158329680775
current_squared,8.0,13.0,,,,,,,0.40206785249673893
current_squared,8.0,14.0,,,,,,,0.002469011597868419
current_squared,8.0,15.0,,,,,,,0.003593133064111471
current_squared,8.0,16.0,,,,,,,0.00010747687961752534
current_squared,8.0,17.0,,,,,,,0.07713185433464939
current_squared,9.0,3.0,,,,,,,0.3788336110696562
current_squared,9.0,5.0,,,,,,,0.017323414998182466
current_squared,9.0,6.0,,,,,,,0.00014651026340235294
current_squared,9.0,8.0,,,,,,,0.01828469754211379
current_squared,9.0,9.0,,,,,,,0.3681387341599284
current_squared,9.0,10.0,,,,,,,0.0006426097362009688
current_squared,9.0,13.0,,,,,,,0.37924570787300066
current_squared,9.0,14.0,,,,,,,0.003164697857161116
current_squared,9.0,15.0,,,,,,,0.0031232334723030925
current_squared,9.0,16.0,,,,,,,2.774784211453894e-05
current_squared,9.0,17.0,,,,,,,0.07824149542787355
current_squared,10.0,3.0,,,,,,,0.34667561335955593
current_squared,10.0,5.0,,,,,,,0.015551976576616847
current_squared,10.0,6.0,,,,,,,0.0002762176136446767
current_squared,10.0,8.0,,,,,,,0.016468233678408207
current_squared,10.0,9.0,,,,,,,0.3402213334525732
current_squared,10.0,10.0,,,,,,,0.0005112365363048439
current_squared,10.0,13.0,,,,,,,0.3470057097394816
current_squared,10.0,14.0,,,,,,,0.00342240301473798
current_squared,10.0,15.0,,,,,,,0.002830342213188635
current_squared,10.0,16.0,,,,,,,1.0402499812743552e-05
current_squared,10.0,17.0,,,,,,,0.0745298097130453
current_squared,11.0,3.0,,,,,,,0.3318523349823245
current_squared,11.0,5.0,,,,,,,0.015150783433591018
current_squared,11.0,6.0,,,,,,,0.00025853529096797964
current_squared,11.0,8.0,,,,,,,0.016249554163441184
current_squared,11.0,9.0,,,,,,,0.32882672104755134
current_squared,11.0,10.0,,,,,,,0.0004502749134043617
current_squared,11.0,13.0,,,,,,,0.33216831698459454
current_squared,11.0,14.0,,,,,,,0.0031566989347234314
current_squared,11.0,15.0,,,,,,,0.0027631272463702
current_squared,11.0,16.0,,,,,,,5.700559728262254e-06
current_squared,11.0,17.0,,,,,,,0.07304405203869409
current_squared,12.0,3.0,,,,,,,0.2580046083945673
current_squared,12.0,5.0,,,,,,,0.01274809207060507
current_squared,12.0,6.0,,,,,,,0.00023810955136573559
current_squared,12.0,8.0,,,,,,,0.014112388540557522
current_squared,12.0,9.0,,,,,,,0.2658268037536853
current_squared,12.0,10.0,,,,,,,0.0004118270412738714
current_squared,12.0,13.0,,,,,,,0.25814039970992986
current_squared,12.0,14.0,,,,,,,0.0021459718875686093
current_squared,12.0,15.0,,,,,,,0.002327198018877272
current_squared,12.0,16.0,,,,,,,1.1863911072175596e-05
current_squared,12.0,17.0,,,,,,,0.06508190580590983
current_squared,13.0,3.0,,,,,,,0.36114943254812654
current_squared,13.0,5.0,,,,,,,0.016544528883255385
current_squared,13.0,6.0,,,,,,,0.0002942188975783424
current_squared,13.0,8.0,,,,,,,0.017323024305064542
current_squared,13.0,9.0,,,,,,,0.35406626187765466
current_squared,13.0,10.0,,,,,,,0.0005233310144741626
current_squared,13.0,13.0,,,,,,,0.3614933105588728
current_squared,13.0,14.0,,,,,,,0.003642019022492448
current_squared,13.0,15.0,,,,,,,0.003014043494501119
current_squared,13.0,16.0,,,,,,,1.1711620861996663e-05
current_squared,13.0,17.0,,,,,,,0.07476705903715919
current_squared,14.0,3.0,,,,,,,0.34427861040368535
current_squared,14.0,5.0,,,,,,,0.01556889844437333
current_squared,14.0,6.0,,,,,,,0.00027971047651860725
current_squared,14.0,8.0,,,,,,,0.016425713026409005
current_squared,14.0,9.0,,,,,,,0.33866210372639566
current_squared,14.0,10.0,,,,,,,0.0004980408407115302
current_squared,14.0,13.0,,,,,,,0.3445798657691861
current_squared,14.0,14.0,,,,,,,0.003383776068820323
current_squared,14.0,15.0,,,,,,,0.002842551587974941
current_squared,14.0,16.0,,,,,,,9.442664233097946e-06
current_squared,14.0,17.0,,,,,,,0.07419561079590692
current_squared,15.0,3.0,,,,,,,0.3519502634106848
current_squared,15.0,5.0,,,,,,,0.015835749536833966
current_squared,15.0,6.0,,,,,,,0.00029167180109445024
current_squared,15.0,8.0,,,,,,,0.01660020968056041
current_squared,15.0,9.0,,,,,,,0.344637269052446
current_squared,15.0,10.0,,,,,,,0.0005253822131022952
current_squared,15.0,13.0,,,,,,,0.3522582317306381
current_squared,15.0,14.0,,,,,,,0.0035112741805651067
current_squared,15.0,15.0,,,,,,,0.0028937170749052062
current_squared,15.0,16.0,,,,,,,1.1540901427263626e-05
current_squared,15.0,17.0,,,,,,,0.07481350997576358
current_squared,16.0,3.0,,,,,,,0.39116118966331226
current_squared,16.0,5.0,,,,,,,0.017624089055524556
current_squared,16.0,6.0,,,,,,,0.0003487920050468903
current_squared,16.0,8.0,,,,,,,0.018002043343636788
current_squared,16.0,9.0,,,,,,,0.3780912839948738
current_squared,16.0,10.0,,,,,,,0.0005963666940048698
current_squared,16.0,13.0,,,,,,,0.3915034688627767
current_squared,16.0,14.0,,,,,,,0.004170276731245344
current_squared,16.0,15.0,,,,,,,0.0032195167726031685
current_squared,16.0,16.0,,,,,,,3.216030117522711e-05
current_squared,16.0,17.0,,,,,,,0.07725197523375507
current_squared,17.0,3.0,,,,,,,0.17671395175661478
current_squared,17.0,5.0,,,,,,,0.006678395672414651
current_squared,17.0,6.0,,,,,,,0.0003888599495484949
current_squared,17.0,8.0,,,,,,,0.006743547490718534
current_squared,17.0,9.0,,,,,,,0.17184378830894925
current_squared,17.0,10.0,,,,,,,0.000511924607039725
current_squared,17.0,13.0,,,,,,,0.17679160408418199
current_squared,17.0,14.0,,,,,,,0.00214910843372412
current_squared,17.0,15.0,,,,,,,0.001320301339689604
current_squared,17.0,16.0,,,,,,,1.1823946720293814e-05
current_squared,17.0,17.0,,,,,,,0.0400453057571706
current_squared,18.0,3.0,,,,,,,0.09984897103132565
current_squared,18.0,5.0,,,,,,,0.0033161251662159313
current_squared,18.0,6.0,,,,,,,0.0004039979156590386
current_squared,18.0,8.0,,,,,,,0.0033294437025568283
current_squared,18.0,9.0,,,,,,,0.09767213514015988
current_squared,18.0,10.0,,,,,,,0.00032591060782101683
current_squared,18.0,13.0,,,,,,,0.09989284705202855
current_squared,18.0,14.0,,,,,,,0.001474798140399981
current_squared,18.0,15.0,,,,,,,0.000605606500995941
current_squared,18.0,16.0,,,,,,,5.2264886584992895e-06
current_squared,18.0,17.0,,,,,,,0.02572896570004743
current_squared,19.0,3.0,,,,,,,0.1021450464482551
current_squared,19.0,5.0,,,,,,,0.0034812378640561247
current_squared,19.0,6.0,,,,,,,0.0004098040899571379
current_squared,19.0,8.0,,,,,,,0.00347890685430198
current_squared,19.0,9.0,,,,,,,0.09968394942013752
current_squared,19.0,10.0,,,,,,,0.00028073708507611155
current_squared,19.0,13.0,,,,,,,0.10218993141929061
current_squared,19.0,14.0,,,,,,,0.0015306796224161755
current_squared,19.0,15.0,,,,,,,0.0006308655158340138
current_squared,19.0,16.0,,,,,,,6.110993593526941e-06
current_squared,19.0,17.0,,,,,,,0.02543787287265986
current_squared,20.0,3.0,,,,,,,0.08224153822687619
current_squared,20.0,5.0,,,,,,,0.0028779275448238485
current_squared,20.0,6.0,,,,,,,0.0001884729723678313
current_squared,20.0,8.0,,,,,,,0.0028696659102820043
current_squared,20.0,9.0,,,,,,,0.08036098684723328
current_squared,20.0,10.0,,,,,,,0.00029483313341264425
current_squared,20.0,13.0,,,,,,,0.08227767712141472
current_squared,20.0,14.0,,,,,,,0.0010278315282964052
current_squared,20.0,15.0,,,,,,,0.0005429018623924857
current_squared,20.0,16.0,,,,,,,6.280275809676917e-06
current_squared,20.0,17.0,,,,,,,0.02320214118095763
current_squared,21.0,3.0,,,,,,,0.07332463232505322
current_squared,21.0,5.0,,,,,,,0.0028791407756098885
current_squared,21.0,6.0,,,,,,,4.679067482627611e-05
current_squared,21.0,8.0,,,,,,,0.0028682832652373305
current_squared,21.0,9.0,,,,,,,0.07190060735528771
current_squared,21.0,10.0,,,,,,,5.5999693791060644e-05
current_squared,21.0,13.0,,,,,,,0.07334231613925307
current_squared,21.0,14.0,,,,,,,0.0005761590002423446
current_squared,21.0,15.0,,,,,,,0.0005426994842297996
current_squared,21.0,16.0,,,,,,,6.594289600160763e-06
current_squared,21.0,17.0,,,,,,,0.0202450554397117
current_squared,22.0,3.0,,,,,,,0.06430410021267634
current_squared,22.0,5.0,,,,,,,0.0022262451841542777
current_squared,22.0,6.0,,,,,,,4.678835131691749e-05
current_squared,22.0,8.0,,,,,,,0.0022237701575672435
current_squared,22.0,9.0,,,,,,,0.06286719321437238
current_squared,22.0,10.0,,,,,,,4.0235004344663975e-05
current_squared,22.0,13.0,,,,,,,0.06431960853129168
current_squared,22.0,14.0,,,,,,,0.00047607170017040614
current_squared,22.0,15.0,,,,,,,0.00044836191070724615
current_squared,22.0,16.0,,,,,,,6.594289600160763e-06
current_squared,22.0,17.0,,,,,,,0.018061004440853626
current_squared,23.0,3.0,,,,,,,0.05870766419234832
current_squared,23.0,5.0,,,,,,,0.0019363901239215313
current_squared,23.0,6.0,,,,,,,1.6353839953101777e-05
current_squared,23.0,8.0,,,,,,,0.001932374809392866
current_squared,23.0,9.0,,,,,,,0.05727066621231056
current_squared,23.0,10.0,,,,,,,6.881558570302972e-05
current_squared,23.0,13.0,,,,,,,0.05872182280989287
current_squared,23.0,14.0,,,,,,,0.0003669571033795007
current_squared,23.0,15.0,,,,,,,0.0004011866668909721
current_squared,23.0,16.0,,,,,,,6.594289600160763e-06
current_squared,23.0,17.0,,,,,,,0.01702104043587717
current_squared,24.0,3.0,,,,,,,0.04403692937631479
current_squared,24.0,5.0,,,,,,,0.0014534942528722247
current_squared,24.0,6.0,,,,,,,3.7872597228459512e-06
current_squared,24.0,8.0,,,,,,,0.0014445962644399272
current_squared,24.0,9.0,,,,,,,0.04257811477128738
current_squared,24.0,10.0,,,,,,,2.790804020491108e-05
current_squared,24.0,13.0,,,,,,,0.04404754983021042
current_squared,24.0,14.0,,,,,,,0.0002132906805259275
current_squared,24.0,15.0,,,,,,,0.0002624115173007162
current_squared,24.0,16.0,,,,,,,6.5419539684134555e-06
current_squared,24.0,17.0,,,,,,,0.01382354289517053
current_slack,1.0,3.0,Poppy,,,,,,0.0
current_slack,1.0,3.0,Oxlip,,,,,,0.0
current_slack,1.0,3.0,Daisy,,,,,,0.0
current_slack,1.0,3.0,Tulip,,,,,,0.0
current_slack,1.0,3.0,Maryj,,,,,,0.0
current_slack,1.0,5.0,Poppy,,,,,,0.0
current_slack,1.0,5.0,Oxlip,,,,,,0.0
current_slack,1.0,5.0,Daisy,,,,,,0.0
current_slack,1.0,5.0,Tulip,,,,,,0.0
current_slack,1.0,5.0,Maryj,,,,,,0.0
current_slack,1.0,6.0,Poppy,,,,,,0.0
current_slack,1.0,6.0,Oxlip,,,,,,0.0
current_slack,1.0,6.0,Daisy,,,,,,0.0
current_slack,1.0,6.0,Tulip,,,,,,0.0
current_slack,1.0,6.0,Maryj,,,,,,0.0
current_slack,1.0,8.0,Poppy,,,,,,0.0
current_slack,1.0,8.0,Oxlip,,,,,,0.0
current_slack,1.0,8.0,Daisy,,,,,,0.0
current_slack,1.0,8.0,Tulip,,,,,,0.0
current_slack,1.0,8.0,Maryj,,,,,,0.0
current_slack,1.0,9.0,Poppy,,,,,,0.0
current_slack,1.0,9.0,Oxlip,,,,,,0.0
current_slack,1.0,9.0,Daisy,,,,,,0.0
current_slack,1.0,9.0,Tulip,,,,,,0.0
current_slack,1.0,9.0,Maryj,,,,,,0.0
current_slack,1.0,10.0,Poppy,,,,,,0.0
current_slack,1.0,10.0,Oxlip,,,,,,0.0
current_slack,1.0,10.0,Daisy,,,,,,0.0
current_slack,1.0,10.0,Tulip,,,,,,0.0
current_slack,1.0,10.0,Maryj,,,,,,0.0
current_slack,1.0,13.0,Poppy,,,,,,0.0
current_slack,1.0,13.0,Oxlip,,,,,,0.0
current_slack,1.0,13.0,Daisy,,,,,,0.0
current_slack,1.0,13.0,Tulip,,,,,,0.0
current_slack,1.0,13.0,Maryj,,,,,,0.0
current_slack,1.0,14.0,Poppy,,,,,,0.0
current_slack,1.0,14.0,Oxlip,,,,,,0.0
current_slack,1.0,14.0,Daisy,,,,,,0.0
current_slack,1.0,14.0,Tulip,,,,,,0.0
current_slack,1.0,14.0,Maryj,,,,,,0.0
current_slack,1.0,15.0,Poppy,,,,,,0.0
current_slack,1.0,15.0,Oxlip,,,,,,0.0
current_slack,1.0,15.0,Daisy,,,,,,0.0
current_slack,1.0,15.0,Tulip,,,,,,0.0
current_slack,1.0,15.0,Maryj,,,,,,0.0
current_slack,1.0,16.0,Poppy,,,,,,0.0
current_slack,1.0,16.0,Oxlip,,,,,,0.0
current_slack,1.0,16.0,Daisy,,,,,,0.0
current_slack,1.0,16.0,Tulip,,,,,,0.0
current_slack,1.0,16.0,Maryj,,,,,,0.0
current_slack,1.0,17.0,Poppy,,,,,,0.0
current_slack,1.0,17.0,Oxlip,,,,,,0.0
current_slack,1.0,17.0,Daisy,,,,,,0.0
current_slack,1.0,17.0,Tulip,,,,,,0.0
current_slack,1.0,17.0,Maryj,,,,,,0.0
current_slack,2.0,3.0,Poppy,,,,,,0.0
current_slack,2.0,3.0,Oxlip,,,,,,0.0
current_slack,2.0,3.0,Daisy,,,,,,0.0
current_slack,2.0,3.0,Tulip,,,,,,0.0
current_slack,2.0,3.0,Maryj,,,,,,0.0
current_slack,2.0,5.0,Poppy,,,,,,0.0
current_slack,2.0,5.0,Oxlip,,,,,,0.0
current_slack,2.0,5.0,Daisy,,,,,,0.0
current_slack,2.0,5.0,Tulip,,,,,,0.0
current_slack,2.0,5.0,Maryj,,,,,,0.0
current_slack,2.0,6.0,Poppy,,,,,,0.0
current_slack,2.0,6.0,Oxlip,,,,,,0.0
current_slack,2.0,6.0,Daisy,,,,,,0.0
current_slack,2.0,6.0,Tulip,,,,,,0.0
current_slack,2.0,6.0,Maryj,,,,,,0.0
current_slack,2.0,8.0,Poppy,,,,,,0.0
current_slack,2.0,8.0,Oxlip,,,,,,0.0
current_slack,2.0,8.0,Daisy,,,,,,0.0
current_slack,2.0,8.0,Tulip,,,,,,0.0
current_slack,2.0,8.0,Maryj,,,,,,0.0
current_slack,2.0,9.0,Poppy,,,,,,0.0
current_slack,2.0,9.0,Oxlip,,,,,,0.0
current_slack,2.0,9.0,Daisy,,,,,,0.0
current_slack,2.0,9.0,Tulip,,,,,,0.0
current_slack,2.0,9.0,Maryj,,,,,,0.0
current_slack,2.0,10.0,Poppy,,,,,,0.0
current_slack,2.0,10.0,Oxlip,,,,,,0.0
current_slack,2.0,10.0,Daisy,,,,,,0.0
current_slack,2.0,10.0,Tulip,,,,,,0.0
current_slack,2.0,10.0,Maryj,,,,,,0.0
current_slack,2.0,13.0,Poppy,,,,,,0.0
current_slack,2.0,13.0,Oxlip,,,,,,0.0
current_slack,2.0,13.0,Daisy,,,,,,0.0
current_slack,2.0,13.0,Tulip,,,,,,0.0
current_slack,2.0,13.0,Maryj,,,,,,0.0
current_slack,2.0,14.0,Poppy,,,,,,0.0
current_slack,2.0,14.0,Oxlip,,,,,,0.0
current_slack,2.0,14.0,Daisy,,,,,,0.0
current_slack,2.0,14.0,Tulip,,,,,,0.0
current_slack,2.0,14.0,Maryj,,,,,,0.0
current_slack,2.0,15.0,Poppy,,,,,,0.0
current_slack,2.0,15.0,Oxlip,,,,,,0.0
current_slack,2.0,15.0,Daisy,,,,,,0.0
current_slack,2.0,15.0,Tulip,,,,,,0.0
current_slack,2.0,15.0,Maryj,,,,,,0.0
current_slack,2.0,16.0,Poppy,,,,,,0.0
current_slack,2.0,16.0,Oxlip,,,,,,0.0
current_slack,2.0,16.0,Daisy,,,,,,0.0
current_slack,2.0,16.0,Tulip,,,,,,0.0
current_slack,2.0,16.0,Maryj,,,,,,0.0
current_slack,2.0,17.0,Poppy,,,,,,0.0
current_slack,2.0,17.0,Oxlip,,,,,,0.0
current_slack,2.0,17.0,Daisy,,,,,,0.0
current_slack,2.0,17.0,Tulip,,,,,,0.0
current_slack,2.0,17.0,Maryj,,,,,,0.0
current_slack,3.0,3.0,Poppy,,,,,,0.0
current_slack,3.0,3.0,Oxlip,,,,,,0.0
current_slack,3.0,3.0,Daisy,,,,,,0.0
current_slack,3.0,3.0,Tulip,,,,,,0.0
current_slack,3.0,3.0,Maryj,,,,,,0.0
current_slack,3.0,5.0,Poppy,,,,,,0.0
current_slack,3.0,5.0,Oxlip,,,,,,0.0
current_slack,3.0,5.0,Daisy,,,,,,0.0
current_slack,3.0,5.0,Tulip,,,,,,0.0
current_slack,3.0,5.0,Maryj,,,,,,0.0
current_slack,3.0,6.0,Poppy,,,,,,0.0
current_slack,3.0,6.0,Oxlip,,,,,,0.0
current_slack,3.0,6.0,Daisy,,,,,,0.0
current_slack,3.0,6.0,Tulip,,,,,,0.0
current_slack,3.0,6.0,Maryj,,,,,,0.0
current_slack,3.0,8.0,Poppy,,,,,,0.0
current_slack,3.0,8.0,Oxlip,,,,,,0.0
current_slack,3.0,8.0,Daisy,,,,,,0.0
current_slack,3.0,8.0,Tulip,,,,,,0.0
current_slack,3.0,8.0,Maryj,,,,,,0.0
current_slack,3.0,9.0,Poppy,,,,,,0.0
current_slack,3.0,9.0,Oxlip,,,,,,0.0
current_slack,3.0,9.0,Daisy,,,,,,0.0
current_slack,3.0,9.0,Tulip,,,,,,0.0
current_slack,3.0,9.0,Maryj,,,,,,0.0
current_slack,3.0,10.0,Poppy,,,,,,0.0
current_slack,3.0,10.0,Oxlip,,,,,,0.0
current_slack,3.0,10.0,Daisy,,,,,,0.0
current_slack,3.0,10.0,Tulip,,,,,,0.0
current_slack,3.0,10.0,Maryj,,,,,,0.0
current_slack,3.0,13.0,Poppy,,,,,,0.0
current_slack,3.0,13.0,Oxlip,,,,,,0.0
current_slack,3.0,13.0,Daisy,,,,,,0.0
current_slack,3.0,13.0,Tulip,,,,,,0.0
current_slack,3.0,13.0,Maryj,,,,,,0.0
current_slack,3.0,14.0,Poppy,,,,,,0.0
current_slack,3.0,14.0,Oxlip,,,,,,0.0
current_slack,3.0,14.0,Daisy,,,,,,0.0
current_slack,3.0,14.0,Tulip,,,,,,0.0
current_slack,3.0,14.0,Maryj,,,,,,0.0
current_slack,3.0,15.0,Poppy,,,,,,0.0
current_slack,3.0,15.0,Oxlip,,,,,,0.0
current_slack,3.0,15.0,Daisy,,,,,,0.0
current_slack,3.0,15.0,Tulip,,,,,,0.0
current_slack,3.0,15.0,Maryj,,,,,,0.0
current_slack,3.0,16.0,Poppy,,,,,,0.0
current_slack,3.0,16.0,Oxlip,,,,,,0.0
current_slack,3.0,16.0,Daisy,,,,,,0.0
current_slack,3.0,16.0,Tulip,,,,,,0.0
current_slack,3.0,16.0,Maryj,,,,,,0.0
current_slack,3.0,17.0,Poppy,,,,,,0.0
current_slack,3.0,17.0,Oxlip,,,,,,0.0
current_slack,3.0,17.0,Daisy,,,,,,0.0
current_slack,3.0,17.0,Tulip,,,,,,0.0
current_slack,3.0,17.0,Maryj,,,,,,0.0
current_slack,4.0,3.0,Poppy,,,,,,0.0
current_slack,4.0,3.0,Oxlip,,,,,,0.0
current_slack,4.0,3.0,Daisy,,,,,,0.0
current_slack,4.0,3.0,Tulip,,,,,,0.0
current_slack,4.0,3.0,Maryj,,,,,,0.0
current_slack,4.0,5.0,Poppy,,,,,,0.0
current_slack,4.0,5.0,Oxlip,,,,,,0.0
current_slack,4.0,5.0,Daisy,,,,,,0.0
current_slack,4.0,5.0,Tulip,,,,,,0.0
current_slack,4.0,5.0,Maryj,,,,,,0.0
current_slack,4.0,6.0,Poppy,,,,,,0.0
current_slack,4.0,6.0,Oxlip,,,,,,0.0
current_slack,4.0,6.0,Daisy,,,,,,0.0
current_slack,4.0,6.0,Tulip,,,,,,0.0
current_slack,4.0,6.0,Maryj,,,,,,0.0
current_slack,4.0,8.0,Poppy,,,,,,0.0
current_slack,4.0,8.0,Oxlip,,,,,,0.0
current_slack,4.0,8.0,Daisy,,,,,,0.0
current_slack,4.0,8.0,Tulip,,,,,,0.0
current_slack,4.0,8.0,Maryj,,,,,,0.0
current_slack,4.0,9.0,Poppy,,,,,,0.0
current_slack,4.0,9.0,Oxlip,,,,,,0.0
current_slack,4.0,9.0,Daisy,,,,,,0.0
current_slack,4.0,9.0,Tulip,,,,,,0.0
current_slack,4.0,9.0,Maryj,,,,,,0.0
current_slack,4.0,10.0,Poppy,,,,,,0.0
current_slack,4.0,10.0,Oxlip,,,,,,0.0
current_slack,4.0,10.0,Daisy,,,,,,0.0
current_slack,4.0,10.0,Tulip,,,,,,0.0
current_slack,4.0,10.0,Maryj,,,,,,0.0
current_slack,4.0,13.0,Poppy,,,,,,0.0
current_slack,4.0,13.0,Oxlip,,,,,,0.0
current_slack,4.0,13.0,Daisy,,,,,,0.0
current_slack,4.0,13.0,Tulip,,,,,,0.0
current_slack,4.0,13.0,Maryj,,,,,,0.0
current_slack,4.0,14.0,Poppy,,,,,,0.0
current_slack,4.0,14.0,Oxlip,,,,,,0.0
current_slack,4.0,14.0,Daisy,,,,,,0.0
current_slack,4.0,14.0,Tulip,,,,,,0.0
current_slack,4.0,14.0,Maryj,,,,,,0.0
current_slack,4.0,15.0,Poppy,,,,,,0.0
current_slack,4.0,15.0,Oxlip,,,,,,0.0
current_slack,4.0,15.0,Daisy,,,,,,0.0
current_slack,4.0,15.0,Tulip,,,,,,0.0
current_slack,4.0,15.0,Maryj,,,,,,0.0
current_slack,4.0,16.0,Poppy,,,,,,0.0
current_slack,4.0,16.0,Oxlip,,,,,,0.0
current_slack,4.0,16.0,Daisy,,,,,,0.0
current_slack,4.0,16.0,Tulip,,,,,,0.0
current_slack,4.0,16.0,Maryj,,,,,,0.0
current_slack,4.0,17.0,Poppy,,,,,,0.0
current_slack,4.0,17.0,Oxlip,,,,,,0.0
current_slack,4.0,17.0,Daisy,,,,,,0.0
current_slack,4.0,17.0,Tulip,,,,,,0.0
current_slack,4.0,17.0,Maryj,,,,,,0.0
current_slack,5.0,3.0,Poppy,,,,,,0.0
current_slack,5.0,3.0,Oxlip,,,,,,0.0
current_slack,5.0,3.0,Daisy,,,,,,0.0
current_slack,5.0,3.0,Tulip,,,,,,0.0
current_slack,5.0,3.0,Maryj,,,,,,0.0
current_slack,5.0,5.0,Poppy,,,,,,0.0
current_slack,5.0,5.0,Oxlip,,,,,,0.0
current_slack,5.0,5.0,Daisy,,,,,,0.0
current_slack,5.0,5.0,Tulip,,,,,,0.0
current_slack,5.0,5.0,Maryj,,,,,,0.0
current_slack,5.0,6.0,Poppy,,,,,,0.0
current_slack,5.0,6.0,Oxlip,,,,,,0.0
current_slack,5.0,6.0,Daisy,,,,,,0.0
current_slack,5.0,6.0,Tulip,,,,,,0.0
current_slack,5.0,6.0,Maryj,,,,,,0.0
current_slack,5.0,8.0,Poppy,,,,,,0.0
current_slack,5.0,8.0,Oxlip,,,,,,0.0
current_slack,5.0,8.0,Daisy,,,,,,0.0
current_slack,5.0,8.0,Tulip,,,,,,0.0
current_slack,5.0,8.0,Maryj,,,,,,0.0
current_slack,5.0,9.0,Poppy,,,,,,0.0
current_slack,5.0,9.0,Oxlip,,,,,,0.0
current_slack,5.0,9.0,Daisy,,,,,,0.0
current_slack,5.0,9.0,Tulip,,,,,,0.0
current_slack,5.0,9.0,Maryj,,,,,,0.0
current_slack,5.0,10.0,Poppy,,,,,,0.0
current_slack,5.0,10.0,Oxlip,,,,,,0.0
current_slack,5.0,10.0,Daisy,,,,,,0.0
current_slack,5.0,10.0,Tulip,,,,,,0.0
current_slack,5.0,10.0,Maryj,,,,,,0.0
current_slack,5.0,13.0,Poppy,,,,,,0.0
current_slack,5.0,13.0,Oxlip,,,,,,0.0
current_slack,5.0,13.0,Daisy,,,,,,0.0
current_slack,5.0,13.0,Tulip,,,,,,0.0
current_slack,5.0,13.0,Maryj,,,,,,0.0
current_slack,5.0,14.0,Poppy,,,,,,0.0
current_slack,5.0,14.0,Oxlip,,,,,,0.0
current_slack,5.0,14.0,Daisy,,,,,,0.0
current_slack,5.0,14.0,Tulip,,,,,,0.0
current_slack,5.0,14.0,Maryj,,,,,,0.0
current_slack,5.0,15.0,Poppy,,,,,,0.0
current_slack,5.0,15.0,Oxlip,,,,,,0.0
current_slack,5.0,15.0,Daisy,,,,,,0.0
current_slack,5.0,15.0,Tulip,,,,,,0.0
current_slack,5.0,15.0,Maryj,,,,,,0.0
current_slack,5.0,16.0,Poppy,,,,,,0.0
current_slack,5.0,16.0,Oxlip,,,,,,0.0
current_slack,5.0,16.0,Daisy,,,,,,0.0
current_slack,5.0,16.0,Tulip,,,,,,0.0
current_slack,5.0,16.0,Maryj,,,,,,0.0
current_slack,5.0,17.0,Poppy,,,,,,0.0
current_slack,5.0,17.0,Oxlip,,,,,,0.0
current_slack,5.0,17.0,Daisy,,,,,,0.0
current_slack,5.0,17.0,Tulip,,,,,,0.0
current_slack,5.0,17.0,Maryj,,,,,,0.0
current_slack,6.0,3.0,Poppy,,,,,,0.0
current_slack,6.0,3.0,Oxlip,,,,,,0.0
current_slack,6.0,3.0,Daisy,,,,,,0.0
current_slack,6.0,3.0,Tulip,,,,,,0.0
current_slack,6.0,3.0,Maryj,,,,,,0.0
current_slack,6.0,5.0,Poppy,,,,,,0.0
current_slack,6.0,5.0,Oxlip,,,,,,0.0
current_slack,6.0,5.0,Daisy,,,,,,0.0
current_slack,6.0,5.0,Tulip,,,,,,0.0
current_slack,6.0,5.0,Maryj,,,,,,0.0
current_slack,6.0,6.0,Poppy,,,,,,0.0
current_slack,6.0,6.0,Oxlip,,,,,,0.0
current_slack,6.0,6.0,Daisy,,,,,,0.0
current_slack,6.0,6.0,Tulip,,,,,,0.0
current_slack,6.0,6.0,Maryj,,,,,,0.0
current_slack,6.0,8.0,Poppy,,,,,,0.0
current_slack,6.0,8.0,Oxlip,,,,,,0.0
current_slack,6.0,8.0,Daisy,,,,,,0.0
current_slack,6.0,8.0,Tulip,,,,,,0.0
current_slack,6.0,8.0,Maryj,,,,,,0.0
current_slack,6.0,9.0,Poppy,,,,,,0.0
current_slack,6.0,9.0,Oxlip,,,,,,0.0
current_slack,6.0,9.0,Daisy,,,,,,0.0
current_slack,6.0,9.0,Tulip,,,,,,0.0
current_slack,6.0,9.0,Maryj,,,,,,0.0
current_slack,6.0,10.0,Poppy,,,,,,0.0
current_slack,6.0,10.0,Oxlip,,,,,,0.0
current_slack,6.0,10.0,Daisy,,,,,,0.0
current_slack,6.0,10.0,Tulip,,,,,,0.0
current_slack,6.0,10.0,Maryj,,,,,,0.0
current_slack,6.0,13.0,Poppy,,,,,,0.0
current_slack,6.0,13.0,Oxlip,,,,,,0.0
current_slack,6.0,13.0,Daisy,,,,,,0.0
current_slack,6.0,13.0,Tulip,,,,,,0.0
current_slack,6.0,13.0,Maryj,,,,,,0.0
current_slack,6.0,14.0,Poppy,,,,,,0.0
current_slack,6.0,14.0,Oxlip,,,,,,0.0
current_slack,6.0,14.0,Daisy,,,,,,0.0
current_slack,6.0,14.0,Tulip,,,,,,0.0
current_slack,6.0,14.0,Maryj,,,,,,0.0
current_slack,6.0,15.0,Poppy,,,,,,0.0
current_slack,6.0,15.0,Oxlip,,,,,,0.0
current_slack,6.0,15.0,Daisy,,,,,,0.0
current_slack,6.0,15.0,Tulip,,,,,,0.0
current_slack,6.0,15.0,Maryj,,,,,,0.0
current_slack,6.0,16.0,Poppy,,,,,,0.0
current_slack,6.0,16.0,Oxlip,,,,,,0.0
current_slack,6.0,16.0,Daisy,,,,,,0.0
current_slack,6.0,16.0,Tulip,,,,,,0.0
current_slack,6.0,16.0,Maryj,,,,,,0.0
current_slack,6.0,17.0,Poppy,,,,,,0.0
current_slack,6.0,17.0,Oxlip,,,,,,0.0
current_slack,6.0,17.0,Daisy,,,,,,0.0
current_slack,6.0,17.0,Tulip,,,,,,0.0
current_slack,6.0,17.0,Maryj,,,,,,0.0
current_slack,7.0,3.0,Poppy,,,,,,0.0
current_slack,7.0,3.0,Oxlip,,,,,,0.0
current_slack,7.0,3.0,Daisy,,,,,,0.0
current_slack,7.0,3.0,Tulip,,,,,,0.0
current_slack,7.0,3.0,Maryj,,,,,,0.0
current_slack,7.0,5.0,Poppy,,,,,,0.0
current_slack,7.0,5.0,Oxlip,,,,,,0.0
current_slack,7.0,5.0,Daisy,,,,,,0.0
current_slack,7.0,5.0,Tulip,,,,,,0.0
current_slack,7.0,5.0,Maryj,,,,,,0.0
current_slack,7.0,6.0,Poppy,,,,,,0.0
current_slack,7.0,6.0,Oxlip,,,,,,0.0
current_slack,7.0,6.0,Daisy,,,,,,0.0
current_slack,7.0,6.0,Tulip,,,,,,0.0
current_slack,7.0,6.0,Maryj,,,,,,0.0
current_slack,7.0,8.0,Poppy,,,,,,0.0
current_slack,7.0,8.0,Oxlip,,,,,,0.0
current_slack,7.0,8.0,Daisy,,,,,,0.0
current_slack,7.0,8.0,Tulip,,,,,,0.0
current_slack,7.0,8.0,Maryj,,,,,,0.0
current_slack,7.0,9.0,Poppy,,,,,,0.0
current_slack,7.0,9.0,Oxlip,,,,,,0.0
current_slack,7.0,9.0,Daisy,,,,,,0.0
current_slack,7.0,9.0,Tulip,,,,,,0.0
current_slack,7.0,9.0,Maryj,,,,,,0.0
current_slack,7.0,10.0,Poppy,,,,,,0.0
current_slack,7.0,10.0,Oxlip,,,,,,0.0
current_slack,7.0,10.0,Daisy,,,,,,0.0
current_slack,7.0,10.0,Tulip,,,,,,0.0
current_slack,7.0,10.0,Maryj,,,,,,0.0
current_slack,7.0,13.0,Poppy,,,,,,0.0
current_slack,7.0,13.0,Oxlip,,,,,,0.0
current_slack,7.0,13.0,Daisy,,,,,,0.0
current_slack,7.0,13.0,Tulip,,,,,,0.0
current_slack,7.0,13.0,Maryj,,,,,,0.0
current_slack,7.0,14.0,Poppy,,,,,,0.0
current_slack,7.0,14.0,Oxlip,,,,,,0.0
current_slack,7.0,14.0,Daisy,,,,,,0.0
current_slack,7.0,14.0,Tulip,,,,,,0.0
current_slack,7.0,14.0,Maryj,,,,,,0.0
current_slack,7.0,15.0,Poppy,,,,,,0.0
current_slack,7.0,15.0,Oxlip,,,,,,0.0
current_slack,7.0,15.0,Daisy,,,,,,0.0
current_slack,7.0,15.0,Tulip,,,,,,0.0
current_slack,7.0,15.0,Maryj,,,,,,0.0
current_slack,7.0,16.0,Poppy,,,,,,0.0
current_slack,7.0,16.0,Oxlip,,,,,,0.0
current_slack,7.0,16.0,Daisy,,,,,,0.0
current_slack,7.0,16.0,Tulip,,,,,,0.0
current_slack,7.0,16.0,Maryj,,,,,,0.0
current_slack,7.0,17.0,Poppy,,,,,,0.0
current_slack,7.0,17.0,Oxlip,,,,,,0.0
current_slack,7.0,17.0,Daisy,,,,,,0.0
current_slack,7.0,17.0,Tulip,,,,,,0.0
current_slack,7.0,17.0,Maryj,,,,,,0.0
current_slack,8.0,3.0,Poppy,,,,,,0.0
current_slack,8.0,3.0,Oxlip,,,,,,0.0
current_slack,8.0,3.0,Daisy,,,,,,0.0
current_slack,8.0,3.0,Tulip,,,,,,0.0
current_slack,8.0,3.0,Maryj,,,,,,0.0
current_slack,8.0,5.0,Poppy,,,,,,0.0
current_slack,8.0,5.0,Oxlip,,,,,,0.0
current_slack,8.0,5.0,Daisy,,,,,,0.0
current_slack,8.0,5.0,Tulip,,,,,,0.0
current_slack,8.0,5.0,Maryj,,,,,,0.0
current_slack,8.0,6.0,Poppy,,,,,,0.0
current_slack,8.0,6.0,Oxlip,,,,,,0.0
current_slack,8.0,6.0,Daisy,,,,,,0.0
current_slack,8.0,6.0,Tulip,,,,,,0.0
current_slack,8.0,6.0,Maryj,,,,,,0.0
current_slack,8.0,8.0,Poppy,,,,,,0.0
current_slack,8.0,8.0,Oxlip,,,,,,0.0
current_slack,8.0,8.0,Daisy,,,,,,0.0
current_slack,8.0,8.0,Tulip,,,,,,0.0
current_slack,8.0,8.0,Maryj,,,,,,0.0
current_slack,8.0,9.0,Poppy,,,,,,0.0
current_slack,8.0,9.0,Oxlip,,,,,,0.0
current_slack,8.0,9.0,Daisy,,,,,,0.0
current_slack,8.0,9.0,Tulip,,,,,,0.0
current_slack,8.0,9.0,Maryj,,,,,,0.0
current_slack,8.0,10.0,Poppy,,,,,,0.0
current_slack,8.0,10.0,Oxlip,,,,,,0.0
current_slack,8.0,10.0,Daisy,,,,,,0.0
current_slack,8.0,10.0,Tulip,,,,,,0.0
current_slack,8.0,10.0,Maryj,,,,,,0.0
current_slack,8.0,13.0,Poppy,,,,,,0.0
current_slack,8.0,13.0,Oxlip,,,,,,0.0
current_slack,8.0,13.0,Daisy,,,,,,0.0
current_slack,8.0,13.0,Tulip,,,,,,0.0
current_slack,8.0,13.0,Maryj,,,,,,0.0
current_slack,8.0,14.0,Poppy,,,,,,0.0
current_slack,8.0,14.0,Oxlip,,,,,,0.0
current_slack,8.0,14.0,Daisy,,,,,,0.0
current_slack,8.0,14.0,Tulip,,,,,,0.0
current_slack,8.0,14.0,Maryj,,,,,,0.0
current_slack,8.0,15.0,Poppy,,,,,,0.0
current_slack,8.0,15.0,Oxlip,,,,,,0.0
current_slack,8.0,15.0,Daisy,,,,,,0.0
current_slack,8.0,15.0,Tulip,,,,,,0.0
current_slack,8.0,15.0,Maryj,,,,,,0.0
current_slack,8.0,16.0,Poppy,,,,,,0.0
current_slack,8.0,16.0,Oxlip,,,,,,0.0
current_slack,8.0,16.0,Daisy,,,,,,0.0
current_slack,8.0,16.0,Tulip,,,,,,0.0
current_slack,8.0,16.0,Maryj,,,,,,0.0
current_slack,8.0,17.0,Poppy,,,,,,0.0
current_slack,8.0,17.0,Oxlip,,,,,,0.0
current_slack,8.0,17.0,Daisy,,,,,,0.0
current_slack,8.0,17.0,Tulip,,,,,,0.0
current_slack,8.0,17.0,Maryj,,,,,,0.0
current_slack,9.0,3.0,Poppy,,,,,,0.0
current_slack,9.0,3.0,Oxlip,,,,,,0.0
current_slack,9.0,3.0,Daisy,,,,,,0.0
current_slack,9.0,3.0,Tulip,,,,,,0.0
current_slack,9.0,3.0,Maryj,,,,,,0.0
current_slack,9.0,5.0,Poppy,,,,,,0.0
current_slack,9.0,5.0,Oxlip,,,,,,0.0
current_slack,9.0,5.0,Daisy,,,,,,0.0
current_slack,9.0,5.0,Tulip,,,,,,0.0
current_slack,9.0,5.0,Maryj,,,,,,0.0
current_slack,9.0,6.0,Poppy,,,,,,0.0
current_slack,9.0,6.0,Oxlip,,,,,,0.0
current_slack,9.0,6.0,Daisy,,,,,,0.0
current_slack,9.0,6.0,Tulip,,,,,,0.0
current_slack,9.0,6.0,Maryj,,,,,,0.0
current_slack,9.0,8.0,Poppy,,,,,,0.0
current_slack,9.0,8.0,Oxlip,,,,,,0.0
current_slack,9.0,8.0,Daisy,,,,,,0.0
current_slack,9.0,8.0,Tulip,,,,,,0.0
current_slack,9.0,8.0,Maryj,,,,,,0.0
current_slack,9.0,9.0,Poppy,,,,,,0.0
current_slack,9.0,9.0,Oxlip,,,,,,0.0
current_slack,9.0,9.0,Daisy,,,,,,0.0
current_slack,9.0,9.0,Tulip,,,,,,0.0
current_slack,9.0,9.0,Maryj,,,,,,0.0
current_slack,9.0,10.0,Poppy,,,,,,0.0
current_slack,9.0,10.0,Oxlip,,,,,,0.0
current_slack,9.0,10.0,Daisy,,,,,,0.0
current_slack,9.0,10.0,Tulip,,,,,,0.0
current_slack,9.0,10.0,Maryj,,,,,,0.0
current_slack,9.0,13.0,Poppy,,,,,,0.0
current_slack,9.0,13.0,Oxlip,,,,,,0.0
current_slack,9.0,13.0,Daisy,,,,,,0.0
current_slack,9.0,13.0,Tulip,,,,,,0.0
current_slack,9.0,13.0,Maryj,,,,,,0.0
current_slack,9.0,14.0,Poppy,,,,,,0.0
current_slack,9.0,14.0,Oxlip,,,,,,0.0
current_slack,9.0,14.0,Daisy,,,,,,0.0
current_slack,9.0,14.0,Tulip,,,,,,0.0
current_slack,9.0,14.0,Maryj,,,,,,0.0
current_slack,9.0,15.0,Poppy,,,,,,0.0
current_slack,9.0,15.0,Oxlip,,,,,,0.0
current_slack,9.0,15.0,Daisy,,,,,,0.0
current_slack,9.0,15.0,Tulip,,,,,,0.0
current_slack,9.0,15.0,Maryj,,,,,,0.0
current_slack,9.0,16.0,Poppy,,,,,,0.0
current_slack,9.0,16.0,Oxlip,,,,,,0.0
current_slack,9.0,16.0,Daisy,,,,,,0.0
current_slack,9.0,16.0,Tulip,,,,,,0.0
current_slack,9.0,16.0,Maryj,,,,,,0.0
current_slack,9.0,17.0,Poppy,,,,,,0.0
current_slack,9.0,17.0,Oxlip,,,,,,0.0
current_slack,9.0,17.0,Daisy,,,,,,0.0
current_slack,9.0,17.0,Tulip,,,,,,0.0
current_slack,9.0,17.0,Maryj,,,,,,0.0
current_slack,10.0,3.0,Poppy,,,,,,0.0
current_slack,10.0,3.0,Oxlip,,,,,,0.0
current_slack,10.0,3.0,Daisy,,,,,,0.0
current_slack,10.0,3.0,Tulip,,,,,,0.0
current_slack,10.0,3.0,Maryj,,,,,,0.0
current_slack,10.0,5.0,Poppy,,,,,,0.0
current_slack,10.0,5.0,Oxlip,,,,,,0.0
current_slack,10.0,5.0,Daisy,,,,,,0.0
current_slack,10.0,5.0,Tulip,,,,,,0.0
current_slack,10.0,5.0,Maryj,,,,,,0.0
current_slack,10.0,6.0,Poppy,,,,,,0.0
current_slack,10.0,6.0,Oxlip,,,,,,0.0
current_slack,10.0,6.0,Daisy,,,,,,0.0
current_slack,10.0,6.0,Tulip,,,,,,0.0
current_slack,10.0,6.0,Maryj,,,,,,0.0
current_slack,10.0,8.0,Poppy,,,,,,0.0
current_slack,10.0,8.0,Oxlip,,,,,,0.0
current_slack,10.0,8.0,Daisy,,,,,,0.0
current_slack,10.0,8.0,Tulip,,,,,,0.0
current_slack,10.0,8.0,Maryj,,,,,,0.0
current_slack,10.0,9.0,Poppy,,,,,,0.0
current_slack,10.0,9.0,Oxlip,,,,,,0.0
current_slack,10.0,9.0,Daisy,,,,,,0.0
current_slack,10.0,9.0,Tulip,,,,,,0.0
current_slack,10.0,9.0,Maryj,,,,,,0.0
current_slack,10.0,10.0,Poppy,,,,,,0.0
current_slack,10.0,10.0,Oxlip,,,,,,0.0
current_slack,10.0,10.0,Daisy,,,,,,0.0
current_slack,10.0,10.0,Tulip,,,,,,0.0
current_slack,10.0,10.0,Maryj,,,,,,0.0
current_slack,10.0,13.0,Poppy,,,,,,0.0
current_slack,10.0,13.0,Oxlip,,,,,,0.0
current_slack,10.0,13.0,Daisy,,,,,,0.0
current_slack,10.0,13.0,Tulip,,,,,,0.0
current_slack,10.0,13.0,Maryj,,,,,,0.0
current_slack,10.0,14.0,Poppy,,,,,,0.0
current_slack,10.0,14.0,Oxlip,,,,,,0.0
current_slack,10.0,14.0,Daisy,,,,,,0.0
current_slack,10.0,14.0,Tulip,,,,,,0.0
current_slack,10.0,14.0,Maryj,,,,,,0.0
current_slack,10.0,15.0,Poppy,,,,,,0.0
current_slack,10.0,15.0,Oxlip,,,,,,0.0
current_slack,10.0,15.0,Daisy,,,,,,0.0
current_slack,10.0,15.0,Tulip,,,,,,0.0
current_slack,10.0,15.0,Maryj,,,,,,0.0
current_slack,10.0,16.0,Poppy,,,,,,0.0
current_slack,10.0,16.0,Oxlip,,,,,,0.0
current_slack,10.0,16.0,Daisy,,,,,,0.0
current_slack,10.0,16.0,Tulip,,,,,,0.0
current_slack,10.0,16.0,Maryj,,,,,,0.0
current_slack,10.0,17.0,Poppy,,,,,,0.0
current_slack,10.0,17.0,Oxlip,,,,,,0.0
current_slack,10.0,17.0,Daisy,,,,,,0.0
current_slack,10.0,17.0,Tulip,,,,,,0.0
current_slack,10.0,17.0,Maryj,,,,,,0.0
current_slack,11.0,3.0,Poppy,,,,,,0.0
current_slack,11.0,3.0,Oxlip,,,,,,0.0
current_slack,11.0,3.0,Daisy,,,,,,0.0
current_slack,11.0,3.0,Tulip,,,,,,0.0
current_slack,11.0,3.0,Maryj,,,,,,0.0
current_slack,11.0,5.0,Poppy,,,,,,0.0
current_slack,11.0,5.0,Oxlip,,,,,,0.0
current_slack,11.0,5.0,Daisy,,,,,,0.0
current_slack,11.0,5.0,Tulip,,,,,,0.0
current_slack,11.0,5.0,Maryj,,,,,,0.0
current_slack,11.0,6.0,Poppy,,,,,,0.0
current_slack,11.0,6.0,Oxlip,,,,,,0.0
current_slack,11.0,6.0,Daisy,,,,,,0.0
current_slack,11.0,6.0,Tulip,,,,,,0.0
current_slack,11.0,6.0,Maryj,,,,,,0.0
current_slack,11.0,8.0,Poppy,,,,,,0.0
current_slack,11.0,8.0,Oxlip,,,,,,0.0
current_slack,11.0,8.0,Daisy,,,,,,0.0
current_slack,11.0,8.0,Tulip,,,,,,0.0
current_slack,11.0,8.0,Maryj,,,,,,0.0
current_slack,11.0,9.0,Poppy,,,,,,0.0
current_slack,11.0,9.0,Oxlip,,,,,,0.0
current_slack,11.0,9.0,Daisy,,,,,,0.0
current_slack,11.0,9.0,Tulip,,,,,,0.0
current_slack,11.0,9.0,Maryj,,,,,,0.0
current_slack,11.0,10.0,Poppy,,,,,,0.0
current_slack,11.0,10.0,Oxlip,,,,,,0.0
current_slack,11.0,10.0,Daisy,,,,,,0.0
current_slack,11.0,10.0,Tulip,,,,,,0.0
current_slack,11.0,10.0,Maryj,,,,,,0.0
current_slack,11.0,13.0,Poppy,,,,,,0.0
current_slack,11.0,13.0,Oxlip,,,,,,0.0
current_slack,11.0,13.0,Daisy,,,,,,0.0
current_slack,11.0,13.0,Tulip,,,,,,0.0
current_slack,11.0,13.0,Maryj,,,,,,0.0
current_slack,11.0,14.0,Poppy,,,,,,0.0
current_slack,11.0,14.0,Oxlip,,,,,,0.0
current_slack,11.0,14.0,Daisy,,,,,,0.0
current_slack,11.0,14.0,Tulip,,,,,,0.0
current_slack,11.0,14.0,Maryj,,,,,,0.0
current_slack,11.0,15.0,Poppy,,,,,,0.0
current_slack,11.0,15.0,Oxlip,,,,,,0.0
current_slack,11.0,15.0,Daisy,,,,,,0.0
current_slack,11.0,15.0,Tulip,,,,,,0.0
current_slack,11.0,15.0,Maryj,,,,,,0.0
current_slack,11.0,16.0,Poppy,,,,,,0.0
current_slack,11.0,16.0,Oxlip,,,,,,0.0
current_slack,11.0,16.0,Daisy,,,,,,0.0
current_slack,11.0,16.0,Tulip,,,,,,0.0
current_slack,11.0,16.0,Maryj,,,,,,0.0
current_slack,11.0,17.0,Poppy,,,,,,0.0
current_slack,11.0,17.0,Oxlip,,,,,,0.0
current_slack,11.0,17.0,Daisy,,,,,,0.0
current_slack,11.0,17.0,Tulip,,,,,,0.0
current_slack,11.0,17.0,Maryj,,,,,,0.0
current_slack,12.0,3.0,Poppy,,,,,,0.0
current_slack,12.0,3.0,Oxlip,,,,,,0.0
current_slack,12.0,3.0,Daisy,,,,,,0.0
current_slack,12.0,3.0,Tulip,,,,,,0.0
current_slack,12.0,3.0,Maryj,,,,,,0.0
current_slack,12.0,5.0,Poppy,,,,,,0.0
current_slack,12.0,5.0,Oxlip,,,,,,0.0
current_slack,12.0,5.0,Daisy,,,,,,0.0
current_slack,12.0,5.0,Tulip,,,,,,0.0
current_slack,12.0,5.0,Maryj,,,,,,0.0
current_slack,12.0,6.0,Poppy,,,,,,0.0
current_slack,12.0,6.0,Oxlip,,,,,,0.0
current_slack,12.0,6.0,Daisy,,,,,,0.0
current_slack,12.0,6.0,Tulip,,,,,,0.0
current_slack,12.0,6.0,Maryj,,,,,,0.0
current_slack,12.0,8.0,Poppy,,,,,,0.0
current_slack,12.0,8.0,Oxlip,,,,,,0.0
current_slack,12.0,8.0,Daisy,,,,,,0.0
current_slack,12.0,8.0,Tulip,,,,,,0.0
current_slack,12.0,8.0,Maryj,,,,,,0.0
current_slack,12.0,9.0,Poppy,,,,,,0.0
current_slack,12.0,9.0,Oxlip,,,,,,0.0
current_slack,12.0,9.0,Daisy,,,,,,0.0
current_slack,12.0,9.0,Tulip,,,,,,0.0
current_slack,12.0,9.0,Maryj,,,,,,0.0
current_slack,12.0,10.0,Poppy,,,,,,0.0
current_slack,12.0,10.0,Oxlip,,,,,,0.0
current_slack,12.0,10.0,Daisy,,,,,,0.0
current_slack,12.0,10.0,Tulip,,,,,,0.0
current_slack,12.0,10.0,Maryj,,,,,,0.0
current_slack,12.0,13.0,Poppy,,,,,,0.0
current_slack,12.0,13.0,Oxlip,,,,,,0.0
current_slack,12.0,13.0,Daisy,,,,,,0.0
current_slack,12.0,13.0,Tulip,,,,,,0.0
current_slack,12.0,13.0,Maryj,,,,,,0.0
current_slack,12.0,14.0,Poppy,,,,,,0.0
current_slack,12.0,14.0,Oxlip,,,,,,0.0
current_slack,12.0,14.0,Daisy,,,,,,0.0
current_slack,12.0,14.0,Tulip,,,,,,0.0
current_slack,12.0,14.0,Maryj,,,,,,0.0
current_slack,12.0,15.0,Poppy,,,,,,0.0
current_slack,12.0,15.0,Oxlip,,,,,,0.0
current_slack,12.0,15.0,Daisy,,,,,,0.0
current_slack,12.0,15.0,Tulip,,,,,,0.0
current_slack,12.0,15.0,Maryj,,,,,,0.0
current_slack,12.0,16.0,Poppy,,,,,,0.0
current_slack,12.0,16.0,Oxlip,,,,,,0.0
current_slack,12.0,16.0,Daisy,,,,,,0.0
current_slack,12.0,16.0,Tulip,,,,,,0.0
current_slack,12.0,16.0,Maryj,,,,,,0.0
current_slack,12.0,17.0,Poppy,,,,,,0.0
current_slack,12.0,17.0,Oxlip,,,,,,0.0
current_slack,12.0,17.0,Daisy,,,,,,0.0
current_slack,12.0,17.0,Tulip,,,,,,0.0
current_slack,12.0,17.0,Maryj,,,,,,0.0
current_slack,13.0,3.0,Poppy,,,,,,0.0
current_slack,13.0,3.0,Oxlip,,,,,,0.0
current_slack,13.0,3.0,Daisy,,,,,,0.0
current_slack,13.0,3.0,Tulip,,,,,,0.0
current_slack,13.0,3.0,Maryj,,,,,,0.0
current_slack,13.0,5.0,Poppy,,,,,,0.0
current_slack,13.0,5.0,Oxlip,,,,,,0.0
current_slack,13.0,5.0,Daisy,,,,,,0.0
current_slack,13.0,5.0,Tulip,,,,,,0.0
current_slack,13.0,5.0,Maryj,,,,,,0.0
current_slack,13.0,6.0,Poppy,,,,,,0.0
current_slack,13.0,6.0,Oxlip,,,,,,0.0
current_slack,13.0,6.0,Daisy,,,,,,0.0
current_slack,13.0,6.0,Tulip,,,,,,0.0
current_slack,13.0,6.0,Maryj,,,,,,0.0
current_slack,13.0,8.0,Poppy,,,,,,0.0
current_slack,13.0,8.0,Oxlip,,,,,,0.0
current_slack,13.0,8.0,Daisy,,,,,,0.0
current_slack,13.0,8.0,Tulip,,,,,,0.0
current_slack,13.0,8.0,Maryj,,,,,,0.0
current_slack,13.0,9.0,Poppy,,,,,,0.0
current_slack,13.0,9.0,Oxlip,,,,,,0.0
current_slack,13.0,9.0,Daisy,,,,,,0.0
current_slack,13.0,9.0,Tulip,,,,,,0.0
current_slack,13.0,9.0,Maryj,,,,,,0.0
current_slack,13.0,10.0,Poppy,,,,,,0.0
current_slack,13.0,10.0,Oxlip,,,,,,0.0
current_slack,13.0,10.0,Daisy,,,,,,0.0
current_slack,13.0,10.0,Tulip,,,,,,0.0
current_slack,13.0,10.0,Maryj,,,,,,0.0
current_slack,13.0,13.0,Poppy,,,,,,0.0
current_slack,13.0,13.0,Oxlip,,,,,,0.0
current_slack,13.0,13.0,Daisy,,,,,,0.0
current_slack,13.0,13.0,Tulip,,,,,,0.0
current_slack,13.0,13.0,Maryj,,,,,,0.0
current_slack,13.0,14.0,Poppy,,,,,,0.0
current_slack,13.0,14.0,Oxlip,,,,,,0.0
current_slack,13.0,14.0,Daisy,,,,,,0.0
current_slack,13.0,14.0,Tulip,,,,,,0.0
current_slack,13.0,14.0,Maryj,,,,,,0.0
current_slack,13.0,15.0,Poppy,,,,,,0.0
current_slack,13.0,15.0,Oxlip,,,,,,0.0
current_slack,13.0,15.0,Daisy,,,,,,0.0
current_slack,13.0,15.0,Tulip,,,,,,0.0
current_slack,13.0,15.0,Maryj,,,,,,0.0
current_slack,13.0,16.0,Poppy,,,,,,0.0
current_slack,13.0,16.0,Oxlip,,,,,,0.0
current_slack,13.0,16.0,Daisy,,,,,,0.0
current_slack,13.0,16.0,Tulip,,,,,,0.0
current_slack,13.0,16.0,Maryj,,,,,,0.0
current_slack,13.0,17.0,Poppy,,,,,,0.0
current_slack,13.0,17.0,Oxlip,,,,,,0.0
current_slack,13.0,17.0,Daisy,,,,,,0.0
current_slack,13.0,17.0,Tulip,,,,,,0.0
current_slack,13.0,17.0,Maryj,,,,,,0.0
current_slack,14.0,3.0,Poppy,,,,,,0.0
current_slack,14.0,3.0,Oxlip,,,,,,0.0
current_slack,14.0,3.0,Daisy,,,,,,0.0
current_slack,14.0,3.0,Tulip,,,,,,0.0
current_slack,14.0,3.0,Maryj,,,,,,0.0
current_slack,14.0,5.0,Poppy,,,,,,0.0
current_slack,14.0,5.0,Oxlip,,,,,,0.0
current_slack,14.0,5.0,Daisy,,,,,,0.0
current_slack,14.0,5.0,Tulip,,,,,,0.0
current_slack,14.0,5.0,Maryj,,,,,,0.0
current_slack,14.0,6.0,Poppy,,,,,,0.0
current_slack,14.0,6.0,Oxlip,,,,,,0.0
current_slack,14.0,6.0,Daisy,,,,,,0.0
current_slack,14.0,6.0,Tulip,,,,,,0.0
current_slack,14.0,6.0,Maryj,,,,,,0.0
current_slack,14.0,8.0,Poppy,,,,,,0.0
current_slack,14.0,8.0,Oxlip,,,,,,0.0
current_slack,14.0,8.0,Daisy,,,,,,0.0
current_slack,14.0,8.0,Tulip,,,,,,0.0
current_slack,14.0,8.0,Maryj,,,,,,0.0
current_slack,14.0,9.0,Poppy,,,,,,0.0
current_slack,14.0,9.0,Oxlip,,,,,,0.0
current_slack,14.0,9.0,Daisy,,,,,,0.0
current_slack,14.0,9.0,Tulip,,,,,,0.0
current_slack,14.0,9.0,Maryj,,,,,,0.0
current_slack,14.0,10.0,Poppy,,,,,,0.0
current_slack,14.0,10.0,Oxlip,,,,,,0.0
current_slack,14.0,10.0,Daisy,,,,,,0.0
current_slack,14.0,10.0,Tulip,,,,,,0.0
current_slack,14.0,10.0,Maryj,,,,,,0.0
current_slack,14.0,13.0,Poppy,,,,,,0.0
current_slack,14.0,13.0,Oxlip,,,,,,0.0
current_slack,14.0,13.0,Daisy,,,,,,0.0
current_slack,14.0,13.0,Tulip,,,,,,0.0
current_slack,14.0,13.0,Maryj,,,,,,0.0
current_slack,14.0,14.0,Poppy,,,,,,0.0
current_slack,14.0,14.0,Oxlip,,,,,,0.0
current_slack,14.0,14.0,Daisy,,,,,,0.0
current_slack,14.0,14.0,Tulip,,,,,,0.0
current_slack,14.0,14.0,Maryj,,,,,,0.0
current_slack,14.0,15.0,Poppy,,,,,,0.0
current_slack,14.0,15.0,Oxlip,,,,,,0.0
current_slack,14.0,15.0,Daisy,,,,,,0.0
current_slack,14.0,15.0,Tulip,,,,,,0.0
current_slack,14.0,15.0,Maryj,,,,,,0.0
current_slack,14.0,16.0,Poppy,,,,,,0.0
current_slack,14.0,16.0,Oxlip,,,,,,0.0
current_slack,14.0,16.0,Daisy,,,,,,0.0
current_slack,14.0,16.0,Tulip,,,,,,0.0
current_slack,14.0,16.0,Maryj,,,,,,0.0
current_slack,14.0,17.0,Poppy,,,,,,0.0
current_slack,14.0,17.0,Oxlip,,,,,,0.0
current_slack,14.0,17.0,Daisy,,,,,,0.0
current_slack,14.0,17.0,Tulip,,,,,,0.0
current_slack,14.0,17.0,Maryj,,,,,,0.0
current_slack,15.0,3.0,Poppy,,,,,,0.0
current_slack,15.0,3.0,Oxlip,,,,,,0.0
current_slack,15.0,3.0,Daisy,,,,,,0.0
current_slack,15.0,3.0,Tulip,,,,,,0.0
current_slack,15.0,3.0,Maryj,,,,,,0.0
current_slack,15.0,5.0,Poppy,,,,,,0.0
current_slack,15.0,5.0,Oxlip,,,,,,0.0
current_slack,15.0,5.0,Daisy,,,,,,0.0
current_slack,15.0,5.0,Tulip,,,,,,0.0
current_slack,15.0,5.0,Maryj,,,,,,0.0
current_slack,15.0,6.0,Poppy,,,,,,0.0
current_slack,15.0,6.0,Oxlip,,,,,,0.0
current_slack,15.0,6.0,Daisy,,,,,,0.0
current_slack,15.0,6.0,Tulip,,,,,,0.0
current_slack,15.0,6.0,Maryj,,,,,,0.0
current_slack,15.0,8.0,Poppy,,,,,,0.0
current_slack,15.0,8.0,Oxlip,,,,,,0.0
current_slack,15.0,8.0,Daisy,,,,,,0.0
current_slack,15.0,8.0,Tulip,,,,,,0.0
current_slack,15.0,8.0,Maryj,,,,,,0.0
current_slack,15.0,9.0,Poppy,,,,,,0.0
current_slack,15.0,9.0,Oxlip,,,,,,0.0
current_slack,15.0,9.0,Daisy,,,,,,0.0
current_slack,15.0,9.0,Tulip,,,,,,0.0
current_slack,15.0,9.0,Maryj,,,,,,0.0
current_slack,15.0,10.0,Poppy,,,,,,0.0
current_slack,15.0,10.0,Oxlip,,,,,,0.0
current_slack,15.0,10.0,Daisy,,,,,,0.0
current_slack,15.0,10.0,Tulip,,,,,,0.0
current_slack,15.0,10.0,Maryj,,,,,,0.0
current_slack,15.0,13.0,Poppy,,,,,,0.0
current_slack,15.0,13.0,Oxlip,,,,,,0.0
current_slack,15.0,13.0,Daisy,,,,,,0.0
current_slack,15.0,13.0,Tulip,,,,,,0.0
current_slack,15.0,13.0,Maryj,,,,,,0.0
current_slack,15.0,14.0,Poppy,,,,,,0.0
current_slack,15.0,14.0,Oxlip,,,,,,0.0
current_slack,15.0,14.0,Daisy,,,,,,0.0
current_slack,15.0,14.0,Tulip,,,,,,0.0
current_slack,15.0,14.0,Maryj,,,,,,0.0
current_slack,15.0,15.0,Poppy,,,,,,0.0
current_slack,15.0,15.0,Oxlip,,,,,,0.0
current_slack,15.0,15.0,Daisy,,,,,,0.0
current_slack,15.0,15.0,Tulip,,,,,,0.0
current_slack,15.0,15.0,Maryj,,,,,,0.0
current_slack,15.0,16.0,Poppy,,,,,,0.0
current_slack,15.0,16.0,Oxlip,,,,,,0.0
current_slack,15.0,16.0,Daisy,,,,,,0.0
current_slack,15.0,16.0,Tulip,,,,,,0.0
current_slack,15.0,16.0,Maryj,,,,,,0.0
current_slack,15.0,17.0,Poppy,,,,,,0.0
current_slack,15.0,17.0,Oxlip,,,,,,0.0
current_slack,15.0,17.0,Daisy,,,,,,0.0
current_slack,15.0,17.0,Tulip,,,,,,0.0
current_slack,15.0,17.0,Maryj,,,,,,0.0
current_slack,16.0,3.0,Poppy,,,,,,0.0
current_slack,16.0,3.0,Oxlip,,,,,,0.0
current_slack,16.0,3.0,Daisy,,,,,,0.0
current_slack,16.0,3.0,Tulip,,,,,,0.0
current_slack,16.0,3.0,Maryj,,,,,,0.0
current_slack,16.0,5.0,Poppy,,,,,,0.0
current_slack,16.0,5.0,Oxlip,,,,,,0.0
current_slack,16.0,5.0,Daisy,,,,,,0.0
current_slack,16.0,5.0,Tulip,,,,,,0.0
current_slack,16.0,5.0,Maryj,,,,,,0.0
current_slack,16.0,6.0,Poppy,,,,,,0.0
current_slack,16.0,6.0,Oxlip,,,,,,0.0
current_slack,16.0,6.0,Daisy,,,,,,0.0
current_slack,16.0,6.0,Tulip,,,,,,0.0
current_slack,16.0,6.0,Maryj,,,,,,0.0
current_slack,16.0,8.0,Poppy,,,,,,0.0
current_slack,16.0,8.0,Oxlip,,,,,,0.0
current_slack,16.0,8.0,Daisy,,,,,,0.0
current_slack,16.0,8.0,Tulip,,,,,,0.0
current_slack,16.0,8.0,Maryj,,,,,,0.0
current_slack,16.0,9.0,Poppy,,,,,,0.0
current_slack,16.0,9.0,Oxlip,,,,,,0.0
current_slack,16.0,9.0,Daisy,,,,,,0.0
current_slack,16.0,9.0,Tulip,,,,,,0.0
current_slack,16.0,9.0,Maryj,,,,,,0.0
current_slack,16.0,10.0,Poppy,,,,,,0.0
current_slack,16.0,10.0,Oxlip,,,,,,0.0
current_slack,16.0,10.0,Daisy,,,,,,0.0
current_slack,16.0,10.0,Tulip,,,,,,0.0
current_slack,16.0,10.0,Maryj,,,,,,0.0
current_slack,16.0,13.0,Poppy,,,,,,0.0
current_slack,16.0,13.0,Oxlip,,,,,,0.0
current_slack,16.0,13.0,Daisy,,,,,,0.0
current_slack,16.0,13.0,Tulip,,,,,,0.0
current_slack,16.0,13.0,Maryj,,,,,,0.0
current_slack,16.0,14.0,Poppy,,,,,,0.0
current_slack,16.0,14.0,Oxlip,,,,,,0.0
current_slack,16.0,14.0,Daisy,,,,,,0.0
current_slack,16.0,14.0,Tulip,,,,,,0.0
current_slack,16.0,14.0,Maryj,,,,,,0.0
current_slack,16.0,15.0,Poppy,,,,,,0.0
current_slack,16.0,15.0,Oxlip,,,,,,0.0
current_slack,16.0,15.0,Daisy,,,,,,0.0
current_slack,16.0,15.0,Tulip,,,,,,0.0
current_slack,16.0,15.0,Maryj,,,,,,0.0
current_slack,16.0,16.0,Poppy,,,,,,0.0
current_slack,16.0,16.0,Oxlip,,,,,,0.0
current_slack,16.0,16.0,Daisy,,,,,,0.0
current_slack,16.0,16.0,Tulip,,,,,,0.0
current_slack,16.0,16.0,Maryj,,,,,,0.0
current_slack,16.0,17.0,Poppy,,,,,,0.0
current_slack,16.0,17.0,Oxlip,,,,,,0.0
current_slack,16.0,17.0,Daisy,,,,,,0.0
current_slack,16.0,17.0,Tulip,,,,,,0.0
current_slack,16.0,17.0,Maryj,,,,,,0.0
current_slack,17.0,3.0,Poppy,,,,,,0.0
current_slack,17.0,3.0,Oxlip,,,,,,0.0
current_slack,17.0,3.0,Daisy,,,,,,0.0
current_slack,17.0,3.0,Tulip,,,,,,0.0
current_slack,17.0,3.0,Maryj,,,,,,0.0
current_slack,17.0,5.0,Poppy,,,,,,0.0
current_slack,17.0,5.0,Oxlip,,,,,,0.0
current_slack,17.0,5.0,Daisy,,,,,,0.0
current_slack,17.0,5.0,Tulip,,,,,,0.0
current_slack,17.0,5.0,Maryj,,,,,,0.0
current_slack,17.0,6.0,Poppy,,,,,,0.0
current_slack,17.0,6.0,Oxlip,,,,,,0.0
current_slack,17.0,6.0,Daisy,,,,,,0.0
current_slack,17.0,6.0,Tulip,,,,,,0.0
current_slack,17.0,6.0,Maryj,,,,,,0.0
current_slack,17.0,8.0,Poppy,,,,,,0.0
current_slack,17.0,8.0,Oxlip,,,,,,0.0
current_slack,17.0,8.0,Daisy,,,,,,0.0
current_slack,17.0,8.0,Tulip,,,,,,0.0
current_slack,17.0,8.0,Maryj,,,,,,0.0
current_slack,17.0,9.0,Poppy,,,,,,0.0
current_slack,17.0,9.0,Oxlip,,,,,,0.0
current_slack,17.0,9.0,Daisy,,,,,,0.0
current_slack,17.0,9.0,Tulip,,,,,,0.0
current_slack,17.0,9.0,Maryj,,,,,,0.0
current_slack,17.0,10.0,Poppy,,,,,,0.0
current_slack,17.0,10.0,Oxlip,,,,,,0.0
current_slack,17.0,10.0,Daisy,,,,,,0.0
current_slack,17.0,10.0,Tulip,,,,,,0.0
current_slack,17.0,10.0,Maryj,,,,,,0.0
current_slack,17.0,13.0,Poppy,,,,,,0.0
current_slack,17.0,13.0,Oxlip,,,,,,0.0
current_slack,17.0,13.0,Daisy,,,,,,0.0
current_slack,17.0,13.0,Tulip,,,,,,0.0
current_slack,17.0,13.0,Maryj,,,,,,0.0
current_slack,17.0,14.0,Poppy,,,,,,0.0
current_slack,17.0,14.0,Oxlip,,,,,,0.0
current_slack,17.0,14.0,Daisy,,,,,,0.0
current_slack,17.0,14.0,Tulip,,,,,,0.0
current_slack,17.0,14.0,Maryj,,,,,,0.0
current_slack,17.0,15.0,Poppy,,,,,,0.0
current_slack,17.0,15.0,Oxlip,,,,,,0.0
current_slack,17.0,15.0,Daisy,,,,,,0.0
current_slack,17.0,15.0,Tulip,,,,,,0.0
current_slack,17.0,15.0,Maryj,,,,,,0.0
current_slack,17.0,16.0,Poppy,,,,,,0.0
current_slack,17.0,16.0,Oxlip,,,,,,0.0
current_slack,17.0,16.0,Daisy,,,,,,0.0
current_slack,17.0,16.0,Tulip,,,,,,0.0
current_slack,17.0,16.0,Maryj,,,,,,0.0
current_slack,17.0,17.0,Poppy,,,,,,0.0
current_slack,17.0,17.0,Oxlip,,,,,,0.0
current_slack,17.0,17.0,Daisy,,,,,,0.0
current_slack,17.0,17.0,Tulip,,,,,,0.0
current_slack,17.0,17.0,Maryj,,,,,,0.0
current_slack,18.0,3.0,Poppy,,,,,,0.0
current_slack,18.0,3.0,Oxlip,,,,,,0.0
current_slack,18.0,3.0,Daisy,,,,,,0.0
current_slack,18.0,3.0,Tulip,,,,,,0.0
current_slack,18.0,3.0,Maryj,,,,,,0.0
current_slack,18.0,5.0,Poppy,,,,,,0.0
current_slack,18.0,5.0,Oxlip,,,,,,0.0
current_slack,18.0,5.0,Daisy,,,,,,0.0
current_slack,18.0,5.0,Tulip,,,,,,0.0
current_slack,18.0,5.0,Maryj,,,,,,0.0
current_slack,18.0,6.0,Poppy,,,,,,0.0
current_slack,18.0,6.0,Oxlip,,,,,,0.0
current_slack,18.0,6.0,Daisy,,,,,,0.0
current_slack,18.0,6.0,Tulip,,,,,,0.0
current_slack,18.0,6.0,Maryj,,,,,,0.0
current_slack,18.0,8.0,Poppy,,,,,,0.0
current_slack,18.0,8.0,Oxlip,,,,,,0.0
current_slack,18.0,8.0,Daisy,,,,,,0.0
current_slack,18.0,8.0,Tulip,,,,,,0.0
current_slack,18.0,8.0,Maryj,,,,,,0.0
current_slack,18.0,9.0,Poppy,,,,,,0.0
current_slack,18.0,9.0,Oxlip,,,,,,0.0
current_slack,18.0,9.0,Daisy,,,,,,0.0
current_slack,18.0,9.0,Tulip,,,,,,0.0
current_slack,18.0,9.0,Maryj,,,,,,0.0
current_slack,18.0,10.0,Poppy,,,,,,0.0
current_slack,18.0,10.0,Oxlip,,,,,,0.0
current_slack,18.0,10.0,Daisy,,,,,,0.0
current_slack,18.0,10.0,Tulip,,,,,,0.0
current_slack,18.0,10.0,Maryj,,,,,,0.0
current_slack,18.0,13.0,Poppy,,,,,,0.0
current_slack,18.0,13.0,Oxlip,,,,,,0.0
current_slack,18.0,13.0,Daisy,,,,,,0.0
current_slack,18.0,13.0,Tulip,,,,,,0.0
current_slack,18.0,13.0,Maryj,,,,,,0.0
current_slack,18.0,14.0,Poppy,,,,,,0.0
current_slack,18.0,14.0,Oxlip,,,,,,0.0
current_slack,18.0,14.0,Daisy,,,,,,0.0
current_slack,18.0,14.0,Tulip,,,,,,0.0
current_slack,18.0,14.0,Maryj,,,,,,0.0
current_slack,18.0,15.0,Poppy,,,,,,0.0
current_slack,18.0,15.0,Oxlip,,,,,,0.0
current_slack,18.0,15.0,Daisy,,,,,,0.0
current_slack,18.0,15.0,Tulip,,,,,,0.0
current_slack,18.0,15.0,Maryj,,,,,,0.0
current_slack,18.0,16.0,Poppy,,,,,,0.0
current_slack,18.0,16.0,Oxlip,,,,,,0.0
current_slack,18.0,16.0,Daisy,,,,,,0.0
current_slack,18.0,16.0,Tulip,,,,,,0.0
current_slack,18.0,16.0,Maryj,,,,,,0.0
current_slack,18.0,17.0,Poppy,,,,,,0.0
current_slack,18.0,17.0,Oxlip,,,,,,0.0
current_slack,18.0,17.0,Daisy,,,,,,0.0
current_slack,18.0,17.0,Tulip,,,,,,0.0
current_slack,18.0,17.0,Maryj,,,,,,0.0
current_slack,19.0,3.0,Poppy,,,,,,0.0
current_slack,19.0,3.0,Oxlip,,,,,,0.0
current_slack,19.0,3.0,Daisy,,,,,,0.0
current_slack,19.0,3.0,Tulip,,,,,,0.0
current_slack,19.0,3.0,Maryj,,,,,,0.0
current_slack,19.0,5.0,Poppy,,,,,,0.0
current_slack,19.0,5.0,Oxlip,,,,,,0.0
current_slack,19.0,5.0,Daisy,,,,,,0.0
current_slack,19.0,5.0,Tulip,,,,,,0.0
current_slack,19.0,5.0,Maryj,,,,,,0.0
current_slack,19.0,6.0,Poppy,,,,,,0.0
current_slack,19.0,6.0,Oxlip,,,,,,0.0
current_slack,19.0,6.0,Daisy,,,,,,0.0
current_slack,19.0,6.0,Tulip,,,,,,0.0
current_slack,19.0,6.0,Maryj,,,,,,0.0
current_slack,19.0,8.0,Poppy,,,,,,0.0
current_slack,19.0,8.0,Oxlip,,,,,,0.0
current_slack,19.0,8.0,Daisy,,,,,,0.0
current_slack,19.0,8.0,Tulip,,,,,,0.0
current_slack,19.0,8.0,Maryj,,,,,,0.0
current_slack,19.0,9.0,Poppy,,,,,,0.0
current_slack,19.0,9.0,Oxlip,,,,,,0.0
current_slack,19.0,9.0,Daisy,,,,,,0.0
current_slack,19.0,9.0,Tulip,,,,,,0.0
current_slack,19.0,9.0,Maryj,,,,,,0.0
current_slack,19.0,10.0,Poppy,,,,,,0.0
current_slack,19.0,10.0,Oxlip,,,,,,0.0
current_slack,19.0,10.0,Daisy,,,,,,0.0
current_slack,19.0,10.0,Tulip,,,,,,0.0
current_slack,19.0,10.0,Maryj,,,,,,0.0
current_slack,19.0,13.0,Poppy,,,,,,0.0
current_slack,19.0,13.0,Oxlip,,,,,,0.0
current_slack,19.0,13.0,Daisy,,,,,,0.0
current_slack,19.0,13.0,Tulip,,,,,,0.0
current_slack,19.0,13.0,Maryj,,,,,,0.0
current_slack,19.0,14.0,Poppy,,,,,,0.0
current_slack,19.0,14.0,Oxlip,,,,,,0.0
current_slack,19.0,14.0,Daisy,,,,,,0.0
current_slack,19.0,14.0,Tulip,,,,,,0.0
current_slack,19.0,14.0,Maryj,,,,,,0.0
current_slack,19.0,15.0,Poppy,,,,,,0.0
current_slack,19.0,15.0,Oxlip,,,,,,0.0
current_slack,19.0,15.0,Daisy,,,,,,0.0
current_slack,19.0,15.0,Tulip,,,,,,0.0
current_slack,19.0,15.0,Maryj,,,,,,0.0
current_slack,19.0,16.0,Poppy,,,,,,0.0
current_slack,19.0,16.0,Oxlip,,,,,,0.0
current_slack,19.0,16.0,Daisy,,,,,,0.0
current_slack,19.0,16.0,Tulip,,,,,,0.0
current_slack,19.0,16.0,Maryj,,,,,,0.0
current_slack,19.0,17.0,Poppy,,,,,,0.0
current_slack,19.0,17.0,Oxlip,,,,,,0.0
current_slack,19.0,17.0,Daisy,,,,,,0.0
current_slack,19.0,17.0,Tulip,,,,,,0.0
current_slack,19.0,17.0,Maryj,,,,,,0.0
current_slack,20.0,3.0,Poppy,,,,,,0.0
current_slack,20.0,3.0,Oxlip,,,,,,0.0
current_slack,20.0,3.0,Daisy,,,,,,0.0
current_slack,20.0,3.0,Tulip,,,,,,0.0
current_slack,20.0,3.0,Maryj,,,,,,0.0
current_slack,20.0,5.0,Poppy,,,,,,0.0
current_slack,20.0,5.0,Oxlip,,,,,,0.0
current_slack,20.0,5.0,Daisy,,,,,,0.0
current_slack,20.0,5.0,Tulip,,,,,,0.0
current_slack,20.0,5.0,Maryj,,,,,,0.0
current_slack,20.0,6.0,Poppy,,,,,,0.0
current_slack,20.0,6.0,Oxlip,,,,,,0.0
current_slack,20.0,6.0,Daisy,,,,,,0.0
current_slack,20.0,6.0,Tulip,,,,,,0.0
current_slack,20.0,6.0,Maryj,,,,,,0.0
current_slack,20.0,8.0,Poppy,,,,,,0.0
current_slack,20.0,8.0,Oxlip,,,,,,0.0
current_slack,20.0,8.0,Daisy,,,,,,0.0
current_slack,20.0,8.0,Tulip,,,,,,0.0
current_slack,20.0,8.0,Maryj,,,,,,0.0
current_slack,20.0,9.0,Poppy,,,,,,0.0
current_slack,20.0,9.0,Oxlip,,,,,,0.0
current_slack,20.0,9.0,Daisy,,,,,,0.0
current_slack,20.0,9.0,Tulip,,,,,,0.0
current_slack,20.0,9.0,Maryj,,,,,,0.0
current_slack,20.0,10.0,Poppy,,,,,,0.0
current_slack,20.0,10.0,Oxlip,,,,,,0.0
current_slack,20.0,10.0,Daisy,,,,,,0.0
current_slack,20.0,10.0,Tulip,,,,,,0.0
current_slack,20.0,10.0,Maryj,,,,,,0.0
current_slack,20.0,13.0,Poppy,,,,,,0.0
current_slack,20.0,13.0,Oxlip,,,,,,0.0
current_slack,20.0,13.0,Daisy,,,,,,0.0
current_slack,20.0,13.0,Tulip,,,,,,0.0
current_slack,20.0,13.0,Maryj,,,,,,0.0
current_slack,20.0,14.0,Poppy,,,,,,0.0
current_slack,20.0,14.0,Oxlip,,,,,,0.0
current_slack,20.0,14.0,Daisy,,,,,,0.0
current_slack,20.0,14.0,Tulip,,,,,,0.0
current_slack,20.0,14.0,Maryj,,,,,,0.0
current_slack,20.0,15.0,Poppy,,,,,,0.0
current_slack,20.0,15.0,Oxlip,,,,,,0.0
current_slack,20.0,15.0,Daisy,,,,,,0.0
current_slack,20.0,15.0,Tulip,,,,,,0.0
current_slack,20.0,15.0,Maryj,,,,,,0.0
current_slack,20.0,16.0,Poppy,,,,,,0.0
current_slack,20.0,16.0,Oxlip,,,,,,0.0
current_slack,20.0,16.0,Daisy,,,,,,0.0
current_slack,20.0,16.0,Tulip,,,,,,0.0
current_slack,20.0,16.0,Maryj,,,,,,0.0
current_slack,20.0,17.0,Poppy,,,,,,0.0
current_slack,20.0,17.0,Oxlip,,,,,,0.0
current_slack,20.0,17.0,Daisy,,,,,,0.0
current_slack,20.0,17.0,Tulip,,,,,,0.0
current_slack,20.0,17.0,Maryj,,,,,,0.0
current_slack,21.0,3.0,Poppy,,,,,,0.0
current_slack,21.0,3.0,Oxlip,,,,,,0.0
current_slack,21.0,3.0,Daisy,,,,,,0.0
current_slack,21.0,3.0,Tulip,,,,,,0.0
current_slack,21.0,3.0,Maryj,,,,,,0.0
current_slack,21.0,5.0,Poppy,,,,,,0.0
current_slack,21.0,5.0,Oxlip,,,,,,0.0
current_slack,21.0,5.0,Daisy,,,,,,0.0
current_slack,21.0,5.0,Tulip,,,,,,0.0
current_slack,21.0,5.0,Maryj,,,,,,0.0
current_slack,21.0,6.0,Poppy,,,,,,0.0
current_slack,21.0,6.0,Oxlip,,,,,,0.0
current_slack,21.0,6.0,Daisy,,,,,,0.0
current_slack,21.0,6.0,Tulip,,,,,,0.0
current_slack,21.0,6.0,Maryj,,,,,,0.0
current_slack,21.0,8.0,Poppy,,,,,,0.0
current_slack,21.0,8.0,Oxlip,,,,,,0.0
current_slack,21.0,8.0,Daisy,,,,,,0.0
current_slack,21.0,8.0,Tulip,,,,,,0.0
current_slack,21.0,8.0,Maryj,,,,,,0.0
current_slack,21.0,9.0,Poppy,,,,,,0.0
current_slack,21.0,9.0,Oxlip,,,,,,0.0
current_slack,21.0,9.0,Daisy,,,,,,0.0
current_slack,21.0,9.0,Tulip,,,,,,0.0
current_slack,21.0,9.0,Maryj,,,,,,0.0
current_slack,21.0,10.0,Poppy,,,,,,0.0
current_slack,21.0,10.0,Oxlip,,,,,,0.0
current_slack,21.0,10.0,Daisy,,,,,,0.0
current_slack,21.0,10.0,Tulip,,,,,,0.0
current_slack,21.0,10.0,Maryj,,,,,,0.0
current_slack,21.0,13.0,Poppy,,,,,,0.0
current_slack,21.0,13.0,Oxlip,,,,,,0.0
current_slack,21.0,13.0,Daisy,,,,,,0.0
current_slack,21.0,13.0,Tulip,,,,,,0.0
current_slack,21.0,13.0,Maryj,,,,,,0.0
current_slack,21.0,14.0,Poppy,,,,,,0.0
current_slack,21.0,14.0,Oxlip,,,,,,0.0
current_slack,21.0,14.0,Daisy,,,,,,0.0
current_slack,21.0,14.0,Tulip,,,,,,0.0
current_slack,21.0,14.0,Maryj,,,,,,0.0
current_slack,21.0,15.0,Poppy,,,,,,0.0
current_slack,21.0,15.0,Oxlip,,,,,,0.0
current_slack,21.0,15.0,Daisy,,,,,,0.0
current_slack,21.0,15.0,Tulip,,,,,,0.0
current_slack,21.0,15.0,Maryj,,,,,,0.0
current_slack,21.0,16.0,Poppy,,,,,,0.0
current_slack,21.0,16.0,Oxlip,,,,,,0.0
current_slack,21.0,16.0,Daisy,,,,,,0.0
current_slack,21.0,16.0,Tulip,,,,,,0.0
current_slack,21.0,16.0,Maryj,,,,,,0.0
current_slack,21.0,17.0,Poppy,,,,,,0.0
current_slack,21.0,17.0,Oxlip,,,,,,0.0
current_slack,21.0,17.0,Daisy,,,,,,0.0
current_slack,21.0,17.0,Tulip,,,,,,0.0
current_slack,21.0,17.0,Maryj,,,,,,0.0
current_slack,22.0,3.0,Poppy,,,,,,0.0
current_slack,22.0,3.0,Oxlip,,,,,,0.0
current_slack,22.0,3.0,Daisy,,,,,,0.0
current_slack,22.0,3.0,Tulip,,,,,,0.0
current_slack,22.0,3.0,Maryj,,,,,,0.0
current_slack,22.0,5.0,Poppy,,,,,,0.0
current_slack,22.0,5.0,Oxlip,,,,,,0.0
current_slack,22.0,5.0,Daisy,,,,,,0.0
current_slack,22.0,5.0,Tulip,,,,,,0.0
current_slack,22.0,5.0,Maryj,,,,,,0.0
current_slack,22.0,6.0,Poppy,,,,,,0.0
current_slack,22.0,6.0,Oxlip,,,,,,0.0
current_slack,22.0,6.0,Daisy,,,,,,0.0
current_slack,22.0,6.0,Tulip,,,,,,0.0
current_slack,22.0,6.0,Maryj,,,,,,0.0
current_slack,22.0,8.0,Poppy,,,,,,0.0
current_slack,22.0,8.0,Oxlip,,,,,,0.0
current_slack,22.0,8.0,Daisy,,,,,,0.0
current_slack,22.0,8.0,Tulip,,,,,,0.0
current_slack,22.0,8.0,Maryj,,,,,,0.0
current_slack,22.0,9.0,Poppy,,,,,,0.0
current_slack,22.0,9.0,Oxlip,,,,,,0.0
current_slack,22.0,9.0,Daisy,,,,,,0.0
current_slack,22.0,9.0,Tulip,,,,,,0.0
current_slack,22.0,9.0,Maryj,,,,,,0.0
current_slack,22.0,10.0,Poppy,,,,,,0.0
current_slack,22.0,10.0,Oxlip,,,,,,0.0
current_slack,22.0,10.0,Daisy,,,,,,0.0
current_slack,22.0,10.0,Tulip,,,,,,0.0
current_slack,22.0,10.0,Maryj,,,,,,0.0
current_slack,22.0,13.0,Poppy,,,,,,0.0
current_slack,22.0,13.0,Oxlip,,,,,,0.0
current_slack,22.0,13.0,Daisy,,,,,,0.0
current_slack,22.0,13.0,Tulip,,,,,,0.0
current_slack,22.0,13.0,Maryj,,,,,,0.0
current_slack,22.0,14.0,Poppy,,,,,,0.0
current_slack,22.0,14.0,Oxlip,,,,,,0.0
current_slack,22.0,14.0,Daisy,,,,,,0.0
current_slack,22.0,14.0,Tulip,,,,,,0.0
current_slack,22.0,14.0,Maryj,,,,,,0.0
current_slack,22.0,15.0,Poppy,,,,,,0.0
current_slack,22.0,15.0,Oxlip,,,,,,0.0
current_slack,22.0,15.0,Daisy,,,,,,0.0
current_slack,22.0,15.0,Tulip,,,,,,0.0
current_slack,22.0,15.0,Maryj,,,,,,0.0
current_slack,22.0,16.0,Poppy,,,,,,0.0
current_slack,22.0,16.0,Oxlip,,,,,,0.0
current_slack,22.0,16.0,Daisy,,,,,,0.0
current_slack,22.0,16.0,Tulip,,,,,,0.0
current_slack,22.0,16.0,Maryj,,,,,,0.0
current_slack,22.0,17.0,Poppy,,,,,,0.0
current_slack,22.0,17.0,Oxlip,,,,,,0.0
current_slack,22.0,17.0,Daisy,,,,,,0.0
current_slack,22.0,17.0,Tulip,,,,,,0.0
current_slack,22.0,17.0,Maryj,,,,,,0.0
current_slack,23.0,3.0,Poppy,,,,,,0.0
current_slack,23.0,3.0,Oxlip,,,,,,0.0
current_slack,23.0,3.0,Daisy,,,,,,0.0
current_slack,23.0,3.0,Tulip,,,,,,0.0
current_slack,23.0,3.0,Maryj,,,,,,0.0
current_slack,23.0,5.0,Poppy,,,,,,0.0
current_slack,23.0,5.0,Oxlip,,,,,,0.0
current_slack,23.0,5.0,Daisy,,,,,,0.0
current_slack,23.0,5.0,Tulip,,,,,,0.0
current_slack,23.0,5.0,Maryj,,,,,,0.0
current_slack,23.0,6.0,Poppy,,,,,,0.0
current_slack,23.0,6.0,Oxlip,,,,,,0.0
current_slack,23.0,6.0,Daisy,,,,,,0.0
current_slack,23.0,6.0,Tulip,,,,,,0.0
current_slack,23.0,6.0,Maryj,,,,,,0.0
current_slack,23.0,8.0,Poppy,,,,,,0.0
current_slack,23.0,8.0,Oxlip,,,,,,0.0
current_slack,23.0,8.0,Daisy,,,,,,0.0
current_slack,23.0,8.0,Tulip,,,,,,0.0
current_slack,23.0,8.0,Maryj,,,,,,0.0
current_slack,23.0,9.0,Poppy,,,,,,0.0
current_slack,23.0,9.0,Oxlip,,,,,,0.0
current_slack,23.0,9.0,Daisy,,,,,,0.0
current_slack,23.0,9.0,Tulip,,,,,,0.0
current_slack,23.0,9.0,Maryj,,,,,,0.0
current_slack,23.0,10.0,Poppy,,,,,,0.0
current_slack,23.0,10.0,Oxlip,,,,,,0.0
current_slack,23.0,10.0,Daisy,,,,,,0.0
current_slack,23.0,10.0,Tulip,,,,,,0.0
current_slack,23.0,10.0,Maryj,,,,,,0.0
current_slack,23.0,13.0,Poppy,,,,,,0.0
current_slack,23.0,13.0,Oxlip,,,,,,0.0
current_slack,23.0,13.0,Daisy,,,,,,0.0
current_slack,23.0,13.0,Tulip,,,,,,0.0
current_slack,23.0,13.0,Maryj,,,,,,0.0
current_slack,23.0,14.0,Poppy,,,,,,0.0
current_slack,23.0,14.0,Oxlip,,,,,,0.0
current_slack,23.0,14.0,Daisy,,,,,,0.0
current_slack,23.0,14.0,Tulip,,,,,,0.0
current_slack,23.0,14.0,Maryj,,,,,,0.0
current_slack,23.0,15.0,Poppy,,,,,,0.0
current_slack,23.0,15.0,Oxlip,,,,,,0.0
current_slack,23.0,15.0,Daisy,,,,,,0.0
current_slack,23.0,15.0,Tulip,,,,,,0.0
current_slack,23.0,15.0,Maryj,,,,,,0.0
current_slack,23.0,16.0,Poppy,,,,,,0.0
current_slack,23.0,16.0,Oxlip,,,,,,0.0
current_slack,23.0,16.0,Daisy,,,,,,0.0
current_slack,23.0,16.0,Tulip,,,,,,0.0
current_slack,23.0,16.0,Maryj,,,,,,0.0
current_slack,23.0,17.0,Poppy,,,,,,0.0
current_slack,23.0,17.0,Oxlip,,,,,,0.0
current_slack,23.0,17.0,Daisy,,,,,,0.0
current_slack,23.0,17.0,Tulip,,,,,,0.0
current_slack,23.0,17.0,Maryj,,,,,,0.0
current_slack,24.0,3.0,Poppy,,,,,,0.0
current_slack,24.0,3.0,Oxlip,,,,,,0.0
current_slack,24.0,3.0,Daisy,,,,,,0.0
current_slack,24.0,3.0,Tulip,,,,,,0.0
current_slack,24.0,3.0,Maryj,,,,,,0.0
current_slack,24.0,5.0,Poppy,,,,,,0.0
current_slack,24.0,5.0,Oxlip,,,,,,0.0
current_slack,24.0,5.0,Daisy,,,,,,0.0
current_slack,24.0,5.0,Tulip,,,,,,0.0
current_slack,24.0,5.0,Maryj,,,,,,0.0
current_slack,24.0,6.0,Poppy,,,,,,0.0
current_slack,24.0,6.0,Oxlip,,,,,,0.0
current_slack,24.0,6.0,Daisy,,,,,,0.0
current_slack,24.0,6.0,Tulip,,,,,,0.0
current_slack,24.0,6.0,Maryj,,,,,,0.0
current_slack,24.0,8.0,Poppy,,,,,,0.0
current_slack,24.0,8.0,Oxlip,,,,,,0.0
current_slack,24.0,8.0,Daisy,,,,,,0.0
current_slack,24.0,8.0,Tulip,,,,,,0.0
current_slack,24.0,8.0,Maryj,,,,,,0.0
current_slack,24.0,9.0,Poppy,,,,,,0.0
current_slack,24.0,9.0,Oxlip,,,,,,0.0
current_slack,24.0,9.0,Daisy,,,,,,0.0
current_slack,24.0,9.0,Tulip,,,,,,0.0
current_slack,24.0,9.0,Maryj,,,,,,0.0
current_slack,24.0,10.0,Poppy,,,,,,0.0
current_slack,24.0,10.0,Oxlip,,,,,,0.0
current_slack,24.0,10.0,Daisy,,,,,,0.0
current_slack,24.0,10.0,Tulip,,,,,,0.0
current_slack,24.0,10.0,Maryj,,,,,,0.0
current_slack,24.0,13.0,Poppy,,,,,,0.0
current_slack,24.0,13.0,Oxlip,,,,,,0.0
current_slack,24.0,13.0,Daisy,,,,,,0.0
current_slack,24.0,13.0,Tulip,,,,,,0.0
current_slack,24.0,13.0,Maryj,,,,,,0.0
current_slack,24.0,14.0,Poppy,,,,,,0.0
current_slack,24.0,14.0,Oxlip,,,,,,0.0
current_slack,24.0,14.0,Daisy,,,,,,0.0
current_slack,24.0,14.0,Tulip,,,,,,0.0
current_slack,24.0,14.0,Maryj,,,,,,0.0
current_slack,24.0,15.0,Poppy,,,,,,0.0
current_slack,24.0,15.0,Oxlip,,,,,,0.0
current_slack,24.0,15.0,Daisy,,,,,,0.0
current_slack,24.0,15.0,Tulip,,,,,,0.0
current_slack,24.0,15.0,Maryj,,,,,,0.0
current_slack,24.0,16.0,Poppy,,,,,,0.0
current_slack,24.0,16.0,Oxlip,,,,,,0.0
current_slack,24.0,16.0,Daisy,,,,,,0.0
current_slack,24.0,16.0,Tulip,,,,,,0.0
current_slack,24.0,16.0,Maryj,,,,,,0.0
current_slack,24.0,17.0,Poppy,,,,,,0.0
current_slack,24.0,17.0,Oxlip,,,,,,0.0
current_slack,24.0,17.0,Daisy,,,,,,0.0
current_slack,24.0,17.0,Tulip,,,,,,0.0
current_slack,24.0,17.0,Maryj,,,,,,0.0
phi,1.0,,,,,,,,0.0
phi,2.0,,,,,,,,0.0
phi,3.0,,,,,,,,0.0
phi,4.0,,,,,,,,0.0
phi,5.0,,,,,,,,0.0
phi,6.0,,,,,,,,0.0
phi,7.0,,,,,,,,0.0
phi,8.0,,,,,,,,0.0
phi,9.0,,,,,,,,0.0
phi,10.0,,,,,,,,0.0
phi,11.0,,,,,,,,0.0
phi,12.0,,,,,,,,0.0
phi,13.0,,,,,,,,0.0
phi,14.0,,,,,,,,0.0
phi,15.0,,,,,,,,0.0
phi,16.0,,,,,,,,0.0
phi,17.0,,,,,,,,0.0
phi,18.0,,,,,,,,0.0
phi,19.0,,,,,,,,0.0
phi,20.0,,,,,,,,0.0
phi,21.0,,,,,,,,0.0
phi,22.0,,,,,,,,0.0
phi,23.0,,,,,,,,0.0
phi,24.0,,,,,,,,0.0
phi_1000,1.0,,,,,,,,0.0
phi_1000,2.0,,,,,,,,0.0
phi_1000,3.0,,,,,,,,0.0
phi_1000,4.0,,,,,,,,0.0
phi_1000,5.0,,,,,,,,0.0
phi_1000,6.0,,,,,,,,0.0
phi_1000,7.0,,,,,,,,0.0
phi_1000,8.0,,,,,,,,0.0
phi_1000,9.0,,,,,,,,0.0
phi_1000,10.0,,,,,,,,0.0
phi_1000,11.0,,,,,,,,0.0
phi_1000,12.0,,,,,,,,0.0
phi_1000,13.0,,,,,,,,0.0
phi_1000,14.0,,,,,,,,0.0
phi_1000,15.0,,,,,,,,0.0
phi_1000,16.0,,,,,,,,0.0
phi_1000,17.0,,,,,,,,0.0
phi_1000,18.0,,,,,,,,0.0
phi_1000,19.0,,,,,,,,0.0
phi_1000,20.0,,,,,,,,0.0
phi_1000,21.0,,,,,,,,0.0
phi_1000,22.0,,,,,,,,0.0
phi_1000,23.0,,,,,,,,0.0
phi_1000,24.0,,,,,,,,0.0
losses,1.0,3.0,,,,,,,1.6222944586494313e-06
losses,1.0,5.0,,,,,,,1.9280407853536385e-08
losses,1.0,6.0,,,,,,,1.27078237484057e-07
losses,1.0,8.0,,,,,,,1.6682417010686167e-07
losses,1.0,9.0,,,,,,,1.7343191563366178e-06
losses,1.0,10.0,,,,,,,2.222028365283875e-09
losses,1.0,13.0,,,,,,,2.3255892443921084e-05
losses,1.0,14.0,,,,,,,2.864220305352185e-09
losses,1.0,15.0,,,,,,,9.901743594130073e-06
losses,1.0,16.0,,,,,,,1.0287843833834838e-06
losses,1.0,17.0,,,,,,,1.2438348817188183e-06
losses,2.0,3.0,,,,,,,1.6222948684992344e-06
losses,2.0,5.0,,,,,,,1.9270666405218997e-08
losses,2.0,6.0,,,,,,,1.0073112646642005e-07
losses,2.0,8.0,,,,,,,1.6682417010686167e-07
losses,2.0,9.0,,,,,,,1.7343542609899257e-06
losses,2.0,10.0,,,,,,,1.7613362228851975e-09
losses,2.0,13.0,,,,,,,2.325589831919415e-05
losses,2.0,14.0,,,,,,,2.8657784094783098e-09
losses,2.0,15.0,,,,,,,9.901743594130073e-06
losses,2.0,16.0,,,,,,,1.080223602552658e-06
losses,2.0,17.0,,,,,,,1.2438348817188183e-06
losses,3.0,3.0,,,,,,,1.6222946671292675e-06
losses,3.0,5.0,,,,,,,1.9265468604990825e-08
losses,3.0,6.0,,,,,,,9.212340553736254e-08
losses,3.0,8.0,,,,,,,1.6682417010686167e-07
losses,3.0,9.0,,,,,,,1.7343540383378577e-06
losses,3.0,10.0,,,,,,,1.6108238190481e-09
losses,3.0,13.0,,,,,,,2.3255895432518267e-05
losses,3.0,14.0,,,,,,,2.860511408157847e-09
losses,3.0,15.0,,,,,,,9.901743594130073e-06
losses,3.0,16.0,,,,,,,1.080223602552658e-06
losses,3.0,17.0,,,,,,,1.243834800216762e-06
losses,4.0,3.0,,,,,,,1.6222946688972549e-06
losses,4.0,5.0,,,,,,,1.9273056707360723e-08
losses,4.0,6.0,,,,,,,9.221488856172933e-08
losses,4.0,8.0,,,,,,,1.6682417010686167e-07
losses,4.0,9.0,,,,,,,1.7343540402926977e-06
losses,4.0,10.0,,,,,,,1.6124234454821103e-09
losses,4.0,13.0,,,,,,,2.3255895457862692e-05
losses,4.0,14.0,,,,,,,2.8681957689231304e-09
losses,4.0,15.0,,,,,,,9.901743594130073e-06
losses,4.0,16.0,,,,,,,1.080223602552658e-06
losses,4.0,17.0,,,,,,,1.2438348002517787e-06
losses,5.0,3.0,,,,,,,1.66140442560102e-06
losses,5.0,5.0,,,,,,,1.9810327167321845e-08
losses,5.0,6.0,,,,,,,9.716100372529669e-08
losses,5.0,8.0,,,,,,,1.7138373662896314e-07
losses,5.0,9.0,,,,,,,1.777597172990813e-06
losses,5.0,10.0,,,,,,,1.6989087427934219e-09
losses,5.0,13.0,,,,,,,2.3816541085764227e-05
losses,5.0,14.0,,,,,,,2.948116618159268e-09
losses,5.0,15.0,,,,,,,1.0210553991296826e-05
losses,5.0,16.0,,,,,,,1.080223602552658e-06
losses,5.0,17.0,,,,,,,1.2660024585373154e-06
losses,6.0,3.0,,,,,,,2.261265282239582e-06
losses,6.0,5.0,,,,,,,2.8892130274887453e-08
losses,6.0,6.0,,,,,,,1.1530882302056465e-07
losses,6.0,8.0,,,,,,,2.5117528967824026e-07
losses,6.0,9.0,,,,,,,2.436234402179513e-06
losses,6.0,10.0,,,,,,,4.344326586745313e-09
losses,6.0,13.0,,,,,,,3.241565790387779e-05
losses,6.0,14.0,,,,,,,4.161575250841964e-09
losses,6.0,15.0,,,,,,,1.6649111257171207e-05
losses,6.0,16.0,,,,,,,1.1272487192043367e-06
losses,6.0,17.0,,,,,,,1.6108375606213408e-06
losses,7.0,3.0,,,,,,,3.4131343593606673e-06
losses,7.0,5.0,,,,,,,5.3450499315353876e-08
losses,7.0,6.0,,,,,,,1.013394597262996e-07
losses,7.0,8.0,,,,,,,4.6666823626617893e-07
losses,7.0,9.0,,,,,,,3.5220982513070493e-06
losses,7.0,10.0,,,,,,,8.444805430360038e-09
losses,7.0,13.0,,,,,,,4.893761284533863e-05
losses,7.0,14.0,,,,,,,7.166029590945763e-09
losses,7.0,15.0,,,,,,,2.689752952361581e-05
losses,7.0,16.0,,,,,,,2.7557137395766796e-06
losses,7.0,17.0,,,,,,,2.0647885120785402e-06
losses,8.0,3.0,,,,,,,1.4799224933722903e-05
losses,8.0,5.0,,,,,,,2.7222198862578217e-07
losses,8.0,6.0,,,,,,,1.7630334671688182e-06
losses,8.0,8.0,,,,,,,2.4468138226575567e-06
losses,8.0,9.0,,,,,,,1.5779809830410575e-05
losses,8.0,10.0,,,,,,,4.1089867230947874e-08
losses,8.0,13.0,,,,,,,0.00021232920823990007
losses,8.0,14.0,,,,,,,3.313385283044183e-08
losses,8.0,15.0,,,,,,,0.0001355820150974967
losses,8.0,16.0,,,,,,,1.760599990766726e-05
losses,8.0,17.0,,,,,,,6.940281156588795e-06
losses,9.0,3.0,,,,,,,1.3959192462438983e-05
losses,9.0,5.0,,,,,,,2.2956704492691136e-07
losses,9.0,6.0,,,,,,,4.944721389829412e-06
losses,9.0,8.0,,,,,,,2.111544635829946e-06
losses,9.0,9.0,,,,,,,1.4999030633250275e-05
losses,9.0,10.0,,,,,,,4.9809394663755094e-08
losses,9.0,13.0,,,,,,,0.00020027699399744421
losses,9.0,14.0,,,,,,,4.246988274276194e-08
losses,9.0,15.0,,,,,,,0.00011785098971822211
losses,9.0,16.0,,,,,,,4.545428816365432e-06
losses,9.0,17.0,,,,,,,7.040126042159252e-06
losses,10.0,3.0,,,,,,,1.2774240372326202e-05
losses,10.0,5.0,,,,,,,2.0609223446076032e-07
losses,10.0,6.0,,,,,,,9.322344460507836e-06
losses,10.0,8.0,,,,,,,1.901776630712424e-06
losses,10.0,9.0,,,,,,,1.386159545038132e-05
losses,10.0,10.0,,,,,,,3.962651196958435e-08
losses,10.0,13.0,,,,,,,0.0001832512774801022
losses,10.0,14.0,,,,,,,4.5928256438604217e-08
losses,10.0,15.0,,,,,,,0.0001067991343021742
losses,10.0,16.0,,,,,,,1.7040540383608937e-06
losses,10.0,17.0,,,,,,,6.706150635396209e-06
losses,11.0,3.0,,,,,,,1.2228034888584062e-05
losses,11.0,5.0,,,,,,,2.0077568894712795e-07
losses,11.0,6.0,,,,,,,8.725566070169312e-06
losses,11.0,8.0,,,,,,,1.8765231882788811e-06
losses,11.0,9.0,,,,,,,1.3397346175153766e-05
losses,11.0,10.0,,,,,,,3.490130884343142e-08
losses,11.0,13.0,,,,,,,0.0001754157546039848
losses,11.0,14.0,,,,,,,4.2362538119884846e-08
losses,11.0,15.0,,,,,,,0.00010426286846304411
losses,11.0,16.0,,,,,,,9.338199471979407e-07
losses,11.0,17.0,,,,,,,6.572462990006297e-06
losses,12.0,3.0,,,,,,,9.506907200253017e-06
losses,12.0,5.0,,,,,,,1.6893561837617137e-07
losses,12.0,6.0,,,,,,,8.036197358593576e-06
losses,12.0,8.0,,,,,,,1.6297200570547336e-06
losses,12.0,9.0,,,,,,,1.0830548384806535e-05
losses,12.0,10.0,,,,,,,3.1921171554739185e-08
losses,12.0,13.0,,,,,,,0.00013632213156257073
losses,12.0,14.0,,,,,,,2.8798696920804475e-08
losses,12.0,15.0,,,,,,,8.781366882339708e-05
losses,12.0,16.0,,,,,,,1.943450702929009e-06
losses,12.0,17.0,,,,,,,5.8560335207283475e-06
losses,13.0,3.0,,,,,,,1.3307569047016183e-05
losses,13.0,5.0,,,,,,,2.1924537430035345e-07
losses,13.0,6.0,,,,,,,9.929887793269055e-06
losses,13.0,8.0,,,,,,,2.000489150201289e-06
losses,13.0,9.0,,,,,,,1.4425677646287228e-05
losses,13.0,10.0,,,,,,,4.0563968410797316e-08
losses,13.0,13.0,,,,,,,0.00019090207769249175
losses,13.0,14.0,,,,,,,4.8875478106751886e-08
losses,13.0,15.0,,,,,,,0.00011373085362676808
losses,13.0,16.0,,,,,,,1.9185037428396347e-06
losses,13.0,17.0,,,,,,,6.727498197019933e-06
losses,14.0,3.0,,,,,,,1.2685916040439291e-05
losses,14.0,5.0,,,,,,,2.0631648026771625e-07
losses,14.0,6.0,,,,,,,9.440228582502994e-06
losses,14.0,8.0,,,,,,,1.8968662812557755e-06
losses,14.0,9.0,,,,,,,1.3798067947684331e-05
losses,14.0,10.0,,,,,,,3.860369894226261e-08
losses,14.0,13.0,,,,,,,0.0001819702063217694
losses,14.0,14.0,,,,,,,4.540988724891307e-08
losses,14.0,15.0,,,,,,,0.00010725983854192026
losses,14.0,16.0,,,,,,,1.5468214764670819e-06
losses,14.0,17.0,,,,,,,6.676079603561493e-06
losses,15.0,3.0,,,,,,,1.2968599724517325e-05
losses,15.0,5.0,,,,,,,2.098527470337167e-07
losses,15.0,6.0,,,,,,,9.843923286937697e-06
losses,15.0,8.0,,,,,,,1.917017419834635e-06
losses,15.0,9.0,,,,,,,1.4041513364990596e-05
losses,15.0,10.0,,,,,,,4.072295909557346e-08
losses,15.0,13.0,,,,,,,0.0001860250974428757
losses,15.0,14.0,,,,,,,4.712089730425588e-08
losses,15.0,15.0,,,,,,,0.00010919049897048567
losses,15.0,16.0,,,,,,,1.8905378550799315e-06
losses,15.0,17.0,,,,,,,6.731677826521684e-06
losses,16.0,3.0,,,,,,,1.4413436851417042e-05
losses,16.0,5.0,,,,,,,2.3355152805783277e-07
losses,16.0,6.0,,,,,,,1.1771730170332549e-05
losses,16.0,8.0,,,,,,,2.0789032998048748e-06
losses,16.0,9.0,,,,,,,1.5404526132641123e-05
losses,16.0,10.0,,,,,,,4.6225045081977466e-08
losses,16.0,13.0,,,,,,,0.0002067502314611984
losses,16.0,14.0,,,,,,,5.5964636048932466e-08
losses,16.0,15.0,,,,,,,0.00012148410979532392
losses,16.0,16.0,,,,,,,5.268242449320904e-06
losses,16.0,17.0,,,,,,,6.951089567974299e-06
losses,17.0,3.0,,,,,,,6.511523770036274e-06
losses,17.0,5.0,,,,,,,8.850100049728985e-08
losses,17.0,6.0,,,,,,,1.3124023297261705e-05
losses,17.0,8.0,,,,,,,7.787551036977716e-07
losses,17.0,9.0,,,,,,,7.001410082156639e-06
losses,17.0,10.0,,,,,,,3.9679845096768024e-08
losses,17.0,13.0,,,,,,,9.336240409561395e-05
losses,17.0,14.0,,,,,,,2.8840789010935724e-08
losses,17.0,15.0,,,,,,,4.981978484431868e-05
losses,17.0,16.0,,,,,,,1.936904063521124e-06
losses,17.0,17.0,,,,,,,3.6032542372247536e-06
losses,18.0,3.0,,,,,,,3.6792168463280548e-06
losses,18.0,5.0,,,,,,,4.3944745022608145e-08
losses,18.0,6.0,,,,,,,1.3634929653492553e-05
losses,18.0,8.0,,,,,,,3.8448921423170203e-07
losses,18.0,9.0,,,,,,,3.979443647312028e-06
losses,18.0,10.0,,,,,,,2.5261693335104594e-08
losses,18.0,13.0,,,,,,,5.275271074689736e-05
losses,18.0,14.0,,,,,,,1.979162211340348e-08
losses,18.0,15.0,,,,,,,2.2851742002345866e-05
losses,18.0,16.0,,,,,,,8.561614290108023e-07
losses,18.0,17.0,,,,,,,2.3150779579578e-06
losses,19.0,3.0,,,,,,,3.7638222184931445e-06
losses,19.0,5.0,,,,,,,4.613279132450994e-08
losses,19.0,6.0,,,,,,,1.3830888036053404e-05
losses,19.0,8.0,,,,,,,4.0174944594156866e-07
losses,19.0,9.0,,,,,,,4.061410746163099e-06
losses,19.0,10.0,,,,,,,2.1760243394343937e-08
losses,19.0,13.0,,,,,,,5.396578486344827e-05
losses,19.0,14.0,,,,,,,2.0541545201116026e-08
losses,19.0,15.0,,,,,,,2.3804856754852357e-05
losses,19.0,16.0,,,,,,,1.001053929238254e-06
losses,19.0,17.0,,,,,,,2.2888855879938828e-06
losses,20.0,3.0,,,,,,,3.030421343223714e-06
losses,20.0,5.0,,,,,,,3.81378222508835e-08
losses,20.0,6.0,,,,,,,6.360962817414306e-06
losses,20.0,8.0,,,,,,,3.3139337664863165e-07
losses,20.0,9.0,,,,,,,3.2741376866804968e-06
losses,20.0,10.0,,,,,,,2.2852843763184516e-08
losses,20.0,13.0,,,,,,,4.345026325910954e-05
losses,20.0,14.0,,,,,,,1.3793381376767493e-08
losses,20.0,15.0,,,,,,,2.0485667296476587e-05
losses,20.0,16.0,,,,,,,1.0287843833834838e-06
losses,20.0,17.0,,,,,,,2.087715699561174e-06
losses,21.0,3.0,,,,,,,2.7018528054386175e-06
losses,21.0,5.0,,,,,,,3.81538997856187e-08
losses,21.0,6.0,,,,,,,1.5791852753868187e-06
losses,21.0,8.0,,,,,,,3.312337066994507e-07
losses,21.0,9.0,,,,,,,2.929437497882959e-06
losses,21.0,10.0,,,,,,,4.3405984876271e-09
losses,21.0,13.0,,,,,,,3.873156189838469e-05
losses,21.0,14.0,,,,,,,7.731987787115178e-09
losses,21.0,15.0,,,,,,,2.0478030830300928e-05
losses,21.0,16.0,,,,,,,1.080223602552658e-06
losses,21.0,17.0,,,,,,,1.8216387767979267e-06
losses,22.0,3.0,,,,,,,2.3694658677676426e-06
losses,22.0,5.0,,,,,,,2.950183484391996e-08
losses,22.0,6.0,,,,,,,1.5791068569459655e-06
losses,22.0,8.0,,,,,,,2.5680435439059473e-07
losses,22.0,9.0,,,,,,,2.5613902296931243e-06
losses,22.0,10.0,,,,,,,3.118659892315288e-09
losses,22.0,13.0,,,,,,,3.39667333982148e-05
losses,22.0,14.0,,,,,,,6.388827684650315e-09
losses,22.0,15.0,,,,,,,1.69183301208147e-05
losses,22.0,16.0,,,,,,,1.080223602552658e-06
losses,22.0,17.0,,,,,,,1.6251190882314049e-06
losses,23.0,3.0,,,,,,,2.1632494043157747e-06
losses,23.0,5.0,,,,,,,2.5660723282387502e-08
losses,23.0,6.0,,,,,,,5.519420984171849e-07
losses,23.0,8.0,,,,,,,2.2315357712582215e-07
losses,23.0,9.0,,,,,,,2.3333716265018862e-06
losses,23.0,10.0,,,,,,,5.333972509603726e-09
losses,23.0,13.0,,,,,,,3.101058208509566e-05
losses,23.0,14.0,,,,,,,4.924522294248689e-09
losses,23.0,15.0,,,,,,,1.5138236117836878e-05
losses,23.0,16.0,,,,,,,1.080223602552658e-06
losses,23.0,17.0,,,,,,,1.5315437081302891e-06
losses,24.0,3.0,,,,,,,1.6226648181588687e-06
losses,24.0,5.0,,,,,,,1.9261466661459873e-08
losses,24.0,6.0,,,,,,,1.2782001564605087e-07
losses,24.0,8.0,,,,,,,1.6682417010686167e-07
losses,24.0,9.0,,,,,,,1.7347548315389949e-06
losses,24.0,10.0,,,,,,,2.163183205216219e-09
losses,24.0,13.0,,,,,,,2.3261201616291817e-05
losses,24.0,14.0,,,,,,,2.862336501275316e-09
losses,24.0,15.0,,,,,,,9.901743594130073e-06
losses,24.0,16.0,,,,,,,1.0716503993577958e-06
losses,24.0,17.0,,,,,,,1.2438346659786038e-06
active_power_k,1.0,3.0,Poppy,,,,,,0.0
active_power_k,1.0,3.0,Oxlip,,,,,,0.0
active_power_k,1.0,3.0,Daisy,,,,,,0.0
active_power_k,1.0,3.0,Tulip,,,,,,0.0
active_power_k,1.0,3.0,Maryj,,,,,,-0.2009970072773339
active_power_k,1.0,5.0,Poppy,,,,,,0.0
active_power_k,1.0,5.0,Oxlip,,,,,,0.0
active_power_k,1.0,5.0,Daisy,,,,,,0.0
active_power_k,1.0,5.0,Tulip,,,,,,0.0
active_power_k,1.0,5.0,Maryj,,,,,,-0.036363589015518734
active_power_k,1.0,6.0,Poppy,,,,,,0.0
active_power_k,1.0,6.0,Oxlip,,,,,,0.0
active_power_k,1.0,6.0,Daisy,,,,,,0.0
active_power_k,1.0,6.0,Tulip,,,,,,0.0
active_power_k,1.0,6.0,Maryj,,,,,,0.0006828712185771967
active_power_k,1.0,8.0,Poppy,,,,,,0.0
active_power_k,1.0,8.0,Oxlip,,,,,,0.0
active_power_k,1.0,8.0,Daisy,,,,,,-0.0363536872719246
active_power_k,1.0,8.0,Tulip,,,,,,0.0
active_power_k,1.0,8.0,Maryj,,,,,,0.0
active_power_k,1.0,9.0,Poppy,,,,,,0.0
active_power_k,1.0,9.0,Oxlip,,,,,,0.0
active_power_k,1.0,9.0,Daisy,,,,,,0.0
active_power_k,1.0,9.0,Tulip,,,,,,0.0
active_power_k,1.0,9.0,Maryj,,,,,,0.19770192207955783
active_power_k,1.0,10.0,Poppy,,,,,,0.0
active_power_k,1.0,10.0,Oxlip,,,,,,0.0
active_power_k,1.0,10.0,Daisy,,,,,,0.0026144466568566614
active_power_k,1.0,10.0,Tulip,,,,,,0.0
active_power_k,1.0,10.0,Maryj,,,,,,0.0
active_power_k,1.0,13.0,Poppy,,,,,,0.0
active_power_k,1.0,13.0,Oxlip,,,,,,0.0
active_power_k,1.0,13.0,Daisy,,,,,,0.0
active_power_k,1.0,13.0,Tulip,,,,,,0.0
active_power_k,1.0,13.0,Maryj,,,,,,0.20102188546423647
active_power_k,1.0,14.0,Poppy,,,,,,0.0
active_power_k,1.0,14.0,Oxlip,,,,,,0.0
active_power_k,1.0,14.0,Daisy,,,,,,0.0
active_power_k,1.0,14.0,Tulip,,,,,,0.0
active_power_k,1.0,14.0,Maryj,,,,,,-0.012718210393827074
active_power_k,1.0,15.0,Poppy,,,,,,0.0
active_power_k,1.0,15.0,Oxlip,,,,,,0.0
active_power_k,1.0,15.0,Daisy,,,,,,0.0
active_power_k,1.0,15.0,Tulip,,,,,,0.0
active_power_k,1.0,15.0,Maryj,,,,,,-0.0161571943430776
active_power_k,1.0,16.0,Poppy,,,,,,0.0
active_power_k,1.0,16.0,Oxlip,,,,,,0.0
active_power_k,1.0,16.0,Daisy,,,,,,0.0
active_power_k,1.0,16.0,Tulip,,,,,,-0.001647542598888035
active_power_k,1.0,16.0,Maryj,,,,,,0.0
active_power_k,1.0,17.0,Poppy,,,,,,0.0
active_power_k,1.0,17.0,Oxlip,,,,,,0.0
active_power_k,1.0,17.0,Daisy,,,,,,0.0
active_power_k,1.0,17.0,Tulip,,,,,,-0.11226326827545115
active_power_k,1.0,17.0,Maryj,,,,,,0.0
active_power_k,2.0,3.0,Poppy,,,,,,0.0
active_power_k,2.0,3.0,Oxlip,,,,,,0.0
active_power_k,2.0,3.0,Daisy,,,,,,0.0
active_power_k,2.0,3.0,Tulip,,,,,,0.0
active_power_k,2.0,3.0,Maryj,,,,,,-0.2009970323963634
active_power_k,2.0,5.0,Poppy,,,,,,0.0
active_power_k,2.0,5.0,Oxlip,,,,,,0.0
active_power_k,2.0,5.0,Daisy,,,,,,0.0
active_power_k,2.0,5.0,Tulip,,,,,,0.0
active_power_k,2.0,5.0,Maryj,,,,,,-0.036363589015518734
active_power_k,2.0,6.0,Poppy,,,,,,0.0
active_power_k,2.0,6.0,Oxlip,,,,,,0.0
active_power_k,2.0,6.0,Daisy,,,,,,0.0
active_power_k,2.0,6.0,Tulip,,,,,,0.0
active_power_k,2.0,6.0,Maryj,,,,,,0.0006828448714661791
active_power_k,2.0,8.0,Poppy,,,,,,0.0
active_power_k,2.0,8.0,Oxlip,,,,,,0.0
active_power_k,2.0,8.0,Daisy,,,,,,-0.0363536872719246
active_power_k,2.0,8.0,Tulip,,,,,,0.0
active_power_k,2.0,8.0,Maryj,,,,,,0.0
active_power_k,2.0,9.0,Poppy,,,,,,0.0
active_power_k,2.0,9.0,Oxlip,,,,,,0.0
active_power_k,2.0,9.0,Daisy,,,,,,0.0
active_power_k,2.0,9.0,Tulip,,,,,,0.0
active_power_k,2.0,9.0,Maryj,,,,,,0.19770194719858733
active_power_k,2.0,10.0,Poppy,,,,,,0.0
active_power_k,2.0,10.0,Oxlip,,,,,,0.0
active_power_k,2.0,10.0,Daisy,,,,,,0.0026144466568566614
active_power_k,2.0,10.0,Tulip,,,,,,0.0
active_power_k,2.0,10.0,Maryj,,,,,,0.0
active_power_k,2.0,13.0,Poppy,,,,,,0.0
active_power_k,2.0,13.0,Oxlip,,,,,,0.0
active_power_k,2.0,13.0,Daisy,,,,,,0.0
active_power_k,2.0,13.0,Tulip,,,,,,0.0
active_power_k,2.0,13.0,Maryj,,,,,,0.20102191058955107
active_power_k,2.0,14.0,Poppy,,,,,,0.0
active_power_k,2.0,14.0,Oxlip,,,,,,0.0
active_power_k,2.0,14.0,Daisy,,,,,,0.0
active_power_k,2.0,14.0,Tulip,,,,,,0.0
active_power_k,2.0,14.0,Maryj,,,,,,-0.012718235485935226
active_power_k,2.0,15.0,Poppy,,,,,,0.0
active_power_k,2.0,15.0,Oxlip,,,,,,0.0
active_power_k,2.0,15.0,Daisy,,,,,,0.0
active_power_k,2.0,15.0,Tulip,,,,,,0.0
active_power_k,2.0,15.0,Maryj,,,,,,-0.0161571943430776
active_power_k,2.0,16.0,Poppy,,,,,,0.0
active_power_k,2.0,16.0,Oxlip,,,,,,0.0
active_power_k,2.0,16.0,Daisy,,,,,,0.0
active_power_k,2.0,16.0,Tulip,,,,,,-0.001647542598888035
active_power_k,2.0,16.0,Maryj,,,,,,0.0
active_power_k,2.0,17.0,Poppy,,,,,,0.0
active_power_k,2.0,17.0,Oxlip,,,,,,0.0
active_power_k,2.0,17.0,Daisy,,,,,,0.0
active_power_k,2.0,17.0,Tulip,,,,,,-0.11226326827545115
active_power_k,2.0,17.0,Maryj,,,,,,0.0
active_power_k,3.0,3.0,Poppy,,,,,,0.0
active_power_k,3.0,3.0,Oxlip,,,,,,0.0
active_power_k,3.0,3.0,Daisy,,,,,,0.0
active_power_k,3.0,3.0,Tulip,,,,,,0.0
active_power_k,3.0,3.0,Maryj,,,,,,-0.20099702005472483
active_power_k,3.0,5.0,Poppy,,,,,,0.0
active_power_k,3.0,5.0,Oxlip,,,,,,0.0
active_power_k,3.0,5.0,Daisy,,,,,,0.0
active_power_k,3.0,5.0,Tulip,,,,,,0.0
active_power_k,3.0,5.0,Maryj,,,,,,-0.036363589015518734
active_power_k,3.0,6.0,Poppy,,,,,,0.0
active_power_k,3.0,6.0,Oxlip,,,,,,0.0
active_power_k,3.0,6.0,Daisy,,,,,,0.0
active_power_k,3.0,6.0,Tulip,,,,,,0.0
active_power_k,3.0,6.0,Maryj,,,,,,0.0006828362637452502
active_power_k,3.0,8.0,Poppy,,,,,,0.0
active_power_k,3.0,8.0,Oxlip,,,,,,0.0
active_power_k,3.0,8.0,Daisy,,,,,,-0.0363536872719246
active_power_k,3.0,8.0,Tulip,,,,,,0.0
active_power_k,3.0,8.0,Maryj,,,,,,0.0
active_power_k,3.0,9.0,Poppy,,,,,,0.0
active_power_k,3.0,9.0,Oxlip,,,,,,0.0
active_power_k,3.0,9.0,Daisy,,,,,,0.0
active_power_k,3.0,9.0,Tulip,,,,,,0.0
active_power_k,3.0,9.0,Maryj,,,,,,0.19770193485694876
active_power_k,3.0,10.0,Poppy,,,,,,0.0
active_power_k,3.0,10.0,Oxlip,,,,,,0.0
active_power_k,3.0,10.0,Daisy,,,,,,0.002614442933707971
active_power_k,3.0,10.0,Tulip,,,,,,0.0
active_power_k,3.0,10.0,Maryj,,,,,,0.0
active_power_k,3.0,13.0,Poppy,,,,,,0.0
active_power_k,3.0,13.0,Oxlip,,,,,,0.0
active_power_k,3.0,13.0,Daisy,,,,,,0.0
active_power_k,3.0,13.0,Tulip,,,,,,0.0
active_power_k,3.0,13.0,Maryj,,,,,,0.20102189824482447
active_power_k,3.0,14.0,Poppy,,,,,,0.0
active_power_k,3.0,14.0,Oxlip,,,,,,0.0
active_power_k,3.0,14.0,Daisy,,,,,,0.0
active_power_k,3.0,14.0,Tulip,,,,,,0.0
active_power_k,3.0,14.0,Maryj,,,,,,-0.012718226878214297
active_power_k,3.0,15.0,Poppy,,,,,,0.0
active_power_k,3.0,15.0,Oxlip,,,,,,0.0
active_power_k,3.0,15.0,Daisy,,,,,,0.0
active_power_k,3.0,15.0,Tulip,,,,,,0.0
active_power_k,3.0,15.0,Maryj,,,,,,-0.0161571943430776
active_power_k,3.0,16.0,Poppy,,,,,,0.0
active_power_k,3.0,16.0,Oxlip,,,,,,0.0
active_power_k,3.0,16.0,Daisy,,,,,,0.0
active_power_k,3.0,16.0,Tulip,,,,,,-0.001647542598888035
active_power_k,3.0,16.0,Maryj,,,,,,0.0
active_power_k,3.0,17.0,Poppy,,,,,,0.0
active_power_k,3.0,17.0,Oxlip,,,,,,0.0
active_power_k,3.0,17.0,Daisy,,,,,,0.0
active_power_k,3.0,17.0,Tulip,,,,,,-0.11226326455230246
active_power_k,3.0,17.0,Maryj,,,,,,0.0
active_power_k,4.0,3.0,Poppy,,,,,,0.0
active_power_k,4.0,3.0,Oxlip,,,,,,0.0
active_power_k,4.0,3.0,Daisy,,,,,,0.0
active_power_k,4.0,3.0,Tulip,,,,,,0.0
active_power_k,4.0,3.0,Maryj,,,,,,-0.2009970201630819
active_power_k,4.0,5.0,Poppy,,,,,,0.0
active_power_k,4.0,5.0,Oxlip,,,,,,0.0
active_power_k,4.0,5.0,Daisy,,,,,,0.0
active_power_k,4.0,5.0,Tulip,,,,,,0.0
active_power_k,4.0,5.0,Maryj,,,,,,-0.036363589015518734
active_power_k,4.0,6.0,Poppy,,,,,,0.0
active_power_k,4.0,6.0,Oxlip,,,,,,0.0
active_power_k,4.0,6.0,Daisy,,,,,,0.0
active_power_k,4.0,6.0,Tulip,,,,,,0.0
active_power_k,4.0,6.0,Maryj,,,,,,0.0006828363552282745
active_power_k,4.0,8.0,Poppy,,,,,,0.0
active_power_k,4.0,8.0,Oxlip,,,,,,0.0
active_power_k,4.0,8.0,Daisy,,,,,,-0.0363536872719246
active_power_k,4.0,8.0,Tulip,,,,,,0.0
active_power_k,4.0,8.0,Maryj,,,,,,0.0
active_power_k,4.0,9.0,Poppy,,,,,,0.0
active_power_k,4.0,9.0,Oxlip,,,,,,0.0
active_power_k,4.0,9.0,Daisy,,,,,,0.0
active_power_k,4.0,9.0,Tulip,,,,,,0.0
active_power_k,4.0,9.0,Maryj,,,,,,0.19770193496530583
active_power_k,4.0,10.0,Poppy,,,,,,0.0
active_power_k,4.0,10.0,Oxlip,,,,,,0.0
active_power_k,4.0,10.0,Daisy,,,,,,0.0026144429353075977
active_power_k,4.0,10.0,Tulip,,,,,,0.0
active_power_k,4.0,10.0,Maryj,,,,,,0.0
active_power_k,4.0,13.0,Poppy,,,,,,0.0
active_power_k,4.0,13.0,Oxlip,,,,,,0.0
active_power_k,4.0,13.0,Daisy,,,,,,0.0
active_power_k,4.0,13.0,Tulip,,,,,,0.0
active_power_k,4.0,13.0,Maryj,,,,,,0.20102189835320866
active_power_k,4.0,14.0,Poppy,,,,,,0.0
active_power_k,4.0,14.0,Oxlip,,,,,,0.0
active_power_k,4.0,14.0,Daisy,,,,,,0.0
active_power_k,4.0,14.0,Tulip,,,,,,0.0
active_power_k,4.0,14.0,Maryj,,,,,,-0.012718226969697322
active_power_k,4.0,15.0,Poppy,,,,,,0.0
active_power_k,4.0,15.0,Oxlip,,,,,,0.0
active_power_k,4.0,15.0,Daisy,,,,,,0.0
active_power_k,4.0,15.0,Tulip,,,,,,0.0
active_power_k,4.0,15.0,Maryj,,,,,,-0.0161571943430776
active_power_k,4.0,16.0,Poppy,,,,,,0.0
active_power_k,4.0,16.0,Oxlip,,,,,,0.0
active_power_k,4.0,16.0,Daisy,,,,,,0.0
active_power_k,4.0,16.0,Tulip,,,,,,-0.001647542598888035
active_power_k,4.0,16.0,Maryj,,,,,,0.0
active_power_k,4.0,17.0,Poppy,,,,,,0.0
active_power_k,4.0,17.0,Oxlip,,,,,,0.0
active_power_k,4.0,17.0,Daisy,,,,,,0.0
active_power_k,4.0,17.0,Tulip,,,,,,-0.11226326455390209
active_power_k,4.0,17.0,Maryj,,,,,,0.0
active_power_k,5.0,3.0,Poppy,,,,,,0.0
active_power_k,5.0,3.0,Oxlip,,,,,,0.0
active_power_k,5.0,3.0,Daisy,,,,,,0.0
active_power_k,5.0,3.0,Tulip,,,,,,0.0
active_power_k,5.0,3.0,Maryj,,,,,,-0.20339399369795427
active_power_k,5.0,5.0,Poppy,,,,,,0.0
active_power_k,5.0,5.0,Oxlip,,,,,,0.0
active_power_k,5.0,5.0,Daisy,,,,,,0.0
active_power_k,5.0,5.0,Tulip,,,,,,0.0
active_power_k,5.0,5.0,Maryj,,,,,,-0.036969368910754766
active_power_k,5.0,6.0,Poppy,,,,,,0.0
active_power_k,5.0,6.0,Oxlip,,,,,,0.0
active_power_k,5.0,6.0,Daisy,,,,,,0.0
active_power_k,5.0,6.0,Tulip,,,,,,0.0
active_power_k,5.0,6.0,Maryj,,,,,,0.0006828413013434379
active_power_k,5.0,8.0,Poppy,,,,,,0.0
active_power_k,5.0,8.0,Oxlip,,,,,,0.0
active_power_k,5.0,8.0,Daisy,,,,,,-0.036959158356763465
active_power_k,5.0,8.0,Tulip,,,,,,0.0
active_power_k,5.0,8.0,Maryj,,,,,,0.0
active_power_k,5.0,9.0,Poppy,,,,,,0.0
active_power_k,5.0,9.0,Oxlip,,,,,,0.0
active_power_k,5.0,9.0,Daisy,,,,,,0.0
active_power_k,5.0,9.0,Tulip,,,,,,0.0
active_power_k,5.0,9.0,Maryj,,,,,,0.2000989085001782
active_power_k,5.0,10.0,Poppy,,,,,,0.0
active_power_k,5.0,10.0,Oxlip,,,,,,0.0
active_power_k,5.0,10.0,Daisy,,,,,,0.002614443021792895
active_power_k,5.0,10.0,Tulip,,,,,,0.0
active_power_k,5.0,10.0,Maryj,,,,,,0.0
active_power_k,5.0,13.0,Poppy,,,,,,0.0
active_power_k,5.0,13.0,Oxlip,,,,,,0.0
active_power_k,5.0,13.0,Daisy,,,,,,0.0
active_power_k,5.0,13.0,Tulip,,,,,,0.0
active_power_k,5.0,13.0,Maryj,,,,,,0.20341947164346563
active_power_k,5.0,14.0,Poppy,,,,,,0.0
active_power_k,5.0,14.0,Oxlip,,,,,,0.0
active_power_k,5.0,14.0,Daisy,,,,,,0.0
active_power_k,5.0,14.0,Tulip,,,,,,0.0
active_power_k,5.0,14.0,Maryj,,,,,,-0.012891223654337876
active_power_k,5.0,15.0,Poppy,,,,,,0.0
active_power_k,5.0,15.0,Oxlip,,,,,,0.0
active_power_k,5.0,15.0,Daisy,,,,,,0.0
active_power_k,5.0,15.0,Tulip,,,,,,0.0
active_power_k,5.0,15.0,Maryj,,,,,,-0.01642629260300599
active_power_k,5.0,16.0,Poppy,,,,,,0.0
active_power_k,5.0,16.0,Oxlip,,,,,,0.0
active_power_k,5.0,16.0,Daisy,,,,,,0.0
active_power_k,5.0,16.0,Tulip,,,,,,-0.001647542598888035
active_power_k,5.0,16.0,Maryj,,,,,,0.0
active_power_k,5.0,17.0,Poppy,,,,,,0.0
active_power_k,5.0,17.0,Oxlip,,,,,,0.0
active_power_k,5.0,17.0,Daisy,,,,,,0.0
active_power_k,5.0,17.0,Tulip,,,,,,-0.1132759198365102
active_power_k,5.0,17.0,Maryj,,,,,,0.0
active_power_k,6.0,3.0,Poppy,,,,,,0.0
active_power_k,6.0,3.0,Oxlip,,,,,,0.0
active_power_k,6.0,3.0,Daisy,,,,,,0.0
active_power_k,6.0,3.0,Tulip,,,,,,0.0
active_power_k,6.0,3.0,Maryj,,,,,,-0.2401584923589768
active_power_k,6.0,5.0,Poppy,,,,,,0.0
active_power_k,6.0,5.0,Oxlip,,,,,,0.0
active_power_k,6.0,5.0,Daisy,,,,,,0.0
active_power_k,6.0,5.0,Tulip,,,,,,0.0
active_power_k,6.0,5.0,Maryj,,,,,,-0.04595821088778096
active_power_k,6.0,6.0,Poppy,,,,,,0.0
active_power_k,6.0,6.0,Oxlip,,,,,,0.0
active_power_k,6.0,6.0,Daisy,,,,,,0.0
active_power_k,6.0,6.0,Tulip,,,,,,0.0
active_power_k,6.0,6.0,Maryj,,,,,,0.0006828594491627332
active_power_k,6.0,8.0,Poppy,,,,,,0.0
active_power_k,6.0,8.0,Oxlip,,,,,,0.0
active_power_k,6.0,8.0,Daisy,,,,,,-0.04594156177652379
active_power_k,6.0,8.0,Tulip,,,,,,0.0
active_power_k,6.0,8.0,Maryj,,,,,,0.0
active_power_k,6.0,9.0,Poppy,,,,,,0.0
active_power_k,6.0,9.0,Oxlip,,,,,,0.0
active_power_k,6.0,9.0,Daisy,,,,,,0.0
active_power_k,6.0,9.0,Tulip,,,,,,0.0
active_power_k,6.0,9.0,Maryj,,,,,,0.2365480365347483
active_power_k,6.0,10.0,Poppy,,,,,,0.0
active_power_k,6.0,10.0,Oxlip,,,,,,0.0
active_power_k,6.0,10.0,Daisy,,,,,,0.002614445667210752
active_power_k,6.0,10.0,Tulip,,,,,,0.0
active_power_k,6.0,10.0,Maryj,,,,,,0.0
active_power_k,6.0,13.0,Poppy,,,,,,0.0
active_power_k,6.0,13.0,Oxlip,,,,,,0.0
active_power_k,6.0,13.0,Daisy,,,,,,0.0
active_power_k,6.0,13.0,Tulip,,,,,,0.0
active_power_k,6.0,13.0,Maryj,,,,,,0.2401931692821629
active_power_k,6.0,14.0,Poppy,,,,,,0.0
active_power_k,6.0,14.0,Oxlip,,,,,,0.0
active_power_k,6.0,14.0,Daisy,,,,,,0.0
active_power_k,6.0,14.0,Tulip,,,,,,0.0
active_power_k,6.0,14.0,Maryj,,,,,,-0.015615375117574428
active_power_k,6.0,15.0,Poppy,,,,,,0.0
active_power_k,6.0,15.0,Oxlip,,,,,,0.0
active_power_k,6.0,15.0,Daisy,,,,,,0.0
active_power_k,6.0,15.0,Tulip,,,,,,0.0
active_power_k,6.0,15.0,Maryj,,,,,,-0.020418471900677238
active_power_k,6.0,16.0,Poppy,,,,,,0.0
active_power_k,6.0,16.0,Oxlip,,,,,,0.0
active_power_k,6.0,16.0,Daisy,,,,,,0.0
active_power_k,6.0,16.0,Tulip,,,,,,-0.0018052279121142589
active_power_k,6.0,16.0,Maryj,,,,,,0.0
active_power_k,6.0,17.0,Poppy,,,,,,0.0
active_power_k,6.0,17.0,Oxlip,,,,,,0.0
active_power_k,6.0,17.0,Daisy,,,,,,0.0
active_power_k,6.0,17.0,Tulip,,,,,,-0.12902855745191114
active_power_k,6.0,17.0,Maryj,,,,,,0.0
active_power_k,7.0,3.0,Poppy,,,,,,0.0
active_power_k,7.0,3.0,Oxlip,,,,,,0.0
active_power_k,7.0,3.0,Daisy,,,,,,0.0
active_power_k,7.0,3.0,Tulip,,,,,,0.0
active_power_k,7.0,3.0,Maryj,,,,,,-0.29936455327865374
active_power_k,7.0,5.0,Poppy,,,,,,0.0
active_power_k,7.0,5.0,Oxlip,,,,,,0.0
active_power_k,7.0,5.0,Daisy,,,,,,0.0
active_power_k,7.0,5.0,Tulip,,,,,,0.0
active_power_k,7.0,5.0,Maryj,,,,,,-0.05995903463250642
active_power_k,7.0,6.0,Poppy,,,,,,0.0
active_power_k,7.0,6.0,Oxlip,,,,,,0.0
active_power_k,7.0,6.0,Daisy,,,,,,0.0
active_power_k,7.0,6.0,Tulip,,,,,,0.0
active_power_k,7.0,6.0,Maryj,,,,,,0.000586845479799439
active_power_k,7.0,8.0,Poppy,,,,,,0.0
active_power_k,7.0,8.0,Oxlip,,,,,,0.0
active_power_k,7.0,8.0,Daisy,,,,,,-0.0600581371029828
active_power_k,7.0,8.0,Tulip,,,,,,0.0
active_power_k,7.0,8.0,Maryj,,,,,,0.0
active_power_k,7.0,9.0,Poppy,,,,,,0.0
active_power_k,7.0,9.0,Oxlip,,,,,,0.0
active_power_k,7.0,9.0,Daisy,,,,,,0.0
active_power_k,7.0,9.0,Tulip,,,,,,0.0
active_power_k,7.0,9.0,Maryj,,,,,,0.29138511613499574
active_power_k,7.0,10.0,Poppy,,,,,,0.0
active_power_k,7.0,10.0,Oxlip,,,,,,0.0
active_power_k,7.0,10.0,Daisy,,,,,,0.006799469770684839
active_power_k,7.0,10.0,Tulip,,,,,,0.0
active_power_k,7.0,10.0,Maryj,,,,,,0.0
active_power_k,7.0,13.0,Poppy,,,,,,0.0
active_power_k,7.0,13.0,Oxlip,,,,,,0.0
active_power_k,7.0,13.0,Daisy,,,,,,0.0
active_power_k,7.0,13.0,Tulip,,,,,,0.0
active_power_k,7.0,13.0,Maryj,,,,,,0.2994169040258584
active_power_k,7.0,14.0,Poppy,,,,,,0.0
active_power_k,7.0,14.0,Oxlip,,,,,,0.0
active_power_k,7.0,14.0,Daisy,,,,,,0.0
active_power_k,7.0,14.0,Tulip,,,,,,0.0
active_power_k,7.0,14.0,Maryj,,,,,,-0.021738787509077408
active_power_k,7.0,15.0,Poppy,,,,,,0.0
active_power_k,7.0,15.0,Oxlip,,,,,,0.0
active_power_k,7.0,15.0,Daisy,,,,,,0.0
active_power_k,7.0,15.0,Tulip,,,,,,0.0
active_power_k,7.0,15.0,Maryj,,,,,,-0.02663650537910347
active_power_k,7.0,16.0,Poppy,,,,,,0.0
active_power_k,7.0,16.0,Oxlip,,,,,,0.0
active_power_k,7.0,16.0,Daisy,,,,,,0.0
active_power_k,7.0,16.0,Tulip,,,,,,-0.003989718571829016
active_power_k,7.0,16.0,Maryj,,,,,,0.0
active_power_k,7.0,17.0,Poppy,,,,,,0.0
active_power_k,7.0,17.0,Oxlip,,,,,,0.0
active_power_k,7.0,17.0,Daisy,,,,,,0.0
active_power_k,7.0,17.0,Tulip,,,,,,-0.14962304271890053
active_power_k,7.0,17.0,Maryj,,,,,,0.0
active_power_k,8.0,3.0,Poppy,,,,,,0.0
active_power_k,8.0,3.0,Oxlip,,,,,,0.0
active_power_k,8.0,3.0,Daisy,,,,,,0.0
active_power_k,8.0,3.0,Tulip,,,,,,0.0
active_power_k,8.0,3.0,Maryj,,,,,,-0.5990489397097032
active_power_k,8.0,5.0,Poppy,,,,,,0.0
active_power_k,8.0,5.0,Oxlip,,,,,,0.0
active_power_k,8.0,5.0,Daisy,,,,,,0.0
active_power_k,8.0,5.0,Tulip,,,,,,0.0
active_power_k,8.0,5.0,Maryj,,,,,,-0.13457413055301795
active_power_k,8.0,6.0,Poppy,,,,,,0.0
active_power_k,8.0,6.0,Oxlip,,,,,,0.0
active_power_k,8.0,6.0,Daisy,,,,,,0.0
active_power_k,8.0,6.0,Tulip,,,,,,0.0
active_power_k,8.0,6.0,Maryj,,,,,,0.002592747263915928
active_power_k,8.0,8.0,Poppy,,,,,,0.0
active_power_k,8.0,8.0,Oxlip,,,,,,0.0
active_power_k,8.0,8.0,Daisy,,,,,,-0.13558565253792051
active_power_k,8.0,8.0,Tulip,,,,,,0.0
active_power_k,8.0,8.0,Maryj,,,,,,0.0
active_power_k,8.0,9.0,Poppy,,,,,,0.0
active_power_k,8.0,9.0,Oxlip,,,,,,0.0
active_power_k,8.0,9.0,Daisy,,,,,,0.0
active_power_k,8.0,9.0,Tulip,,,,,,0.0
active_power_k,8.0,9.0,Maryj,,,,,,0.5859687578194751
active_power_k,8.0,10.0,Poppy,,,,,,0.0
active_power_k,8.0,10.0,Oxlip,,,,,,0.0
active_power_k,8.0,10.0,Daisy,,,,,,0.011027630011046952
active_power_k,8.0,10.0,Tulip,,,,,,0.0
active_power_k,8.0,10.0,Maryj,,,,,,0.0
active_power_k,8.0,13.0,Poppy,,,,,,0.0
active_power_k,8.0,13.0,Oxlip,,,,,,0.0
active_power_k,8.0,13.0,Daisy,,,,,,0.0
active_power_k,8.0,13.0,Tulip,,,,,,0.0
active_power_k,8.0,13.0,Maryj,,,,,,0.5992760681428768
active_power_k,8.0,14.0,Poppy,,,,,,0.0
active_power_k,8.0,14.0,Oxlip,,,,,,0.0
active_power_k,8.0,14.0,Daisy,,,,,,0.0
active_power_k,8.0,14.0,Tulip,,,,,,0.0
active_power_k,8.0,14.0,Maryj,,,,,,-0.04788920207691488
active_power_k,8.0,15.0,Poppy,,,,,,0.0
active_power_k,8.0,15.0,Oxlip,,,,,,0.0
active_power_k,8.0,15.0,Daisy,,,,,,0.0
active_power_k,8.0,15.0,Tulip,,,,,,0.0
active_power_k,8.0,15.0,Maryj,,,,,,-0.059750466016853535
active_power_k,8.0,16.0,Poppy,,,,,,0.0
active_power_k,8.0,16.0,Oxlip,,,,,,0.0
active_power_k,8.0,16.0,Daisy,,,,,,0.0
active_power_k,8.0,16.0,Tulip,,,,,,-0.0065400909451140184
active_power_k,8.0,16.0,Maryj,,,,,,0.0
active_power_k,8.0,17.0,Poppy,,,,,,0.0
active_power_k,8.0,17.0,Oxlip,,,,,,0.0
active_power_k,8.0,17.0,Daisy,,,,,,0.0
active_power_k,8.0,17.0,Tulip,,,,,,-0.26789430039097084
active_power_k,8.0,17.0,Maryj,,,,,,0.0
active_power_k,9.0,3.0,Poppy,,,,,,0.0
active_power_k,9.0,3.0,Oxlip,,,,,,0.0
active_power_k,9.0,3.0,Daisy,,,,,,0.0
active_power_k,9.0,3.0,Tulip,,,,,,0.0
active_power_k,9.0,3.0,Maryj,,,,,,-0.5870324602354005
active_power_k,9.0,5.0,Poppy,,,,,,0.0
active_power_k,9.0,5.0,Oxlip,,,,,,0.0
active_power_k,9.0,5.0,Daisy,,,,,,0.0
active_power_k,9.0,5.0,Tulip,,,,,,0.0
active_power_k,9.0,5.0,Maryj,,,,,,-0.12448709343579678
active_power_k,9.0,6.0,Poppy,,,,,,0.0
active_power_k,9.0,6.0,Oxlip,,,,,,0.0
active_power_k,9.0,6.0,Daisy,,,,,,0.0
active_power_k,9.0,6.0,Tulip,,,,,,0.0
active_power_k,9.0,6.0,Maryj,,,,,,0.01109909788372704
active_power_k,9.0,8.0,Poppy,,,,,,0.0
active_power_k,9.0,8.0,Oxlip,,,,,,0.0
active_power_k,9.0,8.0,Daisy,,,,,,-0.1268343064460785
active_power_k,9.0,8.0,Tulip,,,,,,0.0
active_power_k,9.0,8.0,Maryj,,,,,,0.0
active_power_k,9.0,9.0,Poppy,,,,,,0.0
active_power_k,9.0,9.0,Oxlip,,,,,,0.0
active_power_k,9.0,9.0,Daisy,,,,,,0.0
active_power_k,9.0,9.0,Tulip,,,,,,0.0
active_power_k,9.0,9.0,Maryj,,,,,,0.5773576841334277
active_power_k,9.0,10.0,Poppy,,,,,,0.0
active_power_k,9.0,10.0,Oxlip,,,,,,0.0
active_power_k,9.0,10.0,Daisy,,,,,,0.01916789909440953
active_power_k,9.0,10.0,Tulip,,,,,,0.0
active_power_k,9.0,10.0,Maryj,,,,,,0.0
active_power_k,9.0,13.0,Poppy,,,,,,0.0
active_power_k,9.0,13.0,Oxlip,,,,,,0.0
active_power_k,9.0,13.0,Daisy,,,,,,0.0
active_power_k,9.0,13.0,Tulip,,,,,,0.0
active_power_k,9.0,13.0,Maryj,,,,,,0.5872466964218602
active_power_k,9.0,14.0,Poppy,,,,,,0.0
active_power_k,9.0,14.0,Oxlip,,,,,,0.0
active_power_k,9.0,14.0,Daisy,,,,,,0.0
active_power_k,9.0,14.0,Tulip,,,,,,0.0
active_power_k,9.0,14.0,Maryj,,,,,,-0.05217940463383794
active_power_k,9.0,15.0,Poppy,,,,,,0.0
active_power_k,9.0,15.0,Oxlip,,,,,,0.0
active_power_k,9.0,15.0,Daisy,,,,,,0.0
active_power_k,9.0,15.0,Tulip,,,,,,0.0
active_power_k,9.0,15.0,Maryj,,,,,,-0.055275218864923786
active_power_k,9.0,16.0,Poppy,,,,,,0.0
active_power_k,9.0,16.0,Oxlip,,,,,,0.0
active_power_k,9.0,16.0,Daisy,,,,,,0.0
active_power_k,9.0,16.0,Tulip,,,,,,-0.004837388050986375
active_power_k,9.0,16.0,Maryj,,,,,,0.0
active_power_k,9.0,17.0,Poppy,,,,,,0.0
active_power_k,9.0,17.0,Oxlip,,,,,,0.0
active_power_k,9.0,17.0,Daisy,,,,,,0.0
active_power_k,9.0,17.0,Tulip,,,,,,-0.27383245687947555
active_power_k,9.0,17.0,Maryj,,,,,,0.0
active_power_k,10.0,3.0,Poppy,,,,,,0.0
active_power_k,10.0,3.0,Oxlip,,,,,,0.0
active_power_k,10.0,3.0,Daisy,,,,,,0.0
active_power_k,10.0,3.0,Tulip,,,,,,0.0
active_power_k,10.0,3.0,Maryj,,,,,,-0.5685852951071577
active_power_k,10.0,5.0,Poppy,,,,,,0.0
active_power_k,10.0,5.0,Oxlip,,,,,,0.0
active_power_k,10.0,5.0,Daisy,,,,,,0.0
active_power_k,10.0,5.0,Tulip,,,,,,0.0
active_power_k,10.0,5.0,Maryj,,,,,,-0.11799155962373678
active_power_k,10.0,6.0,Poppy,,,,,,0.0
active_power_k,10.0,6.0,Oxlip,,,,,,0.0
active_power_k,10.0,6.0,Daisy,,,,,,0.0
active_power_k,10.0,6.0,Tulip,,,,,,0.0
active_power_k,10.0,6.0,Maryj,,,,,,0.01653467776638339
active_power_k,10.0,8.0,Poppy,,,,,,0.0
active_power_k,10.0,8.0,Oxlip,,,,,,0.0
active_power_k,10.0,8.0,Daisy,,,,,,-0.12207514248943459
active_power_k,10.0,8.0,Tulip,,,,,,0.0
active_power_k,10.0,8.0,Maryj,,,,,,0.0
active_power_k,10.0,9.0,Poppy,,,,,,0.0
active_power_k,10.0,9.0,Oxlip,,,,,,0.0
active_power_k,10.0,9.0,Daisy,,,,,,0.0
active_power_k,10.0,9.0,Tulip,,,,,,0.0
active_power_k,10.0,9.0,Maryj,,,,,,0.5631273941818474
active_power_k,10.0,10.0,Poppy,,,,,,0.0
active_power_k,10.0,10.0,Oxlip,,,,,,0.0
active_power_k,10.0,10.0,Daisy,,,,,,0.016694208317487302
active_power_k,10.0,10.0,Tulip,,,,,,0.0
active_power_k,10.0,10.0,Maryj,,,,,,0.0
active_power_k,10.0,13.0,Poppy,,,,,,0.0
active_power_k,10.0,13.0,Oxlip,,,,,,0.0
active_power_k,10.0,13.0,Daisy,,,,,,0.0
active_power_k,10.0,13.0,Tulip,,,,,,0.0
active_power_k,10.0,13.0,Maryj,,,,,,0.5687813206250102
active_power_k,10.0,14.0,Poppy,,,,,,0.0
active_power_k,10.0,14.0,Oxlip,,,,,,0.0
active_power_k,10.0,14.0,Daisy,,,,,,0.0
active_power_k,10.0,14.0,Tulip,,,,,,0.0
active_power_k,10.0,14.0,Maryj,,,,,,-0.05414394442291537
active_power_k,10.0,15.0,Poppy,,,,,,0.0
active_power_k,10.0,15.0,Oxlip,,,,,,0.0
active_power_k,10.0,15.0,Daisy,,,,,,0.0
active_power_k,10.0,15.0,Tulip,,,,,,0.0
active_power_k,10.0,15.0,Maryj,,,,,,-0.05239322688419316
active_power_k,10.0,16.0,Poppy,,,,,,0.0
active_power_k,10.0,16.0,Oxlip,,,,,,0.0
active_power_k,10.0,16.0,Daisy,,,,,,0.0
active_power_k,10.0,16.0,Tulip,,,,,,-0.0027289504626551563
active_power_k,10.0,16.0,Maryj,,,,,,0.0
active_power_k,10.0,17.0,Poppy,,,,,,0.0
active_power_k,10.0,17.0,Oxlip,,,,,,0.0
active_power_k,10.0,17.0,Daisy,,,,,,0.0
active_power_k,10.0,17.0,Tulip,,,,,,-0.2688940261025533
active_power_k,10.0,17.0,Maryj,,,,,,0.0
active_power_k,11.0,3.0,Poppy,,,,,,0.0
active_power_k,11.0,3.0,Oxlip,,,,,,0.0
active_power_k,11.0,3.0,Daisy,,,,,,0.0
active_power_k,11.0,3.0,Tulip,,,,,,0.0
active_power_k,11.0,3.0,Maryj,,,,,,-0.5589914271207068
active_power_k,11.0,5.0,Poppy,,,,,,0.0
active_power_k,11.0,5.0,Oxlip,,,,,,0.0
active_power_k,11.0,5.0,Daisy,,,,,,0.0
active_power_k,11.0,5.0,Tulip,,,,,,0.0
active_power_k,11.0,5.0,Maryj,,,,,,-0.11647200131454159
active_power_k,11.0,6.0,Poppy,,,,,,0.0
active_power_k,11.0,6.0,Oxlip,,,,,,0.0
active_power_k,11.0,6.0,Daisy,,,,,,0.0
active_power_k,11.0,6.0,Tulip,,,,,,0.0
active_power_k,11.0,6.0,Maryj,,,,,,0.015816480987993053
active_power_k,11.0,8.0,Poppy,,,,,,0.0
active_power_k,11.0,8.0,Oxlip,,,,,,0.0
active_power_k,11.0,8.0,Daisy,,,,,,-0.12149997044607849
active_power_k,11.0,8.0,Tulip,,,,,,0.0
active_power_k,11.0,8.0,Maryj,,,,,,0.0
active_power_k,11.0,9.0,Poppy,,,,,,0.0
active_power_k,11.0,9.0,Oxlip,,,,,,0.0
active_power_k,11.0,9.0,Daisy,,,,,,0.0
active_power_k,11.0,9.0,Tulip,,,,,,0.0
active_power_k,11.0,9.0,Maryj,,,,,,0.5560005027490904
active_power_k,11.0,10.0,Poppy,,,,,,0.0
active_power_k,11.0,10.0,Oxlip,,,,,,0.0
active_power_k,11.0,10.0,Daisy,,,,,,0.01512496946876719
active_power_k,11.0,10.0,Tulip,,,,,,0.0
active_power_k,11.0,10.0,Maryj,,,,,,0.0
active_power_k,11.0,13.0,Poppy,,,,,,0.0
active_power_k,11.0,13.0,Oxlip,,,,,,0.0
active_power_k,11.0,13.0,Daisy,,,,,,0.0
active_power_k,11.0,13.0,Tulip,,,,,,0.0
active_power_k,11.0,13.0,Maryj,,,,,,0.5591790709101994
active_power_k,11.0,14.0,Poppy,,,,,,0.0
active_power_k,11.0,14.0,Oxlip,,,,,,0.0
active_power_k,11.0,14.0,Daisy,,,,,,0.0
active_power_k,11.0,14.0,Tulip,,,,,,0.0
active_power_k,11.0,14.0,Maryj,,,,,,-0.052027154264056574
active_power_k,11.0,15.0,Poppy,,,,,,0.0
active_power_k,11.0,15.0,Oxlip,,,,,,0.0
active_power_k,11.0,15.0,Daisy,,,,,,0.0
active_power_k,11.0,15.0,Tulip,,,,,,0.0
active_power_k,11.0,15.0,Maryj,,,,,,-0.05171899486492379
active_power_k,11.0,16.0,Poppy,,,,,,0.0
active_power_k,11.0,16.0,Oxlip,,,,,,0.0
active_power_k,11.0,16.0,Daisy,,,,,,0.0
active_power_k,11.0,16.0,Tulip,,,,,,-0.0014954621858081774
active_power_k,11.0,16.0,Maryj,,,,,,0.0
active_power_k,11.0,17.0,Poppy,,,,,,0.0
active_power_k,11.0,17.0,Oxlip,,,,,,0.0
active_power_k,11.0,17.0,Daisy,,,,,,0.0
active_power_k,11.0,17.0,Tulip,,,,,,-0.2659792872538332
active_power_k,11.0,17.0,Maryj,,,,,,0.0
active_power_k,12.0,3.0,Poppy,,,,,,0.0
active_power_k,12.0,3.0,Oxlip,,,,,,0.0
active_power_k,12.0,3.0,Daisy,,,,,,0.0
active_power_k,12.0,3.0,Tulip,,,,,,0.0
active_power_k,12.0,3.0,Maryj,,,,,,-0.5055496561535296
active_power_k,12.0,5.0,Poppy,,,,,,0.0
active_power_k,12.0,5.0,Oxlip,,,,,,0.0
active_power_k,12.0,5.0,Daisy,,,,,,0.0
active_power_k,12.0,5.0,Tulip,,,,,,0.0
active_power_k,12.0,5.0,Maryj,,,,,,-0.10661675759111174
active_power_k,12.0,6.0,Poppy,,,,,,0.0
active_power_k,12.0,6.0,Oxlip,,,,,,0.0
active_power_k,12.0,6.0,Daisy,,,,,,0.0
active_power_k,12.0,6.0,Tulip,,,,,,0.0
active_power_k,12.0,6.0,Maryj,,,,,,0.014947567619281475
active_power_k,12.0,8.0,Poppy,,,,,,0.0
active_power_k,12.0,8.0,Oxlip,,,,,,0.0
active_power_k,12.0,8.0,Daisy,,,,,,-0.11280071992228831
active_power_k,12.0,8.0,Tulip,,,,,,0.0
active_power_k,12.0,8.0,Maryj,,,,,,0.0
active_power_k,12.0,9.0,Poppy,,,,,,0.0
active_power_k,12.0,9.0,Oxlip,,,,,,0.0
active_power_k,12.0,9.0,Daisy,,,,,,0.0
active_power_k,12.0,9.0,Tulip,,,,,,0.0
active_power_k,12.0,9.0,Maryj,,,,,,0.5117743187235113
active_power_k,12.0,10.0,Poppy,,,,,,0.0
active_power_k,12.0,10.0,Oxlip,,,,,,0.0
active_power_k,12.0,10.0,Daisy,,,,,,0.013742574954503364
active_power_k,12.0,10.0,Tulip,,,,,,0.0
active_power_k,12.0,10.0,Maryj,,,,,,0.0
active_power_k,12.0,13.0,Poppy,,,,,,0.0
active_power_k,12.0,13.0,Oxlip,,,,,,0.0
active_power_k,12.0,13.0,Daisy,,,,,,0.0
active_power_k,12.0,13.0,Tulip,,,,,,0.0
active_power_k,12.0,13.0,Maryj,,,,,,0.5056954851922925
active_power_k,12.0,14.0,Poppy,,,,,,0.0
active_power_k,12.0,14.0,Oxlip,,,,,,0.0
active_power_k,12.0,14.0,Daisy,,,,,,0.0
active_power_k,12.0,14.0,Tulip,,,,,,0.0
active_power_k,12.0,14.0,Maryj,,,,,,-0.044065956905647366
active_power_k,12.0,15.0,Poppy,,,,,,0.0
active_power_k,12.0,15.0,Oxlip,,,,,,0.0
active_power_k,12.0,15.0,Daisy,,,,,,0.0
active_power_k,12.0,15.0,Tulip,,,,,,0.0
active_power_k,12.0,15.0,Maryj,,,,,,-0.047346197298794815
active_power_k,12.0,16.0,Poppy,,,,,,0.0
active_power_k,12.0,16.0,Oxlip,,,,,,0.0
active_power_k,12.0,16.0,Daisy,,,,,,0.0
active_power_k,12.0,16.0,Tulip,,,,,,0.0031123312849908507
active_power_k,12.0,16.0,Maryj,,,,,,0.0
active_power_k,12.0,17.0,Poppy,,,,,,0.0
active_power_k,12.0,17.0,Oxlip,,,,,,0.0
active_power_k,12.0,17.0,Daisy,,,,,,0.0
active_power_k,12.0,17.0,Tulip,,,,,,-0.24827237026818597
active_power_k,12.0,17.0,Maryj,,,,,,0.0
active_power_k,13.0,3.0,Poppy,,,,,,0.0
active_power_k,13.0,3.0,Oxlip,,,,,,0.0
active_power_k,13.0,3.0,Daisy,,,,,,0.0
active_power_k,13.0,3.0,Tulip,,,,,,0.0
active_power_k,13.0,3.0,Maryj,,,,,,-0.5795605361410378
active_power_k,13.0,5.0,Poppy,,,,,,0.0
active_power_k,13.0,5.0,Oxlip,,,,,,0.0
active_power_k,13.0,5.0,Daisy,,,,,,0.0
active_power_k,13.0,5.0,Tulip,,,,,,0.0
active_power_k,13.0,5.0,Maryj,,,,,,-0.12214457526357536
active_power_k,13.0,6.0,Poppy,,,,,,0.0
active_power_k,13.0,6.0,Oxlip,,,,,,0.0
active_power_k,13.0,6.0,Daisy,,,,,,0.0
active_power_k,13.0,6.0,Tulip,,,,,,0.0
active_power_k,13.0,6.0,Maryj,,,,,,0.016978997309716148
active_power_k,13.0,8.0,Poppy,,,,,,0.0
active_power_k,13.0,8.0,Oxlip,,,,,,0.0
active_power_k,13.0,8.0,Daisy,,,,,,-0.1256388544099486
active_power_k,13.0,8.0,Tulip,,,,,,0.0
active_power_k,13.0,8.0,Maryj,,,,,,0.0
active_power_k,13.0,9.0,Poppy,,,,,,0.0
active_power_k,13.0,9.0,Oxlip,,,,,,0.0
active_power_k,13.0,9.0,Daisy,,,,,,0.0
active_power_k,13.0,9.0,Tulip,,,,,,0.0
active_power_k,13.0,9.0,Maryj,,,,,,0.5734157759881686
active_power_k,13.0,10.0,Poppy,,,,,,0.0
active_power_k,13.0,10.0,Oxlip,,,,,,0.0
active_power_k,13.0,10.0,Daisy,,,,,,0.01662703530813945
active_power_k,13.0,10.0,Tulip,,,,,,0.0
active_power_k,13.0,10.0,Maryj,,,,,,0.0
active_power_k,13.0,13.0,Poppy,,,,,,0.0
active_power_k,13.0,13.0,Oxlip,,,,,,0.0
active_power_k,13.0,13.0,Daisy,,,,,,0.0
active_power_k,13.0,13.0,Tulip,,,,,,0.0
active_power_k,13.0,13.0,Maryj,,,,,,0.5797647457877773
active_power_k,13.0,14.0,Poppy,,,,,,0.0
active_power_k,13.0,14.0,Oxlip,,,,,,0.0
active_power_k,13.0,14.0,Daisy,,,,,,0.0
active_power_k,13.0,14.0,Tulip,,,,,,0.0
active_power_k,13.0,14.0,Maryj,,,,,,-0.055950111435593156
active_power_k,13.0,15.0,Poppy,,,,,,0.0
active_power_k,13.0,15.0,Oxlip,,,,,,0.0
active_power_k,13.0,15.0,Daisy,,,,,,0.0
active_power_k,13.0,15.0,Tulip,,,,,,0.0
active_power_k,13.0,15.0,Maryj,,,,,,-0.054235930848866035
active_power_k,13.0,16.0,Poppy,,,,,,0.0
active_power_k,13.0,16.0,Oxlip,,,,,,0.0
active_power_k,13.0,16.0,Daisy,,,,,,0.0
active_power_k,13.0,16.0,Tulip,,,,,,-0.003072380076434564
active_power_k,13.0,16.0,Maryj,,,,,,0.0
active_power_k,13.0,17.0,Poppy,,,,,,0.0
active_power_k,13.0,17.0,Oxlip,,,,,,0.0
active_power_k,13.0,17.0,Daisy,,,,,,0.0
active_power_k,13.0,17.0,Tulip,,,,,,-0.2696588130932055
active_power_k,13.0,17.0,Maryj,,,,,,0.0
active_power_k,14.0,3.0,Poppy,,,,,,0.0
active_power_k,14.0,3.0,Oxlip,,,,,,0.0
active_power_k,14.0,3.0,Daisy,,,,,,0.0
active_power_k,14.0,3.0,Tulip,,,,,,0.0
active_power_k,14.0,3.0,Maryj,,,,,,-0.5680512726669925
active_power_k,14.0,5.0,Poppy,,,,,,0.0
active_power_k,14.0,5.0,Oxlip,,,,,,0.0
active_power_k,14.0,5.0,Daisy,,,,,,0.0
active_power_k,14.0,5.0,Tulip,,,,,,0.0
active_power_k,14.0,5.0,Maryj,,,,,,-0.11826758232797653
active_power_k,14.0,6.0,Poppy,,,,,,0.0
active_power_k,14.0,6.0,Oxlip,,,,,,0.0
active_power_k,14.0,6.0,Daisy,,,,,,0.0
active_power_k,14.0,6.0,Tulip,,,,,,0.0
active_power_k,14.0,6.0,Maryj,,,,,,0.016604779650505382
active_power_k,14.0,8.0,Poppy,,,,,,0.0
active_power_k,14.0,8.0,Oxlip,,,,,,0.0
active_power_k,14.0,8.0,Daisy,,,,,,-0.12225885048943459
active_power_k,14.0,8.0,Tulip,,,,,,0.0
active_power_k,14.0,8.0,Maryj,,,,,,0.0
active_power_k,14.0,9.0,Poppy,,,,,,0.0
active_power_k,14.0,9.0,Oxlip,,,,,,0.0
active_power_k,14.0,9.0,Daisy,,,,,,0.0
active_power_k,14.0,9.0,Tulip,,,,,,0.0
active_power_k,14.0,9.0,Maryj,,,,,,0.56309697064508
active_power_k,14.0,10.0,Poppy,,,,,,0.0
active_power_k,14.0,10.0,Oxlip,,,,,,0.0
active_power_k,14.0,10.0,Daisy,,,,,,0.016202299679626334
active_power_k,14.0,10.0,Tulip,,,,,,0.0
active_power_k,14.0,10.0,Maryj,,,,,,0.0
active_power_k,14.0,13.0,Poppy,,,,,,0.0
active_power_k,14.0,13.0,Oxlip,,,,,,0.0
active_power_k,14.0,13.0,Daisy,,,,,,0.0
active_power_k,14.0,13.0,Tulip,,,,,,0.0
active_power_k,14.0,13.0,Maryj,,,,,,0.5682459287893548
active_power_k,14.0,14.0,Poppy,,,,,,0.0
active_power_k,14.0,14.0,Oxlip,,,,,,0.0
active_power_k,14.0,14.0,Daisy,,,,,,0.0
active_power_k,14.0,14.0,Tulip,,,,,,0.0
active_power_k,14.0,14.0,Maryj,,,,,,-0.05401457762277656
active_power_k,14.0,15.0,Poppy,,,,,,0.0
active_power_k,14.0,15.0,Oxlip,,,,,,0.0
active_power_k,14.0,15.0,Daisy,,,,,,0.0
active_power_k,14.0,15.0,Tulip,,,,,,0.0
active_power_k,14.0,15.0,Maryj,,,,,,-0.052515698884193156
active_power_k,14.0,16.0,Poppy,,,,,,0.0
active_power_k,14.0,16.0,Oxlip,,,,,,0.0
active_power_k,14.0,16.0,Daisy,,,,,,0.0
active_power_k,14.0,16.0,Tulip,,,,,,-0.0024771510109562545
active_power_k,14.0,16.0,Maryj,,,,,,0.0
active_power_k,14.0,17.0,Poppy,,,,,,0.0
active_power_k,14.0,17.0,Oxlip,,,,,,0.0
active_power_k,14.0,17.0,Daisy,,,,,,0.0
active_power_k,14.0,17.0,Tulip,,,,,,-0.2685333374646924
active_power_k,14.0,17.0,Maryj,,,,,,0.0
active_power_k,15.0,3.0,Poppy,,,,,,0.0
active_power_k,15.0,3.0,Oxlip,,,,,,0.0
active_power_k,15.0,3.0,Daisy,,,,,,0.0
active_power_k,15.0,3.0,Tulip,,,,,,0.0
active_power_k,15.0,3.0,Maryj,,,,,,-0.5735996082597646
active_power_k,15.0,5.0,Poppy,,,,,,0.0
active_power_k,15.0,5.0,Oxlip,,,,,,0.0
active_power_k,15.0,5.0,Daisy,,,,,,0.0
active_power_k,15.0,5.0,Tulip,,,,,,0.0
active_power_k,15.0,5.0,Maryj,,,,,,-0.11942430298840509
active_power_k,15.0,6.0,Poppy,,,,,,0.0
active_power_k,15.0,6.0,Oxlip,,,,,,0.0
active_power_k,15.0,6.0,Daisy,,,,,,0.0
active_power_k,15.0,6.0,Tulip,,,,,,0.0
active_power_k,15.0,6.0,Maryj,,,,,,0.016898463345209818
active_power_k,15.0,8.0,Poppy,,,,,,0.0
active_power_k,15.0,8.0,Oxlip,,,,,,0.0
active_power_k,15.0,8.0,Daisy,,,,,,-0.12302871048943459
active_power_k,15.0,8.0,Tulip,,,,,,0.0
active_power_k,15.0,8.0,Maryj,,,,,,0.0
active_power_k,15.0,9.0,Poppy,,,,,,0.0
active_power_k,15.0,9.0,Oxlip,,,,,,0.0
active_power_k,15.0,9.0,Daisy,,,,,,0.0
active_power_k,15.0,9.0,Tulip,,,,,,0.0
active_power_k,15.0,9.0,Maryj,,,,,,0.5675444198230764
active_power_k,15.0,10.0,Poppy,,,,,,0.0
active_power_k,15.0,10.0,Oxlip,,,,,,0.0
active_power_k,15.0,10.0,Daisy,,,,,,0.017108513136667378
active_power_k,15.0,10.0,Tulip,,,,,,0.0
active_power_k,15.0,10.0,Maryj,,,,,,0.0
active_power_k,15.0,13.0,Poppy,,,,,,0.0
active_power_k,15.0,13.0,Oxlip,,,,,,0.0
active_power_k,15.0,13.0,Daisy,,,,,,0.0
active_power_k,15.0,13.0,Tulip,,,,,,0.0
active_power_k,15.0,13.0,Maryj,,,,,,0.573798601956932
active_power_k,15.0,14.0,Poppy,,,,,,0.0
active_power_k,15.0,14.0,Oxlip,,,,,,0.0
active_power_k,15.0,14.0,Daisy,,,,,,0.0
active_power_k,15.0,14.0,Tulip,,,,,,0.0
active_power_k,15.0,14.0,Maryj,,,,,,-0.05507900824124752
active_power_k,15.0,15.0,Poppy,,,,,,0.0
active_power_k,15.0,15.0,Oxlip,,,,,,0.0
active_power_k,15.0,15.0,Daisy,,,,,,0.0
active_power_k,15.0,15.0,Tulip,,,,,,0.0
active_power_k,15.0,15.0,Maryj,,,,,,-0.053028938884193154
active_power_k,15.0,16.0,Poppy,,,,,,0.0
active_power_k,15.0,16.0,Oxlip,,,,,,0.0
active_power_k,15.0,16.0,Daisy,,,,,,0.0
active_power_k,15.0,16.0,Tulip,,,,,,-0.0030275942183441637
active_power_k,15.0,16.0,Maryj,,,,,,0.0
active_power_k,15.0,17.0,Poppy,,,,,,0.0
active_power_k,15.0,17.0,Oxlip,,,,,,0.0
active_power_k,15.0,17.0,Daisy,,,,,,0.0
active_power_k,15.0,17.0,Tulip,,,,,,-0.26998945092173343
active_power_k,15.0,17.0,Maryj,,,,,,0.0
active_power_k,16.0,3.0,Poppy,,,,,,0.0
active_power_k,16.0,3.0,Oxlip,,,,,,0.0
active_power_k,16.0,3.0,Daisy,,,,,,0.0
active_power_k,16.0,3.0,Tulip,,,,,,0.0
active_power_k,16.0,3.0,Maryj,,,,,,-0.6013464283552684
active_power_k,16.0,5.0,Poppy,,,,,,0.0
active_power_k,16.0,5.0,Oxlip,,,,,,0.0
active_power_k,16.0,5.0,Daisy,,,,,,0.0
active_power_k,16.0,5.0,Tulip,,,,,,0.0
active_power_k,16.0,5.0,Maryj,,,,,,-0.12678980000795342
active_power_k,16.0,6.0,Poppy,,,,,,0.0
active_power_k,16.0,6.0,Oxlip,,,,,,0.0
active_power_k,16.0,6.0,Daisy,,,,,,0.0
active_power_k,16.0,6.0,Tulip,,,,,,0.0
active_power_k,16.0,6.0,Maryj,,,,,,0.018255815152093215
active_power_k,16.0,8.0,Poppy,,,,,,0.0
active_power_k,16.0,8.0,Oxlip,,,,,,0.0
active_power_k,16.0,8.0,Daisy,,,,,,-0.12860291989815809
active_power_k,16.0,8.0,Tulip,,,,,,0.0
active_power_k,16.0,8.0,Maryj,,,,,,0.0
active_power_k,16.0,9.0,Poppy,,,,,,0.0
active_power_k,16.0,9.0,Oxlip,,,,,,0.0
active_power_k,16.0,9.0,Daisy,,,,,,0.0
active_power_k,16.0,9.0,Tulip,,,,,,0.0
active_power_k,16.0,9.0,Maryj,,,,,,0.5909869543773918
active_power_k,16.0,10.0,Poppy,,,,,,0.0
active_power_k,16.0,10.0,Oxlip,,,,,,0.0
active_power_k,16.0,10.0,Daisy,,,,,,0.019942974730618023
active_power_k,16.0,10.0,Tulip,,,,,,0.0
active_power_k,16.0,10.0,Maryj,,,,,,0.0
active_power_k,16.0,13.0,Poppy,,,,,,0.0
active_power_k,16.0,13.0,Oxlip,,,,,,0.0
active_power_k,16.0,13.0,Daisy,,,,,,0.0
active_power_k,16.0,13.0,Tulip,,,,,,0.0
active_power_k,16.0,13.0,Maryj,,,,,,0.601567592023581
active_power_k,16.0,14.0,Poppy,,,,,,0.0
active_power_k,16.0,14.0,Oxlip,,,,,,0.0
active_power_k,16.0,14.0,Daisy,,,,,,0.0
active_power_k,16.0,14.0,Tulip,,,,,,0.0
active_power_k,16.0,14.0,Maryj,,,,,,-0.060184511782954586
active_power_k,16.0,15.0,Poppy,,,,,,0.0
active_power_k,16.0,15.0,Oxlip,,,,,,0.0
active_power_k,16.0,15.0,Daisy,,,,,,0.0
active_power_k,16.0,15.0,Tulip,,,,,,0.0
active_power_k,16.0,15.0,Maryj,,,,,,-0.056297029288070274
active_power_k,16.0,16.0,Poppy,,,,,,0.0
active_power_k,16.0,16.0,Oxlip,,,,,,0.0
active_power_k,16.0,16.0,Daisy,,,,,,0.0
active_power_k,16.0,16.0,Tulip,,,,,,-0.005179736988938314
active_power_k,16.0,16.0,Maryj,,,,,,0.0
active_power_k,16.0,17.0,Poppy,,,,,,0.0
active_power_k,16.0,17.0,Oxlip,,,,,,0.0
active_power_k,16.0,17.0,Daisy,,,,,,0.0
active_power_k,16.0,17.0,Tulip,,,,,,-0.2753849986531612
active_power_k,16.0,17.0,Maryj,,,,,,0.0
active_power_k,17.0,3.0,Poppy,,,,,,0.0
active_power_k,17.0,3.0,Oxlip,,,,,,0.0
active_power_k,17.0,3.0,Daisy,,,,,,0.0
active_power_k,17.0,3.0,Tulip,,,,,,0.0
active_power_k,17.0,3.0,Maryj,,,,,,-0.4053320523605462
active_power_k,17.0,5.0,Poppy,,,,,,0.0
active_power_k,17.0,5.0,Oxlip,,,,,,0.0
active_power_k,17.0,5.0,Daisy,,,,,,0.0
active_power_k,17.0,5.0,Tulip,,,,,,0.0
active_power_k,17.0,5.0,Maryj,,,,,,-0.08048692296927265
active_power_k,17.0,6.0,Poppy,,,,,,0.0
active_power_k,17.0,6.0,Oxlip,,,,,,0.0
active_power_k,17.0,6.0,Daisy,,,,,,0.0
active_power_k,17.0,6.0,Tulip,,,,,,0.0
active_power_k,17.0,6.0,Maryj,,,,,,0.019193263445220144
active_power_k,17.0,8.0,Poppy,,,,,,0.0
active_power_k,17.0,8.0,Oxlip,,,,,,0.0
active_power_k,17.0,8.0,Daisy,,,,,,-0.08114308118442833
active_power_k,17.0,8.0,Tulip,,,,,,0.0
active_power_k,17.0,8.0,Maryj,,,,,,0.0
active_power_k,17.0,9.0,Poppy,,,,,,0.0
active_power_k,17.0,9.0,Oxlip,,,,,,0.0
active_power_k,17.0,9.0,Daisy,,,,,,0.0
active_power_k,17.0,9.0,Tulip,,,,,,0.0
active_power_k,17.0,9.0,Maryj,,,,,,0.39912835796908325
active_power_k,17.0,10.0,Poppy,,,,,,0.0
active_power_k,17.0,10.0,Oxlip,,,,,,0.0
active_power_k,17.0,10.0,Daisy,,,,,,0.02205121494085953
active_power_k,17.0,10.0,Tulip,,,,,,0.0
active_power_k,17.0,10.0,Maryj,,,,,,0.0
active_power_k,17.0,13.0,Poppy,,,,,,0.0
active_power_k,17.0,13.0,Oxlip,,,,,,0.0
active_power_k,17.0,13.0,Daisy,,,,,,0.0
active_power_k,17.0,13.0,Tulip,,,,,,0.0
active_power_k,17.0,13.0,Maryj,,,,,,0.40543192628841185
active_power_k,17.0,14.0,Poppy,,,,,,0.0
active_power_k,17.0,14.0,Oxlip,,,,,,0.0
active_power_k,17.0,14.0,Daisy,,,,,,0.0
active_power_k,17.0,14.0,Tulip,,,,,,0.0
active_power_k,17.0,14.0,Maryj,,,,,,-0.04548078502628037
active_power_k,17.0,15.0,Poppy,,,,,,0.0
active_power_k,17.0,15.0,Oxlip,,,,,,0.0
active_power_k,17.0,15.0,Daisy,,,,,,0.0
active_power_k,17.0,15.0,Tulip,,,,,,0.0
active_power_k,17.0,15.0,Maryj,,,,,,-0.0357498236375237
active_power_k,17.0,16.0,Poppy,,,,,,0.0
active_power_k,17.0,16.0,Oxlip,,,,,,0.0
active_power_k,17.0,16.0,Daisy,,,,,,0.0
active_power_k,17.0,16.0,Tulip,,,,,,-0.0031018471957314693
active_power_k,17.0,16.0,Maryj,,,,,,0.0
active_power_k,17.0,17.0,Poppy,,,,,,0.0
active_power_k,17.0,17.0,Oxlip,,,,,,0.0
active_power_k,17.0,17.0,Daisy,,,,,,0.0
active_power_k,17.0,17.0,Tulip,,,,,,-0.19200606802788936
active_power_k,17.0,17.0,Maryj,,,,,,0.0
active_power_k,18.0,3.0,Poppy,,,,,,0.0
active_power_k,18.0,3.0,Oxlip,,,,,,0.0
active_power_k,18.0,3.0,Daisy,,,,,,0.0
active_power_k,18.0,3.0,Tulip,,,,,,0.0
active_power_k,18.0,3.0,Maryj,,,,,,-0.308464796003559
active_power_k,18.0,5.0,Poppy,,,,,,0.0
active_power_k,18.0,5.0,Oxlip,,,,,,0.0
active_power_k,18.0,5.0,Daisy,,,,,,0.0
active_power_k,18.0,5.0,Tulip,,,,,,0.0
active_power_k,18.0,5.0,Maryj,,,,,,-0.05461767686872809
active_power_k,18.0,6.0,Poppy,,,,,,0.0
active_power_k,18.0,6.0,Oxlip,,,,,,0.0
active_power_k,18.0,6.0,Daisy,,,,,,0.0
active_power_k,18.0,6.0,Tulip,,,,,,0.0
active_power_k,18.0,6.0,Maryj,,,,,,0.019547438351576376
active_power_k,18.0,8.0,Poppy,,,,,,0.0
active_power_k,18.0,8.0,Oxlip,,,,,,0.0
active_power_k,18.0,8.0,Daisy,,,,,,-0.05483661912672573
active_power_k,18.0,8.0,Tulip,,,,,,0.0
active_power_k,18.0,8.0,Maryj,,,,,,0.0
active_power_k,18.0,9.0,Poppy,,,,,,0.0
active_power_k,18.0,9.0,Oxlip,,,,,,0.0
active_power_k,18.0,9.0,Daisy,,,,,,0.0
active_power_k,18.0,9.0,Tulip,,,,,,0.0
active_power_k,18.0,9.0,Maryj,,,,,,0.30572260347302876
active_power_k,18.0,10.0,Poppy,,,,,,0.0
active_power_k,18.0,10.0,Oxlip,,,,,,0.0
active_power_k,18.0,10.0,Daisy,,,,,,0.017006381485968926
active_power_k,18.0,10.0,Tulip,,,,,,0.0
active_power_k,18.0,10.0,Maryj,,,,,,0.0
active_power_k,18.0,13.0,Poppy,,,,,,0.0
active_power_k,18.0,13.0,Oxlip,,,,,,0.0
active_power_k,18.0,13.0,Daisy,,,,,,0.0
active_power_k,18.0,13.0,Tulip,,,,,,0.0
active_power_k,18.0,13.0,Maryj,,,,,,0.3085212279311522
active_power_k,18.0,14.0,Poppy,,,,,,0.0
active_power_k,18.0,14.0,Oxlip,,,,,,0.0
active_power_k,18.0,14.0,Daisy,,,,,,0.0
active_power_k,18.0,14.0,Tulip,,,,,,0.0
active_power_k,18.0,14.0,Maryj,,,,,,-0.036586996243049265
active_power_k,18.0,15.0,Poppy,,,,,,0.0
active_power_k,18.0,15.0,Oxlip,,,,,,0.0
active_power_k,18.0,15.0,Daisy,,,,,,0.0
active_power_k,18.0,15.0,Tulip,,,,,,0.0
active_power_k,18.0,15.0,Maryj,,,,,,-0.02426436672298922
active_power_k,18.0,16.0,Poppy,,,,,,0.0
active_power_k,18.0,16.0,Oxlip,,,,,,0.0
active_power_k,18.0,16.0,Daisy,,,,,,0.0
active_power_k,18.0,16.0,Tulip,,,,,,-0.0013710962652650977
active_power_k,18.0,16.0,Maryj,,,,,,0.0
active_power_k,18.0,17.0,Poppy,,,,,,0.0
active_power_k,18.0,17.0,Oxlip,,,,,,0.0
active_power_k,18.0,17.0,Daisy,,,,,,0.0
active_power_k,18.0,17.0,Tulip,,,,,,-0.15967456848733902
active_power_k,18.0,17.0,Maryj,,,,,,0.0
active_power_k,19.0,3.0,Poppy,,,,,,0.0
active_power_k,19.0,3.0,Oxlip,,,,,,0.0
active_power_k,19.0,3.0,Daisy,,,,,,0.0
active_power_k,19.0,3.0,Tulip,,,,,,0.0
active_power_k,19.0,3.0,Maryj,,,,,,-0.3113583702154824
active_power_k,19.0,5.0,Poppy,,,,,,0.0
active_power_k,19.0,5.0,Oxlip,,,,,,0.0
active_power_k,19.0,5.0,Daisy,,,,,,0.0
active_power_k,19.0,5.0,Tulip,,,,,,0.0
active_power_k,19.0,5.0,Maryj,,,,,,-0.055948316256166974
active_power_k,19.0,6.0,Poppy,,,,,,0.0
active_power_k,19.0,6.0,Oxlip,,,,,,0.0
active_power_k,19.0,6.0,Daisy,,,,,,0.0
active_power_k,19.0,6.0,Tulip,,,,,,0.0
active_power_k,19.0,6.0,Maryj,,,,,,0.019683282309958933
active_power_k,19.0,8.0,Poppy,,,,,,0.0
active_power_k,19.0,8.0,Oxlip,,,,,,0.0
active_power_k,19.0,8.0,Daisy,,,,,,-0.055988267399412116
active_power_k,19.0,8.0,Tulip,,,,,,0.0
active_power_k,19.0,8.0,Maryj,,,,,,0.0
active_power_k,19.0,9.0,Poppy,,,,,,0.0
active_power_k,19.0,9.0,Oxlip,,,,,,0.0
active_power_k,19.0,9.0,Daisy,,,,,,0.0
active_power_k,19.0,9.0,Tulip,,,,,,0.0
active_power_k,19.0,9.0,Maryj,,,,,,0.3082137958350959
active_power_k,19.0,10.0,Poppy,,,,,,0.0
active_power_k,19.0,10.0,Oxlip,,,,,,0.0
active_power_k,19.0,10.0,Daisy,,,,,,0.015115075196255353
active_power_k,19.0,10.0,Tulip,,,,,,0.0
active_power_k,19.0,10.0,Maryj,,,,,,0.0
active_power_k,19.0,13.0,Poppy,,,,,,0.0
active_power_k,19.0,13.0,Oxlip,,,,,,0.0
active_power_k,19.0,13.0,Daisy,,,,,,0.0
active_power_k,19.0,13.0,Tulip,,,,,,0.0
active_power_k,19.0,13.0,Maryj,,,,,,0.31141609982256435
active_power_k,19.0,14.0,Poppy,,,,,,0.0
active_power_k,19.0,14.0,Oxlip,,,,,,0.0
active_power_k,19.0,14.0,Daisy,,,,,,0.0
active_power_k,19.0,14.0,Tulip,,,,,,0.0
active_power_k,19.0,14.0,Maryj,,,,,,-0.037253218382484896
active_power_k,19.0,15.0,Poppy,,,,,,0.0
active_power_k,19.0,15.0,Oxlip,,,,,,0.0
active_power_k,19.0,15.0,Daisy,,,,,,0.0
active_power_k,19.0,15.0,Tulip,,,,,,0.0
active_power_k,19.0,15.0,Maryj,,,,,,-0.02485533839973872
active_power_k,19.0,16.0,Poppy,,,,,,0.0
active_power_k,19.0,16.0,Oxlip,,,,,,0.0
active_power_k,19.0,16.0,Daisy,,,,,,0.0
active_power_k,19.0,16.0,Tulip,,,,,,-0.0015722871901932662
active_power_k,19.0,16.0,Maryj,,,,,,0.0
active_power_k,19.0,17.0,Poppy,,,,,,0.0
active_power_k,19.0,17.0,Oxlip,,,,,,0.0
active_power_k,19.0,17.0,Daisy,,,,,,0.0
active_power_k,19.0,17.0,Tulip,,,,,,-0.15901717507691526
active_power_k,19.0,17.0,Maryj,,,,,,0.0
active_power_k,20.0,3.0,Poppy,,,,,,0.0
active_power_k,20.0,3.0,Oxlip,,,,,,0.0
active_power_k,20.0,3.0,Daisy,,,,,,0.0
active_power_k,20.0,3.0,Tulip,,,,,,0.0
active_power_k,20.0,3.0,Maryj,,,,,,-0.2862754492924386
active_power_k,20.0,5.0,Poppy,,,,,,0.0
active_power_k,20.0,5.0,Oxlip,,,,,,0.0
active_power_k,20.0,5.0,Daisy,,,,,,0.0
active_power_k,20.0,5.0,Tulip,,,,,,0.0
active_power_k,20.0,5.0,Maryj,,,,,,-0.051314410195987016
active_power_k,20.0,6.0,Poppy,,,,,,0.0
active_power_k,20.0,6.0,Oxlip,,,,,,0.0
active_power_k,20.0,6.0,Daisy,,,,,,0.0
active_power_k,20.0,6.0,Tulip,,,,,,0.0
active_power_k,20.0,6.0,Maryj,,,,,,0.013249166489000723
active_power_k,20.0,8.0,Poppy,,,,,,0.0
active_power_k,20.0,8.0,Oxlip,,,,,,0.0
active_power_k,20.0,8.0,Daisy,,,,,,-0.05129392452869055
active_power_k,20.0,8.0,Tulip,,,,,,0.0
active_power_k,20.0,8.0,Maryj,,,,,,0.0
active_power_k,20.0,9.0,Poppy,,,,,,0.0
active_power_k,20.0,9.0,Oxlip,,,,,,0.0
active_power_k,20.0,9.0,Daisy,,,,,,0.0
active_power_k,20.0,9.0,Tulip,,,,,,0.0
active_power_k,20.0,9.0,Maryj,,,,,,0.28298036409466254
active_power_k,20.0,10.0,Poppy,,,,,,0.0
active_power_k,20.0,10.0,Oxlip,,,,,,0.0
active_power_k,20.0,10.0,Daisy,,,,,,0.015197244112879205
active_power_k,20.0,10.0,Tulip,,,,,,0.0
active_power_k,20.0,10.0,Maryj,,,,,,0.0
active_power_k,20.0,13.0,Poppy,,,,,,0.0
active_power_k,20.0,13.0,Oxlip,,,,,,0.0
active_power_k,20.0,13.0,Daisy,,,,,,0.0
active_power_k,20.0,13.0,Tulip,,,,,,0.0
active_power_k,20.0,13.0,Maryj,,,,,,0.2863219299770409
active_power_k,20.0,14.0,Poppy,,,,,,0.0
active_power_k,20.0,14.0,Oxlip,,,,,,0.0
active_power_k,20.0,14.0,Daisy,,,,,,0.0
active_power_k,20.0,14.0,Tulip,,,,,,0.0
active_power_k,20.0,14.0,Maryj,,,,,,-0.029553144880469444
active_power_k,20.0,15.0,Poppy,,,,,,0.0
active_power_k,20.0,15.0,Oxlip,,,,,,0.0
active_power_k,20.0,15.0,Daisy,,,,,,0.0
active_power_k,20.0,15.0,Tulip,,,,,,0.0
active_power_k,20.0,15.0,Maryj,,,,,,-0.022797299790529132
active_power_k,20.0,16.0,Poppy,,,,,,0.0
active_power_k,20.0,16.0,Oxlip,,,,,,0.0
active_power_k,20.0,16.0,Daisy,,,,,,0.0
active_power_k,20.0,16.0,Tulip,,,,,,-0.001647542598888035
active_power_k,20.0,16.0,Maryj,,,,,,0.0
active_power_k,20.0,17.0,Poppy,,,,,,0.0
active_power_k,20.0,17.0,Oxlip,,,,,,0.0
active_power_k,20.0,17.0,Daisy,,,,,,0.0
active_power_k,20.0,17.0,Tulip,,,,,,-0.15081313931154897
active_power_k,20.0,17.0,Maryj,,,,,,0.0
active_power_k,21.0,3.0,Poppy,,,,,,0.0
active_power_k,21.0,3.0,Oxlip,,,,,,0.0
active_power_k,21.0,3.0,Daisy,,,,,,0.0
active_power_k,21.0,3.0,Tulip,,,,,,0.0
active_power_k,21.0,3.0,Maryj,,,,,,-0.26716138682600826
active_power_k,21.0,5.0,Poppy,,,,,,0.0
active_power_k,21.0,5.0,Oxlip,,,,,,0.0
active_power_k,21.0,5.0,Daisy,,,,,,0.0
active_power_k,21.0,5.0,Tulip,,,,,,0.0
active_power_k,21.0,5.0,Maryj,,,,,,-0.05130374895855738
active_power_k,21.0,6.0,Poppy,,,,,,0.0
active_power_k,21.0,6.0,Oxlip,,,,,,0.0
active_power_k,21.0,6.0,Daisy,,,,,,0.0
active_power_k,21.0,6.0,Tulip,,,,,,0.0
active_power_k,21.0,6.0,Maryj,,,,,,0.006314862054664251
active_power_k,21.0,8.0,Poppy,,,,,,0.0
active_power_k,21.0,8.0,Oxlip,,,,,,0.0
active_power_k,21.0,8.0,Daisy,,,,,,-0.05128327092772707
active_power_k,21.0,8.0,Tulip,,,,,,0.0
active_power_k,21.0,8.0,Maryj,,,,,,0.0
active_power_k,21.0,9.0,Poppy,,,,,,0.0
active_power_k,21.0,9.0,Oxlip,,,,,,0.0
active_power_k,21.0,9.0,Daisy,,,,,,0.0
active_power_k,21.0,9.0,Tulip,,,,,,0.0
active_power_k,21.0,9.0,Maryj,,,,,,0.2638663016282322
active_power_k,21.0,10.0,Poppy,,,,,,0.0
active_power_k,21.0,10.0,Oxlip,,,,,,0.0
active_power_k,21.0,10.0,Daisy,,,,,,0.0030424103480464204
active_power_k,21.0,10.0,Tulip,,,,,,0.0
active_power_k,21.0,10.0,Maryj,,,,,,0.0
active_power_k,21.0,13.0,Poppy,,,,,,0.0
active_power_k,21.0,13.0,Oxlip,,,,,,0.0
active_power_k,21.0,13.0,Daisy,,,,,,0.0
active_power_k,21.0,13.0,Tulip,,,,,,0.0
active_power_k,21.0,13.0,Maryj,,,,,,0.26720282024071207
active_power_k,21.0,14.0,Poppy,,,,,,0.0
active_power_k,21.0,14.0,Oxlip,,,,,,0.0
active_power_k,21.0,14.0,Daisy,,,,,,0.0
active_power_k,21.0,14.0,Tulip,,,,,,0.0
active_power_k,21.0,14.0,Maryj,,,,,,-0.02261584799936257
active_power_k,21.0,15.0,Poppy,,,,,,0.0
active_power_k,21.0,15.0,Oxlip,,,,,,0.0
active_power_k,21.0,15.0,Daisy,,,,,,0.0
active_power_k,21.0,15.0,Tulip,,,,,,0.0
active_power_k,21.0,15.0,Maryj,,,,,,-0.02279256485676759
active_power_k,21.0,16.0,Poppy,,,,,,0.0
active_power_k,21.0,16.0,Oxlip,,,,,,0.0
active_power_k,21.0,16.0,Daisy,,,,,,0.0
active_power_k,21.0,16.0,Tulip,,,,,,-0.001647542598888035
active_power_k,21.0,16.0,Maryj,,,,,,0.0
active_power_k,21.0,17.0,Poppy,,,,,,0.0
active_power_k,21.0,17.0,Oxlip,,,,,,0.0
active_power_k,21.0,17.0,Daisy,,,,,,0.0
active_power_k,21.0,17.0,Tulip,,,,,,-0.1386583055467162
active_power_k,21.0,17.0,Maryj,,,,,,0.0
active_power_k,22.0,3.0,Poppy,,,,,,0.0
active_power_k,22.0,3.0,Oxlip,,,,,,0.0
active_power_k,22.0,3.0,Daisy,,,,,,0.0
active_power_k,22.0,3.0,Tulip,,,,,,0.0
active_power_k,22.0,3.0,Maryj,,,,,,-0.24678993069629288
active_power_k,22.0,5.0,Poppy,,,,,,0.0
active_power_k,22.0,5.0,Oxlip,,,,,,0.0
active_power_k,22.0,5.0,Daisy,,,,,,0.0
active_power_k,22.0,5.0,Tulip,,,,,,0.0
active_power_k,22.0,5.0,Maryj,,,,,,-0.046334066179983174
active_power_k,22.0,6.0,Poppy,,,,,,0.0
active_power_k,22.0,6.0,Oxlip,,,,,,0.0
active_power_k,22.0,6.0,Daisy,,,,,,0.0
active_power_k,22.0,6.0,Tulip,,,,,,0.0
active_power_k,22.0,6.0,Maryj,,,,,,0.006276097381306373
active_power_k,22.0,8.0,Poppy,,,,,,0.0
active_power_k,22.0,8.0,Oxlip,,,,,,0.0
active_power_k,22.0,8.0,Daisy,,,,,,-0.04631714784986237
active_power_k,22.0,8.0,Tulip,,,,,,0.0
active_power_k,22.0,8.0,Maryj,,,,,,0.0
active_power_k,22.0,9.0,Poppy,,,,,,0.0
active_power_k,22.0,9.0,Oxlip,,,,,,0.0
active_power_k,22.0,9.0,Daisy,,,,,,0.0
active_power_k,22.0,9.0,Tulip,,,,,,0.0
active_power_k,22.0,9.0,Maryj,,,,,,0.2434948454985168
active_power_k,22.0,10.0,Poppy,,,,,,0.0
active_power_k,22.0,10.0,Oxlip,,,,,,0.0
active_power_k,22.0,10.0,Daisy,,,,,,0.0026144444415440444
active_power_k,22.0,10.0,Tulip,,,,,,0.0
active_power_k,22.0,10.0,Maryj,,,,,,0.0
active_power_k,22.0,13.0,Poppy,,,,,,0.0
active_power_k,22.0,13.0,Oxlip,,,,,,0.0
active_power_k,22.0,13.0,Daisy,,,,,,0.0
active_power_k,22.0,13.0,Tulip,,,,,,0.0
active_power_k,22.0,13.0,Maryj,,,,,,0.24682626689555887
active_power_k,22.0,14.0,Poppy,,,,,,0.0
active_power_k,22.0,14.0,Oxlip,,,,,,0.0
active_power_k,22.0,14.0,Daisy,,,,,,0.0
active_power_k,22.0,14.0,Tulip,,,,,,0.0
active_power_k,22.0,14.0,Maryj,,,,,,-0.02115819101804335
active_power_k,22.0,15.0,Poppy,,,,,,0.0
active_power_k,22.0,15.0,Oxlip,,,,,,0.0
active_power_k,22.0,15.0,Daisy,,,,,,0.0
active_power_k,22.0,15.0,Tulip,,,,,,0.0
active_power_k,22.0,15.0,Maryj,,,,,,-0.02058539904438327
active_power_k,22.0,16.0,Poppy,,,,,,0.0
active_power_k,22.0,16.0,Oxlip,,,,,,0.0
active_power_k,22.0,16.0,Daisy,,,,,,0.0
active_power_k,22.0,16.0,Tulip,,,,,,-0.001647542598888035
active_power_k,22.0,16.0,Maryj,,,,,,0.0
active_power_k,22.0,17.0,Poppy,,,,,,0.0
active_power_k,22.0,17.0,Oxlip,,,,,,0.0
active_power_k,22.0,17.0,Daisy,,,,,,0.0
active_power_k,22.0,17.0,Tulip,,,,,,-0.12968096124629305
active_power_k,22.0,17.0,Maryj,,,,,,0.0
active_power_k,23.0,3.0,Poppy,,,,,,0.0
active_power_k,23.0,3.0,Oxlip,,,,,,0.0
active_power_k,23.0,3.0,Daisy,,,,,,0.0
active_power_k,23.0,3.0,Tulip,,,,,,0.0
active_power_k,23.0,3.0,Maryj,,,,,,-0.23415125822657865
active_power_k,23.0,5.0,Poppy,,,,,,0.0
active_power_k,23.0,5.0,Oxlip,,,,,,0.0
active_power_k,23.0,5.0,Daisy,,,,,,0.0
active_power_k,23.0,5.0,Tulip,,,,,,0.0
active_power_k,23.0,5.0,Maryj,,,,,,-0.043848884634448436
active_power_k,23.0,6.0,Poppy,,,,,,0.0
active_power_k,23.0,6.0,Oxlip,,,,,,0.0
active_power_k,23.0,6.0,Daisy,,,,,,0.0
active_power_k,23.0,6.0,Tulip,,,,,,0.0
active_power_k,23.0,6.0,Maryj,,,,,,0.003590589811755493
active_power_k,23.0,8.0,Poppy,,,,,,0.0
active_power_k,23.0,8.0,Oxlip,,,,,,0.0
active_power_k,23.0,8.0,Daisy,,,,,,-0.04383374639833059
active_power_k,23.0,8.0,Tulip,,,,,,0.0
active_power_k,23.0,8.0,Maryj,,,,,,0.0
active_power_k,23.0,9.0,Poppy,,,,,,0.0
active_power_k,23.0,9.0,Oxlip,,,,,,0.0
active_power_k,23.0,9.0,Daisy,,,,,,0.0
active_power_k,23.0,9.0,Tulip,,,,,,0.0
active_power_k,23.0,9.0,Maryj,,,,,,0.23085617302880257
active_power_k,23.0,10.0,Poppy,,,,,,0.0
active_power_k,23.0,10.0,Oxlip,,,,,,0.0
active_power_k,23.0,10.0,Daisy,,,,,,0.0026144466568566614
active_power_k,23.0,10.0,Tulip,,,,,,0.0
active_power_k,23.0,10.0,Maryj,,,,,,0.0
active_power_k,23.0,13.0,Poppy,,,,,,0.0
active_power_k,23.0,13.0,Oxlip,,,,,,0.0
active_power_k,23.0,13.0,Daisy,,,,,,0.0
active_power_k,23.0,13.0,Tulip,,,,,,0.0
active_power_k,23.0,13.0,Maryj,,,,,,0.23418443205806805
active_power_k,23.0,14.0,Poppy,,,,,,0.0
active_power_k,23.0,14.0,Oxlip,,,,,,0.0
active_power_k,23.0,14.0,Daisy,,,,,,0.0
active_power_k,23.0,14.0,Tulip,,,,,,0.0
active_power_k,23.0,14.0,Maryj,,,,,,-0.01776314017662625
active_power_k,23.0,15.0,Poppy,,,,,,0.0
active_power_k,23.0,15.0,Oxlip,,,,,,0.0
active_power_k,23.0,15.0,Daisy,,,,,,0.0
active_power_k,23.0,15.0,Tulip,,,,,,0.0
active_power_k,23.0,15.0,Maryj,,,,,,-0.01948166506592471
active_power_k,23.0,16.0,Poppy,,,,,,0.0
active_power_k,23.0,16.0,Oxlip,,,,,,0.0
active_power_k,23.0,16.0,Daisy,,,,,,0.0
active_power_k,23.0,16.0,Tulip,,,,,,-0.001647542598888035
active_power_k,23.0,16.0,Maryj,,,,,,0.0
active_power_k,23.0,17.0,Poppy,,,,,,0.0
active_power_k,23.0,17.0,Oxlip,,,,,,0.0
active_power_k,23.0,17.0,Daisy,,,,,,0.0
active_power_k,23.0,17.0,Tulip,,,,,,-0.12540628316523997
active_power_k,23.0,17.0,Maryj,,,,,,0.0
active_power_k,24.0,3.0,Poppy,,,,,,0.0
active_power_k,24.0,3.0,Oxlip,,,,,,0.0
active_power_k,24.0,3.0,Daisy,,,,,,0.0
active_power_k,24.0,3.0,Tulip,,,,,,0.0
active_power_k,24.0,3.0,Maryj,,,,,,-0.2010197060107787
active_power_k,24.0,5.0,Poppy,,,,,,0.0
active_power_k,24.0,5.0,Oxlip,,,,,,0.0
active_power_k,24.0,5.0,Daisy,,,,,,0.0
active_power_k,24.0,5.0,Tulip,,,,,,0.0
active_power_k,24.0,5.0,Maryj,,,,,,-0.036363589015518734
active_power_k,24.0,6.0,Poppy,,,,,,0.0
active_power_k,24.0,6.0,Oxlip,,,,,,0.0
active_power_k,24.0,6.0,Daisy,,,,,,0.0
active_power_k,24.0,6.0,Tulip,,,,,,0.0
active_power_k,24.0,6.0,Maryj,,,,,,0.0007055365267412011
active_power_k,24.0,8.0,Poppy,,,,,,0.0
active_power_k,24.0,8.0,Oxlip,,,,,,0.0
active_power_k,24.0,8.0,Daisy,,,,,,-0.0363536872719246
active_power_k,24.0,8.0,Tulip,,,,,,0.0
active_power_k,24.0,8.0,Maryj,,,,,,0.0
active_power_k,24.0,9.0,Poppy,,,,,,0.0
active_power_k,24.0,9.0,Oxlip,,,,,,0.0
active_power_k,24.0,9.0,Daisy,,,,,,0.0
active_power_k,24.0,9.0,Tulip,,,,,,0.0
active_power_k,24.0,9.0,Maryj,,,,,,0.19772462081300263
active_power_k,24.0,10.0,Poppy,,,,,,0.0
active_power_k,24.0,10.0,Oxlip,,,,,,0.0
active_power_k,24.0,10.0,Daisy,,,,,,0.002614436801486944
active_power_k,24.0,10.0,Tulip,,,,,,0.0
active_power_k,24.0,10.0,Maryj,,,,,,0.0
active_power_k,24.0,13.0,Poppy,,,,,,0.0
active_power_k,24.0,13.0,Oxlip,,,,,,0.0
active_power_k,24.0,13.0,Daisy,,,,,,0.0
active_power_k,24.0,13.0,Tulip,,,,,,0.0
active_power_k,24.0,13.0,Maryj,,,,,,0.20104458987721316
active_power_k,24.0,14.0,Poppy,,,,,,0.0
active_power_k,24.0,14.0,Oxlip,,,,,,0.0
active_power_k,24.0,14.0,Daisy,,,,,,0.0
active_power_k,24.0,14.0,Tulip,,,,,,0.0
active_power_k,24.0,14.0,Maryj,,,,,,-0.012740918568007053
active_power_k,24.0,15.0,Poppy,,,,,,0.0
active_power_k,24.0,15.0,Oxlip,,,,,,0.0
active_power_k,24.0,15.0,Daisy,,,,,,0.0
active_power_k,24.0,15.0,Tulip,,,,,,0.0
active_power_k,24.0,15.0,Maryj,,,,,,-0.0161571943430776
active_power_k,24.0,16.0,Poppy,,,,,,0.0
active_power_k,24.0,16.0,Oxlip,,,,,,0.0
active_power_k,24.0,16.0,Daisy,,,,,,0.0
active_power_k,24.0,16.0,Tulip,,,,,,-0.001647542598888035
active_power_k,24.0,16.0,Maryj,,,,,,0.0
active_power_k,24.0,17.0,Poppy,,,,,,0.0
active_power_k,24.0,17.0,Oxlip,,,,,,0.0
active_power_k,24.0,17.0,Daisy,,,,,,0.0
active_power_k,24.0,17.0,Tulip,,,,,,-0.11226325842008143
active_power_k,24.0,17.0,Maryj,,,,,,0.0
active_power,1.0,3.0,,,,,,,-0.2009970072773339
active_power,1.0,5.0,,,,,,,-0.036363589015518734
active_power,1.0,6.0,,,,,,,0.0006828712185771967
active_power,1.0,8.0,,,,,,,-0.0363536872719246
active_power,1.0,9.0,,,,,,,0.19770192207955783
active_power,1.0,10.0,,,,,,,0.0026144466568566614
active_power,1.0,13.0,,,,,,,0.20102188546423647
active_power,1.0,14.0,,,,,,,-0.012718210393827074
active_power,1.0,15.0,,,,,,,-0.0161571943430776
active_power,1.0,16.0,,,,,,,-0.001647542598888035
active_power,1.0,17.0,,,,,,,-0.11226326827545115
active_power,2.0,3.0,,,,,,,-0.2009970323963634
active_power,2.0,5.0,,,,,,,-0.036363589015518734
active_power,2.0,6.0,,,,,,,0.0006828448714661791
active_power,2.0,8.0,,,,,,,-0.0363536872719246
active_power,2.0,9.0,,,,,,,0.19770194719858733
active_power,2.0,10.0,,,,,,,0.0026144466568566614
active_power,2.0,13.0,,,,,,,0.20102191058955107
active_power,2.0,14.0,,,,,,,-0.012718235485935226
active_power,2.0,15.0,,,,,,,-0.0161571943430776
active_power,2.0,16.0,,,,,,,-0.001647542598888035
active_power,2.0,17.0,,,,,,,-0.11226326827545115
active_power,3.0,3.0,,,,,,,-0.20099702005472483
active_power,3.0,5.0,,,,,,,-0.036363589015518734
active_power,3.0,6.0,,,,,,,0.0006828362637452502
active_power,3.0,8.0,,,,,,,-0.0363536872719246
active_power,3.0,9.0,,,,,,,0.19770193485694876
active_power,3.0,10.0,,,,,,,0.002614442933707971
active_power,3.0,13.0,,,,,,,0.20102189824482447
active_power,3.0,14.0,,,,,,,-0.012718226878214297
active_power,3.0,15.0,,,,,,,-0.0161571943430776
active_power,3.0,16.0,,,,,,,-0.001647542598888035
active_power,3.0,17.0,,,,,,,-0.11226326455230246
active_power,4.0,3.0,,,,,,,-0.2009970201630819
active_power,4.0,5.0,,,,,,,-0.036363589015518734
active_power,4.0,6.0,,,,,,,0.0006828363552282745
active_power,4.0,8.0,,,,,,,-0.0363536872719246
active_power,4.0,9.0,,,,,,,0.19770193496530583
active_power,4.0,10.0,,,,,,,0.0026144429353075977
active_power,4.0,13.0,,,,,,,0.20102189835320866
active_power,4.0,14.0,,,,,,,-0.012718226969697322
active_power,4.0,15.0,,,,,,,-0.0161571943430776
active_power,4.0,16.0,,,,,,,-0.001647542598888035
active_power,4.0,17.0,,,,,,,-0.11226326455390209
active_power,5.0,3.0,,,,,,,-0.20339399369795427
active_power,5.0,5.0,,,,,,,-0.036969368910754766
active_power,5.0,6.0,,,,,,,0.0006828413013434379
active_power,5.0,8.0,,,,,,,-0.036959158356763465
active_power,5.0,9.0,,,,,,,0.2000989085001782
active_power,5.0,10.0,,,,,,,0.002614443021792895
active_power,5.0,13.0,,,,,,,0.20341947164346563
active_power,5.0,14.0,,,,,,,-0.012891223654337876
active_power,5.0,15.0,,,,,,,-0.01642629260300599
active_power,5.0,16.0,,,,,,,-0.001647542598888035
active_power,5.0,17.0,,,,,,,-0.1132759198365102
active_power,6.0,3.0,,,,,,,-0.2401584923589768
active_power,6.0,5.0,,,,,,,-0.04595821088778096
active_power,6.0,6.0,,,,,,,0.0006828594491627332
active_power,6.0,8.0,,,,,,,-0.04594156177652379
active_power,6.0,9.0,,,,,,,0.2365480365347483
active_power,6.0,10.0,,,,,,,0.002614445667210752
active_power,6.0,13.0,,,,,,,0.2401931692821629
active_power,6.0,14.0,,,,,,,-0.015615375117574428
active_power,6.0,15.0,,,,,,,-0.020418471900677238
active_power,6.0,16.0,,,,,,,-0.0018052279121142589
active_power,6.0,17.0,,,,,,,-0.12902855745191114
active_power,7.0,3.0,,,,,,,-0.29936455327865374
active_power,7.0,5.0,,,,,,,-0.05995903463250642
active_power,7.0,6.0,,,,,,,0.000586845479799439
active_power,7.0,8.0,,,,,,,-0.0600581371029828
active_power,7.0,9.0,,,,,,,0.29138511613499574
active_power,7.0,10.0,,,,,,,0.006799469770684839
active_power,7.0,13.0,,,,,,,0.2994169040258584
active_power,7.0,14.0,,,,,,,-0.021738787509077408
active_power,7.0,15.0,,,,,,,-0.02663650537910347
active_power,7.0,16.0,,,,,,,-0.003989718571829016
active_power,7.0,17.0,,,,,,,-0.14962304271890053
active_power,8.0,3.0,,,,,,,-0.5990489397097032
active_power,8.0,5.0,,,,,,,-0.13457413055301795
active_power,8.0,6.0,,,,,,,0.002592747263915928
active_power,8.0,8.0,,,,,,,-0.13558565253792051
active_power,8.0,9.0,,,,,,,0.5859687578194751
active_power,8.0,10.0,,,,,,,0.011027630011046952
active_power,8.0,13.0,,,,,,,0.5992760681428768
active_power,8.0,14.0,,,,,,,-0.04788920207691488
active_power,8.0,15.0,,,,,,,-0.059750466016853535
active_power,8.0,16.0,,,,,,,-0.0065400909451140184
active_power,8.0,17.0,,,,,,,-0.26789430039097084
active_power,9.0,3.0,,,,,,,-0.5870324602354005
active_power,9.0,5.0,,,,,,,-0.12448709343579678
active_power,9.0,6.0,,,,,,,0.01109909788372704
active_power,9.0,8.0,,,,,,,-0.1268343064460785
active_power,9.0,9.0,,,,,,,0.5773576841334277
active_power,9.0,10.0,,,,,,,0.01916789909440953
active_power,9.0,13.0,,,,,,,0.5872466964218602
active_power,9.0,14.0,,,,,,,-0.05217940463383794
active_power,9.0,15.0,,,,,,,-0.055275218864923786
active_power,9.0,16.0,,,,,,,-0.004837388050986375
active_power,9.0,17.0,,,,,,,-0.27383245687947555
active_power,10.0,3.0,,,,,,,-0.5685852951071577
active_power,10.0,5.0,,,,,,,-0.11799155962373678
active_power,10.0,6.0,,,,,,,0.01653467776638339
active_power,10.0,8.0,,,,,,,-0.12207514248943459
active_power,10.0,9.0,,,,,,,0.5631273941818474
active_power,10.0,10.0,,,,,,,0.016694208317487302
active_power,10.0,13.0,,,,,,,0.5687813206250102
active_power,10.0,14.0,,,,,,,-0.05414394442291537
active_power,10.0,15.0,,,,,,,-0.05239322688419316
active_power,10.0,16.0,,,,,,,-0.0027289504626551563
active_power,10.0,17.0,,,,,,,-0.2688940261025533
active_power,11.0,3.0,,,,,,,-0.5589914271207068
active_power,11.0,5.0,,,,,,,-0.11647200131454159
active_power,11.0,6.0,,,,,,,0.015816480987993053
active_power,11.0,8.0,,,,,,,-0.12149997044607849
active_power,11.0,9.0,,,,,,,0.5560005027490904
active_power,11.0,10.0,,,,,,,0.01512496946876719
active_power,11.0,13.0,,,,,,,0.5591790709101994
active_power,11.0,14.0,,,,,,,-0.052027154264056574
active_power,11.0,15.0,,,,,,,-0.05171899486492379
active_power,11.0,16.0,,,,,,,-0.0014954621858081774
active_power,11.0,17.0,,,,,,,-0.2659792872538332
active_power,12.0,3.0,,,,,,,-0.5055496561535296
active_power,12.0,5.0,,,,,,,-0.10661675759111174
active_power,12.0,6.0,,,,,,,0.014947567619281475
active_power,12.0,8.0,,,,,,,-0.11280071992228831
active_power,12.0,9.0,,,,,,,0.5117743187235113
active_power,12.0,10.0,,,,,,,0.013742574954503364
active_power,12.0,13.0,,,,,,,0.5056954851922925
active_power,12.0,14.0,,,,,,,-0.044065956905647366
active_power,12.0,15.0,,,,,,,-0.047346197298794815
active_power,12.0,16.0,,,,,,,0.0031123312849908507
active_power,12.0,17.0,,,,,,,-0.24827237026818597
active_power,13.0,3.0,,,,,,,-0.5795605361410378
active_power,13.0,5.0,,,,,,,-0.12214457526357536
active_power,13.0,6.0,,,,,,,0.016978997309716148
active_power,13.0,8.0,,,,,,,-0.1256388544099486
active_power,13.0,9.0,,,,,,,0.5734157759881686
active_power,13.0,10.0,,,,,,,0.01662703530813945
active_power,13.0,13.0,,,,,,,0.5797647457877773
active_power,13.0,14.0,,,,,,,-0.055950111435593156
active_power,13.0,15.0,,,,,,,-0.054235930848866035
active_power,13.0,16.0,,,,,,,-0.003072380076434564
active_power,13.0,17.0,,,,,,,-0.2696588130932055
active_power,14.0,3.0,,,,,,,-0.5680512726669925
active_power,14.0,5.0,,,,,,,-0.11826758232797653
active_power,14.0,6.0,,,,,,,0.016604779650505382
active_power,14.0,8.0,,,,,,,-0.12225885048943459
active_power,14.0,9.0,,,,,,,0.56309697064508
active_power,14.0,10.0,,,,,,,0.016202299679626334
active_power,14.0,13.0,,,,,,,0.5682459287893548
active_power,14.0,14.0,,,,,,,-0.05401457762277656
active_power,14.0,15.0,,,,,,,-0.052515698884193156
active_power,14.0,16.0,,,,,,,-0.0024771510109562545
active_power,14.0,17.0,,,,,,,-0.2685333374646924
active_power,15.0,3.0,,,,,,,-0.5735996082597646
active_power,15.0,5.0,,,,,,,-0.11942430298840509
active_power,15.0,6.0,,,,,,,0.016898463345209818
active_power,15.0,8.0,,,,,,,-0.12302871048943459
active_power,15.0,9.0,,,,,,,0.5675444198230764
active_power,15.0,10.0,,,,,,,0.017108513136667378
active_power,15.0,13.0,,,,,,,0.573798601956932
active_power,15.0,14.0,,,,,,,-0.05507900824124752
active_power,15.0,15.0,,,,,,,-0.053028938884193154
active_power,15.0,16.0,,,,,,,-0.0030275942183441637
active_power,15.0,17.0,,,,,,,-0.26998945092173343
active_power,16.0,3.0,,,,,,,-0.6013464283552684
active_power,16.0,5.0,,,,,,,-0.12678980000795342
active_power,16.0,6.0,,,,,,,0.018255815152093215
active_power,16.0,8.0,,,,,,,-0.12860291989815809
active_power,16.0,9.0,,,,,,,0.5909869543773918
active_power,16.0,10.0,,,,,,,0.019942974730618023
active_power,16.0,13.0,,,,,,,0.601567592023581
active_power,16.0,14.0,,,,,,,-0.060184511782954586
active_power,16.0,15.0,,,,,,,-0.056297029288070274
active_power,16.0,16.0,,,,,,,-0.005179736988938314
active_power,16.0,17.0,,,,,,,-0.2753849986531612
active_power,17.0,3.0,,,,,,,-0.4053320523605462
active_power,17.0,5.0,,,,,,,-0.08048692296927265
active_power,17.0,6.0,,,,,,,0.019193263445220144
active_power,17.0,8.0,,,,,,,-0.08114308118442833
active_power,17.0,9.0,,,,,,,0.39912835796908325
active_power,17.0,10.0,,,,,,,0.02205121494085953
active_power,17.0,13.0,,,,,,,0.40543192628841185
active_power,17.0,14.0,,,,,,,-0.04548078502628037
active_power,17.0,15.0,,,,,,,-0.0357498236375237
active_power,17.0,16.0,,,,,,,-0.0031018471957314693
active_power,17.0,17.0,,,,,,,-0.19200606802788936
active_power,18.0,3.0,,,,,,,-0.308464796003559
active_power,18.0,5.0,,,,,,,-0.05461767686872809
active_power,18.0,6.0,,,,,,,0.019547438351576376
active_power,18.0,8.0,,,,,,,-0.05483661912672573
active_power,18.0,9.0,,,,,,,0.30572260347302876
active_power,18.0,10.0,,,,,,,0.017006381485968926
active_power,18.0,13.0,,,,,,,0.3085212279311522
active_power,18.0,14.0,,,,,,,-0.036586996243049265
active_power,18.0,15.0,,,,,,,-0.02426436672298922
active_power,18.0,16.0,,,,,,,-0.0013710962652650977
active_power,18.0,17.0,,,,,,,-0.15967456848733902
active_power,19.0,3.0,,,,,,,-0.3113583702154824
active_power,19.0,5.0,,,,,,,-0.055948316256166974
active_power,19.0,6.0,,,,,,,0.019683282309958933
active_power,19.0,8.0,,,,,,,-0.055988267399412116
active_power,19.0,9.0,,,,,,,0.3082137958350959
active_power,19.0,10.0,,,,,,,0.015115075196255353
active_power,19.0,13.0,,,,,,,0.31141609982256435
active_power,19.0,14.0,,,,,,,-0.037253218382484896
active_power,19.0,15.0,,,,,,,-0.02485533839973872
active_power,19.0,16.0,,,,,,,-0.0015722871901932662
active_power,19.0,17.0,,,,,,,-0.15901717507691526
active_power,20.0,3.0,,,,,,,-0.2862754492924386
active_power,20.0,5.0,,,,,,,-0.051314410195987016
active_power,20.0,6.0,,,,,,,0.013249166489000723
active_power,20.0,8.0,,,,,,,-0.05129392452869055
active_power,20.0,9.0,,,,,,,0.28298036409466254
active_power,20.0,10.0,,,,,,,0.015197244112879205
active_power,20.0,13.0,,,,,,,0.2863219299770409
active_power,20.0,14.0,,,,,,,-0.029553144880469444
active_power,20.0,15.0,,,,,,,-0.022797299790529132
active_power,20.0,16.0,,,,,,,-0.001647542598888035
active_power,20.0,17.0,,,,,,,-0.15081313931154897
active_power,21.0,3.0,,,,,,,-0.26716138682600826
active_power,21.0,5.0,,,,,,,-0.05130374895855738
active_power,21.0,6.0,,,,,,,0.006314862054664251
active_power,21.0,8.0,,,,,,,-0.05128327092772707
active_power,21.0,9.0,,,,,,,0.2638663016282322
active_power,21.0,10.0,,,,,,,0.0030424103480464204
active_power,21.0,13.0,,,,,,,0.26720282024071207
active_power,21.0,14.0,,,,,,,-0.02261584799936257
active_power,21.0,15.0,,,,,,,-0.02279256485676759
active_power,21.0,16.0,,,,,,,-0.001647542598888035
active_power,21.0,17.0,,,,,,,-0.1386583055467162
active_power,22.0,3.0,,,,,,,-0.24678993069629288
active_power,22.0,5.0,,,,,,,-0.046334066179983174
active_power,22.0,6.0,,,,,,,0.006276097381306373
active_power,22.0,8.0,,,,,,,-0.04631714784986237
active_power,22.0,9.0,,,,,,,0.2434948454985168
active_power,22.0,10.0,,,,,,,0.0026144444415440444
active_power,22.0,13.0,,,,,,,0.24682626689555887
active_power,22.0,14.0,,,,,,,-0.02115819101804335
active_power,22.0,15.0,,,,,,,-0.02058539904438327
active_power,22.0,16.0,,,,,,,-0.001647542598888035
active_power,22.0,17.0,,,,,,,-0.12968096124629305
active_power,23.0,3.0,,,,,,,-0.23415125822657865
active_power,23.0,5.0,,,,,,,-0.043848884634448436
active_power,23.0,6.0,,,,,,,0.003590589811755493
active_power,23.0,8.0,,,,,,,-0.04383374639833059
active_power,23.0,9.0,,,,,,,0.23085617302880257
active_power,23.0,10.0,,,,,,,0.0026144466568566614
active_power,23.0,13.0,,,,,,,0.23418443205806805
active_power,23.0,14.0,,,,,,,-0.01776314017662625
active_power,23.0,15.0,,,,,,,-0.01948166506592471
active_power,23.0,16.0,,,,,,,-0.001647542598888035
active_power,23.0,17.0,,,,,,,-0.12540628316523997
active_power,24.0,3.0,,,,,,,-0.2010197060107787
active_power,24.0,5.0,,,,,,,-0.036363589015518734
active_power,24.0,6.0,,,,,,,0.0007055365267412011
active_power,24.0,8.0,,,,,,,-0.0363536872719246
active_power,24.0,9.0,,,,,,,0.19772462081300263
active_power,24.0,10.0,,,,,,,0.002614436801486944
active_power,24.0,13.0,,,,,,,0.20104458987721316
active_power,24.0,14.0,,,,,,,-0.012740918568007053
active_power,24.0,15.0,,,,,,,-0.0161571943430776
active_power,24.0,16.0,,,,,,,-0.001647542598888035
active_power,24.0,17.0,,,,,,,-0.11226325842008143
reactive_power_k,1.0,3.0,Poppy,,,,,,0.0
reactive_power_k,1.0,3.0,Oxlip,,,,,,0.0
reactive_power_k,1.0,3.0,Daisy,,,,,,0.0
reactive_power_k,1.0,3.0,Tulip,,,,,,0.0
reactive_power_k,1.0,3.0,Maryj,,,,,,5.252061679431551e-05
reactive_power_k,1.0,5.0,Poppy,,,,,,0.0
reactive_power_k,1.0,5.0,Oxlip,,,,,,0.0
reactive_power_k,1.0,5.0,Daisy,,,,,,0.0
reactive_power_k,1.0,5.0,Tulip,,,,,,0.0
reactive_power_k,1.0,5.0,Maryj,,,,,,0.0012776171325701341
reactive_power_k,1.0,6.0,Poppy,,,,,,0.0
reactive_power_k,1.0,6.0,Oxlip,,,,,,0.0
reactive_power_k,1.0,6.0,Daisy,,,,,,0.0
reactive_power_k,1.0,6.0,Tulip,,,,,,0.0
reactive_power_k,1.0,6.0,Maryj,,,,,,-0.0003048976652363447
reactive_power_k,1.0,8.0,Poppy,,,,,,0.0
reactive_power_k,1.0,8.0,Oxlip,,,,,,0.0
reactive_power_k,1.0,8.0,Daisy,,,,,,0.0
reactive_power_k,1.0,8.0,Tulip,,,,,,0.0
reactive_power_k,1.0,8.0,Maryj,,,,,,0.0
reactive_power_k,1.0,9.0,Poppy,,,,,,0.0
reactive_power_k,1.0,9.0,Oxlip,,,,,,0.0
reactive_power_k,1.0,9.0,Daisy,,,,,,0.0
reactive_power_k,1.0,9.0,Tulip,,,,,,0.0
reactive_power_k,1.0,9.0,Maryj,,,,,,0.0
reactive_power_k,1.0,10.0,Poppy,,,,,,0.0
reactive_power_k,1.0,10.0,Oxlip,,,,,,0.0
reactive_power_k,1.0,10.0,Daisy,,,,,,-0.0011685720298750604
reactive_power_k,1.0,10.0,Tulip,,,,,,0.0
reactive_power_k,1.0,10.0,Maryj,,,,,,0.0
reactive_power_k,1.0,13.0,Poppy,,,,,,0.0
reactive_power_k,1.0,13.0,Oxlip,,,,,,0.0
reactive_power_k,1.0,13.0,Daisy,,,,,,0.0
reactive_power_k,1.0,13.0,Tulip,,,,,,0.0
reactive_power_k,1.0,13.0,Maryj,,,,,,0.0
reactive_power_k,1.0,14.0,Poppy,,,,,,0.0
reactive_power_k,1.0,14.0,Oxlip,,,,,,0.0
reactive_power_k,1.0,14.0,Daisy,,,,,,0.0
reactive_power_k,1.0,14.0,Tulip,,,,,,0.0
reactive_power_k,1.0,14.0,Maryj,,,,,,-0.0012708713849746568
reactive_power_k,1.0,15.0,Poppy,,,,,,0.0
reactive_power_k,1.0,15.0,Oxlip,,,,,,0.0
reactive_power_k,1.0,15.0,Daisy,,,,,,0.0
reactive_power_k,1.0,15.0,Tulip,,,,,,0.0
reactive_power_k,1.0,15.0,Maryj,,,,,,0.0
reactive_power_k,1.0,16.0,Poppy,,,,,,0.0
reactive_power_k,1.0,16.0,Oxlip,,,,,,0.0
reactive_power_k,1.0,16.0,Daisy,,,,,,0.0
reactive_power_k,1.0,16.0,Tulip,,,,,,0.0
reactive_power_k,1.0,16.0,Maryj,,,,,,0.0
reactive_power_k,1.0,17.0,Poppy,,,,,,0.0
reactive_power_k,1.0,17.0,Oxlip,,,,,,0.0
reactive_power_k,1.0,17.0,Daisy,,,,,,0.0
reactive_power_k,1.0,17.0,Tulip,,,,,,0.0
reactive_power_k,1.0,17.0,Maryj,,,,,,0.0
reactive_power_k,2.0,3.0,Poppy,,,,,,0.0
reactive_power_k,2.0,3.0,Oxlip,,,,,,0.0
reactive_power_k,2.0,3.0,Daisy,,,,,,0.0
reactive_power_k,2.0,3.0,Tulip,,,,,,0.0
reactive_power_k,2.0,3.0,Maryj,,,,,,5.252063006290825e-05
reactive_power_k,2.0,5.0,Poppy,,,,,,0.0
reactive_power_k,2.0,5.0,Oxlip,,,,,,0.0
reactive_power_k,2.0,5.0,Daisy,,,,,,0.0
reactive_power_k,2.0,5.0,Tulip,,,,,,0.0
reactive_power_k,2.0,5.0,Maryj,,,,,,0.0011806107417428738
reactive_power_k,2.0,6.0,Poppy,,,,,,0.0
reactive_power_k,2.0,6.0,Oxlip,,,,,,0.0
reactive_power_k,2.0,6.0,Daisy,,,,,,0.0
reactive_power_k,2.0,6.0,Tulip,,,,,,0.0
reactive_power_k,2.0,6.0,Maryj,,,,,,-0.00010013004481324581
reactive_power_k,2.0,8.0,Poppy,,,,,,0.0
reactive_power_k,2.0,8.0,Oxlip,,,,,,0.0
reactive_power_k,2.0,8.0,Daisy,,,,,,0.0
reactive_power_k,2.0,8.0,Tulip,,,,,,0.0
reactive_power_k,2.0,8.0,Maryj,,,,,,0.0
reactive_power_k,2.0,9.0,Poppy,,,,,,0.0
reactive_power_k,2.0,9.0,Oxlip,,,,,,0.0
reactive_power_k,2.0,9.0,Daisy,,,,,,0.0
reactive_power_k,2.0,9.0,Tulip,,,,,,0.0
reactive_power_k,2.0,9.0,Maryj,,,,,,0.00011223362982589523
reactive_power_k,2.0,10.0,Poppy,,,,,,0.0
reactive_power_k,2.0,10.0,Oxlip,,,,,,0.0
reactive_power_k,2.0,10.0,Daisy,,,,,,-0.00038424046563689796
reactive_power_k,2.0,10.0,Tulip,,,,,,0.0
reactive_power_k,2.0,10.0,Maryj,,,,,,0.0
reactive_power_k,2.0,13.0,Poppy,,,,,,0.0
reactive_power_k,2.0,13.0,Oxlip,,,,,,0.0
reactive_power_k,2.0,13.0,Daisy,,,,,,0.0
reactive_power_k,2.0,13.0,Tulip,,,,,,0.0
reactive_power_k,2.0,13.0,Maryj,,,,,,0.0
reactive_power_k,2.0,14.0,Poppy,,,,,,0.0
reactive_power_k,2.0,14.0,Oxlip,,,,,,0.0
reactive_power_k,2.0,14.0,Daisy,,,,,,0.0
reactive_power_k,2.0,14.0,Tulip,,,,,,0.0
reactive_power_k,2.0,14.0,Maryj,,,,,,-0.0012860985671394169
reactive_power_k,2.0,15.0,Poppy,,,,,,0.0
reactive_power_k,2.0,15.0,Oxlip,,,,,,0.0
reactive_power_k,2.0,15.0,Daisy,,,,,,0.0
reactive_power_k,2.0,15.0,Tulip,,,,,,0.0
reactive_power_k,2.0,15.0,Maryj,,,,,,0.0
reactive_power_k,2.0,16.0,Poppy,,,,,,0.0
reactive_power_k,2.0,16.0,Oxlip,,,,,,0.0
reactive_power_k,2.0,16.0,Daisy,,,,,,0.0
reactive_power_k,2.0,16.0,Tulip,,,,,,8.237712994440176e-05
reactive_power_k,2.0,16.0,Maryj,,,,,,0.0
reactive_power_k,2.0,17.0,Poppy,,,,,,0.0
reactive_power_k,2.0,17.0,Oxlip,,,,,,0.0
reactive_power_k,2.0,17.0,Daisy,,,,,,0.0
reactive_power_k,2.0,17.0,Tulip,,,,,,0.0
reactive_power_k,2.0,17.0,Maryj,,,,,,0.0
reactive_power_k,3.0,3.0,Poppy,,,,,,0.0
reactive_power_k,3.0,3.0,Oxlip,,,,,,0.0
reactive_power_k,3.0,3.0,Daisy,,,,,,0.0
reactive_power_k,3.0,3.0,Tulip,,,,,,0.0
reactive_power_k,3.0,3.0,Maryj,,,,,,5.252062354370032e-05
reactive_power_k,3.0,5.0,Poppy,,,,,,0.0
reactive_power_k,3.0,5.0,Oxlip,,,,,,0.0
reactive_power_k,3.0,5.0,Daisy,,,,,,0.0
reactive_power_k,3.0,5.0,Tulip,,,,,,0.0
reactive_power_k,3.0,5.0,Maryj,,,,,,0.001128850487625915
reactive_power_k,3.0,6.0,Poppy,,,,,,0.0
reactive_power_k,3.0,6.0,Oxlip,,,,,,0.0
reactive_power_k,3.0,6.0,Daisy,,,,,,0.0
reactive_power_k,3.0,6.0,Tulip,,,,,,0.0
reactive_power_k,3.0,6.0,Maryj,,,,,,-3.323153245910845e-05
reactive_power_k,3.0,8.0,Poppy,,,,,,0.0
reactive_power_k,3.0,8.0,Oxlip,,,,,,0.0
reactive_power_k,3.0,8.0,Daisy,,,,,,0.0
reactive_power_k,3.0,8.0,Tulip,,,,,,0.0
reactive_power_k,3.0,8.0,Maryj,,,,,,0.0
reactive_power_k,3.0,9.0,Poppy,,,,,,0.0
reactive_power_k,3.0,9.0,Oxlip,,,,,,0.0
reactive_power_k,3.0,9.0,Daisy,,,,,,0.0
reactive_power_k,3.0,9.0,Tulip,,,,,,0.0
reactive_power_k,3.0,9.0,Maryj,,,,,,0.00011223363634510317
reactive_power_k,3.0,10.0,Poppy,,,,,,0.0
reactive_power_k,3.0,10.0,Oxlip,,,,,,0.0
reactive_power_k,3.0,10.0,Daisy,,,,,,-0.00012799577846076885
reactive_power_k,3.0,10.0,Tulip,,,,,,0.0
reactive_power_k,3.0,10.0,Maryj,,,,,,0.0
reactive_power_k,3.0,13.0,Poppy,,,,,,0.0
reactive_power_k,3.0,13.0,Oxlip,,,,,,0.0
reactive_power_k,3.0,13.0,Daisy,,,,,,0.0
reactive_power_k,3.0,13.0,Tulip,,,,,,0.0
reactive_power_k,3.0,13.0,Maryj,,,,,,0.0
reactive_power_k,3.0,14.0,Poppy,,,,,,0.0
reactive_power_k,3.0,14.0,Oxlip,,,,,,0.0
reactive_power_k,3.0,14.0,Daisy,,,,,,0.0
reactive_power_k,3.0,14.0,Tulip,,,,,,0.0
reactive_power_k,3.0,14.0,Maryj,,,,,,-0.0012343383422833538
reactive_power_k,3.0,15.0,Poppy,,,,,,0.0
reactive_power_k,3.0,15.0,Oxlip,,,,,,0.0
reactive_power_k,3.0,15.0,Daisy,,,,,,0.0
reactive_power_k,3.0,15.0,Tulip,,,,,,0.0
reactive_power_k,3.0,15.0,Maryj,,,,,,0.0
reactive_power_k,3.0,16.0,Poppy,,,,,,0.0
reactive_power_k,3.0,16.0,Oxlip,,,,,,0.0
reactive_power_k,3.0,16.0,Daisy,,,,,,0.0
reactive_power_k,3.0,16.0,Tulip,,,,,,8.237712994440176e-05
reactive_power_k,3.0,16.0,Maryj,,,,,,0.0
reactive_power_k,3.0,17.0,Poppy,,,,,,0.0
reactive_power_k,3.0,17.0,Oxlip,,,,,,0.0
reactive_power_k,3.0,17.0,Daisy,,,,,,0.0
reactive_power_k,3.0,17.0,Tulip,,,,,,0.0
reactive_power_k,3.0,17.0,Maryj,,,,,,0.0
reactive_power_k,4.0,3.0,Poppy,,,,,,0.0
reactive_power_k,4.0,3.0,Oxlip,,,,,,0.0
reactive_power_k,4.0,3.0,Daisy,,,,,,0.0
reactive_power_k,4.0,3.0,Tulip,,,,,,0.0
reactive_power_k,4.0,3.0,Maryj,,,,,,5.2520623600937644e-05
reactive_power_k,4.0,5.0,Poppy,,,,,,0.0
reactive_power_k,4.0,5.0,Oxlip,,,,,,0.0
reactive_power_k,4.0,5.0,Daisy,,,,,,0.0
reactive_power_k,4.0,5.0,Tulip,,,,,,0.0
reactive_power_k,4.0,5.0,Maryj,,,,,,0.001204413627741005
reactive_power_k,4.0,6.0,Poppy,,,,,,0.0
reactive_power_k,4.0,6.0,Oxlip,,,,,,0.0
reactive_power_k,4.0,6.0,Daisy,,,,,,0.0
reactive_power_k,4.0,6.0,Tulip,,,,,,0.0
reactive_power_k,4.0,6.0,Maryj,,,,,,-3.3942531141133105e-05
reactive_power_k,4.0,8.0,Poppy,,,,,,0.0
reactive_power_k,4.0,8.0,Oxlip,,,,,,0.0
reactive_power_k,4.0,8.0,Daisy,,,,,,0.0
reactive_power_k,4.0,8.0,Tulip,,,,,,0.0
reactive_power_k,4.0,8.0,Maryj,,,,,,0.0
reactive_power_k,4.0,9.0,Poppy,,,,,,0.0
reactive_power_k,4.0,9.0,Oxlip,,,,,,0.0
reactive_power_k,4.0,9.0,Daisy,,,,,,0.0
reactive_power_k,4.0,9.0,Tulip,,,,,,0.0
reactive_power_k,4.0,9.0,Maryj,,,,,,0.00011223363628786584
reactive_power_k,4.0,10.0,Poppy,,,,,,0.0
reactive_power_k,4.0,10.0,Oxlip,,,,,,0.0
reactive_power_k,4.0,10.0,Daisy,,,,,,-0.0001307191519477052
reactive_power_k,4.0,10.0,Tulip,,,,,,0.0
reactive_power_k,4.0,10.0,Maryj,,,,,,0.0
reactive_power_k,4.0,13.0,Poppy,,,,,,0.0
reactive_power_k,4.0,13.0,Oxlip,,,,,,0.0
reactive_power_k,4.0,13.0,Daisy,,,,,,0.0
reactive_power_k,4.0,13.0,Tulip,,,,,,0.0
reactive_power_k,4.0,13.0,Maryj,,,,,,0.0
reactive_power_k,4.0,14.0,Poppy,,,,,,0.0
reactive_power_k,4.0,14.0,Oxlip,,,,,,0.0
reactive_power_k,4.0,14.0,Daisy,,,,,,0.0
reactive_power_k,4.0,14.0,Tulip,,,,,,0.0
reactive_power_k,4.0,14.0,Maryj,,,,,,-0.0013099014500951361
reactive_power_k,4.0,15.0,Poppy,,,,,,0.0
reactive_power_k,4.0,15.0,Oxlip,,,,,,0.0
reactive_power_k,4.0,15.0,Daisy,,,,,,0.0
reactive_power_k,4.0,15.0,Tulip,,,,,,0.0
reactive_power_k,4.0,15.0,Maryj,,,,,,0.0
reactive_power_k,4.0,16.0,Poppy,,,,,,0.0
reactive_power_k,4.0,16.0,Oxlip,,,,,,0.0
reactive_power_k,4.0,16.0,Daisy,,,,,,0.0
reactive_power_k,4.0,16.0,Tulip,,,,,,8.237712994440176e-05
reactive_power_k,4.0,16.0,Maryj,,,,,,0.0
reactive_power_k,4.0,17.0,Poppy,,,,,,0.0
reactive_power_k,4.0,17.0,Oxlip,,,,,,0.0
reactive_power_k,4.0,17.0,Daisy,,,,,,0.0
reactive_power_k,4.0,17.0,Tulip,,,,,,0.0
reactive_power_k,4.0,17.0,Maryj,,,,,,0.0
reactive_power_k,5.0,3.0,Poppy,,,,,,0.0
reactive_power_k,5.0,3.0,Oxlip,,,,,,0.0
reactive_power_k,5.0,3.0,Daisy,,,,,,0.0
reactive_power_k,5.0,3.0,Tulip,,,,,,0.0
reactive_power_k,5.0,3.0,Maryj,,,,,,5.378677385732661e-05
reactive_power_k,5.0,5.0,Poppy,,,,,,0.0
reactive_power_k,5.0,5.0,Oxlip,,,,,,0.0
reactive_power_k,5.0,5.0,Daisy,,,,,,0.0
reactive_power_k,5.0,5.0,Tulip,,,,,,0.0
reactive_power_k,5.0,5.0,Maryj,,,,,,0.0013416389707867032
reactive_power_k,5.0,6.0,Poppy,,,,,,0.0
reactive_power_k,5.0,6.0,Oxlip,,,,,,0.0
reactive_power_k,5.0,6.0,Daisy,,,,,,0.0
reactive_power_k,5.0,6.0,Tulip,,,,,,0.0
reactive_power_k,5.0,6.0,Maryj,,,,,,-7.238333900444377e-05
reactive_power_k,5.0,8.0,Poppy,,,,,,0.0
reactive_power_k,5.0,8.0,Oxlip,,,,,,0.0
reactive_power_k,5.0,8.0,Daisy,,,,,,0.0
reactive_power_k,5.0,8.0,Tulip,,,,,,0.0
reactive_power_k,5.0,8.0,Maryj,,,,,,0.0
reactive_power_k,5.0,9.0,Poppy,,,,,,0.0
reactive_power_k,5.0,9.0,Oxlip,,,,,,0.0
reactive_power_k,5.0,9.0,Daisy,,,,,,0.0
reactive_power_k,5.0,9.0,Tulip,,,,,,0.0
reactive_power_k,5.0,9.0,Maryj,,,,,,0.00011096748603147688
reactive_power_k,5.0,10.0,Poppy,,,,,,0.0
reactive_power_k,5.0,10.0,Oxlip,,,,,,0.0
reactive_power_k,5.0,10.0,Daisy,,,,,,-0.00027796088332931974
reactive_power_k,5.0,10.0,Tulip,,,,,,0.0
reactive_power_k,5.0,10.0,Maryj,,,,,,0.0
reactive_power_k,5.0,13.0,Poppy,,,,,,0.0
reactive_power_k,5.0,13.0,Oxlip,,,,,,0.0
reactive_power_k,5.0,13.0,Daisy,,,,,,0.0
reactive_power_k,5.0,13.0,Tulip,,,,,,0.0
reactive_power_k,5.0,13.0,Maryj,,,,,,0.0
reactive_power_k,5.0,14.0,Poppy,,,,,,0.0
reactive_power_k,5.0,14.0,Oxlip,,,,,,0.0
reactive_power_k,5.0,14.0,Daisy,,,,,,0.0
reactive_power_k,5.0,14.0,Tulip,,,,,,0.0
reactive_power_k,5.0,14.0,Maryj,,,,,,-0.0014457110444539717
reactive_power_k,5.0,15.0,Poppy,,,,,,0.0
reactive_power_k,5.0,15.0,Oxlip,,,,,,0.0
reactive_power_k,5.0,15.0,Daisy,,,,,,0.0
reactive_power_k,5.0,15.0,Tulip,,,,,,0.0
reactive_power_k,5.0,15.0,Maryj,,,,,,0.0
reactive_power_k,5.0,16.0,Poppy,,,,,,0.0
reactive_power_k,5.0,16.0,Oxlip,,,,,,0.0
reactive_power_k,5.0,16.0,Daisy,,,,,,0.0
reactive_power_k,5.0,16.0,Tulip,,,,,,8.237712994440176e-05
reactive_power_k,5.0,16.0,Maryj,,,,,,0.0
reactive_power_k,5.0,17.0,Poppy,,,,,,0.0
reactive_power_k,5.0,17.0,Oxlip,,,,,,0.0
reactive_power_k,5.0,17.0,Daisy,,,,,,0.0
reactive_power_k,5.0,17.0,Tulip,,,,,,0.0
reactive_power_k,5.0,17.0,Maryj,,,,,,0.0
reactive_power_k,6.0,3.0,Poppy,,,,,,0.0
reactive_power_k,6.0,3.0,Oxlip,,,,,,0.0
reactive_power_k,6.0,3.0,Daisy,,,,,,0.0
reactive_power_k,6.0,3.0,Tulip,,,,,,0.0
reactive_power_k,6.0,3.0,Maryj,,,,,,7.320683783735886e-05
reactive_power_k,6.0,5.0,Poppy,,,,,,0.0
reactive_power_k,6.0,5.0,Oxlip,,,,,,0.0
reactive_power_k,6.0,5.0,Daisy,,,,,,0.0
reactive_power_k,6.0,5.0,Tulip,,,,,,0.0
reactive_power_k,6.0,5.0,Maryj,,,,,,-0.0004024214641976734
reactive_power_k,6.0,6.0,Poppy,,,,,,0.0
reactive_power_k,6.0,6.0,Oxlip,,,,,,0.0
reactive_power_k,6.0,6.0,Daisy,,,,,,0.0
reactive_power_k,6.0,6.0,Tulip,,,,,,0.0
reactive_power_k,6.0,6.0,Maryj,,,,,,-0.00021342672590454222
reactive_power_k,6.0,8.0,Poppy,,,,,,0.0
reactive_power_k,6.0,8.0,Oxlip,,,,,,0.0
reactive_power_k,6.0,8.0,Daisy,,,,,,0.0
reactive_power_k,6.0,8.0,Tulip,,,,,,0.0
reactive_power_k,6.0,8.0,Maryj,,,,,,0.0
reactive_power_k,6.0,9.0,Poppy,,,,,,0.0
reactive_power_k,6.0,9.0,Oxlip,,,,,,0.0
reactive_power_k,6.0,9.0,Daisy,,,,,,0.0
reactive_power_k,6.0,9.0,Tulip,,,,,,0.0
reactive_power_k,6.0,9.0,Maryj,,,,,,0.003552995276463821
reactive_power_k,6.0,10.0,Poppy,,,,,,0.0
reactive_power_k,6.0,10.0,Oxlip,,,,,,0.0
reactive_power_k,6.0,10.0,Daisy,,,,,,-0.004781800445436565
reactive_power_k,6.0,10.0,Tulip,,,,,,0.0
reactive_power_k,6.0,10.0,Maryj,,,,,,0.0
reactive_power_k,6.0,13.0,Poppy,,,,,,0.0
reactive_power_k,6.0,13.0,Oxlip,,,,,,0.0
reactive_power_k,6.0,13.0,Daisy,,,,,,0.0
reactive_power_k,6.0,13.0,Tulip,,,,,,0.0
reactive_power_k,6.0,13.0,Maryj,,,,,,0.0
reactive_power_k,6.0,14.0,Poppy,,,,,,0.0
reactive_power_k,6.0,14.0,Oxlip,,,,,,0.0
reactive_power_k,6.0,14.0,Daisy,,,,,,0.0
reactive_power_k,6.0,14.0,Tulip,,,,,,0.0
reactive_power_k,6.0,14.0,Maryj,,,,,,-0.003141363441080196
reactive_power_k,6.0,15.0,Poppy,,,,,,0.0
reactive_power_k,6.0,15.0,Oxlip,,,,,,0.0
reactive_power_k,6.0,15.0,Daisy,,,,,,0.0
reactive_power_k,6.0,15.0,Tulip,,,,,,0.0
reactive_power_k,6.0,15.0,Maryj,,,,,,0.0
reactive_power_k,6.0,16.0,Poppy,,,,,,0.0
reactive_power_k,6.0,16.0,Oxlip,,,,,,0.0
reactive_power_k,6.0,16.0,Daisy,,,,,,0.0
reactive_power_k,6.0,16.0,Tulip,,,,,,0.0
reactive_power_k,6.0,16.0,Maryj,,,,,,0.0
reactive_power_k,6.0,17.0,Poppy,,,,,,0.0
reactive_power_k,6.0,17.0,Oxlip,,,,,,0.0
reactive_power_k,6.0,17.0,Daisy,,,,,,0.0
reactive_power_k,6.0,17.0,Tulip,,,,,,0.0
reactive_power_k,6.0,17.0,Maryj,,,,,,0.0
reactive_power_k,7.0,3.0,Poppy,,,,,,0.0
reactive_power_k,7.0,3.0,Oxlip,,,,,,0.0
reactive_power_k,7.0,3.0,Daisy,,,,,,0.0
reactive_power_k,7.0,3.0,Tulip,,,,,,0.0
reactive_power_k,7.0,3.0,Maryj,,,,,,0.0001105182440988096
reactive_power_k,7.0,5.0,Poppy,,,,,,0.0
reactive_power_k,7.0,5.0,Oxlip,,,,,,0.0
reactive_power_k,7.0,5.0,Daisy,,,,,,0.0
reactive_power_k,7.0,5.0,Tulip,,,,,,0.0
reactive_power_k,7.0,5.0,Maryj,,,,,,-0.005173020067707784
reactive_power_k,7.0,6.0,Poppy,,,,,,0.0
reactive_power_k,7.0,6.0,Oxlip,,,,,,0.0
reactive_power_k,7.0,6.0,Daisy,,,,,,0.0
reactive_power_k,7.0,6.0,Tulip,,,,,,0.0
reactive_power_k,7.0,6.0,Maryj,,,,,,-0.0002008579618120536
reactive_power_k,7.0,8.0,Poppy,,,,,,0.0
reactive_power_k,7.0,8.0,Oxlip,,,,,,0.0
reactive_power_k,7.0,8.0,Daisy,,,,,,0.0044817078346531605
reactive_power_k,7.0,8.0,Tulip,,,,,,0.0
reactive_power_k,7.0,8.0,Maryj,,,,,,0.0
reactive_power_k,7.0,9.0,Poppy,,,,,,0.0
reactive_power_k,7.0,9.0,Oxlip,,,,,,0.0
reactive_power_k,7.0,9.0,Daisy,,,,,,0.0
reactive_power_k,7.0,9.0,Tulip,,,,,,0.0
reactive_power_k,7.0,9.0,Maryj,,,,,,0.010886868046571891
reactive_power_k,7.0,10.0,Poppy,,,,,,0.0
reactive_power_k,7.0,10.0,Oxlip,,,,,,0.0
reactive_power_k,7.0,10.0,Daisy,,,,,,-0.0075778699824844125
reactive_power_k,7.0,10.0,Tulip,,,,,,0.0
reactive_power_k,7.0,10.0,Maryj,,,,,,0.0
reactive_power_k,7.0,13.0,Poppy,,,,,,0.0
reactive_power_k,7.0,13.0,Oxlip,,,,,,0.0
reactive_power_k,7.0,13.0,Daisy,,,,,,0.0
reactive_power_k,7.0,13.0,Tulip,,,,,,0.0
reactive_power_k,7.0,13.0,Maryj,,,,,,0.0
reactive_power_k,7.0,14.0,Poppy,,,,,,0.0
reactive_power_k,7.0,14.0,Oxlip,,,,,,0.0
reactive_power_k,7.0,14.0,Daisy,,,,,,0.0
reactive_power_k,7.0,14.0,Tulip,,,,,,0.0
reactive_power_k,7.0,14.0,Maryj,,,,,,-0.005599838308387356
reactive_power_k,7.0,15.0,Poppy,,,,,,0.0
reactive_power_k,7.0,15.0,Oxlip,,,,,,0.0
reactive_power_k,7.0,15.0,Daisy,,,,,,0.0
reactive_power_k,7.0,15.0,Tulip,,,,,,0.0
reactive_power_k,7.0,15.0,Maryj,,,,,,0.0
reactive_power_k,7.0,16.0,Poppy,,,,,,0.0
reactive_power_k,7.0,16.0,Oxlip,,,,,,0.0
reactive_power_k,7.0,16.0,Daisy,,,,,,0.0
reactive_power_k,7.0,16.0,Tulip,,,,,,0.0
reactive_power_k,7.0,16.0,Maryj,,,,,,0.0
reactive_power_k,7.0,17.0,Poppy,,,,,,0.0
reactive_power_k,7.0,17.0,Oxlip,,,,,,0.0
reactive_power_k,7.0,17.0,Daisy,,,,,,0.0
reactive_power_k,7.0,17.0,Tulip,,,,,,-0.004582768510367291
reactive_power_k,7.0,17.0,Maryj,,,,,,0.0
reactive_power_k,8.0,3.0,Poppy,,,,,,0.0
reactive_power_k,8.0,3.0,Oxlip,,,,,,0.0
reactive_power_k,8.0,3.0,Daisy,,,,,,0.0
reactive_power_k,8.0,3.0,Tulip,,,,,,0.0
reactive_power_k,8.0,3.0,Maryj,,,,,,-0.11872333066784617
reactive_power_k,8.0,5.0,Poppy,,,,,,0.0
reactive_power_k,8.0,5.0,Oxlip,,,,,,0.0
reactive_power_k,8.0,5.0,Daisy,,,,,,0.0
reactive_power_k,8.0,5.0,Tulip,,,,,,0.0
reactive_power_k,8.0,5.0,Maryj,,,,,,-0.03399480338075163
reactive_power_k,8.0,6.0,Poppy,,,,,,0.0
reactive_power_k,8.0,6.0,Oxlip,,,,,,0.0
reactive_power_k,8.0,6.0,Daisy,,,,,,0.0
reactive_power_k,8.0,6.0,Tulip,,,,,,0.0
reactive_power_k,8.0,6.0,Maryj,,,,,,-0.005970690346986991
reactive_power_k,8.0,8.0,Poppy,,,,,,0.0
reactive_power_k,8.0,8.0,Oxlip,,,,,,0.0
reactive_power_k,8.0,8.0,Daisy,,,,,,-0.04012307215000281
reactive_power_k,8.0,8.0,Tulip,,,,,,0.0
reactive_power_k,8.0,8.0,Maryj,,,,,,0.0
reactive_power_k,8.0,9.0,Poppy,,,,,,0.0
reactive_power_k,8.0,9.0,Oxlip,,,,,,0.0
reactive_power_k,8.0,9.0,Daisy,,,,,,0.0
reactive_power_k,8.0,9.0,Tulip,,,,,,0.0
reactive_power_k,8.0,9.0,Maryj,,,,,,0.13563319113335043
reactive_power_k,8.0,10.0,Poppy,,,,,,0.0
reactive_power_k,8.0,10.0,Oxlip,,,,,,0.0
reactive_power_k,8.0,10.0,Daisy,,,,,,-0.018711172719422263
reactive_power_k,8.0,10.0,Tulip,,,,,,0.0
reactive_power_k,8.0,10.0,Maryj,,,,,,0.0
reactive_power_k,8.0,13.0,Poppy,,,,,,0.0
reactive_power_k,8.0,13.0,Oxlip,,,,,,0.0
reactive_power_k,8.0,13.0,Daisy,,,,,,0.0
reactive_power_k,8.0,13.0,Tulip,,,,,,0.0
reactive_power_k,8.0,13.0,Maryj,,,,,,0.11920282402676828
reactive_power_k,8.0,14.0,Poppy,,,,,,0.0
reactive_power_k,8.0,14.0,Oxlip,,,,,,0.0
reactive_power_k,8.0,14.0,Daisy,,,,,,0.0
reactive_power_k,8.0,14.0,Tulip,,,,,,0.0
reactive_power_k,8.0,14.0,Maryj,,,,,,-0.005439151975913778
reactive_power_k,8.0,15.0,Poppy,,,,,,0.0
reactive_power_k,8.0,15.0,Oxlip,,,,,,0.0
reactive_power_k,8.0,15.0,Daisy,,,,,,0.0
reactive_power_k,8.0,15.0,Tulip,,,,,,0.0
reactive_power_k,8.0,15.0,Maryj,,,,,,-0.003811904963134563
reactive_power_k,8.0,16.0,Poppy,,,,,,0.0
reactive_power_k,8.0,16.0,Oxlip,,,,,,0.0
reactive_power_k,8.0,16.0,Daisy,,,,,,0.0
reactive_power_k,8.0,16.0,Tulip,,,,,,0.007167744
reactive_power_k,8.0,16.0,Maryj,,,,,,0.0
reactive_power_k,8.0,17.0,Poppy,,,,,,0.0
reactive_power_k,8.0,17.0,Oxlip,,,,,,0.0
reactive_power_k,8.0,17.0,Daisy,,,,,,0.0
reactive_power_k,8.0,17.0,Tulip,,,,,,-0.056022516815852734
reactive_power_k,8.0,17.0,Maryj,,,,,,0.0
reactive_power_k,9.0,3.0,Poppy,,,,,,0.0
reactive_power_k,9.0,3.0,Oxlip,,,,,,0.0
reactive_power_k,9.0,3.0,Daisy,,,,,,0.0
reactive_power_k,9.0,3.0,Tulip,,,,,,0.0
reactive_power_k,9.0,3.0,Maryj,,,,,,-0.09465865865335199
reactive_power_k,9.0,5.0,Poppy,,,,,,0.0
reactive_power_k,9.0,5.0,Oxlip,,,,,,0.0
reactive_power_k,9.0,5.0,Daisy,,,,,,0.0
reactive_power_k,9.0,5.0,Tulip,,,,,,0.0
reactive_power_k,9.0,5.0,Maryj,,,,,,-0.02226705131810461
reactive_power_k,9.0,6.0,Poppy,,,,,,0.0
reactive_power_k,9.0,6.0,Oxlip,,,,,,0.0
reactive_power_k,9.0,6.0,Daisy,,,,,,0.0
reactive_power_k,9.0,6.0,Tulip,,,,,,0.0
reactive_power_k,9.0,6.0,Maryj,,,,,,-0.0033327738727802723
reactive_power_k,9.0,8.0,Poppy,,,,,,0.0
reactive_power_k,9.0,8.0,Oxlip,,,,,,0.0
reactive_power_k,9.0,8.0,Daisy,,,,,,-0.02825138336465989
reactive_power_k,9.0,8.0,Tulip,,,,,,0.0
reactive_power_k,9.0,8.0,Maryj,,,,,,0.0
reactive_power_k,9.0,9.0,Poppy,,,,,,0.0
reactive_power_k,9.0,9.0,Oxlip,,,,,,0.0
reactive_power_k,9.0,9.0,Daisy,,,,,,0.0
reactive_power_k,9.0,9.0,Tulip,,,,,,0.0
reactive_power_k,9.0,9.0,Maryj,,,,,,0.10676869992585639
reactive_power_k,9.0,10.0,Poppy,,,,,,0.0
reactive_power_k,9.0,10.0,Oxlip,,,,,,0.0
reactive_power_k,9.0,10.0,Daisy,,,,,,-0.014521381908408824
reactive_power_k,9.0,10.0,Tulip,,,,,,0.0
reactive_power_k,9.0,10.0,Maryj,,,,,,0.0
reactive_power_k,9.0,13.0,Poppy,,,,,,0.0
reactive_power_k,9.0,13.0,Oxlip,,,,,,0.0
reactive_power_k,9.0,13.0,Daisy,,,,,,0.0
reactive_power_k,9.0,13.0,Tulip,,,,,,0.0
reactive_power_k,9.0,13.0,Maryj,,,,,,0.09511093504698952
reactive_power_k,9.0,14.0,Poppy,,,,,,0.0
reactive_power_k,9.0,14.0,Oxlip,,,,,,0.0
reactive_power_k,9.0,14.0,Daisy,,,,,,0.0
reactive_power_k,9.0,14.0,Tulip,,,,,,0.0
reactive_power_k,9.0,14.0,Maryj,,,,,,-0.01188635474702341
reactive_power_k,9.0,15.0,Poppy,,,,,,0.0
reactive_power_k,9.0,15.0,Oxlip,,,,,,0.0
reactive_power_k,9.0,15.0,Daisy,,,,,,0.0
reactive_power_k,9.0,15.0,Tulip,,,,,,0.0
reactive_power_k,9.0,15.0,Maryj,,,,,,0.0014644011636845006
reactive_power_k,9.0,16.0,Poppy,,,,,,0.0
reactive_power_k,9.0,16.0,Oxlip,,,,,,0.0
reactive_power_k,9.0,16.0,Daisy,,,,,,0.0
reactive_power_k,9.0,16.0,Tulip,,,,,,0.0
reactive_power_k,9.0,16.0,Maryj,,,,,,0.0
reactive_power_k,9.0,17.0,Poppy,,,,,,0.0
reactive_power_k,9.0,17.0,Oxlip,,,,,,0.0
reactive_power_k,9.0,17.0,Daisy,,,,,,0.0
reactive_power_k,9.0,17.0,Tulip,,,,,,-0.04431236864634468
reactive_power_k,9.0,17.0,Maryj,,,,,,0.0
reactive_power_k,10.0,3.0,Poppy,,,,,,0.0
reactive_power_k,10.0,3.0,Oxlip,,,,,,0.0
reactive_power_k,10.0,3.0,Daisy,,,,,,0.0
reactive_power_k,10.0,3.0,Tulip,,,,,,0.0
reactive_power_k,10.0,3.0,Maryj,,,,,,-0.05532181790541489
reactive_power_k,10.0,5.0,Poppy,,,,,,0.0
reactive_power_k,10.0,5.0,Oxlip,,,,,,0.0
reactive_power_k,10.0,5.0,Daisy,,,,,,0.0
reactive_power_k,10.0,5.0,Tulip,,,,,,0.0
reactive_power_k,10.0,5.0,Maryj,,,,,,-0.0173194422504001
reactive_power_k,10.0,6.0,Poppy,,,,,,0.0
reactive_power_k,10.0,6.0,Oxlip,,,,,,0.0
reactive_power_k,10.0,6.0,Daisy,,,,,,0.0
reactive_power_k,10.0,6.0,Tulip,,,,,,0.0
reactive_power_k,10.0,6.0,Maryj,,,,,,0.00025960747250512663
reactive_power_k,10.0,8.0,Poppy,,,,,,0.0
reactive_power_k,10.0,8.0,Oxlip,,,,,,0.0
reactive_power_k,10.0,8.0,Daisy,,,,,,-0.014607815160859162
reactive_power_k,10.0,8.0,Tulip,,,,,,0.0
reactive_power_k,10.0,8.0,Maryj,,,,,,0.0
reactive_power_k,10.0,9.0,Poppy,,,,,,0.0
reactive_power_k,10.0,9.0,Oxlip,,,,,,0.0
reactive_power_k,10.0,9.0,Daisy,,,,,,0.0
reactive_power_k,10.0,9.0,Tulip,,,,,,0.0
reactive_power_k,10.0,9.0,Maryj,,,,,,0.06488518397418958
reactive_power_k,10.0,10.0,Poppy,,,,,,0.0
reactive_power_k,10.0,10.0,Oxlip,,,,,,0.0
reactive_power_k,10.0,10.0,Daisy,,,,,,-0.012381605145295006
reactive_power_k,10.0,10.0,Tulip,,,,,,0.0
reactive_power_k,10.0,10.0,Maryj,,,,,,0.0
reactive_power_k,10.0,13.0,Poppy,,,,,,0.0
reactive_power_k,10.0,13.0,Oxlip,,,,,,0.0
reactive_power_k,10.0,13.0,Daisy,,,,,,0.0
reactive_power_k,10.0,13.0,Tulip,,,,,,0.0
reactive_power_k,10.0,13.0,Maryj,,,,,,0.05573564955421395
reactive_power_k,10.0,14.0,Poppy,,,,,,0.0
reactive_power_k,10.0,14.0,Oxlip,,,,,,0.0
reactive_power_k,10.0,14.0,Daisy,,,,,,0.0
reactive_power_k,10.0,14.0,Tulip,,,,,,0.0
reactive_power_k,10.0,14.0,Maryj,,,,,,-0.011982694206323929
reactive_power_k,10.0,15.0,Poppy,,,,,,0.0
reactive_power_k,10.0,15.0,Oxlip,,,,,,0.0
reactive_power_k,10.0,15.0,Daisy,,,,,,0.0
reactive_power_k,10.0,15.0,Tulip,,,,,,0.0
reactive_power_k,10.0,15.0,Maryj,,,,,,0.0
reactive_power_k,10.0,16.0,Poppy,,,,,,0.0
reactive_power_k,10.0,16.0,Oxlip,,,,,,0.0
reactive_power_k,10.0,16.0,Daisy,,,,,,0.0
reactive_power_k,10.0,16.0,Tulip,,,,,,0.0
reactive_power_k,10.0,16.0,Maryj,,,,,,0.0
reactive_power_k,10.0,17.0,Poppy,,,,,,0.0
reactive_power_k,10.0,17.0,Oxlip,,,,,,0.0
reactive_power_k,10.0,17.0,Daisy,,,,,,0.0
reactive_power_k,10.0,17.0,Tulip,,,,,,-0.02092724780661259
reactive_power_k,10.0,17.0,Maryj,,,,,,0.0
reactive_power_k,11.0,3.0,Poppy,,,,,,0.0
reactive_power_k,11.0,3.0,Oxlip,,,,,,0.0
reactive_power_k,11.0,3.0,Daisy,,,,,,0.0
reactive_power_k,11.0,3.0,Tulip,,,,,,0.0
reactive_power_k,11.0,3.0,Maryj,,,,,,-0.045333599413955004
reactive_power_k,11.0,5.0,Poppy,,,,,,0.0
reactive_power_k,11.0,5.0,Oxlip,,,,,,0.0
reactive_power_k,11.0,5.0,Daisy,,,,,,0.0
reactive_power_k,11.0,5.0,Tulip,,,,,,0.0
reactive_power_k,11.0,5.0,Maryj,,,,,,-0.016212975395306025
reactive_power_k,11.0,6.0,Poppy,,,,,,0.0
reactive_power_k,11.0,6.0,Oxlip,,,,,,0.0
reactive_power_k,11.0,6.0,Daisy,,,,,,0.0
reactive_power_k,11.0,6.0,Tulip,,,,,,0.0
reactive_power_k,11.0,6.0,Maryj,,,,,,0.0012557074956633062
reactive_power_k,11.0,8.0,Poppy,,,,,,0.0
reactive_power_k,11.0,8.0,Oxlip,,,,,,0.0
reactive_power_k,11.0,8.0,Daisy,,,,,,-0.011842368221105244
reactive_power_k,11.0,8.0,Tulip,,,,,,0.0
reactive_power_k,11.0,8.0,Maryj,,,,,,0.0
reactive_power_k,11.0,9.0,Poppy,,,,,,0.0
reactive_power_k,11.0,9.0,Oxlip,,,,,,0.0
reactive_power_k,11.0,9.0,Daisy,,,,,,0.0
reactive_power_k,11.0,9.0,Tulip,,,,,,0.0
reactive_power_k,11.0,9.0,Maryj,,,,,,0.05451419358335791
reactive_power_k,11.0,10.0,Poppy,,,,,,0.0
reactive_power_k,11.0,10.0,Oxlip,,,,,,0.0
reactive_power_k,11.0,10.0,Daisy,,,,,,-0.011810038498263693
reactive_power_k,11.0,10.0,Tulip,,,,,,0.0
reactive_power_k,11.0,10.0,Maryj,,,,,,0.0
reactive_power_k,11.0,13.0,Poppy,,,,,,0.0
reactive_power_k,11.0,13.0,Oxlip,,,,,,0.0
reactive_power_k,11.0,13.0,Daisy,,,,,,0.0
reactive_power_k,11.0,13.0,Tulip,,,,,,0.0
reactive_power_k,11.0,13.0,Maryj,,,,,,0.04572973630288416
reactive_power_k,11.0,14.0,Poppy,,,,,,0.0
reactive_power_k,11.0,14.0,Oxlip,,,,,,0.0
reactive_power_k,11.0,14.0,Daisy,,,,,,0.0
reactive_power_k,11.0,14.0,Tulip,,,,,,0.0
reactive_power_k,11.0,14.0,Maryj,,,,,,-0.01229934876821604
reactive_power_k,11.0,15.0,Poppy,,,,,,0.0
reactive_power_k,11.0,15.0,Oxlip,,,,,,0.0
reactive_power_k,11.0,15.0,Daisy,,,,,,0.0
reactive_power_k,11.0,15.0,Tulip,,,,,,0.0
reactive_power_k,11.0,15.0,Maryj,,,,,,0.0
reactive_power_k,11.0,16.0,Poppy,,,,,,0.0
reactive_power_k,11.0,16.0,Oxlip,,,,,,0.0
reactive_power_k,11.0,16.0,Daisy,,,,,,0.0
reactive_power_k,11.0,16.0,Tulip,,,,,,0.0
reactive_power_k,11.0,16.0,Maryj,,,,,,0.0
reactive_power_k,11.0,17.0,Poppy,,,,,,0.0
reactive_power_k,11.0,17.0,Oxlip,,,,,,0.0
reactive_power_k,11.0,17.0,Daisy,,,,,,0.0
reactive_power_k,11.0,17.0,Tulip,,,,,,-0.014112855205473809
reactive_power_k,11.0,17.0,Maryj,,,,,,0.0
reactive_power_k,12.0,3.0,Poppy,,,,,,0.0
reactive_power_k,12.0,3.0,Oxlip,,,,,,0.0
reactive_power_k,12.0,3.0,Daisy,,,,,,0.0
reactive_power_k,12.0,3.0,Tulip,,,,,,0.0
reactive_power_k,12.0,3.0,Maryj,,,,,,-0.0413355155316089
reactive_power_k,12.0,5.0,Poppy,,,,,,0.0
reactive_power_k,12.0,5.0,Oxlip,,,,,,0.0
reactive_power_k,12.0,5.0,Daisy,,,,,,0.0
reactive_power_k,12.0,5.0,Tulip,,,,,,0.0
reactive_power_k,12.0,5.0,Maryj,,,,,,-0.016035253269202045
reactive_power_k,12.0,6.0,Poppy,,,,,,0.0
reactive_power_k,12.0,6.0,Oxlip,,,,,,0.0
reactive_power_k,12.0,6.0,Daisy,,,,,,0.0
reactive_power_k,12.0,6.0,Tulip,,,,,,0.0
reactive_power_k,12.0,6.0,Maryj,,,,,,0.0016930115493073402
reactive_power_k,12.0,8.0,Poppy,,,,,,0.0
reactive_power_k,12.0,8.0,Oxlip,,,,,,0.0
reactive_power_k,12.0,8.0,Daisy,,,,,,-0.01111296154516335
reactive_power_k,12.0,8.0,Tulip,,,,,,0.0
reactive_power_k,12.0,8.0,Maryj,,,,,,0.0
reactive_power_k,12.0,9.0,Poppy,,,,,,0.0
reactive_power_k,12.0,9.0,Oxlip,,,,,,0.0
reactive_power_k,12.0,9.0,Daisy,,,,,,0.0
reactive_power_k,12.0,9.0,Tulip,,,,,,0.0
reactive_power_k,12.0,9.0,Maryj,,,,,,0.04956215999372724
reactive_power_k,12.0,10.0,Poppy,,,,,,0.0
reactive_power_k,12.0,10.0,Oxlip,,,,,,0.0
reactive_power_k,12.0,10.0,Daisy,,,,,,-0.011842248879262196
reactive_power_k,12.0,10.0,Tulip,,,,,,0.0
reactive_power_k,12.0,10.0,Maryj,,,,,,0.0
reactive_power_k,12.0,13.0,Poppy,,,,,,0.0
reactive_power_k,12.0,13.0,Oxlip,,,,,,0.0
reactive_power_k,12.0,13.0,Daisy,,,,,,0.0
reactive_power_k,12.0,13.0,Tulip,,,,,,0.0
reactive_power_k,12.0,13.0,Maryj,,,,,,0.04164337683566375
reactive_power_k,12.0,14.0,Poppy,,,,,,0.0
reactive_power_k,12.0,14.0,Oxlip,,,,,,0.0
reactive_power_k,12.0,14.0,Daisy,,,,,,0.0
reactive_power_k,12.0,14.0,Tulip,,,,,,0.0
reactive_power_k,12.0,14.0,Maryj,,,,,,-0.012530471868939635
reactive_power_k,12.0,15.0,Poppy,,,,,,0.0
reactive_power_k,12.0,15.0,Oxlip,,,,,,0.0
reactive_power_k,12.0,15.0,Daisy,,,,,,0.0
reactive_power_k,12.0,15.0,Tulip,,,,,,0.0
reactive_power_k,12.0,15.0,Maryj,,,,,,0.0
reactive_power_k,12.0,16.0,Poppy,,,,,,0.0
reactive_power_k,12.0,16.0,Oxlip,,,,,,0.0
reactive_power_k,12.0,16.0,Daisy,,,,,,0.0
reactive_power_k,12.0,16.0,Tulip,,,,,,0.0
reactive_power_k,12.0,16.0,Maryj,,,,,,0.0
reactive_power_k,12.0,17.0,Poppy,,,,,,0.0
reactive_power_k,12.0,17.0,Oxlip,,,,,,0.0
reactive_power_k,12.0,17.0,Daisy,,,,,,0.0
reactive_power_k,12.0,17.0,Tulip,,,,,,-0.00984436400161381
reactive_power_k,12.0,17.0,Maryj,,,,,,0.0
reactive_power_k,13.0,3.0,Poppy,,,,,,0.0
reactive_power_k,13.0,3.0,Oxlip,,,,,,0.0
reactive_power_k,13.0,3.0,Daisy,,,,,,0.0
reactive_power_k,13.0,3.0,Tulip,,,,,,0.0
reactive_power_k,13.0,3.0,Maryj,,,,,,-0.04761002028321652
reactive_power_k,13.0,5.0,Poppy,,,,,,0.0
reactive_power_k,13.0,5.0,Oxlip,,,,,,0.0
reactive_power_k,13.0,5.0,Daisy,,,,,,0.0
reactive_power_k,13.0,5.0,Tulip,,,,,,0.0
reactive_power_k,13.0,5.0,Maryj,,,,,,-0.016693895546274616
reactive_power_k,13.0,6.0,Poppy,,,,,,0.0
reactive_power_k,13.0,6.0,Oxlip,,,,,,0.0
reactive_power_k,13.0,6.0,Daisy,,,,,,0.0
reactive_power_k,13.0,6.0,Tulip,,,,,,0.0
reactive_power_k,13.0,6.0,Maryj,,,,,,0.0
reactive_power_k,13.0,8.0,Poppy,,,,,,0.0
reactive_power_k,13.0,8.0,Oxlip,,,,,,0.0
reactive_power_k,13.0,8.0,Daisy,,,,,,-0.014179168518423012
reactive_power_k,13.0,8.0,Tulip,,,,,,0.0
reactive_power_k,13.0,8.0,Maryj,,,,,,0.0
reactive_power_k,13.0,9.0,Poppy,,,,,,0.0
reactive_power_k,13.0,9.0,Oxlip,,,,,,0.0
reactive_power_k,13.0,9.0,Daisy,,,,,,0.0
reactive_power_k,13.0,9.0,Tulip,,,,,,0.0
reactive_power_k,13.0,9.0,Maryj,,,,,,0.059789732977254734
reactive_power_k,13.0,10.0,Poppy,,,,,,0.0
reactive_power_k,13.0,10.0,Oxlip,,,,,,0.0
reactive_power_k,13.0,10.0,Daisy,,,,,,-0.012873503156077222
reactive_power_k,13.0,10.0,Tulip,,,,,,0.0
reactive_power_k,13.0,10.0,Maryj,,,,,,0.0
reactive_power_k,13.0,13.0,Poppy,,,,,,0.0
reactive_power_k,13.0,13.0,Oxlip,,,,,,0.0
reactive_power_k,13.0,13.0,Daisy,,,,,,0.0
reactive_power_k,13.0,13.0,Tulip,,,,,,0.0
reactive_power_k,13.0,13.0,Maryj,,,,,,0.04804112953744444
reactive_power_k,13.0,14.0,Poppy,,,,,,0.0
reactive_power_k,13.0,14.0,Oxlip,,,,,,0.0
reactive_power_k,13.0,14.0,Daisy,,,,,,0.0
reactive_power_k,13.0,14.0,Tulip,,,,,,0.0
reactive_power_k,13.0,14.0,Maryj,,,,,,-0.011463244583722658
reactive_power_k,13.0,15.0,Poppy,,,,,,0.0
reactive_power_k,13.0,15.0,Oxlip,,,,,,0.0
reactive_power_k,13.0,15.0,Daisy,,,,,,0.0
reactive_power_k,13.0,15.0,Tulip,,,,,,0.0
reactive_power_k,13.0,15.0,Maryj,,,,,,0.0
reactive_power_k,13.0,16.0,Poppy,,,,,,0.0
reactive_power_k,13.0,16.0,Oxlip,,,,,,0.0
reactive_power_k,13.0,16.0,Daisy,,,,,,0.0
reactive_power_k,13.0,16.0,Tulip,,,,,,0.0
reactive_power_k,13.0,16.0,Maryj,,,,,,0.0
reactive_power_k,13.0,17.0,Poppy,,,,,,0.0
reactive_power_k,13.0,17.0,Oxlip,,,,,,0.0
reactive_power_k,13.0,17.0,Daisy,,,,,,0.0
reactive_power_k,13.0,17.0,Tulip,,,,,,-0.01740398958226117
reactive_power_k,13.0,17.0,Maryj,,,,,,0.0
reactive_power_k,14.0,3.0,Poppy,,,,,,0.0
reactive_power_k,14.0,3.0,Oxlip,,,,,,0.0
reactive_power_k,14.0,3.0,Daisy,,,,,,0.0
reactive_power_k,14.0,3.0,Tulip,,,,,,0.0
reactive_power_k,14.0,3.0,Maryj,,,,,,-0.04101192028292542
reactive_power_k,14.0,5.0,Poppy,,,,,,0.0
reactive_power_k,14.0,5.0,Oxlip,,,,,,0.0
reactive_power_k,14.0,5.0,Daisy,,,,,,0.0
reactive_power_k,14.0,5.0,Tulip,,,,,,0.0
reactive_power_k,14.0,5.0,Maryj,,,,,,-0.015555493298497598
reactive_power_k,14.0,6.0,Poppy,,,,,,0.0
reactive_power_k,14.0,6.0,Oxlip,,,,,,0.0
reactive_power_k,14.0,6.0,Daisy,,,,,,0.0
reactive_power_k,14.0,6.0,Tulip,,,,,,0.0
reactive_power_k,14.0,6.0,Maryj,,,,,,0.0003898844146325307
reactive_power_k,14.0,8.0,Poppy,,,,,,0.0
reactive_power_k,14.0,8.0,Oxlip,,,,,,0.0
reactive_power_k,14.0,8.0,Daisy,,,,,,-0.011545097702282153
reactive_power_k,14.0,8.0,Tulip,,,,,,0.0
reactive_power_k,14.0,8.0,Maryj,,,,,,0.0
reactive_power_k,14.0,9.0,Poppy,,,,,,0.0
reactive_power_k,14.0,9.0,Oxlip,,,,,,0.0
reactive_power_k,14.0,9.0,Daisy,,,,,,0.0
reactive_power_k,14.0,9.0,Tulip,,,,,,0.0
reactive_power_k,14.0,9.0,Maryj,,,,,,0.05320148089669229
reactive_power_k,14.0,10.0,Poppy,,,,,,0.0
reactive_power_k,14.0,10.0,Oxlip,,,,,,0.0
reactive_power_k,14.0,10.0,Daisy,,,,,,-0.012410117038192054
reactive_power_k,14.0,10.0,Tulip,,,,,,0.0
reactive_power_k,14.0,10.0,Maryj,,,,,,0.0
reactive_power_k,14.0,13.0,Poppy,,,,,,0.0
reactive_power_k,14.0,13.0,Oxlip,,,,,,0.0
reactive_power_k,14.0,13.0,Daisy,,,,,,0.0
reactive_power_k,14.0,13.0,Tulip,,,,,,0.0
reactive_power_k,14.0,13.0,Maryj,,,,,,0.04142286098569008
reactive_power_k,14.0,14.0,Poppy,,,,,,0.0
reactive_power_k,14.0,14.0,Oxlip,,,,,,0.0
reactive_power_k,14.0,14.0,Daisy,,,,,,0.0
reactive_power_k,14.0,14.0,Tulip,,,,,,0.0
reactive_power_k,14.0,14.0,Maryj,,,,,,-0.011215821936208657
reactive_power_k,14.0,15.0,Poppy,,,,,,0.0
reactive_power_k,14.0,15.0,Oxlip,,,,,,0.0
reactive_power_k,14.0,15.0,Daisy,,,,,,0.0
reactive_power_k,14.0,15.0,Tulip,,,,,,0.0
reactive_power_k,14.0,15.0,Maryj,,,,,,0.0
reactive_power_k,14.0,16.0,Poppy,,,,,,0.0
reactive_power_k,14.0,16.0,Oxlip,,,,,,0.0
reactive_power_k,14.0,16.0,Daisy,,,,,,0.0
reactive_power_k,14.0,16.0,Tulip,,,,,,0.0
reactive_power_k,14.0,16.0,Maryj,,,,,,0.0
reactive_power_k,14.0,17.0,Poppy,,,,,,0.0
reactive_power_k,14.0,17.0,Oxlip,,,,,,0.0
reactive_power_k,14.0,17.0,Daisy,,,,,,0.0
reactive_power_k,14.0,17.0,Tulip,,,,,,-0.014837293168247548
reactive_power_k,14.0,17.0,Maryj,,,,,,0.0
reactive_power_k,15.0,3.0,Poppy,,,,,,0.0
reactive_power_k,15.0,3.0,Oxlip,,,,,,0.0
reactive_power_k,15.0,3.0,Daisy,,,,,,0.0
reactive_power_k,15.0,3.0,Tulip,,,,,,0.0
reactive_power_k,15.0,3.0,Maryj,,,,,,-0.038691917733372876
reactive_power_k,15.0,5.0,Poppy,,,,,,0.0
reactive_power_k,15.0,5.0,Oxlip,,,,,,0.0
reactive_power_k,15.0,5.0,Daisy,,,,,,0.0
reactive_power_k,15.0,5.0,Tulip,,,,,,0.0
reactive_power_k,15.0,5.0,Maryj,,,,,,-0.015044136441474211
reactive_power_k,15.0,6.0,Poppy,,,,,,0.0
reactive_power_k,15.0,6.0,Oxlip,,,,,,0.0
reactive_power_k,15.0,6.0,Daisy,,,,,,0.0
reactive_power_k,15.0,6.0,Tulip,,,,,,0.0
reactive_power_k,15.0,6.0,Maryj,,,,,,0.00023480276161897518
reactive_power_k,15.0,8.0,Poppy,,,,,,0.0
reactive_power_k,15.0,8.0,Oxlip,,,,,,0.0
reactive_power_k,15.0,8.0,Daisy,,,,,,-0.011095647747238445
reactive_power_k,15.0,8.0,Tulip,,,,,,0.0
reactive_power_k,15.0,8.0,Maryj,,,,,,0.0
reactive_power_k,15.0,9.0,Poppy,,,,,,0.0
reactive_power_k,15.0,9.0,Oxlip,,,,,,0.0
reactive_power_k,15.0,9.0,Daisy,,,,,,0.0
reactive_power_k,15.0,9.0,Tulip,,,,,,0.0
reactive_power_k,15.0,9.0,Maryj,,,,,,0.050924057815244755
reactive_power_k,15.0,10.0,Poppy,,,,,,0.0
reactive_power_k,15.0,10.0,Oxlip,,,,,,0.0
reactive_power_k,15.0,10.0,Daisy,,,,,,-0.012464057814353264
reactive_power_k,15.0,10.0,Tulip,,,,,,0.0
reactive_power_k,15.0,10.0,Maryj,,,,,,0.0
reactive_power_k,15.0,13.0,Poppy,,,,,,0.0
reactive_power_k,15.0,13.0,Oxlip,,,,,,0.0
reactive_power_k,15.0,13.0,Daisy,,,,,,0.0
reactive_power_k,15.0,13.0,Tulip,,,,,,0.0
reactive_power_k,15.0,13.0,Maryj,,,,,,0.03911201553850403
reactive_power_k,15.0,14.0,Poppy,,,,,,0.0
reactive_power_k,15.0,14.0,Oxlip,,,,,,0.0
reactive_power_k,15.0,14.0,Daisy,,,,,,0.0
reactive_power_k,15.0,14.0,Tulip,,,,,,0.0
reactive_power_k,15.0,14.0,Maryj,,,,,,-0.010841971840839734
reactive_power_k,15.0,15.0,Poppy,,,,,,0.0
reactive_power_k,15.0,15.0,Oxlip,,,,,,0.0
reactive_power_k,15.0,15.0,Daisy,,,,,,0.0
reactive_power_k,15.0,15.0,Tulip,,,,,,0.0
reactive_power_k,15.0,15.0,Maryj,,,,,,0.0
reactive_power_k,15.0,16.0,Poppy,,,,,,0.0
reactive_power_k,15.0,16.0,Oxlip,,,,,,0.0
reactive_power_k,15.0,16.0,Daisy,,,,,,0.0
reactive_power_k,15.0,16.0,Tulip,,,,,,0.0
reactive_power_k,15.0,16.0,Maryj,,,,,,0.0
reactive_power_k,15.0,17.0,Poppy,,,,,,0.0
reactive_power_k,15.0,17.0,Oxlip,,,,,,0.0
reactive_power_k,15.0,17.0,Daisy,,,,,,0.0
reactive_power_k,15.0,17.0,Tulip,,,,,,-0.013893843253128245
reactive_power_k,15.0,17.0,Maryj,,,,,,0.0
reactive_power_k,16.0,3.0,Poppy,,,,,,0.0
reactive_power_k,16.0,3.0,Oxlip,,,,,,0.0
reactive_power_k,16.0,3.0,Daisy,,,,,,0.0
reactive_power_k,16.0,3.0,Tulip,,,,,,0.0
reactive_power_k,16.0,3.0,Maryj,,,,,,-0.040056239707455206
reactive_power_k,16.0,5.0,Poppy,,,,,,0.0
reactive_power_k,16.0,5.0,Oxlip,,,,,,0.0
reactive_power_k,16.0,5.0,Daisy,,,,,,0.0
reactive_power_k,16.0,5.0,Tulip,,,,,,0.0
reactive_power_k,16.0,5.0,Maryj,,,,,,-0.01491864099150294
reactive_power_k,16.0,6.0,Poppy,,,,,,0.0
reactive_power_k,16.0,6.0,Oxlip,,,,,,0.0
reactive_power_k,16.0,6.0,Daisy,,,,,,0.0
reactive_power_k,16.0,6.0,Tulip,,,,,,0.0
reactive_power_k,16.0,6.0,Maryj,,,,,,0.0
reactive_power_k,16.0,8.0,Poppy,,,,,,0.0
reactive_power_k,16.0,8.0,Oxlip,,,,,,0.0
reactive_power_k,16.0,8.0,Daisy,,,,,,-0.012700980823145643
reactive_power_k,16.0,8.0,Tulip,,,,,,0.0
reactive_power_k,16.0,8.0,Maryj,,,,,,0.0
reactive_power_k,16.0,9.0,Poppy,,,,,,0.0
reactive_power_k,16.0,9.0,Oxlip,,,,,,0.0
reactive_power_k,16.0,9.0,Daisy,,,,,,0.0
reactive_power_k,16.0,9.0,Tulip,,,,,,0.0
reactive_power_k,16.0,9.0,Maryj,,,,,,0.0540133572642315
reactive_power_k,16.0,10.0,Poppy,,,,,,0.0
reactive_power_k,16.0,10.0,Oxlip,,,,,,0.0
reactive_power_k,16.0,10.0,Daisy,,,,,,-0.01212237708217431
reactive_power_k,16.0,10.0,Tulip,,,,,,0.0
reactive_power_k,16.0,10.0,Maryj,,,,,,0.0
reactive_power_k,16.0,13.0,Poppy,,,,,,0.0
reactive_power_k,16.0,13.0,Oxlip,,,,,,0.0
reactive_power_k,16.0,13.0,Daisy,,,,,,0.0
reactive_power_k,16.0,13.0,Tulip,,,,,,0.0
reactive_power_k,16.0,13.0,Maryj,,,,,,0.04052314078500454
reactive_power_k,16.0,14.0,Poppy,,,,,,0.0
reactive_power_k,16.0,14.0,Oxlip,,,,,,0.0
reactive_power_k,16.0,14.0,Daisy,,,,,,0.0
reactive_power_k,16.0,14.0,Tulip,,,,,,0.0
reactive_power_k,16.0,14.0,Maryj,,,,,,-0.010715562869614115
reactive_power_k,16.0,15.0,Poppy,,,,,,0.0
reactive_power_k,16.0,15.0,Oxlip,,,,,,0.0
reactive_power_k,16.0,15.0,Daisy,,,,,,0.0
reactive_power_k,16.0,15.0,Tulip,,,,,,0.0
reactive_power_k,16.0,15.0,Maryj,,,,,,0.0
reactive_power_k,16.0,16.0,Poppy,,,,,,0.0
reactive_power_k,16.0,16.0,Oxlip,,,,,,0.0
reactive_power_k,16.0,16.0,Daisy,,,,,,0.0
reactive_power_k,16.0,16.0,Tulip,,,,,,0.0
reactive_power_k,16.0,16.0,Maryj,,,,,,0.0
reactive_power_k,16.0,17.0,Poppy,,,,,,0.0
reactive_power_k,16.0,17.0,Oxlip,,,,,,0.0
reactive_power_k,16.0,17.0,Daisy,,,,,,0.0
reactive_power_k,16.0,17.0,Tulip,,,,,,-0.015625992637235093
reactive_power_k,16.0,17.0,Maryj,,,,,,0.0
reactive_power_k,17.0,3.0,Poppy,,,,,,0.0
reactive_power_k,17.0,3.0,Oxlip,,,,,,0.0
reactive_power_k,17.0,3.0,Daisy,,,,,,0.0
reactive_power_k,17.0,3.0,Tulip,,,,,,0.0
reactive_power_k,17.0,3.0,Maryj,,,,,,0.00021084495882748376
reactive_power_k,17.0,5.0,Poppy,,,,,,0.0
reactive_power_k,17.0,5.0,Oxlip,,,,,,0.0
reactive_power_k,17.0,5.0,Daisy,,,,,,0.0
reactive_power_k,17.0,5.0,Tulip,,,,,,0.0
reactive_power_k,17.0,5.0,Maryj,,,,,,-0.00264001237029092
reactive_power_k,17.0,6.0,Poppy,,,,,,0.0
reactive_power_k,17.0,6.0,Oxlip,,,,,,0.0
reactive_power_k,17.0,6.0,Daisy,,,,,,0.0
reactive_power_k,17.0,6.0,Tulip,,,,,,0.0
reactive_power_k,17.0,6.0,Maryj,,,,,,0.0
reactive_power_k,17.0,8.0,Poppy,,,,,,0.0
reactive_power_k,17.0,8.0,Oxlip,,,,,,0.0
reactive_power_k,17.0,8.0,Daisy,,,,,,0.0
reactive_power_k,17.0,8.0,Tulip,,,,,,0.0
reactive_power_k,17.0,8.0,Maryj,,,,,,0.0
reactive_power_k,17.0,9.0,Poppy,,,,,,0.0
reactive_power_k,17.0,9.0,Oxlip,,,,,,0.0
reactive_power_k,17.0,9.0,Daisy,,,,,,0.0
reactive_power_k,17.0,9.0,Tulip,,,,,,0.0
reactive_power_k,17.0,9.0,Maryj,,,,,,0.007135693033440352
reactive_power_k,17.0,10.0,Poppy,,,,,,0.0
reactive_power_k,17.0,10.0,Oxlip,,,,,,0.0
reactive_power_k,17.0,10.0,Daisy,,,,,,0.0
reactive_power_k,17.0,10.0,Tulip,,,,,,0.0
reactive_power_k,17.0,10.0,Maryj,,,,,,0.0
reactive_power_k,17.0,13.0,Poppy,,,,,,0.0
reactive_power_k,17.0,13.0,Oxlip,,,,,,0.0
reactive_power_k,17.0,13.0,Daisy,,,,,,0.0
reactive_power_k,17.0,13.0,Tulip,,,,,,0.0
reactive_power_k,17.0,13.0,Maryj,,,,,,0.0
reactive_power_k,17.0,14.0,Poppy,,,,,,0.0
reactive_power_k,17.0,14.0,Oxlip,,,,,,0.0
reactive_power_k,17.0,14.0,Daisy,,,,,,0.0
reactive_power_k,17.0,14.0,Tulip,,,,,,0.0
reactive_power_k,17.0,14.0,Maryj,,,,,,-0.00447131838499391
reactive_power_k,17.0,15.0,Poppy,,,,,,0.0
reactive_power_k,17.0,15.0,Oxlip,,,,,,0.0
reactive_power_k,17.0,15.0,Daisy,,,,,,0.0
reactive_power_k,17.0,15.0,Tulip,,,,,,0.0
reactive_power_k,17.0,15.0,Maryj,,,,,,0.0
reactive_power_k,17.0,16.0,Poppy,,,,,,0.0
reactive_power_k,17.0,16.0,Oxlip,,,,,,0.0
reactive_power_k,17.0,16.0,Daisy,,,,,,0.0
reactive_power_k,17.0,16.0,Tulip,,,,,,0.0
reactive_power_k,17.0,16.0,Maryj,,,,,,0.0
reactive_power_k,17.0,17.0,Poppy,,,,,,0.0
reactive_power_k,17.0,17.0,Oxlip,,,,,,0.0
reactive_power_k,17.0,17.0,Daisy,,,,,,0.0
reactive_power_k,17.0,17.0,Tulip,,,,,,0.0
reactive_power_k,17.0,17.0,Maryj,,,,,,0.0
reactive_power_k,18.0,3.0,Poppy,,,,,,0.0
reactive_power_k,18.0,3.0,Oxlip,,,,,,0.0
reactive_power_k,18.0,3.0,Daisy,,,,,,0.0
reactive_power_k,18.0,3.0,Tulip,,,,,,0.0
reactive_power_k,18.0,3.0,Maryj,,,,,,0.00011913406936347586
reactive_power_k,18.0,5.0,Poppy,,,,,,0.0
reactive_power_k,18.0,5.0,Oxlip,,,,,,0.0
reactive_power_k,18.0,5.0,Daisy,,,,,,0.0
reactive_power_k,18.0,5.0,Tulip,,,,,,0.0
reactive_power_k,18.0,5.0,Maryj,,,,,,0.001992144967109449
reactive_power_k,18.0,6.0,Poppy,,,,,,0.0
reactive_power_k,18.0,6.0,Oxlip,,,,,,0.0
reactive_power_k,18.0,6.0,Daisy,,,,,,0.0
reactive_power_k,18.0,6.0,Tulip,,,,,,0.0
reactive_power_k,18.0,6.0,Maryj,,,,,,0.0
reactive_power_k,18.0,8.0,Poppy,,,,,,0.0
reactive_power_k,18.0,8.0,Oxlip,,,,,,0.0
reactive_power_k,18.0,8.0,Daisy,,,,,,0.0
reactive_power_k,18.0,8.0,Tulip,,,,,,0.0
reactive_power_k,18.0,8.0,Maryj,,,,,,0.0
reactive_power_k,18.0,9.0,Poppy,,,,,,0.0
reactive_power_k,18.0,9.0,Oxlip,,,,,,0.0
reactive_power_k,18.0,9.0,Daisy,,,,,,0.0
reactive_power_k,18.0,9.0,Tulip,,,,,,0.0
reactive_power_k,18.0,9.0,Maryj,,,,,,0.0
reactive_power_k,18.0,10.0,Poppy,,,,,,0.0
reactive_power_k,18.0,10.0,Oxlip,,,,,,0.0
reactive_power_k,18.0,10.0,Daisy,,,,,,0.0
reactive_power_k,18.0,10.0,Tulip,,,,,,0.0
reactive_power_k,18.0,10.0,Maryj,,,,,,0.0
reactive_power_k,18.0,13.0,Poppy,,,,,,0.0
reactive_power_k,18.0,13.0,Oxlip,,,,,,0.0
reactive_power_k,18.0,13.0,Daisy,,,,,,0.0
reactive_power_k,18.0,13.0,Tulip,,,,,,0.0
reactive_power_k,18.0,13.0,Maryj,,,,,,0.0
reactive_power_k,18.0,14.0,Poppy,,,,,,0.0
reactive_power_k,18.0,14.0,Oxlip,,,,,,0.0
reactive_power_k,18.0,14.0,Daisy,,,,,,0.0
reactive_power_k,18.0,14.0,Tulip,,,,,,0.0
reactive_power_k,18.0,14.0,Maryj,,,,,,-0.001977821825484451
reactive_power_k,18.0,15.0,Poppy,,,,,,0.0
reactive_power_k,18.0,15.0,Oxlip,,,,,,0.0
reactive_power_k,18.0,15.0,Daisy,,,,,,0.0
reactive_power_k,18.0,15.0,Tulip,,,,,,0.0
reactive_power_k,18.0,15.0,Maryj,,,,,,0.0
reactive_power_k,18.0,16.0,Poppy,,,,,,0.0
reactive_power_k,18.0,16.0,Oxlip,,,,,,0.0
reactive_power_k,18.0,16.0,Daisy,,,,,,0.0
reactive_power_k,18.0,16.0,Tulip,,,,,,0.0
reactive_power_k,18.0,16.0,Maryj,,,,,,0.0
reactive_power_k,18.0,17.0,Poppy,,,,,,0.0
reactive_power_k,18.0,17.0,Oxlip,,,,,,0.0
reactive_power_k,18.0,17.0,Daisy,,,,,,0.0
reactive_power_k,18.0,17.0,Tulip,,,,,,0.0
reactive_power_k,18.0,17.0,Maryj,,,,,,0.0
reactive_power_k,19.0,3.0,Poppy,,,,,,0.0
reactive_power_k,19.0,3.0,Oxlip,,,,,,0.0
reactive_power_k,19.0,3.0,Daisy,,,,,,0.0
reactive_power_k,19.0,3.0,Tulip,,,,,,0.0
reactive_power_k,19.0,3.0,Maryj,,,,,,0.00012187361495076517
reactive_power_k,19.0,5.0,Poppy,,,,,,0.0
reactive_power_k,19.0,5.0,Oxlip,,,,,,0.0
reactive_power_k,19.0,5.0,Daisy,,,,,,0.0
reactive_power_k,19.0,5.0,Tulip,,,,,,0.0
reactive_power_k,19.0,5.0,Maryj,,,,,,-0.0009918284175854317
reactive_power_k,19.0,6.0,Poppy,,,,,,0.0
reactive_power_k,19.0,6.0,Oxlip,,,,,,0.0
reactive_power_k,19.0,6.0,Daisy,,,,,,0.0
reactive_power_k,19.0,6.0,Tulip,,,,,,0.0
reactive_power_k,19.0,6.0,Maryj,,,,,,0.0
reactive_power_k,19.0,8.0,Poppy,,,,,,0.0
reactive_power_k,19.0,8.0,Oxlip,,,,,,0.0
reactive_power_k,19.0,8.0,Daisy,,,,,,0.0
reactive_power_k,19.0,8.0,Tulip,,,,,,0.0
reactive_power_k,19.0,8.0,Maryj,,,,,,0.0
reactive_power_k,19.0,9.0,Poppy,,,,,,0.0
reactive_power_k,19.0,9.0,Oxlip,,,,,,0.0
reactive_power_k,19.0,9.0,Daisy,,,,,,0.0
reactive_power_k,19.0,9.0,Tulip,,,,,,0.0
reactive_power_k,19.0,9.0,Maryj,,,,,,0.004625324844867387
reactive_power_k,19.0,10.0,Poppy,,,,,,0.0
reactive_power_k,19.0,10.0,Oxlip,,,,,,0.0
reactive_power_k,19.0,10.0,Daisy,,,,,,-0.0011458834020185854
reactive_power_k,19.0,10.0,Tulip,,,,,,0.0
reactive_power_k,19.0,10.0,Maryj,,,,,,0.0
reactive_power_k,19.0,13.0,Poppy,,,,,,0.0
reactive_power_k,19.0,13.0,Oxlip,,,,,,0.0
reactive_power_k,19.0,13.0,Daisy,,,,,,0.0
reactive_power_k,19.0,13.0,Tulip,,,,,,0.0
reactive_power_k,19.0,13.0,Maryj,,,,,,0.0
reactive_power_k,19.0,14.0,Poppy,,,,,,0.0
reactive_power_k,19.0,14.0,Oxlip,,,,,,0.0
reactive_power_k,19.0,14.0,Daisy,,,,,,0.0
reactive_power_k,19.0,14.0,Tulip,,,,,,0.0
reactive_power_k,19.0,14.0,Maryj,,,,,,-0.0036190204636912006
reactive_power_k,19.0,15.0,Poppy,,,,,,0.0
reactive_power_k,19.0,15.0,Oxlip,,,,,,0.0
reactive_power_k,19.0,15.0,Daisy,,,,,,0.0
reactive_power_k,19.0,15.0,Tulip,,,,,,0.0
reactive_power_k,19.0,15.0,Maryj,,,,,,0.0
reactive_power_k,19.0,16.0,Poppy,,,,,,0.0
reactive_power_k,19.0,16.0,Oxlip,,,,,,0.0
reactive_power_k,19.0,16.0,Daisy,,,,,,0.0
reactive_power_k,19.0,16.0,Tulip,,,,,,3.084658481612374e-05
reactive_power_k,19.0,16.0,Maryj,,,,,,0.0
reactive_power_k,19.0,17.0,Poppy,,,,,,0.0
reactive_power_k,19.0,17.0,Oxlip,,,,,,0.0
reactive_power_k,19.0,17.0,Daisy,,,,,,0.0
reactive_power_k,19.0,17.0,Tulip,,,,,,0.0
reactive_power_k,19.0,17.0,Maryj,,,,,,0.0
reactive_power_k,20.0,3.0,Poppy,,,,,,0.0
reactive_power_k,20.0,3.0,Oxlip,,,,,,0.0
reactive_power_k,20.0,3.0,Daisy,,,,,,0.0
reactive_power_k,20.0,3.0,Tulip,,,,,,0.0
reactive_power_k,20.0,3.0,Maryj,,,,,,9.812588971603685e-05
reactive_power_k,20.0,5.0,Poppy,,,,,,0.0
reactive_power_k,20.0,5.0,Oxlip,,,,,,0.0
reactive_power_k,20.0,5.0,Daisy,,,,,,0.0
reactive_power_k,20.0,5.0,Tulip,,,,,,0.0
reactive_power_k,20.0,5.0,Maryj,,,,,,-0.000739385186990002
reactive_power_k,20.0,6.0,Poppy,,,,,,0.0
reactive_power_k,20.0,6.0,Oxlip,,,,,,0.0
reactive_power_k,20.0,6.0,Daisy,,,,,,0.0
reactive_power_k,20.0,6.0,Tulip,,,,,,0.0
reactive_power_k,20.0,6.0,Maryj,,,,,,0.0
reactive_power_k,20.0,8.0,Poppy,,,,,,0.0
reactive_power_k,20.0,8.0,Oxlip,,,,,,0.0
reactive_power_k,20.0,8.0,Daisy,,,,,,0.0
reactive_power_k,20.0,8.0,Tulip,,,,,,0.0
reactive_power_k,20.0,8.0,Maryj,,,,,,0.0
reactive_power_k,20.0,9.0,Poppy,,,,,,0.0
reactive_power_k,20.0,9.0,Oxlip,,,,,,0.0
reactive_power_k,20.0,9.0,Daisy,,,,,,0.0
reactive_power_k,20.0,9.0,Tulip,,,,,,0.0
reactive_power_k,20.0,9.0,Maryj,,,,,,0.0042753021140419555
reactive_power_k,20.0,10.0,Poppy,,,,,,0.0
reactive_power_k,20.0,10.0,Oxlip,,,,,,0.0
reactive_power_k,20.0,10.0,Daisy,,,,,,-0.002697269813262293
reactive_power_k,20.0,10.0,Tulip,,,,,,0.0
reactive_power_k,20.0,10.0,Maryj,,,,,,0.0
reactive_power_k,20.0,13.0,Poppy,,,,,,0.0
reactive_power_k,20.0,13.0,Oxlip,,,,,,0.0
reactive_power_k,20.0,13.0,Daisy,,,,,,0.0
reactive_power_k,20.0,13.0,Tulip,,,,,,0.0
reactive_power_k,20.0,13.0,Maryj,,,,,,0.0
reactive_power_k,20.0,14.0,Poppy,,,,,,0.0
reactive_power_k,20.0,14.0,Oxlip,,,,,,0.0
reactive_power_k,20.0,14.0,Daisy,,,,,,0.0
reactive_power_k,20.0,14.0,Tulip,,,,,,0.0
reactive_power_k,20.0,14.0,Maryj,,,,,,-0.0035237037933507666
reactive_power_k,20.0,15.0,Poppy,,,,,,0.0
reactive_power_k,20.0,15.0,Oxlip,,,,,,0.0
reactive_power_k,20.0,15.0,Daisy,,,,,,0.0
reactive_power_k,20.0,15.0,Tulip,,,,,,0.0
reactive_power_k,20.0,15.0,Maryj,,,,,,0.0
reactive_power_k,20.0,16.0,Poppy,,,,,,0.0
reactive_power_k,20.0,16.0,Oxlip,,,,,,0.0
reactive_power_k,20.0,16.0,Daisy,,,,,,0.0
reactive_power_k,20.0,16.0,Tulip,,,,,,0.0
reactive_power_k,20.0,16.0,Maryj,,,,,,0.0
reactive_power_k,20.0,17.0,Poppy,,,,,,0.0
reactive_power_k,20.0,17.0,Oxlip,,,,,,0.0
reactive_power_k,20.0,17.0,Daisy,,,,,,0.0
reactive_power_k,20.0,17.0,Tulip,,,,,,0.0
reactive_power_k,20.0,17.0,Maryj,,,,,,0.0
reactive_power_k,21.0,3.0,Poppy,,,,,,0.0
reactive_power_k,21.0,3.0,Oxlip,,,,,,0.0
reactive_power_k,21.0,3.0,Daisy,,,,,,0.0
reactive_power_k,21.0,3.0,Tulip,,,,,,0.0
reactive_power_k,21.0,3.0,Maryj,,,,,,8.747054215251586e-05
reactive_power_k,21.0,5.0,Poppy,,,,,,0.0
reactive_power_k,21.0,5.0,Oxlip,,,,,,0.0
reactive_power_k,21.0,5.0,Daisy,,,,,,0.0
reactive_power_k,21.0,5.0,Tulip,,,,,,0.0
reactive_power_k,21.0,5.0,Maryj,,,,,,-0.0010820760634683776
reactive_power_k,21.0,6.0,Poppy,,,,,,0.0
reactive_power_k,21.0,6.0,Oxlip,,,,,,0.0
reactive_power_k,21.0,6.0,Daisy,,,,,,0.0
reactive_power_k,21.0,6.0,Tulip,,,,,,0.0
reactive_power_k,21.0,6.0,Maryj,,,,,,0.0
reactive_power_k,21.0,8.0,Poppy,,,,,,0.0
reactive_power_k,21.0,8.0,Oxlip,,,,,,0.0
reactive_power_k,21.0,8.0,Daisy,,,,,,0.0
reactive_power_k,21.0,8.0,Tulip,,,,,,0.0
reactive_power_k,21.0,8.0,Maryj,,,,,,0.0
reactive_power_k,21.0,9.0,Poppy,,,,,,0.0
reactive_power_k,21.0,9.0,Oxlip,,,,,,0.0
reactive_power_k,21.0,9.0,Daisy,,,,,,0.0
reactive_power_k,21.0,9.0,Tulip,,,,,,0.0
reactive_power_k,21.0,9.0,Maryj,,,,,,0.004710652269096964
reactive_power_k,21.0,10.0,Poppy,,,,,,0.0
reactive_power_k,21.0,10.0,Oxlip,,,,,,0.0
reactive_power_k,21.0,10.0,Daisy,,,,,,-0.004347488650022824
reactive_power_k,21.0,10.0,Tulip,,,,,,0.0
reactive_power_k,21.0,10.0,Maryj,,,,,,0.0
reactive_power_k,21.0,13.0,Poppy,,,,,,0.0
reactive_power_k,21.0,13.0,Oxlip,,,,,,0.0
reactive_power_k,21.0,13.0,Daisy,,,,,,0.0
reactive_power_k,21.0,13.0,Tulip,,,,,,0.0
reactive_power_k,21.0,13.0,Maryj,,,,,,0.0
reactive_power_k,21.0,14.0,Poppy,,,,,,0.0
reactive_power_k,21.0,14.0,Oxlip,,,,,,0.0
reactive_power_k,21.0,14.0,Daisy,,,,,,0.0
reactive_power_k,21.0,14.0,Tulip,,,,,,0.0
reactive_power_k,21.0,14.0,Maryj,,,,,,-0.0036176891310181064
reactive_power_k,21.0,15.0,Poppy,,,,,,0.0
reactive_power_k,21.0,15.0,Oxlip,,,,,,0.0
reactive_power_k,21.0,15.0,Daisy,,,,,,0.0
reactive_power_k,21.0,15.0,Tulip,,,,,,0.0
reactive_power_k,21.0,15.0,Maryj,,,,,,0.0
reactive_power_k,21.0,16.0,Poppy,,,,,,0.0
reactive_power_k,21.0,16.0,Oxlip,,,,,,0.0
reactive_power_k,21.0,16.0,Daisy,,,,,,0.0
reactive_power_k,21.0,16.0,Tulip,,,,,,8.237712994440176e-05
reactive_power_k,21.0,16.0,Maryj,,,,,,0.0
reactive_power_k,21.0,17.0,Poppy,,,,,,0.0
reactive_power_k,21.0,17.0,Oxlip,,,,,,0.0
reactive_power_k,21.0,17.0,Daisy,,,,,,0.0
reactive_power_k,21.0,17.0,Tulip,,,,,,0.0
reactive_power_k,21.0,17.0,Maryj,,,,,,0.0
reactive_power_k,22.0,3.0,Poppy,,,,,,0.0
reactive_power_k,22.0,3.0,Oxlip,,,,,,0.0
reactive_power_k,22.0,3.0,Daisy,,,,,,0.0
reactive_power_k,22.0,3.0,Tulip,,,,,,0.0
reactive_power_k,22.0,3.0,Maryj,,,,,,7.670975400596292e-05
reactive_power_k,22.0,5.0,Poppy,,,,,,0.0
reactive_power_k,22.0,5.0,Oxlip,,,,,,0.0
reactive_power_k,22.0,5.0,Daisy,,,,,,0.0
reactive_power_k,22.0,5.0,Tulip,,,,,,0.0
reactive_power_k,22.0,5.0,Maryj,,,,,,-3.686165290875745e-05
reactive_power_k,22.0,6.0,Poppy,,,,,,0.0
reactive_power_k,22.0,6.0,Oxlip,,,,,,0.0
reactive_power_k,22.0,6.0,Daisy,,,,,,0.0
reactive_power_k,22.0,6.0,Tulip,,,,,,0.0
reactive_power_k,22.0,6.0,Maryj,,,,,,-0.00013046120493854713
reactive_power_k,22.0,8.0,Poppy,,,,,,0.0
reactive_power_k,22.0,8.0,Oxlip,,,,,,0.0
reactive_power_k,22.0,8.0,Daisy,,,,,,0.0
reactive_power_k,22.0,8.0,Tulip,,,,,,0.0
reactive_power_k,22.0,8.0,Maryj,,,,,,0.0
reactive_power_k,22.0,9.0,Poppy,,,,,,0.0
reactive_power_k,22.0,9.0,Oxlip,,,,,,0.0
reactive_power_k,22.0,9.0,Daisy,,,,,,0.0
reactive_power_k,22.0,9.0,Tulip,,,,,,0.0
reactive_power_k,22.0,9.0,Maryj,,,,,,0.0029999377250537755
reactive_power_k,22.0,10.0,Poppy,,,,,,0.0
reactive_power_k,22.0,10.0,Oxlip,,,,,,0.0
reactive_power_k,22.0,10.0,Daisy,,,,,,-0.002695095632073416
reactive_power_k,22.0,10.0,Tulip,,,,,,0.0
reactive_power_k,22.0,10.0,Maryj,,,,,,0.0
reactive_power_k,22.0,13.0,Poppy,,,,,,0.0
reactive_power_k,22.0,13.0,Oxlip,,,,,,0.0
reactive_power_k,22.0,13.0,Daisy,,,,,,0.0
reactive_power_k,22.0,13.0,Tulip,,,,,,0.0
reactive_power_k,22.0,13.0,Maryj,,,,,,0.0
reactive_power_k,22.0,14.0,Poppy,,,,,,0.0
reactive_power_k,22.0,14.0,Oxlip,,,,,,0.0
reactive_power_k,22.0,14.0,Daisy,,,,,,0.0
reactive_power_k,22.0,14.0,Tulip,,,,,,0.0
reactive_power_k,22.0,14.0,Maryj,,,,,,-0.002953553904276346
reactive_power_k,22.0,15.0,Poppy,,,,,,0.0
reactive_power_k,22.0,15.0,Oxlip,,,,,,0.0
reactive_power_k,22.0,15.0,Daisy,,,,,,0.0
reactive_power_k,22.0,15.0,Tulip,,,,,,0.0
reactive_power_k,22.0,15.0,Maryj,,,,,,0.0
reactive_power_k,22.0,16.0,Poppy,,,,,,0.0
reactive_power_k,22.0,16.0,Oxlip,,,,,,0.0
reactive_power_k,22.0,16.0,Daisy,,,,,,0.0
reactive_power_k,22.0,16.0,Tulip,,,,,,8.237712994440176e-05
reactive_power_k,22.0,16.0,Maryj,,,,,,0.0
reactive_power_k,22.0,17.0,Poppy,,,,,,0.0
reactive_power_k,22.0,17.0,Oxlip,,,,,,0.0
reactive_power_k,22.0,17.0,Daisy,,,,,,0.0
reactive_power_k,22.0,17.0,Tulip,,,,,,0.0
reactive_power_k,22.0,17.0,Maryj,,,,,,0.0
reactive_power_k,23.0,3.0,Poppy,,,,,,0.0
reactive_power_k,23.0,3.0,Oxlip,,,,,,0.0
reactive_power_k,23.0,3.0,Daisy,,,,,,0.0
reactive_power_k,23.0,3.0,Tulip,,,,,,0.0
reactive_power_k,23.0,3.0,Maryj,,,,,,7.003364425542413e-05
reactive_power_k,23.0,5.0,Poppy,,,,,,0.0
reactive_power_k,23.0,5.0,Oxlip,,,,,,0.0
reactive_power_k,23.0,5.0,Daisy,,,,,,0.0
reactive_power_k,23.0,5.0,Tulip,,,,,,0.0
reactive_power_k,23.0,5.0,Maryj,,,,,,-0.00039960335650591
reactive_power_k,23.0,6.0,Poppy,,,,,,0.0
reactive_power_k,23.0,6.0,Oxlip,,,,,,0.0
reactive_power_k,23.0,6.0,Daisy,,,,,,0.0
reactive_power_k,23.0,6.0,Tulip,,,,,,0.0
reactive_power_k,23.0,6.0,Maryj,,,,,,-0.0006996115734474238
reactive_power_k,23.0,8.0,Poppy,,,,,,0.0
reactive_power_k,23.0,8.0,Oxlip,,,,,,0.0
reactive_power_k,23.0,8.0,Daisy,,,,,,0.0
reactive_power_k,23.0,8.0,Tulip,,,,,,0.0
reactive_power_k,23.0,8.0,Maryj,,,,,,0.0
reactive_power_k,23.0,9.0,Poppy,,,,,,0.0
reactive_power_k,23.0,9.0,Oxlip,,,,,,0.0
reactive_power_k,23.0,9.0,Daisy,,,,,,0.0
reactive_power_k,23.0,9.0,Tulip,,,,,,0.0
reactive_power_k,23.0,9.0,Maryj,,,,,,0.0029812553742327203
reactive_power_k,23.0,10.0,Poppy,,,,,,0.0
reactive_power_k,23.0,10.0,Oxlip,,,,,,0.0
reactive_power_k,23.0,10.0,Daisy,,,,,,-0.006466678496001715
reactive_power_k,23.0,10.0,Tulip,,,,,,0.0
reactive_power_k,23.0,10.0,Maryj,,,,,,0.0
reactive_power_k,23.0,13.0,Poppy,,,,,,0.0
reactive_power_k,23.0,13.0,Oxlip,,,,,,0.0
reactive_power_k,23.0,13.0,Daisy,,,,,,0.0
reactive_power_k,23.0,13.0,Tulip,,,,,,0.0
reactive_power_k,23.0,13.0,Maryj,,,,,,0.0
reactive_power_k,23.0,14.0,Poppy,,,,,,0.0
reactive_power_k,23.0,14.0,Oxlip,,,,,,0.0
reactive_power_k,23.0,14.0,Daisy,,,,,,0.0
reactive_power_k,23.0,14.0,Tulip,,,,,,0.0
reactive_power_k,23.0,14.0,Maryj,,,,,,-0.0025728890853920897
reactive_power_k,23.0,15.0,Poppy,,,,,,0.0
reactive_power_k,23.0,15.0,Oxlip,,,,,,0.0
reactive_power_k,23.0,15.0,Daisy,,,,,,0.0
reactive_power_k,23.0,15.0,Tulip,,,,,,0.0
reactive_power_k,23.0,15.0,Maryj,,,,,,0.0
reactive_power_k,23.0,16.0,Poppy,,,,,,0.0
reactive_power_k,23.0,16.0,Oxlip,,,,,,0.0
reactive_power_k,23.0,16.0,Daisy,,,,,,0.0
reactive_power_k,23.0,16.0,Tulip,,,,,,8.237712994440176e-05
reactive_power_k,23.0,16.0,Maryj,,,,,,0.0
reactive_power_k,23.0,17.0,Poppy,,,,,,0.0
reactive_power_k,23.0,17.0,Oxlip,,,,,,0.0
reactive_power_k,23.0,17.0,Daisy,,,,,,0.0
reactive_power_k,23.0,17.0,Tulip,,,,,,0.0
reactive_power_k,23.0,17.0,Maryj,,,,,,0.0
reactive_power_k,24.0,3.0,Poppy,,,,,,0.0
reactive_power_k,24.0,3.0,Oxlip,,,,,,0.0
reactive_power_k,24.0,3.0,Daisy,,,,,,0.0
reactive_power_k,24.0,3.0,Tulip,,,,,,0.0
reactive_power_k,24.0,3.0,Maryj,,,,,,5.253260691717367e-05
reactive_power_k,24.0,5.0,Poppy,,,,,,0.0
reactive_power_k,24.0,5.0,Oxlip,,,,,,0.0
reactive_power_k,24.0,5.0,Daisy,,,,,,0.0
reactive_power_k,24.0,5.0,Tulip,,,,,,0.0
reactive_power_k,24.0,5.0,Maryj,,,,,,0.001088998703211149
reactive_power_k,24.0,6.0,Poppy,,,,,,0.0
reactive_power_k,24.0,6.0,Oxlip,,,,,,0.0
reactive_power_k,24.0,6.0,Daisy,,,,,,0.0
reactive_power_k,24.0,6.0,Tulip,,,,,,0.0
reactive_power_k,24.0,6.0,Maryj,,,,,,-0.0002879981388585557
reactive_power_k,24.0,8.0,Poppy,,,,,,0.0
reactive_power_k,24.0,8.0,Oxlip,,,,,,0.0
reactive_power_k,24.0,8.0,Daisy,,,,,,0.0
reactive_power_k,24.0,8.0,Tulip,,,,,,0.0
reactive_power_k,24.0,8.0,Maryj,,,,,,0.0
reactive_power_k,24.0,9.0,Poppy,,,,,,0.0
reactive_power_k,24.0,9.0,Oxlip,,,,,,0.0
reactive_power_k,24.0,9.0,Daisy,,,,,,0.0
reactive_power_k,24.0,9.0,Tulip,,,,,,0.0
reactive_power_k,24.0,9.0,Maryj,,,,,,8.476260965682924e-05
reactive_power_k,24.0,10.0,Poppy,,,,,,0.0
reactive_power_k,24.0,10.0,Oxlip,,,,,,0.0
reactive_power_k,24.0,10.0,Daisy,,,,,,-0.0010683975925338148
reactive_power_k,24.0,10.0,Tulip,,,,,,0.0
reactive_power_k,24.0,10.0,Maryj,,,,,,0.0
reactive_power_k,24.0,13.0,Poppy,,,,,,0.0
reactive_power_k,24.0,13.0,Oxlip,,,,,,0.0
reactive_power_k,24.0,13.0,Daisy,,,,,,0.0
reactive_power_k,24.0,13.0,Tulip,,,,,,0.0
reactive_power_k,24.0,13.0,Maryj,,,,,,0.0
reactive_power_k,24.0,14.0,Poppy,,,,,,0.0
reactive_power_k,24.0,14.0,Oxlip,,,,,,0.0
reactive_power_k,24.0,14.0,Daisy,,,,,,0.0
reactive_power_k,24.0,14.0,Tulip,,,,,,0.0
reactive_power_k,24.0,14.0,Maryj,,,,,,-0.0011670146899521998
reactive_power_k,24.0,15.0,Poppy,,,,,,0.0
reactive_power_k,24.0,15.0,Oxlip,,,,,,0.0
reactive_power_k,24.0,15.0,Daisy,,,,,,0.0
reactive_power_k,24.0,15.0,Tulip,,,,,,0.0
reactive_power_k,24.0,15.0,Maryj,,,,,,0.0
reactive_power_k,24.0,16.0,Poppy,,,,,,0.0
reactive_power_k,24.0,16.0,Oxlip,,,,,,0.0
reactive_power_k,24.0,16.0,Daisy,,,,,,0.0
reactive_power_k,24.0,16.0,Tulip,,,,,,6.864760828700145e-05
reactive_power_k,24.0,16.0,Maryj,,,,,,0.0
reactive_power_k,24.0,17.0,Poppy,,,,,,0.0
reactive_power_k,24.0,17.0,Oxlip,,,,,,0.0
reactive_power_k,24.0,17.0,Daisy,,,,,,0.0
reactive_power_k,24.0,17.0,Tulip,,,,,,0.0
reactive_power_k,24.0,17.0,Maryj,,,,,,0.0
reactive_power,1.0,3.0,,,,,,,5.252061679431551e-05
reactive_power,1.0,5.0,,,,,,,0.0012776171325701341
reactive_power,1.0,6.0,,,,,,,-0.0003048976652363447
reactive_power,1.0,8.0,,,,,,,0.0
reactive_power,1.0,9.0,,,,,,,0.0
reactive_power,1.0,10.0,,,,,,,-0.0011685720298750604
reactive_power,1.0,13.0,,,,,,,0.0
reactive_power,1.0,14.0,,,,,,,-0.0012708713849746568
reactive_power,1.0,15.0,,,,,,,0.0
reactive_power,1.0,16.0,,,,,,,0.0
reactive_power,1.0,17.0,,,,,,,0.0
reactive_power,2.0,3.0,,,,,,,5.252063006290825e-05
reactive_power,2.0,5.0,,,,,,,0.0011806107417428738
reactive_power,2.0,6.0,,,,,,,-0.00010013004481324581
reactive_power,2.0,8.0,,,,,,,0.0
reactive_power,2.0,9.0,,,,,,,0.00011223362982589523
reactive_power,2.0,10.0,,,,,,,-0.00038424046563689796
reactive_power,2.0,13.0,,,,,,,0.0
reactive_power,2.0,14.0,,,,,,,-0.0012860985671394169
reactive_power,2.0,15.0,,,,,,,0.0
reactive_power,2.0,16.0,,,,,,,8.237712994440176e-05
reactive_power,2.0,17.0,,,,,,,0.0
reactive_power,3.0,3.0,,,,,,,5.252062354370032e-05
reactive_power,3.0,5.0,,,,,,,0.001128850487625915
reactive_power,3.0,6.0,,,,,,,-3.323153245910845e-05
reactive_power,3.0,8.0,,,,,,,0.0
reactive_power,3.0,9.0,,,,,,,0.00011223363634510317
reactive_power,3.0,10.0,,,,,,,-0.00012799577846076885
reactive_power,3.0,13.0,,,,,,,0.0
reactive_power,3.0,14.0,,,,,,,-0.0012343383422833538
reactive_power,3.0,15.0,,,,,,,0.0
reactive_power,3.0,16.0,,,,,,,8.237712994440176e-05
reactive_power,3.0,17.0,,,,,,,0.0
reactive_power,4.0,3.0,,,,,,,5.2520623600937644e-05
reactive_power,4.0,5.0,,,,,,,0.001204413627741005
reactive_power,4.0,6.0,,,,,,,-3.3942531141133105e-05
reactive_power,4.0,8.0,,,,,,,0.0
reactive_power,4.0,9.0,,,,,,,0.00011223363628786584
reactive_power,4.0,10.0,,,,,,,-0.0001307191519477052
reactive_power,4.0,13.0,,,,,,,0.0
reactive_power,4.0,14.0,,,,,,,-0.0013099014500951361
reactive_power,4.0,15.0,,,,,,,0.0
reactive_power,4.0,16.0,,,,,,,8.237712994440176e-05
reactive_power,4.0,17.0,,,,,,,0.0
reactive_power,5.0,3.0,,,,,,,5.378677385732661e-05
reactive_power,5.0,5.0,,,,,,,0.0013416389707867032
reactive_power,5.0,6.0,,,,,,,-7.238333900444377e-05
reactive_power,5.0,8.0,,,,,,,0.0
reactive_power,5.0,9.0,,,,,,,0.00011096748603147688
reactive_power,5.0,10.0,,,,,,,-0.00027796088332931974
reactive_power,5.0,13.0,,,,,,,0.0
reactive_power,5.0,14.0,,,,,,,-0.0014457110444539717
reactive_power,5.0,15.0,,,,,,,0.0
reactive_power,5.0,16.0,,,,,,,8.237712994440176e-05
reactive_power,5.0,17.0,,,,,,,0.0
reactive_power,6.0,3.0,,,,,,,7.320683783735886e-05
reactive_power,6.0,5.0,,,,,,,-0.0004024214641976734
reactive_power,6.0,6.0,,,,,,,-0.00021342672590454222
reactive_power,6.0,8.0,,,,,,,0.0
reactive_power,6.0,9.0,,,,,,,0.003552995276463821
reactive_power,6.0,10.0,,,,,,,-0.004781800445436565
reactive_power,6.0,13.0,,,,,,,0.0
reactive_power,6.0,14.0,,,,,,,-0.003141363441080196
reactive_power,6.0,15.0,,,,,,,0.0
reactive_power,6.0,16.0,,,,,,,0.0
reactive_power,6.0,17.0,,,,,,,0.0
reactive_power,7.0,3.0,,,,,,,0.0001105182440988096
reactive_power,7.0,5.0,,,,,,,-0.005173020067707784
reactive_power,7.0,6.0,,,,,,,-0.0002008579618120536
reactive_power,7.0,8.0,,,,,,,0.0044817078346531605
reactive_power,7.0,9.0,,,,,,,0.010886868046571891
reactive_power,7.0,10.0,,,,,,,-0.0075778699824844125
reactive_power,7.0,13.0,,,,,,,0.0
reactive_power,7.0,14.0,,,,,,,-0.005599838308387356
reactive_power,7.0,15.0,,,,,,,0.0
reactive_power,7.0,16.0,,,,,,,0.0
reactive_power,7.0,17.0,,,,,,,-0.004582768510367291
reactive_power,8.0,3.0,,,,,,,-0.11872333066784617
reactive_power,8.0,5.0,,,,,,,-0.03399480338075163
reactive_power,8.0,6.0,,,,,,,-0.005970690346986991
reactive_power,8.0,8.0,,,,,,,-0.04012307215000281
reactive_power,8.0,9.0,,,,,,,0.13563319113335043
reactive_power,8.0,10.0,,,,,,,-0.018711172719422263
reactive_power,8.0,13.0,,,,,,,0.11920282402676828
reactive_power,8.0,14.0,,,,,,,-0.005439151975913778
reactive_power,8.0,15.0,,,,,,,-0.003811904963134563
reactive_power,8.0,16.0,,,,,,,0.007167744
reactive_power,8.0,17.0,,,,,,,-0.056022516815852734
reactive_power,9.0,3.0,,,,,,,-0.09465865865335199
reactive_power,9.0,5.0,,,,,,,-0.02226705131810461
reactive_power,9.0,6.0,,,,,,,-0.0033327738727802723
reactive_power,9.0,8.0,,,,,,,-0.02825138336465989
reactive_power,9.0,9.0,,,,,,,0.10676869992585639
reactive_power,9.0,10.0,,,,,,,-0.014521381908408824
reactive_power,9.0,13.0,,,,,,,0.09511093504698952
reactive_power,9.0,14.0,,,,,,,-0.01188635474702341
reactive_power,9.0,15.0,,,,,,,0.0014644011636845006
reactive_power,9.0,16.0,,,,,,,0.0
reactive_power,9.0,17.0,,,,,,,-0.04431236864634468
reactive_power,10.0,3.0,,,,,,,-0.05532181790541489
reactive_power,10.0,5.0,,,,,,,-0.0173194422504001
reactive_power,10.0,6.0,,,,,,,0.00025960747250512663
reactive_power,10.0,8.0,,,,,,,-0.014607815160859162
reactive_power,10.0,9.0,,,,,,,0.06488518397418958
reactive_power,10.0,10.0,,,,,,,-0.012381605145295006
reactive_power,10.0,13.0,,,,,,,0.05573564955421395
reactive_power,10.0,14.0,,,,,,,-0.011982694206323929
reactive_power,10.0,15.0,,,,,,,0.0
reactive_power,10.0,16.0,,,,,,,0.0
reactive_power,10.0,17.0,,,,,,,-0.02092724780661259
reactive_power,11.0,3.0,,,,,,,-0.045333599413955004
reactive_power,11.0,5.0,,,,,,,-0.016212975395306025
reactive_power,11.0,6.0,,,,,,,0.0012557074956633062
reactive_power,11.0,8.0,,,,,,,-0.011842368221105244
reactive_power,11.0,9.0,,,,,,,0.05451419358335791
reactive_power,11.0,10.0,,,,,,,-0.011810038498263693
reactive_power,11.0,13.0,,,,,,,0.04572973630288416
reactive_power,11.0,14.0,,,,,,,-0.01229934876821604
reactive_power,11.0,15.0,,,,,,,0.0
reactive_power,11.0,16.0,,,,,,,0.0
reactive_power,11.0,17.0,,,,,,,-0.014112855205473809
reactive_power,12.0,3.0,,,,,,,-0.0413355155316089
reactive_power,12.0,5.0,,,,,,,-0.016035253269202045
reactive_power,12.0,6.0,,,,,,,0.0016930115493073402
reactive_power,12.0,8.0,,,,,,,-0.01111296154516335
reactive_power,12.0,9.0,,,,,,,0.04956215999372724
reactive_power,12.0,10.0,,,,,,,-0.011842248879262196
reactive_power,12.0,13.0,,,,,,,0.04164337683566375
reactive_power,12.0,14.0,,,,,,,-0.012530471868939635
reactive_power,12.0,15.0,,,,,,,0.0
reactive_power,12.0,16.0,,,,,,,0.0
reactive_power,12.0,17.0,,,,,,,-0.00984436400161381
reactive_power,13.0,3.0,,,,,,,-0.04761002028321652
reactive_power,13.0,5.0,,,,,,,-0.016693895546274616
reactive_power,13.0,6.0,,,,,,,0.0
reactive_power,13.0,8.0,,,,,,,-0.014179168518423012
reactive_power,13.0,9.0,,,,,,,0.059789732977254734
reactive_power,13.0,10.0,,,,,,,-0.012873503156077222
reactive_power,13.0,13.0,,,,,,,0.04804112953744444
reactive_power,13.0,14.0,,,,,,,-0.011463244583722658
reactive_power,13.0,15.0,,,,,,,0.0
reactive_power,13.0,16.0,,,,,,,0.0
reactive_power,13.0,17.0,,,,,,,-0.01740398958226117
reactive_power,14.0,3.0,,,,,,,-0.04101192028292542
reactive_power,14.0,5.0,,,,,,,-0.015555493298497598
reactive_power,14.0,6.0,,,,,,,0.0003898844146325307
reactive_power,14.0,8.0,,,,,,,-0.011545097702282153
reactive_power,14.0,9.0,,,,,,,0.05320148089669229
reactive_power,14.0,10.0,,,,,,,-0.012410117038192054
reactive_power,14.0,13.0,,,,,,,0.04142286098569008
reactive_power,14.0,14.0,,,,,,,-0.011215821936208657
reactive_power,14.0,15.0,,,,,,,0.0
reactive_power,14.0,16.0,,,,,,,0.0
reactive_power,14.0,17.0,,,,,,,-0.014837293168247548
reactive_power,15.0,3.0,,,,,,,-0.038691917733372876
reactive_power,15.0,5.0,,,,,,,-0.015044136441474211
reactive_power,15.0,6.0,,,,,,,0.00023480276161897518
reactive_power,15.0,8.0,,,,,,,-0.011095647747238445
reactive_power,15.0,9.0,,,,,,,0.050924057815244755
reactive_power,15.0,10.0,,,,,,,-0.012464057814353264
reactive_power,15.0,13.0,,,,,,,0.03911201553850403
reactive_power,15.0,14.0,,,,,,,-0.010841971840839734
reactive_power,15.0,15.0,,,,,,,0.0
reactive_power,15.0,16.0,,,,,,,0.0
reactive_power,15.0,17.0,,,,,,,-0.013893843253128245
reactive_power,16.0,3.0,,,,,,,-0.040056239707455206
reactive_power,16.0,5.0,,,,,,,-0.01491864099150294
reactive_power,16.0,6.0,,,,,,,0.0
reactive_power,16.0,8.0,,,,,,,-0.012700980823145643
reactive_power,16.0,9.0,,,,,,,0.0540133572642315
reactive_power,16.0,10.0,,,,,,,-0.01212237708217431
reactive_power,16.0,13.0,,,,,,,0.04052314078500454
reactive_power,16.0,14.0,,,,,,,-0.010715562869614115
reactive_power,16.0,15.0,,,,,,,0.0
reactive_power,16.0,16.0,,,,,,,0.0
reactive_power,16.0,17.0,,,,,,,-0.015625992637235093
reactive_power,17.0,3.0,,,,,,,0.00021084495882748376
reactive_power,17.0,5.0,,,,,,,-0.00264001237029092
reactive_power,17.0,6.0,,,,,,,0.0
reactive_power,17.0,8.0,,,,,,,0.0
reactive_power,17.0,9.0,,,,,,,0.007135693033440352
reactive_power,17.0,10.0,,,,,,,0.0
reactive_power,17.0,13.0,,,,,,,0.0
reactive_power,17.0,14.0,,,,,,,-0.00447131838499391
reactive_power,17.0,15.0,,,,,,,0.0
reactive_power,17.0,16.0,,,,,,,0.0
reactive_power,17.0,17.0,,,,,,,0.0
reactive_power,18.0,3.0,,,,,,,0.00011913406936347586
reactive_power,18.0,5.0,,,,,,,0.001992144967109449
reactive_power,18.0,6.0,,,,,,,0.0
reactive_power,18.0,8.0,,,,,,,0.0
reactive_power,18.0,9.0,,,,,,,0.0
reactive_power,18.0,10.0,,,,,,,0.0
reactive_power,18.0,13.0,,,,,,,0.0
reactive_power,18.0,14.0,,,,,,,-0.001977821825484451
reactive_power,18.0,15.0,,,,,,,0.0
reactive_power,18.0,16.0,,,,,,,0.0
reactive_power,18.0,17.0,,,,,,,0.0
reactive_power,19.0,3.0,,,,,,,0.00012187361495076517
reactive_power,19.0,5.0,,,,,,,-0.0009918284175854317
reactive_power,19.0,6.0,,,,,,,0.0
reactive_power,19.0,8.0,,,,,,,0.0
reactive_power,19.0,9.0,,,,,,,0.004625324844867387
reactive_power,19.0,10.0,,,,,,,-0.0011458834020185854
reactive_power,19.0,13.0,,,,,,,0.0
reactive_power,19.0,14.0,,,,,,,-0.0036190204636912006
reactive_power,19.0,15.0,,,,,,,0.0
reactive_power,19.0,16.0,,,,,,,3.084658481612374e-05
reactive_power,19.0,17.0,,,,,,,0.0
reactive_power,20.0,3.0,,,,,,,9.812588971603685e-05
reactive_power,20.0,5.0,,,,,,,-0.000739385186990002
reactive_power,20.0,6.0,,,,,,,0.0
reactive_power,20.0,8.0,,,,,,,0.0
reactive_power,20.0,9.0,,,,,,,0.0042753021140419555
reactive_power,20.0,10.0,,,,,,,-0.002697269813262293
reactive_power,20.0,13.0,,,,,,,0.0
reactive_power,20.0,14.0,,,,,,,-0.0035237037933507666
reactive_power,20.0,15.0,,,,,,,0.0
reactive_power,20.0,16.0,,,,,,,0.0
reactive_power,20.0,17.0,,,,,,,0.0
reactive_power,21.0,3.0,,,,,,,8.747054215251586e-05
reactive_power,21.0,5.0,,,,,,,-0.0010820760634683776
reactive_power,21.0,6.0,,,,,,,0.0
reactive_power,21.0,8.0,,,,,,,0.0
reactive_power,21.0,9.0,,,,,,,0.004710652269096964
reactive_power,21.0,10.0,,,,,,,-0.004347488650022824
reactive_power,21.0,13.0,,,,,,,0.0
reactive_power,21.0,14.0,,,,,,,-0.0036176891310181064
reactive_power,21.0,15.0,,,,,,,0.0
reactive_power,21.0,16.0,,,,,,,8.237712994440176e-05
reactive_power,21.0,17.0,,,,,,,0.0
reactive_power,22.0,3.0,,,,,,,7.670975400596292e-05
reactive_power,22.0,5.0,,,,,,,-3.686165290875745e-05
reactive_power,22.0,6.0,,,,,,,-0.00013046120493854713
reactive_power,22.0,8.0,,,,,,,0.0
reactive_power,22.0,9.0,,,,,,,0.0029999377250537755
reactive_power,22.0,10.0,,,,,,,-0.002695095632073416
reactive_power,22.0,13.0,,,,,,,0.0
reactive_power,22.0,14.0,,,,,,,-0.002953553904276346
reactive_power,22.0,15.0,,,,,,,0.0
reactive_power,22.0,16.0,,,,,,,8.237712994440176e-05
reactive_power,22.0,17.0,,,,,,,0.0
reactive_power,23.0,3.0,,,,,,,7.003364425542413e-05
reactive_power,23.0,5.0,,,,,,,-0.00039960335650591
reactive_power,23.0,6.0,,,,,,,-0.0006996115734474238
reactive_power,23.0,8.0,,,,,,,0.0
reactive_power,23.0,9.0,,,,,,,0.0029812553742327203
reactive_power,23.0,10.0,,,,,,,-0.006466678496001715
reactive_power,23.0,13.0,,,,,,,0.0
reactive_power,23.0,14.0,,,,,,,-0.0025728890853920897
reactive_power,23.0,15.0,,,,,,,0.0
reactive_power,23.0,16.0,,,,,,,8.237712994440176e-05
reactive_power,23.0,17.0,,,,,,,0.0
reactive_power,24.0,3.0,,,,,,,5.253260691717367e-05
reactive_power,24.0,5.0,,,,,,,0.001088998703211149
reactive_power,24.0,6.0,,,,,,,-0.0002879981388585557
reactive_power,24.0,8.0,,,,,,,0.0
reactive_power,24.0,9.0,,,,,,,8.476260965682924e-05
reactive_power,24.0,10.0,,,,,,,-0.0010683975925338148
reactive_power,24.0,13.0,,,,,,,0.0
reactive_power,24.0,14.0,,,,,,,-0.0011670146899521998
reactive_power,24.0,15.0,,,,,,,0.0
reactive_power,24.0,16.0,,,,,,,6.864760828700145e-05
reactive_power,24.0,17.0,,,,,,,0.0
fictitious_power_k,1.0,3.0,Poppy,,,,,,0.0
fictitious_power_k,1.0,3.0,Oxlip,,,,,,0.0
fictitious_power_k,1.0,3.0,Daisy,,,,,,0.0
fictitious_power_k,1.0,3.0,Tulip,,,,,,0.0
fictitious_power_k,1.0,3.0,Maryj,,,,,,-9.0
fictitious_power_k,1.0,5.0,Poppy,,,,,,0.0
fictitious_power_k,1.0,5.0,Oxlip,,,,,,0.0
fictitious_power_k,1.0,5.0,Daisy,,,,,,0.0
fictitious_power_k,1.0,5.0,Tulip,,,,,,0.0
fictitious_power_k,1.0,5.0,Maryj,,,,,,-2.0
fictitious_power_k,1.0,6.0,Poppy,,,,,,0.0
fictitious_power_k,1.0,6.0,Oxlip,,,,,,0.0
fictitious_power_k,1.0,6.0,Daisy,,,,,,0.0
fictitious_power_k,1.0,6.0,Tulip,,,,,,0.0
fictitious_power_k,1.0,6.0,Maryj,,,,,,1.0
fictitious_power_k,1.0,8.0,Poppy,,,,,,0.0
fictitious_power_k,1.0,8.0,Oxlip,,,,,,0.0
fictitious_power_k,1.0,8.0,Daisy,,,,,,-1.0
fictitious_power_k,1.0,8.0,Tulip,,,,,,0.0
fictitious_power_k,1.0,8.0,Maryj,,,,,,0.0
fictitious_power_k,1.0,9.0,Poppy,,,,,,0.0
fictitious_power_k,1.0,9.0,Oxlip,,,,,,0.0
fictitious_power_k,1.0,9.0,Daisy,,,,,,0.0
fictitious_power_k,1.0,9.0,Tulip,,,,,,0.0
fictitious_power_k,1.0,9.0,Maryj,,,,,,8.0
fictitious_power_k,1.0,10.0,Poppy,,,,,,0.0
fictitious_power_k,1.0,10.0,Oxlip,,,,,,0.0
fictitious_power_k,1.0,10.0,Daisy,,,,,,1.0
fictitious_power_k,1.0,10.0,Tulip,,,,,,0.0
fictitious_power_k,1.0,10.0,Maryj,,,,,,0.0
fictitious_power_k,1.0,13.0,Poppy,,,,,,0.0
fictitious_power_k,1.0,13.0,Oxlip,,,,,,0.0
fictitious_power_k,1.0,13.0,Daisy,,,,,,0.0
fictitious_power_k,1.0,13.0,Tulip,,,,,,0.0
fictitious_power_k,1.0,13.0,Maryj,,,,,,9.0
fictitious_power_k,1.0,14.0,Poppy,,,,,,0.0
fictitious_power_k,1.0,14.0,Oxlip,,,,,,0.0
fictitious_power_k,1.0,14.0,Daisy,,,,,,0.0
fictitious_power_k,1.0,14.0,Tulip,,,,,,0.0
fictitious_power_k,1.0,14.0,Maryj,,,,,,-3.0
fictitious_power_k,1.0,15.0,Poppy,,,,,,0.0
fictitious_power_k,1.0,15.0,Oxlip,,,,,,0.0
fictitious_power_k,1.0,15.0,Daisy,,,,,,0.0
fictitious_power_k,1.0,15.0,Tulip,,,,,,0.0
fictitious_power_k,1.0,15.0,Maryj,,,,,,-1.0
fictitious_power_k,1.0,16.0,Poppy,,,,,,0.0
fictitious_power_k,1.0,16.0,Oxlip,,,,,,0.0
fictitious_power_k,1.0,16.0,Daisy,,,,,,0.0
fictitious_power_k,1.0,16.0,Tulip,,,,,,-1.0
fictitious_power_k,1.0,16.0,Maryj,,,,,,0.0
fictitious_power_k,1.0,17.0,Poppy,,,,,,0.0
fictitious_power_k,1.0,17.0,Oxlip,,,,,,0.0
fictitious_power_k,1.0,17.0,Daisy,,,,,,0.0
fictitious_power_k,1.0,17.0,Tulip,,,,,,-2.0
fictitious_power_k,1.0,17.0,Maryj,,,,,,0.0
fictitious_power_k,2.0,3.0,Poppy,,,,,,0.0
fictitious_power_k,2.0,3.0,Oxlip,,,,,,0.0
fictitious_power_k,2.0,3.0,Daisy,,,,,,0.0
fictitious_power_k,2.0,3.0,Tulip,,,,,,0.0
fictitious_power_k,2.0,3.0,Maryj,,,,,,-9.0
fictitious_power_k,2.0,5.0,Poppy,,,,,,0.0
fictitious_power_k,2.0,5.0,Oxlip,,,,,,0.0
fictitious_power_k,2.0,5.0,Daisy,,,,,,0.0
fictitious_power_k,2.0,5.0,Tulip,,,,,,0.0
fictitious_power_k,2.0,5.0,Maryj,,,,,,-2.0
fictitious_power_k,2.0,6.0,Poppy,,,,,,0.0
fictitious_power_k,2.0,6.0,Oxlip,,,,,,0.0
fictitious_power_k,2.0,6.0,Daisy,,,,,,0.0
fictitious_power_k,2.0,6.0,Tulip,,,,,,0.0
fictitious_power_k,2.0,6.0,Maryj,,,,,,1.0
fictitious_power_k,2.0,8.0,Poppy,,,,,,0.0
fictitious_power_k,2.0,8.0,Oxlip,,,,,,0.0
fictitious_power_k,2.0,8.0,Daisy,,,,,,-1.0
fictitious_power_k,2.0,8.0,Tulip,,,,,,0.0
fictitious_power_k,2.0,8.0,Maryj,,,,,,0.0
fictitious_power_k,2.0,9.0,Poppy,,,,,,0.0
fictitious_power_k,2.0,9.0,Oxlip,,,,,,0.0
fictitious_power_k,2.0,9.0,Daisy,,,,,,0.0
fictitious_power_k,2.0,9.0,Tulip,,,,,,0.0
fictitious_power_k,2.0,9.0,Maryj,,,,,,8.0
fictitious_power_k,2.0,10.0,Poppy,,,,,,0.0
fictitious_power_k,2.0,10.0,Oxlip,,,,,,0.0
fictitious_power_k,2.0,10.0,Daisy,,,,,,1.0
fictitious_power_k,2.0,10.0,Tulip,,,,,,0.0
fictitious_power_k,2.0,10.0,Maryj,,,,,,0.0
fictitious_power_k,2.0,13.0,Poppy,,,,,,0.0
fictitious_power_k,2.0,13.0,Oxlip,,,,,,0.0
fictitious_power_k,2.0,13.0,Daisy,,,,,,0.0
fictitious_power_k,2.0,13.0,Tulip,,,,,,0.0
fictitious_power_k,2.0,13.0,Maryj,,,,,,9.0
fictitious_power_k,2.0,14.0,Poppy,,,,,,0.0
fictitious_power_k,2.0,14.0,Oxlip,,,,,,0.0
fictitious_power_k,2.0,14.0,Daisy,,,,,,0.0
fictitious_power_k,2.0,14.0,Tulip,,,,,,0.0
fictitious_power_k,2.0,14.0,Maryj,,,,,,-3.0
fictitious_power_k,2.0,15.0,Poppy,,,,,,0.0
fictitious_power_k,2.0,15.0,Oxlip,,,,,,0.0
fictitious_power_k,2.0,15.0,Daisy,,,,,,0.0
fictitious_power_k,2.0,15.0,Tulip,,,,,,0.0
fictitious_power_k,2.0,15.0,Maryj,,,,,,-1.0
fictitious_power_k,2.0,16.0,Poppy,,,,,,0.0
fictitious_power_k,2.0,16.0,Oxlip,,,,,,0.0
fictitious_power_k,2.0,16.0,Daisy,,,,,,0.0
fictitious_power_k,2.0,16.0,Tulip,,,,,,-1.0
fictitious_power_k,2.0,16.0,Maryj,,,,,,0.0
fictitious_power_k,2.0,17.0,Poppy,,,,,,0.0
fictitious_power_k,2.0,17.0,Oxlip,,,,,,0.0
fictitious_power_k,2.0,17.0,Daisy,,,,,,0.0
fictitious_power_k,2.0,17.0,Tulip,,,,,,-2.0
fictitious_power_k,2.0,17.0,Maryj,,,,,,0.0
fictitious_power_k,3.0,3.0,Poppy,,,,,,0.0
fictitious_power_k,3.0,3.0,Oxlip,,,,,,0.0
fictitious_power_k,3.0,3.0,Daisy,,,,,,0.0
fictitious_power_k,3.0,3.0,Tulip,,,,,,0.0
fictitious_power_k,3.0,3.0,Maryj,,,,,,-9.0
fictitious_power_k,3.0,5.0,Poppy,,,,,,0.0
fictitious_power_k,3.0,5.0,Oxlip,,,,,,0.0
fictitious_power_k,3.0,5.0,Daisy,,,,,,0.0
fictitious_power_k,3.0,5.0,Tulip,,,,,,0.0
fictitious_power_k,3.0,5.0,Maryj,,,,,,-2.0
fictitious_power_k,3.0,6.0,Poppy,,,,,,0.0
fictitious_power_k,3.0,6.0,Oxlip,,,,,,0.0
fictitious_power_k,3.0,6.0,Daisy,,,,,,0.0
fictitious_power_k,3.0,6.0,Tulip,,,,,,0.0
fictitious_power_k,3.0,6.0,Maryj,,,,,,1.0
fictitious_power_k,3.0,8.0,Poppy,,,,,,0.0
fictitious_power_k,3.0,8.0,Oxlip,,,,,,0.0
fictitious_power_k,3.0,8.0,Daisy,,,,,,-1.0
fictitious_power_k,3.0,8.0,Tulip,,,,,,0.0
fictitious_power_k,3.0,8.0,Maryj,,,,,,0.0
fictitious_power_k,3.0,9.0,Poppy,,,,,,0.0
fictitious_power_k,3.0,9.0,Oxlip,,,,,,0.0
fictitious_power_k,3.0,9.0,Daisy,,,,,,0.0
fictitious_power_k,3.0,9.0,Tulip,,,,,,0.0
fictitious_power_k,3.0,9.0,Maryj,,,,,,8.0
fictitious_power_k,3.0,10.0,Poppy,,,,,,0.0
fictitious_power_k,3.0,10.0,Oxlip,,,,,,0.0
fictitious_power_k,3.0,10.0,Daisy,,,,,,1.0
fictitious_power_k,3.0,10.0,Tulip,,,,,,0.0
fictitious_power_k,3.0,10.0,Maryj,,,,,,0.0
fictitious_power_k,3.0,13.0,Poppy,,,,,,0.0
fictitious_power_k,3.0,13.0,Oxlip,,,,,,0.0
fictitious_power_k,3.0,13.0,Daisy,,,,,,0.0
fictitious_power_k,3.0,13.0,Tulip,,,,,,0.0
fictitious_power_k,3.0,13.0,Maryj,,,,,,9.0
fictitious_power_k,3.0,14.0,Poppy,,,,,,0.0
fictitious_power_k,3.0,14.0,Oxlip,,,,,,0.0
fictitious_power_k,3.0,14.0,Daisy,,,,,,0.0
fictitious_power_k,3.0,14.0,Tulip,,,,,,0.0
fictitious_power_k,3.0,14.0,Maryj,,,,,,-3.0
fictitious_power_k,3.0,15.0,Poppy,,,,,,0.0
fictitious_power_k,3.0,15.0,Oxlip,,,,,,0.0
fictitious_power_k,3.0,15.0,Daisy,,,,,,0.0
fictitious_power_k,3.0,15.0,Tulip,,,,,,0.0
fictitious_power_k,3.0,15.0,Maryj,,,,,,-1.0
fictitious_power_k,3.0,16.0,Poppy,,,,,,0.0
fictitious_power_k,3.0,16.0,Oxlip,,,,,,0.0
fictitious_power_k,3.0,16.0,Daisy,,,,,,0.0
fictitious_power_k,3.0,16.0,Tulip,,,,,,-1.0
fictitious_power_k,3.0,16.0,Maryj,,,,,,0.0
fictitious_power_k,3.0,17.0,Poppy,,,,,,0.0
fictitious_power_k,3.0,17.0,Oxlip,,,,,,0.0
fictitious_power_k,3.0,17.0,Daisy,,,,,,0.0
fictitious_power_k,3.0,17.0,Tulip,,,,,,-2.0
fictitious_power_k,3.0,17.0,Maryj,,,,,,0.0
fictitious_power_k,4.0,3.0,Poppy,,,,,,0.0
fictitious_power_k,4.0,3.0,Oxlip,,,,,,0.0
fictitious_power_k,4.0,3.0,Daisy,,,,,,0.0
fictitious_power_k,4.0,3.0,Tulip,,,,,,0.0
fictitious_power_k,4.0,3.0,Maryj,,,,,,-9.0
fictitious_power_k,4.0,5.0,Poppy,,,,,,0.0
fictitious_power_k,4.0,5.0,Oxlip,,,,,,0.0
fictitious_power_k,4.0,5.0,Daisy,,,,,,0.0
fictitious_power_k,4.0,5.0,Tulip,,,,,,0.0
fictitious_power_k,4.0,5.0,Maryj,,,,,,-2.0
fictitious_power_k,4.0,6.0,Poppy,,,,,,0.0
fictitious_power_k,4.0,6.0,Oxlip,,,,,,0.0
fictitious_power_k,4.0,6.0,Daisy,,,,,,0.0
fictitious_power_k,4.0,6.0,Tulip,,,,,,0.0
fictitious_power_k,4.0,6.0,Maryj,,,,,,1.0
fictitious_power_k,4.0,8.0,Poppy,,,,,,0.0
fictitious_power_k,4.0,8.0,Oxlip,,,,,,0.0
fictitious_power_k,4.0,8.0,Daisy,,,,,,-1.0
fictitious_power_k,4.0,8.0,Tulip,,,,,,0.0
fictitious_power_k,4.0,8.0,Maryj,,,,,,0.0
fictitious_power_k,4.0,9.0,Poppy,,,,,,0.0
fictitious_power_k,4.0,9.0,Oxlip,,,,,,0.0
fictitious_power_k,4.0,9.0,Daisy,,,,,,0.0
fictitious_power_k,4.0,9.0,Tulip,,,,,,0.0
fictitious_power_k,4.0,9.0,Maryj,,,,,,8.0
fictitious_power_k,4.0,10.0,Poppy,,,,,,0.0
fictitious_power_k,4.0,10.0,Oxlip,,,,,,0.0
fictitious_power_k,4.0,10.0,Daisy,,,,,,1.0
fictitious_power_k,4.0,10.0,Tulip,,,,,,0.0
fictitious_power_k,4.0,10.0,Maryj,,,,,,0.0
fictitious_power_k,4.0,13.0,Poppy,,,,,,0.0
fictitious_power_k,4.0,13.0,Oxlip,,,,,,0.0
fictitious_power_k,4.0,13.0,Daisy,,,,,,0.0
fictitious_power_k,4.0,13.0,Tulip,,,,,,0.0
fictitious_power_k,4.0,13.0,Maryj,,,,,,9.0
fictitious_power_k,4.0,14.0,Poppy,,,,,,0.0
fictitious_power_k,4.0,14.0,Oxlip,,,,,,0.0
fictitious_power_k,4.0,14.0,Daisy,,,,,,0.0
fictitious_power_k,4.0,14.0,Tulip,,,,,,0.0
fictitious_power_k,4.0,14.0,Maryj,,,,,,-3.0
fictitious_power_k,4.0,15.0,Poppy,,,,,,0.0
fictitious_power_k,4.0,15.0,Oxlip,,,,,,0.0
fictitious_power_k,4.0,15.0,Daisy,,,,,,0.0
fictitious_power_k,4.0,15.0,Tulip,,,,,,0.0
fictitious_power_k,4.0,15.0,Maryj,,,,,,-1.0
fictitious_power_k,4.0,16.0,Poppy,,,,,,0.0
fictitious_power_k,4.0,16.0,Oxlip,,,,,,0.0
fictitious_power_k,4.0,16.0,Daisy,,,,,,0.0
fictitious_power_k,4.0,16.0,Tulip,,,,,,-1.0
fictitious_power_k,4.0,16.0,Maryj,,,,,,0.0
fictitious_power_k,4.0,17.0,Poppy,,,,,,0.0
fictitious_power_k,4.0,17.0,Oxlip,,,,,,0.0
fictitious_power_k,4.0,17.0,Daisy,,,,,,0.0
fictitious_power_k,4.0,17.0,Tulip,,,,,,-2.0
fictitious_power_k,4.0,17.0,Maryj,,,,,,0.0
fictitious_power_k,5.0,3.0,Poppy,,,,,,0.0
fictitious_power_k,5.0,3.0,Oxlip,,,,,,0.0
fictitious_power_k,5.0,3.0,Daisy,,,,,,0.0
fictitious_power_k,5.0,3.0,Tulip,,,,,,0.0
fictitious_power_k,5.0,3.0,Maryj,,,,,,-9.0
fictitious_power_k,5.0,5.0,Poppy,,,,,,0.0
fictitious_power_k,5.0,5.0,Oxlip,,,,,,0.0
fictitious_power_k,5.0,5.0,Daisy,,,,,,0.0
fictitious_power_k,5.0,5.0,Tulip,,,,,,0.0
fictitious_power_k,5.0,5.0,Maryj,,,,,,-2.0
fictitious_power_k,5.0,6.0,Poppy,,,,,,0.0
fictitious_power_k,5.0,6.0,Oxlip,,,,,,0.0
fictitious_power_k,5.0,6.0,Daisy,,,,,,0.0
fictitious_power_k,5.0,6.0,Tulip,,,,,,0.0
fictitious_power_k,5.0,6.0,Maryj,,,,,,1.0
fictitious_power_k,5.0,8.0,Poppy,,,,,,0.0
fictitious_power_k,5.0,8.0,Oxlip,,,,,,0.0
fictitious_power_k,5.0,8.0,Daisy,,,,,,-1.0
fictitious_power_k,5.0,8.0,Tulip,,,,,,0.0
fictitious_power_k,5.0,8.0,Maryj,,,,,,0.0
fictitious_power_k,5.0,9.0,Poppy,,,,,,0.0
fictitious_power_k,5.0,9.0,Oxlip,,,,,,0.0
fictitious_power_k,5.0,9.0,Daisy,,,,,,0.0
fictitious_power_k,5.0,9.0,Tulip,,,,,,0.0
fictitious_power_k,5.0,9.0,Maryj,,,,,,8.0
fictitious_power_k,5.0,10.0,Poppy,,,,,,0.0
fictitious_power_k,5.0,10.0,Oxlip,,,,,,0.0
fictitious_power_k,5.0,10.0,Daisy,,,,,,1.0
fictitious_power_k,5.0,10.0,Tulip,,,,,,0.0
fictitious_power_k,5.0,10.0,Maryj,,,,,,0.0
fictitious_power_k,5.0,13.0,Poppy,,,,,,0.0
fictitious_power_k,5.0,13.0,Oxlip,,,,,,0.0
fictitious_power_k,5.0,13.0,Daisy,,,,,,0.0
fictitious_power_k,5.0,13.0,Tulip,,,,,,0.0
fictitious_power_k,5.0,13.0,Maryj,,,,,,9.0
fictitious_power_k,5.0,14.0,Poppy,,,,,,0.0
fictitious_power_k,5.0,14.0,Oxlip,,,,,,0.0
fictitious_power_k,5.0,14.0,Daisy,,,,,,0.0
fictitious_power_k,5.0,14.0,Tulip,,,,,,0.0
fictitious_power_k,5.0,14.0,Maryj,,,,,,-3.0
fictitious_power_k,5.0,15.0,Poppy,,,,,,0.0
fictitious_power_k,5.0,15.0,Oxlip,,,,,,0.0
fictitious_power_k,5.0,15.0,Daisy,,,,,,0.0
fictitious_power_k,5.0,15.0,Tulip,,,,,,0.0
fictitious_power_k,5.0,15.0,Maryj,,,,,,-1.0
fictitious_power_k,5.0,16.0,Poppy,,,,,,0.0
fictitious_power_k,5.0,16.0,Oxlip,,,,,,0.0
fictitious_power_k,5.0,16.0,Daisy,,,,,,0.0
fictitious_power_k,5.0,16.0,Tulip,,,,,,-1.0
fictitious_power_k,5.0,16.0,Maryj,,,,,,0.0
fictitious_power_k,5.0,17.0,Poppy,,,,,,0.0
fictitious_power_k,5.0,17.0,Oxlip,,,,,,0.0
fictitious_power_k,5.0,17.0,Daisy,,,,,,0.0
fictitious_power_k,5.0,17.0,Tulip,,,,,,-2.0
fictitious_power_k,5.0,17.0,Maryj,,,,,,0.0
fictitious_power_k,6.0,3.0,Poppy,,,,,,0.0
fictitious_power_k,6.0,3.0,Oxlip,,,,,,0.0
fictitious_power_k,6.0,3.0,Daisy,,,,,,0.0
fictitious_power_k,6.0,3.0,Tulip,,,,,,0.0
fictitious_power_k,6.0,3.0,Maryj,,,,,,-9.0
fictitious_power_k,6.0,5.0,Poppy,,,,,,0.0
fictitious_power_k,6.0,5.0,Oxlip,,,,,,0.0
fictitious_power_k,6.0,5.0,Daisy,,,,,,0.0
fictitious_power_k,6.0,5.0,Tulip,,,,,,0.0
fictitious_power_k,6.0,5.0,Maryj,,,,,,-2.0
fictitious_power_k,6.0,6.0,Poppy,,,,,,0.0
fictitious_power_k,6.0,6.0,Oxlip,,,,,,0.0
fictitious_power_k,6.0,6.0,Daisy,,,,,,0.0
fictitious_power_k,6.0,6.0,Tulip,,,,,,0.0
fictitious_power_k,6.0,6.0,Maryj,,,,,,1.0
fictitious_power_k,6.0,8.0,Poppy,,,,,,0.0
fictitious_power_k,6.0,8.0,Oxlip,,,,,,0.0
fictitious_power_k,6.0,8.0,Daisy,,,,,,-1.0
fictitious_power_k,6.0,8.0,Tulip,,,,,,0.0
fictitious_power_k,6.0,8.0,Maryj,,,,,,0.0
fictitious_power_k,6.0,9.0,Poppy,,,,,,0.0
fictitious_power_k,6.0,9.0,Oxlip,,,,,,0.0
fictitious_power_k,6.0,9.0,Daisy,,,,,,0.0
fictitious_power_k,6.0,9.0,Tulip,,,,,,0.0
fictitious_power_k,6.0,9.0,Maryj,,,,,,8.0
fictitious_power_k,6.0,10.0,Poppy,,,,,,0.0
fictitious_power_k,6.0,10.0,Oxlip,,,,,,0.0
fictitious_power_k,6.0,10.0,Daisy,,,,,,1.0
fictitious_power_k,6.0,10.0,Tulip,,,,,,0.0
fictitious_power_k,6.0,10.0,Maryj,,,,,,0.0
fictitious_power_k,6.0,13.0,Poppy,,,,,,0.0
fictitious_power_k,6.0,13.0,Oxlip,,,,,,0.0
fictitious_power_k,6.0,13.0,Daisy,,,,,,0.0
fictitious_power_k,6.0,13.0,Tulip,,,,,,0.0
fictitious_power_k,6.0,13.0,Maryj,,,,,,9.0
fictitious_power_k,6.0,14.0,Poppy,,,,,,0.0
fictitious_power_k,6.0,14.0,Oxlip,,,,,,0.0
fictitious_power_k,6.0,14.0,Daisy,,,,,,0.0
fictitious_power_k,6.0,14.0,Tulip,,,,,,0.0
fictitious_power_k,6.0,14.0,Maryj,,,,,,-3.0
fictitious_power_k,6.0,15.0,Poppy,,,,,,0.0
fictitious_power_k,6.0,15.0,Oxlip,,,,,,0.0
fictitious_power_k,6.0,15.0,Daisy,,,,,,0.0
fictitious_power_k,6.0,15.0,Tulip,,,,,,0.0
fictitious_power_k,6.0,15.0,Maryj,,,,,,-1.0
fictitious_power_k,6.0,16.0,Poppy,,,,,,0.0
fictitious_power_k,6.0,16.0,Oxlip,,,,,,0.0
fictitious_power_k,6.0,16.0,Daisy,,,,,,0.0
fictitious_power_k,6.0,16.0,Tulip,,,,,,-1.0
fictitious_power_k,6.0,16.0,Maryj,,,,,,0.0
fictitious_power_k,6.0,17.0,Poppy,,,,,,0.0
fictitious_power_k,6.0,17.0,Oxlip,,,,,,0.0
fictitious_power_k,6.0,17.0,Daisy,,,,,,0.0
fictitious_power_k,6.0,17.0,Tulip,,,,,,-2.0
fictitious_power_k,6.0,17.0,Maryj,,,,,,0.0
fictitious_power_k,7.0,3.0,Poppy,,,,,,0.0
fictitious_power_k,7.0,3.0,Oxlip,,,,,,0.0
fictitious_power_k,7.0,3.0,Daisy,,,,,,0.0
fictitious_power_k,7.0,3.0,Tulip,,,,,,0.0
fictitious_power_k,7.0,3.0,Maryj,,,,,,-9.0
fictitious_power_k,7.0,5.0,Poppy,,,,,,0.0
fictitious_power_k,7.0,5.0,Oxlip,,,,,,0.0
fictitious_power_k,7.0,5.0,Daisy,,,,,,0.0
fictitious_power_k,7.0,5.0,Tulip,,,,,,0.0
fictitious_power_k,7.0,5.0,Maryj,,,,,,-2.0
fictitious_power_k,7.0,6.0,Poppy,,,,,,0.0
fictitious_power_k,7.0,6.0,Oxlip,,,,,,0.0
fictitious_power_k,7.0,6.0,Daisy,,,,,,0.0
fictitious_power_k,7.0,6.0,Tulip,,,,,,0.0
fictitious_power_k,7.0,6.0,Maryj,,,,,,1.0
fictitious_power_k,7.0,8.0,Poppy,,,,,,0.0
fictitious_power_k,7.0,8.0,Oxlip,,,,,,0.0
fictitious_power_k,7.0,8.0,Daisy,,,,,,-1.0
fictitious_power_k,7.0,8.0,Tulip,,,,,,0.0
fictitious_power_k,7.0,8.0,Maryj,,,,,,0.0
fictitious_power_k,7.0,9.0,Poppy,,,,,,0.0
fictitious_power_k,7.0,9.0,Oxlip,,,,,,0.0
fictitious_power_k,7.0,9.0,Daisy,,,,,,0.0
fictitious_power_k,7.0,9.0,Tulip,,,,,,0.0
fictitious_power_k,7.0,9.0,Maryj,,,,,,8.0
fictitious_power_k,7.0,10.0,Poppy,,,,,,0.0
fictitious_power_k,7.0,10.0,Oxlip,,,,,,0.0
fictitious_power_k,7.0,10.0,Daisy,,,,,,1.0
fictitious_power_k,7.0,10.0,Tulip,,,,,,0.0
fictitious_power_k,7.0,10.0,Maryj,,,,,,0.0
fictitious_power_k,7.0,13.0,Poppy,,,,,,0.0
fictitious_power_k,7.0,13.0,Oxlip,,,,,,0.0
fictitious_power_k,7.0,13.0,Daisy,,,,,,0.0
fictitious_power_k,7.0,13.0,Tulip,,,,,,0.0
fictitious_power_k,7.0,13.0,Maryj,,,,,,9.0
fictitious_power_k,7.0,14.0,Poppy,,,,,,0.0
fictitious_power_k,7.0,14.0,Oxlip,,,,,,0.0
fictitious_power_k,7.0,14.0,Daisy,,,,,,0.0
fictitious_power_k,7.0,14.0,Tulip,,,,,,0.0
fictitious_power_k,7.0,14.0,Maryj,,,,,,-3.0
fictitious_power_k,7.0,15.0,Poppy,,,,,,0.0
fictitious_power_k,7.0,15.0,Oxlip,,,,,,0.0
fictitious_power_k,7.0,15.0,Daisy,,,,,,0.0
fictitious_power_k,7.0,15.0,Tulip,,,,,,0.0
fictitious_power_k,7.0,15.0,Maryj,,,,,,-1.0
fictitious_power_k,7.0,16.0,Poppy,,,,,,0.0
fictitious_power_k,7.0,16.0,Oxlip,,,,,,0.0
fictitious_power_k,7.0,16.0,Daisy,,,,,,0.0
fictitious_power_k,7.0,16.0,Tulip,,,,,,-1.0
fictitious_power_k,7.0,16.0,Maryj,,,,,,0.0
fictitious_power_k,7.0,17.0,Poppy,,,,,,0.0
fictitious_power_k,7.0,17.0,Oxlip,,,,,,0.0
fictitious_power_k,7.0,17.0,Daisy,,,,,,0.0
fictitious_power_k,7.0,17.0,Tulip,,,,,,-2.0
fictitious_power_k,7.0,17.0,Maryj,,,,,,0.0
fictitious_power_k,8.0,3.0,Poppy,,,,,,0.0
fictitious_power_k,8.0,3.0,Oxlip,,,,,,0.0
fictitious_power_k,8.0,3.0,Daisy,,,,,,0.0
fictitious_power_k,8.0,3.0,Tulip,,,,,,0.0
fictitious_power_k,8.0,3.0,Maryj,,,,,,-9.0
fictitious_power_k,8.0,5.0,Poppy,,,,,,0.0
fictitious_power_k,8.0,5.0,Oxlip,,,,,,0.0
fictitious_power_k,8.0,5.0,Daisy,,,,,,0.0
fictitious_power_k,8.0,5.0,Tulip,,,,,,0.0
fictitious_power_k,8.0,5.0,Maryj,,,,,,-2.0
fictitious_power_k,8.0,6.0,Poppy,,,,,,0.0
fictitious_power_k,8.0,6.0,Oxlip,,,,,,0.0
fictitious_power_k,8.0,6.0,Daisy,,,,,,0.0
fictitious_power_k,8.0,6.0,Tulip,,,,,,0.0
fictitious_power_k,8.0,6.0,Maryj,,,,,,1.0
fictitious_power_k,8.0,8.0,Poppy,,,,,,0.0
fictitious_power_k,8.0,8.0,Oxlip,,,,,,0.0
fictitious_power_k,8.0,8.0,Daisy,,,,,,-1.0
fictitious_power_k,8.0,8.0,Tulip,,,,,,0.0
fictitious_power_k,8.0,8.0,Maryj,,,,,,0.0
fictitious_power_k,8.0,9.0,Poppy,,,,,,0.0
fictitious_power_k,8.0,9.0,Oxlip,,,,,,0.0
fictitious_power_k,8.0,9.0,Daisy,,,,,,0.0
fictitious_power_k,8.0,9.0,Tulip,,,,,,0.0
fictitious_power_k,8.0,9.0,Maryj,,,,,,8.0
fictitious_power_k,8.0,10.0,Poppy,,,,,,0.0
fictitious_power_k,8.0,10.0,Oxlip,,,,,,0.0
fictitious_power_k,8.0,10.0,Daisy,,,,,,1.0
fictitious_power_k,8.0,10.0,Tulip,,,,,,0.0
fictitious_power_k,8.0,10.0,Maryj,,,,,,0.0
fictitious_power_k,8.0,13.0,Poppy,,,,,,0.0
fictitious_power_k,8.0,13.0,Oxlip,,,,,,0.0
fictitious_power_k,8.0,13.0,Daisy,,,,,,0.0
fictitious_power_k,8.0,13.0,Tulip,,,,,,0.0
fictitious_power_k,8.0,13.0,Maryj,,,,,,9.0
fictitious_power_k,8.0,14.0,Poppy,,,,,,0.0
fictitious_power_k,8.0,14.0,Oxlip,,,,,,0.0
fictitious_power_k,8.0,14.0,Daisy,,,,,,0.0
fictitious_power_k,8.0,14.0,Tulip,,,,,,0.0
fictitious_power_k,8.0,14.0,Maryj,,,,,,-3.0
fictitious_power_k,8.0,15.0,Poppy,,,,,,0.0
fictitious_power_k,8.0,15.0,Oxlip,,,,,,0.0
fictitious_power_k,8.0,15.0,Daisy,,,,,,0.0
fictitious_power_k,8.0,15.0,Tulip,,,,,,0.0
fictitious_power_k,8.0,15.0,Maryj,,,,,,-1.0
fictitious_power_k,8.0,16.0,Poppy,,,,,,0.0
fictitious_power_k,8.0,16.0,Oxlip,,,,,,0.0
fictitious_power_k,8.0,16.0,Daisy,,,,,,0.0
fictitious_power_k,8.0,16.0,Tulip,,,,,,-1.0
fictitious_power_k,8.0,16.0,Maryj,,,,,,0.0
fictitious_power_k,8.0,17.0,Poppy,,,,,,0.0
fictitious_power_k,8.0,17.0,Oxlip,,,,,,0.0
fictitious_power_k,8.0,17.0,Daisy,,,,,,0.0
fictitious_power_k,8.0,17.0,Tulip,,,,,,-2.0
fictitious_power_k,8.0,17.0,Maryj,,,,,,0.0
fictitious_power_k,9.0,3.0,Poppy,,,,,,0.0
fictitious_power_k,9.0,3.0,Oxlip,,,,,,0.0
fictitious_power_k,9.0,3.0,Daisy,,,,,,0.0
fictitious_power_k,9.0,3.0,Tulip,,,,,,0.0
fictitious_power_k,9.0,3.0,Maryj,,,,,,-9.0
fictitious_power_k,9.0,5.0,Poppy,,,,,,0.0
fictitious_power_k,9.0,5.0,Oxlip,,,,,,0.0
fictitious_power_k,9.0,5.0,Daisy,,,,,,0.0
fictitious_power_k,9.0,5.0,Tulip,,,,,,0.0
fictitious_power_k,9.0,5.0,Maryj,,,,,,-2.0
fictitious_power_k,9.0,6.0,Poppy,,,,,,0.0
fictitious_power_k,9.0,6.0,Oxlip,,,,,,0.0
fictitious_power_k,9.0,6.0,Daisy,,,,,,0.0
fictitious_power_k,9.0,6.0,Tulip,,,,,,0.0
fictitious_power_k,9.0,6.0,Maryj,,,,,,1.0
fictitious_power_k,9.0,8.0,Poppy,,,,,,0.0
fictitious_power_k,9.0,8.0,Oxlip,,,,,,0.0
fictitious_power_k,9.0,8.0,Daisy,,,,,,-1.0
fictitious_power_k,9.0,8.0,Tulip,,,,,,0.0
fictitious_power_k,9.0,8.0,Maryj,,,,,,0.0
fictitious_power_k,9.0,9.0,Poppy,,,,,,0.0
fictitious_power_k,9.0,9.0,Oxlip,,,,,,0.0
fictitious_power_k,9.0,9.0,Daisy,,,,,,0.0
fictitious_power_k,9.0,9.0,Tulip,,,,,,0.0
fictitious_power_k,9.0,9.0,Maryj,,,,,,8.0
fictitious_power_k,9.0,10.0,Poppy,,,,,,0.0
fictitious_power_k,9.0,10.0,Oxlip,,,,,,0.0
fictitious_power_k,9.0,10.0,Daisy,,,,,,1.0
fictitious_power_k,9.0,10.0,Tulip,,,,,,0.0
fictitious_power_k,9.0,10.0,Maryj,,,,,,0.0
fictitious_power_k,9.0,13.0,Poppy,,,,,,0.0
fictitious_power_k,9.0,13.0,Oxlip,,,,,,0.0
fictitious_power_k,9.0,13.0,Daisy,,,,,,0.0
fictitious_power_k,9.0,13.0,Tulip,,,,,,0.0
fictitious_power_k,9.0,13.0,Maryj,,,,,,9.0
fictitious_power_k,9.0,14.0,Poppy,,,,,,0.0
fictitious_power_k,9.0,14.0,Oxlip,,,,,,0.0
fictitious_power_k,9.0,14.0,Daisy,,,,,,0.0
fictitious_power_k,9.0,14.0,Tulip,,,,,,0.0
fictitious_power_k,9.0,14.0,Maryj,,,,,,-3.0
fictitious_power_k,9.0,15.0,Poppy,,,,,,0.0
fictitious_power_k,9.0,15.0,Oxlip,,,,,,0.0
fictitious_power_k,9.0,15.0,Daisy,,,,,,0.0
fictitious_power_k,9.0,15.0,Tulip,,,,,,0.0
fictitious_power_k,9.0,15.0,Maryj,,,,,,-1.0
fictitious_power_k,9.0,16.0,Poppy,,,,,,0.0
fictitious_power_k,9.0,16.0,Oxlip,,,,,,0.0
fictitious_power_k,9.0,16.0,Daisy,,,,,,0.0
fictitious_power_k,9.0,16.0,Tulip,,,,,,-1.0
fictitious_power_k,9.0,16.0,Maryj,,,,,,0.0
fictitious_power_k,9.0,17.0,Poppy,,,,,,0.0
fictitious_power_k,9.0,17.0,Oxlip,,,,,,0.0
fictitious_power_k,9.0,17.0,Daisy,,,,,,0.0
fictitious_power_k,9.0,17.0,Tulip,,,,,,-2.0
fictitious_power_k,9.0,17.0,Maryj,,,,,,0.0
fictitious_power_k,10.0,3.0,Poppy,,,,,,0.0
fictitious_power_k,10.0,3.0,Oxlip,,,,,,0.0
fictitious_power_k,10.0,3.0,Daisy,,,,,,0.0
fictitious_power_k,10.0,3.0,Tulip,,,,,,0.0
fictitious_power_k,10.0,3.0,Maryj,,,,,,-9.0
fictitious_power_k,10.0,5.0,Poppy,,,,,,0.0
fictitious_power_k,10.0,5.0,Oxlip,,,,,,0.0
fictitious_power_k,10.0,5.0,Daisy,,,,,,0.0
fictitious_power_k,10.0,5.0,Tulip,,,,,,0.0
fictitious_power_k,10.0,5.0,Maryj,,,,,,-2.0
fictitious_power_k,10.0,6.0,Poppy,,,,,,0.0
fictitious_power_k,10.0,6.0,Oxlip,,,,,,0.0
fictitious_power_k,10.0,6.0,Daisy,,,,,,0.0
fictitious_power_k,10.0,6.0,Tulip,,,,,,0.0
fictitious_power_k,10.0,6.0,Maryj,,,,,,1.0
fictitious_power_k,10.0,8.0,Poppy,,,,,,0.0
fictitious_power_k,10.0,8.0,Oxlip,,,,,,0.0
fictitious_power_k,10.0,8.0,Daisy,,,,,,-1.0
fictitious_power_k,10.0,8.0,Tulip,,,,,,0.0
fictitious_power_k,10.0,8.0,Maryj,,,,,,0.0
fictitious_power_k,10.0,9.0,Poppy,,,,,,0.0
fictitious_power_k,10.0,9.0,Oxlip,,,,,,0.0
fictitious_power_k,10.0,9.0,Daisy,,,,,,0.0
fictitious_power_k,10.0,9.0,Tulip,,,,,,0.0
fictitious_power_k,10.0,9.0,Maryj,,,,,,8.0
fictitious_power_k,10.0,10.0,Poppy,,,,,,0.0
fictitious_power_k,10.0,10.0,Oxlip,,,,,,0.0
fictitious_power_k,10.0,10.0,Daisy,,,,,,1.0
fictitious_power_k,10.0,10.0,Tulip,,,,,,0.0
fictitious_power_k,10.0,10.0,Maryj,,,,,,0.0
fictitious_power_k,10.0,13.0,Poppy,,,,,,0.0
fictitious_power_k,10.0,13.0,Oxlip,,,,,,0.0
fictitious_power_k,10.0,13.0,Daisy,,,,,,0.0
fictitious_power_k,10.0,13.0,Tulip,,,,,,0.0
fictitious_power_k,10.0,13.0,Maryj,,,,,,9.0
fictitious_power_k,10.0,14.0,Poppy,,,,,,0.0
fictitious_power_k,10.0,14.0,Oxlip,,,,,,0.0
fictitious_power_k,10.0,14.0,Daisy,,,,,,0.0
fictitious_power_k,10.0,14.0,Tulip,,,,,,0.0
fictitious_power_k,10.0,14.0,Maryj,,,,,,-3.0
fictitious_power_k,10.0,15.0,Poppy,,,,,,0.0
fictitious_power_k,10.0,15.0,Oxlip,,,,,,0.0
fictitious_power_k,10.0,15.0,Daisy,,,,,,0.0
fictitious_power_k,10.0,15.0,Tulip,,,,,,0.0
fictitious_power_k,10.0,15.0,Maryj,,,,,,-1.0
fictitious_power_k,10.0,16.0,Poppy,,,,,,0.0
fictitious_power_k,10.0,16.0,Oxlip,,,,,,0.0
fictitious_power_k,10.0,16.0,Daisy,,,,,,0.0
fictitious_power_k,10.0,16.0,Tulip,,,,,,-1.0
fictitious_power_k,10.0,16.0,Maryj,,,,,,0.0
fictitious_power_k,10.0,17.0,Poppy,,,,,,0.0
fictitious_power_k,10.0,17.0,Oxlip,,,,,,0.0
fictitious_power_k,10.0,17.0,Daisy,,,,,,0.0
fictitious_power_k,10.0,17.0,Tulip,,,,,,-2.0
fictitious_power_k,10.0,17.0,Maryj,,,,,,0.0
fictitious_power_k,11.0,3.0,Poppy,,,,,,0.0
fictitious_power_k,11.0,3.0,Oxlip,,,,,,0.0
fictitious_power_k,11.0,3.0,Daisy,,,,,,0.0
fictitious_power_k,11.0,3.0,Tulip,,,,,,0.0
fictitious_power_k,11.0,3.0,Maryj,,,,,,-9.0
fictitious_power_k,11.0,5.0,Poppy,,,,,,0.0
fictitious_power_k,11.0,5.0,Oxlip,,,,,,0.0
fictitious_power_k,11.0,5.0,Daisy,,,,,,0.0
fictitious_power_k,11.0,5.0,Tulip,,,,,,0.0
fictitious_power_k,11.0,5.0,Maryj,,,,,,-2.0
fictitious_power_k,11.0,6.0,Poppy,,,,,,0.0
fictitious_power_k,11.0,6.0,Oxlip,,,,,,0.0
fictitious_power_k,11.0,6.0,Daisy,,,,,,0.0
fictitious_power_k,11.0,6.0,Tulip,,,,,,0.0
fictitious_power_k,11.0,6.0,Maryj,,,,,,1.0
fictitious_power_k,11.0,8.0,Poppy,,,,,,0.0
fictitious_power_k,11.0,8.0,Oxlip,,,,,,0.0
fictitious_power_k,11.0,8.0,Daisy,,,,,,-1.0
fictitious_power_k,11.0,8.0,Tulip,,,,,,0.0
fictitious_power_k,11.0,8.0,Maryj,,,,,,0.0
fictitious_power_k,11.0,9.0,Poppy,,,,,,0.0
fictitious_power_k,11.0,9.0,Oxlip,,,,,,0.0
fictitious_power_k,11.0,9.0,Daisy,,,,,,0.0
fictitious_power_k,11.0,9.0,Tulip,,,,,,0.0
fictitious_power_k,11.0,9.0,Maryj,,,,,,8.0
fictitious_power_k,11.0,10.0,Poppy,,,,,,0.0
fictitious_power_k,11.0,10.0,Oxlip,,,,,,0.0
fictitious_power_k,11.0,10.0,Daisy,,,,,,1.0
fictitious_power_k,11.0,10.0,Tulip,,,,,,0.0
fictitious_power_k,11.0,10.0,Maryj,,,,,,0.0
fictitious_power_k,11.0,13.0,Poppy,,,,,,0.0
fictitious_power_k,11.0,13.0,Oxlip,,,,,,0.0
fictitious_power_k,11.0,13.0,Daisy,,,,,,0.0
fictitious_power_k,11.0,13.0,Tulip,,,,,,0.0
fictitious_power_k,11.0,13.0,Maryj,,,,,,9.0
fictitious_power_k,11.0,14.0,Poppy,,,,,,0.0
fictitious_power_k,11.0,14.0,Oxlip,,,,,,0.0
fictitious_power_k,11.0,14.0,Daisy,,,,,,0.0
fictitious_power_k,11.0,14.0,Tulip,,,,,,0.0
fictitious_power_k,11.0,14.0,Maryj,,,,,,-3.0
fictitious_power_k,11.0,15.0,Poppy,,,,,,0.0
fictitious_power_k,11.0,15.0,Oxlip,,,,,,0.0
fictitious_power_k,11.0,15.0,Daisy,,,,,,0.0
fictitious_power_k,11.0,15.0,Tulip,,,,,,0.0
fictitious_power_k,11.0,15.0,Maryj,,,,,,-1.0
fictitious_power_k,11.0,16.0,Poppy,,,,,,0.0
fictitious_power_k,11.0,16.0,Oxlip,,,,,,0.0
fictitious_power_k,11.0,16.0,Daisy,,,,,,0.0
fictitious_power_k,11.0,16.0,Tulip,,,,,,-1.0
fictitious_power_k,11.0,16.0,Maryj,,,,,,0.0
fictitious_power_k,11.0,17.0,Poppy,,,,,,0.0
fictitious_power_k,11.0,17.0,Oxlip,,,,,,0.0
fictitious_power_k,11.0,17.0,Daisy,,,,,,0.0
fictitious_power_k,11.0,17.0,Tulip,,,,,,-2.0
fictitious_power_k,11.0,17.0,Maryj,,,,,,0.0
fictitious_power_k,12.0,3.0,Poppy,,,,,,0.0
fictitious_power_k,12.0,3.0,Oxlip,,,,,,0.0
fictitious_power_k,12.0,3.0,Daisy,,,,,,0.0
fictitious_power_k,12.0,3.0,Tulip,,,,,,0.0
fictitious_power_k,12.0,3.0,Maryj,,,,,,-9.0
fictitious_power_k,12.0,5.0,Poppy,,,,,,0.0
fictitious_power_k,12.0,5.0,Oxlip,,,,,,0.0
fictitious_power_k,12.0,5.0,Daisy,,,,,,0.0
fictitious_power_k,12.0,5.0,Tulip,,,,,,0.0
fictitious_power_k,12.0,5.0,Maryj,,,,,,-2.0
fictitious_power_k,12.0,6.0,Poppy,,,,,,0.0
fictitious_power_k,12.0,6.0,Oxlip,,,,,,0.0
fictitious_power_k,12.0,6.0,Daisy,,,,,,0.0
fictitious_power_k,12.0,6.0,Tulip,,,,,,0.0
fictitious_power_k,12.0,6.0,Maryj,,,,,,1.0
fictitious_power_k,12.0,8.0,Poppy,,,,,,0.0
fictitious_power_k,12.0,8.0,Oxlip,,,,,,0.0
fictitious_power_k,12.0,8.0,Daisy,,,,,,-1.0
fictitious_power_k,12.0,8.0,Tulip,,,,,,0.0
fictitious_power_k,12.0,8.0,Maryj,,,,,,0.0
fictitious_power_k,12.0,9.0,Poppy,,,,,,0.0
fictitious_power_k,12.0,9.0,Oxlip,,,,,,0.0
fictitious_power_k,12.0,9.0,Daisy,,,,,,0.0
fictitious_power_k,12.0,9.0,Tulip,,,,,,0.0
fictitious_power_k,12.0,9.0,Maryj,,,,,,8.0
fictitious_power_k,12.0,10.0,Poppy,,,,,,0.0
fictitious_power_k,12.0,10.0,Oxlip,,,,,,0.0
fictitious_power_k,12.0,10.0,Daisy,,,,,,1.0
fictitious_power_k,12.0,10.0,Tulip,,,,,,0.0
fictitious_power_k,12.0,10.0,Maryj,,,,,,0.0
fictitious_power_k,12.0,13.0,Poppy,,,,,,0.0
fictitious_power_k,12.0,13.0,Oxlip,,,,,,0.0
fictitious_power_k,12.0,13.0,Daisy,,,,,,0.0
fictitious_power_k,12.0,13.0,Tulip,,,,,,0.0
fictitious_power_k,12.0,13.0,Maryj,,,,,,9.0
fictitious_power_k,12.0,14.0,Poppy,,,,,,0.0
fictitious_power_k,12.0,14.0,Oxlip,,,,,,0.0
fictitious_power_k,12.0,14.0,Daisy,,,,,,0.0
fictitious_power_k,12.0,14.0,Tulip,,,,,,0.0
fictitious_power_k,12.0,14.0,Maryj,,,,,,-3.0
fictitious_power_k,12.0,15.0,Poppy,,,,,,0.0
fictitious_power_k,12.0,15.0,Oxlip,,,,,,0.0
fictitious_power_k,12.0,15.0,Daisy,,,,,,0.0
fictitious_power_k,12.0,15.0,Tulip,,,,,,0.0
fictitious_power_k,12.0,15.0,Maryj,,,,,,-1.0
fictitious_power_k,12.0,16.0,Poppy,,,,,,0.0
fictitious_power_k,12.0,16.0,Oxlip,,,,,,0.0
fictitious_power_k,12.0,16.0,Daisy,,,,,,0.0
fictitious_power_k,12.0,16.0,Tulip,,,,,,-1.0
fictitious_power_k,12.0,16.0,Maryj,,,,,,0.0
fictitious_power_k,12.0,17.0,Poppy,,,,,,0.0
fictitious_power_k,12.0,17.0,Oxlip,,,,,,0.0
fictitious_power_k,12.0,17.0,Daisy,,,,,,0.0
fictitious_power_k,12.0,17.0,Tulip,,,,,,-2.0
fictitious_power_k,12.0,17.0,Maryj,,,,,,0.0
fictitious_power_k,13.0,3.0,Poppy,,,,,,0.0
fictitious_power_k,13.0,3.0,Oxlip,,,,,,0.0
fictitious_power_k,13.0,3.0,Daisy,,,,,,0.0
fictitious_power_k,13.0,3.0,Tulip,,,,,,0.0
fictitious_power_k,13.0,3.0,Maryj,,,,,,-9.0
fictitious_power_k,13.0,5.0,Poppy,,,,,,0.0
fictitious_power_k,13.0,5.0,Oxlip,,,,,,0.0
fictitious_power_k,13.0,5.0,Daisy,,,,,,0.0
fictitious_power_k,13.0,5.0,Tulip,,,,,,0.0
fictitious_power_k,13.0,5.0,Maryj,,,,,,-2.0
fictitious_power_k,13.0,6.0,Poppy,,,,,,0.0
fictitious_power_k,13.0,6.0,Oxlip,,,,,,0.0
fictitious_power_k,13.0,6.0,Daisy,,,,,,0.0
fictitious_power_k,13.0,6.0,Tulip,,,,,,0.0
fictitious_power_k,13.0,6.0,Maryj,,,,,,1.0
fictitious_power_k,13.0,8.0,Poppy,,,,,,0.0
fictitious_power_k,13.0,8.0,Oxlip,,,,,,0.0
fictitious_power_k,13.0,8.0,Daisy,,,,,,-1.0
fictitious_power_k,13.0,8.0,Tulip,,,,,,0.0
fictitious_power_k,13.0,8.0,Maryj,,,,,,0.0
fictitious_power_k,13.0,9.0,Poppy,,,,,,0.0
fictitious_power_k,13.0,9.0,Oxlip,,,,,,0.0
fictitious_power_k,13.0,9.0,Daisy,,,,,,0.0
fictitious_power_k,13.0,9.0,Tulip,,,,,,0.0
fictitious_power_k,13.0,9.0,Maryj,,,,,,8.0
fictitious_power_k,13.0,10.0,Poppy,,,,,,0.0
fictitious_power_k,13.0,10.0,Oxlip,,,,,,0.0
fictitious_power_k,13.0,10.0,Daisy,,,,,,1.0
fictitious_power_k,13.0,10.0,Tulip,,,,,,0.0
fictitious_power_k,13.0,10.0,Maryj,,,,,,0.0
fictitious_power_k,13.0,13.0,Poppy,,,,,,0.0
fictitious_power_k,13.0,13.0,Oxlip,,,,,,0.0
fictitious_power_k,13.0,13.0,Daisy,,,,,,0.0
fictitious_power_k,13.0,13.0,Tulip,,,,,,0.0
fictitious_power_k,13.0,13.0,Maryj,,,,,,9.0
fictitious_power_k,13.0,14.0,Poppy,,,,,,0.0
fictitious_power_k,13.0,14.0,Oxlip,,,,,,0.0
fictitious_power_k,13.0,14.0,Daisy,,,,,,0.0
fictitious_power_k,13.0,14.0,Tulip,,,,,,0.0
fictitious_power_k,13.0,14.0,Maryj,,,,,,-3.0
fictitious_power_k,13.0,15.0,Poppy,,,,,,0.0
fictitious_power_k,13.0,15.0,Oxlip,,,,,,0.0
fictitious_power_k,13.0,15.0,Daisy,,,,,,0.0
fictitious_power_k,13.0,15.0,Tulip,,,,,,0.0
fictitious_power_k,13.0,15.0,Maryj,,,,,,-1.0
fictitious_power_k,13.0,16.0,Poppy,,,,,,0.0
fictitious_power_k,13.0,16.0,Oxlip,,,,,,0.0
fictitious_power_k,13.0,16.0,Daisy,,,,,,0.0
fictitious_power_k,13.0,16.0,Tulip,,,,,,-1.0
fictitious_power_k,13.0,16.0,Maryj,,,,,,0.0
fictitious_power_k,13.0,17.0,Poppy,,,,,,0.0
fictitious_power_k,13.0,17.0,Oxlip,,,,,,0.0
fictitious_power_k,13.0,17.0,Daisy,,,,,,0.0
fictitious_power_k,13.0,17.0,Tulip,,,,,,-2.0
fictitious_power_k,13.0,17.0,Maryj,,,,,,0.0
fictitious_power_k,14.0,3.0,Poppy,,,,,,0.0
fictitious_power_k,14.0,3.0,Oxlip,,,,,,0.0
fictitious_power_k,14.0,3.0,Daisy,,,,,,0.0
fictitious_power_k,14.0,3.0,Tulip,,,,,,0.0
fictitious_power_k,14.0,3.0,Maryj,,,,,,-9.0
fictitious_power_k,14.0,5.0,Poppy,,,,,,0.0
fictitious_power_k,14.0,5.0,Oxlip,,,,,,0.0
fictitious_power_k,14.0,5.0,Daisy,,,,,,0.0
fictitious_power_k,14.0,5.0,Tulip,,,,,,0.0
fictitious_power_k,14.0,5.0,Maryj,,,,,,-2.0
fictitious_power_k,14.0,6.0,Poppy,,,,,,0.0
fictitious_power_k,14.0,6.0,Oxlip,,,,,,0.0
fictitious_power_k,14.0,6.0,Daisy,,,,,,0.0
fictitious_power_k,14.0,6.0,Tulip,,,,,,0.0
fictitious_power_k,14.0,6.0,Maryj,,,,,,1.0
fictitious_power_k,14.0,8.0,Poppy,,,,,,0.0
fictitious_power_k,14.0,8.0,Oxlip,,,,,,0.0
fictitious_power_k,14.0,8.0,Daisy,,,,,,-1.0
fictitious_power_k,14.0,8.0,Tulip,,,,,,0.0
fictitious_power_k,14.0,8.0,Maryj,,,,,,0.0
fictitious_power_k,14.0,9.0,Poppy,,,,,,0.0
fictitious_power_k,14.0,9.0,Oxlip,,,,,,0.0
fictitious_power_k,14.0,9.0,Daisy,,,,,,0.0
fictitious_power_k,14.0,9.0,Tulip,,,,,,0.0
fictitious_power_k,14.0,9.0,Maryj,,,,,,8.0
fictitious_power_k,14.0,10.0,Poppy,,,,,,0.0
fictitious_power_k,14.0,10.0,Oxlip,,,,,,0.0
fictitious_power_k,14.0,10.0,Daisy,,,,,,1.0
fictitious_power_k,14.0,10.0,Tulip,,,,,,0.0
fictitious_power_k,14.0,10.0,Maryj,,,,,,0.0
fictitious_power_k,14.0,13.0,Poppy,,,,,,0.0
fictitious_power_k,14.0,13.0,Oxlip,,,,,,0.0
fictitious_power_k,14.0,13.0,Daisy,,,,,,0.0
fictitious_power_k,14.0,13.0,Tulip,,,,,,0.0
fictitious_power_k,14.0,13.0,Maryj,,,,,,9.0
fictitious_power_k,14.0,14.0,Poppy,,,,,,0.0
fictitious_power_k,14.0,14.0,Oxlip,,,,,,0.0
fictitious_power_k,14.0,14.0,Daisy,,,,,,0.0
fictitious_power_k,14.0,14.0,Tulip,,,,,,0.0
fictitious_power_k,14.0,14.0,Maryj,,,,,,-3.0
fictitious_power_k,14.0,15.0,Poppy,,,,,,0.0
fictitious_power_k,14.0,15.0,Oxlip,,,,,,0.0
fictitious_power_k,14.0,15.0,Daisy,,,,,,0.0
fictitious_power_k,14.0,15.0,Tulip,,,,,,0.0
fictitious_power_k,14.0,15.0,Maryj,,,,,,-1.0
fictitious_power_k,14.0,16.0,Poppy,,,,,,0.0
fictitious_power_k,14.0,16.0,Oxlip,,,,,,0.0
fictitious_power_k,14.0,16.0,Daisy,,,,,,0.0
fictitious_power_k,14.0,16.0,Tulip,,,,,,-1.0
fictitious_power_k,14.0,16.0,Maryj,,,,,,0.0
fictitious_power_k,14.0,17.0,Poppy,,,,,,0.0
fictitious_power_k,14.0,17.0,Oxlip,,,,,,0.0
fictitious_power_k,14.0,17.0,Daisy,,,,,,0.0
fictitious_power_k,14.0,17.0,Tulip,,,,,,-2.0
fictitious_power_k,14.0,17.0,Maryj,,,,,,0.0
fictitious_power_k,15.0,3.0,Poppy,,,,,,0.0
fictitious_power_k,15.0,3.0,Oxlip,,,,,,0.0
fictitious_power_k,15.0,3.0,Daisy,,,,,,0.0
fictitious_power_k,15.0,3.0,Tulip,,,,,,0.0
fictitious_power_k,15.0,3.0,Maryj,,,,,,-9.0
fictitious_power_k,15.0,5.0,Poppy,,,,,,0.0
fictitious_power_k,15.0,5.0,Oxlip,,,,,,0.0
fictitious_power_k,15.0,5.0,Daisy,,,,,,0.0
fictitious_power_k,15.0,5.0,Tulip,,,,,,0.0
fictitious_power_k,15.0,5.0,Maryj,,,,,,-2.0
fictitious_power_k,15.0,6.0,Poppy,,,,,,0.0
fictitious_power_k,15.0,6.0,Oxlip,,,,,,0.0
fictitious_power_k,15.0,6.0,Daisy,,,,,,0.0
fictitious_power_k,15.0,6.0,Tulip,,,,,,0.0
fictitious_power_k,15.0,6.0,Maryj,,,,,,1.0
fictitious_power_k,15.0,8.0,Poppy,,,,,,0.0
fictitious_power_k,15.0,8.0,Oxlip,,,,,,0.0
fictitious_power_k,15.0,8.0,Daisy,,,,,,-1.0
fictitious_power_k,15.0,8.0,Tulip,,,,,,0.0
fictitious_power_k,15.0,8.0,Maryj,,,,,,0.0
fictitious_power_k,15.0,9.0,Poppy,,,,,,0.0
fictitious_power_k,15.0,9.0,Oxlip,,,,,,0.0
fictitious_power_k,15.0,9.0,Daisy,,,,,,0.0
fictitious_power_k,15.0,9.0,Tulip,,,,,,0.0
fictitious_power_k,15.0,9.0,Maryj,,,,,,8.0
fictitious_power_k,15.0,10.0,Poppy,,,,,,0.0
fictitious_power_k,15.0,10.0,Oxlip,,,,,,0.0
fictitious_power_k,15.0,10.0,Daisy,,,,,,1.0
fictitious_power_k,15.0,10.0,Tulip,,,,,,0.0
fictitious_power_k,15.0,10.0,Maryj,,,,,,0.0
fictitious_power_k,15.0,13.0,Poppy,,,,,,0.0
fictitious_power_k,15.0,13.0,Oxlip,,,,,,0.0
fictitious_power_k,15.0,13.0,Daisy,,,,,,0.0
fictitious_power_k,15.0,13.0,Tulip,,,,,,0.0
fictitious_power_k,15.0,13.0,Maryj,,,,,,9.0
fictitious_power_k,15.0,14.0,Poppy,,,,,,0.0
fictitious_power_k,15.0,14.0,Oxlip,,,,,,0.0
fictitious_power_k,15.0,14.0,Daisy,,,,,,0.0
fictitious_power_k,15.0,14.0,Tulip,,,,,,0.0
fictitious_power_k,15.0,14.0,Maryj,,,,,,-3.0
fictitious_power_k,15.0,15.0,Poppy,,,,,,0.0
fictitious_power_k,15.0,15.0,Oxlip,,,,,,0.0
fictitious_power_k,15.0,15.0,Daisy,,,,,,0.0
fictitious_power_k,15.0,15.0,Tulip,,,,,,0.0
fictitious_power_k,15.0,15.0,Maryj,,,,,,-1.0
fictitious_power_k,15.0,16.0,Poppy,,,,,,0.0
fictitious_power_k,15.0,16.0,Oxlip,,,,,,0.0
fictitious_power_k,15.0,16.0,Daisy,,,,,,0.0
fictitious_power_k,15.0,16.0,Tulip,,,,,,-1.0
fictitious_power_k,15.0,16.0,Maryj,,,,,,0.0
fictitious_power_k,15.0,17.0,Poppy,,,,,,0.0
fictitious_power_k,15.0,17.0,Oxlip,,,,,,0.0
fictitious_power_k,15.0,17.0,Daisy,,,,,,0.0
fictitious_power_k,15.0,17.0,Tulip,,,,,,-2.0
fictitious_power_k,15.0,17.0,Maryj,,,,,,0.0
fictitious_power_k,16.0,3.0,Poppy,,,,,,0.0
fictitious_power_k,16.0,3.0,Oxlip,,,,,,0.0
fictitious_power_k,16.0,3.0,Daisy,,,,,,0.0
fictitious_power_k,16.0,3.0,Tulip,,,,,,0.0
fictitious_power_k,16.0,3.0,Maryj,,,,,,-9.0
fictitious_power_k,16.0,5.0,Poppy,,,,,,0.0
fictitious_power_k,16.0,5.0,Oxlip,,,,,,0.0
fictitious_power_k,16.0,5.0,Daisy,,,,,,0.0
fictitious_power_k,16.0,5.0,Tulip,,,,,,0.0
fictitious_power_k,16.0,5.0,Maryj,,,,,,-2.0
fictitious_power_k,16.0,6.0,Poppy,,,,,,0.0
fictitious_power_k,16.0,6.0,Oxlip,,,,,,0.0
fictitious_power_k,16.0,6.0,Daisy,,,,,,0.0
fictitious_power_k,16.0,6.0,Tulip,,,,,,0.0
fictitious_power_k,16.0,6.0,Maryj,,,,,,1.0
fictitious_power_k,16.0,8.0,Poppy,,,,,,0.0
fictitious_power_k,16.0,8.0,Oxlip,,,,,,0.0
fictitious_power_k,16.0,8.0,Daisy,,,,,,-1.0
fictitious_power_k,16.0,8.0,Tulip,,,,,,0.0
fictitious_power_k,16.0,8.0,Maryj,,,,,,0.0
fictitious_power_k,16.0,9.0,Poppy,,,,,,0.0
fictitious_power_k,16.0,9.0,Oxlip,,,,,,0.0
fictitious_power_k,16.0,9.0,Daisy,,,,,,0.0
fictitious_power_k,16.0,9.0,Tulip,,,,,,0.0
fictitious_power_k,16.0,9.0,Maryj,,,,,,8.0
fictitious_power_k,16.0,10.0,Poppy,,,,,,0.0
fictitious_power_k,16.0,10.0,Oxlip,,,,,,0.0
fictitious_power_k,16.0,10.0,Daisy,,,,,,1.0
fictitious_power_k,16.0,10.0,Tulip,,,,,,0.0
fictitious_power_k,16.0,10.0,Maryj,,,,,,0.0
fictitious_power_k,16.0,13.0,Poppy,,,,,,0.0
fictitious_power_k,16.0,13.0,Oxlip,,,,,,0.0
fictitious_power_k,16.0,13.0,Daisy,,,,,,0.0
fictitious_power_k,16.0,13.0,Tulip,,,,,,0.0
fictitious_power_k,16.0,13.0,Maryj,,,,,,9.0
fictitious_power_k,16.0,14.0,Poppy,,,,,,0.0
fictitious_power_k,16.0,14.0,Oxlip,,,,,,0.0
fictitious_power_k,16.0,14.0,Daisy,,,,,,0.0
fictitious_power_k,16.0,14.0,Tulip,,,,,,0.0
fictitious_power_k,16.0,14.0,Maryj,,,,,,-3.0
fictitious_power_k,16.0,15.0,Poppy,,,,,,0.0
fictitious_power_k,16.0,15.0,Oxlip,,,,,,0.0
fictitious_power_k,16.0,15.0,Daisy,,,,,,0.0
fictitious_power_k,16.0,15.0,Tulip,,,,,,0.0
fictitious_power_k,16.0,15.0,Maryj,,,,,,-1.0
fictitious_power_k,16.0,16.0,Poppy,,,,,,0.0
fictitious_power_k,16.0,16.0,Oxlip,,,,,,0.0
fictitious_power_k,16.0,16.0,Daisy,,,,,,0.0
fictitious_power_k,16.0,16.0,Tulip,,,,,,-1.0
fictitious_power_k,16.0,16.0,Maryj,,,,,,0.0
fictitious_power_k,16.0,17.0,Poppy,,,,,,0.0
fictitious_power_k,16.0,17.0,Oxlip,,,,,,0.0
fictitious_power_k,16.0,17.0,Daisy,,,,,,0.0
fictitious_power_k,16.0,17.0,Tulip,,,,,,-2.0
fictitious_power_k,16.0,17.0,Maryj,,,,,,0.0
fictitious_power_k,17.0,3.0,Poppy,,,,,,0.0
fictitious_power_k,17.0,3.0,Oxlip,,,,,,0.0
fictitious_power_k,17.0,3.0,Daisy,,,,,,0.0
fictitious_power_k,17.0,3.0,Tulip,,,,,,0.0
fictitious_power_k,17.0,3.0,Maryj,,,,,,-9.0
fictitious_power_k,17.0,5.0,Poppy,,,,,,0.0
fictitious_power_k,17.0,5.0,Oxlip,,,,,,0.0
fictitious_power_k,17.0,5.0,Daisy,,,,,,0.0
fictitious_power_k,17.0,5.0,Tulip,,,,,,0.0
fictitious_power_k,17.0,5.0,Maryj,,,,,,-2.0
fictitious_power_k,17.0,6.0,Poppy,,,,,,0.0
fictitious_power_k,17.0,6.0,Oxlip,,,,,,0.0
fictitious_power_k,17.0,6.0,Daisy,,,,,,0.0
fictitious_power_k,17.0,6.0,Tulip,,,,,,0.0
fictitious_power_k,17.0,6.0,Maryj,,,,,,1.0
fictitious_power_k,17.0,8.0,Poppy,,,,,,0.0
fictitious_power_k,17.0,8.0,Oxlip,,,,,,0.0
fictitious_power_k,17.0,8.0,Daisy,,,,,,-1.0
fictitious_power_k,17.0,8.0,Tulip,,,,,,0.0
fictitious_power_k,17.0,8.0,Maryj,,,,,,0.0
fictitious_power_k,17.0,9.0,Poppy,,,,,,0.0
fictitious_power_k,17.0,9.0,Oxlip,,,,,,0.0
fictitious_power_k,17.0,9.0,Daisy,,,,,,0.0
fictitious_power_k,17.0,9.0,Tulip,,,,,,0.0
fictitious_power_k,17.0,9.0,Maryj,,,,,,8.0
fictitious_power_k,17.0,10.0,Poppy,,,,,,0.0
fictitious_power_k,17.0,10.0,Oxlip,,,,,,0.0
fictitious_power_k,17.0,10.0,Daisy,,,,,,1.0
fictitious_power_k,17.0,10.0,Tulip,,,,,,0.0
fictitious_power_k,17.0,10.0,Maryj,,,,,,0.0
fictitious_power_k,17.0,13.0,Poppy,,,,,,0.0
fictitious_power_k,17.0,13.0,Oxlip,,,,,,0.0
fictitious_power_k,17.0,13.0,Daisy,,,,,,0.0
fictitious_power_k,17.0,13.0,Tulip,,,,,,0.0
fictitious_power_k,17.0,13.0,Maryj,,,,,,9.0
fictitious_power_k,17.0,14.0,Poppy,,,,,,0.0
fictitious_power_k,17.0,14.0,Oxlip,,,,,,0.0
fictitious_power_k,17.0,14.0,Daisy,,,,,,0.0
fictitious_power_k,17.0,14.0,Tulip,,,,,,0.0
fictitious_power_k,17.0,14.0,Maryj,,,,,,-3.0
fictitious_power_k,17.0,15.0,Poppy,,,,,,0.0
fictitious_power_k,17.0,15.0,Oxlip,,,,,,0.0
fictitious_power_k,17.0,15.0,Daisy,,,,,,0.0
fictitious_power_k,17.0,15.0,Tulip,,,,,,0.0
fictitious_power_k,17.0,15.0,Maryj,,,,,,-1.0
fictitious_power_k,17.0,16.0,Poppy,,,,,,0.0
fictitious_power_k,17.0,16.0,Oxlip,,,,,,0.0
fictitious_power_k,17.0,16.0,Daisy,,,,,,0.0
fictitious_power_k,17.0,16.0,Tulip,,,,,,-1.0
fictitious_power_k,17.0,16.0,Maryj,,,,,,0.0
fictitious_power_k,17.0,17.0,Poppy,,,,,,0.0
fictitious_power_k,17.0,17.0,Oxlip,,,,,,0.0
fictitious_power_k,17.0,17.0,Daisy,,,,,,0.0
fictitious_power_k,17.0,17.0,Tulip,,,,,,-2.0
fictitious_power_k,17.0,17.0,Maryj,,,,,,0.0
fictitious_power_k,18.0,3.0,Poppy,,,,,,0.0
fictitious_power_k,18.0,3.0,Oxlip,,,,,,0.0
fictitious_power_k,18.0,3.0,Daisy,,,,,,0.0
fictitious_power_k,18.0,3.0,Tulip,,,,,,0.0
fictitious_power_k,18.0,3.0,Maryj,,,,,,-9.0
fictitious_power_k,18.0,5.0,Poppy,,,,,,0.0
fictitious_power_k,18.0,5.0,Oxlip,,,,,,0.0
fictitious_power_k,18.0,5.0,Daisy,,,,,,0.0
fictitious_power_k,18.0,5.0,Tulip,,,,,,0.0
fictitious_power_k,18.0,5.0,Maryj,,,,,,-2.0
fictitious_power_k,18.0,6.0,Poppy,,,,,,0.0
fictitious_power_k,18.0,6.0,Oxlip,,,,,,0.0
fictitious_power_k,18.0,6.0,Daisy,,,,,,0.0
fictitious_power_k,18.0,6.0,Tulip,,,,,,0.0
fictitious_power_k,18.0,6.0,Maryj,,,,,,1.0
fictitious_power_k,18.0,8.0,Poppy,,,,,,0.0
fictitious_power_k,18.0,8.0,Oxlip,,,,,,0.0
fictitious_power_k,18.0,8.0,Daisy,,,,,,-1.0
fictitious_power_k,18.0,8.0,Tulip,,,,,,0.0
fictitious_power_k,18.0,8.0,Maryj,,,,,,0.0
fictitious_power_k,18.0,9.0,Poppy,,,,,,0.0
fictitious_power_k,18.0,9.0,Oxlip,,,,,,0.0
fictitious_power_k,18.0,9.0,Daisy,,,,,,0.0
fictitious_power_k,18.0,9.0,Tulip,,,,,,0.0
fictitious_power_k,18.0,9.0,Maryj,,,,,,8.0
fictitious_power_k,18.0,10.0,Poppy,,,,,,0.0
fictitious_power_k,18.0,10.0,Oxlip,,,,,,0.0
fictitious_power_k,18.0,10.0,Daisy,,,,,,1.0
fictitious_power_k,18.0,10.0,Tulip,,,,,,0.0
fictitious_power_k,18.0,10.0,Maryj,,,,,,0.0
fictitious_power_k,18.0,13.0,Poppy,,,,,,0.0
fictitious_power_k,18.0,13.0,Oxlip,,,,,,0.0
fictitious_power_k,18.0,13.0,Daisy,,,,,,0.0
fictitious_power_k,18.0,13.0,Tulip,,,,,,0.0
fictitious_power_k,18.0,13.0,Maryj,,,,,,9.0
fictitious_power_k,18.0,14.0,Poppy,,,,,,0.0
fictitious_power_k,18.0,14.0,Oxlip,,,,,,0.0
fictitious_power_k,18.0,14.0,Daisy,,,,,,0.0
fictitious_power_k,18.0,14.0,Tulip,,,,,,0.0
fictitious_power_k,18.0,14.0,Maryj,,,,,,-3.0
fictitious_power_k,18.0,15.0,Poppy,,,,,,0.0
fictitious_power_k,18.0,15.0,Oxlip,,,,,,0.0
fictitious_power_k,18.0,15.0,Daisy,,,,,,0.0
fictitious_power_k,18.0,15.0,Tulip,,,,,,0.0
fictitious_power_k,18.0,15.0,Maryj,,,,,,-1.0
fictitious_power_k,18.0,16.0,Poppy,,,,,,0.0
fictitious_power_k,18.0,16.0,Oxlip,,,,,,0.0
fictitious_power_k,18.0,16.0,Daisy,,,,,,0.0
fictitious_power_k,18.0,16.0,Tulip,,,,,,-1.0
fictitious_power_k,18.0,16.0,Maryj,,,,,,0.0
fictitious_power_k,18.0,17.0,Poppy,,,,,,0.0
fictitious_power_k,18.0,17.0,Oxlip,,,,,,0.0
fictitious_power_k,18.0,17.0,Daisy,,,,,,0.0
fictitious_power_k,18.0,17.0,Tulip,,,,,,-2.0
fictitious_power_k,18.0,17.0,Maryj,,,,,,0.0
fictitious_power_k,19.0,3.0,Poppy,,,,,,0.0
fictitious_power_k,19.0,3.0,Oxlip,,,,,,0.0
fictitious_power_k,19.0,3.0,Daisy,,,,,,0.0
fictitious_power_k,19.0,3.0,Tulip,,,,,,0.0
fictitious_power_k,19.0,3.0,Maryj,,,,,,-9.0
fictitious_power_k,19.0,5.0,Poppy,,,,,,0.0
fictitious_power_k,19.0,5.0,Oxlip,,,,,,0.0
fictitious_power_k,19.0,5.0,Daisy,,,,,,0.0
fictitious_power_k,19.0,5.0,Tulip,,,,,,0.0
fictitious_power_k,19.0,5.0,Maryj,,,,,,-2.0
fictitious_power_k,19.0,6.0,Poppy,,,,,,0.0
fictitious_power_k,19.0,6.0,Oxlip,,,,,,0.0
fictitious_power_k,19.0,6.0,Daisy,,,,,,0.0
fictitious_power_k,19.0,6.0,Tulip,,,,,,0.0
fictitious_power_k,19.0,6.0,Maryj,,,,,,1.0
fictitious_power_k,19.0,8.0,Poppy,,,,,,0.0
fictitious_power_k,19.0,8.0,Oxlip,,,,,,0.0
fictitious_power_k,19.0,8.0,Daisy,,,,,,-1.0
fictitious_power_k,19.0,8.0,Tulip,,,,,,0.0
fictitious_power_k,19.0,8.0,Maryj,,,,,,0.0
fictitious_power_k,19.0,9.0,Poppy,,,,,,0.0
fictitious_power_k,19.0,9.0,Oxlip,,,,,,0.0
fictitious_power_k,19.0,9.0,Daisy,,,,,,0.0
fictitious_power_k,19.0,9.0,Tulip,,,,,,0.0
fictitious_power_k,19.0,9.0,Maryj,,,,,,8.0
fictitious_power_k,19.0,10.0,Poppy,,,,,,0.0
fictitious_power_k,19.0,10.0,Oxlip,,,,,,0.0
fictitious_power_k,19.0,10.0,Daisy,,,,,,1.0
fictitious_power_k,19.0,10.0,Tulip,,,,,,0.0
fictitious_power_k,19.0,10.0,Maryj,,,,,,0.0
fictitious_power_k,19.0,13.0,Poppy,,,,,,0.0
fictitious_power_k,19.0,13.0,Oxlip,,,,,,0.0
fictitious_power_k,19.0,13.0,Daisy,,,,,,0.0
fictitious_power_k,19.0,13.0,Tulip,,,,,,0.0
fictitious_power_k,19.0,13.0,Maryj,,,,,,9.0
fictitious_power_k,19.0,14.0,Poppy,,,,,,0.0
fictitious_power_k,19.0,14.0,Oxlip,,,,,,0.0
fictitious_power_k,19.0,14.0,Daisy,,,,,,0.0
fictitious_power_k,19.0,14.0,Tulip,,,,,,0.0
fictitious_power_k,19.0,14.0,Maryj,,,,,,-3.0
fictitious_power_k,19.0,15.0,Poppy,,,,,,0.0
fictitious_power_k,19.0,15.0,Oxlip,,,,,,0.0
fictitious_power_k,19.0,15.0,Daisy,,,,,,0.0
fictitious_power_k,19.0,15.0,Tulip,,,,,,0.0
fictitious_power_k,19.0,15.0,Maryj,,,,,,-1.0
fictitious_power_k,19.0,16.0,Poppy,,,,,,0.0
fictitious_power_k,19.0,16.0,Oxlip,,,,,,0.0
fictitious_power_k,19.0,16.0,Daisy,,,,,,0.0
fictitious_power_k,19.0,16.0,Tulip,,,,,,-1.0
fictitious_power_k,19.0,16.0,Maryj,,,,,,0.0
fictitious_power_k,19.0,17.0,Poppy,,,,,,0.0
fictitious_power_k,19.0,17.0,Oxlip,,,,,,0.0
fictitious_power_k,19.0,17.0,Daisy,,,,,,0.0
fictitious_power_k,19.0,17.0,Tulip,,,,,,-2.0
fictitious_power_k,19.0,17.0,Maryj,,,,,,0.0
fictitious_power_k,20.0,3.0,Poppy,,,,,,0.0
fictitious_power_k,20.0,3.0,Oxlip,,,,,,0.0
fictitious_power_k,20.0,3.0,Daisy,,,,,,0.0
fictitious_power_k,20.0,3.0,Tulip,,,,,,0.0
fictitious_power_k,20.0,3.0,Maryj,,,,,,-9.0
fictitious_power_k,20.0,5.0,Poppy,,,,,,0.0
fictitious_power_k,20.0,5.0,Oxlip,,,,,,0.0
fictitious_power_k,20.0,5.0,Daisy,,,,,,0.0
fictitious_power_k,20.0,5.0,Tulip,,,,,,0.0
fictitious_power_k,20.0,5.0,Maryj,,,,,,-2.0
fictitious_power_k,20.0,6.0,Poppy,,,,,,0.0
fictitious_power_k,20.0,6.0,Oxlip,,,,,,0.0
fictitious_power_k,20.0,6.0,Daisy,,,,,,0.0
fictitious_power_k,20.0,6.0,Tulip,,,,,,0.0
fictitious_power_k,20.0,6.0,Maryj,,,,,,1.0
fictitious_power_k,20.0,8.0,Poppy,,,,,,0.0
fictitious_power_k,20.0,8.0,Oxlip,,,,,,0.0
fictitious_power_k,20.0,8.0,Daisy,,,,,,-1.0
fictitious_power_k,20.0,8.0,Tulip,,,,,,0.0
fictitious_power_k,20.0,8.0,Maryj,,,,,,0.0
fictitious_power_k,20.0,9.0,Poppy,,,,,,0.0
fictitious_power_k,20.0,9.0,Oxlip,,,,,,0.0
fictitious_power_k,20.0,9.0,Daisy,,,,,,0.0
fictitious_power_k,20.0,9.0,Tulip,,,,,,0.0
fictitious_power_k,20.0,9.0,Maryj,,,,,,8.0
fictitious_power_k,20.0,10.0,Poppy,,,,,,0.0
fictitious_power_k,20.0,10.0,Oxlip,,,,,,0.0
fictitious_power_k,20.0,10.0,Daisy,,,,,,1.0
fictitious_power_k,20.0,10.0,Tulip,,,,,,0.0
fictitious_power_k,20.0,10.0,Maryj,,,,,,0.0
fictitious_power_k,20.0,13.0,Poppy,,,,,,0.0
fictitious_power_k,20.0,13.0,Oxlip,,,,,,0.0
fictitious_power_k,20.0,13.0,Daisy,,,,,,0.0
fictitious_power_k,20.0,13.0,Tulip,,,,,,0.0
fictitious_power_k,20.0,13.0,Maryj,,,,,,9.0
fictitious_power_k,20.0,14.0,Poppy,,,,,,0.0
fictitious_power_k,20.0,14.0,Oxlip,,,,,,0.0
fictitious_power_k,20.0,14.0,Daisy,,,,,,0.0
fictitious_power_k,20.0,14.0,Tulip,,,,,,0.0
fictitious_power_k,20.0,14.0,Maryj,,,,,,-3.0
fictitious_power_k,20.0,15.0,Poppy,,,,,,0.0
fictitious_power_k,20.0,15.0,Oxlip,,,,,,0.0
fictitious_power_k,20.0,15.0,Daisy,,,,,,0.0
fictitious_power_k,20.0,15.0,Tulip,,,,,,0.0
fictitious_power_k,20.0,15.0,Maryj,,,,,,-1.0
fictitious_power_k,20.0,16.0,Poppy,,,,,,0.0
fictitious_power_k,20.0,16.0,Oxlip,,,,,,0.0
fictitious_power_k,20.0,16.0,Daisy,,,,,,0.0
fictitious_power_k,20.0,16.0,Tulip,,,,,,-1.0
fictitious_power_k,20.0,16.0,Maryj,,,,,,0.0
fictitious_power_k,20.0,17.0,Poppy,,,,,,0.0
fictitious_power_k,20.0,17.0,Oxlip,,,,,,0.0
fictitious_power_k,20.0,17.0,Daisy,,,,,,0.0
fictitious_power_k,20.0,17.0,Tulip,,,,,,-2.0
fictitious_power_k,20.0,17.0,Maryj,,,,,,0.0
fictitious_power_k,21.0,3.0,Poppy,,,,,,0.0
fictitious_power_k,21.0,3.0,Oxlip,,,,,,0.0
fictitious_power_k,21.0,3.0,Daisy,,,,,,0.0
fictitious_power_k,21.0,3.0,Tulip,,,,,,0.0
fictitious_power_k,21.0,3.0,Maryj,,,,,,-9.0
fictitious_power_k,21.0,5.0,Poppy,,,,,,0.0
fictitious_power_k,21.0,5.0,Oxlip,,,,,,0.0
fictitious_power_k,21.0,5.0,Daisy,,,,,,0.0
fictitious_power_k,21.0,5.0,Tulip,,,,,,0.0
fictitious_power_k,21.0,5.0,Maryj,,,,,,-2.0
fictitious_power_k,21.0,6.0,Poppy,,,,,,0.0
fictitious_power_k,21.0,6.0,Oxlip,,,,,,0.0
fictitious_power_k,21.0,6.0,Daisy,,,,,,0.0
fictitious_power_k,21.0,6.0,Tulip,,,,,,0.0
fictitious_power_k,21.0,6.0,Maryj,,,,,,1.0
fictitious_power_k,21.0,8.0,Poppy,,,,,,0.0
fictitious_power_k,21.0,8.0,Oxlip,,,,,,0.0
fictitious_power_k,21.0,8.0,Daisy,,,,,,-1.0
fictitious_power_k,21.0,8.0,Tulip,,,,,,0.0
fictitious_power_k,21.0,8.0,Maryj,,,,,,0.0
fictitious_power_k,21.0,9.0,Poppy,,,,,,0.0
fictitious_power_k,21.0,9.0,Oxlip,,,,,,0.0
fictitious_power_k,21.0,9.0,Daisy,,,,,,0.0
fictitious_power_k,21.0,9.0,Tulip,,,,,,0.0
fictitious_power_k,21.0,9.0,Maryj,,,,,,8.0
fictitious_power_k,21.0,10.0,Poppy,,,,,,0.0
fictitious_power_k,21.0,10.0,Oxlip,,,,,,0.0
fictitious_power_k,21.0,10.0,Daisy,,,,,,1.0
fictitious_power_k,21.0,10.0,Tulip,,,,,,0.0
fictitious_power_k,21.0,10.0,Maryj,,,,,,0.0
fictitious_power_k,21.0,13.0,Poppy,,,,,,0.0
fictitious_power_k,21.0,13.0,Oxlip,,,,,,0.0
fictitious_power_k,21.0,13.0,Daisy,,,,,,0.0
fictitious_power_k,21.0,13.0,Tulip,,,,,,0.0
fictitious_power_k,21.0,13.0,Maryj,,,,,,9.0
fictitious_power_k,21.0,14.0,Poppy,,,,,,0.0
fictitious_power_k,21.0,14.0,Oxlip,,,,,,0.0
fictitious_power_k,21.0,14.0,Daisy,,,,,,0.0
fictitious_power_k,21.0,14.0,Tulip,,,,,,0.0
fictitious_power_k,21.0,14.0,Maryj,,,,,,-3.0
fictitious_power_k,21.0,15.0,Poppy,,,,,,0.0
fictitious_power_k,21.0,15.0,Oxlip,,,,,,0.0
fictitious_power_k,21.0,15.0,Daisy,,,,,,0.0
fictitious_power_k,21.0,15.0,Tulip,,,,,,0.0
fictitious_power_k,21.0,15.0,Maryj,,,,,,-1.0
fictitious_power_k,21.0,16.0,Poppy,,,,,,0.0
fictitious_power_k,21.0,16.0,Oxlip,,,,,,0.0
fictitious_power_k,21.0,16.0,Daisy,,,,,,0.0
fictitious_power_k,21.0,16.0,Tulip,,,,,,-1.0
fictitious_power_k,21.0,16.0,Maryj,,,,,,0.0
fictitious_power_k,21.0,17.0,Poppy,,,,,,0.0
fictitious_power_k,21.0,17.0,Oxlip,,,,,,0.0
fictitious_power_k,21.0,17.0,Daisy,,,,,,0.0
fictitious_power_k,21.0,17.0,Tulip,,,,,,-2.0
fictitious_power_k,21.0,17.0,Maryj,,,,,,0.0
fictitious_power_k,22.0,3.0,Poppy,,,,,,0.0
fictitious_power_k,22.0,3.0,Oxlip,,,,,,0.0
fictitious_power_k,22.0,3.0,Daisy,,,,,,0.0
fictitious_power_k,22.0,3.0,Tulip,,,,,,0.0
fictitious_power_k,22.0,3.0,Maryj,,,,,,-9.0
fictitious_power_k,22.0,5.0,Poppy,,,,,,0.0
fictitious_power_k,22.0,5.0,Oxlip,,,,,,0.0
fictitious_power_k,22.0,5.0,Daisy,,,,,,0.0
fictitious_power_k,22.0,5.0,Tulip,,,,,,0.0
fictitious_power_k,22.0,5.0,Maryj,,,,,,-2.0
fictitious_power_k,22.0,6.0,Poppy,,,,,,0.0
fictitious_power_k,22.0,6.0,Oxlip,,,,,,0.0
fictitious_power_k,22.0,6.0,Daisy,,,,,,0.0
fictitious_power_k,22.0,6.0,Tulip,,,,,,0.0
fictitious_power_k,22.0,6.0,Maryj,,,,,,1.0
fictitious_power_k,22.0,8.0,Poppy,,,,,,0.0
fictitious_power_k,22.0,8.0,Oxlip,,,,,,0.0
fictitious_power_k,22.0,8.0,Daisy,,,,,,-1.0
fictitious_power_k,22.0,8.0,Tulip,,,,,,0.0
fictitious_power_k,22.0,8.0,Maryj,,,,,,0.0
fictitious_power_k,22.0,9.0,Poppy,,,,,,0.0
fictitious_power_k,22.0,9.0,Oxlip,,,,,,0.0
fictitious_power_k,22.0,9.0,Daisy,,,,,,0.0
fictitious_power_k,22.0,9.0,Tulip,,,,,,0.0
fictitious_power_k,22.0,9.0,Maryj,,,,,,8.0
fictitious_power_k,22.0,10.0,Poppy,,,,,,0.0
fictitious_power_k,22.0,10.0,Oxlip,,,,,,0.0
fictitious_power_k,22.0,10.0,Daisy,,,,,,1.0
fictitious_power_k,22.0,10.0,Tulip,,,,,,0.0
fictitious_power_k,22.0,10.0,Maryj,,,,,,0.0
fictitious_power_k,22.0,13.0,Poppy,,,,,,0.0
fictitious_power_k,22.0,13.0,Oxlip,,,,,,0.0
fictitious_power_k,22.0,13.0,Daisy,,,,,,0.0
fictitious_power_k,22.0,13.0,Tulip,,,,,,0.0
fictitious_power_k,22.0,13.0,Maryj,,,,,,9.0
fictitious_power_k,22.0,14.0,Poppy,,,,,,0.0
fictitious_power_k,22.0,14.0,Oxlip,,,,,,0.0
fictitious_power_k,22.0,14.0,Daisy,,,,,,0.0
fictitious_power_k,22.0,14.0,Tulip,,,,,,0.0
fictitious_power_k,22.0,14.0,Maryj,,,,,,-3.0
fictitious_power_k,22.0,15.0,Poppy,,,,,,0.0
fictitious_power_k,22.0,15.0,Oxlip,,,,,,0.0
fictitious_power_k,22.0,15.0,Daisy,,,,,,0.0
fictitious_power_k,22.0,15.0,Tulip,,,,,,0.0
fictitious_power_k,22.0,15.0,Maryj,,,,,,-1.0
fictitious_power_k,22.0,16.0,Poppy,,,,,,0.0
fictitious_power_k,22.0,16.0,Oxlip,,,,,,0.0
fictitious_power_k,22.0,16.0,Daisy,,,,,,0.0
fictitious_power_k,22.0,16.0,Tulip,,,,,,-1.0
fictitious_power_k,22.0,16.0,Maryj,,,,,,0.0
fictitious_power_k,22.0,17.0,Poppy,,,,,,0.0
fictitious_power_k,22.0,17.0,Oxlip,,,,,,0.0
fictitious_power_k,22.0,17.0,Daisy,,,,,,0.0
fictitious_power_k,22.0,17.0,Tulip,,,,,,-2.0
fictitious_power_k,22.0,17.0,Maryj,,,,,,0.0
fictitious_power_k,23.0,3.0,Poppy,,,,,,0.0
fictitious_power_k,23.0,3.0,Oxlip,,,,,,0.0
fictitious_power_k,23.0,3.0,Daisy,,,,,,0.0
fictitious_power_k,23.0,3.0,Tulip,,,,,,0.0
fictitious_power_k,23.0,3.0,Maryj,,,,,,-9.0
fictitious_power_k,23.0,5.0,Poppy,,,,,,0.0
fictitious_power_k,23.0,5.0,Oxlip,,,,,,0.0
fictitious_power_k,23.0,5.0,Daisy,,,,,,0.0
fictitious_power_k,23.0,5.0,Tulip,,,,,,0.0
fictitious_power_k,23.0,5.0,Maryj,,,,,,-2.0
fictitious_power_k,23.0,6.0,Poppy,,,,,,0.0
fictitious_power_k,23.0,6.0,Oxlip,,,,,,0.0
fictitious_power_k,23.0,6.0,Daisy,,,,,,0.0
fictitious_power_k,23.0,6.0,Tulip,,,,,,0.0
fictitious_power_k,23.0,6.0,Maryj,,,,,,1.0
fictitious_power_k,23.0,8.0,Poppy,,,,,,0.0
fictitious_power_k,23.0,8.0,Oxlip,,,,,,0.0
fictitious_power_k,23.0,8.0,Daisy,,,,,,-1.0
fictitious_power_k,23.0,8.0,Tulip,,,,,,0.0
fictitious_power_k,23.0,8.0,Maryj,,,,,,0.0
fictitious_power_k,23.0,9.0,Poppy,,,,,,0.0
fictitious_power_k,23.0,9.0,Oxlip,,,,,,0.0
fictitious_power_k,23.0,9.0,Daisy,,,,,,0.0
fictitious_power_k,23.0,9.0,Tulip,,,,,,0.0
fictitious_power_k,23.0,9.0,Maryj,,,,,,8.0
fictitious_power_k,23.0,10.0,Poppy,,,,,,0.0
fictitious_power_k,23.0,10.0,Oxlip,,,,,,0.0
fictitious_power_k,23.0,10.0,Daisy,,,,,,1.0
fictitious_power_k,23.0,10.0,Tulip,,,,,,0.0
fictitious_power_k,23.0,10.0,Maryj,,,,,,0.0
fictitious_power_k,23.0,13.0,Poppy,,,,,,0.0
fictitious_power_k,23.0,13.0,Oxlip,,,,,,0.0
fictitious_power_k,23.0,13.0,Daisy,,,,,,0.0
fictitious_power_k,23.0,13.0,Tulip,,,,,,0.0
fictitious_power_k,23.0,13.0,Maryj,,,,,,9.0
fictitious_power_k,23.0,14.0,Poppy,,,,,,0.0
fictitious_power_k,23.0,14.0,Oxlip,,,,,,0.0
fictitious_power_k,23.0,14.0,Daisy,,,,,,0.0
fictitious_power_k,23.0,14.0,Tulip,,,,,,0.0
fictitious_power_k,23.0,14.0,Maryj,,,,,,-3.0
fictitious_power_k,23.0,15.0,Poppy,,,,,,0.0
fictitious_power_k,23.0,15.0,Oxlip,,,,,,0.0
fictitious_power_k,23.0,15.0,Daisy,,,,,,0.0
fictitious_power_k,23.0,15.0,Tulip,,,,,,0.0
fictitious_power_k,23.0,15.0,Maryj,,,,,,-1.0
fictitious_power_k,23.0,16.0,Poppy,,,,,,0.0
fictitious_power_k,23.0,16.0,Oxlip,,,,,,0.0
fictitious_power_k,23.0,16.0,Daisy,,,,,,0.0
fictitious_power_k,23.0,16.0,Tulip,,,,,,-1.0
fictitious_power_k,23.0,16.0,Maryj,,,,,,0.0
fictitious_power_k,23.0,17.0,Poppy,,,,,,0.0
fictitious_power_k,23.0,17.0,Oxlip,,,,,,0.0
fictitious_power_k,23.0,17.0,Daisy,,,,,,0.0
fictitious_power_k,23.0,17.0,Tulip,,,,,,-2.0
fictitious_power_k,23.0,17.0,Maryj,,,,,,0.0
fictitious_power_k,24.0,3.0,Poppy,,,,,,0.0
fictitious_power_k,24.0,3.0,Oxlip,,,,,,0.0
fictitious_power_k,24.0,3.0,Daisy,,,,,,0.0
fictitious_power_k,24.0,3.0,Tulip,,,,,,0.0
fictitious_power_k,24.0,3.0,Maryj,,,,,,-9.0
fictitious_power_k,24.0,5.0,Poppy,,,,,,0.0
fictitious_power_k,24.0,5.0,Oxlip,,,,,,0.0
fictitious_power_k,24.0,5.0,Daisy,,,,,,0.0
fictitious_power_k,24.0,5.0,Tulip,,,,,,0.0
fictitious_power_k,24.0,5.0,Maryj,,,,,,-2.0
fictitious_power_k,24.0,6.0,Poppy,,,,,,0.0
fictitious_power_k,24.0,6.0,Oxlip,,,,,,0.0
fictitious_power_k,24.0,6.0,Daisy,,,,,,0.0
fictitious_power_k,24.0,6.0,Tulip,,,,,,0.0
fictitious_power_k,24.0,6.0,Maryj,,,,,,1.0
fictitious_power_k,24.0,8.0,Poppy,,,,,,0.0
fictitious_power_k,24.0,8.0,Oxlip,,,,,,0.0
fictitious_power_k,24.0,8.0,Daisy,,,,,,-1.0
fictitious_power_k,24.0,8.0,Tulip,,,,,,0.0
fictitious_power_k,24.0,8.0,Maryj,,,,,,0.0
fictitious_power_k,24.0,9.0,Poppy,,,,,,0.0
fictitious_power_k,24.0,9.0,Oxlip,,,,,,0.0
fictitious_power_k,24.0,9.0,Daisy,,,,,,0.0
fictitious_power_k,24.0,9.0,Tulip,,,,,,0.0
fictitious_power_k,24.0,9.0,Maryj,,,,,,8.0
fictitious_power_k,24.0,10.0,Poppy,,,,,,0.0
fictitious_power_k,24.0,10.0,Oxlip,,,,,,0.0
fictitious_power_k,24.0,10.0,Daisy,,,,,,1.0
fictitious_power_k,24.0,10.0,Tulip,,,,,,0.0
fictitious_power_k,24.0,10.0,Maryj,,,,,,0.0
fictitious_power_k,24.0,13.0,Poppy,,,,,,0.0
fictitious_power_k,24.0,13.0,Oxlip,,,,,,0.0
fictitious_power_k,24.0,13.0,Daisy,,,,,,0.0
fictitious_power_k,24.0,13.0,Tulip,,,,,,0.0
fictitious_power_k,24.0,13.0,Maryj,,,,,,9.0
fictitious_power_k,24.0,14.0,Poppy,,,,,,0.0
fictitious_power_k,24.0,14.0,Oxlip,,,,,,0.0
fictitious_power_k,24.0,14.0,Daisy,,,,,,0.0
fictitious_power_k,24.0,14.0,Tulip,,,,,,0.0
fictitious_power_k,24.0,14.0,Maryj,,,,,,-3.0
fictitious_power_k,24.0,15.0,Poppy,,,,,,0.0
fictitious_power_k,24.0,15.0,Oxlip,,,,,,0.0
fictitious_power_k,24.0,15.0,Daisy,,,,,,0.0
fictitious_power_k,24.0,15.0,Tulip,,,,,,0.0
fictitious_power_k,24.0,15.0,Maryj,,,,,,-1.0
fictitious_power_k,24.0,16.0,Poppy,,,,,,0.0
fictitious_power_k,24.0,16.0,Oxlip,,,,,,0.0
fictitious_power_k,24.0,16.0,Daisy,,,,,,0.0
fictitious_power_k,24.0,16.0,Tulip,,,,,,-1.0
fictitious_power_k,24.0,16.0,Maryj,,,,,,0.0
fictitious_power_k,24.0,17.0,Poppy,,,,,,0.0
fictitious_power_k,24.0,17.0,Oxlip,,,,,,0.0
fictitious_power_k,24.0,17.0,Daisy,,,,,,0.0
fictitious_power_k,24.0,17.0,Tulip,,,,,,-2.0
fictitious_power_k,24.0,17.0,Maryj,,,,,,0.0
fictitious_power,1.0,3.0,,,,,,,-9.0
fictitious_power,1.0,5.0,,,,,,,-2.0
fictitious_power,1.0,6.0,,,,,,,1.0
fictitious_power,1.0,8.0,,,,,,,-1.0
fictitious_power,1.0,9.0,,,,,,,8.0
fictitious_power,1.0,10.0,,,,,,,1.0
fictitious_power,1.0,13.0,,,,,,,9.0
fictitious_power,1.0,14.0,,,,,,,-3.0
fictitious_power,1.0,15.0,,,,,,,-1.0
fictitious_power,1.0,16.0,,,,,,,-1.0
fictitious_power,1.0,17.0,,,,,,,-2.0
fictitious_power,2.0,3.0,,,,,,,-9.0
fictitious_power,2.0,5.0,,,,,,,-2.0
fictitious_power,2.0,6.0,,,,,,,1.0
fictitious_power,2.0,8.0,,,,,,,-1.0
fictitious_power,2.0,9.0,,,,,,,8.0
fictitious_power,2.0,10.0,,,,,,,1.0
fictitious_power,2.0,13.0,,,,,,,9.0
fictitious_power,2.0,14.0,,,,,,,-3.0
fictitious_power,2.0,15.0,,,,,,,-1.0
fictitious_power,2.0,16.0,,,,,,,-1.0
fictitious_power,2.0,17.0,,,,,,,-2.0
fictitious_power,3.0,3.0,,,,,,,-9.0
fictitious_power,3.0,5.0,,,,,,,-2.0
fictitious_power,3.0,6.0,,,,,,,1.0
fictitious_power,3.0,8.0,,,,,,,-1.0
fictitious_power,3.0,9.0,,,,,,,8.0
fictitious_power,3.0,10.0,,,,,,,1.0
fictitious_power,3.0,13.0,,,,,,,9.0
fictitious_power,3.0,14.0,,,,,,,-3.0
fictitious_power,3.0,15.0,,,,,,,-1.0
fictitious_power,3.0,16.0,,,,,,,-1.0
fictitious_power,3.0,17.0,,,,,,,-2.0
fictitious_power,4.0,3.0,,,,,,,-9.0
fictitious_power,4.0,5.0,,,,,,,-2.0
fictitious_power,4.0,6.0,,,,,,,1.0
fictitious_power,4.0,8.0,,,,,,,-1.0
fictitious_power,4.0,9.0,,,,,,,8.0
fictitious_power,4.0,10.0,,,,,,,1.0
fictitious_power,4.0,13.0,,,,,,,9.0
fictitious_power,4.0,14.0,,,,,,,-3.0
fictitious_power,4.0,15.0,,,,,,,-1.0
fictitious_power,4.0,16.0,,,,,,,-1.0
fictitious_power,4.0,17.0,,,,,,,-2.0
fictitious_power,5.0,3.0,,,,,,,-9.0
fictitious_power,5.0,5.0,,,,,,,-2.0
fictitious_power,5.0,6.0,,,,,,,1.0
fictitious_power,5.0,8.0,,,,,,,-1.0
fictitious_power,5.0,9.0,,,,,,,8.0
fictitious_power,5.0,10.0,,,,,,,1.0
fictitious_power,5.0,13.0,,,,,,,9.0
fictitious_power,5.0,14.0,,,,,,,-3.0
fictitious_power,5.0,15.0,,,,,,,-1.0
fictitious_power,5.0,16.0,,,,,,,-1.0
fictitious_power,5.0,17.0,,,,,,,-2.0
fictitious_power,6.0,3.0,,,,,,,-9.0
fictitious_power,6.0,5.0,,,,,,,-2.0
fictitious_power,6.0,6.0,,,,,,,1.0
fictitious_power,6.0,8.0,,,,,,,-1.0
fictitious_power,6.0,9.0,,,,,,,8.0
fictitious_power,6.0,10.0,,,,,,,1.0
fictitious_power,6.0,13.0,,,,,,,9.0
fictitious_power,6.0,14.0,,,,,,,-3.0
fictitious_power,6.0,15.0,,,,,,,-1.0
fictitious_power,6.0,16.0,,,,,,,-1.0
fictitious_power,6.0,17.0,,,,,,,-2.0
fictitious_power,7.0,3.0,,,,,,,-9.0
fictitious_power,7.0,5.0,,,,,,,-2.0
fictitious_power,7.0,6.0,,,,,,,1.0
fictitious_power,7.0,8.0,,,,,,,-1.0
fictitious_power,7.0,9.0,,,,,,,8.0
fictitious_power,7.0,10.0,,,,,,,1.0
fictitious_power,7.0,13.0,,,,,,,9.0
fictitious_power,7.0,14.0,,,,,,,-3.0
fictitious_power,7.0,15.0,,,,,,,-1.0
fictitious_power,7.0,16.0,,,,,,,-1.0
fictitious_power,7.0,17.0,,,,,,,-2.0
fictitious_power,8.0,3.0,,,,,,,-9.0
fictitious_power,8.0,5.0,,,,,,,-2.0
fictitious_power,8.0,6.0,,,,,,,1.0
fictitious_power,8.0,8.0,,,,,,,-1.0
fictitious_power,8.0,9.0,,,,,,,8.0
fictitious_power,8.0,10.0,,,,,,,1.0
fictitious_power,8.0,13.0,,,,,,,9.0
fictitious_power,8.0,14.0,,,,,,,-3.0
fictitious_power,8.0,15.0,,,,,,,-1.0
fictitious_power,8.0,16.0,,,,,,,-1.0
fictitious_power,8.0,17.0,,,,,,,-2.0
fictitious_power,9.0,3.0,,,,,,,-9.0
fictitious_power,9.0,5.0,,,,,,,-2.0
fictitious_power,9.0,6.0,,,,,,,1.0
fictitious_power,9.0,8.0,,,,,,,-1.0
fictitious_power,9.0,9.0,,,,,,,8.0
fictitious_power,9.0,10.0,,,,,,,1.0
fictitious_power,9.0,13.0,,,,,,,9.0
fictitious_power,9.0,14.0,,,,,,,-3.0
fictitious_power,9.0,15.0,,,,,,,-1.0
fictitious_power,9.0,16.0,,,,,,,-1.0
fictitious_power,9.0,17.0,,,,,,,-2.0
fictitious_power,10.0,3.0,,,,,,,-9.0
fictitious_power,10.0,5.0,,,,,,,-2.0
fictitious_power,10.0,6.0,,,,,,,1.0
fictitious_power,10.0,8.0,,,,,,,-1.0
fictitious_power,10.0,9.0,,,,,,,8.0
fictitious_power,10.0,10.0,,,,,,,1.0
fictitious_power,10.0,13.0,,,,,,,9.0
fictitious_power,10.0,14.0,,,,,,,-3.0
fictitious_power,10.0,15.0,,,,,,,-1.0
fictitious_power,10.0,16.0,,,,,,,-1.0
fictitious_power,10.0,17.0,,,,,,,-2.0
fictitious_power,11.0,3.0,,,,,,,-9.0
fictitious_power,11.0,5.0,,,,,,,-2.0
fictitious_power,11.0,6.0,,,,,,,1.0
fictitious_power,11.0,8.0,,,,,,,-1.0
fictitious_power,11.0,9.0,,,,,,,8.0
fictitious_power,11.0,10.0,,,,,,,1.0
fictitious_power,11.0,13.0,,,,,,,9.0
fictitious_power,11.0,14.0,,,,,,,-3.0
fictitious_power,11.0,15.0,,,,,,,-1.0
fictitious_power,11.0,16.0,,,,,,,-1.0
fictitious_power,11.0,17.0,,,,,,,-2.0
fictitious_power,12.0,3.0,,,,,,,-9.0
fictitious_power,12.0,5.0,,,,,,,-2.0
fictitious_power,12.0,6.0,,,,,,,1.0
fictitious_power,12.0,8.0,,,,,,,-1.0
fictitious_power,12.0,9.0,,,,,,,8.0
fictitious_power,12.0,10.0,,,,,,,1.0
fictitious_power,12.0,13.0,,,,,,,9.0
fictitious_power,12.0,14.0,,,,,,,-3.0
fictitious_power,12.0,15.0,,,,,,,-1.0
fictitious_power,12.0,16.0,,,,,,,-1.0
fictitious_power,12.0,17.0,,,,,,,-2.0
fictitious_power,13.0,3.0,,,,,,,-9.0
fictitious_power,13.0,5.0,,,,,,,-2.0
fictitious_power,13.0,6.0,,,,,,,1.0
fictitious_power,13.0,8.0,,,,,,,-1.0
fictitious_power,13.0,9.0,,,,,,,8.0
fictitious_power,13.0,10.0,,,,,,,1.0
fictitious_power,13.0,13.0,,,,,,,9.0
fictitious_power,13.0,14.0,,,,,,,-3.0
fictitious_power,13.0,15.0,,,,,,,-1.0
fictitious_power,13.0,16.0,,,,,,,-1.0
fictitious_power,13.0,17.0,,,,,,,-2.0
fictitious_power,14.0,3.0,,,,,,,-9.0
fictitious_power,14.0,5.0,,,,,,,-2.0
fictitious_power,14.0,6.0,,,,,,,1.0
fictitious_power,14.0,8.0,,,,,,,-1.0
fictitious_power,14.0,9.0,,,,,,,8.0
fictitious_power,14.0,10.0,,,,,,,1.0
fictitious_power,14.0,13.0,,,,,,,9.0
fictitious_power,14.0,14.0,,,,,,,-3.0
fictitious_power,14.0,15.0,,,,,,,-1.0
fictitious_power,14.0,16.0,,,,,,,-1.0
fictitious_power,14.0,17.0,,,,,,,-2.0
fictitious_power,15.0,3.0,,,,,,,-9.0
fictitious_power,15.0,5.0,,,,,,,-2.0
fictitious_power,15.0,6.0,,,,,,,1.0
fictitious_power,15.0,8.0,,,,,,,-1.0
fictitious_power,15.0,9.0,,,,,,,8.0
fictitious_power,15.0,10.0,,,,,,,1.0
fictitious_power,15.0,13.0,,,,,,,9.0
fictitious_power,15.0,14.0,,,,,,,-3.0
fictitious_power,15.0,15.0,,,,,,,-1.0
fictitious_power,15.0,16.0,,,,,,,-1.0
fictitious_power,15.0,17.0,,,,,,,-2.0
fictitious_power,16.0,3.0,,,,,,,-9.0
fictitious_power,16.0,5.0,,,,,,,-2.0
fictitious_power,16.0,6.0,,,,,,,1.0
fictitious_power,16.0,8.0,,,,,,,-1.0
fictitious_power,16.0,9.0,,,,,,,8.0
fictitious_power,16.0,10.0,,,,,,,1.0
fictitious_power,16.0,13.0,,,,,,,9.0
fictitious_power,16.0,14.0,,,,,,,-3.0
fictitious_power,16.0,15.0,,,,,,,-1.0
fictitious_power,16.0,16.0,,,,,,,-1.0
fictitious_power,16.0,17.0,,,,,,,-2.0
fictitious_power,17.0,3.0,,,,,,,-9.0
fictitious_power,17.0,5.0,,,,,,,-2.0
fictitious_power,17.0,6.0,,,,,,,1.0
fictitious_power,17.0,8.0,,,,,,,-1.0
fictitious_power,17.0,9.0,,,,,,,8.0
fictitious_power,17.0,10.0,,,,,,,1.0
fictitious_power,17.0,13.0,,,,,,,9.0
fictitious_power,17.0,14.0,,,,,,,-3.0
fictitious_power,17.0,15.0,,,,,,,-1.0
fictitious_power,17.0,16.0,,,,,,,-1.0
fictitious_power,17.0,17.0,,,,,,,-2.0
fictitious_power,18.0,3.0,,,,,,,-9.0
fictitious_power,18.0,5.0,,,,,,,-2.0
fictitious_power,18.0,6.0,,,,,,,1.0
fictitious_power,18.0,8.0,,,,,,,-1.0
fictitious_power,18.0,9.0,,,,,,,8.0
fictitious_power,18.0,10.0,,,,,,,1.0
fictitious_power,18.0,13.0,,,,,,,9.0
fictitious_power,18.0,14.0,,,,,,,-3.0
fictitious_power,18.0,15.0,,,,,,,-1.0
fictitious_power,18.0,16.0,,,,,,,-1.0
fictitious_power,18.0,17.0,,,,,,,-2.0
fictitious_power,19.0,3.0,,,,,,,-9.0
fictitious_power,19.0,5.0,,,,,,,-2.0
fictitious_power,19.0,6.0,,,,,,,1.0
fictitious_power,19.0,8.0,,,,,,,-1.0
fictitious_power,19.0,9.0,,,,,,,8.0
fictitious_power,19.0,10.0,,,,,,,1.0
fictitious_power,19.0,13.0,,,,,,,9.0
fictitious_power,19.0,14.0,,,,,,,-3.0
fictitious_power,19.0,15.0,,,,,,,-1.0
fictitious_power,19.0,16.0,,,,,,,-1.0
fictitious_power,19.0,17.0,,,,,,,-2.0
fictitious_power,20.0,3.0,,,,,,,-9.0
fictitious_power,20.0,5.0,,,,,,,-2.0
fictitious_power,20.0,6.0,,,,,,,1.0
fictitious_power,20.0,8.0,,,,,,,-1.0
fictitious_power,20.0,9.0,,,,,,,8.0
fictitious_power,20.0,10.0,,,,,,,1.0
fictitious_power,20.0,13.0,,,,,,,9.0
fictitious_power,20.0,14.0,,,,,,,-3.0
fictitious_power,20.0,15.0,,,,,,,-1.0
fictitious_power,20.0,16.0,,,,,,,-1.0
fictitious_power,20.0,17.0,,,,,,,-2.0
fictitious_power,21.0,3.0,,,,,,,-9.0
fictitious_power,21.0,5.0,,,,,,,-2.0
fictitious_power,21.0,6.0,,,,,,,1.0
fictitious_power,21.0,8.0,,,,,,,-1.0
fictitious_power,21.0,9.0,,,,,,,8.0
fictitious_power,21.0,10.0,,,,,,,1.0
fictitious_power,21.0,13.0,,,,,,,9.0
fictitious_power,21.0,14.0,,,,,,,-3.0
fictitious_power,21.0,15.0,,,,,,,-1.0
fictitious_power,21.0,16.0,,,,,,,-1.0
fictitious_power,21.0,17.0,,,,,,,-2.0
fictitious_power,22.0,3.0,,,,,,,-9.0
fictitious_power,22.0,5.0,,,,,,,-2.0
fictitious_power,22.0,6.0,,,,,,,1.0
fictitious_power,22.0,8.0,,,,,,,-1.0
fictitious_power,22.0,9.0,,,,,,,8.0
fictitious_power,22.0,10.0,,,,,,,1.0
fictitious_power,22.0,13.0,,,,,,,9.0
fictitious_power,22.0,14.0,,,,,,,-3.0
fictitious_power,22.0,15.0,,,,,,,-1.0
fictitious_power,22.0,16.0,,,,,,,-1.0
fictitious_power,22.0,17.0,,,,,,,-2.0
fictitious_power,23.0,3.0,,,,,,,-9.0
fictitious_power,23.0,5.0,,,,,,,-2.0
fictitious_power,23.0,6.0,,,,,,,1.0
fictitious_power,23.0,8.0,,,,,,,-1.0
fictitious_power,23.0,9.0,,,,,,,8.0
fictitious_power,23.0,10.0,,,,,,,1.0
fictitious_power,23.0,13.0,,,,,,,9.0
fictitious_power,23.0,14.0,,,,,,,-3.0
fictitious_power,23.0,15.0,,,,,,,-1.0
fictitious_power,23.0,16.0,,,,,,,-1.0
fictitious_power,23.0,17.0,,,,,,,-2.0
fictitious_power,24.0,3.0,,,,,,,-9.0
fictitious_power,24.0,5.0,,,,,,,-2.0
fictitious_power,24.0,6.0,,,,,,,1.0
fictitious_power,24.0,8.0,,,,,,,-1.0
fictitious_power,24.0,9.0,,,,,,,8.0
fictitious_power,24.0,10.0,,,,,,,1.0
fictitious_power,24.0,13.0,,,,,,,9.0
fictitious_power,24.0,14.0,,,,,,,-3.0
fictitious_power,24.0,15.0,,,,,,,-1.0
fictitious_power,24.0,16.0,,,,,,,-1.0
fictitious_power,24.0,17.0,,,,,,,-2.0
unserved_fictitious_power,1.0,,,,,19.0,,,0.0
unserved_fictitious_power,1.0,,,,,20.0,,,0.0
unserved_fictitious_power,1.0,,,,,24.0,,,0.0
unserved_fictitious_power,1.0,,,,,21.0,,,0.0
unserved_fictitious_power,1.0,,,,,18.0,,,0.0
unserved_fictitious_power,1.0,,,,,23.0,,,0.0
unserved_fictitious_power,1.0,,,,,22.0,,,0.0
unserved_fictitious_power,1.0,,,,,17.0,,,0.0
unserved_fictitious_power,1.0,,,,,25.0,,,0.0
unserved_fictitious_power,2.0,,,,,19.0,,,0.0
unserved_fictitious_power,2.0,,,,,20.0,,,0.0
unserved_fictitious_power,2.0,,,,,24.0,,,0.0
unserved_fictitious_power,2.0,,,,,21.0,,,0.0
unserved_fictitious_power,2.0,,,,,18.0,,,0.0
unserved_fictitious_power,2.0,,,,,23.0,,,0.0
unserved_fictitious_power,2.0,,,,,22.0,,,0.0
unserved_fictitious_power,2.0,,,,,17.0,,,0.0
unserved_fictitious_power,2.0,,,,,25.0,,,0.0
unserved_fictitious_power,3.0,,,,,19.0,,,0.0
unserved_fictitious_power,3.0,,,,,20.0,,,0.0
unserved_fictitious_power,3.0,,,,,24.0,,,0.0
unserved_fictitious_power,3.0,,,,,21.0,,,0.0
unserved_fictitious_power,3.0,,,,,18.0,,,0.0
unserved_fictitious_power,3.0,,,,,23.0,,,0.0
unserved_fictitious_power,3.0,,,,,22.0,,,0.0
unserved_fictitious_power,3.0,,,,,17.0,,,0.0
unserved_fictitious_power,3.0,,,,,25.0,,,0.0
unserved_fictitious_power,4.0,,,,,19.0,,,0.0
unserved_fictitious_power,4.0,,,,,20.0,,,0.0
unserved_fictitious_power,4.0,,,,,24.0,,,0.0
unserved_fictitious_power,4.0,,,,,21.0,,,0.0
unserved_fictitious_power,4.0,,,,,18.0,,,0.0
unserved_fictitious_power,4.0,,,,,23.0,,,0.0
unserved_fictitious_power,4.0,,,,,22.0,,,0.0
unserved_fictitious_power,4.0,,,,,17.0,,,0.0
unserved_fictitious_power,4.0,,,,,25.0,,,0.0
unserved_fictitious_power,5.0,,,,,19.0,,,0.0
unserved_fictitious_power,5.0,,,,,20.0,,,0.0
unserved_fictitious_power,5.0,,,,,24.0,,,0.0
unserved_fictitious_power,5.0,,,,,21.0,,,0.0
unserved_fictitious_power,5.0,,,,,18.0,,,0.0
unserved_fictitious_power,5.0,,,,,23.0,,,0.0
unserved_fictitious_power,5.0,,,,,22.0,,,0.0
unserved_fictitious_power,5.0,,,,,17.0,,,0.0
unserved_fictitious_power,5.0,,,,,25.0,,,0.0
unserved_fictitious_power,6.0,,,,,19.0,,,0.0
unserved_fictitious_power,6.0,,,,,20.0,,,0.0
unserved_fictitious_power,6.0,,,,,24.0,,,0.0
unserved_fictitious_power,6.0,,,,,21.0,,,0.0
unserved_fictitious_power,6.0,,,,,18.0,,,0.0
unserved_fictitious_power,6.0,,,,,23.0,,,0.0
unserved_fictitious_power,6.0,,,,,22.0,,,0.0
unserved_fictitious_power,6.0,,,,,17.0,,,0.0
unserved_fictitious_power,6.0,,,,,25.0,,,0.0
unserved_fictitious_power,7.0,,,,,19.0,,,0.0
unserved_fictitious_power,7.0,,,,,20.0,,,0.0
unserved_fictitious_power,7.0,,,,,24.0,,,0.0
unserved_fictitious_power,7.0,,,,,21.0,,,0.0
unserved_fictitious_power,7.0,,,,,18.0,,,0.0
unserved_fictitious_power,7.0,,,,,23.0,,,0.0
unserved_fictitious_power,7.0,,,,,22.0,,,0.0
unserved_fictitious_power,7.0,,,,,17.0,,,0.0
unserved_fictitious_power,7.0,,,,,25.0,,,0.0
unserved_fictitious_power,8.0,,,,,19.0,,,0.0
unserved_fictitious_power,8.0,,,,,20.0,,,0.0
unserved_fictitious_power,8.0,,,,,24.0,,,0.0
unserved_fictitious_power,8.0,,,,,21.0,,,0.0
unserved_fictitious_power,8.0,,,,,18.0,,,0.0
unserved_fictitious_power,8.0,,,,,23.0,,,0.0
unserved_fictitious_power,8.0,,,,,22.0,,,0.0
unserved_fictitious_power,8.0,,,,,17.0,,,0.0
unserved_fictitious_power,8.0,,,,,25.0,,,0.0
unserved_fictitious_power,9.0,,,,,19.0,,,0.0
unserved_fictitious_power,9.0,,,,,20.0,,,0.0
unserved_fictitious_power,9.0,,,,,24.0,,,0.0
unserved_fictitious_power,9.0,,,,,21.0,,,0.0
unserved_fictitious_power,9.0,,,,,18.0,,,0.0
unserved_fictitious_power,9.0,,,,,23.0,,,0.0
unserved_fictitious_power,9.0,,,,,22.0,,,0.0
unserved_fictitious_power,9.0,,,,,17.0,,,0.0
unserved_fictitious_power,9.0,,,,,25.0,,,0.0
unserved_fictitious_power,10.0,,,,,19.0,,,0.0
unserved_fictitious_power,10.0,,,,,20.0,,,0.0
unserved_fictitious_power,10.0,,,,,24.0,,,0.0
unserved_fictitious_power,10.0,,,,,21.0,,,0.0
unserved_fictitious_power,10.0,,,,,18.0,,,0.0
unserved_fictitious_power,10.0,,,,,23.0,,,0.0
unserved_fictitious_power,10.0,,,,,22.0,,,0.0
unserved_fictitious_power,10.0,,,,,17.0,,,0.0
unserved_fictitious_power,10.0,,,,,25.0,,,0.0
unserved_fictitious_power,11.0,,,,,19.0,,,0.0
unserved_fictitious_power,11.0,,,,,20.0,,,0.0
unserved_fictitious_power,11.0,,,,,24.0,,,0.0
unserved_fictitious_power,11.0,,,,,21.0,,,0.0
unserved_fictitious_power,11.0,,,,,18.0,,,0.0
unserved_fictitious_power,11.0,,,,,23.0,,,0.0
unserved_fictitious_power,11.0,,,,,22.0,,,0.0
unserved_fictitious_power,11.0,,,,,17.0,,,0.0
unserved_fictitious_power,11.0,,,,,25.0,,,0.0
unserved_fictitious_power,12.0,,,,,19.0,,,0.0
unserved_fictitious_power,12.0,,,,,20.0,,,0.0
unserved_fictitious_power,12.0,,,,,24.0,,,0.0
unserved_fictitious_power,12.0,,,,,21.0,,,0.0
unserved_fictitious_power,12.0,,,,,18.0,,,0.0
unserved_fictitious_power,12.0,,,,,23.0,,,0.0
unserved_fictitious_power,12.0,,,,,22.0,,,0.0
unserved_fictitious_power,12.0,,,,,17.0,,,0.0
unserved_fictitious_power,12.0,,,,,25.0,,,0.0
unserved_fictitious_power,13.0,,,,,19.0,,,0.0
unserved_fictitious_power,13.0,,,,,20.0,,,0.0
unserved_fictitious_power,13.0,,,,,24.0,,,0.0
unserved_fictitious_power,13.0,,,,,21.0,,,0.0
unserved_fictitious_power,13.0,,,,,18.0,,,0.0
unserved_fictitious_power,13.0,,,,,23.0,,,0.0
unserved_fictitious_power,13.0,,,,,22.0,,,0.0
unserved_fictitious_power,13.0,,,,,17.0,,,0.0
unserved_fictitious_power,13.0,,,,,25.0,,,0.0
unserved_fictitious_power,14.0,,,,,19.0,,,0.0
unserved_fictitious_power,14.0,,,,,20.0,,,0.0
unserved_fictitious_power,14.0,,,,,24.0,,,0.0
unserved_fictitious_power,14.0,,,,,21.0,,,0.0
unserved_fictitious_power,14.0,,,,,18.0,,,0.0
unserved_fictitious_power,14.0,,,,,23.0,,,0.0
unserved_fictitious_power,14.0,,,,,22.0,,,0.0
unserved_fictitious_power,14.0,,,,,17.0,,,0.0
unserved_fictitious_power,14.0,,,,,25.0,,,0.0
unserved_fictitious_power,15.0,,,,,19.0,,,0.0
unserved_fictitious_power,15.0,,,,,20.0,,,0.0
unserved_fictitious_power,15.0,,,,,24.0,,,0.0
unserved_fictitious_power,15.0,,,,,21.0,,,0.0
unserved_fictitious_power,15.0,,,,,18.0,,,0.0
unserved_fictitious_power,15.0,,,,,23.0,,,0.0
unserved_fictitious_power,15.0,,,,,22.0,,,0.0
unserved_fictitious_power,15.0,,,,,17.0,,,0.0
unserved_fictitious_power,15.0,,,,,25.0,,,0.0
unserved_fictitious_power,16.0,,,,,19.0,,,0.0
unserved_fictitious_power,16.0,,,,,20.0,,,0.0
unserved_fictitious_power,16.0,,,,,24.0,,,0.0
unserved_fictitious_power,16.0,,,,,21.0,,,0.0
unserved_fictitious_power,16.0,,,,,18.0,,,0.0
unserved_fictitious_power,16.0,,,,,23.0,,,0.0
unserved_fictitious_power,16.0,,,,,22.0,,,0.0
unserved_fictitious_power,16.0,,,,,17.0,,,0.0
unserved_fictitious_power,16.0,,,,,25.0,,,0.0
unserved_fictitious_power,17.0,,,,,19.0,,,0.0
unserved_fictitious_power,17.0,,,,,20.0,,,0.0
unserved_fictitious_power,17.0,,,,,24.0,,,0.0
unserved_fictitious_power,17.0,,,,,21.0,,,0.0
unserved_fictitious_power,17.0,,,,,18.0,,,0.0
unserved_fictitious_power,17.0,,,,,23.0,,,0.0
unserved_fictitious_power,17.0,,,,,22.0,,,0.0
unserved_fictitious_power,17.0,,,,,17.0,,,0.0
unserved_fictitious_power,17.0,,,,,25.0,,,0.0
unserved_fictitious_power,18.0,,,,,19.0,,,0.0
unserved_fictitious_power,18.0,,,,,20.0,,,0.0
unserved_fictitious_power,18.0,,,,,24.0,,,0.0
unserved_fictitious_power,18.0,,,,,21.0,,,0.0
unserved_fictitious_power,18.0,,,,,18.0,,,0.0
unserved_fictitious_power,18.0,,,,,23.0,,,0.0
unserved_fictitious_power,18.0,,,,,22.0,,,0.0
unserved_fictitious_power,18.0,,,,,17.0,,,0.0
unserved_fictitious_power,18.0,,,,,25.0,,,0.0
unserved_fictitious_power,19.0,,,,,19.0,,,0.0
unserved_fictitious_power,19.0,,,,,20.0,,,0.0
unserved_fictitious_power,19.0,,,,,24.0,,,0.0
unserved_fictitious_power,19.0,,,,,21.0,,,0.0
unserved_fictitious_power,19.0,,,,,18.0,,,0.0
unserved_fictitious_power,19.0,,,,,23.0,,,0.0
unserved_fictitious_power,19.0,,,,,22.0,,,0.0
unserved_fictitious_power,19.0,,,,,17.0,,,0.0
unserved_fictitious_power,19.0,,,,,25.0,,,0.0
unserved_fictitious_power,20.0,,,,,19.0,,,0.0
unserved_fictitious_power,20.0,,,,,20.0,,,0.0
unserved_fictitious_power,20.0,,,,,24.0,,,0.0
unserved_fictitious_power,20.0,,,,,21.0,,,0.0
unserved_fictitious_power,20.0,,,,,18.0,,,0.0
unserved_fictitious_power,20.0,,,,,23.0,,,0.0
unserved_fictitious_power,20.0,,,,,22.0,,,0.0
unserved_fictitious_power,20.0,,,,,17.0,,,0.0
unserved_fictitious_power,20.0,,,,,25.0,,,0.0
unserved_fictitious_power,21.0,,,,,19.0,,,0.0
unserved_fictitious_power,21.0,,,,,20.0,,,0.0
unserved_fictitious_power,21.0,,,,,24.0,,,0.0
unserved_fictitious_power,21.0,,,,,21.0,,,0.0
unserved_fictitious_power,21.0,,,,,18.0,,,0.0
unserved_fictitious_power,21.0,,,,,23.0,,,0.0
unserved_fictitious_power,21.0,,,,,22.0,,,0.0
unserved_fictitious_power,21.0,,,,,17.0,,,0.0
unserved_fictitious_power,21.0,,,,,25.0,,,0.0
unserved_fictitious_power,22.0,,,,,19.0,,,0.0
unserved_fictitious_power,22.0,,,,,20.0,,,0.0
unserved_fictitious_power,22.0,,,,,24.0,,,0.0
unserved_fictitious_power,22.0,,,,,21.0,,,0.0
unserved_fictitious_power,22.0,,,,,18.0,,,0.0
unserved_fictitious_power,22.0,,,,,23.0,,,0.0
unserved_fictitious_power,22.0,,,,,22.0,,,0.0
unserved_fictitious_power,22.0,,,,,17.0,,,0.0
unserved_fictitious_power,22.0,,,,,25.0,,,0.0
unserved_fictitious_power,23.0,,,,,19.0,,,0.0
unserved_fictitious_power,23.0,,,,,20.0,,,0.0
unserved_fictitious_power,23.0,,,,,24.0,,,0.0
unserved_fictitious_power,23.0,,,,,21.0,,,0.0
unserved_fictitious_power,23.0,,,,,18.0,,,0.0
unserved_fictitious_power,23.0,,,,,23.0,,,0.0
unserved_fictitious_power,23.0,,,,,22.0,,,0.0
unserved_fictitious_power,23.0,,,,,17.0,,,0.0
unserved_fictitious_power,23.0,,,,,25.0,,,0.0
unserved_fictitious_power,24.0,,,,,19.0,,,0.0
unserved_fictitious_power,24.0,,,,,20.0,,,0.0
unserved_fictitious_power,24.0,,,,,24.0,,,0.0
unserved_fictitious_power,24.0,,,,,21.0,,,0.0
unserved_fictitious_power,24.0,,,,,18.0,,,0.0
unserved_fictitious_power,24.0,,,,,23.0,,,0.0
unserved_fictitious_power,24.0,,,,,22.0,,,0.0
unserved_fictitious_power,24.0,,,,,17.0,,,0.0
unserved_fictitious_power,24.0,,,,,25.0,,,0.0
voltage_squared,1.0,,,,,,0.0,,1.0
voltage_squared,1.0,,,,,,19.0,,0.9985345654250419
voltage_squared,1.0,,,,,,20.0,,0.999755943978976
voltage_squared,1.0,,,,,,24.0,,0.9997729457675181
voltage_squared,1.0,,,,,,21.0,,0.9997484398232781
voltage_squared,1.0,,,,,,18.0,,0.999756422899639
voltage_squared,1.0,,,,,,23.0,,0.9997538004133807
voltage_squared,1.0,,,,,,22.0,,0.9997365549489993
voltage_squared,1.0,,,,,,17.0,,0.9997366328376804
voltage_squared,1.0,,,,,,25.0,,0.9992156644583177
voltage_squared,1.0,,,,,,54.0,,0.9997877505253994
voltage_squared,1.0,,,,,,55.0,,0.9997568362634842
voltage_squared,1.0,,,,,,56.0,,0.9025
voltage_squared,2.0,,,,,,0.0,,1.0
voltage_squared,2.0,,,,,,19.0,,0.9985345406598709
voltage_squared,2.0,,,,,,20.0,,0.999755919213805
voltage_squared,2.0,,,,,,24.0,,0.9997729457391491
voltage_squared,2.0,,,,,,21.0,,0.9997484204858266
voltage_squared,2.0,,,,,,18.0,,0.9997564026987154
voltage_squared,2.0,,,,,,23.0,,0.999724597752717
voltage_squared,2.0,,,,,,22.0,,0.9997363158591207
voltage_squared,2.0,,,,,,17.0,,0.9997366135002291
voltage_squared,2.0,,,,,,25.0,,0.9992749640087703
voltage_squared,2.0,,,,,,54.0,,0.9997877504988796
voltage_squared,2.0,,,,,,55.0,,0.9997568169260328
voltage_squared,2.0,,,,,,56.0,,0.9025
voltage_squared,3.0,,,,,,0.0,,1.0
voltage_squared,3.0,,,,,,19.0,,0.9985345377787146
voltage_squared,3.0,,,,,,20.0,,0.9997559163326487
voltage_squared,3.0,,,,,,24.0,,0.9997729457530875
voltage_squared,3.0,,,,,,21.0,,0.9997484205007697
voltage_squared,3.0,,,,,,18.0,,0.999756405646714
voltage_squared,3.0,,,,,,23.0,,0.999715066658471
voltage_squared,3.0,,,,,,22.0,,0.9997362440811943
voltage_squared,3.0,,,,,,17.0,,0.9997366135158422
voltage_squared,3.0,,,,,,25.0,,0.9992749669567689
voltage_squared,3.0,,,,,,54.0,,0.9997877505119095
voltage_squared,3.0,,,,,,55.0,,0.9997568169409758
voltage_squared,3.0,,,,,,56.0,,0.9025
voltage_squared,4.0,,,,,,0.0,,1.0
voltage_squared,4.0,,,,,,19.0,,0.998534542006506
voltage_squared,4.0,,,,,,20.0,,0.9997559205604402
voltage_squared,4.0,,,,,,24.0,,0.999772945752965
voltage_squared,4.0,,,,,,21.0,,0.9997484205006384
voltage_squared,4.0,,,,,,18.0,,0.9997564013650427
voltage_squared,4.0,,,,,,23.0,,0.9997151637047851
voltage_squared,4.0,,,,,,22.0,,0.9997362448440914
voltage_squared,4.0,,,,,,17.0,,0.9997366135157105
voltage_squared,4.0,,,,,,25.0,,0.9992749626750976
voltage_squared,4.0,,,,,,54.0,,0.999787750511795
voltage_squared,4.0,,,,,,55.0,,0.9997568169408445
voltage_squared,4.0,,,,,,56.0,,0.9025
voltage_squared,5.0,,,,,,0.0,,1.0
voltage_squared,5.0,,,,,,19.0,,0.9985112597093443
voltage_squared,5.0,,,,,,20.0,,0.9997530099663191
voltage_squared,5.0,,,,,,24.0,,0.9997702386279795
voltage_squared,5.0,,,,,,21.0,,0.9997453784402011
voltage_squared,5.0,,,,,,18.0,,0.9997534868098874
voltage_squared,5.0,,,,,,23.0,,0.9997177275417969
voltage_squared,5.0,,,,,,22.0,,0.9997332016332582
voltage_squared,5.0,,,,,,17.0,,0.9997335290510008
voltage_squared,5.0,,,,,,25.0,,0.9992720481199423
voltage_squared,5.0,,,,,,54.0,,0.9997852198441817
voltage_squared,5.0,,,,,,55.0,,0.9997539147240943
voltage_squared,5.0,,,,,,56.0,,0.9025
voltage_squared,6.0,,,,,,0.0,,1.0
voltage_squared,6.0,,,,,,19.0,,0.9981632355693341
voltage_squared,6.0,,,,,,20.0,,0.9997075905245404
voltage_squared,6.0,,,,,,24.0,,0.9997287170627828
voltage_squared,6.0,,,,,,21.0,,0.9996982201779117
voltage_squared,6.0,,,,,,18.0,,0.9997082339957801
voltage_squared,6.0,,,,,,23.0,,0.9996925755275688
voltage_squared,6.0,,,,,,22.0,,0.9996865448814436
voltage_squared,6.0,,,,,,17.0,,0.9996856104229617
voltage_squared,6.0,,,,,,25.0,,0.9991157198889575
voltage_squared,6.0,,,,,,54.0,,0.9997464047614418
voltage_squared,6.0,,,,,,55.0,,0.9997088311042898
voltage_squared,6.0,,,,,,56.0,,0.9025
voltage_squared,7.0,,,,,,0.0,,1.0
voltage_squared,7.0,,,,,,19.0,,0.9976186380777272
voltage_squared,7.0,,,,,,20.0,,0.9996343613914394
voltage_squared,7.0,,,,,,24.0,,0.99966185574229
voltage_squared,7.0,,,,,,21.0,,0.9996242393250523
voltage_squared,7.0,,,,,,18.0,,0.9996353392104727
voltage_squared,7.0,,,,,,23.0,,0.9996243680632819
voltage_squared,7.0,,,,,,22.0,,0.9996085678045997
voltage_squared,7.0,,,,,,17.0,,0.9996074987199489
voltage_squared,7.0,,,,,,25.0,,0.9983255760254831
voltage_squared,7.0,,,,,,54.0,,0.9996839010961336
voltage_squared,7.0,,,,,,55.0,,0.9996362399716484
voltage_squared,7.0,,,,,,56.0,,0.9025
voltage_squared,8.0,,,,,,0.0,,1.0
voltage_squared,8.0,,,,,,19.0,,0.9938182732400698
voltage_squared,8.0,,,,,,20.0,,0.9989627083012332
voltage_squared,8.0,,,,,,24.0,,0.9990392540734027
voltage_squared,8.0,,,,,,21.0,,0.9989201121154707
voltage_squared,8.0,,,,,,18.0,,0.998966583583776
voltage_squared,8.0,,,,,,23.0,,0.9996427212103034
voltage_squared,8.0,,,,,,22.0,,0.9989013189280153
voltage_squared,8.0,,,,,,17.0,,0.9988977859873449
voltage_squared,8.0,,,,,,25.0,,1.001972824879778
voltage_squared,8.0,,,,,,54.0,,0.9991018752813063
voltage_squared,8.0,,,,,,55.0,,0.9989681771132226
voltage_squared,8.0,,,,,,56.0,,0.9025
voltage_squared,9.0,,,,,,0.0,,1.0
voltage_squared,9.0,,,,,,19.0,,0.9950778882094923
voltage_squared,9.0,,,,,,20.0,,0.99904031731164
voltage_squared,9.0,,,,,,24.0,,0.9991102726097345
voltage_squared,9.0,,,,,,21.0,,0.9990037745709998
voltage_squared,9.0,,,,,,18.0,,0.9990427885956711
voltage_squared,9.0,,,,,,23.0,,0.9987694304181906
voltage_squared,9.0,,,,,,22.0,,0.9989791355886131
voltage_squared,9.0,,,,,,17.0,,0.9989780384539406
voltage_squared,9.0,,,,,,25.0,,0.9974535967338294
voltage_squared,9.0,,,,,,54.0,,0.999168264112591
voltage_squared,9.0,,,,,,55.0,,0.9990448625835731
voltage_squared,9.0,,,,,,56.0,,0.9025
voltage_squared,10.0,,,,,,0.0,,1.0
voltage_squared,10.0,,,,,,19.0,,0.9951878947697177
voltage_squared,10.0,,,,,,20.0,,0.9991638602713343
voltage_squared,10.0,,,,,,24.0,,0.9992250022379652
voltage_squared,10.0,,,,,,21.0,,0.999133663053917
voltage_squared,10.0,,,,,,18.0,,0.999165824381782
voltage_squared,10.0,,,,,,23.0,,0.9980144564327471
voltage_squared,10.0,,,,,,22.0,,0.999112159827826
voltage_squared,10.0,,,,,,17.0,,0.9991112787373782
voltage_squared,10.0,,,,,,25.0,,0.9982701249322203
voltage_squared,10.0,,,,,,54.0,,0.9992755140137842
voltage_squared,10.0,,,,,,55.0,,0.9991679565564965
voltage_squared,10.0,,,,,,56.0,,0.9025
voltage_squared,11.0,,,,,,0.0,,1.0
voltage_squared,11.0,,,,,,19.0,,0.995276457085055
voltage_squared,11.0,,,,,,20.0,,0.9992010178917019
voltage_squared,11.0,,,,,,24.0,,0.9992596929633959
voltage_squared,11.0,,,,,,21.0,,0.9991720057233688
voltage_squared,11.0,,,,,,18.0,,0.9992029186908696
voltage_squared,11.0,,,,,,23.0,,0.9979579748645477
voltage_squared,11.0,,,,,,22.0,,0.9991525205929676
voltage_squared,11.0,,,,,,17.0,,0.9991515563774618
voltage_squared,11.0,,,,,,25.0,,0.9987120762685056
voltage_squared,11.0,,,,,,54.0,,0.9993079436393069
voltage_squared,11.0,,,,,,55.0,,0.999205011993358
voltage_squared,11.0,,,,,,56.0,,0.9025
voltage_squared,12.0,,,,,,0.0,,1.0
voltage_squared,12.0,,,,,,19.0,,0.9956846219175253
voltage_squared,12.0,,,,,,20.0,,0.9992757925578386
voltage_squared,12.0,,,,,,24.0,,0.9993297413740626
voltage_squared,12.0,,,,,,21.0,,0.999248823045256
voltage_squared,12.0,,,,,,18.0,,0.9992776227924945
voltage_squared,12.0,,,,,,23.0,,0.9980288878321526
voltage_squared,12.0,,,,,,22.0,,0.9992321240906302
voltage_squared,12.0,,,,,,17.0,,0.9992309365496076
voltage_squared,12.0,,,,,,25.0,,1.000295438159592
voltage_squared,12.0,,,,,,54.0,,0.9993734310567722
voltage_squared,12.0,,,,,,55.0,,0.9992795155131131
voltage_squared,12.0,,,,,,56.0,,0.9025
voltage_squared,13.0,,,,,,0.0,,1.0
voltage_squared,13.0,,,,,,19.0,,0.9950533359032596
voltage_squared,13.0,,,,,,20.0,,0.9991697925600224
voltage_squared,13.0,,,,,,24.0,,0.9992309712807871
voltage_squared,13.0,,,,,,21.0,,0.9991390262080134
voltage_squared,13.0,,,,,,18.0,,0.9991718126964644
voltage_squared,13.0,,,,,,23.0,,0.9980275591325677
voltage_squared,13.0,,,,,,22.0,,0.9991195725231153
voltage_squared,13.0,,,,,,17.0,,0.9991185432001569
voltage_squared,13.0,,,,,,25.0,,0.9981633923602379
voltage_squared,13.0,,,,,,54.0,,0.9992810921922215
voltage_squared,13.0,,,,,,55.0,,0.9991739639155848
voltage_squared,13.0,,,,,,56.0,,0.9025
voltage_squared,14.0,,,,,,0.0,,1.0
voltage_squared,14.0,,,,,,19.0,,0.995215402098004
voltage_squared,14.0,,,,,,20.0,,0.9992007050911998
voltage_squared,14.0,,,,,,24.0,,0.9992597433171199
voltage_squared,14.0,,,,,,21.0,,0.9991716525311461
voltage_squared,14.0,,,,,,18.0,,0.9992026247449937
voltage_squared,14.0,,,,,,23.0,,0.9980279821648829
voltage_squared,14.0,,,,,,22.0,,0.999151473254307
voltage_squared,14.0,,,,,,17.0,,0.9991505079190285
voltage_squared,14.0,,,,,,25.0,,0.9983895712191303
voltage_squared,14.0,,,,,,54.0,,0.9993079893907377
voltage_squared,14.0,,,,,,55.0,,0.9992047099951789
voltage_squared,14.0,,,,,,56.0,,0.9025
voltage_squared,15.0,,,,,,0.0,,1.0
voltage_squared,15.0,,,,,,19.0,,0.9951755506920748
voltage_squared,15.0,,,,,,20.0,,0.9991999840520924
voltage_squared,15.0,,,,,,24.0,,0.9992589948989002
voltage_squared,15.0,,,,,,21.0,,0.999170943332237
voltage_squared,15.0,,,,,,18.0,,0.9992018983657449
voltage_squared,15.0,,,,,,23.0,,0.998029605619242
voltage_squared,15.0,,,,,,22.0,,0.9991507403035962
voltage_squared,15.0,,,,,,17.0,,0.9991499003378339
voltage_squared,15.0,,,,,,25.0,,0.9982081776986743
voltage_squared,15.0,,,,,,54.0,,0.9993072889722346
voltage_squared,15.0,,,,,,55.0,,0.9992039910021328
voltage_squared,15.0,,,,,,56.0,,0.9025
voltage_squared,16.0,,,,,,0.0,,1.0
voltage_squared,16.0,,,,,,19.0,,0.9948890825944264
voltage_squared,16.0,,,,,,20.0,,0.9991626812046147
voltage_squared,16.0,,,,,,24.0,,0.9992243216118071
voltage_squared,16.0,,,,,,21.0,,0.9991318710493914
voltage_squared,16.0,,,,,,18.0,,0.999164653842303
voltage_squared,16.0,,,,,,23.0,,0.9979345542796129
voltage_squared,16.0,,,,,,22.0,,0.9991114337202359
voltage_squared,16.0,,,,,,17.0,,0.9991111288885375
voltage_squared,16.0,,,,,,25.0,,0.9974626089009339
voltage_squared,16.0,,,,,,54.0,,0.999274873056063
voltage_squared,16.0,,,,,,55.0,,0.999166876347332
voltage_squared,16.0,,,,,,56.0,,0.9025
voltage_squared,17.0,,,,,,0.0,,1.0
voltage_squared,17.0,,,,,,19.0,,0.996797987087116
voltage_squared,17.0,,,,,,20.0,,0.9995061876689955
voltage_squared,17.0,,,,,,24.0,,0.9995422178272261
voltage_squared,17.0,,,,,,21.0,,0.9994897271526579
voltage_squared,17.0,,,,,,18.0,,0.999506994540161
voltage_squared,17.0,,,,,,23.0,,0.9982138662651949
voltage_squared,17.0,,,,,,22.0,,0.999470495083028
voltage_squared,17.0,,,,,,17.0,,0.9994739134982488
voltage_squared,17.0,,,,,,25.0,,0.998488902470303
voltage_squared,17.0,,,,,,54.0,,0.9995720575377921
voltage_squared,17.0,,,,,,55.0,,0.9995084685887973
voltage_squared,17.0,,,,,,56.0,,0.9025
voltage_squared,18.0,,,,,,0.0,,1.0
voltage_squared,18.0,,,,,,19.0,,0.9977894628759759
voltage_squared,18.0,,,,,,20.0,,0.999625334257515
voltage_squared,18.0,,,,,,24.0,,0.9996515815159883
voltage_squared,18.0,,,,,,21.0,,0.9996140049432235
voltage_squared,18.0,,,,,,18.0,,0.9996255763098736
voltage_squared,18.0,,,,,,23.0,,0.9983086353203339
voltage_squared,18.0,,,,,,22.0,,0.9995952979328199
voltage_squared,18.0,,,,,,17.0,,0.9995979342915158
voltage_squared,18.0,,,,,,25.0,,0.9991755534212869
voltage_squared,18.0,,,,,,54.0,,0.9996742962310857
voltage_squared,18.0,,,,,,55.0,,0.9996266703647435
voltage_squared,18.0,,,,,,56.0,,0.9025
voltage_squared,19.0,,,,,,0.0,,1.0
voltage_squared,19.0,,,,,,19.0,,0.9977401998509465
voltage_squared,19.0,,,,,,20.0,,0.9996208665166078
voltage_squared,19.0,,,,,,24.0,,0.9996483146540845
voltage_squared,19.0,,,,,,21.0,,0.9996094734324743
voltage_squared,19.0,,,,,,18.0,,0.9996211999213381
voltage_squared,19.0,,,,,,23.0,,0.9982951255542242
voltage_squared,19.0,,,,,,22.0,,0.9995917649807131
voltage_squared,19.0,,,,,,17.0,,0.9995937870949977
voltage_squared,19.0,,,,,,25.0,,0.9991273545203717
voltage_squared,19.0,,,,,,54.0,,0.9996712422037757
voltage_squared,19.0,,,,,,55.0,,0.9996224048506809
voltage_squared,19.0,,,,,,56.0,,0.9025
voltage_squared,20.0,,,,,,0.0,,1.0
voltage_squared,20.0,,,,,,19.0,,0.9979267697981469
voltage_squared,20.0,,,,,,20.0,,0.999651438422174
voltage_squared,20.0,,,,,,24.0,,0.9996766334158647
voltage_squared,20.0,,,,,,21.0,,0.9996409926515383
voltage_squared,20.0,,,,,,18.0,,0.9996518469555637
voltage_squared,20.0,,,,,,23.0,,0.9987586996950333
voltage_squared,20.0,,,,,,22.0,,0.9996240983665787
voltage_squared,20.0,,,,,,17.0,,0.9996256985545131
voltage_squared,20.0,,,,,,25.0,,0.9991110885142426
voltage_squared,20.0,,,,,,54.0,,0.9996977160108762
voltage_squared,20.0,,,,,,55.0,,0.9996528398153952
voltage_squared,20.0,,,,,,56.0,,0.9025
voltage_squared,21.0,,,,,,0.0,,1.0
voltage_squared,21.0,,,,,,19.0,,0.9979501791357802
voltage_squared,21.0,,,,,,20.0,,0.9996744888547845
voltage_squared,21.0,,,,,,24.0,,0.9996982201844367
voltage_squared,21.0,,,,,,21.0,,0.9996640644365611
voltage_squared,21.0,,,,,,18.0,,0.9996750971504501
voltage_squared,21.0,,,,,,23.0,,0.9992491347950336
voltage_squared,21.0,,,,,,22.0,,0.999651701818896
voltage_squared,21.0,,,,,,17.0,,0.9996509553889645
voltage_squared,21.0,,,,,,25.0,,0.999193658460505
voltage_squared,21.0,,,,,,54.0,,0.9997178957480968
voltage_squared,21.0,,,,,,55.0,,0.9996759091397514
voltage_squared,21.0,,,,,,56.0,,0.9025
voltage_squared,22.0,,,,,,0.0,,1.0
voltage_squared,22.0,,,,,,19.0,,0.99814263269058
voltage_squared,22.0,,,,,,20.0,,0.9996996406190578
voltage_squared,22.0,,,,,,24.0,,0.9997212275631486
voltage_squared,22.0,,,,,,21.0,,0.9996901730308709
voltage_squared,22.0,,,,,,18.0,,0.9997001354715558
voltage_squared,22.0,,,,,,23.0,,0.9992953804387659
voltage_squared,22.0,,,,,,22.0,,0.9996778824217823
voltage_squared,22.0,,,,,,17.0,,0.9996775326118332
voltage_squared,22.0,,,,,,25.0,,0.9992186967816107
voltage_squared,22.0,,,,,,54.0,,0.9997394034466649
voltage_squared,22.0,,,,,,55.0,,0.9997008707065226
voltage_squared,22.0,,,,,,56.0,,0.9025
voltage_squared,23.0,,,,,,0.0,,1.0
voltage_squared,23.0,,,,,,19.0,,0.9982416476698559
voltage_squared,23.0,,,,,,20.0,,0.9997149932518868
voltage_squared,23.0,,,,,,24.0,,0.9997355015905953
voltage_squared,23.0,,,,,,21.0,,0.9997060536837034
voltage_squared,23.0,,,,,,18.0,,0.9997155552254919
voltage_squared,23.0,,,,,,23.0,,0.9995729867116695
voltage_squared,23.0,,,,,,22.0,,0.9996950155136429
voltage_squared,23.0,,,,,,17.0,,0.999693608989599
voltage_squared,23.0,,,,,,25.0,,0.9992341165355468
voltage_squared,23.0,,,,,,54.0,,0.9997527470562747
voltage_squared,23.0,,,,,,55.0,,0.9997161777688344
voltage_squared,23.0,,,,,,56.0,,0.9025
voltage_squared,24.0,,,,,,0.0,,1.0
voltage_squared,24.0,,,,,,19.0,,0.9985345128047844
voltage_squared,24.0,,,,,,20.0,,0.9997558913587186
voltage_squared,24.0,,,,,,24.0,,0.9997729201317288
voltage_squared,24.0,,,,,,21.0,,0.9997483977566343
voltage_squared,24.0,,,,,,18.0,,0.9997563861082139
voltage_squared,24.0,,,,,,23.0,,0.9997498256675476
voltage_squared,24.0,,,,,,22.0,,0.9997364848189859
voltage_squared,24.0,,,,,,17.0,,0.9997365907728103
voltage_squared,24.0,,,,,,25.0,,0.9992650607928603
voltage_squared,24.0,,,,,,54.0,,0.9997877265606169
voltage_squared,24.0,,,,,,55.0,,0.9997567941968404
voltage_squared,24.0,,,,,,56.0,,0.9025
P_pv,1.0,,,,,19.0,,,0.0
P_pv,1.0,,,,,20.0,,,0.0
P_pv,1.0,,,,,24.0,,,0.0
P_pv,1.0,,,,,21.0,,,0.0
P_pv,1.0,,,,,18.0,,,0.0
P_pv,1.0,,,,,23.0,,,0.0
P_pv,1.0,,,,,22.0,,,0.0
P_pv,1.0,,,,,17.0,,,0.0
P_pv,1.0,,,,,25.0,,,0.0
P_pv,2.0,,,,,19.0,,,0.0
P_pv,2.0,,,,,20.0,,,0.0
P_pv,2.0,,,,,24.0,,,0.0
P_pv,2.0,,,,,21.0,,,0.0
P_pv,2.0,,,,,18.0,,,0.0
P_pv,2.0,,,,,23.0,,,0.0
P_pv,2.0,,,,,22.0,,,0.0
P_pv,2.0,,,,,17.0,,,0.0
P_pv,2.0,,,,,25.0,,,0.0
P_pv,3.0,,,,,19.0,,,0.0
P_pv,3.0,,,,,20.0,,,0.0
P_pv,3.0,,,,,24.0,,,0.0
P_pv,3.0,,,,,21.0,,,0.0
P_pv,3.0,,,,,18.0,,,0.0
P_pv,3.0,,,,,23.0,,,0.0
P_pv,3.0,,,,,22.0,,,0.0
P_pv,3.0,,,,,17.0,,,0.0
P_pv,3.0,,,,,25.0,,,0.0
P_pv,4.0,,,,,19.0,,,0.0
P_pv,4.0,,,,,20.0,,,0.0
P_pv,4.0,,,,,24.0,,,0.0
P_pv,4.0,,,,,21.0,,,0.0
P_pv,4.0,,,,,18.0,,,0.0
P_pv,4.0,,,,,23.0,,,0.0
P_pv,4.0,,,,,22.0,,,0.0
P_pv,4.0,,,,,17.0,,,0.0
P_pv,4.0,,,,,25.0,,,0.0
P_pv,5.0,,,,,19.0,,,0.0
P_pv,5.0,,,,,20.0,,,0.0
P_pv,5.0,,,,,24.0,,,0.0
P_pv,5.0,,,,,21.0,,,0.0
P_pv,5.0,,,,,18.0,,,0.0
P_pv,5.0,,,,,23.0,,,0.0
P_pv,5.0,,,,,22.0,,,0.0
P_pv,5.0,,,,,17.0,,,0.0
P_pv,5.0,,,,,25.0,,,0.0
P_pv,6.0,,,,,19.0,,,0.0
P_pv,6.0,,,,,20.0,,,0.0
P_pv,6.0,,,,,24.0,,,0.0
P_pv,6.0,,,,,21.0,,,0.0
P_pv,6.0,,,,,18.0,,,0.0
P_pv,6.0,,,,,23.0,,,0.0
P_pv,6.0,,,,,22.0,,,0.0
P_pv,6.0,,,,,17.0,,,0.0
P_pv,6.0,,,,,25.0,,,0.0
P_pv,7.0,,,,,19.0,,,0.00016800000000000002
P_pv,7.0,,,,,20.0,,,0.00020999999999999998
P_pv,7.0,,,,,24.0,,,0.000288
P_pv,7.0,,,,,21.0,,,0.000252
P_pv,7.0,,,,,18.0,,,7.2e-05
P_pv,7.0,,,,,23.0,,,9.6e-05
P_pv,7.0,,,,,22.0,,,0.000126
P_pv,7.0,,,,,17.0,,,0.00017999999999999998
P_pv,7.0,,,,,25.0,,,0.000144
P_pv,8.0,,,,,19.0,,,0.0015294720000000003
P_pv,8.0,,,,,20.0,,,0.0019118400000000002
P_pv,8.0,,,,,24.0,,,0.0026219520000000003
P_pv,8.0,,,,,21.0,,,0.0022942080000000003
P_pv,8.0,,,,,18.0,,,0.0006554880000000001
P_pv,8.0,,,,,23.0,,,0.0008739840000000001
P_pv,8.0,,,,,22.0,,,0.0011471040000000001
P_pv,8.0,,,,,17.0,,,0.0016387200000000002
P_pv,8.0,,,,,25.0,,,0.0013109760000000002
P_pv,9.0,,,,,19.0,,,0.0032867520000000004
P_pv,9.0,,,,,20.0,,,0.0041084400000000005
P_pv,9.0,,,,,24.0,,,0.005634432
P_pv,9.0,,,,,21.0,,,0.004930128000000001
P_pv,9.0,,,,,18.0,,,0.001408608
P_pv,9.0,,,,,23.0,,,0.0018781440000000002
P_pv,9.0,,,,,22.0,,,0.0024650640000000003
P_pv,9.0,,,,,17.0,,,0.00352152
P_pv,9.0,,,,,25.0,,,0.002817216
P_pv,10.0,,,,,19.0,,,0.005587175999999999
P_pv,10.0,,,,,20.0,,,0.006983969999999999
P_pv,10.0,,,,,24.0,,,0.009578015999999998
P_pv,10.0,,,,,21.0,,,0.008380763999999999
P_pv,10.0,,,,,18.0,,,0.0023945039999999996
P_pv,10.0,,,,,23.0,,,0.0031926719999999997
P_pv,10.0,,,,,22.0,,,0.0041903819999999994
P_pv,10.0,,,,,17.0,,,0.0059862599999999985
P_pv,10.0,,,,,25.0,,,0.004789007999999999
P_pv,11.0,,,,,19.0,,,0.006842975999999999
P_pv,11.0,,,,,20.0,,,0.00855372
P_pv,11.0,,,,,24.0,,,0.011730816
P_pv,11.0,,,,,21.0,,,0.010264464
P_pv,11.0,,,,,18.0,,,0.002932704
P_pv,11.0,,,,,23.0,,,0.003910272
P_pv,11.0,,,,,22.0,,,0.005132232
P_pv,11.0,,,,,17.0,,,0.007331759999999999
P_pv,11.0,,,,,25.0,,,0.005865408
P_pv,12.0,,,,,19.0,,,0.008362368
P_pv,12.0,,,,,20.0,,,0.01045296
P_pv,12.0,,,,,24.0,,,0.014335488
P_pv,12.0,,,,,21.0,,,0.012543552
P_pv,12.0,,,,,18.0,,,0.003583872
P_pv,12.0,,,,,23.0,,,0.004778496
P_pv,12.0,,,,,22.0,,,0.006271776
P_pv,12.0,,,,,17.0,,,0.008959680000000001
P_pv,12.0,,,,,25.0,,,0.007167744
P_pv,13.0,,,,,19.0,,,0.00481068
P_pv,13.0,,,,,20.0,,,0.006013350000000001
P_pv,13.0,,,,,24.0,,,0.008246880000000002
P_pv,13.0,,,,,21.0,,,0.007216020000000001
P_pv,13.0,,,,,18.0,,,0.0020617200000000004
P_pv,13.0,,,,,23.0,,,0.0027489600000000004
P_pv,13.0,,,,,22.0,,,0.0036080100000000005
P_pv,13.0,,,,,17.0,,,0.005154300000000001
P_pv,13.0,,,,,25.0,,,0.004123440000000001
P_pv,14.0,,,,,19.0,,,0.005464704
P_pv,14.0,,,,,20.0,,,0.00683088
P_pv,14.0,,,,,24.0,,,0.009368064
P_pv,14.0,,,,,21.0,,,0.008197056
P_pv,14.0,,,,,18.0,,,0.002342016
P_pv,14.0,,,,,23.0,,,0.003122688
P_pv,14.0,,,,,22.0,,,0.004098528
P_pv,14.0,,,,,17.0,,,0.005855040000000001
P_pv,14.0,,,,,25.0,,,0.004684032
P_pv,15.0,,,,,19.0,,,0.004951464000000001
P_pv,15.0,,,,,20.0,,,0.006189330000000001
P_pv,15.0,,,,,24.0,,,0.008488224
P_pv,15.0,,,,,21.0,,,0.0074271960000000005
P_pv,15.0,,,,,18.0,,,0.002122056
P_pv,15.0,,,,,23.0,,,0.0028294080000000003
P_pv,15.0,,,,,22.0,,,0.0037135980000000002
P_pv,15.0,,,,,17.0,,,0.005305140000000001
P_pv,15.0,,,,,25.0,,,0.004244112
P_pv,16.0,,,,,19.0,,,0.002579472
P_pv,16.0,,,,,20.0,,,0.0032243399999999996
P_pv,16.0,,,,,24.0,,,0.004421952
P_pv,16.0,,,,,21.0,,,0.003869208
P_pv,16.0,,,,,18.0,,,0.001105488
P_pv,16.0,,,,,23.0,,,0.001473984
P_pv,16.0,,,,,22.0,,,0.001934604
P_pv,16.0,,,,,17.0,,,0.00276372
P_pv,16.0,,,,,25.0,,,0.002210976
P_pv,17.0,,,,,19.0,,,0.000941304
P_pv,17.0,,,,,20.0,,,0.0011766300000000001
P_pv,17.0,,,,,24.0,,,0.001613664
P_pv,17.0,,,,,21.0,,,0.001411956
P_pv,17.0,,,,,18.0,,,0.000403416
P_pv,17.0,,,,,23.0,,,0.000537888
P_pv,17.0,,,,,22.0,,,0.000705978
P_pv,17.0,,,,,17.0,,,0.00100854
P_pv,17.0,,,,,25.0,,,0.000806832
P_pv,18.0,,,,,19.0,,,0.00032239200000000007
P_pv,18.0,,,,,20.0,,,0.0004029900000000001
P_pv,18.0,,,,,24.0,,,0.000552672
P_pv,18.0,,,,,21.0,,,0.0004835880000000001
P_pv,18.0,,,,,18.0,,,0.000138168
P_pv,18.0,,,,,23.0,,,0.00018422400000000003
P_pv,18.0,,,,,22.0,,,0.00024179400000000004
P_pv,18.0,,,,,17.0,,,0.00034542000000000004
P_pv,18.0,,,,,25.0,,,0.000276336
P_pv,19.0,,,,,19.0,,,8.500800000000001e-05
P_pv,19.0,,,,,20.0,,,0.00010626
P_pv,19.0,,,,,24.0,,,0.00014572800000000003
P_pv,19.0,,,,,21.0,,,0.000127512
P_pv,19.0,,,,,18.0,,,3.6432000000000006e-05
P_pv,19.0,,,,,23.0,,,4.857600000000001e-05
P_pv,19.0,,,,,22.0,,,6.3756e-05
P_pv,19.0,,,,,17.0,,,9.108e-05
P_pv,19.0,,,,,25.0,,,7.286400000000001e-05
P_pv,20.0,,,,,19.0,,,0.0
P_pv,20.0,,,,,20.0,,,0.0
P_pv,20.0,,,,,24.0,,,0.0
P_pv,20.0,,,,,21.0,,,0.0
P_pv,20.0,,,,,18.0,,,0.0
P_pv,20.0,,,,,23.0,,,0.0
P_pv,20.0,,,,,22.0,,,0.0
P_pv,20.0,,,,,17.0,,,0.0
P_pv,20.0,,,,,25.0,,,0.0
P_pv,21.0,,,,,19.0,,,0.0
P_pv,21.0,,,,,20.0,,,0.0
P_pv,21.0,,,,,24.0,,,0.0
P_pv,21.0,,,,,21.0,,,0.0
P_pv,21.0,,,,,18.0,,,0.0
P_pv,21.0,,,,,23.0,,,0.0
P_pv,21.0,,,,,22.0,,,0.0
P_pv,21.0,,,,,17.0,,,0.0
P_pv,21.0,,,,,25.0,,,0.0
P_pv,22.0,,,,,19.0,,,0.0
P_pv,22.0,,,,,20.0,,,0.0
P_pv,22.0,,,,,24.0,,,0.0
P_pv,22.0,,,,,21.0,,,0.0
P_pv,22.0,,,,,18.0,,,0.0
P_pv,22.0,,,,,23.0,,,0.0
P_pv,22.0,,,,,22.0,,,0.0
P_pv,22.0,,,,,17.0,,,0.0
P_pv,22.0,,,,,25.0,,,0.0
P_pv,23.0,,,,,19.0,,,0.0
P_pv,23.0,,,,,20.0,,,0.0
P_pv,23.0,,,,,24.0,,,0.0
P_pv,23.0,,,,,21.0,,,0.0
P_pv,23.0,,,,,18.0,,,0.0
P_pv,23.0,,,,,23.0,,,0.0
P_pv,23.0,,,,,22.0,,,0.0
P_pv,23.0,,,,,17.0,,,0.0
P_pv,23.0,,,,,25.0,,,0.0
P_pv,24.0,,,,,19.0,,,0.0
P_pv,24.0,,,,,20.0,,,0.0
P_pv,24.0,,,,,24.0,,,0.0
P_pv,24.0,,,,,21.0,,,0.0
P_pv,24.0,,,,,18.0,,,0.0
P_pv,24.0,,,,,23.0,,,0.0
P_pv,24.0,,,,,22.0,,,0.0
P_pv,24.0,,,,,17.0,,,0.0
P_pv,24.0,,,,,25.0,,,0.0
P_inv,1.0,,,,,19.0,,,0.0
P_inv,1.0,,,,,20.0,,,0.0
P_inv,1.0,,,,,24.0,,,0.0
P_inv,1.0,,,,,21.0,,,0.0
P_inv,1.0,,,,,18.0,,,0.0
P_inv,1.0,,,,,23.0,,,0.0
P_inv,1.0,,,,,22.0,,,-3.1119441442142848e-09
P_inv,1.0,,,,,17.0,,,0.0
P_inv,1.0,,,,,25.0,,,0.0
P_inv,2.0,,,,,19.0,,,0.0
P_inv,2.0,,,,,20.0,,,0.0
P_inv,2.0,,,,,24.0,,,0.0
P_inv,2.0,,,,,21.0,,,0.0
P_inv,2.0,,,,,18.0,,,0.0
P_inv,2.0,,,,,23.0,,,0.0
P_inv,2.0,,,,,22.0,,,-3.5726362866347894e-09
P_inv,2.0,,,,,17.0,,,0.0
P_inv,2.0,,,,,25.0,,,0.0
P_inv,3.0,,,,,19.0,,,0.0
P_inv,3.0,,,,,20.0,,,0.0
P_inv,3.0,,,,,24.0,,,0.0
P_inv,3.0,,,,,21.0,,,0.0
P_inv,3.0,,,,,18.0,,,0.0
P_inv,3.0,,,,,23.0,,,0.0
P_inv,3.0,,,,,22.0,,,0.0
P_inv,3.0,,,,,17.0,,,0.0
P_inv,3.0,,,,,25.0,,,0.0
P_inv,4.0,,,,,19.0,,,0.0
P_inv,4.0,,,,,20.0,,,0.0
P_inv,4.0,,,,,24.0,,,0.0
P_inv,4.0,,,,,21.0,,,0.0
P_inv,4.0,,,,,18.0,,,0.0
P_inv,4.0,,,,,23.0,,,0.0
P_inv,4.0,,,,,22.0,,,0.0
P_inv,4.0,,,,,17.0,,,0.0
P_inv,4.0,,,,,25.0,,,0.0
P_inv,5.0,,,,,19.0,,,0.0
P_inv,5.0,,,,,20.0,,,0.0
P_inv,5.0,,,,,24.0,,,0.0
P_inv,5.0,,,,,21.0,,,0.0
P_inv,5.0,,,,,18.0,,,0.0
P_inv,5.0,,,,,23.0,,,0.0
P_inv,5.0,,,,,22.0,,,0.0
P_inv,5.0,,,,,17.0,,,0.0
P_inv,5.0,,,,,25.0,,,0.0
P_inv,6.0,,,,,19.0,,,0.0
P_inv,6.0,,,,,20.0,,,0.0
P_inv,6.0,,,,,24.0,,,0.0
P_inv,6.0,,,,,21.0,,,0.0
P_inv,6.0,,,,,18.0,,,0.0
P_inv,6.0,,,,,23.0,,,0.0
P_inv,6.0,,,,,22.0,,,0.0
P_inv,6.0,,,,,17.0,,,0.0
P_inv,6.0,,,,,25.0,,,0.0
P_inv,7.0,,,,,19.0,,,0.00016800000000000002
P_inv,7.0,,,,,20.0,,,0.00020999999999999998
P_inv,7.0,,,,,24.0,,,0.00028800000000000006
P_inv,7.0,,,,,21.0,,,0.000252
P_inv,7.0,,,,,18.0,,,7.200000000000002e-05
P_inv,7.0,,,,,23.0,,,9.6e-05
P_inv,7.0,,,,,22.0,,,0.000126
P_inv,7.0,,,,,17.0,,,0.00017999999999999998
P_inv,7.0,,,,,25.0,,,0.00014400000000000003
P_inv,8.0,,,,,19.0,,,0.0015294720000000003
P_inv,8.0,,,,,20.0,,,0.0019118400000000002
P_inv,8.0,,,,,24.0,,,0.0026219520000000003
P_inv,8.0,,,,,21.0,,,0.0022942080000000003
P_inv,8.0,,,,,18.0,,,0.0006554880000000001
P_inv,8.0,,,,,23.0,,,0.0008739840000000001
P_inv,8.0,,,,,22.0,,,0.0011471040000000001
P_inv,8.0,,,,,17.0,,,0.0016387200000000002
P_inv,8.0,,,,,25.0,,,0.0013109760000000002
P_inv,9.0,,,,,19.0,,,0.0032867520000000004
P_inv,9.0,,,,,20.0,,,0.0041084400000000005
P_inv,9.0,,,,,24.0,,,0.005634432000000001
P_inv,9.0,,,,,21.0,,,0.004930128000000001
P_inv,9.0,,,,,18.0,,,0.0014086080000000002
P_inv,9.0,,,,,23.0,,,0.0018781440000000002
P_inv,9.0,,,,,22.0,,,0.0024650640000000003
P_inv,9.0,,,,,17.0,,,0.00352152
P_inv,9.0,,,,,25.0,,,0.0028172160000000004
P_inv,10.0,,,,,19.0,,,0.005587175999999999
P_inv,10.0,,,,,20.0,,,0.006983969999999999
P_inv,10.0,,,,,24.0,,,0.009578015999999998
P_inv,10.0,,,,,21.0,,,0.008380763999999999
P_inv,10.0,,,,,18.0,,,0.0023945039999999996
P_inv,10.0,,,,,23.0,,,0.0031926719999999997
P_inv,10.0,,,,,22.0,,,0.0041903819999999994
P_inv,10.0,,,,,17.0,,,0.005986259999999999
P_inv,10.0,,,,,25.0,,,0.004789007999999999
P_inv,11.0,,,,,19.0,,,0.006842976
P_inv,11.0,,,,,20.0,,,0.00855372
P_inv,11.0,,,,,24.0,,,0.011730816
P_inv,11.0,,,,,21.0,,,0.010264464
P_inv,11.0,,,,,18.0,,,0.002932704
P_inv,11.0,,,,,23.0,,,0.003910272
P_inv,11.0,,,,,22.0,,,0.005132232
P_inv,11.0,,,,,17.0,,,0.00733176
P_inv,11.0,,,,,25.0,,,0.005865408
P_inv,12.0,,,,,19.0,,,0.008362368
P_inv,12.0,,,,,20.0,,,0.01045296
P_inv,12.0,,,,,24.0,,,0.014335488
P_inv,12.0,,,,,21.0,,,0.012543552
P_inv,12.0,,,,,18.0,,,0.003583872
P_inv,12.0,,,,,23.0,,,0.004778496000000001
P_inv,12.0,,,,,22.0,,,0.006271776
P_inv,12.0,,,,,17.0,,,0.008959680000000001
P_inv,12.0,,,,,25.0,,,0.007167744
P_inv,13.0,,,,,19.0,,,0.00481068
P_inv,13.0,,,,,20.0,,,0.006013350000000001
P_inv,13.0,,,,,24.0,,,0.008246880000000002
P_inv,13.0,,,,,21.0,,,0.007216020000000001
P_inv,13.0,,,,,18.0,,,0.0020617200000000004
P_inv,13.0,,,,,23.0,,,0.0027489600000000004
P_inv,13.0,,,,,22.0,,,0.0036080100000000005
P_inv,13.0,,,,,17.0,,,0.005154300000000001
P_inv,13.0,,,,,25.0,,,0.004123440000000001
P_inv,14.0,,,,,19.0,,,0.005464704
P_inv,14.0,,,,,20.0,,,0.006830880000000001
P_inv,14.0,,,,,24.0,,,0.009368064
P_inv,14.0,,,,,21.0,,,0.008197056
P_inv,14.0,,,,,18.0,,,0.002342016
P_inv,14.0,,,,,23.0,,,0.003122688
P_inv,14.0,,,,,22.0,,,0.004098528
P_inv,14.0,,,,,17.0,,,0.005855040000000001
P_inv,14.0,,,,,25.0,,,0.004684032
P_inv,15.0,,,,,19.0,,,0.004951464000000001
P_inv,15.0,,,,,20.0,,,0.006189330000000001
P_inv,15.0,,,,,24.0,,,0.008488224
P_inv,15.0,,,,,21.0,,,0.0074271960000000005
P_inv,15.0,,,,,18.0,,,0.002122056
P_inv,15.0,,,,,23.0,,,0.0028294080000000003
P_inv,15.0,,,,,22.0,,,0.0037135980000000002
P_inv,15.0,,,,,17.0,,,0.005305140000000001
P_inv,15.0,,,,,25.0,,,0.004244112
P_inv,16.0,,,,,19.0,,,0.002579472
P_inv,16.0,,,,,20.0,,,0.00322434
P_inv,16.0,,,,,24.0,,,0.004421952
P_inv,16.0,,,,,21.0,,,0.003869208
P_inv,16.0,,,,,18.0,,,0.001105488
P_inv,16.0,,,,,23.0,,,0.001473984
P_inv,16.0,,,,,22.0,,,0.001934604
P_inv,16.0,,,,,17.0,,,0.00276372
P_inv,16.0,,,,,25.0,,,0.002210976
P_inv,17.0,,,,,19.0,,,0.000941304
P_inv,17.0,,,,,20.0,,,0.0011766300000000001
P_inv,17.0,,,,,24.0,,,0.001613664
P_inv,17.0,,,,,21.0,,,0.001411956
P_inv,17.0,,,,,18.0,,,0.00040341600000000003
P_inv,17.0,,,,,23.0,,,0.000537888
P_inv,17.0,,,,,22.0,,,0.000705978
P_inv,17.0,,,,,17.0,,,0.00100854
P_inv,17.0,,,,,25.0,,,0.000806832
P_inv,18.0,,,,,19.0,,,0.00032239200000000007
P_inv,18.0,,,,,20.0,,,0.0004029900000000001
P_inv,18.0,,,,,24.0,,,0.000552672
P_inv,18.0,,,,,21.0,,,0.0004835880000000001
P_inv,18.0,,,,,18.0,,,0.000138168
P_inv,18.0,,,,,23.0,,,0.00018422400000000003
P_inv,18.0,,,,,22.0,,,0.00024179400000000004
P_inv,18.0,,,,,17.0,,,0.0003454200000000001
P_inv,18.0,,,,,25.0,,,0.000276336
P_inv,19.0,,,,,19.0,,,8.500800000000001e-05
P_inv,19.0,,,,,20.0,,,0.00010626
P_inv,19.0,,,,,24.0,,,0.00014572800000000003
P_inv,19.0,,,,,21.0,,,0.000127512
P_inv,19.0,,,,,18.0,,,3.6432000000000006e-05
P_inv,19.0,,,,,23.0,,,4.857600000000001e-05
P_inv,19.0,,,,,22.0,,,6.3756e-05
P_inv,19.0,,,,,17.0,,,9.108000000000002e-05
P_inv,19.0,,,,,25.0,,,7.286400000000001e-05
P_inv,20.0,,,,,19.0,,,0.0
P_inv,20.0,,,,,20.0,,,0.0
P_inv,20.0,,,,,24.0,,,0.0
P_inv,20.0,,,,,21.0,,,0.0
P_inv,20.0,,,,,18.0,,,0.0
P_inv,20.0,,,,,23.0,,,0.0
P_inv,20.0,,,,,22.0,,,0.0
P_inv,20.0,,,,,17.0,,,0.0
P_inv,20.0,,,,,25.0,,,0.0
P_inv,21.0,,,,,19.0,,,0.0
P_inv,21.0,,,,,20.0,,,0.0
P_inv,21.0,,,,,24.0,,,0.0
P_inv,21.0,,,,,21.0,,,0.0
P_inv,21.0,,,,,18.0,,,0.0
P_inv,21.0,,,,,23.0,,,0.0
P_inv,21.0,,,,,22.0,,,0.0
P_inv,21.0,,,,,17.0,,,0.0
P_inv,21.0,,,,,25.0,,,0.0
P_inv,22.0,,,,,19.0,,,0.0
P_inv,22.0,,,,,20.0,,,0.0
P_inv,22.0,,,,,24.0,,,0.0
P_inv,22.0,,,,,21.0,,,0.0
P_inv,22.0,,,,,18.0,,,0.0
P_inv,22.0,,,,,23.0,,,0.0
P_inv,22.0,,,,,22.0,,,0.0
P_inv,22.0,,,,,17.0,,,0.0
P_inv,22.0,,,,,25.0,,,0.0
P_inv,23.0,,,,,19.0,,,0.0
P_inv,23.0,,,,,20.0,,,0.0
P_inv,23.0,,,,,24.0,,,0.0
P_inv,23.0,,,,,21.0,,,0.0
P_inv,23.0,,,,,18.0,,,0.0
P_inv,23.0,,,,,23.0,,,0.0
P_inv,23.0,,,,,22.0,,,0.0
P_inv,23.0,,,,,17.0,,,0.0
P_inv,23.0,,,,,25.0,,,0.0
P_inv,24.0,,,,,19.0,,,0.0
P_inv,24.0,,,,,20.0,,,0.0
P_inv,24.0,,,,,24.0,,,0.0
P_inv,24.0,,,,,21.0,,,0.0
P_inv,24.0,,,,,18.0,,,0.0
P_inv,24.0,,,,,23.0,,,0.0
P_inv,24.0,,,,,22.0,,,6.684580416971286e-09
P_inv,24.0,,,,,17.0,,,0.0
P_inv,24.0,,,,,25.0,,,0.0
Q_inv,1.0,,,,,19.0,,,0.012289448979097629
Q_inv,1.0,,,,,20.0,,,0.016660332037363116
Q_inv,1.0,,,,,24.0,,,5.252061679431551e-05
Q_inv,1.0,,,,,21.0,,,0.027651260202969673
Q_inv,1.0,,,,,18.0,,,0.006326854095829233
Q_inv,1.0,,,,,23.0,,,0.0
Q_inv,1.0,,,,,22.0,,,0.0
Q_inv,1.0,,,,,17.0,,,0.08223226912403661
Q_inv,1.0,,,,,25.0,,,0.0
Q_inv,2.0,,,,,19.0,,,0.012122574481538818
Q_inv,2.0,,,,,20.0,,,0.016354732524587336
Q_inv,2.0,,,,,24.0,,,0.0
Q_inv,2.0,,,,,21.0,,,0.02727579258346234
Q_inv,2.0,,,,,18.0,,,0.006326854095829233
Q_inv,2.0,,,,,23.0,,,0.0
Q_inv,2.0,,,,,22.0,,,0.0
Q_inv,2.0,,,,,17.0,,,0.0818841273375808
Q_inv,2.0,,,,,25.0,,,0.0
Q_inv,3.0,,,,,19.0,,,0.01193799422365629
Q_inv,3.0,,,,,20.0,,,0.01607224694811722
Q_inv,3.0,,,,,24.0,,,0.0
Q_inv,3.0,,,,,21.0,,,0.02686048700322664
Q_inv,3.0,,,,,18.0,,,0.006326854095829233
Q_inv,3.0,,,,,23.0,,,0.0
Q_inv,3.0,,,,,22.0,,,0.0
Q_inv,3.0,,,,,17.0,,,0.08088774069897559
Q_inv,3.0,,,,,25.0,,,0.0
Q_inv,4.0,,,,,19.0,,,0.01205664283375776
Q_inv,4.0,,,,,20.0,,,0.016296120850859148
Q_inv,4.0,,,,,24.0,,,0.0
Q_inv,4.0,,,,,21.0,,,0.02712744637595496
Q_inv,4.0,,,,,18.0,,,0.006326854095829233
Q_inv,4.0,,,,,23.0,,,0.0
Q_inv,4.0,,,,,22.0,,,0.0
Q_inv,4.0,,,,,17.0,,,0.08169021159425009
Q_inv,4.0,,,,,25.0,,,0.0
Q_inv,5.0,,,,,19.0,,,0.01232769901499222
Q_inv,5.0,,,,,20.0,,,0.0167728183535086
Q_inv,5.0,,,,,24.0,,,0.0
Q_inv,5.0,,,,,21.0,,,0.02773732278373249
Q_inv,5.0,,,,,18.0,,,0.006326854095829233
Q_inv,5.0,,,,,23.0,,,0.0
Q_inv,5.0,,,,,22.0,,,0.0
Q_inv,5.0,,,,,17.0,,,0.08277190384857783
Q_inv,5.0,,,,,25.0,,,0.0
Q_inv,6.0,,,,,19.0,,,0.015056478229280908
Q_inv,6.0,,,,,20.0,,,0.018453324446168595
Q_inv,6.0,,,,,24.0,,,0.0036262021143011794
Q_inv,6.0,,,,,21.0,,,0.033877076015882045
Q_inv,6.0,,,,,18.0,,,0.006326854095829233
Q_inv,6.0,,,,,23.0,,,0.0
Q_inv,6.0,,,,,22.0,,,0.003963598295190286
Q_inv,6.0,,,,,17.0,,,0.0884353282025253
Q_inv,6.0,,,,,25.0,,,0.0
Q_inv,7.0,,,,,19.0,,,0.018855648672350112
Q_inv,7.0,,,,,20.0,,,0.018453324446168595
Q_inv,7.0,,,,,24.0,,,0.0109973862906707
Q_inv,7.0,,,,,21.0,,,0.046906917347440916
Q_inv,7.0,,,,,18.0,,,0.006326854095829233
Q_inv,7.0,,,,,23.0,,,0.0
Q_inv,7.0,,,,,22.0,,,0.005538298832657618
Q_inv,7.0,,,,,17.0,,,0.0884353282025253
Q_inv,7.0,,,,,25.0,,,0.0
Q_inv,8.0,,,,,19.0,,,0.034868090369062646
Q_inv,8.0,,,,,20.0,,,0.018453324446168595
Q_inv,8.0,,,,,24.0,,,0.016909860465504276
Q_inv,8.0,,,,,21.0,,,0.046906917347440916
Q_inv,8.0,,,,,18.0,,,0.006326854095829233
Q_inv,8.0,,,,,23.0,,,0.005811486410655538
Q_inv,8.0,,,,,22.0,,,0.0181387820655544
Q_inv,8.0,,,,,17.0,,,0.0884353282025253
Q_inv,8.0,,,,,25.0,,,0.007167744
Q_inv,9.0,,,,,19.0,,,0.03486809036906264
Q_inv,9.0,,,,,20.0,,,0.01827195555878317
Q_inv,9.0,,,,,24.0,,,0.015969237481543358
Q_inv,9.0,,,,,21.0,,,0.046906917347440916
Q_inv,9.0,,,,,18.0,,,0.006264670477297087
Q_inv,9.0,,,,,23.0,,,0.0055123529357747085
Q_inv,9.0,,,,,22.0,,,0.0181387820655544
Q_inv,9.0,,,,,17.0,,,0.0884353282025253
Q_inv,9.0,,,,,25.0,,,0.001929598104519482
Q_inv,10.0,,,,,19.0,,,0.027339881114800027
Q_inv,10.0,,,,,20.0,,,0.01708087398218231
Q_inv,10.0,,,,,24.0,,,0.014336130607945157
Q_inv,10.0,,,,,21.0,,,0.046906917347440916
Q_inv,10.0,,,,,18.0,,,0.0058562996510339365
Q_inv,10.0,,,,,23.0,,,0.004967858500757173
Q_inv,10.0,,,,,22.0,,,0.017897556079413346
Q_inv,10.0,,,,,17.0,,,0.0884353282025253
Q_inv,10.0,,,,,25.0,,,0.002386382269585235
Q_inv,11.0,,,,,19.0,,,0.02593882256120018
Q_inv,11.0,,,,,20.0,,,0.016430663306282844
Q_inv,11.0,,,,,24.0,,,0.012183330607945157
Q_inv,11.0,,,,,21.0,,,0.04651998254159514
Q_inv,11.0,,,,,18.0,,,0.005633370276439833
Q_inv,11.0,,,,,23.0,,,0.004308408356233975
Q_inv,11.0,,,,,22.0,,,0.017507429673873667
Q_inv,11.0,,,,,17.0,,,0.0884353282025253
Q_inv,11.0,,,,,25.0,,,0.001501368219271124
Q_inv,12.0,,,,,19.0,,,0.02519507398737231
Q_inv,12.0,,,,,20.0,,,0.01564397362697384
Q_inv,12.0,,,,,24.0,,,0.009578658607945155
Q_inv,12.0,,,,,21.0,,,0.045575954926424335
Q_inv,12.0,,,,,18.0,,,0.005363648100676746
Q_inv,12.0,,,,,23.0,,,0.0034401843562339735
Q_inv,12.0,,,,,22.0,,,0.017035415866288265
Q_inv,12.0,,,,,17.0,,,0.0884353282025253
Q_inv,12.0,,,,,25.0,,,0.0006760070729134041
Q_inv,13.0,,,,,19.0,,,0.027149371495939517
Q_inv,13.0,,,,,20.0,,,0.017482917292417407
Q_inv,13.0,,,,,24.0,,,0.014887127859098882
Q_inv,13.0,,,,,21.0,,,0.046906917347440916
Q_inv,13.0,,,,,18.0,,,0.005994143071685968
Q_inv,13.0,,,,,23.0,,,0.005151649728293217
Q_inv,13.0,,,,,22.0,,,0.0181387820655544
Q_inv,13.0,,,,,17.0,,,0.0884353282025253
Q_inv,13.0,,,,,25.0,,,0.001353707582530335
Q_inv,14.0,,,,,19.0,,,0.025978673355432472
Q_inv,14.0,,,,,20.0,,,0.017144285832714847
Q_inv,14.0,,,,,24.0,,,0.01442271900007823
Q_inv,14.0,,,,,21.0,,,0.046906917347440916
Q_inv,14.0,,,,,18.0,,,0.005878040856930806
Q_inv,14.0,,,,,23.0,,,0.004996846775286333
Q_inv,14.0,,,,,22.0,,,0.017935603189732866
Q_inv,14.0,,,,,17.0,,,0.0884353282025253
Q_inv,14.0,,,,,25.0,,,0.0011165791931556789
Q_inv,15.0,,,,,19.0,,,0.025778917819857493
Q_inv,15.0,,,,,20.0,,,0.01741002410895202
Q_inv,15.0,,,,,24.0,,,0.014787160064632068
Q_inv,15.0,,,,,21.0,,,0.046906917347440916
Q_inv,15.0,,,,,18.0,,,0.0059691511230692655
Q_inv,15.0,,,,,23.0,,,0.005118327130137613
Q_inv,15.0,,,,,22.0,,,0.01809504615547517
Q_inv,15.0,,,,,17.0,,,0.0884353282025253
Q_inv,15.0,,,,,25.0,,,0.001277509991380095
Q_inv,16.0,,,,,19.0,,,0.026492399186927362
Q_inv,16.0,,,,,20.0,,,0.018453324446168595
Q_inv,16.0,,,,,24.0,,,0.01647146232009382
Q_inv,16.0,,,,,21.0,,,0.046906917347440916
Q_inv,16.0,,,,,18.0,,,0.006326854095829233
Q_inv,16.0,,,,,23.0,,,0.0054473089713883835
Q_inv,16.0,,,,,22.0,,,0.0181387820655544
Q_inv,16.0,,,,,17.0,,,0.0884353282025253
Q_inv,16.0,,,,,25.0,,,0.001257172381658762
Q_inv,17.0,,,,,19.0,,,0.0167905293720972
Q_inv,17.0,,,,,20.0,,,0.018453324446168595
Q_inv,17.0,,,,,24.0,,,0.00875242655674042
Q_inv,17.0,,,,,21.0,,,0.03777869108721871
Q_inv,17.0,,,,,18.0,,,0.006326854095829233
Q_inv,17.0,,,,,23.0,,,0.004702148696268585
Q_inv,17.0,,,,,22.0,,,0.005394982696467202
Q_inv,17.0,,,,,17.0,,,0.0782359676033906
Q_inv,17.0,,,,,25.0,,,0.000702944282236292
Q_inv,18.0,,,,,19.0,,,0.012915455099396381
Q_inv,18.0,,,,,20.0,,,0.01818470640780432
Q_inv,18.0,,,,,24.0,,,0.0005434726831438799
Q_inv,18.0,,,,,21.0,,,0.02905977397364186
Q_inv,18.0,,,,,18.0,,,0.006326854095829233
Q_inv,18.0,,,,,23.0,,,0.0037813895004492498
Q_inv,18.0,,,,,22.0,,,0.0032825996022714785
Q_inv,18.0,,,,,17.0,,,0.07512522657579282
Q_inv,18.0,,,,,25.0,,,0.000212169306890202
Q_inv,19.0,,,,,19.0,,,0.015515918532928361
Q_inv,19.0,,,,,20.0,,,0.018453324446168595
Q_inv,19.0,,,,,24.0,,,0.004685505290185905
Q_inv,19.0,,,,,21.0,,,0.03491081669908881
Q_inv,19.0,,,,,18.0,,,0.006326854095829233
Q_inv,19.0,,,,,23.0,,,0.0033898362585371724
Q_inv,19.0,,,,,22.0,,,0.0037329198166504195
Q_inv,19.0,,,,,17.0,,,0.0884353282025253
Q_inv,19.0,,,,,25.0,,,0.0
Q_inv,20.0,,,,,19.0,,,0.01531956969064838
Q_inv,20.0,,,,,20.0,,,0.018453324446168595
Q_inv,20.0,,,,,24.0,,,0.0043734280037579926
Q_inv,20.0,,,,,21.0,,,0.03446903180395886
Q_inv,20.0,,,,,18.0,,,0.006326854095829233
Q_inv,20.0,,,,,23.0,,,0.002395039969800342
Q_inv,20.0,,,,,22.0,,,0.005430408220185875
Q_inv,20.0,,,,,17.0,,,0.0884353282025253
Q_inv,20.0,,,,,25.0,,,0.0
Q_inv,21.0,,,,,19.0,,,0.01559373528897396
Q_inv,21.0,,,,,20.0,,,0.018453324446168595
Q_inv,21.0,,,,,24.0,,,0.004633368551360676
Q_inv,21.0,,,,,21.0,,,0.0350859044001914
Q_inv,21.0,,,,,18.0,,,0.006326854095829233
Q_inv,21.0,,,,,23.0,,,0.0007812204748453574
Q_inv,21.0,,,,,22.0,,,0.004722364378018257
Q_inv,21.0,,,,,17.0,,,0.0884353282025253
Q_inv,21.0,,,,,25.0,,,0.0
Q_inv,22.0,,,,,19.0,,,0.014763575699502289
Q_inv,22.0,,,,,20.0,,,0.018453324446168595
Q_inv,22.0,,,,,24.0,,,0.002911893219170935
Q_inv,22.0,,,,,21.0,,,0.033218045323880147
Q_inv,22.0,,,,,18.0,,,0.006326854095829233
Q_inv,22.0,,,,,23.0,,,0.0
Q_inv,22.0,,,,,22.0,,,0.0026393521521066157
Q_inv,22.0,,,,,17.0,,,0.0884353282025253
Q_inv,22.0,,,,,25.0,,,0.0
Q_inv,23.0,,,,,19.0,,,0.015056775443362808
Q_inv,23.0,,,,,20.0,,,0.018453324446168595
Q_inv,23.0,,,,,24.0,,,0.002886534758599341
Q_inv,23.0,,,,,21.0,,,0.033877744747566337
Q_inv,23.0,,,,,18.0,,,0.006326854095829233
Q_inv,23.0,,,,,23.0,,,0.0
Q_inv,23.0,,,,,22.0,,,0.0059563481760692765
Q_inv,23.0,,,,,17.0,,,0.0884353282025253
Q_inv,23.0,,,,,25.0,,,0.0
Q_inv,24.0,,,,,19.0,,,0.01220824445484424
Q_inv,24.0,,,,,20.0,,,0.01637020795268738
Q_inv,24.0,,,,,24.0,,,0.0
Q_inv,24.0,,,,,21.0,,,0.02746855002339953
Q_inv,24.0,,,,,18.0,,,0.006326854095829233
Q_inv,24.0,,,,,23.0,,,0.0
Q_inv,24.0,,,,,22.0,,,0.0
Q_inv,24.0,,,,,17.0,,,0.0817813589977204
Q_inv,24.0,,,,,25.0,,,0.0
S_inv,,,,,,19.0,,,0.03555119664390489
S_inv,,,,,,20.0,,,0.01881484644486291
S_inv,,,,,,24.0,,,0.017241144217164557
S_inv,,,,,,21.0,,,0.04782587818625914
S_inv,,,,,,18.0,,,0.00645080449538157
S_inv,,,,,,23.0,,,0.005925340160352182
S_inv,,,,,,22.0,,,0.018494141814706884
S_inv,,,,,,17.0,,,0.09016787870854552
S_inv,,,,,,25.0,,,0.007308168406700725
PV_surf,,,,,,19.0,,,84.0
PV_surf,,,,,,20.0,,,105.0
PV_surf,,,,,,24.0,,,144.0
PV_surf,,,,,,21.0,,,126.0
PV_surf,,,,,,18.0,,,36.0
PV_surf,,,,,,23.0,,,48.0
PV_surf,,,,,,22.0,,,63.0
PV_surf,,,,,,17.0,,,90.0
PV_surf,,,,,,25.0,,,72.0
pi,,,,,,19.0,,,1.0
pi,,,,,,20.0,,,1.0
pi,,,,,,24.0,,,1.0
pi,,,,,,21.0,,,1.0
pi,,,,,,18.0,,,1.0
pi,,,,,,23.0,,,1.0
pi,,,,,,22.0,,,1.0
pi,,,,,,17.0,,,1.0
pi,,,,,,25.0,,,1.0
P_bus,1.0,,,,,19.0,,,0.0161571943430776
P_bus,1.0,,,,,20.0,,,0.020196492928847003
P_bus,1.0,,,,,24.0,,,0.00329508519777607
P_bus,1.0,,,,,21.0,,,0.0363536872719246
P_bus,1.0,,,,,18.0,,,0.01038676779197846
P_bus,1.0,,,,,23.0,,,0.0006827441403397127
P_bus,1.0,,,,,22.0,,,0.0026144444348282963
P_bus,1.0,,,,,17.0,,,0.10964882161859449
P_bus,1.0,,,,,25.0,,,0.001647542598888035
P_bus,2.0,,,,,19.0,,,0.0161571943430776
P_bus,2.0,,,,,20.0,,,0.020196492928847003
P_bus,2.0,,,,,24.0,,,0.00329508519777607
P_bus,2.0,,,,,21.0,,,0.0363536872719246
P_bus,2.0,,,,,18.0,,,0.01038676779197846
P_bus,2.0,,,,,23.0,,,0.0006827441403397127
P_bus,2.0,,,,,22.0,,,0.0026144448955204387
P_bus,2.0,,,,,17.0,,,0.10964882161859449
P_bus,2.0,,,,,25.0,,,0.001647542598888035
P_bus,3.0,,,,,19.0,,,0.0161571943430776
P_bus,3.0,,,,,20.0,,,0.020196492928847003
P_bus,3.0,,,,,24.0,,,0.00329508519777607
P_bus,3.0,,,,,21.0,,,0.0363536872719246
P_bus,3.0,,,,,18.0,,,0.01038676779197846
P_bus,3.0,,,,,23.0,,,0.0006827441403397127
P_bus,3.0,,,,,22.0,,,0.002614441322884152
P_bus,3.0,,,,,17.0,,,0.10964882161859449
P_bus,3.0,,,,,25.0,,,0.001647542598888035
P_bus,4.0,,,,,19.0,,,0.0161571943430776
P_bus,4.0,,,,,20.0,,,0.020196492928847003
P_bus,4.0,,,,,24.0,,,0.00329508519777607
P_bus,4.0,,,,,21.0,,,0.0363536872719246
P_bus,4.0,,,,,18.0,,,0.01038676779197846
P_bus,4.0,,,,,23.0,,,0.0006827441403397127
P_bus,4.0,,,,,22.0,,,0.002614441322884152
P_bus,4.0,,,,,17.0,,,0.10964882161859449
P_bus,4.0,,,,,25.0,,,0.001647542598888035
P_bus,5.0,,,,,19.0,,,0.01642629260300599
P_bus,5.0,,,,,20.0,,,0.02053286575375748
P_bus,5.0,,,,,24.0,,,0.00329508519777607
P_bus,5.0,,,,,21.0,,,0.036959158356763465
P_bus,5.0,,,,,18.0,,,0.010559759530503851
P_bus,5.0,,,,,23.0,,,0.0006827441403397127
P_bus,5.0,,,,,22.0,,,0.002614441322884152
P_bus,5.0,,,,,17.0,,,0.1106614768147173
P_bus,5.0,,,,,25.0,,,0.001647542598888035
P_bus,6.0,,,,,19.0,,,0.020418471900677238
P_bus,6.0,,,,,20.0,,,0.02552308987584655
P_bus,6.0,,,,,24.0,,,0.003610455824228517
P_bus,6.0,,,,,21.0,,,0.04594156177652379
P_bus,6.0,,,,,18.0,,,0.01312616050757823
P_bus,6.0,,,,,23.0,,,0.0006827441403397127
P_bus,6.0,,,,,22.0,,,0.002614441322884152
P_bus,6.0,,,,,17.0,,,0.12641411178470038
P_bus,6.0,,,,,25.0,,,0.0018052279121142589
P_bus,7.0,,,,,19.0,,,0.02663650537910347
P_bus,7.0,,,,,20.0,,,0.03329563172387933
P_bus,7.0,,,,,24.0,,,0.007979437143658032
P_bus,7.0,,,,,21.0,,,0.0600581371029828
P_bus,7.0,,,,,18.0,,,0.017159467743709373
P_bus,7.0,,,,,23.0,,,0.0005867441403397127
P_bus,7.0,,,,,22.0,,,0.006799461325879408
P_bus,7.0,,,,,17.0,,,0.14282357294821568
P_bus,7.0,,,,,25.0,,,0.003989718571829016
P_bus,8.0,,,,,19.0,,,0.059750466016853535
P_bus,8.0,,,,,20.0,,,0.07468808252106691
P_bus,8.0,,,,,24.0,,,0.01308018189022804
P_bus,8.0,,,,,21.0,,,0.13558565253792051
P_bus,8.0,,,,,18.0,,,0.038738757867977265
P_bus,8.0,,,,,23.0,,,0.002590984230448759
P_bus,8.0,,,,,22.0,,,0.011027588921179731
P_bus,8.0,,,,,17.0,,,0.2568666703799239
P_bus,8.0,,,,,25.0,,,0.0065400909451140184
P_bus,9.0,,,,,19.0,,,0.055275218864923786
P_bus,9.0,,,,,20.0,,,0.06909402358115474
P_bus,9.0,,,,,24.0,,,0.00967477610197275
P_bus,9.0,,,,,21.0,,,0.1268343064460785
P_bus,9.0,,,,,18.0,,,0.036238373270308155
P_bus,9.0,,,,,23.0,,,0.01109415316233721
P_bus,9.0,,,,,22.0,,,0.019167849285014867
P_bus,9.0,,,,,17.0,,,0.254664557785066
P_bus,9.0,,,,,25.0,,,0.004837388050986375
P_bus,10.0,,,,,19.0,,,0.05239322688419316
P_bus,10.0,,,,,20.0,,,0.06549153360524146
P_bus,10.0,,,,,24.0,,,0.005457900925310313
P_bus,10.0,,,,,21.0,,,0.12207514248943459
P_bus,10.0,,,,,18.0,,,0.03487861213983846
P_bus,10.0,,,,,23.0,,,0.01652535542192288
P_bus,10.0,,,,,22.0,,,0.01669416869097532
P_bus,10.0,,,,,17.0,,,0.252199817785066
P_bus,10.0,,,,,25.0,,,0.0027289504626551563
P_bus,11.0,,,,,19.0,,,0.05171899486492379
P_bus,11.0,,,,,20.0,,,0.06464874358115474
P_bus,11.0,,,,,24.0,,,0.00299092437161636
P_bus,11.0,,,,,21.0,,,0.12149997044607849
P_bus,11.0,,,,,18.0,,,0.03471427727030815
P_bus,11.0,,,,,23.0,,,0.015807755421922882
P_bus,11.0,,,,,22.0,,,0.015124934567458347
P_bus,11.0,,,,,17.0,,,0.250854317785066
P_bus,11.0,,,,,25.0,,,0.0014954621858081774
P_bus,12.0,,,,,19.0,,,0.047346197298794815
P_bus,12.0,,,,,20.0,,,0.059182746623493515
P_bus,12.0,,,,,24.0,,,-0.006224662569981701
P_bus,12.0,,,,,21.0,,,0.11280071992228831
P_bus,12.0,,,,,18.0,,,0.03222877712065381
P_bus,12.0,,,,,23.0,,,0.014939531421922881
P_bus,12.0,,,,,22.0,,,0.013742543033331809
P_bus,12.0,,,,,17.0,,,0.2345297953136826
P_bus,12.0,,,,,25.0,,,-0.0031123312849908507
P_bus,13.0,,,,,19.0,,,0.054235930848866035
P_bus,13.0,,,,,20.0,,,0.06779491356108254
P_bus,13.0,,,,,24.0,,,0.006144760152869128
P_bus,13.0,,,,,21.0,,,0.1256388544099486
P_bus,13.0,,,,,18.0,,,0.035896815545699595
P_bus,13.0,,,,,23.0,,,0.01696906742192288
P_bus,13.0,,,,,22.0,,,0.01662699474417104
P_bus,13.0,,,,,17.0,,,0.253031777785066
P_bus,13.0,,,,,25.0,,,0.003072380076434564
P_bus,14.0,,,,,19.0,,,0.052515698884193156
P_bus,14.0,,,,,20.0,,,0.06564462360524145
P_bus,14.0,,,,,24.0,,,0.004954302021912509
P_bus,14.0,,,,,21.0,,,0.12225885048943459
P_bus,14.0,,,,,18.0,,,0.03493110013983845
P_bus,14.0,,,,,23.0,,,0.01659533942192288
P_bus,14.0,,,,,22.0,,,0.01620226107592739
P_bus,14.0,,,,,17.0,,,0.25233103778506605
P_bus,14.0,,,,,25.0,,,0.0024771510109562545
P_bus,15.0,,,,,19.0,,,0.053028938884193154
P_bus,15.0,,,,,20.0,,,0.06628617360524144
P_bus,15.0,,,,,24.0,,,0.006055188436688329
P_bus,15.0,,,,,21.0,,,0.12302871048943459
P_bus,15.0,,,,,18.0,,,0.03515106013983846
P_bus,15.0,,,,,23.0,,,0.01688861942192288
P_bus,15.0,,,,,22.0,,,0.017108472413708282
P_bus,15.0,,,,,17.0,,,0.25288093778506604
P_bus,15.0,,,,,25.0,,,0.0030275942183441637
P_bus,16.0,,,,,19.0,,,0.056297029288070274
P_bus,16.0,,,,,20.0,,,0.07037128661008782
P_bus,16.0,,,,,24.0,,,0.01035947397787663
P_bus,16.0,,,,,21.0,,,0.12860291989815809
P_bus,16.0,,,,,18.0,,,0.036743691399473734
P_bus,16.0,,,,,23.0,,,0.01824404342192288
P_bus,16.0,,,,,22.0,,,0.01994292850557294
P_bus,16.0,,,,,17.0,,,0.25544202392254317
P_bus,16.0,,,,,25.0,,,0.005179736988938314
P_bus,17.0,,,,,19.0,,,0.0357498236375237
P_bus,17.0,,,,,20.0,,,0.04468727954690463
P_bus,17.0,,,,,24.0,,,0.0062036943914629385
P_bus,17.0,,,,,21.0,,,0.08114308118442833
P_bus,17.0,,,,,18.0,,,0.02318373748126524
P_bus,17.0,,,,,23.0,,,0.01918013942192288
P_bus,17.0,,,,,22.0,,,0.02205117526101443
P_bus,17.0,,,,,17.0,,,0.16995485308702982
P_bus,17.0,,,,,25.0,,,0.0031018471957314693
P_bus,18.0,,,,,19.0,,,0.02426436672298922
P_bus,18.0,,,,,20.0,,,0.030330458403736524
P_bus,18.0,,,,,24.0,,,0.0027421925305301954
P_bus,18.0,,,,,21.0,,,0.05483661912672573
P_bus,18.0,,,,,18.0,,,0.01566760546477878
P_bus,18.0,,,,,23.0,,,0.01953380342192288
P_bus,18.0,,,,,22.0,,,0.01700635622427559
P_bus,18.0,,,,,17.0,,,0.1426681870013701
P_bus,18.0,,,,,25.0,,,0.0013710962652650977
P_bus,19.0,,,,,19.0,,,0.02485533839973872
P_bus,19.0,,,,,20.0,,,0.031069172999673402
P_bus,19.0,,,,,24.0,,,0.0031445743803865324
P_bus,19.0,,,,,21.0,,,0.055988267399412116
P_bus,19.0,,,,,18.0,,,0.01599664782840346
P_bus,19.0,,,,,23.0,,,0.01966945142192288
P_bus,19.0,,,,,22.0,,,0.015115053436011959
P_bus,19.0,,,,,17.0,,,0.1439020998806599
P_bus,19.0,,,,,25.0,,,0.0015722871901932662
P_bus,20.0,,,,,19.0,,,0.022797299790529132
P_bus,20.0,,,,,20.0,,,0.028496624738161412
P_bus,20.0,,,,,24.0,,,0.00329508519777607
P_bus,20.0,,,,,21.0,,,0.05129392452869055
P_bus,20.0,,,,,18.0,,,0.0146554070081973
P_bus,20.0,,,,,23.0,,,0.01324280552618331
P_bus,20.0,,,,,22.0,,,0.01519722126003541
P_bus,20.0,,,,,17.0,,,0.1356158951986698
P_bus,20.0,,,,,25.0,,,0.001647542598888035
P_bus,21.0,,,,,19.0,,,0.02279256485676759
P_bus,21.0,,,,,20.0,,,0.028490706070959493
P_bus,21.0,,,,,24.0,,,0.00329508519777607
P_bus,21.0,,,,,21.0,,,0.05128327092772707
P_bus,21.0,,,,,18.0,,,0.01465236312220773
P_bus,21.0,,,,,23.0,,,0.006313282869388864
P_bus,21.0,,,,,22.0,,,0.0030424060074479547
P_bus,21.0,,,,,17.0,,,0.1356158951986698
P_bus,21.0,,,,,25.0,,,0.001647542598888035
P_bus,22.0,,,,,19.0,,,0.02058539904438327
P_bus,22.0,,,,,20.0,,,0.02573174880547909
P_bus,22.0,,,,,24.0,,,0.00329508519777607
P_bus,22.0,,,,,21.0,,,0.04631714784986237
P_bus,22.0,,,,,18.0,,,0.01323347081424639
P_bus,22.0,,,,,23.0,,,0.0062745182744494265
P_bus,22.0,,,,,22.0,,,0.002614441322884152
P_bus,22.0,,,,,17.0,,,0.127066516804749
P_bus,22.0,,,,,25.0,,,0.001647542598888035
P_bus,23.0,,,,,19.0,,,0.01948166506592471
P_bus,23.0,,,,,20.0,,,0.024352081332405892
P_bus,23.0,,,,,24.0,,,0.00329508519777607
P_bus,23.0,,,,,21.0,,,0.04383374639833059
P_bus,23.0,,,,,18.0,,,0.01252392754238017
P_bus,23.0,,,,,23.0,,,0.003590037869657076
P_bus,23.0,,,,,22.0,,,0.002614441322884152
P_bus,23.0,,,,,17.0,,,0.12279183650838331
P_bus,23.0,,,,,25.0,,,0.001647542598888035
P_bus,24.0,,,,,19.0,,,0.0161571943430776
P_bus,24.0,,,,,20.0,,,0.020196492928847003
P_bus,24.0,,,,,24.0,,,0.00329508519777607
P_bus,24.0,,,,,21.0,,,0.0363536872719246
P_bus,24.0,,,,,18.0,,,0.01038676779197846
P_bus,24.0,,,,,23.0,,,0.0007054087067255551
P_bus,24.0,,,,,22.0,,,0.002614434638303735
P_bus,24.0,,,,,17.0,,,0.10964882161859449
P_bus,24.0,,,,,25.0,,,0.001647542598888035
Q_bus,1.0,,,,,19.0,,,0.0
Q_bus,1.0,,,,,20.0,,,-0.0012985208134910758
Q_bus,1.0,,,,,24.0,,,-5.252061679431551e-05
Q_bus,1.0,,,,,21.0,,,0.0
Q_bus,1.0,,,,,18.0,,,0.0015735059621621028
Q_bus,1.0,,,,,23.0,,,-0.0003051659415154777
Q_bus,1.0,,,,,22.0,,,-0.001168576045834583
Q_bus,1.0,,,,,17.0,,,0.0011685720298750674
Q_bus,1.0,,,,,25.0,,,0.0
Q_bus,2.0,,,,,19.0,,,0.0
Q_bus,2.0,,,,,20.0,,,-0.0012015144226638162
Q_bus,2.0,,,,,24.0,,,-0.00016475425988880349
Q_bus,2.0,,,,,21.0,,,0.0
Q_bus,2.0,,,,,18.0,,,0.0014662294994457212
Q_bus,2.0,,,,,23.0,,,-0.0001003426994135638
Q_bus,2.0,,,,,22.0,,,-0.00038424364896933746
Q_bus,2.0,,,,,17.0,,,0.00038424046563689807
Q_bus,2.0,,,,,25.0,,,-8.237712994440176e-05
Q_bus,3.0,,,,,19.0,,,0.0
Q_bus,3.0,,,,,20.0,,,-0.0011497541685468581
Q_bus,3.0,,,,,24.0,,,-0.00016475425988880349
Q_bus,3.0,,,,,21.0,,,0.0
Q_bus,3.0,,,,,18.0,,,0.0013475707622355206
Q_bus,3.0,,,,,23.0,,,-3.342601520413177e-05
Q_bus,3.0,,,,,22.0,,,-0.0001279986897662033
Q_bus,3.0,,,,,17.0,,,0.0001279957784607738
Q_bus,3.0,,,,,25.0,,,-8.237712994440176e-05
Q_bus,4.0,,,,,19.0,,,0.0
Q_bus,4.0,,,,,20.0,,,-0.0012253173086619485
Q_bus,4.0,,,,,24.0,,,-0.00016475425988880349
Q_bus,4.0,,,,,21.0,,,0.0
Q_bus,4.0,,,,,18.0,,,0.0014238448687293277
Q_bus,4.0,,,,,23.0,,,-3.413720701698564e-05
Q_bus,4.0,,,,,22.0,,,-0.0001307220661442076
Q_bus,4.0,,,,,17.0,,,0.00013071915194770578
Q_bus,4.0,,,,,25.0,,,-8.237712994440176e-05
Q_bus,5.0,,,,,19.0,,,0.0
Q_bus,5.0,,,,,20.0,,,-0.0013631945847683291
Q_bus,5.0,,,,,24.0,,,-0.00016475425988880349
Q_bus,5.0,,,,,21.0,,,0.0
Q_bus,5.0,,,,,18.0,,,0.0015980952709514756
Q_bus,5.0,,,,,23.0,,,-7.258845667897495e-05
Q_bus,5.0,,,,,22.0,,,-0.0002779639538341118
Q_bus,5.0,,,,,17.0,,,0.0002779608833293201
Q_bus,5.0,,,,,25.0,,,-8.237712994440176e-05
Q_bus,6.0,,,,,19.0,,,0.0
Q_bus,6.0,,,,,20.0,,,0.00036727334043253415
Q_bus,6.0,,,,,24.0,,,-0.0036262021143011794
Q_bus,6.0,,,,,21.0,,,0.0
Q_bus,6.0,,,,,18.0,,,0.0033523104801370662
Q_bus,6.0,,,,,23.0,,,-0.00021367015564203009
Q_bus,6.0,,,,,22.0,,,-0.004781808297109388
Q_bus,6.0,,,,,17.0,,,0.004781800445436565
Q_bus,6.0,,,,,25.0,,,0.0
Q_bus,7.0,,,,,19.0,,,0.0
Q_bus,7.0,,,,,20.0,,,0.005116236394269044
Q_bus,7.0,,,,,24.0,,,-0.0109973862906707
Q_bus,7.0,,,,,21.0,,,-0.0044817078346531605
Q_bus,7.0,,,,,18.0,,,0.005794634336395836
Q_bus,7.0,,,,,23.0,,,-0.00020107190067147578
Q_bus,7.0,,,,,22.0,,,-0.007577885245114411
Q_bus,7.0,,,,,17.0,,,0.012160638492851705
Q_bus,7.0,,,,,25.0,,,0.0
Q_bus,8.0,,,,,19.0,,,0.003811904963134563
Q_bus,8.0,,,,,20.0,,,0.02989666971907791
Q_bus,8.0,,,,,24.0,,,-0.016909860465504276
Q_bus,8.0,,,,,21.0,,,0.04012307215000281
Q_bus,8.0,,,,,18.0,,,0.018538857189154687
Q_bus,8.0,,,,,23.0,,,-0.005974412306528792
Q_bus,8.0,,,,,22.0,,,-0.01871124698276032
Q_bus,8.0,,,,,17.0,,,0.074733689535275
Q_bus,8.0,,,,,25.0,,,-0.007167744
Q_bus,9.0,,,,,19.0,,,-0.0014644011636845006
Q_bus,9.0,,,,,20.0,,,0.02348265594793952
Q_bus,9.0,,,,,24.0,,,-0.012110041272504394
Q_bus,9.0,,,,,21.0,,,0.02825138336465989
Q_bus,9.0,,,,,18.0,,,0.015209129726160293
Q_bus,9.0,,,,,23.0,,,-0.0033432127290476893
Q_bus,9.0,,,,,22.0,,,-0.01452147193089276
Q_bus,9.0,,,,,17.0,,,0.0588337505547535
Q_bus,9.0,,,,,25.0,,,0.0
Q_bus,10.0,,,,,19.0,,,0.0
Q_bus,10.0,,,,,20.0,,,0.017093977411317733
Q_bus,10.0,,,,,24.0,,,-0.009563366068774688
Q_bus,10.0,,,,,21.0,,,0.014607815160859162
Q_bus,10.0,,,,,18.0,,,0.011719338208480375
Q_bus,10.0,,,,,23.0,,,0.0002399269675329432
Q_bus,10.0,,,,,22.0,,,-0.012381676763853332
Q_bus,10.0,,,,,17.0,,,0.033308852951907594
Q_bus,10.0,,,,,25.0,,,0.0
Q_bus,11.0,,,,,19.0,,,0.0
Q_bus,11.0,,,,,20.0,,,0.01599286489521739
Q_bus,11.0,,,,,24.0,,,-0.009180594169402909
Q_bus,11.0,,,,,21.0,,,0.011842368221105244
Q_bus,11.0,,,,,18.0,,,0.011041587084331705
Q_bus,11.0,,,,,23.0,,,0.0012372868561818361
Q_bus,11.0,,,,,22.0,,,-0.011810101576776005
Q_bus,11.0,,,,,17.0,,,0.0259228937037375
Q_bus,11.0,,,,,25.0,,,0.0
Q_bus,12.0,,,,,19.0,,,0.0
Q_bus,12.0,,,,,20.0,,,0.015849868857241538
Q_bus,12.0,,,,,24.0,,,-0.008226644462118347
Q_bus,12.0,,,,,21.0,,,0.01111296154516335
Q_bus,12.0,,,,,18.0,,,0.010833185176919731
Q_bus,12.0,,,,,23.0,,,0.0016760462437725322
Q_bus,12.0,,,,,22.0,,,-0.011842306571654823
Q_bus,12.0,,,,,17.0,,,0.021686612880876005
Q_bus,12.0,,,,,25.0,,,0.0
Q_bus,13.0,,,,,19.0,,,0.0
Q_bus,13.0,,,,,20.0,,,0.016453797077506997
Q_bus,13.0,,,,,24.0,,,-0.012179712694038211
Q_bus,13.0,,,,,21.0,,,0.014179168518423012
Q_bus,13.0,,,,,18.0,,,0.011459024318560872
Q_bus,13.0,,,,,23.0,,,-2.0963096452456843e-05
Q_bus,13.0,,,,,22.0,,,-0.01287357646893756
Q_bus,13.0,,,,,17.0,,,0.030277492738338393
Q_bus,13.0,,,,,25.0,,,0.0
Q_bus,14.0,,,,,19.0,,,0.0
Q_bus,14.0,,,,,20.0,,,0.01532905586157576
Q_bus,14.0,,,,,24.0,,,-0.012189560613766873
Q_bus,14.0,,,,,21.0,,,0.011545097702282153
Q_bus,14.0,,,,,18.0,,,0.010822534871561495
Q_bus,14.0,,,,,23.0,,,0.00036995504318058144
Q_bus,14.0,,,,,22.0,,,-0.012410186808180047
Q_bus,14.0,,,,,17.0,,,0.0272474102064396
Q_bus,14.0,,,,,25.0,,,0.0
Q_bus,15.0,,,,,19.0,,,0.0
Q_bus,15.0,,,,,20.0,,,0.014813623165869854
Q_bus,15.0,,,,,24.0,,,-0.012232140081871878
Q_bus,15.0,,,,,21.0,,,0.011095647747238445
Q_bus,15.0,,,,,18.0,,,0.010603010332553404
Q_bus,15.0,,,,,23.0,,,0.00021402114579099473
Q_bus,15.0,,,,,22.0,,,-0.012464131414563739
Q_bus,15.0,,,,,17.0,,,0.02635790106748151
Q_bus,15.0,,,,,25.0,,,0.0
Q_bus,16.0,,,,,19.0,,,0.0
Q_bus,16.0,,,,,20.0,,,0.014662174537490587
Q_bus,16.0,,,,,24.0,,,-0.013957117556776297
Q_bus,16.0,,,,,21.0,,,0.012700980823145643
Q_bus,16.0,,,,,18.0,,,0.010703973952909777
Q_bus,16.0,,,,,23.0,,,-2.485143035959106e-05
Q_bus,16.0,,,,,22.0,,,-0.012122460626521843
Q_bus,16.0,,,,,17.0,,,0.027748369719409402
Q_bus,16.0,,,,,25.0,,,0.0
Q_bus,17.0,,,,,19.0,,,0.0
Q_bus,17.0,,,,,20.0,,,0.0025348372689529136
Q_bus,17.0,,,,,24.0,,,-0.007346537992267836
Q_bus,17.0,,,,,21.0,,,0.0
Q_bus,17.0,,,,,18.0,,,0.004467057643376118
Q_bus,17.0,,,,,23.0,,,-2.770627140533024e-05
Q_bus,17.0,,,,,22.0,,,-7.171494939475082e-08
Q_bus,17.0,,,,,17.0,,,0.0
Q_bus,17.0,,,,,25.0,,,0.0
Q_bus,18.0,,,,,19.0,,,0.0
Q_bus,18.0,,,,,20.0,,,-0.0020403875335588476
Q_bus,18.0,,,,,24.0,,,-0.00011913406936347581
Q_bus,18.0,,,,,21.0,,,0.0
Q_bus,18.0,,,,,18.0,,,0.00197593846806844
Q_bus,18.0,,,,,23.0,,,-2.8784851490706517e-05
Q_bus,18.0,,,,,22.0,,,-4.565645492660836e-08
Q_bus,18.0,,,,,17.0,,,0.0
Q_bus,18.0,,,,,25.0,,,0.0
Q_bus,19.0,,,,,19.0,,,0.0
Q_bus,19.0,,,,,20.0,,,0.000941573719991852
Q_bus,19.0,,,,,24.0,,,-0.0047471984598181525
Q_bus,19.0,,,,,21.0,,,0.0
Q_bus,19.0,,,,,18.0,,,0.003647664961053284
Q_bus,19.0,,,,,23.0,,,-2.9198541409446166e-05
Q_bus,19.0,,,,,22.0,,,-0.0011459227301649035
Q_bus,19.0,,,,,17.0,,,0.0011458834020185854
Q_bus,19.0,,,,,25.0,,,-3.084658481612374e-05
Q_bus,20.0,,,,,19.0,,,0.0
Q_bus,20.0,,,,,20.0,,,0.0006961376671418863
Q_bus,20.0,,,,,24.0,,,-0.0043734280037579926
Q_bus,20.0,,,,,21.0,,,0.0
Q_bus,20.0,,,,,18.0,,,0.003521440705301868
Q_bus,20.0,,,,,23.0,,,-1.3428699281207816e-05
Q_bus,20.0,,,,,22.0,,,-0.0026973111161083603
Q_bus,20.0,,,,,17.0,,,0.002697269813262293
Q_bus,20.0,,,,,25.0,,,0.0
Q_bus,21.0,,,,,19.0,,,0.0
Q_bus,21.0,,,,,20.0,,,0.0010388446650488534
Q_bus,21.0,,,,,24.0,,,-0.00479812281124948
Q_bus,21.0,,,,,21.0,,,0.0
Q_bus,21.0,,,,,18.0,,,0.0036976900185111666
Q_bus,21.0,,,,,23.0,,,-3.333835581372218e-06
Q_bus,21.0,,,,,22.0,,,-0.004347496494957705
Q_bus,21.0,,,,,17.0,,,0.004347488650022824
Q_bus,21.0,,,,,25.0,,,-8.237712994440176e-05
Q_bus,22.0,,,,,19.0,,,0.0
Q_bus,22.0,,,,,20.0,,,1.1451782092643248e-06
Q_bus,22.0,,,,,24.0,,,-0.0030766474790597386
Q_bus,22.0,,,,,21.0,,,0.0
Q_bus,22.0,,,,,18.0,,,0.003164015996707953
Q_bus,22.0,,,,,23.0,,,-0.0001337948749698775
Q_bus,22.0,,,,,22.0,,,-0.002695101268550469
Q_bus,22.0,,,,,17.0,,,0.002695095632073416
Q_bus,22.0,,,,,25.0,,,-8.237712994440176e-05
Q_bus,23.0,,,,,19.0,,,0.0
Q_bus,23.0,,,,,20.0,,,0.0003676448580349212
Q_bus,23.0,,,,,24.0,,,-0.0030512890184881446
Q_bus,23.0,,,,,21.0,,,0.0
Q_bus,23.0,,,,,18.0,,,0.0033525015463325737
Q_bus,23.0,,,,,23.0,,,-0.0007007767845440823
Q_bus,23.0,,,,,22.0,,,-0.006466688136300655
Q_bus,23.0,,,,,17.0,,,0.006466678496001715
Q_bus,23.0,,,,,25.0,,,-8.237712994440176e-05
Q_bus,24.0,,,,,19.0,,,0.0
Q_bus,24.0,,,,,20.0,,,-0.0011099023841320919
Q_bus,24.0,,,,,24.0,,,-0.0001372952165740029
Q_bus,24.0,,,,,21.0,,,0.0
Q_bus,24.0,,,,,18.0,,,0.0015213030537134884
Q_bus,24.0,,,,,23.0,,,-0.0002882679811138085
Q_bus,24.0,,,,,22.0,,,-0.001068401502140158
Q_bus,24.0,,,,,17.0,,,0.0010683975925338124
Q_bus,24.0,,,,,25.0,,,-6.864760828700145e-05
storage_option,,,,,,19.0,,,0.0
storage_option,,,,,,20.0,,,0.0
storage_option,,,,,,24.0,,,0.0
storage_option,,,,,,21.0,,,0.0
storage_option,,,,,,18.0,,,0.0
storage_option,,,,,,23.0,,,0.0
storage_option,,,,,,22.0,,,-5.926641819061317e-09
storage_option,,,,,,17.0,,,0.0
storage_option,,,,,,25.0,,,0.0
storage_capacity,,,,,,19.0,,,0.0
storage_capacity,,,,,,20.0,,,0.0
storage_capacity,,,,,,24.0,,,0.0
storage_capacity,,,,,,21.0,,,0.0
storage_capacity,,,,,,18.0,,,0.0
storage_capacity,,,,,,23.0,,,0.0
storage_capacity,,,,,,22.0,,,0.0
storage_capacity,,,,,,17.0,,,0.0
storage_capacity,,,,,,25.0,,,0.0
P_storage_charge,1.0,,,,,19.0,,,0.0
P_storage_charge,1.0,,,,,20.0,,,0.0
P_storage_charge,1.0,,,,,24.0,,,0.0
P_storage_charge,1.0,,,,,21.0,,,0.0
P_storage_charge,1.0,,,,,18.0,,,0.0
P_storage_charge,1.0,,,,,23.0,,,0.0
P_storage_charge,1.0,,,,,22.0,,,0.0
P_storage_charge,1.0,,,,,17.0,,,0.0
P_storage_charge,1.0,,,,,25.0,,,0.0
P_storage_charge,2.0,,,,,19.0,,,0.0
P_storage_charge,2.0,,,,,20.0,,,0.0
P_storage_charge,2.0,,,,,24.0,,,0.0
P_storage_charge,2.0,,,,,21.0,,,0.0
P_storage_charge,2.0,,,,,18.0,,,0.0
P_storage_charge,2.0,,,,,23.0,,,0.0
P_storage_charge,2.0,,,,,22.0,,,0.0
P_storage_charge,2.0,,,,,17.0,,,0.0
P_storage_charge,2.0,,,,,25.0,,,0.0
P_storage_charge,3.0,,,,,19.0,,,0.0
P_storage_charge,3.0,,,,,20.0,,,0.0
P_storage_charge,3.0,,,,,24.0,,,0.0
P_storage_charge,3.0,,,,,21.0,,,0.0
P_storage_charge,3.0,,,,,18.0,,,0.0
P_storage_charge,3.0,,,,,23.0,,,0.0
P_storage_charge,3.0,,,,,22.0,,,0.0
P_storage_charge,3.0,,,,,17.0,,,0.0
P_storage_charge,3.0,,,,,25.0,,,0.0
P_storage_charge,4.0,,,,,19.0,,,0.0
P_storage_charge,4.0,,,,,20.0,,,0.0
P_storage_charge,4.0,,,,,24.0,,,0.0
P_storage_charge,4.0,,,,,21.0,,,0.0
P_storage_charge,4.0,,,,,18.0,,,0.0
P_storage_charge,4.0,,,,,23.0,,,0.0
P_storage_charge,4.0,,,,,22.0,,,0.0
P_storage_charge,4.0,,,,,17.0,,,0.0
P_storage_charge,4.0,,,,,25.0,,,0.0
P_storage_charge,5.0,,,,,19.0,,,0.0
P_storage_charge,5.0,,,,,20.0,,,0.0
P_storage_charge,5.0,,,,,24.0,,,0.0
P_storage_charge,5.0,,,,,21.0,,,0.0
P_storage_charge,5.0,,,,,18.0,,,0.0
P_storage_charge,5.0,,,,,23.0,,,0.0
P_storage_charge,5.0,,,,,22.0,,,0.0
P_storage_charge,5.0,,,,,17.0,,,0.0
P_storage_charge,5.0,,,,,25.0,,,0.0
P_storage_charge,6.0,,,,,19.0,,,0.0
P_storage_charge,6.0,,,,,20.0,,,0.0
P_storage_charge,6.0,,,,,24.0,,,0.0
P_storage_charge,6.0,,,,,21.0,,,0.0
P_storage_charge,6.0,,,,,18.0,,,0.0
P_storage_charge,6.0,,,,,23.0,,,0.0
P_storage_charge,6.0,,,,,22.0,,,0.0
P_storage_charge,6.0,,,,,17.0,,,0.0
P_storage_charge,6.0,,,,,25.0,,,0.0
P_storage_charge,7.0,,,,,19.0,,,0.0
P_storage_charge,7.0,,,,,20.0,,,0.0
P_storage_charge,7.0,,,,,24.0,,,0.0
P_storage_charge,7.0,,,,,21.0,,,0.0
P_storage_charge,7.0,,,,,18.0,,,0.0
P_storage_charge,7.0,,,,,23.0,,,0.0
P_storage_charge,7.0,,,,,22.0,,,0.0
P_storage_charge,7.0,,,,,17.0,,,0.0
P_storage_charge,7.0,,,,,25.0,,,0.0
P_storage_charge,8.0,,,,,19.0,,,0.0
P_storage_charge,8.0,,,,,20.0,,,0.0
P_storage_charge,8.0,,,,,24.0,,,0.0
P_storage_charge,8.0,,,,,21.0,,,0.0
P_storage_charge,8.0,,,,,18.0,,,0.0
P_storage_charge,8.0,,,,,23.0,,,0.0
P_storage_charge,8.0,,,,,22.0,,,0.0
P_storage_charge,8.0,,,,,17.0,,,0.0
P_storage_charge,8.0,,,,,25.0,,,0.0
P_storage_charge,9.0,,,,,19.0,,,0.0
P_storage_charge,9.0,,,,,20.0,,,0.0
P_storage_charge,9.0,,,,,24.0,,,0.0
P_storage_charge,9.0,,,,,21.0,,,0.0
P_storage_charge,9.0,,,,,18.0,,,0.0
P_storage_charge,9.0,,,,,23.0,,,0.0
P_storage_charge,9.0,,,,,22.0,,,0.0
P_storage_charge,9.0,,,,,17.0,,,0.0
P_storage_charge,9.0,,,,,25.0,,,0.0
P_storage_charge,10.0,,,,,19.0,,,0.0
P_storage_charge,10.0,,,,,20.0,,,0.0
P_storage_charge,10.0,,,,,24.0,,,0.0
P_storage_charge,10.0,,,,,21.0,,,0.0
P_storage_charge,10.0,,,,,18.0,,,0.0
P_storage_charge,10.0,,,,,23.0,,,0.0
P_storage_charge,10.0,,,,,22.0,,,0.0
P_storage_charge,10.0,,,,,17.0,,,0.0
P_storage_charge,10.0,,,,,25.0,,,0.0
P_storage_charge,11.0,,,,,19.0,,,0.0
P_storage_charge,11.0,,,,,20.0,,,0.0
P_storage_charge,11.0,,,,,24.0,,,0.0
P_storage_charge,11.0,,,,,21.0,,,0.0
P_storage_charge,11.0,,,,,18.0,,,0.0
P_storage_charge,11.0,,,,,23.0,,,0.0
P_storage_charge,11.0,,,,,22.0,,,0.0
P_storage_charge,11.0,,,,,17.0,,,0.0
P_storage_charge,11.0,,,,,25.0,,,0.0
P_storage_charge,12.0,,,,,19.0,,,0.0
P_storage_charge,12.0,,,,,20.0,,,0.0
P_storage_charge,12.0,,,,,24.0,,,0.0
P_storage_charge,12.0,,,,,21.0,,,0.0
P_storage_charge,12.0,,,,,18.0,,,0.0
P_storage_charge,12.0,,,,,23.0,,,0.0
P_storage_charge,12.0,,,,,22.0,,,0.0
P_storage_charge,12.0,,,,,17.0,,,0.0
P_storage_charge,12.0,,,,,25.0,,,0.0
P_storage_charge,13.0,,,,,19.0,,,0.0
P_storage_charge,13.0,,,,,20.0,,,0.0
P_storage_charge,13.0,,,,,24.0,,,0.0
P_storage_charge,13.0,,,,,21.0,,,0.0
P_storage_charge,13.0,,,,,18.0,,,0.0
P_storage_charge,13.0,,,,,23.0,,,0.0
P_storage_charge,13.0,,,,,22.0,,,0.0
P_storage_charge,13.0,,,,,17.0,,,0.0
P_storage_charge,13.0,,,,,25.0,,,0.0
P_storage_charge,14.0,,,,,19.0,,,0.0
P_storage_charge,14.0,,,,,20.0,,,0.0
P_storage_charge,14.0,,,,,24.0,,,0.0
P_storage_charge,14.0,,,,,21.0,,,0.0
P_storage_charge,14.0,,,,,18.0,,,0.0
P_storage_charge,14.0,,,,,23.0,,,0.0
P_storage_charge,14.0,,,,,22.0,,,0.0
P_storage_charge,14.0,,,,,17.0,,,0.0
P_storage_charge,14.0,,,,,25.0,,,0.0
P_storage_charge,15.0,,,,,19.0,,,0.0
P_storage_charge,15.0,,,,,20.0,,,0.0
P_storage_charge,15.0,,,,,24.0,,,0.0
P_storage_charge,15.0,,,,,21.0,,,0.0
P_storage_charge,15.0,,,,,18.0,,,0.0
P_storage_charge,15.0,,,,,23.0,,,0.0
P_storage_charge,15.0,,,,,22.0,,,0.0
P_storage_charge,15.0,,,,,17.0,,,0.0
P_storage_charge,15.0,,,,,25.0,,,0.0
P_storage_charge,16.0,,,,,19.0,,,0.0
P_storage_charge,16.0,,,,,20.0,,,0.0
P_storage_charge,16.0,,,,,24.0,,,0.0
P_storage_charge,16.0,,,,,21.0,,,0.0
P_storage_charge,16.0,,,,,18.0,,,0.0
P_storage_charge,16.0,,,,,23.0,,,0.0
P_storage_charge,16.0,,,,,22.0,,,0.0
P_storage_charge,16.0,,,,,17.0,,,0.0
P_storage_charge,16.0,,,,,25.0,,,0.0
P_storage_charge,17.0,,,,,19.0,,,0.0
P_storage_charge,17.0,,,,,20.0,,,0.0
P_storage_charge,17.0,,,,,24.0,,,0.0
P_storage_charge,17.0,,,,,21.0,,,0.0
P_storage_charge,17.0,,,,,18.0,,,0.0
P_storage_charge,17.0,,,,,23.0,,,0.0
P_storage_charge,17.0,,,,,22.0,,,0.0
P_storage_charge,17.0,,,,,17.0,,,0.0
P_storage_charge,17.0,,,,,25.0,,,0.0
P_storage_charge,18.0,,,,,19.0,,,0.0
P_storage_charge,18.0,,,,,20.0,,,0.0
P_storage_charge,18.0,,,,,24.0,,,0.0
P_storage_charge,18.0,,,,,21.0,,,0.0
P_storage_charge,18.0,,,,,18.0,,,0.0
P_storage_charge,18.0,,,,,23.0,,,0.0
P_storage_charge,18.0,,,,,22.0,,,0.0
P_storage_charge,18.0,,,,,17.0,,,0.0
P_storage_charge,18.0,,,,,25.0,,,0.0
P_storage_charge,19.0,,,,,19.0,,,0.0
P_storage_charge,19.0,,,,,20.0,,,0.0
P_storage_charge,19.0,,,,,24.0,,,0.0
P_storage_charge,19.0,,,,,21.0,,,0.0
P_storage_charge,19.0,,,,,18.0,,,0.0
P_storage_charge,19.0,,,,,23.0,,,0.0
P_storage_charge,19.0,,,,,22.0,,,0.0
P_storage_charge,19.0,,,,,17.0,,,0.0
P_storage_charge,19.0,,,,,25.0,,,0.0
P_storage_charge,20.0,,,,,19.0,,,0.0
P_storage_charge,20.0,,,,,20.0,,,0.0
P_storage_charge,20.0,,,,,24.0,,,0.0
P_storage_charge,20.0,,,,,21.0,,,0.0
P_storage_charge,20.0,,,,,18.0,,,0.0
P_storage_charge,20.0,,,,,23.0,,,0.0
P_storage_charge,20.0,,,,,22.0,,,0.0
P_storage_charge,20.0,,,,,17.0,,,0.0
P_storage_charge,20.0,,,,,25.0,,,0.0
P_storage_charge,21.0,,,,,19.0,,,0.0
P_storage_charge,21.0,,,,,20.0,,,0.0
P_storage_charge,21.0,,,,,24.0,,,0.0
P_storage_charge,21.0,,,,,21.0,,,0.0
P_storage_charge,21.0,,,,,18.0,,,0.0
P_storage_charge,21.0,,,,,23.0,,,0.0
P_storage_charge,21.0,,,,,22.0,,,0.0
P_storage_charge,21.0,,,,,17.0,,,0.0
P_storage_charge,21.0,,,,,25.0,,,0.0
P_storage_charge,22.0,,,,,19.0,,,0.0
P_storage_charge,22.0,,,,,20.0,,,0.0
P_storage_charge,22.0,,,,,24.0,,,0.0
P_storage_charge,22.0,,,,,21.0,,,0.0
P_storage_charge,22.0,,,,,18.0,,,0.0
P_storage_charge,22.0,,,,,23.0,,,0.0
P_storage_charge,22.0,,,,,22.0,,,0.0
P_storage_charge,22.0,,,,,17.0,,,0.0
P_storage_charge,22.0,,,,,25.0,,,0.0
P_storage_charge,23.0,,,,,19.0,,,0.0
P_storage_charge,23.0,,,,,20.0,,,0.0
P_storage_charge,23.0,,,,,24.0,,,0.0
P_storage_charge,23.0,,,,,21.0,,,0.0
P_storage_charge,23.0,,,,,18.0,,,0.0
P_storage_charge,23.0,,,,,23.0,,,0.0
P_storage_charge,23.0,,,,,22.0,,,0.0
P_storage_charge,23.0,,,,,17.0,,,0.0
P_storage_charge,23.0,,,,,25.0,,,0.0
P_storage_charge,24.0,,,,,19.0,,,0.0
P_storage_charge,24.0,,,,,20.0,,,0.0
P_storage_charge,24.0,,,,,24.0,,,0.0
P_storage_charge,24.0,,,,,21.0,,,0.0
P_storage_charge,24.0,,,,,18.0,,,0.0
P_storage_charge,24.0,,,,,23.0,,,0.0
P_storage_charge,24.0,,,,,22.0,,,0.0
P_storage_charge,24.0,,,,,17.0,,,0.0
P_storage_charge,24.0,,,,,25.0,,,0.0
P_storage_discharge,1.0,,,,,19.0,,,0.0
P_storage_discharge,1.0,,,,,20.0,,,0.0
P_storage_discharge,1.0,,,,,24.0,,,0.0
P_storage_discharge,1.0,,,,,21.0,,,0.0
P_storage_discharge,1.0,,,,,18.0,,,0.0
P_storage_discharge,1.0,,,,,23.0,,,0.0
P_storage_discharge,1.0,,,,,22.0,,,-3.1119440711733036e-09
P_storage_discharge,1.0,,,,,17.0,,,0.0
P_storage_discharge,1.0,,,,,25.0,,,0.0
P_storage_discharge,2.0,,,,,19.0,,,0.0
P_storage_discharge,2.0,,,,,20.0,,,0.0
P_storage_discharge,2.0,,,,,24.0,,,0.0
P_storage_discharge,2.0,,,,,21.0,,,0.0
P_storage_discharge,2.0,,,,,18.0,,,0.0
P_storage_discharge,2.0,,,,,23.0,,,0.0
P_storage_discharge,2.0,,,,,22.0,,,-3.5726362866347894e-09
P_storage_discharge,2.0,,,,,17.0,,,0.0
P_storage_discharge,2.0,,,,,25.0,,,0.0
P_storage_discharge,3.0,,,,,19.0,,,0.0
P_storage_discharge,3.0,,,,,20.0,,,0.0
P_storage_discharge,3.0,,,,,24.0,,,0.0
P_storage_discharge,3.0,,,,,21.0,,,0.0
P_storage_discharge,3.0,,,,,18.0,,,0.0
P_storage_discharge,3.0,,,,,23.0,,,0.0
P_storage_discharge,3.0,,,,,22.0,,,0.0
P_storage_discharge,3.0,,,,,17.0,,,0.0
P_storage_discharge,3.0,,,,,25.0,,,0.0
P_storage_discharge,4.0,,,,,19.0,,,0.0
P_storage_discharge,4.0,,,,,20.0,,,0.0
P_storage_discharge,4.0,,,,,24.0,,,0.0
P_storage_discharge,4.0,,,,,21.0,,,0.0
P_storage_discharge,4.0,,,,,18.0,,,0.0
P_storage_discharge,4.0,,,,,23.0,,,0.0
P_storage_discharge,4.0,,,,,22.0,,,0.0
P_storage_discharge,4.0,,,,,17.0,,,0.0
P_storage_discharge,4.0,,,,,25.0,,,0.0
P_storage_discharge,5.0,,,,,19.0,,,0.0
P_storage_discharge,5.0,,,,,20.0,,,0.0
P_storage_discharge,5.0,,,,,24.0,,,0.0
P_storage_discharge,5.0,,,,,21.0,,,0.0
P_storage_discharge,5.0,,,,,18.0,,,0.0
P_storage_discharge,5.0,,,,,23.0,,,0.0
P_storage_discharge,5.0,,,,,22.0,,,0.0
P_storage_discharge,5.0,,,,,17.0,,,0.0
P_storage_discharge,5.0,,,,,25.0,,,0.0
P_storage_discharge,6.0,,,,,19.0,,,0.0
P_storage_discharge,6.0,,,,,20.0,,,0.0
P_storage_discharge,6.0,,,,,24.0,,,0.0
P_storage_discharge,6.0,,,,,21.0,,,0.0
P_storage_discharge,6.0,,,,,18.0,,,0.0
P_storage_discharge,6.0,,,,,23.0,,,0.0
P_storage_discharge,6.0,,,,,22.0,,,0.0
P_storage_discharge,6.0,,,,,17.0,,,0.0
P_storage_discharge,6.0,,,,,25.0,,,0.0
P_storage_discharge,7.0,,,,,19.0,,,0.0
P_storage_discharge,7.0,,,,,20.0,,,0.0
P_storage_discharge,7.0,,,,,24.0,,,0.0
P_storage_discharge,7.0,,,,,21.0,,,0.0
P_storage_discharge,7.0,,,,,18.0,,,0.0
P_storage_discharge,7.0,,,,,23.0,,,0.0
P_storage_discharge,7.0,,,,,22.0,,,0.0
P_storage_discharge,7.0,,,,,17.0,,,0.0
P_storage_discharge,7.0,,,,,25.0,,,0.0
P_storage_discharge,8.0,,,,,19.0,,,0.0
P_storage_discharge,8.0,,,,,20.0,,,0.0
P_storage_discharge,8.0,,,,,24.0,,,0.0
P_storage_discharge,8.0,,,,,21.0,,,0.0
P_storage_discharge,8.0,,,,,18.0,,,0.0
P_storage_discharge,8.0,,,,,23.0,,,0.0
P_storage_discharge,8.0,,,,,22.0,,,0.0
P_storage_discharge,8.0,,,,,17.0,,,0.0
P_storage_discharge,8.0,,,,,25.0,,,0.0
P_storage_discharge,9.0,,,,,19.0,,,0.0
P_storage_discharge,9.0,,,,,20.0,,,0.0
P_storage_discharge,9.0,,,,,24.0,,,0.0
P_storage_discharge,9.0,,,,,21.0,,,0.0
P_storage_discharge,9.0,,,,,18.0,,,0.0
P_storage_discharge,9.0,,,,,23.0,,,0.0
P_storage_discharge,9.0,,,,,22.0,,,0.0
P_storage_discharge,9.0,,,,,17.0,,,0.0
P_storage_discharge,9.0,,,,,25.0,,,0.0
P_storage_discharge,10.0,,,,,19.0,,,0.0
P_storage_discharge,10.0,,,,,20.0,,,0.0
P_storage_discharge,10.0,,,,,24.0,,,0.0
P_storage_discharge,10.0,,,,,21.0,,,0.0
P_storage_discharge,10.0,,,,,18.0,,,0.0
P_storage_discharge,10.0,,,,,23.0,,,0.0
P_storage_discharge,10.0,,,,,22.0,,,0.0
P_storage_discharge,10.0,,,,,17.0,,,0.0
P_storage_discharge,10.0,,,,,25.0,,,0.0
P_storage_discharge,11.0,,,,,19.0,,,0.0
P_storage_discharge,11.0,,,,,20.0,,,0.0
P_storage_discharge,11.0,,,,,24.0,,,0.0
P_storage_discharge,11.0,,,,,21.0,,,0.0
P_storage_discharge,11.0,,,,,18.0,,,0.0
P_storage_discharge,11.0,,,,,23.0,,,0.0
P_storage_discharge,11.0,,,,,22.0,,,0.0
P_storage_discharge,11.0,,,,,17.0,,,0.0
P_storage_discharge,11.0,,,,,25.0,,,0.0
P_storage_discharge,12.0,,,,,19.0,,,0.0
P_storage_discharge,12.0,,,,,20.0,,,0.0
P_storage_discharge,12.0,,,,,24.0,,,0.0
P_storage_discharge,12.0,,,,,21.0,,,0.0
P_storage_discharge,12.0,,,,,18.0,,,0.0
P_storage_discharge,12.0,,,,,23.0,,,0.0
P_storage_discharge,12.0,,,,,22.0,,,0.0
P_storage_discharge,12.0,,,,,17.0,,,0.0
P_storage_discharge,12.0,,,,,25.0,,,0.0
P_storage_discharge,13.0,,,,,19.0,,,0.0
P_storage_discharge,13.0,,,,,20.0,,,0.0
P_storage_discharge,13.0,,,,,24.0,,,0.0
P_storage_discharge,13.0,,,,,21.0,,,0.0
P_storage_discharge,13.0,,,,,18.0,,,0.0
P_storage_discharge,13.0,,,,,23.0,,,0.0
P_storage_discharge,13.0,,,,,22.0,,,0.0
P_storage_discharge,13.0,,,,,17.0,,,0.0
P_storage_discharge,13.0,,,,,25.0,,,0.0
P_storage_discharge,14.0,,,,,19.0,,,0.0
P_storage_discharge,14.0,,,,,20.0,,,0.0
P_storage_discharge,14.0,,,,,24.0,,,0.0
P_storage_discharge,14.0,,,,,21.0,,,0.0
P_storage_discharge,14.0,,,,,18.0,,,0.0
P_storage_discharge,14.0,,,,,23.0,,,0.0
P_storage_discharge,14.0,,,,,22.0,,,0.0
P_storage_discharge,14.0,,,,,17.0,,,0.0
P_storage_discharge,14.0,,,,,25.0,,,0.0
P_storage_discharge,15.0,,,,,19.0,,,0.0
P_storage_discharge,15.0,,,,,20.0,,,0.0
P_storage_discharge,15.0,,,,,24.0,,,0.0
P_storage_discharge,15.0,,,,,21.0,,,0.0
P_storage_discharge,15.0,,,,,18.0,,,0.0
P_storage_discharge,15.0,,,,,23.0,,,0.0
P_storage_discharge,15.0,,,,,22.0,,,0.0
P_storage_discharge,15.0,,,,,17.0,,,0.0
P_storage_discharge,15.0,,,,,25.0,,,0.0
P_storage_discharge,16.0,,,,,19.0,,,0.0
P_storage_discharge,16.0,,,,,20.0,,,0.0
P_storage_discharge,16.0,,,,,24.0,,,0.0
P_storage_discharge,16.0,,,,,21.0,,,0.0
P_storage_discharge,16.0,,,,,18.0,,,0.0
P_storage_discharge,16.0,,,,,23.0,,,0.0
P_storage_discharge,16.0,,,,,22.0,,,0.0
P_storage_discharge,16.0,,,,,17.0,,,0.0
P_storage_discharge,16.0,,,,,25.0,,,0.0
P_storage_discharge,17.0,,,,,19.0,,,0.0
P_storage_discharge,17.0,,,,,20.0,,,0.0
P_storage_discharge,17.0,,,,,24.0,,,0.0
P_storage_discharge,17.0,,,,,21.0,,,0.0
P_storage_discharge,17.0,,,,,18.0,,,0.0
P_storage_discharge,17.0,,,,,23.0,,,0.0
P_storage_discharge,17.0,,,,,22.0,,,0.0
P_storage_discharge,17.0,,,,,17.0,,,0.0
P_storage_discharge,17.0,,,,,25.0,,,0.0
P_storage_discharge,18.0,,,,,19.0,,,0.0
P_storage_discharge,18.0,,,,,20.0,,,0.0
P_storage_discharge,18.0,,,,,24.0,,,0.0
P_storage_discharge,18.0,,,,,21.0,,,0.0
P_storage_discharge,18.0,,,,,18.0,,,0.0
P_storage_discharge,18.0,,,,,23.0,,,0.0
P_storage_discharge,18.0,,,,,22.0,,,0.0
P_storage_discharge,18.0,,,,,17.0,,,0.0
P_storage_discharge,18.0,,,,,25.0,,,0.0
P_storage_discharge,19.0,,,,,19.0,,,0.0
P_storage_discharge,19.0,,,,,20.0,,,0.0
P_storage_discharge,19.0,,,,,24.0,,,0.0
P_storage_discharge,19.0,,,,,21.0,,,0.0
P_storage_discharge,19.0,,,,,18.0,,,0.0
P_storage_discharge,19.0,,,,,23.0,,,0.0
P_storage_discharge,19.0,,,,,22.0,,,0.0
P_storage_discharge,19.0,,,,,17.0,,,0.0
P_storage_discharge,19.0,,,,,25.0,,,0.0
P_storage_discharge,20.0,,,,,19.0,,,0.0
P_storage_discharge,20.0,,,,,20.0,,,0.0
P_storage_discharge,20.0,,,,,24.0,,,0.0
P_storage_discharge,20.0,,,,,21.0,,,0.0
P_storage_discharge,20.0,,,,,18.0,,,0.0
P_storage_discharge,20.0,,,,,23.0,,,0.0
P_storage_discharge,20.0,,,,,22.0,,,0.0
P_storage_discharge,20.0,,,,,17.0,,,0.0
P_storage_discharge,20.0,,,,,25.0,,,0.0
P_storage_discharge,21.0,,,,,19.0,,,0.0
P_storage_discharge,21.0,,,,,20.0,,,0.0
P_storage_discharge,21.0,,,,,24.0,,,0.0
P_storage_discharge,21.0,,,,,21.0,,,0.0
P_storage_discharge,21.0,,,,,18.0,,,0.0
P_storage_discharge,21.0,,,,,23.0,,,0.0
P_storage_discharge,21.0,,,,,22.0,,,0.0
P_storage_discharge,21.0,,,,,17.0,,,0.0
P_storage_discharge,21.0,,,,,25.0,,,0.0
P_storage_discharge,22.0,,,,,19.0,,,0.0
P_storage_discharge,22.0,,,,,20.0,,,0.0
P_storage_discharge,22.0,,,,,24.0,,,0.0
P_storage_discharge,22.0,,,,,21.0,,,0.0
P_storage_discharge,22.0,,,,,18.0,,,0.0
P_storage_discharge,22.0,,,,,23.0,,,0.0
P_storage_discharge,22.0,,,,,22.0,,,0.0
P_storage_discharge,22.0,,,,,17.0,,,0.0
P_storage_discharge,22.0,,,,,25.0,,,0.0
P_storage_discharge,23.0,,,,,19.0,,,0.0
P_storage_discharge,23.0,,,,,20.0,,,0.0
P_storage_discharge,23.0,,,,,24.0,,,0.0
P_storage_discharge,23.0,,,,,21.0,,,0.0
P_storage_discharge,23.0,,,,,18.0,,,0.0
P_storage_discharge,23.0,,,,,23.0,,,0.0
P_storage_discharge,23.0,,,,,22.0,,,0.0
P_storage_discharge,23.0,,,,,17.0,,,0.0
P_storage_discharge,23.0,,,,,25.0,,,0.0
P_storage_discharge,24.0,,,,,19.0,,,0.0
P_storage_discharge,24.0,,,,,20.0,,,0.0
P_storage_discharge,24.0,,,,,24.0,,,0.0
P_storage_discharge,24.0,,,,,21.0,,,0.0
P_storage_discharge,24.0,,,,,18.0,,,0.0
P_storage_discharge,24.0,,,,,23.0,,,0.0
P_storage_discharge,24.0,,,,,22.0,,,6.684580416971286e-09
P_storage_discharge,24.0,,,,,17.0,,,0.0
P_storage_discharge,24.0,,,,,25.0,,,0.0
storage_energy,1.0,,,,,19.0,,,0.0
storage_energy,1.0,,,,,20.0,,,0.0
storage_energy,1.0,,,,,24.0,,,0.0
storage_energy,1.0,,,,,21.0,,,0.0
storage_energy,1.0,,,,,18.0,,,0.0
storage_energy,1.0,,,,,23.0,,,0.0
storage_energy,1.0,,,,,22.0,,,-7.427311574412541e-09
storage_energy,1.0,,,,,17.0,,,0.0
storage_energy,1.0,,,,,25.0,,,0.0
storage_energy,2.0,,,,,19.0,,,0.0
storage_energy,2.0,,,,,20.0,,,0.0
storage_energy,2.0,,,,,24.0,,,0.0
storage_energy,2.0,,,,,21.0,,,0.0
storage_energy,2.0,,,,,18.0,,,0.0
storage_energy,2.0,,,,,23.0,,,0.0
storage_energy,2.0,,,,,22.0,,,0.0
storage_energy,2.0,,,,,17.0,,,0.0
storage_energy,2.0,,,,,25.0,,,0.0
storage_energy,3.0,,,,,19.0,,,0.0
storage_energy,3.0,,,,,20.0,,,0.0
storage_energy,3.0,,,,,24.0,,,0.0
storage_energy,3.0,,,,,21.0,,,0.0
storage_energy,3.0,,,,,18.0,,,0.0
storage_energy,3.0,,,,,23.0,,,0.0
storage_energy,3.0,,,,,22.0,,,0.0
storage_energy,3.0,,,,,17.0,,,0.0
storage_energy,3.0,,,,,25.0,,,0.0
storage_energy,4.0,,,,,19.0,,,0.0
storage_energy,4.0,,,,,20.0,,,0.0
storage_energy,4.0,,,,,24.0,,,0.0
storage_energy,4.0,,,,,21.0,,,0.0
storage_energy,4.0,,,,,18.0,,,0.0
storage_energy,4.0,,,,,23.0,,,0.0
storage_energy,4.0,,,,,22.0,,,0.0
storage_energy,4.0,,,,,17.0,,,0.0
storage_energy,4.0,,,,,25.0,,,0.0
storage_energy,5.0,,,,,19.0,,,0.0
storage_energy,5.0,,,,,20.0,,,0.0
storage_energy,5.0,,,,,24.0,,,0.0
storage_energy,5.0,,,,,21.0,,,0.0
storage_energy,5.0,,,,,18.0,,,0.0
storage_energy,5.0,,,,,23.0,,,0.0
storage_energy,5.0,,,,,22.0,,,0.0
storage_energy,5.0,,,,,17.0,,,0.0
storage_energy,5.0,,,,,25.0,,,0.0
storage_energy,6.0,,,,,19.0,,,0.0
storage_energy,6.0,,,,,20.0,,,0.0
storage_energy,6.0,,,,,24.0,,,0.0
storage_energy,6.0,,,,,21.0,,,0.0
storage_energy,6.0,,,,,18.0,,,0.0
storage_energy,6.0,,,,,23.0,,,0.0
storage_energy,6.0,,,,,22.0,,,0.0
storage_energy,6.0,,,,,17.0,,,0.0
storage_energy,6.0,,,,,25.0,,,0.0
storage_energy,7.0,,,,,19.0,,,0.0
storage_energy,7.0,,,,,20.0,,,0.0
storage_energy,7.0,,,,,24.0,,,0.0
storage_energy,7.0,,,,,21.0,,,0.0
storage_energy,7.0,,,,,18.0,,,0.0
storage_energy,7.0,,,,,23.0,,,0.0
storage_energy,7.0,,,,,22.0,,,0.0
storage_energy,7.0,,,,,17.0,,,0.0
storage_energy,7.0,,,,,25.0,,,0.0
storage_energy,8.0,,,,,19.0,,,0.0
storage_energy,8.0,,,,,20.0,,,0.0
storage_energy,8.0,,,,,24.0,,,0.0
storage_energy,8.0,,,,,21.0,,,0.0
storage_energy,8.0,,,,,18.0,,,0.0
storage_energy,8.0,,,,,23.0,,,0.0
storage_energy,8.0,,,,,22.0,,,0.0
storage_energy,8.0,,,,,17.0,,,0.0
storage_energy,8.0,,,,,25.0,,,0.0
storage_energy,9.0,,,,,19.0,,,0.0
storage_energy,9.0,,,,,20.0,,,0.0
storage_energy,9.0,,,,,24.0,,,0.0
storage_energy,9.0,,,,,21.0,,,0.0
storage_energy,9.0,,,,,18.0,,,0.0
storage_energy,9.0,,,,,23.0,,,0.0
storage_energy,9.0,,,,,22.0,,,0.0
storage_energy,9.0,,,,,17.0,,,0.0
storage_energy,9.0,,,,,25.0,,,0.0
storage_energy,10.0,,,,,19.0,,,0.0
storage_energy,10.0,,,,,20.0,,,0.0
storage_energy,10.0,,,,,24.0,,,0.0
storage_energy,10.0,,,,,21.0,,,0.0
storage_energy,10.0,,,,,18.0,,,0.0
storage_energy,10.0,,,,,23.0,,,0.0
storage_energy,10.0,,,,,22.0,,,0.0
storage_energy,10.0,,,,,17.0,,,0.0
storage_energy,10.0,,,,,25.0,,,0.0
storage_energy,11.0,,,,,19.0,,,0.0
storage_energy,11.0,,,,,20.0,,,0.0
storage_energy,11.0,,,,,24.0,,,0.0
storage_energy,11.0,,,,,21.0,,,0.0
storage_energy,11.0,,,,,18.0,,,0.0
storage_energy,11.0,,,,,23.0,,,0.0
storage_energy,11.0,,,,,22.0,,,0.0
storage_energy,11.0,,,,,17.0,,,0.0
storage_energy,11.0,,,,,25.0,,,0.0
storage_energy,12.0,,,,,19.0,,,0.0
storage_energy,12.0,,,,,20.0,,,0.0
storage_energy,12.0,,,,,24.0,,,0.0
storage_energy,12.0,,,,,21.0,,,0.0
storage_energy,12.0,,,,,18.0,,,0.0
storage_energy,12.0,,,,,23.0,,,0.0
storage_energy,12.0,,,,,22.0,,,0.0
storage_energy,12.0,,,,,17.0,,,0.0
storage_energy,12.0,,,,,25.0,,,0.0
storage_energy,13.0,,,,,19.0,,,0.0
storage_energy,13.0,,,,,20.0,,,0.0
storage_energy,13.0,,,,,24.0,,,0.0
storage_energy,13.0,,,,,21.0,,,0.0
storage_energy,13.0,,,,,18.0,,,0.0
storage_energy,13.0,,,,,23.0,,,0.0
storage_energy,13.0,,,,,22.0,,,0.0
storage_energy,13.0,,,,,17.0,,,0.0
storage_energy,13.0,,,,,25.0,,,0.0
storage_energy,14.0,,,,,19.0,,,0.0
storage_energy,14.0,,,,,20.0,,,0.0
storage_energy,14.0,,,,,24.0,,,0.0
storage_energy,14.0,,,,,21.0,,,0.0
storage_energy,14.0,,,,,18.0,,,0.0
storage_energy,14.0,,,,,23.0,,,0.0
storage_energy,14.0,,,,,22.0,,,0.0
storage_energy,14.0,,,,,17.0,,,0.0
storage_energy,14.0,,,,,25.0,,,0.0
storage_energy,15.0,,,,,19.0,,,0.0
storage_energy,15.0,,,,,20.0,,,0.0
storage_energy,15.0,,,,,24.0,,,0.0
storage_energy,15.0,,,,,21.0,,,0.0
storage_energy,15.0,,,,,18.0,,,0.0
storage_energy,15.0,,,,,23.0,,,0.0
storage_energy,15.0,,,,,22.0,,,0.0
storage_energy,15.0,,,,,17.0,,,0.0
storage_energy,15.0,,,,,25.0,,,0.0
storage_energy,16.0,,,,,19.0,,,0.0
storage_energy,16.0,,,,,20.0,,,0.0
storage_energy,16.0,,,,,24.0,,,0.0
storage_energy,16.0,,,,,21.0,,,0.0
storage_energy,16.0,,,,,18.0,,,0.0
storage_energy,16.0,,,,,23.0,,,0.0
storage_energy,16.0,,,,,22.0,,,0.0
storage_energy,16.0,,,,,17.0,,,0.0
storage_energy,16.0,,,,,25.0,,,0.0
storage_energy,17.0,,,,,19.0,,,0.0
storage_energy,17.0,,,,,20.0,,,0.0
storage_energy,17.0,,,,,24.0,,,0.0
storage_energy,17.0,,,,,21.0,,,0.0
storage_energy,17.0,,,,,18.0,,,0.0
storage_energy,17.0,,,,,23.0,,,0.0
storage_energy,17.0,,,,,22.0,,,0.0
storage_energy,17.0,,,,,17.0,,,0.0
storage_energy,17.0,,,,,25.0,,,0.0
storage_energy,18.0,,,,,19.0,,,0.0
storage_energy,18.0,,,,,20.0,,,0.0
storage_energy,18.0,,,,,24.0,,,0.0
storage_energy,18.0,,,,,21.0,,,0.0
storage_energy,18.0,,,,,18.0,,,0.0
storage_energy,18.0,,,,,23.0,,,0.0
storage_energy,18.0,,,,,22.0,,,0.0
storage_energy,18.0,,,,,17.0,,,0.0
storage_energy,18.0,,,,,25.0,,,0.0
storage_energy,19.0,,,,,19.0,,,0.0
storage_energy,19.0,,,,,20.0,,,0.0
storage_energy,19.0,,,,,24.0,,,0.0
storage_energy,19.0,,,,,21.0,,,0.0
storage_energy,19.0,,,,,18.0,,,0.0
storage_energy,19.0,,,,,23.0,,,0.0
storage_energy,19.0,,,,,22.0,,,0.0
storage_energy,19.0,,,,,17.0,,,0.0
storage_energy,19.0,,,,,25.0,,,0.0
storage_energy,20.0,,,,,19.0,,,0.0
storage_energy,20.0,,,,,20.0,,,0.0
storage_energy,20.0,,,,,24.0,,,0.0
storage_energy,20.0,,,,,21.0,,,0.0
storage_energy,20.0,,,,,18.0,,,0.0
storage_energy,20.0,,,,,23.0,,,0.0
storage_energy,20.0,,,,,22.0,,,0.0
storage_energy,20.0,,,,,17.0,,,0.0
storage_energy,20.0,,,,,25.0,,,0.0
storage_energy,21.0,,,,,19.0,,,0.0
storage_energy,21.0,,,,,20.0,,,0.0
storage_energy,21.0,,,,,24.0,,,0.0
storage_energy,21.0,,,,,21.0,,,0.0
storage_energy,21.0,,,,,18.0,,,0.0
storage_energy,21.0,,,,,23.0,,,0.0
storage_energy,21.0,,,,,22.0,,,0.0
storage_energy,21.0,,,,,17.0,,,0.0
storage_energy,21.0,,,,,25.0,,,0.0
storage_energy,22.0,,,,,19.0,,,0.0
storage_energy,22.0,,,,,20.0,,,0.0
storage_energy,22.0,,,,,24.0,,,0.0
storage_energy,22.0,,,,,21.0,,,0.0
storage_energy,22.0,,,,,18.0,,,0.0
storage_energy,22.0,,,,,23.0,,,0.0
storage_energy,22.0,,,,,22.0,,,0.0
storage_energy,22.0,,,,,17.0,,,0.0
storage_energy,22.0,,,,,25.0,,,0.0
storage_energy,23.0,,,,,19.0,,,0.0
storage_energy,23.0,,,,,20.0,,,0.0
storage_energy,23.0,,,,,24.0,,,0.0
storage_energy,23.0,,,,,21.0,,,0.0
storage_energy,23.0,,,,,18.0,,,0.0
storage_energy,23.0,,,,,23.0,,,0.0
storage_energy,23.0,,,,,22.0,,,0.0
storage_energy,23.0,,,,,17.0,,,0.0
storage_energy,23.0,,,,,25.0,,,0.0
storage_energy,24.0,,,,,19.0,,,0.0
storage_energy,24.0,,,,,20.0,,,0.0
storage_energy,24.0,,,,,24.0,,,0.0
storage_energy,24.0,,,,,21.0,,,0.0
storage_energy,24.0,,,,,18.0,,,0.0
storage_energy,24.0,,,,,23.0,,,0.0
storage_energy,24.0,,,,,22.0,,,-7.427311574412541e-09
storage_energy,24.0,,,,,17.0,,,0.0
storage_energy,24.0,,,,,25.0,,,0.0
active_power_plus,1.0,3.0,,,,,,,0.0
active_power_plus,1.0,5.0,,,,,,,0.0
active_power_plus,1.0,6.0,,,,,,,0.0006828712185771967
active_power_plus,1.0,8.0,,,,,,,0.0
active_power_plus,1.0,9.0,,,,,,,0.19770192207955783
active_power_plus,1.0,10.0,,,,,,,0.0026144466568566614
active_power_plus,1.0,13.0,,,,,,,0.20102188546423647
active_power_plus,1.0,14.0,,,,,,,0.0
active_power_plus,1.0,15.0,,,,,,,0.0
active_power_plus,1.0,16.0,,,,,,,0.0
active_power_plus,1.0,17.0,,,,,,,0.0
active_power_plus,2.0,3.0,,,,,,,0.0
active_power_plus,2.0,5.0,,,,,,,0.0
active_power_plus,2.0,6.0,,,,,,,0.0006828448714661791
active_power_plus,2.0,8.0,,,,,,,0.0
active_power_plus,2.0,9.0,,,,,,,0.19770194719858733
active_power_plus,2.0,10.0,,,,,,,0.0026144466568566614
active_power_plus,2.0,13.0,,,,,,,0.20102191058955107
active_power_plus,2.0,14.0,,,,,,,0.0
active_power_plus,2.0,15.0,,,,,,,0.0
active_power_plus,2.0,16.0,,,,,,,0.0
active_power_plus,2.0,17.0,,,,,,,0.0
active_power_plus,3.0,3.0,,,,,,,0.0
active_power_plus,3.0,5.0,,,,,,,0.0
active_power_plus,3.0,6.0,,,,,,,0.0006828362637452502
active_power_plus,3.0,8.0,,,,,,,0.0
active_power_plus,3.0,9.0,,,,,,,0.19770193485694876
active_power_plus,3.0,10.0,,,,,,,0.002614442933707971
active_power_plus,3.0,13.0,,,,,,,0.20102189824482447
active_power_plus,3.0,14.0,,,,,,,0.0
active_power_plus,3.0,15.0,,,,,,,0.0
active_power_plus,3.0,16.0,,,,,,,0.0
active_power_plus,3.0,17.0,,,,,,,0.0
active_power_plus,4.0,3.0,,,,,,,0.0
active_power_plus,4.0,5.0,,,,,,,0.0
active_power_plus,4.0,6.0,,,,,,,0.0006828363552282745
active_power_plus,4.0,8.0,,,,,,,0.0
active_power_plus,4.0,9.0,,,,,,,0.19770193496530583
active_power_plus,4.0,10.0,,,,,,,0.0026144429353075977
active_power_plus,4.0,13.0,,,,,,,0.20102189835320866
active_power_plus,4.0,14.0,,,,,,,0.0
active_power_plus,4.0,15.0,,,,,,,0.0
active_power_plus,4.0,16.0,,,,,,,0.0
active_power_plus,4.0,17.0,,,,,,,0.0
active_power_plus,5.0,3.0,,,,,,,0.0
active_power_plus,5.0,5.0,,,,,,,0.0
active_power_plus,5.0,6.0,,,,,,,0.0006828413013434379
active_power_plus,5.0,8.0,,,,,,,0.0
active_power_plus,5.0,9.0,,,,,,,0.2000989085001782
active_power_plus,5.0,10.0,,,,,,,0.002614443021792895
active_power_plus,5.0,13.0,,,,,,,0.20341947164346563
active_power_plus,5.0,14.0,,,,,,,0.0
active_power_plus,5.0,15.0,,,,,,,0.0
active_power_plus,5.0,16.0,,,,,,,0.0
active_power_plus,5.0,17.0,,,,,,,0.0
active_power_plus,6.0,3.0,,,,,,,0.0
active_power_plus,6.0,5.0,,,,,,,0.0
active_power_plus,6.0,6.0,,,,,,,0.0006828594491627332
active_power_plus,6.0,8.0,,,,,,,0.0
active_power_plus,6.0,9.0,,,,,,,0.2365480365347483
active_power_plus,6.0,10.0,,,,,,,0.002614445667210752
active_power_plus,6.0,13.0,,,,,,,0.2401931692821629
active_power_plus,6.0,14.0,,,,,,,0.0
active_power_plus,6.0,15.0,,,,,,,0.0
active_power_plus,6.0,16.0,,,,,,,0.0
active_power_plus,6.0,17.0,,,,,,,0.0
active_power_plus,7.0,3.0,,,,,,,0.0
active_power_plus,7.0,5.0,,,,,,,0.0
active_power_plus,7.0,6.0,,,,,,,0.000586845479799439
active_power_plus,7.0,8.0,,,,,,,0.0
active_power_plus,7.0,9.0,,,,,,,0.29138511613499574
active_power_plus,7.0,10.0,,,,,,,0.006799469770684839
active_power_plus,7.0,13.0,,,,,,,0.2994169040258584
active_power_plus,7.0,14.0,,,,,,,0.0
active_power_plus,7.0,15.0,,,,,,,0.0
active_power_plus,7.0,16.0,,,,,,,0.0
active_power_plus,7.0,17.0,,,,,,,0.0
active_power_plus,8.0,3.0,,,,,,,0.0
active_power_plus,8.0,5.0,,,,,,,0.0
active_power_plus,8.0,6.0,,,,,,,0.002592747263915928
active_power_plus,8.0,8.0,,,,,,,0.0
active_power_plus,8.0,9.0,,,,,,,0.5859687578194751
active_power_plus,8.0,10.0,,,,,,,0.011027630011046952
active_power_plus,8.0,13.0,,,,,,,0.5992760681428768
active_power_plus,8.0,14.0,,,,,,,0.0
active_power_plus,8.0,15.0,,,,,,,0.0
active_power_plus,8.0,16.0,,,,,,,0.0
active_power_plus,8.0,17.0,,,,,,,0.0
active_power_plus,9.0,3.0,,,,,,,0.0
active_power_plus,9.0,5.0,,,,,,,0.0
active_power_plus,9.0,6.0,,,,,,,0.01109909788372704
active_power_plus,9.0,8.0,,,,,,,0.0
active_power_plus,9.0,9.0,,,,,,,0.5773576841334277
active_power_plus,9.0,10.0,,,,,,,0.01916789909440953
active_power_plus,9.0,13.0,,,,,,,0.5872466964218602
active_power_plus,9.0,14.0,,,,,,,0.0
active_power_plus,9.0,15.0,,,,,,,0.0
active_power_plus,9.0,16.0,,,,,,,0.0
active_power_plus,9.0,17.0,,,,,,,0.0
active_power_plus,10.0,3.0,,,,,,,0.0
active_power_plus,10.0,5.0,,,,,,,0.0
active_power_plus,10.0,6.0,,,,,,,0.01653467776638339
active_power_plus,10.0,8.0,,,,,,,0.0
active_power_plus,10.0,9.0,,,,,,,0.5631273941818474
active_power_plus,10.0,10.0,,,,,,,0.016694208317487302
active_power_plus,10.0,13.0,,,,,,,0.5687813206250102
active_power_plus,10.0,14.0,,,,,,,0.0
active_power_plus,10.0,15.0,,,,,,,0.0
active_power_plus,10.0,16.0,,,,,,,0.0
active_power_plus,10.0,17.0,,,,,,,0.0
active_power_plus,11.0,3.0,,,,,,,0.0
active_power_plus,11.0,5.0,,,,,,,0.0
active_power_plus,11.0,6.0,,,,,,,0.015816480987993053
active_power_plus,11.0,8.0,,,,,,,0.0
active_power_plus,11.0,9.0,,,,,,,0.5560005027490904
active_power_plus,11.0,10.0,,,,,,,0.01512496946876719
active_power_plus,11.0,13.0,,,,,,,0.5591790709101994
active_power_plus,11.0,14.0,,,,,,,0.0
active_power_plus,11.0,15.0,,,,,,,0.0
active_power_plus,11.0,16.0,,,,,,,0.0
active_power_plus,11.0,17.0,,,,,,,0.0
active_power_plus,12.0,3.0,,,,,,,0.0
active_power_plus,12.0,5.0,,,,,,,0.0
active_power_plus,12.0,6.0,,,,,,,0.014947567619281475
active_power_plus,12.0,8.0,,,,,,,0.0
active_power_plus,12.0,9.0,,,,,,,0.5117743187235113
active_power_plus,12.0,10.0,,,,,,,0.013742574954503364
active_power_plus,12.0,13.0,,,,,,,0.5056954851922925
active_power_plus,12.0,14.0,,,,,,,0.0
active_power_plus,12.0,15.0,,,,,,,0.0
active_power_plus,12.0,16.0,,,,,,,0.0031123312849908507
active_power_plus,12.0,17.0,,,,,,,0.0
active_power_plus,13.0,3.0,,,,,,,0.0
active_power_plus,13.0,5.0,,,,,,,0.0
active_power_plus,13.0,6.0,,,,,,,0.016978997309716148
active_power_plus,13.0,8.0,,,,,,,0.0
active_power_plus,13.0,9.0,,,,,,,0.5734157759881686
active_power_plus,13.0,10.0,,,,,,,0.01662703530813945
active_power_plus,13.0,13.0,,,,,,,0.5797647457877773
active_power_plus,13.0,14.0,,,,,,,0.0
active_power_plus,13.0,15.0,,,,,,,0.0
active_power_plus,13.0,16.0,,,,,,,0.0
active_power_plus,13.0,17.0,,,,,,,0.0
active_power_plus,14.0,3.0,,,,,,,0.0
active_power_plus,14.0,5.0,,,,,,,0.0
active_power_plus,14.0,6.0,,,,,,,0.016604779650505382
active_power_plus,14.0,8.0,,,,,,,0.0
active_power_plus,14.0,9.0,,,,,,,0.56309697064508
active_power_plus,14.0,10.0,,,,,,,0.016202299679626334
active_power_plus,14.0,13.0,,,,,,,0.5682459287893548
active_power_plus,14.0,14.0,,,,,,,0.0
active_power_plus,14.0,15.0,,,,,,,0.0
active_power_plus,14.0,16.0,,,,,,,0.0
active_power_plus,14.0,17.0,,,,,,,0.0
active_power_plus,15.0,3.0,,,,,,,0.0
active_power_plus,15.0,5.0,,,,,,,0.0
active_power_plus,15.0,6.0,,,,,,,0.016898463345209818
active_power_plus,15.0,8.0,,,,,,,0.0
active_power_plus,15.0,9.0,,,,,,,0.5675444198230764
active_power_plus,15.0,10.0,,,,,,,0.017108513136667378
active_power_plus,15.0,13.0,,,,,,,0.573798601956932
active_power_plus,15.0,14.0,,,,,,,0.0
active_power_plus,15.0,15.0,,,,,,,0.0
active_power_plus,15.0,16.0,,,,,,,0.0
active_power_plus,15.0,17.0,,,,,,,0.0
active_power_plus,16.0,3.0,,,,,,,0.0
active_power_plus,16.0,5.0,,,,,,,0.0
active_power_plus,16.0,6.0,,,,,,,0.018255815152093215
active_power_plus,16.0,8.0,,,,,,,0.0
active_power_plus,16.0,9.0,,,,,,,0.5909869543773918
active_power_plus,16.0,10.0,,,,,,,0.019942974730618023
active_power_plus,16.0,13.0,,,,,,,0.601567592023581
active_power_plus,16.0,14.0,,,,,,,0.0
active_power_plus,16.0,15.0,,,,,,,0.0
active_power_plus,16.0,16.0,,,,,,,0.0
active_power_plus,16.0,17.0,,,,,,,0.0
active_power_plus,17.0,3.0,,,,,,,0.0
active_power_plus,17.0,5.0,,,,,,,0.0
active_power_plus,17.0,6.0,,,,,,,0.019193263445220144
active_power_plus,17.0,8.0,,,,,,,0.0
active_power_plus,17.0,9.0,,,,,,,0.39912835796908325
active_power_plus,17.0,10.0,,,,,,,0.02205121494085953
active_power_plus,17.0,13.0,,,,,,,0.40543192628841185
active_power_plus,17.0,14.0,,,,,,,0.0
active_power_plus,17.0,15.0,,,,,,,0.0
active_power_plus,17.0,16.0,,,,,,,0.0
active_power_plus,17.0,17.0,,,,,,,0.0
active_power_plus,18.0,3.0,,,,,,,0.0
active_power_plus,18.0,5.0,,,,,,,0.0
active_power_plus,18.0,6.0,,,,,,,0.019547438351576376
active_power_plus,18.0,8.0,,,,,,,0.0
active_power_plus,18.0,9.0,,,,,,,0.30572260347302876
active_power_plus,18.0,10.0,,,,,,,0.017006381485968926
active_power_plus,18.0,13.0,,,,,,,0.3085212279311522
active_power_plus,18.0,14.0,,,,,,,0.0
active_power_plus,18.0,15.0,,,,,,,0.0
active_power_plus,18.0,16.0,,,,,,,0.0
active_power_plus,18.0,17.0,,,,,,,0.0
active_power_plus,19.0,3.0,,,,,,,0.0
active_power_plus,19.0,5.0,,,,,,,0.0
active_power_plus,19.0,6.0,,,,,,,0.019683282309958933
active_power_plus,19.0,8.0,,,,,,,0.0
active_power_plus,19.0,9.0,,,,,,,0.3082137958350959
active_power_plus,19.0,10.0,,,,,,,0.015115075196255353
active_power_plus,19.0,13.0,,,,,,,0.31141609982256435
active_power_plus,19.0,14.0,,,,,,,0.0
active_power_plus,19.0,15.0,,,,,,,0.0
active_power_plus,19.0,16.0,,,,,,,0.0
active_power_plus,19.0,17.0,,,,,,,0.0
active_power_plus,20.0,3.0,,,,,,,0.0
active_power_plus,20.0,5.0,,,,,,,0.0
active_power_plus,20.0,6.0,,,,,,,0.013249166489000723
active_power_plus,20.0,8.0,,,,,,,0.0
active_power_plus,20.0,9.0,,,,,,,0.28298036409466254
active_power_plus,20.0,10.0,,,,,,,0.015197244112879205
active_power_plus,20.0,13.0,,,,,,,0.2863219299770409
active_power_plus,20.0,14.0,,,,,,,0.0
active_power_plus,20.0,15.0,,,,,,,0.0
active_power_plus,20.0,16.0,,,,,,,0.0
active_power_plus,20.0,17.0,,,,,,,0.0
active_power_plus,21.0,3.0,,,,,,,0.0
active_power_plus,21.0,5.0,,,,,,,0.0
active_power_plus,21.0,6.0,,,,,,,0.006314862054664251
active_power_plus,21.0,8.0,,,,,,,0.0
active_power_plus,21.0,9.0,,,,,,,0.2638663016282322
active_power_plus,21.0,10.0,,,,,,,0.0030424103480464204
active_power_plus,21.0,13.0,,,,,,,0.26720282024071207
active_power_plus,21.0,14.0,,,,,,,0.0
active_power_plus,21.0,15.0,,,,,,,0.0
active_power_plus,21.0,16.0,,,,,,,0.0
active_power_plus,21.0,17.0,,,,,,,0.0
active_power_plus,22.0,3.0,,,,,,,0.0
active_power_plus,22.0,5.0,,,,,,,0.0
active_power_plus,22.0,6.0,,,,,,,0.006276097381306373
active_power_plus,22.0,8.0,,,,,,,0.0
active_power_plus,22.0,9.0,,,,,,,0.2434948454985168
active_power_plus,22.0,10.0,,,,,,,0.0026144444415440444
active_power_plus,22.0,13.0,,,,,,,0.24682626689555887
active_power_plus,22.0,14.0,,,,,,,0.0
active_power_plus,22.0,15.0,,,,,,,0.0
active_power_plus,22.0,16.0,,,,,,,0.0
active_power_plus,22.0,17.0,,,,,,,0.0
active_power_plus,23.0,3.0,,,,,,,0.0
active_power_plus,23.0,5.0,,,,,,,0.0
active_power_plus,23.0,6.0,,,,,,,0.003590589811755493
active_power_plus,23.0,8.0,,,,,,,0.0
active_power_plus,23.0,9.0,,,,,,,0.23085617302880257
active_power_plus,23.0,10.0,,,,,,,0.0026144466568566614
active_power_plus,23.0,13.0,,,,,,,0.23418443205806805
active_power_plus,23.0,14.0,,,,,,,0.0
active_power_plus,23.0,15.0,,,,,,,0.0
active_power_plus,23.0,16.0,,,,,,,0.0
active_power_plus,23.0,17.0,,,,,,,0.0
active_power_plus,24.0,3.0,,,,,,,0.0
active_power_plus,24.0,5.0,,,,,,,0.0
active_power_plus,24.0,6.0,,,,,,,0.0007055365267412011
active_power_plus,24.0,8.0,,,,,,,0.0
active_power_plus,24.0,9.0,,,,,,,0.19772462081300263
active_power_plus,24.0,10.0,,,,,,,0.002614436801486944
active_power_plus,24.0,13.0,,,,,,,0.20104458987721316
active_power_plus,24.0,14.0,,,,,,,0.0
active_power_plus,24.0,15.0,,,,,,,0.0
active_power_plus,24.0,16.0,,,,,,,0.0
active_power_plus,24.0,17.0,,,,,,,0.0
reactive_power_plus,1.0,3.0,,,,,,,5.252061679431551e-05
reactive_power_plus,1.0,5.0,,,,,,,0.0012776171325701341
reactive_power_plus,1.0,6.0,,,,,,,0.0
reactive_power_plus,1.0,8.0,,,,,,,0.0
reactive_power_plus,1.0,9.0,,,,,,,0.0
reactive_power_plus,1.0,10.0,,,,,,,0.0
reactive_power_plus,1.0,13.0,,,,,,,0.0
reactive_power_plus,1.0,14.0,,,,,,,0.0
reactive_power_plus,1.0,15.0,,,,,,,0.0
reactive_power_plus,1.0,16.0,,,,,,,0.0
reactive_power_plus,1.0,17.0,,,,,,,0.0
reactive_power_plus,2.0,3.0,,,,,,,5.252063006290825e-05
reactive_power_plus,2.0,5.0,,,,,,,0.0011806107417428738
reactive_power_plus,2.0,6.0,,,,,,,0.0
reactive_power_plus,2.0,8.0,,,,,,,0.0
reactive_power_plus,2.0,9.0,,,,,,,0.00011223362982589523
reactive_power_plus,2.0,10.0,,,,,,,0.0
reactive_power_plus,2.0,13.0,,,,,,,0.0
reactive_power_plus,2.0,14.0,,,,,,,0.0
reactive_power_plus,2.0,15.0,,,,,,,0.0
reactive_power_plus,2.0,16.0,,,,,,,8.237712994440176e-05
reactive_power_plus,2.0,17.0,,,,,,,0.0
reactive_power_plus,3.0,3.0,,,,,,,5.252062354370032e-05
reactive_power_plus,3.0,5.0,,,,,,,0.001128850487625915
reactive_power_plus,3.0,6.0,,,,,,,0.0
reactive_power_plus,3.0,8.0,,,,,,,0.0
reactive_power_plus,3.0,9.0,,,,,,,0.00011223363634510317
reactive_power_plus,3.0,10.0,,,,,,,0.0
reactive_power_plus,3.0,13.0,,,,,,,0.0
reactive_power_plus,3.0,14.0,,,,,,,0.0
reactive_power_plus,3.0,15.0,,,,,,,0.0
reactive_power_plus,3.0,16.0,,,,,,,8.237712994440176e-05
reactive_power_plus,3.0,17.0,,,,,,,0.0
reactive_power_plus,4.0,3.0,,,,,,,5.2520623600937644e-05
reactive_power_plus,4.0,5.0,,,,,,,0.001204413627741005
reactive_power_plus,4.0,6.0,,,,,,,0.0
reactive_power_plus,4.0,8.0,,,,,,,0.0
reactive_power_plus,4.0,9.0,,,,,,,0.00011223363628786584
reactive_power_plus,4.0,10.0,,,,,,,0.0
reactive_power_plus,4.0,13.0,,,,,,,0.0
reactive_power_plus,4.0,14.0,,,,,,,0.0
reactive_power_plus,4.0,15.0,,,,,,,0.0
reactive_power_plus,4.0,16.0,,,,,,,8.237712994440176e-05
reactive_power_plus,4.0,17.0,,,,,,,0.0
reactive_power_plus,5.0,3.0,,,,,,,5.378677385732661e-05
reactive_power_plus,5.0,5.0,,,,,,,0.0013416389707867032
reactive_power_plus,5.0,6.0,,,,,,,0.0
reactive_power_plus,5.0,8.0,,,,,,,0.0
reactive_power_plus,5.0,9.0,,,,,,,0.00011096748603147688
reactive_power_plus,5.0,10.0,,,,,,,0.0
reactive_power_plus,5.0,13.0,,,,,,,0.0
reactive_power_plus,5.0,14.0,,,,,,,0.0
reactive_power_plus,5.0,15.0,,,,,,,0.0
reactive_power_plus,5.0,16.0,,,,,,,8.237712994440176e-05
reactive_power_plus,5.0,17.0,,,,,,,0.0
reactive_power_plus,6.0,3.0,,,,,,,7.320683783735886e-05
reactive_power_plus,6.0,5.0,,,,,,,0.0
reactive_power_plus,6.0,6.0,,,,,,,0.0
reactive_power_plus,6.0,8.0,,,,,,,0.0
reactive_power_plus,6.0,9.0,,,,,,,0.003552995276463821
reactive_power_plus,6.0,10.0,,,,,,,0.0
reactive_power_plus,6.0,13.0,,,,,,,0.0
reactive_power_plus,6.0,14.0,,,,,,,0.0
reactive_power_plus,6.0,15.0,,,,,,,0.0
reactive_power_plus,6.0,16.0,,,,,,,0.0
reactive_power_plus,6.0,17.0,,,,,,,0.0
reactive_power_plus,7.0,3.0,,,,,,,0.0001105182440988096
reactive_power_plus,7.0,5.0,,,,,,,0.0
reactive_power_plus,7.0,6.0,,,,,,,0.0
reactive_power_plus,7.0,8.0,,,,,,,0.0044817078346531605
reactive_power_plus,7.0,9.0,,,,,,,0.010886868046571891
reactive_power_plus,7.0,10.0,,,,,,,0.0
reactive_power_plus,7.0,13.0,,,,,,,0.0
reactive_power_plus,7.0,14.0,,,,,,,0.0
reactive_power_plus,7.0,15.0,,,,,,,0.0
reactive_power_plus,7.0,16.0,,,,,,,0.0
reactive_power_plus,7.0,17.0,,,,,,,0.0
reactive_power_plus,8.0,3.0,,,,,,,0.0
reactive_power_plus,8.0,5.0,,,,,,,0.0
reactive_power_plus,8.0,6.0,,,,,,,0.0
reactive_power_plus,8.0,8.0,,,,,,,0.0
reactive_power_plus,8.0,9.0,,,,,,,0.13563319113335043
reactive_power_plus,8.0,10.0,,,,,,,0.0
reactive_power_plus,8.0,13.0,,,,,,,0.11920282402676828
reactive_power_plus,8.0,14.0,,,,,,,0.0
reactive_power_plus,8.0,15.0,,,,,,,0.0
reactive_power_plus,8.0,16.0,,,,,,,0.007167744
reactive_power_plus,8.0,17.0,,,,,,,0.0
reactive_power_plus,9.0,3.0,,,,,,,0.0
reactive_power_plus,9.0,5.0,,,,,,,0.0
reactive_power_plus,9.0,6.0,,,,,,,0.0
reactive_power_plus,9.0,8.0,,,,,,,0.0
reactive_power_plus,9.0,9.0,,,,,,,0.10676869992585639
reactive_power_plus,9.0,10.0,,,,,,,0.0
reactive_power_plus,9.0,13.0,,,,,,,0.09511093504698952
reactive_power_plus,9.0,14.0,,,,,,,0.0
reactive_power_plus,9.0,15.0,,,,,,,0.0014644011636845006
reactive_power_plus,9.0,16.0,,,,,,,0.0
reactive_power_plus,9.0,17.0,,,,,,,0.0
reactive_power_plus,10.0,3.0,,,,,,,0.0
reactive_power_plus,10.0,5.0,,,,,,,0.0
reactive_power_plus,10.0,6.0,,,,,,,0.00025960747250512663
reactive_power_plus,10.0,8.0,,,,,,,0.0
reactive_power_plus,10.0,9.0,,,,,,,0.06488518397418958
reactive_power_plus,10.0,10.0,,,,,,,0.0
reactive_power_plus,10.0,13.0,,,,,,,0.05573564955421395
reactive_power_plus,10.0,14.0,,,,,,,0.0
reactive_power_plus,10.0,15.0,,,,,,,0.0
reactive_power_plus,10.0,16.0,,,,,,,0.0
reactive_power_plus,10.0,17.0,,,,,,,0.0
reactive_power_plus,11.0,3.0,,,,,,,0.0
reactive_power_plus,11.0,5.0,,,,,,,0.0
reactive_power_plus,11.0,6.0,,,,,,,0.0012557074956633062
reactive_power_plus,11.0,8.0,,,,,,,0.0
reactive_power_plus,11.0,9.0,,,,,,,0.05451419358335791
reactive_power_plus,11.0,10.0,,,,,,,0.0
reactive_power_plus,11.0,13.0,,,,,,,0.04572973630288416
reactive_power_plus,11.0,14.0,,,,,,,0.0
reactive_power_plus,11.0,15.0,,,,,,,0.0
reactive_power_plus,11.0,16.0,,,,,,,0.0
reactive_power_plus,11.0,17.0,,,,,,,0.0
reactive_power_plus,12.0,3.0,,,,,,,0.0
reactive_power_plus,12.0,5.0,,,,,,,0.0
reactive_power_plus,12.0,6.0,,,,,,,0.0016930115493073402
reactive_power_plus,12.0,8.0,,,,,,,0.0
reactive_power_plus,12.0,9.0,,,,,,,0.04956215999372724
reactive_power_plus,12.0,10.0,,,,,,,0.0
reactive_power_plus,12.0,13.0,,,,,,,0.04164337683566375
reactive_power_plus,12.0,14.0,,,,,,,0.0
reactive_power_plus,12.0,15.0,,,,,,,0.0
reactive_power_plus,12.0,16.0,,,,,,,0.0
reactive_power_plus,12.0,17.0,,,,,,,0.0
reactive_power_plus,13.0,3.0,,,,,,,0.0
reactive_power_plus,13.0,5.0,,,,,,,0.0
reactive_power_plus,13.0,6.0,,,,,,,0.0
reactive_power_plus,13.0,8.0,,,,,,,0.0
reactive_power_plus,13.0,9.0,,,,,,,0.059789732977254734
reactive_power_plus,13.0,10.0,,,,,,,0.0
reactive_power_plus,13.0,13.0,,,,,,,0.04804112953744444
reactive_power_plus,13.0,14.0,,,,,,,0.0
reactive_power_plus,13.0,15.0,,,,,,,0.0
reactive_power_plus,13.0,16.0,,,,,,,0.0
reactive_power_plus,13.0,17.0,,,,,,,0.0
reactive_power_plus,14.0,3.0,,,,,,,0.0
reactive_power_plus,14.0,5.0,,,,,,,0.0
reactive_power_plus,14.0,6.0,,,,,,,0.0003898844146325307
reactive_power_plus,14.0,8.0,,,,,,,0.0
reactive_power_plus,14.0,9.0,,,,,,,0.05320148089669229
reactive_power_plus,14.0,10.0,,,,,,,0.0
reactive_power_plus,14.0,13.0,,,,,,,0.04142286098569008
reactive_power_plus,14.0,14.0,,,,,,,0.0
reactive_power_plus,14.0,15.0,,,,,,,0.0
reactive_power_plus,14.0,16.0,,,,,,,0.0
reactive_power_plus,14.0,17.0,,,,,,,0.0
reactive_power_plus,15.0,3.0,,,,,,,0.0
reactive_power_plus,15.0,5.0,,,,,,,0.0
reactive_power_plus,15.0,6.0,,,,,,,0.00023480276161897518
reactive_power_plus,15.0,8.0,,,,,,,0.0
reactive_power_plus,15.0,9.0,,,,,,,0.050924057815244755
reactive_power_plus,15.0,10.0,,,,,,,0.0
reactive_power_plus,15.0,13.0,,,,,,,0.03911201553850403
reactive_power_plus,15.0,14.0,,,,,,,0.0
reactive_power_plus,15.0,15.0,,,,,,,0.0
reactive_power_plus,15.0,16.0,,,,,,,0.0
reactive_power_plus,15.0,17.0,,,,,,,0.0
reactive_power_plus,16.0,3.0,,,,,,,0.0
reactive_power_plus,16.0,5.0,,,,,,,0.0
reactive_power_plus,16.0,6.0,,,,,,,0.0
reactive_power_plus,16.0,8.0,,,,,,,0.0
reactive_power_plus,16.0,9.0,,,,,,,0.0540133572642315
reactive_power_plus,16.0,10.0,,,,,,,0.0
reactive_power_plus,16.0,13.0,,,,,,,0.04052314078500454
reactive_power_plus,16.0,14.0,,,,,,,0.0
reactive_power_plus,16.0,15.0,,,,,,,0.0
reactive_power_plus,16.0,16.0,,,,,,,0.0
reactive_power_plus,16.0,17.0,,,,,,,0.0
reactive_power_plus,17.0,3.0,,,,,,,0.00021084495882748376
reactive_power_plus,17.0,5.0,,,,,,,0.0
reactive_power_plus,17.0,6.0,,,,,,,0.0
reactive_power_plus,17.0,8.0,,,,,,,0.0
reactive_power_plus,17.0,9.0,,,,,,,0.007135693033440352
reactive_power_plus,17.0,10.0,,,,,,,0.0
reactive_power_plus,17.0,13.0,,,,,,,0.0
reactive_power_plus,17.0,14.0,,,,,,,0.0
reactive_power_plus,17.0,15.0,,,,,,,0.0
reactive_power_plus,17.0,16.0,,,,,,,0.0
reactive_power_plus,17.0,17.0,,,,,,,0.0
reactive_power_plus,18.0,3.0,,,,,,,0.00011913406936347586
reactive_power_plus,18.0,5.0,,,,,,,0.001992144967109449
reactive_power_plus,18.0,6.0,,,,,,,0.0
reactive_power_plus,18.0,8.0,,,,,,,0.0
reactive_power_plus,18.0,9.0,,,,,,,0.0
reactive_power_plus,18.0,10.0,,,,,,,0.0
reactive_power_plus,18.0,13.0,,,,,,,0.0
reactive_power_plus,18.0,14.0,,,,,,,0.0
reactive_power_plus,18.0,15.0,,,,,,,0.0
reactive_power_plus,18.0,16.0,,,,,,,0.0
reactive_power_plus,18.0,17.0,,,,,,,0.0
reactive_power_plus,19.0,3.0,,,,,,,0.00012187361495076517
reactive_power_plus,19.0,5.0,,,,,,,0.0
reactive_power_plus,19.0,6.0,,,,,,,0.0
reactive_power_plus,19.0,8.0,,,,,,,0.0
reactive_power_plus,19.0,9.0,,,,,,,0.004625324844867387
reactive_power_plus,19.0,10.0,,,,,,,0.0
reactive_power_plus,19.0,13.0,,,,,,,0.0
reactive_power_plus,19.0,14.0,,,,,,,0.0
reactive_power_plus,19.0,15.0,,,,,,,0.0
reactive_power_plus,19.0,16.0,,,,,,,3.084658481612374e-05
reactive_power_plus,19.0,17.0,,,,,,,0.0
reactive_power_plus,20.0,3.0,,,,,,,9.812588971603685e-05
reactive_power_plus,20.0,5.0,,,,,,,0.0
reactive_power_plus,20.0,6.0,,,,,,,0.0
reactive_power_plus,20.0,8.0,,,,,,,0.0
reactive_power_plus,20.0,9.0,,,,,,,0.0042753021140419555
reactive_power_plus,20.0,10.0,,,,,,,0.0
reactive_power_plus,20.0,13.0,,,,,,,0.0
reactive_power_plus,20.0,14.0,,,,,,,0.0
reactive_power_plus,20.0,15.0,,,,,,,0.0
reactive_power_plus,20.0,16.0,,,,,,,0.0
reactive_power_plus,20.0,17.0,,,,,,,0.0
reactive_power_plus,21.0,3.0,,,,,,,8.747054215251586e-05
reactive_power_plus,21.0,5.0,,,,,,,0.0
reactive_power_plus,21.0,6.0,,,,,,,0.0
reactive_power_plus,21.0,8.0,,,,,,,0.0
reactive_power_plus,21.0,9.0,,,,,,,0.004710652269096964
reactive_power_plus,21.0,10.0,,,,,,,0.0
reactive_power_plus,21.0,13.0,,,,,,,0.0
reactive_power_plus,21.0,14.0,,,,,,,0.0
reactive_power_plus,21.0,15.0,,,,,,,0.0
reactive_power_plus,21.0,16.0,,,,,,,8.237712994440176e-05
reactive_power_plus,21.0,17.0,,,,,,,0.0
reactive_power_plus,22.0,3.0,,,,,,,7.670975400596292e-05
reactive_power_plus,22.0,5.0,,,,,,,0.0
reactive_power_plus,22.0,6.0,,,,,,,0.0
reactive_power_plus,22.0,8.0,,,,,,,0.0
reactive_power_plus,22.0,9.0,,,,,,,0.0029999377250537755
reactive_power_plus,22.0,10.0,,,,,,,0.0
reactive_power_plus,22.0,13.0,,,,,,,0.0
reactive_power_plus,22.0,14.0,,,,,,,0.0
reactive_power_plus,22.0,15.0,,,,,,,0.0
reactive_power_plus,22.0,16.0,,,,,,,8.237712994440176e-05
reactive_power_plus,22.0,17.0,,,,,,,0.0
reactive_power_plus,23.0,3.0,,,,,,,7.003364425542413e-05
reactive_power_plus,23.0,5.0,,,,,,,0.0
reactive_power_plus,23.0,6.0,,,,,,,0.0
reactive_power_plus,23.0,8.0,,,,,,,0.0
reactive_power_plus,23.0,9.0,,,,,,,0.0029812553742327203
reactive_power_plus,23.0,10.0,,,,,,,0.0
reactive_power_plus,23.0,13.0,,,,,,,0.0
reactive_power_plus,23.0,14.0,,,,,,,0.0
reactive_power_plus,23.0,15.0,,,,,,,0.0
reactive_power_plus,23.0,16.0,,,,,,,8.237712994440176e-05
reactive_power_plus,23.0,17.0,,,,,,,0.0
reactive_power_plus,24.0,3.0,,,,,,,5.253260691717367e-05
reactive_power_plus,24.0,5.0,,,,,,,0.001088998703211149
reactive_power_plus,24.0,6.0,,,,,,,0.0
reactive_power_plus,24.0,8.0,,,,,,,0.0
reactive_power_plus,24.0,9.0,,,,,,,8.476260965682924e-05
reactive_power_plus,24.0,10.0,,,,,,,0.0
reactive_power_plus,24.0,13.0,,,,,,,0.0
reactive_power_plus,24.0,14.0,,,,,,,0.0
reactive_power_plus,24.0,15.0,,,,,,,0.0
reactive_power_plus,24.0,16.0,,,,,,,6.864760828700145e-05
reactive_power_plus,24.0,17.0,,,,,,,0.0
active_power_minus,1.0,3.0,,,,,,,0.2009970072773339
active_power_minus,1.0,5.0,,,,,,,0.036363589015518734
active_power_minus,1.0,6.0,,,,,,,0.0
active_power_minus,1.0,8.0,,,,,,,0.0363536872719246
active_power_minus,1.0,9.0,,,,,,,0.0
active_power_minus,1.0,10.0,,,,,,,0.0
active_power_minus,1.0,13.0,,,,,,,0.0
active_power_minus,1.0,14.0,,,,,,,0.012718210393827074
active_power_minus,1.0,15.0,,,,,,,0.0161571943430776
active_power_minus,1.0,16.0,,,,,,,0.001647542598888035
active_power_minus,1.0,17.0,,,,,,,0.11226326827545115
active_power_minus,2.0,3.0,,,,,,,0.2009970323963634
active_power_minus,2.0,5.0,,,,,,,0.036363589015518734
active_power_minus,2.0,6.0,,,,,,,0.0
active_power_minus,2.0,8.0,,,,,,,0.0363536872719246
active_power_minus,2.0,9.0,,,,,,,0.0
active_power_minus,2.0,10.0,,,,,,,0.0
active_power_minus,2.0,13.0,,,,,,,0.0
active_power_minus,2.0,14.0,,,,,,,0.012718235485935226
active_power_minus,2.0,15.0,,,,,,,0.0161571943430776
active_power_minus,2.0,16.0,,,,,,,0.001647542598888035
active_power_minus,2.0,17.0,,,,,,,0.11226326827545115
active_power_minus,3.0,3.0,,,,,,,0.20099702005472483
active_power_minus,3.0,5.0,,,,,,,0.036363589015518734
active_power_minus,3.0,6.0,,,,,,,0.0
active_power_minus,3.0,8.0,,,,,,,0.0363536872719246
active_power_minus,3.0,9.0,,,,,,,0.0
active_power_minus,3.0,10.0,,,,,,,0.0
active_power_minus,3.0,13.0,,,,,,,0.0
active_power_minus,3.0,14.0,,,,,,,0.012718226878214297
active_power_minus,3.0,15.0,,,,,,,0.0161571943430776
active_power_minus,3.0,16.0,,,,,,,0.001647542598888035
active_power_minus,3.0,17.0,,,,,,,0.11226326455230246
active_power_minus,4.0,3.0,,,,,,,0.2009970201630819
active_power_minus,4.0,5.0,,,,,,,0.036363589015518734
active_power_minus,4.0,6.0,,,,,,,0.0
active_power_minus,4.0,8.0,,,,,,,0.0363536872719246
active_power_minus,4.0,9.0,,,,,,,0.0
active_power_minus,4.0,10.0,,,,,,,0.0
active_power_minus,4.0,13.0,,,,,,,0.0
active_power_minus,4.0,14.0,,,,,,,0.012718226969697322
active_power_minus,4.0,15.0,,,,,,,0.0161571943430776
active_power_minus,4.0,16.0,,,,,,,0.001647542598888035
active_power_minus,4.0,17.0,,,,,,,0.11226326455390209
active_power_minus,5.0,3.0,,,,,,,0.20339399369795427
active_power_minus,5.0,5.0,,,,,,,0.036969368910754766
active_power_minus,5.0,6.0,,,,,,,0.0
active_power_minus,5.0,8.0,,,,,,,0.036959158356763465
active_power_minus,5.0,9.0,,,,,,,0.0
active_power_minus,5.0,10.0,,,,,,,0.0
active_power_minus,5.0,13.0,,,,,,,0.0
active_power_minus,5.0,14.0,,,,,,,0.012891223654337876
active_power_minus,5.0,15.0,,,,,,,0.01642629260300599
active_power_minus,5.0,16.0,,,,,,,0.001647542598888035
active_power_minus,5.0,17.0,,,,,,,0.1132759198365102
active_power_minus,6.0,3.0,,,,,,,0.2401584923589768
active_power_minus,6.0,5.0,,,,,,,0.04595821088778096
active_power_minus,6.0,6.0,,,,,,,0.0
active_power_minus,6.0,8.0,,,,,,,0.04594156177652379
active_power_minus,6.0,9.0,,,,,,,0.0
active_power_minus,6.0,10.0,,,,,,,0.0
active_power_minus,6.0,13.0,,,,,,,0.0
active_power_minus,6.0,14.0,,,,,,,0.015615375117574428
active_power_minus,6.0,15.0,,,,,,,0.020418471900677238
active_power_minus,6.0,16.0,,,,,,,0.0018052279121142589
active_power_minus,6.0,17.0,,,,,,,0.12902855745191114
active_power_minus,7.0,3.0,,,,,,,0.29936455327865374
active_power_minus,7.0,5.0,,,,,,,0.05995903463250642
active_power_minus,7.0,6.0,,,,,,,0.0
active_power_minus,7.0,8.0,,,,,,,0.0600581371029828
active_power_minus,7.0,9.0,,,,,,,0.0
active_power_minus,7.0,10.0,,,,,,,0.0
active_power_minus,7.0,13.0,,,,,,,0.0
active_power_minus,7.0,14.0,,,,,,,0.021738787509077408
active_power_minus,7.0,15.0,,,,,,,0.02663650537910347
active_power_minus,7.0,16.0,,,,,,,0.003989718571829016
active_power_minus,7.0,17.0,,,,,,,0.14962304271890053
active_power_minus,8.0,3.0,,,,,,,0.5990489397097032
active_power_minus,8.0,5.0,,,,,,,0.13457413055301795
active_power_minus,8.0,6.0,,,,,,,0.0
active_power_minus,8.0,8.0,,,,,,,0.13558565253792051
active_power_minus,8.0,9.0,,,,,,,0.0
active_power_minus,8.0,10.0,,,,,,,0.0
active_power_minus,8.0,13.0,,,,,,,0.0
active_power_minus,8.0,14.0,,,,,,,0.04788920207691488
active_power_minus,8.0,15.0,,,,,,,0.059750466016853535
active_power_minus,8.0,16.0,,,,,,,0.0065400909451140184
active_power_minus,8.0,17.0,,,,,,,0.26789430039097084
active_power_minus,9.0,3.0,,,,,,,0.5870324602354005
active_power_minus,9.0,5.0,,,,,,,0.12448709343579678
active_power_minus,9.0,6.0,,,,,,,0.0
active_power_minus,9.0,8.0,,,,,,,0.1268343064460785
active_power_minus,9.0,9.0,,,,,,,0.0
active_power_minus,9.0,10.0,,,,,,,0.0
active_power_minus,9.0,13.0,,,,,,,0.0
active_power_minus,9.0,14.0,,,,,,,0.05217940463383794
active_power_minus,9.0,15.0,,,,,,,0.055275218864923786
active_power_minus,9.0,16.0,,,,,,,0.004837388050986375
active_power_minus,9.0,17.0,,,,,,,0.27383245687947555
active_power_minus,10.0,3.0,,,,,,,0.5685852951071577
active_power_minus,10.0,5.0,,,,,,,0.11799155962373678
active_power_minus,10.0,6.0,,,,,,,0.0
active_power_minus,10.0,8.0,,,,,,,0.12207514248943459
active_power_minus,10.0,9.0,,,,,,,0.0
active_power_minus,10.0,10.0,,,,,,,0.0
active_power_minus,10.0,13.0,,,,,,,0.0
active_power_minus,10.0,14.0,,,,,,,0.05414394442291537
active_power_minus,10.0,15.0,,,,,,,0.05239322688419316
active_power_minus,10.0,16.0,,,,,,,0.0027289504626551563
active_power_minus,10.0,17.0,,,,,,,0.2688940261025533
active_power_minus,11.0,3.0,,,,,,,0.5589914271207068
active_power_minus,11.0,5.0,,,,,,,0.11647200131454159
active_power_minus,11.0,6.0,,,,,,,0.0
active_power_minus,11.0,8.0,,,,,,,0.12149997044607849
active_power_minus,11.0,9.0,,,,,,,0.0
active_power_minus,11.0,10.0,,,,,,,0.0
active_power_minus,11.0,13.0,,,,,,,0.0
active_power_minus,11.0,14.0,,,,,,,0.052027154264056574
active_power_minus,11.0,15.0,,,,,,,0.05171899486492379
active_power_minus,11.0,16.0,,,,,,,0.0014954621858081774
active_power_minus,11.0,17.0,,,,,,,0.2659792872538332
active_power_minus,12.0,3.0,,,,,,,0.5055496561535296
active_power_minus,12.0,5.0,,,,,,,0.10661675759111174
active_power_minus,12.0,6.0,,,,,,,0.0
active_power_minus,12.0,8.0,,,,,,,0.11280071992228831
active_power_minus,12.0,9.0,,,,,,,0.0
active_power_minus,12.0,10.0,,,,,,,0.0
active_power_minus,12.0,13.0,,,,,,,0.0
active_power_minus,12.0,14.0,,,,,,,0.044065956905647366
active_power_minus,12.0,15.0,,,,,,,0.047346197298794815
active_power_minus,12.0,16.0,,,,,,,0.0
active_power_minus,12.0,17.0,,,,,,,0.24827237026818597
active_power_minus,13.0,3.0,,,,,,,0.5795605361410378
active_power_minus,13.0,5.0,,,,,,,0.12214457526357536
active_power_minus,13.0,6.0,,,,,,,0.0
active_power_minus,13.0,8.0,,,,,,,0.1256388544099486
active_power_minus,13.0,9.0,,,,,,,0.0
active_power_minus,13.0,10.0,,,,,,,0.0
active_power_minus,13.0,13.0,,,,,,,0.0
active_power_minus,13.0,14.0,,,,,,,0.055950111435593156
active_power_minus,13.0,15.0,,,,,,,0.054235930848866035
active_power_minus,13.0,16.0,,,,,,,0.003072380076434564
active_power_minus,13.0,17.0,,,,,,,0.2696588130932055
active_power_minus,14.0,3.0,,,,,,,0.5680512726669925
active_power_minus,14.0,5.0,,,,,,,0.11826758232797653
active_power_minus,14.0,6.0,,,,,,,0.0
active_power_minus,14.0,8.0,,,,,,,0.12225885048943459
active_power_minus,14.0,9.0,,,,,,,0.0
active_power_minus,14.0,10.0,,,,,,,0.0
active_power_minus,14.0,13.0,,,,,,,0.0
active_power_minus,14.0,14.0,,,,,,,0.05401457762277656
active_power_minus,14.0,15.0,,,,,,,0.052515698884193156
active_power_minus,14.0,16.0,,,,,,,0.0024771510109562545
active_power_minus,14.0,17.0,,,,,,,0.2685333374646924
active_power_minus,15.0,3.0,,,,,,,0.5735996082597646
active_power_minus,15.0,5.0,,,,,,,0.11942430298840509
active_power_minus,15.0,6.0,,,,,,,0.0
active_power_minus,15.0,8.0,,,,,,,0.12302871048943459
active_power_minus,15.0,9.0,,,,,,,0.0
active_power_minus,15.0,10.0,,,,,,,0.0
active_power_minus,15.0,13.0,,,,,,,0.0
active_power_minus,15.0,14.0,,,,,,,0.05507900824124752
active_power_minus,15.0,15.0,,,,,,,0.053028938884193154
active_power_minus,15.0,16.0,,,,,,,0.0030275942183441637
active_power_minus,15.0,17.0,,,,,,,0.26998945092173343
active_power_minus,16.0,3.0,,,,,,,0.6013464283552684
active_power_minus,16.0,5.0,,,,,,,0.12678980000795342
active_power_minus,16.0,6.0,,,,,,,0.0
active_power_minus,16.0,8.0,,,,,,,0.12860291989815809
active_power_minus,16.0,9.0,,,,,,,0.0
active_power_minus,16.0,10.0,,,,,,,0.0
active_power_minus,16.0,13.0,,,,,,,0.0
active_power_minus,16.0,14.0,,,,,,,0.060184511782954586
active_power_minus,16.0,15.0,,,,,,,0.056297029288070274
active_power_minus,16.0,16.0,,,,,,,0.005179736988938314
active_power_minus,16.0,17.0,,,,,,,0.2753849986531612
active_power_minus,17.0,3.0,,,,,,,0.4053320523605462
active_power_minus,17.0,5.0,,,,,,,0.08048692296927265
active_power_minus,17.0,6.0,,,,,,,0.0
active_power_minus,17.0,8.0,,,,,,,0.08114308118442833
active_power_minus,17.0,9.0,,,,,,,0.0
active_power_minus,17.0,10.0,,,,,,,0.0
active_power_minus,17.0,13.0,,,,,,,0.0
active_power_minus,17.0,14.0,,,,,,,0.04548078502628037
active_power_minus,17.0,15.0,,,,,,,0.0357498236375237
active_power_minus,17.0,16.0,,,,,,,0.0031018471957314693
active_power_minus,17.0,17.0,,,,,,,0.19200606802788936
active_power_minus,18.0,3.0,,,,,,,0.308464796003559
active_power_minus,18.0,5.0,,,,,,,0.05461767686872809
active_power_minus,18.0,6.0,,,,,,,0.0
active_power_minus,18.0,8.0,,,,,,,0.05483661912672573
active_power_minus,18.0,9.0,,,,,,,0.0
active_power_minus,18.0,10.0,,,,,,,0.0
active_power_minus,18.0,13.0,,,,,,,0.0
active_power_minus,18.0,14.0,,,,,,,0.036586996243049265
active_power_minus,18.0,15.0,,,,,,,0.02426436672298922
active_power_minus,18.0,16.0,,,,,,,0.0013710962652650977
active_power_minus,18.0,17.0,,,,,,,0.15967456848733902
active_power_minus,19.0,3.0,,,,,,,0.3113583702154824
active_power_minus,19.0,5.0,,,,,,,0.055948316256166974
active_power_minus,19.0,6.0,,,,,,,0.0
active_power_minus,19.0,8.0,,,,,,,0.055988267399412116
active_power_minus,19.0,9.0,,,,,,,0.0
active_power_minus,19.0,10.0,,,,,,,0.0
active_power_minus,19.0,13.0,,,,,,,0.0
active_power_minus,19.0,14.0,,,,,,,0.037253218382484896
active_power_minus,19.0,15.0,,,,,,,0.02485533839973872
active_power_minus,19.0,16.0,,,,,,,0.0015722871901932662
active_power_minus,19.0,17.0,,,,,,,0.15901717507691526
active_power_minus,20.0,3.0,,,,,,,0.2862754492924386
active_power_minus,20.0,5.0,,,,,,,0.051314410195987016
active_power_minus,20.0,6.0,,,,,,,0.0
active_power_minus,20.0,8.0,,,,,,,0.05129392452869055
active_power_minus,20.0,9.0,,,,,,,0.0
active_power_minus,20.0,10.0,,,,,,,0.0
active_power_minus,20.0,13.0,,,,,,,0.0
active_power_minus,20.0,14.0,,,,,,,0.029553144880469444
active_power_minus,20.0,15.0,,,,,,,0.022797299790529132
active_power_minus,20.0,16.0,,,,,,,0.001647542598888035
active_power_minus,20.0,17.0,,,,,,,0.15081313931154897
active_power_minus,21.0,3.0,,,,,,,0.26716138682600826
active_power_minus,21.0,5.0,,,,,,,0.05130374895855738
active_power_minus,21.0,6.0,,,,,,,0.0
active_power_minus,21.0,8.0,,,,,,,0.05128327092772707
active_power_minus,21.0,9.0,,,,,,,0.0
active_power_minus,21.0,10.0,,,,,,,0.0
active_power_minus,21.0,13.0,,,,,,,0.0
active_power_minus,21.0,14.0,,,,,,,0.02261584799936257
active_power_minus,21.0,15.0,,,,,,,0.02279256485676759
active_power_minus,21.0,16.0,,,,,,,0.001647542598888035
active_power_minus,21.0,17.0,,,,,,,0.1386583055467162
active_power_minus,22.0,3.0,,,,,,,0.24678993069629288
active_power_minus,22.0,5.0,,,,,,,0.046334066179983174
active_power_minus,22.0,6.0,,,,,,,0.0
active_power_minus,22.0,8.0,,,,,,,0.04631714784986237
active_power_minus,22.0,9.0,,,,,,,0.0
active_power_minus,22.0,10.0,,,,,,,0.0
active_power_minus,22.0,13.0,,,,,,,0.0
active_power_minus,22.0,14.0,,,,,,,0.02115819101804335
active_power_minus,22.0,15.0,,,,,,,0.02058539904438327
active_power_minus,22.0,16.0,,,,,,,0.001647542598888035
active_power_minus,22.0,17.0,,,,,,,0.12968096124629305
active_power_minus,23.0,3.0,,,,,,,0.23415125822657865
active_power_minus,23.0,5.0,,,,,,,0.043848884634448436
active_power_minus,23.0,6.0,,,,,,,0.0
active_power_minus,23.0,8.0,,,,,,,0.04383374639833059
active_power_minus,23.0,9.0,,,,,,,0.0
active_power_minus,23.0,10.0,,,,,,,0.0
active_power_minus,23.0,13.0,,,,,,,0.0
active_power_minus,23.0,14.0,,,,,,,0.01776314017662625
active_power_minus,23.0,15.0,,,,,,,0.01948166506592471
active_power_minus,23.0,16.0,,,,,,,0.001647542598888035
active_power_minus,23.0,17.0,,,,,,,0.12540628316523997
active_power_minus,24.0,3.0,,,,,,,0.2010197060107787
active_power_minus,24.0,5.0,,,,,,,0.036363589015518734
active_power_minus,24.0,6.0,,,,,,,0.0
active_power_minus,24.0,8.0,,,,,,,0.0363536872719246
active_power_minus,24.0,9.0,,,,,,,0.0
active_power_minus,24.0,10.0,,,,,,,0.0
active_power_minus,24.0,13.0,,,,,,,0.0
active_power_minus,24.0,14.0,,,,,,,0.012740918568007053
active_power_minus,24.0,15.0,,,,,,,0.0161571943430776
active_power_minus,24.0,16.0,,,,,,,0.001647542598888035
active_power_minus,24.0,17.0,,,,,,,0.11226325842008143
reactive_power_minus,1.0,3.0,,,,,,,0.0
reactive_power_minus,1.0,5.0,,,,,,,0.0
reactive_power_minus,1.0,6.0,,,,,,,0.0003048976652363447
reactive_power_minus,1.0,8.0,,,,,,,0.0
reactive_power_minus,1.0,9.0,,,,,,,0.0
reactive_power_minus,1.0,10.0,,,,,,,0.0011685720298750604
reactive_power_minus,1.0,13.0,,,,,,,0.0
reactive_power_minus,1.0,14.0,,,,,,,0.0012708713849746568
reactive_power_minus,1.0,15.0,,,,,,,0.0
reactive_power_minus,1.0,16.0,,,,,,,0.0
reactive_power_minus,1.0,17.0,,,,,,,0.0
reactive_power_minus,2.0,3.0,,,,,,,0.0
reactive_power_minus,2.0,5.0,,,,,,,0.0
reactive_power_minus,2.0,6.0,,,,,,,0.00010013004481324581
reactive_power_minus,2.0,8.0,,,,,,,0.0
reactive_power_minus,2.0,9.0,,,,,,,0.0
reactive_power_minus,2.0,10.0,,,,,,,0.00038424046563689796
reactive_power_minus,2.0,13.0,,,,,,,0.0
reactive_power_minus,2.0,14.0,,,,,,,0.0012860985671394169
reactive_power_minus,2.0,15.0,,,,,,,0.0
reactive_power_minus,2.0,16.0,,,,,,,0.0
reactive_power_minus,2.0,17.0,,,,,,,0.0
reactive_power_minus,3.0,3.0,,,,,,,0.0
reactive_power_minus,3.0,5.0,,,,,,,0.0
reactive_power_minus,3.0,6.0,,,,,,,3.323153245910845e-05
reactive_power_minus,3.0,8.0,,,,,,,0.0
reactive_power_minus,3.0,9.0,,,,,,,0.0
reactive_power_minus,3.0,10.0,,,,,,,0.00012799577846076885
reactive_power_minus,3.0,13.0,,,,,,,0.0
reactive_power_minus,3.0,14.0,,,,,,,0.0012343383422833538
reactive_power_minus,3.0,15.0,,,,,,,0.0
reactive_power_minus,3.0,16.0,,,,,,,0.0
reactive_power_minus,3.0,17.0,,,,,,,0.0
reactive_power_minus,4.0,3.0,,,,,,,0.0
reactive_power_minus,4.0,5.0,,,,,,,0.0
reactive_power_minus,4.0,6.0,,,,,,,3.3942531141133105e-05
reactive_power_minus,4.0,8.0,,,,,,,0.0
reactive_power_minus,4.0,9.0,,,,,,,0.0
reactive_power_minus,4.0,10.0,,,,,,,0.0001307191519477052
reactive_power_minus,4.0,13.0,,,,,,,0.0
reactive_power_minus,4.0,14.0,,,,,,,0.0013099014500951361
reactive_power_minus,4.0,15.0,,,,,,,0.0
reactive_power_minus,4.0,16.0,,,,,,,0.0
reactive_power_minus,4.0,17.0,,,,,,,0.0
reactive_power_minus,5.0,3.0,,,,,,,0.0
reactive_power_minus,5.0,5.0,,,,,,,0.0
reactive_power_minus,5.0,6.0,,,,,,,7.238333900444377e-05
reactive_power_minus,5.0,8.0,,,,,,,0.0
reactive_power_minus,5.0,9.0,,,,,,,0.0
reactive_power_minus,5.0,10.0,,,,,,,0.00027796088332931974
reactive_power_minus,5.0,13.0,,,,,,,0.0
reactive_power_minus,5.0,14.0,,,,,,,0.0014457110444539717
reactive_power_minus,5.0,15.0,,,,,,,0.0
reactive_power_minus,5.0,16.0,,,,,,,0.0
reactive_power_minus,5.0,17.0,,,,,,,0.0
reactive_power_minus,6.0,3.0,,,,,,,0.0
reactive_power_minus,6.0,5.0,,,,,,,0.0004024214641976734
reactive_power_minus,6.0,6.0,,,,,,,0.00021342672590454222
reactive_power_minus,6.0,8.0,,,,,,,0.0
reactive_power_minus,6.0,9.0,,,,,,,0.0
reactive_power_minus,6.0,10.0,,,,,,,0.004781800445436565
reactive_power_minus,6.0,13.0,,,,,,,0.0
reactive_power_minus,6.0,14.0,,,,,,,0.003141363441080196
reactive_power_minus,6.0,15.0,,,,,,,0.0
reactive_power_minus,6.0,16.0,,,,,,,0.0
reactive_power_minus,6.0,17.0,,,,,,,0.0
reactive_power_minus,7.0,3.0,,,,,,,0.0
reactive_power_minus,7.0,5.0,,,,,,,0.005173020067707784
reactive_power_minus,7.0,6.0,,,,,,,0.0002008579618120536
reactive_power_minus,7.0,8.0,,,,,,,0.0
reactive_power_minus,7.0,9.0,,,,,,,0.0
reactive_power_minus,7.0,10.0,,,,,,,0.0075778699824844125
reactive_power_minus,7.0,13.0,,,,,,,0.0
reactive_power_minus,7.0,14.0,,,,,,,0.005599838308387356
reactive_power_minus,7.0,15.0,,,,,,,0.0
reactive_power_minus,7.0,16.0,,,,,,,0.0
reactive_power_minus,7.0,17.0,,,,,,,0.004582768510367291
reactive_power_minus,8.0,3.0,,,,,,,0.11872333066784617
reactive_power_minus,8.0,5.0,,,,,,,0.03399480338075163
reactive_power_minus,8.0,6.0,,,,,,,0.005970690346986991
reactive_power_minus,8.0,8.0,,,,,,,0.04012307215000281
reactive_power_minus,8.0,9.0,,,,,,,0.0
reactive_power_minus,8.0,10.0,,,,,,,0.018711172719422263
reactive_power_minus,8.0,13.0,,,,,,,0.0
reactive_power_minus,8.0,14.0,,,,,,,0.005439151975913778
reactive_power_minus,8.0,15.0,,,,,,,0.003811904963134563
reactive_power_minus,8.0,16.0,,,,,,,0.0
reactive_power_minus,8.0,17.0,,,,,,,0.056022516815852734
reactive_power_minus,9.0,3.0,,,,,,,0.09465865865335199
reactive_power_minus,9.0,5.0,,,,,,,0.02226705131810461
reactive_power_minus,9.0,6.0,,,,,,,0.0033327738727802723
reactive_power_minus,9.0,8.0,,,,,,,0.02825138336465989
reactive_power_minus,9.0,9.0,,,,,,,0.0
reactive_power_minus,9.0,10.0,,,,,,,0.014521381908408824
reactive_power_minus,9.0,13.0,,,,,,,0.0
reactive_power_minus,9.0,14.0,,,,,,,0.01188635474702341
reactive_power_minus,9.0,15.0,,,,,,,0.0
reactive_power_minus,9.0,16.0,,,,,,,0.0
reactive_power_minus,9.0,17.0,,,,,,,0.04431236864634468
reactive_power_minus,10.0,3.0,,,,,,,0.05532181790541489
reactive_power_minus,10.0,5.0,,,,,,,0.0173194422504001
reactive_power_minus,10.0,6.0,,,,,,,0.0
reactive_power_minus,10.0,8.0,,,,,,,0.014607815160859162
reactive_power_minus,10.0,9.0,,,,,,,0.0
reactive_power_minus,10.0,10.0,,,,,,,0.012381605145295006
reactive_power_minus,10.0,13.0,,,,,,,0.0
reactive_power_minus,10.0,14.0,,,,,,,0.011982694206323929
reactive_power_minus,10.0,15.0,,,,,,,0.0
reactive_power_minus,10.0,16.0,,,,,,,0.0
reactive_power_minus,10.0,17.0,,,,,,,0.02092724780661259
reactive_power_minus,11.0,3.0,,,,,,,0.045333599413955004
reactive_power_minus,11.0,5.0,,,,,,,0.016212975395306025
reactive_power_minus,11.0,6.0,,,,,,,0.0
reactive_power_minus,11.0,8.0,,,,,,,0.011842368221105244
reactive_power_minus,11.0,9.0,,,,,,,0.0
reactive_power_minus,11.0,10.0,,,,,,,0.011810038498263693
reactive_power_minus,11.0,13.0,,,,,,,0.0
reactive_power_minus,11.0,14.0,,,,,,,0.01229934876821604
reactive_power_minus,11.0,15.0,,,,,,,0.0
reactive_power_minus,11.0,16.0,,,,,,,0.0
reactive_power_minus,11.0,17.0,,,,,,,0.014112855205473809
reactive_power_minus,12.0,3.0,,,,,,,0.0413355155316089
reactive_power_minus,12.0,5.0,,,,,,,0.016035253269202045
reactive_power_minus,12.0,6.0,,,,,,,0.0
reactive_power_minus,12.0,8.0,,,,,,,0.01111296154516335
reactive_power_minus,12.0,9.0,,,,,,,0.0
reactive_power_minus,12.0,10.0,,,,,,,0.011842248879262196
reactive_power_minus,12.0,13.0,,,,,,,0.0
reactive_power_minus,12.0,14.0,,,,,,,0.012530471868939635
reactive_power_minus,12.0,15.0,,,,,,,0.0
reactive_power_minus,12.0,16.0,,,,,,,0.0
reactive_power_minus,12.0,17.0,,,,,,,0.00984436400161381
reactive_power_minus,13.0,3.0,,,,,,,0.04761002028321652
reactive_power_minus,13.0,5.0,,,,,,,0.016693895546274616
reactive_power_minus,13.0,6.0,,,,,,,0.0
reactive_power_minus,13.0,8.0,,,,,,,0.014179168518423012
reactive_power_minus,13.0,9.0,,,,,,,0.0
reactive_power_minus,13.0,10.0,,,,,,,0.012873503156077222
reactive_power_minus,13.0,13.0,,,,,,,0.0
reactive_power_minus,13.0,14.0,,,,,,,0.011463244583722658
reactive_power_minus,13.0,15.0,,,,,,,0.0
reactive_power_minus,13.0,16.0,,,,,,,0.0
reactive_power_minus,13.0,17.0,,,,,,,0.01740398958226117
reactive_power_minus,14.0,3.0,,,,,,,0.04101192028292542
reactive_power_minus,14.0,5.0,,,,,,,0.015555493298497598
reactive_power_minus,14.0,6.0,,,,,,,0.0
reactive_power_minus,14.0,8.0,,,,,,,0.011545097702282153
reactive_power_minus,14.0,9.0,,,,,,,0.0
reactive_power_minus,14.0,10.0,,,,,,,0.012410117038192054
reactive_power_minus,14.0,13.0,,,,,,,0.0
reactive_power_minus,14.0,14.0,,,,,,,0.011215821936208657
reactive_power_minus,14.0,15.0,,,,,,,0.0
reactive_power_minus,14.0,16.0,,,,,,,0.0
reactive_power_minus,14.0,17.0,,,,,,,0.014837293168247548
reactive_power_minus,15.0,3.0,,,,,,,0.038691917733372876
reactive_power_minus,15.0,5.0,,,,,,,0.015044136441474211
reactive_power_minus,15.0,6.0,,,,,,,0.0
reactive_power_minus,15.0,8.0,,,,,,,0.011095647747238445
reactive_power_minus,15.0,9.0,,,,,,,0.0
reactive_power_minus,15.0,10.0,,,,,,,0.012464057814353264
reactive_power_minus,15.0,13.0,,,,,,,0.0
reactive_power_minus,15.0,14.0,,,,,,,0.010841971840839734
reactive_power_minus,15.0,15.0,,,,,,,0.0
reactive_power_minus,15.0,16.0,,,,,,,0.0
reactive_power_minus,15.0,17.0,,,,,,,0.013893843253128245
reactive_power_minus,16.0,3.0,,,,,,,0.040056239707455206
reactive_power_minus,16.0,5.0,,,,,,,0.01491864099150294
reactive_power_minus,16.0,6.0,,,,,,,0.0
reactive_power_minus,16.0,8.0,,,,,,,0.012700980823145643
reactive_power_minus,16.0,9.0,,,,,,,0.0
reactive_power_minus,16.0,10.0,,,,,,,0.01212237708217431
reactive_power_minus,16.0,13.0,,,,,,,0.0
reactive_power_minus,16.0,14.0,,,,,,,0.010715562869614115
reactive_power_minus,16.0,15.0,,,,,,,0.0
reactive_power_minus,16.0,16.0,,,,,,,0.0
reactive_power_minus,16.0,17.0,,,,,,,0.015625992637235093
reactive_power_minus,17.0,3.0,,,,,,,0.0
reactive_power_minus,17.0,5.0,,,,,,,0.00264001237029092
reactive_power_minus,17.0,6.0,,,,,,,0.0
reactive_power_minus,17.0,8.0,,,,,,,0.0
reactive_power_minus,17.0,9.0,,,,,,,0.0
reactive_power_minus,17.0,10.0,,,,,,,0.0
reactive_power_minus,17.0,13.0,,,,,,,0.0
reactive_power_minus,17.0,14.0,,,,,,,0.00447131838499391
reactive_power_minus,17.0,15.0,,,,,,,0.0
reactive_power_minus,17.0,16.0,,,,,,,0.0
reactive_power_minus,17.0,17.0,,,,,,,0.0
reactive_power_minus,18.0,3.0,,,,,,,0.0
reactive_power_minus,18.0,5.0,,,,,,,0.0
reactive_power_minus,18.0,6.0,,,,,,,0.0
reactive_power_minus,18.0,8.0,,,,,,,0.0
reactive_power_minus,18.0,9.0,,,,,,,0.0
reactive_power_minus,18.0,10.0,,,,,,,0.0
reactive_power_minus,18.0,13.0,,,,,,,0.0
reactive_power_minus,18.0,14.0,,,,,,,0.001977821825484451
reactive_power_minus,18.0,15.0,,,,,,,0.0
reactive_power_minus,18.0,16.0,,,,,,,0.0
reactive_power_minus,18.0,17.0,,,,,,,0.0
reactive_power_minus,19.0,3.0,,,,,,,0.0
reactive_power_minus,19.0,5.0,,,,,,,0.0009918284175854317
reactive_power_minus,19.0,6.0,,,,,,,0.0
reactive_power_minus,19.0,8.0,,,,,,,0.0
reactive_power_minus,19.0,9.0,,,,,,,0.0
reactive_power_minus,19.0,10.0,,,,,,,0.0011458834020185854
reactive_power_minus,19.0,13.0,,,,,,,0.0
reactive_power_minus,19.0,14.0,,,,,,,0.0036190204636912006
reactive_power_minus,19.0,15.0,,,,,,,0.0
reactive_power_minus,19.0,16.0,,,,,,,0.0
reactive_power_minus,19.0,17.0,,,,,,,0.0
reactive_power_minus,20.0,3.0,,,,,,,0.0
reactive_power_minus,20.0,5.0,,,,,,,0.000739385186990002
reactive_power_minus,20.0,6.0,,,,,,,0.0
reactive_power_minus,20.0,8.0,,,,,,,0.0
reactive_power_minus,20.0,9.0,,,,,,,0.0
reactive_power_minus,20.0,10.0,,,,,,,0.002697269813262293
reactive_power_minus,20.0,13.0,,,,,,,0.0
reactive_power_minus,20.0,14.0,,,,,,,0.0035237037933507666
reactive_power_minus,20.0,15.0,,,,,,,0.0
reactive_power_minus,20.0,16.0,,,,,,,0.0
reactive_power_minus,20.0,17.0,,,,,,,0.0
reactive_power_minus,21.0,3.0,,,,,,,0.0
reactive_power_minus,21.0,5.0,,,,,,,0.0010820760634683776
reactive_power_minus,21.0,6.0,,,,,,,0.0
reactive_power_minus,21.0,8.0,,,,,,,0.0
reactive_power_minus,21.0,9.0,,,,,,,0.0
reactive_power_minus,21.0,10.0,,,,,,,0.004347488650022824
reactive_power_minus,21.0,13.0,,,,,,,0.0
reactive_power_minus,21.0,14.0,,,,,,,0.0036176891310181064
reactive_power_minus,21.0,15.0,,,,,,,0.0
reactive_power_minus,21.0,16.0,,,,,,,0.0
reactive_power_minus,21.0,17.0,,,,,,,0.0
reactive_power_minus,22.0,3.0,,,,,,,0.0
reactive_power_minus,22.0,5.0,,,,,,,3.686165290875745e-05
reactive_power_minus,22.0,6.0,,,,,,,0.00013046120493854713
reactive_power_minus,22.0,8.0,,,,,,,0.0
reactive_power_minus,22.0,9.0,,,,,,,0.0
reactive_power_minus,22.0,10.0,,,,,,,0.002695095632073416
reactive_power_minus,22.0,13.0,,,,,,,0.0
reactive_power_minus,22.0,14.0,,,,,,,0.002953553904276346
reactive_power_minus,22.0,15.0,,,,,,,0.0
reactive_power_minus,22.0,16.0,,,,,,,0.0
reactive_power_minus,22.0,17.0,,,,,,,0.0
reactive_power_minus,23.0,3.0,,,,,,,0.0
reactive_power_minus,23.0,5.0,,,,,,,0.00039960335650591
reactive_power_minus,23.0,6.0,,,,,,,0.0006996115734474238
reactive_power_minus,23.0,8.0,,,,,,,0.0
reactive_power_minus,23.0,9.0,,,,,,,0.0
reactive_power_minus,23.0,10.0,,,,,,,0.006466678496001715
reactive_power_minus,23.0,13.0,,,,,,,0.0
reactive_power_minus,23.0,14.0,,,,,,,0.0025728890853920897
reactive_power_minus,23.0,15.0,,,,,,,0.0
reactive_power_minus,23.0,16.0,,,,,,,0.0
reactive_power_minus,23.0,17.0,,,,,,,0.0
reactive_power_minus,24.0,3.0,,,,,,,0.0
reactive_power_minus,24.0,5.0,,,,,,,0.0
reactive_power_minus,24.0,6.0,,,,,,,0.0002879981388585557
reactive_power_minus,24.0,8.0,,,,,,,0.0
reactive_power_minus,24.0,9.0,,,,,,,0.0
reactive_power_minus,24.0,10.0,,,,,,,0.0010683975925338148
reactive_power_minus,24.0,13.0,,,,,,,0.0
reactive_power_minus,24.0,14.0,,,,,,,0.0011670146899521998
reactive_power_minus,24.0,15.0,,,,,,,0.0
reactive_power_minus,24.0,16.0,,,,,,,0.0
reactive_power_minus,24.0,17.0,,,,,,,0.0
active_power_discr,1.0,3.0,,,,,,1.0,0.0075778699824844125
active_power_discr,1.0,3.0,,,,,,2.0,0.013320281329628255
active_power_discr,1.0,3.0,,,,,,3.0,0.023414217334232015
active_power_discr,1.0,3.0,,,,,,4.0,0.041157206804276286
active_power_discr,1.0,3.0,,,,,,5.0,0.07234560300477912
active_power_discr,1.0,3.0,,,,,,6.0,0.04318182882193383
active_power_discr,1.0,3.0,,,,,,7.0,0.0
active_power_discr,1.0,3.0,,,,,,8.0,0.0
active_power_discr,1.0,3.0,,,,,,9.0,0.0
active_power_discr,1.0,3.0,,,,,,10.0,0.0
active_power_discr,1.0,3.0,,,,,,11.0,0.0
active_power_discr,1.0,3.0,,,,,,12.0,0.0
active_power_discr,1.0,3.0,,,,,,13.0,0.0
active_power_discr,1.0,3.0,,,,,,14.0,0.0
active_power_discr,1.0,3.0,,,,,,15.0,0.0
active_power_discr,1.0,5.0,,,,,,1.0,0.0075778699824844125
active_power_discr,1.0,5.0,,,,,,2.0,0.013320281329628255
active_power_discr,1.0,5.0,,,,,,3.0,0.015465437703406068
active_power_discr,1.0,5.0,,,,,,4.0,0.0
active_power_discr,1.0,5.0,,,,,,5.0,0.0
active_power_discr,1.0,5.0,,,,,,6.0,0.0
active_power_discr,1.0,5.0,,,,,,7.0,0.0
active_power_discr,1.0,5.0,,,,,,8.0,0.0
active_power_discr,1.0,5.0,,,,,,9.0,0.0
active_power_discr,1.0,5.0,,,,,,10.0,0.0
active_power_discr,1.0,5.0,,,,,,11.0,0.0
active_power_discr,1.0,5.0,,,,,,12.0,0.0
active_power_discr,1.0,5.0,,,,,,13.0,0.0
active_power_discr,1.0,5.0,,,,,,14.0,0.0
active_power_discr,1.0,5.0,,,,,,15.0,0.0
active_power_discr,1.0,6.0,,,,,,1.0,0.0006828712185771967
active_power_discr,1.0,6.0,,,,,,2.0,0.0
active_power_discr,1.0,6.0,,,,,,3.0,0.0
active_power_discr,1.0,6.0,,,,,,4.0,0.0
active_power_discr,1.0,6.0,,,,,,5.0,0.0
active_power_discr,1.0,6.0,,,,,,6.0,0.0
active_power_discr,1.0,6.0,,,,,,7.0,0.0
active_power_discr,1.0,6.0,,,,,,8.0,0.0
active_power_discr,1.0,6.0,,,,,,9.0,0.0
active_power_discr,1.0,6.0,,,,,,10.0,0.0
active_power_discr,1.0,6.0,,,,,,11.0,0.0
active_power_discr,1.0,6.0,,,,,,12.0,0.0
active_power_discr,1.0,6.0,,,,,,13.0,0.0
active_power_discr,1.0,6.0,,,,,,14.0,0.0
active_power_discr,1.0,6.0,,,,,,15.0,0.0
active_power_discr,1.0,8.0,,,,,,1.0,0.0075778699824844125
active_power_discr,1.0,8.0,,,,,,2.0,0.013320281329628255
active_power_discr,1.0,8.0,,,,,,3.0,0.01545553595981193
active_power_discr,1.0,8.0,,,,,,4.0,0.0
active_power_discr,1.0,8.0,,,,,,5.0,0.0
active_power_discr,1.0,8.0,,,,,,6.0,0.0
active_power_discr,1.0,8.0,,,,,,7.0,0.0
active_power_discr,1.0,8.0,,,,,,8.0,0.0
active_power_discr,1.0,8.0,,,,,,9.0,0.0
active_power_discr,1.0,8.0,,,,,,10.0,0.0
active_power_discr,1.0,8.0,,,,,,11.0,0.0
active_power_discr,1.0,8.0,,,,,,12.0,0.0
active_power_discr,1.0,8.0,,,,,,13.0,0.0
active_power_discr,1.0,8.0,,,,,,14.0,0.0
active_power_discr,1.0,8.0,,,,,,15.0,0.0
active_power_discr,1.0,9.0,,,,,,1.0,0.0075778699824844125
active_power_discr,1.0,9.0,,,,,,2.0,0.013320281329628255
active_power_discr,1.0,9.0,,,,,,3.0,0.023414217334232015
active_power_discr,1.0,9.0,,,,,,4.0,0.041157206804276286
active_power_discr,1.0,9.0,,,,,,5.0,0.07234560300477912
active_power_discr,1.0,9.0,,,,,,6.0,0.039886743624157756
active_power_discr,1.0,9.0,,,,,,7.0,0.0
active_power_discr,1.0,9.0,,,,,,8.0,0.0
active_power_discr,1.0,9.0,,,,,,9.0,0.0
active_power_discr,1.0,9.0,,,,,,10.0,0.0
active_power_discr,1.0,9.0,,,,,,11.0,0.0
active_power_discr,1.0,9.0,,,,,,12.0,0.0
active_power_discr,1.0,9.0,,,,,,13.0,0.0
active_power_discr,1.0,9.0,,,,,,14.0,0.0
active_power_discr,1.0,9.0,,,,,,15.0,0.0
active_power_discr,1.0,10.0,,,,,,1.0,0.0026144466568566614
active_power_discr,1.0,10.0,,,,,,2.0,0.0
active_power_discr,1.0,10.0,,,,,,3.0,0.0
active_power_discr,1.0,10.0,,,,,,4.0,0.0
active_power_discr,1.0,10.0,,,,,,5.0,0.0
active_power_discr,1.0,10.0,,,,,,6.0,0.0
active_power_discr,1.0,10.0,,,,,,7.0,0.0
active_power_discr,1.0,10.0,,,,,,8.0,0.0
active_power_discr,1.0,10.0,,,,,,9.0,0.0
active_power_discr,1.0,10.0,,,,,,10.0,0.0
active_power_discr,1.0,10.0,,,,,,11.0,0.0
active_power_discr,1.0,10.0,,,,,,12.0,0.0
active_power_discr,1.0,10.0,,,,,,13.0,0.0
active_power_discr,1.0,10.0,,,,,,14.0,0.0
active_power_discr,1.0,10.0,,,,,,15.0,0.0
active_power_discr,1.0,13.0,,,,,,1.0,0.0075778699824844125
active_power_discr,1.0,13.0,,,,,,2.0,0.013320281329628255
active_power_discr,1.0,13.0,,,,,,3.0,0.023414217334232015
active_power_discr,1.0,13.0,,,,,,4.0,0.041157206804276286
active_power_discr,1.0,13.0,,,,,,5.0,0.07234560300477912
active_power_discr,1.0,13.0,,,,,,6.0,0.043206707008836394
active_power_discr,1.0,13.0,,,,,,7.0,0.0
active_power_discr,1.0,13.0,,,,,,8.0,0.0
active_power_discr,1.0,13.0,,,,,,9.0,0.0
active_power_discr,1.0,13.0,,,,,,10.0,0.0
active_power_discr,1.0,13.0,,,,,,11.0,0.0
active_power_discr,1.0,13.0,,,,,,12.0,0.0
active_power_discr,1.0,13.0,,,,,,13.0,0.0
active_power_discr,1.0,13.0,,,,,,14.0,0.0
active_power_discr,1.0,13.0,,,,,,15.0,0.0
active_power_discr,1.0,14.0,,,,,,1.0,0.0075778699824844125
active_power_discr,1.0,14.0,,,,,,2.0,0.0051403404113426615
active_power_discr,1.0,14.0,,,,,,3.0,0.0
active_power_discr,1.0,14.0,,,,,,4.0,0.0
active_power_discr,1.0,14.0,,,,,,5.0,0.0
active_power_discr,1.0,14.0,,,,,,6.0,0.0
active_power_discr,1.0,14.0,,,,,,7.0,0.0
active_power_discr,1.0,14.0,,,,,,8.0,0.0
active_power_discr,1.0,14.0,,,,,,9.0,0.0
active_power_discr,1.0,14.0,,,,,,10.0,0.0
active_power_discr,1.0,14.0,,,,,,11.0,0.0
active_power_discr,1.0,14.0,,,,,,12.0,0.0
active_power_discr,1.0,14.0,,,,,,13.0,0.0
active_power_discr,1.0,14.0,,,,,,14.0,0.0
active_power_discr,1.0,14.0,,,,,,15.0,0.0
active_power_discr,1.0,15.0,,,,,,1.0,0.003811904963134563
active_power_discr,1.0,15.0,,,,,,2.0,0.005264966907931571
active_power_discr,1.0,15.0,,,,,,3.0,0.007080322472011466
active_power_discr,1.0,15.0,,,,,,4.0,0.0
active_power_discr,1.0,15.0,,,,,,5.0,0.0
active_power_discr,1.0,15.0,,,,,,6.0,0.0
active_power_discr,1.0,15.0,,,,,,7.0,0.0
active_power_discr,1.0,15.0,,,,,,8.0,0.0
active_power_discr,1.0,15.0,,,,,,9.0,0.0
active_power_discr,1.0,15.0,,,,,,10.0,0.0
active_power_discr,1.0,15.0,,,,,,11.0,0.0
active_power_discr,1.0,15.0,,,,,,12.0,0.0
active_power_discr,1.0,15.0,,,,,,13.0,0.0
active_power_discr,1.0,15.0,,,,,,14.0,0.0
active_power_discr,1.0,15.0,,,,,,15.0,0.0
active_power_discr,1.0,16.0,,,,,,1.0,0.001647542598888035
active_power_discr,1.0,16.0,,,,,,2.0,0.0
active_power_discr,1.0,16.0,,,,,,3.0,0.0
active_power_discr,1.0,16.0,,,,,,4.0,0.0
active_power_discr,1.0,16.0,,,,,,5.0,0.0
active_power_discr,1.0,16.0,,,,,,6.0,0.0
active_power_discr,1.0,16.0,,,,,,7.0,0.0
active_power_discr,1.0,16.0,,,,,,8.0,0.0
active_power_discr,1.0,16.0,,,,,,9.0,0.0
active_power_discr,1.0,16.0,,,,,,10.0,0.0
active_power_discr,1.0,16.0,,,,,,11.0,0.0
active_power_discr,1.0,16.0,,,,,,12.0,0.0
active_power_discr,1.0,16.0,,,,,,13.0,0.0
active_power_discr,1.0,16.0,,,,,,14.0,0.0
active_power_discr,1.0,16.0,,,,,,15.0,0.0
active_power_discr,1.0,17.0,,,,,,1.0,0.0075778699824844125
active_power_discr,1.0,17.0,,,,,,2.0,0.013320281329628255
active_power_discr,1.0,17.0,,,,,,3.0,0.023414217334232015
active_power_discr,1.0,17.0,,,,,,4.0,0.041157206804276286
active_power_discr,1.0,17.0,,,,,,5.0,0.026793692824830184
active_power_discr,1.0,17.0,,,,,,6.0,0.0
active_power_discr,1.0,17.0,,,,,,7.0,0.0
active_power_discr,1.0,17.0,,,,,,8.0,0.0
active_power_discr,1.0,17.0,,,,,,9.0,0.0
active_power_discr,1.0,17.0,,,,,,10.0,0.0
active_power_discr,1.0,17.0,,,,,,11.0,0.0
active_power_discr,1.0,17.0,,,,,,12.0,0.0
active_power_discr,1.0,17.0,,,,,,13.0,0.0
active_power_discr,1.0,17.0,,,,,,14.0,0.0
active_power_discr,1.0,17.0,,,,,,15.0,0.0
active_power_discr,2.0,3.0,,,,,,1.0,0.0075778699824844125
active_power_discr,2.0,3.0,,,,,,2.0,0.013320281329628255
active_power_discr,2.0,3.0,,,,,,3.0,0.023414217334232015
active_power_discr,2.0,3.0,,,,,,4.0,0.041157206804276286
active_power_discr,2.0,3.0,,,,,,5.0,0.07234560300477912
active_power_discr,2.0,3.0,,,,,,6.0,0.04318185394096333
active_power_discr,2.0,3.0,,,,,,7.0,0.0
active_power_discr,2.0,3.0,,,,,,8.0,0.0
active_power_discr,2.0,3.0,,,,,,9.0,0.0
active_power_discr,2.0,3.0,,,,,,10.0,0.0
active_power_discr,2.0,3.0,,,,,,11.0,0.0
active_power_discr,2.0,3.0,,,,,,12.0,0.0
active_power_discr,2.0,3.0,,,,,,13.0,0.0
active_power_discr,2.0,3.0,,,,,,14.0,0.0
active_power_discr,2.0,3.0,,,,,,15.0,0.0
active_power_discr,2.0,5.0,,,,,,1.0,0.0075778699824844125
active_power_discr,2.0,5.0,,,,,,2.0,0.013320281329628255
active_power_discr,2.0,5.0,,,,,,3.0,0.015465437703406068
active_power_discr,2.0,5.0,,,,,,4.0,0.0
active_power_discr,2.0,5.0,,,,,,5.0,0.0
active_power_discr,2.0,5.0,,,,,,6.0,0.0
active_power_discr,2.0,5.0,,,,,,7.0,0.0
active_power_discr,2.0,5.0,,,,,,8.0,0.0
active_power_discr,2.0,5.0,,,,,,9.0,0.0
active_power_discr,2.0,5.0,,,,,,10.0,0.0
active_power_discr,2.0,5.0,,,,,,11.0,0.0
active_power_discr,2.0,5.0,,,,,,12.0,0.0
active_power_discr,2.0,5.0,,,,,,13.0,0.0
active_power_discr,2.0,5.0,,,,,,14.0,0.0
active_power_discr,2.0,5.0,,,,,,15.0,0.0
active_power_discr,2.0,6.0,,,,,,1.0,0.0006828448714661791
active_power_discr,2.0,6.0,,,,,,2.0,0.0
active_power_discr,2.0,6.0,,,,,,3.0,0.0
active_power_discr,2.0,6.0,,,,,,4.0,0.0
active_power_discr,2.0,6.0,,,,,,5.0,0.0
active_power_discr,2.0,6.0,,,,,,6.0,0.0
active_power_discr,2.0,6.0,,,,,,7.0,0.0
active_power_discr,2.0,6.0,,,,,,8.0,0.0
active_power_discr,2.0,6.0,,,,,,9.0,0.0
active_power_discr,2.0,6.0,,,,,,10.0,0.0
active_power_discr,2.0,6.0,,,,,,11.0,0.0
active_power_discr,2.0,6.0,,,,,,12.0,0.0
active_power_discr,2.0,6.0,,,,,,13.0,0.0
active_power_discr,2.0,6.0,,,,,,14.0,0.0
active_power_discr,2.0,6.0,,,,,,15.0,0.0
active_power_discr,2.0,8.0,,,,,,1.0,0.0075778699824844125
active_power_discr,2.0,8.0,,,,,,2.0,0.013320281329628255
active_power_discr,2.0,8.0,,,,,,3.0,0.01545553595981193
active_power_discr,2.0,8.0,,,,,,4.0,0.0
active_power_discr,2.0,8.0,,,,,,5.0,0.0
active_power_discr,2.0,8.0,,,,,,6.0,0.0
active_power_discr,2.0,8.0,,,,,,7.0,0.0
active_power_discr,2.0,8.0,,,,,,8.0,0.0
active_power_discr,2.0,8.0,,,,,,9.0,0.0
active_power_discr,2.0,8.0,,,,,,10.0,0.0
active_power_discr,2.0,8.0,,,,,,11.0,0.0
active_power_discr,2.0,8.0,,,,,,12.0,0.0
active_power_discr,2.0,8.0,,,,,,13.0,0.0
active_power_discr,2.0,8.0,,,,,,14.0,0.0
active_power_discr,2.0,8.0,,,,,,15.0,0.0
active_power_discr,2.0,9.0,,,,,,1.0,0.0075778699824844125
active_power_discr,2.0,9.0,,,,,,2.0,0.013320281329628255
active_power_discr,2.0,9.0,,,,,,3.0,0.023414217334232015
active_power_discr,2.0,9.0,,,,,,4.0,0.041157206804276286
active_power_discr,2.0,9.0,,,,,,5.0,0.07234560300477912
active_power_discr,2.0,9.0,,,,,,6.0,0.03988676874318725
active_power_discr,2.0,9.0,,,,,,7.0,0.0
active_power_discr,2.0,9.0,,,,,,8.0,0.0
active_power_discr,2.0,9.0,,,,,,9.0,0.0
active_power_discr,2.0,9.0,,,,,,10.0,0.0
active_power_discr,2.0,9.0,,,,,,11.0,0.0
active_power_discr,2.0,9.0,,,,,,12.0,0.0
active_power_discr,2.0,9.0,,,,,,13.0,0.0
active_power_discr,2.0,9.0,,,,,,14.0,0.0
active_power_discr,2.0,9.0,,,,,,15.0,0.0
active_power_discr,2.0,10.0,,,,,,1.0,0.0026144466568566614
active_power_discr,2.0,10.0,,,,,,2.0,0.0
active_power_discr,2.0,10.0,,,,,,3.0,0.0
active_power_discr,2.0,10.0,,,,,,4.0,0.0
active_power_discr,2.0,10.0,,,,,,5.0,0.0
active_power_discr,2.0,10.0,,,,,,6.0,0.0
active_power_discr,2.0,10.0,,,,,,7.0,0.0
active_power_discr,2.0,10.0,,,,,,8.0,0.0
active_power_discr,2.0,10.0,,,,,,9.0,0.0
active_power_discr,2.0,10.0,,,,,,10.0,0.0
active_power_discr,2.0,10.0,,,,,,11.0,0.0
active_power_discr,2.0,10.0,,,,,,12.0,0.0
active_power_discr,2.0,10.0,,,,,,13.0,0.0
active_power_discr,2.0,10.0,,,,,,14.0,0.0
active_power_discr,2.0,10.0,,,,,,15.0,0.0
active_power_discr,2.0,13.0,,,,,,1.0,0.0075778699824844125
active_power_discr,2.0,13.0,,,,,,2.0,0.013320281329628255
active_power_discr,2.0,13.0,,,,,,3.0,0.023414217334232015
active_power_discr,2.0,13.0,,,,,,4.0,0.041157206804276286
active_power_discr,2.0,13.0,,,,,,5.0,0.07234560300477912
active_power_discr,2.0,13.0,,,,,,6.0,0.043206732134151
active_power_discr,2.0,13.0,,,,,,7.0,0.0
active_power_discr,2.0,13.0,,,,,,8.0,0.0
active_power_discr,2.0,13.0,,,,,,9.0,0.0
active_power_discr,2.0,13.0,,,,,,10.0,0.0
active_power_discr,2.0,13.0,,,,,,11.0,0.0
active_power_discr,2.0,13.0,,,,,,12.0,0.0
active_power_discr,2.0,13.0,,,,,,13.0,0.0
active_power_discr,2.0,13.0,,,,,,14.0,0.0
active_power_discr,2.0,13.0,,,,,,15.0,0.0
active_power_discr,2.0,14.0,,,,,,1.0,0.0075778699824844125
active_power_discr,2.0,14.0,,,,,,2.0,0.005140365503450813
active_power_discr,2.0,14.0,,,,,,3.0,0.0
active_power_discr,2.0,14.0,,,,,,4.0,0.0
active_power_discr,2.0,14.0,,,,,,5.0,0.0
active_power_discr,2.0,14.0,,,,,,6.0,0.0
active_power_discr,2.0,14.0,,,,,,7.0,0.0
active_power_discr,2.0,14.0,,,,,,8.0,0.0
active_power_discr,2.0,14.0,,,,,,9.0,0.0
active_power_discr,2.0,14.0,,,,,,10.0,0.0
active_power_discr,2.0,14.0,,,,,,11.0,0.0
active_power_discr,2.0,14.0,,,,,,12.0,0.0
active_power_discr,2.0,14.0,,,,,,13.0,0.0
active_power_discr,2.0,14.0,,,,,,14.0,0.0
active_power_discr,2.0,14.0,,,,,,15.0,0.0
active_power_discr,2.0,15.0,,,,,,1.0,0.003811904963134563
active_power_discr,2.0,15.0,,,,,,2.0,0.005264966907931571
active_power_discr,2.0,15.0,,,,,,3.0,0.007080322472011466
active_power_discr,2.0,15.0,,,,,,4.0,0.0
active_power_discr,2.0,15.0,,,,,,5.0,0.0
active_power_discr,2.0,15.0,,,,,,6.0,0.0
active_power_discr,2.0,15.0,,,,,,7.0,0.0
active_power_discr,2.0,15.0,,,,,,8.0,0.0
active_power_discr,2.0,15.0,,,,,,9.0,0.0
active_power_discr,2.0,15.0,,,,,,10.0,0.0
active_power_discr,2.0,15.0,,,,,,11.0,0.0
active_power_discr,2.0,15.0,,,,,,12.0,0.0
active_power_discr,2.0,15.0,,,,,,13.0,0.0
active_power_discr,2.0,15.0,,,,,,14.0,0.0
active_power_discr,2.0,15.0,,,,,,15.0,0.0
active_power_discr,2.0,16.0,,,,,,1.0,0.001647542598888035
active_power_discr,2.0,16.0,,,,,,2.0,0.0
active_power_discr,2.0,16.0,,,,,,3.0,0.0
active_power_discr,2.0,16.0,,,,,,4.0,0.0
active_power_discr,2.0,16.0,,,,,,5.0,0.0
active_power_discr,2.0,16.0,,,,,,6.0,0.0
active_power_discr,2.0,16.0,,,,,,7.0,0.0
active_power_discr,2.0,16.0,,,,,,8.0,0.0
active_power_discr,2.0,16.0,,,,,,9.0,0.0
active_power_discr,2.0,16.0,,,,,,10.0,0.0
active_power_discr,2.0,16.0,,,,,,11.0,0.0
active_power_discr,2.0,16.0,,,,,,12.0,0.0
active_power_discr,2.0,16.0,,,,,,13.0,0.0
active_power_discr,2.0,16.0,,,,,,14.0,0.0
active_power_discr,2.0,16.0,,,,,,15.0,0.0
active_power_discr,2.0,17.0,,,,,,1.0,0.0075778699824844125
active_power_discr,2.0,17.0,,,,,,2.0,0.013320281329628255
active_power_discr,2.0,17.0,,,,,,3.0,0.023414217334232015
active_power_discr,2.0,17.0,,,,,,4.0,0.041157206804276286
active_power_discr,2.0,17.0,,,,,,5.0,0.026793692824830184
active_power_discr,2.0,17.0,,,,,,6.0,0.0
active_power_discr,2.0,17.0,,,,,,7.0,0.0
active_power_discr,2.0,17.0,,,,,,8.0,0.0
active_power_discr,2.0,17.0,,,,,,9.0,0.0
active_power_discr,2.0,17.0,,,,,,10.0,0.0
active_power_discr,2.0,17.0,,,,,,11.0,0.0
active_power_discr,2.0,17.0,,,,,,12.0,0.0
active_power_discr,2.0,17.0,,,,,,13.0,0.0
active_power_discr,2.0,17.0,,,,,,14.0,0.0
active_power_discr,2.0,17.0,,,,,,15.0,0.0
active_power_discr,3.0,3.0,,,,,,1.0,0.0075778699824844125
active_power_discr,3.0,3.0,,,,,,2.0,0.013320281329628255
active_power_discr,3.0,3.0,,,,,,3.0,0.023414217334232015
active_power_discr,3.0,3.0,,,,,,4.0,0.041157206804276286
active_power_discr,3.0,3.0,,,,,,5.0,0.07234560300477912
active_power_discr,3.0,3.0,,,,,,6.0,0.043181841599324755
active_power_discr,3.0,3.0,,,,,,7.0,0.0
active_power_discr,3.0,3.0,,,,,,8.0,0.0
active_power_discr,3.0,3.0,,,,,,9.0,0.0
active_power_discr,3.0,3.0,,,,,,10.0,0.0
active_power_discr,3.0,3.0,,,,,,11.0,0.0
active_power_discr,3.0,3.0,,,,,,12.0,0.0
active_power_discr,3.0,3.0,,,,,,13.0,0.0
active_power_discr,3.0,3.0,,,,,,14.0,0.0
active_power_discr,3.0,3.0,,,,,,15.0,0.0
active_power_discr,3.0,5.0,,,,,,1.0,0.0075778699824844125
active_power_discr,3.0,5.0,,,,,,2.0,0.013320281329628255
active_power_discr,3.0,5.0,,,,,,3.0,0.015465437703406068
active_power_discr,3.0,5.0,,,,,,4.0,0.0
active_power_discr,3.0,5.0,,,,,,5.0,0.0
active_power_discr,3.0,5.0,,,,,,6.0,0.0
active_power_discr,3.0,5.0,,,,,,7.0,0.0
active_power_discr,3.0,5.0,,,,,,8.0,0.0
active_power_discr,3.0,5.0,,,,,,9.0,0.0
active_power_discr,3.0,5.0,,,,,,10.0,0.0
active_power_discr,3.0,5.0,,,,,,11.0,0.0
active_power_discr,3.0,5.0,,,,,,12.0,0.0
active_power_discr,3.0,5.0,,,,,,13.0,0.0
active_power_discr,3.0,5.0,,,,,,14.0,0.0
active_power_discr,3.0,5.0,,,,,,15.0,0.0
active_power_discr,3.0,6.0,,,,,,1.0,0.0006828362637452502
active_power_discr,3.0,6.0,,,,,,2.0,0.0
active_power_discr,3.0,6.0,,,,,,3.0,0.0
active_power_discr,3.0,6.0,,,,,,4.0,0.0
active_power_discr,3.0,6.0,,,,,,5.0,0.0
active_power_discr,3.0,6.0,,,,,,6.0,0.0
active_power_discr,3.0,6.0,,,,,,7.0,0.0
active_power_discr,3.0,6.0,,,,,,8.0,0.0
active_power_discr,3.0,6.0,,,,,,9.0,0.0
active_power_discr,3.0,6.0,,,,,,10.0,0.0
active_power_discr,3.0,6.0,,,,,,11.0,0.0
active_power_discr,3.0,6.0,,,,,,12.0,0.0
active_power_discr,3.0,6.0,,,,,,13.0,0.0
active_power_discr,3.0,6.0,,,,,,14.0,0.0
active_power_discr,3.0,6.0,,,,,,15.0,0.0
active_power_discr,3.0,8.0,,,,,,1.0,0.0075778699824844125
active_power_discr,3.0,8.0,,,,,,2.0,0.013320281329628255
active_power_discr,3.0,8.0,,,,,,3.0,0.01545553595981193
active_power_discr,3.0,8.0,,,,,,4.0,0.0
active_power_discr,3.0,8.0,,,,,,5.0,0.0
active_power_discr,3.0,8.0,,,,,,6.0,0.0
active_power_discr,3.0,8.0,,,,,,7.0,0.0
active_power_discr,3.0,8.0,,,,,,8.0,0.0
active_power_discr,3.0,8.0,,,,,,9.0,0.0
active_power_discr,3.0,8.0,,,,,,10.0,0.0
active_power_discr,3.0,8.0,,,,,,11.0,0.0
active_power_discr,3.0,8.0,,,,,,12.0,0.0
active_power_discr,3.0,8.0,,,,,,13.0,0.0
active_power_discr,3.0,8.0,,,,,,14.0,0.0
active_power_discr,3.0,8.0,,,,,,15.0,0.0
active_power_discr,3.0,9.0,,,,,,1.0,0.0075778699824844125
active_power_discr,3.0,9.0,,,,,,2.0,0.013320281329628255
active_power_discr,3.0,9.0,,,,,,3.0,0.023414217334232015
active_power_discr,3.0,9.0,,,,,,4.0,0.041157206804276286
active_power_discr,3.0,9.0,,,,,,5.0,0.07234560300477912
active_power_discr,3.0,9.0,,,,,,6.0,0.03988675640154868
active_power_discr,3.0,9.0,,,,,,7.0,0.0
active_power_discr,3.0,9.0,,,,,,8.0,0.0
active_power_discr,3.0,9.0,,,,,,9.0,0.0
active_power_discr,3.0,9.0,,,,,,10.0,0.0
active_power_discr,3.0,9.0,,,,,,11.0,0.0
active_power_discr,3.0,9.0,,,,,,12.0,0.0
active_power_discr,3.0,9.0,,,,,,13.0,0.0
active_power_discr,3.0,9.0,,,,,,14.0,0.0
active_power_discr,3.0,9.0,,,,,,15.0,0.0
active_power_discr,3.0,10.0,,,,,,1.0,0.002614442933707971
active_power_discr,3.0,10.0,,,,,,2.0,0.0
active_power_discr,3.0,10.0,,,,,,3.0,0.0
active_power_discr,3.0,10.0,,,,,,4.0,0.0
active_power_discr,3.0,10.0,,,,,,5.0,0.0
active_power_discr,3.0,10.0,,,,,,6.0,0.0
active_power_discr,3.0,10.0,,,,,,7.0,0.0
active_power_discr,3.0,10.0,,,,,,8.0,0.0
active_power_discr,3.0,10.0,,,,,,9.0,0.0
active_power_discr,3.0,10.0,,,,,,10.0,0.0
active_power_discr,3.0,10.0,,,,,,11.0,0.0
active_power_discr,3.0,10.0,,,,,,12.0,0.0
active_power_discr,3.0,10.0,,,,,,13.0,0.0
active_power_discr,3.0,10.0,,,,,,14.0,0.0
active_power_discr,3.0,10.0,,,,,,15.0,0.0
active_power_discr,3.0,13.0,,,,,,1.0,0.0075778699824844125
active_power_discr,3.0,13.0,,,,,,2.0,0.013320281329628255
active_power_discr,3.0,13.0,,,,,,3.0,0.023414217334232015
active_power_discr,3.0,13.0,,,,,,4.0,0.041157206804276286
active_power_discr,3.0,13.0,,,,,,5.0,0.07234560300477912
active_power_discr,3.0,13.0,,,,,,6.0,0.04320671978942439
active_power_discr,3.0,13.0,,,,,,7.0,0.0
active_power_discr,3.0,13.0,,,,,,8.0,0.0
active_power_discr,3.0,13.0,,,,,,9.0,0.0
active_power_discr,3.0,13.0,,,,,,10.0,0.0
active_power_discr,3.0,13.0,,,,,,11.0,0.0
active_power_discr,3.0,13.0,,,,,,12.0,0.0
active_power_discr,3.0,13.0,,,,,,13.0,0.0
active_power_discr,3.0,13.0,,,,,,14.0,0.0
active_power_discr,3.0,13.0,,,,,,15.0,0.0
active_power_discr,3.0,14.0,,,,,,1.0,0.0075778699824844125
active_power_discr,3.0,14.0,,,,,,2.0,0.005140356895729885
active_power_discr,3.0,14.0,,,,,,3.0,0.0
active_power_discr,3.0,14.0,,,,,,4.0,0.0
active_power_discr,3.0,14.0,,,,,,5.0,0.0
active_power_discr,3.0,14.0,,,,,,6.0,0.0
active_power_discr,3.0,14.0,,,,,,7.0,0.0
active_power_discr,3.0,14.0,,,,,,8.0,0.0
active_power_discr,3.0,14.0,,,,,,9.0,0.0
active_power_discr,3.0,14.0,,,,,,10.0,0.0
active_power_discr,3.0,14.0,,,,,,11.0,0.0
active_power_discr,3.0,14.0,,,,,,12.0,0.0
active_power_discr,3.0,14.0,,,,,,13.0,0.0
active_power_discr,3.0,14.0,,,,,,14.0,0.0
active_power_discr,3.0,14.0,,,,,,15.0,0.0
active_power_discr,3.0,15.0,,,,,,1.0,0.003811904963134563
active_power_discr,3.0,15.0,,,,,,2.0,0.005264966907931571
active_power_discr,3.0,15.0,,,,,,3.0,0.007080322472011466
active_power_discr,3.0,15.0,,,,,,4.0,0.0
active_power_discr,3.0,15.0,,,,,,5.0,0.0
active_power_discr,3.0,15.0,,,,,,6.0,0.0
active_power_discr,3.0,15.0,,,,,,7.0,0.0
active_power_discr,3.0,15.0,,,,,,8.0,0.0
active_power_discr,3.0,15.0,,,,,,9.0,0.0
active_power_discr,3.0,15.0,,,,,,10.0,0.0
active_power_discr,3.0,15.0,,,,,,11.0,0.0
active_power_discr,3.0,15.0,,,,,,12.0,0.0
active_power_discr,3.0,15.0,,,,,,13.0,0.0
active_power_discr,3.0,15.0,,,,,,14.0,0.0
active_power_discr,3.0,15.0,,,,,,15.0,0.0
active_power_discr,3.0,16.0,,,,,,1.0,0.001647542598888035
active_power_discr,3.0,16.0,,,,,,2.0,0.0
active_power_discr,3.0,16.0,,,,,,3.0,0.0
active_power_discr,3.0,16.0,,,,,,4.0,0.0
active_power_discr,3.0,16.0,,,,,,5.0,0.0
active_power_discr,3.0,16.0,,,,,,6.0,0.0
active_power_discr,3.0,16.0,,,,,,7.0,0.0
active_power_discr,3.0,16.0,,,,,,8.0,0.0
active_power_discr,3.0,16.0,,,,,,9.0,0.0
active_power_discr,3.0,16.0,,,,,,10.0,0.0
active_power_discr,3.0,16.0,,,,,,11.0,0.0
active_power_discr,3.0,16.0,,,,,,12.0,0.0
active_power_discr,3.0,16.0,,,,,,13.0,0.0
active_power_discr,3.0,16.0,,,,,,14.0,0.0
active_power_discr,3.0,16.0,,,,,,15.0,0.0
active_power_discr,3.0,17.0,,,,,,1.0,0.0075778699824844125
active_power_discr,3.0,17.0,,,,,,2.0,0.013320281329628255
active_power_discr,3.0,17.0,,,,,,3.0,0.023414217334232015
active_power_discr,3.0,17.0,,,,,,4.0,0.041157206804276286
active_power_discr,3.0,17.0,,,,,,5.0,0.026793689101681492
active_power_discr,3.0,17.0,,,,,,6.0,0.0
active_power_discr,3.0,17.0,,,,,,7.0,0.0
active_power_discr,3.0,17.0,,,,,,8.0,0.0
active_power_discr,3.0,17.0,,,,,,9.0,0.0
active_power_discr,3.0,17.0,,,,,,10.0,0.0
active_power_discr,3.0,17.0,,,,,,11.0,0.0
active_power_discr,3.0,17.0,,,,,,12.0,0.0
active_power_discr,3.0,17.0,,,,,,13.0,0.0
active_power_discr,3.0,17.0,,,,,,14.0,0.0
active_power_discr,3.0,17.0,,,,,,15.0,0.0
active_power_discr,4.0,3.0,,,,,,1.0,0.0075778699824844125
active_power_discr,4.0,3.0,,,,,,2.0,0.013320281329628255
active_power_discr,4.0,3.0,,,,,,3.0,0.023414217334232015
active_power_discr,4.0,3.0,,,,,,4.0,0.041157206804276286
active_power_discr,4.0,3.0,,,,,,5.0,0.07234560300477912
active_power_discr,4.0,3.0,,,,,,6.0,0.04318184170768183
active_power_discr,4.0,3.0,,,,,,7.0,0.0
active_power_discr,4.0,3.0,,,,,,8.0,0.0
active_power_discr,4.0,3.0,,,,,,9.0,0.0
active_power_discr,4.0,3.0,,,,,,10.0,0.0
active_power_discr,4.0,3.0,,,,,,11.0,0.0
active_power_discr,4.0,3.0,,,,,,12.0,0.0
active_power_discr,4.0,3.0,,,,,,13.0,0.0
active_power_discr,4.0,3.0,,,,,,14.0,0.0
active_power_discr,4.0,3.0,,,,,,15.0,0.0
active_power_discr,4.0,5.0,,,,,,1.0,0.0075778699824844125
active_power_discr,4.0,5.0,,,,,,2.0,0.013320281329628255
active_power_discr,4.0,5.0,,,,,,3.0,0.015465437703406068
active_power_discr,4.0,5.0,,,,,,4.0,0.0
active_power_discr,4.0,5.0,,,,,,5.0,0.0
active_power_discr,4.0,5.0,,,,,,6.0,0.0
active_power_discr,4.0,5.0,,,,,,7.0,0.0
active_power_discr,4.0,5.0,,,,,,8.0,0.0
active_power_discr,4.0,5.0,,,,,,9.0,0.0
active_power_discr,4.0,5.0,,,,,,10.0,0.0
active_power_discr,4.0,5.0,,,,,,11.0,0.0
active_power_discr,4.0,5.0,,,,,,12.0,0.0
active_power_discr,4.0,5.0,,,,,,13.0,0.0
active_power_discr,4.0,5.0,,,,,,14.0,0.0
active_power_discr,4.0,5.0,,,,,,15.0,0.0
active_power_discr,4.0,6.0,,,,,,1.0,0.0006828363552282745
active_power_discr,4.0,6.0,,,,,,2.0,0.0
active_power_discr,4.0,6.0,,,,,,3.0,0.0
active_power_discr,4.0,6.0,,,,,,4.0,0.0
active_power_discr,4.0,6.0,,,,,,5.0,0.0
active_power_discr,4.0,6.0,,,,,,6.0,0.0
active_power_discr,4.0,6.0,,,,,,7.0,0.0
active_power_discr,4.0,6.0,,,,,,8.0,0.0
active_power_discr,4.0,6.0,,,,,,9.0,0.0
active_power_discr,4.0,6.0,,,,,,10.0,0.0
active_power_discr,4.0,6.0,,,,,,11.0,0.0
active_power_discr,4.0,6.0,,,,,,12.0,0.0
active_power_discr,4.0,6.0,,,,,,13.0,0.0
active_power_discr,4.0,6.0,,,,,,14.0,0.0
active_power_discr,4.0,6.0,,,,,,15.0,0.0
active_power_discr,4.0,8.0,,,,,,1.0,0.0075778699824844125
active_power_discr,4.0,8.0,,,,,,2.0,0.013320281329628255
active_power_discr,4.0,8.0,,,,,,3.0,0.01545553595981193
active_power_discr,4.0,8.0,,,,,,4.0,0.0
active_power_discr,4.0,8.0,,,,,,5.0,0.0
active_power_discr,4.0,8.0,,,,,,6.0,0.0
active_power_discr,4.0,8.0,,,,,,7.0,0.0
active_power_discr,4.0,8.0,,,,,,8.0,0.0
active_power_discr,4.0,8.0,,,,,,9.0,0.0
active_power_discr,4.0,8.0,,,,,,10.0,0.0
active_power_discr,4.0,8.0,,,,,,11.0,0.0
active_power_discr,4.0,8.0,,,,,,12.0,0.0
active_power_discr,4.0,8.0,,,,,,13.0,0.0
active_power_discr,4.0,8.0,,,,,,14.0,0.0
active_power_discr,4.0,8.0,,,,,,15.0,0.0
active_power_discr,4.0,9.0,,,,,,1.0,0.0075778699824844125
active_power_discr,4.0,9.0,,,,,,2.0,0.013320281329628255
active_power_discr,4.0,9.0,,,,,,3.0,0.023414217334232015
active_power_discr,4.0,9.0,,,,,,4.0,0.041157206804276286
active_power_discr,4.0,9.0,,,,,,5.0,0.07234560300477912
active_power_discr,4.0,9.0,,,,,,6.0,0.03988675650990575
active_power_discr,4.0,9.0,,,,,,7.0,0.0
active_power_discr,4.0,9.0,,,,,,8.0,0.0
active_power_discr,4.0,9.0,,,,,,9.0,0.0
active_power_discr,4.0,9.0,,,,,,10.0,0.0
active_power_discr,4.0,9.0,,,,,,11.0,0.0
active_power_discr,4.0,9.0,,,,,,12.0,0.0
active_power_discr,4.0,9.0,,,,,,13.0,0.0
active_power_discr,4.0,9.0,,,,,,14.0,0.0
active_power_discr,4.0,9.0,,,,,,15.0,0.0
active_power_discr,4.0,10.0,,,,,,1.0,0.0026144429353075977
active_power_discr,4.0,10.0,,,,,,2.0,0.0
active_power_discr,4.0,10.0,,,,,,3.0,0.0
active_power_discr,4.0,10.0,,,,,,4.0,0.0
active_power_discr,4.0,10.0,,,,,,5.0,0.0
active_power_discr,4.0,10.0,,,,,,6.0,0.0
active_power_discr,4.0,10.0,,,,,,7.0,0.0
active_power_discr,4.0,10.0,,,,,,8.0,0.0
active_power_discr,4.0,10.0,,,,,,9.0,0.0
active_power_discr,4.0,10.0,,,,,,10.0,0.0
active_power_discr,4.0,10.0,,,,,,11.0,0.0
active_power_discr,4.0,10.0,,,,,,12.0,0.0
active_power_discr,4.0,10.0,,,,,,13.0,0.0
active_power_discr,4.0,10.0,,,,,,14.0,0.0
active_power_discr,4.0,10.0,,,,,,15.0,0.0
active_power_discr,4.0,13.0,,,,,,1.0,0.0075778699824844125
active_power_discr,4.0,13.0,,,,,,2.0,0.013320281329628255
active_power_discr,4.0,13.0,,,,,,3.0,0.023414217334232015
active_power_discr,4.0,13.0,,,,,,4.0,0.041157206804276286
active_power_discr,4.0,13.0,,,,,,5.0,0.07234560300477912
active_power_discr,4.0,13.0,,,,,,6.0,0.04320671989780858
active_power_discr,4.0,13.0,,,,,,7.0,0.0
active_power_discr,4.0,13.0,,,,,,8.0,0.0
active_power_discr,4.0,13.0,,,,,,9.0,0.0
active_power_discr,4.0,13.0,,,,,,10.0,0.0
active_power_discr,4.0,13.0,,,,,,11.0,0.0
active_power_discr,4.0,13.0,,,,,,12.0,0.0
active_power_discr,4.0,13.0,,,,,,13.0,0.0
active_power_discr,4.0,13.0,,,,,,14.0,0.0
active_power_discr,4.0,13.0,,,,,,15.0,0.0
active_power_discr,4.0,14.0,,,,,,1.0,0.0075778699824844125
active_power_discr,4.0,14.0,,,,,,2.0,0.005140356987212909
active_power_discr,4.0,14.0,,,,,,3.0,0.0
active_power_discr,4.0,14.0,,,,,,4.0,0.0
active_power_discr,4.0,14.0,,,,,,5.0,0.0
active_power_discr,4.0,14.0,,,,,,6.0,0.0
active_power_discr,4.0,14.0,,,,,,7.0,0.0
active_power_discr,4.0,14.0,,,,,,8.0,0.0
active_power_discr,4.0,14.0,,,,,,9.0,0.0
active_power_discr,4.0,14.0,,,,,,10.0,0.0
active_power_discr,4.0,14.0,,,,,,11.0,0.0
active_power_discr,4.0,14.0,,,,,,12.0,0.0
active_power_discr,4.0,14.0,,,,,,13.0,0.0
active_power_discr,4.0,14.0,,,,,,14.0,0.0
active_power_discr,4.0,14.0,,,,,,15.0,0.0
active_power_discr,4.0,15.0,,,,,,1.0,0.003811904963134563
active_power_discr,4.0,15.0,,,,,,2.0,0.005264966907931571
active_power_discr,4.0,15.0,,,,,,3.0,0.007080322472011466
active_power_discr,4.0,15.0,,,,,,4.0,0.0
active_power_discr,4.0,15.0,,,,,,5.0,0.0
active_power_discr,4.0,15.0,,,,,,6.0,0.0
active_power_discr,4.0,15.0,,,,,,7.0,0.0
active_power_discr,4.0,15.0,,,,,,8.0,0.0
active_power_discr,4.0,15.0,,,,,,9.0,0.0
active_power_discr,4.0,15.0,,,,,,10.0,0.0
active_power_discr,4.0,15.0,,,,,,11.0,0.0
active_power_discr,4.0,15.0,,,,,,12.0,0.0
active_power_discr,4.0,15.0,,,,,,13.0,0.0
active_power_discr,4.0,15.0,,,,,,14.0,0.0
active_power_discr,4.0,15.0,,,,,,15.0,0.0
active_power_discr,4.0,16.0,,,,,,1.0,0.001647542598888035
active_power_discr,4.0,16.0,,,,,,2.0,0.0
active_power_discr,4.0,16.0,,,,,,3.0,0.0
active_power_discr,4.0,16.0,,,,,,4.0,0.0
active_power_discr,4.0,16.0,,,,,,5.0,0.0
active_power_discr,4.0,16.0,,,,,,6.0,0.0
active_power_discr,4.0,16.0,,,,,,7.0,0.0
active_power_discr,4.0,16.0,,,,,,8.0,0.0
active_power_discr,4.0,16.0,,,,,,9.0,0.0
active_power_discr,4.0,16.0,,,,,,10.0,0.0
active_power_discr,4.0,16.0,,,,,,11.0,0.0
active_power_discr,4.0,16.0,,,,,,12.0,0.0
active_power_discr,4.0,16.0,,,,,,13.0,0.0
active_power_discr,4.0,16.0,,,,,,14.0,0.0
active_power_discr,4.0,16.0,,,,,,15.0,0.0
active_power_discr,4.0,17.0,,,,,,1.0,0.0075778699824844125
active_power_discr,4.0,17.0,,,,,,2.0,0.013320281329628255
active_power_discr,4.0,17.0,,,,,,3.0,0.023414217334232015
active_power_discr,4.0,17.0,,,,,,4.0,0.041157206804276286
active_power_discr,4.0,17.0,,,,,,5.0,0.02679368910328113
active_power_discr,4.0,17.0,,,,,,6.0,0.0
active_power_discr,4.0,17.0,,,,,,7.0,0.0
active_power_discr,4.0,17.0,,,,,,8.0,0.0
active_power_discr,4.0,17.0,,,,,,9.0,0.0
active_power_discr,4.0,17.0,,,,,,10.0,0.0
active_power_discr,4.0,17.0,,,,,,11.0,0.0
active_power_discr,4.0,17.0,,,,,,12.0,0.0
active_power_discr,4.0,17.0,,,,,,13.0,0.0
active_power_discr,4.0,17.0,,,,,,14.0,0.0
active_power_discr,4.0,17.0,,,,,,15.0,0.0
active_power_discr,5.0,3.0,,,,,,1.0,0.0075778699824844125
active_power_discr,5.0,3.0,,,,,,2.0,0.013320281329628255
active_power_discr,5.0,3.0,,,,,,3.0,0.023414217334232015
active_power_discr,5.0,3.0,,,,,,4.0,0.041157206804276286
active_power_discr,5.0,3.0,,,,,,5.0,0.07234560300477912
active_power_discr,5.0,3.0,,,,,,6.0,0.045578815242554194
active_power_discr,5.0,3.0,,,,,,7.0,0.0
active_power_discr,5.0,3.0,,,,,,8.0,0.0
active_power_discr,5.0,3.0,,,,,,9.0,0.0
active_power_discr,5.0,3.0,,,,,,10.0,0.0
active_power_discr,5.0,3.0,,,,,,11.0,0.0
active_power_discr,5.0,3.0,,,,,,12.0,0.0
active_power_discr,5.0,3.0,,,,,,13.0,0.0
active_power_discr,5.0,3.0,,,,,,14.0,0.0
active_power_discr,5.0,3.0,,,,,,15.0,0.0
active_power_discr,5.0,5.0,,,,,,1.0,0.0075778699824844125
active_power_discr,5.0,5.0,,,,,,2.0,0.013320281329628255
active_power_discr,5.0,5.0,,,,,,3.0,0.0160712175986421
active_power_discr,5.0,5.0,,,,,,4.0,0.0
active_power_discr,5.0,5.0,,,,,,5.0,0.0
active_power_discr,5.0,5.0,,,,,,6.0,0.0
active_power_discr,5.0,5.0,,,,,,7.0,0.0
active_power_discr,5.0,5.0,,,,,,8.0,0.0
active_power_discr,5.0,5.0,,,,,,9.0,0.0
active_power_discr,5.0,5.0,,,,,,10.0,0.0
active_power_discr,5.0,5.0,,,,,,11.0,0.0
active_power_discr,5.0,5.0,,,,,,12.0,0.0
active_power_discr,5.0,5.0,,,,,,13.0,0.0
active_power_discr,5.0,5.0,,,,,,14.0,0.0
active_power_discr,5.0,5.0,,,,,,15.0,0.0
active_power_discr,5.0,6.0,,,,,,1.0,0.0006828413013434379
active_power_discr,5.0,6.0,,,,,,2.0,0.0
active_power_discr,5.0,6.0,,,,,,3.0,0.0
active_power_discr,5.0,6.0,,,,,,4.0,0.0
active_power_discr,5.0,6.0,,,,,,5.0,0.0
active_power_discr,5.0,6.0,,,,,,6.0,0.0
active_power_discr,5.0,6.0,,,,,,7.0,0.0
active_power_discr,5.0,6.0,,,,,,8.0,0.0
active_power_discr,5.0,6.0,,,,,,9.0,0.0
active_power_discr,5.0,6.0,,,,,,10.0,0.0
active_power_discr,5.0,6.0,,,,,,11.0,0.0
active_power_discr,5.0,6.0,,,,,,12.0,0.0
active_power_discr,5.0,6.0,,,,,,13.0,0.0
active_power_discr,5.0,6.0,,,,,,14.0,0.0
active_power_discr,5.0,6.0,,,,,,15.0,0.0
active_power_discr,5.0,8.0,,,,,,1.0,0.0075778699824844125
active_power_discr,5.0,8.0,,,,,,2.0,0.013320281329628255
active_power_discr,5.0,8.0,,,,,,3.0,0.0160610070446508
active_power_discr,5.0,8.0,,,,,,4.0,0.0
active_power_discr,5.0,8.0,,,,,,5.0,0.0
active_power_discr,5.0,8.0,,,,,,6.0,0.0
active_power_discr,5.0,8.0,,,,,,7.0,0.0
active_power_discr,5.0,8.0,,,,,,8.0,0.0
active_power_discr,5.0,8.0,,,,,,9.0,0.0
active_power_discr,5.0,8.0,,,,,,10.0,0.0
active_power_discr,5.0,8.0,,,,,,11.0,0.0
active_power_discr,5.0,8.0,,,,,,12.0,0.0
active_power_discr,5.0,8.0,,,,,,13.0,0.0
active_power_discr,5.0,8.0,,,,,,14.0,0.0
active_power_discr,5.0,8.0,,,,,,15.0,0.0
active_power_discr,5.0,9.0,,,,,,1.0,0.0075778699824844125
active_power_discr,5.0,9.0,,,,,,2.0,0.013320281329628255
active_power_discr,5.0,9.0,,,,,,3.0,0.023414217334232015
active_power_discr,5.0,9.0,,,,,,4.0,0.041157206804276286
active_power_discr,5.0,9.0,,,,,,5.0,0.07234560300477912
active_power_discr,5.0,9.0,,,,,,6.0,0.04228373004477812
active_power_discr,5.0,9.0,,,,,,7.0,0.0
active_power_discr,5.0,9.0,,,,,,8.0,0.0
active_power_discr,5.0,9.0,,,,,,9.0,0.0
active_power_discr,5.0,9.0,,,,,,10.0,0.0
active_power_discr,5.0,9.0,,,,,,11.0,0.0
active_power_discr,5.0,9.0,,,,,,12.0,0.0
active_power_discr,5.0,9.0,,,,,,13.0,0.0
active_power_discr,5.0,9.0,,,,,,14.0,0.0
active_power_discr,5.0,9.0,,,,,,15.0,0.0
active_power_discr,5.0,10.0,,,,,,1.0,0.002614443021792895
active_power_discr,5.0,10.0,,,,,,2.0,0.0
active_power_discr,5.0,10.0,,,,,,3.0,0.0
active_power_discr,5.0,10.0,,,,,,4.0,0.0
active_power_discr,5.0,10.0,,,,,,5.0,0.0
active_power_discr,5.0,10.0,,,,,,6.0,0.0
active_power_discr,5.0,10.0,,,,,,7.0,0.0
active_power_discr,5.0,10.0,,,,,,8.0,0.0
active_power_discr,5.0,10.0,,,,,,9.0,0.0
active_power_discr,5.0,10.0,,,,,,10.0,0.0
active_power_discr,5.0,10.0,,,,,,11.0,0.0
active_power_discr,5.0,10.0,,,,,,12.0,0.0
active_power_discr,5.0,10.0,,,,,,13.0,0.0
active_power_discr,5.0,10.0,,,,,,14.0,0.0
active_power_discr,5.0,10.0,,,,,,15.0,0.0
active_power_discr,5.0,13.0,,,,,,1.0,0.0075778699824844125
active_power_discr,5.0,13.0,,,,,,2.0,0.013320281329628255
active_power_discr,5.0,13.0,,,,,,3.0,0.023414217334232015
active_power_discr,5.0,13.0,,,,,,4.0,0.041157206804276286
active_power_discr,5.0,13.0,,,,,,5.0,0.07234560300477912
active_power_discr,5.0,13.0,,,,,,6.0,0.045604293188065546
active_power_discr,5.0,13.0,,,,,,7.0,0.0
active_power_discr,5.0,13.0,,,,,,8.0,0.0
active_power_discr,5.0,13.0,,,,,,9.0,0.0
active_power_discr,5.0,13.0,,,,,,10.0,0.0
active_power_discr,5.0,13.0,,,,,,11.0,0.0
active_power_discr,5.0,13.0,,,,,,12.0,0.0
active_power_discr,5.0,13.0,,,,,,13.0,0.0
active_power_discr,5.0,13.0,,,,,,14.0,0.0
active_power_discr,5.0,13.0,,,,,,15.0,0.0
active_power_discr,5.0,14.0,,,,,,1.0,0.0075778699824844125
active_power_discr,5.0,14.0,,,,,,2.0,0.005313353671853463
active_power_discr,5.0,14.0,,,,,,3.0,0.0
active_power_discr,5.0,14.0,,,,,,4.0,0.0
active_power_discr,5.0,14.0,,,,,,5.0,0.0
active_power_discr,5.0,14.0,,,,,,6.0,0.0
active_power_discr,5.0,14.0,,,,,,7.0,0.0
active_power_discr,5.0,14.0,,,,,,8.0,0.0
active_power_discr,5.0,14.0,,,,,,9.0,0.0
active_power_discr,5.0,14.0,,,,,,10.0,0.0
active_power_discr,5.0,14.0,,,,,,11.0,0.0
active_power_discr,5.0,14.0,,,,,,12.0,0.0
active_power_discr,5.0,14.0,,,,,,13.0,0.0
active_power_discr,5.0,14.0,,,,,,14.0,0.0
active_power_discr,5.0,14.0,,,,,,15.0,0.0
active_power_discr,5.0,15.0,,,,,,1.0,0.003811904963134563
active_power_discr,5.0,15.0,,,,,,2.0,0.005264966907931571
active_power_discr,5.0,15.0,,,,,,3.0,0.007271922256639911
active_power_discr,5.0,15.0,,,,,,4.0,7.7498475299944e-05
active_power_discr,5.0,15.0,,,,,,5.0,0.0
active_power_discr,5.0,15.0,,,,,,6.0,0.0
active_power_discr,5.0,15.0,,,,,,7.0,0.0
active_power_discr,5.0,15.0,,,,,,8.0,0.0
active_power_discr,5.0,15.0,,,,,,9.0,0.0
active_power_discr,5.0,15.0,,,,,,10.0,0.0
active_power_discr,5.0,15.0,,,,,,11.0,0.0
active_power_discr,5.0,15.0,,,,,,12.0,0.0
active_power_discr,5.0,15.0,,,,,,13.0,0.0
active_power_discr,5.0,15.0,,,,,,14.0,0.0
active_power_discr,5.0,15.0,,,,,,15.0,0.0
active_power_discr,5.0,16.0,,,,,,1.0,0.001647542598888035
active_power_discr,5.0,16.0,,,,,,2.0,0.0
active_power_discr,5.0,16.0,,,,,,3.0,0.0
active_power_discr,5.0,16.0,,,,,,4.0,0.0
active_power_discr,5.0,16.0,,,,,,5.0,0.0
active_power_discr,5.0,16.0,,,,,,6.0,0.0
active_power_discr,5.0,16.0,,,,,,7.0,0.0
active_power_discr,5.0,16.0,,,,,,8.0,0.0
active_power_discr,5.0,16.0,,,,,,9.0,0.0
active_power_discr,5.0,16.0,,,,,,10.0,0.0
active_power_discr,5.0,16.0,,,,,,11.0,0.0
active_power_discr,5.0,16.0,,,,,,12.0,0.0
active_power_discr,5.0,16.0,,,,,,13.0,0.0
active_power_discr,5.0,16.0,,,,,,14.0,0.0
active_power_discr,5.0,16.0,,,,,,15.0,0.0
active_power_discr,5.0,17.0,,,,,,1.0,0.0075778699824844125
active_power_discr,5.0,17.0,,,,,,2.0,0.013320281329628255
active_power_discr,5.0,17.0,,,,,,3.0,0.023414217334232015
active_power_discr,5.0,17.0,,,,,,4.0,0.041157206804276286
active_power_discr,5.0,17.0,,,,,,5.0,0.027806344385889234
active_power_discr,5.0,17.0,,,,,,6.0,0.0
active_power_discr,5.0,17.0,,,,,,7.0,0.0
active_power_discr,5.0,17.0,,,,,,8.0,0.0
active_power_discr,5.0,17.0,,,,,,9.0,0.0
active_power_discr,5.0,17.0,,,,,,10.0,0.0
active_power_discr,5.0,17.0,,,,,,11.0,0.0
active_power_discr,5.0,17.0,,,,,,12.0,0.0
active_power_discr,5.0,17.0,,,,,,13.0,0.0
active_power_discr,5.0,17.0,,,,,,14.0,0.0
active_power_discr,5.0,17.0,,,,,,15.0,0.0
active_power_discr,6.0,3.0,,,,,,1.0,0.0075778699824844125
active_power_discr,6.0,3.0,,,,,,2.0,0.013320281329628255
active_power_discr,6.0,3.0,,,,,,3.0,0.023414217334232015
active_power_discr,6.0,3.0,,,,,,4.0,0.041157206804276286
active_power_discr,6.0,3.0,,,,,,5.0,0.07234560300477912
active_power_discr,6.0,3.0,,,,,,6.0,0.08234331390357671
active_power_discr,6.0,3.0,,,,,,7.0,0.0
active_power_discr,6.0,3.0,,,,,,8.0,0.0
active_power_discr,6.0,3.0,,,,,,9.0,0.0
active_power_discr,6.0,3.0,,,,,,10.0,0.0
active_power_discr,6.0,3.0,,,,,,11.0,0.0
active_power_discr,6.0,3.0,,,,,,12.0,0.0
active_power_discr,6.0,3.0,,,,,,13.0,0.0
active_power_discr,6.0,3.0,,,,,,14.0,0.0
active_power_discr,6.0,3.0,,,,,,15.0,0.0
active_power_discr,6.0,5.0,,,,,,1.0,0.0075778699824844125
active_power_discr,6.0,5.0,,,,,,2.0,0.013320281329628255
active_power_discr,6.0,5.0,,,,,,3.0,0.023414217334232015
active_power_discr,6.0,5.0,,,,,,4.0,0.0016458422414362822
active_power_discr,6.0,5.0,,,,,,5.0,0.0
active_power_discr,6.0,5.0,,,,,,6.0,0.0
active_power_discr,6.0,5.0,,,,,,7.0,0.0
active_power_discr,6.0,5.0,,,,,,8.0,0.0
active_power_discr,6.0,5.0,,,,,,9.0,0.0
active_power_discr,6.0,5.0,,,,,,10.0,0.0
active_power_discr,6.0,5.0,,,,,,11.0,0.0
active_power_discr,6.0,5.0,,,,,,12.0,0.0
active_power_discr,6.0,5.0,,,,,,13.0,0.0
active_power_discr,6.0,5.0,,,,,,14.0,0.0
active_power_discr,6.0,5.0,,,,,,15.0,0.0
active_power_discr,6.0,6.0,,,,,,1.0,0.0006828594491627332
active_power_discr,6.0,6.0,,,,,,2.0,0.0
active_power_discr,6.0,6.0,,,,,,3.0,0.0
active_power_discr,6.0,6.0,,,,,,4.0,0.0
active_power_discr,6.0,6.0,,,,,,5.0,0.0
active_power_discr,6.0,6.0,,,,,,6.0,0.0
active_power_discr,6.0,6.0,,,,,,7.0,0.0
active_power_discr,6.0,6.0,,,,,,8.0,0.0
active_power_discr,6.0,6.0,,,,,,9.0,0.0
active_power_discr,6.0,6.0,,,,,,10.0,0.0
active_power_discr,6.0,6.0,,,,,,11.0,0.0
active_power_discr,6.0,6.0,,,,,,12.0,0.0
active_power_discr,6.0,6.0,,,,,,13.0,0.0
active_power_discr,6.0,6.0,,,,,,14.0,0.0
active_power_discr,6.0,6.0,,,,,,15.0,0.0
active_power_discr,6.0,8.0,,,,,,1.0,0.0075778699824844125
active_power_discr,6.0,8.0,,,,,,2.0,0.013320281329628255
active_power_discr,6.0,8.0,,,,,,3.0,0.023414217334232015
active_power_discr,6.0,8.0,,,,,,4.0,0.0016291931301791115
active_power_discr,6.0,8.0,,,,,,5.0,0.0
active_power_discr,6.0,8.0,,,,,,6.0,0.0
active_power_discr,6.0,8.0,,,,,,7.0,0.0
active_power_discr,6.0,8.0,,,,,,8.0,0.0
active_power_discr,6.0,8.0,,,,,,9.0,0.0
active_power_discr,6.0,8.0,,,,,,10.0,0.0
active_power_discr,6.0,8.0,,,,,,11.0,0.0
active_power_discr,6.0,8.0,,,,,,12.0,0.0
active_power_discr,6.0,8.0,,,,,,13.0,0.0
active_power_discr,6.0,8.0,,,,,,14.0,0.0
active_power_discr,6.0,8.0,,,,,,15.0,0.0
active_power_discr,6.0,9.0,,,,,,1.0,0.0075778699824844125
active_power_discr,6.0,9.0,,,,,,2.0,0.013320281329628255
active_power_discr,6.0,9.0,,,,,,3.0,0.023414217334232015
active_power_discr,6.0,9.0,,,,,,4.0,0.041157206804276286
active_power_discr,6.0,9.0,,,,,,5.0,0.07234560300477912
active_power_discr,6.0,9.0,,,,,,6.0,0.07873285807934821
active_power_discr,6.0,9.0,,,,,,7.0,0.0
active_power_discr,6.0,9.0,,,,,,8.0,0.0
active_power_discr,6.0,9.0,,,,,,9.0,0.0
active_power_discr,6.0,9.0,,,,,,10.0,0.0
active_power_discr,6.0,9.0,,,,,,11.0,0.0
active_power_discr,6.0,9.0,,,,,,12.0,0.0
active_power_discr,6.0,9.0,,,,,,13.0,0.0
active_power_discr,6.0,9.0,,,,,,14.0,0.0
active_power_discr,6.0,9.0,,,,,,15.0,0.0
active_power_discr,6.0,10.0,,,,,,1.0,0.002614445667210752
active_power_discr,6.0,10.0,,,,,,2.0,0.0
active_power_discr,6.0,10.0,,,,,,3.0,0.0
active_power_discr,6.0,10.0,,,,,,4.0,0.0
active_power_discr,6.0,10.0,,,,,,5.0,0.0
active_power_discr,6.0,10.0,,,,,,6.0,0.0
active_power_discr,6.0,10.0,,,,,,7.0,0.0
active_power_discr,6.0,10.0,,,,,,8.0,0.0
active_power_discr,6.0,10.0,,,,,,9.0,0.0
active_power_discr,6.0,10.0,,,,,,10.0,0.0
active_power_discr,6.0,10.0,,,,,,11.0,0.0
active_power_discr,6.0,10.0,,,,,,12.0,0.0
active_power_discr,6.0,10.0,,,,,,13.0,0.0
active_power_discr,6.0,10.0,,,,,,14.0,0.0
active_power_discr,6.0,10.0,,,,,,15.0,0.0
active_power_discr,6.0,13.0,,,,,,1.0,0.0075778699824844125
active_power_discr,6.0,13.0,,,,,,2.0,0.013320281329628255
active_power_discr,6.0,13.0,,,,,,3.0,0.023414217334232015
active_power_discr,6.0,13.0,,,,,,4.0,0.041157206804276286
active_power_discr,6.0,13.0,,,,,,5.0,0.07234560300477912
active_power_discr,6.0,13.0,,,,,,6.0,0.08237799082676281
active_power_discr,6.0,13.0,,,,,,7.0,0.0
active_power_discr,6.0,13.0,,,,,,8.0,0.0
active_power_discr,6.0,13.0,,,,,,9.0,0.0
active_power_discr,6.0,13.0,,,,,,10.0,0.0
active_power_discr,6.0,13.0,,,,,,11.0,0.0
active_power_discr,6.0,13.0,,,,,,12.0,0.0
active_power_discr,6.0,13.0,,,,,,13.0,0.0
active_power_discr,6.0,13.0,,,,,,14.0,0.0
active_power_discr,6.0,13.0,,,,,,15.0,0.0
active_power_discr,6.0,14.0,,,,,,1.0,0.0075778699824844125
active_power_discr,6.0,14.0,,,,,,2.0,0.008037505135090016
active_power_discr,6.0,14.0,,,,,,3.0,0.0
active_power_discr,6.0,14.0,,,,,,4.0,0.0
active_power_discr,6.0,14.0,,,,,,5.0,0.0
active_power_discr,6.0,14.0,,,,,,6.0,0.0
active_power_discr,6.0,14.0,,,,,,7.0,0.0
active_power_discr,6.0,14.0,,,,,,8.0,0.0
active_power_discr,6.0,14.0,,,,,,9.0,0.0
active_power_discr,6.0,14.0,,,,,,10.0,0.0
active_power_discr,6.0,14.0,,,,,,11.0,0.0
active_power_discr,6.0,14.0,,,,,,12.0,0.0
active_power_discr,6.0,14.0,,,,,,13.0,0.0
active_power_discr,6.0,14.0,,,,,,14.0,0.0
active_power_discr,6.0,14.0,,,,,,15.0,0.0
active_power_discr,6.0,15.0,,,,,,1.0,0.003811904963134563
active_power_discr,6.0,15.0,,,,,,2.0,0.005264966907931571
active_power_discr,6.0,15.0,,,,,,3.0,0.007271922256639911
active_power_discr,6.0,15.0,,,,,,4.0,0.004069677772971191
active_power_discr,6.0,15.0,,,,,,5.0,0.0
active_power_discr,6.0,15.0,,,,,,6.0,0.0
active_power_discr,6.0,15.0,,,,,,7.0,0.0
active_power_discr,6.0,15.0,,,,,,8.0,0.0
active_power_discr,6.0,15.0,,,,,,9.0,0.0
active_power_discr,6.0,15.0,,,,,,10.0,0.0
active_power_discr,6.0,15.0,,,,,,11.0,0.0
active_power_discr,6.0,15.0,,,,,,12.0,0.0
active_power_discr,6.0,15.0,,,,,,13.0,0.0
active_power_discr,6.0,15.0,,,,,,14.0,0.0
active_power_discr,6.0,15.0,,,,,,15.0,0.0
active_power_discr,6.0,16.0,,,,,,1.0,0.0018052279121142589
active_power_discr,6.0,16.0,,,,,,2.0,0.0
active_power_discr,6.0,16.0,,,,,,3.0,0.0
active_power_discr,6.0,16.0,,,,,,4.0,0.0
active_power_discr,6.0,16.0,,,,,,5.0,0.0
active_power_discr,6.0,16.0,,,,,,6.0,0.0
active_power_discr,6.0,16.0,,,,,,7.0,0.0
active_power_discr,6.0,16.0,,,,,,8.0,0.0
active_power_discr,6.0,16.0,,,,,,9.0,0.0
active_power_discr,6.0,16.0,,,,,,10.0,0.0
active_power_discr,6.0,16.0,,,,,,11.0,0.0
active_power_discr,6.0,16.0,,,,,,12.0,0.0
active_power_discr,6.0,16.0,,,,,,13.0,0.0
active_power_discr,6.0,16.0,,,,,,14.0,0.0
active_power_discr,6.0,16.0,,,,,,15.0,0.0
active_power_discr,6.0,17.0,,,,,,1.0,0.0075778699824844125
active_power_discr,6.0,17.0,,,,,,2.0,0.013320281329628255
active_power_discr,6.0,17.0,,,,,,3.0,0.023414217334232015
active_power_discr,6.0,17.0,,,,,,4.0,0.041157206804276286
active_power_discr,6.0,17.0,,,,,,5.0,0.04355898200129017
active_power_discr,6.0,17.0,,,,,,6.0,0.0
active_power_discr,6.0,17.0,,,,,,7.0,0.0
active_power_discr,6.0,17.0,,,,,,8.0,0.0
active_power_discr,6.0,17.0,,,,,,9.0,0.0
active_power_discr,6.0,17.0,,,,,,10.0,0.0
active_power_discr,6.0,17.0,,,,,,11.0,0.0
active_power_discr,6.0,17.0,,,,,,12.0,0.0
active_power_discr,6.0,17.0,,,,,,13.0,0.0
active_power_discr,6.0,17.0,,,,,,14.0,0.0
active_power_discr,6.0,17.0,,,,,,15.0,0.0
active_power_discr,7.0,3.0,,,,,,1.0,0.0075778699824844125
active_power_discr,7.0,3.0,,,,,,2.0,0.013320281329628255
active_power_discr,7.0,3.0,,,,,,3.0,0.023414217334232015
active_power_discr,7.0,3.0,,,,,,4.0,0.041157206804276286
active_power_discr,7.0,3.0,,,,,,5.0,0.07234560300477912
active_power_discr,7.0,3.0,,,,,,6.0,0.12716816034224418
active_power_discr,7.0,3.0,,,,,,7.0,0.014381214481009486
active_power_discr,7.0,3.0,,,,,,8.0,0.0
active_power_discr,7.0,3.0,,,,,,9.0,0.0
active_power_discr,7.0,3.0,,,,,,10.0,0.0
active_power_discr,7.0,3.0,,,,,,11.0,0.0
active_power_discr,7.0,3.0,,,,,,12.0,0.0
active_power_discr,7.0,3.0,,,,,,13.0,0.0
active_power_discr,7.0,3.0,,,,,,14.0,0.0
active_power_discr,7.0,3.0,,,,,,15.0,0.0
active_power_discr,7.0,5.0,,,,,,1.0,0.0075778699824844125
active_power_discr,7.0,5.0,,,,,,2.0,0.013320281329628255
active_power_discr,7.0,5.0,,,,,,3.0,0.023414217334232015
active_power_discr,7.0,5.0,,,,,,4.0,0.01564666598616174
active_power_discr,7.0,5.0,,,,,,5.0,0.0
active_power_discr,7.0,5.0,,,,,,6.0,0.0
active_power_discr,7.0,5.0,,,,,,7.0,0.0
active_power_discr,7.0,5.0,,,,,,8.0,0.0
active_power_discr,7.0,5.0,,,,,,9.0,0.0
active_power_discr,7.0,5.0,,,,,,10.0,0.0
active_power_discr,7.0,5.0,,,,,,11.0,0.0
active_power_discr,7.0,5.0,,,,,,12.0,0.0
active_power_discr,7.0,5.0,,,,,,13.0,0.0
active_power_discr,7.0,5.0,,,,,,14.0,0.0
active_power_discr,7.0,5.0,,,,,,15.0,0.0
active_power_discr,7.0,6.0,,,,,,1.0,0.000586845479799439
active_power_discr,7.0,6.0,,,,,,2.0,0.0
active_power_discr,7.0,6.0,,,,,,3.0,0.0
active_power_discr,7.0,6.0,,,,,,4.0,0.0
active_power_discr,7.0,6.0,,,,,,5.0,0.0
active_power_discr,7.0,6.0,,,,,,6.0,0.0
active_power_discr,7.0,6.0,,,,,,7.0,0.0
active_power_discr,7.0,6.0,,,,,,8.0,0.0
active_power_discr,7.0,6.0,,,,,,9.0,0.0
active_power_discr,7.0,6.0,,,,,,10.0,0.0
active_power_discr,7.0,6.0,,,,,,11.0,0.0
active_power_discr,7.0,6.0,,,,,,12.0,0.0
active_power_discr,7.0,6.0,,,,,,13.0,0.0
active_power_discr,7.0,6.0,,,,,,14.0,0.0
active_power_discr,7.0,6.0,,,,,,15.0,0.0
active_power_discr,7.0,8.0,,,,,,1.0,0.0075778699824844125
active_power_discr,7.0,8.0,,,,,,2.0,0.013320281329628255
active_power_discr,7.0,8.0,,,,,,3.0,0.023414217334232015
active_power_discr,7.0,8.0,,,,,,4.0,0.015745768456638123
active_power_discr,7.0,8.0,,,,,,5.0,0.0
active_power_discr,7.0,8.0,,,,,,6.0,0.0
active_power_discr,7.0,8.0,,,,,,7.0,0.0
active_power_discr,7.0,8.0,,,,,,8.0,0.0
active_power_discr,7.0,8.0,,,,,,9.0,0.0
active_power_discr,7.0,8.0,,,,,,10.0,0.0
active_power_discr,7.0,8.0,,,,,,11.0,0.0
active_power_discr,7.0,8.0,,,,,,12.0,0.0
active_power_discr,7.0,8.0,,,,,,13.0,0.0
active_power_discr,7.0,8.0,,,,,,14.0,0.0
active_power_discr,7.0,8.0,,,,,,15.0,0.0
active_power_discr,7.0,9.0,,,,,,1.0,0.0075778699824844125
active_power_discr,7.0,9.0,,,,,,2.0,0.013320281329628255
active_power_discr,7.0,9.0,,,,,,3.0,0.023414217334232015
active_power_discr,7.0,9.0,,,,,,4.0,0.041157206804276286
active_power_discr,7.0,9.0,,,,,,5.0,0.07234560300477912
active_power_discr,7.0,9.0,,,,,,6.0,0.12716816034224418
active_power_discr,7.0,9.0,,,,,,7.0,0.0064017773373514775
active_power_discr,7.0,9.0,,,,,,8.0,0.0
active_power_discr,7.0,9.0,,,,,,9.0,0.0
active_power_discr,7.0,9.0,,,,,,10.0,0.0
active_power_discr,7.0,9.0,,,,,,11.0,0.0
active_power_discr,7.0,9.0,,,,,,12.0,0.0
active_power_discr,7.0,9.0,,,,,,13.0,0.0
active_power_discr,7.0,9.0,,,,,,14.0,0.0
active_power_discr,7.0,9.0,,,,,,15.0,0.0
active_power_discr,7.0,10.0,,,,,,1.0,0.006799469770684839
active_power_discr,7.0,10.0,,,,,,2.0,0.0
active_power_discr,7.0,10.0,,,,,,3.0,0.0
active_power_discr,7.0,10.0,,,,,,4.0,0.0
active_power_discr,7.0,10.0,,,,,,5.0,0.0
active_power_discr,7.0,10.0,,,,,,6.0,0.0
active_power_discr,7.0,10.0,,,,,,7.0,0.0
active_power_discr,7.0,10.0,,,,,,8.0,0.0
active_power_discr,7.0,10.0,,,,,,9.0,0.0
active_power_discr,7.0,10.0,,,,,,10.0,0.0
active_power_discr,7.0,10.0,,,,,,11.0,0.0
active_power_discr,7.0,10.0,,,,,,12.0,0.0
active_power_discr,7.0,10.0,,,,,,13.0,0.0
active_power_discr,7.0,10.0,,,,,,14.0,0.0
active_power_discr,7.0,10.0,,,,,,15.0,0.0
active_power_discr,7.0,13.0,,,,,,1.0,0.0075778699824844125
active_power_discr,7.0,13.0,,,,,,2.0,0.013320281329628255
active_power_discr,7.0,13.0,,,,,,3.0,0.023414217334232015
active_power_discr,7.0,13.0,,,,,,4.0,0.041157206804276286
active_power_discr,7.0,13.0,,,,,,5.0,0.07234560300477912
active_power_discr,7.0,13.0,,,,,,6.0,0.12716816034224418
active_power_discr,7.0,13.0,,,,,,7.0,0.014433565228214163
active_power_discr,7.0,13.0,,,,,,8.0,0.0
active_power_discr,7.0,13.0,,,,,,9.0,0.0
active_power_discr,7.0,13.0,,,,,,10.0,0.0
active_power_discr,7.0,13.0,,,,,,11.0,0.0
active_power_discr,7.0,13.0,,,,,,12.0,0.0
active_power_discr,7.0,13.0,,,,,,13.0,0.0
active_power_discr,7.0,13.0,,,,,,14.0,0.0
active_power_discr,7.0,13.0,,,,,,15.0,0.0
active_power_discr,7.0,14.0,,,,,,1.0,0.0075778699824844125
active_power_discr,7.0,14.0,,,,,,2.0,0.013320281329628255
active_power_discr,7.0,14.0,,,,,,3.0,0.0008406361969647419
active_power_discr,7.0,14.0,,,,,,4.0,0.0
active_power_discr,7.0,14.0,,,,,,5.0,0.0
active_power_discr,7.0,14.0,,,,,,6.0,0.0
active_power_discr,7.0,14.0,,,,,,7.0,0.0
active_power_discr,7.0,14.0,,,,,,8.0,0.0
active_power_discr,7.0,14.0,,,,,,9.0,0.0
active_power_discr,7.0,14.0,,,,,,10.0,0.0
active_power_discr,7.0,14.0,,,,,,11.0,0.0
active_power_discr,7.0,14.0,,,,,,12.0,0.0
active_power_discr,7.0,14.0,,,,,,13.0,0.0
active_power_discr,7.0,14.0,,,,,,14.0,0.0
active_power_discr,7.0,14.0,,,,,,15.0,0.0
active_power_discr,7.0,15.0,,,,,,1.0,0.003811904963134563
active_power_discr,7.0,15.0,,,,,,2.0,0.005264966907931571
active_power_discr,7.0,15.0,,,,,,3.0,0.007271922256639911
active_power_discr,7.0,15.0,,,,,,4.0,0.010043909910801375
active_power_discr,7.0,15.0,,,,,,5.0,0.00024380134059604625
active_power_discr,7.0,15.0,,,,,,6.0,0.0
active_power_discr,7.0,15.0,,,,,,7.0,0.0
active_power_discr,7.0,15.0,,,,,,8.0,0.0
active_power_discr,7.0,15.0,,,,,,9.0,0.0
active_power_discr,7.0,15.0,,,,,,10.0,0.0
active_power_discr,7.0,15.0,,,,,,11.0,0.0
active_power_discr,7.0,15.0,,,,,,12.0,0.0
active_power_discr,7.0,15.0,,,,,,13.0,0.0
active_power_discr,7.0,15.0,,,,,,14.0,0.0
active_power_discr,7.0,15.0,,,,,,15.0,0.0
active_power_discr,7.0,16.0,,,,,,1.0,0.003811904963134563
active_power_discr,7.0,16.0,,,,,,2.0,0.0001778136086944531
active_power_discr,7.0,16.0,,,,,,3.0,0.0
active_power_discr,7.0,16.0,,,,,,4.0,0.0
active_power_discr,7.0,16.0,,,,,,5.0,0.0
active_power_discr,7.0,16.0,,,,,,6.0,0.0
active_power_discr,7.0,16.0,,,,,,7.0,0.0
active_power_discr,7.0,16.0,,,,,,8.0,0.0
active_power_discr,7.0,16.0,,,,,,9.0,0.0
active_power_discr,7.0,16.0,,,,,,10.0,0.0
active_power_discr,7.0,16.0,,,,,,11.0,0.0
active_power_discr,7.0,16.0,,,,,,12.0,0.0
active_power_discr,7.0,16.0,,,,,,13.0,0.0
active_power_discr,7.0,16.0,,,,,,14.0,0.0
active_power_discr,7.0,16.0,,,,,,15.0,0.0
active_power_discr,7.0,17.0,,,,,,1.0,0.0075778699824844125
active_power_discr,7.0,17.0,,,,,,2.0,0.013320281329628255
active_power_discr,7.0,17.0,,,,,,3.0,0.023414217334232015
active_power_discr,7.0,17.0,,,,,,4.0,0.041157206804276286
active_power_discr,7.0,17.0,,,,,,5.0,0.06415346726827957
active_power_discr,7.0,17.0,,,,,,6.0,0.0
active_power_discr,7.0,17.0,,,,,,7.0,0.0
active_power_discr,7.0,17.0,,,,,,8.0,0.0
active_power_discr,7.0,17.0,,,,,,9.0,0.0
active_power_discr,7.0,17.0,,,,,,10.0,0.0
active_power_discr,7.0,17.0,,,,,,11.0,0.0
active_power_discr,7.0,17.0,,,,,,12.0,0.0
active_power_discr,7.0,17.0,,,,,,13.0,0.0
active_power_discr,7.0,17.0,,,,,,14.0,0.0
active_power_discr,7.0,17.0,,,,,,15.0,0.0
active_power_discr,8.0,3.0,,,,,,1.0,0.0075778699824844125
active_power_discr,8.0,3.0,,,,,,2.0,0.013320281329628255
active_power_discr,8.0,3.0,,,,,,3.0,0.023414217334232015
active_power_discr,8.0,3.0,,,,,,4.0,0.041157206804276286
active_power_discr,8.0,3.0,,,,,,5.0,0.07234560300477912
active_power_discr,8.0,3.0,,,,,,6.0,0.12716816034224418
active_power_discr,8.0,3.0,,,,,,7.0,0.2235345388407699
active_power_discr,8.0,3.0,,,,,,8.0,0.09053106207128903
active_power_discr,8.0,3.0,,,,,,9.0,0.0
active_power_discr,8.0,3.0,,,,,,10.0,0.0
active_power_discr,8.0,3.0,,,,,,11.0,0.0
active_power_discr,8.0,3.0,,,,,,12.0,0.0
active_power_discr,8.0,3.0,,,,,,13.0,0.0
active_power_discr,8.0,3.0,,,,,,14.0,0.0
active_power_discr,8.0,3.0,,,,,,15.0,0.0
active_power_discr,8.0,5.0,,,,,,1.0,0.0075778699824844125
active_power_discr,8.0,5.0,,,,,,2.0,0.013320281329628255
active_power_discr,8.0,5.0,,,,,,3.0,0.023414217334232015
active_power_discr,8.0,5.0,,,,,,4.0,0.041157206804276286
active_power_discr,8.0,5.0,,,,,,5.0,0.04910455510239699
active_power_discr,8.0,5.0,,,,,,6.0,0.0
active_power_discr,8.0,5.0,,,,,,7.0,0.0
active_power_discr,8.0,5.0,,,,,,8.0,0.0
active_power_discr,8.0,5.0,,,,,,9.0,0.0
active_power_discr,8.0,5.0,,,,,,10.0,0.0
active_power_discr,8.0,5.0,,,,,,11.0,0.0
active_power_discr,8.0,5.0,,,,,,12.0,0.0
active_power_discr,8.0,5.0,,,,,,13.0,0.0
active_power_discr,8.0,5.0,,,,,,14.0,0.0
active_power_discr,8.0,5.0,,,,,,15.0,0.0
active_power_discr,8.0,6.0,,,,,,1.0,0.002592747263915928
active_power_discr,8.0,6.0,,,,,,2.0,0.0
active_power_discr,8.0,6.0,,,,,,3.0,0.0
active_power_discr,8.0,6.0,,,,,,4.0,0.0
active_power_discr,8.0,6.0,,,,,,5.0,0.0
active_power_discr,8.0,6.0,,,,,,6.0,0.0
active_power_discr,8.0,6.0,,,,,,7.0,0.0
active_power_discr,8.0,6.0,,,,,,8.0,0.0
active_power_discr,8.0,6.0,,,,,,9.0,0.0
active_power_discr,8.0,6.0,,,,,,10.0,0.0
active_power_discr,8.0,6.0,,,,,,11.0,0.0
active_power_discr,8.0,6.0,,,,,,12.0,0.0
active_power_discr,8.0,6.0,,,,,,13.0,0.0
active_power_discr,8.0,6.0,,,,,,14.0,0.0
active_power_discr,8.0,6.0,,,,,,15.0,0.0
active_power_discr,8.0,8.0,,,,,,1.0,0.0075778699824844125
active_power_discr,8.0,8.0,,,,,,2.0,0.013320281329628255
active_power_discr,8.0,8.0,,,,,,3.0,0.023414217334232015
active_power_discr,8.0,8.0,,,,,,4.0,0.041157206804276286
active_power_discr,8.0,8.0,,,,,,5.0,0.05011607708729955
active_power_discr,8.0,8.0,,,,,,6.0,0.0
active_power_discr,8.0,8.0,,,,,,7.0,0.0
active_power_discr,8.0,8.0,,,,,,8.0,0.0
active_power_discr,8.0,8.0,,,,,,9.0,0.0
active_power_discr,8.0,8.0,,,,,,10.0,0.0
active_power_discr,8.0,8.0,,,,,,11.0,0.0
active_power_discr,8.0,8.0,,,,,,12.0,0.0
active_power_discr,8.0,8.0,,,,,,13.0,0.0
active_power_discr,8.0,8.0,,,,,,14.0,0.0
active_power_discr,8.0,8.0,,,,,,15.0,0.0
active_power_discr,8.0,9.0,,,,,,1.0,0.0075778699824844125
active_power_discr,8.0,9.0,,,,,,2.0,0.013320281329628255
active_power_discr,8.0,9.0,,,,,,3.0,0.023414217334232015
active_power_discr,8.0,9.0,,,,,,4.0,0.041157206804276286
active_power_discr,8.0,9.0,,,,,,5.0,0.07234560300477912
active_power_discr,8.0,9.0,,,,,,6.0,0.12716816034224418
active_power_discr,8.0,9.0,,,,,,7.0,0.2235345388407699
active_power_discr,8.0,9.0,,,,,,8.0,0.07745088018106094
active_power_discr,8.0,9.0,,,,,,9.0,0.0
active_power_discr,8.0,9.0,,,,,,10.0,0.0
active_power_discr,8.0,9.0,,,,,,11.0,0.0
active_power_discr,8.0,9.0,,,,,,12.0,0.0
active_power_discr,8.0,9.0,,,,,,13.0,0.0
active_power_discr,8.0,9.0,,,,,,14.0,0.0
active_power_discr,8.0,9.0,,,,,,15.0,0.0
active_power_discr,8.0,10.0,,,,,,1.0,0.0075778699824844125
active_power_discr,8.0,10.0,,,,,,2.0,0.003449760028562539
active_power_discr,8.0,10.0,,,,,,3.0,0.0
active_power_discr,8.0,10.0,,,,,,4.0,0.0
active_power_discr,8.0,10.0,,,,,,5.0,0.0
active_power_discr,8.0,10.0,,,,,,6.0,0.0
active_power_discr,8.0,10.0,,,,,,7.0,0.0
active_power_discr,8.0,10.0,,,,,,8.0,0.0
active_power_discr,8.0,10.0,,,,,,9.0,0.0
active_power_discr,8.0,10.0,,,,,,10.0,0.0
active_power_discr,8.0,10.0,,,,,,11.0,0.0
active_power_discr,8.0,10.0,,,,,,12.0,0.0
active_power_discr,8.0,10.0,,,,,,13.0,0.0
active_power_discr,8.0,10.0,,,,,,14.0,0.0
active_power_discr,8.0,10.0,,,,,,15.0,0.0
active_power_discr,8.0,13.0,,,,,,1.0,0.0075778699824844125
active_power_discr,8.0,13.0,,,,,,2.0,0.013320281329628255
active_power_discr,8.0,13.0,,,,,,3.0,0.023414217334232015
active_power_discr,8.0,13.0,,,,,,4.0,0.041157206804276286
active_power_discr,8.0,13.0,,,,,,5.0,0.07234560300477912
active_power_discr,8.0,13.0,,,,,,6.0,0.12716816034224418
active_power_discr,8.0,13.0,,,,,,7.0,0.2235345388407699
active_power_discr,8.0,13.0,,,,,,8.0,0.09075819050446265
active_power_discr,8.0,13.0,,,,,,9.0,0.0
active_power_discr,8.0,13.0,,,,,,10.0,0.0
active_power_discr,8.0,13.0,,,,,,11.0,0.0
active_power_discr,8.0,13.0,,,,,,12.0,0.0
active_power_discr,8.0,13.0,,,,,,13.0,0.0
active_power_discr,8.0,13.0,,,,,,14.0,0.0
active_power_discr,8.0,13.0,,,,,,15.0,0.0
active_power_discr,8.0,14.0,,,,,,1.0,0.0075778699824844125
active_power_discr,8.0,14.0,,,,,,2.0,0.013320281329628255
active_power_discr,8.0,14.0,,,,,,3.0,0.023414217334232015
active_power_discr,8.0,14.0,,,,,,4.0,0.003576833430570206
active_power_discr,8.0,14.0,,,,,,5.0,0.0
active_power_discr,8.0,14.0,,,,,,6.0,0.0
active_power_discr,8.0,14.0,,,,,,7.0,0.0
active_power_discr,8.0,14.0,,,,,,8.0,0.0
active_power_discr,8.0,14.0,,,,,,9.0,0.0
active_power_discr,8.0,14.0,,,,,,10.0,0.0
active_power_discr,8.0,14.0,,,,,,11.0,0.0
active_power_discr,8.0,14.0,,,,,,12.0,0.0
active_power_discr,8.0,14.0,,,,,,13.0,0.0
active_power_discr,8.0,14.0,,,,,,14.0,0.0
active_power_discr,8.0,14.0,,,,,,15.0,0.0
active_power_discr,8.0,15.0,,,,,,1.0,0.003811904963134563
active_power_discr,8.0,15.0,,,,,,2.0,0.005264966907931571
active_power_discr,8.0,15.0,,,,,,3.0,0.007271922256639911
active_power_discr,8.0,15.0,,,,,,4.0,0.010043909910801375
active_power_discr,8.0,15.0,,,,,,5.0,0.01387255291462737
active_power_discr,8.0,15.0,,,,,,6.0,0.019160638245288873
active_power_discr,8.0,15.0,,,,,,7.0,0.00032457081842986873
active_power_discr,8.0,15.0,,,,,,8.0,0.0
active_power_discr,8.0,15.0,,,,,,9.0,0.0
active_power_discr,8.0,15.0,,,,,,10.0,0.0
active_power_discr,8.0,15.0,,,,,,11.0,0.0
active_power_discr,8.0,15.0,,,,,,12.0,0.0
active_power_discr,8.0,15.0,,,,,,13.0,0.0
active_power_discr,8.0,15.0,,,,,,14.0,0.0
active_power_discr,8.0,15.0,,,,,,15.0,0.0
active_power_discr,8.0,16.0,,,,,,1.0,0.003811904963134563
active_power_discr,8.0,16.0,,,,,,2.0,0.0027281859819794554
active_power_discr,8.0,16.0,,,,,,3.0,0.0
active_power_discr,8.0,16.0,,,,,,4.0,0.0
active_power_discr,8.0,16.0,,,,,,5.0,0.0
active_power_discr,8.0,16.0,,,,,,6.0,0.0
active_power_discr,8.0,16.0,,,,,,7.0,0.0
active_power_discr,8.0,16.0,,,,,,8.0,0.0
active_power_discr,8.0,16.0,,,,,,9.0,0.0
active_power_discr,8.0,16.0,,,,,,10.0,0.0
active_power_discr,8.0,16.0,,,,,,11.0,0.0
active_power_discr,8.0,16.0,,,,,,12.0,0.0
active_power_discr,8.0,16.0,,,,,,13.0,0.0
active_power_discr,8.0,16.0,,,,,,14.0,0.0
active_power_discr,8.0,16.0,,,,,,15.0,0.0
active_power_discr,8.0,17.0,,,,,,1.0,0.0075778699824844125
active_power_discr,8.0,17.0,,,,,,2.0,0.013320281329628255
active_power_discr,8.0,17.0,,,,,,3.0,0.023414217334232015
active_power_discr,8.0,17.0,,,,,,4.0,0.041157206804276286
active_power_discr,8.0,17.0,,,,,,5.0,0.07234560300477912
active_power_discr,8.0,17.0,,,,,,6.0,0.11007912193557076
active_power_discr,8.0,17.0,,,,,,7.0,0.0
active_power_discr,8.0,17.0,,,,,,8.0,0.0
active_power_discr,8.0,17.0,,,,,,9.0,0.0
active_power_discr,8.0,17.0,,,,,,10.0,0.0
active_power_discr,8.0,17.0,,,,,,11.0,0.0
active_power_discr,8.0,17.0,,,,,,12.0,0.0
active_power_discr,8.0,17.0,,,,,,13.0,0.0
active_power_discr,8.0,17.0,,,,,,14.0,0.0
active_power_discr,8.0,17.0,,,,,,15.0,0.0
active_power_discr,9.0,3.0,,,,,,1.0,0.0075778699824844125
active_power_discr,9.0,3.0,,,,,,2.0,0.013320281329628255
active_power_discr,9.0,3.0,,,,,,3.0,0.023414217334232015
active_power_discr,9.0,3.0,,,,,,4.0,0.041157206804276286
active_power_discr,9.0,3.0,,,,,,5.0,0.07234560300477912
active_power_discr,9.0,3.0,,,,,,6.0,0.12716816034224418
active_power_discr,9.0,3.0,,,,,,7.0,0.2235345388407699
active_power_discr,9.0,3.0,,,,,,8.0,0.0785145825969863
active_power_discr,9.0,3.0,,,,,,9.0,0.0
active_power_discr,9.0,3.0,,,,,,10.0,0.0
active_power_discr,9.0,3.0,,,,,,11.0,0.0
active_power_discr,9.0,3.0,,,,,,12.0,0.0
active_power_discr,9.0,3.0,,,,,,13.0,0.0
active_power_discr,9.0,3.0,,,,,,14.0,0.0
active_power_discr,9.0,3.0,,,,,,15.0,0.0
active_power_discr,9.0,5.0,,,,,,1.0,0.0075778699824844125
active_power_discr,9.0,5.0,,,,,,2.0,0.013320281329628255
active_power_discr,9.0,5.0,,,,,,3.0,0.023414217334232015
active_power_discr,9.0,5.0,,,,,,4.0,0.041157206804276286
active_power_discr,9.0,5.0,,,,,,5.0,0.03901751798517582
active_power_discr,9.0,5.0,,,,,,6.0,0.0
active_power_discr,9.0,5.0,,,,,,7.0,0.0
active_power_discr,9.0,5.0,,,,,,8.0,0.0
active_power_discr,9.0,5.0,,,,,,9.0,0.0
active_power_discr,9.0,5.0,,,,,,10.0,0.0
active_power_discr,9.0,5.0,,,,,,11.0,0.0
active_power_discr,9.0,5.0,,,,,,12.0,0.0
active_power_discr,9.0,5.0,,,,,,13.0,0.0
active_power_discr,9.0,5.0,,,,,,14.0,0.0
active_power_discr,9.0,5.0,,,,,,15.0,0.0
active_power_discr,9.0,6.0,,,,,,1.0,0.003811904963134563
active_power_discr,9.0,6.0,,,,,,2.0,0.005264966907931571
active_power_discr,9.0,6.0,,,,,,3.0,0.0020222260126609055
active_power_discr,9.0,6.0,,,,,,4.0,0.0
active_power_discr,9.0,6.0,,,,,,5.0,0.0
active_power_discr,9.0,6.0,,,,,,6.0,0.0
active_power_discr,9.0,6.0,,,,,,7.0,0.0
active_power_discr,9.0,6.0,,,,,,8.0,0.0
active_power_discr,9.0,6.0,,,,,,9.0,0.0
active_power_discr,9.0,6.0,,,,,,10.0,0.0
active_power_discr,9.0,6.0,,,,,,11.0,0.0
active_power_discr,9.0,6.0,,,,,,12.0,0.0
active_power_discr,9.0,6.0,,,,,,13.0,0.0
active_power_discr,9.0,6.0,,,,,,14.0,0.0
active_power_discr,9.0,6.0,,,,,,15.0,0.0
active_power_discr,9.0,8.0,,,,,,1.0,0.0075778699824844125
active_power_discr,9.0,8.0,,,,,,2.0,0.013320281329628255
active_power_discr,9.0,8.0,,,,,,3.0,0.023414217334232015
active_power_discr,9.0,8.0,,,,,,4.0,0.041157206804276286
active_power_discr,9.0,8.0,,,,,,5.0,0.041364730995457524
active_power_discr,9.0,8.0,,,,,,6.0,0.0
active_power_discr,9.0,8.0,,,,,,7.0,0.0
active_power_discr,9.0,8.0,,,,,,8.0,0.0
active_power_discr,9.0,8.0,,,,,,9.0,0.0
active_power_discr,9.0,8.0,,,,,,10.0,0.0
active_power_discr,9.0,8.0,,,,,,11.0,0.0
active_power_discr,9.0,8.0,,,,,,12.0,0.0
active_power_discr,9.0,8.0,,,,,,13.0,0.0
active_power_discr,9.0,8.0,,,,,,14.0,0.0
active_power_discr,9.0,8.0,,,,,,15.0,0.0
active_power_discr,9.0,9.0,,,,,,1.0,0.0075778699824844125
active_power_discr,9.0,9.0,,,,,,2.0,0.013320281329628255
active_power_discr,9.0,9.0,,,,,,3.0,0.023414217334232015
active_power_discr,9.0,9.0,,,,,,4.0,0.041157206804276286
active_power_discr,9.0,9.0,,,,,,5.0,0.07234560300477912
active_power_discr,9.0,9.0,,,,,,6.0,0.12716816034224418
active_power_discr,9.0,9.0,,,,,,7.0,0.2235345388407699
active_power_discr,9.0,9.0,,,,,,8.0,0.06883980649501353
active_power_discr,9.0,9.0,,,,,,9.0,0.0
active_power_discr,9.0,9.0,,,,,,10.0,0.0
active_power_discr,9.0,9.0,,,,,,11.0,0.0
active_power_discr,9.0,9.0,,,,,,12.0,0.0
active_power_discr,9.0,9.0,,,,,,13.0,0.0
active_power_discr,9.0,9.0,,,,,,14.0,0.0
active_power_discr,9.0,9.0,,,,,,15.0,0.0
active_power_discr,9.0,10.0,,,,,,1.0,0.0075778699824844125
active_power_discr,9.0,10.0,,,,,,2.0,0.011590029111925118
active_power_discr,9.0,10.0,,,,,,3.0,0.0
active_power_discr,9.0,10.0,,,,,,4.0,0.0
active_power_discr,9.0,10.0,,,,,,5.0,0.0
active_power_discr,9.0,10.0,,,,,,6.0,0.0
active_power_discr,9.0,10.0,,,,,,7.0,0.0
active_power_discr,9.0,10.0,,,,,,8.0,0.0
active_power_discr,9.0,10.0,,,,,,9.0,0.0
active_power_discr,9.0,10.0,,,,,,10.0,0.0
active_power_discr,9.0,10.0,,,,,,11.0,0.0
active_power_discr,9.0,10.0,,,,,,12.0,0.0
active_power_discr,9.0,10.0,,,,,,13.0,0.0
active_power_discr,9.0,10.0,,,,,,14.0,0.0
active_power_discr,9.0,10.0,,,,,,15.0,0.0
active_power_discr,9.0,13.0,,,,,,1.0,0.0075778699824844125
active_power_discr,9.0,13.0,,,,,,2.0,0.013320281329628255
active_power_discr,9.0,13.0,,,,,,3.0,0.023414217334232015
active_power_discr,9.0,13.0,,,,,,4.0,0.041157206804276286
active_power_discr,9.0,13.0,,,,,,5.0,0.07234560300477912
active_power_discr,9.0,13.0,,,,,,6.0,0.12716816034224418
active_power_discr,9.0,13.0,,,,,,7.0,0.2235345388407699
active_power_discr,9.0,13.0,,,,,,8.0,0.07872881878344606
active_power_discr,9.0,13.0,,,,,,9.0,0.0
active_power_discr,9.0,13.0,,,,,,10.0,0.0
active_power_discr,9.0,13.0,,,,,,11.0,0.0
active_power_discr,9.0,13.0,,,,,,12.0,0.0
active_power_discr,9.0,13.0,,,,,,13.0,0.0
active_power_discr,9.0,13.0,,,,,,14.0,0.0
active_power_discr,9.0,13.0,,,,,,15.0,0.0
active_power_discr,9.0,14.0,,,,,,1.0,0.0075778699824844125
active_power_discr,9.0,14.0,,,,,,2.0,0.013320281329628255
active_power_discr,9.0,14.0,,,,,,3.0,0.023414217334232015
active_power_discr,9.0,14.0,,,,,,4.0,0.007867035987493262
active_power_discr,9.0,14.0,,,,,,5.0,0.0
active_power_discr,9.0,14.0,,,,,,6.0,0.0
active_power_discr,9.0,14.0,,,,,,7.0,0.0
active_power_discr,9.0,14.0,,,,,,8.0,0.0
active_power_discr,9.0,14.0,,,,,,9.0,0.0
active_power_discr,9.0,14.0,,,,,,10.0,0.0
active_power_discr,9.0,14.0,,,,,,11.0,0.0
active_power_discr,9.0,14.0,,,,,,12.0,0.0
active_power_discr,9.0,14.0,,,,,,13.0,0.0
active_power_discr,9.0,14.0,,,,,,14.0,0.0
active_power_discr,9.0,14.0,,,,,,15.0,0.0
active_power_discr,9.0,15.0,,,,,,1.0,0.003811904963134563
active_power_discr,9.0,15.0,,,,,,2.0,0.005264966907931571
active_power_discr,9.0,15.0,,,,,,3.0,0.007271922256639911
active_power_discr,9.0,15.0,,,,,,4.0,0.010043909910801375
active_power_discr,9.0,15.0,,,,,,5.0,0.01387255291462737
active_power_discr,9.0,15.0,,,,,,6.0,0.015009961911788994
active_power_discr,9.0,15.0,,,,,,7.0,0.0
active_power_discr,9.0,15.0,,,,,,8.0,0.0
active_power_discr,9.0,15.0,,,,,,9.0,0.0
active_power_discr,9.0,15.0,,,,,,10.0,0.0
active_power_discr,9.0,15.0,,,,,,11.0,0.0
active_power_discr,9.0,15.0,,,,,,12.0,0.0
active_power_discr,9.0,15.0,,,,,,13.0,0.0
active_power_discr,9.0,15.0,,,,,,14.0,0.0
active_power_discr,9.0,15.0,,,,,,15.0,0.0
active_power_discr,9.0,16.0,,,,,,1.0,0.003811904963134563
active_power_discr,9.0,16.0,,,,,,2.0,0.0010254830878518115
active_power_discr,9.0,16.0,,,,,,3.0,0.0
active_power_discr,9.0,16.0,,,,,,4.0,0.0
active_power_discr,9.0,16.0,,,,,,5.0,0.0
active_power_discr,9.0,16.0,,,,,,6.0,0.0
active_power_discr,9.0,16.0,,,,,,7.0,0.0
active_power_discr,9.0,16.0,,,,,,8.0,0.0
active_power_discr,9.0,16.0,,,,,,9.0,0.0
active_power_discr,9.0,16.0,,,,,,10.0,0.0
active_power_discr,9.0,16.0,,,,,,11.0,0.0
active_power_discr,9.0,16.0,,,,,,12.0,0.0
active_power_discr,9.0,16.0,,,,,,13.0,0.0
active_power_discr,9.0,16.0,,,,,,14.0,0.0
active_power_discr,9.0,16.0,,,,,,15.0,0.0
active_power_discr,9.0,17.0,,,,,,1.0,0.0075778699824844125
active_power_discr,9.0,17.0,,,,,,2.0,0.013320281329628255
active_power_discr,9.0,17.0,,,,,,3.0,0.023414217334232015
active_power_discr,9.0,17.0,,,,,,4.0,0.041157206804276286
active_power_discr,9.0,17.0,,,,,,5.0,0.07234560300477912
active_power_discr,9.0,17.0,,,,,,6.0,0.11601727842407547
active_power_discr,9.0,17.0,,,,,,7.0,0.0
active_power_discr,9.0,17.0,,,,,,8.0,0.0
active_power_discr,9.0,17.0,,,,,,9.0,0.0
active_power_discr,9.0,17.0,,,,,,10.0,0.0
active_power_discr,9.0,17.0,,,,,,11.0,0.0
active_power_discr,9.0,17.0,,,,,,12.0,0.0
active_power_discr,9.0,17.0,,,,,,13.0,0.0
active_power_discr,9.0,17.0,,,,,,14.0,0.0
active_power_discr,9.0,17.0,,,,,,15.0,0.0
active_power_discr,10.0,3.0,,,,,,1.0,0.0075778699824844125
active_power_discr,10.0,3.0,,,,,,2.0,0.013320281329628255
active_power_discr,10.0,3.0,,,,,,3.0,0.023414217334232015
active_power_discr,10.0,3.0,,,,,,4.0,0.041157206804276286
active_power_discr,10.0,3.0,,,,,,5.0,0.07234560300477912
active_power_discr,10.0,3.0,,,,,,6.0,0.12716816034224418
active_power_discr,10.0,3.0,,,,,,7.0,0.2235345388407699
active_power_discr,10.0,3.0,,,,,,8.0,0.060067417468743556
active_power_discr,10.0,3.0,,,,,,9.0,0.0
active_power_discr,10.0,3.0,,,,,,10.0,0.0
active_power_discr,10.0,3.0,,,,,,11.0,0.0
active_power_discr,10.0,3.0,,,,,,12.0,0.0
active_power_discr,10.0,3.0,,,,,,13.0,0.0
active_power_discr,10.0,3.0,,,,,,14.0,0.0
active_power_discr,10.0,3.0,,,,,,15.0,0.0
active_power_discr,10.0,5.0,,,,,,1.0,0.0075778699824844125
active_power_discr,10.0,5.0,,,,,,2.0,0.013320281329628255
active_power_discr,10.0,5.0,,,,,,3.0,0.023414217334232015
active_power_discr,10.0,5.0,,,,,,4.0,0.041157206804276286
active_power_discr,10.0,5.0,,,,,,5.0,0.03252198417311582
active_power_discr,10.0,5.0,,,,,,6.0,0.0
active_power_discr,10.0,5.0,,,,,,7.0,0.0
active_power_discr,10.0,5.0,,,,,,8.0,0.0
active_power_discr,10.0,5.0,,,,,,9.0,0.0
active_power_discr,10.0,5.0,,,,,,10.0,0.0
active_power_discr,10.0,5.0,,,,,,11.0,0.0
active_power_discr,10.0,5.0,,,,,,12.0,0.0
active_power_discr,10.0,5.0,,,,,,13.0,0.0
active_power_discr,10.0,5.0,,,,,,14.0,0.0
active_power_discr,10.0,5.0,,,,,,15.0,0.0
active_power_discr,10.0,6.0,,,,,,1.0,0.003811904963134563
active_power_discr,10.0,6.0,,,,,,2.0,0.005264966907931571
active_power_discr,10.0,6.0,,,,,,3.0,0.007271922256639911
active_power_discr,10.0,6.0,,,,,,4.0,0.00018588363867734145
active_power_discr,10.0,6.0,,,,,,5.0,0.0
active_power_discr,10.0,6.0,,,,,,6.0,0.0
active_power_discr,10.0,6.0,,,,,,7.0,0.0
active_power_discr,10.0,6.0,,,,,,8.0,0.0
active_power_discr,10.0,6.0,,,,,,9.0,0.0
active_power_discr,10.0,6.0,,,,,,10.0,0.0
active_power_discr,10.0,6.0,,,,,,11.0,0.0
active_power_discr,10.0,6.0,,,,,,12.0,0.0
active_power_discr,10.0,6.0,,,,,,13.0,0.0
active_power_discr,10.0,6.0,,,,,,14.0,0.0
active_power_discr,10.0,6.0,,,,,,15.0,0.0
active_power_discr,10.0,8.0,,,,,,1.0,0.0075778699824844125
active_power_discr,10.0,8.0,,,,,,2.0,0.013320281329628255
active_power_discr,10.0,8.0,,,,,,3.0,0.023414217334232015
active_power_discr,10.0,8.0,,,,,,4.0,0.041157206804276286
active_power_discr,10.0,8.0,,,,,,5.0,0.036605567038813625
active_power_discr,10.0,8.0,,,,,,6.0,0.0
active_power_discr,10.0,8.0,,,,,,7.0,0.0
active_power_discr,10.0,8.0,,,,,,8.0,0.0
active_power_discr,10.0,8.0,,,,,,9.0,0.0
active_power_discr,10.0,8.0,,,,,,10.0,0.0
active_power_discr,10.0,8.0,,,,,,11.0,0.0
active_power_discr,10.0,8.0,,,,,,12.0,0.0
active_power_discr,10.0,8.0,,,,,,13.0,0.0
active_power_discr,10.0,8.0,,,,,,14.0,0.0
active_power_discr,10.0,8.0,,,,,,15.0,0.0
active_power_discr,10.0,9.0,,,,,,1.0,0.0075778699824844125
active_power_discr,10.0,9.0,,,,,,2.0,0.013320281329628255
active_power_discr,10.0,9.0,,,,,,3.0,0.023414217334232015
active_power_discr,10.0,9.0,,,,,,4.0,0.041157206804276286
active_power_discr,10.0,9.0,,,,,,5.0,0.07234560300477912
active_power_discr,10.0,9.0,,,,,,6.0,0.12716816034224418
active_power_discr,10.0,9.0,,,,,,7.0,0.2235345388407699
active_power_discr,10.0,9.0,,,,,,8.0,0.05460951654343327
active_power_discr,10.0,9.0,,,,,,9.0,0.0
active_power_discr,10.0,9.0,,,,,,10.0,0.0
active_power_discr,10.0,9.0,,,,,,11.0,0.0
active_power_discr,10.0,9.0,,,,,,12.0,0.0
active_power_discr,10.0,9.0,,,,,,13.0,0.0
active_power_discr,10.0,9.0,,,,,,14.0,0.0
active_power_discr,10.0,9.0,,,,,,15.0,0.0
active_power_discr,10.0,10.0,,,,,,1.0,0.0075778699824844125
active_power_discr,10.0,10.0,,,,,,2.0,0.00911633833500289
active_power_discr,10.0,10.0,,,,,,3.0,0.0
active_power_discr,10.0,10.0,,,,,,4.0,0.0
active_power_discr,10.0,10.0,,,,,,5.0,0.0
active_power_discr,10.0,10.0,,,,,,6.0,0.0
active_power_discr,10.0,10.0,,,,,,7.0,0.0
active_power_discr,10.0,10.0,,,,,,8.0,0.0
active_power_discr,10.0,10.0,,,,,,9.0,0.0
active_power_discr,10.0,10.0,,,,,,10.0,0.0
active_power_discr,10.0,10.0,,,,,,11.0,0.0
active_power_discr,10.0,10.0,,,,,,12.0,0.0
active_power_discr,10.0,10.0,,,,,,13.0,0.0
active_power_discr,10.0,10.0,,,,,,14.0,0.0
active_power_discr,10.0,10.0,,,,,,15.0,0.0
active_power_discr,10.0,13.0,,,,,,1.0,0.0075778699824844125
active_power_discr,10.0,13.0,,,,,,2.0,0.013320281329628255
active_power_discr,10.0,13.0,,,,,,3.0,0.023414217334232015
active_power_discr,10.0,13.0,,,,,,4.0,0.041157206804276286
active_power_discr,10.0,13.0,,,,,,5.0,0.07234560300477912
active_power_discr,10.0,13.0,,,,,,6.0,0.12716816034224418
active_power_discr,10.0,13.0,,,,,,7.0,0.2235345388407699
active_power_discr,10.0,13.0,,,,,,8.0,0.06026344298659604
active_power_discr,10.0,13.0,,,,,,9.0,0.0
active_power_discr,10.0,13.0,,,,,,10.0,0.0
active_power_discr,10.0,13.0,,,,,,11.0,0.0
active_power_discr,10.0,13.0,,,,,,12.0,0.0
active_power_discr,10.0,13.0,,,,,,13.0,0.0
active_power_discr,10.0,13.0,,,,,,14.0,0.0
active_power_discr,10.0,13.0,,,,,,15.0,0.0
active_power_discr,10.0,14.0,,,,,,1.0,0.0075778699824844125
active_power_discr,10.0,14.0,,,,,,2.0,0.013320281329628255
active_power_discr,10.0,14.0,,,,,,3.0,0.023414217334232015
active_power_discr,10.0,14.0,,,,,,4.0,0.009831575776570692
active_power_discr,10.0,14.0,,,,,,5.0,0.0
active_power_discr,10.0,14.0,,,,,,6.0,0.0
active_power_discr,10.0,14.0,,,,,,7.0,0.0
active_power_discr,10.0,14.0,,,,,,8.0,0.0
active_power_discr,10.0,14.0,,,,,,9.0,0.0
active_power_discr,10.0,14.0,,,,,,10.0,0.0
active_power_discr,10.0,14.0,,,,,,11.0,0.0
active_power_discr,10.0,14.0,,,,,,12.0,0.0
active_power_discr,10.0,14.0,,,,,,13.0,0.0
active_power_discr,10.0,14.0,,,,,,14.0,0.0
active_power_discr,10.0,14.0,,,,,,15.0,0.0
active_power_discr,10.0,15.0,,,,,,1.0,0.003811904963134563
active_power_discr,10.0,15.0,,,,,,2.0,0.005264966907931571
active_power_discr,10.0,15.0,,,,,,3.0,0.007271922256639911
active_power_discr,10.0,15.0,,,,,,4.0,0.010043909910801375
active_power_discr,10.0,15.0,,,,,,5.0,0.01387255291462737
active_power_discr,10.0,15.0,,,,,,6.0,0.012127969931058365
active_power_discr,10.0,15.0,,,,,,7.0,0.0
active_power_discr,10.0,15.0,,,,,,8.0,0.0
active_power_discr,10.0,15.0,,,,,,9.0,0.0
active_power_discr,10.0,15.0,,,,,,10.0,0.0
active_power_discr,10.0,15.0,,,,,,11.0,0.0
active_power_discr,10.0,15.0,,,,,,12.0,0.0
active_power_discr,10.0,15.0,,,,,,13.0,0.0
active_power_discr,10.0,15.0,,,,,,14.0,0.0
active_power_discr,10.0,15.0,,,,,,15.0,0.0
active_power_discr,10.0,16.0,,,,,,1.0,0.0027289504626551563
active_power_discr,10.0,16.0,,,,,,2.0,0.0
active_power_discr,10.0,16.0,,,,,,3.0,0.0
active_power_discr,10.0,16.0,,,,,,4.0,0.0
active_power_discr,10.0,16.0,,,,,,5.0,0.0
active_power_discr,10.0,16.0,,,,,,6.0,0.0
active_power_discr,10.0,16.0,,,,,,7.0,0.0
active_power_discr,10.0,16.0,,,,,,8.0,0.0
active_power_discr,10.0,16.0,,,,,,9.0,0.0
active_power_discr,10.0,16.0,,,,,,10.0,0.0
active_power_discr,10.0,16.0,,,,,,11.0,0.0
active_power_discr,10.0,16.0,,,,,,12.0,0.0
active_power_discr,10.0,16.0,,,,,,13.0,0.0
active_power_discr,10.0,16.0,,,,,,14.0,0.0
active_power_discr,10.0,16.0,,,,,,15.0,0.0
active_power_discr,10.0,17.0,,,,,,1.0,0.0075778699824844125
active_power_discr,10.0,17.0,,,,,,2.0,0.013320281329628255
active_power_discr,10.0,17.0,,,,,,3.0,0.023414217334232015
active_power_discr,10.0,17.0,,,,,,4.0,0.041157206804276286
active_power_discr,10.0,17.0,,,,,,5.0,0.07234560300477912
active_power_discr,10.0,17.0,,,,,,6.0,0.11107884764715323
active_power_discr,10.0,17.0,,,,,,7.0,0.0
active_power_discr,10.0,17.0,,,,,,8.0,0.0
active_power_discr,10.0,17.0,,,,,,9.0,0.0
active_power_discr,10.0,17.0,,,,,,10.0,0.0
active_power_discr,10.0,17.0,,,,,,11.0,0.0
active_power_discr,10.0,17.0,,,,,,12.0,0.0
active_power_discr,10.0,17.0,,,,,,13.0,0.0
active_power_discr,10.0,17.0,,,,,,14.0,0.0
active_power_discr,10.0,17.0,,,,,,15.0,0.0
active_power_discr,11.0,3.0,,,,,,1.0,0.0075778699824844125
active_power_discr,11.0,3.0,,,,,,2.0,0.013320281329628255
active_power_discr,11.0,3.0,,,,,,3.0,0.023414217334232015
active_power_discr,11.0,3.0,,,,,,4.0,0.041157206804276286
active_power_discr,11.0,3.0,,,,,,5.0,0.07234560300477912
active_power_discr,11.0,3.0,,,,,,6.0,0.12716816034224418
active_power_discr,11.0,3.0,,,,,,7.0,0.2235345388407699
active_power_discr,11.0,3.0,,,,,,8.0,0.05047354948229266
active_power_discr,11.0,3.0,,,,,,9.0,0.0
active_power_discr,11.0,3.0,,,,,,10.0,0.0
active_power_discr,11.0,3.0,,,,,,11.0,0.0
active_power_discr,11.0,3.0,,,,,,12.0,0.0
active_power_discr,11.0,3.0,,,,,,13.0,0.0
active_power_discr,11.0,3.0,,,,,,14.0,0.0
active_power_discr,11.0,3.0,,,,,,15.0,0.0
active_power_discr,11.0,5.0,,,,,,1.0,0.0075778699824844125
active_power_discr,11.0,5.0,,,,,,2.0,0.013320281329628255
active_power_discr,11.0,5.0,,,,,,3.0,0.023414217334232015
active_power_discr,11.0,5.0,,,,,,4.0,0.041157206804276286
active_power_discr,11.0,5.0,,,,,,5.0,0.03100242586392063
active_power_discr,11.0,5.0,,,,,,6.0,0.0
active_power_discr,11.0,5.0,,,,,,7.0,0.0
active_power_discr,11.0,5.0,,,,,,8.0,0.0
active_power_discr,11.0,5.0,,,,,,9.0,0.0
active_power_discr,11.0,5.0,,,,,,10.0,0.0
active_power_discr,11.0,5.0,,,,,,11.0,0.0
active_power_discr,11.0,5.0,,,,,,12.0,0.0
active_power_discr,11.0,5.0,,,,,,13.0,0.0
active_power_discr,11.0,5.0,,,,,,14.0,0.0
active_power_discr,11.0,5.0,,,,,,15.0,0.0
active_power_discr,11.0,6.0,,,,,,1.0,0.003811904963134563
active_power_discr,11.0,6.0,,,,,,2.0,0.005264966907931571
active_power_discr,11.0,6.0,,,,,,3.0,0.006739609116926918
active_power_discr,11.0,6.0,,,,,,4.0,0.0
active_power_discr,11.0,6.0,,,,,,5.0,0.0
active_power_discr,11.0,6.0,,,,,,6.0,0.0
active_power_discr,11.0,6.0,,,,,,7.0,0.0
active_power_discr,11.0,6.0,,,,,,8.0,0.0
active_power_discr,11.0,6.0,,,,,,9.0,0.0
active_power_discr,11.0,6.0,,,,,,10.0,0.0
active_power_discr,11.0,6.0,,,,,,11.0,0.0
active_power_discr,11.0,6.0,,,,,,12.0,0.0
active_power_discr,11.0,6.0,,,,,,13.0,0.0
active_power_discr,11.0,6.0,,,,,,14.0,0.0
active_power_discr,11.0,6.0,,,,,,15.0,0.0
active_power_discr,11.0,8.0,,,,,,1.0,0.0075778699824844125
active_power_discr,11.0,8.0,,,,,,2.0,0.013320281329628255
active_power_discr,11.0,8.0,,,,,,3.0,0.023414217334232015
active_power_discr,11.0,8.0,,,,,,4.0,0.041157206804276286
active_power_discr,11.0,8.0,,,,,,5.0,0.03603039499545753
active_power_discr,11.0,8.0,,,,,,6.0,0.0
active_power_discr,11.0,8.0,,,,,,7.0,0.0
active_power_discr,11.0,8.0,,,,,,8.0,0.0
active_power_discr,11.0,8.0,,,,,,9.0,0.0
active_power_discr,11.0,8.0,,,,,,10.0,0.0
active_power_discr,11.0,8.0,,,,,,11.0,0.0
active_power_discr,11.0,8.0,,,,,,12.0,0.0
active_power_discr,11.0,8.0,,,,,,13.0,0.0
active_power_discr,11.0,8.0,,,,,,14.0,0.0
active_power_discr,11.0,8.0,,,,,,15.0,0.0
active_power_discr,11.0,9.0,,,,,,1.0,0.0075778699824844125
active_power_discr,11.0,9.0,,,,,,2.0,0.013320281329628255
active_power_discr,11.0,9.0,,,,,,3.0,0.023414217334232015
active_power_discr,11.0,9.0,,,,,,4.0,0.041157206804276286
active_power_discr,11.0,9.0,,,,,,5.0,0.07234560300477912
active_power_discr,11.0,9.0,,,,,,6.0,0.12716816034224418
active_power_discr,11.0,9.0,,,,,,7.0,0.2235345388407699
active_power_discr,11.0,9.0,,,,,,8.0,0.047482625110676246
active_power_discr,11.0,9.0,,,,,,9.0,0.0
active_power_discr,11.0,9.0,,,,,,10.0,0.0
active_power_discr,11.0,9.0,,,,,,11.0,0.0
active_power_discr,11.0,9.0,,,,,,12.0,0.0
active_power_discr,11.0,9.0,,,,,,13.0,0.0
active_power_discr,11.0,9.0,,,,,,14.0,0.0
active_power_discr,11.0,9.0,,,,,,15.0,0.0
active_power_discr,11.0,10.0,,,,,,1.0,0.0075778699824844125
active_power_discr,11.0,10.0,,,,,,2.0,0.007547099486282778
active_power_discr,11.0,10.0,,,,,,3.0,0.0
active_power_discr,11.0,10.0,,,,,,4.0,0.0
active_power_discr,11.0,10.0,,,,,,5.0,0.0
active_power_discr,11.0,10.0,,,,,,6.0,0.0
active_power_discr,11.0,10.0,,,,,,7.0,0.0
active_power_discr,11.0,10.0,,,,,,8.0,0.0
active_power_discr,11.0,10.0,,,,,,9.0,0.0
active_power_discr,11.0,10.0,,,,,,10.0,0.0
active_power_discr,11.0,10.0,,,,,,11.0,0.0
active_power_discr,11.0,10.0,,,,,,12.0,0.0
active_power_discr,11.0,10.0,,,,,,13.0,0.0
active_power_discr,11.0,10.0,,,,,,14.0,0.0
active_power_discr,11.0,10.0,,,,,,15.0,0.0
active_power_discr,11.0,13.0,,,,,,1.0,0.0075778699824844125
active_power_discr,11.0,13.0,,,,,,2.0,0.013320281329628255
active_power_discr,11.0,13.0,,,,,,3.0,0.023414217334232015
active_power_discr,11.0,13.0,,,,,,4.0,0.041157206804276286
active_power_discr,11.0,13.0,,,,,,5.0,0.07234560300477912
active_power_discr,11.0,13.0,,,,,,6.0,0.12716816034224418
active_power_discr,11.0,13.0,,,,,,7.0,0.2235345388407699
active_power_discr,11.0,13.0,,,,,,8.0,0.05066119327178517
active_power_discr,11.0,13.0,,,,,,9.0,0.0
active_power_discr,11.0,13.0,,,,,,10.0,0.0
active_power_discr,11.0,13.0,,,,,,11.0,0.0
active_power_discr,11.0,13.0,,,,,,12.0,0.0
active_power_discr,11.0,13.0,,,,,,13.0,0.0
active_power_discr,11.0,13.0,,,,,,14.0,0.0
active_power_discr,11.0,13.0,,,,,,15.0,0.0
active_power_discr,11.0,14.0,,,,,,1.0,0.0075778699824844125
active_power_discr,11.0,14.0,,,,,,2.0,0.013320281329628255
active_power_discr,11.0,14.0,,,,,,3.0,0.023414217334232015
active_power_discr,11.0,14.0,,,,,,4.0,0.007714785617711897
active_power_discr,11.0,14.0,,,,,,5.0,0.0
active_power_discr,11.0,14.0,,,,,,6.0,0.0
active_power_discr,11.0,14.0,,,,,,7.0,0.0
active_power_discr,11.0,14.0,,,,,,8.0,0.0
active_power_discr,11.0,14.0,,,,,,9.0,0.0
active_power_discr,11.0,14.0,,,,,,10.0,0.0
active_power_discr,11.0,14.0,,,,,,11.0,0.0
active_power_discr,11.0,14.0,,,,,,12.0,0.0
active_power_discr,11.0,14.0,,,,,,13.0,0.0
active_power_discr,11.0,14.0,,,,,,14.0,0.0
active_power_discr,11.0,14.0,,,,,,15.0,0.0
active_power_discr,11.0,15.0,,,,,,1.0,0.003811904963134563
active_power_discr,11.0,15.0,,,,,,2.0,0.005264966907931571
active_power_discr,11.0,15.0,,,,,,3.0,0.007271922256639911
active_power_discr,11.0,15.0,,,,,,4.0,0.010043909910801375
active_power_discr,11.0,15.0,,,,,,5.0,0.01387255291462737
active_power_discr,11.0,15.0,,,,,,6.0,0.011453737911788997
active_power_discr,11.0,15.0,,,,,,7.0,0.0
active_power_discr,11.0,15.0,,,,,,8.0,0.0
active_power_discr,11.0,15.0,,,,,,9.0,0.0
active_power_discr,11.0,15.0,,,,,,10.0,0.0
active_power_discr,11.0,15.0,,,,,,11.0,0.0
active_power_discr,11.0,15.0,,,,,,12.0,0.0
active_power_discr,11.0,15.0,,,,,,13.0,0.0
active_power_discr,11.0,15.0,,,,,,14.0,0.0
active_power_discr,11.0,15.0,,,,,,15.0,0.0
active_power_discr,11.0,16.0,,,,,,1.0,0.0014954621858081774
active_power_discr,11.0,16.0,,,,,,2.0,0.0
active_power_discr,11.0,16.0,,,,,,3.0,0.0
active_power_discr,11.0,16.0,,,,,,4.0,0.0
active_power_discr,11.0,16.0,,,,,,5.0,0.0
active_power_discr,11.0,16.0,,,,,,6.0,0.0
active_power_discr,11.0,16.0,,,,,,7.0,0.0
active_power_discr,11.0,16.0,,,,,,8.0,0.0
active_power_discr,11.0,16.0,,,,,,9.0,0.0
active_power_discr,11.0,16.0,,,,,,10.0,0.0
active_power_discr,11.0,16.0,,,,,,11.0,0.0
active_power_discr,11.0,16.0,,,,,,12.0,0.0
active_power_discr,11.0,16.0,,,,,,13.0,0.0
active_power_discr,11.0,16.0,,,,,,14.0,0.0
active_power_discr,11.0,16.0,,,,,,15.0,0.0
active_power_discr,11.0,17.0,,,,,,1.0,0.0075778699824844125
active_power_discr,11.0,17.0,,,,,,2.0,0.013320281329628255
active_power_discr,11.0,17.0,,,,,,3.0,0.023414217334232015
active_power_discr,11.0,17.0,,,,,,4.0,0.041157206804276286
active_power_discr,11.0,17.0,,,,,,5.0,0.07234560300477912
active_power_discr,11.0,17.0,,,,,,6.0,0.1081641087984331
active_power_discr,11.0,17.0,,,,,,7.0,0.0
active_power_discr,11.0,17.0,,,,,,8.0,0.0
active_power_discr,11.0,17.0,,,,,,9.0,0.0
active_power_discr,11.0,17.0,,,,,,10.0,0.0
active_power_discr,11.0,17.0,,,,,,11.0,0.0
active_power_discr,11.0,17.0,,,,,,12.0,0.0
active_power_discr,11.0,17.0,,,,,,13.0,0.0
active_power_discr,11.0,17.0,,,,,,14.0,0.0
active_power_discr,11.0,17.0,,,,,,15.0,0.0
active_power_discr,12.0,3.0,,,,,,1.0,0.0075778699824844125
active_power_discr,12.0,3.0,,,,,,2.0,0.013320281329628255
active_power_discr,12.0,3.0,,,,,,3.0,0.023414217334232015
active_power_discr,12.0,3.0,,,,,,4.0,0.041157206804276286
active_power_discr,12.0,3.0,,,,,,5.0,0.07234560300477912
active_power_discr,12.0,3.0,,,,,,6.0,0.12716816034224418
active_power_discr,12.0,3.0,,,,,,7.0,0.2205663173558854
active_power_discr,12.0,3.0,,,,,,8.0,0.0
active_power_discr,12.0,3.0,,,,,,9.0,0.0
active_power_discr,12.0,3.0,,,,,,10.0,0.0
active_power_discr,12.0,3.0,,,,,,11.0,0.0
active_power_discr,12.0,3.0,,,,,,12.0,0.0
active_power_discr,12.0,3.0,,,,,,13.0,0.0
active_power_discr,12.0,3.0,,,,,,14.0,0.0
active_power_discr,12.0,3.0,,,,,,15.0,0.0
active_power_discr,12.0,5.0,,,,,,1.0,0.0075778699824844125
active_power_discr,12.0,5.0,,,,,,2.0,0.013320281329628255
active_power_discr,12.0,5.0,,,,,,3.0,0.023414217334232015
active_power_discr,12.0,5.0,,,,,,4.0,0.041157206804276286
active_power_discr,12.0,5.0,,,,,,5.0,0.021147182140490772
active_power_discr,12.0,5.0,,,,,,6.0,0.0
active_power_discr,12.0,5.0,,,,,,7.0,0.0
active_power_discr,12.0,5.0,,,,,,8.0,0.0
active_power_discr,12.0,5.0,,,,,,9.0,0.0
active_power_discr,12.0,5.0,,,,,,10.0,0.0
active_power_discr,12.0,5.0,,,,,,11.0,0.0
active_power_discr,12.0,5.0,,,,,,12.0,0.0
active_power_discr,12.0,5.0,,,,,,13.0,0.0
active_power_discr,12.0,5.0,,,,,,14.0,0.0
active_power_discr,12.0,5.0,,,,,,15.0,0.0
active_power_discr,12.0,6.0,,,,,,1.0,0.003811904963134563
active_power_discr,12.0,6.0,,,,,,2.0,0.005264966907931571
active_power_discr,12.0,6.0,,,,,,3.0,0.005870695748215341
active_power_discr,12.0,6.0,,,,,,4.0,0.0
active_power_discr,12.0,6.0,,,,,,5.0,0.0
active_power_discr,12.0,6.0,,,,,,6.0,0.0
active_power_discr,12.0,6.0,,,,,,7.0,0.0
active_power_discr,12.0,6.0,,,,,,8.0,0.0
active_power_discr,12.0,6.0,,,,,,9.0,0.0
active_power_discr,12.0,6.0,,,,,,10.0,0.0
active_power_discr,12.0,6.0,,,,,,11.0,0.0
active_power_discr,12.0,6.0,,,,,,12.0,0.0
active_power_discr,12.0,6.0,,,,,,13.0,0.0
active_power_discr,12.0,6.0,,,,,,14.0,0.0
active_power_discr,12.0,6.0,,,,,,15.0,0.0
active_power_discr,12.0,8.0,,,,,,1.0,0.0075778699824844125
active_power_discr,12.0,8.0,,,,,,2.0,0.013320281329628255
active_power_discr,12.0,8.0,,,,,,3.0,0.023414217334232015
active_power_discr,12.0,8.0,,,,,,4.0,0.041157206804276286
active_power_discr,12.0,8.0,,,,,,5.0,0.027331144471667346
active_power_discr,12.0,8.0,,,,,,6.0,0.0
active_power_discr,12.0,8.0,,,,,,7.0,0.0
active_power_discr,12.0,8.0,,,,,,8.0,0.0
active_power_discr,12.0,8.0,,,,,,9.0,0.0
active_power_discr,12.0,8.0,,,,,,10.0,0.0
active_power_discr,12.0,8.0,,,,,,11.0,0.0
active_power_discr,12.0,8.0,,,,,,12.0,0.0
active_power_discr,12.0,8.0,,,,,,13.0,0.0
active_power_discr,12.0,8.0,,,,,,14.0,0.0
active_power_discr,12.0,8.0,,,,,,15.0,0.0
active_power_discr,12.0,9.0,,,,,,1.0,0.0075778699824844125
active_power_discr,12.0,9.0,,,,,,2.0,0.013320281329628255
active_power_discr,12.0,9.0,,,,,,3.0,0.023414217334232015
active_power_discr,12.0,9.0,,,,,,4.0,0.041157206804276286
active_power_discr,12.0,9.0,,,,,,5.0,0.07234560300477912
active_power_discr,12.0,9.0,,,,,,6.0,0.12716816034224418
active_power_discr,12.0,9.0,,,,,,7.0,0.2235345388407699
active_power_discr,12.0,9.0,,,,,,8.0,0.0032564410850971504
active_power_discr,12.0,9.0,,,,,,9.0,0.0
active_power_discr,12.0,9.0,,,,,,10.0,0.0
active_power_discr,12.0,9.0,,,,,,11.0,0.0
active_power_discr,12.0,9.0,,,,,,12.0,0.0
active_power_discr,12.0,9.0,,,,,,13.0,0.0
active_power_discr,12.0,9.0,,,,,,14.0,0.0
active_power_discr,12.0,9.0,,,,,,15.0,0.0
active_power_discr,12.0,10.0,,,,,,1.0,0.0075778699824844125
active_power_discr,12.0,10.0,,,,,,2.0,0.0061647049720189515
active_power_discr,12.0,10.0,,,,,,3.0,0.0
active_power_discr,12.0,10.0,,,,,,4.0,0.0
active_power_discr,12.0,10.0,,,,,,5.0,0.0
active_power_discr,12.0,10.0,,,,,,6.0,0.0
active_power_discr,12.0,10.0,,,,,,7.0,0.0
active_power_discr,12.0,10.0,,,,,,8.0,0.0
active_power_discr,12.0,10.0,,,,,,9.0,0.0
active_power_discr,12.0,10.0,,,,,,10.0,0.0
active_power_discr,12.0,10.0,,,,,,11.0,0.0
active_power_discr,12.0,10.0,,,,,,12.0,0.0
active_power_discr,12.0,10.0,,,,,,13.0,0.0
active_power_discr,12.0,10.0,,,,,,14.0,0.0
active_power_discr,12.0,10.0,,,,,,15.0,0.0
active_power_discr,12.0,13.0,,,,,,1.0,0.0075778699824844125
active_power_discr,12.0,13.0,,,,,,2.0,0.013320281329628255
active_power_discr,12.0,13.0,,,,,,3.0,0.023414217334232015
active_power_discr,12.0,13.0,,,,,,4.0,0.041157206804276286
active_power_discr,12.0,13.0,,,,,,5.0,0.07234560300477912
active_power_discr,12.0,13.0,,,,,,6.0,0.12716816034224418
active_power_discr,12.0,13.0,,,,,,7.0,0.2207121463946482
active_power_discr,12.0,13.0,,,,,,8.0,0.0
active_power_discr,12.0,13.0,,,,,,9.0,0.0
active_power_discr,12.0,13.0,,,,,,10.0,0.0
active_power_discr,12.0,13.0,,,,,,11.0,0.0
active_power_discr,12.0,13.0,,,,,,12.0,0.0
active_power_discr,12.0,13.0,,,,,,13.0,0.0
active_power_discr,12.0,13.0,,,,,,14.0,0.0
active_power_discr,12.0,13.0,,,,,,15.0,0.0
active_power_discr,12.0,14.0,,,,,,1.0,0.0075778699824844125
active_power_discr,12.0,14.0,,,,,,2.0,0.013320281329628255
active_power_discr,12.0,14.0,,,,,,3.0,0.0231678055935347
active_power_discr,12.0,14.0,,,,,,4.0,0.0
active_power_discr,12.0,14.0,,,,,,5.0,0.0
active_power_discr,12.0,14.0,,,,,,6.0,0.0
active_power_discr,12.0,14.0,,,,,,7.0,0.0
active_power_discr,12.0,14.0,,,,,,8.0,0.0
active_power_discr,12.0,14.0,,,,,,9.0,0.0
active_power_discr,12.0,14.0,,,,,,10.0,0.0
active_power_discr,12.0,14.0,,,,,,11.0,0.0
active_power_discr,12.0,14.0,,,,,,12.0,0.0
active_power_discr,12.0,14.0,,,,,,13.0,0.0
active_power_discr,12.0,14.0,,,,,,14.0,0.0
active_power_discr,12.0,14.0,,,,,,15.0,0.0
active_power_discr,12.0,15.0,,,,,,1.0,0.003811904963134563
active_power_discr,12.0,15.0,,,,,,2.0,0.005264966907931571
active_power_discr,12.0,15.0,,,,,,3.0,0.007271922256639911
active_power_discr,12.0,15.0,,,,,,4.0,0.010043909910801375
active_power_discr,12.0,15.0,,,,,,5.0,0.01387255291462737
active_power_discr,12.0,15.0,,,,,,6.0,0.007080940345660022
active_power_discr,12.0,15.0,,,,,,7.0,0.0
active_power_discr,12.0,15.0,,,,,,8.0,0.0
active_power_discr,12.0,15.0,,,,,,9.0,0.0
active_power_discr,12.0,15.0,,,,,,10.0,0.0
active_power_discr,12.0,15.0,,,,,,11.0,0.0
active_power_discr,12.0,15.0,,,,,,12.0,0.0
active_power_discr,12.0,15.0,,,,,,13.0,0.0
active_power_discr,12.0,15.0,,,,,,14.0,0.0
active_power_discr,12.0,15.0,,,,,,15.0,0.0
active_power_discr,12.0,16.0,,,,,,1.0,0.0031123312849908507
active_power_discr,12.0,16.0,,,,,,2.0,0.0
active_power_discr,12.0,16.0,,,,,,3.0,0.0
active_power_discr,12.0,16.0,,,,,,4.0,0.0
active_power_discr,12.0,16.0,,,,,,5.0,0.0
active_power_discr,12.0,16.0,,,,,,6.0,0.0
active_power_discr,12.0,16.0,,,,,,7.0,0.0
active_power_discr,12.0,16.0,,,,,,8.0,0.0
active_power_discr,12.0,16.0,,,,,,9.0,0.0
active_power_discr,12.0,16.0,,,,,,10.0,0.0
active_power_discr,12.0,16.0,,,,,,11.0,0.0
active_power_discr,12.0,16.0,,,,,,12.0,0.0
active_power_discr,12.0,16.0,,,,,,13.0,0.0
active_power_discr,12.0,16.0,,,,,,14.0,0.0
active_power_discr,12.0,16.0,,,,,,15.0,0.0
active_power_discr,12.0,17.0,,,,,,1.0,0.0075778699824844125
active_power_discr,12.0,17.0,,,,,,2.0,0.013320281329628255
active_power_discr,12.0,17.0,,,,,,3.0,0.023414217334232015
active_power_discr,12.0,17.0,,,,,,4.0,0.041157206804276286
active_power_discr,12.0,17.0,,,,,,5.0,0.07234560300477912
active_power_discr,12.0,17.0,,,,,,6.0,0.09045719181278589
active_power_discr,12.0,17.0,,,,,,7.0,0.0
active_power_discr,12.0,17.0,,,,,,8.0,0.0
active_power_discr,12.0,17.0,,,,,,9.0,0.0
active_power_discr,12.0,17.0,,,,,,10.0,0.0
active_power_discr,12.0,17.0,,,,,,11.0,0.0
active_power_discr,12.0,17.0,,,,,,12.0,0.0
active_power_discr,12.0,17.0,,,,,,13.0,0.0
active_power_discr,12.0,17.0,,,,,,14.0,0.0
active_power_discr,12.0,17.0,,,,,,15.0,0.0
active_power_discr,13.0,3.0,,,,,,1.0,0.0075778699824844125
active_power_discr,13.0,3.0,,,,,,2.0,0.013320281329628255
active_power_discr,13.0,3.0,,,,,,3.0,0.023414217334232015
active_power_discr,13.0,3.0,,,,,,4.0,0.041157206804276286
active_power_discr,13.0,3.0,,,,,,5.0,0.07234560300477912
active_power_discr,13.0,3.0,,,,,,6.0,0.12716816034224418
active_power_discr,13.0,3.0,,,,,,7.0,0.2235345388407699
active_power_discr,13.0,3.0,,,,,,8.0,0.07104265850262359
active_power_discr,13.0,3.0,,,,,,9.0,0.0
active_power_discr,13.0,3.0,,,,,,10.0,0.0
active_power_discr,13.0,3.0,,,,,,11.0,0.0
active_power_discr,13.0,3.0,,,,,,12.0,0.0
active_power_discr,13.0,3.0,,,,,,13.0,0.0
active_power_discr,13.0,3.0,,,,,,14.0,0.0
active_power_discr,13.0,3.0,,,,,,15.0,0.0
active_power_discr,13.0,5.0,,,,,,1.0,0.0075778699824844125
active_power_discr,13.0,5.0,,,,,,2.0,0.013320281329628255
active_power_discr,13.0,5.0,,,,,,3.0,0.023414217334232015
active_power_discr,13.0,5.0,,,,,,4.0,0.041157206804276286
active_power_discr,13.0,5.0,,,,,,5.0,0.0366749998129544
active_power_discr,13.0,5.0,,,,,,6.0,0.0
active_power_discr,13.0,5.0,,,,,,7.0,0.0
active_power_discr,13.0,5.0,,,,,,8.0,0.0
active_power_discr,13.0,5.0,,,,,,9.0,0.0
active_power_discr,13.0,5.0,,,,,,10.0,0.0
active_power_discr,13.0,5.0,,,,,,11.0,0.0
active_power_discr,13.0,5.0,,,,,,12.0,0.0
active_power_discr,13.0,5.0,,,,,,13.0,0.0
active_power_discr,13.0,5.0,,,,,,14.0,0.0
active_power_discr,13.0,5.0,,,,,,15.0,0.0
active_power_discr,13.0,6.0,,,,,,1.0,0.003811904963134563
active_power_discr,13.0,6.0,,,,,,2.0,0.005264966907931571
active_power_discr,13.0,6.0,,,,,,3.0,0.007271922256639911
active_power_discr,13.0,6.0,,,,,,4.0,0.0006302031820101008
active_power_discr,13.0,6.0,,,,,,5.0,0.0
active_power_discr,13.0,6.0,,,,,,6.0,0.0
active_power_discr,13.0,6.0,,,,,,7.0,0.0
active_power_discr,13.0,6.0,,,,,,8.0,0.0
active_power_discr,13.0,6.0,,,,,,9.0,0.0
active_power_discr,13.0,6.0,,,,,,10.0,0.0
active_power_discr,13.0,6.0,,,,,,11.0,0.0
active_power_discr,13.0,6.0,,,,,,12.0,0.0
active_power_discr,13.0,6.0,,,,,,13.0,0.0
active_power_discr,13.0,6.0,,,,,,14.0,0.0
active_power_discr,13.0,6.0,,,,,,15.0,0.0
active_power_discr,13.0,8.0,,,,,,1.0,0.0075778699824844125
active_power_discr,13.0,8.0,,,,,,2.0,0.013320281329628255
active_power_discr,13.0,8.0,,,,,,3.0,0.023414217334232015
active_power_discr,13.0,8.0,,,,,,4.0,0.041157206804276286
active_power_discr,13.0,8.0,,,,,,5.0,0.040169278959327634
active_power_discr,13.0,8.0,,,,,,6.0,0.0
active_power_discr,13.0,8.0,,,,,,7.0,0.0
active_power_discr,13.0,8.0,,,,,,8.0,0.0
active_power_discr,13.0,8.0,,,,,,9.0,0.0
active_power_discr,13.0,8.0,,,,,,10.0,0.0
active_power_discr,13.0,8.0,,,,,,11.0,0.0
active_power_discr,13.0,8.0,,,,,,12.0,0.0
active_power_discr,13.0,8.0,,,,,,13.0,0.0
active_power_discr,13.0,8.0,,,,,,14.0,0.0
active_power_discr,13.0,8.0,,,,,,15.0,0.0
active_power_discr,13.0,9.0,,,,,,1.0,0.0075778699824844125
active_power_discr,13.0,9.0,,,,,,2.0,0.013320281329628255
active_power_discr,13.0,9.0,,,,,,3.0,0.023414217334232015
active_power_discr,13.0,9.0,,,,,,4.0,0.041157206804276286
active_power_discr,13.0,9.0,,,,,,5.0,0.07234560300477912
active_power_discr,13.0,9.0,,,,,,6.0,0.12716816034224418
active_power_discr,13.0,9.0,,,,,,7.0,0.2235345388407699
active_power_discr,13.0,9.0,,,,,,8.0,0.06489789834975446
active_power_discr,13.0,9.0,,,,,,9.0,0.0
active_power_discr,13.0,9.0,,,,,,10.0,0.0
active_power_discr,13.0,9.0,,,,,,11.0,0.0
active_power_discr,13.0,9.0,,,,,,12.0,0.0
active_power_discr,13.0,9.0,,,,,,13.0,0.0
active_power_discr,13.0,9.0,,,,,,14.0,0.0
active_power_discr,13.0,9.0,,,,,,15.0,0.0
active_power_discr,13.0,10.0,,,,,,1.0,0.0075778699824844125
active_power_discr,13.0,10.0,,,,,,2.0,0.009049165325655037
active_power_discr,13.0,10.0,,,,,,3.0,0.0
active_power_discr,13.0,10.0,,,,,,4.0,0.0
active_power_discr,13.0,10.0,,,,,,5.0,0.0
active_power_discr,13.0,10.0,,,,,,6.0,0.0
active_power_discr,13.0,10.0,,,,,,7.0,0.0
active_power_discr,13.0,10.0,,,,,,8.0,0.0
active_power_discr,13.0,10.0,,,,,,9.0,0.0
active_power_discr,13.0,10.0,,,,,,10.0,0.0
active_power_discr,13.0,10.0,,,,,,11.0,0.0
active_power_discr,13.0,10.0,,,,,,12.0,0.0
active_power_discr,13.0,10.0,,,,,,13.0,0.0
active_power_discr,13.0,10.0,,,,,,14.0,0.0
active_power_discr,13.0,10.0,,,,,,15.0,0.0
active_power_discr,13.0,13.0,,,,,,1.0,0.0075778699824844125
active_power_discr,13.0,13.0,,,,,,2.0,0.013320281329628255
active_power_discr,13.0,13.0,,,,,,3.0,0.023414217334232015
active_power_discr,13.0,13.0,,,,,,4.0,0.041157206804276286
active_power_discr,13.0,13.0,,,,,,5.0,0.07234560300477912
active_power_discr,13.0,13.0,,,,,,6.0,0.12716816034224418
active_power_discr,13.0,13.0,,,,,,7.0,0.2235345388407699
active_power_discr,13.0,13.0,,,,,,8.0,0.07124686814936304
active_power_discr,13.0,13.0,,,,,,9.0,0.0
active_power_discr,13.0,13.0,,,,,,10.0,0.0
active_power_discr,13.0,13.0,,,,,,11.0,0.0
active_power_discr,13.0,13.0,,,,,,12.0,0.0
active_power_discr,13.0,13.0,,,,,,13.0,0.0
active_power_discr,13.0,13.0,,,,,,14.0,0.0
active_power_discr,13.0,13.0,,,,,,15.0,0.0
active_power_discr,13.0,14.0,,,,,,1.0,0.0075778699824844125
active_power_discr,13.0,14.0,,,,,,2.0,0.013320281329628255
active_power_discr,13.0,14.0,,,,,,3.0,0.023414217334232015
active_power_discr,13.0,14.0,,,,,,4.0,0.011637742789248479
active_power_discr,13.0,14.0,,,,,,5.0,0.0
active_power_discr,13.0,14.0,,,,,,6.0,0.0
active_power_discr,13.0,14.0,,,,,,7.0,0.0
active_power_discr,13.0,14.0,,,,,,8.0,0.0
active_power_discr,13.0,14.0,,,,,,9.0,0.0
active_power_discr,13.0,14.0,,,,,,10.0,0.0
active_power_discr,13.0,14.0,,,,,,11.0,0.0
active_power_discr,13.0,14.0,,,,,,12.0,0.0
active_power_discr,13.0,14.0,,,,,,13.0,0.0
active_power_discr,13.0,14.0,,,,,,14.0,0.0
active_power_discr,13.0,14.0,,,,,,15.0,0.0
active_power_discr,13.0,15.0,,,,,,1.0,0.003811904963134563
active_power_discr,13.0,15.0,,,,,,2.0,0.005264966907931571
active_power_discr,13.0,15.0,,,,,,3.0,0.007271922256639911
active_power_discr,13.0,15.0,,,,,,4.0,0.010043909910801375
active_power_discr,13.0,15.0,,,,,,5.0,0.01387255291462737
active_power_discr,13.0,15.0,,,,,,6.0,0.013970673895731242
active_power_discr,13.0,15.0,,,,,,7.0,0.0
active_power_discr,13.0,15.0,,,,,,8.0,0.0
active_power_discr,13.0,15.0,,,,,,9.0,0.0
active_power_discr,13.0,15.0,,,,,,10.0,0.0
active_power_discr,13.0,15.0,,,,,,11.0,0.0
active_power_discr,13.0,15.0,,,,,,12.0,0.0
active_power_discr,13.0,15.0,,,,,,13.0,0.0
active_power_discr,13.0,15.0,,,,,,14.0,0.0
active_power_discr,13.0,15.0,,,,,,15.0,0.0
active_power_discr,13.0,16.0,,,,,,1.0,0.003072380076434564
active_power_discr,13.0,16.0,,,,,,2.0,0.0
active_power_discr,13.0,16.0,,,,,,3.0,0.0
active_power_discr,13.0,16.0,,,,,,4.0,0.0
active_power_discr,13.0,16.0,,,,,,5.0,0.0
active_power_discr,13.0,16.0,,,,,,6.0,0.0
active_power_discr,13.0,16.0,,,,,,7.0,0.0
active_power_discr,13.0,16.0,,,,,,8.0,0.0
active_power_discr,13.0,16.0,,,,,,9.0,0.0
active_power_discr,13.0,16.0,,,,,,10.0,0.0
active_power_discr,13.0,16.0,,,,,,11.0,0.0
active_power_discr,13.0,16.0,,,,,,12.0,0.0
active_power_discr,13.0,16.0,,,,,,13.0,0.0
active_power_discr,13.0,16.0,,,,,,14.0,0.0
active_power_discr,13.0,16.0,,,,,,15.0,0.0
active_power_discr,13.0,17.0,,,,,,1.0,0.0075778699824844125
active_power_discr,13.0,17.0,,,,,,2.0,0.013320281329628255
active_power_discr,13.0,17.0,,,,,,3.0,0.023414217334232015
active_power_discr,13.0,17.0,,,,,,4.0,0.041157206804276286
active_power_discr,13.0,17.0,,,,,,5.0,0.07234560300477912
active_power_discr,13.0,17.0,,,,,,6.0,0.11184363463780542
active_power_discr,13.0,17.0,,,,,,7.0,0.0
active_power_discr,13.0,17.0,,,,,,8.0,0.0
active_power_discr,13.0,17.0,,,,,,9.0,0.0
active_power_discr,13.0,17.0,,,,,,10.0,0.0
active_power_discr,13.0,17.0,,,,,,11.0,0.0
active_power_discr,13.0,17.0,,,,,,12.0,0.0
active_power_discr,13.0,17.0,,,,,,13.0,0.0
active_power_discr,13.0,17.0,,,,,,14.0,0.0
active_power_discr,13.0,17.0,,,,,,15.0,0.0
active_power_discr,14.0,3.0,,,,,,1.0,0.0075778699824844125
active_power_discr,14.0,3.0,,,,,,2.0,0.013320281329628255
active_power_discr,14.0,3.0,,,,,,3.0,0.023414217334232015
active_power_discr,14.0,3.0,,,,,,4.0,0.041157206804276286
active_power_discr,14.0,3.0,,,,,,5.0,0.07234560300477912
active_power_discr,14.0,3.0,,,,,,6.0,0.12716816034224418
active_power_discr,14.0,3.0,,,,,,7.0,0.2235345388407699
active_power_discr,14.0,3.0,,,,,,8.0,0.05953339502857835
active_power_discr,14.0,3.0,,,,,,9.0,0.0
active_power_discr,14.0,3.0,,,,,,10.0,0.0
active_power_discr,14.0,3.0,,,,,,11.0,0.0
active_power_discr,14.0,3.0,,,,,,12.0,0.0
active_power_discr,14.0,3.0,,,,,,13.0,0.0
active_power_discr,14.0,3.0,,,,,,14.0,0.0
active_power_discr,14.0,3.0,,,,,,15.0,0.0
active_power_discr,14.0,5.0,,,,,,1.0,0.0075778699824844125
active_power_discr,14.0,5.0,,,,,,2.0,0.013320281329628255
active_power_discr,14.0,5.0,,,,,,3.0,0.023414217334232015
active_power_discr,14.0,5.0,,,,,,4.0,0.041157206804276286
active_power_discr,14.0,5.0,,,,,,5.0,0.03279800687735557
active_power_discr,14.0,5.0,,,,,,6.0,0.0
active_power_discr,14.0,5.0,,,,,,7.0,0.0
active_power_discr,14.0,5.0,,,,,,8.0,0.0
active_power_discr,14.0,5.0,,,,,,9.0,0.0
active_power_discr,14.0,5.0,,,,,,10.0,0.0
active_power_discr,14.0,5.0,,,,,,11.0,0.0
active_power_discr,14.0,5.0,,,,,,12.0,0.0
active_power_discr,14.0,5.0,,,,,,13.0,0.0
active_power_discr,14.0,5.0,,,,,,14.0,0.0
active_power_discr,14.0,5.0,,,,,,15.0,0.0
active_power_discr,14.0,6.0,,,,,,1.0,0.003811904963134563
active_power_discr,14.0,6.0,,,,,,2.0,0.005264966907931571
active_power_discr,14.0,6.0,,,,,,3.0,0.007271922256639911
active_power_discr,14.0,6.0,,,,,,4.0,0.0002559855227993353
active_power_discr,14.0,6.0,,,,,,5.0,0.0
active_power_discr,14.0,6.0,,,,,,6.0,0.0
active_power_discr,14.0,6.0,,,,,,7.0,0.0
active_power_discr,14.0,6.0,,,,,,8.0,0.0
active_power_discr,14.0,6.0,,,,,,9.0,0.0
active_power_discr,14.0,6.0,,,,,,10.0,0.0
active_power_discr,14.0,6.0,,,,,,11.0,0.0
active_power_discr,14.0,6.0,,,,,,12.0,0.0
active_power_discr,14.0,6.0,,,,,,13.0,0.0
active_power_discr,14.0,6.0,,,,,,14.0,0.0
active_power_discr,14.0,6.0,,,,,,15.0,0.0
active_power_discr,14.0,8.0,,,,,,1.0,0.0075778699824844125
active_power_discr,14.0,8.0,,,,,,2.0,0.013320281329628255
active_power_discr,14.0,8.0,,,,,,3.0,0.023414217334232015
active_power_discr,14.0,8.0,,,,,,4.0,0.041157206804276286
active_power_discr,14.0,8.0,,,,,,5.0,0.03678927503881363
active_power_discr,14.0,8.0,,,,,,6.0,0.0
active_power_discr,14.0,8.0,,,,,,7.0,0.0
active_power_discr,14.0,8.0,,,,,,8.0,0.0
active_power_discr,14.0,8.0,,,,,,9.0,0.0
active_power_discr,14.0,8.0,,,,,,10.0,0.0
active_power_discr,14.0,8.0,,,,,,11.0,0.0
active_power_discr,14.0,8.0,,,,,,12.0,0.0
active_power_discr,14.0,8.0,,,,,,13.0,0.0
active_power_discr,14.0,8.0,,,,,,14.0,0.0
active_power_discr,14.0,8.0,,,,,,15.0,0.0
active_power_discr,14.0,9.0,,,,,,1.0,0.0075778699824844125
active_power_discr,14.0,9.0,,,,,,2.0,0.013320281329628255
active_power_discr,14.0,9.0,,,,,,3.0,0.023414217334232015
active_power_discr,14.0,9.0,,,,,,4.0,0.041157206804276286
active_power_discr,14.0,9.0,,,,,,5.0,0.07234560300477912
active_power_discr,14.0,9.0,,,,,,6.0,0.12716816034224418
active_power_discr,14.0,9.0,,,,,,7.0,0.2235345388407699
active_power_discr,14.0,9.0,,,,,,8.0,0.05457909300666586
active_power_discr,14.0,9.0,,,,,,9.0,0.0
active_power_discr,14.0,9.0,,,,,,10.0,0.0
active_power_discr,14.0,9.0,,,,,,11.0,0.0
active_power_discr,14.0,9.0,,,,,,12.0,0.0
active_power_discr,14.0,9.0,,,,,,13.0,0.0
active_power_discr,14.0,9.0,,,,,,14.0,0.0
active_power_discr,14.0,9.0,,,,,,15.0,0.0
active_power_discr,14.0,10.0,,,,,,1.0,0.0075778699824844125
active_power_discr,14.0,10.0,,,,,,2.0,0.008624429697141922
active_power_discr,14.0,10.0,,,,,,3.0,0.0
active_power_discr,14.0,10.0,,,,,,4.0,0.0
active_power_discr,14.0,10.0,,,,,,5.0,0.0
active_power_discr,14.0,10.0,,,,,,6.0,0.0
active_power_discr,14.0,10.0,,,,,,7.0,0.0
active_power_discr,14.0,10.0,,,,,,8.0,0.0
active_power_discr,14.0,10.0,,,,,,9.0,0.0
active_power_discr,14.0,10.0,,,,,,10.0,0.0
active_power_discr,14.0,10.0,,,,,,11.0,0.0
active_power_discr,14.0,10.0,,,,,,12.0,0.0
active_power_discr,14.0,10.0,,,,,,13.0,0.0
active_power_discr,14.0,10.0,,,,,,14.0,0.0
active_power_discr,14.0,10.0,,,,,,15.0,0.0
active_power_discr,14.0,13.0,,,,,,1.0,0.0075778699824844125
active_power_discr,14.0,13.0,,,,,,2.0,0.013320281329628255
active_power_discr,14.0,13.0,,,,,,3.0,0.023414217334232015
active_power_discr,14.0,13.0,,,,,,4.0,0.041157206804276286
active_power_discr,14.0,13.0,,,,,,5.0,0.07234560300477912
active_power_discr,14.0,13.0,,,,,,6.0,0.12716816034224418
active_power_discr,14.0,13.0,,,,,,7.0,0.2235345388407699
active_power_discr,14.0,13.0,,,,,,8.0,0.0597280511509406
active_power_discr,14.0,13.0,,,,,,9.0,0.0
active_power_discr,14.0,13.0,,,,,,10.0,0.0
active_power_discr,14.0,13.0,,,,,,11.0,0.0
active_power_discr,14.0,13.0,,,,,,12.0,0.0
active_power_discr,14.0,13.0,,,,,,13.0,0.0
active_power_discr,14.0,13.0,,,,,,14.0,0.0
active_power_discr,14.0,13.0,,,,,,15.0,0.0
active_power_discr,14.0,14.0,,,,,,1.0,0.0075778699824844125
active_power_discr,14.0,14.0,,,,,,2.0,0.013320281329628255
active_power_discr,14.0,14.0,,,,,,3.0,0.023414217334232015
active_power_discr,14.0,14.0,,,,,,4.0,0.009702208976431884
active_power_discr,14.0,14.0,,,,,,5.0,0.0
active_power_discr,14.0,14.0,,,,,,6.0,0.0
active_power_discr,14.0,14.0,,,,,,7.0,0.0
active_power_discr,14.0,14.0,,,,,,8.0,0.0
active_power_discr,14.0,14.0,,,,,,9.0,0.0
active_power_discr,14.0,14.0,,,,,,10.0,0.0
active_power_discr,14.0,14.0,,,,,,11.0,0.0
active_power_discr,14.0,14.0,,,,,,12.0,0.0
active_power_discr,14.0,14.0,,,,,,13.0,0.0
active_power_discr,14.0,14.0,,,,,,14.0,0.0
active_power_discr,14.0,14.0,,,,,,15.0,0.0
active_power_discr,14.0,15.0,,,,,,1.0,0.003811904963134563
active_power_discr,14.0,15.0,,,,,,2.0,0.005264966907931571
active_power_discr,14.0,15.0,,,,,,3.0,0.007271922256639911
active_power_discr,14.0,15.0,,,,,,4.0,0.010043909910801375
active_power_discr,14.0,15.0,,,,,,5.0,0.01387255291462737
active_power_discr,14.0,15.0,,,,,,6.0,0.012250441931058363
active_power_discr,14.0,15.0,,,,,,7.0,0.0
active_power_discr,14.0,15.0,,,,,,8.0,0.0
active_power_discr,14.0,15.0,,,,,,9.0,0.0
active_power_discr,14.0,15.0,,,,,,10.0,0.0
active_power_discr,14.0,15.0,,,,,,11.0,0.0
active_power_discr,14.0,15.0,,,,,,12.0,0.0
active_power_discr,14.0,15.0,,,,,,13.0,0.0
active_power_discr,14.0,15.0,,,,,,14.0,0.0
active_power_discr,14.0,15.0,,,,,,15.0,0.0
active_power_discr,14.0,16.0,,,,,,1.0,0.0024771510109562545
active_power_discr,14.0,16.0,,,,,,2.0,0.0
active_power_discr,14.0,16.0,,,,,,3.0,0.0
active_power_discr,14.0,16.0,,,,,,4.0,0.0
active_power_discr,14.0,16.0,,,,,,5.0,0.0
active_power_discr,14.0,16.0,,,,,,6.0,0.0
active_power_discr,14.0,16.0,,,,,,7.0,0.0
active_power_discr,14.0,16.0,,,,,,8.0,0.0
active_power_discr,14.0,16.0,,,,,,9.0,0.0
active_power_discr,14.0,16.0,,,,,,10.0,0.0
active_power_discr,14.0,16.0,,,,,,11.0,0.0
active_power_discr,14.0,16.0,,,,,,12.0,0.0
active_power_discr,14.0,16.0,,,,,,13.0,0.0
active_power_discr,14.0,16.0,,,,,,14.0,0.0
active_power_discr,14.0,16.0,,,,,,15.0,0.0
active_power_discr,14.0,17.0,,,,,,1.0,0.0075778699824844125
active_power_discr,14.0,17.0,,,,,,2.0,0.013320281329628255
active_power_discr,14.0,17.0,,,,,,3.0,0.023414217334232015
active_power_discr,14.0,17.0,,,,,,4.0,0.041157206804276286
active_power_discr,14.0,17.0,,,,,,5.0,0.07234560300477912
active_power_discr,14.0,17.0,,,,,,6.0,0.1107181590092923
active_power_discr,14.0,17.0,,,,,,7.0,0.0
active_power_discr,14.0,17.0,,,,,,8.0,0.0
active_power_discr,14.0,17.0,,,,,,9.0,0.0
active_power_discr,14.0,17.0,,,,,,10.0,0.0
active_power_discr,14.0,17.0,,,,,,11.0,0.0
active_power_discr,14.0,17.0,,,,,,12.0,0.0
active_power_discr,14.0,17.0,,,,,,13.0,0.0
active_power_discr,14.0,17.0,,,,,,14.0,0.0
active_power_discr,14.0,17.0,,,,,,15.0,0.0
active_power_discr,15.0,3.0,,,,,,1.0,0.0075778699824844125
active_power_discr,15.0,3.0,,,,,,2.0,0.013320281329628255
active_power_discr,15.0,3.0,,,,,,3.0,0.023414217334232015
active_power_discr,15.0,3.0,,,,,,4.0,0.041157206804276286
active_power_discr,15.0,3.0,,,,,,5.0,0.07234560300477912
active_power_discr,15.0,3.0,,,,,,6.0,0.12716816034224418
active_power_discr,15.0,3.0,,,,,,7.0,0.2235345388407699
active_power_discr,15.0,3.0,,,,,,8.0,0.06508173062135048
active_power_discr,15.0,3.0,,,,,,9.0,0.0
active_power_discr,15.0,3.0,,,,,,10.0,0.0
active_power_discr,15.0,3.0,,,,,,11.0,0.0
active_power_discr,15.0,3.0,,,,,,12.0,0.0
active_power_discr,15.0,3.0,,,,,,13.0,0.0
active_power_discr,15.0,3.0,,,,,,14.0,0.0
active_power_discr,15.0,3.0,,,,,,15.0,0.0
active_power_discr,15.0,5.0,,,,,,1.0,0.0075778699824844125
active_power_discr,15.0,5.0,,,,,,2.0,0.013320281329628255
active_power_discr,15.0,5.0,,,,,,3.0,0.023414217334232015
active_power_discr,15.0,5.0,,,,,,4.0,0.041157206804276286
active_power_discr,15.0,5.0,,,,,,5.0,0.03395472753778413
active_power_discr,15.0,5.0,,,,,,6.0,0.0
active_power_discr,15.0,5.0,,,,,,7.0,0.0
active_power_discr,15.0,5.0,,,,,,8.0,0.0
active_power_discr,15.0,5.0,,,,,,9.0,0.0
active_power_discr,15.0,5.0,,,,,,10.0,0.0
active_power_discr,15.0,5.0,,,,,,11.0,0.0
active_power_discr,15.0,5.0,,,,,,12.0,0.0
active_power_discr,15.0,5.0,,,,,,13.0,0.0
active_power_discr,15.0,5.0,,,,,,14.0,0.0
active_power_discr,15.0,5.0,,,,,,15.0,0.0
active_power_discr,15.0,6.0,,,,,,1.0,0.003811904963134563
active_power_discr,15.0,6.0,,,,,,2.0,0.005264966907931571
active_power_discr,15.0,6.0,,,,,,3.0,0.007271922256639911
active_power_discr,15.0,6.0,,,,,,4.0,0.0005496692175037711
active_power_discr,15.0,6.0,,,,,,5.0,0.0
active_power_discr,15.0,6.0,,,,,,6.0,0.0
active_power_discr,15.0,6.0,,,,,,7.0,0.0
active_power_discr,15.0,6.0,,,,,,8.0,0.0
active_power_discr,15.0,6.0,,,,,,9.0,0.0
active_power_discr,15.0,6.0,,,,,,10.0,0.0
active_power_discr,15.0,6.0,,,,,,11.0,0.0
active_power_discr,15.0,6.0,,,,,,12.0,0.0
active_power_discr,15.0,6.0,,,,,,13.0,0.0
active_power_discr,15.0,6.0,,,,,,14.0,0.0
active_power_discr,15.0,6.0,,,,,,15.0,0.0
active_power_discr,15.0,8.0,,,,,,1.0,0.0075778699824844125
active_power_discr,15.0,8.0,,,,,,2.0,0.013320281329628255
active_power_discr,15.0,8.0,,,,,,3.0,0.023414217334232015
active_power_discr,15.0,8.0,,,,,,4.0,0.041157206804276286
active_power_discr,15.0,8.0,,,,,,5.0,0.037559135038813626
active_power_discr,15.0,8.0,,,,,,6.0,0.0
active_power_discr,15.0,8.0,,,,,,7.0,0.0
active_power_discr,15.0,8.0,,,,,,8.0,0.0
active_power_discr,15.0,8.0,,,,,,9.0,0.0
active_power_discr,15.0,8.0,,,,,,10.0,0.0
active_power_discr,15.0,8.0,,,,,,11.0,0.0
active_power_discr,15.0,8.0,,,,,,12.0,0.0
active_power_discr,15.0,8.0,,,,,,13.0,0.0
active_power_discr,15.0,8.0,,,,,,14.0,0.0
active_power_discr,15.0,8.0,,,,,,15.0,0.0
active_power_discr,15.0,9.0,,,,,,1.0,0.0075778699824844125
active_power_discr,15.0,9.0,,,,,,2.0,0.013320281329628255
active_power_discr,15.0,9.0,,,,,,3.0,0.023414217334232015
active_power_discr,15.0,9.0,,,,,,4.0,0.041157206804276286
active_power_discr,15.0,9.0,,,,,,5.0,0.07234560300477912
active_power_discr,15.0,9.0,,,,,,6.0,0.12716816034224418
active_power_discr,15.0,9.0,,,,,,7.0,0.2235345388407699
active_power_discr,15.0,9.0,,,,,,8.0,0.05902654218466219
active_power_discr,15.0,9.0,,,,,,9.0,0.0
active_power_discr,15.0,9.0,,,,,,10.0,0.0
active_power_discr,15.0,9.0,,,,,,11.0,0.0
active_power_discr,15.0,9.0,,,,,,12.0,0.0
active_power_discr,15.0,9.0,,,,,,13.0,0.0
active_power_discr,15.0,9.0,,,,,,14.0,0.0
active_power_discr,15.0,9.0,,,,,,15.0,0.0
active_power_discr,15.0,10.0,,,,,,1.0,0.0075778699824844125
active_power_discr,15.0,10.0,,,,,,2.0,0.009530643154182965
active_power_discr,15.0,10.0,,,,,,3.0,0.0
active_power_discr,15.0,10.0,,,,,,4.0,0.0
active_power_discr,15.0,10.0,,,,,,5.0,0.0
active_power_discr,15.0,10.0,,,,,,6.0,0.0
active_power_discr,15.0,10.0,,,,,,7.0,0.0
active_power_discr,15.0,10.0,,,,,,8.0,0.0
active_power_discr,15.0,10.0,,,,,,9.0,0.0
active_power_discr,15.0,10.0,,,,,,10.0,0.0
active_power_discr,15.0,10.0,,,,,,11.0,0.0
active_power_discr,15.0,10.0,,,,,,12.0,0.0
active_power_discr,15.0,10.0,,,,,,13.0,0.0
active_power_discr,15.0,10.0,,,,,,14.0,0.0
active_power_discr,15.0,10.0,,,,,,15.0,0.0
active_power_discr,15.0,13.0,,,,,,1.0,0.0075778699824844125
active_power_discr,15.0,13.0,,,,,,2.0,0.013320281329628255
active_power_discr,15.0,13.0,,,,,,3.0,0.023414217334232015
active_power_discr,15.0,13.0,,,,,,4.0,0.041157206804276286
active_power_discr,15.0,13.0,,,,,,5.0,0.07234560300477912
active_power_discr,15.0,13.0,,,,,,6.0,0.12716816034224418
active_power_discr,15.0,13.0,,,,,,7.0,0.2235345388407699
active_power_discr,15.0,13.0,,,,,,8.0,0.06528072431851786
active_power_discr,15.0,13.0,,,,,,9.0,0.0
active_power_discr,15.0,13.0,,,,,,10.0,0.0
active_power_discr,15.0,13.0,,,,,,11.0,0.0
active_power_discr,15.0,13.0,,,,,,12.0,0.0
active_power_discr,15.0,13.0,,,,,,13.0,0.0
active_power_discr,15.0,13.0,,,,,,14.0,0.0
active_power_discr,15.0,13.0,,,,,,15.0,0.0
active_power_discr,15.0,14.0,,,,,,1.0,0.0075778699824844125
active_power_discr,15.0,14.0,,,,,,2.0,0.013320281329628255
active_power_discr,15.0,14.0,,,,,,3.0,0.023414217334232015
active_power_discr,15.0,14.0,,,,,,4.0,0.010766639594902844
active_power_discr,15.0,14.0,,,,,,5.0,0.0
active_power_discr,15.0,14.0,,,,,,6.0,0.0
active_power_discr,15.0,14.0,,,,,,7.0,0.0
active_power_discr,15.0,14.0,,,,,,8.0,0.0
active_power_discr,15.0,14.0,,,,,,9.0,0.0
active_power_discr,15.0,14.0,,,,,,10.0,0.0
active_power_discr,15.0,14.0,,,,,,11.0,0.0
active_power_discr,15.0,14.0,,,,,,12.0,0.0
active_power_discr,15.0,14.0,,,,,,13.0,0.0
active_power_discr,15.0,14.0,,,,,,14.0,0.0
active_power_discr,15.0,14.0,,,,,,15.0,0.0
active_power_discr,15.0,15.0,,,,,,1.0,0.003811904963134563
active_power_discr,15.0,15.0,,,,,,2.0,0.005264966907931571
active_power_discr,15.0,15.0,,,,,,3.0,0.007271922256639911
active_power_discr,15.0,15.0,,,,,,4.0,0.010043909910801375
active_power_discr,15.0,15.0,,,,,,5.0,0.01387255291462737
active_power_discr,15.0,15.0,,,,,,6.0,0.012763681931058361
active_power_discr,15.0,15.0,,,,,,7.0,0.0
active_power_discr,15.0,15.0,,,,,,8.0,0.0
active_power_discr,15.0,15.0,,,,,,9.0,0.0
active_power_discr,15.0,15.0,,,,,,10.0,0.0
active_power_discr,15.0,15.0,,,,,,11.0,0.0
active_power_discr,15.0,15.0,,,,,,12.0,0.0
active_power_discr,15.0,15.0,,,,,,13.0,0.0
active_power_discr,15.0,15.0,,,,,,14.0,0.0
active_power_discr,15.0,15.0,,,,,,15.0,0.0
active_power_discr,15.0,16.0,,,,,,1.0,0.0030275942183441637
active_power_discr,15.0,16.0,,,,,,2.0,0.0
active_power_discr,15.0,16.0,,,,,,3.0,0.0
active_power_discr,15.0,16.0,,,,,,4.0,0.0
active_power_discr,15.0,16.0,,,,,,5.0,0.0
active_power_discr,15.0,16.0,,,,,,6.0,0.0
active_power_discr,15.0,16.0,,,,,,7.0,0.0
active_power_discr,15.0,16.0,,,,,,8.0,0.0
active_power_discr,15.0,16.0,,,,,,9.0,0.0
active_power_discr,15.0,16.0,,,,,,10.0,0.0
active_power_discr,15.0,16.0,,,,,,11.0,0.0
active_power_discr,15.0,16.0,,,,,,12.0,0.0
active_power_discr,15.0,16.0,,,,,,13.0,0.0
active_power_discr,15.0,16.0,,,,,,14.0,0.0
active_power_discr,15.0,16.0,,,,,,15.0,0.0
active_power_discr,15.0,17.0,,,,,,1.0,0.0075778699824844125
active_power_discr,15.0,17.0,,,,,,2.0,0.013320281329628255
active_power_discr,15.0,17.0,,,,,,3.0,0.023414217334232015
active_power_discr,15.0,17.0,,,,,,4.0,0.041157206804276286
active_power_discr,15.0,17.0,,,,,,5.0,0.07234560300477912
active_power_discr,15.0,17.0,,,,,,6.0,0.11217427246633335
active_power_discr,15.0,17.0,,,,,,7.0,0.0
active_power_discr,15.0,17.0,,,,,,8.0,0.0
active_power_discr,15.0,17.0,,,,,,9.0,0.0
active_power_discr,15.0,17.0,,,,,,10.0,0.0
active_power_discr,15.0,17.0,,,,,,11.0,0.0
active_power_discr,15.0,17.0,,,,,,12.0,0.0
active_power_discr,15.0,17.0,,,,,,13.0,0.0
active_power_discr,15.0,17.0,,,,,,14.0,0.0
active_power_discr,15.0,17.0,,,,,,15.0,0.0
active_power_discr,16.0,3.0,,,,,,1.0,0.0075778699824844125
active_power_discr,16.0,3.0,,,,,,2.0,0.013320281329628255
active_power_discr,16.0,3.0,,,,,,3.0,0.023414217334232015
active_power_discr,16.0,3.0,,,,,,4.0,0.041157206804276286
active_power_discr,16.0,3.0,,,,,,5.0,0.07234560300477912
active_power_discr,16.0,3.0,,,,,,6.0,0.12716816034224418
active_power_discr,16.0,3.0,,,,,,7.0,0.2235345388407699
active_power_discr,16.0,3.0,,,,,,8.0,0.09282855071685425
active_power_discr,16.0,3.0,,,,,,9.0,0.0
active_power_discr,16.0,3.0,,,,,,10.0,0.0
active_power_discr,16.0,3.0,,,,,,11.0,0.0
active_power_discr,16.0,3.0,,,,,,12.0,0.0
active_power_discr,16.0,3.0,,,,,,13.0,0.0
active_power_discr,16.0,3.0,,,,,,14.0,0.0
active_power_discr,16.0,3.0,,,,,,15.0,0.0
active_power_discr,16.0,5.0,,,,,,1.0,0.0075778699824844125
active_power_discr,16.0,5.0,,,,,,2.0,0.013320281329628255
active_power_discr,16.0,5.0,,,,,,3.0,0.023414217334232015
active_power_discr,16.0,5.0,,,,,,4.0,0.041157206804276286
active_power_discr,16.0,5.0,,,,,,5.0,0.04132022455733246
active_power_discr,16.0,5.0,,,,,,6.0,0.0
active_power_discr,16.0,5.0,,,,,,7.0,0.0
active_power_discr,16.0,5.0,,,,,,8.0,0.0
active_power_discr,16.0,5.0,,,,,,9.0,0.0
active_power_discr,16.0,5.0,,,,,,10.0,0.0
active_power_discr,16.0,5.0,,,,,,11.0,0.0
active_power_discr,16.0,5.0,,,,,,12.0,0.0
active_power_discr,16.0,5.0,,,,,,13.0,0.0
active_power_discr,16.0,5.0,,,,,,14.0,0.0
active_power_discr,16.0,5.0,,,,,,15.0,0.0
active_power_discr,16.0,6.0,,,,,,1.0,0.003811904963134563
active_power_discr,16.0,6.0,,,,,,2.0,0.005264966907931571
active_power_discr,16.0,6.0,,,,,,3.0,0.007271922256639911
active_power_discr,16.0,6.0,,,,,,4.0,0.0019070210243871677
active_power_discr,16.0,6.0,,,,,,5.0,0.0
active_power_discr,16.0,6.0,,,,,,6.0,0.0
active_power_discr,16.0,6.0,,,,,,7.0,0.0
active_power_discr,16.0,6.0,,,,,,8.0,0.0
active_power_discr,16.0,6.0,,,,,,9.0,0.0
active_power_discr,16.0,6.0,,,,,,10.0,0.0
active_power_discr,16.0,6.0,,,,,,11.0,0.0
active_power_discr,16.0,6.0,,,,,,12.0,0.0
active_power_discr,16.0,6.0,,,,,,13.0,0.0
active_power_discr,16.0,6.0,,,,,,14.0,0.0
active_power_discr,16.0,6.0,,,,,,15.0,0.0
active_power_discr,16.0,8.0,,,,,,1.0,0.0075778699824844125
active_power_discr,16.0,8.0,,,,,,2.0,0.013320281329628255
active_power_discr,16.0,8.0,,,,,,3.0,0.023414217334232015
active_power_discr,16.0,8.0,,,,,,4.0,0.041157206804276286
active_power_discr,16.0,8.0,,,,,,5.0,0.04313334444753712
active_power_discr,16.0,8.0,,,,,,6.0,0.0
active_power_discr,16.0,8.0,,,,,,7.0,0.0
active_power_discr,16.0,8.0,,,,,,8.0,0.0
active_power_discr,16.0,8.0,,,,,,9.0,0.0
active_power_discr,16.0,8.0,,,,,,10.0,0.0
active_power_discr,16.0,8.0,,,,,,11.0,0.0
active_power_discr,16.0,8.0,,,,,,12.0,0.0
active_power_discr,16.0,8.0,,,,,,13.0,0.0
active_power_discr,16.0,8.0,,,,,,14.0,0.0
active_power_discr,16.0,8.0,,,,,,15.0,0.0
active_power_discr,16.0,9.0,,,,,,1.0,0.0075778699824844125
active_power_discr,16.0,9.0,,,,,,2.0,0.013320281329628255
active_power_discr,16.0,9.0,,,,,,3.0,0.023414217334232015
active_power_discr,16.0,9.0,,,,,,4.0,0.041157206804276286
active_power_discr,16.0,9.0,,,,,,5.0,0.07234560300477912
active_power_discr,16.0,9.0,,,,,,6.0,0.12716816034224418
active_power_discr,16.0,9.0,,,,,,7.0,0.2235345388407699
active_power_discr,16.0,9.0,,,,,,8.0,0.08246907673897763
active_power_discr,16.0,9.0,,,,,,9.0,0.0
active_power_discr,16.0,9.0,,,,,,10.0,0.0
active_power_discr,16.0,9.0,,,,,,11.0,0.0
active_power_discr,16.0,9.0,,,,,,12.0,0.0
active_power_discr,16.0,9.0,,,,,,13.0,0.0
active_power_discr,16.0,9.0,,,,,,14.0,0.0
active_power_discr,16.0,9.0,,,,,,15.0,0.0
active_power_discr,16.0,10.0,,,,,,1.0,0.0075778699824844125
active_power_discr,16.0,10.0,,,,,,2.0,0.01236510474813361
active_power_discr,16.0,10.0,,,,,,3.0,0.0
active_power_discr,16.0,10.0,,,,,,4.0,0.0
active_power_discr,16.0,10.0,,,,,,5.0,0.0
active_power_discr,16.0,10.0,,,,,,6.0,0.0
active_power_discr,16.0,10.0,,,,,,7.0,0.0
active_power_discr,16.0,10.0,,,,,,8.0,0.0
active_power_discr,16.0,10.0,,,,,,9.0,0.0
active_power_discr,16.0,10.0,,,,,,10.0,0.0
active_power_discr,16.0,10.0,,,,,,11.0,0.0
active_power_discr,16.0,10.0,,,,,,12.0,0.0
active_power_discr,16.0,10.0,,,,,,13.0,0.0
active_power_discr,16.0,10.0,,,,,,14.0,0.0
active_power_discr,16.0,10.0,,,,,,15.0,0.0
active_power_discr,16.0,13.0,,,,,,1.0,0.0075778699824844125
active_power_discr,16.0,13.0,,,,,,2.0,0.013320281329628255
active_power_discr,16.0,13.0,,,,,,3.0,0.023414217334232015
active_power_discr,16.0,13.0,,,,,,4.0,0.041157206804276286
active_power_discr,16.0,13.0,,,,,,5.0,0.07234560300477912
active_power_discr,16.0,13.0,,,,,,6.0,0.12716816034224418
active_power_discr,16.0,13.0,,,,,,7.0,0.2235345388407699
active_power_discr,16.0,13.0,,,,,,8.0,0.09304971438516685
active_power_discr,16.0,13.0,,,,,,9.0,0.0
active_power_discr,16.0,13.0,,,,,,10.0,0.0
active_power_discr,16.0,13.0,,,,,,11.0,0.0
active_power_discr,16.0,13.0,,,,,,12.0,0.0
active_power_discr,16.0,13.0,,,,,,13.0,0.0
active_power_discr,16.0,13.0,,,,,,14.0,0.0
active_power_discr,16.0,13.0,,,,,,15.0,0.0
active_power_discr,16.0,14.0,,,,,,1.0,0.0075778699824844125
active_power_discr,16.0,14.0,,,,,,2.0,0.013320281329628255
active_power_discr,16.0,14.0,,,,,,3.0,0.023414217334232015
active_power_discr,16.0,14.0,,,,,,4.0,0.01587214313660991
active_power_discr,16.0,14.0,,,,,,5.0,0.0
active_power_discr,16.0,14.0,,,,,,6.0,0.0
active_power_discr,16.0,14.0,,,,,,7.0,0.0
active_power_discr,16.0,14.0,,,,,,8.0,0.0
active_power_discr,16.0,14.0,,,,,,9.0,0.0
active_power_discr,16.0,14.0,,,,,,10.0,0.0
active_power_discr,16.0,14.0,,,,,,11.0,0.0
active_power_discr,16.0,14.0,,,,,,12.0,0.0
active_power_discr,16.0,14.0,,,,,,13.0,0.0
active_power_discr,16.0,14.0,,,,,,14.0,0.0
active_power_discr,16.0,14.0,,,,,,15.0,0.0
active_power_discr,16.0,15.0,,,,,,1.0,0.003811904963134563
active_power_discr,16.0,15.0,,,,,,2.0,0.005264966907931571
active_power_discr,16.0,15.0,,,,,,3.0,0.007271922256639911
active_power_discr,16.0,15.0,,,,,,4.0,0.010043909910801375
active_power_discr,16.0,15.0,,,,,,5.0,0.01387255291462737
active_power_discr,16.0,15.0,,,,,,6.0,0.016031772334935482
active_power_discr,16.0,15.0,,,,,,7.0,0.0
active_power_discr,16.0,15.0,,,,,,8.0,0.0
active_power_discr,16.0,15.0,,,,,,9.0,0.0
active_power_discr,16.0,15.0,,,,,,10.0,0.0
active_power_discr,16.0,15.0,,,,,,11.0,0.0
active_power_discr,16.0,15.0,,,,,,12.0,0.0
active_power_discr,16.0,15.0,,,,,,13.0,0.0
active_power_discr,16.0,15.0,,,,,,14.0,0.0
active_power_discr,16.0,15.0,,,,,,15.0,0.0
active_power_discr,16.0,16.0,,,,,,1.0,0.003811904963134563
active_power_discr,16.0,16.0,,,,,,2.0,0.0013678320258037509
active_power_discr,16.0,16.0,,,,,,3.0,0.0
active_power_discr,16.0,16.0,,,,,,4.0,0.0
active_power_discr,16.0,16.0,,,,,,5.0,0.0
active_power_discr,16.0,16.0,,,,,,6.0,0.0
active_power_discr,16.0,16.0,,,,,,7.0,0.0
active_power_discr,16.0,16.0,,,,,,8.0,0.0
active_power_discr,16.0,16.0,,,,,,9.0,0.0
active_power_discr,16.0,16.0,,,,,,10.0,0.0
active_power_discr,16.0,16.0,,,,,,11.0,0.0
active_power_discr,16.0,16.0,,,,,,12.0,0.0
active_power_discr,16.0,16.0,,,,,,13.0,0.0
active_power_discr,16.0,16.0,,,,,,14.0,0.0
active_power_discr,16.0,16.0,,,,,,15.0,0.0
active_power_discr,16.0,17.0,,,,,,1.0,0.0075778699824844125
active_power_discr,16.0,17.0,,,,,,2.0,0.013320281329628255
active_power_discr,16.0,17.0,,,,,,3.0,0.023414217334232015
active_power_discr,16.0,17.0,,,,,,4.0,0.041157206804276286
active_power_discr,16.0,17.0,,,,,,5.0,0.07234560300477912
active_power_discr,16.0,17.0,,,,,,6.0,0.1175698201977611
active_power_discr,16.0,17.0,,,,,,7.0,0.0
active_power_discr,16.0,17.0,,,,,,8.0,0.0
active_power_discr,16.0,17.0,,,,,,9.0,0.0
active_power_discr,16.0,17.0,,,,,,10.0,0.0
active_power_discr,16.0,17.0,,,,,,11.0,0.0
active_power_discr,16.0,17.0,,,,,,12.0,0.0
active_power_discr,16.0,17.0,,,,,,13.0,0.0
active_power_discr,16.0,17.0,,,,,,14.0,0.0
active_power_discr,16.0,17.0,,,,,,15.0,0.0
active_power_discr,17.0,3.0,,,,,,1.0,0.0075778699824844125
active_power_discr,17.0,3.0,,,,,,2.0,0.013320281329628255
active_power_discr,17.0,3.0,,,,,,3.0,0.023414217334232015
active_power_discr,17.0,3.0,,,,,,4.0,0.041157206804276286
active_power_discr,17.0,3.0,,,,,,5.0,0.07234560300477912
active_power_discr,17.0,3.0,,,,,,6.0,0.12716816034224418
active_power_discr,17.0,3.0,,,,,,7.0,0.12034871356290194
active_power_discr,17.0,3.0,,,,,,8.0,0.0
active_power_discr,17.0,3.0,,,,,,9.0,0.0
active_power_discr,17.0,3.0,,,,,,10.0,0.0
active_power_discr,17.0,3.0,,,,,,11.0,0.0
active_power_discr,17.0,3.0,,,,,,12.0,0.0
active_power_discr,17.0,3.0,,,,,,13.0,0.0
active_power_discr,17.0,3.0,,,,,,14.0,0.0
active_power_discr,17.0,3.0,,,,,,15.0,0.0
active_power_discr,17.0,5.0,,,,,,1.0,0.0075778699824844125
active_power_discr,17.0,5.0,,,,,,2.0,0.013320281329628255
active_power_discr,17.0,5.0,,,,,,3.0,0.023414217334232015
active_power_discr,17.0,5.0,,,,,,4.0,0.036174554322927974
active_power_discr,17.0,5.0,,,,,,5.0,0.0
active_power_discr,17.0,5.0,,,,,,6.0,0.0
active_power_discr,17.0,5.0,,,,,,7.0,0.0
active_power_discr,17.0,5.0,,,,,,8.0,0.0
active_power_discr,17.0,5.0,,,,,,9.0,0.0
active_power_discr,17.0,5.0,,,,,,10.0,0.0
active_power_discr,17.0,5.0,,,,,,11.0,0.0
active_power_discr,17.0,5.0,,,,,,12.0,0.0
active_power_discr,17.0,5.0,,,,,,13.0,0.0
active_power_discr,17.0,5.0,,,,,,14.0,0.0
active_power_discr,17.0,5.0,,,,,,15.0,0.0
active_power_discr,17.0,6.0,,,,,,1.0,0.003811904963134563
active_power_discr,17.0,6.0,,,,,,2.0,0.005264966907931571
active_power_discr,17.0,6.0,,,,,,3.0,0.007271922256639911
active_power_discr,17.0,6.0,,,,,,4.0,0.002844469317514097
active_power_discr,17.0,6.0,,,,,,5.0,0.0
active_power_discr,17.0,6.0,,,,,,6.0,0.0
active_power_discr,17.0,6.0,,,,,,7.0,0.0
active_power_discr,17.0,6.0,,,,,,8.0,0.0
active_power_discr,17.0,6.0,,,,,,9.0,0.0
active_power_discr,17.0,6.0,,,,,,10.0,0.0
active_power_discr,17.0,6.0,,,,,,11.0,0.0
active_power_discr,17.0,6.0,,,,,,12.0,0.0
active_power_discr,17.0,6.0,,,,,,13.0,0.0
active_power_discr,17.0,6.0,,,,,,14.0,0.0
active_power_discr,17.0,6.0,,,,,,15.0,0.0
active_power_discr,17.0,8.0,,,,,,1.0,0.0075778699824844125
active_power_discr,17.0,8.0,,,,,,2.0,0.013320281329628255
active_power_discr,17.0,8.0,,,,,,3.0,0.023414217334232015
active_power_discr,17.0,8.0,,,,,,4.0,0.03683071253808365
active_power_discr,17.0,8.0,,,,,,5.0,0.0
active_power_discr,17.0,8.0,,,,,,6.0,0.0
active_power_discr,17.0,8.0,,,,,,7.0,0.0
active_power_discr,17.0,8.0,,,,,,8.0,0.0
active_power_discr,17.0,8.0,,,,,,9.0,0.0
active_power_discr,17.0,8.0,,,,,,10.0,0.0
active_power_discr,17.0,8.0,,,,,,11.0,0.0
active_power_discr,17.0,8.0,,,,,,12.0,0.0
active_power_discr,17.0,8.0,,,,,,13.0,0.0
active_power_discr,17.0,8.0,,,,,,14.0,0.0
active_power_discr,17.0,8.0,,,,,,15.0,0.0
active_power_discr,17.0,9.0,,,,,,1.0,0.0075778699824844125
active_power_discr,17.0,9.0,,,,,,2.0,0.013320281329628255
active_power_discr,17.0,9.0,,,,,,3.0,0.023414217334232015
active_power_discr,17.0,9.0,,,,,,4.0,0.041157206804276286
active_power_discr,17.0,9.0,,,,,,5.0,0.07234560300477912
active_power_discr,17.0,9.0,,,,,,6.0,0.12716816034224418
active_power_discr,17.0,9.0,,,,,,7.0,0.11414501917143899
active_power_discr,17.0,9.0,,,,,,8.0,0.0
active_power_discr,17.0,9.0,,,,,,9.0,0.0
active_power_discr,17.0,9.0,,,,,,10.0,0.0
active_power_discr,17.0,9.0,,,,,,11.0,0.0
active_power_discr,17.0,9.0,,,,,,12.0,0.0
active_power_discr,17.0,9.0,,,,,,13.0,0.0
active_power_discr,17.0,9.0,,,,,,14.0,0.0
active_power_discr,17.0,9.0,,,,,,15.0,0.0
active_power_discr,17.0,10.0,,,,,,1.0,0.0075778699824844125
active_power_discr,17.0,10.0,,,,,,2.0,0.013320281329628255
active_power_discr,17.0,10.0,,,,,,3.0,0.001153063628746863
active_power_discr,17.0,10.0,,,,,,4.0,0.0
active_power_discr,17.0,10.0,,,,,,5.0,0.0
active_power_discr,17.0,10.0,,,,,,6.0,0.0
active_power_discr,17.0,10.0,,,,,,7.0,0.0
active_power_discr,17.0,10.0,,,,,,8.0,0.0
active_power_discr,17.0,10.0,,,,,,9.0,0.0
active_power_discr,17.0,10.0,,,,,,10.0,0.0
active_power_discr,17.0,10.0,,,,,,11.0,0.0
active_power_discr,17.0,10.0,,,,,,12.0,0.0
active_power_discr,17.0,10.0,,,,,,13.0,0.0
active_power_discr,17.0,10.0,,,,,,14.0,0.0
active_power_discr,17.0,10.0,,,,,,15.0,0.0
active_power_discr,17.0,13.0,,,,,,1.0,0.0075778699824844125
active_power_discr,17.0,13.0,,,,,,2.0,0.013320281329628255
active_power_discr,17.0,13.0,,,,,,3.0,0.023414217334232015
active_power_discr,17.0,13.0,,,,,,4.0,0.041157206804276286
active_power_discr,17.0,13.0,,,,,,5.0,0.07234560300477912
active_power_discr,17.0,13.0,,,,,,6.0,0.12716816034224418
active_power_discr,17.0,13.0,,,,,,7.0,0.12044858749076759
active_power_discr,17.0,13.0,,,,,,8.0,0.0
active_power_discr,17.0,13.0,,,,,,9.0,0.0
active_power_discr,17.0,13.0,,,,,,10.0,0.0
active_power_discr,17.0,13.0,,,,,,11.0,0.0
active_power_discr,17.0,13.0,,,,,,12.0,0.0
active_power_discr,17.0,13.0,,,,,,13.0,0.0
active_power_discr,17.0,13.0,,,,,,14.0,0.0
active_power_discr,17.0,13.0,,,,,,15.0,0.0
active_power_discr,17.0,14.0,,,,,,1.0,0.0075778699824844125
active_power_discr,17.0,14.0,,,,,,2.0,0.013320281329628255
active_power_discr,17.0,14.0,,,,,,3.0,0.023414217334232015
active_power_discr,17.0,14.0,,,,,,4.0,0.0011684163799356925
active_power_discr,17.0,14.0,,,,,,5.0,0.0
active_power_discr,17.0,14.0,,,,,,6.0,0.0
active_power_discr,17.0,14.0,,,,,,7.0,0.0
active_power_discr,17.0,14.0,,,,,,8.0,0.0
active_power_discr,17.0,14.0,,,,,,9.0,0.0
active_power_discr,17.0,14.0,,,,,,10.0,0.0
active_power_discr,17.0,14.0,,,,,,11.0,0.0
active_power_discr,17.0,14.0,,,,,,12.0,0.0
active_power_discr,17.0,14.0,,,,,,13.0,0.0
active_power_discr,17.0,14.0,,,,,,14.0,0.0
active_power_discr,17.0,14.0,,,,,,15.0,0.0
active_power_discr,17.0,15.0,,,,,,1.0,0.003811904963134563
active_power_discr,17.0,15.0,,,,,,2.0,0.005264966907931571
active_power_discr,17.0,15.0,,,,,,3.0,0.007271922256639911
active_power_discr,17.0,15.0,,,,,,4.0,0.010043909910801375
active_power_discr,17.0,15.0,,,,,,5.0,0.009357119599016278
active_power_discr,17.0,15.0,,,,,,6.0,0.0
active_power_discr,17.0,15.0,,,,,,7.0,0.0
active_power_discr,17.0,15.0,,,,,,8.0,0.0
active_power_discr,17.0,15.0,,,,,,9.0,0.0
active_power_discr,17.0,15.0,,,,,,10.0,0.0
active_power_discr,17.0,15.0,,,,,,11.0,0.0
active_power_discr,17.0,15.0,,,,,,12.0,0.0
active_power_discr,17.0,15.0,,,,,,13.0,0.0
active_power_discr,17.0,15.0,,,,,,14.0,0.0
active_power_discr,17.0,15.0,,,,,,15.0,0.0
active_power_discr,17.0,16.0,,,,,,1.0,0.0031018471957314693
active_power_discr,17.0,16.0,,,,,,2.0,0.0
active_power_discr,17.0,16.0,,,,,,3.0,0.0
active_power_discr,17.0,16.0,,,,,,4.0,0.0
active_power_discr,17.0,16.0,,,,,,5.0,0.0
active_power_discr,17.0,16.0,,,,,,6.0,0.0
active_power_discr,17.0,16.0,,,,,,7.0,0.0
active_power_discr,17.0,16.0,,,,,,8.0,0.0
active_power_discr,17.0,16.0,,,,,,9.0,0.0
active_power_discr,17.0,16.0,,,,,,10.0,0.0
active_power_discr,17.0,16.0,,,,,,11.0,0.0
active_power_discr,17.0,16.0,,,,,,12.0,0.0
active_power_discr,17.0,16.0,,,,,,13.0,0.0
active_power_discr,17.0,16.0,,,,,,14.0,0.0
active_power_discr,17.0,16.0,,,,,,15.0,0.0
active_power_discr,17.0,17.0,,,,,,1.0,0.0075778699824844125
active_power_discr,17.0,17.0,,,,,,2.0,0.013320281329628255
active_power_discr,17.0,17.0,,,,,,3.0,0.023414217334232015
active_power_discr,17.0,17.0,,,,,,4.0,0.041157206804276286
active_power_discr,17.0,17.0,,,,,,5.0,0.07234560300477912
active_power_discr,17.0,17.0,,,,,,6.0,0.03419088957248928
active_power_discr,17.0,17.0,,,,,,7.0,0.0
active_power_discr,17.0,17.0,,,,,,8.0,0.0
active_power_discr,17.0,17.0,,,,,,9.0,0.0
active_power_discr,17.0,17.0,,,,,,10.0,0.0
active_power_discr,17.0,17.0,,,,,,11.0,0.0
active_power_discr,17.0,17.0,,,,,,12.0,0.0
active_power_discr,17.0,17.0,,,,,,13.0,0.0
active_power_discr,17.0,17.0,,,,,,14.0,0.0
active_power_discr,17.0,17.0,,,,,,15.0,0.0
active_power_discr,18.0,3.0,,,,,,1.0,0.0075778699824844125
active_power_discr,18.0,3.0,,,,,,2.0,0.013320281329628255
active_power_discr,18.0,3.0,,,,,,3.0,0.023414217334232015
active_power_discr,18.0,3.0,,,,,,4.0,0.041157206804276286
active_power_discr,18.0,3.0,,,,,,5.0,0.07234560300477912
active_power_discr,18.0,3.0,,,,,,6.0,0.12716816034224418
active_power_discr,18.0,3.0,,,,,,7.0,0.02348145720591477
active_power_discr,18.0,3.0,,,,,,8.0,0.0
active_power_discr,18.0,3.0,,,,,,9.0,0.0
active_power_discr,18.0,3.0,,,,,,10.0,0.0
active_power_discr,18.0,3.0,,,,,,11.0,0.0
active_power_discr,18.0,3.0,,,,,,12.0,0.0
active_power_discr,18.0,3.0,,,,,,13.0,0.0
active_power_discr,18.0,3.0,,,,,,14.0,0.0
active_power_discr,18.0,3.0,,,,,,15.0,0.0
active_power_discr,18.0,5.0,,,,,,1.0,0.0075778699824844125
active_power_discr,18.0,5.0,,,,,,2.0,0.013320281329628255
active_power_discr,18.0,5.0,,,,,,3.0,0.023414217334232015
active_power_discr,18.0,5.0,,,,,,4.0,0.010305308222383416
active_power_discr,18.0,5.0,,,,,,5.0,0.0
active_power_discr,18.0,5.0,,,,,,6.0,0.0
active_power_discr,18.0,5.0,,,,,,7.0,0.0
active_power_discr,18.0,5.0,,,,,,8.0,0.0
active_power_discr,18.0,5.0,,,,,,9.0,0.0
active_power_discr,18.0,5.0,,,,,,10.0,0.0
active_power_discr,18.0,5.0,,,,,,11.0,0.0
active_power_discr,18.0,5.0,,,,,,12.0,0.0
active_power_discr,18.0,5.0,,,,,,13.0,0.0
active_power_discr,18.0,5.0,,,,,,14.0,0.0
active_power_discr,18.0,5.0,,,,,,15.0,0.0
active_power_discr,18.0,6.0,,,,,,1.0,0.003811904963134563
active_power_discr,18.0,6.0,,,,,,2.0,0.005264966907931571
active_power_discr,18.0,6.0,,,,,,3.0,0.007271922256639911
active_power_discr,18.0,6.0,,,,,,4.0,0.003198644223870329
active_power_discr,18.0,6.0,,,,,,5.0,0.0
active_power_discr,18.0,6.0,,,,,,6.0,0.0
active_power_discr,18.0,6.0,,,,,,7.0,0.0
active_power_discr,18.0,6.0,,,,,,8.0,0.0
active_power_discr,18.0,6.0,,,,,,9.0,0.0
active_power_discr,18.0,6.0,,,,,,10.0,0.0
active_power_discr,18.0,6.0,,,,,,11.0,0.0
active_power_discr,18.0,6.0,,,,,,12.0,0.0
active_power_discr,18.0,6.0,,,,,,13.0,0.0
active_power_discr,18.0,6.0,,,,,,14.0,0.0
active_power_discr,18.0,6.0,,,,,,15.0,0.0
active_power_discr,18.0,8.0,,,,,,1.0,0.0075778699824844125
active_power_discr,18.0,8.0,,,,,,2.0,0.013320281329628255
active_power_discr,18.0,8.0,,,,,,3.0,0.023414217334232015
active_power_discr,18.0,8.0,,,,,,4.0,0.010524250480381053
active_power_discr,18.0,8.0,,,,,,5.0,0.0
active_power_discr,18.0,8.0,,,,,,6.0,0.0
active_power_discr,18.0,8.0,,,,,,7.0,0.0
active_power_discr,18.0,8.0,,,,,,8.0,0.0
active_power_discr,18.0,8.0,,,,,,9.0,0.0
active_power_discr,18.0,8.0,,,,,,10.0,0.0
active_power_discr,18.0,8.0,,,,,,11.0,0.0
active_power_discr,18.0,8.0,,,,,,12.0,0.0
active_power_discr,18.0,8.0,,,,,,13.0,0.0
active_power_discr,18.0,8.0,,,,,,14.0,0.0
active_power_discr,18.0,8.0,,,,,,15.0,0.0
active_power_discr,18.0,9.0,,,,,,1.0,0.0075778699824844125
active_power_discr,18.0,9.0,,,,,,2.0,0.013320281329628255
active_power_discr,18.0,9.0,,,,,,3.0,0.023414217334232015
active_power_discr,18.0,9.0,,,,,,4.0,0.041157206804276286
active_power_discr,18.0,9.0,,,,,,5.0,0.07234560300477912
active_power_discr,18.0,9.0,,,,,,6.0,0.12716816034224418
active_power_discr,18.0,9.0,,,,,,7.0,0.020739264675384506
active_power_discr,18.0,9.0,,,,,,8.0,0.0
active_power_discr,18.0,9.0,,,,,,9.0,0.0
active_power_discr,18.0,9.0,,,,,,10.0,0.0
active_power_discr,18.0,9.0,,,,,,11.0,0.0
active_power_discr,18.0,9.0,,,,,,12.0,0.0
active_power_discr,18.0,9.0,,,,,,13.0,0.0
active_power_discr,18.0,9.0,,,,,,14.0,0.0
active_power_discr,18.0,9.0,,,,,,15.0,0.0
active_power_discr,18.0,10.0,,,,,,1.0,0.0075778699824844125
active_power_discr,18.0,10.0,,,,,,2.0,0.009428511503484513
active_power_discr,18.0,10.0,,,,,,3.0,0.0
active_power_discr,18.0,10.0,,,,,,4.0,0.0
active_power_discr,18.0,10.0,,,,,,5.0,0.0
active_power_discr,18.0,10.0,,,,,,6.0,0.0
active_power_discr,18.0,10.0,,,,,,7.0,0.0
active_power_discr,18.0,10.0,,,,,,8.0,0.0
active_power_discr,18.0,10.0,,,,,,9.0,0.0
active_power_discr,18.0,10.0,,,,,,10.0,0.0
active_power_discr,18.0,10.0,,,,,,11.0,0.0
active_power_discr,18.0,10.0,,,,,,12.0,0.0
active_power_discr,18.0,10.0,,,,,,13.0,0.0
active_power_discr,18.0,10.0,,,,,,14.0,0.0
active_power_discr,18.0,10.0,,,,,,15.0,0.0
active_power_discr,18.0,13.0,,,,,,1.0,0.0075778699824844125
active_power_discr,18.0,13.0,,,,,,2.0,0.013320281329628255
active_power_discr,18.0,13.0,,,,,,3.0,0.023414217334232015
active_power_discr,18.0,13.0,,,,,,4.0,0.041157206804276286
active_power_discr,18.0,13.0,,,,,,5.0,0.07234560300477912
active_power_discr,18.0,13.0,,,,,,6.0,0.12716816034224418
active_power_discr,18.0,13.0,,,,,,7.0,0.023537889133507982
active_power_discr,18.0,13.0,,,,,,8.0,0.0
active_power_discr,18.0,13.0,,,,,,9.0,0.0
active_power_discr,18.0,13.0,,,,,,10.0,0.0
active_power_discr,18.0,13.0,,,,,,11.0,0.0
active_power_discr,18.0,13.0,,,,,,12.0,0.0
active_power_discr,18.0,13.0,,,,,,13.0,0.0
active_power_discr,18.0,13.0,,,,,,14.0,0.0
active_power_discr,18.0,13.0,,,,,,15.0,0.0
active_power_discr,18.0,14.0,,,,,,1.0,0.0075778699824844125
active_power_discr,18.0,14.0,,,,,,2.0,0.013320281329628255
active_power_discr,18.0,14.0,,,,,,3.0,0.0156888449309366
active_power_discr,18.0,14.0,,,,,,4.0,0.0
active_power_discr,18.0,14.0,,,,,,5.0,0.0
active_power_discr,18.0,14.0,,,,,,6.0,0.0
active_power_discr,18.0,14.0,,,,,,7.0,0.0
active_power_discr,18.0,14.0,,,,,,8.0,0.0
active_power_discr,18.0,14.0,,,,,,9.0,0.0
active_power_discr,18.0,14.0,,,,,,10.0,0.0
active_power_discr,18.0,14.0,,,,,,11.0,0.0
active_power_discr,18.0,14.0,,,,,,12.0,0.0
active_power_discr,18.0,14.0,,,,,,13.0,0.0
active_power_discr,18.0,14.0,,,,,,14.0,0.0
active_power_discr,18.0,14.0,,,,,,15.0,0.0
active_power_discr,18.0,15.0,,,,,,1.0,0.003811904963134563
active_power_discr,18.0,15.0,,,,,,2.0,0.005264966907931571
active_power_discr,18.0,15.0,,,,,,3.0,0.007271922256639911
active_power_discr,18.0,15.0,,,,,,4.0,0.007915572595283173
active_power_discr,18.0,15.0,,,,,,5.0,0.0
active_power_discr,18.0,15.0,,,,,,6.0,0.0
active_power_discr,18.0,15.0,,,,,,7.0,0.0
active_power_discr,18.0,15.0,,,,,,8.0,0.0
active_power_discr,18.0,15.0,,,,,,9.0,0.0
active_power_discr,18.0,15.0,,,,,,10.0,0.0
active_power_discr,18.0,15.0,,,,,,11.0,0.0
active_power_discr,18.0,15.0,,,,,,12.0,0.0
active_power_discr,18.0,15.0,,,,,,13.0,0.0
active_power_discr,18.0,15.0,,,,,,14.0,0.0
active_power_discr,18.0,15.0,,,,,,15.0,0.0
active_power_discr,18.0,16.0,,,,,,1.0,0.0013710962652650977
active_power_discr,18.0,16.0,,,,,,2.0,0.0
active_power_discr,18.0,16.0,,,,,,3.0,0.0
active_power_discr,18.0,16.0,,,,,,4.0,0.0
active_power_discr,18.0,16.0,,,,,,5.0,0.0
active_power_discr,18.0,16.0,,,,,,6.0,0.0
active_power_discr,18.0,16.0,,,,,,7.0,0.0
active_power_discr,18.0,16.0,,,,,,8.0,0.0
active_power_discr,18.0,16.0,,,,,,9.0,0.0
active_power_discr,18.0,16.0,,,,,,10.0,0.0
active_power_discr,18.0,16.0,,,,,,11.0,0.0
active_power_discr,18.0,16.0,,,,,,12.0,0.0
active_power_discr,18.0,16.0,,,,,,13.0,0.0
active_power_discr,18.0,16.0,,,,,,14.0,0.0
active_power_discr,18.0,16.0,,,,,,15.0,0.0
active_power_discr,18.0,17.0,,,,,,1.0,0.0075778699824844125
active_power_discr,18.0,17.0,,,,,,2.0,0.013320281329628255
active_power_discr,18.0,17.0,,,,,,3.0,0.023414217334232015
active_power_discr,18.0,17.0,,,,,,4.0,0.041157206804276286
active_power_discr,18.0,17.0,,,,,,5.0,0.07234560300477912
active_power_discr,18.0,17.0,,,,,,6.0,0.00185939003193894
active_power_discr,18.0,17.0,,,,,,7.0,0.0
active_power_discr,18.0,17.0,,,,,,8.0,0.0
active_power_discr,18.0,17.0,,,,,,9.0,0.0
active_power_discr,18.0,17.0,,,,,,10.0,0.0
active_power_discr,18.0,17.0,,,,,,11.0,0.0
active_power_discr,18.0,17.0,,,,,,12.0,0.0
active_power_discr,18.0,17.0,,,,,,13.0,0.0
active_power_discr,18.0,17.0,,,,,,14.0,0.0
active_power_discr,18.0,17.0,,,,,,15.0,0.0
active_power_discr,19.0,3.0,,,,,,1.0,0.0075778699824844125
active_power_discr,19.0,3.0,,,,,,2.0,0.013320281329628255
active_power_discr,19.0,3.0,,,,,,3.0,0.023414217334232015
active_power_discr,19.0,3.0,,,,,,4.0,0.041157206804276286
active_power_discr,19.0,3.0,,,,,,5.0,0.07234560300477912
active_power_discr,19.0,3.0,,,,,,6.0,0.12716816034224418
active_power_discr,19.0,3.0,,,,,,7.0,0.026375031417838146
active_power_discr,19.0,3.0,,,,,,8.0,0.0
active_power_discr,19.0,3.0,,,,,,9.0,0.0
active_power_discr,19.0,3.0,,,,,,10.0,0.0
active_power_discr,19.0,3.0,,,,,,11.0,0.0
active_power_discr,19.0,3.0,,,,,,12.0,0.0
active_power_discr,19.0,3.0,,,,,,13.0,0.0
active_power_discr,19.0,3.0,,,,,,14.0,0.0
active_power_discr,19.0,3.0,,,,,,15.0,0.0
active_power_discr,19.0,5.0,,,,,,1.0,0.0075778699824844125
active_power_discr,19.0,5.0,,,,,,2.0,0.013320281329628255
active_power_discr,19.0,5.0,,,,,,3.0,0.023414217334232015
active_power_discr,19.0,5.0,,,,,,4.0,0.011635947609822297
active_power_discr,19.0,5.0,,,,,,5.0,0.0
active_power_discr,19.0,5.0,,,,,,6.0,0.0
active_power_discr,19.0,5.0,,,,,,7.0,0.0
active_power_discr,19.0,5.0,,,,,,8.0,0.0
active_power_discr,19.0,5.0,,,,,,9.0,0.0
active_power_discr,19.0,5.0,,,,,,10.0,0.0
active_power_discr,19.0,5.0,,,,,,11.0,0.0
active_power_discr,19.0,5.0,,,,,,12.0,0.0
active_power_discr,19.0,5.0,,,,,,13.0,0.0
active_power_discr,19.0,5.0,,,,,,14.0,0.0
active_power_discr,19.0,5.0,,,,,,15.0,0.0
active_power_discr,19.0,6.0,,,,,,1.0,0.003811904963134563
active_power_discr,19.0,6.0,,,,,,2.0,0.005264966907931571
active_power_discr,19.0,6.0,,,,,,3.0,0.007271922256639911
active_power_discr,19.0,6.0,,,,,,4.0,0.0033344881822528864
active_power_discr,19.0,6.0,,,,,,5.0,0.0
active_power_discr,19.0,6.0,,,,,,6.0,0.0
active_power_discr,19.0,6.0,,,,,,7.0,0.0
active_power_discr,19.0,6.0,,,,,,8.0,0.0
active_power_discr,19.0,6.0,,,,,,9.0,0.0
active_power_discr,19.0,6.0,,,,,,10.0,0.0
active_power_discr,19.0,6.0,,,,,,11.0,0.0
active_power_discr,19.0,6.0,,,,,,12.0,0.0
active_power_discr,19.0,6.0,,,,,,13.0,0.0
active_power_discr,19.0,6.0,,,,,,14.0,0.0
active_power_discr,19.0,6.0,,,,,,15.0,0.0
active_power_discr,19.0,8.0,,,,,,1.0,0.0075778699824844125
active_power_discr,19.0,8.0,,,,,,2.0,0.013320281329628255
active_power_discr,19.0,8.0,,,,,,3.0,0.023414217334232015
active_power_discr,19.0,8.0,,,,,,4.0,0.011675898753067439
active_power_discr,19.0,8.0,,,,,,5.0,0.0
active_power_discr,19.0,8.0,,,,,,6.0,0.0
active_power_discr,19.0,8.0,,,,,,7.0,0.0
active_power_discr,19.0,8.0,,,,,,8.0,0.0
active_power_discr,19.0,8.0,,,,,,9.0,0.0
active_power_discr,19.0,8.0,,,,,,10.0,0.0
active_power_discr,19.0,8.0,,,,,,11.0,0.0
active_power_discr,19.0,8.0,,,,,,12.0,0.0
active_power_discr,19.0,8.0,,,,,,13.0,0.0
active_power_discr,19.0,8.0,,,,,,14.0,0.0
active_power_discr,19.0,8.0,,,,,,15.0,0.0
active_power_discr,19.0,9.0,,,,,,1.0,0.0075778699824844125
active_power_discr,19.0,9.0,,,,,,2.0,0.013320281329628255
active_power_discr,19.0,9.0,,,,,,3.0,0.023414217334232015
active_power_discr,19.0,9.0,,,,,,4.0,0.041157206804276286
active_power_discr,19.0,9.0,,,,,,5.0,0.07234560300477912
active_power_discr,19.0,9.0,,,,,,6.0,0.12716816034224418
active_power_discr,19.0,9.0,,,,,,7.0,0.023230457037451635
active_power_discr,19.0,9.0,,,,,,8.0,0.0
active_power_discr,19.0,9.0,,,,,,9.0,0.0
active_power_discr,19.0,9.0,,,,,,10.0,0.0
active_power_discr,19.0,9.0,,,,,,11.0,0.0
active_power_discr,19.0,9.0,,,,,,12.0,0.0
active_power_discr,19.0,9.0,,,,,,13.0,0.0
active_power_discr,19.0,9.0,,,,,,14.0,0.0
active_power_discr,19.0,9.0,,,,,,15.0,0.0
active_power_discr,19.0,10.0,,,,,,1.0,0.0075778699824844125
active_power_discr,19.0,10.0,,,,,,2.0,0.00753720521377094
active_power_discr,19.0,10.0,,,,,,3.0,0.0
active_power_discr,19.0,10.0,,,,,,4.0,0.0
active_power_discr,19.0,10.0,,,,,,5.0,0.0
active_power_discr,19.0,10.0,,,,,,6.0,0.0
active_power_discr,19.0,10.0,,,,,,7.0,0.0
active_power_discr,19.0,10.0,,,,,,8.0,0.0
active_power_discr,19.0,10.0,,,,,,9.0,0.0
active_power_discr,19.0,10.0,,,,,,10.0,0.0
active_power_discr,19.0,10.0,,,,,,11.0,0.0
active_power_discr,19.0,10.0,,,,,,12.0,0.0
active_power_discr,19.0,10.0,,,,,,13.0,0.0
active_power_discr,19.0,10.0,,,,,,14.0,0.0
active_power_discr,19.0,10.0,,,,,,15.0,0.0
active_power_discr,19.0,13.0,,,,,,1.0,0.0075778699824844125
active_power_discr,19.0,13.0,,,,,,2.0,0.013320281329628255
active_power_discr,19.0,13.0,,,,,,3.0,0.023414217334232015
active_power_discr,19.0,13.0,,,,,,4.0,0.041157206804276286
active_power_discr,19.0,13.0,,,,,,5.0,0.07234560300477912
active_power_discr,19.0,13.0,,,,,,6.0,0.12716816034224418
active_power_discr,19.0,13.0,,,,,,7.0,0.026432761024920086
active_power_discr,19.0,13.0,,,,,,8.0,0.0
active_power_discr,19.0,13.0,,,,,,9.0,0.0
active_power_discr,19.0,13.0,,,,,,10.0,0.0
active_power_discr,19.0,13.0,,,,,,11.0,0.0
active_power_discr,19.0,13.0,,,,,,12.0,0.0
active_power_discr,19.0,13.0,,,,,,13.0,0.0
active_power_discr,19.0,13.0,,,,,,14.0,0.0
active_power_discr,19.0,13.0,,,,,,15.0,0.0
active_power_discr,19.0,14.0,,,,,,1.0,0.0075778699824844125
active_power_discr,19.0,14.0,,,,,,2.0,0.013320281329628255
active_power_discr,19.0,14.0,,,,,,3.0,0.01635506707037223
active_power_discr,19.0,14.0,,,,,,4.0,0.0
active_power_discr,19.0,14.0,,,,,,5.0,0.0
active_power_discr,19.0,14.0,,,,,,6.0,0.0
active_power_discr,19.0,14.0,,,,,,7.0,0.0
active_power_discr,19.0,14.0,,,,,,8.0,0.0
active_power_discr,19.0,14.0,,,,,,9.0,0.0
active_power_discr,19.0,14.0,,,,,,10.0,0.0
active_power_discr,19.0,14.0,,,,,,11.0,0.0
active_power_discr,19.0,14.0,,,,,,12.0,0.0
active_power_discr,19.0,14.0,,,,,,13.0,0.0
active_power_discr,19.0,14.0,,,,,,14.0,0.0
active_power_discr,19.0,14.0,,,,,,15.0,0.0
active_power_discr,19.0,15.0,,,,,,1.0,0.003811904963134563
active_power_discr,19.0,15.0,,,,,,2.0,0.005264966907931571
active_power_discr,19.0,15.0,,,,,,3.0,0.007271922256639911
active_power_discr,19.0,15.0,,,,,,4.0,0.008506544272032672
active_power_discr,19.0,15.0,,,,,,5.0,0.0
active_power_discr,19.0,15.0,,,,,,6.0,0.0
active_power_discr,19.0,15.0,,,,,,7.0,0.0
active_power_discr,19.0,15.0,,,,,,8.0,0.0
active_power_discr,19.0,15.0,,,,,,9.0,0.0
active_power_discr,19.0,15.0,,,,,,10.0,0.0
active_power_discr,19.0,15.0,,,,,,11.0,0.0
active_power_discr,19.0,15.0,,,,,,12.0,0.0
active_power_discr,19.0,15.0,,,,,,13.0,0.0
active_power_discr,19.0,15.0,,,,,,14.0,0.0
active_power_discr,19.0,15.0,,,,,,15.0,0.0
active_power_discr,19.0,16.0,,,,,,1.0,0.0015722871901932662
active_power_discr,19.0,16.0,,,,,,2.0,0.0
active_power_discr,19.0,16.0,,,,,,3.0,0.0
active_power_discr,19.0,16.0,,,,,,4.0,0.0
active_power_discr,19.0,16.0,,,,,,5.0,0.0
active_power_discr,19.0,16.0,,,,,,6.0,0.0
active_power_discr,19.0,16.0,,,,,,7.0,0.0
active_power_discr,19.0,16.0,,,,,,8.0,0.0
active_power_discr,19.0,16.0,,,,,,9.0,0.0
active_power_discr,19.0,16.0,,,,,,10.0,0.0
active_power_discr,19.0,16.0,,,,,,11.0,0.0
active_power_discr,19.0,16.0,,,,,,12.0,0.0
active_power_discr,19.0,16.0,,,,,,13.0,0.0
active_power_discr,19.0,16.0,,,,,,14.0,0.0
active_power_discr,19.0,16.0,,,,,,15.0,0.0
active_power_discr,19.0,17.0,,,,,,1.0,0.0075778699824844125
active_power_discr,19.0,17.0,,,,,,2.0,0.013320281329628255
active_power_discr,19.0,17.0,,,,,,3.0,0.023414217334232015
active_power_discr,19.0,17.0,,,,,,4.0,0.041157206804276286
active_power_discr,19.0,17.0,,,,,,5.0,0.07234560300477912
active_power_discr,19.0,17.0,,,,,,6.0,0.0012019966215151834
active_power_discr,19.0,17.0,,,,,,7.0,0.0
active_power_discr,19.0,17.0,,,,,,8.0,0.0
active_power_discr,19.0,17.0,,,,,,9.0,0.0
active_power_discr,19.0,17.0,,,,,,10.0,0.0
active_power_discr,19.0,17.0,,,,,,11.0,0.0
active_power_discr,19.0,17.0,,,,,,12.0,0.0
active_power_discr,19.0,17.0,,,,,,13.0,0.0
active_power_discr,19.0,17.0,,,,,,14.0,0.0
active_power_discr,19.0,17.0,,,,,,15.0,0.0
active_power_discr,20.0,3.0,,,,,,1.0,0.0075778699824844125
active_power_discr,20.0,3.0,,,,,,2.0,0.013320281329628255
active_power_discr,20.0,3.0,,,,,,3.0,0.023414217334232015
active_power_discr,20.0,3.0,,,,,,4.0,0.041157206804276286
active_power_discr,20.0,3.0,,,,,,5.0,0.07234560300477912
active_power_discr,20.0,3.0,,,,,,6.0,0.12716816034224418
active_power_discr,20.0,3.0,,,,,,7.0,0.0012921104947943296
active_power_discr,20.0,3.0,,,,,,8.0,0.0
active_power_discr,20.0,3.0,,,,,,9.0,0.0
active_power_discr,20.0,3.0,,,,,,10.0,0.0
active_power_discr,20.0,3.0,,,,,,11.0,0.0
active_power_discr,20.0,3.0,,,,,,12.0,0.0
active_power_discr,20.0,3.0,,,,,,13.0,0.0
active_power_discr,20.0,3.0,,,,,,14.0,0.0
active_power_discr,20.0,3.0,,,,,,15.0,0.0
active_power_discr,20.0,5.0,,,,,,1.0,0.0075778699824844125
active_power_discr,20.0,5.0,,,,,,2.0,0.013320281329628255
active_power_discr,20.0,5.0,,,,,,3.0,0.023414217334232015
active_power_discr,20.0,5.0,,,,,,4.0,0.007002041549642339
active_power_discr,20.0,5.0,,,,,,5.0,0.0
active_power_discr,20.0,5.0,,,,,,6.0,0.0
active_power_discr,20.0,5.0,,,,,,7.0,0.0
active_power_discr,20.0,5.0,,,,,,8.0,0.0
active_power_discr,20.0,5.0,,,,,,9.0,0.0
active_power_discr,20.0,5.0,,,,,,10.0,0.0
active_power_discr,20.0,5.0,,,,,,11.0,0.0
active_power_discr,20.0,5.0,,,,,,12.0,0.0
active_power_discr,20.0,5.0,,,,,,13.0,0.0
active_power_discr,20.0,5.0,,,,,,14.0,0.0
active_power_discr,20.0,5.0,,,,,,15.0,0.0
active_power_discr,20.0,6.0,,,,,,1.0,0.003811904963134563
active_power_discr,20.0,6.0,,,,,,2.0,0.005264966907931571
active_power_discr,20.0,6.0,,,,,,3.0,0.004172294617934589
active_power_discr,20.0,6.0,,,,,,4.0,0.0
active_power_discr,20.0,6.0,,,,,,5.0,0.0
active_power_discr,20.0,6.0,,,,,,6.0,0.0
active_power_discr,20.0,6.0,,,,,,7.0,0.0
active_power_discr,20.0,6.0,,,,,,8.0,0.0
active_power_discr,20.0,6.0,,,,,,9.0,0.0
active_power_discr,20.0,6.0,,,,,,10.0,0.0
active_power_discr,20.0,6.0,,,,,,11.0,0.0
active_power_discr,20.0,6.0,,,,,,12.0,0.0
active_power_discr,20.0,6.0,,,,,,13.0,0.0
active_power_discr,20.0,6.0,,,,,,14.0,0.0
active_power_discr,20.0,6.0,,,,,,15.0,0.0
active_power_discr,20.0,8.0,,,,,,1.0,0.0075778699824844125
active_power_discr,20.0,8.0,,,,,,2.0,0.013320281329628255
active_power_discr,20.0,8.0,,,,,,3.0,0.023414217334232015
active_power_discr,20.0,8.0,,,,,,4.0,0.00698155588234587
active_power_discr,20.0,8.0,,,,,,5.0,0.0
active_power_discr,20.0,8.0,,,,,,6.0,0.0
active_power_discr,20.0,8.0,,,,,,7.0,0.0
active_power_discr,20.0,8.0,,,,,,8.0,0.0
active_power_discr,20.0,8.0,,,,,,9.0,0.0
active_power_discr,20.0,8.0,,,,,,10.0,0.0
active_power_discr,20.0,8.0,,,,,,11.0,0.0
active_power_discr,20.0,8.0,,,,,,12.0,0.0
active_power_discr,20.0,8.0,,,,,,13.0,0.0
active_power_discr,20.0,8.0,,,,,,14.0,0.0
active_power_discr,20.0,8.0,,,,,,15.0,0.0
active_power_discr,20.0,9.0,,,,,,1.0,0.0075778699824844125
active_power_discr,20.0,9.0,,,,,,2.0,0.013320281329628255
active_power_discr,20.0,9.0,,,,,,3.0,0.023414217334232015
active_power_discr,20.0,9.0,,,,,,4.0,0.041157206804276286
active_power_discr,20.0,9.0,,,,,,5.0,0.07234560300477912
active_power_discr,20.0,9.0,,,,,,6.0,0.12516518563926246
active_power_discr,20.0,9.0,,,,,,7.0,0.0
active_power_discr,20.0,9.0,,,,,,8.0,0.0
active_power_discr,20.0,9.0,,,,,,9.0,0.0
active_power_discr,20.0,9.0,,,,,,10.0,0.0
active_power_discr,20.0,9.0,,,,,,11.0,0.0
active_power_discr,20.0,9.0,,,,,,12.0,0.0
active_power_discr,20.0,9.0,,,,,,13.0,0.0
active_power_discr,20.0,9.0,,,,,,14.0,0.0
active_power_discr,20.0,9.0,,,,,,15.0,0.0
active_power_discr,20.0,10.0,,,,,,1.0,0.0075778699824844125
active_power_discr,20.0,10.0,,,,,,2.0,0.007619374130394792
active_power_discr,20.0,10.0,,,,,,3.0,0.0
active_power_discr,20.0,10.0,,,,,,4.0,0.0
active_power_discr,20.0,10.0,,,,,,5.0,0.0
active_power_discr,20.0,10.0,,,,,,6.0,0.0
active_power_discr,20.0,10.0,,,,,,7.0,0.0
active_power_discr,20.0,10.0,,,,,,8.0,0.0
active_power_discr,20.0,10.0,,,,,,9.0,0.0
active_power_discr,20.0,10.0,,,,,,10.0,0.0
active_power_discr,20.0,10.0,,,,,,11.0,0.0
active_power_discr,20.0,10.0,,,,,,12.0,0.0
active_power_discr,20.0,10.0,,,,,,13.0,0.0
active_power_discr,20.0,10.0,,,,,,14.0,0.0
active_power_discr,20.0,10.0,,,,,,15.0,0.0
active_power_discr,20.0,13.0,,,,,,1.0,0.0075778699824844125
active_power_discr,20.0,13.0,,,,,,2.0,0.013320281329628255
active_power_discr,20.0,13.0,,,,,,3.0,0.023414217334232015
active_power_discr,20.0,13.0,,,,,,4.0,0.041157206804276286
active_power_discr,20.0,13.0,,,,,,5.0,0.07234560300477912
active_power_discr,20.0,13.0,,,,,,6.0,0.12716816034224418
active_power_discr,20.0,13.0,,,,,,7.0,0.00133859117939666
active_power_discr,20.0,13.0,,,,,,8.0,0.0
active_power_discr,20.0,13.0,,,,,,9.0,0.0
active_power_discr,20.0,13.0,,,,,,10.0,0.0
active_power_discr,20.0,13.0,,,,,,11.0,0.0
active_power_discr,20.0,13.0,,,,,,12.0,0.0
active_power_discr,20.0,13.0,,,,,,13.0,0.0
active_power_discr,20.0,13.0,,,,,,14.0,0.0
active_power_discr,20.0,13.0,,,,,,15.0,0.0
active_power_discr,20.0,14.0,,,,,,1.0,0.0075778699824844125
active_power_discr,20.0,14.0,,,,,,2.0,0.013320281329628255
active_power_discr,20.0,14.0,,,,,,3.0,0.008654993568356778
active_power_discr,20.0,14.0,,,,,,4.0,0.0
active_power_discr,20.0,14.0,,,,,,5.0,0.0
active_power_discr,20.0,14.0,,,,,,6.0,0.0
active_power_discr,20.0,14.0,,,,,,7.0,0.0
active_power_discr,20.0,14.0,,,,,,8.0,0.0
active_power_discr,20.0,14.0,,,,,,9.0,0.0
active_power_discr,20.0,14.0,,,,,,10.0,0.0
active_power_discr,20.0,14.0,,,,,,11.0,0.0
active_power_discr,20.0,14.0,,,,,,12.0,0.0
active_power_discr,20.0,14.0,,,,,,13.0,0.0
active_power_discr,20.0,14.0,,,,,,14.0,0.0
active_power_discr,20.0,14.0,,,,,,15.0,0.0
active_power_discr,20.0,15.0,,,,,,1.0,0.003811904963134563
active_power_discr,20.0,15.0,,,,,,2.0,0.005264966907931571
active_power_discr,20.0,15.0,,,,,,3.0,0.007271922256639911
active_power_discr,20.0,15.0,,,,,,4.0,0.006448505662823085
active_power_discr,20.0,15.0,,,,,,5.0,0.0
active_power_discr,20.0,15.0,,,,,,6.0,0.0
active_power_discr,20.0,15.0,,,,,,7.0,0.0
active_power_discr,20.0,15.0,,,,,,8.0,0.0
active_power_discr,20.0,15.0,,,,,,9.0,0.0
active_power_discr,20.0,15.0,,,,,,10.0,0.0
active_power_discr,20.0,15.0,,,,,,11.0,0.0
active_power_discr,20.0,15.0,,,,,,12.0,0.0
active_power_discr,20.0,15.0,,,,,,13.0,0.0
active_power_discr,20.0,15.0,,,,,,14.0,0.0
active_power_discr,20.0,15.0,,,,,,15.0,0.0
active_power_discr,20.0,16.0,,,,,,1.0,0.001647542598888035
active_power_discr,20.0,16.0,,,,,,2.0,0.0
active_power_discr,20.0,16.0,,,,,,3.0,0.0
active_power_discr,20.0,16.0,,,,,,4.0,0.0
active_power_discr,20.0,16.0,,,,,,5.0,0.0
active_power_discr,20.0,16.0,,,,,,6.0,0.0
active_power_discr,20.0,16.0,,,,,,7.0,0.0
active_power_discr,20.0,16.0,,,,,,8.0,0.0
active_power_discr,20.0,16.0,,,,,,9.0,0.0
active_power_discr,20.0,16.0,,,,,,10.0,0.0
active_power_discr,20.0,16.0,,,,,,11.0,0.0
active_power_discr,20.0,16.0,,,,,,12.0,0.0
active_power_discr,20.0,16.0,,,,,,13.0,0.0
active_power_discr,20.0,16.0,,,,,,14.0,0.0
active_power_discr,20.0,16.0,,,,,,15.0,0.0
active_power_discr,20.0,17.0,,,,,,1.0,0.0075778699824844125
active_power_discr,20.0,17.0,,,,,,2.0,0.013320281329628255
active_power_discr,20.0,17.0,,,,,,3.0,0.023414217334232015
active_power_discr,20.0,17.0,,,,,,4.0,0.041157206804276286
active_power_discr,20.0,17.0,,,,,,5.0,0.065343563860928
active_power_discr,20.0,17.0,,,,,,6.0,0.0
active_power_discr,20.0,17.0,,,,,,7.0,0.0
active_power_discr,20.0,17.0,,,,,,8.0,0.0
active_power_discr,20.0,17.0,,,,,,9.0,0.0
active_power_discr,20.0,17.0,,,,,,10.0,0.0
active_power_discr,20.0,17.0,,,,,,11.0,0.0
active_power_discr,20.0,17.0,,,,,,12.0,0.0
active_power_discr,20.0,17.0,,,,,,13.0,0.0
active_power_discr,20.0,17.0,,,,,,14.0,0.0
active_power_discr,20.0,17.0,,,,,,15.0,0.0
active_power_discr,21.0,3.0,,,,,,1.0,0.0075778699824844125
active_power_discr,21.0,3.0,,,,,,2.0,0.013320281329628255
active_power_discr,21.0,3.0,,,,,,3.0,0.023414217334232015
active_power_discr,21.0,3.0,,,,,,4.0,0.041157206804276286
active_power_discr,21.0,3.0,,,,,,5.0,0.07234560300477912
active_power_discr,21.0,3.0,,,,,,6.0,0.10934620837060818
active_power_discr,21.0,3.0,,,,,,7.0,0.0
active_power_discr,21.0,3.0,,,,,,8.0,0.0
active_power_discr,21.0,3.0,,,,,,9.0,0.0
active_power_discr,21.0,3.0,,,,,,10.0,0.0
active_power_discr,21.0,3.0,,,,,,11.0,0.0
active_power_discr,21.0,3.0,,,,,,12.0,0.0
active_power_discr,21.0,3.0,,,,,,13.0,0.0
active_power_discr,21.0,3.0,,,,,,14.0,0.0
active_power_discr,21.0,3.0,,,,,,15.0,0.0
active_power_discr,21.0,5.0,,,,,,1.0,0.0075778699824844125
active_power_discr,21.0,5.0,,,,,,2.0,0.013320281329628255
active_power_discr,21.0,5.0,,,,,,3.0,0.023414217334232015
active_power_discr,21.0,5.0,,,,,,4.0,0.0069913803122127055
active_power_discr,21.0,5.0,,,,,,5.0,0.0
active_power_discr,21.0,5.0,,,,,,6.0,0.0
active_power_discr,21.0,5.0,,,,,,7.0,0.0
active_power_discr,21.0,5.0,,,,,,8.0,0.0
active_power_discr,21.0,5.0,,,,,,9.0,0.0
active_power_discr,21.0,5.0,,,,,,10.0,0.0
active_power_discr,21.0,5.0,,,,,,11.0,0.0
active_power_discr,21.0,5.0,,,,,,12.0,0.0
active_power_discr,21.0,5.0,,,,,,13.0,0.0
active_power_discr,21.0,5.0,,,,,,14.0,0.0
active_power_discr,21.0,5.0,,,,,,15.0,0.0
active_power_discr,21.0,6.0,,,,,,1.0,0.003811904963134563
active_power_discr,21.0,6.0,,,,,,2.0,0.0025029570915296876
active_power_discr,21.0,6.0,,,,,,3.0,0.0
active_power_discr,21.0,6.0,,,,,,4.0,0.0
active_power_discr,21.0,6.0,,,,,,5.0,0.0
active_power_discr,21.0,6.0,,,,,,6.0,0.0
active_power_discr,21.0,6.0,,,,,,7.0,0.0
active_power_discr,21.0,6.0,,,,,,8.0,0.0
active_power_discr,21.0,6.0,,,,,,9.0,0.0
active_power_discr,21.0,6.0,,,,,,10.0,0.0
active_power_discr,21.0,6.0,,,,,,11.0,0.0
active_power_discr,21.0,6.0,,,,,,12.0,0.0
active_power_discr,21.0,6.0,,,,,,13.0,0.0
active_power_discr,21.0,6.0,,,,,,14.0,0.0
active_power_discr,21.0,6.0,,,,,,15.0,0.0
active_power_discr,21.0,8.0,,,,,,1.0,0.0075778699824844125
active_power_discr,21.0,8.0,,,,,,2.0,0.013320281329628255
active_power_discr,21.0,8.0,,,,,,3.0,0.023414217334232015
active_power_discr,21.0,8.0,,,,,,4.0,0.006970902281382391
active_power_discr,21.0,8.0,,,,,,5.0,0.0
active_power_discr,21.0,8.0,,,,,,6.0,0.0
active_power_discr,21.0,8.0,,,,,,7.0,0.0
active_power_discr,21.0,8.0,,,,,,8.0,0.0
active_power_discr,21.0,8.0,,,,,,9.0,0.0
active_power_discr,21.0,8.0,,,,,,10.0,0.0
active_power_discr,21.0,8.0,,,,,,11.0,0.0
active_power_discr,21.0,8.0,,,,,,12.0,0.0
active_power_discr,21.0,8.0,,,,,,13.0,0.0
active_power_discr,21.0,8.0,,,,,,14.0,0.0
active_power_discr,21.0,8.0,,,,,,15.0,0.0
active_power_discr,21.0,9.0,,,,,,1.0,0.0075778699824844125
active_power_discr,21.0,9.0,,,,,,2.0,0.013320281329628255
active_power_discr,21.0,9.0,,,,,,3.0,0.023414217334232015
active_power_discr,21.0,9.0,,,,,,4.0,0.041157206804276286
active_power_discr,21.0,9.0,,,,,,5.0,0.07234560300477912
active_power_discr,21.0,9.0,,,,,,6.0,0.10605112317283213
active_power_discr,21.0,9.0,,,,,,7.0,0.0
active_power_discr,21.0,9.0,,,,,,8.0,0.0
active_power_discr,21.0,9.0,,,,,,9.0,0.0
active_power_discr,21.0,9.0,,,,,,10.0,0.0
active_power_discr,21.0,9.0,,,,,,11.0,0.0
active_power_discr,21.0,9.0,,,,,,12.0,0.0
active_power_discr,21.0,9.0,,,,,,13.0,0.0
active_power_discr,21.0,9.0,,,,,,14.0,0.0
active_power_discr,21.0,9.0,,,,,,15.0,0.0
active_power_discr,21.0,10.0,,,,,,1.0,0.0030424103480464204
active_power_discr,21.0,10.0,,,,,,2.0,0.0
active_power_discr,21.0,10.0,,,,,,3.0,0.0
active_power_discr,21.0,10.0,,,,,,4.0,0.0
active_power_discr,21.0,10.0,,,,,,5.0,0.0
active_power_discr,21.0,10.0,,,,,,6.0,0.0
active_power_discr,21.0,10.0,,,,,,7.0,0.0
active_power_discr,21.0,10.0,,,,,,8.0,0.0
active_power_discr,21.0,10.0,,,,,,9.0,0.0
active_power_discr,21.0,10.0,,,,,,10.0,0.0
active_power_discr,21.0,10.0,,,,,,11.0,0.0
active_power_discr,21.0,10.0,,,,,,12.0,0.0
active_power_discr,21.0,10.0,,,,,,13.0,0.0
active_power_discr,21.0,10.0,,,,,,14.0,0.0
active_power_discr,21.0,10.0,,,,,,15.0,0.0
active_power_discr,21.0,13.0,,,,,,1.0,0.0075778699824844125
active_power_discr,21.0,13.0,,,,,,2.0,0.013320281329628255
active_power_discr,21.0,13.0,,,,,,3.0,0.023414217334232015
active_power_discr,21.0,13.0,,,,,,4.0,0.041157206804276286
active_power_discr,21.0,13.0,,,,,,5.0,0.07234560300477912
active_power_discr,21.0,13.0,,,,,,6.0,0.10938764178531198
active_power_discr,21.0,13.0,,,,,,7.0,0.0
active_power_discr,21.0,13.0,,,,,,8.0,0.0
active_power_discr,21.0,13.0,,,,,,9.0,0.0
active_power_discr,21.0,13.0,,,,,,10.0,0.0
active_power_discr,21.0,13.0,,,,,,11.0,0.0
active_power_discr,21.0,13.0,,,,,,12.0,0.0
active_power_discr,21.0,13.0,,,,,,13.0,0.0
active_power_discr,21.0,13.0,,,,,,14.0,0.0
active_power_discr,21.0,13.0,,,,,,15.0,0.0
active_power_discr,21.0,14.0,,,,,,1.0,0.0075778699824844125
active_power_discr,21.0,14.0,,,,,,2.0,0.013320281329628255
active_power_discr,21.0,14.0,,,,,,3.0,0.001717696687249904
active_power_discr,21.0,14.0,,,,,,4.0,0.0
active_power_discr,21.0,14.0,,,,,,5.0,0.0
active_power_discr,21.0,14.0,,,,,,6.0,0.0
active_power_discr,21.0,14.0,,,,,,7.0,0.0
active_power_discr,21.0,14.0,,,,,,8.0,0.0
active_power_discr,21.0,14.0,,,,,,9.0,0.0
active_power_discr,21.0,14.0,,,,,,10.0,0.0
active_power_discr,21.0,14.0,,,,,,11.0,0.0
active_power_discr,21.0,14.0,,,,,,12.0,0.0
active_power_discr,21.0,14.0,,,,,,13.0,0.0
active_power_discr,21.0,14.0,,,,,,14.0,0.0
active_power_discr,21.0,14.0,,,,,,15.0,0.0
active_power_discr,21.0,15.0,,,,,,1.0,0.003811904963134563
active_power_discr,21.0,15.0,,,,,,2.0,0.005264966907931571
active_power_discr,21.0,15.0,,,,,,3.0,0.007271922256639911
active_power_discr,21.0,15.0,,,,,,4.0,0.006443770729061542
active_power_discr,21.0,15.0,,,,,,5.0,0.0
active_power_discr,21.0,15.0,,,,,,6.0,0.0
active_power_discr,21.0,15.0,,,,,,7.0,0.0
active_power_discr,21.0,15.0,,,,,,8.0,0.0
active_power_discr,21.0,15.0,,,,,,9.0,0.0
active_power_discr,21.0,15.0,,,,,,10.0,0.0
active_power_discr,21.0,15.0,,,,,,11.0,0.0
active_power_discr,21.0,15.0,,,,,,12.0,0.0
active_power_discr,21.0,15.0,,,,,,13.0,0.0
active_power_discr,21.0,15.0,,,,,,14.0,0.0
active_power_discr,21.0,15.0,,,,,,15.0,0.0
active_power_discr,21.0,16.0,,,,,,1.0,0.001647542598888035
active_power_discr,21.0,16.0,,,,,,2.0,0.0
active_power_discr,21.0,16.0,,,,,,3.0,0.0
active_power_discr,21.0,16.0,,,,,,4.0,0.0
active_power_discr,21.0,16.0,,,,,,5.0,0.0
active_power_discr,21.0,16.0,,,,,,6.0,0.0
active_power_discr,21.0,16.0,,,,,,7.0,0.0
active_power_discr,21.0,16.0,,,,,,8.0,0.0
active_power_discr,21.0,16.0,,,,,,9.0,0.0
active_power_discr,21.0,16.0,,,,,,10.0,0.0
active_power_discr,21.0,16.0,,,,,,11.0,0.0
active_power_discr,21.0,16.0,,,,,,12.0,0.0
active_power_discr,21.0,16.0,,,,,,13.0,0.0
active_power_discr,21.0,16.0,,,,,,14.0,0.0
active_power_discr,21.0,16.0,,,,,,15.0,0.0
active_power_discr,21.0,17.0,,,,,,1.0,0.0075778699824844125
active_power_discr,21.0,17.0,,,,,,2.0,0.013320281329628255
active_power_discr,21.0,17.0,,,,,,3.0,0.023414217334232015
active_power_discr,21.0,17.0,,,,,,4.0,0.041157206804276286
active_power_discr,21.0,17.0,,,,,,5.0,0.053188730096095246
active_power_discr,21.0,17.0,,,,,,6.0,0.0
active_power_discr,21.0,17.0,,,,,,7.0,0.0
active_power_discr,21.0,17.0,,,,,,8.0,0.0
active_power_discr,21.0,17.0,,,,,,9.0,0.0
active_power_discr,21.0,17.0,,,,,,10.0,0.0
active_power_discr,21.0,17.0,,,,,,11.0,0.0
active_power_discr,21.0,17.0,,,,,,12.0,0.0
active_power_discr,21.0,17.0,,,,,,13.0,0.0
active_power_discr,21.0,17.0,,,,,,14.0,0.0
active_power_discr,21.0,17.0,,,,,,15.0,0.0
active_power_discr,22.0,3.0,,,,,,1.0,0.0075778699824844125
active_power_discr,22.0,3.0,,,,,,2.0,0.013320281329628255
active_power_discr,22.0,3.0,,,,,,3.0,0.023414217334232015
active_power_discr,22.0,3.0,,,,,,4.0,0.041157206804276286
active_power_discr,22.0,3.0,,,,,,5.0,0.07234560300477912
active_power_discr,22.0,3.0,,,,,,6.0,0.0889747522408928
active_power_discr,22.0,3.0,,,,,,7.0,0.0
active_power_discr,22.0,3.0,,,,,,8.0,0.0
active_power_discr,22.0,3.0,,,,,,9.0,0.0
active_power_discr,22.0,3.0,,,,,,10.0,0.0
active_power_discr,22.0,3.0,,,,,,11.0,0.0
active_power_discr,22.0,3.0,,,,,,12.0,0.0
active_power_discr,22.0,3.0,,,,,,13.0,0.0
active_power_discr,22.0,3.0,,,,,,14.0,0.0
active_power_discr,22.0,3.0,,,,,,15.0,0.0
active_power_discr,22.0,5.0,,,,,,1.0,0.0075778699824844125
active_power_discr,22.0,5.0,,,,,,2.0,0.013320281329628255
active_power_discr,22.0,5.0,,,,,,3.0,0.023414217334232015
active_power_discr,22.0,5.0,,,,,,4.0,0.0020216975336384974
active_power_discr,22.0,5.0,,,,,,5.0,0.0
active_power_discr,22.0,5.0,,,,,,6.0,0.0
active_power_discr,22.0,5.0,,,,,,7.0,0.0
active_power_discr,22.0,5.0,,,,,,8.0,0.0
active_power_discr,22.0,5.0,,,,,,9.0,0.0
active_power_discr,22.0,5.0,,,,,,10.0,0.0
active_power_discr,22.0,5.0,,,,,,11.0,0.0
active_power_discr,22.0,5.0,,,,,,12.0,0.0
active_power_discr,22.0,5.0,,,,,,13.0,0.0
active_power_discr,22.0,5.0,,,,,,14.0,0.0
active_power_discr,22.0,5.0,,,,,,15.0,0.0
active_power_discr,22.0,6.0,,,,,,1.0,0.003811904963134563
active_power_discr,22.0,6.0,,,,,,2.0,0.00246419241817181
active_power_discr,22.0,6.0,,,,,,3.0,0.0
active_power_discr,22.0,6.0,,,,,,4.0,0.0
active_power_discr,22.0,6.0,,,,,,5.0,0.0
active_power_discr,22.0,6.0,,,,,,6.0,0.0
active_power_discr,22.0,6.0,,,,,,7.0,0.0
active_power_discr,22.0,6.0,,,,,,8.0,0.0
active_power_discr,22.0,6.0,,,,,,9.0,0.0
active_power_discr,22.0,6.0,,,,,,10.0,0.0
active_power_discr,22.0,6.0,,,,,,11.0,0.0
active_power_discr,22.0,6.0,,,,,,12.0,0.0
active_power_discr,22.0,6.0,,,,,,13.0,0.0
active_power_discr,22.0,6.0,,,,,,14.0,0.0
active_power_discr,22.0,6.0,,,,,,15.0,0.0
active_power_discr,22.0,8.0,,,,,,1.0,0.0075778699824844125
active_power_discr,22.0,8.0,,,,,,2.0,0.013320281329628255
active_power_discr,22.0,8.0,,,,,,3.0,0.023414217334232015
active_power_discr,22.0,8.0,,,,,,4.0,0.002004779203517694
active_power_discr,22.0,8.0,,,,,,5.0,0.0
active_power_discr,22.0,8.0,,,,,,6.0,0.0
active_power_discr,22.0,8.0,,,,,,7.0,0.0
active_power_discr,22.0,8.0,,,,,,8.0,0.0
active_power_discr,22.0,8.0,,,,,,9.0,0.0
active_power_discr,22.0,8.0,,,,,,10.0,0.0
active_power_discr,22.0,8.0,,,,,,11.0,0.0
active_power_discr,22.0,8.0,,,,,,12.0,0.0
active_power_discr,22.0,8.0,,,,,,13.0,0.0
active_power_discr,22.0,8.0,,,,,,14.0,0.0
active_power_discr,22.0,8.0,,,,,,15.0,0.0
active_power_discr,22.0,9.0,,,,,,1.0,0.0075778699824844125
active_power_discr,22.0,9.0,,,,,,2.0,0.013320281329628255
active_power_discr,22.0,9.0,,,,,,3.0,0.023414217334232015
active_power_discr,22.0,9.0,,,,,,4.0,0.041157206804276286
active_power_discr,22.0,9.0,,,,,,5.0,0.07234560300477912
active_power_discr,22.0,9.0,,,,,,6.0,0.08567966704311672
active_power_discr,22.0,9.0,,,,,,7.0,0.0
active_power_discr,22.0,9.0,,,,,,8.0,0.0
active_power_discr,22.0,9.0,,,,,,9.0,0.0
active_power_discr,22.0,9.0,,,,,,10.0,0.0
active_power_discr,22.0,9.0,,,,,,11.0,0.0
active_power_discr,22.0,9.0,,,,,,12.0,0.0
active_power_discr,22.0,9.0,,,,,,13.0,0.0
active_power_discr,22.0,9.0,,,,,,14.0,0.0
active_power_discr,22.0,9.0,,,,,,15.0,0.0
active_power_discr,22.0,10.0,,,,,,1.0,0.0026144444415440444
active_power_discr,22.0,10.0,,,,,,2.0,0.0
active_power_discr,22.0,10.0,,,,,,3.0,0.0
active_power_discr,22.0,10.0,,,,,,4.0,0.0
active_power_discr,22.0,10.0,,,,,,5.0,0.0
active_power_discr,22.0,10.0,,,,,,6.0,0.0
active_power_discr,22.0,10.0,,,,,,7.0,0.0
active_power_discr,22.0,10.0,,,,,,8.0,0.0
active_power_discr,22.0,10.0,,,,,,9.0,0.0
active_power_discr,22.0,10.0,,,,,,10.0,0.0
active_power_discr,22.0,10.0,,,,,,11.0,0.0
active_power_discr,22.0,10.0,,,,,,12.0,0.0
active_power_discr,22.0,10.0,,,,,,13.0,0.0
active_power_discr,22.0,10.0,,,,,,14.0,0.0
active_power_discr,22.0,10.0,,,,,,15.0,0.0
active_power_discr,22.0,13.0,,,,,,1.0,0.0075778699824844125
active_power_discr,22.0,13.0,,,,,,2.0,0.013320281329628255
active_power_discr,22.0,13.0,,,,,,3.0,0.023414217334232015
active_power_discr,22.0,13.0,,,,,,4.0,0.041157206804276286
active_power_discr,22.0,13.0,,,,,,5.0,0.07234560300477912
active_power_discr,22.0,13.0,,,,,,6.0,0.08901108844015879
active_power_discr,22.0,13.0,,,,,,7.0,0.0
active_power_discr,22.0,13.0,,,,,,8.0,0.0
active_power_discr,22.0,13.0,,,,,,9.0,0.0
active_power_discr,22.0,13.0,,,,,,10.0,0.0
active_power_discr,22.0,13.0,,,,,,11.0,0.0
active_power_discr,22.0,13.0,,,,,,12.0,0.0
active_power_discr,22.0,13.0,,,,,,13.0,0.0
active_power_discr,22.0,13.0,,,,,,14.0,0.0
active_power_discr,22.0,13.0,,,,,,15.0,0.0
active_power_discr,22.0,14.0,,,,,,1.0,0.0075778699824844125
active_power_discr,22.0,14.0,,,,,,2.0,0.013320281329628255
active_power_discr,22.0,14.0,,,,,,3.0,0.00026003970593068554
active_power_discr,22.0,14.0,,,,,,4.0,0.0
active_power_discr,22.0,14.0,,,,,,5.0,0.0
active_power_discr,22.0,14.0,,,,,,6.0,0.0
active_power_discr,22.0,14.0,,,,,,7.0,0.0
active_power_discr,22.0,14.0,,,,,,8.0,0.0
active_power_discr,22.0,14.0,,,,,,9.0,0.0
active_power_discr,22.0,14.0,,,,,,10.0,0.0
active_power_discr,22.0,14.0,,,,,,11.0,0.0
active_power_discr,22.0,14.0,,,,,,12.0,0.0
active_power_discr,22.0,14.0,,,,,,13.0,0.0
active_power_discr,22.0,14.0,,,,,,14.0,0.0
active_power_discr,22.0,14.0,,,,,,15.0,0.0
active_power_discr,22.0,15.0,,,,,,1.0,0.003811904963134563
active_power_discr,22.0,15.0,,,,,,2.0,0.005264966907931571
active_power_discr,22.0,15.0,,,,,,3.0,0.007271922256639911
active_power_discr,22.0,15.0,,,,,,4.0,0.004236604916677222
active_power_discr,22.0,15.0,,,,,,5.0,0.0
active_power_discr,22.0,15.0,,,,,,6.0,0.0
active_power_discr,22.0,15.0,,,,,,7.0,0.0
active_power_discr,22.0,15.0,,,,,,8.0,0.0
active_power_discr,22.0,15.0,,,,,,9.0,0.0
active_power_discr,22.0,15.0,,,,,,10.0,0.0
active_power_discr,22.0,15.0,,,,,,11.0,0.0
active_power_discr,22.0,15.0,,,,,,12.0,0.0
active_power_discr,22.0,15.0,,,,,,13.0,0.0
active_power_discr,22.0,15.0,,,,,,14.0,0.0
active_power_discr,22.0,15.0,,,,,,15.0,0.0
active_power_discr,22.0,16.0,,,,,,1.0,0.001647542598888035
active_power_discr,22.0,16.0,,,,,,2.0,0.0
active_power_discr,22.0,16.0,,,,,,3.0,0.0
active_power_discr,22.0,16.0,,,,,,4.0,0.0
active_power_discr,22.0,16.0,,,,,,5.0,0.0
active_power_discr,22.0,16.0,,,,,,6.0,0.0
active_power_discr,22.0,16.0,,,,,,7.0,0.0
active_power_discr,22.0,16.0,,,,,,8.0,0.0
active_power_discr,22.0,16.0,,,,,,9.0,0.0
active_power_discr,22.0,16.0,,,,,,10.0,0.0
active_power_discr,22.0,16.0,,,,,,11.0,0.0
active_power_discr,22.0,16.0,,,,,,12.0,0.0
active_power_discr,22.0,16.0,,,,,,13.0,0.0
active_power_discr,22.0,16.0,,,,,,14.0,0.0
active_power_discr,22.0,16.0,,,,,,15.0,0.0
active_power_discr,22.0,17.0,,,,,,1.0,0.0075778699824844125
active_power_discr,22.0,17.0,,,,,,2.0,0.013320281329628255
active_power_discr,22.0,17.0,,,,,,3.0,0.023414217334232015
active_power_discr,22.0,17.0,,,,,,4.0,0.041157206804276286
active_power_discr,22.0,17.0,,,,,,5.0,0.04421138579567209
active_power_discr,22.0,17.0,,,,,,6.0,0.0
active_power_discr,22.0,17.0,,,,,,7.0,0.0
active_power_discr,22.0,17.0,,,,,,8.0,0.0
active_power_discr,22.0,17.0,,,,,,9.0,0.0
active_power_discr,22.0,17.0,,,,,,10.0,0.0
active_power_discr,22.0,17.0,,,,,,11.0,0.0
active_power_discr,22.0,17.0,,,,,,12.0,0.0
active_power_discr,22.0,17.0,,,,,,13.0,0.0
active_power_discr,22.0,17.0,,,,,,14.0,0.0
active_power_discr,22.0,17.0,,,,,,15.0,0.0
active_power_discr,23.0,3.0,,,,,,1.0,0.0075778699824844125
active_power_discr,23.0,3.0,,,,,,2.0,0.013320281329628255
active_power_discr,23.0,3.0,,,,,,3.0,0.023414217334232015
active_power_discr,23.0,3.0,,,,,,4.0,0.041157206804276286
active_power_discr,23.0,3.0,,,,,,5.0,0.07234560300477912
active_power_discr,23.0,3.0,,,,,,6.0,0.07633607977117857
active_power_discr,23.0,3.0,,,,,,7.0,0.0
active_power_discr,23.0,3.0,,,,,,8.0,0.0
active_power_discr,23.0,3.0,,,,,,9.0,0.0
active_power_discr,23.0,3.0,,,,,,10.0,0.0
active_power_discr,23.0,3.0,,,,,,11.0,0.0
active_power_discr,23.0,3.0,,,,,,12.0,0.0
active_power_discr,23.0,3.0,,,,,,13.0,0.0
active_power_discr,23.0,3.0,,,,,,14.0,0.0
active_power_discr,23.0,3.0,,,,,,15.0,0.0
active_power_discr,23.0,5.0,,,,,,1.0,0.0075778699824844125
active_power_discr,23.0,5.0,,,,,,2.0,0.013320281329628255
active_power_discr,23.0,5.0,,,,,,3.0,0.02295073332233577
active_power_discr,23.0,5.0,,,,,,4.0,0.0
active_power_discr,23.0,5.0,,,,,,5.0,0.0
active_power_discr,23.0,5.0,,,,,,6.0,0.0
active_power_discr,23.0,5.0,,,,,,7.0,0.0
active_power_discr,23.0,5.0,,,,,,8.0,0.0
active_power_discr,23.0,5.0,,,,,,9.0,0.0
active_power_discr,23.0,5.0,,,,,,10.0,0.0
active_power_discr,23.0,5.0,,,,,,11.0,0.0
active_power_discr,23.0,5.0,,,,,,12.0,0.0
active_power_discr,23.0,5.0,,,,,,13.0,0.0
active_power_discr,23.0,5.0,,,,,,14.0,0.0
active_power_discr,23.0,5.0,,,,,,15.0,0.0
active_power_discr,23.0,6.0,,,,,,1.0,0.003590589811755493
active_power_discr,23.0,6.0,,,,,,2.0,0.0
active_power_discr,23.0,6.0,,,,,,3.0,0.0
active_power_discr,23.0,6.0,,,,,,4.0,0.0
active_power_discr,23.0,6.0,,,,,,5.0,0.0
active_power_discr,23.0,6.0,,,,,,6.0,0.0
active_power_discr,23.0,6.0,,,,,,7.0,0.0
active_power_discr,23.0,6.0,,,,,,8.0,0.0
active_power_discr,23.0,6.0,,,,,,9.0,0.0
active_power_discr,23.0,6.0,,,,,,10.0,0.0
active_power_discr,23.0,6.0,,,,,,11.0,0.0
active_power_discr,23.0,6.0,,,,,,12.0,0.0
active_power_discr,23.0,6.0,,,,,,13.0,0.0
active_power_discr,23.0,6.0,,,,,,14.0,0.0
active_power_discr,23.0,6.0,,,,,,15.0,0.0
active_power_discr,23.0,8.0,,,,,,1.0,0.0075778699824844125
active_power_discr,23.0,8.0,,,,,,2.0,0.013320281329628255
active_power_discr,23.0,8.0,,,,,,3.0,0.022935595086217925
active_power_discr,23.0,8.0,,,,,,4.0,0.0
active_power_discr,23.0,8.0,,,,,,5.0,0.0
active_power_discr,23.0,8.0,,,,,,6.0,0.0
active_power_discr,23.0,8.0,,,,,,7.0,0.0
active_power_discr,23.0,8.0,,,,,,8.0,0.0
active_power_discr,23.0,8.0,,,,,,9.0,0.0
active_power_discr,23.0,8.0,,,,,,10.0,0.0
active_power_discr,23.0,8.0,,,,,,11.0,0.0
active_power_discr,23.0,8.0,,,,,,12.0,0.0
active_power_discr,23.0,8.0,,,,,,13.0,0.0
active_power_discr,23.0,8.0,,,,,,14.0,0.0
active_power_discr,23.0,8.0,,,,,,15.0,0.0
active_power_discr,23.0,9.0,,,,,,1.0,0.0075778699824844125
active_power_discr,23.0,9.0,,,,,,2.0,0.013320281329628255
active_power_discr,23.0,9.0,,,,,,3.0,0.023414217334232015
active_power_discr,23.0,9.0,,,,,,4.0,0.041157206804276286
active_power_discr,23.0,9.0,,,,,,5.0,0.07234560300477912
active_power_discr,23.0,9.0,,,,,,6.0,0.07304099457340249
active_power_discr,23.0,9.0,,,,,,7.0,0.0
active_power_discr,23.0,9.0,,,,,,8.0,0.0
active_power_discr,23.0,9.0,,,,,,9.0,0.0
active_power_discr,23.0,9.0,,,,,,10.0,0.0
active_power_discr,23.0,9.0,,,,,,11.0,0.0
active_power_discr,23.0,9.0,,,,,,12.0,0.0
active_power_discr,23.0,9.0,,,,,,13.0,0.0
active_power_discr,23.0,9.0,,,,,,14.0,0.0
active_power_discr,23.0,9.0,,,,,,15.0,0.0
active_power_discr,23.0,10.0,,,,,,1.0,0.0026144466568566614
active_power_discr,23.0,10.0,,,,,,2.0,0.0
active_power_discr,23.0,10.0,,,,,,3.0,0.0
active_power_discr,23.0,10.0,,,,,,4.0,0.0
active_power_discr,23.0,10.0,,,,,,5.0,0.0
active_power_discr,23.0,10.0,,,,,,6.0,0.0
active_power_discr,23.0,10.0,,,,,,7.0,0.0
active_power_discr,23.0,10.0,,,,,,8.0,0.0
active_power_discr,23.0,10.0,,,,,,9.0,0.0
active_power_discr,23.0,10.0,,,,,,10.0,0.0
active_power_discr,23.0,10.0,,,,,,11.0,0.0
active_power_discr,23.0,10.0,,,,,,12.0,0.0
active_power_discr,23.0,10.0,,,,,,13.0,0.0
active_power_discr,23.0,10.0,,,,,,14.0,0.0
active_power_discr,23.0,10.0,,,,,,15.0,0.0
active_power_discr,23.0,13.0,,,,,,1.0,0.0075778699824844125
active_power_discr,23.0,13.0,,,,,,2.0,0.013320281329628255
active_power_discr,23.0,13.0,,,,,,3.0,0.023414217334232015
active_power_discr,23.0,13.0,,,,,,4.0,0.041157206804276286
active_power_discr,23.0,13.0,,,,,,5.0,0.07234560300477912
active_power_discr,23.0,13.0,,,,,,6.0,0.07636925360266798
active_power_discr,23.0,13.0,,,,,,7.0,0.0
active_power_discr,23.0,13.0,,,,,,8.0,0.0
active_power_discr,23.0,13.0,,,,,,9.0,0.0
active_power_discr,23.0,13.0,,,,,,10.0,0.0
active_power_discr,23.0,13.0,,,,,,11.0,0.0
active_power_discr,23.0,13.0,,,,,,12.0,0.0
active_power_discr,23.0,13.0,,,,,,13.0,0.0
active_power_discr,23.0,13.0,,,,,,14.0,0.0
active_power_discr,23.0,13.0,,,,,,15.0,0.0
active_power_discr,23.0,14.0,,,,,,1.0,0.0075778699824844125
active_power_discr,23.0,14.0,,,,,,2.0,0.010185270194141836
active_power_discr,23.0,14.0,,,,,,3.0,0.0
active_power_discr,23.0,14.0,,,,,,4.0,0.0
active_power_discr,23.0,14.0,,,,,,5.0,0.0
active_power_discr,23.0,14.0,,,,,,6.0,0.0
active_power_discr,23.0,14.0,,,,,,7.0,0.0
active_power_discr,23.0,14.0,,,,,,8.0,0.0
active_power_discr,23.0,14.0,,,,,,9.0,0.0
active_power_discr,23.0,14.0,,,,,,10.0,0.0
active_power_discr,23.0,14.0,,,,,,11.0,0.0
active_power_discr,23.0,14.0,,,,,,12.0,0.0
active_power_discr,23.0,14.0,,,,,,13.0,0.0
active_power_discr,23.0,14.0,,,,,,14.0,0.0
active_power_discr,23.0,14.0,,,,,,15.0,0.0
active_power_discr,23.0,15.0,,,,,,1.0,0.003811904963134563
active_power_discr,23.0,15.0,,,,,,2.0,0.005264966907931571
active_power_discr,23.0,15.0,,,,,,3.0,0.007271922256639911
active_power_discr,23.0,15.0,,,,,,4.0,0.003132870938218662
active_power_discr,23.0,15.0,,,,,,5.0,0.0
active_power_discr,23.0,15.0,,,,,,6.0,0.0
active_power_discr,23.0,15.0,,,,,,7.0,0.0
active_power_discr,23.0,15.0,,,,,,8.0,0.0
active_power_discr,23.0,15.0,,,,,,9.0,0.0
active_power_discr,23.0,15.0,,,,,,10.0,0.0
active_power_discr,23.0,15.0,,,,,,11.0,0.0
active_power_discr,23.0,15.0,,,,,,12.0,0.0
active_power_discr,23.0,15.0,,,,,,13.0,0.0
active_power_discr,23.0,15.0,,,,,,14.0,0.0
active_power_discr,23.0,15.0,,,,,,15.0,0.0
active_power_discr,23.0,16.0,,,,,,1.0,0.001647542598888035
active_power_discr,23.0,16.0,,,,,,2.0,0.0
active_power_discr,23.0,16.0,,,,,,3.0,0.0
active_power_discr,23.0,16.0,,,,,,4.0,0.0
active_power_discr,23.0,16.0,,,,,,5.0,0.0
active_power_discr,23.0,16.0,,,,,,6.0,0.0
active_power_discr,23.0,16.0,,,,,,7.0,0.0
active_power_discr,23.0,16.0,,,,,,8.0,0.0
active_power_discr,23.0,16.0,,,,,,9.0,0.0
active_power_discr,23.0,16.0,,,,,,10.0,0.0
active_power_discr,23.0,16.0,,,,,,11.0,0.0
active_power_discr,23.0,16.0,,,,,,12.0,0.0
active_power_discr,23.0,16.0,,,,,,13.0,0.0
active_power_discr,23.0,16.0,,,,,,14.0,0.0
active_power_discr,23.0,16.0,,,,,,15.0,0.0
active_power_discr,23.0,17.0,,,,,,1.0,0.0075778699824844125
active_power_discr,23.0,17.0,,,,,,2.0,0.013320281329628255
active_power_discr,23.0,17.0,,,,,,3.0,0.023414217334232015
active_power_discr,23.0,17.0,,,,,,4.0,0.041157206804276286
active_power_discr,23.0,17.0,,,,,,5.0,0.039936707714619005
active_power_discr,23.0,17.0,,,,,,6.0,0.0
active_power_discr,23.0,17.0,,,,,,7.0,0.0
active_power_discr,23.0,17.0,,,,,,8.0,0.0
active_power_discr,23.0,17.0,,,,,,9.0,0.0
active_power_discr,23.0,17.0,,,,,,10.0,0.0
active_power_discr,23.0,17.0,,,,,,11.0,0.0
active_power_discr,23.0,17.0,,,,,,12.0,0.0
active_power_discr,23.0,17.0,,,,,,13.0,0.0
active_power_discr,23.0,17.0,,,,,,14.0,0.0
active_power_discr,23.0,17.0,,,,,,15.0,0.0
active_power_discr,24.0,3.0,,,,,,1.0,0.0075778699824844125
active_power_discr,24.0,3.0,,,,,,2.0,0.013320281329628255
active_power_discr,24.0,3.0,,,,,,3.0,0.023414217334232015
active_power_discr,24.0,3.0,,,,,,4.0,0.041157206804276286
active_power_discr,24.0,3.0,,,,,,5.0,0.07234560300477912
active_power_discr,24.0,3.0,,,,,,6.0,0.043204527555378625
active_power_discr,24.0,3.0,,,,,,7.0,0.0
active_power_discr,24.0,3.0,,,,,,8.0,0.0
active_power_discr,24.0,3.0,,,,,,9.0,0.0
active_power_discr,24.0,3.0,,,,,,10.0,0.0
active_power_discr,24.0,3.0,,,,,,11.0,0.0
active_power_discr,24.0,3.0,,,,,,12.0,0.0
active_power_discr,24.0,3.0,,,,,,13.0,0.0
active_power_discr,24.0,3.0,,,,,,14.0,0.0
active_power_discr,24.0,3.0,,,,,,15.0,0.0
active_power_discr,24.0,5.0,,,,,,1.0,0.0075778699824844125
active_power_discr,24.0,5.0,,,,,,2.0,0.013320281329628255
active_power_discr,24.0,5.0,,,,,,3.0,0.015465437703406068
active_power_discr,24.0,5.0,,,,,,4.0,0.0
active_power_discr,24.0,5.0,,,,,,5.0,0.0
active_power_discr,24.0,5.0,,,,,,6.0,0.0
active_power_discr,24.0,5.0,,,,,,7.0,0.0
active_power_discr,24.0,5.0,,,,,,8.0,0.0
active_power_discr,24.0,5.0,,,,,,9.0,0.0
active_power_discr,24.0,5.0,,,,,,10.0,0.0
active_power_discr,24.0,5.0,,,,,,11.0,0.0
active_power_discr,24.0,5.0,,,,,,12.0,0.0
active_power_discr,24.0,5.0,,,,,,13.0,0.0
active_power_discr,24.0,5.0,,,,,,14.0,0.0
active_power_discr,24.0,5.0,,,,,,15.0,0.0
active_power_discr,24.0,6.0,,,,,,1.0,0.0007055365267412011
active_power_discr,24.0,6.0,,,,,,2.0,0.0
active_power_discr,24.0,6.0,,,,,,3.0,0.0
active_power_discr,24.0,6.0,,,,,,4.0,0.0
active_power_discr,24.0,6.0,,,,,,5.0,0.0
active_power_discr,24.0,6.0,,,,,,6.0,0.0
active_power_discr,24.0,6.0,,,,,,7.0,0.0
active_power_discr,24.0,6.0,,,,,,8.0,0.0
active_power_discr,24.0,6.0,,,,,,9.0,0.0
active_power_discr,24.0,6.0,,,,,,10.0,0.0
active_power_discr,24.0,6.0,,,,,,11.0,0.0
active_power_discr,24.0,6.0,,,,,,12.0,0.0
active_power_discr,24.0,6.0,,,,,,13.0,0.0
active_power_discr,24.0,6.0,,,,,,14.0,0.0
active_power_discr,24.0,6.0,,,,,,15.0,0.0
active_power_discr,24.0,8.0,,,,,,1.0,0.0075778699824844125
active_power_discr,24.0,8.0,,,,,,2.0,0.013320281329628255
active_power_discr,24.0,8.0,,,,,,3.0,0.01545553595981193
active_power_discr,24.0,8.0,,,,,,4.0,0.0
active_power_discr,24.0,8.0,,,,,,5.0,0.0
active_power_discr,24.0,8.0,,,,,,6.0,0.0
active_power_discr,24.0,8.0,,,,,,7.0,0.0
active_power_discr,24.0,8.0,,,,,,8.0,0.0
active_power_discr,24.0,8.0,,,,,,9.0,0.0
active_power_discr,24.0,8.0,,,,,,10.0,0.0
active_power_discr,24.0,8.0,,,,,,11.0,0.0
active_power_discr,24.0,8.0,,,,,,12.0,0.0
active_power_discr,24.0,8.0,,,,,,13.0,0.0
active_power_discr,24.0,8.0,,,,,,14.0,0.0
active_power_discr,24.0,8.0,,,,,,15.0,0.0
active_power_discr,24.0,9.0,,,,,,1.0,0.0075778699824844125
active_power_discr,24.0,9.0,,,,,,2.0,0.013320281329628255
active_power_discr,24.0,9.0,,,,,,3.0,0.023414217334232015
active_power_discr,24.0,9.0,,,,,,4.0,0.041157206804276286
active_power_discr,24.0,9.0,,,,,,5.0,0.07234560300477912
active_power_discr,24.0,9.0,,,,,,6.0,0.03990944235760255
active_power_discr,24.0,9.0,,,,,,7.0,0.0
active_power_discr,24.0,9.0,,,,,,8.0,0.0
active_power_discr,24.0,9.0,,,,,,9.0,0.0
active_power_discr,24.0,9.0,,,,,,10.0,0.0
active_power_discr,24.0,9.0,,,,,,11.0,0.0
active_power_discr,24.0,9.0,,,,,,12.0,0.0
active_power_discr,24.0,9.0,,,,,,13.0,0.0
active_power_discr,24.0,9.0,,,,,,14.0,0.0
active_power_discr,24.0,9.0,,,,,,15.0,0.0
active_power_discr,24.0,10.0,,,,,,1.0,0.002614436801486944
active_power_discr,24.0,10.0,,,,,,2.0,0.0
active_power_discr,24.0,10.0,,,,,,3.0,0.0
active_power_discr,24.0,10.0,,,,,,4.0,0.0
active_power_discr,24.0,10.0,,,,,,5.0,0.0
active_power_discr,24.0,10.0,,,,,,6.0,0.0
active_power_discr,24.0,10.0,,,,,,7.0,0.0
active_power_discr,24.0,10.0,,,,,,8.0,0.0
active_power_discr,24.0,10.0,,,,,,9.0,0.0
active_power_discr,24.0,10.0,,,,,,10.0,0.0
active_power_discr,24.0,10.0,,,,,,11.0,0.0
active_power_discr,24.0,10.0,,,,,,12.0,0.0
active_power_discr,24.0,10.0,,,,,,13.0,0.0
active_power_discr,24.0,10.0,,,,,,14.0,0.0
active_power_discr,24.0,10.0,,,,,,15.0,0.0
active_power_discr,24.0,13.0,,,,,,1.0,0.0075778699824844125
active_power_discr,24.0,13.0,,,,,,2.0,0.013320281329628255
active_power_discr,24.0,13.0,,,,,,3.0,0.023414217334232015
active_power_discr,24.0,13.0,,,,,,4.0,0.041157206804276286
active_power_discr,24.0,13.0,,,,,,5.0,0.07234560300477912
active_power_discr,24.0,13.0,,,,,,6.0,0.04322941142181307
active_power_discr,24.0,13.0,,,,,,7.0,0.0
active_power_discr,24.0,13.0,,,,,,8.0,0.0
active_power_discr,24.0,13.0,,,,,,9.0,0.0
active_power_discr,24.0,13.0,,,,,,10.0,0.0
active_power_discr,24.0,13.0,,,,,,11.0,0.0
active_power_discr,24.0,13.0,,,,,,12.0,0.0
active_power_discr,24.0,13.0,,,,,,13.0,0.0
active_power_discr,24.0,13.0,,,,,,14.0,0.0
active_power_discr,24.0,13.0,,,,,,15.0,0.0
active_power_discr,24.0,14.0,,,,,,1.0,0.0075778699824844125
active_power_discr,24.0,14.0,,,,,,2.0,0.005163048585522641
active_power_discr,24.0,14.0,,,,,,3.0,0.0
active_power_discr,24.0,14.0,,,,,,4.0,0.0
active_power_discr,24.0,14.0,,,,,,5.0,0.0
active_power_discr,24.0,14.0,,,,,,6.0,0.0
active_power_discr,24.0,14.0,,,,,,7.0,0.0
active_power_discr,24.0,14.0,,,,,,8.0,0.0
active_power_discr,24.0,14.0,,,,,,9.0,0.0
active_power_discr,24.0,14.0,,,,,,10.0,0.0
active_power_discr,24.0,14.0,,,,,,11.0,0.0
active_power_discr,24.0,14.0,,,,,,12.0,0.0
active_power_discr,24.0,14.0,,,,,,13.0,0.0
active_power_discr,24.0,14.0,,,,,,14.0,0.0
active_power_discr,24.0,14.0,,,,,,15.0,0.0
active_power_discr,24.0,15.0,,,,,,1.0,0.003811904963134563
active_power_discr,24.0,15.0,,,,,,2.0,0.005264966907931571
active_power_discr,24.0,15.0,,,,,,3.0,0.007080322472011466
active_power_discr,24.0,15.0,,,,,,4.0,0.0
active_power_discr,24.0,15.0,,,,,,5.0,0.0
active_power_discr,24.0,15.0,,,,,,6.0,0.0
active_power_discr,24.0,15.0,,,,,,7.0,0.0
active_power_discr,24.0,15.0,,,,,,8.0,0.0
active_power_discr,24.0,15.0,,,,,,9.0,0.0
active_power_discr,24.0,15.0,,,,,,10.0,0.0
active_power_discr,24.0,15.0,,,,,,11.0,0.0
active_power_discr,24.0,15.0,,,,,,12.0,0.0
active_power_discr,24.0,15.0,,,,,,13.0,0.0
active_power_discr,24.0,15.0,,,,,,14.0,0.0
active_power_discr,24.0,15.0,,,,,,15.0,0.0
active_power_discr,24.0,16.0,,,,,,1.0,0.001647542598888035
active_power_discr,24.0,16.0,,,,,,2.0,0.0
active_power_discr,24.0,16.0,,,,,,3.0,0.0
active_power_discr,24.0,16.0,,,,,,4.0,0.0
active_power_discr,24.0,16.0,,,,,,5.0,0.0
active_power_discr,24.0,16.0,,,,,,6.0,0.0
active_power_discr,24.0,16.0,,,,,,7.0,0.0
active_power_discr,24.0,16.0,,,,,,8.0,0.0
active_power_discr,24.0,16.0,,,,,,9.0,0.0
active_power_discr,24.0,16.0,,,,,,10.0,0.0
active_power_discr,24.0,16.0,,,,,,11.0,0.0
active_power_discr,24.0,16.0,,,,,,12.0,0.0
active_power_discr,24.0,16.0,,,,,,13.0,0.0
active_power_discr,24.0,16.0,,,,,,14.0,0.0
active_power_discr,24.0,16.0,,,,,,15.0,0.0
active_power_discr,24.0,17.0,,,,,,1.0,0.0075778699824844125
active_power_discr,24.0,17.0,,,,,,2.0,0.013320281329628255
active_power_discr,24.0,17.0,,,,,,3.0,0.023414217334232015
active_power_discr,24.0,17.0,,,,,,4.0,0.041157206804276286
active_power_discr,24.0,17.0,,,,,,5.0,0.02679368296946047
active_power_discr,24.0,17.0,,,,,,6.0,0.0
active_power_discr,24.0,17.0,,,,,,7.0,0.0
active_power_discr,24.0,17.0,,,,,,8.0,0.0
active_power_discr,24.0,17.0,,,,,,9.0,0.0
active_power_discr,24.0,17.0,,,,,,10.0,0.0
active_power_discr,24.0,17.0,,,,,,11.0,0.0
active_power_discr,24.0,17.0,,,,,,12.0,0.0
active_power_discr,24.0,17.0,,,,,,13.0,0.0
active_power_discr,24.0,17.0,,,,,,14.0,0.0
active_power_discr,24.0,17.0,,,,,,15.0,0.0
reactive_power_discr,1.0,3.0,,,,,,1.0,5.252061679431551e-05
reactive_power_discr,1.0,3.0,,,,,,2.0,0.0
reactive_power_discr,1.0,3.0,,,,,,3.0,0.0
reactive_power_discr,1.0,3.0,,,,,,4.0,0.0
reactive_power_discr,1.0,3.0,,,,,,5.0,0.0
reactive_power_discr,1.0,3.0,,,,,,6.0,0.0
reactive_power_discr,1.0,3.0,,,,,,7.0,0.0
reactive_power_discr,1.0,3.0,,,,,,8.0,0.0
reactive_power_discr,1.0,3.0,,,,,,9.0,0.0
reactive_power_discr,1.0,3.0,,,,,,10.0,0.0
reactive_power_discr,1.0,3.0,,,,,,11.0,0.0
reactive_power_discr,1.0,3.0,,,,,,12.0,0.0
reactive_power_discr,1.0,3.0,,,,,,13.0,0.0
reactive_power_discr,1.0,3.0,,,,,,14.0,0.0
reactive_power_discr,1.0,3.0,,,,,,15.0,0.0
reactive_power_discr,1.0,5.0,,,,,,1.0,0.0012776171325701341
reactive_power_discr,1.0,5.0,,,,,,2.0,0.0
reactive_power_discr,1.0,5.0,,,,,,3.0,0.0
reactive_power_discr,1.0,5.0,,,,,,4.0,0.0
reactive_power_discr,1.0,5.0,,,,,,5.0,0.0
reactive_power_discr,1.0,5.0,,,,,,6.0,0.0
reactive_power_discr,1.0,5.0,,,,,,7.0,0.0
reactive_power_discr,1.0,5.0,,,,,,8.0,0.0
reactive_power_discr,1.0,5.0,,,,,,9.0,0.0
reactive_power_discr,1.0,5.0,,,,,,10.0,0.0
reactive_power_discr,1.0,5.0,,,,,,11.0,0.0
reactive_power_discr,1.0,5.0,,,,,,12.0,0.0
reactive_power_discr,1.0,5.0,,,,,,13.0,0.0
reactive_power_discr,1.0,5.0,,,,,,14.0,0.0
reactive_power_discr,1.0,5.0,,,,,,15.0,0.0
reactive_power_discr,1.0,6.0,,,,,,1.0,0.0003048976652363447
reactive_power_discr,1.0,6.0,,,,,,2.0,0.0
reactive_power_discr,1.0,6.0,,,,,,3.0,0.0
reactive_power_discr,1.0,6.0,,,,,,4.0,0.0
reactive_power_discr,1.0,6.0,,,,,,5.0,0.0
reactive_power_discr,1.0,6.0,,,,,,6.0,0.0
reactive_power_discr,1.0,6.0,,,,,,7.0,0.0
reactive_power_discr,1.0,6.0,,,,,,8.0,0.0
reactive_power_discr,1.0,6.0,,,,,,9.0,0.0
reactive_power_discr,1.0,6.0,,,,,,10.0,0.0
reactive_power_discr,1.0,6.0,,,,,,11.0,0.0
reactive_power_discr,1.0,6.0,,,,,,12.0,0.0
reactive_power_discr,1.0,6.0,,,,,,13.0,0.0
reactive_power_discr,1.0,6.0,,,,,,14.0,0.0
reactive_power_discr,1.0,6.0,,,,,,15.0,0.0
reactive_power_discr,1.0,8.0,,,,,,1.0,0.0
reactive_power_discr,1.0,8.0,,,,,,2.0,0.0
reactive_power_discr,1.0,8.0,,,,,,3.0,0.0
reactive_power_discr,1.0,8.0,,,,,,4.0,0.0
reactive_power_discr,1.0,8.0,,,,,,5.0,0.0
reactive_power_discr,1.0,8.0,,,,,,6.0,0.0
reactive_power_discr,1.0,8.0,,,,,,7.0,0.0
reactive_power_discr,1.0,8.0,,,,,,8.0,0.0
reactive_power_discr,1.0,8.0,,,,,,9.0,0.0
reactive_power_discr,1.0,8.0,,,,,,10.0,0.0
reactive_power_discr,1.0,8.0,,,,,,11.0,0.0
reactive_power_discr,1.0,8.0,,,,,,12.0,0.0
reactive_power_discr,1.0,8.0,,,,,,13.0,0.0
reactive_power_discr,1.0,8.0,,,,,,14.0,0.0
reactive_power_discr,1.0,8.0,,,,,,15.0,0.0
reactive_power_discr,1.0,9.0,,,,,,1.0,0.0
reactive_power_discr,1.0,9.0,,,,,,2.0,0.0
reactive_power_discr,1.0,9.0,,,,,,3.0,0.0
reactive_power_discr,1.0,9.0,,,,,,4.0,0.0
reactive_power_discr,1.0,9.0,,,,,,5.0,0.0
reactive_power_discr,1.0,9.0,,,,,,6.0,0.0
reactive_power_discr,1.0,9.0,,,,,,7.0,0.0
reactive_power_discr,1.0,9.0,,,,,,8.0,0.0
reactive_power_discr,1.0,9.0,,,,,,9.0,0.0
reactive_power_discr,1.0,9.0,,,,,,10.0,0.0
reactive_power_discr,1.0,9.0,,,,,,11.0,0.0
reactive_power_discr,1.0,9.0,,,,,,12.0,0.0
reactive_power_discr,1.0,9.0,,,,,,13.0,0.0
reactive_power_discr,1.0,9.0,,,,,,14.0,0.0
reactive_power_discr,1.0,9.0,,,,,,15.0,0.0
reactive_power_discr,1.0,10.0,,,,,,1.0,0.0011685720298750604
reactive_power_discr,1.0,10.0,,,,,,2.0,0.0
reactive_power_discr,1.0,10.0,,,,,,3.0,0.0
reactive_power_discr,1.0,10.0,,,,,,4.0,0.0
reactive_power_discr,1.0,10.0,,,,,,5.0,0.0
reactive_power_discr,1.0,10.0,,,,,,6.0,0.0
reactive_power_discr,1.0,10.0,,,,,,7.0,0.0
reactive_power_discr,1.0,10.0,,,,,,8.0,0.0
reactive_power_discr,1.0,10.0,,,,,,9.0,0.0
reactive_power_discr,1.0,10.0,,,,,,10.0,0.0
reactive_power_discr,1.0,10.0,,,,,,11.0,0.0
reactive_power_discr,1.0,10.0,,,,,,12.0,0.0
reactive_power_discr,1.0,10.0,,,,,,13.0,0.0
reactive_power_discr,1.0,10.0,,,,,,14.0,0.0
reactive_power_discr,1.0,10.0,,,,,,15.0,0.0
reactive_power_discr,1.0,13.0,,,,,,1.0,0.0
reactive_power_discr,1.0,13.0,,,,,,2.0,0.0
reactive_power_discr,1.0,13.0,,,,,,3.0,0.0
reactive_power_discr,1.0,13.0,,,,,,4.0,0.0
reactive_power_discr,1.0,13.0,,,,,,5.0,0.0
reactive_power_discr,1.0,13.0,,,,,,6.0,0.0
reactive_power_discr,1.0,13.0,,,,,,7.0,0.0
reactive_power_discr,1.0,13.0,,,,,,8.0,0.0
reactive_power_discr,1.0,13.0,,,,,,9.0,0.0
reactive_power_discr,1.0,13.0,,,,,,10.0,0.0
reactive_power_discr,1.0,13.0,,,,,,11.0,0.0
reactive_power_discr,1.0,13.0,,,,,,12.0,0.0
reactive_power_discr,1.0,13.0,,,,,,13.0,0.0
reactive_power_discr,1.0,13.0,,,,,,14.0,0.0
reactive_power_discr,1.0,13.0,,,,,,15.0,0.0
reactive_power_discr,1.0,14.0,,,,,,1.0,0.0012708713849746568
reactive_power_discr,1.0,14.0,,,,,,2.0,0.0
reactive_power_discr,1.0,14.0,,,,,,3.0,0.0
reactive_power_discr,1.0,14.0,,,,,,4.0,0.0
reactive_power_discr,1.0,14.0,,,,,,5.0,0.0
reactive_power_discr,1.0,14.0,,,,,,6.0,0.0
reactive_power_discr,1.0,14.0,,,,,,7.0,0.0
reactive_power_discr,1.0,14.0,,,,,,8.0,0.0
reactive_power_discr,1.0,14.0,,,,,,9.0,0.0
reactive_power_discr,1.0,14.0,,,,,,10.0,0.0
reactive_power_discr,1.0,14.0,,,,,,11.0,0.0
reactive_power_discr,1.0,14.0,,,,,,12.0,0.0
reactive_power_discr,1.0,14.0,,,,,,13.0,0.0
reactive_power_discr,1.0,14.0,,,,,,14.0,0.0
reactive_power_discr,1.0,14.0,,,,,,15.0,0.0
reactive_power_discr,1.0,15.0,,,,,,1.0,0.0
reactive_power_discr,1.0,15.0,,,,,,2.0,0.0
reactive_power_discr,1.0,15.0,,,,,,3.0,0.0
reactive_power_discr,1.0,15.0,,,,,,4.0,0.0
reactive_power_discr,1.0,15.0,,,,,,5.0,0.0
reactive_power_discr,1.0,15.0,,,,,,6.0,0.0
reactive_power_discr,1.0,15.0,,,,,,7.0,0.0
reactive_power_discr,1.0,15.0,,,,,,8.0,0.0
reactive_power_discr,1.0,15.0,,,,,,9.0,0.0
reactive_power_discr,1.0,15.0,,,,,,10.0,0.0
reactive_power_discr,1.0,15.0,,,,,,11.0,0.0
reactive_power_discr,1.0,15.0,,,,,,12.0,0.0
reactive_power_discr,1.0,15.0,,,,,,13.0,0.0
reactive_power_discr,1.0,15.0,,,,,,14.0,0.0
reactive_power_discr,1.0,15.0,,,,,,15.0,0.0
reactive_power_discr,1.0,16.0,,,,,,1.0,0.0
reactive_power_discr,1.0,16.0,,,,,,2.0,0.0
reactive_power_discr,1.0,16.0,,,,,,3.0,0.0
reactive_power_discr,1.0,16.0,,,,,,4.0,0.0
reactive_power_discr,1.0,16.0,,,,,,5.0,0.0
reactive_power_discr,1.0,16.0,,,,,,6.0,0.0
reactive_power_discr,1.0,16.0,,,,,,7.0,0.0
reactive_power_discr,1.0,16.0,,,,,,8.0,0.0
reactive_power_discr,1.0,16.0,,,,,,9.0,0.0
reactive_power_discr,1.0,16.0,,,,,,10.0,0.0
reactive_power_discr,1.0,16.0,,,,,,11.0,0.0
reactive_power_discr,1.0,16.0,,,,,,12.0,0.0
reactive_power_discr,1.0,16.0,,,,,,13.0,0.0
reactive_power_discr,1.0,16.0,,,,,,14.0,0.0
reactive_power_discr,1.0,16.0,,,,,,15.0,0.0
reactive_power_discr,1.0,17.0,,,,,,1.0,0.0
reactive_power_discr,1.0,17.0,,,,,,2.0,0.0
reactive_power_discr,1.0,17.0,,,,,,3.0,0.0
reactive_power_discr,1.0,17.0,,,,,,4.0,0.0
reactive_power_discr,1.0,17.0,,,,,,5.0,0.0
reactive_power_discr,1.0,17.0,,,,,,6.0,0.0
reactive_power_discr,1.0,17.0,,,,,,7.0,0.0
reactive_power_discr,1.0,17.0,,,,,,8.0,0.0
reactive_power_discr,1.0,17.0,,,,,,9.0,0.0
reactive_power_discr,1.0,17.0,,,,,,10.0,0.0
reactive_power_discr,1.0,17.0,,,,,,11.0,0.0
reactive_power_discr,1.0,17.0,,,,,,12.0,0.0
reactive_power_discr,1.0,17.0,,,,,,13.0,0.0
reactive_power_discr,1.0,17.0,,,,,,14.0,0.0
reactive_power_discr,1.0,17.0,,,,,,15.0,0.0
reactive_power_discr,2.0,3.0,,,,,,1.0,5.252063006290825e-05
reactive_power_discr,2.0,3.0,,,,,,2.0,0.0
reactive_power_discr,2.0,3.0,,,,,,3.0,0.0
reactive_power_discr,2.0,3.0,,,,,,4.0,0.0
reactive_power_discr,2.0,3.0,,,,,,5.0,0.0
reactive_power_discr,2.0,3.0,,,,,,6.0,0.0
reactive_power_discr,2.0,3.0,,,,,,7.0,0.0
reactive_power_discr,2.0,3.0,,,,,,8.0,0.0
reactive_power_discr,2.0,3.0,,,,,,9.0,0.0
reactive_power_discr,2.0,3.0,,,,,,10.0,0.0
reactive_power_discr,2.0,3.0,,,,,,11.0,0.0
reactive_power_discr,2.0,3.0,,,,,,12.0,0.0
reactive_power_discr,2.0,3.0,,,,,,13.0,0.0
reactive_power_discr,2.0,3.0,,,,,,14.0,0.0
reactive_power_discr,2.0,3.0,,,,,,15.0,0.0
reactive_power_discr,2.0,5.0,,,,,,1.0,0.0011806107417428738
reactive_power_discr,2.0,5.0,,,,,,2.0,0.0
reactive_power_discr,2.0,5.0,,,,,,3.0,0.0
reactive_power_discr,2.0,5.0,,,,,,4.0,0.0
reactive_power_discr,2.0,5.0,,,,,,5.0,0.0
reactive_power_discr,2.0,5.0,,,,,,6.0,0.0
reactive_power_discr,2.0,5.0,,,,,,7.0,0.0
reactive_power_discr,2.0,5.0,,,,,,8.0,0.0
reactive_power_discr,2.0,5.0,,,,,,9.0,0.0
reactive_power_discr,2.0,5.0,,,,,,10.0,0.0
reactive_power_discr,2.0,5.0,,,,,,11.0,0.0
reactive_power_discr,2.0,5.0,,,,,,12.0,0.0
reactive_power_discr,2.0,5.0,,,,,,13.0,0.0
reactive_power_discr,2.0,5.0,,,,,,14.0,0.0
reactive_power_discr,2.0,5.0,,,,,,15.0,0.0
reactive_power_discr,2.0,6.0,,,,,,1.0,0.00010013004481324581
reactive_power_discr,2.0,6.0,,,,,,2.0,0.0
reactive_power_discr,2.0,6.0,,,,,,3.0,0.0
reactive_power_discr,2.0,6.0,,,,,,4.0,0.0
reactive_power_discr,2.0,6.0,,,,,,5.0,0.0
reactive_power_discr,2.0,6.0,,,,,,6.0,0.0
reactive_power_discr,2.0,6.0,,,,,,7.0,0.0
reactive_power_discr,2.0,6.0,,,,,,8.0,0.0
reactive_power_discr,2.0,6.0,,,,,,9.0,0.0
reactive_power_discr,2.0,6.0,,,,,,10.0,0.0
reactive_power_discr,2.0,6.0,,,,,,11.0,0.0
reactive_power_discr,2.0,6.0,,,,,,12.0,0.0
reactive_power_discr,2.0,6.0,,,,,,13.0,0.0
reactive_power_discr,2.0,6.0,,,,,,14.0,0.0
reactive_power_discr,2.0,6.0,,,,,,15.0,0.0
reactive_power_discr,2.0,8.0,,,,,,1.0,0.0
reactive_power_discr,2.0,8.0,,,,,,2.0,0.0
reactive_power_discr,2.0,8.0,,,,,,3.0,0.0
reactive_power_discr,2.0,8.0,,,,,,4.0,0.0
reactive_power_discr,2.0,8.0,,,,,,5.0,0.0
reactive_power_discr,2.0,8.0,,,,,,6.0,0.0
reactive_power_discr,2.0,8.0,,,,,,7.0,0.0
reactive_power_discr,2.0,8.0,,,,,,8.0,0.0
reactive_power_discr,2.0,8.0,,,,,,9.0,0.0
reactive_power_discr,2.0,8.0,,,,,,10.0,0.0
reactive_power_discr,2.0,8.0,,,,,,11.0,0.0
reactive_power_discr,2.0,8.0,,,,,,12.0,0.0
reactive_power_discr,2.0,8.0,,,,,,13.0,0.0
reactive_power_discr,2.0,8.0,,,,,,14.0,0.0
reactive_power_discr,2.0,8.0,,,,,,15.0,0.0
reactive_power_discr,2.0,9.0,,,,,,1.0,0.00011223362982589523
reactive_power_discr,2.0,9.0,,,,,,2.0,0.0
reactive_power_discr,2.0,9.0,,,,,,3.0,0.0
reactive_power_discr,2.0,9.0,,,,,,4.0,0.0
reactive_power_discr,2.0,9.0,,,,,,5.0,0.0
reactive_power_discr,2.0,9.0,,,,,,6.0,0.0
reactive_power_discr,2.0,9.0,,,,,,7.0,0.0
reactive_power_discr,2.0,9.0,,,,,,8.0,0.0
reactive_power_discr,2.0,9.0,,,,,,9.0,0.0
reactive_power_discr,2.0,9.0,,,,,,10.0,0.0
reactive_power_discr,2.0,9.0,,,,,,11.0,0.0
reactive_power_discr,2.0,9.0,,,,,,12.0,0.0
reactive_power_discr,2.0,9.0,,,,,,13.0,0.0
reactive_power_discr,2.0,9.0,,,,,,14.0,0.0
reactive_power_discr,2.0,9.0,,,,,,15.0,0.0
reactive_power_discr,2.0,10.0,,,,,,1.0,0.00038424046563689796
reactive_power_discr,2.0,10.0,,,,,,2.0,0.0
reactive_power_discr,2.0,10.0,,,,,,3.0,0.0
reactive_power_discr,2.0,10.0,,,,,,4.0,0.0
reactive_power_discr,2.0,10.0,,,,,,5.0,0.0
reactive_power_discr,2.0,10.0,,,,,,6.0,0.0
reactive_power_discr,2.0,10.0,,,,,,7.0,0.0
reactive_power_discr,2.0,10.0,,,,,,8.0,0.0
reactive_power_discr,2.0,10.0,,,,,,9.0,0.0
reactive_power_discr,2.0,10.0,,,,,,10.0,0.0
reactive_power_discr,2.0,10.0,,,,,,11.0,0.0
reactive_power_discr,2.0,10.0,,,,,,12.0,0.0
reactive_power_discr,2.0,10.0,,,,,,13.0,0.0
reactive_power_discr,2.0,10.0,,,,,,14.0,0.0
reactive_power_discr,2.0,10.0,,,,,,15.0,0.0
reactive_power_discr,2.0,13.0,,,,,,1.0,0.0
reactive_power_discr,2.0,13.0,,,,,,2.0,0.0
reactive_power_discr,2.0,13.0,,,,,,3.0,0.0
reactive_power_discr,2.0,13.0,,,,,,4.0,0.0
reactive_power_discr,2.0,13.0,,,,,,5.0,0.0
reactive_power_discr,2.0,13.0,,,,,,6.0,0.0
reactive_power_discr,2.0,13.0,,,,,,7.0,0.0
reactive_power_discr,2.0,13.0,,,,,,8.0,0.0
reactive_power_discr,2.0,13.0,,,,,,9.0,0.0
reactive_power_discr,2.0,13.0,,,,,,10.0,0.0
reactive_power_discr,2.0,13.0,,,,,,11.0,0.0
reactive_power_discr,2.0,13.0,,,,,,12.0,0.0
reactive_power_discr,2.0,13.0,,,,,,13.0,0.0
reactive_power_discr,2.0,13.0,,,,,,14.0,0.0
reactive_power_discr,2.0,13.0,,,,,,15.0,0.0
reactive_power_discr,2.0,14.0,,,,,,1.0,0.0012860985671394169
reactive_power_discr,2.0,14.0,,,,,,2.0,0.0
reactive_power_discr,2.0,14.0,,,,,,3.0,0.0
reactive_power_discr,2.0,14.0,,,,,,4.0,0.0
reactive_power_discr,2.0,14.0,,,,,,5.0,0.0
reactive_power_discr,2.0,14.0,,,,,,6.0,0.0
reactive_power_discr,2.0,14.0,,,,,,7.0,0.0
reactive_power_discr,2.0,14.0,,,,,,8.0,0.0
reactive_power_discr,2.0,14.0,,,,,,9.0,0.0
reactive_power_discr,2.0,14.0,,,,,,10.0,0.0
reactive_power_discr,2.0,14.0,,,,,,11.0,0.0
reactive_power_discr,2.0,14.0,,,,,,12.0,0.0
reactive_power_discr,2.0,14.0,,,,,,13.0,0.0
reactive_power_discr,2.0,14.0,,,,,,14.0,0.0
reactive_power_discr,2.0,14.0,,,,,,15.0,0.0
reactive_power_discr,2.0,15.0,,,,,,1.0,0.0
reactive_power_discr,2.0,15.0,,,,,,2.0,0.0
reactive_power_discr,2.0,15.0,,,,,,3.0,0.0
reactive_power_discr,2.0,15.0,,,,,,4.0,0.0
reactive_power_discr,2.0,15.0,,,,,,5.0,0.0
reactive_power_discr,2.0,15.0,,,,,,6.0,0.0
reactive_power_discr,2.0,15.0,,,,,,7.0,0.0
reactive_power_discr,2.0,15.0,,,,,,8.0,0.0
reactive_power_discr,2.0,15.0,,,,,,9.0,0.0
reactive_power_discr,2.0,15.0,,,,,,10.0,0.0
reactive_power_discr,2.0,15.0,,,,,,11.0,0.0
reactive_power_discr,2.0,15.0,,,,,,12.0,0.0
reactive_power_discr,2.0,15.0,,,,,,13.0,0.0
reactive_power_discr,2.0,15.0,,,,,,14.0,0.0
reactive_power_discr,2.0,15.0,,,,,,15.0,0.0
reactive_power_discr,2.0,16.0,,,,,,1.0,8.237712994440176e-05
reactive_power_discr,2.0,16.0,,,,,,2.0,0.0
reactive_power_discr,2.0,16.0,,,,,,3.0,0.0
reactive_power_discr,2.0,16.0,,,,,,4.0,0.0
reactive_power_discr,2.0,16.0,,,,,,5.0,0.0
reactive_power_discr,2.0,16.0,,,,,,6.0,0.0
reactive_power_discr,2.0,16.0,,,,,,7.0,0.0
reactive_power_discr,2.0,16.0,,,,,,8.0,0.0
reactive_power_discr,2.0,16.0,,,,,,9.0,0.0
reactive_power_discr,2.0,16.0,,,,,,10.0,0.0
reactive_power_discr,2.0,16.0,,,,,,11.0,0.0
reactive_power_discr,2.0,16.0,,,,,,12.0,0.0
reactive_power_discr,2.0,16.0,,,,,,13.0,0.0
reactive_power_discr,2.0,16.0,,,,,,14.0,0.0
reactive_power_discr,2.0,16.0,,,,,,15.0,0.0
reactive_power_discr,2.0,17.0,,,,,,1.0,0.0
reactive_power_discr,2.0,17.0,,,,,,2.0,0.0
reactive_power_discr,2.0,17.0,,,,,,3.0,0.0
reactive_power_discr,2.0,17.0,,,,,,4.0,0.0
reactive_power_discr,2.0,17.0,,,,,,5.0,0.0
reactive_power_discr,2.0,17.0,,,,,,6.0,0.0
reactive_power_discr,2.0,17.0,,,,,,7.0,0.0
reactive_power_discr,2.0,17.0,,,,,,8.0,0.0
reactive_power_discr,2.0,17.0,,,,,,9.0,0.0
reactive_power_discr,2.0,17.0,,,,,,10.0,0.0
reactive_power_discr,2.0,17.0,,,,,,11.0,0.0
reactive_power_discr,2.0,17.0,,,,,,12.0,0.0
reactive_power_discr,2.0,17.0,,,,,,13.0,0.0
reactive_power_discr,2.0,17.0,,,,,,14.0,0.0
reactive_power_discr,2.0,17.0,,,,,,15.0,0.0
reactive_power_discr,3.0,3.0,,,,,,1.0,5.252062354370032e-05
reactive_power_discr,3.0,3.0,,,,,,2.0,0.0
reactive_power_discr,3.0,3.0,,,,,,3.0,0.0
reactive_power_discr,3.0,3.0,,,,,,4.0,0.0
reactive_power_discr,3.0,3.0,,,,,,5.0,0.0
reactive_power_discr,3.0,3.0,,,,,,6.0,0.0
reactive_power_discr,3.0,3.0,,,,,,7.0,0.0
reactive_power_discr,3.0,3.0,,,,,,8.0,0.0
reactive_power_discr,3.0,3.0,,,,,,9.0,0.0
reactive_power_discr,3.0,3.0,,,,,,10.0,0.0
reactive_power_discr,3.0,3.0,,,,,,11.0,0.0
reactive_power_discr,3.0,3.0,,,,,,12.0,0.0
reactive_power_discr,3.0,3.0,,,,,,13.0,0.0
reactive_power_discr,3.0,3.0,,,,,,14.0,0.0
reactive_power_discr,3.0,3.0,,,,,,15.0,0.0
reactive_power_discr,3.0,5.0,,,,,,1.0,0.001128850487625915
reactive_power_discr,3.0,5.0,,,,,,2.0,0.0
reactive_power_discr,3.0,5.0,,,,,,3.0,0.0
reactive_power_discr,3.0,5.0,,,,,,4.0,0.0
reactive_power_discr,3.0,5.0,,,,,,5.0,0.0
reactive_power_discr,3.0,5.0,,,,,,6.0,0.0
reactive_power_discr,3.0,5.0,,,,,,7.0,0.0
reactive_power_discr,3.0,5.0,,,,,,8.0,0.0
reactive_power_discr,3.0,5.0,,,,,,9.0,0.0
reactive_power_discr,3.0,5.0,,,,,,10.0,0.0
reactive_power_discr,3.0,5.0,,,,,,11.0,0.0
reactive_power_discr,3.0,5.0,,,,,,12.0,0.0
reactive_power_discr,3.0,5.0,,,,,,13.0,0.0
reactive_power_discr,3.0,5.0,,,,,,14.0,0.0
reactive_power_discr,3.0,5.0,,,,,,15.0,0.0
reactive_power_discr,3.0,6.0,,,,,,1.0,3.323153245910845e-05
reactive_power_discr,3.0,6.0,,,,,,2.0,0.0
reactive_power_discr,3.0,6.0,,,,,,3.0,0.0
reactive_power_discr,3.0,6.0,,,,,,4.0,0.0
reactive_power_discr,3.0,6.0,,,,,,5.0,0.0
reactive_power_discr,3.0,6.0,,,,,,6.0,0.0
reactive_power_discr,3.0,6.0,,,,,,7.0,0.0
reactive_power_discr,3.0,6.0,,,,,,8.0,0.0
reactive_power_discr,3.0,6.0,,,,,,9.0,0.0
reactive_power_discr,3.0,6.0,,,,,,10.0,0.0
reactive_power_discr,3.0,6.0,,,,,,11.0,0.0
reactive_power_discr,3.0,6.0,,,,,,12.0,0.0
reactive_power_discr,3.0,6.0,,,,,,13.0,0.0
reactive_power_discr,3.0,6.0,,,,,,14.0,0.0
reactive_power_discr,3.0,6.0,,,,,,15.0,0.0
reactive_power_discr,3.0,8.0,,,,,,1.0,0.0
reactive_power_discr,3.0,8.0,,,,,,2.0,0.0
reactive_power_discr,3.0,8.0,,,,,,3.0,0.0
reactive_power_discr,3.0,8.0,,,,,,4.0,0.0
reactive_power_discr,3.0,8.0,,,,,,5.0,0.0
reactive_power_discr,3.0,8.0,,,,,,6.0,0.0
reactive_power_discr,3.0,8.0,,,,,,7.0,0.0
reactive_power_discr,3.0,8.0,,,,,,8.0,0.0
reactive_power_discr,3.0,8.0,,,,,,9.0,0.0
reactive_power_discr,3.0,8.0,,,,,,10.0,0.0
reactive_power_discr,3.0,8.0,,,,,,11.0,0.0
reactive_power_discr,3.0,8.0,,,,,,12.0,0.0
reactive_power_discr,3.0,8.0,,,,,,13.0,0.0
reactive_power_discr,3.0,8.0,,,,,,14.0,0.0
reactive_power_discr,3.0,8.0,,,,,,15.0,0.0
reactive_power_discr,3.0,9.0,,,,,,1.0,0.00011223363634510317
reactive_power_discr,3.0,9.0,,,,,,2.0,0.0
reactive_power_discr,3.0,9.0,,,,,,3.0,0.0
reactive_power_discr,3.0,9.0,,,,,,4.0,0.0
reactive_power_discr,3.0,9.0,,,,,,5.0,0.0
reactive_power_discr,3.0,9.0,,,,,,6.0,0.0
reactive_power_discr,3.0,9.0,,,,,,7.0,0.0
reactive_power_discr,3.0,9.0,,,,,,8.0,0.0
reactive_power_discr,3.0,9.0,,,,,,9.0,0.0
reactive_power_discr,3.0,9.0,,,,,,10.0,0.0
reactive_power_discr,3.0,9.0,,,,,,11.0,0.0
reactive_power_discr,3.0,9.0,,,,,,12.0,0.0
reactive_power_discr,3.0,9.0,,,,,,13.0,0.0
reactive_power_discr,3.0,9.0,,,,,,14.0,0.0
reactive_power_discr,3.0,9.0,,,,,,15.0,0.0
reactive_power_discr,3.0,10.0,,,,,,1.0,0.00012799577846076885
reactive_power_discr,3.0,10.0,,,,,,2.0,0.0
reactive_power_discr,3.0,10.0,,,,,,3.0,0.0
reactive_power_discr,3.0,10.0,,,,,,4.0,0.0
reactive_power_discr,3.0,10.0,,,,,,5.0,0.0
reactive_power_discr,3.0,10.0,,,,,,6.0,0.0
reactive_power_discr,3.0,10.0,,,,,,7.0,0.0
reactive_power_discr,3.0,10.0,,,,,,8.0,0.0
reactive_power_discr,3.0,10.0,,,,,,9.0,0.0
reactive_power_discr,3.0,10.0,,,,,,10.0,0.0
reactive_power_discr,3.0,10.0,,,,,,11.0,0.0
reactive_power_discr,3.0,10.0,,,,,,12.0,0.0
reactive_power_discr,3.0,10.0,,,,,,13.0,0.0
reactive_power_discr,3.0,10.0,,,,,,14.0,0.0
reactive_power_discr,3.0,10.0,,,,,,15.0,0.0
reactive_power_discr,3.0,13.0,,,,,,1.0,0.0
reactive_power_discr,3.0,13.0,,,,,,2.0,0.0
reactive_power_discr,3.0,13.0,,,,,,3.0,0.0
reactive_power_discr,3.0,13.0,,,,,,4.0,0.0
reactive_power_discr,3.0,13.0,,,,,,5.0,0.0
reactive_power_discr,3.0,13.0,,,,,,6.0,0.0
reactive_power_discr,3.0,13.0,,,,,,7.0,0.0
reactive_power_discr,3.0,13.0,,,,,,8.0,0.0
reactive_power_discr,3.0,13.0,,,,,,9.0,0.0
reactive_power_discr,3.0,13.0,,,,,,10.0,0.0
reactive_power_discr,3.0,13.0,,,,,,11.0,0.0
reactive_power_discr,3.0,13.0,,,,,,12.0,0.0
reactive_power_discr,3.0,13.0,,,,,,13.0,0.0
reactive_power_discr,3.0,13.0,,,,,,14.0,0.0
reactive_power_discr,3.0,13.0,,,,,,15.0,0.0
reactive_power_discr,3.0,14.0,,,,,,1.0,0.0012343383422833538
reactive_power_discr,3.0,14.0,,,,,,2.0,0.0
reactive_power_discr,3.0,14.0,,,,,,3.0,0.0
reactive_power_discr,3.0,14.0,,,,,,4.0,0.0
reactive_power_discr,3.0,14.0,,,,,,5.0,0.0
reactive_power_discr,3.0,14.0,,,,,,6.0,0.0
reactive_power_discr,3.0,14.0,,,,,,7.0,0.0
reactive_power_discr,3.0,14.0,,,,,,8.0,0.0
reactive_power_discr,3.0,14.0,,,,,,9.0,0.0
reactive_power_discr,3.0,14.0,,,,,,10.0,0.0
reactive_power_discr,3.0,14.0,,,,,,11.0,0.0
reactive_power_discr,3.0,14.0,,,,,,12.0,0.0
reactive_power_discr,3.0,14.0,,,,,,13.0,0.0
reactive_power_discr,3.0,14.0,,,,,,14.0,0.0
reactive_power_discr,3.0,14.0,,,,,,15.0,0.0
reactive_power_discr,3.0,15.0,,,,,,1.0,0.0
reactive_power_discr,3.0,15.0,,,,,,2.0,0.0
reactive_power_discr,3.0,15.0,,,,,,3.0,0.0
reactive_power_discr,3.0,15.0,,,,,,4.0,0.0
reactive_power_discr,3.0,15.0,,,,,,5.0,0.0
reactive_power_discr,3.0,15.0,,,,,,6.0,0.0
reactive_power_discr,3.0,15.0,,,,,,7.0,0.0
reactive_power_discr,3.0,15.0,,,,,,8.0,0.0
reactive_power_discr,3.0,15.0,,,,,,9.0,0.0
reactive_power_discr,3.0,15.0,,,,,,10.0,0.0
reactive_power_discr,3.0,15.0,,,,,,11.0,0.0
reactive_power_discr,3.0,15.0,,,,,,12.0,0.0
reactive_power_discr,3.0,15.0,,,,,,13.0,0.0
reactive_power_discr,3.0,15.0,,,,,,14.0,0.0
reactive_power_discr,3.0,15.0,,,,,,15.0,0.0
reactive_power_discr,3.0,16.0,,,,,,1.0,8.237712994440176e-05
reactive_power_discr,3.0,16.0,,,,,,2.0,0.0
reactive_power_discr,3.0,16.0,,,,,,3.0,0.0
reactive_power_discr,3.0,16.0,,,,,,4.0,0.0
reactive_power_discr,3.0,16.0,,,,,,5.0,0.0
reactive_power_discr,3.0,16.0,,,,,,6.0,0.0
reactive_power_discr,3.0,16.0,,,,,,7.0,0.0
reactive_power_discr,3.0,16.0,,,,,,8.0,0.0
reactive_power_discr,3.0,16.0,,,,,,9.0,0.0
reactive_power_discr,3.0,16.0,,,,,,10.0,0.0
reactive_power_discr,3.0,16.0,,,,,,11.0,0.0
reactive_power_discr,3.0,16.0,,,,,,12.0,0.0
reactive_power_discr,3.0,16.0,,,,,,13.0,0.0
reactive_power_discr,3.0,16.0,,,,,,14.0,0.0
reactive_power_discr,3.0,16.0,,,,,,15.0,0.0
reactive_power_discr,3.0,17.0,,,,,,1.0,0.0
reactive_power_discr,3.0,17.0,,,,,,2.0,0.0
reactive_power_discr,3.0,17.0,,,,,,3.0,0.0
reactive_power_discr,3.0,17.0,,,,,,4.0,0.0
reactive_power_discr,3.0,17.0,,,,,,5.0,0.0
reactive_power_discr,3.0,17.0,,,,,,6.0,0.0
reactive_power_discr,3.0,17.0,,,,,,7.0,0.0
reactive_power_discr,3.0,17.0,,,,,,8.0,0.0
reactive_power_discr,3.0,17.0,,,,,,9.0,0.0
reactive_power_discr,3.0,17.0,,,,,,10.0,0.0
reactive_power_discr,3.0,17.0,,,,,,11.0,0.0
reactive_power_discr,3.0,17.0,,,,,,12.0,0.0
reactive_power_discr,3.0,17.0,,,,,,13.0,0.0
reactive_power_discr,3.0,17.0,,,,,,14.0,0.0
reactive_power_discr,3.0,17.0,,,,,,15.0,0.0
reactive_power_discr,4.0,3.0,,,,,,1.0,5.2520623600937644e-05
reactive_power_discr,4.0,3.0,,,,,,2.0,0.0
reactive_power_discr,4.0,3.0,,,,,,3.0,0.0
reactive_power_discr,4.0,3.0,,,,,,4.0,0.0
reactive_power_discr,4.0,3.0,,,,,,5.0,0.0
reactive_power_discr,4.0,3.0,,,,,,6.0,0.0
reactive_power_discr,4.0,3.0,,,,,,7.0,0.0
reactive_power_discr,4.0,3.0,,,,,,8.0,0.0
reactive_power_discr,4.0,3.0,,,,,,9.0,0.0
reactive_power_discr,4.0,3.0,,,,,,10.0,0.0
reactive_power_discr,4.0,3.0,,,,,,11.0,0.0
reactive_power_discr,4.0,3.0,,,,,,12.0,0.0
reactive_power_discr,4.0,3.0,,,,,,13.0,0.0
reactive_power_discr,4.0,3.0,,,,,,14.0,0.0
reactive_power_discr,4.0,3.0,,,,,,15.0,0.0
reactive_power_discr,4.0,5.0,,,,,,1.0,0.001204413627741005
reactive_power_discr,4.0,5.0,,,,,,2.0,0.0
reactive_power_discr,4.0,5.0,,,,,,3.0,0.0
reactive_power_discr,4.0,5.0,,,,,,4.0,0.0
reactive_power_discr,4.0,5.0,,,,,,5.0,0.0
reactive_power_discr,4.0,5.0,,,,,,6.0,0.0
reactive_power_discr,4.0,5.0,,,,,,7.0,0.0
reactive_power_discr,4.0,5.0,,,,,,8.0,0.0
reactive_power_discr,4.0,5.0,,,,,,9.0,0.0
reactive_power_discr,4.0,5.0,,,,,,10.0,0.0
reactive_power_discr,4.0,5.0,,,,,,11.0,0.0
reactive_power_discr,4.0,5.0,,,,,,12.0,0.0
reactive_power_discr,4.0,5.0,,,,,,13.0,0.0
reactive_power_discr,4.0,5.0,,,,,,14.0,0.0
reactive_power_discr,4.0,5.0,,,,,,15.0,0.0
reactive_power_discr,4.0,6.0,,,,,,1.0,3.3942531141133105e-05
reactive_power_discr,4.0,6.0,,,,,,2.0,0.0
reactive_power_discr,4.0,6.0,,,,,,3.0,0.0
reactive_power_discr,4.0,6.0,,,,,,4.0,0.0
reactive_power_discr,4.0,6.0,,,,,,5.0,0.0
reactive_power_discr,4.0,6.0,,,,,,6.0,0.0
reactive_power_discr,4.0,6.0,,,,,,7.0,0.0
reactive_power_discr,4.0,6.0,,,,,,8.0,0.0
reactive_power_discr,4.0,6.0,,,,,,9.0,0.0
reactive_power_discr,4.0,6.0,,,,,,10.0,0.0
reactive_power_discr,4.0,6.0,,,,,,11.0,0.0
reactive_power_discr,4.0,6.0,,,,,,12.0,0.0
reactive_power_discr,4.0,6.0,,,,,,13.0,0.0
reactive_power_discr,4.0,6.0,,,,,,14.0,0.0
reactive_power_discr,4.0,6.0,,,,,,15.0,0.0
reactive_power_discr,4.0,8.0,,,,,,1.0,0.0
reactive_power_discr,4.0,8.0,,,,,,2.0,0.0
reactive_power_discr,4.0,8.0,,,,,,3.0,0.0
reactive_power_discr,4.0,8.0,,,,,,4.0,0.0
reactive_power_discr,4.0,8.0,,,,,,5.0,0.0
reactive_power_discr,4.0,8.0,,,,,,6.0,0.0
reactive_power_discr,4.0,8.0,,,,,,7.0,0.0
reactive_power_discr,4.0,8.0,,,,,,8.0,0.0
reactive_power_discr,4.0,8.0,,,,,,9.0,0.0
reactive_power_discr,4.0,8.0,,,,,,10.0,0.0
reactive_power_discr,4.0,8.0,,,,,,11.0,0.0
reactive_power_discr,4.0,8.0,,,,,,12.0,0.0
reactive_power_discr,4.0,8.0,,,,,,13.0,0.0
reactive_power_discr,4.0,8.0,,,,,,14.0,0.0
reactive_power_discr,4.0,8.0,,,,,,15.0,0.0
reactive_power_discr,4.0,9.0,,,,,,1.0,0.00011223363628786584
reactive_power_discr,4.0,9.0,,,,,,2.0,0.0
reactive_power_discr,4.0,9.0,,,,,,3.0,0.0
reactive_power_discr,4.0,9.0,,,,,,4.0,0.0
reactive_power_discr,4.0,9.0,,,,,,5.0,0.0
reactive_power_discr,4.0,9.0,,,,,,6.0,0.0
reactive_power_discr,4.0,9.0,,,,,,7.0,0.0
reactive_power_discr,4.0,9.0,,,,,,8.0,0.0
reactive_power_discr,4.0,9.0,,,,,,9.0,0.0
reactive_power_discr,4.0,9.0,,,,,,10.0,0.0
reactive_power_discr,4.0,9.0,,,,,,11.0,0.0
reactive_power_discr,4.0,9.0,,,,,,12.0,0.0
reactive_power_discr,4.0,9.0,,,,,,13.0,0.0
reactive_power_discr,4.0,9.0,,,,,,14.0,0.0
reactive_power_discr,4.0,9.0,,,,,,15.0,0.0
reactive_power_discr,4.0,10.0,,,,,,1.0,0.0001307191519477052
reactive_power_discr,4.0,10.0,,,,,,2.0,0.0
reactive_power_discr,4.0,10.0,,,,,,3.0,0.0
reactive_power_discr,4.0,10.0,,,,,,4.0,0.0
reactive_power_discr,4.0,10.0,,,,,,5.0,0.0
reactive_power_discr,4.0,10.0,,,,,,6.0,0.0
reactive_power_discr,4.0,10.0,,,,,,7.0,0.0
reactive_power_discr,4.0,10.0,,,,,,8.0,0.0
reactive_power_discr,4.0,10.0,,,,,,9.0,0.0
reactive_power_discr,4.0,10.0,,,,,,10.0,0.0
reactive_power_discr,4.0,10.0,,,,,,11.0,0.0
reactive_power_discr,4.0,10.0,,,,,,12.0,0.0
reactive_power_discr,4.0,10.0,,,,,,13.0,0.0
reactive_power_discr,4.0,10.0,,,,,,14.0,0.0
reactive_power_discr,4.0,10.0,,,,,,15.0,0.0
reactive_power_discr,4.0,13.0,,,,,,1.0,0.0
reactive_power_discr,4.0,13.0,,,,,,2.0,0.0
reactive_power_discr,4.0,13.0,,,,,,3.0,0.0
reactive_power_discr,4.0,13.0,,,,,,4.0,0.0
reactive_power_discr,4.0,13.0,,,,,,5.0,0.0
reactive_power_discr,4.0,13.0,,,,,,6.0,0.0
reactive_power_discr,4.0,13.0,,,,,,7.0,0.0
reactive_power_discr,4.0,13.0,,,,,,8.0,0.0
reactive_power_discr,4.0,13.0,,,,,,9.0,0.0
reactive_power_discr,4.0,13.0,,,,,,10.0,0.0
reactive_power_discr,4.0,13.0,,,,,,11.0,0.0
reactive_power_discr,4.0,13.0,,,,,,12.0,0.0
reactive_power_discr,4.0,13.0,,,,,,13.0,0.0
reactive_power_discr,4.0,13.0,,,,,,14.0,0.0
reactive_power_discr,4.0,13.0,,,,,,15.0,0.0
reactive_power_discr,4.0,14.0,,,,,,1.0,0.0013099014500951361
reactive_power_discr,4.0,14.0,,,,,,2.0,0.0
reactive_power_discr,4.0,14.0,,,,,,3.0,0.0
reactive_power_discr,4.0,14.0,,,,,,4.0,0.0
reactive_power_discr,4.0,14.0,,,,,,5.0,0.0
reactive_power_discr,4.0,14.0,,,,,,6.0,0.0
reactive_power_discr,4.0,14.0,,,,,,7.0,0.0
reactive_power_discr,4.0,14.0,,,,,,8.0,0.0
reactive_power_discr,4.0,14.0,,,,,,9.0,0.0
reactive_power_discr,4.0,14.0,,,,,,10.0,0.0
reactive_power_discr,4.0,14.0,,,,,,11.0,0.0
reactive_power_discr,4.0,14.0,,,,,,12.0,0.0
reactive_power_discr,4.0,14.0,,,,,,13.0,0.0
reactive_power_discr,4.0,14.0,,,,,,14.0,0.0
reactive_power_discr,4.0,14.0,,,,,,15.0,0.0
reactive_power_discr,4.0,15.0,,,,,,1.0,0.0
reactive_power_discr,4.0,15.0,,,,,,2.0,0.0
reactive_power_discr,4.0,15.0,,,,,,3.0,0.0
reactive_power_discr,4.0,15.0,,,,,,4.0,0.0
reactive_power_discr,4.0,15.0,,,,,,5.0,0.0
reactive_power_discr,4.0,15.0,,,,,,6.0,0.0
reactive_power_discr,4.0,15.0,,,,,,7.0,0.0
reactive_power_discr,4.0,15.0,,,,,,8.0,0.0
reactive_power_discr,4.0,15.0,,,,,,9.0,0.0
reactive_power_discr,4.0,15.0,,,,,,10.0,0.0
reactive_power_discr,4.0,15.0,,,,,,11.0,0.0
reactive_power_discr,4.0,15.0,,,,,,12.0,0.0
reactive_power_discr,4.0,15.0,,,,,,13.0,0.0
reactive_power_discr,4.0,15.0,,,,,,14.0,0.0
reactive_power_discr,4.0,15.0,,,,,,15.0,0.0
reactive_power_discr,4.0,16.0,,,,,,1.0,8.237712994440176e-05
reactive_power_discr,4.0,16.0,,,,,,2.0,0.0
reactive_power_discr,4.0,16.0,,,,,,3.0,0.0
reactive_power_discr,4.0,16.0,,,,,,4.0,0.0
reactive_power_discr,4.0,16.0,,,,,,5.0,0.0
reactive_power_discr,4.0,16.0,,,,,,6.0,0.0
reactive_power_discr,4.0,16.0,,,,,,7.0,0.0
reactive_power_discr,4.0,16.0,,,,,,8.0,0.0
reactive_power_discr,4.0,16.0,,,,,,9.0,0.0
reactive_power_discr,4.0,16.0,,,,,,10.0,0.0
reactive_power_discr,4.0,16.0,,,,,,11.0,0.0
reactive_power_discr,4.0,16.0,,,,,,12.0,0.0
reactive_power_discr,4.0,16.0,,,,,,13.0,0.0
reactive_power_discr,4.0,16.0,,,,,,14.0,0.0
reactive_power_discr,4.0,16.0,,,,,,15.0,0.0
reactive_power_discr,4.0,17.0,,,,,,1.0,0.0
reactive_power_discr,4.0,17.0,,,,,,2.0,0.0
reactive_power_discr,4.0,17.0,,,,,,3.0,0.0
reactive_power_discr,4.0,17.0,,,,,,4.0,0.0
reactive_power_discr,4.0,17.0,,,,,,5.0,0.0
reactive_power_discr,4.0,17.0,,,,,,6.0,0.0
reactive_power_discr,4.0,17.0,,,,,,7.0,0.0
reactive_power_discr,4.0,17.0,,,,,,8.0,0.0
reactive_power_discr,4.0,17.0,,,,,,9.0,0.0
reactive_power_discr,4.0,17.0,,,,,,10.0,0.0
reactive_power_discr,4.0,17.0,,,,,,11.0,0.0
reactive_power_discr,4.0,17.0,,,,,,12.0,0.0
reactive_power_discr,4.0,17.0,,,,,,13.0,0.0
reactive_power_discr,4.0,17.0,,,,,,14.0,0.0
reactive_power_discr,4.0,17.0,,,,,,15.0,0.0
reactive_power_discr,5.0,3.0,,,,,,1.0,5.378677385732661e-05
reactive_power_discr,5.0,3.0,,,,,,2.0,0.0
reactive_power_discr,5.0,3.0,,,,,,3.0,0.0
reactive_power_discr,5.0,3.0,,,,,,4.0,0.0
reactive_power_discr,5.0,3.0,,,,,,5.0,0.0
reactive_power_discr,5.0,3.0,,,,,,6.0,0.0
reactive_power_discr,5.0,3.0,,,,,,7.0,0.0
reactive_power_discr,5.0,3.0,,,,,,8.0,0.0
reactive_power_discr,5.0,3.0,,,,,,9.0,0.0
reactive_power_discr,5.0,3.0,,,,,,10.0,0.0
reactive_power_discr,5.0,3.0,,,,,,11.0,0.0
reactive_power_discr,5.0,3.0,,,,,,12.0,0.0
reactive_power_discr,5.0,3.0,,,,,,13.0,0.0
reactive_power_discr,5.0,3.0,,,,,,14.0,0.0
reactive_power_discr,5.0,3.0,,,,,,15.0,0.0
reactive_power_discr,5.0,5.0,,,,,,1.0,0.0013416389707867032
reactive_power_discr,5.0,5.0,,,,,,2.0,0.0
reactive_power_discr,5.0,5.0,,,,,,3.0,0.0
reactive_power_discr,5.0,5.0,,,,,,4.0,0.0
reactive_power_discr,5.0,5.0,,,,,,5.0,0.0
reactive_power_discr,5.0,5.0,,,,,,6.0,0.0
reactive_power_discr,5.0,5.0,,,,,,7.0,0.0
reactive_power_discr,5.0,5.0,,,,,,8.0,0.0
reactive_power_discr,5.0,5.0,,,,,,9.0,0.0
reactive_power_discr,5.0,5.0,,,,,,10.0,0.0
reactive_power_discr,5.0,5.0,,,,,,11.0,0.0
reactive_power_discr,5.0,5.0,,,,,,12.0,0.0
reactive_power_discr,5.0,5.0,,,,,,13.0,0.0
reactive_power_discr,5.0,5.0,,,,,,14.0,0.0
reactive_power_discr,5.0,5.0,,,,,,15.0,0.0
reactive_power_discr,5.0,6.0,,,,,,1.0,7.238333900444377e-05
reactive_power_discr,5.0,6.0,,,,,,2.0,0.0
reactive_power_discr,5.0,6.0,,,,,,3.0,0.0
reactive_power_discr,5.0,6.0,,,,,,4.0,0.0
reactive_power_discr,5.0,6.0,,,,,,5.0,0.0
reactive_power_discr,5.0,6.0,,,,,,6.0,0.0
reactive_power_discr,5.0,6.0,,,,,,7.0,0.0
reactive_power_discr,5.0,6.0,,,,,,8.0,0.0
reactive_power_discr,5.0,6.0,,,,,,9.0,0.0
reactive_power_discr,5.0,6.0,,,,,,10.0,0.0
reactive_power_discr,5.0,6.0,,,,,,11.0,0.0
reactive_power_discr,5.0,6.0,,,,,,12.0,0.0
reactive_power_discr,5.0,6.0,,,,,,13.0,0.0
reactive_power_discr,5.0,6.0,,,,,,14.0,0.0
reactive_power_discr,5.0,6.0,,,,,,15.0,0.0
reactive_power_discr,5.0,8.0,,,,,,1.0,0.0
reactive_power_discr,5.0,8.0,,,,,,2.0,0.0
reactive_power_discr,5.0,8.0,,,,,,3.0,0.0
reactive_power_discr,5.0,8.0,,,,,,4.0,0.0
reactive_power_discr,5.0,8.0,,,,,,5.0,0.0
reactive_power_discr,5.0,8.0,,,,,,6.0,0.0
reactive_power_discr,5.0,8.0,,,,,,7.0,0.0
reactive_power_discr,5.0,8.0,,,,,,8.0,0.0
reactive_power_discr,5.0,8.0,,,,,,9.0,0.0
reactive_power_discr,5.0,8.0,,,,,,10.0,0.0
reactive_power_discr,5.0,8.0,,,,,,11.0,0.0
reactive_power_discr,5.0,8.0,,,,,,12.0,0.0
reactive_power_discr,5.0,8.0,,,,,,13.0,0.0
reactive_power_discr,5.0,8.0,,,,,,14.0,0.0
reactive_power_discr,5.0,8.0,,,,,,15.0,0.0
reactive_power_discr,5.0,9.0,,,,,,1.0,0.00011096748603147688
reactive_power_discr,5.0,9.0,,,,,,2.0,0.0
reactive_power_discr,5.0,9.0,,,,,,3.0,0.0
reactive_power_discr,5.0,9.0,,,,,,4.0,0.0
reactive_power_discr,5.0,9.0,,,,,,5.0,0.0
reactive_power_discr,5.0,9.0,,,,,,6.0,0.0
reactive_power_discr,5.0,9.0,,,,,,7.0,0.0
reactive_power_discr,5.0,9.0,,,,,,8.0,0.0
reactive_power_discr,5.0,9.0,,,,,,9.0,0.0
reactive_power_discr,5.0,9.0,,,,,,10.0,0.0
reactive_power_discr,5.0,9.0,,,,,,11.0,0.0
reactive_power_discr,5.0,9.0,,,,,,12.0,0.0
reactive_power_discr,5.0,9.0,,,,,,13.0,0.0
reactive_power_discr,5.0,9.0,,,,,,14.0,0.0
reactive_power_discr,5.0,9.0,,,,,,15.0,0.0
reactive_power_discr,5.0,10.0,,,,,,1.0,0.00027796088332931974
reactive_power_discr,5.0,10.0,,,,,,2.0,0.0
reactive_power_discr,5.0,10.0,,,,,,3.0,0.0
reactive_power_discr,5.0,10.0,,,,,,4.0,0.0
reactive_power_discr,5.0,10.0,,,,,,5.0,0.0
reactive_power_discr,5.0,10.0,,,,,,6.0,0.0
reactive_power_discr,5.0,10.0,,,,,,7.0,0.0
reactive_power_discr,5.0,10.0,,,,,,8.0,0.0
reactive_power_discr,5.0,10.0,,,,,,9.0,0.0
reactive_power_discr,5.0,10.0,,,,,,10.0,0.0
reactive_power_discr,5.0,10.0,,,,,,11.0,0.0
reactive_power_discr,5.0,10.0,,,,,,12.0,0.0
reactive_power_discr,5.0,10.0,,,,,,13.0,0.0
reactive_power_discr,5.0,10.0,,,,,,14.0,0.0
reactive_power_discr,5.0,10.0,,,,,,15.0,0.0
reactive_power_discr,5.0,13.0,,,,,,1.0,0.0
reactive_power_discr,5.0,13.0,,,,,,2.0,0.0
reactive_power_discr,5.0,13.0,,,,,,3.0,0.0
reactive_power_discr,5.0,13.0,,,,,,4.0,0.0
reactive_power_discr,5.0,13.0,,,,,,5.0,0.0
reactive_power_discr,5.0,13.0,,,,,,6.0,0.0
reactive_power_discr,5.0,13.0,,,,,,7.0,0.0
reactive_power_discr,5.0,13.0,,,,,,8.0,0.0
reactive_power_discr,5.0,13.0,,,,,,9.0,0.0
reactive_power_discr,5.0,13.0,,,,,,10.0,0.0
reactive_power_discr,5.0,13.0,,,,,,11.0,0.0
reactive_power_discr,5.0,13.0,,,,,,12.0,0.0
reactive_power_discr,5.0,13.0,,,,,,13.0,0.0
reactive_power_discr,5.0,13.0,,,,,,14.0,0.0
reactive_power_discr,5.0,13.0,,,,,,15.0,0.0
reactive_power_discr,5.0,14.0,,,,,,1.0,0.0014457110444539717
reactive_power_discr,5.0,14.0,,,,,,2.0,0.0
reactive_power_discr,5.0,14.0,,,,,,3.0,0.0
reactive_power_discr,5.0,14.0,,,,,,4.0,0.0
reactive_power_discr,5.0,14.0,,,,,,5.0,0.0
reactive_power_discr,5.0,14.0,,,,,,6.0,0.0
reactive_power_discr,5.0,14.0,,,,,,7.0,0.0
reactive_power_discr,5.0,14.0,,,,,,8.0,0.0
reactive_power_discr,5.0,14.0,,,,,,9.0,0.0
reactive_power_discr,5.0,14.0,,,,,,10.0,0.0
reactive_power_discr,5.0,14.0,,,,,,11.0,0.0
reactive_power_discr,5.0,14.0,,,,,,12.0,0.0
reactive_power_discr,5.0,14.0,,,,,,13.0,0.0
reactive_power_discr,5.0,14.0,,,,,,14.0,0.0
reactive_power_discr,5.0,14.0,,,,,,15.0,0.0
reactive_power_discr,5.0,15.0,,,,,,1.0,0.0
reactive_power_discr,5.0,15.0,,,,,,2.0,0.0
reactive_power_discr,5.0,15.0,,,,,,3.0,0.0
reactive_power_discr,5.0,15.0,,,,,,4.0,0.0
reactive_power_discr,5.0,15.0,,,,,,5.0,0.0
reactive_power_discr,5.0,15.0,,,,,,6.0,0.0
reactive_power_discr,5.0,15.0,,,,,,7.0,0.0
reactive_power_discr,5.0,15.0,,,,,,8.0,0.0
reactive_power_discr,5.0,15.0,,,,,,9.0,0.0
reactive_power_discr,5.0,15.0,,,,,,10.0,0.0
reactive_power_discr,5.0,15.0,,,,,,11.0,0.0
reactive_power_discr,5.0,15.0,,,,,,12.0,0.0
reactive_power_discr,5.0,15.0,,,,,,13.0,0.0
reactive_power_discr,5.0,15.0,,,,,,14.0,0.0
reactive_power_discr,5.0,15.0,,,,,,15.0,0.0
reactive_power_discr,5.0,16.0,,,,,,1.0,8.237712994440176e-05
reactive_power_discr,5.0,16.0,,,,,,2.0,0.0
reactive_power_discr,5.0,16.0,,,,,,3.0,0.0
reactive_power_discr,5.0,16.0,,,,,,4.0,0.0
reactive_power_discr,5.0,16.0,,,,,,5.0,0.0
reactive_power_discr,5.0,16.0,,,,,,6.0,0.0
reactive_power_discr,5.0,16.0,,,,,,7.0,0.0
reactive_power_discr,5.0,16.0,,,,,,8.0,0.0
reactive_power_discr,5.0,16.0,,,,,,9.0,0.0
reactive_power_discr,5.0,16.0,,,,,,10.0,0.0
reactive_power_discr,5.0,16.0,,,,,,11.0,0.0
reactive_power_discr,5.0,16.0,,,,,,12.0,0.0
reactive_power_discr,5.0,16.0,,,,,,13.0,0.0
reactive_power_discr,5.0,16.0,,,,,,14.0,0.0
reactive_power_discr,5.0,16.0,,,,,,15.0,0.0
reactive_power_discr,5.0,17.0,,,,,,1.0,0.0
reactive_power_discr,5.0,17.0,,,,,,2.0,0.0
reactive_power_discr,5.0,17.0,,,,,,3.0,0.0
reactive_power_discr,5.0,17.0,,,,,,4.0,0.0
reactive_power_discr,5.0,17.0,,,,,,5.0,0.0
reactive_power_discr,5.0,17.0,,,,,,6.0,0.0
reactive_power_discr,5.0,17.0,,,,,,7.0,0.0
reactive_power_discr,5.0,17.0,,,,,,8.0,0.0
reactive_power_discr,5.0,17.0,,,,,,9.0,0.0
reactive_power_discr,5.0,17.0,,,,,,10.0,0.0
reactive_power_discr,5.0,17.0,,,,,,11.0,0.0
reactive_power_discr,5.0,17.0,,,,,,12.0,0.0
reactive_power_discr,5.0,17.0,,,,,,13.0,0.0
reactive_power_discr,5.0,17.0,,,,,,14.0,0.0
reactive_power_discr,5.0,17.0,,,,,,15.0,0.0
reactive_power_discr,6.0,3.0,,,,,,1.0,7.320683783735886e-05
reactive_power_discr,6.0,3.0,,,,,,2.0,0.0
reactive_power_discr,6.0,3.0,,,,,,3.0,0.0
reactive_power_discr,6.0,3.0,,,,,,4.0,0.0
reactive_power_discr,6.0,3.0,,,,,,5.0,0.0
reactive_power_discr,6.0,3.0,,,,,,6.0,0.0
reactive_power_discr,6.0,3.0,,,,,,7.0,0.0
reactive_power_discr,6.0,3.0,,,,,,8.0,0.0
reactive_power_discr,6.0,3.0,,,,,,9.0,0.0
reactive_power_discr,6.0,3.0,,,,,,10.0,0.0
reactive_power_discr,6.0,3.0,,,,,,11.0,0.0
reactive_power_discr,6.0,3.0,,,,,,12.0,0.0
reactive_power_discr,6.0,3.0,,,,,,13.0,0.0
reactive_power_discr,6.0,3.0,,,,,,14.0,0.0
reactive_power_discr,6.0,3.0,,,,,,15.0,0.0
reactive_power_discr,6.0,5.0,,,,,,1.0,0.0004024214641976734
reactive_power_discr,6.0,5.0,,,,,,2.0,0.0
reactive_power_discr,6.0,5.0,,,,,,3.0,0.0
reactive_power_discr,6.0,5.0,,,,,,4.0,0.0
reactive_power_discr,6.0,5.0,,,,,,5.0,0.0
reactive_power_discr,6.0,5.0,,,,,,6.0,0.0
reactive_power_discr,6.0,5.0,,,,,,7.0,0.0
reactive_power_discr,6.0,5.0,,,,,,8.0,0.0
reactive_power_discr,6.0,5.0,,,,,,9.0,0.0
reactive_power_discr,6.0,5.0,,,,,,10.0,0.0
reactive_power_discr,6.0,5.0,,,,,,11.0,0.0
reactive_power_discr,6.0,5.0,,,,,,12.0,0.0
reactive_power_discr,6.0,5.0,,,,,,13.0,0.0
reactive_power_discr,6.0,5.0,,,,,,14.0,0.0
reactive_power_discr,6.0,5.0,,,,,,15.0,0.0
reactive_power_discr,6.0,6.0,,,,,,1.0,0.00021342672590454222
reactive_power_discr,6.0,6.0,,,,,,2.0,0.0
reactive_power_discr,6.0,6.0,,,,,,3.0,0.0
reactive_power_discr,6.0,6.0,,,,,,4.0,0.0
reactive_power_discr,6.0,6.0,,,,,,5.0,0.0
reactive_power_discr,6.0,6.0,,,,,,6.0,0.0
reactive_power_discr,6.0,6.0,,,,,,7.0,0.0
reactive_power_discr,6.0,6.0,,,,,,8.0,0.0
reactive_power_discr,6.0,6.0,,,,,,9.0,0.0
reactive_power_discr,6.0,6.0,,,,,,10.0,0.0
reactive_power_discr,6.0,6.0,,,,,,11.0,0.0
reactive_power_discr,6.0,6.0,,,,,,12.0,0.0
reactive_power_discr,6.0,6.0,,,,,,13.0,0.0
reactive_power_discr,6.0,6.0,,,,,,14.0,0.0
reactive_power_discr,6.0,6.0,,,,,,15.0,0.0
reactive_power_discr,6.0,8.0,,,,,,1.0,0.0
reactive_power_discr,6.0,8.0,,,,,,2.0,0.0
reactive_power_discr,6.0,8.0,,,,,,3.0,0.0
reactive_power_discr,6.0,8.0,,,,,,4.0,0.0
reactive_power_discr,6.0,8.0,,,,,,5.0,0.0
reactive_power_discr,6.0,8.0,,,,,,6.0,0.0
reactive_power_discr,6.0,8.0,,,,,,7.0,0.0
reactive_power_discr,6.0,8.0,,,,,,8.0,0.0
reactive_power_discr,6.0,8.0,,,,,,9.0,0.0
reactive_power_discr,6.0,8.0,,,,,,10.0,0.0
reactive_power_discr,6.0,8.0,,,,,,11.0,0.0
reactive_power_discr,6.0,8.0,,,,,,12.0,0.0
reactive_power_discr,6.0,8.0,,,,,,13.0,0.0
reactive_power_discr,6.0,8.0,,,,,,14.0,0.0
reactive_power_discr,6.0,8.0,,,,,,15.0,0.0
reactive_power_discr,6.0,9.0,,,,,,1.0,0.003552995276463821
reactive_power_discr,6.0,9.0,,,,,,2.0,0.0
reactive_power_discr,6.0,9.0,,,,,,3.0,0.0
reactive_power_discr,6.0,9.0,,,,,,4.0,0.0
reactive_power_discr,6.0,9.0,,,,,,5.0,0.0
reactive_power_discr,6.0,9.0,,,,,,6.0,0.0
reactive_power_discr,6.0,9.0,,,,,,7.0,0.0
reactive_power_discr,6.0,9.0,,,,,,8.0,0.0
reactive_power_discr,6.0,9.0,,,,,,9.0,0.0
reactive_power_discr,6.0,9.0,,,,,,10.0,0.0
reactive_power_discr,6.0,9.0,,,,,,11.0,0.0
reactive_power_discr,6.0,9.0,,,,,,12.0,0.0
reactive_power_discr,6.0,9.0,,,,,,13.0,0.0
reactive_power_discr,6.0,9.0,,,,,,14.0,0.0
reactive_power_discr,6.0,9.0,,,,,,15.0,0.0
reactive_power_discr,6.0,10.0,,,,,,1.0,0.004781800445436565
reactive_power_discr,6.0,10.0,,,,,,2.0,0.0
reactive_power_discr,6.0,10.0,,,,,,3.0,0.0
reactive_power_discr,6.0,10.0,,,,,,4.0,0.0
reactive_power_discr,6.0,10.0,,,,,,5.0,0.0
reactive_power_discr,6.0,10.0,,,,,,6.0,0.0
reactive_power_discr,6.0,10.0,,,,,,7.0,0.0
reactive_power_discr,6.0,10.0,,,,,,8.0,0.0
reactive_power_discr,6.0,10.0,,,,,,9.0,0.0
reactive_power_discr,6.0,10.0,,,,,,10.0,0.0
reactive_power_discr,6.0,10.0,,,,,,11.0,0.0
reactive_power_discr,6.0,10.0,,,,,,12.0,0.0
reactive_power_discr,6.0,10.0,,,,,,13.0,0.0
reactive_power_discr,6.0,10.0,,,,,,14.0,0.0
reactive_power_discr,6.0,10.0,,,,,,15.0,0.0
reactive_power_discr,6.0,13.0,,,,,,1.0,0.0
reactive_power_discr,6.0,13.0,,,,,,2.0,0.0
reactive_power_discr,6.0,13.0,,,,,,3.0,0.0
reactive_power_discr,6.0,13.0,,,,,,4.0,0.0
reactive_power_discr,6.0,13.0,,,,,,5.0,0.0
reactive_power_discr,6.0,13.0,,,,,,6.0,0.0
reactive_power_discr,6.0,13.0,,,,,,7.0,0.0
reactive_power_discr,6.0,13.0,,,,,,8.0,0.0
reactive_power_discr,6.0,13.0,,,,,,9.0,0.0
reactive_power_discr,6.0,13.0,,,,,,10.0,0.0
reactive_power_discr,6.0,13.0,,,,,,11.0,0.0
reactive_power_discr,6.0,13.0,,,,,,12.0,0.0
reactive_power_discr,6.0,13.0,,,,,,13.0,0.0
reactive_power_discr,6.0,13.0,,,,,,14.0,0.0
reactive_power_discr,6.0,13.0,,,,,,15.0,0.0
reactive_power_discr,6.0,14.0,,,,,,1.0,0.003141363441080196
reactive_power_discr,6.0,14.0,,,,,,2.0,0.0
reactive_power_discr,6.0,14.0,,,,,,3.0,0.0
reactive_power_discr,6.0,14.0,,,,,,4.0,0.0
reactive_power_discr,6.0,14.0,,,,,,5.0,0.0
reactive_power_discr,6.0,14.0,,,,,,6.0,0.0
reactive_power_discr,6.0,14.0,,,,,,7.0,0.0
reactive_power_discr,6.0,14.0,,,,,,8.0,0.0
reactive_power_discr,6.0,14.0,,,,,,9.0,0.0
reactive_power_discr,6.0,14.0,,,,,,10.0,0.0
reactive_power_discr,6.0,14.0,,,,,,11.0,0.0
reactive_power_discr,6.0,14.0,,,,,,12.0,0.0
reactive_power_discr,6.0,14.0,,,,,,13.0,0.0
reactive_power_discr,6.0,14.0,,,,,,14.0,0.0
reactive_power_discr,6.0,14.0,,,,,,15.0,0.0
reactive_power_discr,6.0,15.0,,,,,,1.0,0.0
reactive_power_discr,6.0,15.0,,,,,,2.0,0.0
reactive_power_discr,6.0,15.0,,,,,,3.0,0.0
reactive_power_discr,6.0,15.0,,,,,,4.0,0.0
reactive_power_discr,6.0,15.0,,,,,,5.0,0.0
reactive_power_discr,6.0,15.0,,,,,,6.0,0.0
reactive_power_discr,6.0,15.0,,,,,,7.0,0.0
reactive_power_discr,6.0,15.0,,,,,,8.0,0.0
reactive_power_discr,6.0,15.0,,,,,,9.0,0.0
reactive_power_discr,6.0,15.0,,,,,,10.0,0.0
reactive_power_discr,6.0,15.0,,,,,,11.0,0.0
reactive_power_discr,6.0,15.0,,,,,,12.0,0.0
reactive_power_discr,6.0,15.0,,,,,,13.0,0.0
reactive_power_discr,6.0,15.0,,,,,,14.0,0.0
reactive_power_discr,6.0,15.0,,,,,,15.0,0.0
reactive_power_discr,6.0,16.0,,,,,,1.0,0.0
reactive_power_discr,6.0,16.0,,,,,,2.0,0.0
reactive_power_discr,6.0,16.0,,,,,,3.0,0.0
reactive_power_discr,6.0,16.0,,,,,,4.0,0.0
reactive_power_discr,6.0,16.0,,,,,,5.0,0.0
reactive_power_discr,6.0,16.0,,,,,,6.0,0.0
reactive_power_discr,6.0,16.0,,,,,,7.0,0.0
reactive_power_discr,6.0,16.0,,,,,,8.0,0.0
reactive_power_discr,6.0,16.0,,,,,,9.0,0.0
reactive_power_discr,6.0,16.0,,,,,,10.0,0.0
reactive_power_discr,6.0,16.0,,,,,,11.0,0.0
reactive_power_discr,6.0,16.0,,,,,,12.0,0.0
reactive_power_discr,6.0,16.0,,,,,,13.0,0.0
reactive_power_discr,6.0,16.0,,,,,,14.0,0.0
reactive_power_discr,6.0,16.0,,,,,,15.0,0.0
reactive_power_discr,6.0,17.0,,,,,,1.0,0.0
reactive_power_discr,6.0,17.0,,,,,,2.0,0.0
reactive_power_discr,6.0,17.0,,,,,,3.0,0.0
reactive_power_discr,6.0,17.0,,,,,,4.0,0.0
reactive_power_discr,6.0,17.0,,,,,,5.0,0.0
reactive_power_discr,6.0,17.0,,,,,,6.0,0.0
reactive_power_discr,6.0,17.0,,,,,,7.0,0.0
reactive_power_discr,6.0,17.0,,,,,,8.0,0.0
reactive_power_discr,6.0,17.0,,,,,,9.0,0.0
reactive_power_discr,6.0,17.0,,,,,,10.0,0.0
reactive_power_discr,6.0,17.0,,,,,,11.0,0.0
reactive_power_discr,6.0,17.0,,,,,,12.0,0.0
reactive_power_discr,6.0,17.0,,,,,,13.0,0.0
reactive_power_discr,6.0,17.0,,,,,,14.0,0.0
reactive_power_discr,6.0,17.0,,,,,,15.0,0.0
reactive_power_discr,7.0,3.0,,,,,,1.0,0.0001105182440988096
reactive_power_discr,7.0,3.0,,,,,,2.0,0.0
reactive_power_discr,7.0,3.0,,,,,,3.0,0.0
reactive_power_discr,7.0,3.0,,,,,,4.0,0.0
reactive_power_discr,7.0,3.0,,,,,,5.0,0.0
reactive_power_discr,7.0,3.0,,,,,,6.0,0.0
reactive_power_discr,7.0,3.0,,,,,,7.0,0.0
reactive_power_discr,7.0,3.0,,,,,,8.0,0.0
reactive_power_discr,7.0,3.0,,,,,,9.0,0.0
reactive_power_discr,7.0,3.0,,,,,,10.0,0.0
reactive_power_discr,7.0,3.0,,,,,,11.0,0.0
reactive_power_discr,7.0,3.0,,,,,,12.0,0.0
reactive_power_discr,7.0,3.0,,,,,,13.0,0.0
reactive_power_discr,7.0,3.0,,,,,,14.0,0.0
reactive_power_discr,7.0,3.0,,,,,,15.0,0.0
reactive_power_discr,7.0,5.0,,,,,,1.0,0.005173020067707784
reactive_power_discr,7.0,5.0,,,,,,2.0,0.0
reactive_power_discr,7.0,5.0,,,,,,3.0,0.0
reactive_power_discr,7.0,5.0,,,,,,4.0,0.0
reactive_power_discr,7.0,5.0,,,,,,5.0,0.0
reactive_power_discr,7.0,5.0,,,,,,6.0,0.0
reactive_power_discr,7.0,5.0,,,,,,7.0,0.0
reactive_power_discr,7.0,5.0,,,,,,8.0,0.0
reactive_power_discr,7.0,5.0,,,,,,9.0,0.0
reactive_power_discr,7.0,5.0,,,,,,10.0,0.0
reactive_power_discr,7.0,5.0,,,,,,11.0,0.0
reactive_power_discr,7.0,5.0,,,,,,12.0,0.0
reactive_power_discr,7.0,5.0,,,,,,13.0,0.0
reactive_power_discr,7.0,5.0,,,,,,14.0,0.0
reactive_power_discr,7.0,5.0,,,,,,15.0,0.0
reactive_power_discr,7.0,6.0,,,,,,1.0,0.0002008579618120536
reactive_power_discr,7.0,6.0,,,,,,2.0,0.0
reactive_power_discr,7.0,6.0,,,,,,3.0,0.0
reactive_power_discr,7.0,6.0,,,,,,4.0,0.0
reactive_power_discr,7.0,6.0,,,,,,5.0,0.0
reactive_power_discr,7.0,6.0,,,,,,6.0,0.0
reactive_power_discr,7.0,6.0,,,,,,7.0,0.0
reactive_power_discr,7.0,6.0,,,,,,8.0,0.0
reactive_power_discr,7.0,6.0,,,,,,9.0,0.0
reactive_power_discr,7.0,6.0,,,,,,10.0,0.0
reactive_power_discr,7.0,6.0,,,,,,11.0,0.0
reactive_power_discr,7.0,6.0,,,,,,12.0,0.0
reactive_power_discr,7.0,6.0,,,,,,13.0,0.0
reactive_power_discr,7.0,6.0,,,,,,14.0,0.0
reactive_power_discr,7.0,6.0,,,,,,15.0,0.0
reactive_power_discr,7.0,8.0,,,,,,1.0,0.0044817078346531605
reactive_power_discr,7.0,8.0,,,,,,2.0,0.0
reactive_power_discr,7.0,8.0,,,,,,3.0,0.0
reactive_power_discr,7.0,8.0,,,,,,4.0,0.0
reactive_power_discr,7.0,8.0,,,,,,5.0,0.0
reactive_power_discr,7.0,8.0,,,,,,6.0,0.0
reactive_power_discr,7.0,8.0,,,,,,7.0,0.0
reactive_power_discr,7.0,8.0,,,,,,8.0,0.0
reactive_power_discr,7.0,8.0,,,,,,9.0,0.0
reactive_power_discr,7.0,8.0,,,,,,10.0,0.0
reactive_power_discr,7.0,8.0,,,,,,11.0,0.0
reactive_power_discr,7.0,8.0,,,,,,12.0,0.0
reactive_power_discr,7.0,8.0,,,,,,13.0,0.0
reactive_power_discr,7.0,8.0,,,,,,14.0,0.0
reactive_power_discr,7.0,8.0,,,,,,15.0,0.0
reactive_power_discr,7.0,9.0,,,,,,1.0,0.0075778699824844125
reactive_power_discr,7.0,9.0,,,,,,2.0,0.003308998064087479
reactive_power_discr,7.0,9.0,,,,,,3.0,0.0
reactive_power_discr,7.0,9.0,,,,,,4.0,0.0
reactive_power_discr,7.0,9.0,,,,,,5.0,0.0
reactive_power_discr,7.0,9.0,,,,,,6.0,0.0
reactive_power_discr,7.0,9.0,,,,,,7.0,0.0
reactive_power_discr,7.0,9.0,,,,,,8.0,0.0
reactive_power_discr,7.0,9.0,,,,,,9.0,0.0
reactive_power_discr,7.0,9.0,,,,,,10.0,0.0
reactive_power_discr,7.0,9.0,,,,,,11.0,0.0
reactive_power_discr,7.0,9.0,,,,,,12.0,0.0
reactive_power_discr,7.0,9.0,,,,,,13.0,0.0
reactive_power_discr,7.0,9.0,,,,,,14.0,0.0
reactive_power_discr,7.0,9.0,,,,,,15.0,0.0
reactive_power_discr,7.0,10.0,,,,,,1.0,0.0075778699824844125
reactive_power_discr,7.0,10.0,,,,,,2.0,0.0
reactive_power_discr,7.0,10.0,,,,,,3.0,0.0
reactive_power_discr,7.0,10.0,,,,,,4.0,0.0
reactive_power_discr,7.0,10.0,,,,,,5.0,0.0
reactive_power_discr,7.0,10.0,,,,,,6.0,0.0
reactive_power_discr,7.0,10.0,,,,,,7.0,0.0
reactive_power_discr,7.0,10.0,,,,,,8.0,0.0
reactive_power_discr,7.0,10.0,,,,,,9.0,0.0
reactive_power_discr,7.0,10.0,,,,,,10.0,0.0
reactive_power_discr,7.0,10.0,,,,,,11.0,0.0
reactive_power_discr,7.0,10.0,,,,,,12.0,0.0
reactive_power_discr,7.0,10.0,,,,,,13.0,0.0
reactive_power_discr,7.0,10.0,,,,,,14.0,0.0
reactive_power_discr,7.0,10.0,,,,,,15.0,0.0
reactive_power_discr,7.0,13.0,,,,,,1.0,0.0
reactive_power_discr,7.0,13.0,,,,,,2.0,0.0
reactive_power_discr,7.0,13.0,,,,,,3.0,0.0
reactive_power_discr,7.0,13.0,,,,,,4.0,0.0
reactive_power_discr,7.0,13.0,,,,,,5.0,0.0
reactive_power_discr,7.0,13.0,,,,,,6.0,0.0
reactive_power_discr,7.0,13.0,,,,,,7.0,0.0
reactive_power_discr,7.0,13.0,,,,,,8.0,0.0
reactive_power_discr,7.0,13.0,,,,,,9.0,0.0
reactive_power_discr,7.0,13.0,,,,,,10.0,0.0
reactive_power_discr,7.0,13.0,,,,,,11.0,0.0
reactive_power_discr,7.0,13.0,,,,,,12.0,0.0
reactive_power_discr,7.0,13.0,,,,,,13.0,0.0
reactive_power_discr,7.0,13.0,,,,,,14.0,0.0
reactive_power_discr,7.0,13.0,,,,,,15.0,0.0
reactive_power_discr,7.0,14.0,,,,,,1.0,0.005599838308387356
reactive_power_discr,7.0,14.0,,,,,,2.0,0.0
reactive_power_discr,7.0,14.0,,,,,,3.0,0.0
reactive_power_discr,7.0,14.0,,,,,,4.0,0.0
reactive_power_discr,7.0,14.0,,,,,,5.0,0.0
reactive_power_discr,7.0,14.0,,,,,,6.0,0.0
reactive_power_discr,7.0,14.0,,,,,,7.0,0.0
reactive_power_discr,7.0,14.0,,,,,,8.0,0.0
reactive_power_discr,7.0,14.0,,,,,,9.0,0.0
reactive_power_discr,7.0,14.0,,,,,,10.0,0.0
reactive_power_discr,7.0,14.0,,,,,,11.0,0.0
reactive_power_discr,7.0,14.0,,,,,,12.0,0.0
reactive_power_discr,7.0,14.0,,,,,,13.0,0.0
reactive_power_discr,7.0,14.0,,,,,,14.0,0.0
reactive_power_discr,7.0,14.0,,,,,,15.0,0.0
reactive_power_discr,7.0,15.0,,,,,,1.0,0.0
reactive_power_discr,7.0,15.0,,,,,,2.0,0.0
reactive_power_discr,7.0,15.0,,,,,,3.0,0.0
reactive_power_discr,7.0,15.0,,,,,,4.0,0.0
reactive_power_discr,7.0,15.0,,,,,,5.0,0.0
reactive_power_discr,7.0,15.0,,,,,,6.0,0.0
reactive_power_discr,7.0,15.0,,,,,,7.0,0.0
reactive_power_discr,7.0,15.0,,,,,,8.0,0.0
reactive_power_discr,7.0,15.0,,,,,,9.0,0.0
reactive_power_discr,7.0,15.0,,,,,,10.0,0.0
reactive_power_discr,7.0,15.0,,,,,,11.0,0.0
reactive_power_discr,7.0,15.0,,,,,,12.0,0.0
reactive_power_discr,7.0,15.0,,,,,,13.0,0.0
reactive_power_discr,7.0,15.0,,,,,,14.0,0.0
reactive_power_discr,7.0,15.0,,,,,,15.0,0.0
reactive_power_discr,7.0,16.0,,,,,,1.0,0.0
reactive_power_discr,7.0,16.0,,,,,,2.0,0.0
reactive_power_discr,7.0,16.0,,,,,,3.0,0.0
reactive_power_discr,7.0,16.0,,,,,,4.0,0.0
reactive_power_discr,7.0,16.0,,,,,,5.0,0.0
reactive_power_discr,7.0,16.0,,,,,,6.0,0.0
reactive_power_discr,7.0,16.0,,,,,,7.0,0.0
reactive_power_discr,7.0,16.0,,,,,,8.0,0.0
reactive_power_discr,7.0,16.0,,,,,,9.0,0.0
reactive_power_discr,7.0,16.0,,,,,,10.0,0.0
reactive_power_discr,7.0,16.0,,,,,,11.0,0.0
reactive_power_discr,7.0,16.0,,,,,,12.0,0.0
reactive_power_discr,7.0,16.0,,,,,,13.0,0.0
reactive_power_discr,7.0,16.0,,,,,,14.0,0.0
reactive_power_discr,7.0,16.0,,,,,,15.0,0.0
reactive_power_discr,7.0,17.0,,,,,,1.0,0.004582768510367291
reactive_power_discr,7.0,17.0,,,,,,2.0,0.0
reactive_power_discr,7.0,17.0,,,,,,3.0,0.0
reactive_power_discr,7.0,17.0,,,,,,4.0,0.0
reactive_power_discr,7.0,17.0,,,,,,5.0,0.0
reactive_power_discr,7.0,17.0,,,,,,6.0,0.0
reactive_power_discr,7.0,17.0,,,,,,7.0,0.0
reactive_power_discr,7.0,17.0,,,,,,8.0,0.0
reactive_power_discr,7.0,17.0,,,,,,9.0,0.0
reactive_power_discr,7.0,17.0,,,,,,10.0,0.0
reactive_power_discr,7.0,17.0,,,,,,11.0,0.0
reactive_power_discr,7.0,17.0,,,,,,12.0,0.0
reactive_power_discr,7.0,17.0,,,,,,13.0,0.0
reactive_power_discr,7.0,17.0,,,,,,14.0,0.0
reactive_power_discr,7.0,17.0,,,,,,15.0,0.0
reactive_power_discr,8.0,3.0,,,,,,1.0,0.0075778699824844125
reactive_power_discr,8.0,3.0,,,,,,2.0,0.013320281329628255
reactive_power_discr,8.0,3.0,,,,,,3.0,0.023414217334232015
reactive_power_discr,8.0,3.0,,,,,,4.0,0.041157206804276286
reactive_power_discr,8.0,3.0,,,,,,5.0,0.033253755217225206
reactive_power_discr,8.0,3.0,,,,,,6.0,0.0
reactive_power_discr,8.0,3.0,,,,,,7.0,0.0
reactive_power_discr,8.0,3.0,,,,,,8.0,0.0
reactive_power_discr,8.0,3.0,,,,,,9.0,0.0
reactive_power_discr,8.0,3.0,,,,,,10.0,0.0
reactive_power_discr,8.0,3.0,,,,,,11.0,0.0
reactive_power_discr,8.0,3.0,,,,,,12.0,0.0
reactive_power_discr,8.0,3.0,,,,,,13.0,0.0
reactive_power_discr,8.0,3.0,,,,,,14.0,0.0
reactive_power_discr,8.0,3.0,,,,,,15.0,0.0
reactive_power_discr,8.0,5.0,,,,,,1.0,0.0075778699824844125
reactive_power_discr,8.0,5.0,,,,,,2.0,0.013320281329628255
reactive_power_discr,8.0,5.0,,,,,,3.0,0.013096652068638963
reactive_power_discr,8.0,5.0,,,,,,4.0,0.0
reactive_power_discr,8.0,5.0,,,,,,5.0,0.0
reactive_power_discr,8.0,5.0,,,,,,6.0,0.0
reactive_power_discr,8.0,5.0,,,,,,7.0,0.0
reactive_power_discr,8.0,5.0,,,,,,8.0,0.0
reactive_power_discr,8.0,5.0,,,,,,9.0,0.0
reactive_power_discr,8.0,5.0,,,,,,10.0,0.0
reactive_power_discr,8.0,5.0,,,,,,11.0,0.0
reactive_power_discr,8.0,5.0,,,,,,12.0,0.0
reactive_power_discr,8.0,5.0,,,,,,13.0,0.0
reactive_power_discr,8.0,5.0,,,,,,14.0,0.0
reactive_power_discr,8.0,5.0,,,,,,15.0,0.0
reactive_power_discr,8.0,6.0,,,,,,1.0,0.003811904963134563
reactive_power_discr,8.0,6.0,,,,,,2.0,0.002158785383852428
reactive_power_discr,8.0,6.0,,,,,,3.0,0.0
reactive_power_discr,8.0,6.0,,,,,,4.0,0.0
reactive_power_discr,8.0,6.0,,,,,,5.0,0.0
reactive_power_discr,8.0,6.0,,,,,,6.0,0.0
reactive_power_discr,8.0,6.0,,,,,,7.0,0.0
reactive_power_discr,8.0,6.0,,,,,,8.0,0.0
reactive_power_discr,8.0,6.0,,,,,,9.0,0.0
reactive_power_discr,8.0,6.0,,,,,,10.0,0.0
reactive_power_discr,8.0,6.0,,,,,,11.0,0.0
reactive_power_discr,8.0,6.0,,,,,,12.0,0.0
reactive_power_discr,8.0,6.0,,,,,,13.0,0.0
reactive_power_discr,8.0,6.0,,,,,,14.0,0.0
reactive_power_discr,8.0,6.0,,,,,,15.0,0.0
reactive_power_discr,8.0,8.0,,,,,,1.0,0.0075778699824844125
reactive_power_discr,8.0,8.0,,,,,,2.0,0.013320281329628255
reactive_power_discr,8.0,8.0,,,,,,3.0,0.019224920837890146
reactive_power_discr,8.0,8.0,,,,,,4.0,0.0
reactive_power_discr,8.0,8.0,,,,,,5.0,0.0
reactive_power_discr,8.0,8.0,,,,,,6.0,0.0
reactive_power_discr,8.0,8.0,,,,,,7.0,0.0
reactive_power_discr,8.0,8.0,,,,,,8.0,0.0
reactive_power_discr,8.0,8.0,,,,,,9.0,0.0
reactive_power_discr,8.0,8.0,,,,,,10.0,0.0
reactive_power_discr,8.0,8.0,,,,,,11.0,0.0
reactive_power_discr,8.0,8.0,,,,,,12.0,0.0
reactive_power_discr,8.0,8.0,,,,,,13.0,0.0
reactive_power_discr,8.0,8.0,,,,,,14.0,0.0
reactive_power_discr,8.0,8.0,,,,,,15.0,0.0
reactive_power_discr,8.0,9.0,,,,,,1.0,0.0075778699824844125
reactive_power_discr,8.0,9.0,,,,,,2.0,0.013320281329628255
reactive_power_discr,8.0,9.0,,,,,,3.0,0.023414217334232015
reactive_power_discr,8.0,9.0,,,,,,4.0,0.041157206804276286
reactive_power_discr,8.0,9.0,,,,,,5.0,0.050163615682729465
reactive_power_discr,8.0,9.0,,,,,,6.0,0.0
reactive_power_discr,8.0,9.0,,,,,,7.0,0.0
reactive_power_discr,8.0,9.0,,,,,,8.0,0.0
reactive_power_discr,8.0,9.0,,,,,,9.0,0.0
reactive_power_discr,8.0,9.0,,,,,,10.0,0.0
reactive_power_discr,8.0,9.0,,,,,,11.0,0.0
reactive_power_discr,8.0,9.0,,,,,,12.0,0.0
reactive_power_discr,8.0,9.0,,,,,,13.0,0.0
reactive_power_discr,8.0,9.0,,,,,,14.0,0.0
reactive_power_discr,8.0,9.0,,,,,,15.0,0.0
reactive_power_discr,8.0,10.0,,,,,,1.0,0.0075778699824844125
reactive_power_discr,8.0,10.0,,,,,,2.0,0.01113330273693785
reactive_power_discr,8.0,10.0,,,,,,3.0,0.0
reactive_power_discr,8.0,10.0,,,,,,4.0,0.0
reactive_power_discr,8.0,10.0,,,,,,5.0,0.0
reactive_power_discr,8.0,10.0,,,,,,6.0,0.0
reactive_power_discr,8.0,10.0,,,,,,7.0,0.0
reactive_power_discr,8.0,10.0,,,,,,8.0,0.0
reactive_power_discr,8.0,10.0,,,,,,9.0,0.0
reactive_power_discr,8.0,10.0,,,,,,10.0,0.0
reactive_power_discr,8.0,10.0,,,,,,11.0,0.0
reactive_power_discr,8.0,10.0,,,,,,12.0,0.0
reactive_power_discr,8.0,10.0,,,,,,13.0,0.0
reactive_power_discr,8.0,10.0,,,,,,14.0,0.0
reactive_power_discr,8.0,10.0,,,,,,15.0,0.0
reactive_power_discr,8.0,13.0,,,,,,1.0,0.0075778699824844125
reactive_power_discr,8.0,13.0,,,,,,2.0,0.013320281329628255
reactive_power_discr,8.0,13.0,,,,,,3.0,0.023414217334232015
reactive_power_discr,8.0,13.0,,,,,,4.0,0.041157206804276286
reactive_power_discr,8.0,13.0,,,,,,5.0,0.03373324857614732
reactive_power_discr,8.0,13.0,,,,,,6.0,0.0
reactive_power_discr,8.0,13.0,,,,,,7.0,0.0
reactive_power_discr,8.0,13.0,,,,,,8.0,0.0
reactive_power_discr,8.0,13.0,,,,,,9.0,0.0
reactive_power_discr,8.0,13.0,,,,,,10.0,0.0
reactive_power_discr,8.0,13.0,,,,,,11.0,0.0
reactive_power_discr,8.0,13.0,,,,,,12.0,0.0
reactive_power_discr,8.0,13.0,,,,,,13.0,0.0
reactive_power_discr,8.0,13.0,,,,,,14.0,0.0
reactive_power_discr,8.0,13.0,,,,,,15.0,0.0
reactive_power_discr,8.0,14.0,,,,,,1.0,0.005439151975913778
reactive_power_discr,8.0,14.0,,,,,,2.0,0.0
reactive_power_discr,8.0,14.0,,,,,,3.0,0.0
reactive_power_discr,8.0,14.0,,,,,,4.0,0.0
reactive_power_discr,8.0,14.0,,,,,,5.0,0.0
reactive_power_discr,8.0,14.0,,,,,,6.0,0.0
reactive_power_discr,8.0,14.0,,,,,,7.0,0.0
reactive_power_discr,8.0,14.0,,,,,,8.0,0.0
reactive_power_discr,8.0,14.0,,,,,,9.0,0.0
reactive_power_discr,8.0,14.0,,,,,,10.0,0.0
reactive_power_discr,8.0,14.0,,,,,,11.0,0.0
reactive_power_discr,8.0,14.0,,,,,,12.0,0.0
reactive_power_discr,8.0,14.0,,,,,,13.0,0.0
reactive_power_discr,8.0,14.0,,,,,,14.0,0.0
reactive_power_discr,8.0,14.0,,,,,,15.0,0.0
reactive_power_discr,8.0,15.0,,,,,,1.0,0.003811904963134563
reactive_power_discr,8.0,15.0,,,,,,2.0,0.0
reactive_power_discr,8.0,15.0,,,,,,3.0,0.0
reactive_power_discr,8.0,15.0,,,,,,4.0,0.0
reactive_power_discr,8.0,15.0,,,,,,5.0,0.0
reactive_power_discr,8.0,15.0,,,,,,6.0,0.0
reactive_power_discr,8.0,15.0,,,,,,7.0,0.0
reactive_power_discr,8.0,15.0,,,,,,8.0,0.0
reactive_power_discr,8.0,15.0,,,,,,9.0,0.0
reactive_power_discr,8.0,15.0,,,,,,10.0,0.0
reactive_power_discr,8.0,15.0,,,,,,11.0,0.0
reactive_power_discr,8.0,15.0,,,,,,12.0,0.0
reactive_power_discr,8.0,15.0,,,,,,13.0,0.0
reactive_power_discr,8.0,15.0,,,,,,14.0,0.0
reactive_power_discr,8.0,15.0,,,,,,15.0,0.0
reactive_power_discr,8.0,16.0,,,,,,1.0,0.003811904963134563
reactive_power_discr,8.0,16.0,,,,,,2.0,0.003355839036865437
reactive_power_discr,8.0,16.0,,,,,,3.0,0.0
reactive_power_discr,8.0,16.0,,,,,,4.0,0.0
reactive_power_discr,8.0,16.0,,,,,,5.0,0.0
reactive_power_discr,8.0,16.0,,,,,,6.0,0.0
reactive_power_discr,8.0,16.0,,,,,,7.0,0.0
reactive_power_discr,8.0,16.0,,,,,,8.0,0.0
reactive_power_discr,8.0,16.0,,,,,,9.0,0.0
reactive_power_discr,8.0,16.0,,,,,,10.0,0.0
reactive_power_discr,8.0,16.0,,,,,,11.0,0.0
reactive_power_discr,8.0,16.0,,,,,,12.0,0.0
reactive_power_discr,8.0,16.0,,,,,,13.0,0.0
reactive_power_discr,8.0,16.0,,,,,,14.0,0.0
reactive_power_discr,8.0,16.0,,,,,,15.0,0.0
reactive_power_discr,8.0,17.0,,,,,,1.0,0.0075778699824844125
reactive_power_discr,8.0,17.0,,,,,,2.0,0.013320281329628255
reactive_power_discr,8.0,17.0,,,,,,3.0,0.023414217334232015
reactive_power_discr,8.0,17.0,,,,,,4.0,0.011710148169508057
reactive_power_discr,8.0,17.0,,,,,,5.0,0.0
reactive_power_discr,8.0,17.0,,,,,,6.0,0.0
reactive_power_discr,8.0,17.0,,,,,,7.0,0.0
reactive_power_discr,8.0,17.0,,,,,,8.0,0.0
reactive_power_discr,8.0,17.0,,,,,,9.0,0.0
reactive_power_discr,8.0,17.0,,,,,,10.0,0.0
reactive_power_discr,8.0,17.0,,,,,,11.0,0.0
reactive_power_discr,8.0,17.0,,,,,,12.0,0.0
reactive_power_discr,8.0,17.0,,,,,,13.0,0.0
reactive_power_discr,8.0,17.0,,,,,,14.0,0.0
reactive_power_discr,8.0,17.0,,,,,,15.0,0.0
reactive_power_discr,9.0,3.0,,,,,,1.0,0.0075778699824844125
reactive_power_discr,9.0,3.0,,,,,,2.0,0.013320281329628255
reactive_power_discr,9.0,3.0,,,,,,3.0,0.023414217334232015
reactive_power_discr,9.0,3.0,,,,,,4.0,0.041157206804276286
reactive_power_discr,9.0,3.0,,,,,,5.0,0.009189083202731027
reactive_power_discr,9.0,3.0,,,,,,6.0,0.0
reactive_power_discr,9.0,3.0,,,,,,7.0,0.0
reactive_power_discr,9.0,3.0,,,,,,8.0,0.0
reactive_power_discr,9.0,3.0,,,,,,9.0,0.0
reactive_power_discr,9.0,3.0,,,,,,10.0,0.0
reactive_power_discr,9.0,3.0,,,,,,11.0,0.0
reactive_power_discr,9.0,3.0,,,,,,12.0,0.0
reactive_power_discr,9.0,3.0,,,,,,13.0,0.0
reactive_power_discr,9.0,3.0,,,,,,14.0,0.0
reactive_power_discr,9.0,3.0,,,,,,15.0,0.0
reactive_power_discr,9.0,5.0,,,,,,1.0,0.0075778699824844125
reactive_power_discr,9.0,5.0,,,,,,2.0,0.013320281329628255
reactive_power_discr,9.0,5.0,,,,,,3.0,0.0013689000059919458
reactive_power_discr,9.0,5.0,,,,,,4.0,0.0
reactive_power_discr,9.0,5.0,,,,,,5.0,0.0
reactive_power_discr,9.0,5.0,,,,,,6.0,0.0
reactive_power_discr,9.0,5.0,,,,,,7.0,0.0
reactive_power_discr,9.0,5.0,,,,,,8.0,0.0
reactive_power_discr,9.0,5.0,,,,,,9.0,0.0
reactive_power_discr,9.0,5.0,,,,,,10.0,0.0
reactive_power_discr,9.0,5.0,,,,,,11.0,0.0
reactive_power_discr,9.0,5.0,,,,,,12.0,0.0
reactive_power_discr,9.0,5.0,,,,,,13.0,0.0
reactive_power_discr,9.0,5.0,,,,,,14.0,0.0
reactive_power_discr,9.0,5.0,,,,,,15.0,0.0
reactive_power_discr,9.0,6.0,,,,,,1.0,0.0033327738727802723
reactive_power_discr,9.0,6.0,,,,,,2.0,0.0
reactive_power_discr,9.0,6.0,,,,,,3.0,0.0
reactive_power_discr,9.0,6.0,,,,,,4.0,0.0
reactive_power_discr,9.0,6.0,,,,,,5.0,0.0
reactive_power_discr,9.0,6.0,,,,,,6.0,0.0
reactive_power_discr,9.0,6.0,,,,,,7.0,0.0
reactive_power_discr,9.0,6.0,,,,,,8.0,0.0
reactive_power_discr,9.0,6.0,,,,,,9.0,0.0
reactive_power_discr,9.0,6.0,,,,,,10.0,0.0
reactive_power_discr,9.0,6.0,,,,,,11.0,0.0
reactive_power_discr,9.0,6.0,,,,,,12.0,0.0
reactive_power_discr,9.0,6.0,,,,,,13.0,0.0
reactive_power_discr,9.0,6.0,,,,,,14.0,0.0
reactive_power_discr,9.0,6.0,,,,,,15.0,0.0
reactive_power_discr,9.0,8.0,,,,,,1.0,0.0075778699824844125
reactive_power_discr,9.0,8.0,,,,,,2.0,0.013320281329628255
reactive_power_discr,9.0,8.0,,,,,,3.0,0.007353232052547225
reactive_power_discr,9.0,8.0,,,,,,4.0,0.0
reactive_power_discr,9.0,8.0,,,,,,5.0,0.0
reactive_power_discr,9.0,8.0,,,,,,6.0,0.0
reactive_power_discr,9.0,8.0,,,,,,7.0,0.0
reactive_power_discr,9.0,8.0,,,,,,8.0,0.0
reactive_power_discr,9.0,8.0,,,,,,9.0,0.0
reactive_power_discr,9.0,8.0,,,,,,10.0,0.0
reactive_power_discr,9.0,8.0,,,,,,11.0,0.0
reactive_power_discr,9.0,8.0,,,,,,12.0,0.0
reactive_power_discr,9.0,8.0,,,,,,13.0,0.0
reactive_power_discr,9.0,8.0,,,,,,14.0,0.0
reactive_power_discr,9.0,8.0,,,,,,15.0,0.0
reactive_power_discr,9.0,9.0,,,,,,1.0,0.0075778699824844125
reactive_power_discr,9.0,9.0,,,,,,2.0,0.013320281329628255
reactive_power_discr,9.0,9.0,,,,,,3.0,0.023414217334232015
reactive_power_discr,9.0,9.0,,,,,,4.0,0.041157206804276286
reactive_power_discr,9.0,9.0,,,,,,5.0,0.021299124475235423
reactive_power_discr,9.0,9.0,,,,,,6.0,0.0
reactive_power_discr,9.0,9.0,,,,,,7.0,0.0
reactive_power_discr,9.0,9.0,,,,,,8.0,0.0
reactive_power_discr,9.0,9.0,,,,,,9.0,0.0
reactive_power_discr,9.0,9.0,,,,,,10.0,0.0
reactive_power_discr,9.0,9.0,,,,,,11.0,0.0
reactive_power_discr,9.0,9.0,,,,,,12.0,0.0
reactive_power_discr,9.0,9.0,,,,,,13.0,0.0
reactive_power_discr,9.0,9.0,,,,,,14.0,0.0
reactive_power_discr,9.0,9.0,,,,,,15.0,0.0
reactive_power_discr,9.0,10.0,,,,,,1.0,0.0075778699824844125
reactive_power_discr,9.0,10.0,,,,,,2.0,0.006943511925924411
reactive_power_discr,9.0,10.0,,,,,,3.0,0.0
reactive_power_discr,9.0,10.0,,,,,,4.0,0.0
reactive_power_discr,9.0,10.0,,,,,,5.0,0.0
reactive_power_discr,9.0,10.0,,,,,,6.0,0.0
reactive_power_discr,9.0,10.0,,,,,,7.0,0.0
reactive_power_discr,9.0,10.0,,,,,,8.0,0.0
reactive_power_discr,9.0,10.0,,,,,,9.0,0.0
reactive_power_discr,9.0,10.0,,,,,,10.0,0.0
reactive_power_discr,9.0,10.0,,,,,,11.0,0.0
reactive_power_discr,9.0,10.0,,,,,,12.0,0.0
reactive_power_discr,9.0,10.0,,,,,,13.0,0.0
reactive_power_discr,9.0,10.0,,,,,,14.0,0.0
reactive_power_discr,9.0,10.0,,,,,,15.0,0.0
reactive_power_discr,9.0,13.0,,,,,,1.0,0.0075778699824844125
reactive_power_discr,9.0,13.0,,,,,,2.0,0.013320281329628255
reactive_power_discr,9.0,13.0,,,,,,3.0,0.023414217334232015
reactive_power_discr,9.0,13.0,,,,,,4.0,0.041157206804276286
reactive_power_discr,9.0,13.0,,,,,,5.0,0.009641359596368557
reactive_power_discr,9.0,13.0,,,,,,6.0,0.0
reactive_power_discr,9.0,13.0,,,,,,7.0,0.0
reactive_power_discr,9.0,13.0,,,,,,8.0,0.0
reactive_power_discr,9.0,13.0,,,,,,9.0,0.0
reactive_power_discr,9.0,13.0,,,,,,10.0,0.0
reactive_power_discr,9.0,13.0,,,,,,11.0,0.0
reactive_power_discr,9.0,13.0,,,,,,12.0,0.0
reactive_power_discr,9.0,13.0,,,,,,13.0,0.0
reactive_power_discr,9.0,13.0,,,,,,14.0,0.0
reactive_power_discr,9.0,13.0,,,,,,15.0,0.0
reactive_power_discr,9.0,14.0,,,,,,1.0,0.0075778699824844125
reactive_power_discr,9.0,14.0,,,,,,2.0,0.004308484764538998
reactive_power_discr,9.0,14.0,,,,,,3.0,0.0
reactive_power_discr,9.0,14.0,,,,,,4.0,0.0
reactive_power_discr,9.0,14.0,,,,,,5.0,0.0
reactive_power_discr,9.0,14.0,,,,,,6.0,0.0
reactive_power_discr,9.0,14.0,,,,,,7.0,0.0
reactive_power_discr,9.0,14.0,,,,,,8.0,0.0
reactive_power_discr,9.0,14.0,,,,,,9.0,0.0
reactive_power_discr,9.0,14.0,,,,,,10.0,0.0
reactive_power_discr,9.0,14.0,,,,,,11.0,0.0
reactive_power_discr,9.0,14.0,,,,,,12.0,0.0
reactive_power_discr,9.0,14.0,,,,,,13.0,0.0
reactive_power_discr,9.0,14.0,,,,,,14.0,0.0
reactive_power_discr,9.0,14.0,,,,,,15.0,0.0
reactive_power_discr,9.0,15.0,,,,,,1.0,0.0014644011636845006
reactive_power_discr,9.0,15.0,,,,,,2.0,0.0
reactive_power_discr,9.0,15.0,,,,,,3.0,0.0
reactive_power_discr,9.0,15.0,,,,,,4.0,0.0
reactive_power_discr,9.0,15.0,,,,,,5.0,0.0
reactive_power_discr,9.0,15.0,,,,,,6.0,0.0
reactive_power_discr,9.0,15.0,,,,,,7.0,0.0
reactive_power_discr,9.0,15.0,,,,,,8.0,0.0
reactive_power_discr,9.0,15.0,,,,,,9.0,0.0
reactive_power_discr,9.0,15.0,,,,,,10.0,0.0
reactive_power_discr,9.0,15.0,,,,,,11.0,0.0
reactive_power_discr,9.0,15.0,,,,,,12.0,0.0
reactive_power_discr,9.0,15.0,,,,,,13.0,0.0
reactive_power_discr,9.0,15.0,,,,,,14.0,0.0
reactive_power_discr,9.0,15.0,,,,,,15.0,0.0
reactive_power_discr,9.0,16.0,,,,,,1.0,0.0
reactive_power_discr,9.0,16.0,,,,,,2.0,0.0
reactive_power_discr,9.0,16.0,,,,,,3.0,0.0
reactive_power_discr,9.0,16.0,,,,,,4.0,0.0
reactive_power_discr,9.0,16.0,,,,,,5.0,0.0
reactive_power_discr,9.0,16.0,,,,,,6.0,0.0
reactive_power_discr,9.0,16.0,,,,,,7.0,0.0
reactive_power_discr,9.0,16.0,,,,,,8.0,0.0
reactive_power_discr,9.0,16.0,,,,,,9.0,0.0
reactive_power_discr,9.0,16.0,,,,,,10.0,0.0
reactive_power_discr,9.0,16.0,,,,,,11.0,0.0
reactive_power_discr,9.0,16.0,,,,,,12.0,0.0
reactive_power_discr,9.0,16.0,,,,,,13.0,0.0
reactive_power_discr,9.0,16.0,,,,,,14.0,0.0
reactive_power_discr,9.0,16.0,,,,,,15.0,0.0
reactive_power_discr,9.0,17.0,,,,,,1.0,0.0075778699824844125
reactive_power_discr,9.0,17.0,,,,,,2.0,0.013320281329628255
reactive_power_discr,9.0,17.0,,,,,,3.0,0.023414217334232015
reactive_power_discr,9.0,17.0,,,,,,4.0,0.0
reactive_power_discr,9.0,17.0,,,,,,5.0,0.0
reactive_power_discr,9.0,17.0,,,,,,6.0,0.0
reactive_power_discr,9.0,17.0,,,,,,7.0,0.0
reactive_power_discr,9.0,17.0,,,,,,8.0,0.0
reactive_power_discr,9.0,17.0,,,,,,9.0,0.0
reactive_power_discr,9.0,17.0,,,,,,10.0,0.0
reactive_power_discr,9.0,17.0,,,,,,11.0,0.0
reactive_power_discr,9.0,17.0,,,,,,12.0,0.0
reactive_power_discr,9.0,17.0,,,,,,13.0,0.0
reactive_power_discr,9.0,17.0,,,,,,14.0,0.0
reactive_power_discr,9.0,17.0,,,,,,15.0,0.0
reactive_power_discr,10.0,3.0,,,,,,1.0,0.0075778699824844125
reactive_power_discr,10.0,3.0,,,,,,2.0,0.013320281329628255
reactive_power_discr,10.0,3.0,,,,,,3.0,0.023414217334232015
reactive_power_discr,10.0,3.0,,,,,,4.0,0.011009449259070214
reactive_power_discr,10.0,3.0,,,,,,5.0,0.0
reactive_power_discr,10.0,3.0,,,,,,6.0,0.0
reactive_power_discr,10.0,3.0,,,,,,7.0,0.0
reactive_power_discr,10.0,3.0,,,,,,8.0,0.0
reactive_power_discr,10.0,3.0,,,,,,9.0,0.0
reactive_power_discr,10.0,3.0,,,,,,10.0,0.0
reactive_power_discr,10.0,3.0,,,,,,11.0,0.0
reactive_power_discr,10.0,3.0,,,,,,12.0,0.0
reactive_power_discr,10.0,3.0,,,,,,13.0,0.0
reactive_power_discr,10.0,3.0,,,,,,14.0,0.0
reactive_power_discr,10.0,3.0,,,,,,15.0,0.0
reactive_power_discr,10.0,5.0,,,,,,1.0,0.0075778699824844125
reactive_power_discr,10.0,5.0,,,,,,2.0,0.009741572267915688
reactive_power_discr,10.0,5.0,,,,,,3.0,0.0
reactive_power_discr,10.0,5.0,,,,,,4.0,0.0
reactive_power_discr,10.0,5.0,,,,,,5.0,0.0
reactive_power_discr,10.0,5.0,,,,,,6.0,0.0
reactive_power_discr,10.0,5.0,,,,,,7.0,0.0
reactive_power_discr,10.0,5.0,,,,,,8.0,0.0
reactive_power_discr,10.0,5.0,,,,,,9.0,0.0
reactive_power_discr,10.0,5.0,,,,,,10.0,0.0
reactive_power_discr,10.0,5.0,,,,,,11.0,0.0
reactive_power_discr,10.0,5.0,,,,,,12.0,0.0
reactive_power_discr,10.0,5.0,,,,,,13.0,0.0
reactive_power_discr,10.0,5.0,,,,,,14.0,0.0
reactive_power_discr,10.0,5.0,,,,,,15.0,0.0
reactive_power_discr,10.0,6.0,,,,,,1.0,0.00025960747250512663
reactive_power_discr,10.0,6.0,,,,,,2.0,0.0
reactive_power_discr,10.0,6.0,,,,,,3.0,0.0
reactive_power_discr,10.0,6.0,,,,,,4.0,0.0
reactive_power_discr,10.0,6.0,,,,,,5.0,0.0
reactive_power_discr,10.0,6.0,,,,,,6.0,0.0
reactive_power_discr,10.0,6.0,,,,,,7.0,0.0
reactive_power_discr,10.0,6.0,,,,,,8.0,0.0
reactive_power_discr,10.0,6.0,,,,,,9.0,0.0
reactive_power_discr,10.0,6.0,,,,,,10.0,0.0
reactive_power_discr,10.0,6.0,,,,,,11.0,0.0
reactive_power_discr,10.0,6.0,,,,,,12.0,0.0
reactive_power_discr,10.0,6.0,,,,,,13.0,0.0
reactive_power_discr,10.0,6.0,,,,,,14.0,0.0
reactive_power_discr,10.0,6.0,,,,,,15.0,0.0
reactive_power_discr,10.0,8.0,,,,,,1.0,0.0075778699824844125
reactive_power_discr,10.0,8.0,,,,,,2.0,0.00702994517837475
reactive_power_discr,10.0,8.0,,,,,,3.0,0.0
reactive_power_discr,10.0,8.0,,,,,,4.0,0.0
reactive_power_discr,10.0,8.0,,,,,,5.0,0.0
reactive_power_discr,10.0,8.0,,,,,,6.0,0.0
reactive_power_discr,10.0,8.0,,,,,,7.0,0.0
reactive_power_discr,10.0,8.0,,,,,,8.0,0.0
reactive_power_discr,10.0,8.0,,,,,,9.0,0.0
reactive_power_discr,10.0,8.0,,,,,,10.0,0.0
reactive_power_discr,10.0,8.0,,,,,,11.0,0.0
reactive_power_discr,10.0,8.0,,,,,,12.0,0.0
reactive_power_discr,10.0,8.0,,,,,,13.0,0.0
reactive_power_discr,10.0,8.0,,,,,,14.0,0.0
reactive_power_discr,10.0,8.0,,,,,,15.0,0.0
reactive_power_discr,10.0,9.0,,,,,,1.0,0.0075778699824844125
reactive_power_discr,10.0,9.0,,,,,,2.0,0.013320281329628255
reactive_power_discr,10.0,9.0,,,,,,3.0,0.023414217334232015
reactive_power_discr,10.0,9.0,,,,,,4.0,0.0205728153278449
reactive_power_discr,10.0,9.0,,,,,,5.0,0.0
reactive_power_discr,10.0,9.0,,,,,,6.0,0.0
reactive_power_discr,10.0,9.0,,,,,,7.0,0.0
reactive_power_discr,10.0,9.0,,,,,,8.0,0.0
reactive_power_discr,10.0,9.0,,,,,,9.0,0.0
reactive_power_discr,10.0,9.0,,,,,,10.0,0.0
reactive_power_discr,10.0,9.0,,,,,,11.0,0.0
reactive_power_discr,10.0,9.0,,,,,,12.0,0.0
reactive_power_discr,10.0,9.0,,,,,,13.0,0.0
reactive_power_discr,10.0,9.0,,,,,,14.0,0.0
reactive_power_discr,10.0,9.0,,,,,,15.0,0.0
reactive_power_discr,10.0,10.0,,,,,,1.0,0.0075778699824844125
reactive_power_discr,10.0,10.0,,,,,,2.0,0.004803735162810593
reactive_power_discr,10.0,10.0,,,,,,3.0,0.0
reactive_power_discr,10.0,10.0,,,,,,4.0,0.0
reactive_power_discr,10.0,10.0,,,,,,5.0,0.0
reactive_power_discr,10.0,10.0,,,,,,6.0,0.0
reactive_power_discr,10.0,10.0,,,,,,7.0,0.0
reactive_power_discr,10.0,10.0,,,,,,8.0,0.0
reactive_power_discr,10.0,10.0,,,,,,9.0,0.0
reactive_power_discr,10.0,10.0,,,,,,10.0,0.0
reactive_power_discr,10.0,10.0,,,,,,11.0,0.0
reactive_power_discr,10.0,10.0,,,,,,12.0,0.0
reactive_power_discr,10.0,10.0,,,,,,13.0,0.0
reactive_power_discr,10.0,10.0,,,,,,14.0,0.0
reactive_power_discr,10.0,10.0,,,,,,15.0,0.0
reactive_power_discr,10.0,13.0,,,,,,1.0,0.0075778699824844125
reactive_power_discr,10.0,13.0,,,,,,2.0,0.013320281329628255
reactive_power_discr,10.0,13.0,,,,,,3.0,0.023414217334232015
reactive_power_discr,10.0,13.0,,,,,,4.0,0.011423280907869275
reactive_power_discr,10.0,13.0,,,,,,5.0,0.0
reactive_power_discr,10.0,13.0,,,,,,6.0,0.0
reactive_power_discr,10.0,13.0,,,,,,7.0,0.0
reactive_power_discr,10.0,13.0,,,,,,8.0,0.0
reactive_power_discr,10.0,13.0,,,,,,9.0,0.0
reactive_power_discr,10.0,13.0,,,,,,10.0,0.0
reactive_power_discr,10.0,13.0,,,,,,11.0,0.0
reactive_power_discr,10.0,13.0,,,,,,12.0,0.0
reactive_power_discr,10.0,13.0,,,,,,13.0,0.0
reactive_power_discr,10.0,13.0,,,,,,14.0,0.0
reactive_power_discr,10.0,13.0,,,,,,15.0,0.0
reactive_power_discr,10.0,14.0,,,,,,1.0,0.0075778699824844125
reactive_power_discr,10.0,14.0,,,,,,2.0,0.004404824223839516
reactive_power_discr,10.0,14.0,,,,,,3.0,0.0
reactive_power_discr,10.0,14.0,,,,,,4.0,0.0
reactive_power_discr,10.0,14.0,,,,,,5.0,0.0
reactive_power_discr,10.0,14.0,,,,,,6.0,0.0
reactive_power_discr,10.0,14.0,,,,,,7.0,0.0
reactive_power_discr,10.0,14.0,,,,,,8.0,0.0
reactive_power_discr,10.0,14.0,,,,,,9.0,0.0
reactive_power_discr,10.0,14.0,,,,,,10.0,0.0
reactive_power_discr,10.0,14.0,,,,,,11.0,0.0
reactive_power_discr,10.0,14.0,,,,,,12.0,0.0
reactive_power_discr,10.0,14.0,,,,,,13.0,0.0
reactive_power_discr,10.0,14.0,,,,,,14.0,0.0
reactive_power_discr,10.0,14.0,,,,,,15.0,0.0
reactive_power_discr,10.0,15.0,,,,,,1.0,0.0
reactive_power_discr,10.0,15.0,,,,,,2.0,0.0
reactive_power_discr,10.0,15.0,,,,,,3.0,0.0
reactive_power_discr,10.0,15.0,,,,,,4.0,0.0
reactive_power_discr,10.0,15.0,,,,,,5.0,0.0
reactive_power_discr,10.0,15.0,,,,,,6.0,0.0
reactive_power_discr,10.0,15.0,,,,,,7.0,0.0
reactive_power_discr,10.0,15.0,,,,,,8.0,0.0
reactive_power_discr,10.0,15.0,,,,,,9.0,0.0
reactive_power_discr,10.0,15.0,,,,,,10.0,0.0
reactive_power_discr,10.0,15.0,,,,,,11.0,0.0
reactive_power_discr,10.0,15.0,,,,,,12.0,0.0
reactive_power_discr,10.0,15.0,,,,,,13.0,0.0
reactive_power_discr,10.0,15.0,,,,,,14.0,0.0
reactive_power_discr,10.0,15.0,,,,,,15.0,0.0
reactive_power_discr,10.0,16.0,,,,,,1.0,0.0
reactive_power_discr,10.0,16.0,,,,,,2.0,0.0
reactive_power_discr,10.0,16.0,,,,,,3.0,0.0
reactive_power_discr,10.0,16.0,,,,,,4.0,0.0
reactive_power_discr,10.0,16.0,,,,,,5.0,0.0
reactive_power_discr,10.0,16.0,,,,,,6.0,0.0
reactive_power_discr,10.0,16.0,,,,,,7.0,0.0
reactive_power_discr,10.0,16.0,,,,,,8.0,0.0
reactive_power_discr,10.0,16.0,,,,,,9.0,0.0
reactive_power_discr,10.0,16.0,,,,,,10.0,0.0
reactive_power_discr,10.0,16.0,,,,,,11.0,0.0
reactive_power_discr,10.0,16.0,,,,,,12.0,0.0
reactive_power_discr,10.0,16.0,,,,,,13.0,0.0
reactive_power_discr,10.0,16.0,,,,,,14.0,0.0
reactive_power_discr,10.0,16.0,,,,,,15.0,0.0
reactive_power_discr,10.0,17.0,,,,,,1.0,0.0075778699824844125
reactive_power_discr,10.0,17.0,,,,,,2.0,0.013320281329628255
reactive_power_discr,10.0,17.0,,,,,,3.0,2.9096494499922937e-05
reactive_power_discr,10.0,17.0,,,,,,4.0,0.0
reactive_power_discr,10.0,17.0,,,,,,5.0,0.0
reactive_power_discr,10.0,17.0,,,,,,6.0,0.0
reactive_power_discr,10.0,17.0,,,,,,7.0,0.0
reactive_power_discr,10.0,17.0,,,,,,8.0,0.0
reactive_power_discr,10.0,17.0,,,,,,9.0,0.0
reactive_power_discr,10.0,17.0,,,,,,10.0,0.0
reactive_power_discr,10.0,17.0,,,,,,11.0,0.0
reactive_power_discr,10.0,17.0,,,,,,12.0,0.0
reactive_power_discr,10.0,17.0,,,,,,13.0,0.0
reactive_power_discr,10.0,17.0,,,,,,14.0,0.0
reactive_power_discr,10.0,17.0,,,,,,15.0,0.0
reactive_power_discr,11.0,3.0,,,,,,1.0,0.0075778699824844125
reactive_power_discr,11.0,3.0,,,,,,2.0,0.013320281329628255
reactive_power_discr,11.0,3.0,,,,,,3.0,0.023414217334232015
reactive_power_discr,11.0,3.0,,,,,,4.0,0.0010212307676103274
reactive_power_discr,11.0,3.0,,,,,,5.0,0.0
reactive_power_discr,11.0,3.0,,,,,,6.0,0.0
reactive_power_discr,11.0,3.0,,,,,,7.0,0.0
reactive_power_discr,11.0,3.0,,,,,,8.0,0.0
reactive_power_discr,11.0,3.0,,,,,,9.0,0.0
reactive_power_discr,11.0,3.0,,,,,,10.0,0.0
reactive_power_discr,11.0,3.0,,,,,,11.0,0.0
reactive_power_discr,11.0,3.0,,,,,,12.0,0.0
reactive_power_discr,11.0,3.0,,,,,,13.0,0.0
reactive_power_discr,11.0,3.0,,,,,,14.0,0.0
reactive_power_discr,11.0,3.0,,,,,,15.0,0.0
reactive_power_discr,11.0,5.0,,,,,,1.0,0.0075778699824844125
reactive_power_discr,11.0,5.0,,,,,,2.0,0.008635105412821613
reactive_power_discr,11.0,5.0,,,,,,3.0,0.0
reactive_power_discr,11.0,5.0,,,,,,4.0,0.0
reactive_power_discr,11.0,5.0,,,,,,5.0,0.0
reactive_power_discr,11.0,5.0,,,,,,6.0,0.0
reactive_power_discr,11.0,5.0,,,,,,7.0,0.0
reactive_power_discr,11.0,5.0,,,,,,8.0,0.0
reactive_power_discr,11.0,5.0,,,,,,9.0,0.0
reactive_power_discr,11.0,5.0,,,,,,10.0,0.0
reactive_power_discr,11.0,5.0,,,,,,11.0,0.0
reactive_power_discr,11.0,5.0,,,,,,12.0,0.0
reactive_power_discr,11.0,5.0,,,,,,13.0,0.0
reactive_power_discr,11.0,5.0,,,,,,14.0,0.0
reactive_power_discr,11.0,5.0,,,,,,15.0,0.0
reactive_power_discr,11.0,6.0,,,,,,1.0,0.0012557074956633062
reactive_power_discr,11.0,6.0,,,,,,2.0,0.0
reactive_power_discr,11.0,6.0,,,,,,3.0,0.0
reactive_power_discr,11.0,6.0,,,,,,4.0,0.0
reactive_power_discr,11.0,6.0,,,,,,5.0,0.0
reactive_power_discr,11.0,6.0,,,,,,6.0,0.0
reactive_power_discr,11.0,6.0,,,,,,7.0,0.0
reactive_power_discr,11.0,6.0,,,,,,8.0,0.0
reactive_power_discr,11.0,6.0,,,,,,9.0,0.0
reactive_power_discr,11.0,6.0,,,,,,10.0,0.0
reactive_power_discr,11.0,6.0,,,,,,11.0,0.0
reactive_power_discr,11.0,6.0,,,,,,12.0,0.0
reactive_power_discr,11.0,6.0,,,,,,13.0,0.0
reactive_power_discr,11.0,6.0,,,,,,14.0,0.0
reactive_power_discr,11.0,6.0,,,,,,15.0,0.0
reactive_power_discr,11.0,8.0,,,,,,1.0,0.0075778699824844125
reactive_power_discr,11.0,8.0,,,,,,2.0,0.004264498238620832
reactive_power_discr,11.0,8.0,,,,,,3.0,0.0
reactive_power_discr,11.0,8.0,,,,,,4.0,0.0
reactive_power_discr,11.0,8.0,,,,,,5.0,0.0
reactive_power_discr,11.0,8.0,,,,,,6.0,0.0
reactive_power_discr,11.0,8.0,,,,,,7.0,0.0
reactive_power_discr,11.0,8.0,,,,,,8.0,0.0
reactive_power_discr,11.0,8.0,,,,,,9.0,0.0
reactive_power_discr,11.0,8.0,,,,,,10.0,0.0
reactive_power_discr,11.0,8.0,,,,,,11.0,0.0
reactive_power_discr,11.0,8.0,,,,,,12.0,0.0
reactive_power_discr,11.0,8.0,,,,,,13.0,0.0
reactive_power_discr,11.0,8.0,,,,,,14.0,0.0
reactive_power_discr,11.0,8.0,,,,,,15.0,0.0
reactive_power_discr,11.0,9.0,,,,,,1.0,0.0075778699824844125
reactive_power_discr,11.0,9.0,,,,,,2.0,0.013320281329628255
reactive_power_discr,11.0,9.0,,,,,,3.0,0.023414217334232015
reactive_power_discr,11.0,9.0,,,,,,4.0,0.010201824937013236
reactive_power_discr,11.0,9.0,,,,,,5.0,0.0
reactive_power_discr,11.0,9.0,,,,,,6.0,0.0
reactive_power_discr,11.0,9.0,,,,,,7.0,0.0
reactive_power_discr,11.0,9.0,,,,,,8.0,0.0
reactive_power_discr,11.0,9.0,,,,,,9.0,0.0
reactive_power_discr,11.0,9.0,,,,,,10.0,0.0
reactive_power_discr,11.0,9.0,,,,,,11.0,0.0
reactive_power_discr,11.0,9.0,,,,,,12.0,0.0
reactive_power_discr,11.0,9.0,,,,,,13.0,0.0
reactive_power_discr,11.0,9.0,,,,,,14.0,0.0
reactive_power_discr,11.0,9.0,,,,,,15.0,0.0
reactive_power_discr,11.0,10.0,,,,,,1.0,0.0075778699824844125
reactive_power_discr,11.0,10.0,,,,,,2.0,0.00423216851577928
reactive_power_discr,11.0,10.0,,,,,,3.0,0.0
reactive_power_discr,11.0,10.0,,,,,,4.0,0.0
reactive_power_discr,11.0,10.0,,,,,,5.0,0.0
reactive_power_discr,11.0,10.0,,,,,,6.0,0.0
reactive_power_discr,11.0,10.0,,,,,,7.0,0.0
reactive_power_discr,11.0,10.0,,,,,,8.0,0.0
reactive_power_discr,11.0,10.0,,,,,,9.0,0.0
reactive_power_discr,11.0,10.0,,,,,,10.0,0.0
reactive_power_discr,11.0,10.0,,,,,,11.0,0.0
reactive_power_discr,11.0,10.0,,,,,,12.0,0.0
reactive_power_discr,11.0,10.0,,,,,,13.0,0.0
reactive_power_discr,11.0,10.0,,,,,,14.0,0.0
reactive_power_discr,11.0,10.0,,,,,,15.0,0.0
reactive_power_discr,11.0,13.0,,,,,,1.0,0.0075778699824844125
reactive_power_discr,11.0,13.0,,,,,,2.0,0.013320281329628255
reactive_power_discr,11.0,13.0,,,,,,3.0,0.023414217334232015
reactive_power_discr,11.0,13.0,,,,,,4.0,0.0014173676565394867
reactive_power_discr,11.0,13.0,,,,,,5.0,0.0
reactive_power_discr,11.0,13.0,,,,,,6.0,0.0
reactive_power_discr,11.0,13.0,,,,,,7.0,0.0
reactive_power_discr,11.0,13.0,,,,,,8.0,0.0
reactive_power_discr,11.0,13.0,,,,,,9.0,0.0
reactive_power_discr,11.0,13.0,,,,,,10.0,0.0
reactive_power_discr,11.0,13.0,,,,,,11.0,0.0
reactive_power_discr,11.0,13.0,,,,,,12.0,0.0
reactive_power_discr,11.0,13.0,,,,,,13.0,0.0
reactive_power_discr,11.0,13.0,,,,,,14.0,0.0
reactive_power_discr,11.0,13.0,,,,,,15.0,0.0
reactive_power_discr,11.0,14.0,,,,,,1.0,0.0075778699824844125
reactive_power_discr,11.0,14.0,,,,,,2.0,0.004721478785731627
reactive_power_discr,11.0,14.0,,,,,,3.0,0.0
reactive_power_discr,11.0,14.0,,,,,,4.0,0.0
reactive_power_discr,11.0,14.0,,,,,,5.0,0.0
reactive_power_discr,11.0,14.0,,,,,,6.0,0.0
reactive_power_discr,11.0,14.0,,,,,,7.0,0.0
reactive_power_discr,11.0,14.0,,,,,,8.0,0.0
reactive_power_discr,11.0,14.0,,,,,,9.0,0.0
reactive_power_discr,11.0,14.0,,,,,,10.0,0.0
reactive_power_discr,11.0,14.0,,,,,,11.0,0.0
reactive_power_discr,11.0,14.0,,,,,,12.0,0.0
reactive_power_discr,11.0,14.0,,,,,,13.0,0.0
reactive_power_discr,11.0,14.0,,,,,,14.0,0.0
reactive_power_discr,11.0,14.0,,,,,,15.0,0.0
reactive_power_discr,11.0,15.0,,,,,,1.0,0.0
reactive_power_discr,11.0,15.0,,,,,,2.0,0.0
reactive_power_discr,11.0,15.0,,,,,,3.0,0.0
reactive_power_discr,11.0,15.0,,,,,,4.0,0.0
reactive_power_discr,11.0,15.0,,,,,,5.0,0.0
reactive_power_discr,11.0,15.0,,,,,,6.0,0.0
reactive_power_discr,11.0,15.0,,,,,,7.0,0.0
reactive_power_discr,11.0,15.0,,,,,,8.0,0.0
reactive_power_discr,11.0,15.0,,,,,,9.0,0.0
reactive_power_discr,11.0,15.0,,,,,,10.0,0.0
reactive_power_discr,11.0,15.0,,,,,,11.0,0.0
reactive_power_discr,11.0,15.0,,,,,,12.0,0.0
reactive_power_discr,11.0,15.0,,,,,,13.0,0.0
reactive_power_discr,11.0,15.0,,,,,,14.0,0.0
reactive_power_discr,11.0,15.0,,,,,,15.0,0.0
reactive_power_discr,11.0,16.0,,,,,,1.0,0.0
reactive_power_discr,11.0,16.0,,,,,,2.0,0.0
reactive_power_discr,11.0,16.0,,,,,,3.0,0.0
reactive_power_discr,11.0,16.0,,,,,,4.0,0.0
reactive_power_discr,11.0,16.0,,,,,,5.0,0.0
reactive_power_discr,11.0,16.0,,,,,,6.0,0.0
reactive_power_discr,11.0,16.0,,,,,,7.0,0.0
reactive_power_discr,11.0,16.0,,,,,,8.0,0.0
reactive_power_discr,11.0,16.0,,,,,,9.0,0.0
reactive_power_discr,11.0,16.0,,,,,,10.0,0.0
reactive_power_discr,11.0,16.0,,,,,,11.0,0.0
reactive_power_discr,11.0,16.0,,,,,,12.0,0.0
reactive_power_discr,11.0,16.0,,,,,,13.0,0.0
reactive_power_discr,11.0,16.0,,,,,,14.0,0.0
reactive_power_discr,11.0,16.0,,,,,,15.0,0.0
reactive_power_discr,11.0,17.0,,,,,,1.0,0.0075778699824844125
reactive_power_discr,11.0,17.0,,,,,,2.0,0.006534985222989396
reactive_power_discr,11.0,17.0,,,,,,3.0,0.0
reactive_power_discr,11.0,17.0,,,,,,4.0,0.0
reactive_power_discr,11.0,17.0,,,,,,5.0,0.0
reactive_power_discr,11.0,17.0,,,,,,6.0,0.0
reactive_power_discr,11.0,17.0,,,,,,7.0,0.0
reactive_power_discr,11.0,17.0,,,,,,8.0,0.0
reactive_power_discr,11.0,17.0,,,,,,9.0,0.0
reactive_power_discr,11.0,17.0,,,,,,10.0,0.0
reactive_power_discr,11.0,17.0,,,,,,11.0,0.0
reactive_power_discr,11.0,17.0,,,,,,12.0,0.0
reactive_power_discr,11.0,17.0,,,,,,13.0,0.0
reactive_power_discr,11.0,17.0,,,,,,14.0,0.0
reactive_power_discr,11.0,17.0,,,,,,15.0,0.0
reactive_power_discr,12.0,3.0,,,,,,1.0,0.0075778699824844125
reactive_power_discr,12.0,3.0,,,,,,2.0,0.013320281329628255
reactive_power_discr,12.0,3.0,,,,,,3.0,0.020437364219496233
reactive_power_discr,12.0,3.0,,,,,,4.0,0.0
reactive_power_discr,12.0,3.0,,,,,,5.0,0.0
reactive_power_discr,12.0,3.0,,,,,,6.0,0.0
reactive_power_discr,12.0,3.0,,,,,,7.0,0.0
reactive_power_discr,12.0,3.0,,,,,,8.0,0.0
reactive_power_discr,12.0,3.0,,,,,,9.0,0.0
reactive_power_discr,12.0,3.0,,,,,,10.0,0.0
reactive_power_discr,12.0,3.0,,,,,,11.0,0.0
reactive_power_discr,12.0,3.0,,,,,,12.0,0.0
reactive_power_discr,12.0,3.0,,,,,,13.0,0.0
reactive_power_discr,12.0,3.0,,,,,,14.0,0.0
reactive_power_discr,12.0,3.0,,,,,,15.0,0.0
reactive_power_discr,12.0,5.0,,,,,,1.0,0.0075778699824844125
reactive_power_discr,12.0,5.0,,,,,,2.0,0.008457383286717633
reactive_power_discr,12.0,5.0,,,,,,3.0,0.0
reactive_power_discr,12.0,5.0,,,,,,4.0,0.0
reactive_power_discr,12.0,5.0,,,,,,5.0,0.0
reactive_power_discr,12.0,5.0,,,,,,6.0,0.0
reactive_power_discr,12.0,5.0,,,,,,7.0,0.0
reactive_power_discr,12.0,5.0,,,,,,8.0,0.0
reactive_power_discr,12.0,5.0,,,,,,9.0,0.0
reactive_power_discr,12.0,5.0,,,,,,10.0,0.0
reactive_power_discr,12.0,5.0,,,,,,11.0,0.0
reactive_power_discr,12.0,5.0,,,,,,12.0,0.0
reactive_power_discr,12.0,5.0,,,,,,13.0,0.0
reactive_power_discr,12.0,5.0,,,,,,14.0,0.0
reactive_power_discr,12.0,5.0,,,,,,15.0,0.0
reactive_power_discr,12.0,6.0,,,,,,1.0,0.0016930115493073402
reactive_power_discr,12.0,6.0,,,,,,2.0,0.0
reactive_power_discr,12.0,6.0,,,,,,3.0,0.0
reactive_power_discr,12.0,6.0,,,,,,4.0,0.0
reactive_power_discr,12.0,6.0,,,,,,5.0,0.0
reactive_power_discr,12.0,6.0,,,,,,6.0,0.0
reactive_power_discr,12.0,6.0,,,,,,7.0,0.0
reactive_power_discr,12.0,6.0,,,,,,8.0,0.0
reactive_power_discr,12.0,6.0,,,,,,9.0,0.0
reactive_power_discr,12.0,6.0,,,,,,10.0,0.0
reactive_power_discr,12.0,6.0,,,,,,11.0,0.0
reactive_power_discr,12.0,6.0,,,,,,12.0,0.0
reactive_power_discr,12.0,6.0,,,,,,13.0,0.0
reactive_power_discr,12.0,6.0,,,,,,14.0,0.0
reactive_power_discr,12.0,6.0,,,,,,15.0,0.0
reactive_power_discr,12.0,8.0,,,,,,1.0,0.0075778699824844125
reactive_power_discr,12.0,8.0,,,,,,2.0,0.003535091562678937
reactive_power_discr,12.0,8.0,,,,,,3.0,0.0
reactive_power_discr,12.0,8.0,,,,,,4.0,0.0
reactive_power_discr,12.0,8.0,,,,,,5.0,0.0
reactive_power_discr,12.0,8.0,,,,,,6.0,0.0
reactive_power_discr,12.0,8.0,,,,,,7.0,0.0
reactive_power_discr,12.0,8.0,,,,,,8.0,0.0
reactive_power_discr,12.0,8.0,,,,,,9.0,0.0
reactive_power_discr,12.0,8.0,,,,,,10.0,0.0
reactive_power_discr,12.0,8.0,,,,,,11.0,0.0
reactive_power_discr,12.0,8.0,,,,,,12.0,0.0
reactive_power_discr,12.0,8.0,,,,,,13.0,0.0
reactive_power_discr,12.0,8.0,,,,,,14.0,0.0
reactive_power_discr,12.0,8.0,,,,,,15.0,0.0
reactive_power_discr,12.0,9.0,,,,,,1.0,0.0075778699824844125
reactive_power_discr,12.0,9.0,,,,,,2.0,0.013320281329628255
reactive_power_discr,12.0,9.0,,,,,,3.0,0.023414217334232015
reactive_power_discr,12.0,9.0,,,,,,4.0,0.005249791347382564
reactive_power_discr,12.0,9.0,,,,,,5.0,0.0
reactive_power_discr,12.0,9.0,,,,,,6.0,0.0
reactive_power_discr,12.0,9.0,,,,,,7.0,0.0
reactive_power_discr,12.0,9.0,,,,,,8.0,0.0
reactive_power_discr,12.0,9.0,,,,,,9.0,0.0
reactive_power_discr,12.0,9.0,,,,,,10.0,0.0
reactive_power_discr,12.0,9.0,,,,,,11.0,0.0
reactive_power_discr,12.0,9.0,,,,,,12.0,0.0
reactive_power_discr,12.0,9.0,,,,,,13.0,0.0
reactive_power_discr,12.0,9.0,,,,,,14.0,0.0
reactive_power_discr,12.0,9.0,,,,,,15.0,0.0
reactive_power_discr,12.0,10.0,,,,,,1.0,0.0075778699824844125
reactive_power_discr,12.0,10.0,,,,,,2.0,0.004264378896777783
reactive_power_discr,12.0,10.0,,,,,,3.0,0.0
reactive_power_discr,12.0,10.0,,,,,,4.0,0.0
reactive_power_discr,12.0,10.0,,,,,,5.0,0.0
reactive_power_discr,12.0,10.0,,,,,,6.0,0.0
reactive_power_discr,12.0,10.0,,,,,,7.0,0.0
reactive_power_discr,12.0,10.0,,,,,,8.0,0.0
reactive_power_discr,12.0,10.0,,,,,,9.0,0.0
reactive_power_discr,12.0,10.0,,,,,,10.0,0.0
reactive_power_discr,12.0,10.0,,,,,,11.0,0.0
reactive_power_discr,12.0,10.0,,,,,,12.0,0.0
reactive_power_discr,12.0,10.0,,,,,,13.0,0.0
reactive_power_discr,12.0,10.0,,,,,,14.0,0.0
reactive_power_discr,12.0,10.0,,,,,,15.0,0.0
reactive_power_discr,12.0,13.0,,,,,,1.0,0.0075778699824844125
reactive_power_discr,12.0,13.0,,,,,,2.0,0.013320281329628255
reactive_power_discr,12.0,13.0,,,,,,3.0,0.020745225523551084
reactive_power_discr,12.0,13.0,,,,,,4.0,0.0
reactive_power_discr,12.0,13.0,,,,,,5.0,0.0
reactive_power_discr,12.0,13.0,,,,,,6.0,0.0
reactive_power_discr,12.0,13.0,,,,,,7.0,0.0
reactive_power_discr,12.0,13.0,,,,,,8.0,0.0
reactive_power_discr,12.0,13.0,,,,,,9.0,0.0
reactive_power_discr,12.0,13.0,,,,,,10.0,0.0
reactive_power_discr,12.0,13.0,,,,,,11.0,0.0
reactive_power_discr,12.0,13.0,,,,,,12.0,0.0
reactive_power_discr,12.0,13.0,,,,,,13.0,0.0
reactive_power_discr,12.0,13.0,,,,,,14.0,0.0
reactive_power_discr,12.0,13.0,,,,,,15.0,0.0
reactive_power_discr,12.0,14.0,,,,,,1.0,0.0075778699824844125
reactive_power_discr,12.0,14.0,,,,,,2.0,0.004952601886455223
reactive_power_discr,12.0,14.0,,,,,,3.0,0.0
reactive_power_discr,12.0,14.0,,,,,,4.0,0.0
reactive_power_discr,12.0,14.0,,,,,,5.0,0.0
reactive_power_discr,12.0,14.0,,,,,,6.0,0.0
reactive_power_discr,12.0,14.0,,,,,,7.0,0.0
reactive_power_discr,12.0,14.0,,,,,,8.0,0.0
reactive_power_discr,12.0,14.0,,,,,,9.0,0.0
reactive_power_discr,12.0,14.0,,,,,,10.0,0.0
reactive_power_discr,12.0,14.0,,,,,,11.0,0.0
reactive_power_discr,12.0,14.0,,,,,,12.0,0.0
reactive_power_discr,12.0,14.0,,,,,,13.0,0.0
reactive_power_discr,12.0,14.0,,,,,,14.0,0.0
reactive_power_discr,12.0,14.0,,,,,,15.0,0.0
reactive_power_discr,12.0,15.0,,,,,,1.0,0.0
reactive_power_discr,12.0,15.0,,,,,,2.0,0.0
reactive_power_discr,12.0,15.0,,,,,,3.0,0.0
reactive_power_discr,12.0,15.0,,,,,,4.0,0.0
reactive_power_discr,12.0,15.0,,,,,,5.0,0.0
reactive_power_discr,12.0,15.0,,,,,,6.0,0.0
reactive_power_discr,12.0,15.0,,,,,,7.0,0.0
reactive_power_discr,12.0,15.0,,,,,,8.0,0.0
reactive_power_discr,12.0,15.0,,,,,,9.0,0.0
reactive_power_discr,12.0,15.0,,,,,,10.0,0.0
reactive_power_discr,12.0,15.0,,,,,,11.0,0.0
reactive_power_discr,12.0,15.0,,,,,,12.0,0.0
reactive_power_discr,12.0,15.0,,,,,,13.0,0.0
reactive_power_discr,12.0,15.0,,,,,,14.0,0.0
reactive_power_discr,12.0,15.0,,,,,,15.0,0.0
reactive_power_discr,12.0,16.0,,,,,,1.0,0.0
reactive_power_discr,12.0,16.0,,,,,,2.0,0.0
reactive_power_discr,12.0,16.0,,,,,,3.0,0.0
reactive_power_discr,12.0,16.0,,,,,,4.0,0.0
reactive_power_discr,12.0,16.0,,,,,,5.0,0.0
reactive_power_discr,12.0,16.0,,,,,,6.0,0.0
reactive_power_discr,12.0,16.0,,,,,,7.0,0.0
reactive_power_discr,12.0,16.0,,,,,,8.0,0.0
reactive_power_discr,12.0,16.0,,,,,,9.0,0.0
reactive_power_discr,12.0,16.0,,,,,,10.0,0.0
reactive_power_discr,12.0,16.0,,,,,,11.0,0.0
reactive_power_discr,12.0,16.0,,,,,,12.0,0.0
reactive_power_discr,12.0,16.0,,,,,,13.0,0.0
reactive_power_discr,12.0,16.0,,,,,,14.0,0.0
reactive_power_discr,12.0,16.0,,,,,,15.0,0.0
reactive_power_discr,12.0,17.0,,,,,,1.0,0.0075778699824844125
reactive_power_discr,12.0,17.0,,,,,,2.0,0.002266494019129397
reactive_power_discr,12.0,17.0,,,,,,3.0,0.0
reactive_power_discr,12.0,17.0,,,,,,4.0,0.0
reactive_power_discr,12.0,17.0,,,,,,5.0,0.0
reactive_power_discr,12.0,17.0,,,,,,6.0,0.0
reactive_power_discr,12.0,17.0,,,,,,7.0,0.0
reactive_power_discr,12.0,17.0,,,,,,8.0,0.0
reactive_power_discr,12.0,17.0,,,,,,9.0,0.0
reactive_power_discr,12.0,17.0,,,,,,10.0,0.0
reactive_power_discr,12.0,17.0,,,,,,11.0,0.0
reactive_power_discr,12.0,17.0,,,,,,12.0,0.0
reactive_power_discr,12.0,17.0,,,,,,13.0,0.0
reactive_power_discr,12.0,17.0,,,,,,14.0,0.0
reactive_power_discr,12.0,17.0,,,,,,15.0,0.0
reactive_power_discr,13.0,3.0,,,,,,1.0,0.0075778699824844125
reactive_power_discr,13.0,3.0,,,,,,2.0,0.013320281329628255
reactive_power_discr,13.0,3.0,,,,,,3.0,0.023414217334232015
reactive_power_discr,13.0,3.0,,,,,,4.0,0.0032976516368718456
reactive_power_discr,13.0,3.0,,,,,,5.0,0.0
reactive_power_discr,13.0,3.0,,,,,,6.0,0.0
reactive_power_discr,13.0,3.0,,,,,,7.0,0.0
reactive_power_discr,13.0,3.0,,,,,,8.0,0.0
reactive_power_discr,13.0,3.0,,,,,,9.0,0.0
reactive_power_discr,13.0,3.0,,,,,,10.0,0.0
reactive_power_discr,13.0,3.0,,,,,,11.0,0.0
reactive_power_discr,13.0,3.0,,,,,,12.0,0.0
reactive_power_discr,13.0,3.0,,,,,,13.0,0.0
reactive_power_discr,13.0,3.0,,,,,,14.0,0.0
reactive_power_discr,13.0,3.0,,,,,,15.0,0.0
reactive_power_discr,13.0,5.0,,,,,,1.0,0.0075778699824844125
reactive_power_discr,13.0,5.0,,,,,,2.0,0.009116025563790204
reactive_power_discr,13.0,5.0,,,,,,3.0,0.0
reactive_power_discr,13.0,5.0,,,,,,4.0,0.0
reactive_power_discr,13.0,5.0,,,,,,5.0,0.0
reactive_power_discr,13.0,5.0,,,,,,6.0,0.0
reactive_power_discr,13.0,5.0,,,,,,7.0,0.0
reactive_power_discr,13.0,5.0,,,,,,8.0,0.0
reactive_power_discr,13.0,5.0,,,,,,9.0,0.0
reactive_power_discr,13.0,5.0,,,,,,10.0,0.0
reactive_power_discr,13.0,5.0,,,,,,11.0,0.0
reactive_power_discr,13.0,5.0,,,,,,12.0,0.0
reactive_power_discr,13.0,5.0,,,,,,13.0,0.0
reactive_power_discr,13.0,5.0,,,,,,14.0,0.0
reactive_power_discr,13.0,5.0,,,,,,15.0,0.0
reactive_power_discr,13.0,6.0,,,,,,1.0,0.0
reactive_power_discr,13.0,6.0,,,,,,2.0,0.0
reactive_power_discr,13.0,6.0,,,,,,3.0,0.0
reactive_power_discr,13.0,6.0,,,,,,4.0,0.0
reactive_power_discr,13.0,6.0,,,,,,5.0,0.0
reactive_power_discr,13.0,6.0,,,,,,6.0,0.0
reactive_power_discr,13.0,6.0,,,,,,7.0,0.0
reactive_power_discr,13.0,6.0,,,,,,8.0,0.0
reactive_power_discr,13.0,6.0,,,,,,9.0,0.0
reactive_power_discr,13.0,6.0,,,,,,10.0,0.0
reactive_power_discr,13.0,6.0,,,,,,11.0,0.0
reactive_power_discr,13.0,6.0,,,,,,12.0,0.0
reactive_power_discr,13.0,6.0,,,,,,13.0,0.0
reactive_power_discr,13.0,6.0,,,,,,14.0,0.0
reactive_power_discr,13.0,6.0,,,,,,15.0,0.0
reactive_power_discr,13.0,8.0,,,,,,1.0,0.0075778699824844125
reactive_power_discr,13.0,8.0,,,,,,2.0,0.006601298535938599
reactive_power_discr,13.0,8.0,,,,,,3.0,0.0
reactive_power_discr,13.0,8.0,,,,,,4.0,0.0
reactive_power_discr,13.0,8.0,,,,,,5.0,0.0
reactive_power_discr,13.0,8.0,,,,,,6.0,0.0
reactive_power_discr,13.0,8.0,,,,,,7.0,0.0
reactive_power_discr,13.0,8.0,,,,,,8.0,0.0
reactive_power_discr,13.0,8.0,,,,,,9.0,0.0
reactive_power_discr,13.0,8.0,,,,,,10.0,0.0
reactive_power_discr,13.0,8.0,,,,,,11.0,0.0
reactive_power_discr,13.0,8.0,,,,,,12.0,0.0
reactive_power_discr,13.0,8.0,,,,,,13.0,0.0
reactive_power_discr,13.0,8.0,,,,,,14.0,0.0
reactive_power_discr,13.0,8.0,,,,,,15.0,0.0
reactive_power_discr,13.0,9.0,,,,,,1.0,0.0075778699824844125
reactive_power_discr,13.0,9.0,,,,,,2.0,0.013320281329628255
reactive_power_discr,13.0,9.0,,,,,,3.0,0.023414217334232015
reactive_power_discr,13.0,9.0,,,,,,4.0,0.015477364330910057
reactive_power_discr,13.0,9.0,,,,,,5.0,0.0
reactive_power_discr,13.0,9.0,,,,,,6.0,0.0
reactive_power_discr,13.0,9.0,,,,,,7.0,0.0
reactive_power_discr,13.0,9.0,,,,,,8.0,0.0
reactive_power_discr,13.0,9.0,,,,,,9.0,0.0
reactive_power_discr,13.0,9.0,,,,,,10.0,0.0
reactive_power_discr,13.0,9.0,,,,,,11.0,0.0
reactive_power_discr,13.0,9.0,,,,,,12.0,0.0
reactive_power_discr,13.0,9.0,,,,,,13.0,0.0
reactive_power_discr,13.0,9.0,,,,,,14.0,0.0
reactive_power_discr,13.0,9.0,,,,,,15.0,0.0
reactive_power_discr,13.0,10.0,,,,,,1.0,0.0075778699824844125
reactive_power_discr,13.0,10.0,,,,,,2.0,0.0052956331735928095
reactive_power_discr,13.0,10.0,,,,,,3.0,0.0
reactive_power_discr,13.0,10.0,,,,,,4.0,0.0
reactive_power_discr,13.0,10.0,,,,,,5.0,0.0
reactive_power_discr,13.0,10.0,,,,,,6.0,0.0
reactive_power_discr,13.0,10.0,,,,,,7.0,0.0
reactive_power_discr,13.0,10.0,,,,,,8.0,0.0
reactive_power_discr,13.0,10.0,,,,,,9.0,0.0
reactive_power_discr,13.0,10.0,,,,,,10.0,0.0
reactive_power_discr,13.0,10.0,,,,,,11.0,0.0
reactive_power_discr,13.0,10.0,,,,,,12.0,0.0
reactive_power_discr,13.0,10.0,,,,,,13.0,0.0
reactive_power_discr,13.0,10.0,,,,,,14.0,0.0
reactive_power_discr,13.0,10.0,,,,,,15.0,0.0
reactive_power_discr,13.0,13.0,,,,,,1.0,0.0075778699824844125
reactive_power_discr,13.0,13.0,,,,,,2.0,0.013320281329628255
reactive_power_discr,13.0,13.0,,,,,,3.0,0.023414217334232015
reactive_power_discr,13.0,13.0,,,,,,4.0,0.0037287608910997606
reactive_power_discr,13.0,13.0,,,,,,5.0,0.0
reactive_power_discr,13.0,13.0,,,,,,6.0,0.0
reactive_power_discr,13.0,13.0,,,,,,7.0,0.0
reactive_power_discr,13.0,13.0,,,,,,8.0,0.0
reactive_power_discr,13.0,13.0,,,,,,9.0,0.0
reactive_power_discr,13.0,13.0,,,,,,10.0,0.0
reactive_power_discr,13.0,13.0,,,,,,11.0,0.0
reactive_power_discr,13.0,13.0,,,,,,12.0,0.0
reactive_power_discr,13.0,13.0,,,,,,13.0,0.0
reactive_power_discr,13.0,13.0,,,,,,14.0,0.0
reactive_power_discr,13.0,13.0,,,,,,15.0,0.0
reactive_power_discr,13.0,14.0,,,,,,1.0,0.0075778699824844125
reactive_power_discr,13.0,14.0,,,,,,2.0,0.0038853746012382454
reactive_power_discr,13.0,14.0,,,,,,3.0,0.0
reactive_power_discr,13.0,14.0,,,,,,4.0,0.0
reactive_power_discr,13.0,14.0,,,,,,5.0,0.0
reactive_power_discr,13.0,14.0,,,,,,6.0,0.0
reactive_power_discr,13.0,14.0,,,,,,7.0,0.0
reactive_power_discr,13.0,14.0,,,,,,8.0,0.0
reactive_power_discr,13.0,14.0,,,,,,9.0,0.0
reactive_power_discr,13.0,14.0,,,,,,10.0,0.0
reactive_power_discr,13.0,14.0,,,,,,11.0,0.0
reactive_power_discr,13.0,14.0,,,,,,12.0,0.0
reactive_power_discr,13.0,14.0,,,,,,13.0,0.0
reactive_power_discr,13.0,14.0,,,,,,14.0,0.0
reactive_power_discr,13.0,14.0,,,,,,15.0,0.0
reactive_power_discr,13.0,15.0,,,,,,1.0,0.0
reactive_power_discr,13.0,15.0,,,,,,2.0,0.0
reactive_power_discr,13.0,15.0,,,,,,3.0,0.0
reactive_power_discr,13.0,15.0,,,,,,4.0,0.0
reactive_power_discr,13.0,15.0,,,,,,5.0,0.0
reactive_power_discr,13.0,15.0,,,,,,6.0,0.0
reactive_power_discr,13.0,15.0,,,,,,7.0,0.0
reactive_power_discr,13.0,15.0,,,,,,8.0,0.0
reactive_power_discr,13.0,15.0,,,,,,9.0,0.0
reactive_power_discr,13.0,15.0,,,,,,10.0,0.0
reactive_power_discr,13.0,15.0,,,,,,11.0,0.0
reactive_power_discr,13.0,15.0,,,,,,12.0,0.0
reactive_power_discr,13.0,15.0,,,,,,13.0,0.0
reactive_power_discr,13.0,15.0,,,,,,14.0,0.0
reactive_power_discr,13.0,15.0,,,,,,15.0,0.0
reactive_power_discr,13.0,16.0,,,,,,1.0,0.0
reactive_power_discr,13.0,16.0,,,,,,2.0,0.0
reactive_power_discr,13.0,16.0,,,,,,3.0,0.0
reactive_power_discr,13.0,16.0,,,,,,4.0,0.0
reactive_power_discr,13.0,16.0,,,,,,5.0,0.0
reactive_power_discr,13.0,16.0,,,,,,6.0,0.0
reactive_power_discr,13.0,16.0,,,,,,7.0,0.0
reactive_power_discr,13.0,16.0,,,,,,8.0,0.0
reactive_power_discr,13.0,16.0,,,,,,9.0,0.0
reactive_power_discr,13.0,16.0,,,,,,10.0,0.0
reactive_power_discr,13.0,16.0,,,,,,11.0,0.0
reactive_power_discr,13.0,16.0,,,,,,12.0,0.0
reactive_power_discr,13.0,16.0,,,,,,13.0,0.0
reactive_power_discr,13.0,16.0,,,,,,14.0,0.0
reactive_power_discr,13.0,16.0,,,,,,15.0,0.0
reactive_power_discr,13.0,17.0,,,,,,1.0,0.0075778699824844125
reactive_power_discr,13.0,17.0,,,,,,2.0,0.009826119599776759
reactive_power_discr,13.0,17.0,,,,,,3.0,0.0
reactive_power_discr,13.0,17.0,,,,,,4.0,0.0
reactive_power_discr,13.0,17.0,,,,,,5.0,0.0
reactive_power_discr,13.0,17.0,,,,,,6.0,0.0
reactive_power_discr,13.0,17.0,,,,,,7.0,0.0
reactive_power_discr,13.0,17.0,,,,,,8.0,0.0
reactive_power_discr,13.0,17.0,,,,,,9.0,0.0
reactive_power_discr,13.0,17.0,,,,,,10.0,0.0
reactive_power_discr,13.0,17.0,,,,,,11.0,0.0
reactive_power_discr,13.0,17.0,,,,,,12.0,0.0
reactive_power_discr,13.0,17.0,,,,,,13.0,0.0
reactive_power_discr,13.0,17.0,,,,,,14.0,0.0
reactive_power_discr,13.0,17.0,,,,,,15.0,0.0
reactive_power_discr,14.0,3.0,,,,,,1.0,0.0075778699824844125
reactive_power_discr,14.0,3.0,,,,,,2.0,0.013320281329628255
reactive_power_discr,14.0,3.0,,,,,,3.0,0.020113768970812754
reactive_power_discr,14.0,3.0,,,,,,4.0,0.0
reactive_power_discr,14.0,3.0,,,,,,5.0,0.0
reactive_power_discr,14.0,3.0,,,,,,6.0,0.0
reactive_power_discr,14.0,3.0,,,,,,7.0,0.0
reactive_power_discr,14.0,3.0,,,,,,8.0,0.0
reactive_power_discr,14.0,3.0,,,,,,9.0,0.0
reactive_power_discr,14.0,3.0,,,,,,10.0,0.0
reactive_power_discr,14.0,3.0,,,,,,11.0,0.0
reactive_power_discr,14.0,3.0,,,,,,12.0,0.0
reactive_power_discr,14.0,3.0,,,,,,13.0,0.0
reactive_power_discr,14.0,3.0,,,,,,14.0,0.0
reactive_power_discr,14.0,3.0,,,,,,15.0,0.0
reactive_power_discr,14.0,5.0,,,,,,1.0,0.0075778699824844125
reactive_power_discr,14.0,5.0,,,,,,2.0,0.007977623316013186
reactive_power_discr,14.0,5.0,,,,,,3.0,0.0
reactive_power_discr,14.0,5.0,,,,,,4.0,0.0
reactive_power_discr,14.0,5.0,,,,,,5.0,0.0
reactive_power_discr,14.0,5.0,,,,,,6.0,0.0
reactive_power_discr,14.0,5.0,,,,,,7.0,0.0
reactive_power_discr,14.0,5.0,,,,,,8.0,0.0
reactive_power_discr,14.0,5.0,,,,,,9.0,0.0
reactive_power_discr,14.0,5.0,,,,,,10.0,0.0
reactive_power_discr,14.0,5.0,,,,,,11.0,0.0
reactive_power_discr,14.0,5.0,,,,,,12.0,0.0
reactive_power_discr,14.0,5.0,,,,,,13.0,0.0
reactive_power_discr,14.0,5.0,,,,,,14.0,0.0
reactive_power_discr,14.0,5.0,,,,,,15.0,0.0
reactive_power_discr,14.0,6.0,,,,,,1.0,0.0003898844146325307
reactive_power_discr,14.0,6.0,,,,,,2.0,0.0
reactive_power_discr,14.0,6.0,,,,,,3.0,0.0
reactive_power_discr,14.0,6.0,,,,,,4.0,0.0
reactive_power_discr,14.0,6.0,,,,,,5.0,0.0
reactive_power_discr,14.0,6.0,,,,,,6.0,0.0
reactive_power_discr,14.0,6.0,,,,,,7.0,0.0
reactive_power_discr,14.0,6.0,,,,,,8.0,0.0
reactive_power_discr,14.0,6.0,,,,,,9.0,0.0
reactive_power_discr,14.0,6.0,,,,,,10.0,0.0
reactive_power_discr,14.0,6.0,,,,,,11.0,0.0
reactive_power_discr,14.0,6.0,,,,,,12.0,0.0
reactive_power_discr,14.0,6.0,,,,,,13.0,0.0
reactive_power_discr,14.0,6.0,,,,,,14.0,0.0
reactive_power_discr,14.0,6.0,,,,,,15.0,0.0
reactive_power_discr,14.0,8.0,,,,,,1.0,0.0075778699824844125
reactive_power_discr,14.0,8.0,,,,,,2.0,0.003967227719797741
reactive_power_discr,14.0,8.0,,,,,,3.0,0.0
reactive_power_discr,14.0,8.0,,,,,,4.0,0.0
reactive_power_discr,14.0,8.0,,,,,,5.0,0.0
reactive_power_discr,14.0,8.0,,,,,,6.0,0.0
reactive_power_discr,14.0,8.0,,,,,,7.0,0.0
reactive_power_discr,14.0,8.0,,,,,,8.0,0.0
reactive_power_discr,14.0,8.0,,,,,,9.0,0.0
reactive_power_discr,14.0,8.0,,,,,,10.0,0.0
reactive_power_discr,14.0,8.0,,,,,,11.0,0.0
reactive_power_discr,14.0,8.0,,,,,,12.0,0.0
reactive_power_discr,14.0,8.0,,,,,,13.0,0.0
reactive_power_discr,14.0,8.0,,,,,,14.0,0.0
reactive_power_discr,14.0,8.0,,,,,,15.0,0.0
reactive_power_discr,14.0,9.0,,,,,,1.0,0.0075778699824844125
reactive_power_discr,14.0,9.0,,,,,,2.0,0.013320281329628255
reactive_power_discr,14.0,9.0,,,,,,3.0,0.023414217334232015
reactive_power_discr,14.0,9.0,,,,,,4.0,0.008889112250347615
reactive_power_discr,14.0,9.0,,,,,,5.0,0.0
reactive_power_discr,14.0,9.0,,,,,,6.0,0.0
reactive_power_discr,14.0,9.0,,,,,,7.0,0.0
reactive_power_discr,14.0,9.0,,,,,,8.0,0.0
reactive_power_discr,14.0,9.0,,,,,,9.0,0.0
reactive_power_discr,14.0,9.0,,,,,,10.0,0.0
reactive_power_discr,14.0,9.0,,,,,,11.0,0.0
reactive_power_discr,14.0,9.0,,,,,,12.0,0.0
reactive_power_discr,14.0,9.0,,,,,,13.0,0.0
reactive_power_discr,14.0,9.0,,,,,,14.0,0.0
reactive_power_discr,14.0,9.0,,,,,,15.0,0.0
reactive_power_discr,14.0,10.0,,,,,,1.0,0.0075778699824844125
reactive_power_discr,14.0,10.0,,,,,,2.0,0.004832247055707641
reactive_power_discr,14.0,10.0,,,,,,3.0,0.0
reactive_power_discr,14.0,10.0,,,,,,4.0,0.0
reactive_power_discr,14.0,10.0,,,,,,5.0,0.0
reactive_power_discr,14.0,10.0,,,,,,6.0,0.0
reactive_power_discr,14.0,10.0,,,,,,7.0,0.0
reactive_power_discr,14.0,10.0,,,,,,8.0,0.0
reactive_power_discr,14.0,10.0,,,,,,9.0,0.0
reactive_power_discr,14.0,10.0,,,,,,10.0,0.0
reactive_power_discr,14.0,10.0,,,,,,11.0,0.0
reactive_power_discr,14.0,10.0,,,,,,12.0,0.0
reactive_power_discr,14.0,10.0,,,,,,13.0,0.0
reactive_power_discr,14.0,10.0,,,,,,14.0,0.0
reactive_power_discr,14.0,10.0,,,,,,15.0,0.0
reactive_power_discr,14.0,13.0,,,,,,1.0,0.0075778699824844125
reactive_power_discr,14.0,13.0,,,,,,2.0,0.013320281329628255
reactive_power_discr,14.0,13.0,,,,,,3.0,0.020524709673577415
reactive_power_discr,14.0,13.0,,,,,,4.0,0.0
reactive_power_discr,14.0,13.0,,,,,,5.0,0.0
reactive_power_discr,14.0,13.0,,,,,,6.0,0.0
reactive_power_discr,14.0,13.0,,,,,,7.0,0.0
reactive_power_discr,14.0,13.0,,,,,,8.0,0.0
reactive_power_discr,14.0,13.0,,,,,,9.0,0.0
reactive_power_discr,14.0,13.0,,,,,,10.0,0.0
reactive_power_discr,14.0,13.0,,,,,,11.0,0.0
reactive_power_discr,14.0,13.0,,,,,,12.0,0.0
reactive_power_discr,14.0,13.0,,,,,,13.0,0.0
reactive_power_discr,14.0,13.0,,,,,,14.0,0.0
reactive_power_discr,14.0,13.0,,,,,,15.0,0.0
reactive_power_discr,14.0,14.0,,,,,,1.0,0.0075778699824844125
reactive_power_discr,14.0,14.0,,,,,,2.0,0.003637951953724244
reactive_power_discr,14.0,14.0,,,,,,3.0,0.0
reactive_power_discr,14.0,14.0,,,,,,4.0,0.0
reactive_power_discr,14.0,14.0,,,,,,5.0,0.0
reactive_power_discr,14.0,14.0,,,,,,6.0,0.0
reactive_power_discr,14.0,14.0,,,,,,7.0,0.0
reactive_power_discr,14.0,14.0,,,,,,8.0,0.0
reactive_power_discr,14.0,14.0,,,,,,9.0,0.0
reactive_power_discr,14.0,14.0,,,,,,10.0,0.0
reactive_power_discr,14.0,14.0,,,,,,11.0,0.0
reactive_power_discr,14.0,14.0,,,,,,12.0,0.0
reactive_power_discr,14.0,14.0,,,,,,13.0,0.0
reactive_power_discr,14.0,14.0,,,,,,14.0,0.0
reactive_power_discr,14.0,14.0,,,,,,15.0,0.0
reactive_power_discr,14.0,15.0,,,,,,1.0,0.0
reactive_power_discr,14.0,15.0,,,,,,2.0,0.0
reactive_power_discr,14.0,15.0,,,,,,3.0,0.0
reactive_power_discr,14.0,15.0,,,,,,4.0,0.0
reactive_power_discr,14.0,15.0,,,,,,5.0,0.0
reactive_power_discr,14.0,15.0,,,,,,6.0,0.0
reactive_power_discr,14.0,15.0,,,,,,7.0,0.0
reactive_power_discr,14.0,15.0,,,,,,8.0,0.0
reactive_power_discr,14.0,15.0,,,,,,9.0,0.0
reactive_power_discr,14.0,15.0,,,,,,10.0,0.0
reactive_power_discr,14.0,15.0,,,,,,11.0,0.0
reactive_power_discr,14.0,15.0,,,,,,12.0,0.0
reactive_power_discr,14.0,15.0,,,,,,13.0,0.0
reactive_power_discr,14.0,15.0,,,,,,14.0,0.0
reactive_power_discr,14.0,15.0,,,,,,15.0,0.0
reactive_power_discr,14.0,16.0,,,,,,1.0,0.0
reactive_power_discr,14.0,16.0,,,,,,2.0,0.0
reactive_power_discr,14.0,16.0,,,,,,3.0,0.0
reactive_power_discr,14.0,16.0,,,,,,4.0,0.0
reactive_power_discr,14.0,16.0,,,,,,5.0,0.0
reactive_power_discr,14.0,16.0,,,,,,6.0,0.0
reactive_power_discr,14.0,16.0,,,,,,7.0,0.0
reactive_power_discr,14.0,16.0,,,,,,8.0,0.0
reactive_power_discr,14.0,16.0,,,,,,9.0,0.0
reactive_power_discr,14.0,16.0,,,,,,10.0,0.0
reactive_power_discr,14.0,16.0,,,,,,11.0,0.0
reactive_power_discr,14.0,16.0,,,,,,12.0,0.0
reactive_power_discr,14.0,16.0,,,,,,13.0,0.0
reactive_power_discr,14.0,16.0,,,,,,14.0,0.0
reactive_power_discr,14.0,16.0,,,,,,15.0,0.0
reactive_power_discr,14.0,17.0,,,,,,1.0,0.0075778699824844125
reactive_power_discr,14.0,17.0,,,,,,2.0,0.007259423185763135
reactive_power_discr,14.0,17.0,,,,,,3.0,0.0
reactive_power_discr,14.0,17.0,,,,,,4.0,0.0
reactive_power_discr,14.0,17.0,,,,,,5.0,0.0
reactive_power_discr,14.0,17.0,,,,,,6.0,0.0
reactive_power_discr,14.0,17.0,,,,,,7.0,0.0
reactive_power_discr,14.0,17.0,,,,,,8.0,0.0
reactive_power_discr,14.0,17.0,,,,,,9.0,0.0
reactive_power_discr,14.0,17.0,,,,,,10.0,0.0
reactive_power_discr,14.0,17.0,,,,,,11.0,0.0
reactive_power_discr,14.0,17.0,,,,,,12.0,0.0
reactive_power_discr,14.0,17.0,,,,,,13.0,0.0
reactive_power_discr,14.0,17.0,,,,,,14.0,0.0
reactive_power_discr,14.0,17.0,,,,,,15.0,0.0
reactive_power_discr,15.0,3.0,,,,,,1.0,0.0075778699824844125
reactive_power_discr,15.0,3.0,,,,,,2.0,0.013320281329628255
reactive_power_discr,15.0,3.0,,,,,,3.0,0.01779376642126021
reactive_power_discr,15.0,3.0,,,,,,4.0,0.0
reactive_power_discr,15.0,3.0,,,,,,5.0,0.0
reactive_power_discr,15.0,3.0,,,,,,6.0,0.0
reactive_power_discr,15.0,3.0,,,,,,7.0,0.0
reactive_power_discr,15.0,3.0,,,,,,8.0,0.0
reactive_power_discr,15.0,3.0,,,,,,9.0,0.0
reactive_power_discr,15.0,3.0,,,,,,10.0,0.0
reactive_power_discr,15.0,3.0,,,,,,11.0,0.0
reactive_power_discr,15.0,3.0,,,,,,12.0,0.0
reactive_power_discr,15.0,3.0,,,,,,13.0,0.0
reactive_power_discr,15.0,3.0,,,,,,14.0,0.0
reactive_power_discr,15.0,3.0,,,,,,15.0,0.0
reactive_power_discr,15.0,5.0,,,,,,1.0,0.0075778699824844125
reactive_power_discr,15.0,5.0,,,,,,2.0,0.0074662664589897985
reactive_power_discr,15.0,5.0,,,,,,3.0,0.0
reactive_power_discr,15.0,5.0,,,,,,4.0,0.0
reactive_power_discr,15.0,5.0,,,,,,5.0,0.0
reactive_power_discr,15.0,5.0,,,,,,6.0,0.0
reactive_power_discr,15.0,5.0,,,,,,7.0,0.0
reactive_power_discr,15.0,5.0,,,,,,8.0,0.0
reactive_power_discr,15.0,5.0,,,,,,9.0,0.0
reactive_power_discr,15.0,5.0,,,,,,10.0,0.0
reactive_power_discr,15.0,5.0,,,,,,11.0,0.0
reactive_power_discr,15.0,5.0,,,,,,12.0,0.0
reactive_power_discr,15.0,5.0,,,,,,13.0,0.0
reactive_power_discr,15.0,5.0,,,,,,14.0,0.0
reactive_power_discr,15.0,5.0,,,,,,15.0,0.0
reactive_power_discr,15.0,6.0,,,,,,1.0,0.00023480276161897518
reactive_power_discr,15.0,6.0,,,,,,2.0,0.0
reactive_power_discr,15.0,6.0,,,,,,3.0,0.0
reactive_power_discr,15.0,6.0,,,,,,4.0,0.0
reactive_power_discr,15.0,6.0,,,,,,5.0,0.0
reactive_power_discr,15.0,6.0,,,,,,6.0,0.0
reactive_power_discr,15.0,6.0,,,,,,7.0,0.0
reactive_power_discr,15.0,6.0,,,,,,8.0,0.0
reactive_power_discr,15.0,6.0,,,,,,9.0,0.0
reactive_power_discr,15.0,6.0,,,,,,10.0,0.0
reactive_power_discr,15.0,6.0,,,,,,11.0,0.0
reactive_power_discr,15.0,6.0,,,,,,12.0,0.0
reactive_power_discr,15.0,6.0,,,,,,13.0,0.0
reactive_power_discr,15.0,6.0,,,,,,14.0,0.0
reactive_power_discr,15.0,6.0,,,,,,15.0,0.0
reactive_power_discr,15.0,8.0,,,,,,1.0,0.0075778699824844125
reactive_power_discr,15.0,8.0,,,,,,2.0,0.0035177777647540324
reactive_power_discr,15.0,8.0,,,,,,3.0,0.0
reactive_power_discr,15.0,8.0,,,,,,4.0,0.0
reactive_power_discr,15.0,8.0,,,,,,5.0,0.0
reactive_power_discr,15.0,8.0,,,,,,6.0,0.0
reactive_power_discr,15.0,8.0,,,,,,7.0,0.0
reactive_power_discr,15.0,8.0,,,,,,8.0,0.0
reactive_power_discr,15.0,8.0,,,,,,9.0,0.0
reactive_power_discr,15.0,8.0,,,,,,10.0,0.0
reactive_power_discr,15.0,8.0,,,,,,11.0,0.0
reactive_power_discr,15.0,8.0,,,,,,12.0,0.0
reactive_power_discr,15.0,8.0,,,,,,13.0,0.0
reactive_power_discr,15.0,8.0,,,,,,14.0,0.0
reactive_power_discr,15.0,8.0,,,,,,15.0,0.0
reactive_power_discr,15.0,9.0,,,,,,1.0,0.0075778699824844125
reactive_power_discr,15.0,9.0,,,,,,2.0,0.013320281329628255
reactive_power_discr,15.0,9.0,,,,,,3.0,0.023414217334232015
reactive_power_discr,15.0,9.0,,,,,,4.0,0.006611689168900078
reactive_power_discr,15.0,9.0,,,,,,5.0,0.0
reactive_power_discr,15.0,9.0,,,,,,6.0,0.0
reactive_power_discr,15.0,9.0,,,,,,7.0,0.0
reactive_power_discr,15.0,9.0,,,,,,8.0,0.0
reactive_power_discr,15.0,9.0,,,,,,9.0,0.0
reactive_power_discr,15.0,9.0,,,,,,10.0,0.0
reactive_power_discr,15.0,9.0,,,,,,11.0,0.0
reactive_power_discr,15.0,9.0,,,,,,12.0,0.0
reactive_power_discr,15.0,9.0,,,,,,13.0,0.0
reactive_power_discr,15.0,9.0,,,,,,14.0,0.0
reactive_power_discr,15.0,9.0,,,,,,15.0,0.0
reactive_power_discr,15.0,10.0,,,,,,1.0,0.0075778699824844125
reactive_power_discr,15.0,10.0,,,,,,2.0,0.004886187831868852
reactive_power_discr,15.0,10.0,,,,,,3.0,0.0
reactive_power_discr,15.0,10.0,,,,,,4.0,0.0
reactive_power_discr,15.0,10.0,,,,,,5.0,0.0
reactive_power_discr,15.0,10.0,,,,,,6.0,0.0
reactive_power_discr,15.0,10.0,,,,,,7.0,0.0
reactive_power_discr,15.0,10.0,,,,,,8.0,0.0
reactive_power_discr,15.0,10.0,,,,,,9.0,0.0
reactive_power_discr,15.0,10.0,,,,,,10.0,0.0
reactive_power_discr,15.0,10.0,,,,,,11.0,0.0
reactive_power_discr,15.0,10.0,,,,,,12.0,0.0
reactive_power_discr,15.0,10.0,,,,,,13.0,0.0
reactive_power_discr,15.0,10.0,,,,,,14.0,0.0
reactive_power_discr,15.0,10.0,,,,,,15.0,0.0
reactive_power_discr,15.0,13.0,,,,,,1.0,0.0075778699824844125
reactive_power_discr,15.0,13.0,,,,,,2.0,0.013320281329628255
reactive_power_discr,15.0,13.0,,,,,,3.0,0.01821386422639137
reactive_power_discr,15.0,13.0,,,,,,4.0,0.0
reactive_power_discr,15.0,13.0,,,,,,5.0,0.0
reactive_power_discr,15.0,13.0,,,,,,6.0,0.0
reactive_power_discr,15.0,13.0,,,,,,7.0,0.0
reactive_power_discr,15.0,13.0,,,,,,8.0,0.0
reactive_power_discr,15.0,13.0,,,,,,9.0,0.0
reactive_power_discr,15.0,13.0,,,,,,10.0,0.0
reactive_power_discr,15.0,13.0,,,,,,11.0,0.0
reactive_power_discr,15.0,13.0,,,,,,12.0,0.0
reactive_power_discr,15.0,13.0,,,,,,13.0,0.0
reactive_power_discr,15.0,13.0,,,,,,14.0,0.0
reactive_power_discr,15.0,13.0,,,,,,15.0,0.0
reactive_power_discr,15.0,14.0,,,,,,1.0,0.0075778699824844125
reactive_power_discr,15.0,14.0,,,,,,2.0,0.003264101858355321
reactive_power_discr,15.0,14.0,,,,,,3.0,0.0
reactive_power_discr,15.0,14.0,,,,,,4.0,0.0
reactive_power_discr,15.0,14.0,,,,,,5.0,0.0
reactive_power_discr,15.0,14.0,,,,,,6.0,0.0
reactive_power_discr,15.0,14.0,,,,,,7.0,0.0
reactive_power_discr,15.0,14.0,,,,,,8.0,0.0
reactive_power_discr,15.0,14.0,,,,,,9.0,0.0
reactive_power_discr,15.0,14.0,,,,,,10.0,0.0
reactive_power_discr,15.0,14.0,,,,,,11.0,0.0
reactive_power_discr,15.0,14.0,,,,,,12.0,0.0
reactive_power_discr,15.0,14.0,,,,,,13.0,0.0
reactive_power_discr,15.0,14.0,,,,,,14.0,0.0
reactive_power_discr,15.0,14.0,,,,,,15.0,0.0
reactive_power_discr,15.0,15.0,,,,,,1.0,0.0
reactive_power_discr,15.0,15.0,,,,,,2.0,0.0
reactive_power_discr,15.0,15.0,,,,,,3.0,0.0
reactive_power_discr,15.0,15.0,,,,,,4.0,0.0
reactive_power_discr,15.0,15.0,,,,,,5.0,0.0
reactive_power_discr,15.0,15.0,,,,,,6.0,0.0
reactive_power_discr,15.0,15.0,,,,,,7.0,0.0
reactive_power_discr,15.0,15.0,,,,,,8.0,0.0
reactive_power_discr,15.0,15.0,,,,,,9.0,0.0
reactive_power_discr,15.0,15.0,,,,,,10.0,0.0
reactive_power_discr,15.0,15.0,,,,,,11.0,0.0
reactive_power_discr,15.0,15.0,,,,,,12.0,0.0
reactive_power_discr,15.0,15.0,,,,,,13.0,0.0
reactive_power_discr,15.0,15.0,,,,,,14.0,0.0
reactive_power_discr,15.0,15.0,,,,,,15.0,0.0
reactive_power_discr,15.0,16.0,,,,,,1.0,0.0
reactive_power_discr,15.0,16.0,,,,,,2.0,0.0
reactive_power_discr,15.0,16.0,,,,,,3.0,0.0
reactive_power_discr,15.0,16.0,,,,,,4.0,0.0
reactive_power_discr,15.0,16.0,,,,,,5.0,0.0
reactive_power_discr,15.0,16.0,,,,,,6.0,0.0
reactive_power_discr,15.0,16.0,,,,,,7.0,0.0
reactive_power_discr,15.0,16.0,,,,,,8.0,0.0
reactive_power_discr,15.0,16.0,,,,,,9.0,0.0
reactive_power_discr,15.0,16.0,,,,,,10.0,0.0
reactive_power_discr,15.0,16.0,,,,,,11.0,0.0
reactive_power_discr,15.0,16.0,,,,,,12.0,0.0
reactive_power_discr,15.0,16.0,,,,,,13.0,0.0
reactive_power_discr,15.0,16.0,,,,,,14.0,0.0
reactive_power_discr,15.0,16.0,,,,,,15.0,0.0
reactive_power_discr,15.0,17.0,,,,,,1.0,0.0075778699824844125
reactive_power_discr,15.0,17.0,,,,,,2.0,0.006315973270643833
reactive_power_discr,15.0,17.0,,,,,,3.0,0.0
reactive_power_discr,15.0,17.0,,,,,,4.0,0.0
reactive_power_discr,15.0,17.0,,,,,,5.0,0.0
reactive_power_discr,15.0,17.0,,,,,,6.0,0.0
reactive_power_discr,15.0,17.0,,,,,,7.0,0.0
reactive_power_discr,15.0,17.0,,,,,,8.0,0.0
reactive_power_discr,15.0,17.0,,,,,,9.0,0.0
reactive_power_discr,15.0,17.0,,,,,,10.0,0.0
reactive_power_discr,15.0,17.0,,,,,,11.0,0.0
reactive_power_discr,15.0,17.0,,,,,,12.0,0.0
reactive_power_discr,15.0,17.0,,,,,,13.0,0.0
reactive_power_discr,15.0,17.0,,,,,,14.0,0.0
reactive_power_discr,15.0,17.0,,,,,,15.0,0.0
reactive_power_discr,16.0,3.0,,,,,,1.0,0.0075778699824844125
reactive_power_discr,16.0,3.0,,,,,,2.0,0.013320281329628255
reactive_power_discr,16.0,3.0,,,,,,3.0,0.01915808839534254
reactive_power_discr,16.0,3.0,,,,,,4.0,0.0
reactive_power_discr,16.0,3.0,,,,,,5.0,0.0
reactive_power_discr,16.0,3.0,,,,,,6.0,0.0
reactive_power_discr,16.0,3.0,,,,,,7.0,0.0
reactive_power_discr,16.0,3.0,,,,,,8.0,0.0
reactive_power_discr,16.0,3.0,,,,,,9.0,0.0
reactive_power_discr,16.0,3.0,,,,,,10.0,0.0
reactive_power_discr,16.0,3.0,,,,,,11.0,0.0
reactive_power_discr,16.0,3.0,,,,,,12.0,0.0
reactive_power_discr,16.0,3.0,,,,,,13.0,0.0
reactive_power_discr,16.0,3.0,,,,,,14.0,0.0
reactive_power_discr,16.0,3.0,,,,,,15.0,0.0
reactive_power_discr,16.0,5.0,,,,,,1.0,0.0075778699824844125
reactive_power_discr,16.0,5.0,,,,,,2.0,0.007340771009018527
reactive_power_discr,16.0,5.0,,,,,,3.0,0.0
reactive_power_discr,16.0,5.0,,,,,,4.0,0.0
reactive_power_discr,16.0,5.0,,,,,,5.0,0.0
reactive_power_discr,16.0,5.0,,,,,,6.0,0.0
reactive_power_discr,16.0,5.0,,,,,,7.0,0.0
reactive_power_discr,16.0,5.0,,,,,,8.0,0.0
reactive_power_discr,16.0,5.0,,,,,,9.0,0.0
reactive_power_discr,16.0,5.0,,,,,,10.0,0.0
reactive_power_discr,16.0,5.0,,,,,,11.0,0.0
reactive_power_discr,16.0,5.0,,,,,,12.0,0.0
reactive_power_discr,16.0,5.0,,,,,,13.0,0.0
reactive_power_discr,16.0,5.0,,,,,,14.0,0.0
reactive_power_discr,16.0,5.0,,,,,,15.0,0.0
reactive_power_discr,16.0,6.0,,,,,,1.0,0.0
reactive_power_discr,16.0,6.0,,,,,,2.0,0.0
reactive_power_discr,16.0,6.0,,,,,,3.0,0.0
reactive_power_discr,16.0,6.0,,,,,,4.0,0.0
reactive_power_discr,16.0,6.0,,,,,,5.0,0.0
reactive_power_discr,16.0,6.0,,,,,,6.0,0.0
reactive_power_discr,16.0,6.0,,,,,,7.0,0.0
reactive_power_discr,16.0,6.0,,,,,,8.0,0.0
reactive_power_discr,16.0,6.0,,,,,,9.0,0.0
reactive_power_discr,16.0,6.0,,,,,,10.0,0.0
reactive_power_discr,16.0,6.0,,,,,,11.0,0.0
reactive_power_discr,16.0,6.0,,,,,,12.0,0.0
reactive_power_discr,16.0,6.0,,,,,,13.0,0.0
reactive_power_discr,16.0,6.0,,,,,,14.0,0.0
reactive_power_discr,16.0,6.0,,,,,,15.0,0.0
reactive_power_discr,16.0,8.0,,,,,,1.0,0.0075778699824844125
reactive_power_discr,16.0,8.0,,,,,,2.0,0.00512311084066123
reactive_power_discr,16.0,8.0,,,,,,3.0,0.0
reactive_power_discr,16.0,8.0,,,,,,4.0,0.0
reactive_power_discr,16.0,8.0,,,,,,5.0,0.0
reactive_power_discr,16.0,8.0,,,,,,6.0,0.0
reactive_power_discr,16.0,8.0,,,,,,7.0,0.0
reactive_power_discr,16.0,8.0,,,,,,8.0,0.0
reactive_power_discr,16.0,8.0,,,,,,9.0,0.0
reactive_power_discr,16.0,8.0,,,,,,10.0,0.0
reactive_power_discr,16.0,8.0,,,,,,11.0,0.0
reactive_power_discr,16.0,8.0,,,,,,12.0,0.0
reactive_power_discr,16.0,8.0,,,,,,13.0,0.0
reactive_power_discr,16.0,8.0,,,,,,14.0,0.0
reactive_power_discr,16.0,8.0,,,,,,15.0,0.0
reactive_power_discr,16.0,9.0,,,,,,1.0,0.0075778699824844125
reactive_power_discr,16.0,9.0,,,,,,2.0,0.013320281329628255
reactive_power_discr,16.0,9.0,,,,,,3.0,0.023414217334232015
reactive_power_discr,16.0,9.0,,,,,,4.0,0.009700988617886826
reactive_power_discr,16.0,9.0,,,,,,5.0,0.0
reactive_power_discr,16.0,9.0,,,,,,6.0,0.0
reactive_power_discr,16.0,9.0,,,,,,7.0,0.0
reactive_power_discr,16.0,9.0,,,,,,8.0,0.0
reactive_power_discr,16.0,9.0,,,,,,9.0,0.0
reactive_power_discr,16.0,9.0,,,,,,10.0,0.0
reactive_power_discr,16.0,9.0,,,,,,11.0,0.0
reactive_power_discr,16.0,9.0,,,,,,12.0,0.0
reactive_power_discr,16.0,9.0,,,,,,13.0,0.0
reactive_power_discr,16.0,9.0,,,,,,14.0,0.0
reactive_power_discr,16.0,9.0,,,,,,15.0,0.0
reactive_power_discr,16.0,10.0,,,,,,1.0,0.0075778699824844125
reactive_power_discr,16.0,10.0,,,,,,2.0,0.004544507099689897
reactive_power_discr,16.0,10.0,,,,,,3.0,0.0
reactive_power_discr,16.0,10.0,,,,,,4.0,0.0
reactive_power_discr,16.0,10.0,,,,,,5.0,0.0
reactive_power_discr,16.0,10.0,,,,,,6.0,0.0
reactive_power_discr,16.0,10.0,,,,,,7.0,0.0
reactive_power_discr,16.0,10.0,,,,,,8.0,0.0
reactive_power_discr,16.0,10.0,,,,,,9.0,0.0
reactive_power_discr,16.0,10.0,,,,,,10.0,0.0
reactive_power_discr,16.0,10.0,,,,,,11.0,0.0
reactive_power_discr,16.0,10.0,,,,,,12.0,0.0
reactive_power_discr,16.0,10.0,,,,,,13.0,0.0
reactive_power_discr,16.0,10.0,,,,,,14.0,0.0
reactive_power_discr,16.0,10.0,,,,,,15.0,0.0
reactive_power_discr,16.0,13.0,,,,,,1.0,0.0075778699824844125
reactive_power_discr,16.0,13.0,,,,,,2.0,0.013320281329628255
reactive_power_discr,16.0,13.0,,,,,,3.0,0.019624989472891874
reactive_power_discr,16.0,13.0,,,,,,4.0,0.0
reactive_power_discr,16.0,13.0,,,,,,5.0,0.0
reactive_power_discr,16.0,13.0,,,,,,6.0,0.0
reactive_power_discr,16.0,13.0,,,,,,7.0,0.0
reactive_power_discr,16.0,13.0,,,,,,8.0,0.0
reactive_power_discr,16.0,13.0,,,,,,9.0,0.0
reactive_power_discr,16.0,13.0,,,,,,10.0,0.0
reactive_power_discr,16.0,13.0,,,,,,11.0,0.0
reactive_power_discr,16.0,13.0,,,,,,12.0,0.0
reactive_power_discr,16.0,13.0,,,,,,13.0,0.0
reactive_power_discr,16.0,13.0,,,,,,14.0,0.0
reactive_power_discr,16.0,13.0,,,,,,15.0,0.0
reactive_power_discr,16.0,14.0,,,,,,1.0,0.0075778699824844125
reactive_power_discr,16.0,14.0,,,,,,2.0,0.0031376928871297022
reactive_power_discr,16.0,14.0,,,,,,3.0,0.0
reactive_power_discr,16.0,14.0,,,,,,4.0,0.0
reactive_power_discr,16.0,14.0,,,,,,5.0,0.0
reactive_power_discr,16.0,14.0,,,,,,6.0,0.0
reactive_power_discr,16.0,14.0,,,,,,7.0,0.0
reactive_power_discr,16.0,14.0,,,,,,8.0,0.0
reactive_power_discr,16.0,14.0,,,,,,9.0,0.0
reactive_power_discr,16.0,14.0,,,,,,10.0,0.0
reactive_power_discr,16.0,14.0,,,,,,11.0,0.0
reactive_power_discr,16.0,14.0,,,,,,12.0,0.0
reactive_power_discr,16.0,14.0,,,,,,13.0,0.0
reactive_power_discr,16.0,14.0,,,,,,14.0,0.0
reactive_power_discr,16.0,14.0,,,,,,15.0,0.0
reactive_power_discr,16.0,15.0,,,,,,1.0,0.0
reactive_power_discr,16.0,15.0,,,,,,2.0,0.0
reactive_power_discr,16.0,15.0,,,,,,3.0,0.0
reactive_power_discr,16.0,15.0,,,,,,4.0,0.0
reactive_power_discr,16.0,15.0,,,,,,5.0,0.0
reactive_power_discr,16.0,15.0,,,,,,6.0,0.0
reactive_power_discr,16.0,15.0,,,,,,7.0,0.0
reactive_power_discr,16.0,15.0,,,,,,8.0,0.0
reactive_power_discr,16.0,15.0,,,,,,9.0,0.0
reactive_power_discr,16.0,15.0,,,,,,10.0,0.0
reactive_power_discr,16.0,15.0,,,,,,11.0,0.0
reactive_power_discr,16.0,15.0,,,,,,12.0,0.0
reactive_power_discr,16.0,15.0,,,,,,13.0,0.0
reactive_power_discr,16.0,15.0,,,,,,14.0,0.0
reactive_power_discr,16.0,15.0,,,,,,15.0,0.0
reactive_power_discr,16.0,16.0,,,,,,1.0,0.0
reactive_power_discr,16.0,16.0,,,,,,2.0,0.0
reactive_power_discr,16.0,16.0,,,,,,3.0,0.0
reactive_power_discr,16.0,16.0,,,,,,4.0,0.0
reactive_power_discr,16.0,16.0,,,,,,5.0,0.0
reactive_power_discr,16.0,16.0,,,,,,6.0,0.0
reactive_power_discr,16.0,16.0,,,,,,7.0,0.0
reactive_power_discr,16.0,16.0,,,,,,8.0,0.0
reactive_power_discr,16.0,16.0,,,,,,9.0,0.0
reactive_power_discr,16.0,16.0,,,,,,10.0,0.0
reactive_power_discr,16.0,16.0,,,,,,11.0,0.0
reactive_power_discr,16.0,16.0,,,,,,12.0,0.0
reactive_power_discr,16.0,16.0,,,,,,13.0,0.0
reactive_power_discr,16.0,16.0,,,,,,14.0,0.0
reactive_power_discr,16.0,16.0,,,,,,15.0,0.0
reactive_power_discr,16.0,17.0,,,,,,1.0,0.0075778699824844125
reactive_power_discr,16.0,17.0,,,,,,2.0,0.00804812265475068
reactive_power_discr,16.0,17.0,,,,,,3.0,0.0
reactive_power_discr,16.0,17.0,,,,,,4.0,0.0
reactive_power_discr,16.0,17.0,,,,,,5.0,0.0
reactive_power_discr,16.0,17.0,,,,,,6.0,0.0
reactive_power_discr,16.0,17.0,,,,,,7.0,0.0
reactive_power_discr,16.0,17.0,,,,,,8.0,0.0
reactive_power_discr,16.0,17.0,,,,,,9.0,0.0
reactive_power_discr,16.0,17.0,,,,,,10.0,0.0
reactive_power_discr,16.0,17.0,,,,,,11.0,0.0
reactive_power_discr,16.0,17.0,,,,,,12.0,0.0
reactive_power_discr,16.0,17.0,,,,,,13.0,0.0
reactive_power_discr,16.0,17.0,,,,,,14.0,0.0
reactive_power_discr,16.0,17.0,,,,,,15.0,0.0
reactive_power_discr,17.0,3.0,,,,,,1.0,0.00021084495882748376
reactive_power_discr,17.0,3.0,,,,,,2.0,0.0
reactive_power_discr,17.0,3.0,,,,,,3.0,0.0
reactive_power_discr,17.0,3.0,,,,,,4.0,0.0
reactive_power_discr,17.0,3.0,,,,,,5.0,0.0
reactive_power_discr,17.0,3.0,,,,,,6.0,0.0
reactive_power_discr,17.0,3.0,,,,,,7.0,0.0
reactive_power_discr,17.0,3.0,,,,,,8.0,0.0
reactive_power_discr,17.0,3.0,,,,,,9.0,0.0
reactive_power_discr,17.0,3.0,,,,,,10.0,0.0
reactive_power_discr,17.0,3.0,,,,,,11.0,0.0
reactive_power_discr,17.0,3.0,,,,,,12.0,0.0
reactive_power_discr,17.0,3.0,,,,,,13.0,0.0
reactive_power_discr,17.0,3.0,,,,,,14.0,0.0
reactive_power_discr,17.0,3.0,,,,,,15.0,0.0
reactive_power_discr,17.0,5.0,,,,,,1.0,0.00264001237029092
reactive_power_discr,17.0,5.0,,,,,,2.0,0.0
reactive_power_discr,17.0,5.0,,,,,,3.0,0.0
reactive_power_discr,17.0,5.0,,,,,,4.0,0.0
reactive_power_discr,17.0,5.0,,,,,,5.0,0.0
reactive_power_discr,17.0,5.0,,,,,,6.0,0.0
reactive_power_discr,17.0,5.0,,,,,,7.0,0.0
reactive_power_discr,17.0,5.0,,,,,,8.0,0.0
reactive_power_discr,17.0,5.0,,,,,,9.0,0.0
reactive_power_discr,17.0,5.0,,,,,,10.0,0.0
reactive_power_discr,17.0,5.0,,,,,,11.0,0.0
reactive_power_discr,17.0,5.0,,,,,,12.0,0.0
reactive_power_discr,17.0,5.0,,,,,,13.0,0.0
reactive_power_discr,17.0,5.0,,,,,,14.0,0.0
reactive_power_discr,17.0,5.0,,,,,,15.0,0.0
reactive_power_discr,17.0,6.0,,,,,,1.0,0.0
reactive_power_discr,17.0,6.0,,,,,,2.0,0.0
reactive_power_discr,17.0,6.0,,,,,,3.0,0.0
reactive_power_discr,17.0,6.0,,,,,,4.0,0.0
reactive_power_discr,17.0,6.0,,,,,,5.0,0.0
reactive_power_discr,17.0,6.0,,,,,,6.0,0.0
reactive_power_discr,17.0,6.0,,,,,,7.0,0.0
reactive_power_discr,17.0,6.0,,,,,,8.0,0.0
reactive_power_discr,17.0,6.0,,,,,,9.0,0.0
reactive_power_discr,17.0,6.0,,,,,,10.0,0.0
reactive_power_discr,17.0,6.0,,,,,,11.0,0.0
reactive_power_discr,17.0,6.0,,,,,,12.0,0.0
reactive_power_discr,17.0,6.0,,,,,,13.0,0.0
reactive_power_discr,17.0,6.0,,,,,,14.0,0.0
reactive_power_discr,17.0,6.0,,,,,,15.0,0.0
reactive_power_discr,17.0,8.0,,,,,,1.0,0.0
reactive_power_discr,17.0,8.0,,,,,,2.0,0.0
reactive_power_discr,17.0,8.0,,,,,,3.0,0.0
reactive_power_discr,17.0,8.0,,,,,,4.0,0.0
reactive_power_discr,17.0,8.0,,,,,,5.0,0.0
reactive_power_discr,17.0,8.0,,,,,,6.0,0.0
reactive_power_discr,17.0,8.0,,,,,,7.0,0.0
reactive_power_discr,17.0,8.0,,,,,,8.0,0.0
reactive_power_discr,17.0,8.0,,,,,,9.0,0.0
reactive_power_discr,17.0,8.0,,,,,,10.0,0.0
reactive_power_discr,17.0,8.0,,,,,,11.0,0.0
reactive_power_discr,17.0,8.0,,,,,,12.0,0.0
reactive_power_discr,17.0,8.0,,,,,,13.0,0.0
reactive_power_discr,17.0,8.0,,,,,,14.0,0.0
reactive_power_discr,17.0,8.0,,,,,,15.0,0.0
reactive_power_discr,17.0,9.0,,,,,,1.0,0.007135693033440352
reactive_power_discr,17.0,9.0,,,,,,2.0,0.0
reactive_power_discr,17.0,9.0,,,,,,3.0,0.0
reactive_power_discr,17.0,9.0,,,,,,4.0,0.0
reactive_power_discr,17.0,9.0,,,,,,5.0,0.0
reactive_power_discr,17.0,9.0,,,,,,6.0,0.0
reactive_power_discr,17.0,9.0,,,,,,7.0,0.0
reactive_power_discr,17.0,9.0,,,,,,8.0,0.0
reactive_power_discr,17.0,9.0,,,,,,9.0,0.0
reactive_power_discr,17.0,9.0,,,,,,10.0,0.0
reactive_power_discr,17.0,9.0,,,,,,11.0,0.0
reactive_power_discr,17.0,9.0,,,,,,12.0,0.0
reactive_power_discr,17.0,9.0,,,,,,13.0,0.0
reactive_power_discr,17.0,9.0,,,,,,14.0,0.0
reactive_power_discr,17.0,9.0,,,,,,15.0,0.0
reactive_power_discr,17.0,10.0,,,,,,1.0,0.0
reactive_power_discr,17.0,10.0,,,,,,2.0,0.0
reactive_power_discr,17.0,10.0,,,,,,3.0,0.0
reactive_power_discr,17.0,10.0,,,,,,4.0,0.0
reactive_power_discr,17.0,10.0,,,,,,5.0,0.0
reactive_power_discr,17.0,10.0,,,,,,6.0,0.0
reactive_power_discr,17.0,10.0,,,,,,7.0,0.0
reactive_power_discr,17.0,10.0,,,,,,8.0,0.0
reactive_power_discr,17.0,10.0,,,,,,9.0,0.0
reactive_power_discr,17.0,10.0,,,,,,10.0,0.0
reactive_power_discr,17.0,10.0,,,,,,11.0,0.0
reactive_power_discr,17.0,10.0,,,,,,12.0,0.0
reactive_power_discr,17.0,10.0,,,,,,13.0,0.0
reactive_power_discr,17.0,10.0,,,,,,14.0,0.0
reactive_power_discr,17.0,10.0,,,,,,15.0,0.0
reactive_power_discr,17.0,13.0,,,,,,1.0,0.0
reactive_power_discr,17.0,13.0,,,,,,2.0,0.0
reactive_power_discr,17.0,13.0,,,,,,3.0,0.0
reactive_power_discr,17.0,13.0,,,,,,4.0,0.0
reactive_power_discr,17.0,13.0,,,,,,5.0,0.0
reactive_power_discr,17.0,13.0,,,,,,6.0,0.0
reactive_power_discr,17.0,13.0,,,,,,7.0,0.0
reactive_power_discr,17.0,13.0,,,,,,8.0,0.0
reactive_power_discr,17.0,13.0,,,,,,9.0,0.0
reactive_power_discr,17.0,13.0,,,,,,10.0,0.0
reactive_power_discr,17.0,13.0,,,,,,11.0,0.0
reactive_power_discr,17.0,13.0,,,,,,12.0,0.0
reactive_power_discr,17.0,13.0,,,,,,13.0,0.0
reactive_power_discr,17.0,13.0,,,,,,14.0,0.0
reactive_power_discr,17.0,13.0,,,,,,15.0,0.0
reactive_power_discr,17.0,14.0,,,,,,1.0,0.00447131838499391
reactive_power_discr,17.0,14.0,,,,,,2.0,0.0
reactive_power_discr,17.0,14.0,,,,,,3.0,0.0
reactive_power_discr,17.0,14.0,,,,,,4.0,0.0
reactive_power_discr,17.0,14.0,,,,,,5.0,0.0
reactive_power_discr,17.0,14.0,,,,,,6.0,0.0
reactive_power_discr,17.0,14.0,,,,,,7.0,0.0
reactive_power_discr,17.0,14.0,,,,,,8.0,0.0
reactive_power_discr,17.0,14.0,,,,,,9.0,0.0
reactive_power_discr,17.0,14.0,,,,,,10.0,0.0
reactive_power_discr,17.0,14.0,,,,,,11.0,0.0
reactive_power_discr,17.0,14.0,,,,,,12.0,0.0
reactive_power_discr,17.0,14.0,,,,,,13.0,0.0
reactive_power_discr,17.0,14.0,,,,,,14.0,0.0
reactive_power_discr,17.0,14.0,,,,,,15.0,0.0
reactive_power_discr,17.0,15.0,,,,,,1.0,0.0
reactive_power_discr,17.0,15.0,,,,,,2.0,0.0
reactive_power_discr,17.0,15.0,,,,,,3.0,0.0
reactive_power_discr,17.0,15.0,,,,,,4.0,0.0
reactive_power_discr,17.0,15.0,,,,,,5.0,0.0
reactive_power_discr,17.0,15.0,,,,,,6.0,0.0
reactive_power_discr,17.0,15.0,,,,,,7.0,0.0
reactive_power_discr,17.0,15.0,,,,,,8.0,0.0
reactive_power_discr,17.0,15.0,,,,,,9.0,0.0
reactive_power_discr,17.0,15.0,,,,,,10.0,0.0
reactive_power_discr,17.0,15.0,,,,,,11.0,0.0
reactive_power_discr,17.0,15.0,,,,,,12.0,0.0
reactive_power_discr,17.0,15.0,,,,,,13.0,0.0
reactive_power_discr,17.0,15.0,,,,,,14.0,0.0
reactive_power_discr,17.0,15.0,,,,,,15.0,0.0
reactive_power_discr,17.0,16.0,,,,,,1.0,0.0
reactive_power_discr,17.0,16.0,,,,,,2.0,0.0
reactive_power_discr,17.0,16.0,,,,,,3.0,0.0
reactive_power_discr,17.0,16.0,,,,,,4.0,0.0
reactive_power_discr,17.0,16.0,,,,,,5.0,0.0
reactive_power_discr,17.0,16.0,,,,,,6.0,0.0
reactive_power_discr,17.0,16.0,,,,,,7.0,0.0
reactive_power_discr,17.0,16.0,,,,,,8.0,0.0
reactive_power_discr,17.0,16.0,,,,,,9.0,0.0
reactive_power_discr,17.0,16.0,,,,,,10.0,0.0
reactive_power_discr,17.0,16.0,,,,,,11.0,0.0
reactive_power_discr,17.0,16.0,,,,,,12.0,0.0
reactive_power_discr,17.0,16.0,,,,,,13.0,0.0
reactive_power_discr,17.0,16.0,,,,,,14.0,0.0
reactive_power_discr,17.0,16.0,,,,,,15.0,0.0
reactive_power_discr,17.0,17.0,,,,,,1.0,0.0
reactive_power_discr,17.0,17.0,,,,,,2.0,0.0
reactive_power_discr,17.0,17.0,,,,,,3.0,0.0
reactive_power_discr,17.0,17.0,,,,,,4.0,0.0
reactive_power_discr,17.0,17.0,,,,,,5.0,0.0
reactive_power_discr,17.0,17.0,,,,,,6.0,0.0
reactive_power_discr,17.0,17.0,,,,,,7.0,0.0
reactive_power_discr,17.0,17.0,,,,,,8.0,0.0
reactive_power_discr,17.0,17.0,,,,,,9.0,0.0
reactive_power_discr,17.0,17.0,,,,,,10.0,0.0
reactive_power_discr,17.0,17.0,,,,,,11.0,0.0
reactive_power_discr,17.0,17.0,,,,,,12.0,0.0
reactive_power_discr,17.0,17.0,,,,,,13.0,0.0
reactive_power_discr,17.0,17.0,,,,,,14.0,0.0
reactive_power_discr,17.0,17.0,,,,,,15.0,0.0
reactive_power_discr,18.0,3.0,,,,,,1.0,0.00011913406936347586
reactive_power_discr,18.0,3.0,,,,,,2.0,0.0
reactive_power_discr,18.0,3.0,,,,,,3.0,0.0
reactive_power_discr,18.0,3.0,,,,,,4.0,0.0
reactive_power_discr,18.0,3.0,,,,,,5.0,0.0
reactive_power_discr,18.0,3.0,,,,,,6.0,0.0
reactive_power_discr,18.0,3.0,,,,,,7.0,0.0
reactive_power_discr,18.0,3.0,,,,,,8.0,0.0
reactive_power_discr,18.0,3.0,,,,,,9.0,0.0
reactive_power_discr,18.0,3.0,,,,,,10.0,0.0
reactive_power_discr,18.0,3.0,,,,,,11.0,0.0
reactive_power_discr,18.0,3.0,,,,,,12.0,0.0
reactive_power_discr,18.0,3.0,,,,,,13.0,0.0
reactive_power_discr,18.0,3.0,,,,,,14.0,0.0
reactive_power_discr,18.0,3.0,,,,,,15.0,0.0
reactive_power_discr,18.0,5.0,,,,,,1.0,0.001992144967109449
reactive_power_discr,18.0,5.0,,,,,,2.0,0.0
reactive_power_discr,18.0,5.0,,,,,,3.0,0.0
reactive_power_discr,18.0,5.0,,,,,,4.0,0.0
reactive_power_discr,18.0,5.0,,,,,,5.0,0.0
reactive_power_discr,18.0,5.0,,,,,,6.0,0.0
reactive_power_discr,18.0,5.0,,,,,,7.0,0.0
reactive_power_discr,18.0,5.0,,,,,,8.0,0.0
reactive_power_discr,18.0,5.0,,,,,,9.0,0.0
reactive_power_discr,18.0,5.0,,,,,,10.0,0.0
reactive_power_discr,18.0,5.0,,,,,,11.0,0.0
reactive_power_discr,18.0,5.0,,,,,,12.0,0.0
reactive_power_discr,18.0,5.0,,,,,,13.0,0.0
reactive_power_discr,18.0,5.0,,,,,,14.0,0.0
reactive_power_discr,18.0,5.0,,,,,,15.0,0.0
reactive_power_discr,18.0,6.0,,,,,,1.0,0.0
reactive_power_discr,18.0,6.0,,,,,,2.0,0.0
reactive_power_discr,18.0,6.0,,,,,,3.0,0.0
reactive_power_discr,18.0,6.0,,,,,,4.0,0.0
reactive_power_discr,18.0,6.0,,,,,,5.0,0.0
reactive_power_discr,18.0,6.0,,,,,,6.0,0.0
reactive_power_discr,18.0,6.0,,,,,,7.0,0.0
reactive_power_discr,18.0,6.0,,,,,,8.0,0.0
reactive_power_discr,18.0,6.0,,,,,,9.0,0.0
reactive_power_discr,18.0,6.0,,,,,,10.0,0.0
reactive_power_discr,18.0,6.0,,,,,,11.0,0.0
reactive_power_discr,18.0,6.0,,,,,,12.0,0.0
reactive_power_discr,18.0,6.0,,,,,,13.0,0.0
reactive_power_discr,18.0,6.0,,,,,,14.0,0.0
reactive_power_discr,18.0,6.0,,,,,,15.0,0.0
reactive_power_discr,18.0,8.0,,,,,,1.0,0.0
reactive_power_discr,18.0,8.0,,,,,,2.0,0.0
reactive_power_discr,18.0,8.0,,,,,,3.0,0.0
reactive_power_discr,18.0,8.0,,,,,,4.0,0.0
reactive_power_discr,18.0,8.0,,,,,,5.0,0.0
reactive_power_discr,18.0,8.0,,,,,,6.0,0.0
reactive_power_discr,18.0,8.0,,,,,,7.0,0.0
reactive_power_discr,18.0,8.0,,,,,,8.0,0.0
reactive_power_discr,18.0,8.0,,,,,,9.0,0.0
reactive_power_discr,18.0,8.0,,,,,,10.0,0.0
reactive_power_discr,18.0,8.0,,,,,,11.0,0.0
reactive_power_discr,18.0,8.0,,,,,,12.0,0.0
reactive_power_discr,18.0,8.0,,,,,,13.0,0.0
reactive_power_discr,18.0,8.0,,,,,,14.0,0.0
reactive_power_discr,18.0,8.0,,,,,,15.0,0.0
reactive_power_discr,18.0,9.0,,,,,,1.0,0.0
reactive_power_discr,18.0,9.0,,,,,,2.0,0.0
reactive_power_discr,18.0,9.0,,,,,,3.0,0.0
reactive_power_discr,18.0,9.0,,,,,,4.0,0.0
reactive_power_discr,18.0,9.0,,,,,,5.0,0.0
reactive_power_discr,18.0,9.0,,,,,,6.0,0.0
reactive_power_discr,18.0,9.0,,,,,,7.0,0.0
reactive_power_discr,18.0,9.0,,,,,,8.0,0.0
reactive_power_discr,18.0,9.0,,,,,,9.0,0.0
reactive_power_discr,18.0,9.0,,,,,,10.0,0.0
reactive_power_discr,18.0,9.0,,,,,,11.0,0.0
reactive_power_discr,18.0,9.0,,,,,,12.0,0.0
reactive_power_discr,18.0,9.0,,,,,,13.0,0.0
reactive_power_discr,18.0,9.0,,,,,,14.0,0.0
reactive_power_discr,18.0,9.0,,,,,,15.0,0.0
reactive_power_discr,18.0,10.0,,,,,,1.0,0.0
reactive_power_discr,18.0,10.0,,,,,,2.0,0.0
reactive_power_discr,18.0,10.0,,,,,,3.0,0.0
reactive_power_discr,18.0,10.0,,,,,,4.0,0.0
reactive_power_discr,18.0,10.0,,,,,,5.0,0.0
reactive_power_discr,18.0,10.0,,,,,,6.0,0.0
reactive_power_discr,18.0,10.0,,,,,,7.0,0.0
reactive_power_discr,18.0,10.0,,,,,,8.0,0.0
reactive_power_discr,18.0,10.0,,,,,,9.0,0.0
reactive_power_discr,18.0,10.0,,,,,,10.0,0.0
reactive_power_discr,18.0,10.0,,,,,,11.0,0.0
reactive_power_discr,18.0,10.0,,,,,,12.0,0.0
reactive_power_discr,18.0,10.0,,,,,,13.0,0.0
reactive_power_discr,18.0,10.0,,,,,,14.0,0.0
reactive_power_discr,18.0,10.0,,,,,,15.0,0.0
reactive_power_discr,18.0,13.0,,,,,,1.0,0.0
reactive_power_discr,18.0,13.0,,,,,,2.0,0.0
reactive_power_discr,18.0,13.0,,,,,,3.0,0.0
reactive_power_discr,18.0,13.0,,,,,,4.0,0.0
reactive_power_discr,18.0,13.0,,,,,,5.0,0.0
reactive_power_discr,18.0,13.0,,,,,,6.0,0.0
reactive_power_discr,18.0,13.0,,,,,,7.0,0.0
reactive_power_discr,18.0,13.0,,,,,,8.0,0.0
reactive_power_discr,18.0,13.0,,,,,,9.0,0.0
reactive_power_discr,18.0,13.0,,,,,,10.0,0.0
reactive_power_discr,18.0,13.0,,,,,,11.0,0.0
reactive_power_discr,18.0,13.0,,,,,,12.0,0.0
reactive_power_discr,18.0,13.0,,,,,,13.0,0.0
reactive_power_discr,18.0,13.0,,,,,,14.0,0.0
reactive_power_discr,18.0,13.0,,,,,,15.0,0.0
reactive_power_discr,18.0,14.0,,,,,,1.0,0.001977821825484451
reactive_power_discr,18.0,14.0,,,,,,2.0,0.0
reactive_power_discr,18.0,14.0,,,,,,3.0,0.0
reactive_power_discr,18.0,14.0,,,,,,4.0,0.0
reactive_power_discr,18.0,14.0,,,,,,5.0,0.0
reactive_power_discr,18.0,14.0,,,,,,6.0,0.0
reactive_power_discr,18.0,14.0,,,,,,7.0,0.0
reactive_power_discr,18.0,14.0,,,,,,8.0,0.0
reactive_power_discr,18.0,14.0,,,,,,9.0,0.0
reactive_power_discr,18.0,14.0,,,,,,10.0,0.0
reactive_power_discr,18.0,14.0,,,,,,11.0,0.0
reactive_power_discr,18.0,14.0,,,,,,12.0,0.0
reactive_power_discr,18.0,14.0,,,,,,13.0,0.0
reactive_power_discr,18.0,14.0,,,,,,14.0,0.0
reactive_power_discr,18.0,14.0,,,,,,15.0,0.0
reactive_power_discr,18.0,15.0,,,,,,1.0,0.0
reactive_power_discr,18.0,15.0,,,,,,2.0,0.0
reactive_power_discr,18.0,15.0,,,,,,3.0,0.0
reactive_power_discr,18.0,15.0,,,,,,4.0,0.0
reactive_power_discr,18.0,15.0,,,,,,5.0,0.0
reactive_power_discr,18.0,15.0,,,,,,6.0,0.0
reactive_power_discr,18.0,15.0,,,,,,7.0,0.0
reactive_power_discr,18.0,15.0,,,,,,8.0,0.0
reactive_power_discr,18.0,15.0,,,,,,9.0,0.0
reactive_power_discr,18.0,15.0,,,,,,10.0,0.0
reactive_power_discr,18.0,15.0,,,,,,11.0,0.0
reactive_power_discr,18.0,15.0,,,,,,12.0,0.0
reactive_power_discr,18.0,15.0,,,,,,13.0,0.0
reactive_power_discr,18.0,15.0,,,,,,14.0,0.0
reactive_power_discr,18.0,15.0,,,,,,15.0,0.0
reactive_power_discr,18.0,16.0,,,,,,1.0,0.0
reactive_power_discr,18.0,16.0,,,,,,2.0,0.0
reactive_power_discr,18.0,16.0,,,,,,3.0,0.0
reactive_power_discr,18.0,16.0,,,,,,4.0,0.0
reactive_power_discr,18.0,16.0,,,,,,5.0,0.0
reactive_power_discr,18.0,16.0,,,,,,6.0,0.0
reactive_power_discr,18.0,16.0,,,,,,7.0,0.0
reactive_power_discr,18.0,16.0,,,,,,8.0,0.0
reactive_power_discr,18.0,16.0,,,,,,9.0,0.0
reactive_power_discr,18.0,16.0,,,,,,10.0,0.0
reactive_power_discr,18.0,16.0,,,,,,11.0,0.0
reactive_power_discr,18.0,16.0,,,,,,12.0,0.0
reactive_power_discr,18.0,16.0,,,,,,13.0,0.0
reactive_power_discr,18.0,16.0,,,,,,14.0,0.0
reactive_power_discr,18.0,16.0,,,,,,15.0,0.0
reactive_power_discr,18.0,17.0,,,,,,1.0,0.0
reactive_power_discr,18.0,17.0,,,,,,2.0,0.0
reactive_power_discr,18.0,17.0,,,,,,3.0,0.0
reactive_power_discr,18.0,17.0,,,,,,4.0,0.0
reactive_power_discr,18.0,17.0,,,,,,5.0,0.0
reactive_power_discr,18.0,17.0,,,,,,6.0,0.0
reactive_power_discr,18.0,17.0,,,,,,7.0,0.0
reactive_power_discr,18.0,17.0,,,,,,8.0,0.0
reactive_power_discr,18.0,17.0,,,,,,9.0,0.0
reactive_power_discr,18.0,17.0,,,,,,10.0,0.0
reactive_power_discr,18.0,17.0,,,,,,11.0,0.0
reactive_power_discr,18.0,17.0,,,,,,12.0,0.0
reactive_power_discr,18.0,17.0,,,,,,13.0,0.0
reactive_power_discr,18.0,17.0,,,,,,14.0,0.0
reactive_power_discr,18.0,17.0,,,,,,15.0,0.0
reactive_power_discr,19.0,3.0,,,,,,1.0,0.00012187361495076517
reactive_power_discr,19.0,3.0,,,,,,2.0,0.0
reactive_power_discr,19.0,3.0,,,,,,3.0,0.0
reactive_power_discr,19.0,3.0,,,,,,4.0,0.0
reactive_power_discr,19.0,3.0,,,,,,5.0,0.0
reactive_power_discr,19.0,3.0,,,,,,6.0,0.0
reactive_power_discr,19.0,3.0,,,,,,7.0,0.0
reactive_power_discr,19.0,3.0,,,,,,8.0,0.0
reactive_power_discr,19.0,3.0,,,,,,9.0,0.0
reactive_power_discr,19.0,3.0,,,,,,10.0,0.0
reactive_power_discr,19.0,3.0,,,,,,11.0,0.0
reactive_power_discr,19.0,3.0,,,,,,12.0,0.0
reactive_power_discr,19.0,3.0,,,,,,13.0,0.0
reactive_power_discr,19.0,3.0,,,,,,14.0,0.0
reactive_power_discr,19.0,3.0,,,,,,15.0,0.0
reactive_power_discr,19.0,5.0,,,,,,1.0,0.0009918284175854317
reactive_power_discr,19.0,5.0,,,,,,2.0,0.0
reactive_power_discr,19.0,5.0,,,,,,3.0,0.0
reactive_power_discr,19.0,5.0,,,,,,4.0,0.0
reactive_power_discr,19.0,5.0,,,,,,5.0,0.0
reactive_power_discr,19.0,5.0,,,,,,6.0,0.0
reactive_power_discr,19.0,5.0,,,,,,7.0,0.0
reactive_power_discr,19.0,5.0,,,,,,8.0,0.0
reactive_power_discr,19.0,5.0,,,,,,9.0,0.0
reactive_power_discr,19.0,5.0,,,,,,10.0,0.0
reactive_power_discr,19.0,5.0,,,,,,11.0,0.0
reactive_power_discr,19.0,5.0,,,,,,12.0,0.0
reactive_power_discr,19.0,5.0,,,,,,13.0,0.0
reactive_power_discr,19.0,5.0,,,,,,14.0,0.0
reactive_power_discr,19.0,5.0,,,,,,15.0,0.0
reactive_power_discr,19.0,6.0,,,,,,1.0,0.0
reactive_power_discr,19.0,6.0,,,,,,2.0,0.0
reactive_power_discr,19.0,6.0,,,,,,3.0,0.0
reactive_power_discr,19.0,6.0,,,,,,4.0,0.0
reactive_power_discr,19.0,6.0,,,,,,5.0,0.0
reactive_power_discr,19.0,6.0,,,,,,6.0,0.0
reactive_power_discr,19.0,6.0,,,,,,7.0,0.0
reactive_power_discr,19.0,6.0,,,,,,8.0,0.0
reactive_power_discr,19.0,6.0,,,,,,9.0,0.0
reactive_power_discr,19.0,6.0,,,,,,10.0,0.0
reactive_power_discr,19.0,6.0,,,,,,11.0,0.0
reactive_power_discr,19.0,6.0,,,,,,12.0,0.0
reactive_power_discr,19.0,6.0,,,,,,13.0,0.0
reactive_power_discr,19.0,6.0,,,,,,14.0,0.0
reactive_power_discr,19.0,6.0,,,,,,15.0,0.0
reactive_power_discr,19.0,8.0,,,,,,1.0,0.0
reactive_power_discr,19.0,8.0,,,,,,2.0,0.0
reactive_power_discr,19.0,8.0,,,,,,3.0,0.0
reactive_power_discr,19.0,8.0,,,,,,4.0,0.0
reactive_power_discr,19.0,8.0,,,,,,5.0,0.0
reactive_power_discr,19.0,8.0,,,,,,6.0,0.0
reactive_power_discr,19.0,8.0,,,,,,7.0,0.0
reactive_power_discr,19.0,8.0,,,,,,8.0,0.0
reactive_power_discr,19.0,8.0,,,,,,9.0,0.0
reactive_power_discr,19.0,8.0,,,,,,10.0,0.0
reactive_power_discr,19.0,8.0,,,,,,11.0,0.0
reactive_power_discr,19.0,8.0,,,,,,12.0,0.0
reactive_power_discr,19.0,8.0,,,,,,13.0,0.0
reactive_power_discr,19.0,8.0,,,,,,14.0,0.0
reactive_power_discr,19.0,8.0,,,,,,15.0,0.0
reactive_power_discr,19.0,9.0,,,,,,1.0,0.004625324844867387
reactive_power_discr,19.0,9.0,,,,,,2.0,0.0
reactive_power_discr,19.0,9.0,,,,,,3.0,0.0
reactive_power_discr,19.0,9.0,,,,,,4.0,0.0
reactive_power_discr,19.0,9.0,,,,,,5.0,0.0
reactive_power_discr,19.0,9.0,,,,,,6.0,0.0
reactive_power_discr,19.0,9.0,,,,,,7.0,0.0
reactive_power_discr,19.0,9.0,,,,,,8.0,0.0
reactive_power_discr,19.0,9.0,,,,,,9.0,0.0
reactive_power_discr,19.0,9.0,,,,,,10.0,0.0
reactive_power_discr,19.0,9.0,,,,,,11.0,0.0
reactive_power_discr,19.0,9.0,,,,,,12.0,0.0
reactive_power_discr,19.0,9.0,,,,,,13.0,0.0
reactive_power_discr,19.0,9.0,,,,,,14.0,0.0
reactive_power_discr,19.0,9.0,,,,,,15.0,0.0
reactive_power_discr,19.0,10.0,,,,,,1.0,0.0011458834020185854
reactive_power_discr,19.0,10.0,,,,,,2.0,0.0
reactive_power_discr,19.0,10.0,,,,,,3.0,0.0
reactive_power_discr,19.0,10.0,,,,,,4.0,0.0
reactive_power_discr,19.0,10.0,,,,,,5.0,0.0
reactive_power_discr,19.0,10.0,,,,,,6.0,0.0
reactive_power_discr,19.0,10.0,,,,,,7.0,0.0
reactive_power_discr,19.0,10.0,,,,,,8.0,0.0
reactive_power_discr,19.0,10.0,,,,,,9.0,0.0
reactive_power_discr,19.0,10.0,,,,,,10.0,0.0
reactive_power_discr,19.0,10.0,,,,,,11.0,0.0
reactive_power_discr,19.0,10.0,,,,,,12.0,0.0
reactive_power_discr,19.0,10.0,,,,,,13.0,0.0
reactive_power_discr,19.0,10.0,,,,,,14.0,0.0
reactive_power_discr,19.0,10.0,,,,,,15.0,0.0
reactive_power_discr,19.0,13.0,,,,,,1.0,0.0
reactive_power_discr,19.0,13.0,,,,,,2.0,0.0
reactive_power_discr,19.0,13.0,,,,,,3.0,0.0
reactive_power_discr,19.0,13.0,,,,,,4.0,0.0
reactive_power_discr,19.0,13.0,,,,,,5.0,0.0
reactive_power_discr,19.0,13.0,,,,,,6.0,0.0
reactive_power_discr,19.0,13.0,,,,,,7.0,0.0
reactive_power_discr,19.0,13.0,,,,,,8.0,0.0
reactive_power_discr,19.0,13.0,,,,,,9.0,0.0
reactive_power_discr,19.0,13.0,,,,,,10.0,0.0
reactive_power_discr,19.0,13.0,,,,,,11.0,0.0
reactive_power_discr,19.0,13.0,,,,,,12.0,0.0
reactive_power_discr,19.0,13.0,,,,,,13.0,0.0
reactive_power_discr,19.0,13.0,,,,,,14.0,0.0
reactive_power_discr,19.0,13.0,,,,,,15.0,0.0
reactive_power_discr,19.0,14.0,,,,,,1.0,0.0036190204636912006
reactive_power_discr,19.0,14.0,,,,,,2.0,0.0
reactive_power_discr,19.0,14.0,,,,,,3.0,0.0
reactive_power_discr,19.0,14.0,,,,,,4.0,0.0
reactive_power_discr,19.0,14.0,,,,,,5.0,0.0
reactive_power_discr,19.0,14.0,,,,,,6.0,0.0
reactive_power_discr,19.0,14.0,,,,,,7.0,0.0
reactive_power_discr,19.0,14.0,,,,,,8.0,0.0
reactive_power_discr,19.0,14.0,,,,,,9.0,0.0
reactive_power_discr,19.0,14.0,,,,,,10.0,0.0
reactive_power_discr,19.0,14.0,,,,,,11.0,0.0
reactive_power_discr,19.0,14.0,,,,,,12.0,0.0
reactive_power_discr,19.0,14.0,,,,,,13.0,0.0
reactive_power_discr,19.0,14.0,,,,,,14.0,0.0
reactive_power_discr,19.0,14.0,,,,,,15.0,0.0
reactive_power_discr,19.0,15.0,,,,,,1.0,0.0
reactive_power_discr,19.0,15.0,,,,,,2.0,0.0
reactive_power_discr,19.0,15.0,,,,,,3.0,0.0
reactive_power_discr,19.0,15.0,,,,,,4.0,0.0
reactive_power_discr,19.0,15.0,,,,,,5.0,0.0
reactive_power_discr,19.0,15.0,,,,,,6.0,0.0
reactive_power_discr,19.0,15.0,,,,,,7.0,0.0
reactive_power_discr,19.0,15.0,,,,,,8.0,0.0
reactive_power_discr,19.0,15.0,,,,,,9.0,0.0
reactive_power_discr,19.0,15.0,,,,,,10.0,0.0
reactive_power_discr,19.0,15.0,,,,,,11.0,0.0
reactive_power_discr,19.0,15.0,,,,,,12.0,0.0
reactive_power_discr,19.0,15.0,,,,,,13.0,0.0
reactive_power_discr,19.0,15.0,,,,,,14.0,0.0
reactive_power_discr,19.0,15.0,,,,,,15.0,0.0
reactive_power_discr,19.0,16.0,,,,,,1.0,3.084658481612374e-05
reactive_power_discr,19.0,16.0,,,,,,2.0,0.0
reactive_power_discr,19.0,16.0,,,,,,3.0,0.0
reactive_power_discr,19.0,16.0,,,,,,4.0,0.0
reactive_power_discr,19.0,16.0,,,,,,5.0,0.0
reactive_power_discr,19.0,16.0,,,,,,6.0,0.0
reactive_power_discr,19.0,16.0,,,,,,7.0,0.0
reactive_power_discr,19.0,16.0,,,,,,8.0,0.0
reactive_power_discr,19.0,16.0,,,,,,9.0,0.0
reactive_power_discr,19.0,16.0,,,,,,10.0,0.0
reactive_power_discr,19.0,16.0,,,,,,11.0,0.0
reactive_power_discr,19.0,16.0,,,,,,12.0,0.0
reactive_power_discr,19.0,16.0,,,,,,13.0,0.0
reactive_power_discr,19.0,16.0,,,,,,14.0,0.0
reactive_power_discr,19.0,16.0,,,,,,15.0,0.0
reactive_power_discr,19.0,17.0,,,,,,1.0,0.0
reactive_power_discr,19.0,17.0,,,,,,2.0,0.0
reactive_power_discr,19.0,17.0,,,,,,3.0,0.0
reactive_power_discr,19.0,17.0,,,,,,4.0,0.0
reactive_power_discr,19.0,17.0,,,,,,5.0,0.0
reactive_power_discr,19.0,17.0,,,,,,6.0,0.0
reactive_power_discr,19.0,17.0,,,,,,7.0,0.0
reactive_power_discr,19.0,17.0,,,,,,8.0,0.0
reactive_power_discr,19.0,17.0,,,,,,9.0,0.0
reactive_power_discr,19.0,17.0,,,,,,10.0,0.0
reactive_power_discr,19.0,17.0,,,,,,11.0,0.0
reactive_power_discr,19.0,17.0,,,,,,12.0,0.0
reactive_power_discr,19.0,17.0,,,,,,13.0,0.0
reactive_power_discr,19.0,17.0,,,,,,14.0,0.0
reactive_power_discr,19.0,17.0,,,,,,15.0,0.0
reactive_power_discr,20.0,3.0,,,,,,1.0,9.812588971603685e-05
reactive_power_discr,20.0,3.0,,,,,,2.0,0.0
reactive_power_discr,20.0,3.0,,,,,,3.0,0.0
reactive_power_discr,20.0,3.0,,,,,,4.0,0.0
reactive_power_discr,20.0,3.0,,,,,,5.0,0.0
reactive_power_discr,20.0,3.0,,,,,,6.0,0.0
reactive_power_discr,20.0,3.0,,,,,,7.0,0.0
reactive_power_discr,20.0,3.0,,,,,,8.0,0.0
reactive_power_discr,20.0,3.0,,,,,,9.0,0.0
reactive_power_discr,20.0,3.0,,,,,,10.0,0.0
reactive_power_discr,20.0,3.0,,,,,,11.0,0.0
reactive_power_discr,20.0,3.0,,,,,,12.0,0.0
reactive_power_discr,20.0,3.0,,,,,,13.0,0.0
reactive_power_discr,20.0,3.0,,,,,,14.0,0.0
reactive_power_discr,20.0,3.0,,,,,,15.0,0.0
reactive_power_discr,20.0,5.0,,,,,,1.0,0.000739385186990002
reactive_power_discr,20.0,5.0,,,,,,2.0,0.0
reactive_power_discr,20.0,5.0,,,,,,3.0,0.0
reactive_power_discr,20.0,5.0,,,,,,4.0,0.0
reactive_power_discr,20.0,5.0,,,,,,5.0,0.0
reactive_power_discr,20.0,5.0,,,,,,6.0,0.0
reactive_power_discr,20.0,5.0,,,,,,7.0,0.0
reactive_power_discr,20.0,5.0,,,,,,8.0,0.0
reactive_power_discr,20.0,5.0,,,,,,9.0,0.0
reactive_power_discr,20.0,5.0,,,,,,10.0,0.0
reactive_power_discr,20.0,5.0,,,,,,11.0,0.0
reactive_power_discr,20.0,5.0,,,,,,12.0,0.0
reactive_power_discr,20.0,5.0,,,,,,13.0,0.0
reactive_power_discr,20.0,5.0,,,,,,14.0,0.0
reactive_power_discr,20.0,5.0,,,,,,15.0,0.0
reactive_power_discr,20.0,6.0,,,,,,1.0,0.0
reactive_power_discr,20.0,6.0,,,,,,2.0,0.0
reactive_power_discr,20.0,6.0,,,,,,3.0,0.0
reactive_power_discr,20.0,6.0,,,,,,4.0,0.0
reactive_power_discr,20.0,6.0,,,,,,5.0,0.0
reactive_power_discr,20.0,6.0,,,,,,6.0,0.0
reactive_power_discr,20.0,6.0,,,,,,7.0,0.0
reactive_power_discr,20.0,6.0,,,,,,8.0,0.0
reactive_power_discr,20.0,6.0,,,,,,9.0,0.0
reactive_power_discr,20.0,6.0,,,,,,10.0,0.0
reactive_power_discr,20.0,6.0,,,,,,11.0,0.0
reactive_power_discr,20.0,6.0,,,,,,12.0,0.0
reactive_power_discr,20.0,6.0,,,,,,13.0,0.0
reactive_power_discr,20.0,6.0,,,,,,14.0,0.0
reactive_power_discr,20.0,6.0,,,,,,15.0,0.0
reactive_power_discr,20.0,8.0,,,,,,1.0,0.0
reactive_power_discr,20.0,8.0,,,,,,2.0,0.0
reactive_power_discr,20.0,8.0,,,,,,3.0,0.0
reactive_power_discr,20.0,8.0,,,,,,4.0,0.0
reactive_power_discr,20.0,8.0,,,,,,5.0,0.0
reactive_power_discr,20.0,8.0,,,,,,6.0,0.0
reactive_power_discr,20.0,8.0,,,,,,7.0,0.0
reactive_power_discr,20.0,8.0,,,,,,8.0,0.0
reactive_power_discr,20.0,8.0,,,,,,9.0,0.0
reactive_power_discr,20.0,8.0,,,,,,10.0,0.0
reactive_power_discr,20.0,8.0,,,,,,11.0,0.0
reactive_power_discr,20.0,8.0,,,,,,12.0,0.0
reactive_power_discr,20.0,8.0,,,,,,13.0,0.0
reactive_power_discr,20.0,8.0,,,,,,14.0,0.0
reactive_power_discr,20.0,8.0,,,,,,15.0,0.0
reactive_power_discr,20.0,9.0,,,,,,1.0,0.0042753021140419555
reactive_power_discr,20.0,9.0,,,,,,2.0,0.0
reactive_power_discr,20.0,9.0,,,,,,3.0,0.0
reactive_power_discr,20.0,9.0,,,,,,4.0,0.0
reactive_power_discr,20.0,9.0,,,,,,5.0,0.0
reactive_power_discr,20.0,9.0,,,,,,6.0,0.0
reactive_power_discr,20.0,9.0,,,,,,7.0,0.0
reactive_power_discr,20.0,9.0,,,,,,8.0,0.0
reactive_power_discr,20.0,9.0,,,,,,9.0,0.0
reactive_power_discr,20.0,9.0,,,,,,10.0,0.0
reactive_power_discr,20.0,9.0,,,,,,11.0,0.0
reactive_power_discr,20.0,9.0,,,,,,12.0,0.0
reactive_power_discr,20.0,9.0,,,,,,13.0,0.0
reactive_power_discr,20.0,9.0,,,,,,14.0,0.0
reactive_power_discr,20.0,9.0,,,,,,15.0,0.0
reactive_power_discr,20.0,10.0,,,,,,1.0,0.002697269813262293
reactive_power_discr,20.0,10.0,,,,,,2.0,0.0
reactive_power_discr,20.0,10.0,,,,,,3.0,0.0
reactive_power_discr,20.0,10.0,,,,,,4.0,0.0
reactive_power_discr,20.0,10.0,,,,,,5.0,0.0
reactive_power_discr,20.0,10.0,,,,,,6.0,0.0
reactive_power_discr,20.0,10.0,,,,,,7.0,0.0
reactive_power_discr,20.0,10.0,,,,,,8.0,0.0
reactive_power_discr,20.0,10.0,,,,,,9.0,0.0
reactive_power_discr,20.0,10.0,,,,,,10.0,0.0
reactive_power_discr,20.0,10.0,,,,,,11.0,0.0
reactive_power_discr,20.0,10.0,,,,,,12.0,0.0
reactive_power_discr,20.0,10.0,,,,,,13.0,0.0
reactive_power_discr,20.0,10.0,,,,,,14.0,0.0
reactive_power_discr,20.0,10.0,,,,,,15.0,0.0
reactive_power_discr,20.0,13.0,,,,,,1.0,0.0
reactive_power_discr,20.0,13.0,,,,,,2.0,0.0
reactive_power_discr,20.0,13.0,,,,,,3.0,0.0
reactive_power_discr,20.0,13.0,,,,,,4.0,0.0
reactive_power_discr,20.0,13.0,,,,,,5.0,0.0
reactive_power_discr,20.0,13.0,,,,,,6.0,0.0
reactive_power_discr,20.0,13.0,,,,,,7.0,0.0
reactive_power_discr,20.0,13.0,,,,,,8.0,0.0
reactive_power_discr,20.0,13.0,,,,,,9.0,0.0
reactive_power_discr,20.0,13.0,,,,,,10.0,0.0
reactive_power_discr,20.0,13.0,,,,,,11.0,0.0
reactive_power_discr,20.0,13.0,,,,,,12.0,0.0
reactive_power_discr,20.0,13.0,,,,,,13.0,0.0
reactive_power_discr,20.0,13.0,,,,,,14.0,0.0
reactive_power_discr,20.0,13.0,,,,,,15.0,0.0
reactive_power_discr,20.0,14.0,,,,,,1.0,0.0035237037933507666
reactive_power_discr,20.0,14.0,,,,,,2.0,0.0
reactive_power_discr,20.0,14.0,,,,,,3.0,0.0
reactive_power_discr,20.0,14.0,,,,,,4.0,0.0
reactive_power_discr,20.0,14.0,,,,,,5.0,0.0
reactive_power_discr,20.0,14.0,,,,,,6.0,0.0
reactive_power_discr,20.0,14.0,,,,,,7.0,0.0
reactive_power_discr,20.0,14.0,,,,,,8.0,0.0
reactive_power_discr,20.0,14.0,,,,,,9.0,0.0
reactive_power_discr,20.0,14.0,,,,,,10.0,0.0
reactive_power_discr,20.0,14.0,,,,,,11.0,0.0
reactive_power_discr,20.0,14.0,,,,,,12.0,0.0
reactive_power_discr,20.0,14.0,,,,,,13.0,0.0
reactive_power_discr,20.0,14.0,,,,,,14.0,0.0
reactive_power_discr,20.0,14.0,,,,,,15.0,0.0
reactive_power_discr,20.0,15.0,,,,,,1.0,0.0
reactive_power_discr,20.0,15.0,,,,,,2.0,0.0
reactive_power_discr,20.0,15.0,,,,,,3.0,0.0
reactive_power_discr,20.0,15.0,,,,,,4.0,0.0
reactive_power_discr,20.0,15.0,,,,,,5.0,0.0
reactive_power_discr,20.0,15.0,,,,,,6.0,0.0
reactive_power_discr,20.0,15.0,,,,,,7.0,0.0
reactive_power_discr,20.0,15.0,,,,,,8.0,0.0
reactive_power_discr,20.0,15.0,,,,,,9.0,0.0
reactive_power_discr,20.0,15.0,,,,,,10.0,0.0
reactive_power_discr,20.0,15.0,,,,,,11.0,0.0
reactive_power_discr,20.0,15.0,,,,,,12.0,0.0
reactive_power_discr,20.0,15.0,,,,,,13.0,0.0
reactive_power_discr,20.0,15.0,,,,,,14.0,0.0
reactive_power_discr,20.0,15.0,,,,,,15.0,0.0
reactive_power_discr,20.0,16.0,,,,,,1.0,0.0
reactive_power_discr,20.0,16.0,,,,,,2.0,0.0
reactive_power_discr,20.0,16.0,,,,,,3.0,0.0
reactive_power_discr,20.0,16.0,,,,,,4.0,0.0
reactive_power_discr,20.0,16.0,,,,,,5.0,0.0
reactive_power_discr,20.0,16.0,,,,,,6.0,0.0
reactive_power_discr,20.0,16.0,,,,,,7.0,0.0
reactive_power_discr,20.0,16.0,,,,,,8.0,0.0
reactive_power_discr,20.0,16.0,,,,,,9.0,0.0
reactive_power_discr,20.0,16.0,,,,,,10.0,0.0
reactive_power_discr,20.0,16.0,,,,,,11.0,0.0
reactive_power_discr,20.0,16.0,,,,,,12.0,0.0
reactive_power_discr,20.0,16.0,,,,,,13.0,0.0
reactive_power_discr,20.0,16.0,,,,,,14.0,0.0
reactive_power_discr,20.0,16.0,,,,,,15.0,0.0
reactive_power_discr,20.0,17.0,,,,,,1.0,0.0
reactive_power_discr,20.0,17.0,,,,,,2.0,0.0
reactive_power_discr,20.0,17.0,,,,,,3.0,0.0
reactive_power_discr,20.0,17.0,,,,,,4.0,0.0
reactive_power_discr,20.0,17.0,,,,,,5.0,0.0
reactive_power_discr,20.0,17.0,,,,,,6.0,0.0
reactive_power_discr,20.0,17.0,,,,,,7.0,0.0
reactive_power_discr,20.0,17.0,,,,,,8.0,0.0
reactive_power_discr,20.0,17.0,,,,,,9.0,0.0
reactive_power_discr,20.0,17.0,,,,,,10.0,0.0
reactive_power_discr,20.0,17.0,,,,,,11.0,0.0
reactive_power_discr,20.0,17.0,,,,,,12.0,0.0
reactive_power_discr,20.0,17.0,,,,,,13.0,0.0
reactive_power_discr,20.0,17.0,,,,,,14.0,0.0
reactive_power_discr,20.0,17.0,,,,,,15.0,0.0
reactive_power_discr,21.0,3.0,,,,,,1.0,8.747054215251586e-05
reactive_power_discr,21.0,3.0,,,,,,2.0,0.0
reactive_power_discr,21.0,3.0,,,,,,3.0,0.0
reactive_power_discr,21.0,3.0,,,,,,4.0,0.0
reactive_power_discr,21.0,3.0,,,,,,5.0,0.0
reactive_power_discr,21.0,3.0,,,,,,6.0,0.0
reactive_power_discr,21.0,3.0,,,,,,7.0,0.0
reactive_power_discr,21.0,3.0,,,,,,8.0,0.0
reactive_power_discr,21.0,3.0,,,,,,9.0,0.0
reactive_power_discr,21.0,3.0,,,,,,10.0,0.0
reactive_power_discr,21.0,3.0,,,,,,11.0,0.0
reactive_power_discr,21.0,3.0,,,,,,12.0,0.0
reactive_power_discr,21.0,3.0,,,,,,13.0,0.0
reactive_power_discr,21.0,3.0,,,,,,14.0,0.0
reactive_power_discr,21.0,3.0,,,,,,15.0,0.0
reactive_power_discr,21.0,5.0,,,,,,1.0,0.0010820760634683776
reactive_power_discr,21.0,5.0,,,,,,2.0,0.0
reactive_power_discr,21.0,5.0,,,,,,3.0,0.0
reactive_power_discr,21.0,5.0,,,,,,4.0,0.0
reactive_power_discr,21.0,5.0,,,,,,5.0,0.0
reactive_power_discr,21.0,5.0,,,,,,6.0,0.0
reactive_power_discr,21.0,5.0,,,,,,7.0,0.0
reactive_power_discr,21.0,5.0,,,,,,8.0,0.0
reactive_power_discr,21.0,5.0,,,,,,9.0,0.0
reactive_power_discr,21.0,5.0,,,,,,10.0,0.0
reactive_power_discr,21.0,5.0,,,,,,11.0,0.0
reactive_power_discr,21.0,5.0,,,,,,12.0,0.0
reactive_power_discr,21.0,5.0,,,,,,13.0,0.0
reactive_power_discr,21.0,5.0,,,,,,14.0,0.0
reactive_power_discr,21.0,5.0,,,,,,15.0,0.0
reactive_power_discr,21.0,6.0,,,,,,1.0,0.0
reactive_power_discr,21.0,6.0,,,,,,2.0,0.0
reactive_power_discr,21.0,6.0,,,,,,3.0,0.0
reactive_power_discr,21.0,6.0,,,,,,4.0,0.0
reactive_power_discr,21.0,6.0,,,,,,5.0,0.0
reactive_power_discr,21.0,6.0,,,,,,6.0,0.0
reactive_power_discr,21.0,6.0,,,,,,7.0,0.0
reactive_power_discr,21.0,6.0,,,,,,8.0,0.0
reactive_power_discr,21.0,6.0,,,,,,9.0,0.0
reactive_power_discr,21.0,6.0,,,,,,10.0,0.0
reactive_power_discr,21.0,6.0,,,,,,11.0,0.0
reactive_power_discr,21.0,6.0,,,,,,12.0,0.0
reactive_power_discr,21.0,6.0,,,,,,13.0,0.0
reactive_power_discr,21.0,6.0,,,,,,14.0,0.0
reactive_power_discr,21.0,6.0,,,,,,15.0,0.0
reactive_power_discr,21.0,8.0,,,,,,1.0,0.0
reactive_power_discr,21.0,8.0,,,,,,2.0,0.0
reactive_power_discr,21.0,8.0,,,,,,3.0,0.0
reactive_power_discr,21.0,8.0,,,,,,4.0,0.0
reactive_power_discr,21.0,8.0,,,,,,5.0,0.0
reactive_power_discr,21.0,8.0,,,,,,6.0,0.0
reactive_power_discr,21.0,8.0,,,,,,7.0,0.0
reactive_power_discr,21.0,8.0,,,,,,8.0,0.0
reactive_power_discr,21.0,8.0,,,,,,9.0,0.0
reactive_power_discr,21.0,8.0,,,,,,10.0,0.0
reactive_power_discr,21.0,8.0,,,,,,11.0,0.0
reactive_power_discr,21.0,8.0,,,,,,12.0,0.0
reactive_power_discr,21.0,8.0,,,,,,13.0,0.0
reactive_power_discr,21.0,8.0,,,,,,14.0,0.0
reactive_power_discr,21.0,8.0,,,,,,15.0,0.0
reactive_power_discr,21.0,9.0,,,,,,1.0,0.004710652269096964
reactive_power_discr,21.0,9.0,,,,,,2.0,0.0
reactive_power_discr,21.0,9.0,,,,,,3.0,0.0
reactive_power_discr,21.0,9.0,,,,,,4.0,0.0
reactive_power_discr,21.0,9.0,,,,,,5.0,0.0
reactive_power_discr,21.0,9.0,,,,,,6.0,0.0
reactive_power_discr,21.0,9.0,,,,,,7.0,0.0
reactive_power_discr,21.0,9.0,,,,,,8.0,0.0
reactive_power_discr,21.0,9.0,,,,,,9.0,0.0
reactive_power_discr,21.0,9.0,,,,,,10.0,0.0
reactive_power_discr,21.0,9.0,,,,,,11.0,0.0
reactive_power_discr,21.0,9.0,,,,,,12.0,0.0
reactive_power_discr,21.0,9.0,,,,,,13.0,0.0
reactive_power_discr,21.0,9.0,,,,,,14.0,0.0
reactive_power_discr,21.0,9.0,,,,,,15.0,0.0
reactive_power_discr,21.0,10.0,,,,,,1.0,0.004347488650022824
reactive_power_discr,21.0,10.0,,,,,,2.0,0.0
reactive_power_discr,21.0,10.0,,,,,,3.0,0.0
reactive_power_discr,21.0,10.0,,,,,,4.0,0.0
reactive_power_discr,21.0,10.0,,,,,,5.0,0.0
reactive_power_discr,21.0,10.0,,,,,,6.0,0.0
reactive_power_discr,21.0,10.0,,,,,,7.0,0.0
reactive_power_discr,21.0,10.0,,,,,,8.0,0.0
reactive_power_discr,21.0,10.0,,,,,,9.0,0.0
reactive_power_discr,21.0,10.0,,,,,,10.0,0.0
reactive_power_discr,21.0,10.0,,,,,,11.0,0.0
reactive_power_discr,21.0,10.0,,,,,,12.0,0.0
reactive_power_discr,21.0,10.0,,,,,,13.0,0.0
reactive_power_discr,21.0,10.0,,,,,,14.0,0.0
reactive_power_discr,21.0,10.0,,,,,,15.0,0.0
reactive_power_discr,21.0,13.0,,,,,,1.0,0.0
reactive_power_discr,21.0,13.0,,,,,,2.0,0.0
reactive_power_discr,21.0,13.0,,,,,,3.0,0.0
reactive_power_discr,21.0,13.0,,,,,,4.0,0.0
reactive_power_discr,21.0,13.0,,,,,,5.0,0.0
reactive_power_discr,21.0,13.0,,,,,,6.0,0.0
reactive_power_discr,21.0,13.0,,,,,,7.0,0.0
reactive_power_discr,21.0,13.0,,,,,,8.0,0.0
reactive_power_discr,21.0,13.0,,,,,,9.0,0.0
reactive_power_discr,21.0,13.0,,,,,,10.0,0.0
reactive_power_discr,21.0,13.0,,,,,,11.0,0.0
reactive_power_discr,21.0,13.0,,,,,,12.0,0.0
reactive_power_discr,21.0,13.0,,,,,,13.0,0.0
reactive_power_discr,21.0,13.0,,,,,,14.0,0.0
reactive_power_discr,21.0,13.0,,,,,,15.0,0.0
reactive_power_discr,21.0,14.0,,,,,,1.0,0.0036176891310181064
reactive_power_discr,21.0,14.0,,,,,,2.0,0.0
reactive_power_discr,21.0,14.0,,,,,,3.0,0.0
reactive_power_discr,21.0,14.0,,,,,,4.0,0.0
reactive_power_discr,21.0,14.0,,,,,,5.0,0.0
reactive_power_discr,21.0,14.0,,,,,,6.0,0.0
reactive_power_discr,21.0,14.0,,,,,,7.0,0.0
reactive_power_discr,21.0,14.0,,,,,,8.0,0.0
reactive_power_discr,21.0,14.0,,,,,,9.0,0.0
reactive_power_discr,21.0,14.0,,,,,,10.0,0.0
reactive_power_discr,21.0,14.0,,,,,,11.0,0.0
reactive_power_discr,21.0,14.0,,,,,,12.0,0.0
reactive_power_discr,21.0,14.0,,,,,,13.0,0.0
reactive_power_discr,21.0,14.0,,,,,,14.0,0.0
reactive_power_discr,21.0,14.0,,,,,,15.0,0.0
reactive_power_discr,21.0,15.0,,,,,,1.0,0.0
reactive_power_discr,21.0,15.0,,,,,,2.0,0.0
reactive_power_discr,21.0,15.0,,,,,,3.0,0.0
reactive_power_discr,21.0,15.0,,,,,,4.0,0.0
reactive_power_discr,21.0,15.0,,,,,,5.0,0.0
reactive_power_discr,21.0,15.0,,,,,,6.0,0.0
reactive_power_discr,21.0,15.0,,,,,,7.0,0.0
reactive_power_discr,21.0,15.0,,,,,,8.0,0.0
reactive_power_discr,21.0,15.0,,,,,,9.0,0.0
reactive_power_discr,21.0,15.0,,,,,,10.0,0.0
reactive_power_discr,21.0,15.0,,,,,,11.0,0.0
reactive_power_discr,21.0,15.0,,,,,,12.0,0.0
reactive_power_discr,21.0,15.0,,,,,,13.0,0.0
reactive_power_discr,21.0,15.0,,,,,,14.0,0.0
reactive_power_discr,21.0,15.0,,,,,,15.0,0.0
reactive_power_discr,21.0,16.0,,,,,,1.0,8.237712994440176e-05
reactive_power_discr,21.0,16.0,,,,,,2.0,0.0
reactive_power_discr,21.0,16.0,,,,,,3.0,0.0
reactive_power_discr,21.0,16.0,,,,,,4.0,0.0
reactive_power_discr,21.0,16.0,,,,,,5.0,0.0
reactive_power_discr,21.0,16.0,,,,,,6.0,0.0
reactive_power_discr,21.0,16.0,,,,,,7.0,0.0
reactive_power_discr,21.0,16.0,,,,,,8.0,0.0
reactive_power_discr,21.0,16.0,,,,,,9.0,0.0
reactive_power_discr,21.0,16.0,,,,,,10.0,0.0
reactive_power_discr,21.0,16.0,,,,,,11.0,0.0
reactive_power_discr,21.0,16.0,,,,,,12.0,0.0
reactive_power_discr,21.0,16.0,,,,,,13.0,0.0
reactive_power_discr,21.0,16.0,,,,,,14.0,0.0
reactive_power_discr,21.0,16.0,,,,,,15.0,0.0
reactive_power_discr,21.0,17.0,,,,,,1.0,0.0
reactive_power_discr,21.0,17.0,,,,,,2.0,0.0
reactive_power_discr,21.0,17.0,,,,,,3.0,0.0
reactive_power_discr,21.0,17.0,,,,,,4.0,0.0
reactive_power_discr,21.0,17.0,,,,,,5.0,0.0
reactive_power_discr,21.0,17.0,,,,,,6.0,0.0
reactive_power_discr,21.0,17.0,,,,,,7.0,0.0
reactive_power_discr,21.0,17.0,,,,,,8.0,0.0
reactive_power_discr,21.0,17.0,,,,,,9.0,0.0
reactive_power_discr,21.0,17.0,,,,,,10.0,0.0
reactive_power_discr,21.0,17.0,,,,,,11.0,0.0
reactive_power_discr,21.0,17.0,,,,,,12.0,0.0
reactive_power_discr,21.0,17.0,,,,,,13.0,0.0
reactive_power_discr,21.0,17.0,,,,,,14.0,0.0
reactive_power_discr,21.0,17.0,,,,,,15.0,0.0
reactive_power_discr,22.0,3.0,,,,,,1.0,7.670975400596292e-05
reactive_power_discr,22.0,3.0,,,,,,2.0,0.0
reactive_power_discr,22.0,3.0,,,,,,3.0,0.0
reactive_power_discr,22.0,3.0,,,,,,4.0,0.0
reactive_power_discr,22.0,3.0,,,,,,5.0,0.0
reactive_power_discr,22.0,3.0,,,,,,6.0,0.0
reactive_power_discr,22.0,3.0,,,,,,7.0,0.0
reactive_power_discr,22.0,3.0,,,,,,8.0,0.0
reactive_power_discr,22.0,3.0,,,,,,9.0,0.0
reactive_power_discr,22.0,3.0,,,,,,10.0,0.0
reactive_power_discr,22.0,3.0,,,,,,11.0,0.0
reactive_power_discr,22.0,3.0,,,,,,12.0,0.0
reactive_power_discr,22.0,3.0,,,,,,13.0,0.0
reactive_power_discr,22.0,3.0,,,,,,14.0,0.0
reactive_power_discr,22.0,3.0,,,,,,15.0,0.0
reactive_power_discr,22.0,5.0,,,,,,1.0,3.686165290875745e-05
reactive_power_discr,22.0,5.0,,,,,,2.0,0.0
reactive_power_discr,22.0,5.0,,,,,,3.0,0.0
reactive_power_discr,22.0,5.0,,,,,,4.0,0.0
reactive_power_discr,22.0,5.0,,,,,,5.0,0.0
reactive_power_discr,22.0,5.0,,,,,,6.0,0.0
reactive_power_discr,22.0,5.0,,,,,,7.0,0.0
reactive_power_discr,22.0,5.0,,,,,,8.0,0.0
reactive_power_discr,22.0,5.0,,,,,,9.0,0.0
reactive_power_discr,22.0,5.0,,,,,,10.0,0.0
reactive_power_discr,22.0,5.0,,,,,,11.0,0.0
reactive_power_discr,22.0,5.0,,,,,,12.0,0.0
reactive_power_discr,22.0,5.0,,,,,,13.0,0.0
reactive_power_discr,22.0,5.0,,,,,,14.0,0.0
reactive_power_discr,22.0,5.0,,,,,,15.0,0.0
reactive_power_discr,22.0,6.0,,,,,,1.0,0.00013046120493854713
reactive_power_discr,22.0,6.0,,,,,,2.0,0.0
reactive_power_discr,22.0,6.0,,,,,,3.0,0.0
reactive_power_discr,22.0,6.0,,,,,,4.0,0.0
reactive_power_discr,22.0,6.0,,,,,,5.0,0.0
reactive_power_discr,22.0,6.0,,,,,,6.0,0.0
reactive_power_discr,22.0,6.0,,,,,,7.0,0.0
reactive_power_discr,22.0,6.0,,,,,,8.0,0.0
reactive_power_discr,22.0,6.0,,,,,,9.0,0.0
reactive_power_discr,22.0,6.0,,,,,,10.0,0.0
reactive_power_discr,22.0,6.0,,,,,,11.0,0.0
reactive_power_discr,22.0,6.0,,,,,,12.0,0.0
reactive_power_discr,22.0,6.0,,,,,,13.0,0.0
reactive_power_discr,22.0,6.0,,,,,,14.0,0.0
reactive_power_discr,22.0,6.0,,,,,,15.0,0.0
reactive_power_discr,22.0,8.0,,,,,,1.0,0.0
reactive_power_discr,22.0,8.0,,,,,,2.0,0.0
reactive_power_discr,22.0,8.0,,,,,,3.0,0.0
reactive_power_discr,22.0,8.0,,,,,,4.0,0.0
reactive_power_discr,22.0,8.0,,,,,,5.0,0.0
reactive_power_discr,22.0,8.0,,,,,,6.0,0.0
reactive_power_discr,22.0,8.0,,,,,,7.0,0.0
reactive_power_discr,22.0,8.0,,,,,,8.0,0.0
reactive_power_discr,22.0,8.0,,,,,,9.0,0.0
reactive_power_discr,22.0,8.0,,,,,,10.0,0.0
reactive_power_discr,22.0,8.0,,,,,,11.0,0.0
reactive_power_discr,22.0,8.0,,,,,,12.0,0.0
reactive_power_discr,22.0,8.0,,,,,,13.0,0.0
reactive_power_discr,22.0,8.0,,,,,,14.0,0.0
reactive_power_discr,22.0,8.0,,,,,,15.0,0.0
reactive_power_discr,22.0,9.0,,,,,,1.0,0.0029999377250537755
reactive_power_discr,22.0,9.0,,,,,,2.0,0.0
reactive_power_discr,22.0,9.0,,,,,,3.0,0.0
reactive_power_discr,22.0,9.0,,,,,,4.0,0.0
reactive_power_discr,22.0,9.0,,,,,,5.0,0.0
reactive_power_discr,22.0,9.0,,,,,,6.0,0.0
reactive_power_discr,22.0,9.0,,,,,,7.0,0.0
reactive_power_discr,22.0,9.0,,,,,,8.0,0.0
reactive_power_discr,22.0,9.0,,,,,,9.0,0.0
reactive_power_discr,22.0,9.0,,,,,,10.0,0.0
reactive_power_discr,22.0,9.0,,,,,,11.0,0.0
reactive_power_discr,22.0,9.0,,,,,,12.0,0.0
reactive_power_discr,22.0,9.0,,,,,,13.0,0.0
reactive_power_discr,22.0,9.0,,,,,,14.0,0.0
reactive_power_discr,22.0,9.0,,,,,,15.0,0.0
reactive_power_discr,22.0,10.0,,,,,,1.0,0.002695095632073416
reactive_power_discr,22.0,10.0,,,,,,2.0,0.0
reactive_power_discr,22.0,10.0,,,,,,3.0,0.0
reactive_power_discr,22.0,10.0,,,,,,4.0,0.0
reactive_power_discr,22.0,10.0,,,,,,5.0,0.0
reactive_power_discr,22.0,10.0,,,,,,6.0,0.0
reactive_power_discr,22.0,10.0,,,,,,7.0,0.0
reactive_power_discr,22.0,10.0,,,,,,8.0,0.0
reactive_power_discr,22.0,10.0,,,,,,9.0,0.0
reactive_power_discr,22.0,10.0,,,,,,10.0,0.0
reactive_power_discr,22.0,10.0,,,,,,11.0,0.0
reactive_power_discr,22.0,10.0,,,,,,12.0,0.0
reactive_power_discr,22.0,10.0,,,,,,13.0,0.0
reactive_power_discr,22.0,10.0,,,,,,14.0,0.0
reactive_power_discr,22.0,10.0,,,,,,15.0,0.0
reactive_power_discr,22.0,13.0,,,,,,1.0,0.0
reactive_power_discr,22.0,13.0,,,,,,2.0,0.0
reactive_power_discr,22.0,13.0,,,,,,3.0,0.0
reactive_power_discr,22.0,13.0,,,,,,4.0,0.0
reactive_power_discr,22.0,13.0,,,,,,5.0,0.0
reactive_power_discr,22.0,13.0,,,,,,6.0,0.0
reactive_power_discr,22.0,13.0,,,,,,7.0,0.0
reactive_power_discr,22.0,13.0,,,,,,8.0,0.0
reactive_power_discr,22.0,13.0,,,,,,9.0,0.0
reactive_power_discr,22.0,13.0,,,,,,10.0,0.0
reactive_power_discr,22.0,13.0,,,,,,11.0,0.0
reactive_power_discr,22.0,13.0,,,,,,12.0,0.0
reactive_power_discr,22.0,13.0,,,,,,13.0,0.0
reactive_power_discr,22.0,13.0,,,,,,14.0,0.0
reactive_power_discr,22.0,13.0,,,,,,15.0,0.0
reactive_power_discr,22.0,14.0,,,,,,1.0,0.002953553904276346
reactive_power_discr,22.0,14.0,,,,,,2.0,0.0
reactive_power_discr,22.0,14.0,,,,,,3.0,0.0
reactive_power_discr,22.0,14.0,,,,,,4.0,0.0
reactive_power_discr,22.0,14.0,,,,,,5.0,0.0
reactive_power_discr,22.0,14.0,,,,,,6.0,0.0
reactive_power_discr,22.0,14.0,,,,,,7.0,0.0
reactive_power_discr,22.0,14.0,,,,,,8.0,0.0
reactive_power_discr,22.0,14.0,,,,,,9.0,0.0
reactive_power_discr,22.0,14.0,,,,,,10.0,0.0
reactive_power_discr,22.0,14.0,,,,,,11.0,0.0
reactive_power_discr,22.0,14.0,,,,,,12.0,0.0
reactive_power_discr,22.0,14.0,,,,,,13.0,0.0
reactive_power_discr,22.0,14.0,,,,,,14.0,0.0
reactive_power_discr,22.0,14.0,,,,,,15.0,0.0
reactive_power_discr,22.0,15.0,,,,,,1.0,0.0
reactive_power_discr,22.0,15.0,,,,,,2.0,0.0
reactive_power_discr,22.0,15.0,,,,,,3.0,0.0
reactive_power_discr,22.0,15.0,,,,,,4.0,0.0
reactive_power_discr,22.0,15.0,,,,,,5.0,0.0
reactive_power_discr,22.0,15.0,,,,,,6.0,0.0
reactive_power_discr,22.0,15.0,,,,,,7.0,0.0
reactive_power_discr,22.0,15.0,,,,,,8.0,0.0
reactive_power_discr,22.0,15.0,,,,,,9.0,0.0
reactive_power_discr,22.0,15.0,,,,,,10.0,0.0
reactive_power_discr,22.0,15.0,,,,,,11.0,0.0
reactive_power_discr,22.0,15.0,,,,,,12.0,0.0
reactive_power_discr,22.0,15.0,,,,,,13.0,0.0
reactive_power_discr,22.0,15.0,,,,,,14.0,0.0
reactive_power_discr,22.0,15.0,,,,,,15.0,0.0
reactive_power_discr,22.0,16.0,,,,,,1.0,8.237712994440176e-05
reactive_power_discr,22.0,16.0,,,,,,2.0,0.0
reactive_power_discr,22.0,16.0,,,,,,3.0,0.0
reactive_power_discr,22.0,16.0,,,,,,4.0,0.0
reactive_power_discr,22.0,16.0,,,,,,5.0,0.0
reactive_power_discr,22.0,16.0,,,,,,6.0,0.0
reactive_power_discr,22.0,16.0,,,,,,7.0,0.0
reactive_power_discr,22.0,16.0,,,,,,8.0,0.0
reactive_power_discr,22.0,16.0,,,,,,9.0,0.0
reactive_power_discr,22.0,16.0,,,,,,10.0,0.0
reactive_power_discr,22.0,16.0,,,,,,11.0,0.0
reactive_power_discr,22.0,16.0,,,,,,12.0,0.0
reactive_power_discr,22.0,16.0,,,,,,13.0,0.0
reactive_power_discr,22.0,16.0,,,,,,14.0,0.0
reactive_power_discr,22.0,16.0,,,,,,15.0,0.0
reactive_power_discr,22.0,17.0,,,,,,1.0,0.0
reactive_power_discr,22.0,17.0,,,,,,2.0,0.0
reactive_power_discr,22.0,17.0,,,,,,3.0,0.0
reactive_power_discr,22.0,17.0,,,,,,4.0,0.0
reactive_power_discr,22.0,17.0,,,,,,5.0,0.0
reactive_power_discr,22.0,17.0,,,,,,6.0,0.0
reactive_power_discr,22.0,17.0,,,,,,7.0,0.0
reactive_power_discr,22.0,17.0,,,,,,8.0,0.0
reactive_power_discr,22.0,17.0,,,,,,9.0,0.0
reactive_power_discr,22.0,17.0,,,,,,10.0,0.0
reactive_power_discr,22.0,17.0,,,,,,11.0,0.0
reactive_power_discr,22.0,17.0,,,,,,12.0,0.0
reactive_power_discr,22.0,17.0,,,,,,13.0,0.0
reactive_power_discr,22.0,17.0,,,,,,14.0,0.0
reactive_power_discr,22.0,17.0,,,,,,15.0,0.0
reactive_power_discr,23.0,3.0,,,,,,1.0,7.003364425542413e-05
reactive_power_discr,23.0,3.0,,,,,,2.0,0.0
reactive_power_discr,23.0,3.0,,,,,,3.0,0.0
reactive_power_discr,23.0,3.0,,,,,,4.0,0.0
reactive_power_discr,23.0,3.0,,,,,,5.0,0.0
reactive_power_discr,23.0,3.0,,,,,,6.0,0.0
reactive_power_discr,23.0,3.0,,,,,,7.0,0.0
reactive_power_discr,23.0,3.0,,,,,,8.0,0.0
reactive_power_discr,23.0,3.0,,,,,,9.0,0.0
reactive_power_discr,23.0,3.0,,,,,,10.0,0.0
reactive_power_discr,23.0,3.0,,,,,,11.0,0.0
reactive_power_discr,23.0,3.0,,,,,,12.0,0.0
reactive_power_discr,23.0,3.0,,,,,,13.0,0.0
reactive_power_discr,23.0,3.0,,,,,,14.0,0.0
reactive_power_discr,23.0,3.0,,,,,,15.0,0.0
reactive_power_discr,23.0,5.0,,,,,,1.0,0.00039960335650591
reactive_power_discr,23.0,5.0,,,,,,2.0,0.0
reactive_power_discr,23.0,5.0,,,,,,3.0,0.0
reactive_power_discr,23.0,5.0,,,,,,4.0,0.0
reactive_power_discr,23.0,5.0,,,,,,5.0,0.0
reactive_power_discr,23.0,5.0,,,,,,6.0,0.0
reactive_power_discr,23.0,5.0,,,,,,7.0,0.0
reactive_power_discr,23.0,5.0,,,,,,8.0,0.0
reactive_power_discr,23.0,5.0,,,,,,9.0,0.0
reactive_power_discr,23.0,5.0,,,,,,10.0,0.0
reactive_power_discr,23.0,5.0,,,,,,11.0,0.0
reactive_power_discr,23.0,5.0,,,,,,12.0,0.0
reactive_power_discr,23.0,5.0,,,,,,13.0,0.0
reactive_power_discr,23.0,5.0,,,,,,14.0,0.0
reactive_power_discr,23.0,5.0,,,,,,15.0,0.0
reactive_power_discr,23.0,6.0,,,,,,1.0,0.0006996115734474238
reactive_power_discr,23.0,6.0,,,,,,2.0,0.0
reactive_power_discr,23.0,6.0,,,,,,3.0,0.0
reactive_power_discr,23.0,6.0,,,,,,4.0,0.0
reactive_power_discr,23.0,6.0,,,,,,5.0,0.0
reactive_power_discr,23.0,6.0,,,,,,6.0,0.0
reactive_power_discr,23.0,6.0,,,,,,7.0,0.0
reactive_power_discr,23.0,6.0,,,,,,8.0,0.0
reactive_power_discr,23.0,6.0,,,,,,9.0,0.0
reactive_power_discr,23.0,6.0,,,,,,10.0,0.0
reactive_power_discr,23.0,6.0,,,,,,11.0,0.0
reactive_power_discr,23.0,6.0,,,,,,12.0,0.0
reactive_power_discr,23.0,6.0,,,,,,13.0,0.0
reactive_power_discr,23.0,6.0,,,,,,14.0,0.0
reactive_power_discr,23.0,6.0,,,,,,15.0,0.0
reactive_power_discr,23.0,8.0,,,,,,1.0,0.0
reactive_power_discr,23.0,8.0,,,,,,2.0,0.0
reactive_power_discr,23.0,8.0,,,,,,3.0,0.0
reactive_power_discr,23.0,8.0,,,,,,4.0,0.0
reactive_power_discr,23.0,8.0,,,,,,5.0,0.0
reactive_power_discr,23.0,8.0,,,,,,6.0,0.0
reactive_power_discr,23.0,8.0,,,,,,7.0,0.0
reactive_power_discr,23.0,8.0,,,,,,8.0,0.0
reactive_power_discr,23.0,8.0,,,,,,9.0,0.0
reactive_power_discr,23.0,8.0,,,,,,10.0,0.0
reactive_power_discr,23.0,8.0,,,,,,11.0,0.0
reactive_power_discr,23.0,8.0,,,,,,12.0,0.0
reactive_power_discr,23.0,8.0,,,,,,13.0,0.0
reactive_power_discr,23.0,8.0,,,,,,14.0,0.0
reactive_power_discr,23.0,8.0,,,,,,15.0,0.0
reactive_power_discr,23.0,9.0,,,,,,1.0,0.0029812553742327203
reactive_power_discr,23.0,9.0,,,,,,2.0,0.0
reactive_power_discr,23.0,9.0,,,,,,3.0,0.0
reactive_power_discr,23.0,9.0,,,,,,4.0,0.0
reactive_power_discr,23.0,9.0,,,,,,5.0,0.0
reactive_power_discr,23.0,9.0,,,,,,6.0,0.0
reactive_power_discr,23.0,9.0,,,,,,7.0,0.0
reactive_power_discr,23.0,9.0,,,,,,8.0,0.0
reactive_power_discr,23.0,9.0,,,,,,9.0,0.0
reactive_power_discr,23.0,9.0,,,,,,10.0,0.0
reactive_power_discr,23.0,9.0,,,,,,11.0,0.0
reactive_power_discr,23.0,9.0,,,,,,12.0,0.0
reactive_power_discr,23.0,9.0,,,,,,13.0,0.0
reactive_power_discr,23.0,9.0,,,,,,14.0,0.0
reactive_power_discr,23.0,9.0,,,,,,15.0,0.0
reactive_power_discr,23.0,10.0,,,,,,1.0,0.006466678496001715
reactive_power_discr,23.0,10.0,,,,,,2.0,0.0
reactive_power_discr,23.0,10.0,,,,,,3.0,0.0
reactive_power_discr,23.0,10.0,,,,,,4.0,0.0
reactive_power_discr,23.0,10.0,,,,,,5.0,0.0
reactive_power_discr,23.0,10.0,,,,,,6.0,0.0
reactive_power_discr,23.0,10.0,,,,,,7.0,0.0
reactive_power_discr,23.0,10.0,,,,,,8.0,0.0
reactive_power_discr,23.0,10.0,,,,,,9.0,0.0
reactive_power_discr,23.0,10.0,,,,,,10.0,0.0
reactive_power_discr,23.0,10.0,,,,,,11.0,0.0
reactive_power_discr,23.0,10.0,,,,,,12.0,0.0
reactive_power_discr,23.0,10.0,,,,,,13.0,0.0
reactive_power_discr,23.0,10.0,,,,,,14.0,0.0
reactive_power_discr,23.0,10.0,,,,,,15.0,0.0
reactive_power_discr,23.0,13.0,,,,,,1.0,0.0
reactive_power_discr,23.0,13.0,,,,,,2.0,0.0
reactive_power_discr,23.0,13.0,,,,,,3.0,0.0
reactive_power_discr,23.0,13.0,,,,,,4.0,0.0
reactive_power_discr,23.0,13.0,,,,,,5.0,0.0
reactive_power_discr,23.0,13.0,,,,,,6.0,0.0
reactive_power_discr,23.0,13.0,,,,,,7.0,0.0
reactive_power_discr,23.0,13.0,,,,,,8.0,0.0
reactive_power_discr,23.0,13.0,,,,,,9.0,0.0
reactive_power_discr,23.0,13.0,,,,,,10.0,0.0
reactive_power_discr,23.0,13.0,,,,,,11.0,0.0
reactive_power_discr,23.0,13.0,,,,,,12.0,0.0
reactive_power_discr,23.0,13.0,,,,,,13.0,0.0
reactive_power_discr,23.0,13.0,,,,,,14.0,0.0
reactive_power_discr,23.0,13.0,,,,,,15.0,0.0
reactive_power_discr,23.0,14.0,,,,,,1.0,0.0025728890853920897
reactive_power_discr,23.0,14.0,,,,,,2.0,0.0
reactive_power_discr,23.0,14.0,,,,,,3.0,0.0
reactive_power_discr,23.0,14.0,,,,,,4.0,0.0
reactive_power_discr,23.0,14.0,,,,,,5.0,0.0
reactive_power_discr,23.0,14.0,,,,,,6.0,0.0
reactive_power_discr,23.0,14.0,,,,,,7.0,0.0
reactive_power_discr,23.0,14.0,,,,,,8.0,0.0
reactive_power_discr,23.0,14.0,,,,,,9.0,0.0
reactive_power_discr,23.0,14.0,,,,,,10.0,0.0
reactive_power_discr,23.0,14.0,,,,,,11.0,0.0
reactive_power_discr,23.0,14.0,,,,,,12.0,0.0
reactive_power_discr,23.0,14.0,,,,,,13.0,0.0
reactive_power_discr,23.0,14.0,,,,,,14.0,0.0
reactive_power_discr,23.0,14.0,,,,,,15.0,0.0
reactive_power_discr,23.0,15.0,,,,,,1.0,0.0
reactive_power_discr,23.0,15.0,,,,,,2.0,0.0
reactive_power_discr,23.0,15.0,,,,,,3.0,0.0
reactive_power_discr,23.0,15.0,,,,,,4.0,0.0
reactive_power_discr,23.0,15.0,,,,,,5.0,0.0
reactive_power_discr,23.0,15.0,,,,,,6.0,0.0
reactive_power_discr,23.0,15.0,,,,,,7.0,0.0
reactive_power_discr,23.0,15.0,,,,,,8.0,0.0
reactive_power_discr,23.0,15.0,,,,,,9.0,0.0
reactive_power_discr,23.0,15.0,,,,,,10.0,0.0
reactive_power_discr,23.0,15.0,,,,,,11.0,0.0
reactive_power_discr,23.0,15.0,,,,,,12.0,0.0
reactive_power_discr,23.0,15.0,,,,,,13.0,0.0
reactive_power_discr,23.0,15.0,,,,,,14.0,0.0
reactive_power_discr,23.0,15.0,,,,,,15.0,0.0
reactive_power_discr,23.0,16.0,,,,,,1.0,8.237712994440176e-05
reactive_power_discr,23.0,16.0,,,,,,2.0,0.0
reactive_power_discr,23.0,16.0,,,,,,3.0,0.0
reactive_power_discr,23.0,16.0,,,,,,4.0,0.0
reactive_power_discr,23.0,16.0,,,,,,5.0,0.0
reactive_power_discr,23.0,16.0,,,,,,6.0,0.0
reactive_power_discr,23.0,16.0,,,,,,7.0,0.0
reactive_power_discr,23.0,16.0,,,,,,8.0,0.0
reactive_power_discr,23.0,16.0,,,,,,9.0,0.0
reactive_power_discr,23.0,16.0,,,,,,10.0,0.0
reactive_power_discr,23.0,16.0,,,,,,11.0,0.0
reactive_power_discr,23.0,16.0,,,,,,12.0,0.0
reactive_power_discr,23.0,16.0,,,,,,13.0,0.0
reactive_power_discr,23.0,16.0,,,,,,14.0,0.0
reactive_power_discr,23.0,16.0,,,,,,15.0,0.0
reactive_power_discr,23.0,17.0,,,,,,1.0,0.0
reactive_power_discr,23.0,17.0,,,,,,2.0,0.0
reactive_power_discr,23.0,17.0,,,,,,3.0,0.0
reactive_power_discr,23.0,17.0,,,,,,4.0,0.0
reactive_power_discr,23.0,17.0,,,,,,5.0,0.0
reactive_power_discr,23.0,17.0,,,,,,6.0,0.0
reactive_power_discr,23.0,17.0,,,,,,7.0,0.0
reactive_power_discr,23.0,17.0,,,,,,8.0,0.0
reactive_power_discr,23.0,17.0,,,,,,9.0,0.0
reactive_power_discr,23.0,17.0,,,,,,10.0,0.0
reactive_power_discr,23.0,17.0,,,,,,11.0,0.0
reactive_power_discr,23.0,17.0,,,,,,12.0,0.0
reactive_power_discr,23.0,17.0,,,,,,13.0,0.0
reactive_power_discr,23.0,17.0,,,,,,14.0,0.0
reactive_power_discr,23.0,17.0,,,,,,15.0,0.0
reactive_power_discr,24.0,3.0,,,,,,1.0,5.253260691717367e-05
reactive_power_discr,24.0,3.0,,,,,,2.0,0.0
reactive_power_discr,24.0,3.0,,,,,,3.0,0.0
reactive_power_discr,24.0,3.0,,,,,,4.0,0.0
reactive_power_discr,24.0,3.0,,,,,,5.0,0.0
reactive_power_discr,24.0,3.0,,,,,,6.0,0.0
reactive_power_discr,24.0,3.0,,,,,,7.0,0.0
reactive_power_discr,24.0,3.0,,,,,,8.0,0.0
reactive_power_discr,24.0,3.0,,,,,,9.0,0.0
reactive_power_discr,24.0,3.0,,,,,,10.0,0.0
reactive_power_discr,24.0,3.0,,,,,,11.0,0.0
reactive_power_discr,24.0,3.0,,,,,,12.0,0.0
reactive_power_discr,24.0,3.0,,,,,,13.0,0.0
reactive_power_discr,24.0,3.0,,,,,,14.0,0.0
reactive_power_discr,24.0,3.0,,,,,,15.0,0.0
reactive_power_discr,24.0,5.0,,,,,,1.0,0.001088998703211149
reactive_power_discr,24.0,5.0,,,,,,2.0,0.0
reactive_power_discr,24.0,5.0,,,,,,3.0,0.0
reactive_power_discr,24.0,5.0,,,,,,4.0,0.0
reactive_power_discr,24.0,5.0,,,,,,5.0,0.0
reactive_power_discr,24.0,5.0,,,,,,6.0,0.0
reactive_power_discr,24.0,5.0,,,,,,7.0,0.0
reactive_power_discr,24.0,5.0,,,,,,8.0,0.0
reactive_power_discr,24.0,5.0,,,,,,9.0,0.0
reactive_power_discr,24.0,5.0,,,,,,10.0,0.0
reactive_power_discr,24.0,5.0,,,,,,11.0,0.0
reactive_power_discr,24.0,5.0,,,,,,12.0,0.0
reactive_power_discr,24.0,5.0,,,,,,13.0,0.0
reactive_power_discr,24.0,5.0,,,,,,14.0,0.0
reactive_power_discr,24.0,5.0,,,,,,15.0,0.0
reactive_power_discr,24.0,6.0,,,,,,1.0,0.0002879981388585557
reactive_power_discr,24.0,6.0,,,,,,2.0,0.0
reactive_power_discr,24.0,6.0,,,,,,3.0,0.0
reactive_power_discr,24.0,6.0,,,,,,4.0,0.0
reactive_power_discr,24.0,6.0,,,,,,5.0,0.0
reactive_power_discr,24.0,6.0,,,,,,6.0,0.0
reactive_power_discr,24.0,6.0,,,,,,7.0,0.0
reactive_power_discr,24.0,6.0,,,,,,8.0,0.0
reactive_power_discr,24.0,6.0,,,,,,9.0,0.0
reactive_power_discr,24.0,6.0,,,,,,10.0,0.0
reactive_power_discr,24.0,6.0,,,,,,11.0,0.0
reactive_power_discr,24.0,6.0,,,,,,12.0,0.0
reactive_power_discr,24.0,6.0,,,,,,13.0,0.0
reactive_power_discr,24.0,6.0,,,,,,14.0,0.0
reactive_power_discr,24.0,6.0,,,,,,15.0,0.0
reactive_power_discr,24.0,8.0,,,,,,1.0,0.0
reactive_power_discr,24.0,8.0,,,,,,2.0,0.0
reactive_power_discr,24.0,8.0,,,,,,3.0,0.0
reactive_power_discr,24.0,8.0,,,,,,4.0,0.0
reactive_power_discr,24.0,8.0,,,,,,5.0,0.0
reactive_power_discr,24.0,8.0,,,,,,6.0,0.0
reactive_power_discr,24.0,8.0,,,,,,7.0,0.0
reactive_power_discr,24.0,8.0,,,,,,8.0,0.0
reactive_power_discr,24.0,8.0,,,,,,9.0,0.0
reactive_power_discr,24.0,8.0,,,,,,10.0,0.0
reactive_power_discr,24.0,8.0,,,,,,11.0,0.0
reactive_power_discr,24.0,8.0,,,,,,12.0,0.0
reactive_power_discr,24.0,8.0,,,,,,13.0,0.0
reactive_power_discr,24.0,8.0,,,,,,14.0,0.0
reactive_power_discr,24.0,8.0,,,,,,15.0,0.0
reactive_power_discr,24.0,9.0,,,,,,1.0,8.476260965682924e-05
reactive_power_discr,24.0,9.0,,,,,,2.0,0.0
reactive_power_discr,24.0,9.0,,,,,,3.0,0.0
reactive_power_discr,24.0,9.0,,,,,,4.0,0.0
reactive_power_discr,24.0,9.0,,,,,,5.0,0.0
reactive_power_discr,24.0,9.0,,,,,,6.0,0.0
reactive_power_discr,24.0,9.0,,,,,,7.0,0.0
reactive_power_discr,24.0,9.0,,,,,,8.0,0.0
reactive_power_discr,24.0,9.0,,,,,,9.0,0.0
reactive_power_discr,24.0,9.0,,,,,,10.0,0.0
reactive_power_discr,24.0,9.0,,,,,,11.0,0.0
reactive_power_discr,24.0,9.0,,,,,,12.0,0.0
reactive_power_discr,24.0,9.0,,,,,,13.0,0.0
reactive_power_discr,24.0,9.0,,,,,,14.0,0.0
reactive_power_discr,24.0,9.0,,,,,,15.0,0.0
reactive_power_discr,24.0,10.0,,,,,,1.0,0.0010683975925338148
reactive_power_discr,24.0,10.0,,,,,,2.0,0.0
reactive_power_discr,24.0,10.0,,,,,,3.0,0.0
reactive_power_discr,24.0,10.0,,,,,,4.0,0.0
reactive_power_discr,24.0,10.0,,,,,,5.0,0.0
reactive_power_discr,24.0,10.0,,,,,,6.0,0.0
reactive_power_discr,24.0,10.0,,,,,,7.0,0.0
reactive_power_discr,24.0,10.0,,,,,,8.0,0.0
reactive_power_discr,24.0,10.0,,,,,,9.0,0.0
reactive_power_discr,24.0,10.0,,,,,,10.0,0.0
reactive_power_discr,24.0,10.0,,,,,,11.0,0.0
reactive_power_discr,24.0,10.0,,,,,,12.0,0.0
reactive_power_discr,24.0,10.0,,,,,,13.0,0.0
reactive_power_discr,24.0,10.0,,,,,,14.0,0.0
reactive_power_discr,24.0,10.0,,,,,,15.0,0.0
reactive_power_discr,24.0,13.0,,,,,,1.0,0.0
reactive_power_discr,24.0,13.0,,,,,,2.0,0.0
reactive_power_discr,24.0,13.0,,,,,,3.0,0.0
reactive_power_discr,24.0,13.0,,,,,,4.0,0.0
reactive_power_discr,24.0,13.0,,,,,,5.0,0.0
reactive_power_discr,24.0,13.0,,,,,,6.0,0.0
reactive_power_discr,24.0,13.0,,,,,,7.0,0.0
reactive_power_discr,24.0,13.0,,,,,,8.0,0.0
reactive_power_discr,24.0,13.0,,,,,,9.0,0.0
reactive_power_discr,24.0,13.0,,,,,,10.0,0.0
reactive_power_discr,24.0,13.0,,,,,,11.0,0.0
reactive_power_discr,24.0,13.0,,,,,,12.0,0.0
reactive_power_discr,24.0,13.0,,,,,,13.0,0.0
reactive_power_discr,24.0,13.0,,,,,,14.0,0.0
reactive_power_discr,24.0,13.0,,,,,,15.0,0.0
reactive_power_discr,24.0,14.0,,,,,,1.0,0.0011670146899521998
reactive_power_discr,24.0,14.0,,,,,,2.0,0.0
reactive_power_discr,24.0,14.0,,,,,,3.0,0.0
reactive_power_discr,24.0,14.0,,,,,,4.0,0.0
reactive_power_discr,24.0,14.0,,,,,,5.0,0.0
reactive_power_discr,24.0,14.0,,,,,,6.0,0.0
reactive_power_discr,24.0,14.0,,,,,,7.0,0.0
reactive_power_discr,24.0,14.0,,,,,,8.0,0.0
reactive_power_discr,24.0,14.0,,,,,,9.0,0.0
reactive_power_discr,24.0,14.0,,,,,,10.0,0.0
reactive_power_discr,24.0,14.0,,,,,,11.0,0.0
reactive_power_discr,24.0,14.0,,,,,,12.0,0.0
reactive_power_discr,24.0,14.0,,,,,,13.0,0.0
reactive_power_discr,24.0,14.0,,,,,,14.0,0.0
reactive_power_discr,24.0,14.0,,,,,,15.0,0.0
reactive_power_discr,24.0,15.0,,,,,,1.0,0.0
reactive_power_discr,24.0,15.0,,,,,,2.0,0.0
reactive_power_discr,24.0,15.0,,,,,,3.0,0.0
reactive_power_discr,24.0,15.0,,,,,,4.0,0.0
reactive_power_discr,24.0,15.0,,,,,,5.0,0.0
reactive_power_discr,24.0,15.0,,,,,,6.0,0.0
reactive_power_discr,24.0,15.0,,,,,,7.0,0.0
reactive_power_discr,24.0,15.0,,,,,,8.0,0.0
reactive_power_discr,24.0,15.0,,,,,,9.0,0.0
reactive_power_discr,24.0,15.0,,,,,,10.0,0.0
reactive_power_discr,24.0,15.0,,,,,,11.0,0.0
reactive_power_discr,24.0,15.0,,,,,,12.0,0.0
reactive_power_discr,24.0,15.0,,,,,,13.0,0.0
reactive_power_discr,24.0,15.0,,,,,,14.0,0.0
reactive_power_discr,24.0,15.0,,,,,,15.0,0.0
reactive_power_discr,24.0,16.0,,,,,,1.0,6.864760828700145e-05
reactive_power_discr,24.0,16.0,,,,,,2.0,0.0
reactive_power_discr,24.0,16.0,,,,,,3.0,0.0
reactive_power_discr,24.0,16.0,,,,,,4.0,0.0
reactive_power_discr,24.0,16.0,,,,,,5.0,0.0
reactive_power_discr,24.0,16.0,,,,,,6.0,0.0
reactive_power_discr,24.0,16.0,,,,,,7.0,0.0
reactive_power_discr,24.0,16.0,,,,,,8.0,0.0
reactive_power_discr,24.0,16.0,,,,,,9.0,0.0
reactive_power_discr,24.0,16.0,,,,,,10.0,0.0
reactive_power_discr,24.0,16.0,,,,,,11.0,0.0
reactive_power_discr,24.0,16.0,,,,,,12.0,0.0
reactive_power_discr,24.0,16.0,,,,,,13.0,0.0
reactive_power_discr,24.0,16.0,,,,,,14.0,0.0
reactive_power_discr,24.0,16.0,,,,,,15.0,0.0
reactive_power_discr,24.0,17.0,,,,,,1.0,0.0
reactive_power_discr,24.0,17.0,,,,,,2.0,0.0
reactive_power_discr,24.0,17.0,,,,,,3.0,0.0
reactive_power_discr,24.0,17.0,,,,,,4.0,0.0
reactive_power_discr,24.0,17.0,,,,,,5.0,0.0
reactive_power_discr,24.0,17.0,,,,,,6.0,0.0
reactive_power_discr,24.0,17.0,,,,,,7.0,0.0
reactive_power_discr,24.0,17.0,,,,,,8.0,0.0
reactive_power_discr,24.0,17.0,,,,,,9.0,0.0
reactive_power_discr,24.0,17.0,,,,,,10.0,0.0
reactive_power_discr,24.0,17.0,,,,,,11.0,0.0
reactive_power_discr,24.0,17.0,,,,,,12.0,0.0
reactive_power_discr,24.0,17.0,,,,,,13.0,0.0
reactive_power_discr,24.0,17.0,,,,,,14.0,0.0
reactive_power_discr,24.0,17.0,,,,,,15.0,0.0
P_load,1.0,,,,,19.0,,,0.0161571943430776
P_load,1.0,,,,,20.0,,,0.020196492928847003
P_load,1.0,,,,,24.0,,,0.00329508519777607
P_load,1.0,,,,,21.0,,,0.0363536872719246
P_load,1.0,,,,,18.0,,,0.01038676779197846
P_load,1.0,,,,,23.0,,,0.0006827441403397127
P_load,1.0,,,,,22.0,,,0.002614441322884152
P_load,1.0,,,,,17.0,,,0.10964882161859449
P_load,1.0,,,,,25.0,,,0.001647542598888035
P_load,2.0,,,,,19.0,,,0.0161571943430776
P_load,2.0,,,,,20.0,,,0.020196492928847003
P_load,2.0,,,,,24.0,,,0.00329508519777607
P_load,2.0,,,,,21.0,,,0.0363536872719246
P_load,2.0,,,,,18.0,,,0.01038676779197846
P_load,2.0,,,,,23.0,,,0.0006827441403397127
P_load,2.0,,,,,22.0,,,0.002614441322884152
P_load,2.0,,,,,17.0,,,0.10964882161859449
P_load,2.0,,,,,25.0,,,0.001647542598888035
P_load,3.0,,,,,19.0,,,0.0161571943430776
P_load,3.0,,,,,20.0,,,0.020196492928847003
P_load,3.0,,,,,24.0,,,0.00329508519777607
P_load,3.0,,,,,21.0,,,0.0363536872719246
P_load,3.0,,,,,18.0,,,0.01038676779197846
P_load,3.0,,,,,23.0,,,0.0006827441403397127
P_load,3.0,,,,,22.0,,,0.002614441322884152
P_load,3.0,,,,,17.0,,,0.10964882161859449
P_load,3.0,,,,,25.0,,,0.001647542598888035
P_load,4.0,,,,,19.0,,,0.0161571943430776
P_load,4.0,,,,,20.0,,,0.020196492928847003
P_load,4.0,,,,,24.0,,,0.00329508519777607
P_load,4.0,,,,,21.0,,,0.0363536872719246
P_load,4.0,,,,,18.0,,,0.01038676779197846
P_load,4.0,,,,,23.0,,,0.0006827441403397127
P_load,4.0,,,,,22.0,,,0.002614441322884152
P_load,4.0,,,,,17.0,,,0.10964882161859449
P_load,4.0,,,,,25.0,,,0.001647542598888035
P_load,5.0,,,,,19.0,,,0.01642629260300599
P_load,5.0,,,,,20.0,,,0.02053286575375748
P_load,5.0,,,,,24.0,,,0.00329508519777607
P_load,5.0,,,,,21.0,,,0.036959158356763465
P_load,5.0,,,,,18.0,,,0.010559759530503851
P_load,5.0,,,,,23.0,,,0.0006827441403397127
P_load,5.0,,,,,22.0,,,0.002614441322884152
P_load,5.0,,,,,17.0,,,0.1106614768147173
P_load,5.0,,,,,25.0,,,0.001647542598888035
P_load,6.0,,,,,19.0,,,0.020418471900677238
P_load,6.0,,,,,20.0,,,0.02552308987584655
P_load,6.0,,,,,24.0,,,0.003610455824228517
P_load,6.0,,,,,21.0,,,0.04594156177652379
P_load,6.0,,,,,18.0,,,0.01312616050757823
P_load,6.0,,,,,23.0,,,0.0006827441403397127
P_load,6.0,,,,,22.0,,,0.002614441322884152
P_load,6.0,,,,,17.0,,,0.12641411178470038
P_load,6.0,,,,,25.0,,,0.0018052279121142589
P_load,7.0,,,,,19.0,,,0.02680450537910347
P_load,7.0,,,,,20.0,,,0.03350563172387933
P_load,7.0,,,,,24.0,,,0.008267437143658032
P_load,7.0,,,,,21.0,,,0.0603101371029828
P_load,7.0,,,,,18.0,,,0.017231467743709372
P_load,7.0,,,,,23.0,,,0.0006827441403397127
P_load,7.0,,,,,22.0,,,0.0069254613258794085
P_load,7.0,,,,,17.0,,,0.1430035729482157
P_load,7.0,,,,,25.0,,,0.004133718571829016
P_load,8.0,,,,,19.0,,,0.06127993801685353
P_load,8.0,,,,,20.0,,,0.07659992252106691
P_load,8.0,,,,,24.0,,,0.01570213389022804
P_load,8.0,,,,,21.0,,,0.1378798605379205
P_load,8.0,,,,,18.0,,,0.03939424586797727
P_load,8.0,,,,,23.0,,,0.003464968230448759
P_load,8.0,,,,,22.0,,,0.01217469292117973
P_load,8.0,,,,,17.0,,,0.25850539037992387
P_load,8.0,,,,,25.0,,,0.007851066945114019
P_load,9.0,,,,,19.0,,,0.05856197086492379
P_load,9.0,,,,,20.0,,,0.07320246358115474
P_load,9.0,,,,,24.0,,,0.015309208101972751
P_load,9.0,,,,,21.0,,,0.1317644344460785
P_load,9.0,,,,,18.0,,,0.037646981270308154
P_load,9.0,,,,,23.0,,,0.01297229716233721
P_load,9.0,,,,,22.0,,,0.021632913285014866
P_load,9.0,,,,,17.0,,,0.258186077785066
P_load,9.0,,,,,25.0,,,0.007654604050986375
P_load,10.0,,,,,19.0,,,0.057980402884193157
P_load,10.0,,,,,20.0,,,0.07247550360524145
P_load,10.0,,,,,24.0,,,0.015035916925310311
P_load,10.0,,,,,21.0,,,0.1304559064894346
P_load,10.0,,,,,18.0,,,0.037273116139838455
P_load,10.0,,,,,23.0,,,0.01971802742192288
P_load,10.0,,,,,22.0,,,0.02088455069097532
P_load,10.0,,,,,17.0,,,0.258186077785066
P_load,10.0,,,,,25.0,,,0.0075179584626551554
P_load,11.0,,,,,19.0,,,0.05856197086492379
P_load,11.0,,,,,20.0,,,0.07320246358115474
P_load,11.0,,,,,24.0,,,0.01472174037161636
P_load,11.0,,,,,21.0,,,0.1317644344460785
P_load,11.0,,,,,18.0,,,0.037646981270308154
P_load,11.0,,,,,23.0,,,0.01971802742192288
P_load,11.0,,,,,22.0,,,0.020257166567458348
P_load,11.0,,,,,17.0,,,0.258186077785066
P_load,11.0,,,,,25.0,,,0.007360870185808177
P_load,12.0,,,,,19.0,,,0.05570856529879482
P_load,12.0,,,,,20.0,,,0.06963570662349351
P_load,12.0,,,,,24.0,,,0.008110825430018299
P_load,12.0,,,,,21.0,,,0.1253442719222883
P_load,12.0,,,,,18.0,,,0.035812649120653815
P_load,12.0,,,,,23.0,,,0.01971802742192288
P_load,12.0,,,,,22.0,,,0.02001431903333181
P_load,12.0,,,,,17.0,,,0.2434894753136826
P_load,12.0,,,,,25.0,,,0.0040554127150091495
P_load,13.0,,,,,19.0,,,0.05904661084886603
P_load,13.0,,,,,20.0,,,0.07380826356108254
P_load,13.0,,,,,24.0,,,0.01439164015286913
P_load,13.0,,,,,21.0,,,0.1328548744099486
P_load,13.0,,,,,18.0,,,0.0379585355456996
P_load,13.0,,,,,23.0,,,0.01971802742192288
P_load,13.0,,,,,22.0,,,0.02023500474417104
P_load,13.0,,,,,17.0,,,0.258186077785066
P_load,13.0,,,,,25.0,,,0.007195820076434565
P_load,14.0,,,,,19.0,,,0.057980402884193157
P_load,14.0,,,,,20.0,,,0.07247550360524145
P_load,14.0,,,,,24.0,,,0.01432236602191251
P_load,14.0,,,,,21.0,,,0.1304559064894346
P_load,14.0,,,,,18.0,,,0.037273116139838455
P_load,14.0,,,,,23.0,,,0.01971802742192288
P_load,14.0,,,,,22.0,,,0.02030078907592739
P_load,14.0,,,,,17.0,,,0.258186077785066
P_load,14.0,,,,,25.0,,,0.007161183010956255
P_load,15.0,,,,,19.0,,,0.057980402884193157
P_load,15.0,,,,,20.0,,,0.07247550360524145
P_load,15.0,,,,,24.0,,,0.01454341243668833
P_load,15.0,,,,,21.0,,,0.1304559064894346
P_load,15.0,,,,,18.0,,,0.037273116139838455
P_load,15.0,,,,,23.0,,,0.01971802742192288
P_load,15.0,,,,,22.0,,,0.02082207041370828
P_load,15.0,,,,,17.0,,,0.258186077785066
P_load,15.0,,,,,25.0,,,0.007271706218344164
P_load,16.0,,,,,19.0,,,0.058876501288070274
P_load,16.0,,,,,20.0,,,0.07359562661008782
P_load,16.0,,,,,24.0,,,0.01478142597787663
P_load,16.0,,,,,21.0,,,0.1324721278981581
P_load,16.0,,,,,18.0,,,0.037849179399473735
P_load,16.0,,,,,23.0,,,0.01971802742192288
P_load,16.0,,,,,22.0,,,0.02187753250557294
P_load,16.0,,,,,17.0,,,0.2582057439225432
P_load,16.0,,,,,25.0,,,0.007390712988938314
P_load,17.0,,,,,19.0,,,0.0366911276375237
P_load,17.0,,,,,20.0,,,0.04586390954690463
P_load,17.0,,,,,24.0,,,0.007817358391462938
P_load,17.0,,,,,21.0,,,0.08255503718442833
P_load,17.0,,,,,18.0,,,0.02358715348126524
P_load,17.0,,,,,23.0,,,0.01971802742192288
P_load,17.0,,,,,22.0,,,0.02275715326101443
P_load,17.0,,,,,17.0,,,0.17096339308702982
P_load,17.0,,,,,25.0,,,0.003908679195731469
P_load,18.0,,,,,19.0,,,0.02458675872298922
P_load,18.0,,,,,20.0,,,0.030733448403736523
P_load,18.0,,,,,24.0,,,0.0032948645305301955
P_load,18.0,,,,,21.0,,,0.05532020712672573
P_load,18.0,,,,,18.0,,,0.01580577346477878
P_load,18.0,,,,,23.0,,,0.01971802742192288
P_load,18.0,,,,,22.0,,,0.01724815022427559
P_load,18.0,,,,,17.0,,,0.1430136070013701
P_load,18.0,,,,,25.0,,,0.0016474322652650978
P_load,19.0,,,,,19.0,,,0.02494034639973872
P_load,19.0,,,,,20.0,,,0.031175432999673403
P_load,19.0,,,,,24.0,,,0.0032903023803865323
P_load,19.0,,,,,21.0,,,0.05611577939941212
P_load,19.0,,,,,18.0,,,0.01603307982840346
P_load,19.0,,,,,23.0,,,0.01971802742192288
P_load,19.0,,,,,22.0,,,0.015178809436011959
P_load,19.0,,,,,17.0,,,0.1439931798806599
P_load,19.0,,,,,25.0,,,0.0016451511901932662
P_load,20.0,,,,,19.0,,,0.022797299790529132
P_load,20.0,,,,,20.0,,,0.028496624738161412
P_load,20.0,,,,,24.0,,,0.00329508519777607
P_load,20.0,,,,,21.0,,,0.05129392452869055
P_load,20.0,,,,,18.0,,,0.0146554070081973
P_load,20.0,,,,,23.0,,,0.01324280552618331
P_load,20.0,,,,,22.0,,,0.01519722126003541
P_load,20.0,,,,,17.0,,,0.1356158951986698
P_load,20.0,,,,,25.0,,,0.001647542598888035
P_load,21.0,,,,,19.0,,,0.02279256485676759
P_load,21.0,,,,,20.0,,,0.028490706070959493
P_load,21.0,,,,,24.0,,,0.00329508519777607
P_load,21.0,,,,,21.0,,,0.05128327092772707
P_load,21.0,,,,,18.0,,,0.01465236312220773
P_load,21.0,,,,,23.0,,,0.006313282869388864
P_load,21.0,,,,,22.0,,,0.0030424060074479547
P_load,21.0,,,,,17.0,,,0.1356158951986698
P_load,21.0,,,,,25.0,,,0.001647542598888035
P_load,22.0,,,,,19.0,,,0.02058539904438327
P_load,22.0,,,,,20.0,,,0.02573174880547909
P_load,22.0,,,,,24.0,,,0.00329508519777607
P_load,22.0,,,,,21.0,,,0.04631714784986237
P_load,22.0,,,,,18.0,,,0.01323347081424639
P_load,22.0,,,,,23.0,,,0.0062745182744494265
P_load,22.0,,,,,22.0,,,0.002614441322884152
P_load,22.0,,,,,17.0,,,0.127066516804749
P_load,22.0,,,,,25.0,,,0.001647542598888035
P_load,23.0,,,,,19.0,,,0.01948166506592471
P_load,23.0,,,,,20.0,,,0.024352081332405892
P_load,23.0,,,,,24.0,,,0.00329508519777607
P_load,23.0,,,,,21.0,,,0.04383374639833059
P_load,23.0,,,,,18.0,,,0.01252392754238017
P_load,23.0,,,,,23.0,,,0.003590037869657076
P_load,23.0,,,,,22.0,,,0.002614441322884152
P_load,23.0,,,,,17.0,,,0.12279183650838331
P_load,23.0,,,,,25.0,,,0.001647542598888035
P_load,24.0,,,,,19.0,,,0.0161571943430776
P_load,24.0,,,,,20.0,,,0.020196492928847003
P_load,24.0,,,,,24.0,,,0.00329508519777607
P_load,24.0,,,,,21.0,,,0.0363536872719246
P_load,24.0,,,,,18.0,,,0.01038676779197846
P_load,24.0,,,,,23.0,,,0.0007054087067255551
P_load,24.0,,,,,22.0,,,0.002614441322884152
P_load,24.0,,,,,17.0,,,0.10964882161859449
P_load,24.0,,,,,25.0,,,0.001647542598888035
Q_load,1.0,,,,,19.0,,,0.012289448979097629
Q_load,1.0,,,,,20.0,,,0.01536181122387204
Q_load,1.0,,,,,24.0,,,0.0
Q_load,1.0,,,,,21.0,,,0.027651260202969673
Q_load,1.0,,,,,18.0,,,0.007900360057991336
Q_load,1.0,,,,,23.0,,,-0.0003051659415154777
Q_load,1.0,,,,,22.0,,,-0.001168576045834583
Q_load,1.0,,,,,17.0,,,0.08340084115391168
Q_load,1.0,,,,,25.0,,,0.0
Q_load,2.0,,,,,19.0,,,0.012122574481538818
Q_load,2.0,,,,,20.0,,,0.01515321810192352
Q_load,2.0,,,,,24.0,,,-0.00016475425988880349
Q_load,2.0,,,,,21.0,,,0.02727579258346234
Q_load,2.0,,,,,18.0,,,0.0077930835952749545
Q_load,2.0,,,,,23.0,,,-0.0001003426994135638
Q_load,2.0,,,,,22.0,,,-0.00038424364896933746
Q_load,2.0,,,,,17.0,,,0.0822683678032177
Q_load,2.0,,,,,25.0,,,-8.237712994440176e-05
Q_load,3.0,,,,,19.0,,,0.01193799422365629
Q_load,3.0,,,,,20.0,,,0.01492249277957036
Q_load,3.0,,,,,24.0,,,-0.00016475425988880349
Q_load,3.0,,,,,21.0,,,0.02686048700322664
Q_load,3.0,,,,,18.0,,,0.007674424858064754
Q_load,3.0,,,,,23.0,,,-3.342601520413177e-05
Q_load,3.0,,,,,22.0,,,-0.0001279986897662033
Q_load,3.0,,,,,17.0,,,0.08101573647743636
Q_load,3.0,,,,,25.0,,,-8.237712994440176e-05
Q_load,4.0,,,,,19.0,,,0.01205664283375776
Q_load,4.0,,,,,20.0,,,0.0150708035421972
Q_load,4.0,,,,,24.0,,,-0.00016475425988880349
Q_load,4.0,,,,,21.0,,,0.02712744637595496
Q_load,4.0,,,,,18.0,,,0.007750698964558561
Q_load,4.0,,,,,23.0,,,-3.413720701698564e-05
Q_load,4.0,,,,,22.0,,,-0.0001307220661442076
Q_load,4.0,,,,,17.0,,,0.0818209307461978
Q_load,4.0,,,,,25.0,,,-8.237712994440176e-05
Q_load,5.0,,,,,19.0,,,0.01232769901499222
Q_load,5.0,,,,,20.0,,,0.01540962376874027
Q_load,5.0,,,,,24.0,,,-0.00016475425988880349
Q_load,5.0,,,,,21.0,,,0.02773732278373249
Q_load,5.0,,,,,18.0,,,0.007924949366780709
Q_load,5.0,,,,,23.0,,,-7.258845667897495e-05
Q_load,5.0,,,,,22.0,,,-0.0002779639538341118
Q_load,5.0,,,,,17.0,,,0.08304986473190715
Q_load,5.0,,,,,25.0,,,-8.237712994440176e-05
Q_load,6.0,,,,,19.0,,,0.015056478229280908
Q_load,6.0,,,,,20.0,,,0.01882059778660113
Q_load,6.0,,,,,24.0,,,0.0
Q_load,6.0,,,,,21.0,,,0.033877076015882045
Q_load,6.0,,,,,18.0,,,0.0096791645759663
Q_load,6.0,,,,,23.0,,,-0.00021367015564203009
Q_load,6.0,,,,,22.0,,,-0.0008182100019191016
Q_load,6.0,,,,,17.0,,,0.09321712864796186
Q_load,6.0,,,,,25.0,,,0.0
Q_load,7.0,,,,,19.0,,,0.018855648672350112
Q_load,7.0,,,,,20.0,,,0.02356956084043764
Q_load,7.0,,,,,24.0,,,0.0
Q_load,7.0,,,,,21.0,,,0.042425209512787755
Q_load,7.0,,,,,18.0,,,0.01212148843222507
Q_load,7.0,,,,,23.0,,,-0.00020107190067147578
Q_load,7.0,,,,,22.0,,,-0.002039586412456793
Q_load,7.0,,,,,17.0,,,0.100595966695377
Q_load,7.0,,,,,25.0,,,0.0
Q_load,8.0,,,,,19.0,,,0.03867999533219721
Q_load,8.0,,,,,20.0,,,0.048349994165246504
Q_load,8.0,,,,,24.0,,,0.0
Q_load,8.0,,,,,21.0,,,0.08702998949744373
Q_load,8.0,,,,,18.0,,,0.02486571128498392
Q_load,8.0,,,,,23.0,,,-0.0001629258958732544
Q_load,8.0,,,,,22.0,,,-0.0005724649172059156
Q_load,8.0,,,,,17.0,,,0.1631690177378003
Q_load,8.0,,,,,25.0,,,0.0
Q_load,9.0,,,,,19.0,,,0.03340368920537814
Q_load,9.0,,,,,20.0,,,0.04175461150672269
Q_load,9.0,,,,,24.0,,,0.003859196209038964
Q_load,9.0,,,,,21.0,,,0.0751583007121008
Q_load,9.0,,,,,18.0,,,0.02147380020345738
Q_load,9.0,,,,,23.0,,,0.002169140206727019
Q_load,9.0,,,,,22.0,,,0.0036173101346616424
Q_load,9.0,,,,,17.0,,,0.1472690787572788
Q_load,9.0,,,,,25.0,,,0.001929598104519482
Q_load,10.0,,,,,19.0,,,0.027339881114800027
Q_load,10.0,,,,,20.0,,,0.034174851393500044
Q_load,10.0,,,,,24.0,,,0.00477276453917047
Q_load,10.0,,,,,21.0,,,0.06151473250830008
Q_load,10.0,,,,,18.0,,,0.017575637859514312
Q_load,10.0,,,,,23.0,,,0.005207785468290116
Q_load,10.0,,,,,22.0,,,0.005515879315560013
Q_load,10.0,,,,,17.0,,,0.12174418115443289
Q_load,10.0,,,,,25.0,,,0.002386382269585235
Q_load,11.0,,,,,19.0,,,0.02593882256120018
Q_load,11.0,,,,,20.0,,,0.03242352820150023
Q_load,11.0,,,,,24.0,,,0.0030027364385422487
Q_load,11.0,,,,,21.0,,,0.05836235076270038
Q_load,11.0,,,,,18.0,,,0.01667495736077154
Q_load,11.0,,,,,23.0,,,0.005545695212415811
Q_load,11.0,,,,,22.0,,,0.00569732809709766
Q_load,11.0,,,,,17.0,,,0.1143582219062628
Q_load,11.0,,,,,25.0,,,0.001501368219271124
Q_load,12.0,,,,,19.0,,,0.02519507398737231
Q_load,12.0,,,,,20.0,,,0.03149384248421538
Q_load,12.0,,,,,24.0,,,0.001352014145826808
Q_load,12.0,,,,,21.0,,,0.056688916471587684
Q_load,12.0,,,,,18.0,,,0.016196833277596478
Q_load,12.0,,,,,23.0,,,0.005116230600006506
Q_load,12.0,,,,,22.0,,,0.005193109294633442
Q_load,12.0,,,,,17.0,,,0.1101219410834013
Q_load,12.0,,,,,25.0,,,0.0006760070729134041
Q_load,13.0,,,,,19.0,,,0.027149371495939517
Q_load,13.0,,,,,20.0,,,0.0339367143699244
Q_load,13.0,,,,,24.0,,,0.0027074151650606708
Q_load,13.0,,,,,21.0,,,0.06108608586586393
Q_load,13.0,,,,,18.0,,,0.01745316739024684
Q_load,13.0,,,,,23.0,,,0.00513068663184076
Q_load,13.0,,,,,22.0,,,0.005265205596616841
Q_load,13.0,,,,,17.0,,,0.11871282094086369
Q_load,13.0,,,,,25.0,,,0.001353707582530335
Q_load,14.0,,,,,19.0,,,0.025978673355432472
Q_load,14.0,,,,,20.0,,,0.03247334169429061
Q_load,14.0,,,,,24.0,,,0.0022331583863113577
Q_load,14.0,,,,,21.0,,,0.05845201504972307
Q_load,14.0,,,,,18.0,,,0.0167005757284923
Q_load,14.0,,,,,23.0,,,0.005366801818466914
Q_load,14.0,,,,,22.0,,,0.005525416381552818
Q_load,14.0,,,,,17.0,,,0.1156827384089649
Q_load,14.0,,,,,25.0,,,0.0011165791931556789
Q_load,15.0,,,,,19.0,,,0.025778917819857493
Q_load,15.0,,,,,20.0,,,0.032223647274821875
Q_load,15.0,,,,,24.0,,,0.002555019982760189
Q_load,15.0,,,,,21.0,,,0.05800256509467936
Q_load,15.0,,,,,18.0,,,0.01657216145562267
Q_load,15.0,,,,,23.0,,,0.005332348275928608
Q_load,15.0,,,,,22.0,,,0.005630914740911432
Q_load,15.0,,,,,17.0,,,0.1147932292700068
Q_load,15.0,,,,,25.0,,,0.001277509991380095
Q_load,16.0,,,,,19.0,,,0.026492399186927362
Q_load,16.0,,,,,20.0,,,0.03311549898365918
Q_load,16.0,,,,,24.0,,,0.002514344763317523
Q_load,16.0,,,,,21.0,,,0.05960789817058656
Q_load,16.0,,,,,18.0,,,0.01703082804873901
Q_load,16.0,,,,,23.0,,,0.005422457541028792
Q_load,16.0,,,,,22.0,,,0.006016321439032559
Q_load,16.0,,,,,17.0,,,0.1161836979219347
Q_load,16.0,,,,,25.0,,,0.001257172381658762
Q_load,17.0,,,,,19.0,,,0.0167905293720972
Q_load,17.0,,,,,20.0,,,0.02098816171512151
Q_load,17.0,,,,,24.0,,,0.001405888564472584
Q_load,17.0,,,,,21.0,,,0.03777869108721871
Q_load,17.0,,,,,18.0,,,0.010793911739205351
Q_load,17.0,,,,,23.0,,,0.004674442424863255
Q_load,17.0,,,,,22.0,,,0.005394910981517807
Q_load,17.0,,,,,17.0,,,0.0782359676033906
Q_load,17.0,,,,,25.0,,,0.000702944282236292
Q_load,18.0,,,,,19.0,,,0.012915455099396381
Q_load,18.0,,,,,20.0,,,0.016144318874245472
Q_load,18.0,,,,,24.0,,,0.0004243386137804041
Q_load,18.0,,,,,21.0,,,0.02905977397364186
Q_load,18.0,,,,,18.0,,,0.008302792563897673
Q_load,18.0,,,,,23.0,,,0.0037526046489585432
Q_load,18.0,,,,,22.0,,,0.003282553945816552
Q_load,18.0,,,,,17.0,,,0.07512522657579282
Q_load,18.0,,,,,25.0,,,0.000212169306890202
Q_load,19.0,,,,,19.0,,,0.015515918532928361
Q_load,19.0,,,,,20.0,,,0.019394898166160447
Q_load,19.0,,,,,24.0,,,-6.169316963224748e-05
Q_load,19.0,,,,,21.0,,,0.03491081669908881
Q_load,19.0,,,,,18.0,,,0.009974519056882517
Q_load,19.0,,,,,23.0,,,0.003360637717127726
Q_load,19.0,,,,,22.0,,,0.002586997086485516
Q_load,19.0,,,,,17.0,,,0.08958121160454388
Q_load,19.0,,,,,25.0,,,-3.084658481612374e-05
Q_load,20.0,,,,,19.0,,,0.01531956969064838
Q_load,20.0,,,,,20.0,,,0.01914946211331048
Q_load,20.0,,,,,24.0,,,0.0
Q_load,20.0,,,,,21.0,,,0.03446903180395886
Q_load,20.0,,,,,18.0,,,0.009848294801131101
Q_load,20.0,,,,,23.0,,,0.002381611270519134
Q_load,20.0,,,,,22.0,,,0.0027330971040775147
Q_load,20.0,,,,,17.0,,,0.09113259801578759
Q_load,20.0,,,,,25.0,,,0.0
Q_load,21.0,,,,,19.0,,,0.01559373528897396
Q_load,21.0,,,,,20.0,,,0.01949216911121745
Q_load,21.0,,,,,24.0,,,-0.00016475425988880349
Q_load,21.0,,,,,21.0,,,0.0350859044001914
Q_load,21.0,,,,,18.0,,,0.0100245441143404
Q_load,21.0,,,,,23.0,,,0.0007778866392639852
Q_load,21.0,,,,,22.0,,,0.0003748678830605515
Q_load,21.0,,,,,17.0,,,0.09278281685254812
Q_load,21.0,,,,,25.0,,,-8.237712994440176e-05
Q_load,22.0,,,,,19.0,,,0.014763575699502289
Q_load,22.0,,,,,20.0,,,0.01845446962437786
Q_load,22.0,,,,,24.0,,,-0.00016475425988880349
Q_load,22.0,,,,,21.0,,,0.033218045323880147
Q_load,22.0,,,,,18.0,,,0.009490870092537186
Q_load,22.0,,,,,23.0,,,-0.0001337948749698775
Q_load,22.0,,,,,22.0,,,-5.574911644385325e-05
Q_load,22.0,,,,,17.0,,,0.09113042383459871
Q_load,22.0,,,,,25.0,,,-8.237712994440176e-05
Q_load,23.0,,,,,19.0,,,0.015056775443362808
Q_load,23.0,,,,,20.0,,,0.018820969304203516
Q_load,23.0,,,,,24.0,,,-0.00016475425988880349
Q_load,23.0,,,,,21.0,,,0.033877744747566337
Q_load,23.0,,,,,18.0,,,0.009679355642161807
Q_load,23.0,,,,,23.0,,,-0.0007007767845440823
Q_load,23.0,,,,,22.0,,,-0.0005103399602313781
Q_load,23.0,,,,,17.0,,,0.09490200669852701
Q_load,23.0,,,,,25.0,,,-8.237712994440176e-05
Q_load,24.0,,,,,19.0,,,0.01220824445484424
Q_load,24.0,,,,,20.0,,,0.01526030556855529
Q_load,24.0,,,,,24.0,,,-0.0001372952165740029
Q_load,24.0,,,,,21.0,,,0.02746855002339953
Q_load,24.0,,,,,18.0,,,0.007848157149542722
Q_load,24.0,,,,,23.0,,,-0.0002882679811138085
Q_load,24.0,,,,,22.0,,,-0.001068401502140158
Q_load,24.0,,,,,17.0,,,0.08284975659025422
Q_load,24.0,,,,,25.0,,,-6.864760828700145e-05
Irr,1.0,,,,,,,,0.0
Irr,2.0,,,,,,,,0.0
Irr,3.0,,,,,,,,0.0
Irr,4.0,,,,,,,,0.0
Irr,5.0,,,,,,,,0.0
Irr,6.0,,,,,,,,0.0
Irr,7.0,,,,,,,,10.0
Irr,8.0,,,,,,,,91.04
Irr,9.0,,,,,,,,195.64
Irr,10.0,,,,,,,,332.57
Irr,11.0,,,,,,,,407.32
Irr,12.0,,,,,,,,497.76
Irr,13.0,,,,,,,,286.35
Irr,14.0,,,,,,,,325.28
Irr,15.0,,,,,,,,294.73
Irr,16.0,,,,,,,,153.54
Irr,17.0,,,,,,,,56.03
Irr,18.0,,,,,,,,19.19
Irr,19.0,,,,,,,,5.06
Irr,20.0,,,,,,,,0.0
Irr,21.0,,,,,,,,0.0
Irr,22.0,,,,,,,,0.0
Irr,23.0,,,,,,,,0.0
Irr,24.0,,,,,,,,0.0
initial_line_opt,,3.0,Poppy,,,,,,0.0
initial_line_opt,,3.0,Oxlip,,,,,,0.0
initial_line_opt,,3.0,Daisy,,,,,,0.0
initial_line_opt,,3.0,Tulip,,,,,,0.0
initial_line_opt,,3.0,Maryj,,,,,,0.0
initial_line_opt,,5.0,Poppy,,,,,,0.0
initial_line_opt,,5.0,Oxlip,,,,,,0.0
initial_line_opt,,5.0,Daisy,,,,,,0.0
initial_line_opt,,5.0,Tulip,,,,,,0.0
initial_line_opt,,5.0,Maryj,,,,,,0.0
initial_line_opt,,6.0,Poppy,,,,,,0.0
initial_line_opt,,6.0,Oxlip,,,,,,0.0
initial_line_opt,,6.0,Daisy,,,,,,0.0
initial_line_opt,,6.0,Tulip,,,,,,0.0
initial_line_opt,,6.0,Maryj,,,,,,0.0
initial_line_opt,,8.0,Poppy,,,,,,0.0
initial_line_opt,,8.0,Oxlip,,,,,,0.0
initial_line_opt,,8.0,Daisy,,,,,,0.0
initial_line_opt,,8.0,Tulip,,,,,,0.0
initial_line_opt,,8.0,Maryj,,,,,,0.0
initial_line_opt,,9.0,Poppy,,,,,,0.0
initial_line_opt,,9.0,Oxlip,,,,,,0.0
initial_line_opt,,9.0,Daisy,,,,,,0.0
initial_line_opt,,9.0,Tulip,,,,,,0.0
initial_line_opt,,9.0,Maryj,,,,,,0.0
initial_line_opt,,10.0,Poppy,,,,,,0.0
initial_line_opt,,10.0,Oxlip,,,,,,0.0
initial_line_opt,,10.0,Daisy,,,,,,0.0
initial_line_opt,,10.0,Tulip,,,,,,0.0
initial_line_opt,,10.0,Maryj,,,,,,0.0
initial_line_opt,,13.0,Poppy,,,,,,0.0
initial_line_opt,,13.0,Oxlip,,,,,,0.0
initial_line_opt,,13.0,Daisy,,,,,,0.0
initial_line_opt,,13.0,Tulip,,,,,,0.0
initial_line_opt,,13.0,Maryj,,,,,,0.0
initial_line_opt,,14.0,Poppy,,,,,,0.0
initial_line_opt,,14.0,Oxlip,,,,,,0.0
initial_line_opt,,14.0,Daisy,,,,,,0.0
initial_line_opt,,14.0,Tulip,,,,,,0.0
initial_line_opt,,14.0,Maryj,,,,,,0.0
initial_line_opt,,15.0,Poppy,,,,,,0.0
initial_line_opt,,15.0,Oxlip,,,,,,0.0
initial_line_opt,,15.0,Daisy,,,,,,0.0
initial_line_opt,,15.0,Tulip,,,,,,0.0
initial_line_opt,,15.0,Maryj,,,,,,0.0
initial_line_opt,,16.0,Poppy,,,,,,0.0
initial_line_opt,,16.0,Oxlip,,,,,,0.0
initial_line_opt,,16.0,Daisy,,,,,,0.0
initial_line_opt,,16.0,Tulip,,,,,,0.0
initial_line_opt,,16.0,Maryj,,,,,,0.0
initial_line_opt,,17.0,Poppy,,,,,,0.0
initial_line_opt,,17.0,Oxlip,,,,,,0.0
initial_line_opt,,17.0,Daisy,,,,,,0.0
initial_line_opt,,17.0,Tulip,,,,,,0.0
initial_line_opt,,17.0,Maryj,,,,,,0.0
initial_beta,,,,0.0,,,,,0.0
initial_gamma,,,,,54.0,,,,0.0
initial_gamma,,,,,55.0,,,,0.0
initial_gamma,,,,,56.0,,,,0.0
initial_pi,,,,,,19.0,,,0.0
initial_pi,,,,,,20.0,,,0.0
initial_pi,,,,,,24.0,,,0.0
initial_pi,,,,,,21.0,,,0.0
initial_pi,,,,,,18.0,,,0.0
initial_pi,,,,,,23.0,,,0.0
initial_pi,,,,,,22.0,,,0.0
initial_pi,,,,,,17.0,,,0.0
initial_pi,,,,,,25.0,,,0.0
initial_capacity_hv,,,,0.0,,,,,0.0
initial_capacity_mv,,,,,54.0,,,,0.0
initial_capacity_mv,,,,,55.0,,,,0.0
initial_capacity_mv,,,,,56.0,,,,0.0
initial_capacity_inv,,,,,,19.0,,,0.0
initial_capacity_inv,,,,,,20.0,,,0.0
initial_capacity_inv,,,,,,24.0,,,0.0
initial_capacity_inv,,,,,,21.0,,,0.0
initial_capacity_inv,,,,,,18.0,,,0.0
initial_capacity_inv,,,,,,23.0,,,0.0
initial_capacity_inv,,,,,,22.0,,,0.0
initial_capacity_inv,,,,,,17.0,,,0.0
initial_capacity_inv,,,,,,25.0,,,0.0
initial_PV_surf,,,,,,19.0,,,0.0
initial_PV_surf,,,,,,20.0,,,0.0
initial_PV_surf,,,,,,24.0,,,0.0
initial_PV_surf,,,,,,21.0,,,0.0
initial_PV_surf,,,,,,18.0,,,0.0
initial_PV_surf,,,,,,23.0,,,0.0
initial_PV_surf,,,,,,22.0,,,0.0
initial_PV_surf,,,,,,17.0,,,0.0
initial_PV_surf,,,,,,25.0,,,0.0
initial_storage_option,,,,,,19.0,,,0.0
initial_storage_option,,,,,,20.0,,,0.0
initial_storage_option,,,,,,24.0,,,0.0
initial_storage_option,,,,,,21.0,,,0.0
initial_storage_option,,,,,,18.0,,,0.0
initial_storage_option,,,,,,23.0,,,0.0
initial_storage_option,,,,,,22.0,,,0.0
initial_storage_option,,,,,,17.0,,,0.0
initial_storage_option,,,,,,25.0,,,0.0
initial_storage_capacity,,,,,,19.0,,,0.0
initial_storage_capacity,,,,,,20.0,,,0.0
initial_storage_capacity,,,,,,24.0,,,0.0
initial_storage_capacity,,,,,,21.0,,,0.0
initial_storage_capacity,,,,,,18.0,,,0.0
initial_storage_capacity,,,,,,23.0,,,0.0
initial_storage_capacity,,,,,,22.0,,,0.0
initial_storage_capacity,,,,,,17.0,,,0.0
initial_storage_capacity,,,,,,25.0,,,0.0
LPWB,,3.0,,,,,,1.0,0.0075778699824844125
LPWB,,3.0,,,,,,2.0,0.013320281329628255
LPWB,,3.0,,,,,,3.0,0.023414217334232015
LPWB,,3.0,,,,,,4.0,0.041157206804276286
LPWB,,3.0,,,,,,5.0,0.07234560300477912
LPWB,,3.0,,,,,,6.0,0.12716816034224418
LPWB,,3.0,,,,,,7.0,0.2235345388407699
LPWB,,3.0,,,,,,8.0,0.3929261060337663
LPWB,,3.0,,,,,,9.0,0.6906804004585428
LPWB,,3.0,,,,,,10.0,1.2140690278710526
LPWB,,3.0,,,,,,11.0,2.134074752167866
LPWB,,3.0,,,,,,12.0,3.7512488526509324
LPWB,,3.0,,,,,,13.0,6.593896460384192
LPWB,,3.0,,,,,,14.0,11.590665465859773
LPWB,,3.0,,,,,,15.0,20.373921056935494
LPWB,,5.0,,,,,,1.0,0.0075778699824844125
LPWB,,5.0,,,,,,2.0,0.013320281329628255
LPWB,,5.0,,,,,,3.0,0.023414217334232015
LPWB,,5.0,,,,,,4.0,0.041157206804276286
LPWB,,5.0,,,,,,5.0,0.07234560300477912
LPWB,,5.0,,,,,,6.0,0.12716816034224418
LPWB,,5.0,,,,,,7.0,0.2235345388407699
LPWB,,5.0,,,,,,8.0,0.3929261060337663
LPWB,,5.0,,,,,,9.0,0.6906804004585428
LPWB,,5.0,,,,,,10.0,1.2140690278710526
LPWB,,5.0,,,,,,11.0,2.134074752167866
LPWB,,5.0,,,,,,12.0,3.7512488526509324
LPWB,,5.0,,,,,,13.0,6.593896460384192
LPWB,,5.0,,,,,,14.0,11.590665465859773
LPWB,,5.0,,,,,,15.0,20.373921056935494
LPWB,,6.0,,,,,,1.0,0.003811904963134563
LPWB,,6.0,,,,,,2.0,0.005264966907931571
LPWB,,6.0,,,,,,3.0,0.007271922256639911
LPWB,,6.0,,,,,,4.0,0.010043909910801375
LPWB,,6.0,,,,,,5.0,0.01387255291462737
LPWB,,6.0,,,,,,6.0,0.019160638245288873
LPWB,,6.0,,,,,,7.0,0.026464491447693153
LPWB,,6.0,,,,,,8.0,0.03655250407732255
LPWB,,6.0,,,,,,9.0,0.05048597124805676
LPWB,,6.0,,,,,,10.0,0.06973074368497043
LPWB,,6.0,,,,,,11.0,0.09631144047855072
LPWB,,6.0,,,,,,12.0,0.13302444627523324
LPWB,,6.0,,,,,,13.0,0.18373210097271264
LPWB,,6.0,,,,,,14.0,0.25376903173121446
LPWB,,6.0,,,,,,15.0,0.3505033748858224
LPWB,,8.0,,,,,,1.0,0.0075778699824844125
LPWB,,8.0,,,,,,2.0,0.013320281329628255
LPWB,,8.0,,,,,,3.0,0.023414217334232015
LPWB,,8.0,,,,,,4.0,0.041157206804276286
LPWB,,8.0,,,,,,5.0,0.07234560300477912
LPWB,,8.0,,,,,,6.0,0.12716816034224418
LPWB,,8.0,,,,,,7.0,0.2235345388407699
LPWB,,8.0,,,,,,8.0,0.3929261060337663
LPWB,,8.0,,,,,,9.0,0.6906804004585428
LPWB,,8.0,,,,,,10.0,1.2140690278710526
LPWB,,8.0,,,,,,11.0,2.134074752167866
LPWB,,8.0,,,,,,12.0,3.7512488526509324
LPWB,,8.0,,,,,,13.0,6.593896460384192
LPWB,,8.0,,,,,,14.0,11.590665465859773
LPWB,,8.0,,,,,,15.0,20.373921056935494
LPWB,,9.0,,,,,,1.0,0.0075778699824844125
LPWB,,9.0,,,,,,2.0,0.013320281329628255
LPWB,,9.0,,,,,,3.0,0.023414217334232015
LPWB,,9.0,,,,,,4.0,0.041157206804276286
LPWB,,9.0,,,,,,5.0,0.07234560300477912
LPWB,,9.0,,,,,,6.0,0.12716816034224418
LPWB,,9.0,,,,,,7.0,0.2235345388407699
LPWB,,9.0,,,,,,8.0,0.3929261060337663
LPWB,,9.0,,,,,,9.0,0.6906804004585428
LPWB,,9.0,,,,,,10.0,1.2140690278710526
LPWB,,9.0,,,,,,11.0,2.134074752167866
LPWB,,9.0,,,,,,12.0,3.7512488526509324
LPWB,,9.0,,,,,,13.0,6.593896460384192
LPWB,,9.0,,,,,,14.0,11.590665465859773
LPWB,,9.0,,,,,,15.0,20.373921056935494
LPWB,,10.0,,,,,,1.0,0.0075778699824844125
LPWB,,10.0,,,,,,2.0,0.013320281329628255
LPWB,,10.0,,,,,,3.0,0.023414217334232015
LPWB,,10.0,,,,,,4.0,0.041157206804276286
LPWB,,10.0,,,,,,5.0,0.07234560300477912
LPWB,,10.0,,,,,,6.0,0.12716816034224418
LPWB,,10.0,,,,,,7.0,0.2235345388407699
LPWB,,10.0,,,,,,8.0,0.3929261060337663
LPWB,,10.0,,,,,,9.0,0.6906804004585428
LPWB,,10.0,,,,,,10.0,1.2140690278710526
LPWB,,10.0,,,,,,11.0,2.134074752167866
LPWB,,10.0,,,,,,12.0,3.7512488526509324
LPWB,,10.0,,,,,,13.0,6.593896460384192
LPWB,,10.0,,,,,,14.0,11.590665465859773
LPWB,,10.0,,,,,,15.0,20.373921056935494
LPWB,,13.0,,,,,,1.0,0.0075778699824844125
LPWB,,13.0,,,,,,2.0,0.013320281329628255
LPWB,,13.0,,,,,,3.0,0.023414217334232015
LPWB,,13.0,,,,,,4.0,0.041157206804276286
LPWB,,13.0,,,,,,5.0,0.07234560300477912
LPWB,,13.0,,,,,,6.0,0.12716816034224418
LPWB,,13.0,,,,,,7.0,0.2235345388407699
LPWB,,13.0,,,,,,8.0,0.3929261060337663
LPWB,,13.0,,,,,,9.0,0.6906804004585428
LPWB,,13.0,,,,,,10.0,1.2140690278710526
LPWB,,13.0,,,,,,11.0,2.134074752167866
LPWB,,13.0,,,,,,12.0,3.7512488526509324
LPWB,,13.0,,,,,,13.0,6.593896460384192
LPWB,,13.0,,,,,,14.0,11.590665465859773
LPWB,,13.0,,,,,,15.0,20.373921056935494
LPWB,,14.0,,,,,,1.0,0.0075778699824844125
LPWB,,14.0,,,,,,2.0,0.013320281329628255
LPWB,,14.0,,,,,,3.0,0.023414217334232015
LPWB,,14.0,,,,,,4.0,0.041157206804276286
LPWB,,14.0,,,,,,5.0,0.07234560300477912
LPWB,,14.0,,,,,,6.0,0.12716816034224418
LPWB,,14.0,,,,,,7.0,0.2235345388407699
LPWB,,14.0,,,,,,8.0,0.3929261060337663
LPWB,,14.0,,,,,,9.0,0.6906804004585428
LPWB,,14.0,,,,,,10.0,1.2140690278710526
LPWB,,14.0,,,,,,11.0,2.134074752167866
LPWB,,14.0,,,,,,12.0,3.7512488526509324
LPWB,,14.0,,,,,,13.0,6.593896460384192
LPWB,,14.0,,,,,,14.0,11.590665465859773
LPWB,,14.0,,,,,,15.0,20.373921056935494
LPWB,,15.0,,,,,,1.0,0.003811904963134563
LPWB,,15.0,,,,,,2.0,0.005264966907931571
LPWB,,15.0,,,,,,3.0,0.007271922256639911
LPWB,,15.0,,,,,,4.0,0.010043909910801375
LPWB,,15.0,,,,,,5.0,0.01387255291462737
LPWB,,15.0,,,,,,6.0,0.019160638245288873
LPWB,,15.0,,,,,,7.0,0.026464491447693153
LPWB,,15.0,,,,,,8.0,0.03655250407732255
LPWB,,15.0,,,,,,9.0,0.05048597124805676
LPWB,,15.0,,,,,,10.0,0.06973074368497043
LPWB,,15.0,,,,,,11.0,0.09631144047855072
LPWB,,15.0,,,,,,12.0,0.13302444627523324
LPWB,,15.0,,,,,,13.0,0.18373210097271264
LPWB,,15.0,,,,,,14.0,0.25376903173121446
LPWB,,15.0,,,,,,15.0,0.3505033748858224
LPWB,,16.0,,,,,,1.0,0.003811904963134563
LPWB,,16.0,,,,,,2.0,0.005264966907931571
LPWB,,16.0,,,,,,3.0,0.007271922256639911
LPWB,,16.0,,,,,,4.0,0.010043909910801375
LPWB,,16.0,,,,,,5.0,0.01387255291462737
LPWB,,16.0,,,,,,6.0,0.019160638245288873
LPWB,,16.0,,,,,,7.0,0.026464491447693153
LPWB,,16.0,,,,,,8.0,0.03655250407732255
LPWB,,16.0,,,,,,9.0,0.05048597124805676
LPWB,,16.0,,,,,,10.0,0.06973074368497043
LPWB,,16.0,,,,,,11.0,0.09631144047855072
LPWB,,16.0,,,,,,12.0,0.13302444627523324
LPWB,,16.0,,,,,,13.0,0.18373210097271264
LPWB,,16.0,,,,,,14.0,0.25376903173121446
LPWB,,16.0,,,,,,15.0,0.3505033748858224
LPWB,,17.0,,,,,,1.0,0.0075778699824844125
LPWB,,17.0,,,,,,2.0,0.013320281329628255
LPWB,,17.0,,,,,,3.0,0.023414217334232015
LPWB,,17.0,,,,,,4.0,0.041157206804276286
LPWB,,17.0,,,,,,5.0,0.07234560300477912
LPWB,,17.0,,,,,,6.0,0.12716816034224418
LPWB,,17.0,,,,,,7.0,0.2235345388407699
LPWB,,17.0,,,,,,8.0,0.3929261060337663
LPWB,,17.0,,,,,,9.0,0.6906804004585428
LPWB,,17.0,,,,,,10.0,1.2140690278710526
LPWB,,17.0,,,,,,11.0,2.134074752167866
LPWB,,17.0,,,,,,12.0,3.7512488526509324
LPWB,,17.0,,,,,,13.0,6.593896460384192
LPWB,,17.0,,,,,,14.0,11.590665465859773
LPWB,,17.0,,,,,,15.0,20.373921056935494
SPWB,,3.0,,,,,,1.0,0.0075778699824844125
SPWB,,3.0,,,,,,2.0,0.02847602129459708
SPWB,,3.0,,,,,,3.0,0.06521051995845734
SPWB,,3.0,,,,,,4.0,0.12978194409696564
SPWB,,3.0,,,,,,5.0,0.24328475390602106
SPWB,,3.0,,,,,,6.0,0.4427985172530443
SPWB,,3.0,,,,,,7.0,0.7935012164360584
SPWB,,3.0,,,,,,8.0,1.4099618613105946
SPWB,,3.0,,,,,,9.0,2.493568367802904
SPWB,,3.0,,,,,,10.0,4.398317796132499
SPWB,,3.0,,,,,,11.0,7.746461576171418
SPWB,,3.0,,,,,,12.0,13.631785180990217
SPWB,,3.0,,,,,,13.0,23.97693049402534
SPWB,,3.0,,,,,,14.0,42.16149242026931
SPWB,,3.0,,,,,,15.0,74.12607894306458
SPWB,,5.0,,,,,,1.0,0.0075778699824844125
SPWB,,5.0,,,,,,2.0,0.02847602129459708
SPWB,,5.0,,,,,,3.0,0.06521051995845734
SPWB,,5.0,,,,,,4.0,0.12978194409696564
SPWB,,5.0,,,,,,5.0,0.24328475390602106
SPWB,,5.0,,,,,,6.0,0.4427985172530443
SPWB,,5.0,,,,,,7.0,0.7935012164360584
SPWB,,5.0,,,,,,8.0,1.4099618613105946
SPWB,,5.0,,,,,,9.0,2.493568367802904
SPWB,,5.0,,,,,,10.0,4.398317796132499
SPWB,,5.0,,,,,,11.0,7.746461576171418
SPWB,,5.0,,,,,,12.0,13.631785180990217
SPWB,,5.0,,,,,,13.0,23.97693049402534
SPWB,,5.0,,,,,,14.0,42.16149242026931
SPWB,,5.0,,,,,,15.0,74.12607894306458
SPWB,,6.0,,,,,,1.0,0.003811904963134563
SPWB,,6.0,,,,,,2.0,0.012888776834200697
SPWB,,6.0,,,,,,3.0,0.025425665998772183
SPWB,,6.0,,,,,,4.0,0.04274149816621347
SPWB,,6.0,,,,,,5.0,0.06665796099164221
SPWB,,6.0,,,,,,6.0,0.09969115215155847
SPWB,,6.0,,,,,,7.0,0.14531628184454048
SPWB,,6.0,,,,,,8.0,0.20833327736955617
SPWB,,6.0,,,,,,9.0,0.2953717526949355
SPWB,,6.0,,,,,,10.0,0.41558846762796264
SPWB,,6.0,,,,,,11.0,0.5816306517914838
SPWB,,6.0,,,,,,12.0,0.8109665385452678
SPWB,,6.0,,,,,,13.0,1.1277230857932137
SPWB,,6.0,,,,,,14.0,1.5652242184971408
SPWB,,6.0,,,,,,15.0,2.169496625114178
SPWB,,8.0,,,,,,1.0,0.0075778699824844125
SPWB,,8.0,,,,,,2.0,0.02847602129459708
SPWB,,8.0,,,,,,3.0,0.06521051995845734
SPWB,,8.0,,,,,,4.0,0.12978194409696564
SPWB,,8.0,,,,,,5.0,0.24328475390602106
SPWB,,8.0,,,,,,6.0,0.4427985172530443
SPWB,,8.0,,,,,,7.0,0.7935012164360584
SPWB,,8.0,,,,,,8.0,1.4099618613105946
SPWB,,8.0,,,,,,9.0,2.493568367802904
SPWB,,8.0,,,,,,10.0,4.398317796132499
SPWB,,8.0,,,,,,11.0,7.746461576171418
SPWB,,8.0,,,,,,12.0,13.631785180990217
SPWB,,8.0,,,,,,13.0,23.97693049402534
SPWB,,8.0,,,,,,14.0,42.16149242026931
SPWB,,8.0,,,,,,15.0,74.12607894306458
SPWB,,9.0,,,,,,1.0,0.0075778699824844125
SPWB,,9.0,,,,,,2.0,0.02847602129459708
SPWB,,9.0,,,,,,3.0,0.06521051995845734
SPWB,,9.0,,,,,,4.0,0.12978194409696564
SPWB,,9.0,,,,,,5.0,0.24328475390602106
SPWB,,9.0,,,,,,6.0,0.4427985172530443
SPWB,,9.0,,,,,,7.0,0.7935012164360584
SPWB,,9.0,,,,,,8.0,1.4099618613105946
SPWB,,9.0,,,,,,9.0,2.493568367802904
SPWB,,9.0,,,,,,10.0,4.398317796132499
SPWB,,9.0,,,,,,11.0,7.746461576171418
SPWB,,9.0,,,,,,12.0,13.631785180990217
SPWB,,9.0,,,,,,13.0,23.97693049402534
SPWB,,9.0,,,,,,14.0,42.16149242026931
SPWB,,9.0,,,,,,15.0,74.12607894306458
SPWB,,10.0,,,,,,1.0,0.0075778699824844125
SPWB,,10.0,,,,,,2.0,0.02847602129459708
SPWB,,10.0,,,,,,3.0,0.06521051995845734
SPWB,,10.0,,,,,,4.0,0.12978194409696564
SPWB,,10.0,,,,,,5.0,0.24328475390602106
SPWB,,10.0,,,,,,6.0,0.4427985172530443
SPWB,,10.0,,,,,,7.0,0.7935012164360584
SPWB,,10.0,,,,,,8.0,1.4099618613105946
SPWB,,10.0,,,,,,9.0,2.493568367802904
SPWB,,10.0,,,,,,10.0,4.398317796132499
SPWB,,10.0,,,,,,11.0,7.746461576171418
SPWB,,10.0,,,,,,12.0,13.631785180990217
SPWB,,10.0,,,,,,13.0,23.97693049402534
SPWB,,10.0,,,,,,14.0,42.16149242026931
SPWB,,10.0,,,,,,15.0,74.12607894306458
SPWB,,13.0,,,,,,1.0,0.0075778699824844125
SPWB,,13.0,,,,,,2.0,0.02847602129459708
SPWB,,13.0,,,,,,3.0,0.06521051995845734
SPWB,,13.0,,,,,,4.0,0.12978194409696564
SPWB,,13.0,,,,,,5.0,0.24328475390602106
SPWB,,13.0,,,,,,6.0,0.4427985172530443
SPWB,,13.0,,,,,,7.0,0.7935012164360584
SPWB,,13.0,,,,,,8.0,1.4099618613105946
SPWB,,13.0,,,,,,9.0,2.493568367802904
SPWB,,13.0,,,,,,10.0,4.398317796132499
SPWB,,13.0,,,,,,11.0,7.746461576171418
SPWB,,13.0,,,,,,12.0,13.631785180990217
SPWB,,13.0,,,,,,13.0,23.97693049402534
SPWB,,13.0,,,,,,14.0,42.16149242026931
SPWB,,13.0,,,,,,15.0,74.12607894306458
SPWB,,14.0,,,,,,1.0,0.0075778699824844125
SPWB,,14.0,,,,,,2.0,0.02847602129459708
SPWB,,14.0,,,,,,3.0,0.06521051995845734
SPWB,,14.0,,,,,,4.0,0.12978194409696564
SPWB,,14.0,,,,,,5.0,0.24328475390602106
SPWB,,14.0,,,,,,6.0,0.4427985172530443
SPWB,,14.0,,,,,,7.0,0.7935012164360584
SPWB,,14.0,,,,,,8.0,1.4099618613105946
SPWB,,14.0,,,,,,9.0,2.493568367802904
SPWB,,14.0,,,,,,10.0,4.398317796132499
SPWB,,14.0,,,,,,11.0,7.746461576171418
SPWB,,14.0,,,,,,12.0,13.631785180990217
SPWB,,14.0,,,,,,13.0,23.97693049402534
SPWB,,14.0,,,,,,14.0,42.16149242026931
SPWB,,14.0,,,,,,15.0,74.12607894306458
SPWB,,15.0,,,,,,1.0,0.003811904963134563
SPWB,,15.0,,,,,,2.0,0.012888776834200697
SPWB,,15.0,,,,,,3.0,0.025425665998772183
SPWB,,15.0,,,,,,4.0,0.04274149816621347
SPWB,,15.0,,,,,,5.0,0.06665796099164221
SPWB,,15.0,,,,,,6.0,0.09969115215155847
SPWB,,15.0,,,,,,7.0,0.14531628184454048
SPWB,,15.0,,,,,,8.0,0.20833327736955617
SPWB,,15.0,,,,,,9.0,0.2953717526949355
SPWB,,15.0,,,,,,10.0,0.41558846762796264
SPWB,,15.0,,,,,,11.0,0.5816306517914838
SPWB,,15.0,,,,,,12.0,0.8109665385452678
SPWB,,15.0,,,,,,13.0,1.1277230857932137
SPWB,,15.0,,,,,,14.0,1.5652242184971408
SPWB,,15.0,,,,,,15.0,2.169496625114178
SPWB,,16.0,,,,,,1.0,0.003811904963134563
SPWB,,16.0,,,,,,2.0,0.012888776834200697
SPWB,,16.0,,,,,,3.0,0.025425665998772183
SPWB,,16.0,,,,,,4.0,0.04274149816621347
SPWB,,16.0,,,,,,5.0,0.06665796099164221
SPWB,,16.0,,,,,,6.0,0.09969115215155847
SPWB,,16.0,,,,,,7.0,0.14531628184454048
SPWB,,16.0,,,,,,8.0,0.20833327736955617
SPWB,,16.0,,,,,,9.0,0.2953717526949355
SPWB,,16.0,,,,,,10.0,0.41558846762796264
SPWB,,16.0,,,,,,11.0,0.5816306517914838
SPWB,,16.0,,,,,,12.0,0.8109665385452678
SPWB,,16.0,,,,,,13.0,1.1277230857932137
SPWB,,16.0,,,,,,14.0,1.5652242184971408
SPWB,,16.0,,,,,,15.0,2.169496625114178
SPWB,,17.0,,,,,,1.0,0.0075778699824844125
SPWB,,17.0,,,,,,2.0,0.02847602129459708
SPWB,,17.0,,,,,,3.0,0.06521051995845734
SPWB,,17.0,,,,,,4.0,0.12978194409696564
SPWB,,17.0,,,,,,5.0,0.24328475390602106
SPWB,,17.0,,,,,,6.0,0.4427985172530443
SPWB,,17.0,,,,,,7.0,0.7935012164360584
SPWB,,17.0,,,,,,8.0,1.4099618613105946
SPWB,,17.0,,,,,,9.0,2.493568367802904
SPWB,,17.0,,,,,,10.0,4.398317796132499
SPWB,,17.0,,,,,,11.0,7.746461576171418
SPWB,,17.0,,,,,,12.0,13.631785180990217
SPWB,,17.0,,,,,,13.0,23.97693049402534
SPWB,,17.0,,,,,,14.0,42.16149242026931
SPWB,,17.0,,,,,,15.0,74.12607894306458
total_C_electricity,,,,,,,,,233.19471157526525
total_C_losses,,,,,,,,,0.04530562376156643
total_phi,,,,,,,,,0.0
