date,total load,irradiation
01/01 00:00:00,332.04682887620646,0.0
01/01 01:00:00,351.43129855463144,0.0
01/01 02:00:00,350.24024751889766,0.0
01/01 03:00:00,355.3321719979173,0.0
01/01 04:00:00,352.09618978889944,0.0
01/01 05:00:00,354.4133593491851,0.0
01/01 06:00:00,403.38745396808343,0.0
01/01 07:00:00,405.82483507066013,0.0
01/01 08:00:00,406.89431828558105,0.0
01/01 09:00:00,410.7244375724549,8.08
01/01 10:00:00,402.1463193402825,37.89
01/01 11:00:00,400.78257579166154,21.25
01/01 12:00:00,403.7007420558496,27.28
01/01 13:00:00,407.29583975715974,30.27
01/01 14:00:00,402.5314438663036,23.22
01/01 15:00:00,408.6579460884437,9.14
01/01 16:00:00,408.57872827017763,0.0
01/01 17:00:00,403.73315804868827,0.0
01/01 18:00:00,362.9592756146374,0.0
01/01 19:00:00,363.6555775967478,0.0
01/01 20:00:00,362.5403179660835,0.0
01/01 21:00:00,359.20744613390735,0.0
01/01 22:00:00,357.9373451379175,0.0
01/01 23:00:00,360.41255655559706,0.0
01/02 00:00:00,410.6948441886111,0.0
01/02 01:00:00,410.2653585593342,0.0
01/02 02:00:00,417.5277561699988,0.0
01/02 03:00:00,413.9913896368147,0.0
01/02 04:00:00,411.82817515061424,0.0
01/02 05:00:00,417.0174639298608,0.0
01/02 06:00:00,490.8301226956617,0.0
01/02 07:00:00,593.938099506966,0.0
01/02 08:00:00,1302.9317257503005,0.0
01/02 09:00:00,1263.4803392433412,3.0
01/02 10:00:00,1232.1470350968007,19.18
01/02 11:00:00,1199.909892728681,69.47
01/02 12:00:00,1152.400295379442,60.39
01/02 13:00:00,1201.4377692267526,142.41
01/02 14:00:00,1183.0723343406592,99.28
01/02 15:00:00,1202.7881248472386,100.22
01/02 16:00:00,1236.3231111861862,19.53
01/02 17:00:00,797.9952448976666,0.0
01/02 18:00:00,594.4373738647,0.0
01/02 19:00:00,602.8742792622662,0.0
01/02 20:00:00,557.6159320770776,0.0
01/02 21:00:00,536.8094645386208,0.0
01/02 22:00:00,498.57892211229193,0.0
01/02 23:00:00,468.12780789314036,0.0
01/03 00:00:00,408.74641660523093,0.0
01/03 01:00:00,405.82400998316876,0.0
01/03 02:00:00,413.91186714375795,0.0
01/03 03:00:00,406.8808487286526,0.0
01/03 04:00:00,408.04920449119334,0.0
01/03 05:00:00,413.48506114688195,0.0
01/03 06:00:00,494.179011408119,0.0
01/03 07:00:00,593.7106246753293,0.0
01/03 08:00:00,1282.6295040812286,0.0
01/03 09:00:00,1241.2508216555466,16.31
01/03 10:00:00,1199.923214829719,37.9
01/03 11:00:00,1184.037828486075,73.97
01/03 12:00:00,1130.790924198563,83.35
01/03 13:00:00,1193.1953060683177,200.44
01/03 14:00:00,1165.2008262532331,176.09
01/03 15:00:00,1180.1404677695111,123.32
01/03 16:00:00,1248.6467001102146,27.93
01/03 17:00:00,800.6400680521004,0.0
01/03 18:00:00,603.8833623945213,0.0
01/03 19:00:00,594.5880981988109,0.0
01/03 20:00:00,549.8072073600052,0.0
01/03 21:00:00,535.9965550714326,0.0
01/03 22:00:00,491.3463046180765,0.0
01/03 23:00:00,462.6554475720279,0.0
01/04 00:00:00,403.8843148587873,0.0
01/04 01:00:00,406.006484585102,0.0
01/04 02:00:00,406.16513928109725,0.0
01/04 03:00:00,402.55794218855453,0.0
01/04 04:00:00,401.66270285735146,0.0
01/04 05:00:00,410.5090068071083,0.0
01/04 06:00:00,487.63314579352857,0.0
01/04 07:00:00,590.4216700142447,0.0
01/04 08:00:00,1271.827182679823,0.0
01/04 09:00:00,1218.4203870675096,21.71
01/04 10:00:00,1176.567261919687,73.23
01/04 11:00:00,1182.3883224581887,120.7
01/04 12:00:00,1132.2965240580336,228.21
01/04 13:00:00,1192.3890849787006,201.43
01/04 14:00:00,1171.6734458229694,173.21
01/04 15:00:00,1188.930100956892,112.72
01/04 16:00:00,1245.4572447253186,15.61
01/04 17:00:00,801.665636345609,0.0
01/04 18:00:00,599.6200734115874,0.0
01/04 19:00:00,595.2404240728268,0.0
01/04 20:00:00,557.693189011465,0.0
01/04 21:00:00,538.7165934843464,0.0
01/04 22:00:00,493.94179231450687,0.0
01/04 23:00:00,468.9063548741476,0.0
01/05 00:00:00,414.5116997784994,0.0
01/05 01:00:00,411.302441470286,0.0
01/05 02:00:00,409.10295892197087,0.0
01/05 03:00:00,405.4970514749552,0.0
01/05 04:00:00,406.51162359817056,0.0
01/05 05:00:00,418.8912775383919,0.0
01/05 06:00:00,484.90151207255633,0.0
01/05 07:00:00,590.1177938500261,0.0
01/05 08:00:00,1263.8242890986864,1.0
01/05 09:00:00,1170.5570718047907,60.76
01/05 10:00:00,1150.764861199729,114.14
01/05 11:00:00,1152.8157603729564,171.61
01/05 12:00:00,1095.6674140806244,208.73
01/05 13:00:00,1152.024718580269,228.42
01/05 14:00:00,1141.9705005026033,192.76
01/05 15:00:00,1142.0478248416307,133.19
01/05 16:00:00,1198.3422768968726,30.87
01/05 17:00:00,780.6152847769749,0.0
01/05 18:00:00,585.9637188787373,0.0
01/05 19:00:00,589.2157718649654,0.0
01/05 20:00:00,546.9000220529498,0.0
01/05 21:00:00,524.2637393377807,0.0
01/05 22:00:00,493.40797418779766,0.0
01/05 23:00:00,475.74190311443135,0.0
01/06 00:00:00,415.2140262200743,0.0
01/06 01:00:00,415.76857208879466,0.0
01/06 02:00:00,413.16928998313205,0.0
01/06 03:00:00,410.88810174123597,0.0
01/06 04:00:00,415.290109421464,0.0
01/06 05:00:00,418.1614744817386,0.0
01/06 06:00:00,479.6203661677117,0.0
01/06 07:00:00,594.6653217608243,0.0
01/06 08:00:00,1279.2352595105367,0.0
01/06 09:00:00,1425.6035303815347,7.08
01/06 10:00:00,1382.179260984276,19.18
01/06 11:00:00,1389.3759121642272,30.5
01/06 12:00:00,1330.9258736030752,20.28
01/06 13:00:00,1419.0633039764061,16.28
01/06 14:00:00,1398.7820117104732,11.0
01/06 15:00:00,1418.6284113274812,5.0
01/06 16:00:00,1442.5250064409806,1.0
01/06 17:00:00,959.2441924212063,0.0
01/06 18:00:00,717.6476336751241,0.0
01/06 19:00:00,729.4631395487947,0.0
01/06 20:00:00,688.3328184963968,0.0
01/06 21:00:00,676.2513650775259,0.0
01/06 22:00:00,640.3181271176858,0.0
01/06 23:00:00,615.1920476891559,0.0
01/07 00:00:00,454.3579330229856,0.0
01/07 01:00:00,454.51419182487183,0.0
01/07 02:00:00,456.57961340907224,0.0
01/07 03:00:00,456.20963405301256,0.0
01/07 04:00:00,454.3325805879773,0.0
01/07 05:00:00,456.26608804534163,0.0
01/07 06:00:00,623.4386344370834,0.0
01/07 07:00:00,615.0425726555437,0.0
01/07 08:00:00,663.6172526564337,1.0
01/07 09:00:00,638.3658075800115,29.72
01/07 10:00:00,626.3559033344515,121.76
01/07 11:00:00,628.775725025336,98.6
01/07 12:00:00,467.844278876123,130.87
01/07 13:00:00,457.80061874316004,109.53
01/07 14:00:00,462.74204465849704,39.7
01/07 15:00:00,470.7089149952824,26.6
01/07 16:00:00,479.60322653559354,4.08
01/07 17:00:00,401.51502439018026,0.0
01/07 18:00:00,402.1182711186687,0.0
01/07 19:00:00,358.6786723579348,0.0
01/07 20:00:00,360.22076141575945,0.0
01/07 21:00:00,362.4073230777035,0.0
01/07 22:00:00,356.62191016407183,0.0
01/07 23:00:00,356.64112479202487,0.0
01/08 00:00:00,348.09981832591154,0.0
01/08 01:00:00,356.250418364148,0.0
01/08 02:00:00,353.50644914205407,0.0
01/08 03:00:00,354.01779330583787,0.0
01/08 04:00:00,358.8717978451506,0.0
01/08 05:00:00,359.35954561785246,0.0
01/08 06:00:00,407.38106305957297,0.0
01/08 07:00:00,406.5381847637874,0.0
01/08 08:00:00,403.1757867360218,2.0
01/08 09:00:00,402.259510176154,73.07
01/08 10:00:00,398.4355112370113,144.53
01/08 11:00:00,392.87182889033664,214.15
01/08 12:00:00,399.86885971325313,244.1
01/08 13:00:00,402.49293765930935,239.74
01/08 14:00:00,398.70182524248577,198.19
01/08 15:00:00,403.5133024048231,140.22
01/08 16:00:00,409.48376342625676,39.56
01/08 17:00:00,410.6434309688349,0.0
01/08 18:00:00,368.6231211378172,0.0
01/08 19:00:00,366.7484152154817,0.0
01/08 20:00:00,370.1635201544171,0.0
01/08 21:00:00,364.58859666610107,0.0
01/08 22:00:00,358.9539835737911,0.0
01/08 23:00:00,352.75083726031534,0.0
01/09 00:00:00,410.42912238716826,0.0
01/09 01:00:00,414.35793871221915,0.0
01/09 02:00:00,412.16802209990726,0.0
01/09 03:00:00,408.155996074962,0.0
01/09 04:00:00,412.34069277266775,0.0
01/09 05:00:00,415.4008996072588,0.0
01/09 06:00:00,492.52007117940315,0.0
01/09 07:00:00,599.8278067031202,0.0
01/09 08:00:00,1300.6358734705145,1.0
01/09 09:00:00,1236.6624053927674,22.76
01/09 10:00:00,1217.362226991038,28.37
01/09 11:00:00,1201.3979932790442,66.06
01/09 12:00:00,1159.0431080314593,41.58
01/09 13:00:00,1242.1346583171887,49.85
01/09 14:00:00,1237.909296698046,25.24
01/09 15:00:00,1235.49015940021,13.16
01/09 16:00:00,1270.4892027695032,8.17
01/09 17:00:00,809.5089457480279,0.0
01/09 18:00:00,606.5627230285037,0.0
01/09 19:00:00,607.7939233151503,0.0
01/09 20:00:00,569.5699182599949,0.0
01/09 21:00:00,545.5830016320189,0.0
01/09 22:00:00,490.2506459551795,0.0
01/09 23:00:00,472.60082031872616,0.0
01/10 00:00:00,410.0608651507452,0.0
01/10 01:00:00,412.33243488591984,0.0
01/10 02:00:00,408.0704504808858,0.0
01/10 03:00:00,409.0363560559965,0.0
01/10 04:00:00,409.83505138371197,0.0
01/10 05:00:00,412.5012837687851,0.0
01/10 06:00:00,477.45107726297255,0.0
01/10 07:00:00,594.085999361458,0.0
01/10 08:00:00,1234.9063248670818,1.0
01/10 09:00:00,1269.6689607075612,77.15
01/10 10:00:00,1258.2505885670892,162.34
01/10 11:00:00,1276.894761168766,215.24
01/10 12:00:00,1214.5544862897368,226.76
01/10 13:00:00,1282.6570509882047,219.89
01/10 14:00:00,1273.8796203847555,169.54
01/10 15:00:00,1305.7341492942808,39.11
01/10 16:00:00,1372.3946365289548,11.37
01/10 17:00:00,911.1865150464445,0.0
01/10 18:00:00,704.9275188066604,0.0
01/10 19:00:00,721.4034507387096,0.0
01/10 20:00:00,675.6817501238559,0.0
01/10 21:00:00,671.1968495295296,0.0
01/10 22:00:00,619.2006603225079,0.0
01/10 23:00:00,596.7439509886077,0.0
01/11 00:00:00,517.8453625298857,0.0
01/11 01:00:00,516.623572972544,0.0
01/11 02:00:00,519.9695078781174,0.0
01/11 03:00:00,516.1318833146321,0.0
01/11 04:00:00,516.2771074569341,0.0
01/11 05:00:00,521.7208250155591,0.0
01/11 06:00:00,598.2717061271827,0.0
01/11 07:00:00,707.294667817668,0.0
01/11 08:00:00,1466.2402727549756,2.0
01/11 09:00:00,1312.266250924512,74.79
01/11 10:00:00,1285.5711948868086,148.64
01/11 11:00:00,1279.3875328835338,174.14
01/11 12:00:00,1219.0094165984688,203.75
01/11 13:00:00,1287.2730355354258,151.38
01/11 14:00:00,1302.143964277771,41.73
01/11 15:00:00,1320.8117578594847,33.81
01/11 16:00:00,1369.2955429265446,17.04
01/11 17:00:00,895.7049535367559,0.0
01/11 18:00:00,708.8947178323118,0.0
01/11 19:00:00,743.60364965907,0.0
01/11 20:00:00,696.3966987282548,0.0
01/11 21:00:00,687.445665938678,0.0
01/11 22:00:00,626.0901945707075,0.0
01/11 23:00:00,599.0887511204367,0.0
01/12 00:00:00,517.8724994700071,0.0
01/12 01:00:00,517.2502577203879,0.0
01/12 02:00:00,518.2563923719484,0.0
01/12 03:00:00,516.8818724671537,0.0
01/12 04:00:00,514.213222581125,0.0
01/12 05:00:00,523.0610806641911,0.0
01/12 06:00:00,601.8418964871719,0.0
01/12 07:00:00,711.0043397325651,0.0
01/12 08:00:00,1465.9579820484425,0.0
01/12 09:00:00,1321.2766562238953,11.18
01/12 10:00:00,1156.0322491584418,28.39
01/12 11:00:00,1145.969444557025,60.58
01/12 12:00:00,1113.7993393233248,33.3
01/12 13:00:00,1166.5427150267756,37.58
01/12 14:00:00,1168.893051092973,30.49
01/12 15:00:00,1198.2692016136377,17.17
01/12 16:00:00,1231.2612439661195,10.26
01/12 17:00:00,797.168438172749,0.0
01/12 18:00:00,598.223538295838,0.0
01/12 19:00:00,608.4270126009645,0.0
01/12 20:00:00,570.8597758543451,0.0
01/12 21:00:00,547.3556307194715,0.0
01/12 22:00:00,505.3958781412152,0.0
01/12 23:00:00,483.44346879475506,0.0
01/13 00:00:00,418.9535773198475,0.0
01/13 01:00:00,418.6399096093537,0.0
01/13 02:00:00,420.22813810740183,0.0
01/13 03:00:00,419.1067010528079,0.0
01/13 04:00:00,419.89386916019976,0.0
01/13 05:00:00,422.4646302053682,0.0
01/13 06:00:00,486.88986426254155,0.0
01/13 07:00:00,592.3319648922535,0.0
01/13 08:00:00,1240.3826463802843,3.0
01/13 09:00:00,1139.6974229642817,86.28
01/13 10:00:00,1130.7864823176799,166.66
01/13 11:00:00,1151.4187340410674,221.18
01/13 12:00:00,1097.4208948466203,255.79
01/13 13:00:00,1158.8925312071522,250.77
01/13 14:00:00,1144.3022191691575,210.37
01/13 15:00:00,1156.5732059961736,146.0
01/13 16:00:00,1210.896945749851,43.61
01/13 17:00:00,795.5009297871193,0.0
01/13 18:00:00,616.5694247030257,0.0
01/13 19:00:00,627.2498582110842,0.0
01/13 20:00:00,585.8824200203574,0.0
01/13 21:00:00,568.3881204589608,0.0
01/13 22:00:00,517.2288357477456,0.0
01/13 23:00:00,494.8731691221196,0.0
01/14 00:00:00,366.61840486533606,0.0
01/14 01:00:00,371.5361010264977,0.0
01/14 02:00:00,368.6442587320818,0.0
01/14 03:00:00,369.9432426870223,0.0
01/14 04:00:00,370.8756869590066,0.0
01/14 05:00:00,368.8610382029851,0.0
01/14 06:00:00,507.3726072592008,0.0
01/14 07:00:00,511.30444623999114,0.0
01/14 08:00:00,649.0322979746279,1.0
01/14 09:00:00,639.194734453375,17.37
01/14 10:00:00,628.9716165382794,31.59
01/14 11:00:00,626.3347816309882,49.08
01/14 12:00:00,466.30118568255295,50.91
01/14 13:00:00,458.1107444750079,78.68
01/14 14:00:00,464.62401026912636,67.28
01/14 15:00:00,505.163988468675,38.03
01/14 16:00:00,475.4468300623922,19.01
01/14 17:00:00,404.6287164160382,0.0
01/14 18:00:00,407.8626438607182,0.0
01/14 19:00:00,361.8427913441316,0.0
01/14 20:00:00,363.3869803324332,0.0
01/14 21:00:00,363.31313352149823,0.0
01/14 22:00:00,362.43696212244055,0.0
01/14 23:00:00,356.54611878748636,0.0
01/15 00:00:00,350.97409637030137,0.0
01/15 01:00:00,350.0573686645237,0.0
01/15 02:00:00,350.771243394379,0.0
01/15 03:00:00,353.5613414106028,0.0
01/15 04:00:00,353.6610097596703,0.0
01/15 05:00:00,352.95046260133796,0.0
01/15 06:00:00,402.46664121032126,0.0
01/15 07:00:00,400.6458503553167,0.0
01/15 08:00:00,400.99083865657275,1.0
01/15 09:00:00,401.91191046028325,16.28
01/15 10:00:00,398.2222115269539,25.4
01/15 11:00:00,399.12495195003936,53.09
01/15 12:00:00,401.42373160232074,63.53
01/15 13:00:00,400.5753568200868,68.81
01/15 14:00:00,400.490977727187,51.03
01/15 15:00:00,399.9888094105232,27.53
01/15 16:00:00,409.3180871274149,16.69
01/15 17:00:00,414.34902016529384,0.0
01/15 18:00:00,364.8054294779585,0.0
01/15 19:00:00,369.02319610195656,0.0
01/15 20:00:00,367.7225260024506,0.0
01/15 21:00:00,365.17857485324345,0.0
01/15 22:00:00,362.43390043650874,0.0
01/15 23:00:00,362.58749770612485,0.0
01/16 00:00:00,365.8105900020256,0.0
01/16 01:00:00,366.2007773999726,0.0
01/16 02:00:00,357.78240297552725,0.0
01/16 03:00:00,364.57110037898474,0.0
01/16 04:00:00,364.9624276587365,0.0
01/16 05:00:00,355.8638970246867,0.0
01/16 06:00:00,408.92451598506466,0.0
01/16 07:00:00,409.1918528370562,0.0
01/16 08:00:00,407.95145725861767,4.0
01/16 09:00:00,405.16882853289184,90.09
01/16 10:00:00,401.77040018537025,147.46
01/16 11:00:00,402.00688677385494,177.24
01/16 12:00:00,407.5292070798892,218.65
01/16 13:00:00,407.78973692219523,213.27
01/16 14:00:00,410.7714504566161,132.66
01/16 15:00:00,410.8524409218153,99.33
01/16 16:00:00,419.09712574924635,22.27
01/16 17:00:00,422.4020142633982,0.0
01/16 18:00:00,373.99773552641545,0.0
01/16 19:00:00,367.7720887604694,0.0
01/16 20:00:00,369.6937375611934,0.0
01/16 21:00:00,373.95247609825964,0.0
01/16 22:00:00,363.4255165669621,0.0
01/16 23:00:00,361.80467687577396,0.0
01/17 00:00:00,423.72834097230486,0.0
01/17 01:00:00,421.84464992672616,0.0
01/17 02:00:00,424.2740653291517,0.0
01/17 03:00:00,424.6700471432384,0.0
01/17 04:00:00,417.8538564252449,0.0
01/17 05:00:00,426.0903368985687,0.0
01/17 06:00:00,485.8240116386896,0.0
01/17 07:00:00,598.4473555030771,0.0
01/17 08:00:00,1270.1778715055607,0.0
01/17 09:00:00,1186.7611703744028,10.1
01/17 10:00:00,1173.4639293402818,15.2
01/17 11:00:00,1175.33821835696,31.28
01/17 12:00:00,1115.0976130607737,34.31
01/17 13:00:00,1176.5402458860515,30.31
01/17 14:00:00,1165.0532849303083,30.53
01/17 15:00:00,1158.9004789214398,22.36
01/17 16:00:00,1200.648951054745,3.0
01/17 17:00:00,770.7134815398825,0.0
01/17 18:00:00,587.3083444100414,0.0
01/17 19:00:00,603.916525675599,0.0
01/17 20:00:00,573.2976257210764,0.0
01/17 21:00:00,564.022616641059,0.0
01/17 22:00:00,509.32033189702577,0.0
01/17 23:00:00,479.39891005592096,0.0
01/18 00:00:00,418.4941456772475,0.0
01/18 01:00:00,418.8147643535919,0.0
01/18 02:00:00,416.2127734476244,0.0
01/18 03:00:00,422.8972058975769,0.0
01/18 04:00:00,421.946723841428,0.0
01/18 05:00:00,425.6396508756149,0.0
01/18 06:00:00,496.4084355349116,0.0
01/18 07:00:00,610.8882854287699,0.0
01/18 08:00:00,1302.0030874166862,0.0
01/18 09:00:00,1306.7516796222712,6.1
01/18 10:00:00,1225.826878926355,18.21
01/18 11:00:00,1216.9335504241076,21.28
01/18 12:00:00,1146.7267044130253,37.63
01/18 13:00:00,1196.8777626822634,44.62
01/18 14:00:00,1198.368873653847,39.8
01/18 15:00:00,1203.1050057260281,24.37
01/18 16:00:00,1215.5576307631015,29.36
01/18 17:00:00,788.3750165610537,0.0
01/18 18:00:00,598.7508391586332,0.0
01/18 19:00:00,610.0386634789013,0.0
01/18 20:00:00,578.4561743676683,0.0
01/18 21:00:00,558.4570948089952,0.0
01/18 22:00:00,509.5688804420523,0.0
01/18 23:00:00,487.95551921748296,0.0
01/19 00:00:00,422.72113327159076,0.0
01/19 01:00:00,425.98229393716355,0.0
01/19 02:00:00,424.05561221624237,0.0
01/19 03:00:00,427.28062162559854,0.0
01/19 04:00:00,427.7395451747282,0.0
01/19 05:00:00,432.2622827532214,0.0
01/19 06:00:00,499.6126904307753,0.0
01/19 07:00:00,608.1279956920447,0.0
01/19 08:00:00,1299.0297421747528,2.0
01/19 09:00:00,1275.4460907137038,40.8
01/19 10:00:00,1299.0566953605448,70.57
01/19 11:00:00,1296.3994608485682,145.82
01/19 12:00:00,1245.266748615776,121.97
01/19 13:00:00,1322.599609224476,141.53
01/19 14:00:00,1307.6245030256557,139.75
01/19 15:00:00,1345.693501627206,22.38
01/19 16:00:00,1381.3580807661979,18.62
01/19 17:00:00,902.4217128810989,0.0
01/19 18:00:00,692.0579149739103,0.0
01/19 19:00:00,745.5412909285644,0.0
01/19 20:00:00,719.360574281907,0.0
01/19 21:00:00,703.2599330636627,0.0
01/19 22:00:00,642.2265875766643,0.0
01/19 23:00:00,614.8481380491974,0.0
01/20 00:00:00,541.3536926454179,0.0
01/20 01:00:00,541.2794737338635,0.0
01/20 02:00:00,539.9168774825266,0.0
01/20 03:00:00,539.6159962693484,0.0
01/20 04:00:00,539.9126635303259,0.0
01/20 05:00:00,545.5223761206994,0.0
01/20 06:00:00,621.8780482254164,0.0
01/20 07:00:00,746.3436995581238,0.0
01/20 08:00:00,1524.220331131595,0.0
01/20 09:00:00,1394.8580023271736,11.11
01/20 10:00:00,1334.2001878365986,32.64
01/20 11:00:00,1329.23990755658,48.86
01/20 12:00:00,1260.0992285966622,83.58
01/20 13:00:00,1332.1644062589166,91.5
01/20 14:00:00,1333.247200935233,64.92
01/20 15:00:00,1330.3432080107088,60.9
01/20 16:00:00,1399.9108902970079,21.81
01/20 17:00:00,919.9661291995977,0.0
01/20 18:00:00,706.3630024771245,0.0
01/20 19:00:00,744.9571094509253,0.0
01/20 20:00:00,715.3120891923863,0.0
01/20 21:00:00,702.1203253021629,0.0
01/20 22:00:00,646.534304302432,0.0
01/20 23:00:00,614.149899303715,0.0
01/21 00:00:00,454.2225853196205,0.0
01/21 01:00:00,460.4341869299711,0.0
01/21 02:00:00,457.56722794449297,0.0
01/21 03:00:00,459.0903226472057,0.0
01/21 04:00:00,456.9679435144706,0.0
01/21 05:00:00,454.3921633215412,0.0
01/21 06:00:00,628.8606140380816,0.0
01/21 07:00:00,625.1797425988101,0.0
01/21 08:00:00,785.2403886997754,1.0
01/21 09:00:00,744.3837910934027,20.44
01/21 10:00:00,718.4198183011817,52.51
01/21 11:00:00,727.2408180453613,76.61
01/21 12:00:00,537.8566036659832,131.78
01/21 13:00:00,527.4618351196423,145.17
01/21 14:00:00,525.5157086804096,108.79
01/21 15:00:00,519.783043139738,51.78
01/21 16:00:00,535.331730830724,5.09
01/21 17:00:00,465.00562459089076,0.0
01/21 18:00:00,486.6678604672384,0.0
01/21 19:00:00,446.0279460281166,0.0
01/21 20:00:00,457.0457641171155,0.0
01/21 21:00:00,459.7854202720741,0.0
01/21 22:00:00,456.78547921958295,0.0
01/21 23:00:00,456.8888735222847,0.0
01/22 00:00:00,457.60959178214614,0.0
01/22 01:00:00,455.6659337984907,0.0
01/22 02:00:00,455.89629820369953,0.0
01/22 03:00:00,455.3096155746477,0.0
01/22 04:00:00,457.0096935268283,0.0
01/22 05:00:00,462.4821354469731,0.0
01/22 06:00:00,521.7849693652169,0.0
01/22 07:00:00,519.6011245208274,0.0
01/22 08:00:00,511.2892082884125,7.0
01/22 09:00:00,506.3219425997943,88.58
01/22 10:00:00,499.9244411750172,184.25
01/22 11:00:00,499.78069132220753,236.69
01/22 12:00:00,494.3544354174695,240.63
01/22 13:00:00,499.96455047557714,268.17
01/22 14:00:00,500.22833406157633,235.4
01/22 15:00:00,510.6068716995551,161.36
01/22 16:00:00,516.0001287054748,65.71
01/22 17:00:00,519.3843989304135,2.0
01/22 18:00:00,459.2468522463906,0.0
01/22 19:00:00,461.10753628092897,0.0
01/22 20:00:00,466.11924327323214,0.0
01/22 21:00:00,467.7088022903296,0.0
01/22 22:00:00,458.37948414803174,0.0
01/22 23:00:00,459.63629254018133,0.0
01/23 00:00:00,538.389297147542,0.0
01/23 01:00:00,537.5979079716739,0.0
01/23 02:00:00,541.3523840237095,0.0
01/23 03:00:00,540.005543385098,0.0
01/23 04:00:00,538.2573724159572,0.0
01/23 05:00:00,547.726609371019,0.0
01/23 06:00:00,648.9770300328482,0.0
01/23 07:00:00,788.9780940048747,0.0
01/23 08:00:00,1679.0286155131837,7.0
01/23 09:00:00,1591.4038985524173,32.15
01/23 10:00:00,1548.0001038434652,94.99
01/23 11:00:00,1556.7522217235355,91.85
01/23 12:00:00,1480.9586811412803,116.33
01/23 13:00:00,1568.8264451445702,109.27
01/23 14:00:00,1572.8615602713855,59.43
01/23 15:00:00,1608.5192350856425,25.41
01/23 16:00:00,1656.80583101459,9.09
01/23 17:00:00,1044.6910540611127,1.0
01/23 18:00:00,772.3678671208372,0.0
01/23 19:00:00,770.6831901189676,0.0
01/23 20:00:00,725.2162611186722,0.0
01/23 21:00:00,708.9380909670119,0.0
01/23 22:00:00,647.1126638813519,0.0
01/23 23:00:00,614.9644995691035,0.0
01/24 00:00:00,536.0049152139841,0.0
01/24 01:00:00,537.8574538890848,0.0
01/24 02:00:00,533.0835662420611,0.0
01/24 03:00:00,536.8769402628036,0.0
01/24 04:00:00,538.6788671304681,0.0
01/24 05:00:00,543.8227411818867,0.0
01/24 06:00:00,614.7025927540473,0.0
01/24 07:00:00,733.0237123171681,0.0
01/24 08:00:00,1471.6016976591382,9.0
01/24 09:00:00,1309.4302997115703,111.69
01/24 10:00:00,1292.2487780452632,189.53
01/24 11:00:00,1283.8803812133442,208.33
01/24 12:00:00,1246.0428371426085,269.41
01/24 13:00:00,1310.5763837515503,287.5
01/24 14:00:00,1283.0476287218996,210.78
01/24 15:00:00,1291.4721698177354,178.43
01/24 16:00:00,1362.0729123207736,92.43
01/24 17:00:00,913.1953853917967,3.0
01/24 18:00:00,710.7848359539514,0.0
01/24 19:00:00,741.4608389878509,0.0
01/24 20:00:00,711.1908228387782,0.0
01/24 21:00:00,695.9232778890499,0.0
01/24 22:00:00,641.420134546053,0.0
01/24 23:00:00,611.6308358742313,0.0
01/25 00:00:00,531.1832033056464,0.0
01/25 01:00:00,535.9228509852808,0.0
01/25 02:00:00,535.6981951228279,0.0
01/25 03:00:00,541.0359468139031,0.0
01/25 04:00:00,536.1338956781785,0.0
01/25 05:00:00,545.5275337699629,0.0
01/25 06:00:00,617.5957263336425,0.0
01/25 07:00:00,734.690239126574,0.0
01/25 08:00:00,1482.721345657727,1.0
01/25 09:00:00,1356.9024875749067,12.12
01/25 10:00:00,1312.132483550843,46.14
01/25 11:00:00,1315.194262299738,48.91
01/25 12:00:00,1246.5571685370037,78.05
01/25 13:00:00,1319.9924756808382,57.01
01/25 14:00:00,1299.7339680715872,94.42
01/25 15:00:00,1292.920199268167,44.07
01/25 16:00:00,1234.6367182011556,11.2
01/25 17:00:00,790.3353931203897,0.0
01/25 18:00:00,606.4085075612626,0.0
01/25 19:00:00,627.5344824394565,0.0
01/25 20:00:00,602.7630690169167,0.0
01/25 21:00:00,583.0481909613371,0.0
01/25 22:00:00,536.6980258462316,0.0
01/25 23:00:00,506.56183530986834,0.0
01/26 00:00:00,445.4191892325992,0.0
01/26 01:00:00,442.92315287983286,0.0
01/26 02:00:00,443.72243407027537,0.0
01/26 03:00:00,442.4695390413946,0.0
01/26 04:00:00,441.3330127975315,0.0
01/26 05:00:00,447.42851636046413,0.0
01/26 06:00:00,510.96478631719253,0.0
01/26 07:00:00,613.6364962658786,0.0
01/26 08:00:00,1291.246908543967,4.0
01/26 09:00:00,1245.366521335362,73.44
01/26 10:00:00,1293.9549844285036,87.58
01/26 11:00:00,1307.6630155883583,200.23
01/26 12:00:00,1251.7633568894441,125.25
01/26 13:00:00,1319.6041656182422,125.86
01/26 14:00:00,1310.6617649130724,151.01
01/26 15:00:00,1315.1028127299226,125.21
01/26 16:00:00,1386.8007405905032,60.48
01/26 17:00:00,930.4842128266798,4.0
01/26 18:00:00,726.1352397173281,0.0
01/26 19:00:00,757.2667778435364,0.0
01/26 20:00:00,721.9792001486101,0.0
01/26 21:00:00,702.7680410137168,0.0
01/26 22:00:00,649.5942429810177,0.0
01/26 23:00:00,615.5160223040992,0.0
01/27 00:00:00,533.9521705012567,0.0
01/27 01:00:00,535.2755916065898,0.0
01/27 02:00:00,537.508323986823,0.0
01/27 03:00:00,538.5629635065567,0.0
01/27 04:00:00,536.219799529876,0.0
01/27 05:00:00,544.897602673048,0.0
01/27 06:00:00,616.8901760358256,0.0
01/27 07:00:00,745.6364541258355,0.0
01/27 08:00:00,1532.467678203314,9.0
01/27 09:00:00,1328.1746090923039,104.19
01/27 10:00:00,1293.8590228414803,161.35
01/27 11:00:00,1299.9285051069949,203.53
01/27 12:00:00,1253.5684383554587,212.43
01/27 13:00:00,1321.0001522289401,291.82
01/27 14:00:00,1303.7215191933362,228.53
01/27 15:00:00,1321.6906531818247,144.81
01/27 16:00:00,1400.1376213176593,68.06
01/27 17:00:00,937.4061671198126,1.0
01/27 18:00:00,723.1001655930089,0.0
01/27 19:00:00,745.57516741295,0.0
01/27 20:00:00,705.7786122059887,0.0
01/27 21:00:00,686.8069771083378,0.0
01/27 22:00:00,658.5380843975278,0.0
01/27 23:00:00,621.71755864853,0.0
01/28 00:00:00,459.69546700248804,0.0
01/28 01:00:00,458.3660841021493,0.0
01/28 02:00:00,456.692654828306,0.0
01/28 03:00:00,460.47139578153866,0.0
01/28 04:00:00,459.28191901605777,0.0
01/28 05:00:00,457.54977541314224,0.0
01/28 06:00:00,626.3739161747526,0.0
01/28 07:00:00,633.5816630568435,0.0
01/28 08:00:00,786.057352278242,15.0
01/28 09:00:00,727.2096338976878,63.22
01/28 10:00:00,708.188660772792,110.03
01/28 11:00:00,712.264835016247,156.57
01/28 12:00:00,527.9737290683069,233.01
01/28 13:00:00,519.2538218447581,203.96
01/28 14:00:00,517.1130287513007,115.68
01/28 15:00:00,523.5269688811235,43.91
01/28 16:00:00,540.3106513161856,19.34
01/28 17:00:00,472.78810343284573,1.0
01/28 18:00:00,499.47662253996555,0.0
01/28 19:00:00,454.33314641563754,0.0
01/28 20:00:00,463.47800826363806,0.0
01/28 21:00:00,465.1278310403907,0.0
01/28 22:00:00,463.3468258010044,0.0
01/28 23:00:00,461.0480862615507,0.0
01/29 00:00:00,459.1832622523601,0.0
01/29 01:00:00,464.1230207194259,0.0
01/29 02:00:00,461.96665641258085,0.0
01/29 03:00:00,463.8099288582047,0.0
01/29 04:00:00,459.9988614809465,0.0
01/29 05:00:00,465.60957288747306,0.0
01/29 06:00:00,528.3274807494324,0.0
01/29 07:00:00,530.2647216530402,0.0
01/29 08:00:00,519.5884091462488,1.0
01/29 09:00:00,521.5165649142599,16.27
01/29 10:00:00,513.5112222913947,33.49
01/29 11:00:00,513.9679880664338,77.24
01/29 12:00:00,511.4631687625122,244.45
01/29 13:00:00,510.3846338103489,231.46
01/29 14:00:00,515.0712892912762,136.47
01/29 15:00:00,511.76330238096347,116.49
01/29 16:00:00,521.5618056943207,62.09
01/29 17:00:00,530.7642199493147,4.0
01/29 18:00:00,467.9094057786059,0.0
01/29 19:00:00,471.3149822955081,0.0
01/29 20:00:00,470.7751811050146,0.0
01/29 21:00:00,470.5388803394335,0.0
01/29 22:00:00,464.3479224037915,0.0
01/29 23:00:00,463.21954616468264,0.0
01/30 00:00:00,540.7789975195699,0.0
01/30 01:00:00,540.8261461655127,0.0
01/30 02:00:00,545.0290118080748,0.0
01/30 03:00:00,542.5103474663158,0.0
01/30 04:00:00,542.8388605294348,0.0
01/30 05:00:00,550.5213223290945,0.0
01/30 06:00:00,647.3776097079045,0.0
01/30 07:00:00,794.2426971016272,0.0
01/30 08:00:00,1668.2745787511167,7.25
01/30 09:00:00,1581.5459806443666,56.16
01/30 10:00:00,1556.2002595174656,146.48
01/30 11:00:00,1554.1672288641446,120.45
01/30 12:00:00,1484.2493183359745,109.71
01/30 13:00:00,1552.0991612922521,151.58
01/30 14:00:00,1553.1593043519053,248.83
01/30 15:00:00,1556.7137958457085,133.75
01/30 16:00:00,1603.6217092255856,68.93
01/30 17:00:00,1053.2858768447015,10.0
01/30 18:00:00,786.1597610415798,0.0
01/30 19:00:00,788.0418933539537,0.0
01/30 20:00:00,726.2323276003805,0.0
01/30 21:00:00,702.9849296255996,0.0
01/30 22:00:00,652.5573213850654,0.0
01/30 23:00:00,622.6809425301207,0.0
01/31 00:00:00,545.9239205721786,0.0
01/31 01:00:00,539.3294430972827,0.0
01/31 02:00:00,540.5696616802687,0.0
01/31 03:00:00,541.7053708786469,0.0
01/31 04:00:00,541.6903503296095,0.0
01/31 05:00:00,544.8351539644608,0.0
01/31 06:00:00,612.7903137698236,0.0
01/31 07:00:00,737.190122632766,0.0
01/31 08:00:00,1524.1410243134665,3.33
01/31 09:00:00,1357.5635083495279,38.28
01/31 10:00:00,1317.691134866113,40.76
01/31 11:00:00,1317.2676530029364,74.97
01/31 12:00:00,1205.6058700288063,78.83
01/31 13:00:00,1178.8257885031728,86.55
01/31 14:00:00,1165.168360768082,64.6
01/31 15:00:00,1185.9999219232318,40.72
01/31 16:00:00,1238.7207547162977,16.26
01/31 17:00:00,791.937069784886,1.0
01/31 18:00:00,615.0102700604599,0.0
01/31 19:00:00,619.7141701656591,0.0
01/31 20:00:00,585.989401357327,0.0
01/31 21:00:00,572.0192064763725,0.0
01/31 22:00:00,519.87425931854,0.0
01/31 23:00:00,496.264162115297,0.0
02/01 00:00:00,538.0669397917694,0.0
02/01 01:00:00,546.8211082783835,0.0
02/01 02:00:00,547.2348910593192,0.0
02/01 03:00:00,547.7856064308555,0.0
02/01 04:00:00,546.965023599804,0.0
02/01 05:00:00,542.3782349788924,0.0
02/01 06:00:00,612.0792474283256,0.0
02/01 07:00:00,722.2000520500185,0.0
02/01 08:00:00,1420.0819566765902,3.13
02/01 09:00:00,1316.485964975428,23.44
02/01 10:00:00,1270.8689415223166,78.33
02/01 11:00:00,1273.638900666036,162.29
02/01 12:00:00,1230.441825586431,144.01
02/01 13:00:00,1285.8875314049583,166.22
02/01 14:00:00,1289.6286885515067,194.35
02/01 15:00:00,1282.5461195020089,151.25
02/01 16:00:00,1306.011830566707,69.09
02/01 17:00:00,907.7184090854037,4.0
02/01 18:00:00,726.3546784874956,0.0
02/01 19:00:00,742.3233928723605,0.0
02/01 20:00:00,697.8094317300194,0.0
02/01 21:00:00,686.0168001566439,0.0
02/01 22:00:00,641.4768738788554,0.0
02/01 23:00:00,614.4495087547912,0.0
02/02 00:00:00,549.9255865472064,0.0
02/02 01:00:00,551.471482935876,0.0
02/02 02:00:00,549.1425867991777,0.0
02/02 03:00:00,551.7518874731777,0.0
02/02 04:00:00,553.8259047744514,0.0
02/02 05:00:00,554.5715716578089,0.0
02/02 06:00:00,616.2176132855752,0.0
02/02 07:00:00,715.4171240448359,0.0
02/02 08:00:00,1382.9025040767592,11.24
02/02 09:00:00,1281.8911747614543,78.73
02/02 10:00:00,1404.002621761109,170.57
02/02 11:00:00,1317.4429778714048,206.16
02/02 12:00:00,1219.7844249802624,233.82
02/02 13:00:00,1279.4715529967211,315.92
02/02 14:00:00,1268.4844878107378,282.52
02/02 15:00:00,1269.7891524740749,220.52
02/02 16:00:00,1301.5364714204509,131.18
02/02 17:00:00,917.6480997929368,10.0
02/02 18:00:00,716.8309351616683,0.0
02/02 19:00:00,735.8106172183174,0.0
02/02 20:00:00,707.9202660231048,0.0
02/02 21:00:00,681.696647269637,0.0
02/02 22:00:00,645.209817587766,0.0
02/02 23:00:00,612.4347203312079,0.0
02/03 00:00:00,554.2441590550211,0.0
02/03 01:00:00,542.552889531478,0.0
02/03 02:00:00,550.828619518715,0.0
02/03 03:00:00,544.9247982666287,0.0
02/03 04:00:00,548.5158680129167,0.0
02/03 05:00:00,542.2889481035903,0.0
02/03 06:00:00,612.1939602100047,0.0
02/03 07:00:00,731.8674521305999,0.0
02/03 08:00:00,1421.2531612137102,18.71
02/03 09:00:00,1422.2240644576648,147.11
02/03 10:00:00,1394.244440549674,233.73
02/03 11:00:00,1401.5061982420016,302.35
02/03 12:00:00,1358.6867994431734,348.21
02/03 13:00:00,1348.2484874854654,343.98
02/03 14:00:00,1280.7808806972391,296.91
02/03 15:00:00,1351.9657332185702,225.45
02/03 16:00:00,1307.8873700272436,137.0
02/03 17:00:00,914.6683695139224,11.0
02/03 18:00:00,738.700786038247,0.0
02/03 19:00:00,748.8728342376747,0.0
02/03 20:00:00,686.5813329588414,0.0
02/03 21:00:00,669.3385962941062,0.0
02/03 22:00:00,637.2857810205203,0.0
02/03 23:00:00,620.308857743339,0.0
02/04 00:00:00,484.03961724913995,0.0
02/04 01:00:00,491.9387875270993,0.0
02/04 02:00:00,490.4053559664989,0.0
02/04 03:00:00,489.7139333438561,0.0
02/04 04:00:00,491.72659089862225,0.0
02/04 05:00:00,491.1537762679875,0.0
02/04 06:00:00,630.5332205042431,0.0
02/04 07:00:00,639.7635300127583,0.0
02/04 08:00:00,812.1003778751605,15.25
02/04 09:00:00,847.1917029946127,136.8
02/04 10:00:00,827.8871841566563,222.31
02/04 11:00:00,836.6947401574221,306.89
02/04 12:00:00,623.1649967732139,354.49
02/04 13:00:00,576.7148576083977,352.96
02/04 14:00:00,609.3438556706942,302.21
02/04 15:00:00,642.3847846370905,230.46
02/04 16:00:00,651.923911902083,141.77
02/04 17:00:00,601.1892044602438,13.47
02/04 18:00:00,628.9392485996872,0.0
02/04 19:00:00,586.0408338776535,0.0
02/04 20:00:00,591.1165742316928,0.0
02/04 21:00:00,601.7782376326768,0.0
02/04 22:00:00,604.3864256733273,0.0
02/04 23:00:00,597.6173841191699,0.0
02/05 00:00:00,598.7833574842742,0.0
02/05 01:00:00,601.6470879732052,0.0
02/05 02:00:00,600.1584946098578,0.0
02/05 03:00:00,600.0752976005581,0.0
02/05 04:00:00,603.532355316318,0.0
02/05 05:00:00,600.9375492549879,0.0
02/05 06:00:00,666.7898368084428,0.0
02/05 07:00:00,659.9407201921333,0.0
02/05 08:00:00,661.9025424152273,22.92
02/05 09:00:00,663.238486544221,154.59
02/05 10:00:00,663.8686759558291,243.22
02/05 11:00:00,664.9979554767925,311.42
02/05 12:00:00,666.8985741499689,356.11
02/05 13:00:00,666.3514537106237,353.32
02/05 14:00:00,670.0844562590403,302.3
02/05 15:00:00,672.232763765205,233.28
02/05 16:00:00,667.0931406572196,145.62
02/05 17:00:00,662.6434735657543,14.85
02/05 18:00:00,613.2221869702091,0.0
02/05 19:00:00,610.9325376105036,0.0
02/05 20:00:00,610.6915249303311,0.0
02/05 21:00:00,607.0612786702101,0.0
02/05 22:00:00,606.0829292490153,0.0
02/05 23:00:00,598.6446836600168,0.0
02/06 00:00:00,674.1388202143258,0.0
02/06 01:00:00,673.8614678608847,0.0
02/06 02:00:00,677.320814357975,0.0
02/06 03:00:00,676.7974139058533,0.0
02/06 04:00:00,678.2165516838094,0.0
02/06 05:00:00,681.9916895976008,0.0
02/06 06:00:00,786.7230202905876,0.0
02/06 07:00:00,926.7585483261327,0.0
02/06 08:00:00,1784.327572686091,15.68
02/06 09:00:00,1725.7859735912414,114.0
02/06 10:00:00,1711.0562857296538,181.22
02/06 11:00:00,1705.7727407263353,251.4
02/06 12:00:00,1632.8347840820143,348.9
02/06 13:00:00,1726.4387854113866,359.36
02/06 14:00:00,1696.833555623911,310.48
02/06 15:00:00,1694.8043928952866,231.85
02/06 16:00:00,1733.5644680461742,149.57
02/06 17:00:00,1190.6238401796331,17.32
02/06 18:00:00,911.2252046649082,0.0
02/06 19:00:00,908.0504936940613,0.0
02/06 20:00:00,867.21992037421,0.0
02/06 21:00:00,842.4278562214685,0.0
02/06 22:00:00,789.0643226072301,0.0
02/06 23:00:00,757.6842718473065,0.0
02/07 00:00:00,678.4507155941881,0.0
02/07 01:00:00,683.7166354177581,0.0
02/07 02:00:00,672.8731266469609,0.0
02/07 03:00:00,676.0802259642063,0.0
02/07 04:00:00,678.2588539454181,0.0
02/07 05:00:00,676.8407142723175,0.0
02/07 06:00:00,754.3023269828682,0.0
02/07 07:00:00,877.3318180312018,0.0
02/07 08:00:00,1589.0470551352926,17.34
02/07 09:00:00,1409.4007103321953,109.02
02/07 10:00:00,1382.0324514563333,178.11
02/07 11:00:00,1379.9122138511727,245.68
02/07 12:00:00,1329.1320021407978,273.5
02/07 13:00:00,1401.2761751331373,264.33
02/07 14:00:00,1388.2470716646317,169.85
02/07 15:00:00,1395.7798831128766,114.85
02/07 16:00:00,1435.9946063700545,81.67
02/07 17:00:00,1013.6468909550049,16.87
02/07 18:00:00,833.8855318333617,0.0
02/07 19:00:00,866.2630232531457,0.0
02/07 20:00:00,827.821271412017,0.0
02/07 21:00:00,801.2560174957654,0.0
02/07 22:00:00,763.8834005914142,0.0
02/07 23:00:00,739.8519082270295,0.0
02/08 00:00:00,658.5860667422495,0.0
02/08 01:00:00,656.779730395561,0.0
02/08 02:00:00,664.1361151343252,0.0
02/08 03:00:00,659.5264449113222,0.0
02/08 04:00:00,661.2695641811183,0.0
02/08 05:00:00,664.892935748302,0.0
02/08 06:00:00,742.2715189171655,0.0
02/08 07:00:00,846.3363642927096,0.0
02/08 08:00:00,1576.1455935924334,16.39
02/08 09:00:00,1398.0706632250779,102.83
02/08 10:00:00,1393.3138977224653,153.29
02/08 11:00:00,1409.5893415306773,269.01
02/08 12:00:00,1351.3361704328206,296.86
02/08 13:00:00,1416.296998484551,252.59
02/08 14:00:00,1401.6866823348464,313.52
02/08 15:00:00,1388.1840570162046,240.86
02/08 16:00:00,1414.4093820962062,143.72
02/08 17:00:00,1009.3141789641422,19.53
02/08 18:00:00,845.8621186803915,0.0
02/08 19:00:00,869.1959991714525,0.0
02/08 20:00:00,833.2734512992362,0.0
02/08 21:00:00,812.2966856137195,0.0
02/08 22:00:00,782.1829026374354,0.0
02/08 23:00:00,759.5027380847976,0.0
02/09 00:00:00,681.7682364636552,0.0
02/09 01:00:00,681.3896741684702,0.0
02/09 02:00:00,680.5892265474013,0.0
02/09 03:00:00,680.0754614120742,0.0
02/09 04:00:00,675.9556145750103,0.0
02/09 05:00:00,683.5750185260904,0.0
02/09 06:00:00,751.8088750137842,0.0
02/09 07:00:00,869.6377183322968,0.0
02/09 08:00:00,1617.1192271887335,4.04
02/09 09:00:00,1493.9333120918748,19.18
02/09 10:00:00,1437.9269545510135,32.29
02/09 11:00:00,1414.6469364820214,47.74
02/09 12:00:00,1354.553317253556,66.23
02/09 13:00:00,1427.8134625027976,66.22
02/09 14:00:00,1413.7389757350472,69.46
02/09 15:00:00,1415.4532975938375,74.55
02/09 16:00:00,1456.398398522149,42.36
02/09 17:00:00,1018.3793558088198,6.18
02/09 18:00:00,829.5082792578595,0.0
02/09 19:00:00,874.0296477224308,0.0
02/09 20:00:00,845.53598501471,0.0
02/09 21:00:00,835.9903837060594,0.0
02/09 22:00:00,777.8958337205438,0.0
02/09 23:00:00,759.4925471511474,0.0
02/10 00:00:00,682.14299425464,0.0
02/10 01:00:00,686.6003908089034,0.0
02/10 02:00:00,684.9596921993871,0.0
02/10 03:00:00,686.8364008199247,0.0
02/10 04:00:00,681.252801025351,0.0
02/10 05:00:00,685.157072155291,0.0
02/10 06:00:00,753.0941640946783,0.0
02/10 07:00:00,864.4233821296041,0.0
02/10 08:00:00,1598.647223656943,15.88
02/10 09:00:00,1446.1801852882159,74.76
02/10 10:00:00,1408.3077602920714,128.59
02/10 11:00:00,1414.6013756801021,132.51
02/10 12:00:00,1358.5883333551917,155.95
02/10 13:00:00,1416.797892908855,106.3
02/10 14:00:00,1381.1980603190425,270.87
02/10 15:00:00,1398.7814096826403,201.9
02/10 16:00:00,1441.4369092919374,138.96
02/10 17:00:00,1029.6529601928405,25.27
02/10 18:00:00,842.5445505878142,0.0
02/10 19:00:00,869.9906229528001,0.0
02/10 20:00:00,839.1618627150235,0.0
02/10 21:00:00,840.7763763228324,0.0
02/10 22:00:00,779.7780128506186,0.0
02/10 23:00:00,749.7638030702171,0.0
02/11 00:00:00,595.1251919879784,0.0
02/11 01:00:00,596.5370678792236,0.0
02/11 02:00:00,594.5533590230239,0.0
02/11 03:00:00,597.3647628375547,0.0
02/11 04:00:00,592.1336448035057,0.0
02/11 05:00:00,597.5407643155818,0.0
02/11 06:00:00,763.3042784754789,0.0
02/11 07:00:00,752.7899240493568,0.0
02/11 08:00:00,890.1969229599606,11.27
02/11 09:00:00,820.8620779315924,48.53
02/11 10:00:00,812.1157022869,65.81
02/11 11:00:00,817.739742020645,55.76
02/11 12:00:00,638.4724338701484,80.68
02/11 13:00:00,632.9442310366107,109.76
02/11 14:00:00,628.9915071297041,76.87
02/11 15:00:00,633.4238679794636,31.29
02/11 16:00:00,648.1666253050088,18.18
02/11 17:00:00,584.8864872634214,7.16
02/11 18:00:00,621.727246571852,0.0
02/11 19:00:00,588.3530561967084,0.0
02/11 20:00:00,599.0705648778684,0.0
02/11 21:00:00,612.4015741515256,0.0
02/11 22:00:00,609.5457361795956,0.0
02/11 23:00:00,603.5819517502076,0.0
02/12 00:00:00,607.755511279516,0.0
02/12 01:00:00,607.3028248581296,0.0
02/12 02:00:00,607.9728210803626,0.0
02/12 03:00:00,608.4428743591127,0.0
02/12 04:00:00,603.9181703618692,0.0
02/12 05:00:00,608.1827844075702,0.0
02/12 06:00:00,667.8658799249617,0.0
02/12 07:00:00,665.1534462941212,0.0
02/12 08:00:00,670.0318813505125,24.21
02/12 09:00:00,665.981744583816,19.2
02/12 10:00:00,666.0881382179319,43.61
02/12 11:00:00,676.3395478308944,32.39
02/12 12:00:00,667.5036590737711,88.13
02/12 13:00:00,672.0317749400281,34.42
02/12 14:00:00,668.5630543867608,40.38
02/12 15:00:00,674.9651944355498,59.49
02/12 16:00:00,680.1386036541691,31.74
02/12 17:00:00,674.841320197337,8.22
02/12 18:00:00,615.1145577489593,0.0
02/12 19:00:00,614.2567605841173,0.0
02/12 20:00:00,616.631531058774,0.0
02/12 21:00:00,607.6325398180305,0.0
02/12 22:00:00,603.1486014055054,0.0
02/12 23:00:00,605.25965347619,0.0
02/13 00:00:00,680.8396078762778,0.0
02/13 01:00:00,680.9257241143441,0.0
02/13 02:00:00,687.6958494848312,0.0
02/13 03:00:00,687.0400919706825,0.0
02/13 04:00:00,682.9440987409652,0.0
02/13 05:00:00,694.1793478303156,0.0
02/13 06:00:00,792.1288810352701,0.0
02/13 07:00:00,935.0818291682921,0.0
02/13 08:00:00,1794.495424806375,54.75
02/13 09:00:00,1722.5396239371094,183.25
02/13 10:00:00,1720.844373220861,270.45
02/13 11:00:00,1712.233693679538,353.48
02/13 12:00:00,1656.512972396517,403.12
02/13 13:00:00,1729.1142753729634,402.02
02/13 14:00:00,1710.1998298299363,330.46
02/13 15:00:00,1712.6811971962936,234.36
02/13 16:00:00,1702.8405757338066,130.56
02/13 17:00:00,1180.0241328770067,24.09
02/13 18:00:00,923.9574969273232,0.0
02/13 19:00:00,922.4868679917595,0.0
02/13 20:00:00,871.7004488328548,0.0
02/13 21:00:00,850.2166911430209,0.0
02/13 22:00:00,787.2613751976598,0.0
02/13 23:00:00,757.6491579805571,0.0
02/14 00:00:00,688.32403560726,0.0
02/14 01:00:00,686.3420248036551,0.0
02/14 02:00:00,682.3525287835695,0.0
02/14 03:00:00,685.2891154669331,0.0
02/14 04:00:00,682.4685883203246,0.0
02/14 05:00:00,689.9363700305674,0.0
02/14 06:00:00,757.4923451245932,0.0
02/14 07:00:00,855.6368781377093,0.0
02/14 08:00:00,1623.0575565554739,13.34
02/14 09:00:00,1453.7511759383165,37.82
02/14 10:00:00,1410.6670608831419,77.22
02/14 11:00:00,1410.469190748943,148.51
02/14 12:00:00,1356.4978179250331,410.6
02/14 13:00:00,1444.547938699832,407.59
02/14 14:00:00,1427.8805682306547,321.43
02/14 15:00:00,1430.2664935732626,262.67
02/14 16:00:00,1452.4746651168757,178.88
02/14 17:00:00,1026.2530064301113,44.74
02/14 18:00:00,866.8320357100963,0.0
02/14 19:00:00,895.0138801401722,0.0
02/14 20:00:00,843.4521831952705,0.0
02/14 21:00:00,826.4902318892645,0.0
02/14 22:00:00,785.960644326446,0.0
02/14 23:00:00,762.9192501097871,0.0
02/15 00:00:00,679.4384736168336,0.0
02/15 01:00:00,682.2779038393204,0.0
02/15 02:00:00,676.1400438424815,0.0
02/15 03:00:00,673.816254278954,0.0
02/15 04:00:00,664.8910359404152,0.0
02/15 05:00:00,678.514088427581,0.0
02/15 06:00:00,748.0507852290034,0.0
02/15 07:00:00,861.9990421836758,0.0
02/15 08:00:00,1607.8521924008023,14.36
02/15 09:00:00,1452.675697025188,51.69
02/15 10:00:00,1427.938473490564,61.29
02/15 11:00:00,1431.1323389096774,77.61
02/15 12:00:00,1361.1267501904413,192.64
02/15 13:00:00,1431.1991178198898,203.51
02/15 14:00:00,1413.5265451736534,270.83
02/15 15:00:00,1406.9693450001246,175.98
02/15 16:00:00,1469.7003589566432,34.79
02/15 17:00:00,1031.8632872990188,6.06
02/15 18:00:00,840.9374332601069,0.0
02/15 19:00:00,883.800188607585,0.0
02/15 20:00:00,830.8209115536578,0.0
02/15 21:00:00,815.9262836764369,0.0
02/15 22:00:00,781.4416993670737,0.0
02/15 23:00:00,759.7804739209304,0.0
02/16 00:00:00,680.5148939740428,0.0
02/16 01:00:00,681.7365631417711,0.0
02/16 02:00:00,674.6402716878534,0.0
02/16 03:00:00,677.9705426779315,0.0
02/16 04:00:00,672.3945526429751,0.0
02/16 05:00:00,679.0743554650919,0.0
02/16 06:00:00,747.54011304838,0.0
02/16 07:00:00,779.5040059427062,0.0
02/16 08:00:00,1379.179097759311,24.16
02/16 09:00:00,1423.6417230625163,103.09
02/16 10:00:00,1401.4320272148125,187.11
02/16 11:00:00,1403.4782160307554,129.1
02/16 12:00:00,1352.5661502313335,300.62
02/16 13:00:00,1424.9467362303794,302.31
02/16 14:00:00,1415.4628412945835,310.27
02/16 15:00:00,1410.1482939852863,238.19
02/16 16:00:00,1439.3768760251842,155.83
02/16 17:00:00,1014.8423174108214,23.97
02/16 18:00:00,836.3230375252361,0.0
02/16 19:00:00,869.8977198674588,0.0
02/16 20:00:00,835.71840015672,0.0
02/16 21:00:00,826.4086779767533,0.0
02/16 22:00:00,788.586577481142,0.0
02/16 23:00:00,765.1678585313194,0.0
02/17 00:00:00,681.7702609034156,0.0
02/17 01:00:00,684.0329064917192,0.0
02/17 02:00:00,680.3890937965762,0.0
02/17 03:00:00,685.6291961748376,0.0
02/17 04:00:00,680.4382001460494,0.0
02/17 05:00:00,681.2531751868696,0.0
02/17 06:00:00,764.4420856147683,0.0
02/17 07:00:00,862.6901708969665,0.0
02/17 08:00:00,1573.9315064758835,77.02
02/17 09:00:00,1432.4648855456765,198.59
02/17 10:00:00,1419.6931723391247,292.09
02/17 11:00:00,1431.4226591330262,377.07
02/17 12:00:00,1379.4627272660075,409.41
02/17 13:00:00,1426.3041040290436,378.32
02/17 14:00:00,1406.8306426226677,219.33
02/17 15:00:00,1423.6705081926884,112.15
02/17 16:00:00,1444.0286706654952,123.69
02/17 17:00:00,1002.4247202862747,52.22
02/17 18:00:00,823.9434054582193,0.0
02/17 19:00:00,863.4269089825644,0.0
02/17 20:00:00,839.9949422790397,0.0
02/17 21:00:00,852.5960565270938,0.0
02/17 22:00:00,796.6247940386811,0.0
02/17 23:00:00,767.9900458136402,0.0
02/18 00:00:00,610.1572591145131,0.0
02/18 01:00:00,610.8520056622261,0.0
02/18 02:00:00,613.1861208468595,0.0
02/18 03:00:00,611.7943446844464,0.0
02/18 04:00:00,604.1585059918242,0.0
02/18 05:00:00,605.068504228129,0.0
02/18 06:00:00,768.4389107292089,0.0
02/18 07:00:00,748.7306001601193,0.0
02/18 08:00:00,885.8374716044616,40.92
02/18 09:00:00,827.3782960714015,160.16
02/18 10:00:00,814.3282039924675,161.98
02/18 11:00:00,816.2215198171085,273.43
02/18 12:00:00,640.3992701246304,298.31
02/18 13:00:00,635.5284794000437,326.43
02/18 14:00:00,634.633306798487,335.71
02/18 15:00:00,639.4545130950701,236.49
02/18 16:00:00,655.4348814376076,169.4
02/18 17:00:00,594.966470845278,29.55
02/18 18:00:00,626.1437007274683,0.0
02/18 19:00:00,593.1297984586624,0.0
02/18 20:00:00,595.5199666180761,0.0
02/18 21:00:00,602.7314056730185,0.0
02/18 22:00:00,601.1204082342963,0.0
02/18 23:00:00,600.7428786679716,0.0
02/19 00:00:00,604.9295479805354,0.0
02/19 01:00:00,601.29391219983,0.0
02/19 02:00:00,598.1096818690999,0.0
02/19 03:00:00,601.2902088203571,0.0
02/19 04:00:00,603.8228915306495,0.0
02/19 05:00:00,603.3174298678894,0.0
02/19 06:00:00,663.2444765243113,0.0
02/19 07:00:00,663.3711867694678,1.0
02/19 08:00:00,667.1346249332512,87.46
02/19 09:00:00,661.6855946935349,206.89
02/19 10:00:00,669.0215983897581,296.84
02/19 11:00:00,662.2625229301416,388.17
02/19 12:00:00,662.7728421631596,424.14
02/19 13:00:00,670.2341879550278,428.62
02/19 14:00:00,671.9150784367217,377.75
02/19 15:00:00,671.4346623789949,264.62
02/19 16:00:00,672.5414858787144,71.5
02/19 17:00:00,681.0706221132009,4.08
02/19 18:00:00,612.1823526104139,0.0
02/19 19:00:00,618.4530994418349,0.0
02/19 20:00:00,619.1739489622964,0.0
02/19 21:00:00,615.9311742970959,0.0
02/19 22:00:00,608.5280830141921,0.0
02/19 23:00:00,607.7951312315183,0.0
02/20 00:00:00,607.4353546131133,0.0
02/20 01:00:00,601.0613053481894,0.0
02/20 02:00:00,604.2090693341077,0.0
02/20 03:00:00,601.2335096732505,0.0
02/20 04:00:00,597.4983929445866,0.0
02/20 05:00:00,597.3054218901397,0.0
02/20 06:00:00,660.8283516259587,0.0
02/20 07:00:00,667.0264033847225,0.0
02/20 08:00:00,671.6588572032447,7.1
02/20 09:00:00,665.3552610588974,20.24
02/20 10:00:00,665.6732402273007,56.05
02/20 11:00:00,661.2267828573955,110.43
02/20 12:00:00,654.4888432511116,136.15
02/20 13:00:00,662.6433056929236,113.26
02/20 14:00:00,661.8956637248923,81.69
02/20 15:00:00,663.6440890354467,88.05
02/20 16:00:00,664.2848913947481,72.57
02/20 17:00:00,670.7431141204105,11.16
02/20 18:00:00,603.7404110405502,0.0
02/20 19:00:00,610.5072719658851,0.0
02/20 20:00:00,613.9306721200171,0.0
02/20 21:00:00,614.4989484768553,0.0
02/20 22:00:00,607.4526555381117,0.0
02/20 23:00:00,609.6637625879791,0.0
02/21 00:00:00,680.357772780659,0.0
02/21 01:00:00,674.3055135087492,0.0
02/21 02:00:00,678.2775595551983,0.0
02/21 03:00:00,677.7289447767454,0.0
02/21 04:00:00,672.2363177814169,0.0
02/21 05:00:00,680.6678284466739,0.0
02/21 06:00:00,758.697859931845,0.0
02/21 07:00:00,870.3016819550514,0.0
02/21 08:00:00,1612.7331176303999,11.1
02/21 09:00:00,1456.0714424907105,24.24
02/21 10:00:00,1383.9566152522204,58.07
02/21 11:00:00,1384.9828254803513,212.06
02/21 12:00:00,1329.0989063911386,125.26
02/21 13:00:00,1393.2215121312468,119.77
02/21 14:00:00,1395.4760589383768,110.85
02/21 15:00:00,1395.2778722686498,69.72
02/21 16:00:00,1433.5642752740869,96.22
02/21 17:00:00,1033.8137893912094,5.09
02/21 18:00:00,841.4993532800179,0.0
02/21 19:00:00,857.0941338545381,0.0
02/21 20:00:00,814.6065186393388,0.0
02/21 21:00:00,817.8616180423916,0.0
02/21 22:00:00,774.5911655264748,0.0
02/21 23:00:00,749.5354609123624,0.0
02/22 00:00:00,662.6413710701535,0.0
02/22 01:00:00,663.835001894974,0.0
02/22 02:00:00,665.1302972157376,0.0
02/22 03:00:00,665.2326868303802,0.0
02/22 04:00:00,661.4051517007096,0.0
02/22 05:00:00,671.5596815015102,0.0
02/22 06:00:00,744.6087553235761,0.0
02/22 07:00:00,852.3114459490414,3.0
02/22 08:00:00,1531.7172774490123,80.0
02/22 09:00:00,1405.996157097839,174.08
02/22 10:00:00,1399.3278276601711,305.78
02/22 11:00:00,1415.6599186332576,333.34
02/22 12:00:00,1354.2063851906578,426.14
02/22 13:00:00,1417.0545011691597,410.55
02/22 14:00:00,1398.9672090104373,292.0
02/22 15:00:00,1408.7629411330777,183.27
02/22 16:00:00,1465.6721859225854,52.4
02/22 17:00:00,1034.7889575905083,12.18
02/22 18:00:00,837.7642983333935,0.0
02/22 19:00:00,861.0221979065407,0.0
02/22 20:00:00,811.7310134172936,0.0
02/22 21:00:00,810.4001801836007,0.0
02/22 22:00:00,768.3119044977038,0.0
02/22 23:00:00,740.9668611546718,0.0
02/23 00:00:00,663.7460770573155,0.0
02/23 01:00:00,663.3910671160718,0.0
02/23 02:00:00,656.9463051372704,0.0
02/23 03:00:00,659.6787113948991,0.0
02/23 04:00:00,657.4387259075122,0.0
02/23 05:00:00,659.4799408511241,0.0
02/23 06:00:00,737.2359365177997,0.0
02/23 07:00:00,849.3958226658987,0.0
02/23 08:00:00,1624.7752567236132,15.23
02/23 09:00:00,1507.1525005471847,28.25
02/23 10:00:00,1468.9572866780695,32.37
02/23 11:00:00,1441.442103157887,84.78
02/23 12:00:00,1368.2013528781026,194.55
02/23 13:00:00,1441.1241536857226,148.27
02/23 14:00:00,1411.7245292269215,76.31
02/23 15:00:00,1428.6385973826543,68.42
02/23 16:00:00,1469.0271770371905,28.48
02/23 17:00:00,1013.5407187576416,19.48
02/23 18:00:00,807.3594725367728,0.0
02/23 19:00:00,858.6546678333458,0.0
02/23 20:00:00,838.2300945765538,0.0
02/23 21:00:00,834.9837415648652,0.0
02/23 22:00:00,784.4929241923003,0.0
02/23 23:00:00,757.4471964732812,0.0
02/24 00:00:00,672.76533434407,0.0
02/24 01:00:00,672.6214085909874,0.0
02/24 02:00:00,673.9482564755291,0.0
02/24 03:00:00,675.2050231585465,0.0
02/24 04:00:00,676.7254538046533,0.0
02/24 05:00:00,681.6202469070919,0.0
02/24 06:00:00,757.3753821880041,0.0
02/24 07:00:00,860.5783397973465,1.0
02/24 08:00:00,1596.2550306246583,21.48
02/24 09:00:00,1422.0844878650805,59.82
02/24 10:00:00,1382.1137371329269,75.86
02/24 11:00:00,1383.9347096375934,117.06
02/24 12:00:00,1345.3063194550937,146.89
02/24 13:00:00,1415.9200144741096,353.75
02/24 14:00:00,1399.6635513971132,283.5
02/24 15:00:00,1391.7652680228477,249.09
02/24 16:00:00,1406.699556883797,200.62
02/24 17:00:00,989.639182159799,79.23
02/24 18:00:00,827.5713906666283,2.0
02/24 19:00:00,880.8565883965466,0.0
02/24 20:00:00,830.2343549670434,0.0
02/24 21:00:00,810.456444654636,0.0
02/24 22:00:00,751.9128849948453,0.0
02/24 23:00:00,741.4233576113049,0.0
02/25 00:00:00,554.7700062529392,0.0
02/25 01:00:00,587.1823104915005,0.0
02/25 02:00:00,587.2867822653599,0.0
02/25 03:00:00,585.0676319938508,0.0
02/25 04:00:00,587.9387058530981,0.0
02/25 05:00:00,584.0112559077542,0.0
02/25 06:00:00,753.082285677226,0.0
02/25 07:00:00,745.2494417956356,1.0
02/25 08:00:00,887.6182927157329,17.25
02/25 09:00:00,836.709698171333,48.06
02/25 10:00:00,812.4256273039178,80.89
02/25 11:00:00,807.139905086437,102.74
02/25 12:00:00,631.8616861978628,89.99
02/25 13:00:00,627.2540447893496,98.47
02/25 14:00:00,625.4937608839928,112.59
02/25 15:00:00,628.5688554923727,239.2
02/25 16:00:00,652.7437957517557,179.81
02/25 17:00:00,589.08783067715,92.58
02/25 18:00:00,613.6960179800169,2.0
02/25 19:00:00,573.8016665110956,0.0
02/25 20:00:00,597.0136499251798,0.0
02/25 21:00:00,618.0828405939012,0.0
02/25 22:00:00,611.427209425135,0.0
02/25 23:00:00,609.3876928960551,0.0
02/26 00:00:00,607.561031606458,0.0
02/26 01:00:00,607.4054094011682,0.0
02/26 02:00:00,605.78939340464,0.0
02/26 03:00:00,600.3402873654815,0.0
02/26 04:00:00,602.8038520787698,0.0
02/26 05:00:00,607.6006400862274,0.0
02/26 06:00:00,667.0268147443747,0.0
02/26 07:00:00,662.5568872038451,1.0
02/26 08:00:00,669.4559793276102,7.13
02/26 09:00:00,671.6066938003345,32.54
02/26 10:00:00,673.4561596478278,48.77
02/26 11:00:00,670.7121471162712,76.39
02/26 12:00:00,676.6016625415652,81.51
02/26 13:00:00,672.1533518440756,67.0
02/26 14:00:00,675.0622004331981,61.91
02/26 15:00:00,676.7569935715719,48.74
02/26 16:00:00,681.2383430403486,41.76
02/26 17:00:00,680.203679821078,11.11
02/26 18:00:00,611.7078029139717,0.0
02/26 19:00:00,613.3745133931028,0.0
02/26 20:00:00,611.8115686348508,0.0
02/26 21:00:00,611.7240275088941,0.0
02/26 22:00:00,603.4539896126433,0.0
02/26 23:00:00,597.4606370387186,0.0
02/27 00:00:00,683.4242238953356,0.0
02/27 01:00:00,691.9527613834487,0.0
02/27 02:00:00,689.073033047607,0.0
02/27 03:00:00,684.1145209096833,0.0
02/27 04:00:00,677.3944937611416,0.0
02/27 05:00:00,681.9039833691293,0.0
02/27 06:00:00,779.5104021443576,0.0
02/27 07:00:00,920.4754074728913,1.0
02/27 08:00:00,1823.2685916924333,11.14
02/27 09:00:00,1773.836982304246,20.28
02/27 10:00:00,1775.8918806250456,23.39
02/27 11:00:00,1784.9135251182988,28.47
02/27 12:00:00,1696.5564010652263,32.51
02/27 13:00:00,1780.8553128404187,42.5
02/27 14:00:00,1781.1423068381873,35.46
02/27 15:00:00,1788.8846764324069,30.38
02/27 16:00:00,1814.2219466719398,22.26
02/27 17:00:00,1215.1045524127853,10.12
02/27 18:00:00,933.3291495130956,0.0
02/27 19:00:00,927.7440342707426,0.0
02/27 20:00:00,871.187480969884,0.0
02/27 21:00:00,850.3208747189346,0.0
02/27 22:00:00,788.6706940643189,0.0
02/27 23:00:00,759.4064472235298,0.0
02/28 00:00:00,671.8033537987095,0.0
02/28 01:00:00,668.1600135861273,0.0
02/28 02:00:00,667.3453933742232,0.0
02/28 03:00:00,668.8842632758407,0.0
02/28 04:00:00,668.885555676065,0.0
02/28 05:00:00,671.7726016931098,0.0
02/28 06:00:00,778.5039018413137,0.0
02/28 07:00:00,930.6419435974507,1.0
02/28 08:00:00,1700.9453359869365,42.86
02/28 09:00:00,1524.3233304935873,81.11
02/28 10:00:00,1504.06342762369,104.56
02/28 11:00:00,1522.3829095209271,158.06
02/28 12:00:00,1458.108123574719,514.9
02/28 13:00:00,1533.8189683116495,497.35
02/28 14:00:00,1509.4227697964272,444.54
02/28 15:00:00,1508.8359267897422,332.7
02/28 16:00:00,1530.3553531163418,197.77
02/28 17:00:00,1079.7097090198274,26.72
02/28 18:00:00,858.5786824212345,0.0
02/28 19:00:00,876.0731124475176,0.0
02/28 20:00:00,855.8630404519675,0.0
02/28 21:00:00,833.2824573408802,0.0
02/28 22:00:00,776.368581411686,0.0
02/28 23:00:00,752.5445922484428,0.0
03/01 00:00:00,814.9537664304996,0.0
03/01 01:00:00,809.2334098750515,0.0
03/01 02:00:00,810.4793030119243,0.0
03/01 03:00:00,811.4689617068499,0.0
03/01 04:00:00,810.9656290018505,0.0
03/01 05:00:00,824.9040231160768,0.0
03/01 06:00:00,917.3662071337318,0.0
03/01 07:00:00,1068.4562481448215,10.0
03/01 08:00:00,1821.318810906539,161.04
03/01 09:00:00,1616.5681804503156,168.88
03/01 10:00:00,1602.299660652323,82.01
03/01 11:00:00,1633.7413177183191,287.88
03/01 12:00:00,1599.9641275740987,500.32
03/01 13:00:00,1684.3563448410628,495.41
03/01 14:00:00,1685.1833979000216,447.58
03/01 15:00:00,1687.189827724064,370.37
03/01 16:00:00,1713.5205513664564,276.0
03/01 17:00:00,1235.8057154639946,147.7
03/01 18:00:00,1016.1976230080139,5.0
03/01 19:00:00,1021.6489165076836,0.0
03/01 20:00:00,980.5464260124169,0.0
03/01 21:00:00,968.1271055120443,0.0
03/01 22:00:00,923.297665084222,0.0
03/01 23:00:00,892.866751774156,0.0
03/02 00:00:00,813.2919292951254,0.0
03/02 01:00:00,812.5388344645286,0.0
03/02 02:00:00,814.0769945452292,0.0
03/02 03:00:00,809.7749306516769,0.0
03/02 04:00:00,812.3088395872074,0.0
03/02 05:00:00,816.6970812707965,0.0
03/02 06:00:00,873.7234771982429,0.0
03/02 07:00:00,976.7545986906682,11.0
03/02 08:00:00,1659.6475431881972,142.66
03/02 09:00:00,1533.6297064445043,115.53
03/02 10:00:00,1519.0005724262692,230.16
03/02 11:00:00,1504.9671119414052,363.15
03/02 12:00:00,1448.1629598158515,472.32
03/02 13:00:00,1531.6176176096621,469.34
03/02 14:00:00,1515.292028724719,419.88
03/02 15:00:00,1505.9559652921141,374.29
03/02 16:00:00,1528.6294917915732,261.28
03/02 17:00:00,1086.2125753737773,136.39
03/02 18:00:00,943.4619460528008,5.0
03/02 19:00:00,999.6373691615247,0.0
03/02 20:00:00,984.2289780093175,0.0
03/02 21:00:00,968.9356257586333,0.0
03/02 22:00:00,915.8458358215181,0.0
03/02 23:00:00,879.7262412774463,0.0
03/03 00:00:00,805.1207263608923,0.0
03/03 01:00:00,801.6218366925442,0.0
03/03 02:00:00,807.7908980043812,0.0
03/03 03:00:00,803.3386786585327,0.0
03/03 04:00:00,798.4121848673076,0.0
03/03 05:00:00,801.3160341528351,0.0
03/03 06:00:00,869.3894282368607,0.0
03/03 07:00:00,990.8441496931787,4.0
03/03 08:00:00,1710.1550419210946,27.64
03/03 09:00:00,1549.0693472657385,112.5
03/03 10:00:00,1553.9245697888664,202.2
03/03 11:00:00,1553.7165164883115,167.85
03/03 12:00:00,1485.4937308944454,184.08
03/03 13:00:00,1552.9008689937682,178.48
03/03 14:00:00,1532.368855833442,207.77
03/03 15:00:00,1551.1217545888242,213.49
03/03 16:00:00,1563.9885436062434,217.06
03/03 17:00:00,1105.2165816179427,114.16
03/03 18:00:00,971.5343522259742,3.0
03/03 19:00:00,1030.7618422721678,0.0
03/03 20:00:00,985.6483370556044,0.0
03/03 21:00:00,977.9297778074889,0.0
03/03 22:00:00,926.0320784880034,0.0
03/03 23:00:00,894.7550088374321,0.0
03/04 00:00:00,741.8403876829778,0.0
03/04 01:00:00,746.2905813327948,0.0
03/04 02:00:00,745.4143396199719,0.0
03/04 03:00:00,747.2504062706597,0.0
03/04 04:00:00,750.4380443244081,0.0
03/04 05:00:00,743.2175100720746,0.0
03/04 06:00:00,909.8366271521469,0.0
03/04 07:00:00,887.8640773643293,9.56
03/04 08:00:00,1012.0966172525141,122.83
03/04 09:00:00,948.5648773760379,61.53
03/04 10:00:00,947.0180679630438,74.68
03/04 11:00:00,955.8775678149642,154.96
03/04 12:00:00,774.6758880862064,220.69
03/04 13:00:00,757.2327689769539,290.99
03/04 14:00:00,763.5327962312534,286.36
03/04 15:00:00,765.6099759231082,243.42
03/04 16:00:00,777.0975767593686,170.26
03/04 17:00:00,713.9154997428325,157.88
03/04 18:00:00,742.0294153158809,8.0
03/04 19:00:00,732.42311755599,0.0
03/04 20:00:00,743.3637303738872,0.0
03/04 21:00:00,744.6461795861433,0.0
03/04 22:00:00,744.0376704652248,0.0
03/04 23:00:00,743.8185026170654,0.0
03/05 00:00:00,743.0947446584704,0.0
03/05 01:00:00,754.2095849439493,0.0
03/05 02:00:00,751.4685890021026,0.0
03/05 03:00:00,753.6616520214217,0.0
03/05 04:00:00,752.7472933974682,0.0
03/05 05:00:00,750.5597456599379,0.0
03/05 06:00:00,799.4691086103701,0.0
03/05 07:00:00,802.356087863003,12.1
03/05 08:00:00,798.8178601520451,184.13
03/05 09:00:00,799.4467446820674,248.57
03/05 10:00:00,804.5894741463665,285.1
03/05 11:00:00,811.4481926591192,409.9
03/05 12:00:00,810.5552500656648,450.32
03/05 13:00:00,815.2292955174033,391.64
03/05 14:00:00,813.3537025991324,292.47
03/05 15:00:00,821.8818060606582,347.52
03/05 16:00:00,821.1142818271152,249.05
03/05 17:00:00,821.6061737277242,108.93
03/05 18:00:00,749.2828427657757,4.0
03/05 19:00:00,761.7603285804889,0.0
03/05 20:00:00,759.7678296695618,0.0
03/05 21:00:00,750.3967711971015,0.0
03/05 22:00:00,738.9262957637716,0.0
03/05 23:00:00,740.7785296300369,0.0
03/06 00:00:00,818.1055494053061,0.0
03/06 01:00:00,810.7931911771664,0.0
03/06 02:00:00,818.8353503324116,0.0
03/06 03:00:00,815.2395254437034,0.0
03/06 04:00:00,821.8305482310716,0.0
03/06 05:00:00,831.1145385183406,0.0
03/06 06:00:00,918.3152735103137,0.0
03/06 07:00:00,1057.704441325466,19.79
03/06 08:00:00,1883.0230557272407,138.86
03/06 09:00:00,1875.0860648793114,252.64
03/06 10:00:00,1857.703771564738,326.01
03/06 11:00:00,1864.4885093197006,245.53
03/06 12:00:00,1777.242475564973,266.86
03/06 13:00:00,1883.429514333349,235.2
03/06 14:00:00,1864.0728508529025,224.87
03/06 15:00:00,1837.674732188355,149.06
03/06 16:00:00,1871.6453892999768,47.88
03/06 17:00:00,1328.6479664322146,11.15
03/06 18:00:00,1052.6857554678575,1.0
03/06 19:00:00,1063.9406772972295,0.0
03/06 20:00:00,1015.7132163659378,0.0
03/06 21:00:00,998.2085068238412,0.0
03/06 22:00:00,938.3010327206783,0.0
03/06 23:00:00,909.761469711993,0.0
03/07 00:00:00,826.844569851259,0.0
03/07 01:00:00,811.1392695658425,0.0
03/07 02:00:00,814.5347195403868,0.0
03/07 03:00:00,817.3573722115864,0.0
03/07 04:00:00,809.4897520450078,0.0
03/07 05:00:00,818.5306278585023,0.0
03/07 06:00:00,877.6280420953267,0.0
03/07 07:00:00,988.9409642847439,8.56
03/07 08:00:00,1669.385526529305,41.1
03/07 09:00:00,1526.3469729036524,91.56
03/07 10:00:00,1503.4491106583862,160.04
03/07 11:00:00,1503.9089315211065,447.31
03/07 12:00:00,1437.6182961013174,500.9
03/07 13:00:00,1504.3149180363785,462.06
03/07 14:00:00,1514.6643563655566,384.87
03/07 15:00:00,1505.21306823448,356.01
03/07 16:00:00,1533.661038955796,226.61
03/07 17:00:00,1082.612875137806,101.87
03/07 18:00:00,942.9064714405973,11.0
03/07 19:00:00,982.4298923130674,0.0
03/07 20:00:00,971.6290775125308,0.0
03/07 21:00:00,973.6415994612494,0.0
03/07 22:00:00,910.4218015033031,0.0
03/07 23:00:00,874.6593348740829,0.0
03/08 00:00:00,796.3414777039903,0.0
03/08 01:00:00,797.8818723992798,0.0
03/08 02:00:00,802.1180293894341,0.0
03/08 03:00:00,797.2134454177766,0.0
03/08 04:00:00,792.04043521763,0.0
03/08 05:00:00,807.3950012205127,0.0
03/08 06:00:00,864.2537191199025,0.0
03/08 07:00:00,965.2840177445187,23.72
03/08 08:00:00,1644.537977210407,167.37
03/08 09:00:00,1516.3004048080343,319.26
03/08 10:00:00,1070.6247038436725,412.97
03/08 11:00:00,1075.7911219356206,490.23
03/08 12:00:00,1444.8354525940351,496.92
03/08 13:00:00,1522.375343195539,502.32
03/08 14:00:00,1526.1455803260815,471.52
03/08 15:00:00,1536.1378758592512,321.99
03/08 16:00:00,1558.8157610172173,287.59
03/08 17:00:00,1113.1205483664817,181.66
03/08 18:00:00,957.0567144577138,11.0
03/08 19:00:00,1005.3971652697365,0.0
03/08 20:00:00,967.345018306972,0.0
03/08 21:00:00,974.4558022699347,0.0
03/08 22:00:00,947.6750398854347,0.0
03/08 23:00:00,917.3536350079804,0.0
03/09 00:00:00,824.2591464011803,0.0
03/09 01:00:00,821.687798847001,0.0
03/09 02:00:00,829.7479618647656,0.0
03/09 03:00:00,830.1128488496621,0.0
03/09 04:00:00,826.8415533800695,0.0
03/09 05:00:00,826.3170347994668,0.0
03/09 06:00:00,896.8558665448629,0.0
03/09 07:00:00,968.5546745409911,25.91
03/09 08:00:00,1645.466241704691,196.48
03/09 09:00:00,1534.4864015495439,250.79
03/09 10:00:00,1536.8821848492616,259.04
03/09 11:00:00,1526.831631909881,262.76
03/09 12:00:00,1444.3458084036781,248.72
03/09 13:00:00,1517.2741093343514,246.52
03/09 14:00:00,1536.5289636523064,217.99
03/09 15:00:00,1544.7691025188692,211.77
03/09 16:00:00,1570.147017158073,147.87
03/09 17:00:00,1114.2806548923202,75.36
03/09 18:00:00,984.9727632494321,19.24
03/09 19:00:00,1013.4081901282281,0.0
03/09 20:00:00,969.0812009757639,0.0
03/09 21:00:00,952.6802686639807,0.0
03/09 22:00:00,928.6109022888586,0.0
03/09 23:00:00,907.6255084380665,0.0
03/10 00:00:00,829.156585599052,0.0
03/10 01:00:00,827.4772901860509,0.0
03/10 02:00:00,831.2764440108892,0.0
03/10 03:00:00,836.8018237688858,0.0
03/10 04:00:00,831.9572736326593,0.0
03/10 05:00:00,840.7909692181836,0.0
03/10 06:00:00,901.6920577292735,0.0
03/10 07:00:00,1010.0650766062556,26.25
03/10 08:00:00,1707.6741989923626,88.89
03/10 09:00:00,1574.922076005124,207.55
03/10 10:00:00,1523.0296326985072,345.46
03/10 11:00:00,1535.0574092774618,458.51
03/10 12:00:00,1462.9393135163875,542.7
03/10 13:00:00,1530.0901895310678,406.57
03/10 14:00:00,1519.3154523443181,304.26
03/10 15:00:00,1515.6229636361215,323.02
03/10 16:00:00,1536.3686734903156,231.83
03/10 17:00:00,1124.3110925999633,42.35
03/10 18:00:00,961.3993346843571,6.57
03/10 19:00:00,1001.3651751841575,0.0
03/10 20:00:00,979.2399604996693,0.0
03/10 21:00:00,951.9930284740459,0.0
03/10 22:00:00,908.7613721953708,0.0
03/10 23:00:00,894.239481895888,0.0
03/11 00:00:00,740.8559688483743,0.0
03/11 01:00:00,744.7478459209298,0.0
03/11 02:00:00,750.4228689204034,0.0
03/11 03:00:00,745.7613407674276,0.0
03/11 04:00:00,742.3824263266428,0.0
03/11 05:00:00,747.7047256271321,0.0
03/11 06:00:00,901.2880013838069,0.0
03/11 07:00:00,882.9793630319175,32.76
03/11 08:00:00,996.9407230102821,108.86
03/11 09:00:00,952.0108965198457,268.81
03/11 10:00:00,931.9970964449939,385.14
03/11 11:00:00,937.3659447623072,435.33
03/11 12:00:00,755.5738486087998,506.2
03/11 13:00:00,745.677230690993,469.4
03/11 14:00:00,744.9329014984161,446.17
03/11 15:00:00,752.4808823684301,294.85
03/11 16:00:00,766.4785272826011,170.65
03/11 17:00:00,711.2717971934608,32.69
03/11 18:00:00,746.3190733754881,8.98
03/11 19:00:00,707.5188939324503,0.0
03/11 20:00:00,734.9198213316566,0.0
03/11 21:00:00,730.1248644472174,0.0
03/11 22:00:00,731.4029384476702,0.0
03/11 23:00:00,738.2228320329596,0.0
03/12 00:00:00,738.3574124525242,0.0
03/12 01:00:00,736.745237859159,0.0
03/12 02:00:00,738.4007464469237,0.0
03/12 03:00:00,739.604568119627,0.0
03/12 04:00:00,741.1082866082747,0.0
03/12 05:00:00,802.8539947087041,0.0
03/12 06:00:00,809.7316953228769,0.0
03/12 07:00:00,802.8579440130293,52.48
03/12 08:00:00,798.1470604658776,198.89
03/12 09:00:00,795.0402800629969,224.82
03/12 10:00:00,806.3763549736437,260.11
03/12 11:00:00,805.8870214452927,311.94
03/12 12:00:00,807.4251857389161,300.62
03/12 13:00:00,816.8746560867052,452.3
03/12 14:00:00,820.4317485083571,316.83
03/12 15:00:00,805.6203320750446,301.34
03/12 16:00:00,803.0263300053025,229.56
03/12 17:00:00,747.8587867430048,66.45
03/12 18:00:00,752.3710567168822,6.62
03/12 19:00:00,742.4743834490587,0.0
03/12 20:00:00,751.8145224944426,0.0
03/12 21:00:00,748.3938745009242,0.0
03/12 22:00:00,745.4077136607261,0.0
03/12 23:00:00,826.0571385101632,0.0
03/13 00:00:00,826.7909885409289,0.0
03/13 01:00:00,832.0982599092333,0.0
03/13 02:00:00,831.0113917429603,0.0
03/13 03:00:00,827.7509375584697,0.0
03/13 04:00:00,838.5179468055162,0.0
03/13 05:00:00,931.7105250242221,0.0
03/13 06:00:00,1083.3963539657102,0.0
03/13 07:00:00,1989.8297860193484,11.25
03/13 08:00:00,1906.7475820899062,40.88
03/13 09:00:00,1867.074642170151,75.8
03/13 10:00:00,1872.1612049835348,137.67
03/13 11:00:00,1795.0845987450748,171.7
03/13 12:00:00,1862.3147226865324,181.22
03/13 13:00:00,1870.8013486116504,200.06
03/13 14:00:00,1840.9002895410667,190.22
03/13 15:00:00,1847.0136317465497,160.4
03/13 16:00:00,1284.6475313810904,114.55
03/13 17:00:00,1037.6204203477707,68.75
03/13 18:00:00,1050.1076195246228,7.8
03/13 19:00:00,1003.7980225720759,0.0
03/13 20:00:00,991.0558783990051,0.0
03/13 21:00:00,939.0232948948336,0.0
03/13 22:00:00,911.5510204207918,0.0
03/13 23:00:00,824.4076916755664,0.0
03/14 00:00:00,834.0761391735189,0.0
03/14 01:00:00,833.0043010550305,0.0
03/14 02:00:00,827.4099822907674,0.0
03/14 03:00:00,832.1420995676602,0.0
03/14 04:00:00,834.7100260478089,0.0
03/14 05:00:00,931.2683039209777,0.0
03/14 06:00:00,1028.495312528822,0.0
03/14 07:00:00,1816.0859380501975,10.21
03/14 08:00:00,1648.2104413903426,46.13
03/14 09:00:00,1532.5638898844873,98.66
03/14 10:00:00,1518.6628139496256,194.31
03/14 11:00:00,1425.3117566865112,336.8
03/14 12:00:00,1519.447857361671,354.85
03/14 13:00:00,1517.4245851007265,197.57
03/14 14:00:00,1510.4882550307304,129.78
03/14 15:00:00,1523.2344670859134,96.26
03/14 16:00:00,1075.7033478086319,74.99
03/14 17:00:00,899.8348399703016,32.75
03/14 18:00:00,960.6143550168438,4.08
03/14 19:00:00,939.0846639205254,0.0
03/14 20:00:00,935.6262306773552,0.0
03/14 21:00:00,890.9397844683726,0.0
03/14 22:00:00,873.6314263901708,0.0
03/14 23:00:00,810.2427378479279,0.0
03/15 00:00:00,824.7015359164695,0.0
03/15 01:00:00,815.569625190593,0.0
03/15 02:00:00,823.6209343312811,0.0
03/15 03:00:00,826.0448386413495,0.0
03/15 04:00:00,831.8069107255986,0.0
03/15 05:00:00,933.0372143067374,0.0
03/15 06:00:00,1035.0556067897112,0.0
03/15 07:00:00,1819.370078024837,25.5
03/15 08:00:00,1635.6026892923587,97.6
03/15 09:00:00,1522.6209306585208,167.11
03/15 10:00:00,1504.2010747590184,213.82
03/15 11:00:00,1447.6196697401278,327.38
03/15 12:00:00,1510.090386484035,385.93
03/15 13:00:00,1519.7091724548013,351.87
03/15 14:00:00,1518.4842492377184,495.4
03/15 15:00:00,1547.0311424174597,342.56
03/15 16:00:00,1091.1163507434305,222.1
03/15 17:00:00,904.8051676606117,149.7
03/15 18:00:00,959.2982001747317,24.62
03/15 19:00:00,946.0772962467372,0.0
03/15 20:00:00,945.4499483505995,0.0
03/15 21:00:00,894.9777174229196,0.0
03/15 22:00:00,883.0335010709249,0.0
03/15 23:00:00,806.6873028432937,0.0
03/16 00:00:00,819.5737140058242,0.0
03/16 01:00:00,815.9932559583123,0.0
03/16 02:00:00,817.0675313138921,0.0
03/16 03:00:00,819.3356268557984,0.0
03/16 04:00:00,821.9512732718056,0.0
03/16 05:00:00,924.1918406211933,0.0
03/16 06:00:00,1015.3836905295937,0.0
03/16 07:00:00,1762.5418009313344,88.87
03/16 08:00:00,1639.0127527559337,251.44
03/16 09:00:00,1547.9892272317309,352.33
03/16 10:00:00,1533.2862550840555,416.2
03/16 11:00:00,1467.5774455062192,547.87
03/16 12:00:00,1538.4769538739545,553.68
03/16 13:00:00,1520.3990057047504,584.18
03/16 14:00:00,1520.1832693926517,385.24
03/16 15:00:00,1538.6823318807371,272.8
03/16 16:00:00,1087.1249903706214,318.89
03/16 17:00:00,898.2681978939562,197.01
03/16 18:00:00,950.1464536760992,30.54
03/16 19:00:00,930.6611262727089,0.0
03/16 20:00:00,922.3022604821917,0.0
03/16 21:00:00,858.8944302196749,0.0
03/16 22:00:00,831.9879323551281,0.0
03/16 23:00:00,783.8810069805506,0.0
03/17 00:00:00,784.2099862903508,0.0
03/17 01:00:00,786.8307442419552,0.0
03/17 02:00:00,786.2265238206104,0.0
03/17 03:00:00,787.1649992824885,0.0
03/17 04:00:00,792.159748321071,0.0
03/17 05:00:00,879.6019090270602,0.0
03/17 06:00:00,993.5197397938238,0.0
03/17 07:00:00,1735.3164719332754,45.86
03/17 08:00:00,1622.2345297296918,55.47
03/17 09:00:00,1523.7573035349988,84.3
03/17 10:00:00,1523.2734354024683,80.49
03/17 11:00:00,1464.4932201136924,104.29
03/17 12:00:00,1523.0271585301775,99.83
03/17 13:00:00,1514.1171101169107,113.41
03/17 14:00:00,1522.8287820776825,128.88
03/17 15:00:00,1562.3753858512466,65.93
03/17 16:00:00,1080.1326901747218,53.04
03/17 17:00:00,895.2499411174977,29.6
03/17 18:00:00,926.6784251198843,6.12
03/17 19:00:00,907.0407703017571,0.0
03/17 20:00:00,898.972641085535,0.0
03/17 21:00:00,868.0816442115341,0.0
03/17 22:00:00,872.4353245254331,0.0
03/17 23:00:00,716.9763219284606,0.0
03/18 00:00:00,716.2391505605472,0.0
03/18 01:00:00,720.1458661684323,0.0
03/18 02:00:00,714.7324473202768,0.0
03/18 03:00:00,715.0384627429992,0.0
03/18 04:00:00,717.0856927258372,0.0
03/18 05:00:00,891.8190244631678,0.0
03/18 06:00:00,884.6709692151582,1.0
03/18 07:00:00,1044.669373319535,104.09
03/18 08:00:00,994.8829884474035,209.13
03/18 09:00:00,933.7134789475726,318.92
03/18 10:00:00,939.4460749231093,445.6
03/18 11:00:00,756.5059899300436,363.16
03/18 12:00:00,744.1413930659055,551.74
03/18 13:00:00,741.9080023738106,488.3
03/18 14:00:00,744.6716921496221,432.79
03/18 15:00:00,749.7697460832222,337.62
03/18 16:00:00,674.6924606542916,216.73
03/18 17:00:00,693.1340409830109,126.32
03/18 18:00:00,664.8284274194142,14.96
03/18 19:00:00,695.4623080710975,0.0
03/18 20:00:00,713.7536412671021,0.0
03/18 21:00:00,703.7322285337475,0.0
03/18 22:00:00,709.2094351702042,0.0
03/18 23:00:00,707.5187836029893,0.0
03/19 00:00:00,712.7071006157182,0.0
03/19 01:00:00,713.5342540136022,0.0
03/19 02:00:00,718.2126913351501,0.0
03/19 03:00:00,716.0062698300277,0.0
03/19 04:00:00,716.5961044825821,0.0
03/19 05:00:00,777.3254351452035,0.0
03/19 06:00:00,773.8465070432139,0.0
03/19 07:00:00,775.0901653385591,9.1
03/19 08:00:00,765.8994786285326,80.85
03/19 09:00:00,760.6106402787877,174.03
03/19 10:00:00,757.7534810834238,198.73
03/19 11:00:00,756.5169984802817,256.54
03/19 12:00:00,763.4030654381713,297.99
03/19 13:00:00,755.2301382048815,425.89
03/19 14:00:00,767.9615330146933,312.37
03/19 15:00:00,773.5456026415685,201.65
03/19 16:00:00,787.2679620279584,144.76
03/19 17:00:00,736.283852294147,196.01
03/19 18:00:00,734.5192128174265,31.7
03/19 19:00:00,730.4732702808578,0.0
03/19 20:00:00,730.352125566414,0.0
03/19 21:00:00,723.3459629754458,0.0
03/19 22:00:00,727.1500060964455,0.0
03/19 23:00:00,804.7888061761315,0.0
03/20 00:00:00,810.1082846663959,0.0
03/20 01:00:00,809.7421971118258,0.0
03/20 02:00:00,794.5617861502491,0.0
03/20 03:00:00,797.4797678631312,0.0
03/20 04:00:00,805.8928099437201,0.0
03/20 05:00:00,900.3079671032623,0.0
03/20 06:00:00,1040.3264061427044,0.0
03/20 07:00:00,1894.3502791456383,16.32
03/20 08:00:00,1874.5997780619018,27.26
03/20 09:00:00,1859.797088394574,39.4
03/20 10:00:00,1856.5471236494286,82.54
03/20 11:00:00,1749.4491786966069,92.77
03/20 12:00:00,1818.9048846979254,106.88
03/20 13:00:00,1808.3539576722224,226.24
03/20 14:00:00,1818.0566212937754,467.54
03/20 15:00:00,1835.7493130922835,300.67
03/20 16:00:00,1270.1831648085,125.22
03/20 17:00:00,1023.6901280003223,85.46
03/20 18:00:00,1039.0943943543843,20.54
03/20 19:00:00,977.9202811912382,0.0
03/20 20:00:00,972.9821984996647,0.0
03/20 21:00:00,914.2040228561666,0.0
03/20 22:00:00,882.0462965921305,0.0
03/20 23:00:00,797.4082151882958,0.0
03/21 00:00:00,808.4126448802632,0.0
03/21 01:00:00,805.2751082692514,0.0
03/21 02:00:00,808.0760086370684,0.0
03/21 03:00:00,806.1761442888285,0.0
03/21 04:00:00,807.9942736125956,0.0
03/21 05:00:00,910.0381391161973,0.0
03/21 06:00:00,1020.9101083663116,0.0
03/21 07:00:00,1797.1401646777567,20.45
03/21 08:00:00,1648.3763734651925,57.35
03/21 09:00:00,1547.7024075556428,113.08
03/21 10:00:00,1509.3999459672114,186.43
03/21 11:00:00,1454.1246478235357,180.74
03/21 12:00:00,1524.4121660029143,376.98
03/21 13:00:00,1521.1042926128923,288.22
03/21 14:00:00,1537.345372183809,556.88
03/21 15:00:00,1541.4891898298667,432.52
03/21 16:00:00,1082.391239632341,303.91
03/21 17:00:00,884.7621516384935,236.78
03/21 18:00:00,950.3783043493542,60.27
03/21 19:00:00,936.7927131675611,0.0
03/21 20:00:00,930.1949253095552,0.0
03/21 21:00:00,890.7856672337009,0.0
03/21 22:00:00,869.9041325006309,0.0
03/21 23:00:00,787.6907959716343,0.0
03/22 00:00:00,794.8135517692143,0.0
03/22 01:00:00,796.3279668110964,0.0
03/22 02:00:00,791.96547522265,0.0
03/22 03:00:00,797.0457111341811,0.0
03/22 04:00:00,805.7355731301158,0.0
03/22 05:00:00,896.4921806766189,0.0
03/22 06:00:00,999.7478562247798,1.0
03/22 07:00:00,1747.5285674350903,34.42
03/22 08:00:00,1621.3458053720185,100.6
03/22 09:00:00,1536.1506129782056,205.33
03/22 10:00:00,1527.4611380993563,503.19
03/22 11:00:00,1464.9384264269952,599.73
03/22 12:00:00,1540.730369579193,630.31
03/22 13:00:00,1524.0603840448898,620.15
03/22 14:00:00,1529.39851094905,561.6
03/22 15:00:00,1550.2322447042936,395.54
03/22 16:00:00,1084.0042205416953,344.41
03/22 17:00:00,880.0406063075516,241.24
03/22 18:00:00,924.6379458075822,63.63
03/22 19:00:00,927.1666439593464,0.0
03/22 20:00:00,908.0851360296847,0.0
03/22 21:00:00,871.0380319437364,0.0
03/22 22:00:00,861.581362455448,0.0
03/22 23:00:00,776.9160811706018,0.0
03/23 00:00:00,782.5411425797973,0.0
03/23 01:00:00,783.3823504879547,0.0
03/23 02:00:00,781.3068841534258,0.0
03/23 03:00:00,778.431009703621,0.0
03/23 04:00:00,790.9433973740099,0.0
03/23 05:00:00,884.2428362192733,0.0
03/23 06:00:00,1005.8169671953427,7.0
03/23 07:00:00,1731.2057668897942,147.26
03/23 08:00:00,1621.840157844828,272.73
03/23 09:00:00,1555.3285771826052,287.59
03/23 10:00:00,1531.6224970142337,344.17
03/23 11:00:00,1460.8435329326169,293.41
03/23 12:00:00,1537.5078700052968,414.58
03/23 13:00:00,1540.2397923924416,263.21
03/23 14:00:00,1546.4765938660016,171.02
03/23 15:00:00,1565.2525541972245,74.49
03/23 16:00:00,1084.790822448755,128.12
03/23 17:00:00,902.312232736188,47.14
03/23 18:00:00,941.2861868042789,12.27
03/23 19:00:00,936.0163453773048,0.0
03/23 20:00:00,926.5459904682477,0.0
03/23 21:00:00,874.1011719401628,0.0
03/23 22:00:00,866.477065726823,0.0
03/23 23:00:00,776.7645959113876,0.0
03/24 00:00:00,775.3703363431357,0.0
03/24 01:00:00,779.9513228048635,0.0
03/24 02:00:00,779.6390206086918,0.0
03/24 03:00:00,779.3151025787196,0.0
03/24 04:00:00,787.304403649234,0.0
03/24 05:00:00,883.8840025484592,0.0
03/24 06:00:00,996.0948171214218,1.0
03/24 07:00:00,1753.7770945068166,24.65
03/24 08:00:00,1650.7200633886748,42.86
03/24 09:00:00,1560.0591290705308,71.28
03/24 10:00:00,1559.1561881463192,78.07
03/24 11:00:00,1480.5687321310934,76.22
03/24 12:00:00,1553.4463892799133,196.42
03/24 13:00:00,1546.3272071863717,255.83
03/24 14:00:00,1514.344587782634,400.76
03/24 15:00:00,1497.731669844228,469.68
03/24 16:00:00,1095.8539326060281,328.6
03/24 17:00:00,890.9325431463203,248.05
03/24 18:00:00,931.8581632137495,81.72
03/24 19:00:00,921.9168316724317,0.0
03/24 20:00:00,927.3573340765919,0.0
03/24 21:00:00,898.7102058538895,0.0
03/24 22:00:00,871.2872666647033,0.0
03/24 23:00:00,716.7529840618663,0.0
03/25 00:00:00,715.6668311241599,0.0
03/25 01:00:00,709.2466183523676,0.0
03/25 02:00:00,713.2305904945023,0.0
03/25 03:00:00,716.6625411880129,0.0
03/25 04:00:00,712.4245540788663,0.0
03/25 05:00:00,898.4026303695301,0.0
03/25 06:00:00,896.568688255137,9.0
03/25 07:00:00,1033.6350638874653,160.17
03/25 08:00:00,1009.3288911775326,296.01
03/25 09:00:00,953.286538192668,388.88
03/25 10:00:00,950.57842347177,442.86
03/25 11:00:00,763.2922622345473,457.65
03/25 12:00:00,757.6939676967512,373.75
03/25 13:00:00,757.5681901934261,528.42
03/25 14:00:00,761.8171773135924,376.31
03/25 15:00:00,763.2745102101836,201.17
03/25 16:00:00,698.063507980007,88.69
03/25 17:00:00,712.6472107556332,32.48
03/25 18:00:00,676.0385075833932,15.39
03/25 19:00:00,694.4208818020445,0.0
03/25 20:00:00,696.9578971901727,0.0
03/25 21:00:00,714.111114148445,0.0
03/25 22:00:00,726.0447373558072,0.0
03/25 23:00:00,715.5763181047312,0.0
03/26 00:00:00,715.4656723061375,0.0
03/26 01:00:00,708.8600526892667,0.0
03/26 02:00:00,714.3427204893832,0.0
03/26 03:00:00,712.9062353172619,0.0
03/26 04:00:00,715.1038226612142,0.0
03/26 05:00:00,775.7930811889506,0.0
03/26 06:00:00,774.0271038498025,2.0
03/26 07:00:00,774.9874085679782,31.86
03/26 08:00:00,765.6716675048896,212.51
03/26 09:00:00,765.3334589489425,336.47
03/26 10:00:00,765.0147558445502,471.16
03/26 11:00:00,764.5798933280279,502.63
03/26 12:00:00,766.4604607843924,369.08
03/26 13:00:00,769.1442053053537,367.18
03/26 14:00:00,770.8793536752892,353.13
03/26 15:00:00,775.170361432236,367.37
03/26 16:00:00,785.3693558552309,289.01
03/26 17:00:00,718.8262439591189,196.5
03/26 18:00:00,720.9016284005759,72.09
03/26 19:00:00,725.2415749631297,0.0
03/26 20:00:00,726.512278545937,0.0
03/26 21:00:00,723.3792734174276,0.0
03/26 22:00:00,719.7045009509699,0.0
03/26 23:00:00,794.4767589684216,0.0
03/27 00:00:00,795.8493975821214,0.0
03/27 01:00:00,788.9283603072191,0.0
03/27 02:00:00,475.91933114234837,0.0
03/27 03:00:00,781.3603610874072,0.0
03/27 04:00:00,792.1754580869032,0.0
03/27 05:00:00,892.8375296836803,0.0
03/27 06:00:00,1029.139376437669,3.0
03/27 07:00:00,1873.6598439554352,49.82
03/27 08:00:00,1833.6183519468275,128.29
03/27 09:00:00,1816.5149147871336,195.07
03/27 10:00:00,1831.5060447483677,223.72
03/27 11:00:00,1744.5043879175014,391.95
03/27 12:00:00,1825.637181469455,442.59
03/27 13:00:00,1808.0813253179233,461.96
03/27 14:00:00,1810.4115680847635,506.62
03/27 15:00:00,1832.184319218843,380.04
03/27 16:00:00,1276.5168061684917,257.25
03/27 17:00:00,1032.5917073408636,244.43
03/27 18:00:00,1038.1915349676572,93.93
03/27 19:00:00,1003.6563107359616,0.0
03/27 20:00:00,973.043361182968,0.0
03/27 21:00:00,919.6926073169755,0.0
03/27 22:00:00,887.4426513664534,0.0
03/27 23:00:00,807.9140183546851,0.0
03/28 00:00:00,813.6044643548163,0.0
03/28 01:00:00,821.5348906305503,0.0
03/28 02:00:00,819.8006882985412,0.0
03/28 03:00:00,822.3940514869946,0.0
03/28 04:00:00,828.5785470449331,0.0
03/28 05:00:00,918.5652896193078,0.0
03/28 06:00:00,1023.617250795046,12.0
03/28 07:00:00,1780.7057592349083,178.01
03/28 08:00:00,1659.4435916498421,305.45
03/28 09:00:00,1566.4648313829848,419.56
03/28 10:00:00,1567.7379519628128,540.11
03/28 11:00:00,1504.4450943756801,634.4
03/28 12:00:00,1563.3956500871118,674.24
03/28 13:00:00,1541.3824724277322,660.53
03/28 14:00:00,1540.6884192930706,586.81
03/28 15:00:00,1558.4735907695422,436.35
03/28 16:00:00,1081.5702970097495,292.26
03/28 17:00:00,905.7704215209528,236.88
03/28 18:00:00,958.3425790567054,62.77
03/28 19:00:00,976.2985691555075,0.0
03/28 20:00:00,974.4328002332472,0.0
03/28 21:00:00,924.9837676676804,0.0
03/28 22:00:00,902.5361870296719,0.0
03/28 23:00:00,818.9448389060581,0.0
03/29 00:00:00,811.1598301382224,0.0
03/29 01:00:00,808.6255620325421,0.0
03/29 02:00:00,814.5820889099177,0.0
03/29 03:00:00,811.5825572064141,0.0
03/29 04:00:00,820.2254433217439,0.0
03/29 05:00:00,922.4096953033481,0.0
03/29 06:00:00,1041.2154440182217,0.0
03/29 07:00:00,1850.0312179770156,9.16
03/29 08:00:00,1679.9238219106371,35.32
03/29 09:00:00,1568.7561331544036,40.45
03/29 10:00:00,1529.6988858466677,116.82
03/29 11:00:00,1467.4210605570638,227.43
03/29 12:00:00,1540.0375494574075,286.59
03/29 13:00:00,1503.8063402095572,333.85
03/29 14:00:00,1512.1470577853818,403.89
03/29 15:00:00,1548.5172312018226,253.45
03/29 16:00:00,1073.3699718478636,126.03
03/29 17:00:00,881.2199560180861,71.81
03/29 18:00:00,941.695355695044,22.76
03/29 19:00:00,930.9755837617623,0.0
03/29 20:00:00,931.0567076816938,0.0
03/29 21:00:00,890.2288876415249,0.0
03/29 22:00:00,872.1634377477594,0.0
03/29 23:00:00,789.1195675857264,0.0
03/30 00:00:00,787.1443081003162,0.0
03/30 01:00:00,784.2519328894637,0.0
03/30 02:00:00,789.6755386245225,0.0
03/30 03:00:00,778.8846869875402,0.0
03/30 04:00:00,780.4851577587954,0.0
03/30 05:00:00,881.0541373128042,0.0
03/30 06:00:00,989.7101826529802,17.0
03/30 07:00:00,1666.32093903601,187.71
03/30 08:00:00,1571.6449653149914,296.69
03/30 09:00:00,1529.2957881539917,425.34
03/30 10:00:00,1519.4905666092438,547.21
03/30 11:00:00,1464.0744743840785,500.27
03/30 12:00:00,1537.1613395657614,671.58
03/30 13:00:00,1511.9267305075198,531.75
03/30 14:00:00,1505.2208752909487,563.26
03/30 15:00:00,1529.8317614459052,407.77
03/30 16:00:00,1058.9792881274905,232.74
03/30 17:00:00,859.4132881795374,176.55
03/30 18:00:00,918.1144941548037,40.88
03/30 19:00:00,924.2844945091616,0.0
03/30 20:00:00,920.4189920074256,0.0
03/30 21:00:00,885.0810358050085,0.0
03/30 22:00:00,860.1893942372122,0.0
03/30 23:00:00,786.6696050043718,0.0
03/31 00:00:00,786.534337096232,0.0
03/31 01:00:00,782.2214433603632,0.0
03/31 02:00:00,772.4356354951337,0.0
03/31 03:00:00,773.2695009262239,0.0
03/31 04:00:00,778.3379016852263,0.0
03/31 05:00:00,878.1342712817382,0.0
03/31 06:00:00,985.9084929054029,3.53
03/31 07:00:00,1696.7205728848264,44.55
03/31 08:00:00,1597.7547394276128,228.55
03/31 09:00:00,1530.7953054951565,377.64
03/31 10:00:00,1517.179224990225,433.27
03/31 11:00:00,1461.4275595705103,646.29
03/31 12:00:00,1535.2085918818657,687.95
03/31 13:00:00,1508.1047564873832,678.3
03/31 14:00:00,1512.3108186387303,581.5
03/31 15:00:00,1535.954769862424,441.74
03/31 16:00:00,1076.0110412470463,363.32
03/31 17:00:00,879.6952951138769,263.16
03/31 18:00:00,937.0592107721658,104.75
03/31 19:00:00,951.0959662118499,1.0
03/31 20:00:00,942.696481993339,0.0
03/31 21:00:00,898.7260603490355,0.0
03/31 22:00:00,873.3825881439099,0.0
03/31 23:00:00,849.6799822451951,0.0
04/01 00:00:00,851.9668102695794,0.0
04/01 01:00:00,845.3038180835201,0.0
04/01 02:00:00,844.7956916396804,0.0
04/01 03:00:00,846.6030184487794,0.0
04/01 04:00:00,846.4131352294489,0.0
04/01 05:00:00,1028.752612994392,0.0
04/01 06:00:00,1007.2769677777635,22.08
04/01 07:00:00,1143.4276886653245,220.67
04/01 08:00:00,1115.7303742492063,359.11
04/01 09:00:00,1046.4485121691935,456.87
04/01 10:00:00,1037.9770540723043,513.78
04/01 11:00:00,862.2732255935869,552.31
04/01 12:00:00,854.7832165936347,588.66
04/01 13:00:00,861.313685994476,583.32
04/01 14:00:00,855.1749543868781,538.52
04/01 15:00:00,860.8528533452574,469.4
04/01 16:00:00,796.1466488436911,404.15
04/01 17:00:00,818.8449454045485,298.74
04/01 18:00:00,802.8548092980764,128.78
04/01 19:00:00,826.5518263284188,2.0
04/01 20:00:00,826.3712372142489,0.0
04/01 21:00:00,833.2618436873782,0.0
04/01 22:00:00,831.8919105673135,0.0
04/01 23:00:00,837.9940650154921,0.0
04/02 00:00:00,838.7608572592023,0.0
04/02 01:00:00,839.9958302417932,0.0
04/02 02:00:00,843.6919382125911,0.0
04/02 03:00:00,839.7766194175351,0.0
04/02 04:00:00,846.5455703993307,0.0
04/02 05:00:00,904.4970248921622,0.0
04/02 06:00:00,902.7302695450837,27.76
04/02 07:00:00,892.4744630156655,228.52
04/02 08:00:00,887.6164562196706,337.22
04/02 09:00:00,885.8137252107447,467.68
04/02 10:00:00,891.5811737189701,551.32
04/02 11:00:00,888.856754750083,622.54
04/02 12:00:00,886.0013585343522,663.71
04/02 13:00:00,894.2630636913603,653.94
04/02 14:00:00,898.1067096465086,598.55
04/02 15:00:00,906.4622616095019,516.77
04/02 16:00:00,919.0897621117836,421.25
04/02 17:00:00,859.5893623742132,310.07
04/02 18:00:00,845.3488932796116,136.99
04/02 19:00:00,845.3069105735116,3.0
04/02 20:00:00,843.4436184009725,0.0
04/02 21:00:00,837.5879401147404,0.0
04/02 22:00:00,832.9603359385516,0.0
04/02 23:00:00,906.326961756214,0.0
04/03 00:00:00,907.5583885647882,0.0
04/03 01:00:00,917.7826545729522,0.0
04/03 02:00:00,915.3550206702598,0.0
04/03 03:00:00,902.3503171944649,0.0
04/03 04:00:00,900.3760880131495,0.0
04/03 05:00:00,997.7830402088994,0.0
04/03 06:00:00,1120.13971288127,34.62
04/03 07:00:00,1892.6976081087741,243.65
04/03 08:00:00,1856.8170795035667,379.36
04/03 09:00:00,1847.3456734927397,485.02
04/03 10:00:00,1866.923256872947,575.59
04/03 11:00:00,1805.6695258666757,650.22
04/03 12:00:00,1880.7614752766187,689.61
04/03 13:00:00,1863.5768464727837,670.93
04/03 14:00:00,1888.2124290519391,609.98
04/03 15:00:00,1904.844867690361,525.65
04/03 16:00:00,1366.5711662971648,424.35
04/03 17:00:00,1120.1810807619877,312.69
04/03 18:00:00,1123.9319652271681,137.16
04/03 19:00:00,1099.2965919558515,3.0
04/03 20:00:00,1071.8560697547794,0.0
04/03 21:00:00,1010.7444259407997,0.0
04/03 22:00:00,982.944791067415,0.0
04/03 23:00:00,899.7795605496879,0.0
04/04 00:00:00,901.7748525408477,0.0
04/04 01:00:00,892.9585615244885,0.0
04/04 02:00:00,899.7009093078025,0.0
04/04 03:00:00,899.8602011242931,0.0
04/04 04:00:00,905.0844263381629,0.0
04/04 05:00:00,992.9050082154876,0.0
04/04 06:00:00,1093.8924586914611,38.7
04/04 07:00:00,1815.2952444639457,244.67
04/04 08:00:00,1726.4897247785714,377.52
04/04 09:00:00,1654.990970764459,480.36
04/04 10:00:00,1631.8177630936427,528.15
04/04 11:00:00,1553.7718865292172,391.77
04/04 12:00:00,1623.5876808027926,378.96
04/04 13:00:00,1614.557414577612,497.92
04/04 14:00:00,1640.5200687620247,571.72
04/04 15:00:00,1667.7116701113225,496.87
04/04 16:00:00,1210.096452848169,403.46
04/04 17:00:00,999.1402701951363,287.07
04/04 18:00:00,1039.9480595222933,111.39
04/04 19:00:00,1063.545015116438,3.0
04/04 20:00:00,1048.5622921819029,0.0
04/04 21:00:00,1005.5553675817823,0.0
04/04 22:00:00,984.6725278383806,0.0
04/04 23:00:00,908.5156691937364,0.0
04/05 00:00:00,912.2168589239775,0.0
04/05 01:00:00,916.7767939698876,0.0
04/05 02:00:00,914.0528689737406,0.0
04/05 03:00:00,916.6762565341635,0.0
04/05 04:00:00,924.620271916823,0.0
04/05 05:00:00,1019.088669165637,0.0
04/05 06:00:00,1120.6505081082098,5.08
04/05 07:00:00,1834.9281567504486,46.42
04/05 08:00:00,1719.196765341872,113.36
04/05 09:00:00,1646.5645173643431,148.42
04/05 10:00:00,1633.010260191535,123.01
04/05 11:00:00,1570.2874048713497,135.38
04/05 12:00:00,1623.5671612260805,161.25
04/05 13:00:00,1611.535149858837,184.28
04/05 14:00:00,1622.3103706622135,121.58
04/05 15:00:00,1642.060686652697,95.66
04/05 16:00:00,1176.3956178423236,102.03
04/05 17:00:00,1001.8591316130947,61.71
04/05 18:00:00,1058.4154135828283,23.63
04/05 19:00:00,1053.2133986584868,2.0
04/05 20:00:00,1044.7485243276928,0.0
04/05 21:00:00,999.7006638727037,0.0
04/05 22:00:00,994.8598707553392,0.0
04/05 23:00:00,918.418322325476,0.0
04/06 00:00:00,919.0680579920577,0.0
04/06 01:00:00,917.2913876642974,0.0
04/06 02:00:00,916.164944595447,0.0
04/06 03:00:00,918.1688186524843,0.0
04/06 04:00:00,924.8266689861227,0.0
04/06 05:00:00,1019.787496759132,0.0
04/06 06:00:00,1109.590045152887,54.24
04/06 07:00:00,1834.5302871983924,254.15
04/06 08:00:00,1739.758985333301,387.58
04/06 09:00:00,1661.8512189784465,491.53
04/06 10:00:00,1626.826570789219,584.33
04/06 11:00:00,1555.662255284009,663.25
04/06 12:00:00,1622.6515628085722,616.64
04/06 13:00:00,1605.0357712139114,692.53
04/06 14:00:00,1638.0073803038085,616.52
04/06 15:00:00,1667.166190574401,521.64
04/06 16:00:00,1209.891369441335,347.16
04/06 17:00:00,1009.8233318641924,268.17
04/06 18:00:00,1052.3967821904682,114.04
04/06 19:00:00,1049.392866270527,4.0
04/06 20:00:00,1038.4543034819155,0.0
04/06 21:00:00,993.0502369397233,0.0
04/06 22:00:00,986.5837187742121,0.0
04/06 23:00:00,904.2992335183579,0.0
04/07 00:00:00,907.4691166006922,0.0
04/07 01:00:00,906.1535633388415,0.0
04/07 02:00:00,905.1970009850194,0.0
04/07 03:00:00,906.3336284348615,0.0
04/07 04:00:00,921.0420205273346,0.0
04/07 05:00:00,1016.4825381269131,0.0
04/07 06:00:00,1108.3567073982435,61.67
04/07 07:00:00,1829.3023539930416,261.18
04/07 08:00:00,1740.1500516256956,391.83
04/07 09:00:00,1657.6622015585745,495.86
04/07 10:00:00,1605.917380261883,589.42
04/07 11:00:00,1543.3867985924207,670.01
04/07 12:00:00,1626.992904128632,721.09
04/07 13:00:00,1651.0706688548244,700.98
04/07 14:00:00,1669.887385576091,627.22
04/07 15:00:00,1681.3126709106048,541.39
04/07 16:00:00,1199.1635141292984,420.35
04/07 17:00:00,1021.8370816649026,312.6
04/07 18:00:00,1073.4967123066017,149.32
04/07 19:00:00,1060.408095497867,4.0
04/07 20:00:00,1035.8185890401678,0.0
04/07 21:00:00,988.6373868995767,0.0
04/07 22:00:00,973.6582262108466,0.0
04/07 23:00:00,822.8848923606289,0.0
04/08 00:00:00,830.8651345923475,0.0
04/08 01:00:00,831.311883202718,0.0
04/08 02:00:00,833.7275280426616,0.0
04/08 03:00:00,830.5475958778467,0.0
04/08 04:00:00,829.8948548326397,0.0
04/08 05:00:00,1011.349737201592,0.0
04/08 06:00:00,1003.8503395687887,6.11
04/08 07:00:00,1161.8704189377813,34.66
04/08 08:00:00,1135.3947034869607,66.5
04/08 09:00:00,1064.07574487525,86.53
04/08 10:00:00,1058.4165686622264,129.09
04/08 11:00:00,865.6283567093412,155.14
04/08 12:00:00,860.148561753961,262.59
04/08 13:00:00,852.7519623452937,661.64
04/08 14:00:00,852.3829280225308,518.98
04/08 15:00:00,866.3805962385437,447.41
04/08 16:00:00,798.420783301565,401.78
04/08 17:00:00,803.6390918846063,230.66
04/08 18:00:00,778.9620573219294,108.79
04/08 19:00:00,807.7900558135973,7.0
04/08 20:00:00,810.9665786571992,0.0
04/08 21:00:00,816.8117439376963,0.0
04/08 22:00:00,822.8117929573539,0.0
04/08 23:00:00,828.0685349349066,0.0
04/09 00:00:00,823.4708944542795,0.0
04/09 01:00:00,832.3029757671269,0.0
04/09 02:00:00,832.9686938927402,0.0
04/09 03:00:00,837.025535731486,0.0
04/09 04:00:00,836.2631497256709,0.0
04/09 05:00:00,895.0441377463274,0.0
04/09 06:00:00,892.9646538346276,75.06
04/09 07:00:00,892.1461056750982,273.66
04/09 08:00:00,886.8806760883339,401.63
04/09 09:00:00,885.1486733770381,505.5
04/09 10:00:00,891.0475983970887,532.38
04/09 11:00:00,893.471025456148,465.62
04/09 12:00:00,891.1731553970205,621.16
04/09 13:00:00,894.9951240450242,629.13
04/09 14:00:00,894.8561454671876,531.84
04/09 15:00:00,891.9701714385787,277.43
04/09 16:00:00,897.6433152221562,121.49
04/09 17:00:00,843.953519719671,61.51
04/09 18:00:00,841.0757400197807,27.71
04/09 19:00:00,841.9734620746774,7.0
04/09 20:00:00,840.1907559488805,0.0
04/09 21:00:00,826.7023676230874,0.0
04/09 22:00:00,823.2556973958491,0.0
04/09 23:00:00,894.4142436261943,0.0
04/10 00:00:00,894.6341737799842,0.0
04/10 01:00:00,900.0204014518094,0.0
04/10 02:00:00,897.3077492566744,0.0
04/10 03:00:00,901.2800946120399,0.0
04/10 04:00:00,909.4467013589048,0.0
04/10 05:00:00,999.9177389810217,0.0
04/10 06:00:00,1105.7059062825651,27.44
04/10 07:00:00,1875.6581910722023,87.23
04/10 08:00:00,1837.3444242251173,241.29
04/10 09:00:00,1824.1114545839991,327.42
04/10 10:00:00,1853.7287541122998,526.96
04/10 11:00:00,1778.077719945575,402.5
04/10 12:00:00,1855.3621380175462,422.66
04/10 13:00:00,1842.4176517534895,290.02
04/10 14:00:00,1829.888215364393,324.99
04/10 15:00:00,1841.0816112139626,414.45
04/10 16:00:00,1325.2842510929622,193.11
04/10 17:00:00,1097.457422940467,87.68
04/10 18:00:00,1125.0640998367885,28.73
04/10 19:00:00,1085.2196433294807,4.0
04/10 20:00:00,1058.38154206572,0.0
04/10 21:00:00,999.8200596163082,0.0
04/10 22:00:00,975.2512920232323,0.0
04/10 23:00:00,896.3902286531894,0.0
04/11 00:00:00,904.403370072518,0.0
04/11 01:00:00,907.2756621962669,0.0
04/11 02:00:00,900.2268336148586,0.0
04/11 03:00:00,888.2618402328629,0.0
04/11 04:00:00,903.8862735513214,0.0
04/11 05:00:00,996.1656437018412,0.0
04/11 06:00:00,1126.2167924318924,7.07
04/11 07:00:00,1939.698248280697,29.47
04/11 08:00:00,1849.7659885373405,73.56
04/11 09:00:00,1818.9037626796799,105.63
04/11 10:00:00,1809.8725165611695,92.26
04/11 11:00:00,1733.2855599587301,101.41
04/11 12:00:00,1789.1045784301834,99.47
04/11 13:00:00,1775.9053770421144,93.45
04/11 14:00:00,1769.1211872024903,96.34
04/11 15:00:00,1795.9101151097495,236.7
04/11 16:00:00,1307.9386862711237,80.83
04/11 17:00:00,1096.4342899244123,23.31
04/11 18:00:00,1110.3839416164328,15.15
04/11 19:00:00,1067.0238599532288,0.0
04/11 20:00:00,1064.223411374455,0.0
04/11 21:00:00,1022.5136606261924,0.0
04/11 22:00:00,1007.4308028089903,0.0
04/11 23:00:00,926.5660463285185,0.0
04/12 00:00:00,935.3535859824308,0.0
04/12 01:00:00,930.0118303335348,0.0
04/12 02:00:00,942.6120930676084,0.0
04/12 03:00:00,928.7188441241378,0.0
04/12 04:00:00,927.0618681538715,0.0
04/12 05:00:00,1027.2896270833837,0.0
04/12 06:00:00,1162.0740571107544,3.0
04/12 07:00:00,2007.6653981570125,16.24
04/12 08:00:00,1919.236170477625,28.4
04/12 09:00:00,1834.0195424397446,71.06
04/12 10:00:00,1820.97888656697,113.55
04/12 11:00:00,1743.8831605719324,153.25
04/12 12:00:00,1809.1078319441444,181.91
04/12 13:00:00,1795.3759746634387,357.3
04/12 14:00:00,1775.1336759440424,413.54
04/12 15:00:00,1788.3469330640678,368.78
04/12 16:00:00,1299.644779021141,175.44
04/12 17:00:00,1076.228416254572,79.83
04/12 18:00:00,1101.4894866057657,30.78
04/12 19:00:00,1081.544877524129,1.0
04/12 20:00:00,1060.2873952627676,0.0
04/12 21:00:00,1011.1659944216668,0.0
04/12 22:00:00,998.4422430035831,0.0
04/12 23:00:00,920.1188182208334,0.0
04/13 00:00:00,927.7957906061857,0.0
04/13 01:00:00,931.8670578271523,0.0
04/13 02:00:00,933.3136110736202,0.0
04/13 03:00:00,931.7565840033235,0.0
04/13 04:00:00,944.424476969842,0.0
04/13 05:00:00,1033.7785626774728,0.0
04/13 06:00:00,1159.3038239035534,14.25
04/13 07:00:00,1938.9586149115037,87.19
04/13 08:00:00,1858.3688073524354,159.43
04/13 09:00:00,1779.8868937634688,122.21
04/13 10:00:00,1804.7802192624022,119.57
04/13 11:00:00,1714.4611508743967,116.14
04/13 12:00:00,1799.1089501258325,203.43
04/13 13:00:00,1778.703308099398,298.15
04/13 14:00:00,1766.4787436842885,252.96
04/13 15:00:00,1782.240301299668,210.92
04/13 16:00:00,1314.6740984939152,108.25
04/13 17:00:00,1077.9224771142071,109.37
04/13 18:00:00,1121.3588921167348,42.75
04/13 19:00:00,1115.9773607561735,8.0
04/13 20:00:00,1098.8326397118144,0.0
04/13 21:00:00,1040.4188638220592,0.0
04/13 22:00:00,1002.9699864327257,0.0
04/13 23:00:00,923.2795376783615,0.0
04/14 00:00:00,929.8787867447165,0.0
04/14 01:00:00,926.0251684363366,0.0
04/14 02:00:00,932.5079109442112,0.0
04/14 03:00:00,926.2639359763186,0.0
04/14 04:00:00,938.373481371271,0.0
04/14 05:00:00,1037.7808163332381,0.0
04/14 06:00:00,1143.9662529937937,60.06
04/14 07:00:00,1960.0159756319188,188.31
04/14 08:00:00,1900.6982922866148,377.26
04/14 09:00:00,1851.2897238478597,448.44
04/14 10:00:00,1826.244146948917,482.48
04/14 11:00:00,1755.5379439075266,459.11
04/14 12:00:00,1828.104775478889,351.12
04/14 13:00:00,1829.6419202905663,271.66
04/14 14:00:00,1837.9504586570304,473.21
04/14 15:00:00,1828.4586866108514,350.24
04/14 16:00:00,1318.0738937200967,298.87
04/14 17:00:00,1084.823405987463,348.49
04/14 18:00:00,1100.0244592365402,205.74
04/14 19:00:00,1092.1874613423277,13.0
04/14 20:00:00,1095.9182167374954,0.0
04/14 21:00:00,1052.126866979648,0.0
04/14 22:00:00,1008.6950162020989,0.0
04/14 23:00:00,852.6446048553915,0.0
04/15 00:00:00,857.2225513612957,0.0
04/15 01:00:00,856.5799837484223,0.0
04/15 02:00:00,863.7565606050206,0.0
04/15 03:00:00,858.7057664201891,0.0
04/15 04:00:00,864.6946497186046,0.0
04/15 05:00:00,1042.8609559834958,1.0
04/15 06:00:00,1040.5657200895757,91.97
04/15 07:00:00,1217.6319591149959,271.93
04/15 08:00:00,1209.4623683895209,395.19
04/15 09:00:00,1181.1547818583463,483.78
04/15 10:00:00,1182.6464010696895,593.31
04/15 11:00:00,979.1497032637737,622.9
04/15 12:00:00,964.9565790806486,556.34
04/15 13:00:00,964.2072032034572,517.18
04/15 14:00:00,974.702837948729,437.86
04/15 15:00:00,976.8274236818568,205.9
04/15 16:00:00,894.0432831780822,164.92
04/15 17:00:00,897.4381026679458,251.79
04/15 18:00:00,843.799799798771,109.98
04/15 19:00:00,861.1761514052301,4.31
04/15 20:00:00,862.0612061786829,0.0
04/15 21:00:00,854.6057329925868,0.0
04/15 22:00:00,853.6452092063962,0.0
04/15 23:00:00,856.764478559464,0.0
04/16 00:00:00,845.5071146912921,0.0
04/16 01:00:00,846.8471868114649,0.0
04/16 02:00:00,854.6414244174374,0.0
04/16 03:00:00,854.9210570631258,0.0
04/16 04:00:00,858.308483021643,0.0
04/16 05:00:00,914.8083208524749,1.0
04/16 06:00:00,911.7893042261624,19.41
04/16 07:00:00,913.7491892927709,138.62
04/16 08:00:00,914.8113526344765,383.21
04/16 09:00:00,914.3242052356198,477.75
04/16 10:00:00,915.7765722387247,372.75
04/16 11:00:00,914.5483889708096,468.02
04/16 12:00:00,910.4014532954793,465.93
04/16 13:00:00,914.227679344269,621.51
04/16 14:00:00,912.8940061009151,492.81
04/16 15:00:00,923.4276356641419,124.99
04/16 16:00:00,930.94993460692,253.38
04/16 17:00:00,893.3570522410437,283.11
04/16 18:00:00,900.3231644742885,51.4
04/16 19:00:00,890.2460021879076,6.61
04/16 20:00:00,890.892364278675,0.0
04/16 21:00:00,876.5713107427654,0.0
04/16 22:00:00,886.8426729690863,0.0
04/16 23:00:00,959.1946253838778,0.0
04/17 00:00:00,957.5872212742831,0.0
04/17 01:00:00,958.4087153747404,0.0
04/17 02:00:00,970.3906495118065,0.0
04/17 03:00:00,964.7467421434408,0.0
04/17 04:00:00,968.2348519298258,0.0
04/17 05:00:00,1070.9706498591913,0.0
04/17 06:00:00,1205.0593108728024,7.11
04/17 07:00:00,2098.6025085145825,24.27
04/17 08:00:00,2044.94318568073,43.42
04/17 09:00:00,2033.5996201260039,46.55
04/17 10:00:00,2029.6736544668258,63.66
04/17 11:00:00,1931.5645874125369,64.73
04/17 12:00:00,2029.1783018353253,82.76
04/17 13:00:00,2001.7982967125201,184.98
04/17 14:00:00,1999.0903495885923,158.16
04/17 15:00:00,2031.2349694113407,184.44
04/17 16:00:00,1450.1253953947958,149.2
04/17 17:00:00,1195.0841241075505,74.01
04/17 18:00:00,1204.7757964806242,30.7
04/17 19:00:00,1159.8920701824707,3.29
04/17 20:00:00,1150.6927322320776,0.0
04/17 21:00:00,1097.22490016013,0.0
04/17 22:00:00,1065.1646399783467,0.0
04/17 23:00:00,974.9867831970301,0.0
04/18 00:00:00,979.4962480667701,0.0
04/18 01:00:00,982.6235282731062,0.0
04/18 02:00:00,990.966429231486,0.0
04/18 03:00:00,989.8218078806893,0.0
04/18 04:00:00,988.7962367511635,0.0
04/18 05:00:00,1097.302202702517,2.0
04/18 06:00:00,1223.4847283666836,43.58
04/18 07:00:00,2078.4647566424055,155.71
04/18 08:00:00,2053.818034588855,332.41
04/18 09:00:00,2042.3334368170426,506.69
04/18 10:00:00,2040.9941962232963,627.86
04/18 11:00:00,1939.3478555799418,695.83
04/18 12:00:00,2020.4484181501566,771.88
04/18 13:00:00,2000.9853400785541,757.97
04/18 14:00:00,2001.8908363576243,679.52
04/18 15:00:00,2009.17201414577,577.74
04/18 16:00:00,1446.9022621019722,476.61
04/18 17:00:00,1184.1947425286342,355.78
04/18 18:00:00,1187.663661815378,226.05
04/18 19:00:00,1148.4617846082065,23.41
04/18 20:00:00,1127.9837724308952,0.0
04/18 21:00:00,1065.3517130259613,0.0
04/18 22:00:00,1036.726208713412,0.0
04/18 23:00:00,957.90717081871,0.0
04/19 00:00:00,962.9731844623748,0.0
04/19 01:00:00,963.4898451565649,0.0
04/19 02:00:00,967.5230166674587,0.0
04/19 03:00:00,977.7773277627244,0.0
04/19 04:00:00,978.2097291992725,0.0
04/19 05:00:00,1077.3443934949535,1.0
04/19 06:00:00,1167.0996817994733,39.23
04/19 07:00:00,1929.0346233368493,65.95
04/19 08:00:00,1810.3394841823754,88.15
04/19 09:00:00,1633.3417734474256,101.26
04/19 10:00:00,1621.7791030047658,124.68
04/19 11:00:00,1600.426770500787,127.22
04/19 12:00:00,1661.2319565688456,196.91
04/19 13:00:00,1669.435523172181,189.04
04/19 14:00:00,1659.626048174521,257.83
04/19 15:00:00,1515.487050229966,289.38
04/19 16:00:00,1080.3336570061476,365.8
04/19 17:00:00,887.6898902535255,141.65
04/19 18:00:00,907.5862201556815,84.09
04/19 19:00:00,894.1496025824623,11.93
04/19 20:00:00,897.9630525277382,0.0
04/19 21:00:00,859.4207747967456,0.0
04/19 22:00:00,845.1150014502816,0.0
04/19 23:00:00,783.9586631996493,0.0
04/20 00:00:00,774.5550906334555,0.0
04/20 01:00:00,764.8385559695403,0.0
04/20 02:00:00,762.5946310854093,0.0
04/20 03:00:00,769.0585016454095,0.0
04/20 04:00:00,770.4684889809892,0.0
04/20 05:00:00,842.5596405207573,3.0
04/20 06:00:00,926.7686807023006,67.84
04/20 07:00:00,1552.9241599475379,161.16
04/20 08:00:00,1532.2797602205226,273.91
04/20 09:00:00,1482.859201211505,420.19
04/20 10:00:00,1517.632638245222,504.48
04/20 11:00:00,1582.8110942015448,450.14
04/20 12:00:00,1641.372318532576,688.87
04/20 13:00:00,1634.2522234140556,747.14
04/20 14:00:00,1623.3031162357127,574.05
04/20 15:00:00,1659.1721146551026,499.48
04/20 16:00:00,1205.426873332276,476.74
04/20 17:00:00,1012.1092074362155,355.64
04/20 18:00:00,1049.279709608353,228.24
04/20 19:00:00,1058.7334883177043,26.53
04/20 20:00:00,1075.642903281321,0.0
04/20 21:00:00,1044.1982183608743,0.0
04/20 22:00:00,1061.6477731360835,0.0
04/20 23:00:00,982.9789268021063,0.0
04/21 00:00:00,975.9713638432121,0.0
04/21 01:00:00,969.9493556555244,0.0
04/21 02:00:00,981.5698688655132,0.0
04/21 03:00:00,975.2570681725506,0.0
04/21 04:00:00,987.4563539045358,0.0
04/21 05:00:00,1077.0790216931466,4.0
04/21 06:00:00,1152.2146930461226,79.07
04/21 07:00:00,1908.0392959217972,189.11
04/21 08:00:00,1837.1375427644098,349.92
04/21 09:00:00,1722.7350894014485,486.01
04/21 10:00:00,1688.6506148291844,507.87
04/21 11:00:00,1599.6936962144023,594.53
04/21 12:00:00,1677.3627580180323,412.25
04/21 13:00:00,1665.3632615128147,249.96
04/21 14:00:00,1668.9389555196258,462.6
04/21 15:00:00,1688.9883211301706,160.56
04/21 16:00:00,1219.1456297530035,87.98
04/21 17:00:00,1022.0270395411242,49.7
04/21 18:00:00,1057.0777076274915,35.76
04/21 19:00:00,1050.371045475264,6.22
04/21 20:00:00,1080.4489419430288,0.0
04/21 21:00:00,1042.3755484965254,0.0
04/21 22:00:00,1036.2017033152397,0.0
04/21 23:00:00,872.6836600504756,0.0
04/22 00:00:00,884.513041169549,0.0
04/22 01:00:00,883.8851731574891,0.0
04/22 02:00:00,890.3626383017393,0.0
04/22 03:00:00,883.9418342248514,0.0
04/22 04:00:00,885.6005008694272,0.0
04/22 05:00:00,1067.4055501293333,5.0
04/22 06:00:00,1059.655234840335,130.58
04/22 07:00:00,1225.6744619888855,288.9
04/22 08:00:00,1170.3099578449646,374.17
04/22 09:00:00,1087.6778171152578,282.52
04/22 10:00:00,1081.5560139261481,476.81
04/22 11:00:00,889.6530504053704,392.28
04/22 12:00:00,871.1704487099202,768.02
04/22 13:00:00,869.6853119777792,489.69
04/22 14:00:00,868.4814832094412,168.99
04/22 15:00:00,874.8844121793128,178.45
04/22 16:00:00,815.4770000618835,100.49
04/22 17:00:00,844.197454171692,69.77
04/22 18:00:00,821.4418385998982,26.39
04/22 19:00:00,850.3692287897788,7.25
04/22 20:00:00,858.6021352780543,0.0
04/22 21:00:00,867.8952025460078,0.0
04/22 22:00:00,874.3040984813613,0.0
04/22 23:00:00,875.7631651041437,0.0
04/23 00:00:00,885.6201676984381,0.0
04/23 01:00:00,880.0958101076053,0.0
04/23 02:00:00,888.4489771686067,0.0
04/23 03:00:00,872.9422157030345,0.0
04/23 04:00:00,881.3854763425009,0.0
04/23 05:00:00,939.6883594153223,2.0
04/23 06:00:00,938.2324591222024,35.24
04/23 07:00:00,937.6530241474487,83.28
04/23 08:00:00,929.2605597759775,145.19
04/23 09:00:00,925.5465703727248,260.33
04/23 10:00:00,926.1355046699426,341.98
04/23 11:00:00,928.1614397518201,214.3
04/23 12:00:00,925.3928748707654,161.91
04/23 13:00:00,924.6034843326671,103.54
04/23 14:00:00,929.1737933052311,66.72
04/23 15:00:00,935.1390102467833,52.62
04/23 16:00:00,946.8850910148072,39.5
04/23 17:00:00,872.8948477685501,18.0
04/23 18:00:00,879.9542637377908,16.2
04/23 19:00:00,889.6727751877335,9.39
04/23 20:00:00,879.8110847565395,0.0
04/23 21:00:00,872.7823729123652,0.0
04/23 22:00:00,868.4869760668817,0.0
04/23 23:00:00,945.8379004948246,0.0
04/24 00:00:00,957.0173639456078,0.0
04/24 01:00:00,958.5769202037911,0.0
04/24 02:00:00,957.0083186364211,0.0
04/24 03:00:00,959.4616515776163,0.0
04/24 04:00:00,967.8920953986959,0.0
04/24 05:00:00,1061.663757897436,5.0
04/24 06:00:00,1187.1719827821103,59.42
04/24 07:00:00,2024.960004502941,100.45
04/24 08:00:00,1985.9151139928513,166.89
04/24 09:00:00,1957.5686313724161,305.61
04/24 10:00:00,1974.7042802362585,581.71
04/24 11:00:00,1886.4367376148323,600.19
04/24 12:00:00,1956.3965895950882,788.55
04/24 13:00:00,1954.3784110090073,771.72
04/24 14:00:00,1940.1384579746239,597.72
04/24 15:00:00,1967.0034852154915,588.09
04/24 16:00:00,1413.463102616191,467.54
04/24 17:00:00,1154.7434607507369,300.62
04/24 18:00:00,1152.022443128879,247.0
04/24 19:00:00,1118.2042907208584,45.66
04/24 20:00:00,1108.7527505286416,0.0
04/24 21:00:00,1052.11857128947,0.0
04/24 22:00:00,1016.2941567416564,0.0
04/24 23:00:00,937.1519281132815,0.0
04/25 00:00:00,933.1574766267055,0.0
04/25 01:00:00,947.9251395163087,0.0
04/25 02:00:00,942.6653802418164,0.0
04/25 03:00:00,951.932258701063,0.0
04/25 04:00:00,956.9814127974018,0.0
04/25 05:00:00,1048.1893827469391,4.0
04/25 06:00:00,1153.0427568046907,87.78
04/25 07:00:00,1910.195576905343,172.72
04/25 08:00:00,1805.128959269576,154.25
04/25 09:00:00,1680.3494141381777,137.13
04/25 10:00:00,1663.3436289354152,258.33
04/25 11:00:00,1595.3141634170734,156.81
04/25 12:00:00,1663.3347891462602,128.37
04/25 13:00:00,1650.426714825193,211.77
04/25 14:00:00,1664.1454849679767,527.62
04/25 15:00:00,1678.0393180812662,524.66
04/25 16:00:00,1210.8059313057347,437.23
04/25 17:00:00,1008.0596239712194,254.47
04/25 18:00:00,1061.7882181663895,23.41
04/25 19:00:00,1059.0497863764529,5.09
04/25 20:00:00,1075.2337415759425,0.0
04/25 21:00:00,1035.300967072831,0.0
04/25 22:00:00,1019.7613257798464,0.0
04/25 23:00:00,936.8495180377131,0.0
04/26 00:00:00,948.9818073517007,0.0
04/26 01:00:00,953.915661438772,0.0
04/26 02:00:00,949.016880970407,0.0
04/26 03:00:00,949.9462979713883,0.0
04/26 04:00:00,959.6987861593013,0.0
04/26 05:00:00,1055.6430635677038,1.0
04/26 06:00:00,1157.645027691711,18.3
04/26 07:00:00,1887.148221533914,36.62
04/26 08:00:00,1768.0584546441871,222.67
04/26 09:00:00,1668.3583364139376,178.72
04/26 10:00:00,1658.0524657666347,245.64
04/26 11:00:00,1593.1928086355224,247.24
04/26 12:00:00,1671.0829445597537,335.15
04/26 13:00:00,1640.3881386467585,324.86
04/26 14:00:00,1647.6805439802781,343.09
04/26 15:00:00,1683.6446552069938,271.38
04/26 16:00:00,1209.5987135329692,346.82
04/26 17:00:00,1004.4216120840554,85.57
04/26 18:00:00,1060.0555501218325,111.77
04/26 19:00:00,1058.2602631527254,12.46
04/26 20:00:00,1053.492342405003,0.0
04/26 21:00:00,1025.9483007332908,0.0
04/26 22:00:00,1018.1910040461202,0.0
04/26 23:00:00,944.7326368204269,0.0
04/27 00:00:00,959.3276277334407,0.0
04/27 01:00:00,966.585508853221,0.0
04/27 02:00:00,961.8125538163438,0.0
04/27 03:00:00,967.7508610494214,0.0
04/27 04:00:00,971.9009362795566,0.0
04/27 05:00:00,1073.7635494110323,12.0
04/27 06:00:00,1159.7787031155817,101.06
04/27 07:00:00,1903.8523214489485,180.32
04/27 08:00:00,1758.068445162007,405.19
04/27 09:00:00,1679.5663782070178,515.64
04/27 10:00:00,1655.4203307817063,595.15
04/27 11:00:00,1582.462404212872,402.57
04/27 12:00:00,1681.371162357002,796.69
04/27 13:00:00,1648.9411376723358,632.74
04/27 14:00:00,1635.5600400592793,600.26
04/27 15:00:00,1657.2996748075534,590.26
04/27 16:00:00,1197.5601625765994,492.73
04/27 17:00:00,988.789064049251,349.15
04/27 18:00:00,1038.5611300589158,255.06
04/27 19:00:00,1035.9894233060006,61.61
04/27 20:00:00,1045.2348911656459,0.0
04/27 21:00:00,1008.0293172733789,0.0
04/27 22:00:00,1004.3449889569786,0.0
04/27 23:00:00,938.0838735048195,0.0
04/28 00:00:00,945.8193927869779,0.0
04/28 01:00:00,957.4274845295913,0.0
04/28 02:00:00,952.8029097677887,0.0
04/28 03:00:00,955.7381760574547,0.0
04/28 04:00:00,955.9477859108702,0.0
04/28 05:00:00,1048.2841780772683,8.22
04/28 06:00:00,1155.192314745697,26.48
04/28 07:00:00,1882.1326065801807,64.6
04/28 08:00:00,1780.5711325037528,182.65
04/28 09:00:00,1662.571819281628,367.67
04/28 10:00:00,1649.034172983412,415.7
04/28 11:00:00,1574.7630869699574,444.44
04/28 12:00:00,1636.001443191088,445.62
04/28 13:00:00,1631.0009760877804,398.99
04/28 14:00:00,1629.5636746840844,405.15
04/28 15:00:00,1639.3013885513767,527.41
04/28 16:00:00,1182.6797876933297,451.01
04/28 17:00:00,1003.4427770994273,357.42
04/28 18:00:00,1044.1478205000656,259.57
04/28 19:00:00,1044.175433926411,53.69
04/28 20:00:00,1060.9736882310915,0.0
04/28 21:00:00,1020.7405421982505,0.0
04/28 22:00:00,1014.4096451274389,0.0
04/28 23:00:00,874.4664678063449,0.0
04/29 00:00:00,864.3295579130014,0.0
04/29 01:00:00,857.4170721459772,0.0
04/29 02:00:00,863.0022121398579,0.0
04/29 03:00:00,864.8256026034286,0.0
04/29 04:00:00,875.0105017588336,0.0
04/29 05:00:00,1056.0377377200346,5.56
04/29 06:00:00,1032.2255159239703,62.65
04/29 07:00:00,1191.131389177973,174.22
04/29 08:00:00,1134.8523021585163,238.66
04/29 09:00:00,1055.711835212497,389.24
04/29 10:00:00,1059.1878568974769,336.07
04/29 11:00:00,871.4844192943827,318.15
04/29 12:00:00,859.8591022025338,500.57
04/29 13:00:00,857.8397208140373,473.14
04/29 14:00:00,856.6340464208765,480.81
04/29 15:00:00,859.6987372077593,483.09
04/29 16:00:00,798.6318342978287,482.69
04/29 17:00:00,819.6077330797551,364.31
04/29 18:00:00,795.219873005571,204.32
04/29 19:00:00,830.8049917189504,59.9
04/29 20:00:00,842.9404071284433,0.0
04/29 21:00:00,856.9458480561112,0.0
04/29 22:00:00,864.261458064121,0.0
04/29 23:00:00,863.5824419943169,0.0
04/30 00:00:00,866.6762278181598,0.0
04/30 01:00:00,868.7746573814239,0.0
04/30 02:00:00,868.7398279159943,0.0
04/30 03:00:00,867.803784865462,0.0
04/30 04:00:00,872.2200423396,0.0
04/30 05:00:00,937.8978953457543,4.66
04/30 06:00:00,938.4912382812631,67.63
04/30 07:00:00,934.8588992137564,184.21
04/30 08:00:00,933.467553693581,442.1
04/30 09:00:00,925.7664392544332,507.89
04/30 10:00:00,901.8661860117172,424.63
04/30 11:00:00,880.3907633670227,773.25
04/30 12:00:00,889.9734286412211,562.5
04/30 13:00:00,909.6519767187741,668.8
04/30 14:00:00,903.86484026183,615.91
04/30 15:00:00,903.288529473142,426.0
04/30 16:00:00,912.3276758277706,180.51
04/30 17:00:00,858.6378127407422,188.33
04/30 18:00:00,858.5764286551444,120.06
04/30 19:00:00,880.5132624351501,35.89
04/30 20:00:00,875.4378610848357,0.0
04/30 21:00:00,871.6315609763996,0.0
04/30 22:00:00,871.7673677823182,0.0
04/30 23:00:00,533.0581872315206,0.0
05/01 00:00:00,528.3433669129384,0.0
05/01 01:00:00,526.1594551825585,0.0
05/01 02:00:00,527.3588523720573,0.0
05/01 03:00:00,527.1847441284713,0.0
05/01 04:00:00,539.3241558940549,0.0
05/01 05:00:00,632.0368029187979,18.49
05/01 06:00:00,754.4721891731356,146.36
05/01 07:00:00,1581.5059295934138,257.98
05/01 08:00:00,1530.130324281793,341.29
05/01 09:00:00,1514.2439583539544,507.14
05/01 10:00:00,1509.0372845778709,625.15
05/01 11:00:00,1437.120086360891,716.39
05/01 12:00:00,1529.636579825359,752.73
05/01 13:00:00,1507.4729062135257,639.23
05/01 14:00:00,1506.3158603659328,650.68
05/01 15:00:00,1519.3422156313522,555.48
05/01 16:00:00,978.8610309301057,455.09
05/01 17:00:00,728.324192950578,343.74
05/01 18:00:00,728.4189875117413,220.65
05/01 19:00:00,709.2898893744633,49.36
05/01 20:00:00,699.1590444571789,0.0
05/01 21:00:00,640.0722916136518,0.0
05/01 22:00:00,615.2708689290112,0.0
05/01 23:00:00,538.2857546052453,0.0
05/02 00:00:00,536.0106936921416,0.0
05/02 01:00:00,531.4981128313361,0.0
05/02 02:00:00,530.8885587733486,0.0
05/02 03:00:00,527.373791868931,0.0
05/02 04:00:00,536.9753357937299,0.0
05/02 05:00:00,629.679058272132,12.06
05/02 06:00:00,729.0591192966743,106.25
05/02 07:00:00,1497.1915279235147,146.84
05/02 08:00:00,1405.9603036758326,190.6
05/02 09:00:00,1343.741548980749,291.76
05/02 10:00:00,1334.029602568093,374.63
05/02 11:00:00,1258.9756141600062,386.62
05/02 12:00:00,1330.9121354488664,427.9
05/02 13:00:00,1311.8637086888066,499.21
05/02 14:00:00,1321.3358393956357,619.36
05/02 15:00:00,1349.6325815919406,504.37
05/02 16:00:00,864.318248697331,457.74
05/02 17:00:00,661.5194994568734,346.76
05/02 18:00:00,674.8639609231395,223.23
05/02 19:00:00,660.8347125053137,56.67
05/02 20:00:00,668.3825195703256,0.0
05/02 21:00:00,613.755569106048,0.0
05/02 22:00:00,598.493828345463,0.0
05/02 23:00:00,535.1080560530316,0.0
05/03 00:00:00,535.3430654212507,0.0
05/03 01:00:00,531.7722918161288,0.0
05/03 02:00:00,534.8907102624894,0.0
05/03 03:00:00,535.9450783138753,0.0
05/03 04:00:00,541.0578297754812,0.0
05/03 05:00:00,638.242964191422,21.76
05/03 06:00:00,734.4515024477045,144.87
05/03 07:00:00,1495.5161967176239,309.99
05/03 08:00:00,1433.9942644966259,420.29
05/03 09:00:00,1352.9367818969558,527.76
05/03 10:00:00,1327.025448843479,628.99
05/03 11:00:00,1251.3866743036715,721.22
05/03 12:00:00,1311.103005721586,762.13
05/03 13:00:00,1297.5938842382104,726.95
05/03 14:00:00,1304.2590404316693,494.72
05/03 15:00:00,1320.8441442342628,259.35
05/03 16:00:00,851.7259336323896,334.51
05/03 17:00:00,651.0118419652357,321.1
05/03 18:00:00,682.047310845273,152.15
05/03 19:00:00,684.5515364456263,16.47
05/03 20:00:00,677.0035523636668,0.0
05/03 21:00:00,625.4945489035965,0.0
05/03 22:00:00,608.6418093414976,0.0
05/03 23:00:00,532.3303928219372,0.0
05/04 00:00:00,534.6851200815764,0.0
05/04 01:00:00,537.2076944336467,0.0
05/04 02:00:00,538.5592864752468,0.0
05/04 03:00:00,540.2330560127953,0.0
05/04 04:00:00,546.3269947896806,0.0
05/04 05:00:00,642.4030829049934,19.51
05/04 06:00:00,741.7613578556752,147.65
05/04 07:00:00,1488.938747982515,293.1
05/04 08:00:00,1376.9209105901239,312.41
05/04 09:00:00,1319.6155875453014,462.6
05/04 10:00:00,1315.2865747203416,403.56
05/04 11:00:00,1250.5336967872738,263.25
05/04 12:00:00,1312.9022589348547,119.64
05/04 13:00:00,1296.6639609872443,59.8
05/04 14:00:00,1295.3596302475596,153.75
05/04 15:00:00,1315.0739543692948,185.25
05/04 16:00:00,856.2815933800694,155.46
05/04 17:00:00,658.3789095010362,205.57
05/04 18:00:00,682.7671558845169,153.42
05/04 19:00:00,671.8260572848085,23.07
05/04 20:00:00,679.3625300704662,0.0
05/04 21:00:00,630.3089335691859,0.0
05/04 22:00:00,621.8531189568574,0.0
05/04 23:00:00,540.2412065410763,0.0
05/05 00:00:00,542.988067500178,0.0
05/05 01:00:00,542.8033564359096,0.0
05/05 02:00:00,544.9879055212873,0.0
05/05 03:00:00,545.7215464778745,0.0
05/05 04:00:00,548.3025877968413,0.0
05/05 05:00:00,651.6486935400246,5.11
05/05 06:00:00,761.0248496662874,33.77
05/05 07:00:00,1499.3637780712102,132.77
05/05 08:00:00,1417.107129815149,94.99
05/05 09:00:00,1317.066451360515,79.25
05/05 10:00:00,1293.1528877904452,53.73
05/05 11:00:00,1220.5118562640973,110.59
05/05 12:00:00,1287.6611348527583,291.08
05/05 13:00:00,1282.7439892195164,138.42
05/05 14:00:00,1285.0295980014166,164.52
05/05 15:00:00,1291.317627801314,205.94
05/05 16:00:00,850.3301613952513,272.06
05/05 17:00:00,651.1554063903434,289.23
05/05 18:00:00,679.1062395708642,212.02
05/05 19:00:00,664.674182932233,68.92
05/05 20:00:00,677.7383283325844,0.0
05/05 21:00:00,624.364130858696,0.0
05/05 22:00:00,605.1518684592232,0.0
05/05 23:00:00,463.67294661439087,0.0
05/06 00:00:00,466.6755062676099,0.0
05/06 01:00:00,464.4307926857293,0.0
05/06 02:00:00,464.68861276564303,0.0
05/06 03:00:00,466.9191973375463,0.0
05/06 04:00:00,464.233292487547,0.0
05/06 05:00:00,650.7271037230818,30.17
05/06 06:00:00,634.650545260951,160.06
05/06 07:00:00,806.0634315692583,319.82
05/06 08:00:00,769.0660351312001,409.39
05/06 09:00:00,701.6926823509257,477.99
05/06 10:00:00,698.8052487181733,636.94
05/06 11:00:00,519.9132560475463,729.73
05/06 12:00:00,514.9896984853716,616.83
05/06 13:00:00,514.8219934673157,604.21
05/06 14:00:00,517.584547274353,633.23
05/06 15:00:00,524.3449078314183,472.28
05/06 16:00:00,461.0857687703943,382.96
05/06 17:00:00,468.9215012673049,310.51
05/06 18:00:00,441.8440706328097,151.59
05/06 19:00:00,453.8078369350766,52.64
05/06 20:00:00,457.8284950533336,0.0
05/06 21:00:00,467.6895178944381,0.0
05/06 22:00:00,472.28672193041285,0.0
05/06 23:00:00,471.7612453812368,0.0
05/07 00:00:00,469.1437720408137,0.0
05/07 01:00:00,473.5412877590223,0.0
05/07 02:00:00,468.35942278059315,0.0
05/07 03:00:00,470.410770840005,0.0
05/07 04:00:00,468.1655236826102,0.0
05/07 05:00:00,535.4428534955621,25.09
05/07 06:00:00,535.3363668676191,177.67
05/07 07:00:00,535.6679791862621,229.04
05/07 08:00:00,535.7749795462128,221.69
05/07 09:00:00,536.1766892813886,524.61
05/07 10:00:00,529.7467561299283,564.79
05/07 11:00:00,530.8389277653037,543.45
05/07 12:00:00,532.4696214154924,759.65
05/07 13:00:00,531.1233035872183,563.5
05/07 14:00:00,532.6118500565651,666.28
05/07 15:00:00,535.9806563058122,559.38
05/07 16:00:00,541.4899812105377,302.01
05/07 17:00:00,482.9858449702568,365.21
05/07 18:00:00,480.3982647066818,246.26
05/07 19:00:00,481.6300911667476,82.92
05/07 20:00:00,480.79482132858186,1.0
05/07 21:00:00,477.1660437412648,0.0
05/07 22:00:00,475.4324143395225,0.0
05/07 23:00:00,549.9249720655398,0.0
05/08 00:00:00,546.6017714396866,0.0
05/08 01:00:00,547.6510105285457,0.0
05/08 02:00:00,554.2986658530552,0.0
05/08 03:00:00,553.2836681842981,0.0
05/08 04:00:00,557.6917863822136,0.0
05/08 05:00:00,658.2796783994335,38.03
05/08 06:00:00,792.5358715348727,193.28
05/08 07:00:00,1656.5173547087036,325.22
05/08 08:00:00,1601.1570589273979,435.52
05/08 09:00:00,1609.0618843618458,543.25
05/08 10:00:00,1603.672014623514,642.89
05/08 11:00:00,1515.6845242635268,735.72
05/08 12:00:00,1593.821526535803,692.61
05/08 13:00:00,1571.3397109495313,531.31
05/08 14:00:00,1582.0394246172498,378.3
05/08 15:00:00,1608.3495765675364,313.57
05/08 16:00:00,1039.5857698638367,273.06
05/08 17:00:00,776.9411483364202,190.23
05/08 18:00:00,774.8499734135337,123.45
05/08 19:00:00,737.3764618747501,34.7
05/08 20:00:00,718.5305443274068,0.0
05/08 21:00:00,660.1857620272912,0.0
05/08 22:00:00,629.500321976354,0.0
05/08 23:00:00,543.838960501404,0.0
05/09 00:00:00,551.3200360388774,0.0
05/09 01:00:00,555.1388913640596,0.0
05/09 02:00:00,553.300647666194,0.0
05/09 03:00:00,555.4166419983659,0.0
05/09 04:00:00,558.1830349879655,0.0
05/09 05:00:00,651.7545204918374,27.84
05/09 06:00:00,746.0031978264386,182.89
05/09 07:00:00,1502.8538131904747,288.82
05/09 08:00:00,1407.7896449378359,325.46
05/09 09:00:00,1320.9439093940223,417.47
05/09 10:00:00,1313.0920843362926,560.86
05/09 11:00:00,1241.0370518461968,648.46
05/09 12:00:00,1309.5488007120534,750.93
05/09 13:00:00,1302.7300583842327,734.75
05/09 14:00:00,1341.6456114580487,636.1
05/09 15:00:00,1356.9739483504786,550.54
05/09 16:00:00,888.4522193094364,469.15
05/09 17:00:00,679.4575025764132,359.96
05/09 18:00:00,717.1940342020363,182.53
05/09 19:00:00,697.9426078367352,41.2
05/09 20:00:00,707.9275582516212,2.0
05/09 21:00:00,642.2524123206923,0.0
05/09 22:00:00,611.8825465251361,0.0
05/09 23:00:00,545.8335301205146,0.0
05/10 00:00:00,557.5238229242068,0.0
05/10 01:00:00,549.211055698412,0.0
05/10 02:00:00,547.1619551240427,0.0
05/10 03:00:00,548.8507902788228,0.0
05/10 04:00:00,549.6083109241877,0.0
05/10 05:00:00,643.1316954150113,41.1
05/10 06:00:00,735.7385548746558,171.49
05/10 07:00:00,1490.8625152952613,241.61
05/10 08:00:00,1403.0474754722657,367.44
05/10 09:00:00,1331.0460748623898,481.29
05/10 10:00:00,1212.99768129016,533.31
05/10 11:00:00,1143.1021171580664,726.27
05/10 12:00:00,1207.7487067987163,756.35
05/10 13:00:00,1205.0648336613708,609.85
05/10 14:00:00,1222.5616232566945,614.42
05/10 15:00:00,1241.8940340258766,551.39
05/10 16:00:00,805.4006389076573,452.61
05/10 17:00:00,602.0221469656816,339.2
05/10 18:00:00,619.2276399135189,231.91
05/10 19:00:00,602.1417452921365,94.69
05/10 20:00:00,608.6938975764327,1.0
05/10 21:00:00,553.5341568080042,0.0
05/10 22:00:00,535.6831679718202,0.0
05/10 23:00:00,468.1186983876411,0.0
05/11 00:00:00,460.7823846788419,0.0
05/11 01:00:00,456.79224355665,0.0
05/11 02:00:00,458.6939644512839,0.0
05/11 03:00:00,459.94459455332003,0.0
05/11 04:00:00,463.37640059488047,0.0
05/11 05:00:00,546.2701169552382,45.18
05/11 06:00:00,638.299081544341,203.09
05/11 07:00:00,1288.7381212591472,331.19
05/11 08:00:00,1241.8034598540953,447.78
05/11 09:00:00,1193.495228920743,553.64
05/11 10:00:00,1190.0617122027493,654.93
05/11 11:00:00,1126.7517355296095,755.71
05/11 12:00:00,1180.9267536163104,820.14
05/11 13:00:00,1171.1242748690934,774.31
05/11 14:00:00,1191.6043048063266,684.18
05/11 15:00:00,1205.6610278386925,588.13
05/11 16:00:00,780.2312622751408,479.14
05/11 17:00:00,597.1185481735099,369.6
05/11 18:00:00,614.2848401287503,256.55
05/11 19:00:00,581.2511981073446,102.32
05/11 20:00:00,591.8485392020622,2.0
05/11 21:00:00,546.4246109788746,0.0
05/11 22:00:00,514.4087764174348,0.0
05/11 23:00:00,449.24213856362854,0.0
05/12 00:00:00,451.2546733280234,0.0
05/12 01:00:00,453.0259989417743,0.0
05/12 02:00:00,449.714344677418,0.0
05/12 03:00:00,452.6292262645503,0.0
05/12 04:00:00,457.15406899892184,0.0
05/12 05:00:00,532.0957455129142,38.55
05/12 06:00:00,617.4054370425401,99.72
05/12 07:00:00,1263.1469954756567,133.2
05/12 08:00:00,1226.8790984209945,181.92
05/12 09:00:00,1171.2988456704882,279.2
05/12 10:00:00,1179.0952922104054,119.24
05/12 11:00:00,1122.6234963138772,83.81
05/12 12:00:00,1181.9869535445073,73.84
05/12 13:00:00,1172.2939673422845,71.83
05/12 14:00:00,1179.8677942900013,203.94
05/12 15:00:00,1197.0829202827344,346.48
05/12 16:00:00,772.5937917240899,234.34
05/12 17:00:00,588.1587940228452,161.17
05/12 18:00:00,601.0985048274822,119.55
05/12 19:00:00,579.9336726069891,42.86
05/12 20:00:00,584.0734679467778,1.0
05/12 21:00:00,538.714827044253,0.0
05/12 22:00:00,515.2765119310998,0.0
05/12 23:00:00,389.89300809129,0.0
05/13 00:00:00,393.0981385791208,0.0
05/13 01:00:00,392.2329969117054,0.0
05/13 02:00:00,392.749267119942,0.0
05/13 03:00:00,387.6235836373319,0.0
05/13 04:00:00,389.22555257685025,0.0
05/13 05:00:00,541.9477617577984,23.46
05/13 06:00:00,534.5888064000477,102.12
05/13 07:00:00,689.403158635197,184.19
05/13 08:00:00,683.6891830404289,425.26
05/13 09:00:00,655.6297459076353,515.2
05/13 10:00:00,656.6157020565809,543.05
05/13 11:00:00,486.8127371432387,474.4
05/13 12:00:00,474.5349937337194,444.95
05/13 13:00:00,478.4802856101841,446.49
05/13 14:00:00,475.3400406757902,538.48
05/13 15:00:00,479.0186115285303,215.26
05/13 16:00:00,420.6809954527299,284.88
05/13 17:00:00,421.24005880721006,369.27
05/13 18:00:00,382.19551755915734,148.57
05/13 19:00:00,392.9332783922362,46.54
05/13 20:00:00,395.27459379494866,1.0
05/13 21:00:00,389.671263505281,0.0
05/13 22:00:00,389.75658809958253,0.0
05/13 23:00:00,383.82140512752176,0.0
05/14 00:00:00,388.5345559816406,0.0
05/14 01:00:00,387.8412349383929,0.0
05/14 02:00:00,387.1430084337484,0.0
05/14 03:00:00,389.96808965792667,0.0
05/14 04:00:00,393.7787860519269,0.0
05/14 05:00:00,444.69457479751475,16.56
05/14 06:00:00,447.22439679425446,129.39
05/14 07:00:00,444.6407544245584,271.52
05/14 08:00:00,440.6466727048988,199.18
05/14 09:00:00,437.90051516370403,81.31
05/14 10:00:00,441.79802931898166,89.51
05/14 11:00:00,442.54704002018747,117.64
05/14 12:00:00,440.8989025941964,101.69
05/14 13:00:00,441.08361693703074,118.66
05/14 14:00:00,442.12156545621417,153.88
05/14 15:00:00,449.7039754961661,141.43
05/14 16:00:00,453.61590560898907,279.11
05/14 17:00:00,407.6398537782403,37.43
05/14 18:00:00,404.06349023447535,72.72
05/14 19:00:00,400.33381342714836,57.0
05/14 20:00:00,399.0851686811643,3.0
05/14 21:00:00,395.4962424902181,0.0
05/14 22:00:00,389.693296470099,0.0
05/14 23:00:00,457.62071970139704,0.0
05/15 00:00:00,457.19868063898684,0.0
05/15 01:00:00,455.2833649372113,0.0
05/15 02:00:00,458.41617379593356,0.0
05/15 03:00:00,451.11304999553903,0.0
05/15 04:00:00,464.06960612048255,0.0
05/15 05:00:00,543.6066613770081,53.75
05/15 06:00:00,648.0736228934067,203.48
05/15 07:00:00,1364.0975327942665,152.6
05/15 08:00:00,1328.3867087956426,334.57
05/15 09:00:00,1326.7739335112594,529.29
05/15 10:00:00,1337.5829023576748,475.11
05/15 11:00:00,1262.5421046069634,353.45
05/15 12:00:00,1334.7289362903387,447.35
05/15 13:00:00,1327.5347548361585,261.49
05/15 14:00:00,1333.678534785562,212.79
05/15 15:00:00,1369.0048210602715,334.78
05/15 16:00:00,867.1717149346706,154.69
05/15 17:00:00,656.2171020879465,192.41
05/15 18:00:00,657.6710414744971,47.1
05/15 19:00:00,641.0884514634245,19.36
05/15 20:00:00,620.6210624084306,4.0
05/15 21:00:00,560.5274856567303,0.0
05/15 22:00:00,534.123079149487,0.0
05/15 23:00:00,464.5930235357083,0.0
05/16 00:00:00,455.363359850132,0.0
05/16 01:00:00,457.9340859425338,0.0
05/16 02:00:00,458.178164922641,0.0
05/16 03:00:00,460.3439234505492,0.0
05/16 04:00:00,466.2443478075905,0.0
05/16 05:00:00,545.5948307210186,8.08
05/16 06:00:00,643.1760469920767,27.46
05/16 07:00:00,1301.7376550330669,52.77
05/16 08:00:00,1247.0143372811087,99.12
05/16 09:00:00,1176.3283219148132,186.23
05/16 10:00:00,1197.1646087619567,159.79
05/16 11:00:00,1165.0359140765745,439.48
05/16 12:00:00,1214.2345769505182,823.29
05/16 13:00:00,1194.747512842153,614.09
05/16 14:00:00,1191.0470240638579,450.62
05/16 15:00:00,1225.5817310032503,351.24
05/16 16:00:00,800.0948967715535,414.31
05/16 17:00:00,612.1976182986608,305.1
05/16 18:00:00,629.3254844727169,97.11
05/16 19:00:00,606.5519944202658,49.81
05/16 20:00:00,600.3843615420553,2.0
05/16 21:00:00,555.8505645552326,0.0
05/16 22:00:00,529.5897220126919,0.0
05/16 23:00:00,467.0497128669751,0.0
05/17 00:00:00,464.7325920003441,0.0
05/17 01:00:00,463.9482324446022,0.0
05/17 02:00:00,464.87305458984883,0.0
05/17 03:00:00,467.18218671437126,0.0
05/17 04:00:00,474.9906375281066,0.0
05/17 05:00:00,562.9894284192612,26.43
05/17 06:00:00,655.2947431384893,37.7
05/17 07:00:00,1343.6732444655336,51.77
05/17 08:00:00,1273.089828749748,186.19
05/17 09:00:00,1225.1018333552468,402.96
05/17 10:00:00,1281.3360442861292,538.1
05/17 11:00:00,1253.568325374124,638.42
05/17 12:00:00,1334.8114343944014,612.86
05/17 13:00:00,1328.931202880058,642.12
05/17 14:00:00,1307.2629177256144,680.93
05/17 15:00:00,1321.2813867168404,414.59
05/17 16:00:00,815.3124933958871,481.7
05/17 17:00:00,576.6327524068398,376.6
05/17 18:00:00,586.2995396120377,256.05
05/17 19:00:00,578.2619390691821,34.39
05/17 20:00:00,583.0387117310246,0.0
05/17 21:00:00,536.4178498632871,0.0
05/17 22:00:00,517.7927405241663,0.0
05/17 23:00:00,451.33556153174834,0.0
05/18 00:00:00,451.4011508723364,0.0
05/18 01:00:00,452.2262081268137,0.0
05/18 02:00:00,452.8908229068729,0.0
05/18 03:00:00,451.4183567958814,0.0
05/18 04:00:00,458.9196542741515,0.0
05/18 05:00:00,544.8658004051931,6.08
05/18 06:00:00,634.6569193177537,30.47
05/18 07:00:00,1274.381056066844,47.78
05/18 08:00:00,1243.0026181571027,350.23
05/18 09:00:00,1205.725667367126,423.49
05/18 10:00:00,1317.0682824058576,664.51
05/18 11:00:00,1271.4355331496072,718.5
05/18 12:00:00,1338.638726872594,843.78
05/18 13:00:00,1314.0103492464493,789.35
05/18 14:00:00,1302.899932091759,535.26
05/18 15:00:00,1219.0966303993118,599.41
05/18 16:00:00,784.7911533721899,486.72
05/18 17:00:00,594.2974996212369,386.19
05/18 18:00:00,605.3704014555334,275.39
05/18 19:00:00,589.4299490943238,128.9
05/18 20:00:00,590.7059800957304,6.0
05/18 21:00:00,547.1971003733748,0.0
05/18 22:00:00,522.3839702917559,0.0
05/18 23:00:00,450.2764746215019,0.0
05/19 00:00:00,451.8757068420093,0.0
05/19 01:00:00,450.10384281342715,0.0
05/19 02:00:00,453.16987645095344,0.0
05/19 03:00:00,446.22701153794964,0.0
05/19 04:00:00,455.6847340534822,0.0
05/19 05:00:00,534.4751044880998,45.78
05/19 06:00:00,629.6945134768262,189.4
05/19 07:00:00,1300.112965662331,333.59
05/19 08:00:00,1269.4939227161863,456.78
05/19 09:00:00,1216.245530995764,565.77
05/19 10:00:00,1203.588620529806,670.06
05/19 11:00:00,1140.5340392016112,739.22
05/19 12:00:00,1211.8383732538202,837.79
05/19 13:00:00,1205.5025932031974,752.75
05/19 14:00:00,1191.5250489830403,709.35
05/19 15:00:00,1210.8416339423015,603.83
05/19 16:00:00,775.3942312156458,404.12
05/19 17:00:00,585.408278602122,232.39
05/19 18:00:00,610.3942348525467,141.63
05/19 19:00:00,587.1414244849135,77.62
05/19 20:00:00,598.5634156243573,2.0
05/19 21:00:00,555.387725151704,0.0
05/19 22:00:00,520.152941980376,0.0
05/19 23:00:00,390.695066180943,0.0
05/20 00:00:00,387.30511254761143,0.0
05/20 01:00:00,388.53629801154005,0.0
05/20 02:00:00,384.720134461421,0.0
05/20 03:00:00,390.77028055908033,0.0
05/20 04:00:00,388.62636648819694,1.0
05/20 05:00:00,542.2482455730799,68.62
05/20 06:00:00,534.4327108896869,231.78
05/20 07:00:00,676.2369532706754,348.69
05/20 08:00:00,681.8579480619235,464.2
05/20 09:00:00,636.360360680583,573.86
05/20 10:00:00,633.0856744451335,679.21
05/20 11:00:00,476.6360881525861,790.69
05/20 12:00:00,476.6921261063837,850.1
05/20 13:00:00,469.7685398569936,820.36
05/20 14:00:00,470.19601612599996,678.47
05/20 15:00:00,478.6675425744929,572.7
05/20 16:00:00,414.4789390747046,454.87
05/20 17:00:00,412.93905227567103,349.45
05/20 18:00:00,377.39012667715576,234.39
05/20 19:00:00,388.06592021695525,100.1
05/20 20:00:00,387.45420919288716,7.0
05/20 21:00:00,393.6590955149842,0.0
05/20 22:00:00,387.42798468592684,0.0
05/20 23:00:00,385.9946998301943,0.0
05/21 00:00:00,383.00876028826286,0.0
05/21 01:00:00,386.61109375239494,0.0
05/21 02:00:00,384.4048590637467,0.0
05/21 03:00:00,387.59296966316947,0.0
05/21 04:00:00,385.6375802834578,1.0
05/21 05:00:00,436.3091547434308,71.71
05/21 06:00:00,433.4011090582023,231.7
05/21 07:00:00,428.18364466531864,347.51
05/21 08:00:00,432.1806067989705,461.14
05/21 09:00:00,437.25400387245844,567.23
05/21 10:00:00,438.3151233393509,671.44
05/21 11:00:00,432.8325812459228,777.54
05/21 12:00:00,431.5430052762173,846.25
05/21 13:00:00,427.84351727769405,819.72
05/21 14:00:00,431.2639265526715,715.04
05/21 15:00:00,430.21328533707447,607.63
05/21 16:00:00,440.63257264758914,500.4
05/21 17:00:00,393.69563668207013,389.89
05/21 18:00:00,394.94954964289605,281.09
05/21 19:00:00,393.5890053754701,136.86
05/21 20:00:00,392.60974754653085,7.0
05/21 21:00:00,385.14552286754713,0.0
05/21 22:00:00,383.4139862608386,0.0
05/21 23:00:00,443.963647125261,0.0
05/22 00:00:00,444.2481797675227,0.0
05/22 01:00:00,447.58415861148814,0.0
05/22 02:00:00,439.5319761894386,0.0
05/22 03:00:00,440.68046409310614,0.0
05/22 04:00:00,452.37185664424123,1.0
05/22 05:00:00,531.914030012641,71.89
05/22 06:00:00,640.786122546745,207.6
05/22 07:00:00,1327.1654723334484,296.15
05/22 08:00:00,1324.2393071253828,356.09
05/22 09:00:00,1298.224197893907,561.13
05/22 10:00:00,1303.034098014698,662.48
05/22 11:00:00,1247.9981183398982,763.73
05/22 12:00:00,1296.0061476045225,829.94
05/22 13:00:00,1276.2878171537177,764.6
05/22 14:00:00,1293.2203167330176,701.1
05/22 15:00:00,1314.0742671022954,603.52
05/22 16:00:00,844.1527326493637,495.14
05/22 17:00:00,633.3537047711279,360.49
05/22 18:00:00,627.8084642199374,181.81
05/22 19:00:00,596.3197726140284,129.5
05/22 20:00:00,589.9575542224267,7.0
05/22 21:00:00,541.7579808473292,0.0
05/22 22:00:00,512.2138908454621,0.0
05/22 23:00:00,449.6227489519045,0.0
05/23 00:00:00,446.7385669507829,0.0
05/23 01:00:00,445.8307919631607,0.0
05/23 02:00:00,448.2885405517491,0.0
05/23 03:00:00,454.0294699899589,0.0
05/23 04:00:00,456.6481916093811,0.0
05/23 05:00:00,537.6352719584069,19.48
05/23 06:00:00,617.9501841504883,129.07
05/23 07:00:00,1268.900823261789,45.8
05/23 08:00:00,1233.7221514936327,92.64
05/23 09:00:00,1184.3932564658219,224.1
05/23 10:00:00,1226.818092435334,164.63
05/23 11:00:00,1271.2942562963976,538.27
05/23 12:00:00,1341.3591761997848,261.07
05/23 13:00:00,1311.1757496616221,316.05
05/23 14:00:00,1302.6054998842214,569.43
05/23 15:00:00,1332.6371095463635,511.84
05/23 16:00:00,857.0977086840844,461.55
05/23 17:00:00,666.5005965786465,322.34
05/23 18:00:00,687.5968874107188,274.38
05/23 19:00:00,677.2388128257622,138.99
05/23 20:00:00,683.00834683435,9.0
05/23 21:00:00,629.8930353146251,0.0
05/23 22:00:00,612.8234585500678,0.0
05/23 23:00:00,535.3805732412321,0.0
05/24 00:00:00,533.7261050259003,0.0
05/24 01:00:00,537.914047075428,0.0
05/24 02:00:00,537.275299277837,0.0
05/24 03:00:00,536.1867735001862,0.0
05/24 04:00:00,543.2762996525622,2.0
05/24 05:00:00,638.4519915201689,79.08
05/24 06:00:00,739.8882940188981,149.01
05/24 07:00:00,1519.4831312696097,353.96
05/24 08:00:00,1423.8671484882125,428.07
05/24 09:00:00,1329.678255448615,575.48
05/24 10:00:00,1327.2958079112727,678.81
05/24 11:00:00,1248.3170058810035,617.1
05/24 12:00:00,1321.6663383530267,621.51
05/24 13:00:00,1319.9552309153573,594.09
05/24 14:00:00,1319.3559864807316,377.03
05/24 15:00:00,1334.3236730975102,369.95
05/24 16:00:00,861.7100546592083,279.44
05/24 17:00:00,663.6726153926804,341.02
05/24 18:00:00,694.7748885365322,140.99
05/24 19:00:00,684.8654690942926,90.26
05/24 20:00:00,690.6538705248138,9.0
05/24 21:00:00,637.5210715489271,0.0
05/24 22:00:00,613.3443720062503,0.0
05/24 23:00:00,541.6038000274868,0.0
05/25 00:00:00,539.0006986910953,0.0
05/25 01:00:00,545.0009450314825,0.0
05/25 02:00:00,545.3938520525013,0.0
05/25 03:00:00,547.9406769673424,0.0
05/25 04:00:00,554.0627905459957,2.0
05/25 05:00:00,652.2832594469219,24.81
05/25 06:00:00,754.2368416894211,150.06
05/25 07:00:00,1519.4929079915428,122.67
05/25 08:00:00,1412.2441145960743,159.6
05/25 09:00:00,1344.5120214380927,374.95
05/25 10:00:00,1334.8312227718834,292.9
05/25 11:00:00,1258.230247016563,269.42
05/25 12:00:00,1329.3823056501149,221.79
05/25 13:00:00,1313.3312412007713,143.55
05/25 14:00:00,1308.5420839491144,131.4
05/25 15:00:00,1278.5664086220443,169.97
05/25 16:00:00,790.6329682930029,156.93
05/25 17:00:00,586.577973157657,119.08
05/25 18:00:00,613.962901349479,24.3
05/25 19:00:00,588.7117469437208,8.15
05/25 20:00:00,576.0690630621906,2.28
05/25 21:00:00,532.7929762752051,0.0
05/25 22:00:00,520.3163030059598,0.0
05/25 23:00:00,450.92615194019436,0.0
05/26 00:00:00,451.3364846617467,0.0
05/26 01:00:00,450.4777585832164,0.0
05/26 02:00:00,454.02721140535306,0.0
05/26 03:00:00,454.61750247805463,0.0
05/26 04:00:00,461.0776394176285,2.0
05/26 05:00:00,540.5586975922407,88.16
05/26 06:00:00,638.3462064991305,244.3
05/26 07:00:00,1347.006636276354,360.46
05/26 08:00:00,1306.7331050802622,472.83
05/26 09:00:00,1296.095174739733,584.39
05/26 10:00:00,1308.0931823321284,678.39
05/26 11:00:00,1223.57016498544,773.09
05/26 12:00:00,1282.9813485180116,472.54
05/26 13:00:00,1276.9396472607789,737.39
05/26 14:00:00,1274.9587240373473,354.63
05/26 15:00:00,1282.8448465798378,417.9
05/26 16:00:00,829.8965959276657,335.01
05/26 17:00:00,632.6477677706728,223.91
05/26 18:00:00,634.6630191013437,91.27
05/26 19:00:00,611.9937846253755,15.15
05/26 20:00:00,591.9298156434678,1.11
05/26 21:00:00,549.8721842145824,0.0
05/26 22:00:00,517.2605640084969,0.0
05/26 23:00:00,384.1259584582,0.0
05/27 00:00:00,389.17737379252515,0.0
05/27 01:00:00,386.03811491101396,0.0
05/27 02:00:00,386.42310681219203,0.0
05/27 03:00:00,388.33008718575223,0.0
05/27 04:00:00,393.1659112229917,1.0
05/27 05:00:00,551.0171619091492,36.2
05/27 06:00:00,539.3737851878898,43.77
05/27 07:00:00,689.7539570121805,111.09
05/27 08:00:00,704.3648024002289,127.87
05/27 09:00:00,681.0598711971777,197.14
05/27 10:00:00,688.0488223249023,271.32
05/27 11:00:00,509.82325698777277,316.73
05/27 12:00:00,495.49803847363773,489.71
05/27 13:00:00,497.20291899897825,427.4
05/27 14:00:00,499.61290821574426,344.7
05/27 15:00:00,510.7520480389531,263.86
05/27 16:00:00,442.5730775570522,169.16
05/27 17:00:00,441.99268084899336,391.37
05/27 18:00:00,390.56121059244634,273.76
05/27 19:00:00,391.3592733534123,52.09
05/27 20:00:00,394.8086582965209,11.67
05/27 21:00:00,388.7917637599627,0.0
05/27 22:00:00,384.81759378521076,0.0
05/27 23:00:00,379.69229777002323,0.0
05/28 00:00:00,384.87752782036625,0.0
05/28 01:00:00,384.2956721589289,0.0
05/28 02:00:00,384.84491227405704,0.0
05/28 03:00:00,389.8959582165066,0.0
05/28 04:00:00,385.89423633429277,3.0
05/28 05:00:00,440.47603862386563,90.09
05/28 06:00:00,444.7678304731924,242.16
05/28 07:00:00,436.8620992646401,354.59
05/28 08:00:00,437.4591928941632,464.99
05/28 09:00:00,440.28158173886953,570.7
05/28 10:00:00,432.8830504897365,671.63
05/28 11:00:00,434.9045802082001,773.71
05/28 12:00:00,434.8918069362984,839.33
05/28 13:00:00,434.0125751510874,809.65
05/28 14:00:00,434.44183053794865,715.36
05/28 15:00:00,444.3963830018004,608.83
05/28 16:00:00,450.46980356380664,503.04
05/28 17:00:00,400.83023881772147,395.67
05/28 18:00:00,398.19428472251906,285.65
05/28 19:00:00,394.47600928623024,149.81
05/28 20:00:00,395.094419336791,11.9
05/28 21:00:00,391.86031496754055,0.0
05/28 22:00:00,387.6309128038308,0.0
05/28 23:00:00,379.2256390222252,0.0
05/29 00:00:00,375.6936680383371,0.0
05/29 01:00:00,383.5880874767816,0.0
05/29 02:00:00,381.4743539514184,0.0
05/29 03:00:00,384.6935143905344,0.0
05/29 04:00:00,385.10077944285035,3.0
05/29 05:00:00,435.9064250395343,91.93
05/29 06:00:00,449.8473747998137,195.67
05/29 07:00:00,440.6913119474993,324.58
05/29 08:00:00,447.9298710441011,357.83
05/29 09:00:00,439.77289854508024,439.52
05/29 10:00:00,439.3964021321138,477.73
05/29 11:00:00,436.29096212865716,613.89
05/29 12:00:00,433.6962073894735,798.2
05/29 13:00:00,433.1189063238701,663.78
05/29 14:00:00,433.618325881746,637.49
05/29 15:00:00,448.5151986547303,606.28
05/29 16:00:00,454.38678027494745,500.8
05/29 17:00:00,402.54840300860997,391.72
05/29 18:00:00,398.7367737838811,284.51
05/29 19:00:00,394.8623187915652,149.3
05/29 20:00:00,395.5299870424584,9.15
05/29 21:00:00,392.0268374836813,0.0
05/29 22:00:00,386.79635663379685,0.0
05/29 23:00:00,452.1529707621098,0.0
05/30 00:00:00,446.65771474760675,0.0
05/30 01:00:00,449.3971812082883,0.0
05/30 02:00:00,444.12635803347405,0.0
05/30 03:00:00,450.60126810646983,0.0
05/30 04:00:00,447.59365139196336,2.0
05/30 05:00:00,530.4275334443987,64.49
05/30 06:00:00,616.8843821211993,218.59
05/30 07:00:00,1278.2272400303189,345.98
05/30 08:00:00,1255.3724114584359,374.03
05/30 09:00:00,1305.4822634122309,471.71
05/30 10:00:00,1310.168938252661,491.98
05/30 11:00:00,1255.6739831770428,369.2
05/30 12:00:00,1331.402773758365,202.11
05/30 13:00:00,1332.0590475812578,169.3
05/30 14:00:00,1332.3097603271417,163.03
05/30 15:00:00,1339.1033109079804,167.04
05/30 16:00:00,865.3090648798752,156.42
05/30 17:00:00,661.9990639761521,291.12
05/30 18:00:00,688.5604485954548,261.08
05/30 19:00:00,665.6616713379169,151.79
05/30 20:00:00,681.4125363648794,15.44
05/30 21:00:00,628.5971244955215,0.0
05/30 22:00:00,616.1480854134039,0.0
05/30 23:00:00,539.8080488996491,0.0
05/31 00:00:00,544.2065362638567,0.0
05/31 01:00:00,546.8050326994985,0.0
05/31 02:00:00,548.4372643164916,0.0
05/31 03:00:00,547.7956779996762,0.0
05/31 04:00:00,555.6745470010418,2.0
05/31 05:00:00,647.8382739557792,42.03
05/31 06:00:00,749.6476591651643,239.87
05/31 07:00:00,1530.3772456890092,183.08
05/31 08:00:00,1453.2551525552176,125.35
05/31 09:00:00,1352.8563216828927,389.72
05/31 10:00:00,1353.1739429470924,453.87
05/31 11:00:00,1280.567202583209,675.22
05/31 12:00:00,1341.252922579793,822.75
05/31 13:00:00,1321.980726992726,763.94
05/31 14:00:00,1339.5024933722575,218.08
05/31 15:00:00,1356.1656590445205,475.32
05/31 16:00:00,878.858762747086,315.59
05/31 17:00:00,681.2567276912214,229.64
05/31 18:00:00,709.8972394413718,220.32
05/31 19:00:00,682.724172694329,120.7
05/31 20:00:00,684.5844652285384,15.73
05/31 21:00:00,646.8220701887063,0.0
05/31 22:00:00,630.0590596801774,0.0
05/31 23:00:00,689.5780294587771,0.0
06/01 00:00:00,689.7254444188222,0.0
06/01 01:00:00,690.3199495103672,0.0
06/01 02:00:00,693.1278366144546,0.0
06/01 03:00:00,692.7269398503487,0.0
06/01 04:00:00,695.5682522534253,3.0
06/01 05:00:00,788.5672145584751,79.18
06/01 06:00:00,898.6252308648214,213.32
06/01 07:00:00,1675.1120321119358,354.2
06/01 08:00:00,1553.925311825671,470.49
06/01 09:00:00,1451.0159602055303,568.18
06/01 10:00:00,1445.2716121329806,659.45
06/01 11:00:00,1372.8206125421452,493.05
06/01 12:00:00,1444.6215164110015,749.14
06/01 13:00:00,1422.2613418171647,649.16
06/01 14:00:00,1423.6207628397028,654.43
06/01 15:00:00,1462.601715499748,604.24
06/01 16:00:00,896.316106518908,503.25
06/01 17:00:00,695.3284570937584,402.54
06/01 18:00:00,711.6513525873103,289.95
06/01 19:00:00,687.475679611006,141.59
06/01 20:00:00,708.5499532739321,12.04
06/01 21:00:00,657.3844375120314,0.0
06/01 22:00:00,633.0638614207217,0.0
06/01 23:00:00,554.5072409100148,0.0
06/02 00:00:00,556.435756699345,0.0
06/02 01:00:00,563.3901612067162,0.0
06/02 02:00:00,563.4753453426988,0.0
06/02 03:00:00,565.6508886233738,0.0
06/02 04:00:00,567.7919819266864,3.0
06/02 05:00:00,650.1146432055855,69.19
06/02 06:00:00,720.8905001685986,241.03
06/02 07:00:00,1393.1941877480474,332.18
06/02 08:00:00,1359.78282066348,314.35
06/02 09:00:00,1420.4752803139907,396.77
06/02 10:00:00,1375.1666961132296,207.06
06/02 11:00:00,1256.291018359407,115.7
06/02 12:00:00,1322.1033983883572,264.26
06/02 13:00:00,1311.662015752675,187.18
06/02 14:00:00,1413.0908472193478,188.68
06/02 15:00:00,1467.2646674860835,345.9
06/02 16:00:00,1001.759177170838,209.16
06/02 17:00:00,814.0354922847671,141.58
06/02 18:00:00,841.3672164244625,60.28
06/02 19:00:00,843.4628548718032,48.02
06/02 20:00:00,841.6259685585107,12.34
06/02 21:00:00,794.946741774835,0.0
06/02 22:00:00,752.8627359998436,0.0
06/02 23:00:00,606.7011759366404,0.0
06/03 00:00:00,609.6815700738747,0.0
06/03 01:00:00,609.8150763453609,0.0
06/03 02:00:00,613.7098446947737,0.0
06/03 03:00:00,614.3391070023054,0.0
06/03 04:00:00,612.9125355700711,3.0
06/03 05:00:00,801.1384679443482,71.61
06/03 06:00:00,787.4843011388898,250.91
06/03 07:00:00,941.1181368654816,367.74
06/03 08:00:00,914.9012212154772,404.48
06/03 09:00:00,860.1076299548482,505.15
06/03 10:00:00,855.3452969948655,631.49
06/03 11:00:00,658.589989105493,640.8
06/03 12:00:00,659.9483182356096,696.47
06/03 13:00:00,661.2797220405663,646.94
06/03 14:00:00,667.2657633981668,714.11
06/03 15:00:00,679.3864709601507,604.39
06/03 16:00:00,609.2166759043836,452.19
06/03 17:00:00,622.583452306079,407.32
06/03 18:00:00,584.9937886525663,247.41
06/03 19:00:00,602.3611192458953,140.34
06/03 20:00:00,611.0193715226684,15.7
06/03 21:00:00,620.0997044048052,0.0
06/03 22:00:00,621.0306505199279,0.0
06/03 23:00:00,620.3813402181858,0.0
06/04 00:00:00,620.0918480135273,0.0
06/04 01:00:00,615.1936945682959,0.0
06/04 02:00:00,616.2825035786095,0.0
06/04 03:00:00,616.0338613528261,0.0
06/04 04:00:00,612.3900119055401,4.0
06/04 05:00:00,678.6757898001862,87.57
06/04 06:00:00,689.1842476227747,215.34
06/04 07:00:00,682.2353885527697,261.55
06/04 08:00:00,679.1412859528275,276.81
06/04 09:00:00,672.2162089665152,544.05
06/04 10:00:00,667.2984742060494,597.58
06/04 11:00:00,673.7577659027221,790.1
06/04 12:00:00,667.9353930423443,866.22
06/04 13:00:00,672.0967776168432,763.85
06/04 14:00:00,665.896565172587,582.42
06/04 15:00:00,664.8813952237119,490.86
06/04 16:00:00,677.3608221578687,324.83
06/04 17:00:00,615.0623604146202,388.87
06/04 18:00:00,614.5759601626123,218.78
06/04 19:00:00,615.8922395500385,63.49
06/04 20:00:00,622.5326349821102,17.06
06/04 21:00:00,618.9120066137716,0.0
06/04 22:00:00,612.8158254532206,0.0
06/04 23:00:00,690.3981229215648,0.0
06/05 00:00:00,690.9369802363635,0.0
06/05 01:00:00,693.518094740545,0.0
06/05 02:00:00,696.780073150109,0.0
06/05 03:00:00,697.4937201777849,0.0
06/05 04:00:00,704.9958498133761,3.0
06/05 05:00:00,803.253140203431,97.15
06/05 06:00:00,935.2118144630001,238.52
06/05 07:00:00,1806.4185213083451,339.52
06/05 08:00:00,1760.083994779975,457.0
06/05 09:00:00,1737.9869560580294,573.74
06/05 10:00:00,1725.2453263536795,664.98
06/05 11:00:00,1650.0713740095675,767.54
06/05 12:00:00,1729.94799680156,664.41
06/05 13:00:00,1715.6200513093054,805.28
06/05 14:00:00,1723.5078525906229,649.85
06/05 15:00:00,1744.4495424509062,528.54
06/05 16:00:00,1167.1532521272732,443.9
06/05 17:00:00,918.8429636044551,386.59
06/05 18:00:00,916.1629802066651,289.48
06/05 19:00:00,861.9473240080997,158.86
06/05 20:00:00,861.7286633168101,17.42
06/05 21:00:00,808.7887647254271,0.0
06/05 22:00:00,772.6270283074688,0.0
06/05 23:00:00,685.2626019792403,0.0
06/06 00:00:00,691.8819447395235,0.0
06/06 01:00:00,690.1006263330264,0.0
06/06 02:00:00,698.9507037724932,0.0
06/06 03:00:00,693.5731848469753,0.0
06/06 04:00:00,703.2238746294236,4.0
06/06 05:00:00,801.7611046751836,96.7
06/06 06:00:00,937.1505603321871,249.26
06/06 07:00:00,1781.1418012040988,363.52
06/06 08:00:00,1735.424199145567,458.46
06/06 09:00:00,1698.3852118805228,566.62
06/06 10:00:00,1662.5008006556488,652.73
06/06 11:00:00,1610.8919796332434,644.93
06/06 12:00:00,1686.729574148415,448.47
06/06 13:00:00,1684.4655477235178,252.41
06/06 14:00:00,1678.7381083219907,696.21
06/06 15:00:00,1702.2899991246484,324.03
06/06 16:00:00,1144.9532566529392,138.68
06/06 17:00:00,909.2636701074279,257.21
06/06 18:00:00,905.7494518435577,269.25
06/06 19:00:00,865.3409554233456,50.12
06/06 20:00:00,868.680652874331,9.64
06/06 21:00:00,812.7654094672171,0.0
06/06 22:00:00,773.6550852573987,0.0
06/06 23:00:00,693.5967133299126,0.0
06/07 00:00:00,690.9774406265369,0.0
06/07 01:00:00,691.9121745357182,0.0
06/07 02:00:00,690.0747479209572,0.0
06/07 03:00:00,692.0514264213058,0.0
06/07 04:00:00,700.3969677149129,2.0
06/07 05:00:00,800.4747827175028,64.03
06/07 06:00:00,893.6796593580971,184.45
06/07 07:00:00,1658.8737109241163,289.86
06/07 08:00:00,1512.02783352707,427.98
06/07 09:00:00,1464.9798990581885,450.74
06/07 10:00:00,1459.5485833399957,597.99
06/07 11:00:00,1380.6555814688395,633.42
06/07 12:00:00,1460.0900040341817,261.44
06/07 13:00:00,1435.1682465680055,178.34
06/07 14:00:00,1444.1457565867988,318.51
06/07 15:00:00,1457.5874929362176,261.81
06/07 16:00:00,983.7064413772554,292.54
06/07 17:00:00,789.3610348277034,223.75
06/07 18:00:00,820.1300224580606,191.13
06/07 19:00:00,813.0989958448356,117.02
06/07 20:00:00,818.6590943503135,10.53
06/07 21:00:00,764.2332435453194,0.0
06/07 22:00:00,732.4574376705899,0.0
06/07 23:00:00,682.9640657785658,0.0
06/08 00:00:00,688.1016482851606,0.0
06/08 01:00:00,682.4520103579346,0.0
06/08 02:00:00,681.8638045467982,0.0
06/08 03:00:00,684.7940052374796,0.0
06/08 04:00:00,695.4195189703844,2.0
06/08 05:00:00,792.0333472467012,42.44
06/08 06:00:00,880.296872033939,64.9
06/08 07:00:00,1623.6942195019976,102.38
06/08 08:00:00,1521.6360935079724,80.13
06/08 09:00:00,1435.0879060313273,257.94
06/08 10:00:00,1415.6068490792793,289.71
06/08 11:00:00,1355.916672647104,397.8
06/08 12:00:00,1426.1226477678824,584.81
06/08 13:00:00,1424.5512304334484,612.68
06/08 14:00:00,1425.0896529471481,614.98
06/08 15:00:00,1443.4411407683397,563.87
06/08 16:00:00,973.6768566585769,507.67
06/08 17:00:00,792.8882843565182,408.28
06/08 18:00:00,820.2900210795975,224.07
06/08 19:00:00,811.6438115737669,69.76
06/08 20:00:00,817.1833705504234,3.04
06/08 21:00:00,766.4237279821048,0.0
06/08 22:00:00,754.2802570259463,0.0
06/08 23:00:00,674.0951635703685,0.0
06/09 00:00:00,676.6218840574667,0.0
06/09 01:00:00,673.161584319173,0.0
06/09 02:00:00,679.310047315607,0.0
06/09 03:00:00,682.4621900727159,0.0
06/09 04:00:00,696.6937585704532,3.0
06/09 05:00:00,783.1654996741397,85.04
06/09 06:00:00,881.0571771885701,59.63
06/09 07:00:00,1633.160088423867,177.49
06/09 08:00:00,1510.5525534511983,218.41
06/09 09:00:00,1455.390043232719,273.1
06/09 10:00:00,1449.7156967908452,442.94
06/09 11:00:00,1364.74152584506,591.92
06/09 12:00:00,1452.0499703888001,482.69
06/09 13:00:00,1433.302568559785,598.03
06/09 14:00:00,1441.2716231088173,494.5
06/09 15:00:00,1454.900262106633,543.64
06/09 16:00:00,922.7818384853093,368.85
06/09 17:00:00,707.6173335821251,199.29
06/09 18:00:00,728.9708195620707,61.33
06/09 19:00:00,718.2675644144554,53.36
06/09 20:00:00,698.2052325972719,20.53
06/09 21:00:00,666.8965781246426,0.0
06/09 22:00:00,640.7640534355467,0.0
06/09 23:00:00,514.5157441352462,0.0
06/10 00:00:00,509.2465302789395,0.0
06/10 01:00:00,507.2572806270878,0.0
06/10 02:00:00,512.946464953963,0.0
06/10 03:00:00,512.3208791309448,0.0
06/10 04:00:00,513.989082829477,3.0
06/10 05:00:00,659.2008002055936,62.87
06/10 06:00:00,671.469847447529,194.8
06/10 07:00:00,812.9625856907644,371.93
06/10 08:00:00,800.14248473978,477.95
06/10 09:00:00,761.9386412460212,575.48
06/10 10:00:00,765.0992878423539,680.88
06/10 11:00:00,601.6287057093208,782.47
06/10 12:00:00,589.5428552105833,683.84
06/10 13:00:00,587.3947063697174,493.58
06/10 14:00:00,595.3691024441554,609.79
06/10 15:00:00,603.3084183284554,457.77
06/10 16:00:00,536.2858184938967,488.47
06/10 17:00:00,535.8286147367352,352.46
06/10 18:00:00,498.52160383279306,178.39
06/10 19:00:00,511.65219495939914,53.38
06/10 20:00:00,510.5720529537326,11.69
06/10 21:00:00,517.7032251598059,0.0
06/10 22:00:00,503.21029147272753,0.0
06/10 23:00:00,505.86454844338266,0.0
06/11 00:00:00,500.62641750528053,0.0
06/11 01:00:00,506.78454769293046,0.0
06/11 02:00:00,499.1448111217096,0.0
06/11 03:00:00,501.49498618415294,0.0
06/11 04:00:00,507.86359518309393,4.0
06/11 05:00:00,554.179903188109,86.48
06/11 06:00:00,572.8288067414059,198.29
06/11 07:00:00,553.2747052344369,309.05
06/11 08:00:00,566.5473180732569,423.43
06/11 09:00:00,553.7358580489891,535.29
06/11 10:00:00,558.0973345459176,661.97
06/11 11:00:00,557.8949374837297,807.5
06/11 12:00:00,561.0705413519598,876.79
06/11 13:00:00,569.7763236256261,832.42
06/11 14:00:00,568.3458100017552,716.62
06/11 15:00:00,578.9088231408564,626.13
06/11 16:00:00,576.2445773235397,446.36
06/11 17:00:00,532.4323203049241,235.43
06/11 18:00:00,525.8255340461878,224.11
06/11 19:00:00,529.4304570059138,145.41
06/11 20:00:00,524.7900306004029,20.47
06/11 21:00:00,525.3574338974532,0.0
06/11 22:00:00,505.5872884088725,0.0
06/11 23:00:00,570.5756725894943,0.0
06/12 00:00:00,566.7885365728968,0.0
06/12 01:00:00,570.7767956235618,0.0
06/12 02:00:00,567.0688227379642,0.0
06/12 03:00:00,568.6291942954037,0.0
06/12 04:00:00,580.8927331970608,3.0
06/12 05:00:00,658.0270293692615,64.2
06/12 06:00:00,769.7615352113457,129.11
06/12 07:00:00,1455.7349937829254,210.1
06/12 08:00:00,1439.5603871736475,288.77
06/12 09:00:00,1444.3095147673491,268.75
06/12 10:00:00,1452.636430666039,641.04
06/12 11:00:00,1377.8652009876212,270.69
06/12 12:00:00,1430.298951641435,264.48
06/12 13:00:00,1434.3082093756943,121.74
06/12 14:00:00,1424.057186289102,238.86
06/12 15:00:00,1464.2880037328766,230.04
06/12 16:00:00,968.6389743426156,407.14
06/12 17:00:00,765.4968898547106,347.58
06/12 18:00:00,757.5950458864412,224.07
06/12 19:00:00,729.4587612303521,172.32
06/12 20:00:00,709.0457960706251,18.11
06/12 21:00:00,670.7114415883696,0.0
06/12 22:00:00,643.2880628671737,0.0
06/12 23:00:00,574.9957701234692,0.0
06/13 00:00:00,577.9925359639834,0.0
06/13 01:00:00,570.8379443825149,0.0
06/13 02:00:00,576.8231953507127,0.0
06/13 03:00:00,560.1904681975344,0.0
06/13 04:00:00,570.8412234969146,3.0
06/13 05:00:00,649.1758194320757,54.36
06/13 06:00:00,734.0528329666121,239.24
06/13 07:00:00,1396.5617803116922,373.26
06/13 08:00:00,1366.5690805190477,438.51
06/13 09:00:00,1308.4335503760376,505.97
06/13 10:00:00,1321.573101238907,658.34
06/13 11:00:00,1269.5373456466682,600.62
06/13 12:00:00,1335.9250701478356,681.14
06/13 13:00:00,1314.2978638825525,587.26
06/13 14:00:00,1333.4204675155581,347.89
06/13 15:00:00,1360.629359938534,279.64
06/13 16:00:00,915.5005863271241,334.38
06/13 17:00:00,723.8198097720597,202.48
06/13 18:00:00,737.356908815084,107.74
06/13 19:00:00,724.4595136081448,24.37
06/13 20:00:00,705.8433366167295,10.31
06/13 21:00:00,667.4032352263005,0.0
06/13 22:00:00,624.7588943828109,0.0
06/13 23:00:00,557.1128419778755,0.0
06/14 00:00:00,564.2400521526367,0.0
06/14 01:00:00,568.1521993241257,0.0
06/14 02:00:00,570.8604383665167,0.0
06/14 03:00:00,571.3853511704402,0.0
06/14 04:00:00,573.3560410538893,3.0
06/14 05:00:00,657.567425283391,41.25
06/14 06:00:00,740.7355074363295,58.37
06/14 07:00:00,1408.0174216637413,113.24
06/14 08:00:00,1372.9858237123217,194.34
06/14 09:00:00,1328.0112201328577,155.15
06/14 10:00:00,1343.5741533210598,119.37
06/14 11:00:00,1278.348493502615,150.42
06/14 12:00:00,1336.0192657370262,172.42
06/14 13:00:00,1323.550159225103,272.09
06/14 14:00:00,1329.2624189201297,329.16
06/14 15:00:00,1349.8250791844346,203.12
06/14 16:00:00,909.7016722769048,118.49
06/14 17:00:00,715.7639486375758,52.49
06/14 18:00:00,740.3708869024006,65.69
06/14 19:00:00,728.8299780223754,13.19
06/14 20:00:00,722.0801226291028,3.05
06/14 21:00:00,667.548946453792,0.0
06/14 22:00:00,640.5340312399167,0.0
06/14 23:00:00,573.0678623669232,0.0
06/15 00:00:00,564.4191008085984,0.0
06/15 01:00:00,565.7970621959304,0.0
06/15 02:00:00,561.8804837159736,0.0
06/15 03:00:00,567.6834107836132,0.0
06/15 04:00:00,568.766753456026,1.0
06/15 05:00:00,663.9618508141067,14.25
06/15 06:00:00,751.096837557974,14.0
06/15 07:00:00,1451.2865193186697,41.42
06/15 08:00:00,1393.9142810652454,126.4
06/15 09:00:00,1355.9284659202508,579.86
06/15 10:00:00,1360.481391409997,550.5
06/15 11:00:00,1297.7110863607911,422.94
06/15 12:00:00,1351.6230034820558,577.98
06/15 13:00:00,1338.9857397302849,433.88
06/15 14:00:00,1357.683586560349,539.79
06/15 15:00:00,1367.6899611961812,448.98
06/15 16:00:00,924.6635586412096,245.98
06/15 17:00:00,726.8499252531286,196.6
06/15 18:00:00,735.0372609905354,303.83
06/15 19:00:00,716.3944754294068,161.69
06/15 20:00:00,723.2924164452087,25.56
06/15 21:00:00,675.0042292019656,0.0
06/15 22:00:00,656.4607257617758,0.0
06/15 23:00:00,576.5006310652057,0.0
06/16 00:00:00,575.226141989563,0.0
06/16 01:00:00,564.6415431693669,0.0
06/16 02:00:00,575.6591959413479,0.0
06/16 03:00:00,570.4700278789111,0.0
06/16 04:00:00,578.2167879702052,3.0
06/16 05:00:00,658.2757496211998,28.88
06/16 06:00:00,740.440727491917,42.82
06/16 07:00:00,1423.1994533342738,273.57
06/16 08:00:00,1380.555080342484,375.15
06/16 09:00:00,1320.4092876521936,283.91
06/16 10:00:00,1338.3727273986447,243.86
06/16 11:00:00,1271.7205262571124,364.11
06/16 12:00:00,1337.9567108347414,398.24
06/16 13:00:00,1333.1742107978755,458.77
06/16 14:00:00,1344.4242275946713,207.59
06/16 15:00:00,1366.0512640471286,191.65
06/16 16:00:00,930.0280806682567,128.13
06/16 17:00:00,732.217534204835,92.96
06/16 18:00:00,730.3508928424294,260.23
06/16 19:00:00,693.5248435033195,123.93
06/16 20:00:00,705.0635182817357,16.05
06/16 21:00:00,653.3729940884989,0.0
06/16 22:00:00,648.4897510728772,0.0
06/16 23:00:00,506.4851634100953,0.0
06/17 00:00:00,518.9393340495384,0.0
06/17 01:00:00,512.3895388652235,0.0
06/17 02:00:00,515.3486399747366,0.0
06/17 03:00:00,512.346701867257,0.0
06/17 04:00:00,514.8920127488144,3.0
06/17 05:00:00,677.4833734304971,54.38
06/17 06:00:00,665.9394593468251,69.19
06/17 07:00:00,810.7224195719907,115.24
06/17 08:00:00,805.2837763484831,225.7
06/17 09:00:00,776.2935877186022,388.55
06/17 10:00:00,781.0041903326105,342.79
06/17 11:00:00,603.9869742264882,643.49
06/17 12:00:00,602.9009117179445,709.29
06/17 13:00:00,606.159620062761,756.29
06/17 14:00:00,613.6774350472386,707.79
06/17 15:00:00,619.343474986751,616.52
06/17 16:00:00,554.5951848532104,513.58
06/17 17:00:00,565.134199265718,416.22
06/17 18:00:00,517.9348361790187,311.27
06/17 19:00:00,521.5156051790923,180.05
06/17 20:00:00,529.0449578141562,26.59
06/17 21:00:00,528.5132496726761,0.0
06/17 22:00:00,525.5398834748231,0.0
06/17 23:00:00,524.0134267764502,0.0
06/18 00:00:00,522.1771270049695,0.0
06/18 01:00:00,519.8408336023105,0.0
06/18 02:00:00,513.9748615582976,0.0
06/18 03:00:00,515.3260963838667,0.0
06/18 04:00:00,512.4840752263121,5.0
06/18 05:00:00,569.3447368418721,102.25
06/18 06:00:00,566.2216674862905,238.9
06/18 07:00:00,568.3912368985792,332.35
06/18 08:00:00,559.2569940452696,407.96
06/18 09:00:00,553.3149114061404,467.91
06/18 10:00:00,555.7689580870596,632.24
06/18 11:00:00,564.8731083638304,753.49
06/18 12:00:00,563.442268770321,743.09
06/18 13:00:00,567.6167357290248,757.96
06/18 14:00:00,579.7807404296715,698.88
06/18 15:00:00,581.6504895287849,611.44
06/18 16:00:00,593.3709981127824,457.27
06/18 17:00:00,543.3796460533695,415.2
06/18 18:00:00,536.0234374575781,311.09
06/18 19:00:00,530.6751480883911,179.59
06/18 20:00:00,533.2241612865631,27.08
06/18 21:00:00,525.6024134852858,0.0
06/18 22:00:00,516.1305730999201,0.0
06/18 23:00:00,587.5438933291043,0.0
06/19 00:00:00,573.3235718566842,0.0
06/19 01:00:00,587.2781954328784,0.0
06/19 02:00:00,573.858225707253,1.0
06/19 03:00:00,581.7411132710216,0.0
06/19 04:00:00,575.4321583567435,3.0
06/19 05:00:00,661.7579169436713,61.36
06/19 06:00:00,761.7113629621992,139.29
06/19 07:00:00,1472.6940420816024,348.99
06/19 08:00:00,1425.4039039930153,462.7
06/19 09:00:00,1436.8897345591886,558.49
06/19 10:00:00,1408.839038371708,638.24
06/19 11:00:00,1361.2303310821728,617.52
06/19 12:00:00,1402.204134389391,636.59
06/19 13:00:00,1409.628828454614,639.92
06/19 14:00:00,1399.6999788332266,541.2
06/19 15:00:00,1433.8324367824707,520.57
06/19 16:00:00,965.0637062307133,463.25
06/19 17:00:00,768.2752212504628,399.11
06/19 18:00:00,760.6818915520599,293.53
06/19 19:00:00,720.099751509356,164.28
06/19 20:00:00,722.4456102497035,23.66
06/19 21:00:00,669.289803602954,0.0
06/19 22:00:00,638.0140064576776,0.0
06/19 23:00:00,572.7121513367053,0.0
06/20 00:00:00,568.7332213123556,0.0
06/20 01:00:00,570.5022714767067,0.0
06/20 02:00:00,560.3300077892669,0.0
06/20 03:00:00,569.0018905949014,0.0
06/20 04:00:00,565.7828753709065,4.0
06/20 05:00:00,650.5683015202709,85.72
06/20 06:00:00,726.7792076410592,228.73
06/20 07:00:00,1373.0307412081945,351.03
06/20 08:00:00,1351.144022957295,452.98
06/20 09:00:00,1324.0462628048078,546.93
06/20 10:00:00,1341.2837469234798,612.53
06/20 11:00:00,1261.5906736888203,710.22
06/20 12:00:00,1319.7464135909368,808.01
06/20 13:00:00,1302.3721387596836,780.21
06/20 14:00:00,1317.5624682882853,700.74
06/20 15:00:00,1344.149432897153,603.6
06/20 16:00:00,901.9814688790725,508.8
06/20 17:00:00,722.2554182854775,414.47
06/20 18:00:00,739.7685566689632,310.24
06/20 19:00:00,701.8613491060939,179.74
06/20 20:00:00,710.3079666754644,29.26
06/20 21:00:00,666.2876842765438,0.0
06/20 22:00:00,647.5522239893106,0.0
06/20 23:00:00,568.6879814865279,0.0
06/21 00:00:00,576.0310364530936,0.0
06/21 01:00:00,563.2411074210571,0.0
06/21 02:00:00,568.0597085895055,0.0
06/21 03:00:00,565.4184010490596,0.0
06/21 04:00:00,571.2576661238389,4.0
06/21 05:00:00,659.2062029548631,97.69
06/21 06:00:00,734.6222770956809,241.03
06/21 07:00:00,1399.8167878736137,315.39
06/21 08:00:00,1361.7885083959086,368.48
06/21 09:00:00,1309.8204461136934,556.43
06/21 10:00:00,1336.1660173374146,651.31
06/21 11:00:00,1277.8965930442835,746.51
06/21 12:00:00,1337.419499763454,756.74
06/21 13:00:00,1335.8610251796088,758.42
06/21 14:00:00,1341.2339933483183,699.4
06/21 15:00:00,1362.7042174847898,577.07
06/21 16:00:00,915.0005130859521,477.47
06/21 17:00:00,718.1864729713851,350.41
06/21 18:00:00,731.3064206591308,311.92
06/21 19:00:00,712.4017971315478,179.97
06/21 20:00:00,724.7916403590918,24.39
06/21 21:00:00,689.9569821357898,0.0
06/21 22:00:00,668.6849088726557,0.0
06/21 23:00:00,588.7921659063278,0.0
06/22 00:00:00,579.9856815420151,0.0
06/22 01:00:00,581.2737426380517,0.0
06/22 02:00:00,576.3935830868165,0.0
06/22 03:00:00,574.3117013133607,0.0
06/22 04:00:00,569.5507664201723,4.0
06/22 05:00:00,656.4521982142862,99.53
06/22 06:00:00,755.5569722063049,247.48
06/22 07:00:00,1430.1892368118765,359.4
06/22 08:00:00,1384.0122889398606,466.68
06/22 09:00:00,1303.5395308849616,560.9
06/22 10:00:00,1299.21475795899,655.63
06/22 11:00:00,1245.3524143031102,756.09
06/22 12:00:00,1324.9337524249906,825.5
06/22 13:00:00,1290.264938084189,796.73
06/22 14:00:00,1324.6751398722322,707.39
06/22 15:00:00,1364.0915988435477,618.18
06/22 16:00:00,931.6308179706305,514.39
06/22 17:00:00,744.5108580714455,383.78
06/22 18:00:00,748.8893590558689,275.19
06/22 19:00:00,712.708060618308,184.36
06/22 20:00:00,722.8948188610655,36.97
06/22 21:00:00,678.8270034105474,0.0
06/22 22:00:00,641.1792340435246,0.0
06/22 23:00:00,566.734026948366,0.0
06/23 00:00:00,575.6972909215866,0.0
06/23 01:00:00,571.4415432410649,0.0
06/23 02:00:00,575.7406062110282,0.0
06/23 03:00:00,570.1740230039292,0.0
06/23 04:00:00,587.5136821215615,4.0
06/23 05:00:00,658.722105329788,96.21
06/23 06:00:00,754.084862699772,248.15
06/23 07:00:00,1420.665332201104,362.92
06/23 08:00:00,1365.6330837028452,470.18
06/23 09:00:00,1305.591967229193,566.4
06/23 10:00:00,1349.1455071751243,668.69
06/23 11:00:00,1282.861923532098,771.74
06/23 12:00:00,1352.3648130304578,851.88
06/23 13:00:00,1333.0870165958238,824.38
06/23 14:00:00,1347.7147693287716,723.06
06/23 15:00:00,1357.3190887379233,626.16
06/23 16:00:00,914.7093546398185,523.79
06/23 17:00:00,729.5195983390016,425.94
06/23 18:00:00,744.9295545322905,320.78
06/23 19:00:00,719.6451789926903,184.71
06/23 20:00:00,738.3879822633805,39.07
06/23 21:00:00,692.8106863189167,0.0
06/23 22:00:00,651.9011680900991,0.0
06/23 23:00:00,526.3647475990549,0.0
06/24 00:00:00,522.3765319232919,0.0
06/24 01:00:00,528.7594417674966,0.0
06/24 02:00:00,519.7187950140102,0.0
06/24 03:00:00,526.6213428405908,0.0
06/24 04:00:00,520.5091448280424,4.0
06/24 05:00:00,679.6855239540855,98.75
06/24 06:00:00,680.7806282505347,247.5
06/24 07:00:00,835.8249801875409,360.58
06/24 08:00:00,811.8151592498557,468.72
06/24 09:00:00,781.1861258306186,566.44
06/24 10:00:00,796.3999803737332,665.73
06/24 11:00:00,617.1583336152692,771.41
06/24 12:00:00,606.5867378478586,852.63
06/24 13:00:00,614.9619445131648,817.98
06/24 14:00:00,611.6331179431236,717.54
06/24 15:00:00,613.0033869428105,621.09
06/24 16:00:00,548.6665897130058,517.08
06/24 17:00:00,553.2003426672755,392.89
06/24 18:00:00,514.2041049409685,276.93
06/24 19:00:00,514.2188101552101,183.83
06/24 20:00:00,519.7817478906674,36.15
06/24 21:00:00,527.8761191924027,0.0
06/24 22:00:00,528.7413450354321,0.0
06/24 23:00:00,525.0876484757082,0.0
06/25 00:00:00,528.665342772123,0.0
06/25 01:00:00,512.3177662745215,0.0
06/25 02:00:00,515.4005601601831,0.0
06/25 03:00:00,516.9496082551028,0.0
06/25 04:00:00,529.8571974271648,4.0
06/25 05:00:00,580.5297129301887,100.39
06/25 06:00:00,593.0139693814045,253.82
06/25 07:00:00,586.1685033670379,359.73
06/25 08:00:00,585.888579670564,469.75
06/25 09:00:00,579.3030143159496,490.0
06/25 10:00:00,586.6718482481243,590.31
06/25 11:00:00,582.8125792357206,652.12
06/25 12:00:00,584.4227606394534,642.93
06/25 13:00:00,581.2703110492507,664.15
06/25 14:00:00,590.648531534236,745.29
06/25 15:00:00,584.7625102779401,635.91
06/25 16:00:00,589.8277626955075,476.78
06/25 17:00:00,525.7351808933264,395.45
06/25 18:00:00,531.4186732067596,282.76
06/25 19:00:00,526.6270566284406,151.78
06/25 20:00:00,538.2406462556708,34.22
06/25 21:00:00,531.2017163719969,0.0
06/25 22:00:00,521.426764616525,0.0
06/25 23:00:00,586.6349998363154,0.0
06/26 00:00:00,595.33687256024,0.0
06/26 01:00:00,583.5833429902265,0.0
06/26 02:00:00,592.8029572814748,0.0
06/26 03:00:00,586.5125828309027,0.0
06/26 04:00:00,603.5754673714448,3.0
06/26 05:00:00,684.0276284589117,63.96
06/26 06:00:00,784.152643647053,192.46
06/26 07:00:00,1531.3063576034056,328.0
06/26 08:00:00,1490.914660409635,333.83
06/26 09:00:00,1486.951867239713,352.72
06/26 10:00:00,1469.9154352264284,663.81
06/26 11:00:00,1400.7143673069675,533.73
06/26 12:00:00,1504.2333625250023,324.11
06/26 13:00:00,1488.6284522437597,167.5
06/26 14:00:00,1509.2819008010006,114.65
06/26 15:00:00,1526.822214891191,87.49
06/26 16:00:00,1030.8615376910377,62.63
06/26 17:00:00,806.9794607791491,55.99
06/26 18:00:00,804.9995876150828,43.69
06/26 19:00:00,766.9618190040095,35.78
06/26 20:00:00,746.2431545757718,41.22
06/26 21:00:00,686.1781334861369,0.0
06/26 22:00:00,664.7933067660523,0.0
06/26 23:00:00,581.3705657217109,0.0
06/27 00:00:00,586.2227987320367,0.0
06/27 01:00:00,585.6613650325811,0.0
06/27 02:00:00,581.6063149588061,0.0
06/27 03:00:00,585.2888206826511,0.0
06/27 04:00:00,584.4187459517618,2.0
06/27 05:00:00,680.3039144429144,32.19
06/27 06:00:00,766.1880399934804,68.41
06/27 07:00:00,1464.2207005907605,152.04
06/27 08:00:00,1398.800302247019,435.86
06/27 09:00:00,1329.94120328777,373.4
06/27 10:00:00,1315.4036759087423,358.93
06/27 11:00:00,1296.8235514329417,458.01
06/27 12:00:00,1464.6106675517226,764.01
06/27 13:00:00,1434.301301844202,558.2
06/27 14:00:00,1432.7416561968132,637.71
06/27 15:00:00,1462.4742139185405,455.11
06/27 16:00:00,989.3149425370611,190.82
06/27 17:00:00,816.7481732348308,94.98
06/27 18:00:00,850.8663536399364,43.69
06/27 19:00:00,851.0786701065879,46.37
06/27 20:00:00,861.6492126201302,4.05
06/27 21:00:00,807.1892568122573,0.0
06/27 22:00:00,770.2997638077035,0.0
06/27 23:00:00,685.7367651341954,0.0
06/28 00:00:00,683.4860778345421,0.0
06/28 01:00:00,679.5049067118628,0.0
06/28 02:00:00,686.1690626239603,0.0
06/28 03:00:00,691.0953748958701,0.0
06/28 04:00:00,692.4131428661263,1.0
06/28 05:00:00,797.5942641929271,24.59
06/28 06:00:00,901.3942721411513,65.13
06/28 07:00:00,1663.3311823256076,273.61
06/28 08:00:00,1537.5722950901336,208.57
06/28 09:00:00,1491.7160812208178,361.09
06/28 10:00:00,1474.9217774364822,452.87
06/28 11:00:00,1401.088845277414,666.76
06/28 12:00:00,1489.0841102106724,625.22
06/28 13:00:00,1472.365847590027,838.72
06/28 14:00:00,1468.6151833020783,740.69
06/28 15:00:00,1486.8843861084058,636.39
06/28 16:00:00,1030.1844787502823,531.07
06/28 17:00:00,833.0695502873109,430.3
06/28 18:00:00,868.3626329442619,322.54
06/28 19:00:00,843.1387412916789,187.1
06/28 20:00:00,838.9742244504151,39.18
06/28 21:00:00,784.8765273894614,0.0
06/28 22:00:00,757.9121657837103,0.0
06/28 23:00:00,677.4010785481304,0.0
06/29 00:00:00,692.8661865695613,0.0
06/29 01:00:00,686.367942653128,0.0
06/29 02:00:00,690.6073785105203,0.0
06/29 03:00:00,688.9052751309686,0.0
06/29 04:00:00,700.3540160746472,3.0
06/29 05:00:00,800.7930454595889,81.94
06/29 06:00:00,888.9416209938737,230.69
06/29 07:00:00,1647.1429273221347,311.39
06/29 08:00:00,1553.3165952556042,293.23
06/29 09:00:00,1489.6541323462955,184.85
06/29 10:00:00,1469.486056921194,261.14
06/29 11:00:00,1413.2346412326165,186.12
06/29 12:00:00,1479.1741265692347,114.77
06/29 13:00:00,1484.1294580173856,177.37
06/29 14:00:00,1480.876678577137,194.78
06/29 15:00:00,1503.904729007274,132.97
06/29 16:00:00,1022.1585482250753,190.81
06/29 17:00:00,845.1561598079801,59.99
06/29 18:00:00,906.7446677582476,41.69
06/29 19:00:00,882.2990430335828,20.2
06/29 20:00:00,846.004019891504,3.05
06/29 21:00:00,789.0109935069949,0.0
06/29 22:00:00,759.6811601056141,0.0
06/29 23:00:00,683.6686706710927,0.0
06/30 00:00:00,688.8076558778876,0.0
06/30 01:00:00,688.5670910134265,0.0
06/30 02:00:00,686.7501277794855,0.0
06/30 03:00:00,687.144321543687,0.0
06/30 04:00:00,699.4411458475487,2.0
06/30 05:00:00,798.5484702281436,72.29
06/30 06:00:00,903.3762801118113,185.03
06/30 07:00:00,1704.9029886274961,178.43
06/30 08:00:00,1579.7834061648134,445.46
06/30 09:00:00,1471.70534012687,435.02
06/30 10:00:00,1471.8912931586517,439.48
06/30 11:00:00,1394.1122190715744,393.04
06/30 12:00:00,1480.6591865256214,487.34
06/30 13:00:00,1450.8734081171651,798.18
06/30 14:00:00,1441.479578552016,734.64
06/30 15:00:00,1458.9929779987806,630.06
06/30 16:00:00,996.3857479559329,515.61
06/30 17:00:00,815.9860998122634,427.19
06/30 18:00:00,840.1938550391761,312.99
06/30 19:00:00,822.0179194284059,172.89
06/30 20:00:00,832.8064588919234,24.08
06/30 21:00:00,789.8825111841118,0.0
06/30 22:00:00,753.8132623599669,0.0
06/30 23:00:00,742.5664746841231,0.0
07/01 00:00:00,743.9032459746713,0.0
07/01 01:00:00,739.6448502234931,0.0
07/01 02:00:00,731.6122106144577,0.0
07/01 03:00:00,732.8462726740966,0.0
07/01 04:00:00,734.7503983815004,4.0
07/01 05:00:00,916.6873555955968,80.4
07/01 06:00:00,914.2990001773211,258.64
07/01 07:00:00,1083.629659586895,384.97
07/01 08:00:00,1053.9138211260117,489.02
07/01 09:00:00,979.3298643733981,585.24
07/01 10:00:00,989.3393835774405,686.1
07/01 11:00:00,789.7085049470569,703.68
07/01 12:00:00,787.2322059501784,719.02
07/01 13:00:00,779.7164113695646,736.87
07/01 14:00:00,773.6283966503971,740.17
07/01 15:00:00,787.479068747981,639.73
07/01 16:00:00,725.5814164985326,543.86
07/01 17:00:00,749.081823103444,440.73
07/01 18:00:00,720.8517322387955,326.81
07/01 19:00:00,729.1710601549878,189.53
07/01 20:00:00,736.5286810636411,33.88
07/01 21:00:00,733.5835534923675,0.0
07/01 22:00:00,732.5360325343023,0.0
07/01 23:00:00,741.1964154083321,0.0
07/02 00:00:00,738.8215488836722,0.0
07/02 01:00:00,732.8536661012141,0.0
07/02 02:00:00,738.6999651871855,0.0
07/02 03:00:00,738.3218130361059,0.0
07/02 04:00:00,739.3761261490037,5.0
07/02 05:00:00,807.0675952972166,92.26
07/02 06:00:00,812.6585993018658,254.43
07/02 07:00:00,814.4416461469374,381.74
07/02 08:00:00,806.2951233655883,484.77
07/02 09:00:00,804.2828443331813,584.67
07/02 10:00:00,800.8260936166939,684.23
07/02 11:00:00,804.3498671899094,780.25
07/02 12:00:00,802.3878251590934,742.58
07/02 13:00:00,798.0820421978767,828.05
07/02 14:00:00,805.8905359934568,735.49
07/02 15:00:00,806.2202001422701,636.83
07/02 16:00:00,824.6862661653607,544.31
07/02 17:00:00,752.0354793781846,441.98
07/02 18:00:00,748.7845456032381,328.58
07/02 19:00:00,747.7291183421615,192.33
07/02 20:00:00,750.5517702562867,33.74
07/02 21:00:00,746.0993638169837,0.0
07/02 22:00:00,731.0988158035882,0.0
07/02 23:00:00,815.898171994058,0.0
07/03 00:00:00,815.7185771354219,0.0
07/03 01:00:00,809.6822114113232,0.0
07/03 02:00:00,808.248744408364,0.0
07/03 03:00:00,807.0955088567081,0.0
07/03 04:00:00,816.8444438302105,5.0
07/03 05:00:00,916.7824913779903,91.61
07/03 06:00:00,1039.3444433741713,254.45
07/03 07:00:00,1849.7852728410212,381.47
07/03 08:00:00,1819.6847721236647,485.94
07/03 09:00:00,1800.604548304179,588.61
07/03 10:00:00,1798.7961982613192,687.72
07/03 11:00:00,1711.199071622845,796.18
07/03 12:00:00,1800.503769150266,863.04
07/03 13:00:00,1784.518039540438,843.18
07/03 14:00:00,1798.608653248321,740.92
07/03 15:00:00,1827.8841380074007,640.27
07/03 16:00:00,1286.3576488842364,544.71
07/03 17:00:00,1031.3941192696516,440.23
07/03 18:00:00,1026.5293093361877,327.29
07/03 19:00:00,978.1221232401068,189.89
07/03 20:00:00,981.5651025622049,32.58
07/03 21:00:00,939.1670056675998,0.0
07/03 22:00:00,897.8262357395147,0.0
07/03 23:00:00,743.4060651006123,0.0
07/04 00:00:00,746.5432007817832,0.0
07/04 01:00:00,748.311992016769,0.0
07/04 02:00:00,742.626798255348,0.0
07/04 03:00:00,740.9541156367331,0.0
07/04 04:00:00,746.3004094974764,4.0
07/04 05:00:00,806.0261108509999,88.83
07/04 06:00:00,796.7483907868492,251.18
07/04 07:00:00,779.1199408229083,378.15
07/04 08:00:00,740.8872903364907,480.44
07/04 09:00:00,696.6801962692983,580.36
07/04 10:00:00,681.5551226407003,646.57
07/04 11:00:00,696.580950898283,769.46
07/04 12:00:00,697.3038792391084,834.54
07/04 13:00:00,696.0943226755777,789.6
07/04 14:00:00,691.9060763074713,725.09
07/04 15:00:00,705.5302810443346,592.81
07/04 16:00:00,720.0817854683512,504.96
07/04 17:00:00,687.3422788451554,409.8
07/04 18:00:00,718.2833000209713,324.6
07/04 19:00:00,731.1926539370139,186.41
07/04 20:00:00,749.5112667363717,31.35
07/04 21:00:00,737.1115422332346,0.0
07/04 22:00:00,747.4026178995153,0.0
07/04 23:00:00,822.8134805070393,0.0
07/05 00:00:00,831.588885420699,0.0
07/05 01:00:00,833.955507915991,0.0
07/05 02:00:00,834.448190449723,0.0
07/05 03:00:00,822.740371183393,0.0
07/05 04:00:00,826.9992619955633,3.0
07/05 05:00:00,919.105356442907,80.04
07/05 06:00:00,1029.661212791895,248.88
07/05 07:00:00,1862.1954476373478,375.8
07/05 08:00:00,1739.9865795369956,453.52
07/05 09:00:00,1575.2192435317404,475.03
07/05 10:00:00,1567.880388533597,306.18
07/05 11:00:00,1477.2519893883284,242.18
07/05 12:00:00,1559.2340323185858,394.97
07/05 13:00:00,1554.1402346689072,473.84
07/05 14:00:00,1539.9943724425896,697.68
07/05 15:00:00,1565.6087494601923,610.15
07/05 16:00:00,1121.194284890922,364.19
07/05 17:00:00,936.7419652526725,185.28
07/05 18:00:00,987.7770652330696,67.72
07/05 19:00:00,954.6269258921164,42.15
07/05 20:00:00,976.9466403895487,6.1
07/05 21:00:00,950.6777773924719,0.0
07/05 22:00:00,924.9996825431826,0.0
07/05 23:00:00,825.3255318856183,0.0
07/06 00:00:00,844.0812984711541,0.0
07/06 01:00:00,837.2096524299211,0.0
07/06 02:00:00,845.7579398931016,0.0
07/06 03:00:00,836.8962570853857,0.0
07/06 04:00:00,846.7327044165685,1.0
07/06 05:00:00,958.0546244900246,18.32
07/06 06:00:00,1066.2226139475445,71.81
07/06 07:00:00,1849.0694744297084,96.85
07/06 08:00:00,1729.5625766413295,178.36
07/06 09:00:00,1622.3489311652438,206.49
07/06 10:00:00,1609.7998198877062,192.23
07/06 11:00:00,1520.9134766945529,158.39
07/06 12:00:00,1577.5955499703687,156.51
07/06 13:00:00,1582.7762274005263,130.61
07/06 14:00:00,1597.3154226305633,202.58
07/06 15:00:00,1617.182886085714,295.42
07/06 16:00:00,1151.537093665251,410.25
07/06 17:00:00,929.6647704879607,395.12
07/06 18:00:00,968.830923065348,286.42
07/06 19:00:00,950.7391992722031,165.32
07/06 20:00:00,961.8638548440983,26.93
07/06 21:00:00,922.3749207772648,0.0
07/06 22:00:00,897.5881243200778,0.0
07/06 23:00:00,847.7683794866341,0.0
07/07 00:00:00,850.5073054848883,0.0
07/07 01:00:00,858.5572621910296,0.0
07/07 02:00:00,849.0456149410116,0.0
07/07 03:00:00,845.8227448186469,0.0
07/07 04:00:00,853.0716186721462,1.0
07/07 05:00:00,957.4839629683526,45.3
07/07 06:00:00,1049.5607882818033,165.21
07/07 07:00:00,1878.0906031866227,358.43
07/07 08:00:00,1733.3376582209385,471.58
07/07 09:00:00,1591.3633688392702,548.51
07/07 10:00:00,1578.164458829538,510.9
07/07 11:00:00,1507.6791443599927,329.39
07/07 12:00:00,1594.8686501470802,634.59
07/07 13:00:00,1574.9570747573603,667.26
07/07 14:00:00,1583.257022068557,713.19
07/07 15:00:00,1619.066845916202,626.29
07/07 16:00:00,1166.5793024332997,530.55
07/07 17:00:00,969.3601302144591,431.89
07/07 18:00:00,1005.438785530647,263.62
07/07 19:00:00,985.9448107045368,179.72
07/07 20:00:00,997.2038612221307,26.42
07/07 21:00:00,942.4493326314981,0.0
07/07 22:00:00,929.4721277539722,0.0
07/07 23:00:00,775.2853784705546,0.0
07/08 00:00:00,777.7929808426137,0.0
07/08 01:00:00,771.107970394416,0.0
07/08 02:00:00,767.6446425968211,0.0
07/08 03:00:00,761.9853415302745,0.0
07/08 04:00:00,764.3050272948271,1.0
07/08 05:00:00,967.4360424259478,37.57
07/08 06:00:00,949.2740996546211,48.01
07/08 07:00:00,1103.6342720249093,128.45
07/08 08:00:00,1032.950172312146,436.1
07/08 09:00:00,985.0611506845952,543.1
07/08 10:00:00,997.7851556220146,565.86
07/08 11:00:00,792.7132417689768,562.53
07/08 12:00:00,790.2335569453323,405.22
07/08 13:00:00,796.439646596914,239.55
07/08 14:00:00,802.2975266755803,94.64
07/08 15:00:00,805.8371394345722,94.48
07/08 16:00:00,727.8437325724435,208.88
07/08 17:00:00,681.0786410320923,97.45
07/08 18:00:00,649.3545553851766,17.0
07/08 19:00:00,668.332125501363,15.19
07/08 20:00:00,674.7041293007379,6.09
07/08 21:00:00,661.4352560217985,0.0
07/08 22:00:00,654.7401895060515,0.0
07/08 23:00:00,651.158032335882,0.0
07/09 00:00:00,651.2472263182415,0.0
07/09 01:00:00,651.9397805544053,0.0
07/09 02:00:00,650.0411636033973,0.0
07/09 03:00:00,646.9924504977057,0.0
07/09 04:00:00,638.6342076053294,0.0
07/09 05:00:00,691.730913896341,16.3
07/09 06:00:00,698.1512056255425,53.25
07/09 07:00:00,693.926609774703,135.63
07/09 08:00:00,703.4957371228093,423.75
07/09 09:00:00,697.2073500170092,376.45
07/09 10:00:00,700.9844319588224,441.82
07/09 11:00:00,697.0866491773643,578.07
07/09 12:00:00,694.0084206144098,645.26
07/09 13:00:00,693.9119217064043,821.6
07/09 14:00:00,696.6635938296037,695.89
07/09 15:00:00,702.7664772201902,613.78
07/09 16:00:00,717.8549595744331,540.52
07/09 17:00:00,661.6081670548699,268.31
07/09 18:00:00,661.4322925116279,87.06
07/09 19:00:00,666.293213277838,184.21
07/09 20:00:00,659.1983892866324,26.05
07/09 21:00:00,650.8888325528347,0.0
07/09 22:00:00,635.7036159403716,0.0
07/09 23:00:00,706.0166719706073,0.0
07/10 00:00:00,709.0224964873895,0.0
07/10 01:00:00,715.2035385232247,0.0
07/10 02:00:00,710.673745129201,0.0
07/10 03:00:00,711.1639536446048,0.0
07/10 04:00:00,721.4118964784409,1.0
07/10 05:00:00,807.9397770442417,23.69
07/10 06:00:00,929.741703956279,87.45
07/10 07:00:00,1648.395566376543,252.37
07/10 08:00:00,1597.9350105931464,273.3
07/10 09:00:00,1572.5849304358046,169.38
07/10 10:00:00,1579.2877178261815,450.95
07/10 11:00:00,1525.7173151553395,334.98
07/10 12:00:00,1571.2325454935706,664.15
07/10 13:00:00,1541.1360573311185,690.42
07/10 14:00:00,1561.863851154114,519.63
07/10 15:00:00,1593.5491521680335,220.58
07/10 16:00:00,1109.9737210532262,153.99
07/10 17:00:00,891.2756863503104,379.57
07/10 18:00:00,886.8699571532072,286.76
07/10 19:00:00,857.815876292875,102.2
07/10 20:00:00,858.4274028515398,12.5
07/10 21:00:00,809.4355317408659,0.0
07/10 22:00:00,790.4535036718188,0.0
07/10 23:00:00,706.5950218831117,0.0
07/11 00:00:00,716.4335509466447,0.0
07/11 01:00:00,720.0503398749978,0.0
07/11 02:00:00,715.5756950136965,0.0
07/11 03:00:00,707.9299445041056,0.0
07/11 04:00:00,717.085342919258,0.0
07/11 05:00:00,808.0544726358579,30.36
07/11 06:00:00,891.9752325831679,129.39
07/11 07:00:00,1596.4088680750785,188.88
07/11 08:00:00,1517.5699998435077,176.23
07/11 09:00:00,1420.735017582021,166.37
07/11 10:00:00,1418.7888024329436,185.41
07/11 11:00:00,1347.2406719377955,400.35
07/11 12:00:00,1423.4120761750844,300.47
07/11 13:00:00,1406.9662149170927,197.06
07/11 14:00:00,1403.197167630377,133.46
07/11 15:00:00,1429.0390890598244,183.89
07/11 16:00:00,1009.7715741618232,140.73
07/11 17:00:00,835.2656883015532,42.49
07/11 18:00:00,885.9491130170131,35.34
07/11 19:00:00,840.2611875210805,16.18
07/11 20:00:00,844.3418578267621,1.0
07/11 21:00:00,783.0156948033919,0.0
07/11 22:00:00,767.8407861705251,0.0
07/11 23:00:00,704.3450879537132,0.0
07/12 00:00:00,703.3226264150554,0.0
07/12 01:00:00,716.636073067126,0.0
07/12 02:00:00,713.5905558921266,0.0
07/12 03:00:00,700.9990468277142,0.0
07/12 04:00:00,708.636434309963,0.0
07/12 05:00:00,797.8509167814829,17.38
07/12 06:00:00,888.4076447384142,91.34
07/12 07:00:00,1562.5610598687879,89.38
07/12 08:00:00,1487.1610564354005,119.25
07/12 09:00:00,1430.7710973397664,223.04
07/12 10:00:00,1427.008914248437,517.38
07/12 11:00:00,1368.1277202990639,516.02
07/12 12:00:00,1447.4340866118184,766.74
07/12 13:00:00,1441.8590203183346,569.88
07/12 14:00:00,1431.1786641916312,631.21
07/12 15:00:00,1460.2240948737692,622.58
07/12 16:00:00,1033.397857334525,533.05
07/12 17:00:00,852.4507506828871,376.2
07/12 18:00:00,883.0941331685459,221.57
07/12 19:00:00,858.6823361886508,60.12
07/12 20:00:00,872.7581059597056,12.69
07/12 21:00:00,790.4678601286271,0.0
07/12 22:00:00,768.4150513781343,0.0
07/12 23:00:00,712.3205088187641,0.0
07/13 00:00:00,719.9774068330031,0.0
07/13 01:00:00,712.7922957138247,0.0
07/13 02:00:00,697.0782196696346,0.0
07/13 03:00:00,702.7062149357934,0.0
07/13 04:00:00,713.0504498815834,0.0
07/13 05:00:00,795.0662015493165,18.37
07/13 06:00:00,903.1317163520288,46.97
07/13 07:00:00,1600.2891620484852,96.15
07/13 08:00:00,1545.105773499434,205.1
07/13 09:00:00,1440.8458989460094,355.07
07/13 10:00:00,1443.1604130593005,397.89
07/13 11:00:00,1379.9641395383471,436.34
07/13 12:00:00,1449.8857219630315,450.31
07/13 13:00:00,1452.4647976293136,474.52
07/13 14:00:00,1473.480867270048,473.13
07/13 15:00:00,1473.1717650252249,369.74
07/13 16:00:00,1035.5033202607476,240.6
07/13 17:00:00,872.9219083526528,196.94
07/13 18:00:00,919.1228869815671,54.0
07/13 19:00:00,887.1537218245104,13.18
07/13 20:00:00,881.6528305239154,2.04
07/13 21:00:00,792.4133489174536,0.0
07/13 22:00:00,773.1773210557071,0.0
07/13 23:00:00,712.415672076944,0.0
07/14 00:00:00,711.571199715452,0.0
07/14 01:00:00,717.2256781567573,0.0
07/14 02:00:00,705.2186445335394,0.0
07/14 03:00:00,706.3018789099385,0.0
07/14 04:00:00,716.9338453834421,1.0
07/14 05:00:00,793.7403377061563,9.09
07/14 06:00:00,913.5984732311906,41.96
07/14 07:00:00,1564.994320594878,222.65
07/14 08:00:00,1500.7967513240446,446.56
07/14 09:00:00,1423.92541751692,486.37
07/14 10:00:00,1453.1323475690115,667.65
07/14 11:00:00,1386.6925497803998,686.98
07/14 12:00:00,1456.9865274204408,838.43
07/14 13:00:00,1453.0763170338,817.64
07/14 14:00:00,1431.4144865706942,729.44
07/14 15:00:00,1448.0296939754066,610.09
07/14 16:00:00,1031.26935095318,537.66
07/14 17:00:00,853.1756648048206,334.95
07/14 18:00:00,890.1263203053718,308.46
07/14 19:00:00,857.2052108854186,161.52
07/14 20:00:00,875.9103946195996,19.86
07/14 21:00:00,806.8171074451042,0.0
07/14 22:00:00,777.8678695375742,0.0
07/14 23:00:00,638.6651127520454,0.0
07/15 00:00:00,645.7536045080806,0.0
07/15 01:00:00,663.6695482610858,0.0
07/15 02:00:00,655.4453126865787,0.0
07/15 03:00:00,636.9549946943661,0.0
07/15 04:00:00,638.7187613156601,1.0
07/15 05:00:00,801.7682377855729,65.69
07/15 06:00:00,798.7884665190578,234.95
07/15 07:00:00,962.5447591991933,365.75
07/15 08:00:00,939.0571857377189,472.62
07/15 09:00:00,888.6069636035804,575.49
07/15 10:00:00,877.8927663386428,662.84
07/15 11:00:00,710.684520200894,601.76
07/15 12:00:00,716.3181940869918,741.29
07/15 13:00:00,724.4000262460708,527.47
07/15 14:00:00,725.1016173288248,454.16
07/15 15:00:00,733.276904477751,176.85
07/15 16:00:00,683.103356651835,130.09
07/15 17:00:00,703.7047834348223,212.13
07/15 18:00:00,668.345538361254,162.2
07/15 19:00:00,673.4944236366383,104.18
07/15 20:00:00,672.190625537823,11.71
07/15 21:00:00,674.9117427946878,0.0
07/15 22:00:00,671.3613790729524,0.0
07/15 23:00:00,655.438527278296,0.0
07/16 00:00:00,663.3077248653863,0.0
07/16 01:00:00,667.1780181274969,0.0
07/16 02:00:00,668.7928530887916,0.0
07/16 03:00:00,663.5938496462534,0.0
07/16 04:00:00,668.0417116054388,0.0
07/16 05:00:00,731.8390222200632,5.09
07/16 06:00:00,723.3283852166119,20.23
07/16 07:00:00,715.2919604758466,98.1
07/16 08:00:00,706.7507139608815,205.47
07/16 09:00:00,701.6046774553872,414.22
07/16 10:00:00,703.0881128289353,537.61
07/16 11:00:00,716.807579336566,487.88
07/16 12:00:00,715.2987854576292,308.94
07/16 13:00:00,716.3869173394277,577.56
07/16 14:00:00,725.3976384419548,571.47
07/16 15:00:00,739.9780724759446,504.21
07/16 16:00:00,748.802559487578,227.4
07/16 17:00:00,695.4618592372804,398.77
07/16 18:00:00,689.7286982561117,188.54
07/16 19:00:00,681.4549044858708,21.35
07/16 20:00:00,672.0105958597061,17.49
07/16 21:00:00,660.6245498084804,0.0
07/16 22:00:00,653.0235057908332,0.0
07/16 23:00:00,715.2267598627876,0.0
07/17 00:00:00,731.6267511468726,0.0
07/17 01:00:00,729.4577870561458,0.0
07/17 02:00:00,729.7662413853016,0.0
07/17 03:00:00,729.8355416181985,0.0
07/17 04:00:00,738.22699578267,0.0
07/17 05:00:00,832.1867569326057,58.69
07/17 06:00:00,945.911107798372,177.79
07/17 07:00:00,1677.8501568456059,355.9
07/17 08:00:00,1640.2495638787389,343.24
07/17 09:00:00,1603.253018521952,383.51
07/17 10:00:00,1611.7360655570205,668.77
07/17 11:00:00,1556.923691537027,758.01
07/17 12:00:00,1650.874972798536,823.5
07/17 13:00:00,1631.7192160326474,812.87
07/17 14:00:00,1648.361372561822,693.67
07/17 15:00:00,1682.1583218567478,616.67
07/17 16:00:00,1196.057517603891,528.71
07/17 17:00:00,931.8796553697756,425.92
07/17 18:00:00,930.384356589388,309.81
07/17 19:00:00,889.0857798430152,150.83
07/17 20:00:00,897.4056461866401,15.08
07/17 21:00:00,798.4277081085066,0.0
07/17 22:00:00,768.2820121175881,0.0
07/17 23:00:00,703.2521516328497,0.0
07/18 00:00:00,717.8112440023724,0.0
07/18 01:00:00,732.7774684498371,0.0
07/18 02:00:00,714.9646510844083,0.0
07/18 03:00:00,709.9727622122912,0.0
07/18 04:00:00,721.2084937080073,0.0
07/18 05:00:00,804.105038580176,18.56
07/18 06:00:00,928.6939969894031,128.77
07/18 07:00:00,1582.107474603277,249.81
07/18 08:00:00,1513.1427407785122,371.01
07/18 09:00:00,1653.1076463451225,488.9
07/18 10:00:00,1635.1556524988973,417.2
07/18 11:00:00,1546.8698944283483,303.96
07/18 12:00:00,1619.6181074300666,264.1
07/18 13:00:00,1599.7548538202004,239.42
07/18 14:00:00,1607.0539714389913,100.62
07/18 15:00:00,1651.7625132326243,127.91
07/18 16:00:00,1166.369986341537,108.45
07/18 17:00:00,965.3027840440027,72.43
07/18 18:00:00,1003.1064976211868,70.95
07/18 19:00:00,980.2692925984973,22.34
07/18 20:00:00,1004.7906987530463,8.31
07/18 21:00:00,924.4064299979417,0.0
07/18 22:00:00,899.3112220608559,0.0
07/18 23:00:00,821.7926196228175,0.0
07/19 00:00:00,830.7125711613537,0.0
07/19 01:00:00,854.6771520660479,0.0
07/19 02:00:00,837.3211464790455,0.0
07/19 03:00:00,828.765608778355,0.0
07/19 04:00:00,842.3938322769054,0.0
07/19 05:00:00,944.0461034985284,6.08
07/19 06:00:00,1090.368410342789,13.23
07/19 07:00:00,1900.9696221541071,39.38
07/19 08:00:00,1752.5307756931722,49.53
07/19 09:00:00,1665.639427568415,85.31
07/19 10:00:00,1657.6657341710602,126.28
07/19 11:00:00,1539.3932297182985,214.47
07/19 12:00:00,1634.224841432383,299.11
07/19 13:00:00,1627.28754169023,207.84
07/19 14:00:00,1624.1335931371227,120.42
07/19 15:00:00,1670.4059187074333,73.72
07/19 16:00:00,1192.8305873386707,104.83
07/19 17:00:00,998.8882885535807,196.54
07/19 18:00:00,1022.8377177463549,45.65
07/19 19:00:00,988.7307991945866,42.36
07/19 20:00:00,1009.5915667071101,2.02
07/19 21:00:00,936.0383505512589,0.0
07/19 22:00:00,922.5739631492112,0.0
07/19 23:00:00,846.4432233069668,0.0
07/20 00:00:00,849.2217039363853,0.0
07/20 01:00:00,860.4760663826963,0.0
07/20 02:00:00,851.9575601019169,0.0
07/20 03:00:00,849.4519075929774,0.0
07/20 04:00:00,864.6350444474414,0.0
07/20 05:00:00,951.8360673087111,50.69
07/20 06:00:00,1069.2347387937434,72.83
07/20 07:00:00,1874.2621071201813,76.89
07/20 08:00:00,1740.2753650171342,190.6
07/20 09:00:00,1628.2716447449352,378.78
07/20 10:00:00,1624.0272643683354,639.38
07/20 11:00:00,1554.2492974867303,616.65
07/20 12:00:00,1646.4984352889396,757.84
07/20 13:00:00,1635.6416528071525,787.43
07/20 14:00:00,1631.4829859119861,713.31
07/20 15:00:00,1670.447747577535,615.18
07/20 16:00:00,1099.3904987594317,465.81
07/20 17:00:00,867.6905642833801,357.92
07/20 18:00:00,878.7007165670069,305.73
07/20 19:00:00,853.3598937449099,158.71
07/20 20:00:00,860.208037839557,15.0
07/20 21:00:00,791.8394325469274,0.0
07/20 22:00:00,778.453576749596,0.0
07/20 23:00:00,712.8194438712585,0.0
07/21 00:00:00,718.449602821099,0.0
07/21 01:00:00,720.754361282739,0.0
07/21 02:00:00,718.5409311571336,0.0
07/21 03:00:00,714.064185592956,0.0
07/21 04:00:00,726.3824835858046,0.0
07/21 05:00:00,807.7306570659518,53.68
07/21 06:00:00,925.3290903725285,221.98
07/21 07:00:00,1656.2226239186102,354.51
07/21 08:00:00,1635.4490295430896,445.77
07/21 09:00:00,1588.5004515514038,277.75
07/21 10:00:00,1600.3643906053749,317.49
07/21 11:00:00,1516.9916373355588,387.94
07/21 12:00:00,1577.7553497217593,740.76
07/21 13:00:00,1588.4814589401772,726.45
07/21 14:00:00,1579.4816201310946,708.05
07/21 15:00:00,1589.8953826583777,504.34
07/21 16:00:00,1112.8852922187937,395.88
07/21 17:00:00,891.274074686758,384.07
07/21 18:00:00,891.5941335420714,202.12
07/21 19:00:00,853.6467703739643,94.0
07/21 20:00:00,869.5937938822674,10.18
07/21 21:00:00,788.2683665884917,0.0
07/21 22:00:00,759.0215286924114,0.0
07/21 23:00:00,632.4425585920253,0.0
07/22 00:00:00,630.9274813486184,0.0
07/22 01:00:00,641.6108454820496,0.0
07/22 02:00:00,639.9213008549035,0.0
07/22 03:00:00,629.1529574587703,0.0
07/22 04:00:00,635.1115207836413,0.0
07/22 05:00:00,800.546131241366,45.2
07/22 06:00:00,801.2493176007022,212.12
07/22 07:00:00,959.4285478169887,297.23
07/22 08:00:00,956.8398521891249,443.56
07/22 09:00:00,920.2246777365015,548.86
07/22 10:00:00,919.6757874916185,613.41
07/22 11:00:00,741.5381916386208,737.07
07/22 12:00:00,742.3750421948112,804.27
07/22 13:00:00,746.0807706299971,707.51
07/22 14:00:00,744.9001242065211,691.9
07/22 15:00:00,754.2195699063308,546.2
07/22 16:00:00,687.6251617279339,521.7
07/22 17:00:00,697.8221847547584,417.79
07/22 18:00:00,644.6628055679003,301.88
07/22 19:00:00,649.3836693964508,134.68
07/22 20:00:00,647.1092749523154,12.32
07/22 21:00:00,654.3826659909973,0.0
07/22 22:00:00,650.7237326058547,0.0
07/22 23:00:00,626.9439944125295,0.0
07/23 00:00:00,636.0491665087607,0.0
07/23 01:00:00,639.1123005328134,0.0
07/23 02:00:00,639.7248470321609,0.0
07/23 03:00:00,638.0210165391545,0.0
07/23 04:00:00,640.6805732753235,0.0
07/23 05:00:00,699.235419085949,30.18
07/23 06:00:00,710.516428825173,152.83
07/23 07:00:00,706.9241047082023,348.0
07/23 08:00:00,695.8966410599146,449.36
07/23 09:00:00,696.602150284477,386.35
07/23 10:00:00,695.9722896804445,366.64
07/23 11:00:00,692.8234173080592,672.95
07/23 12:00:00,687.88576198829,797.45
07/23 13:00:00,691.3485060113308,791.35
07/23 14:00:00,702.8879886239225,702.92
07/23 15:00:00,714.4239046324896,604.29
07/23 16:00:00,721.181425477434,523.19
07/23 17:00:00,675.3119004577841,419.0
07/23 18:00:00,671.9196036335961,300.9
07/23 19:00:00,678.6520571636435,151.05
07/23 20:00:00,680.1884059056623,12.01
07/23 21:00:00,671.0486647276267,0.0
07/23 22:00:00,665.9025016236956,0.0
07/23 23:00:00,726.5106813540053,0.0
07/24 00:00:00,727.789890554431,0.0
07/24 01:00:00,716.8674941669499,0.0
07/24 02:00:00,721.5972534753531,0.0
07/24 03:00:00,713.2111635615818,0.0
07/24 04:00:00,725.8723526339471,0.0
07/24 05:00:00,799.9540504645463,22.27
07/24 06:00:00,917.6734821700352,129.36
07/24 07:00:00,1634.4594851217305,253.08
07/24 08:00:00,1619.925845845435,227.74
07/24 09:00:00,1601.9048788157659,204.34
07/24 10:00:00,1583.3753757354787,360.26
07/24 11:00:00,1588.0101067208639,718.99
07/24 12:00:00,1648.469409516328,781.13
07/24 13:00:00,1633.9397816765168,760.89
07/24 14:00:00,1641.119797197944,654.48
07/24 15:00:00,1655.4377499564814,604.11
07/24 16:00:00,1181.6710321496696,506.93
07/24 17:00:00,946.6378124100412,345.16
07/24 18:00:00,934.4148168581228,262.13
07/24 19:00:00,893.8318817993049,28.63
07/24 20:00:00,893.7368489077749,1.01
07/24 21:00:00,808.3855515601797,0.0
07/24 22:00:00,790.1085113744047,0.0
07/24 23:00:00,722.6447238005176,0.0
07/25 00:00:00,727.8398420718828,0.0
07/25 01:00:00,734.5041838143537,0.0
07/25 02:00:00,717.3258795131807,0.0
07/25 03:00:00,707.3793766625719,0.0
07/25 04:00:00,721.1387597610766,0.0
07/25 05:00:00,815.6455774047365,7.12
07/25 06:00:00,919.3442517774043,19.21
07/25 07:00:00,1605.985032893295,56.1
07/25 08:00:00,1518.221285567769,129.11
07/25 09:00:00,1491.0930193195886,133.22
07/25 10:00:00,1665.7733518344617,175.24
07/25 11:00:00,1618.5940059972509,132.46
07/25 12:00:00,1705.3971360544,224.67
07/25 13:00:00,1675.8848979233455,196.91
07/25 14:00:00,1685.5511686010002,114.59
07/25 15:00:00,1604.1130158534545,419.04
07/25 16:00:00,1072.068983274981,150.79
07/25 17:00:00,875.667387502039,386.24
07/25 18:00:00,896.3785948521416,266.55
07/25 19:00:00,866.1447235110352,146.75
07/25 20:00:00,885.0098911963667,9.46
07/25 21:00:00,820.0941815659562,0.0
07/25 22:00:00,784.8079530710221,0.0
07/25 23:00:00,708.4811334455263,0.0
07/26 00:00:00,717.9977999798963,0.0
07/26 01:00:00,718.4451802103815,0.0
07/26 02:00:00,727.3994727754979,0.0
07/26 03:00:00,705.4607961258916,0.0
07/26 04:00:00,724.2646061661835,0.0
07/26 05:00:00,809.9836870643556,14.52
07/26 06:00:00,884.6045502454187,92.39
07/26 07:00:00,1539.7062192864132,267.4
07/26 08:00:00,1496.8146098173222,220.98
07/26 09:00:00,1464.844017497544,543.84
07/26 10:00:00,1448.0560751586886,268.16
07/26 11:00:00,1368.422459672753,527.76
07/26 12:00:00,1439.477634216381,519.99
07/26 13:00:00,1419.6641860203151,447.51
07/26 14:00:00,1446.1231761795998,523.6
07/26 15:00:00,1465.9129061123463,576.66
07/26 16:00:00,1034.591285035924,374.97
07/26 17:00:00,848.239580491665,406.97
07/26 18:00:00,861.0185924221951,273.36
07/26 19:00:00,835.9793868094571,142.93
07/26 20:00:00,851.3285678968556,10.22
07/26 21:00:00,796.534115321211,0.0
07/26 22:00:00,771.6962137881337,0.0
07/26 23:00:00,691.9142039431364,0.0
07/27 00:00:00,700.731886939466,0.0
07/27 01:00:00,696.2877424573433,0.0
07/27 02:00:00,690.3900316581888,0.0
07/27 03:00:00,704.5835722527275,0.0
07/27 04:00:00,698.907424479668,0.0
07/27 05:00:00,786.7371887395318,28.11
07/27 06:00:00,877.3575783604438,195.09
07/27 07:00:00,1543.9453237029868,333.39
07/27 08:00:00,1502.5164411648811,365.56
07/27 09:00:00,1426.8354244079296,457.03
07/27 10:00:00,1426.784673467421,647.18
07/27 11:00:00,1374.1784373617418,610.14
07/27 12:00:00,1469.4442535392564,789.5
07/27 13:00:00,1449.914397363321,599.06
07/27 14:00:00,1428.8025303214795,521.35
07/27 15:00:00,1453.4223241895497,606.61
07/27 16:00:00,1029.9536237372597,514.84
07/27 17:00:00,836.1718578722514,388.86
07/27 18:00:00,851.5182070307875,247.16
07/27 19:00:00,804.8563746326918,58.45
07/27 20:00:00,832.1520046812674,16.01
07/27 21:00:00,798.9237297152368,0.0
07/27 22:00:00,778.3676870277399,0.0
07/27 23:00:00,709.2827070130242,0.0
07/28 00:00:00,698.4383799540173,0.0
07/28 01:00:00,715.9634750453038,0.0
07/28 02:00:00,704.1243708721777,0.0
07/28 03:00:00,714.4210684352782,0.0
07/28 04:00:00,707.0242374507903,0.0
07/28 05:00:00,797.576360463272,37.1
07/28 06:00:00,876.5942266095402,174.21
07/28 07:00:00,1562.0014994964076,211.41
07/28 08:00:00,1499.4063092502968,177.63
07/28 09:00:00,1456.0017005896668,376.53
07/28 10:00:00,1436.2576942645965,300.21
07/28 11:00:00,1401.0392954636905,498.85
07/28 12:00:00,1476.3977691941557,705.74
07/28 13:00:00,1452.5933769537162,630.26
07/28 14:00:00,1446.9646714911623,474.27
07/28 15:00:00,1445.9162668652934,573.27
07/28 16:00:00,1039.3554746491977,365.01
07/28 17:00:00,849.6833577334262,269.89
07/28 18:00:00,877.8325422914806,63.5
07/28 19:00:00,842.4494593505519,57.21
07/28 20:00:00,849.2117236266197,7.0
07/28 21:00:00,819.5280008508159,0.0
07/28 22:00:00,791.5226424952161,0.0
07/28 23:00:00,636.3002297217075,0.0
07/29 00:00:00,648.1787639534798,0.0
07/29 01:00:00,643.7550448612651,0.0
07/29 02:00:00,654.504548533372,0.0
07/29 03:00:00,641.9437882215921,0.0
07/29 04:00:00,653.1120647414904,0.0
07/29 05:00:00,811.0527788981332,12.38
07/29 06:00:00,796.3057305730697,67.8
07/29 07:00:00,929.0739298974663,133.59
07/29 08:00:00,950.5603594869453,275.87
07/29 09:00:00,895.827495877336,325.76
07/29 10:00:00,897.3787876399552,568.91
07/29 11:00:00,728.1725907287038,592.33
07/29 12:00:00,736.2035465066926,504.33
07/29 13:00:00,744.6325482685306,442.25
07/29 14:00:00,747.6353084885823,361.8
07/29 15:00:00,763.8148409539428,202.45
07/29 16:00:00,710.299026163866,375.54
07/29 17:00:00,720.2287464541321,260.74
07/29 18:00:00,675.2618046842092,158.81
07/29 19:00:00,680.4283149199276,112.58
07/29 20:00:00,680.2032897627946,6.0
07/29 21:00:00,652.948953573324,0.0
07/29 22:00:00,645.6634090899285,0.0
07/29 23:00:00,633.9502757236394,0.0
07/30 00:00:00,637.9069050880407,0.0
07/30 01:00:00,637.3624316374721,0.0
07/30 02:00:00,643.9666285650297,0.0
07/30 03:00:00,639.7214899581095,0.0
07/30 04:00:00,650.9312997150325,0.0
07/30 05:00:00,695.7337106646042,7.13
07/30 06:00:00,701.6038999276749,41.98
07/30 07:00:00,704.6345649037842,71.76
07/30 08:00:00,705.5589663446177,107.01
07/30 09:00:00,694.2593506414996,93.9
07/30 10:00:00,691.5601654290188,130.95
07/30 11:00:00,690.0707340485314,147.23
07/30 12:00:00,695.1755166703788,263.62
07/30 13:00:00,702.6608961597838,334.52
07/30 14:00:00,691.3794465229375,283.08
07/30 15:00:00,710.485784171261,267.65
07/30 16:00:00,721.0517695086721,228.59
07/30 17:00:00,684.7164512211654,100.68
07/30 18:00:00,682.5972125895091,38.59
07/30 19:00:00,669.6090989767968,11.14
07/30 20:00:00,655.4850749317973,1.0
07/30 21:00:00,644.9546632295999,0.0
07/30 22:00:00,641.5666259724583,0.0
07/30 23:00:00,701.9236888499186,0.0
07/31 00:00:00,699.4872364378131,0.0
07/31 01:00:00,705.712430728345,0.0
07/31 02:00:00,697.2110194013072,0.0
07/31 03:00:00,701.4151906556558,0.0
07/31 04:00:00,713.0973106218561,0.0
07/31 05:00:00,792.892140886139,20.39
07/31 06:00:00,900.2316978188999,121.7
07/31 07:00:00,1597.4388708118943,288.85
07/31 08:00:00,1570.5233633552039,368.43
07/31 09:00:00,1583.798706968691,308.18
07/31 10:00:00,1582.7999404320499,632.0
07/31 11:00:00,1502.1107321688694,573.52
07/31 12:00:00,1572.5932894217894,632.89
07/31 13:00:00,1538.4989649003096,672.87
07/31 14:00:00,1573.729197505158,671.85
07/31 15:00:00,1593.2734053464992,563.47
07/31 16:00:00,1117.1550661933268,445.72
07/31 17:00:00,912.5180283931618,395.43
07/31 18:00:00,898.322907104064,280.28
07/31 19:00:00,853.9489502022318,117.78
07/31 20:00:00,862.13869895293,6.0
07/31 21:00:00,807.1537893543766,0.0
07/31 22:00:00,775.2015321849892,0.0
07/31 23:00:00,831.6196103834992,0.0
08/01 00:00:00,825.0812188881592,0.0
08/01 01:00:00,828.1944197733429,0.0
08/01 02:00:00,812.5254470799231,0.0
08/01 03:00:00,824.7591651091939,0.0
08/01 04:00:00,828.3805623815852,0.0
08/01 05:00:00,916.3086303330451,27.0
08/01 06:00:00,996.5291266858829,174.71
08/01 07:00:00,1712.284116086963,268.9
08/01 08:00:00,1604.3556439638608,375.9
08/01 09:00:00,1534.0161254210366,490.44
08/01 10:00:00,1547.6311887741801,629.47
08/01 11:00:00,1498.3291649112648,733.99
08/01 12:00:00,1578.870633283838,798.68
08/01 13:00:00,1553.4778626261218,779.24
08/01 14:00:00,1554.1697130377584,698.19
08/01 15:00:00,1570.7446258305663,589.23
08/01 16:00:00,1153.5301947641008,495.47
08/01 17:00:00,985.163621403857,391.16
08/01 18:00:00,982.3253109083234,270.64
08/01 19:00:00,954.0042865544117,115.82
08/01 20:00:00,939.9717538669269,5.0
08/01 21:00:00,901.0341365443637,0.0
08/01 22:00:00,870.9758437610412,0.0
08/01 23:00:00,820.6814474862974,0.0
08/02 00:00:00,812.0529772776833,0.0
08/02 01:00:00,816.6914450358472,0.0
08/02 02:00:00,829.6628867106672,0.0
08/02 03:00:00,822.0837178708953,0.0
08/02 04:00:00,828.0656953322455,0.0
08/02 05:00:00,900.6752823923969,24.31
08/02 06:00:00,984.2841722517674,167.65
08/02 07:00:00,1620.8107871690029,302.75
08/02 08:00:00,1590.3776531822464,367.57
08/02 09:00:00,1576.8122005573362,451.83
08/02 10:00:00,1575.3315245384047,603.88
08/02 11:00:00,1513.4543168741152,730.41
08/02 12:00:00,1602.734013013609,777.21
08/02 13:00:00,1591.6256381712992,756.49
08/02 14:00:00,1606.7035180932828,650.39
08/02 15:00:00,1610.1762107748095,471.83
08/02 16:00:00,1170.2136488257897,450.03
08/02 17:00:00,978.2681006454233,376.81
08/02 18:00:00,1012.7217450612742,257.69
08/02 19:00:00,969.8734811030392,82.55
08/02 20:00:00,984.4836189171868,3.0
08/02 21:00:00,936.4341319558171,0.0
08/02 22:00:00,890.1222769175298,0.0
08/02 23:00:00,815.1895072282095,0.0
08/03 00:00:00,811.4162253898583,0.0
08/03 01:00:00,821.709558437704,0.0
08/03 02:00:00,809.6949555394143,0.0
08/03 03:00:00,804.7453288744935,0.0
08/03 04:00:00,816.2380228485179,0.0
08/03 05:00:00,872.5854293232172,22.66
08/03 06:00:00,975.7134805103415,173.42
08/03 07:00:00,1629.300264176473,301.98
08/03 08:00:00,1642.0427549321828,399.39
08/03 09:00:00,1582.3282626312237,503.44
08/03 10:00:00,1568.9485093672101,613.2
08/03 11:00:00,1512.9761097995975,709.88
08/03 12:00:00,1574.4690706965969,415.9
08/03 13:00:00,1574.919195063592,411.34
08/03 14:00:00,1581.2885528316751,354.36
08/03 15:00:00,1588.1839228120766,199.29
08/03 16:00:00,1159.0348092595223,145.6
08/03 17:00:00,968.9954182988157,153.13
08/03 18:00:00,989.1498475465769,44.84
08/03 19:00:00,947.9811214617712,9.12
08/03 20:00:00,960.4493093823238,1.0
08/03 21:00:00,911.9412258286709,0.0
08/03 22:00:00,879.0563275380932,0.0
08/03 23:00:00,820.9031893675676,0.0
08/04 00:00:00,832.0295752323607,0.0
08/04 01:00:00,821.6099179987053,0.0
08/04 02:00:00,814.2249740754727,0.0
08/04 03:00:00,803.8080725656113,0.0
08/04 04:00:00,810.0371805834058,0.0
08/04 05:00:00,899.2947317529564,7.22
08/04 06:00:00,968.6872899131773,60.08
08/04 07:00:00,1589.447350655218,159.59
08/04 08:00:00,1624.1466971983732,164.26
08/04 09:00:00,1580.3763105313064,271.86
08/04 10:00:00,1568.295549803484,349.65
08/04 11:00:00,1508.5690681390854,338.85
08/04 12:00:00,1635.138943414879,341.86
08/04 13:00:00,1634.3650172562357,464.3
08/04 14:00:00,1634.5473788248864,496.72
08/04 15:00:00,1646.2662512706738,378.56
08/04 16:00:00,1189.433694083968,293.15
08/04 17:00:00,1010.816466078001,273.25
08/04 18:00:00,1024.0181910174294,243.0
08/04 19:00:00,1008.0915748837801,84.63
08/04 20:00:00,1025.4722886223053,3.0
08/04 21:00:00,955.448861347475,0.0
08/04 22:00:00,924.5769512054376,0.0
08/04 23:00:00,801.5313833536607,0.0
08/05 00:00:00,799.7325109816071,0.0
08/05 01:00:00,799.0371751043723,0.0
08/05 02:00:00,806.5647650706973,0.0
08/05 03:00:00,801.4646899444962,0.0
08/05 04:00:00,806.3475222808678,0.0
08/05 05:00:00,977.0198342732853,3.05
08/05 06:00:00,952.4083764609061,19.18
08/05 07:00:00,1107.9374636844504,72.01
08/05 08:00:00,1092.0192863924378,120.87
08/05 09:00:00,1035.3993109242572,122.08
08/05 10:00:00,1030.6365659566543,126.89
08/05 11:00:00,854.9074484507947,400.53
08/05 12:00:00,846.3905239105497,620.24
08/05 13:00:00,845.8624175293685,677.35
08/05 14:00:00,850.2577088129832,550.93
08/05 15:00:00,851.5496592392672,575.36
08/05 16:00:00,791.1897027894822,482.94
08/05 17:00:00,803.3937220288566,369.48
08/05 18:00:00,756.1311842716271,250.26
08/05 19:00:00,771.8001902009361,83.97
08/05 20:00:00,780.2132716131414,2.0
08/05 21:00:00,812.2414343070735,0.0
08/05 22:00:00,799.2688842723167,0.0
08/05 23:00:00,800.8479693930636,0.0
08/06 00:00:00,798.116779497777,0.0
08/06 01:00:00,807.5790377472409,0.0
08/06 02:00:00,803.3190614124807,0.0
08/06 03:00:00,812.1903540459408,0.0
08/06 04:00:00,814.8159813979586,0.0
08/06 05:00:00,873.5507366581174,14.91
08/06 06:00:00,868.9212563289561,114.05
08/06 07:00:00,881.2235639521925,256.98
08/06 08:00:00,871.7278483846794,377.02
08/06 09:00:00,867.5780696679012,448.08
08/06 10:00:00,862.8355423157201,464.98
08/06 11:00:00,856.1646909118533,468.96
08/06 12:00:00,851.7986289118888,548.31
08/06 13:00:00,857.5493496289906,716.38
08/06 14:00:00,856.9365913968242,576.63
08/06 15:00:00,861.735547050559,520.64
08/06 16:00:00,876.0671285961744,420.16
08/06 17:00:00,819.9380535678479,262.79
08/06 18:00:00,821.4852928362388,188.47
08/06 19:00:00,813.5302019702702,71.6
08/06 20:00:00,799.7415428258013,1.0
08/06 21:00:00,803.3400448762304,0.0
08/06 22:00:00,788.1560893833118,0.0
08/06 23:00:00,867.6079533002855,0.0
08/07 00:00:00,865.0480587480414,0.0
08/07 01:00:00,871.2318374400716,0.0
08/07 02:00:00,866.7304880949754,0.0
08/07 03:00:00,876.1311254011983,0.0
08/07 04:00:00,882.2571587436961,0.0
08/07 05:00:00,967.3487864772287,15.45
08/07 06:00:00,1085.9968706281525,160.84
08/07 07:00:00,1844.6413090506053,255.09
08/07 08:00:00,1829.0559320404734,152.66
08/07 09:00:00,1805.0745594205061,82.22
08/07 10:00:00,1807.2633501670289,67.72
08/07 11:00:00,1723.199366726093,148.15
08/07 12:00:00,1786.6309583868085,130.46
08/07 13:00:00,1777.1221720681694,160.07
08/07 14:00:00,1772.3411926390324,128.29
08/07 15:00:00,1793.6043672990008,152.07
08/07 16:00:00,1303.5743890181438,199.36
08/07 17:00:00,1084.584430007982,163.21
08/07 18:00:00,1071.8018634219777,68.13
08/07 19:00:00,1026.2014709092607,90.95
08/07 20:00:00,1030.1160802007125,1.0
08/07 21:00:00,970.3895340339275,0.0
08/07 22:00:00,941.5155170152173,0.0
08/07 23:00:00,870.7997418953053,0.0
08/08 00:00:00,870.6366426945204,0.0
08/08 01:00:00,869.4631607693851,0.0
08/08 02:00:00,865.7134967841166,0.0
08/08 03:00:00,866.4436459457976,0.0
08/08 04:00:00,877.6231199020172,0.0
08/08 05:00:00,962.7724410548009,11.04
08/08 06:00:00,1062.1253403092876,102.48
08/08 07:00:00,1783.3168895705214,270.38
08/08 08:00:00,1708.1920076895876,230.43
08/08 09:00:00,1638.2470617613815,130.65
08/08 10:00:00,1609.8269917134458,98.43
08/08 11:00:00,1522.9299011824,101.57
08/08 12:00:00,1595.5801246917404,250.46
08/08 13:00:00,1591.7242598379926,383.01
08/08 14:00:00,1590.5548912366435,449.6
08/08 15:00:00,1625.291961489018,345.03
08/08 16:00:00,1196.667357360443,72.12
08/08 17:00:00,1016.0933453508253,52.83
08/08 18:00:00,1034.6179100424226,33.53
08/08 19:00:00,1030.1363049831152,12.21
08/08 20:00:00,1034.0183243879292,0.0
08/08 21:00:00,980.7054578005826,0.0
08/08 22:00:00,944.9136762413729,0.0
08/08 23:00:00,872.4525117843433,0.0
08/09 00:00:00,870.6274551884312,0.0
08/09 01:00:00,875.0924127876224,0.0
08/09 02:00:00,876.43683860738,0.0
08/09 03:00:00,877.6550197261063,0.0
08/09 04:00:00,884.2112824493659,0.0
08/09 05:00:00,974.8676359401335,2.04
08/09 06:00:00,1090.4305669188634,18.16
08/09 07:00:00,1805.4282034988132,33.32
08/09 08:00:00,1729.9450829261518,48.47
08/09 09:00:00,1636.8501760808097,359.12
08/09 10:00:00,1625.6383390974595,128.84
08/09 11:00:00,1565.224097879695,117.35
08/09 12:00:00,1636.2856414900493,62.82
08/09 13:00:00,1627.3121123271583,47.81
08/09 14:00:00,1645.9431085819367,55.76
08/09 15:00:00,1674.6296493502716,71.67
08/09 16:00:00,1229.017183596096,45.55
08/09 17:00:00,1043.2976181774586,32.41
08/09 18:00:00,1057.8046241269496,26.26
08/09 19:00:00,1041.6106855343135,12.2
08/09 20:00:00,1042.2096292357232,0.0
08/09 21:00:00,979.2181608180947,0.0
08/09 22:00:00,954.9697784392656,0.0
08/09 23:00:00,875.8338314712094,0.0
08/10 00:00:00,882.1345760127548,0.0
08/10 01:00:00,881.1951060669028,0.0
08/10 02:00:00,879.318258685361,0.0
08/10 03:00:00,880.6789302294069,0.0
08/10 04:00:00,883.0877947921472,0.0
08/10 05:00:00,983.6209143647117,3.22
08/10 06:00:00,1074.6979940681579,35.96
08/10 07:00:00,1773.5260144546664,70.91
08/10 08:00:00,1724.6051099422777,189.96
08/10 09:00:00,1653.805881133821,507.14
08/10 10:00:00,1643.5891100057058,613.05
08/10 11:00:00,1572.5679947793114,718.74
08/10 12:00:00,1658.862014803773,750.23
08/10 13:00:00,1652.677634087358,758.21
08/10 14:00:00,1634.889039736493,678.87
08/10 15:00:00,1663.5368261396206,535.67
08/10 16:00:00,1220.5194508261259,448.17
08/10 17:00:00,1038.5554894718748,304.36
08/10 18:00:00,1052.3423680472379,225.93
08/10 19:00:00,1044.827895170895,76.01
08/10 20:00:00,1080.5544182089998,0.0
08/10 21:00:00,1023.4386917382834,0.0
08/10 22:00:00,964.7445605411723,0.0
08/10 23:00:00,881.9501125535421,0.0
08/11 00:00:00,879.4285551312873,0.0
08/11 01:00:00,879.3023242744737,0.0
08/11 02:00:00,876.1121226091796,0.0
08/11 03:00:00,875.9519235863147,0.0
08/11 04:00:00,879.726686286881,0.0
08/11 05:00:00,959.0169616833363,5.12
08/11 06:00:00,1035.7730423239268,81.26
08/11 07:00:00,1739.869488558078,161.3
08/11 08:00:00,1705.2296903937365,238.37
08/11 09:00:00,1638.3881283521982,262.37
08/11 10:00:00,1635.8959821196438,366.54
08/11 11:00:00,1595.1282291289062,202.99
08/11 12:00:00,1660.0431409087412,353.64
08/11 13:00:00,1661.6903850894676,222.82
08/11 14:00:00,1638.062653693196,180.27
08/11 15:00:00,1650.8239442868608,208.98
08/11 16:00:00,1210.8845656214248,216.97
08/11 17:00:00,1023.1932840683786,201.99
08/11 18:00:00,1038.810702912197,78.5
08/11 19:00:00,1012.8866267249073,18.37
08/11 20:00:00,1037.7659810849493,0.0
08/11 21:00:00,968.9068079594841,0.0
08/11 22:00:00,937.940874198148,0.0
08/11 23:00:00,787.8103542536326,0.0
08/12 00:00:00,790.5549298473098,0.0
08/12 01:00:00,777.5067796526671,0.0
08/12 02:00:00,777.3752110094232,0.0
08/12 03:00:00,779.7066500474245,0.0
08/12 04:00:00,772.4228189626625,0.0
08/12 05:00:00,944.9807801516753,10.0
08/12 06:00:00,929.2876467481334,108.35
08/12 07:00:00,1057.1365544894318,200.39
08/12 08:00:00,1084.4821878425525,305.27
08/12 09:00:00,1064.6532802256743,245.47
08/12 10:00:00,1056.9358141842383,238.34
08/12 11:00:00,869.5912565514593,408.13
08/12 12:00:00,859.7547213435414,751.35
08/12 13:00:00,865.525093118663,665.58
08/12 14:00:00,863.4103624140822,663.09
08/12 15:00:00,872.8849904304564,563.87
08/12 16:00:00,817.3800695179741,469.95
08/12 17:00:00,838.0646302504722,360.39
08/12 18:00:00,786.965142365009,229.47
08/12 19:00:00,796.4319001850458,66.2
08/12 20:00:00,800.8986798807853,0.0
08/12 21:00:00,793.8993510678043,0.0
08/12 22:00:00,795.7604232095612,0.0
08/12 23:00:00,798.6617366103883,0.0
08/13 00:00:00,800.7114531773991,0.0
08/13 01:00:00,794.6609556122586,0.0
08/13 02:00:00,794.8554906189047,0.0
08/13 03:00:00,787.5218505890258,0.0
08/13 04:00:00,789.1204121759582,0.0
08/13 05:00:00,845.9928904781212,10.0
08/13 06:00:00,841.3008398020954,135.01
08/13 07:00:00,845.847965194574,292.83
08/13 08:00:00,851.0152019007267,319.23
08/13 09:00:00,838.0194449417934,436.05
08/13 10:00:00,844.1953399437601,431.3
08/13 11:00:00,846.2532953602885,302.14
08/13 12:00:00,847.856646102729,179.82
08/13 13:00:00,843.0584799298189,746.4
08/13 14:00:00,850.7490747264401,527.01
08/13 15:00:00,854.9632574655215,511.44
08/13 16:00:00,870.7970391996407,391.44
08/13 17:00:00,811.5883059321712,330.38
08/13 18:00:00,807.4628999299475,216.12
08/13 19:00:00,804.3778014329815,60.34
08/13 20:00:00,801.3076188410175,0.0
08/13 21:00:00,800.0838269139167,0.0
08/13 22:00:00,787.2846160418607,0.0
08/13 23:00:00,851.256873498282,0.0
08/14 00:00:00,857.1928540509275,0.0
08/14 01:00:00,860.4964626225877,0.0
08/14 02:00:00,867.8028515830175,0.0
08/14 03:00:00,860.0257203508816,0.0
08/14 04:00:00,870.6099357053532,0.0
08/14 05:00:00,955.522790702737,6.0
08/14 06:00:00,1067.3759033829103,112.01
08/14 07:00:00,1808.4549808651204,203.0
08/14 08:00:00,1764.950398975327,272.87
08/14 09:00:00,1734.4212026389587,353.98
08/14 10:00:00,1763.9783126620564,478.99
08/14 11:00:00,1706.8466456697595,513.77
08/14 12:00:00,1776.3279721575236,608.47
08/14 13:00:00,1762.7050468541568,597.94
08/14 14:00:00,1763.5747311476027,607.07
08/14 15:00:00,1778.3801956723266,510.32
08/14 16:00:00,1291.7981243125394,384.29
08/14 17:00:00,1071.1802584849293,328.13
08/14 18:00:00,1055.783180864125,206.77
08/14 19:00:00,1020.4650589504799,44.22
08/14 20:00:00,1013.7203828083287,0.0
08/14 21:00:00,959.3943259426708,0.0
08/14 22:00:00,934.044228731076,0.0
08/14 23:00:00,868.8244307631738,0.0
08/15 00:00:00,861.5435451541636,0.0
08/15 01:00:00,878.4491095918793,0.0
08/15 02:00:00,873.6903092315532,0.0
08/15 03:00:00,868.8263262966224,0.0
08/15 04:00:00,878.21033463257,0.0
08/15 05:00:00,952.8695495540353,8.0
08/15 06:00:00,1076.0879847381718,129.89
08/15 07:00:00,1797.5048132746867,279.27
08/15 08:00:00,1780.553472297477,403.25
08/15 09:00:00,1805.1519423118111,503.98
08/15 10:00:00,1806.4826013134625,591.8
08/15 11:00:00,1730.6651332894019,686.51
08/15 12:00:00,1804.036221754767,737.57
08/15 13:00:00,1782.0039283799088,726.41
08/15 14:00:00,1802.127075448237,627.0
08/15 15:00:00,1818.0986429506413,534.31
08/15 16:00:00,1323.6051931722839,437.89
08/15 17:00:00,1095.8015471748265,341.66
08/15 18:00:00,1080.0891803585207,206.43
08/15 19:00:00,1028.8418143387858,50.74
08/15 20:00:00,1039.4806079247069,0.0
08/15 21:00:00,978.5360804579373,0.0
08/15 22:00:00,929.2258348059353,0.0
08/15 23:00:00,873.9678129899474,0.0
08/16 00:00:00,868.1027430277945,0.0
08/16 01:00:00,869.2704809053516,0.0
08/16 02:00:00,869.2949039571467,0.0
08/16 03:00:00,862.1225137234767,0.0
08/16 04:00:00,872.3800437898442,0.0
08/16 05:00:00,960.2604852138842,8.0
08/16 06:00:00,1052.5341391775983,126.81
08/16 07:00:00,1743.2944499007374,282.49
08/16 08:00:00,1651.927527528748,400.74
08/16 09:00:00,1572.1414170937917,501.26
08/16 10:00:00,1553.6235739806452,589.82
08/16 11:00:00,1500.1116238610148,682.28
08/16 12:00:00,1591.3350556368973,736.77
08/16 13:00:00,1579.3638355852843,726.43
08/16 14:00:00,1560.1181924001953,643.8
08/16 15:00:00,1582.209640981108,546.63
08/16 16:00:00,1137.9200902575985,454.41
08/16 17:00:00,934.6091513164473,348.6
08/16 18:00:00,971.7063580823136,213.87
08/16 19:00:00,961.2673727278217,46.74
08/16 20:00:00,982.7328005856101,0.0
08/16 21:00:00,934.811977900974,0.0
08/16 22:00:00,898.8408621276623,0.0
08/16 23:00:00,829.100461953989,0.0
08/17 00:00:00,838.3645226631647,0.0
08/17 01:00:00,837.1057549860367,0.0
08/17 02:00:00,822.8502162814664,0.0
08/17 03:00:00,827.9040429125105,0.0
08/17 04:00:00,833.1431362578323,0.0
08/17 05:00:00,924.2130747744467,5.0
08/17 06:00:00,1000.3076814010335,69.17
08/17 07:00:00,1654.3955033370746,266.72
08/17 08:00:00,1592.7962052881119,391.69
08/17 09:00:00,1535.8684128083542,477.31
08/17 10:00:00,1532.4365739735997,499.51
08/17 11:00:00,1485.3788647460258,372.07
08/17 12:00:00,1549.4092598777172,395.95
08/17 13:00:00,1539.120669628176,518.48
08/17 14:00:00,1517.6663011623637,629.75
08/17 15:00:00,1532.5400657664327,431.76
08/17 16:00:00,1103.755047014118,208.22
08/17 17:00:00,911.3495869501014,185.95
08/17 18:00:00,941.9471913946292,111.95
08/17 19:00:00,964.0415178063074,3.0
08/17 20:00:00,963.228029521544,0.0
08/17 21:00:00,907.4542316168424,0.0
08/17 22:00:00,891.2827331373675,0.0
08/17 23:00:00,806.7475380229228,0.0
08/18 00:00:00,813.737429228952,0.0
08/18 01:00:00,807.4783185523486,0.0
08/18 02:00:00,804.6449938286585,0.0
08/18 03:00:00,793.7162050401791,0.0
08/18 04:00:00,803.7459577736539,0.0
08/18 05:00:00,890.8849497507491,1.0
08/18 06:00:00,983.5177638994943,15.26
08/18 07:00:00,1660.2667007632876,40.58
08/18 08:00:00,1596.1368133057679,123.88
08/18 09:00:00,1522.3493506601453,292.3
08/18 10:00:00,1524.4892099723704,416.61
08/18 11:00:00,1453.3320290811293,546.87
08/18 12:00:00,1534.7372758488175,693.02
08/18 13:00:00,1522.0589829566022,534.07
08/18 14:00:00,1520.2293822232552,266.46
08/18 15:00:00,1543.6652266837516,458.14
08/18 16:00:00,1115.9456741961958,387.86
08/18 17:00:00,929.3388687442789,245.62
08/18 18:00:00,960.1249292041239,142.06
08/18 19:00:00,961.5859972939572,35.05
08/18 20:00:00,987.0616476783282,0.0
08/18 21:00:00,948.9267411533939,0.0
08/18 22:00:00,894.8555735964093,0.0
08/18 23:00:00,750.8510135305909,0.0
08/19 00:00:00,751.5809892201469,0.0
08/19 01:00:00,763.3586893174867,0.0
08/19 02:00:00,764.8065996752183,0.0
08/19 03:00:00,755.863557797735,0.0
08/19 04:00:00,746.5624162441965,0.0
08/19 05:00:00,917.6742638906212,2.0
08/19 06:00:00,901.4828812314609,56.51
08/19 07:00:00,1027.150400102655,217.87
08/19 08:00:00,1029.7921691106308,319.52
08/19 09:00:00,972.6119041675231,330.61
08/19 10:00:00,967.9187811713651,517.95
08/19 11:00:00,801.4019877764986,422.48
08/19 12:00:00,801.0549278528487,504.21
08/19 13:00:00,799.3664786844204,366.92
08/19 14:00:00,795.8060126142854,231.58
08/19 15:00:00,820.2587026556653,190.25
08/19 16:00:00,761.7055983207513,51.51
08/19 17:00:00,767.2495246893536,118.56
08/19 18:00:00,736.6937728219656,35.64
08/19 19:00:00,772.2287992010267,7.11
08/19 20:00:00,774.3468479050774,0.0
08/19 21:00:00,769.1758798187341,0.0
08/19 22:00:00,751.2954023603342,0.0
08/19 23:00:00,752.2865698656793,0.0
08/20 00:00:00,752.4933397852086,0.0
08/20 01:00:00,750.3061769255726,0.0
08/20 02:00:00,752.4202857242446,0.0
08/20 03:00:00,750.4616265559845,0.0
08/20 04:00:00,753.1002595517521,0.0
08/20 05:00:00,799.0453578951644,2.0
08/20 06:00:00,791.5114708509004,84.75
08/20 07:00:00,797.621439358679,141.64
08/20 08:00:00,787.8995548392453,311.32
08/20 09:00:00,790.447076944437,294.09
08/20 10:00:00,778.5796231992574,309.53
08/20 11:00:00,775.9377649830088,383.4
08/20 12:00:00,778.2493664202569,603.09
08/20 13:00:00,775.2900159495409,670.08
08/20 14:00:00,779.3940610693824,602.23
08/20 15:00:00,787.9316816249503,533.98
08/20 16:00:00,809.561936257407,439.57
08/20 17:00:00,762.4749640387082,331.45
08/20 18:00:00,774.2232395359548,180.05
08/20 19:00:00,775.3868497875733,28.37
08/20 20:00:00,770.8897767236781,0.0
08/20 21:00:00,754.5907146630509,0.0
08/20 22:00:00,746.708769356739,0.0
08/20 23:00:00,801.5750035856814,0.0
08/21 00:00:00,811.2511290605743,0.0
08/21 01:00:00,810.7281481712924,0.0
08/21 02:00:00,798.5130953212449,0.0
08/21 03:00:00,802.1270764526078,0.0
08/21 04:00:00,818.3255139942474,0.0
08/21 05:00:00,902.0289471855555,0.0
08/21 06:00:00,995.9419832243193,16.24
08/21 07:00:00,1692.3760265731685,82.37
08/21 08:00:00,1673.5983929939337,39.43
08/21 09:00:00,1662.8148521048413,31.57
08/21 10:00:00,1651.468502419933,62.67
08/21 11:00:00,1567.599769826774,67.75
08/21 12:00:00,1638.523379453829,70.78
08/21 13:00:00,1625.2134302181603,68.77
08/21 14:00:00,1658.0017992000853,75.72
08/21 15:00:00,1687.0222126976996,44.63
08/21 16:00:00,1227.9352827436448,41.51
08/21 17:00:00,1011.7607288457656,33.36
08/21 18:00:00,1021.8817434187778,16.2
08/21 19:00:00,968.0125836672595,2.0
08/21 20:00:00,960.2620077815442,0.0
08/21 21:00:00,889.7625998096262,0.0
08/21 22:00:00,863.3775769905637,0.0
08/21 23:00:00,800.5866285154331,0.0
08/22 00:00:00,803.8151950413521,0.0
08/22 01:00:00,801.9160789320998,0.0
08/22 02:00:00,785.3236825365085,0.0
08/22 03:00:00,793.2840187859404,0.0
08/22 04:00:00,809.7104792967597,0.0
08/22 05:00:00,900.023283978471,0.0
08/22 06:00:00,967.0781808797027,17.23
08/22 07:00:00,1615.4385244573375,44.83
08/22 08:00:00,1574.2373902476684,60.86
08/22 09:00:00,1517.7740439127074,107.26
08/22 10:00:00,1528.1904910592407,129.68
08/22 11:00:00,1459.227795568151,242.61
08/22 12:00:00,1532.0102686438483,199.96
08/22 13:00:00,1534.0733171289753,100.53
08/22 14:00:00,1562.8560397959839,68.71
08/22 15:00:00,1573.8013386919765,56.62
08/22 16:00:00,1136.7054056649936,46.5
08/22 17:00:00,951.3583004429504,50.71
08/22 18:00:00,1002.7265006359829,42.99
08/22 19:00:00,986.9318193824721,4.04
08/22 20:00:00,983.7407725830806,0.0
08/22 21:00:00,924.5643973688777,0.0
08/22 22:00:00,887.715813408136,0.0
08/22 23:00:00,810.7505419533567,0.0
08/23 00:00:00,810.9496778059557,0.0
08/23 01:00:00,810.3951467575546,0.0
08/23 02:00:00,799.4103625859428,0.0
08/23 03:00:00,788.3385829519847,0.0
08/23 04:00:00,810.4964297066152,0.0
08/23 05:00:00,885.3540704817556,1.0
08/23 06:00:00,965.1937448949312,35.58
08/23 07:00:00,1603.6256349710964,251.38
08/23 08:00:00,1595.5625699228583,354.54
08/23 09:00:00,1537.8332660372753,431.38
08/23 10:00:00,1516.4675907826622,394.02
08/23 11:00:00,1470.9817399500757,557.17
08/23 12:00:00,1565.1806486678229,539.45
08/23 13:00:00,1536.1843876659002,541.61
08/23 14:00:00,1515.46493570304,414.98
08/23 15:00:00,1535.4207448281961,273.81
08/23 16:00:00,1116.7582142936371,214.36
08/23 17:00:00,934.650220691383,204.57
08/23 18:00:00,955.6756126846515,101.28
08/23 19:00:00,951.7191466075726,19.61
08/23 20:00:00,961.0266901149992,0.0
08/23 21:00:00,924.698219501566,0.0
08/23 22:00:00,902.804423437615,0.0
08/23 23:00:00,824.8617135543135,0.0
08/24 00:00:00,833.5962287531124,0.0
08/24 01:00:00,842.6368497962925,0.0
08/24 02:00:00,833.9736740096151,0.0
08/24 03:00:00,828.4170999300084,0.0
08/24 04:00:00,825.5474550117559,0.0
08/24 05:00:00,905.3396905211944,1.0
08/24 06:00:00,971.950923548165,71.41
08/24 07:00:00,1645.405657424222,260.39
08/24 08:00:00,1562.2324427669216,381.61
08/24 09:00:00,1528.0823035032588,486.14
08/24 10:00:00,1538.7958435597798,572.19
08/24 11:00:00,1484.2577916849712,655.79
08/24 12:00:00,1569.4398293323873,704.99
08/24 13:00:00,1548.7167234930812,663.07
08/24 14:00:00,1557.2621795320485,582.49
08/24 15:00:00,1571.3880200670874,524.91
08/24 16:00:00,1126.9245884983095,431.87
08/24 17:00:00,950.2740524656966,317.02
08/24 18:00:00,978.5510600317043,177.87
08/24 19:00:00,967.8364834958983,19.22
08/24 20:00:00,993.9384270664235,0.0
08/24 21:00:00,943.8343919765645,0.0
08/24 22:00:00,927.8555147092193,0.0
08/24 23:00:00,833.3574863907069,0.0
08/25 00:00:00,833.1284988689913,0.0
08/25 01:00:00,835.1848863932836,0.0
08/25 02:00:00,836.1700696893073,0.0
08/25 03:00:00,837.1681104580637,0.0
08/25 04:00:00,844.9959001191932,0.0
08/25 05:00:00,929.7934133528403,1.0
08/25 06:00:00,1005.5412213565816,77.08
08/25 07:00:00,1671.2163800829944,185.41
08/25 08:00:00,1605.3103701971577,154.06
08/25 09:00:00,1546.6493199272777,332.7
08/25 10:00:00,1559.9102324314438,431.62
08/25 11:00:00,1497.353182661371,582.56
08/25 12:00:00,1573.835938900699,507.12
08/25 13:00:00,1568.0865763841296,313.8
08/25 14:00:00,1555.0237587582944,263.18
08/25 15:00:00,1562.0471854822415,244.49
08/25 16:00:00,1142.359247801815,71.97
08/25 17:00:00,952.6181254658807,57.03
08/25 18:00:00,994.9412841255994,37.91
08/25 19:00:00,982.9335026620059,6.13
08/25 20:00:00,986.1814691051286,0.0
08/25 21:00:00,935.5519539321216,0.0
08/25 22:00:00,907.9718200832987,0.0
08/25 23:00:00,765.4483209017038,0.0
08/26 00:00:00,764.9169386971407,0.0
08/26 01:00:00,764.6617620197721,0.0
08/26 02:00:00,763.8426286339338,0.0
08/26 03:00:00,755.0747670993354,0.0
08/26 04:00:00,763.9947455042151,0.0
08/26 05:00:00,923.5256133620459,1.0
08/26 06:00:00,905.3885109143946,67.39
08/26 07:00:00,1031.7533216561608,220.84
08/26 08:00:00,1019.0180267338314,257.92
08/26 09:00:00,1005.4535438083959,181.35
08/26 10:00:00,998.5241371239017,325.62
08/26 11:00:00,817.8011528378037,603.83
08/26 12:00:00,813.8077052744866,544.14
08/26 13:00:00,820.4080337214546,577.23
08/26 14:00:00,811.7396159163847,560.22
08/26 15:00:00,819.7045462416543,444.35
08/26 16:00:00,758.9465330919826,422.94
08/26 17:00:00,769.2184306849608,316.29
08/26 18:00:00,722.0864046606792,169.94
08/26 19:00:00,761.6165534416509,12.51
08/26 20:00:00,771.4283184318899,0.0
08/26 21:00:00,766.201559317799,0.0
08/26 22:00:00,763.985785753035,0.0
08/26 23:00:00,760.2999452828815,0.0
08/27 00:00:00,766.1536871452053,0.0
08/27 01:00:00,756.8743522463622,0.0
08/27 02:00:00,759.1160161562518,0.0
08/27 03:00:00,754.4222640006225,0.0
08/27 04:00:00,755.1139716447989,0.0
08/27 05:00:00,815.8735350661645,1.0
08/27 06:00:00,806.6413276499046,77.46
08/27 07:00:00,811.8813013962535,247.52
08/27 08:00:00,803.2799508720645,352.14
08/27 09:00:00,802.3903720172547,465.52
08/27 10:00:00,800.0336477626741,498.26
08/27 11:00:00,789.8887228809677,538.6
08/27 12:00:00,793.0447142335083,477.79
08/27 13:00:00,790.5542843062715,331.18
08/27 14:00:00,781.9757199898856,579.42
08/27 15:00:00,787.464437742552,505.45
08/27 16:00:00,803.0785847193822,400.31
08/27 17:00:00,745.8071667123368,299.93
08/27 18:00:00,751.5948386926249,157.38
08/27 19:00:00,753.2319173040391,9.86
08/27 20:00:00,751.4445427503425,0.0
08/27 21:00:00,747.8780764525949,0.0
08/27 22:00:00,743.4694975522413,0.0
08/27 23:00:00,806.6361353135991,0.0
08/28 00:00:00,802.7289116534033,0.0
08/28 01:00:00,806.541726374772,0.0
08/28 02:00:00,811.4136537260778,0.0
08/28 03:00:00,814.4827974788313,0.0
08/28 04:00:00,819.9215501650115,0.0
08/28 05:00:00,911.6386132404439,0.0
08/28 06:00:00,999.878257289661,73.69
08/28 07:00:00,1709.6867667770512,243.6
08/28 08:00:00,1658.6194182757258,366.69
08/28 09:00:00,1658.1256572095754,472.16
08/28 10:00:00,1646.1643719387287,554.64
08/28 11:00:00,1574.4880410835008,630.38
08/28 12:00:00,1646.5071757777341,669.79
08/28 13:00:00,1646.644024153652,649.68
08/28 14:00:00,1631.031848122619,585.73
08/28 15:00:00,1675.1521280744253,510.93
08/28 16:00:00,1203.7557414982875,413.9
08/28 17:00:00,999.2147674310343,281.57
08/28 18:00:00,1005.7641627722357,139.88
08/28 19:00:00,981.5596791672648,7.34
08/28 20:00:00,982.0571008548922,0.0
08/28 21:00:00,916.2254819980087,0.0
08/28 22:00:00,889.409205170009,0.0
08/28 23:00:00,804.7067682757722,0.0
08/29 00:00:00,804.3651537204227,0.0
08/29 01:00:00,810.6502965900565,0.0
08/29 02:00:00,809.2508982454775,0.0
08/29 03:00:00,812.469406559498,0.0
08/29 04:00:00,811.3238183901215,0.0
08/29 05:00:00,901.5549648780215,0.0
08/29 06:00:00,994.4486377749829,68.97
08/29 07:00:00,1611.290203027095,239.7
08/29 08:00:00,1554.2521091895153,364.45
08/29 09:00:00,1490.361281892639,465.64
08/29 10:00:00,1487.9807537629147,548.23
08/29 11:00:00,1439.462344440547,622.17
08/29 12:00:00,1521.9569132015529,661.42
08/29 13:00:00,1516.3934734162567,646.24
08/29 14:00:00,1500.8462247309346,581.33
08/29 15:00:00,1536.4933708294916,506.2
08/29 16:00:00,1114.2608208330664,412.66
08/29 17:00:00,954.1785009768848,302.58
08/29 18:00:00,1004.5221913877295,150.44
08/29 19:00:00,991.5033081991703,9.0
08/29 20:00:00,994.7732244854252,0.0
08/29 21:00:00,944.0752107752988,0.0
08/29 22:00:00,903.7122339520563,0.0
08/29 23:00:00,825.3862070629473,0.0
08/30 00:00:00,807.4518156417575,0.0
08/30 01:00:00,812.1375681534277,0.0
08/30 02:00:00,806.975572362234,0.0
08/30 03:00:00,802.4728595297943,0.0
08/30 04:00:00,822.4805031002232,0.0
08/30 05:00:00,906.5303224078086,0.0
08/30 06:00:00,972.0246263555052,64.31
08/30 07:00:00,1596.861794413116,236.81
08/30 08:00:00,1543.9904406839923,359.34
08/30 09:00:00,1492.4343440710602,464.29
08/30 10:00:00,1500.8630888732087,548.69
08/30 11:00:00,1436.0135109707478,622.13
08/30 12:00:00,1513.8753633460967,660.96
08/30 13:00:00,1508.2302048730817,643.69
08/30 14:00:00,1494.252108142899,580.36
08/30 15:00:00,1511.718774173193,505.49
08/30 16:00:00,1109.4839770736307,408.57
08/30 17:00:00,941.658616770555,298.25
08/30 18:00:00,970.1044176291584,143.92
08/30 19:00:00,938.8611991713582,7.0
08/30 20:00:00,941.8688844377002,0.0
08/30 21:00:00,885.9205941393798,0.0
08/30 22:00:00,861.9416087955318,0.0
08/30 23:00:00,792.7795964071939,0.0
08/31 00:00:00,786.5309134325322,0.0
08/31 01:00:00,792.2953727898984,0.0
08/31 02:00:00,787.3166056905995,0.0
08/31 03:00:00,796.6268134532908,0.0
08/31 04:00:00,793.6396990942715,0.0
08/31 05:00:00,881.7509661370804,0.0
08/31 06:00:00,969.6026143427557,46.58
08/31 07:00:00,1629.7030039366348,174.76
08/31 08:00:00,1530.0928613215394,333.18
08/31 09:00:00,1474.990620246643,456.79
08/31 10:00:00,1497.0364956118958,526.34
08/31 11:00:00,1447.6083681837474,473.64
08/31 12:00:00,1496.2067410728903,503.0
08/31 13:00:00,1487.0293973612174,429.56
08/31 14:00:00,1503.1475494524898,451.2
08/31 15:00:00,1529.9170785787105,462.29
08/31 16:00:00,1133.2995577345334,399.97
08/31 17:00:00,954.1953980745449,290.62
08/31 18:00:00,988.7386000772269,135.63
08/31 19:00:00,976.650608716049,6.0
08/31 20:00:00,965.259356499524,0.0
08/31 21:00:00,905.1685390883634,0.0
08/31 22:00:00,870.2548988541286,0.0
08/31 23:00:00,451.95690556421397,0.0
09/01 00:00:00,458.71036777557646,0.0
09/01 01:00:00,450.17292146949217,0.0
09/01 02:00:00,442.0158115043976,0.0
09/01 03:00:00,442.4843336209353,0.0
09/01 04:00:00,457.025484123914,0.0
09/01 05:00:00,536.3354084539565,0.0
09/01 06:00:00,617.489024512628,71.17
09/01 07:00:00,1244.443729035767,232.09
09/01 08:00:00,1193.9350820731934,350.64
09/01 09:00:00,1188.458266508677,428.8
09/01 10:00:00,1191.2915466253858,550.48
09/01 11:00:00,1123.0098129136866,652.75
09/01 12:00:00,1187.3673117414335,614.66
09/01 13:00:00,1180.5089543431066,670.55
09/01 14:00:00,1176.2998123442994,548.7
09/01 15:00:00,1192.2679604538653,497.88
09/01 16:00:00,779.5224885642183,363.87
09/01 17:00:00,597.6213690508845,245.27
09/01 18:00:00,627.6217869907643,71.81
09/01 19:00:00,596.0078699127964,1.0
09/01 20:00:00,587.410311562665,0.0
09/01 21:00:00,539.3801994644562,0.0
09/01 22:00:00,516.4682031388658,0.0
09/01 23:00:00,388.33880069956774,0.0
09/02 00:00:00,378.76497914931116,0.0
09/02 01:00:00,376.6450205942397,0.0
09/02 02:00:00,379.94177820590056,0.0
09/02 03:00:00,380.70951983470684,0.0
09/02 04:00:00,384.54204906714375,0.0
09/02 05:00:00,532.7228812846591,0.0
09/02 06:00:00,522.1782579341514,15.37
09/02 07:00:00,663.7750912828445,39.71
09/02 08:00:00,663.7328716094481,55.78
09/02 09:00:00,642.5078373690388,99.1
09/02 10:00:00,653.6485681763977,98.89
09/02 11:00:00,477.471665898833,81.4
09/02 12:00:00,473.8900076037323,77.73
09/02 13:00:00,475.0865905486531,52.72
09/02 14:00:00,477.11952070685453,39.66
09/02 15:00:00,485.4589036952829,67.14
09/02 16:00:00,422.92149145805695,56.89
09/02 17:00:00,429.837332855364,189.56
09/02 18:00:00,387.8806993054512,12.14
09/02 19:00:00,393.6697090027958,0.0
09/02 20:00:00,402.97917050660163,0.0
09/02 21:00:00,396.05093163807754,0.0
09/02 22:00:00,396.6224134993817,0.0
09/02 23:00:00,389.5919904683939,0.0
09/03 00:00:00,390.93324760057277,0.0
09/03 01:00:00,392.80929087993246,0.0
09/03 02:00:00,390.2217865448475,0.0
09/03 03:00:00,392.9811852896945,0.0
09/03 04:00:00,393.5517824497995,0.0
09/03 05:00:00,447.72949693445133,0.0
09/03 06:00:00,450.3596622018984,53.2
09/03 07:00:00,448.49893977786695,191.04
09/03 08:00:00,432.74162777193646,345.22
09/03 09:00:00,429.33190387534705,364.14
09/03 10:00:00,431.17156358414053,415.15
09/03 11:00:00,434.7868968612168,433.42
09/03 12:00:00,431.302223763667,404.17
09/03 13:00:00,427.0060728798002,402.37
09/03 14:00:00,429.28746915055774,419.44
09/03 15:00:00,444.5879161804777,486.86
09/03 16:00:00,452.0786767998389,386.54
09/03 17:00:00,402.9327345664833,218.3
09/03 18:00:00,404.56542516275505,123.66
09/03 19:00:00,402.84872934241446,3.0
09/03 20:00:00,400.0288382703807,0.0
09/03 21:00:00,391.5370691741625,0.0
09/03 22:00:00,384.3050769195033,0.0
09/03 23:00:00,380.3673452313552,0.0
09/04 00:00:00,385.79319498058777,0.0
09/04 01:00:00,383.7505491810452,0.0
09/04 02:00:00,385.05784333923367,0.0
09/04 03:00:00,378.66603785396063,0.0
09/04 04:00:00,388.32843216590095,0.0
09/04 05:00:00,442.125306002784,0.0
09/04 06:00:00,431.31182713174337,19.79
09/04 07:00:00,434.3396891699283,221.2
09/04 08:00:00,427.74136336525925,252.25
09/04 09:00:00,425.282999407579,448.25
09/04 10:00:00,430.86299601857394,544.78
09/04 11:00:00,435.7881176875694,562.4
09/04 12:00:00,430.03046403112324,596.17
09/04 13:00:00,441.86369396287023,671.63
09/04 14:00:00,442.5911045683566,595.38
09/04 15:00:00,449.42752733131954,481.75
09/04 16:00:00,453.1424914502904,346.73
09/04 17:00:00,412.04193756384973,238.45
09/04 18:00:00,407.7752705448624,122.44
09/04 19:00:00,409.79488168949786,3.0
09/04 20:00:00,399.2871252451221,0.0
09/04 21:00:00,391.5576480734603,0.0
09/04 22:00:00,387.01393764560066,0.0
09/04 23:00:00,450.9256500812717,0.0
09/05 00:00:00,449.0705691514954,0.0
09/05 01:00:00,449.9519706066251,0.0
09/05 02:00:00,448.1929253918396,0.0
09/05 03:00:00,448.3863790786233,0.0
09/05 04:00:00,449.04301295374705,0.0
09/05 05:00:00,537.3110646827088,0.0
09/05 06:00:00,629.7719825997419,51.5
09/05 07:00:00,1275.9326358102999,191.44
09/05 08:00:00,1225.3880608422985,205.14
09/05 09:00:00,1176.5643170332917,169.7
09/05 10:00:00,1178.2474650761712,227.82
09/05 11:00:00,1129.966211589252,174.5
09/05 12:00:00,1198.134520847577,239.9
09/05 13:00:00,1200.7217907938618,160.22
09/05 14:00:00,1187.5004948822977,150.54
09/05 15:00:00,1200.8546869951865,92.66
09/05 16:00:00,796.0264570307431,68.29
09/05 17:00:00,635.624459541495,26.28
09/05 18:00:00,672.1244612857743,31.97
09/05 19:00:00,636.598023544617,1.0
09/05 20:00:00,593.1155853241979,0.0
09/05 21:00:00,550.1042817756542,0.0
09/05 22:00:00,520.2641067830733,0.0
09/05 23:00:00,447.83603934160243,0.0
09/06 00:00:00,441.1805926968974,0.0
09/06 01:00:00,443.1760089973282,0.0
09/06 02:00:00,438.47514619882463,0.0
09/06 03:00:00,435.07637554959234,0.0
09/06 04:00:00,440.78495201765475,0.0
09/06 05:00:00,534.3599379206834,0.0
09/06 06:00:00,618.9191853809658,14.4
09/06 07:00:00,1268.0457428921964,76.4
09/06 08:00:00,1208.135241596898,119.98
09/06 09:00:00,1179.4287561229428,208.27
09/06 10:00:00,1185.8204674590256,192.2
09/06 11:00:00,1116.6514284348002,349.92
09/06 12:00:00,1190.5461334464267,585.45
09/06 13:00:00,1172.6804452790266,611.44
09/06 14:00:00,1186.3055811343004,570.89
09/06 15:00:00,1210.9819710814963,461.87
09/06 16:00:00,781.0592511874286,365.78
09/06 17:00:00,597.0313710256294,251.55
09/06 18:00:00,625.479627304272,108.18
09/06 19:00:00,597.1205753352816,2.0
09/06 20:00:00,597.6770848635658,0.0
09/06 21:00:00,540.5181838514611,0.0
09/06 22:00:00,510.6737342769061,0.0
09/06 23:00:00,447.9618968625963,0.0
09/07 00:00:00,441.07208760366854,0.0
09/07 01:00:00,437.4414606911082,0.0
09/07 02:00:00,434.1226420058408,0.0
09/07 03:00:00,434.2577036872141,0.0
09/07 04:00:00,444.3242399306152,0.0
09/07 05:00:00,525.3753175920151,0.0
09/07 06:00:00,608.5491955121079,37.05
09/07 07:00:00,1252.5499399579264,199.54
09/07 08:00:00,1210.258165905757,322.9
09/07 09:00:00,1192.0633372218354,423.47
09/07 10:00:00,1207.747471951876,538.2
09/07 11:00:00,1140.2554123248897,618.33
09/07 12:00:00,1208.582566173338,662.05
09/07 13:00:00,1201.555178702466,635.95
09/07 14:00:00,1263.7484412631652,566.58
09/07 15:00:00,1266.9910459657333,463.69
09/07 16:00:00,777.0579455046676,366.06
09/07 17:00:00,601.4149026714988,240.86
09/07 18:00:00,635.9086450678876,101.17
09/07 19:00:00,605.5763763498469,1.0
09/07 20:00:00,588.7475730694372,0.0
09/07 21:00:00,530.813132924372,0.0
09/07 22:00:00,519.1241056070818,0.0
09/07 23:00:00,440.6864918408635,0.0
09/08 00:00:00,446.1666846636939,0.0
09/08 01:00:00,448.16184055720737,0.0
09/08 02:00:00,446.22795500343676,0.0
09/08 03:00:00,436.46670760749714,0.0
09/08 04:00:00,447.39642702919247,0.0
09/08 05:00:00,526.4261357160319,0.0
09/08 06:00:00,624.0145992635731,13.39
09/08 07:00:00,1280.6618168127234,34.64
09/08 08:00:00,1234.6407886156528,57.1
09/08 09:00:00,1309.9344088847097,140.5
09/08 10:00:00,1337.9796657054903,250.18
09/08 11:00:00,1267.2734599151718,184.75
09/08 12:00:00,1360.005697025842,134.81
09/08 13:00:00,1355.2902688445895,243.47
09/08 14:00:00,1354.8107458103866,435.36
09/08 15:00:00,1375.597016057395,321.76
09/08 16:00:00,858.4264984469172,129.79
09/08 17:00:00,597.1778528011911,180.01
09/08 18:00:00,616.6956918602324,96.17
09/08 19:00:00,601.6014222142805,1.0
09/08 20:00:00,577.8900436172552,0.0
09/08 21:00:00,527.2635916784138,0.0
09/08 22:00:00,503.16031834112346,0.0
09/08 23:00:00,380.1536222946846,0.0
09/09 00:00:00,380.3415184472789,0.0
09/09 01:00:00,379.92891787908013,1.0
09/09 02:00:00,378.3450454410944,0.0
09/09 03:00:00,372.6378909725872,0.0
09/09 04:00:00,376.24140318146186,0.0
09/09 05:00:00,528.3067719523519,0.0
09/09 06:00:00,538.0519682683013,14.63
09/09 07:00:00,674.865652677705,58.08
09/09 08:00:00,655.5902014368535,114.43
09/09 09:00:00,638.5765238986273,200.87
09/09 10:00:00,645.8562388483919,306.47
09/09 11:00:00,478.3993389485777,317.53
09/09 12:00:00,468.56415857924435,193.98
09/09 13:00:00,464.4675477865886,114.05
09/09 14:00:00,464.8659261445747,75.26
09/09 15:00:00,467.93549389905286,76.07
09/09 16:00:00,411.791284197228,40.41
09/09 17:00:00,422.825873143779,54.3
09/09 18:00:00,387.7097540469063,17.29
09/09 19:00:00,392.7815690995543,0.0
09/09 20:00:00,393.50470568648365,0.0
09/09 21:00:00,378.693931748456,0.0
09/09 22:00:00,383.5983868587615,0.0
09/09 23:00:00,376.3657138098023,0.0
09/10 00:00:00,372.42313823079945,0.0
09/10 01:00:00,377.8369697892403,0.0
09/10 02:00:00,378.38385082926,0.0
09/10 03:00:00,376.96080354951425,0.0
09/10 04:00:00,375.76332350247833,0.0
09/10 05:00:00,431.7157809938533,0.0
09/10 06:00:00,436.1093537411832,1.0
09/10 07:00:00,434.71373065790607,14.2
09/10 08:00:00,414.66527276763253,55.07
09/10 09:00:00,417.99328441843886,48.49
09/10 10:00:00,421.3192660214548,92.79
09/10 11:00:00,421.2706908191853,108.0
09/10 12:00:00,420.6271883123604,98.39
09/10 13:00:00,416.66495251042704,325.38
09/10 14:00:00,414.22845288902744,521.29
09/10 15:00:00,424.27189630060906,454.75
09/10 16:00:00,439.1790423596134,353.76
09/10 17:00:00,386.36247253485624,240.09
09/10 18:00:00,388.43133582356324,81.67
09/10 19:00:00,391.7503219529404,0.0
09/10 20:00:00,389.0325530207608,0.0
09/10 21:00:00,384.93519232285956,0.0
09/10 22:00:00,378.8474758077389,0.0
09/10 23:00:00,441.14724003228287,0.0
09/11 00:00:00,442.5689687808314,0.0
09/11 01:00:00,441.5054481641046,0.0
09/11 02:00:00,436.8010053810591,0.0
09/11 03:00:00,443.2592017485519,0.0
09/11 04:00:00,450.0152744121275,0.0
09/11 05:00:00,532.8618236734895,0.0
09/11 06:00:00,635.8935782355667,25.99
09/11 07:00:00,1307.8709063108972,201.12
09/11 08:00:00,1287.1220743838298,322.58
09/11 09:00:00,1237.2201253020776,420.39
09/11 10:00:00,1239.9469913425123,528.35
09/11 11:00:00,1212.0090523001177,610.74
09/11 12:00:00,1287.763041722912,650.77
09/11 13:00:00,1271.4264864028285,625.84
09/11 14:00:00,1255.5148498610342,551.17
09/11 15:00:00,1269.6245198865777,453.12
09/11 16:00:00,817.0628734694048,349.92
09/11 17:00:00,624.1014348046614,237.35
09/11 18:00:00,626.8891324545733,74.99
09/11 19:00:00,592.8049362782352,0.0
09/11 20:00:00,577.9118033977225,0.0
09/11 21:00:00,531.2902794129013,0.0
09/11 22:00:00,505.84014340732904,0.0
09/11 23:00:00,436.8012974726947,0.0
09/12 00:00:00,433.0028567662496,0.0
09/12 01:00:00,438.5007560893097,0.0
09/12 02:00:00,436.01677285683775,0.0
09/12 03:00:00,436.91173317286945,0.0
09/12 04:00:00,440.9306494977904,0.0
09/12 05:00:00,521.4714945180388,0.0
09/12 06:00:00,609.6246405076873,23.13
09/12 07:00:00,1248.9908969700416,183.15
09/12 08:00:00,1203.6982093693937,318.04
09/12 09:00:00,1172.8627742976305,410.08
09/12 10:00:00,1192.01054646857,428.31
09/12 11:00:00,1117.84247474984,257.04
09/12 12:00:00,1162.2945443846816,612.41
09/12 13:00:00,1148.233798598834,361.54
09/12 14:00:00,1140.4188598322419,377.62
09/12 15:00:00,1181.4182718458878,255.09
09/12 16:00:00,794.7716215960564,161.28
09/12 17:00:00,607.3561131836527,94.75
09/12 18:00:00,624.7092210768195,11.16
09/12 19:00:00,601.7072126281724,0.0
09/12 20:00:00,575.101871386075,0.0
09/12 21:00:00,523.8354139314761,0.0
09/12 22:00:00,501.9513757096647,0.0
09/12 23:00:00,433.92330651724376,0.0
09/13 00:00:00,433.6491481360637,0.0
09/13 01:00:00,433.6664745655918,0.0
09/13 02:00:00,428.40476576993956,0.0
09/13 03:00:00,430.88188040006554,0.0
09/13 04:00:00,438.4305063190944,0.0
09/13 05:00:00,528.2678834077893,0.0
09/13 06:00:00,621.8877611885007,9.31
09/13 07:00:00,1287.8827618704208,57.3
09/13 08:00:00,1199.7152649162604,63.38
09/13 09:00:00,1250.957170964544,121.83
09/13 10:00:00,1204.645035745427,210.84
09/13 11:00:00,1139.6117054485228,201.13
09/13 12:00:00,1214.9851918878003,126.72
09/13 13:00:00,1206.5342230367808,86.33
09/13 14:00:00,1205.8563316233422,75.21
09/13 15:00:00,1216.4981587751763,116.07
09/13 16:00:00,785.5404099612662,39.38
09/13 17:00:00,609.5141669639943,27.47
09/13 18:00:00,633.7597461862356,8.07
09/13 19:00:00,605.3637537686523,0.0
09/13 20:00:00,584.2956954444624,0.0
09/13 21:00:00,544.1505316766328,0.0
09/13 22:00:00,511.3839847973378,0.0
09/13 23:00:00,437.16267579341405,0.0
09/14 00:00:00,438.05015289328264,0.0
09/14 01:00:00,439.861782957158,0.0
09/14 02:00:00,444.2688264199659,0.0
09/14 03:00:00,439.0655731221615,0.0
09/14 04:00:00,451.030477436421,0.0
09/14 05:00:00,532.7778229185635,0.0
09/14 06:00:00,626.7016817338093,20.63
09/14 07:00:00,1259.835253778914,189.52
09/14 08:00:00,1192.3762724594253,314.64
09/14 09:00:00,1171.3412749066356,416.04
09/14 10:00:00,1164.5461377850095,513.81
09/14 11:00:00,1107.5249575198773,597.5
09/14 12:00:00,1179.9766152693635,633.65
09/14 13:00:00,1182.5861628999191,612.42
09/14 14:00:00,1300.6765697331944,540.7
09/14 15:00:00,1356.916610592634,437.54
09/14 16:00:00,860.0997299534268,338.37
09/14 17:00:00,589.067610145589,221.55
09/14 18:00:00,606.0928126270795,55.93
09/14 19:00:00,603.923152738225,0.0
09/14 20:00:00,582.476394797346,0.0
09/14 21:00:00,533.2369496605565,0.0
09/14 22:00:00,511.7117803753282,0.0
09/14 23:00:00,435.3579275862818,0.0
09/15 00:00:00,447.46254831021906,0.0
09/15 01:00:00,442.5618493742559,0.0
09/15 02:00:00,446.0353305910569,0.0
09/15 03:00:00,439.139832609378,0.0
09/15 04:00:00,445.79439353220914,0.0
09/15 05:00:00,547.8869622814632,0.0
09/15 06:00:00,625.3797945721677,8.54
09/15 07:00:00,1244.0640891449611,72.13
09/15 08:00:00,1209.1569473580769,143.8
09/15 09:00:00,1142.9715330041756,242.76
09/15 10:00:00,1169.542725637472,458.51
09/15 11:00:00,1126.3959414627825,435.68
09/15 12:00:00,1189.483708725897,543.25
09/15 13:00:00,1155.220269672447,350.51
09/15 14:00:00,1159.1840260936235,183.34
09/15 15:00:00,1155.3683326848566,142.5
09/15 16:00:00,758.1737929968276,90.61
09/15 17:00:00,588.2127490558051,27.45
09/15 18:00:00,613.0481243141408,6.06
09/15 19:00:00,588.274353934534,0.0
09/15 20:00:00,573.8130099936452,0.0
09/15 21:00:00,534.2309222272327,0.0
09/15 22:00:00,506.0717477440723,0.0
09/15 23:00:00,376.8780946500501,0.0
09/16 00:00:00,376.09000739840246,0.0
09/16 01:00:00,376.5240313334555,0.0
09/16 02:00:00,372.5616892737936,1.0
09/16 03:00:00,373.9665397509417,0.0
09/16 04:00:00,378.79146003910796,0.0
09/16 05:00:00,526.1503858229898,0.0
09/16 06:00:00,515.8753727407967,17.39
09/16 07:00:00,662.3878109608069,183.04
09/16 08:00:00,644.2338975944673,305.29
09/16 09:00:00,633.7954082819498,365.13
09/16 10:00:00,652.0321981495634,472.47
09/16 11:00:00,488.77663213447676,481.45
09/16 12:00:00,477.86678472782734,507.94
09/16 13:00:00,496.3218421543235,516.27
09/16 14:00:00,501.3940530699559,428.99
09/16 15:00:00,477.5664351721944,344.11
09/16 16:00:00,421.0711149541557,304.82
09/16 17:00:00,404.9441152030159,143.67
09/16 18:00:00,368.55525313448857,12.27
09/16 19:00:00,379.85367510385527,0.0
09/16 20:00:00,384.8133142388255,0.0
09/16 21:00:00,376.9682109594522,0.0
09/16 22:00:00,364.7181688545856,0.0
09/16 23:00:00,368.08741534713886,0.0
09/17 00:00:00,374.44474526511567,0.0
09/17 01:00:00,379.7976825678556,0.0
09/17 02:00:00,374.22572616525974,0.0
09/17 03:00:00,374.4583836141218,0.0
09/17 04:00:00,384.45040265834047,0.0
09/17 05:00:00,429.39408009293714,0.0
09/17 06:00:00,427.2042106484447,7.92
09/17 07:00:00,445.57546021789534,61.32
09/17 08:00:00,437.12123676420697,104.93
09/17 09:00:00,424.40827429367704,396.27
09/17 10:00:00,419.74582120688905,497.94
09/17 11:00:00,425.98528635143145,576.23
09/17 12:00:00,428.8248286330576,609.1
09/17 13:00:00,430.64161097917713,579.48
09/17 14:00:00,428.7829034983223,497.86
09/17 15:00:00,440.8441011250454,414.8
09/17 16:00:00,439.2674545165042,327.96
09/17 17:00:00,385.8205243497877,206.19
09/17 18:00:00,394.65170137650836,27.44
09/17 19:00:00,393.3460412965232,0.0
09/17 20:00:00,384.00521640637044,0.0
09/17 21:00:00,375.0476091764652,0.0
09/17 22:00:00,385.40711546565745,0.0
09/17 23:00:00,439.5861853765977,0.0
09/18 00:00:00,433.00652226483714,0.0
09/18 01:00:00,449.02068654571207,0.0
09/18 02:00:00,436.08375086994704,0.0
09/18 03:00:00,439.8100934875193,0.0
09/18 04:00:00,457.78883078576035,0.0
09/18 05:00:00,529.0922534387212,0.0
09/18 06:00:00,625.9898057993346,10.51
09/18 07:00:00,1324.069908637606,148.54
09/18 08:00:00,1271.428228186939,285.21
09/18 09:00:00,1271.2419206376007,393.37
09/18 10:00:00,1273.8907228992953,436.63
09/18 11:00:00,1184.947161983153,477.66
09/18 12:00:00,1266.9965657138844,572.96
09/18 13:00:00,1291.3394238063665,461.48
09/18 14:00:00,1294.359745079872,479.25
09/18 15:00:00,1334.8903510179334,416.92
09/18 16:00:00,850.8663719946252,310.15
09/18 17:00:00,627.299173854565,196.75
09/18 18:00:00,656.0079582559782,23.83
09/18 19:00:00,621.4401284607001,0.0
09/18 20:00:00,593.4274005119813,0.0
09/18 21:00:00,556.7471284491354,0.0
09/18 22:00:00,520.3167302079838,0.0
09/18 23:00:00,450.43498243433453,0.0
09/19 00:00:00,465.2193239221898,0.0
09/19 01:00:00,460.62552964080834,0.0
09/19 02:00:00,456.3352987492147,0.0
09/19 03:00:00,468.68284393604074,0.0
09/19 04:00:00,461.84654449600384,0.0
09/19 05:00:00,556.8973665215138,0.0
09/19 06:00:00,654.0096898182595,9.18
09/19 07:00:00,1301.9093319540289,153.86
09/19 08:00:00,1381.0036317594395,238.42
09/19 09:00:00,1312.7305511336517,300.58
09/19 10:00:00,1312.0008984753451,472.27
09/19 11:00:00,1243.865594915975,529.41
09/19 12:00:00,1308.104710489272,592.61
09/19 13:00:00,1294.1864295120397,570.07
09/19 14:00:00,1303.0352830019974,503.32
09/19 15:00:00,1332.555758064984,410.52
09/19 16:00:00,868.6631743995899,315.82
09/19 17:00:00,673.2917387294508,195.41
09/19 18:00:00,743.4557350239253,23.82
09/19 19:00:00,729.9310623843343,0.0
09/19 20:00:00,713.3735173705202,0.0
09/19 21:00:00,662.0291734052705,0.0
09/19 22:00:00,628.496974567706,0.0
09/19 23:00:00,540.3175964299652,0.0
09/20 00:00:00,547.6208486849479,0.0
09/20 01:00:00,544.2097310568564,0.0
09/20 02:00:00,540.0172918725215,0.0
09/20 03:00:00,543.1247446740556,0.0
09/20 04:00:00,552.2119750407473,0.0
09/20 05:00:00,649.1363568421643,0.0
09/20 06:00:00,770.6628909023154,10.0
09/20 07:00:00,1504.2942408980641,91.04
09/20 08:00:00,1412.1125352652905,195.64
09/20 09:00:00,1320.262420095029,332.57
09/20 10:00:00,1302.9273909787069,407.32
09/20 11:00:00,1244.331020913393,497.76
09/20 12:00:00,1324.164412738453,286.35
09/20 13:00:00,1302.1917427318608,325.28
09/20 14:00:00,1301.3447216984305,294.73
09/20 15:00:00,1321.987388292332,153.54
09/20 16:00:00,863.4467019946267,56.03
09/20 17:00:00,689.8016954986664,19.19
09/20 18:00:00,735.8195227798162,5.06
09/20 19:00:00,706.2837877282554,0.0
09/20 20:00:00,692.3029000282263,0.0
09/20 21:00:00,649.7264295511446,0.0
09/20 22:00:00,639.0414413227973,0.0
09/20 23:00:00,547.4648848792862,0.0
09/21 00:00:00,551.0737310893927,0.0
09/21 01:00:00,553.7740682264655,0.0
09/21 02:00:00,553.2701001155466,0.0
09/21 03:00:00,555.737904708096,0.0
09/21 04:00:00,559.5855547873084,0.0
09/21 05:00:00,666.7413821041446,0.0
09/21 06:00:00,780.0828916519665,9.0
09/21 07:00:00,1553.424445921601,61.1
09/21 08:00:00,1437.376300787724,27.31
09/21 09:00:00,1335.0776160147732,76.33
09/21 10:00:00,1306.9072782568062,88.64
09/21 11:00:00,1246.8956794754658,211.66
09/21 12:00:00,1311.3089283875993,142.83
09/21 13:00:00,1314.0740136846243,92.24
09/21 14:00:00,1298.9318961575327,73.12
09/21 15:00:00,1340.8841949525015,51.47
09/21 16:00:00,873.1911240313825,48.67
09/21 17:00:00,696.3133908874411,21.19
09/21 18:00:00,733.564135513689,9.42
09/21 19:00:00,704.8521548170789,0.0
09/21 20:00:00,690.7529451262344,0.0
09/21 21:00:00,640.8408610968136,0.0
09/21 22:00:00,630.7704332592986,0.0
09/21 23:00:00,547.4242794269321,0.0
09/22 00:00:00,549.4545426807393,0.0
09/22 01:00:00,545.5974356400927,0.0
09/22 02:00:00,550.4621826182606,0.0
09/22 03:00:00,546.0501958812098,0.0
09/22 04:00:00,560.6688466545102,0.0
09/22 05:00:00,661.4858680723689,0.0
09/22 06:00:00,781.0800119388299,6.0
09/22 07:00:00,1536.8428558900428,57.53
09/22 08:00:00,1433.5142826282363,130.35
09/22 09:00:00,1341.8107023455486,258.93
09/22 10:00:00,1325.4274242723918,198.48
09/22 11:00:00,1107.2447093485948,117.44
09/22 12:00:00,1191.2314467103377,142.8
09/22 13:00:00,1173.415832987441,117.46
09/22 14:00:00,1178.271630518551,61.56
09/22 15:00:00,1200.3069039941215,46.46
09/22 16:00:00,798.3454701995405,18.33
09/22 17:00:00,611.6720970280254,17.18
09/22 18:00:00,630.1777840689634,13.71
09/22 19:00:00,597.6999440258535,0.0
09/22 20:00:00,576.4332129082215,0.0
09/22 21:00:00,536.4211192628392,0.0
09/22 22:00:00,527.0783583586945,0.0
09/22 23:00:00,396.07616479546834,0.0
09/23 00:00:00,390.6572210086477,0.0
09/23 01:00:00,393.56940861340195,0.0
09/23 02:00:00,390.8591761804869,0.0
09/23 03:00:00,395.03909916300074,0.0
09/23 04:00:00,395.5634976734693,0.0
09/23 05:00:00,555.0316892329608,0.0
09/23 06:00:00,544.4837257069247,4.0
09/23 07:00:00,693.8831104661546,24.45
09/23 08:00:00,675.9695668334201,42.6
09/23 09:00:00,636.8004270750362,81.74
09/23 10:00:00,637.5600282262898,144.84
09/23 11:00:00,473.2877474538974,266.36
09/23 12:00:00,467.86452157644305,239.35
09/23 13:00:00,466.71348315286093,306.52
09/23 14:00:00,465.61784444717136,348.99
09/23 15:00:00,473.4964962503036,378.25
09/23 16:00:00,416.5250930449819,255.12
09/23 17:00:00,414.9802535443185,173.45
09/23 18:00:00,385.0654795776466,11.94
09/23 19:00:00,391.74309352501587,0.0
09/23 20:00:00,391.4540376920045,0.0
09/23 21:00:00,399.3260080160085,0.0
09/23 22:00:00,395.09690736378076,0.0
09/23 23:00:00,388.72698797409765,0.0
09/24 00:00:00,388.4470892126099,0.0
09/24 01:00:00,388.0637240465819,0.0
09/24 02:00:00,378.86339366093654,0.0
09/24 03:00:00,388.68537245209336,0.0
09/24 04:00:00,387.02500213195196,0.0
09/24 05:00:00,436.7130989895272,0.0
09/24 06:00:00,435.74162314367004,2.0
09/24 07:00:00,436.4446565979953,56.91
09/24 08:00:00,434.7411035763136,184.68
09/24 09:00:00,437.47542609622326,276.3
09/24 10:00:00,428.6937621365031,348.72
09/24 11:00:00,424.8869254426017,416.12
09/24 12:00:00,428.41180201805537,243.46
09/24 13:00:00,432.82965795640683,269.63
09/24 14:00:00,435.5055254271749,108.73
09/24 15:00:00,429.2620876349773,109.13
09/24 16:00:00,447.7142593895473,32.32
09/24 17:00:00,398.6206731530003,14.17
09/24 18:00:00,394.3592222611951,2.02
09/24 19:00:00,393.4325653842111,0.0
09/24 20:00:00,394.2329694456698,0.0
09/24 21:00:00,390.2875183326934,0.0
09/24 22:00:00,385.8651329091034,0.0
09/24 23:00:00,447.27218382447074,0.0
09/25 00:00:00,438.7359479787599,0.0
09/25 01:00:00,438.98536765495595,0.0
09/25 02:00:00,442.2743868913605,0.0
09/25 03:00:00,438.35983875206574,0.0
09/25 04:00:00,448.68636191025524,0.0
09/25 05:00:00,533.1440339125118,0.0
09/25 06:00:00,641.7749173075846,1.0
09/25 07:00:00,1367.3915591295995,9.14
09/25 08:00:00,1299.8275620809616,45.88
09/25 09:00:00,1289.0793211188222,71.28
09/25 10:00:00,1295.4837083338766,49.53
09/25 11:00:00,1202.1303861600522,71.19
09/25 12:00:00,1293.5773068563394,63.62
09/25 13:00:00,1293.0893985801952,45.6
09/25 14:00:00,1270.247550856002,42.54
09/25 15:00:00,1282.8688982815297,59.88
09/25 16:00:00,837.235974665751,39.63
09/25 17:00:00,617.2238371228506,75.92
09/25 18:00:00,642.276464900514,2.0
09/25 19:00:00,597.8413610505659,0.0
09/25 20:00:00,566.8140433341639,0.0
09/25 21:00:00,523.6229224700106,0.0
09/25 22:00:00,505.2199478743281,0.0
09/25 23:00:00,441.33587810782376,0.0
09/26 00:00:00,428.28216259762485,0.0
09/26 01:00:00,432.61280749818565,0.0
09/26 02:00:00,435.24233256632107,0.0
09/26 03:00:00,426.5767622129397,0.0
09/26 04:00:00,441.58437422980484,0.0
09/26 05:00:00,527.5560488317599,0.0
09/26 06:00:00,625.0787049518256,2.0
09/26 07:00:00,1256.3746351901666,38.36
09/26 08:00:00,1178.589344845615,110.51
09/26 09:00:00,1141.866219836821,345.83
09/26 10:00:00,1151.6199984090667,452.76
09/26 11:00:00,1092.9979392861178,403.04
09/26 12:00:00,1171.841252311382,493.71
09/26 13:00:00,1138.2454808091895,478.51
09/26 14:00:00,1149.5246202414328,271.88
09/26 15:00:00,1177.0960156643664,189.42
09/26 16:00:00,749.9005576169493,182.31
09/26 17:00:00,575.8547082581695,36.93
09/26 18:00:00,614.074940819835,9.0
09/26 19:00:00,595.0785167334442,0.0
09/26 20:00:00,587.2101578302637,0.0
09/26 21:00:00,532.5056414717782,0.0
09/26 22:00:00,499.8206238951767,0.0
09/26 23:00:00,440.16791075065544,0.0
09/27 00:00:00,439.1214815774127,0.0
09/27 01:00:00,440.04101493456,0.0
09/27 02:00:00,427.16233400809057,0.0
09/27 03:00:00,437.40321178911074,0.0
09/27 04:00:00,447.4004919161887,0.0
09/27 05:00:00,530.6334071885366,0.0
09/27 06:00:00,649.649299942078,7.0
09/27 07:00:00,1313.410973899787,128.11
09/27 08:00:00,1257.2708079028946,241.38
09/27 09:00:00,1230.1148138516,350.6
09/27 10:00:00,1218.534565521588,453.52
09/27 11:00:00,1133.2877778350105,519.39
09/27 12:00:00,1222.7659316743086,490.1
09/27 13:00:00,1217.9671016748644,297.01
09/27 14:00:00,1225.4165712468362,267.94
09/27 15:00:00,1223.5214084972577,312.96
09/27 16:00:00,792.7016256355889,260.68
09/27 17:00:00,606.8342937563315,77.44
09/27 18:00:00,623.2728339844917,4.0
09/27 19:00:00,589.6398226479831,0.0
09/27 20:00:00,558.3085301723553,0.0
09/27 21:00:00,509.3430251714511,0.0
09/27 22:00:00,499.7338817220986,0.0
09/27 23:00:00,429.9827474300503,0.0
09/28 00:00:00,432.5974611750883,0.0
09/28 01:00:00,431.3145438918659,0.0
09/28 02:00:00,429.14908548201527,0.0
09/28 03:00:00,425.7965547745686,0.0
09/28 04:00:00,437.9425941925367,0.0
09/28 05:00:00,521.6863783227552,0.0
09/28 06:00:00,621.3371278129187,5.0
09/28 07:00:00,1225.5287376165115,90.67
09/28 08:00:00,1198.5584557091313,166.27
09/28 09:00:00,1171.4083934844564,234.05
09/28 10:00:00,1315.4533254026865,296.02
09/28 11:00:00,1247.3071470799232,398.62
09/28 12:00:00,1307.774928781687,348.24
09/28 13:00:00,1291.0062027070012,342.1
09/28 14:00:00,1294.3211275782,366.42
09/28 15:00:00,1305.777850627315,320.89
09/28 16:00:00,773.3116549590103,219.32
09/28 17:00:00,590.1401336600702,92.02
09/28 18:00:00,627.9043414151506,2.0
09/28 19:00:00,598.35443164961,0.0
09/28 20:00:00,588.1138900185258,0.0
09/28 21:00:00,538.5288463068366,0.0
09/28 22:00:00,520.2243175634212,0.0
09/28 23:00:00,449.50158690331136,0.0
09/29 00:00:00,453.5704552025308,0.0
09/29 01:00:00,439.78759384716966,0.0
09/29 02:00:00,438.9574443897377,0.0
09/29 03:00:00,439.02982829787925,0.0
09/29 04:00:00,441.6228145291754,0.0
09/29 05:00:00,532.1050679207382,0.0
09/29 06:00:00,626.4841803607379,4.0
09/29 07:00:00,1213.4252935695556,100.19
09/29 08:00:00,1175.919835329314,179.02
09/29 09:00:00,1154.5619291324163,294.1
09/29 10:00:00,1278.3801173359896,218.32
09/29 11:00:00,1218.3191823917755,280.97
09/29 12:00:00,1294.911111518355,428.7
09/29 13:00:00,1318.099917781388,402.51
09/29 14:00:00,1305.6726566430948,348.36
09/29 15:00:00,1300.8485262646066,314.82
09/29 16:00:00,838.6352264283754,271.15
09/29 17:00:00,665.0107462136694,130.33
09/29 18:00:00,717.6258343099535,5.0
09/29 19:00:00,686.5193309172034,0.0
09/29 20:00:00,664.3467186024589,0.0
09/29 21:00:00,617.3293713476248,1.0
09/29 22:00:00,597.5534655153516,0.0
09/29 23:00:00,448.2450690224025,0.0
09/30 00:00:00,448.67516215582583,0.0
09/30 01:00:00,442.0140215107492,0.0
09/30 02:00:00,440.1503356811066,0.0
09/30 03:00:00,437.23462295630037,0.0
09/30 04:00:00,440.2956752374483,0.0
09/30 05:00:00,623.0497505388696,0.0
09/30 06:00:00,636.1002396434469,2.0
09/30 07:00:00,802.0327862927926,57.16
09/30 08:00:00,756.4834646397326,83.52
09/30 09:00:00,703.248454076997,98.82
09/30 10:00:00,703.5381789896621,100.52
09/30 11:00:00,525.0484592838814,104.27
09/30 12:00:00,514.7700538940697,188.87
09/30 13:00:00,515.6594017228288,214.72
09/30 14:00:00,516.7163701493726,117.06
09/30 15:00:00,534.035328292616,137.99
09/30 16:00:00,459.72854681540355,69.97
09/30 17:00:00,480.7832936890826,19.26
09/30 18:00:00,461.5392080056111,1.0
09/30 19:00:00,468.83537893025334,0.0
09/30 20:00:00,468.69396318996195,0.0
09/30 21:00:00,478.6873397891892,0.0
09/30 22:00:00,483.1901227190175,0.0
09/30 23:00:00,612.9892847824586,0.0
10/01 00:00:00,622.4584973048771,0.0
10/01 01:00:00,621.6383840640877,0.0
10/01 02:00:00,619.5077094592003,0.0
10/01 03:00:00,618.1318246028745,0.0
10/01 04:00:00,622.494733522508,0.0
10/01 05:00:00,683.611363641144,0.0
10/01 06:00:00,688.5358742762825,3.0
10/01 07:00:00,682.0844419025339,76.55
10/01 08:00:00,676.8537997566233,236.79
10/01 09:00:00,671.9121910148947,338.74
10/01 10:00:00,676.0783108479229,438.74
10/01 11:00:00,688.4945972631109,509.59
10/01 12:00:00,686.6121028805123,543.07
10/01 13:00:00,687.3991382331106,508.69
10/01 14:00:00,689.6071873521968,438.25
10/01 15:00:00,691.5248718263697,339.71
10/01 16:00:00,695.166593023388,192.54
10/01 17:00:00,636.938798843277,33.0
10/01 18:00:00,633.750048184762,0.0
10/01 19:00:00,627.1656342648665,0.0
10/01 20:00:00,630.2124173434304,0.0
10/01 21:00:00,632.8516344529912,0.0
10/01 22:00:00,629.3220545007531,0.0
10/01 23:00:00,709.4004421214983,0.0
10/02 00:00:00,706.8944813622198,0.0
10/02 01:00:00,707.9307697795239,0.0
10/02 02:00:00,708.8894459507625,0.0
10/02 03:00:00,706.5305069676859,0.0
10/02 04:00:00,712.050523941488,0.0
10/02 05:00:00,810.3563646768448,0.0
10/02 06:00:00,941.1189884247514,0.0
10/02 07:00:00,1841.2590634073536,10.11
10/02 08:00:00,1741.5244308005103,36.52
10/02 09:00:00,1703.057826407339,45.79
10/02 10:00:00,1755.993748434772,65.99
10/02 11:00:00,1665.0765426235369,58.56
10/02 12:00:00,1767.7895965852747,54.58
10/02 13:00:00,1771.0445503177536,56.56
10/02 14:00:00,1795.5762173136964,44.5
10/02 15:00:00,1845.0846687709436,27.4
10/02 16:00:00,1250.0366705483489,20.27
10/02 17:00:00,947.853976319811,9.12
10/02 18:00:00,945.8162388058116,0.0
10/02 19:00:00,890.1455910872666,0.0
10/02 20:00:00,868.4055681649737,0.0
10/02 21:00:00,817.1255631035286,1.0
10/02 22:00:00,786.7453914811961,0.0
10/02 23:00:00,692.6714850572928,0.0
10/03 00:00:00,696.0931794884058,0.0
10/03 01:00:00,698.8905168429811,0.0
10/03 02:00:00,698.7431022473565,0.0
10/03 03:00:00,706.5778601000519,0.0
10/03 04:00:00,708.2213146983536,0.0
10/03 05:00:00,814.2347458259057,0.0
10/03 06:00:00,940.0733430947652,1.0
10/03 07:00:00,1716.0941954754553,64.77
10/03 08:00:00,1528.0574105787814,117.82
10/03 09:00:00,1428.6211883992196,282.21
10/03 10:00:00,1414.0873181256823,285.65
10/03 11:00:00,1338.3893718110528,456.35
10/03 12:00:00,1408.7850166753908,451.55
10/03 13:00:00,1404.053007883446,431.02
10/03 14:00:00,1407.9554811889273,308.83
10/03 15:00:00,1409.9004196094575,222.9
10/03 16:00:00,957.9561370053906,219.36
10/03 17:00:00,786.7468969205615,101.88
10/03 18:00:00,835.3349001190118,1.0
10/03 19:00:00,818.8566385303988,0.0
10/03 20:00:00,804.9376141603536,0.0
10/03 21:00:00,772.349087038028,0.0
10/03 22:00:00,759.9607047443759,0.0
10/03 23:00:00,673.742698393463,0.0
10/04 00:00:00,669.4561399451787,0.0
10/04 01:00:00,661.6896697211657,0.0
10/04 02:00:00,658.5877169010334,0.0
10/04 03:00:00,666.0413837475446,0.0
10/04 04:00:00,669.7643909629543,0.0
10/04 05:00:00,770.134040683105,0.0
10/04 06:00:00,893.9308374043383,0.0
10/04 07:00:00,1647.480096518509,59.37
10/04 08:00:00,1504.724548814382,163.93
10/04 09:00:00,1426.6061028062622,260.21
10/04 10:00:00,1428.540024042187,401.05
10/04 11:00:00,1349.0118961450817,419.65
10/04 12:00:00,1430.0697698805361,504.94
10/04 13:00:00,1412.672368969966,464.55
10/04 14:00:00,1418.9257390019875,373.87
10/04 15:00:00,1429.489310212172,323.15
10/04 16:00:00,981.9142357597175,224.13
10/04 17:00:00,803.2306892646571,85.77
10/04 18:00:00,850.3411884717046,1.0
10/04 19:00:00,816.686524947875,0.0
10/04 20:00:00,817.6611333124762,0.0
10/04 21:00:00,781.0397143528353,0.0
10/04 22:00:00,783.0968564957651,0.0
10/04 23:00:00,705.1382180467465,0.0
10/05 00:00:00,701.0999439302377,0.0
10/05 01:00:00,690.0952348424122,0.0
10/05 02:00:00,686.2335186489427,0.0
10/05 03:00:00,691.3027410631099,0.0
10/05 04:00:00,693.3767731189135,0.0
10/05 05:00:00,800.8996027578072,0.0
10/05 06:00:00,920.3242412991348,0.0
10/05 07:00:00,1688.008101273327,20.48
10/05 08:00:00,1501.7133595449955,146.24
10/05 09:00:00,1442.8076057244505,256.8
10/05 10:00:00,1436.513722610488,149.7
10/05 11:00:00,1357.632544667425,255.71
10/05 12:00:00,1429.770137682067,168.77
10/05 13:00:00,1417.674032733238,249.06
10/05 14:00:00,1405.530657450647,188.46
10/05 15:00:00,1426.123437716286,74.53
10/05 16:00:00,964.8572031315248,68.26
10/05 17:00:00,803.0526380127042,27.9
10/05 18:00:00,835.5798848932034,0.0
10/05 19:00:00,810.8730679021915,0.0
10/05 20:00:00,799.4475374126756,0.0
10/05 21:00:00,759.6960990281926,0.0
10/05 22:00:00,736.9053590464486,0.0
10/05 23:00:00,660.9281307561231,0.0
10/06 00:00:00,662.543069398812,0.0
10/06 01:00:00,658.9129014057941,0.0
10/06 02:00:00,661.1293787603342,0.0
10/06 03:00:00,657.7653301862032,0.0
10/06 04:00:00,669.2990548639801,0.0
10/06 05:00:00,766.6312116944703,0.0
10/06 06:00:00,890.7672189420291,0.0
10/06 07:00:00,1650.3479026785587,24.83
10/06 08:00:00,1479.3967236336166,84.38
10/06 09:00:00,1412.4933653749868,155.32
10/06 10:00:00,1411.9678760438537,283.54
10/06 11:00:00,1332.706966579056,422.17
10/06 12:00:00,1411.077854754369,389.97
10/06 13:00:00,1405.3735318262247,281.9
10/06 14:00:00,1398.9208529148793,131.75
10/06 15:00:00,1432.9574877781315,198.65
10/06 16:00:00,958.457893782791,115.51
10/06 17:00:00,784.3928412321433,16.28
10/06 18:00:00,806.4982490393191,0.0
10/06 19:00:00,802.8231179671266,0.0
10/06 20:00:00,795.878418983627,0.0
10/06 21:00:00,772.4040947255264,0.0
10/06 22:00:00,741.0996677829993,0.0
10/06 23:00:00,577.1075840676784,0.0
10/07 00:00:00,580.7783251366868,0.0
10/07 01:00:00,584.9588699950598,0.0
10/07 02:00:00,582.5363370929897,0.0
10/07 03:00:00,582.3969421737132,0.0
10/07 04:00:00,582.7547982365537,0.0
10/07 05:00:00,769.3834034637016,0.0
10/07 06:00:00,755.7194085966145,0.0
10/07 07:00:00,903.285832282323,9.09
10/07 08:00:00,873.5621313498583,57.67
10/07 09:00:00,812.986983852894,88.58
10/07 10:00:00,804.5358020369508,112.28
10/07 11:00:00,621.1841615232722,122.19
10/07 12:00:00,618.3055056548544,145.97
10/07 13:00:00,633.703580960794,152.85
10/07 14:00:00,643.000009195789,154.5
10/07 15:00:00,651.016861942722,164.51
10/07 16:00:00,580.544282754116,116.16
10/07 17:00:00,585.7480413840309,25.88
10/07 18:00:00,554.9892732098693,0.0
10/07 19:00:00,569.6562538403022,0.0
10/07 20:00:00,571.1393882760931,0.0
10/07 21:00:00,583.5266945673216,0.0
10/07 22:00:00,586.7024117701417,0.0
10/07 23:00:00,604.0790426287376,0.0
10/08 00:00:00,592.0800879052593,0.0
10/08 01:00:00,596.5756411312942,0.0
10/08 02:00:00,590.336661723244,0.0
10/08 03:00:00,594.4670441885627,0.0
10/08 04:00:00,595.1218418955775,0.0
10/08 05:00:00,663.3652801384316,0.0
10/08 06:00:00,660.7668805328532,0.0
10/08 07:00:00,653.464540810105,60.02
10/08 08:00:00,648.8618901611138,179.63
10/08 09:00:00,651.6806127390164,128.27
10/08 10:00:00,650.1696061729333,246.98
10/08 11:00:00,650.339106395274,221.4
10/08 12:00:00,644.1841926390757,226.05
10/08 13:00:00,652.0028358894137,265.22
10/08 14:00:00,648.0062258149551,352.79
10/08 15:00:00,659.9078696044406,210.69
10/08 16:00:00,666.4394127626733,34.47
10/08 17:00:00,609.8586720759484,17.33
10/08 18:00:00,604.2158583757885,0.0
10/08 19:00:00,616.3600417844934,0.0
10/08 20:00:00,605.2925876198383,0.0
10/08 21:00:00,603.3409813528513,0.0
10/08 22:00:00,600.3110022243748,0.0
10/08 23:00:00,594.9471942833286,0.0
10/09 00:00:00,596.9180661377567,0.0
10/09 01:00:00,598.7906202155833,0.0
10/09 02:00:00,592.155722198882,0.0
10/09 03:00:00,600.5065126140698,0.0
10/09 04:00:00,597.8921266573333,0.0
10/09 05:00:00,660.045171421769,0.0
10/09 06:00:00,662.7704593152355,0.0
10/09 07:00:00,657.5871343184451,27.25
10/09 08:00:00,656.3742608484035,130.6
10/09 09:00:00,658.7766244822549,226.68
10/09 10:00:00,660.2351449397784,278.3
10/09 11:00:00,658.1464922424346,401.59
10/09 12:00:00,655.9597684048101,326.49
10/09 13:00:00,657.1157960967984,241.48
10/09 14:00:00,654.6931829343589,113.2
10/09 15:00:00,670.2913112755776,51.71
10/09 16:00:00,675.8913151223206,25.23
10/09 17:00:00,617.1856431752981,19.53
10/09 18:00:00,609.4911351053588,0.0
10/09 19:00:00,605.7850886077713,0.0
10/09 20:00:00,606.6653582566736,0.0
10/09 21:00:00,601.7292049197654,0.0
10/09 22:00:00,598.7690959479621,0.0
10/09 23:00:00,676.840409225961,0.0
10/10 00:00:00,674.6377977365947,0.0
10/10 01:00:00,670.9903089494919,0.0
10/10 02:00:00,672.0486258273033,0.0
10/10 03:00:00,673.9294957982263,0.0
10/10 04:00:00,676.0368240447275,0.0
10/10 05:00:00,787.6181826878775,0.0
10/10 06:00:00,907.6561162560259,0.0
10/10 07:00:00,1653.9932862040591,43.89
10/10 08:00:00,1506.0244721467461,67.69
10/10 09:00:00,1434.1729003754194,143.97
10/10 10:00:00,1409.4289760416798,114.62
10/10 11:00:00,1326.5054082672495,98.06
10/10 12:00:00,1394.7151338083345,172.04
10/10 13:00:00,1390.2103117855265,163.2
10/10 14:00:00,1388.1560566491523,221.08
10/10 15:00:00,1395.1306573085058,197.78
10/10 16:00:00,946.6981600979801,114.49
10/10 17:00:00,785.0888127950869,10.14
10/10 18:00:00,839.1606247778979,0.0
10/10 19:00:00,816.4586545137353,0.0
10/10 20:00:00,800.5147628239056,0.0
10/10 21:00:00,769.2559589486041,0.0
10/10 22:00:00,746.3210154580017,0.0
10/10 23:00:00,673.5228792471182,0.0
10/11 00:00:00,673.8512786307648,0.0
10/11 01:00:00,667.7324504941598,0.0
10/11 02:00:00,672.7483994715486,0.0
10/11 03:00:00,671.3514740679387,0.0
10/11 04:00:00,677.6559854851729,0.0
10/11 05:00:00,780.1090364682864,0.0
10/11 06:00:00,895.6308723340197,0.0
10/11 07:00:00,1656.9519840843843,58.74
10/11 08:00:00,1515.012940232026,179.19
10/11 09:00:00,1436.704801978222,284.18
10/11 10:00:00,1410.0723802517828,349.2
10/11 11:00:00,1356.8162039229505,325.61
10/11 12:00:00,1411.0384896193855,389.76
10/11 13:00:00,1414.8903533496662,267.66
10/11 14:00:00,1411.314327357635,379.02
10/11 15:00:00,1440.8113327751707,274.27
10/11 16:00:00,994.0556056109293,52.51
10/11 17:00:00,805.8929475792686,18.64
10/11 18:00:00,844.7219415783647,0.0
10/11 19:00:00,808.3382823285167,0.0
10/11 20:00:00,804.2704348282911,0.0
10/11 21:00:00,760.5093025339244,0.0
10/11 22:00:00,744.1529901895872,0.0
10/11 23:00:00,650.4029830314447,0.0
10/12 00:00:00,652.3254962023894,0.0
10/12 01:00:00,659.375608942545,0.0
10/12 02:00:00,674.8937161857455,0.0
10/12 03:00:00,674.8550960866246,0.0
10/12 04:00:00,678.7077569403773,0.0
10/12 05:00:00,783.3873130385396,0.0
10/12 06:00:00,897.674117525187,0.0
10/12 07:00:00,1653.4186977613517,28.01
10/12 08:00:00,1507.1385138453088,119.78
10/12 09:00:00,1422.4025149780425,131.6
10/12 10:00:00,1429.3063284558327,219.0
10/12 11:00:00,1367.8214255764042,322.72
10/12 12:00:00,1419.708939509853,325.68
10/12 13:00:00,1406.8311199826462,261.71
10/12 14:00:00,1398.412307271388,275.69
10/12 15:00:00,1415.431204764359,241.9
10/12 16:00:00,960.5749386094071,164.59
10/12 17:00:00,788.757505001907,38.05
10/12 18:00:00,829.733528434849,0.0
10/12 19:00:00,815.6242790585284,0.0
10/12 20:00:00,803.3108377076212,0.0
10/12 21:00:00,747.7458430008098,0.0
10/12 22:00:00,732.8788705532922,0.0
10/12 23:00:00,649.1088018164701,0.0
10/13 00:00:00,653.3947323307804,0.0
10/13 01:00:00,654.2023511211702,0.0
10/13 02:00:00,657.5950845673103,0.0
10/13 03:00:00,662.7163973163056,0.0
10/13 04:00:00,663.3308477721399,0.0
10/13 05:00:00,761.8372912830309,0.0
10/13 06:00:00,892.7832515018922,0.0
10/13 07:00:00,1670.2805919427417,10.18
10/13 08:00:00,1519.2357026834995,49.26
10/13 09:00:00,1401.1396493366992,122.12
10/13 10:00:00,1398.5435491570574,160.62
10/13 11:00:00,1335.166490038344,187.97
10/13 12:00:00,1403.3679319754588,216.66
10/13 13:00:00,1394.7041480643093,281.19
10/13 14:00:00,1402.4107763149955,259.52
10/13 15:00:00,1414.5877683424185,179.69
10/13 16:00:00,962.8177795798806,93.16
10/13 17:00:00,795.451294801796,18.84
10/13 18:00:00,836.773137591766,0.0
10/13 19:00:00,813.3589818491116,0.0
10/13 20:00:00,807.922264995328,0.0
10/13 21:00:00,779.6713992804995,0.0
10/13 22:00:00,754.5721458608792,0.0
10/13 23:00:00,601.5974837035131,0.0
10/14 00:00:00,601.0396655095398,0.0
10/14 01:00:00,603.6073079600344,0.0
10/14 02:00:00,599.2642481704323,0.0
10/14 03:00:00,600.7337407205165,0.0
10/14 04:00:00,592.6345034737689,0.0
10/14 05:00:00,786.8861257162332,0.0
10/14 06:00:00,775.8806945747266,0.0
10/14 07:00:00,924.8124208907799,40.18
10/14 08:00:00,857.9657103544304,175.34
10/14 09:00:00,810.374894508412,253.24
10/14 10:00:00,808.0329767851413,175.4
10/14 11:00:00,628.6683058644237,178.37
10/14 12:00:00,623.107325672338,363.91
10/14 13:00:00,625.7142099818057,234.53
10/14 14:00:00,630.4486396614074,256.34
10/14 15:00:00,636.9744513408336,241.1
10/14 16:00:00,566.4080777274298,163.07
10/14 17:00:00,587.9357484613922,26.09
10/14 18:00:00,562.9487363961895,0.0
10/14 19:00:00,578.5200238818984,0.0
10/14 20:00:00,585.1468122489671,0.0
10/14 21:00:00,587.9018830179734,0.0
10/14 22:00:00,583.7628642591983,0.0
10/14 23:00:00,593.6381438154824,0.0
10/15 00:00:00,592.9942356285757,0.0
10/15 01:00:00,595.9091479166166,0.0
10/15 02:00:00,598.0009156014652,0.0
10/15 03:00:00,597.7487203928692,0.0
10/15 04:00:00,595.166982706018,0.0
10/15 05:00:00,662.6568264310275,0.0
10/15 06:00:00,660.3376589712959,0.0
10/15 07:00:00,657.1379740320382,21.43
10/15 08:00:00,649.2737233570493,179.99
10/15 09:00:00,647.8363195012167,273.8
10/15 10:00:00,639.54794710227,240.71
10/15 11:00:00,645.1732724582062,226.92
10/15 12:00:00,648.1346405439591,279.75
10/15 13:00:00,647.6728114517982,365.03
10/15 14:00:00,648.9542357430961,307.51
10/15 15:00:00,655.5025556474291,263.56
10/15 16:00:00,661.0207230995746,155.81
10/15 17:00:00,604.0632157548501,13.53
10/15 18:00:00,596.8987136507052,0.0
10/15 19:00:00,597.6668149426321,0.0
10/15 20:00:00,595.9117385832834,0.0
10/15 21:00:00,597.848864002282,0.0
10/15 22:00:00,592.0704860072375,0.0
10/15 23:00:00,665.4464917924424,0.0
10/16 00:00:00,669.312954394183,0.0
10/16 01:00:00,665.8188082567859,0.0
10/16 02:00:00,666.8975841807184,0.0
10/16 03:00:00,667.0679345799559,0.0
10/16 04:00:00,668.8092154079939,0.0
10/16 05:00:00,772.848172877022,0.0
10/16 06:00:00,916.2674720233176,0.0
10/16 07:00:00,1790.5677211386535,7.09
10/16 08:00:00,1722.5464318850766,36.78
10/16 09:00:00,1689.866221456378,47.65
10/16 10:00:00,1681.6557226903192,128.49
10/16 11:00:00,1609.3644140177869,69.97
10/16 12:00:00,1691.9641607389065,48.5
10/16 13:00:00,1681.8691622772762,54.96
10/16 14:00:00,1728.1902138211603,29.42
10/16 15:00:00,1744.8938976417214,22.32
10/16 16:00:00,1181.2563682712516,13.19
10/16 17:00:00,916.1974940471391,2.0
10/16 18:00:00,911.8967692188311,0.0
10/16 19:00:00,846.4853949733955,0.0
10/16 20:00:00,833.1290579374202,0.0
10/16 21:00:00,774.1005608734396,0.0
10/16 22:00:00,748.3767353835096,0.0
10/16 23:00:00,670.9416410164142,0.0
10/17 00:00:00,667.0442623735818,0.0
10/17 01:00:00,671.352683294529,0.0
10/17 02:00:00,669.0434586860137,0.0
10/17 03:00:00,675.7535840070447,0.0
10/17 04:00:00,677.8596112707498,0.0
10/17 05:00:00,779.0260947113927,0.0
10/17 06:00:00,891.7430318322727,0.0
10/17 07:00:00,1637.4854281530784,28.44
10/17 08:00:00,1467.8088426923218,156.63
10/17 09:00:00,1394.9768714018076,244.66
10/17 10:00:00,1385.6926969377055,271.35
10/17 11:00:00,1340.2428293590826,300.05
10/17 12:00:00,1426.456531189594,254.3
10/17 13:00:00,1410.2139099940593,239.3
10/17 14:00:00,1412.141865542623,255.36
10/17 15:00:00,1423.5422188033774,221.62
10/17 16:00:00,969.3078190114363,100.25
10/17 17:00:00,805.5597200873701,7.15
10/17 18:00:00,842.9906379948955,0.0
10/17 19:00:00,804.3034545717197,0.0
10/17 20:00:00,796.1265960336003,0.0
10/17 21:00:00,770.2203712823765,0.0
10/17 22:00:00,748.2905481144078,0.0
10/17 23:00:00,663.6000549488091,0.0
10/18 00:00:00,667.8436803361292,0.0
10/18 01:00:00,668.8693488305275,0.0
10/18 02:00:00,666.9351622919114,0.0
10/18 03:00:00,664.9037963032808,0.0
10/18 04:00:00,676.9847026309321,0.0
10/18 05:00:00,773.1309330811681,0.0
10/18 06:00:00,886.7007912800934,0.0
10/18 07:00:00,1678.9056696171515,3.04
10/18 08:00:00,1532.4533296692248,30.56
10/18 09:00:00,1391.4029651746098,107.34
10/18 10:00:00,1393.2812313393167,133.17
10/18 11:00:00,1321.6573715040072,129.72
10/18 12:00:00,1397.9372897471799,263.8
10/18 13:00:00,1383.7087362910174,187.59
10/18 14:00:00,1392.5599276268433,171.17
10/18 15:00:00,1413.3638635455102,138.41
10/18 16:00:00,984.8140289777384,40.05
10/18 17:00:00,791.9729273458494,2.02
10/18 18:00:00,831.9173089962965,0.0
10/18 19:00:00,794.670122102433,0.0
10/18 20:00:00,801.3403698329498,0.0
10/18 21:00:00,756.1829404385268,0.0
10/18 22:00:00,733.6608395791203,0.0
10/18 23:00:00,650.1938004187818,0.0
10/19 00:00:00,651.6011057886546,0.0
10/19 01:00:00,656.2795309022295,0.0
10/19 02:00:00,652.5288310740691,0.0
10/19 03:00:00,654.8290617169177,0.0
10/19 04:00:00,659.6416830207882,0.0
10/19 05:00:00,758.3343621515158,0.0
10/19 06:00:00,882.4206508552168,0.0
10/19 07:00:00,1663.9348844504232,4.03
10/19 08:00:00,1508.3209620309942,28.55
10/19 09:00:00,1431.7419120419968,46.93
10/19 10:00:00,1430.0902036848263,66.22
10/19 11:00:00,1358.7478299220888,71.4
10/19 12:00:00,1443.7980198734144,99.43
10/19 13:00:00,1423.8992612562042,153.41
10/19 14:00:00,1423.7701024185405,97.79
10/19 15:00:00,1426.7969532593745,86.29
10/19 16:00:00,973.1572938628791,72.93
10/19 17:00:00,800.8069329334621,3.04
10/19 18:00:00,830.2323020779118,0.0
10/19 19:00:00,807.4870153975415,0.0
10/19 20:00:00,814.7973677103818,0.0
10/19 21:00:00,770.8958220779415,0.0
10/19 22:00:00,748.216634662806,0.0
10/19 23:00:00,671.0602471137416,0.0
10/20 00:00:00,669.5825053276616,0.0
10/20 01:00:00,676.1065707619949,0.0
10/20 02:00:00,678.5356788666759,0.0
10/20 03:00:00,675.5972023009165,0.0
10/20 04:00:00,670.1598326253755,0.0
10/20 05:00:00,769.7486523738926,0.0
10/20 06:00:00,885.7967262988412,0.0
10/20 07:00:00,1648.2200864691856,7.17
10/20 08:00:00,1514.433287001948,59.84
10/20 09:00:00,1411.7151409228932,70.83
10/20 10:00:00,1400.8257668346555,271.46
10/20 11:00:00,1330.2386262834707,260.6
10/20 12:00:00,1398.8015954851917,158.69
10/20 13:00:00,1404.5311941956259,172.98
10/20 14:00:00,1399.7117799530445,92.36
10/20 15:00:00,1434.411270619207,88.52
10/20 16:00:00,997.5746546901398,19.16
10/20 17:00:00,799.6328296831049,8.82
10/20 18:00:00,833.1202884965171,0.0
10/20 19:00:00,801.8507319407719,0.0
10/20 20:00:00,804.5337224467203,0.0
10/20 21:00:00,754.7024295965098,0.0
10/20 22:00:00,745.7640978350765,0.0
10/20 23:00:00,586.6729667159308,0.0
10/21 00:00:00,589.65562049959,0.0
10/21 01:00:00,585.8984946972544,0.0
10/21 02:00:00,581.3011266027892,0.0
10/21 03:00:00,586.777524192644,0.0
10/21 04:00:00,581.9991924972934,0.0
10/21 05:00:00,769.1425485984232,0.0
10/21 06:00:00,754.5842651283934,0.0
10/21 07:00:00,923.948399381185,5.1
10/21 08:00:00,851.5039976841789,92.45
10/21 09:00:00,800.0493842057623,91.89
10/21 10:00:00,809.8841637831354,137.13
10/21 11:00:00,630.8208632657226,177.86
10/21 12:00:00,629.2090747228153,362.34
10/21 13:00:00,630.0916654674578,315.38
10/21 14:00:00,629.6282781102182,209.21
10/21 15:00:00,643.7787785048016,107.62
10/21 16:00:00,572.749099697366,51.22
10/21 17:00:00,591.5902490869641,5.43
10/21 18:00:00,561.4961357442425,0.0
10/21 19:00:00,577.6930078281054,0.0
10/21 20:00:00,584.0851505564334,0.0
10/21 21:00:00,593.231571470886,0.0
10/21 22:00:00,594.6819399668411,0.0
10/21 23:00:00,593.9535501925516,0.0
10/22 00:00:00,594.9636801543526,0.0
10/22 01:00:00,596.3382765912369,0.0
10/22 02:00:00,596.1472949106229,0.0
10/22 03:00:00,602.0380097377215,0.0
10/22 04:00:00,603.0222945814568,0.0
10/22 05:00:00,658.1383631094212,0.0
10/22 06:00:00,654.0393469272607,0.0
10/22 07:00:00,654.8813107345338,8.51
10/22 08:00:00,651.7186723741396,119.6
10/22 09:00:00,647.9355773280524,77.36
10/22 10:00:00,644.6386740038591,102.13
10/22 11:00:00,634.3251074964414,121.06
10/22 12:00:00,634.6963837852101,147.57
10/22 13:00:00,641.4556379854288,144.7
10/22 14:00:00,642.4328929793336,124.74
10/22 15:00:00,650.7939443904639,107.78
10/22 16:00:00,655.1846295434761,32.76
10/22 17:00:00,600.0224670034078,1.01
10/22 18:00:00,587.5866367377475,0.0
10/22 19:00:00,596.4307618574635,0.0
10/22 20:00:00,599.9336171311401,0.0
10/22 21:00:00,596.8901039615507,0.0
10/22 22:00:00,594.4301675499174,0.0
10/22 23:00:00,663.2638071186328,0.0
10/23 00:00:00,661.333855903848,0.0
10/23 01:00:00,664.7186918117808,0.0
10/23 02:00:00,659.2480785412455,0.0
10/23 03:00:00,655.8349552952723,0.0
10/23 04:00:00,662.6535978810588,0.0
10/23 05:00:00,764.413952265391,0.0
10/23 06:00:00,898.8748312022112,0.0
10/23 07:00:00,1746.6797483754547,15.38
10/23 08:00:00,1661.2814254203333,122.43
10/23 09:00:00,1659.853434765856,181.56
10/23 10:00:00,1665.6677672528663,174.98
10/23 11:00:00,1578.5526933179594,231.96
10/23 12:00:00,1654.6528188869804,262.42
10/23 13:00:00,1667.0206315603293,228.74
10/23 14:00:00,1673.2617304327832,234.28
10/23 15:00:00,1686.5185639186266,220.02
10/23 16:00:00,1131.3495336629323,125.44
10/23 17:00:00,911.909209212119,7.0
10/23 18:00:00,915.2174235543879,0.0
10/23 19:00:00,860.1902462108185,0.0
10/23 20:00:00,843.2901937011962,0.0
10/23 21:00:00,790.5877688727079,0.0
10/23 22:00:00,749.98985502974,0.0
10/23 23:00:00,654.6836733313228,0.0
10/24 00:00:00,656.8719486210408,0.0
10/24 01:00:00,652.8979776681358,0.0
10/24 02:00:00,651.7197528395418,0.0
10/24 03:00:00,654.0426344347915,0.0
10/24 04:00:00,658.6266446873806,0.0
10/24 05:00:00,756.085584055434,0.0
10/24 06:00:00,877.1872716166508,0.0
10/24 07:00:00,1647.939990734522,8.86
10/24 08:00:00,1473.5748980795793,85.35
10/24 09:00:00,1389.0764818762043,234.11
10/24 10:00:00,1400.2973786424884,227.21
10/24 11:00:00,1333.534385674683,378.43
10/24 12:00:00,1397.6590599071612,320.06
10/24 13:00:00,1384.2413094402866,356.73
10/24 14:00:00,1383.5392002212245,184.66
10/24 15:00:00,1393.6696934853212,205.36
10/24 16:00:00,948.3649578238558,64.97
10/24 17:00:00,791.0339829306271,11.0
10/24 18:00:00,828.9816001948492,0.0
10/24 19:00:00,789.5134531994482,0.0
10/24 20:00:00,783.3536316951786,0.0
10/24 21:00:00,751.5418305450773,0.0
10/24 22:00:00,727.0773688779885,0.0
10/24 23:00:00,647.7746162952069,0.0
10/25 00:00:00,647.7218507180808,0.0
10/25 01:00:00,648.1534871845739,0.0
10/25 02:00:00,652.3391563510928,0.0
10/25 03:00:00,649.0712285624217,0.0
10/25 04:00:00,654.678813423052,0.0
10/25 05:00:00,744.6805498986763,0.0
10/25 06:00:00,866.0734292100279,0.0
10/25 07:00:00,1617.614824404168,3.08
10/25 08:00:00,1458.3129031667386,50.3
10/25 09:00:00,1392.8222272402877,167.4
10/25 10:00:00,1380.5855540629095,176.78
10/25 11:00:00,1328.2566453156978,139.52
10/25 12:00:00,1390.7914244823362,106.72
10/25 13:00:00,1383.5819775642285,74.29
10/25 14:00:00,1405.3199981835364,33.37
10/25 15:00:00,1465.450783365134,12.0
10/25 16:00:00,989.2669645391991,7.0
10/25 17:00:00,790.7308894369328,0.0
10/25 18:00:00,818.6816575274989,0.0
10/25 19:00:00,795.3660179164367,0.0
10/25 20:00:00,776.439330387797,0.0
10/25 21:00:00,721.5866797801173,0.0
10/25 22:00:00,696.3975390156681,0.0
10/25 23:00:00,632.72592311033,0.0
10/26 00:00:00,627.3612488412829,0.0
10/26 01:00:00,633.2268248523491,0.0
10/26 02:00:00,629.8375896519236,0.0
10/26 03:00:00,631.8562850894824,0.0
10/26 04:00:00,632.4580538013427,0.0
10/26 05:00:00,728.9270689730153,0.0
10/26 06:00:00,842.2964896286604,0.0
10/26 07:00:00,1583.3859525369955,7.1
10/26 08:00:00,1434.1102641726227,73.34
10/26 09:00:00,1399.8194335429537,82.3
10/26 10:00:00,1398.9184541010493,122.93
10/26 11:00:00,1334.220351692308,272.03
10/26 12:00:00,1405.2563096515082,283.45
10/26 13:00:00,1402.9365694512087,244.0
10/26 14:00:00,1387.180868881979,308.95
10/26 15:00:00,1413.610302465917,225.09
10/26 16:00:00,945.9749846766973,81.79
10/26 17:00:00,775.9646225691088,2.0
10/26 18:00:00,819.0935012985537,0.0
10/26 19:00:00,789.9554145415707,0.0
10/26 20:00:00,766.9119435512381,0.0
10/26 21:00:00,732.3778941529685,0.0
10/26 22:00:00,714.0241952728538,0.0
10/26 23:00:00,633.7206588788945,0.0
10/27 00:00:00,631.3839943472751,0.0
10/27 01:00:00,635.0535474946197,0.0
10/27 02:00:00,637.4514548174698,0.0
10/27 03:00:00,638.1511182565198,0.0
10/27 04:00:00,642.8524364835964,0.0
10/27 05:00:00,734.9260588783134,0.0
10/27 06:00:00,854.5473884766398,0.0
10/27 07:00:00,1568.6253657660045,3.0
10/27 08:00:00,1454.1495627251772,59.18
10/27 09:00:00,1360.9584587395323,54.08
10/27 10:00:00,1361.3524645092216,258.81
10/27 11:00:00,1294.552067337399,150.06
10/27 12:00:00,1381.2021293173336,195.71
10/27 13:00:00,1374.7207060535832,162.9
10/27 14:00:00,1373.8618543237537,299.42
10/27 15:00:00,1382.3613419604194,188.04
10/27 16:00:00,936.6372068821145,79.11
10/27 17:00:00,779.9079406847694,3.0
10/27 18:00:00,813.8696024559532,0.0
10/27 19:00:00,782.4593666749474,0.0
10/27 20:00:00,774.7222757568419,0.0
10/27 21:00:00,726.102066371753,0.0
10/27 22:00:00,708.1571413824684,0.0
10/27 23:00:00,561.9734038618564,0.0
10/28 00:00:00,566.6690162204803,0.0
10/28 01:00:00,565.6233701073772,0.0
10/28 02:00:00,563.1400885369953,0.0
10/28 03:00:00,563.4250302903378,0.0
10/28 04:00:00,562.4402450465194,0.0
10/28 05:00:00,736.7373109122923,0.0
10/28 06:00:00,730.9189101494502,0.0
10/28 07:00:00,897.029887878088,4.0
10/28 08:00:00,838.6796693164677,69.1
10/28 09:00:00,798.137706673799,150.24
10/28 10:00:00,796.4823166673233,211.09
10/28 11:00:00,623.8299036515099,347.38
10/28 12:00:00,622.7377247001932,379.07
10/28 13:00:00,622.9964294622232,357.8
10/28 14:00:00,616.5422120845615,300.47
10/28 15:00:00,625.4949740837873,226.24
10/28 16:00:00,562.0337861896635,116.43
10/28 17:00:00,578.0668723519311,5.0
10/28 18:00:00,543.8686932745671,0.0
10/28 19:00:00,555.6100456637882,0.0
10/28 20:00:00,560.7952840627244,0.0
10/28 21:00:00,558.5171662703505,0.0
10/28 22:00:00,556.7154094603433,0.0
10/28 23:00:00,553.4648857278912,0.0
10/29 00:00:00,552.7488956019639,0.0
10/29 01:00:00,553.0278002044613,0.0
10/29 02:00:00,554.2546878403718,0.0
10/29 03:00:00,549.7965902347264,0.0
10/29 04:00:00,555.4346551722497,0.0
10/29 05:00:00,609.7123695575519,0.0
10/29 06:00:00,616.7523086319844,0.0
10/29 07:00:00,625.6271387926695,9.0
10/29 08:00:00,611.3691738682127,116.7
10/29 09:00:00,609.9883766626359,237.86
10/29 10:00:00,608.2869476453034,308.19
10/29 11:00:00,609.3083466663576,359.36
10/29 12:00:00,608.7163239861636,377.79
10/29 13:00:00,613.5217316879239,355.85
10/29 14:00:00,610.3833956464863,297.75
10/29 15:00:00,623.2437121210702,222.14
10/29 16:00:00,630.2083393624947,112.66
10/29 17:00:00,576.7557111321167,4.0
10/29 18:00:00,568.6346605080469,0.0
10/29 19:00:00,562.4005478691201,0.0
10/29 20:00:00,558.7268282210202,0.0
10/29 21:00:00,559.0882471309936,0.0
10/29 22:00:00,553.8702303310962,0.0
10/29 23:00:00,622.7836769971639,0.0
10/30 00:00:00,623.58182544398,0.0
10/30 01:00:00,626.067015559806,0.0
10/30 02:00:00,629.0847638230273,0.0
10/30 03:00:00,627.2769084822216,0.0
10/30 04:00:00,639.0978849981235,0.0
10/30 05:00:00,733.1016921746557,0.0
10/30 06:00:00,863.2084664437801,0.0
10/30 07:00:00,1662.5782599883842,9.0
10/30 08:00:00,1584.3862164142174,129.05
10/30 09:00:00,1585.8551689639366,235.04
10/30 10:00:00,1578.2019431324838,306.11
10/30 11:00:00,1490.8541019019033,358.72
10/30 12:00:00,1568.8040672815775,375.94
10/30 13:00:00,1556.1924756935168,353.63
10/30 14:00:00,1561.770155983426,293.89
10/30 15:00:00,1581.1002480961442,219.13
10/30 16:00:00,1078.3014190851284,108.12
10/30 17:00:00,864.1408845499833,3.0
10/30 18:00:00,855.6757799430255,0.0
10/30 19:00:00,807.0968669987521,0.0
10/30 20:00:00,797.0268830474347,0.0
10/30 21:00:00,741.6397629165872,0.0
10/30 22:00:00,715.4517944386175,0.0
10/30 23:00:00,639.0208205639356,0.0
10/31 00:00:00,633.3082189600373,0.0
10/31 01:00:00,638.3651948029434,0.0
10/31 02:00:00,638.2252648521484,0.0
10/31 03:00:00,636.7506595285762,0.0
10/31 04:00:00,643.5464657157614,0.0
10/31 05:00:00,737.8694925894829,0.0
10/31 06:00:00,863.1832212676803,0.0
10/31 07:00:00,1647.7301071517145,8.0
10/31 08:00:00,1559.5670491410347,121.36
10/31 09:00:00,1513.4574425050253,227.03
10/31 10:00:00,1516.4902373559091,297.26
10/31 11:00:00,1427.9778996694417,351.39
10/31 12:00:00,1513.5760480929298,367.62
10/31 13:00:00,1522.9883680612252,346.18
10/31 14:00:00,1519.5938548625586,286.34
10/31 15:00:00,1539.2708123776847,215.22
10/31 16:00:00,1048.2283837912298,102.7
10/31 17:00:00,831.4959072851648,3.0
10/31 18:00:00,850.9960918268079,0.0
10/31 19:00:00,813.3097165087024,0.0
10/31 20:00:00,782.7258307400751,0.0
10/31 21:00:00,741.1159135280332,0.0
10/31 22:00:00,708.4715735226197,0.0
10/31 23:00:00,763.2852901240417,0.0
11/01 00:00:00,763.2724166416006,0.0
11/01 01:00:00,765.6365079168248,0.0
11/01 02:00:00,766.530294818251,0.0
11/01 03:00:00,761.792147159733,0.0
11/01 04:00:00,774.5973948714599,0.0
11/01 05:00:00,865.4550934638049,0.0
11/01 06:00:00,1010.5481467722088,0.0
11/01 07:00:00,1839.4913835254038,6.0
11/01 08:00:00,1760.2956592466658,84.65
11/01 09:00:00,1743.8180308528304,85.42
11/01 10:00:00,1749.6125970867308,48.68
11/01 11:00:00,1696.9279850160551,27.4
11/01 12:00:00,1734.2928152340805,53.83
11/01 13:00:00,1735.216287392509,102.15
11/01 14:00:00,1725.8534961313894,122.25
11/01 15:00:00,1759.9521506102042,94.92
11/01 16:00:00,1241.2393317122126,21.41
11/01 17:00:00,992.3997373861796,0.0
11/01 18:00:00,971.0908518002057,0.0
11/01 19:00:00,927.0367240378158,0.0
11/01 20:00:00,907.7525548208639,0.0
11/01 21:00:00,862.7033562320157,0.0
11/01 22:00:00,845.4435531936606,0.0
11/01 23:00:00,758.2456749981783,0.0
11/02 00:00:00,762.5605140282036,0.0
11/02 01:00:00,759.5601111637546,0.0
11/02 02:00:00,757.9530801709362,0.0
11/02 03:00:00,759.6754381765498,0.0
11/02 04:00:00,768.1000128408315,0.0
11/02 05:00:00,868.8452207666786,0.0
11/02 06:00:00,997.2446423639789,0.0
11/02 07:00:00,1790.8429150019847,3.0
11/02 08:00:00,1669.3287393469577,68.82
11/02 09:00:00,1602.6803117335683,178.72
11/02 10:00:00,1590.3994838712215,261.44
11/02 11:00:00,1517.735626973444,314.08
11/02 12:00:00,1592.039098229103,248.71
11/02 13:00:00,1581.6033808565098,299.29
11/02 14:00:00,1558.519765321117,196.57
11/02 15:00:00,1569.207847060733,154.59
11/02 16:00:00,1139.3848833779075,73.0
11/02 17:00:00,938.8395091566449,1.0
11/02 18:00:00,945.6849524915635,0.0
11/02 19:00:00,929.0835438085523,0.0
11/02 20:00:00,922.8051084243518,0.0
11/02 21:00:00,874.2291353021519,0.0
11/02 22:00:00,846.6511174564561,0.0
11/02 23:00:00,763.1434306713588,0.0
11/03 00:00:00,758.9243503660305,0.0
11/03 01:00:00,757.7204073610168,0.0
11/03 02:00:00,763.239978471536,0.0
11/03 03:00:00,761.7597890421173,0.0
11/03 04:00:00,765.7491959502527,0.0
11/03 05:00:00,859.9556963229531,0.0
11/03 06:00:00,973.3492923034187,0.0
11/03 07:00:00,1746.4595130688124,0.0
11/03 08:00:00,1648.4281692383568,7.11
11/03 09:00:00,1581.43421081512,27.47
11/03 10:00:00,1535.1756354404083,62.32
11/03 11:00:00,1481.8618788634951,32.39
11/03 12:00:00,1568.1274002799616,30.41
11/03 13:00:00,1523.4067296952458,51.77
11/03 14:00:00,1509.855969485054,49.96
11/03 15:00:00,1541.0783385183977,34.66
11/03 16:00:00,1114.1609644607222,25.84
11/03 17:00:00,904.9585517213256,0.0
11/03 18:00:00,940.647149294134,0.0
11/03 19:00:00,927.5537513416126,0.0
11/03 20:00:00,933.8435443820734,0.0
11/03 21:00:00,878.662555441008,0.0
11/03 22:00:00,848.3686930064491,0.0
11/03 23:00:00,694.4474961512936,0.0
11/04 00:00:00,698.632147394693,0.0
11/04 01:00:00,696.927067561331,0.0
11/04 02:00:00,699.0111502959836,0.0
11/04 03:00:00,696.5217834171249,0.0
11/04 04:00:00,698.5505889952161,0.0
11/04 05:00:00,878.8768722857773,0.0
11/04 06:00:00,857.7139000530861,0.0
11/04 07:00:00,1028.0561813326146,0.0
11/04 08:00:00,972.128550531904,13.21
11/04 09:00:00,941.1324055671516,59.85
11/04 10:00:00,932.5472241637385,94.58
11/04 11:00:00,758.3880646759827,303.91
11/04 12:00:00,750.5055497880924,121.82
11/04 13:00:00,745.4740078164867,296.82
11/04 14:00:00,688.7594033315992,153.65
11/04 15:00:00,664.9951858136311,123.63
11/04 16:00:00,607.9086096211805,62.11
11/04 17:00:00,596.9695119472876,0.0
11/04 18:00:00,568.6396035710028,0.0
11/04 19:00:00,575.5668233830469,0.0
11/04 20:00:00,606.8703337673414,0.0
11/04 21:00:00,590.0764303974117,0.0
11/04 22:00:00,598.3764654664548,0.0
11/04 23:00:00,582.0956552048516,0.0
11/05 00:00:00,591.1177864221348,0.0
11/05 01:00:00,589.9183881487229,0.0
11/05 02:00:00,586.904175703486,0.0
11/05 03:00:00,584.5248477633153,0.0
11/05 04:00:00,592.1660380662735,0.0
11/05 05:00:00,640.3492396250839,0.0
11/05 06:00:00,634.577472208907,0.0
11/05 07:00:00,645.7505484682476,3.0
11/05 08:00:00,553.2348379030403,69.05
11/05 09:00:00,478.4096572519055,91.58
11/05 10:00:00,478.8509252197795,90.21
11/05 11:00:00,478.9357704694444,191.26
11/05 12:00:00,478.03876073493836,160.91
11/05 13:00:00,477.15419134019294,148.46
11/05 14:00:00,572.9113518671007,160.42
11/05 15:00:00,678.2119288313787,60.12
11/05 16:00:00,680.2895542173915,59.05
11/05 17:00:00,647.7663178637006,0.0
11/05 18:00:00,636.9155476113515,0.0
11/05 19:00:00,645.9173203996592,0.0
11/05 20:00:00,632.8687364881597,0.0
11/05 21:00:00,633.7108312674641,0.0
11/05 22:00:00,630.810935506264,0.0
11/05 23:00:00,684.0043075304097,0.0
11/06 00:00:00,684.9620658709117,0.0
11/06 01:00:00,685.8069459221388,0.0
11/06 02:00:00,703.1475639882362,0.0
11/06 03:00:00,676.1731085026236,0.0
11/06 04:00:00,688.6465645566172,0.0
11/06 05:00:00,699.6889018218544,0.0
11/06 06:00:00,770.2466163208379,0.0
11/06 07:00:00,900.374798137287,1.0
11/06 08:00:00,1625.6112857737446,46.43
11/06 09:00:00,1575.9454009844208,162.0
11/06 10:00:00,1546.0123654196734,209.57
11/06 11:00:00,1562.9892993896901,310.68
11/06 12:00:00,1468.7803662835058,335.63
11/06 13:00:00,1533.0959659177347,305.85
11/06 14:00:00,1523.6777533773923,236.81
11/06 15:00:00,1500.9219055079714,141.87
11/06 16:00:00,1589.9068591909809,19.48
11/06 17:00:00,1111.4203379652702,0.0
11/06 18:00:00,880.0668537648244,0.0
11/06 19:00:00,890.644770656827,0.0
11/06 20:00:00,840.5057501805916,0.0
11/06 21:00:00,835.5603810795934,0.0
11/06 22:00:00,767.6254904867155,0.0
11/06 23:00:00,755.5458589809812,0.0
11/07 00:00:00,682.4220335343996,0.0
11/07 01:00:00,672.7820366840095,0.0
11/07 02:00:00,687.8887692683768,0.0
11/07 03:00:00,660.4397076639019,0.0
11/07 04:00:00,671.9632721447124,0.0
11/07 05:00:00,671.0342986947195,0.0
11/07 06:00:00,740.5666947565388,0.0
11/07 07:00:00,859.553895433441,1.0
11/07 08:00:00,1463.7502516671227,71.02
11/07 09:00:00,1359.2584154500332,137.64
11/07 10:00:00,1396.0502072143859,161.81
11/07 11:00:00,1488.5768814492392,239.81
11/07 12:00:00,1424.1806303620526,100.1
11/07 13:00:00,1505.4858902241456,37.36
11/07 14:00:00,1517.2129340486836,26.3
11/07 15:00:00,1529.7173576976293,13.2
11/07 16:00:00,1579.946685489185,6.08
11/07 17:00:00,1116.7961037244386,0.0
11/07 18:00:00,948.9005514757663,0.0
11/07 19:00:00,999.6153163660845,0.0
11/07 20:00:00,941.8033501516873,0.0
11/07 21:00:00,927.2528835943074,0.0
11/07 22:00:00,891.2647402985966,0.0
11/07 23:00:00,875.2753393126618,0.0
11/08 00:00:00,790.4946673455131,0.0
11/08 01:00:00,791.6436265015309,0.0
11/08 02:00:00,786.5616573339355,0.0
11/08 03:00:00,786.7526651559111,0.0
11/08 04:00:00,783.440458443575,0.0
11/08 05:00:00,791.4972590732773,0.0
11/08 06:00:00,866.2210205215006,0.0
11/08 07:00:00,965.4146321955797,0.0
11/08 08:00:00,1662.6769214855792,13.18
11/08 09:00:00,1520.5970353426094,42.85
11/08 10:00:00,1492.1206940203108,40.61
11/08 11:00:00,1471.4730697649102,100.28
11/08 12:00:00,1415.8430133971406,284.83
11/08 13:00:00,1483.402393401066,156.66
11/08 14:00:00,1473.1755712382146,104.64
11/08 15:00:00,1507.704131468609,54.79
11/08 16:00:00,1575.6074712171308,13.22
11/08 17:00:00,1119.003860139388,0.0
11/08 18:00:00,935.5460354862802,0.0
11/08 19:00:00,961.7349266843707,0.0
11/08 20:00:00,919.0689092565757,0.0
11/08 21:00:00,894.3553347515469,0.0
11/08 22:00:00,855.9365847094131,0.0
11/08 23:00:00,837.2009036746947,0.0
11/09 00:00:00,765.0880166315907,0.0
11/09 01:00:00,762.3261182818915,0.0
11/09 02:00:00,762.9266908138128,0.0
11/09 03:00:00,760.6127937469159,0.0
11/09 04:00:00,755.8969218919716,0.0
11/09 05:00:00,772.3790527948097,0.0
11/09 06:00:00,884.6773717724047,0.0
11/09 07:00:00,1007.0878022616457,0.0
11/09 08:00:00,1681.6804817758357,29.36
11/09 09:00:00,1525.7648345123498,105.14
11/09 10:00:00,1502.1191412837416,196.69
11/09 11:00:00,1513.6192169506119,178.61
11/09 12:00:00,1469.9890323307407,177.53
11/09 13:00:00,1545.1708288776738,98.55
11/09 14:00:00,1515.9826398640346,79.63
11/09 15:00:00,1516.2674922448605,99.64
11/09 16:00:00,1565.7387527882508,53.53
11/09 17:00:00,1158.6777718275985,0.0
11/09 18:00:00,986.1168405380406,0.0
11/09 19:00:00,999.8944064213321,0.0
11/09 20:00:00,952.9984398046289,0.0
11/09 21:00:00,921.1556297138277,0.0
11/09 22:00:00,900.0261976697319,0.0
11/09 23:00:00,869.572011291213,0.0
11/10 00:00:00,791.4316476116031,0.0
11/10 01:00:00,788.0351281090095,0.0
11/10 02:00:00,791.1132498423849,0.0
11/10 03:00:00,786.6744226939707,0.0
11/10 04:00:00,790.813744217741,0.0
11/10 05:00:00,790.9188602142602,0.0
11/10 06:00:00,863.4224924262917,0.0
11/10 07:00:00,962.182871333915,0.0
11/10 08:00:00,1682.40930440755,12.16
11/10 09:00:00,1533.6699668526335,42.02
11/10 10:00:00,1503.505363164535,52.89
11/10 11:00:00,1485.894172192124,110.62
11/10 12:00:00,1442.365382878229,92.61
11/10 13:00:00,1523.745493130088,94.15
11/10 14:00:00,1494.5340626881089,72.02
11/10 15:00:00,1486.6971014007272,68.81
11/10 16:00:00,1564.1755384746414,25.41
11/10 17:00:00,1137.9330836552826,0.0
11/10 18:00:00,957.2249523896901,0.0
11/10 19:00:00,999.9887156126701,0.0
11/10 20:00:00,968.6956970994319,0.0
11/10 21:00:00,950.6191684157052,0.0
11/10 22:00:00,916.6719825828823,0.0
11/10 23:00:00,891.3069714192354,0.0
11/11 00:00:00,728.8766004134028,0.0
11/11 01:00:00,733.8088738806899,0.0
11/11 02:00:00,729.6764909662344,0.0
11/11 03:00:00,731.1508735008885,0.0
11/11 04:00:00,735.7027264935001,0.0
11/11 05:00:00,733.2840744491185,0.0
11/11 06:00:00,792.875685192462,0.0
11/11 07:00:00,787.6939328703645,0.0
11/11 08:00:00,785.6300211626788,15.31
11/11 09:00:00,784.4203285263729,69.59
11/11 10:00:00,779.1103585139856,199.81
11/11 11:00:00,784.0422828479403,156.04
11/11 12:00:00,784.6119825682773,228.29
11/11 13:00:00,788.7380096982208,274.63
11/11 14:00:00,779.0471950952016,162.94
11/11 15:00:00,785.1292043965431,80.52
11/11 16:00:00,793.0284365031761,28.29
11/11 17:00:00,791.8676982492722,0.0
11/11 18:00:00,740.963228451637,0.0
11/11 19:00:00,736.4298825136741,0.0
11/11 20:00:00,735.2247354987104,0.0
11/11 21:00:00,735.3899104696742,0.0
11/11 22:00:00,722.9583833613818,0.0
11/11 23:00:00,723.5546621975675,0.0
11/12 00:00:00,726.7062910571108,0.0
11/12 01:00:00,723.4794713237474,0.0
11/12 02:00:00,722.2065426891511,0.0
11/12 03:00:00,706.4911128324346,0.0
11/12 04:00:00,714.5620025466625,0.0
11/12 05:00:00,716.4373336302097,0.0
11/12 06:00:00,780.4844271426275,0.0
11/12 07:00:00,787.6347927108269,0.0
11/12 08:00:00,785.5852119742042,26.38
11/12 09:00:00,787.2726380982793,40.98
11/12 10:00:00,784.5398572075694,42.58
11/12 11:00:00,789.2918206651186,45.69
11/12 12:00:00,787.2092864133824,133.66
11/12 13:00:00,790.1252511153696,68.37
11/12 14:00:00,788.9082466017305,48.84
11/12 15:00:00,790.0379796462661,16.18
11/12 16:00:00,798.0687390659804,27.6
11/12 17:00:00,795.9452516391972,0.0
11/12 18:00:00,741.9241747220104,0.0
11/12 19:00:00,738.952327597861,0.0
11/12 20:00:00,741.092264421818,0.0
11/12 21:00:00,741.808579642295,0.0
11/12 22:00:00,731.8829426129499,0.0
11/12 23:00:00,737.4384173652052,0.0
11/13 00:00:00,804.486500256299,0.0
11/13 01:00:00,815.9422373858816,0.0
11/13 02:00:00,812.4798737204475,0.0
11/13 03:00:00,810.6881861351577,0.0
11/13 04:00:00,806.8117438289202,0.0
11/13 05:00:00,803.8105977429367,0.0
11/13 06:00:00,905.5345957768881,0.0
11/13 07:00:00,1042.831797538658,0.0
11/13 08:00:00,1871.2958790675762,32.0
11/13 09:00:00,1809.982915900632,98.98
11/13 10:00:00,1786.6620411173337,152.17
11/13 11:00:00,1776.359620939669,195.55
11/13 12:00:00,1712.6561274820262,226.31
11/13 13:00:00,1781.6038836306725,166.92
11/13 14:00:00,1770.0415324447526,117.37
11/13 15:00:00,1749.9559476156842,109.32
11/13 16:00:00,1820.1678101053776,21.17
11/13 17:00:00,1284.3636137671106,0.0
11/13 18:00:00,1037.9510797114233,0.0
11/13 19:00:00,1043.7836393568411,0.0
11/13 20:00:00,993.3796236594733,0.0
11/13 21:00:00,974.6423087938315,0.0
11/13 22:00:00,910.1014981094959,0.0
11/13 23:00:00,881.876122175896,0.0
11/14 00:00:00,803.8783895033981,0.0
11/14 01:00:00,802.259877214856,0.0
11/14 02:00:00,804.720200464261,0.0
11/14 03:00:00,795.3457875694542,0.0
11/14 04:00:00,786.5702306775787,0.0
11/14 05:00:00,799.2302763856815,0.0
11/14 06:00:00,867.929160674325,0.0
11/14 07:00:00,980.5234954949677,0.0
11/14 08:00:00,1640.038175032574,43.39
11/14 09:00:00,1532.2014919481874,140.48
11/14 10:00:00,1480.5420234318904,214.18
11/14 11:00:00,1493.5415075572892,272.0
11/14 12:00:00,1428.9725751483486,293.85
11/14 13:00:00,1503.6819373566486,268.03
11/14 14:00:00,1489.0832973877941,205.22
11/14 15:00:00,1487.164939711176,134.59
11/14 16:00:00,1567.805985234536,35.52
11/14 17:00:00,1125.855279410009,0.0
11/14 18:00:00,962.7093369249785,0.0
11/14 19:00:00,982.6712476922486,0.0
11/14 20:00:00,945.3985187640085,0.0
11/14 21:00:00,946.248861261341,0.0
11/14 22:00:00,900.5418132092407,0.0
11/14 23:00:00,873.104308259696,0.0
11/15 00:00:00,791.3378057624941,0.0
11/15 01:00:00,792.1153860082323,0.0
11/15 02:00:00,786.3314335006487,0.0
11/15 03:00:00,781.4057424548677,0.0
11/15 04:00:00,780.6300029130007,0.0
11/15 05:00:00,790.7299306522572,0.0
11/15 06:00:00,847.4649026696366,0.0
11/15 07:00:00,953.6136179614248,0.0
11/15 08:00:00,1661.3423088375635,43.43
11/15 09:00:00,1516.0360665804058,141.07
11/15 10:00:00,1490.9067328399951,210.93
11/15 11:00:00,1504.0868520442154,268.03
11/15 12:00:00,1450.5799086479199,289.27
11/15 13:00:00,1524.622306366402,265.15
11/15 14:00:00,1488.5946164266588,203.67
11/15 15:00:00,1492.3910860452947,134.72
11/15 16:00:00,1559.2197514208567,34.62
11/15 17:00:00,1139.2515010081875,0.0
11/15 18:00:00,962.807748475314,0.0
11/15 19:00:00,972.868658011298,0.0
11/15 20:00:00,930.7128706466633,0.0
11/15 21:00:00,916.3439285430254,0.0
11/15 22:00:00,874.4711575839949,0.0
11/15 23:00:00,858.521900495342,0.0
11/16 00:00:00,786.4349853311877,0.0
11/16 01:00:00,795.747128787528,0.0
11/16 02:00:00,789.9042952926357,0.0
11/16 03:00:00,790.4896392608542,0.0
11/16 04:00:00,783.3786668669954,0.0
11/16 05:00:00,788.2622575485948,0.0
11/16 06:00:00,864.1551589247257,0.0
11/16 07:00:00,973.0144537805004,0.0
11/16 08:00:00,1649.2306581115436,40.15
11/16 09:00:00,1500.5716789623314,137.96
11/16 10:00:00,1470.26465988424,206.86
11/16 11:00:00,1484.7348452959388,262.8
11/16 12:00:00,1424.7732575636069,285.19
11/16 13:00:00,1491.6361765713743,253.31
11/16 14:00:00,1462.5498471269477,189.69
11/16 15:00:00,1482.8301358199158,130.83
11/16 16:00:00,1558.3443719320126,31.78
11/16 17:00:00,1135.4383399349538,0.0
11/16 18:00:00,958.0371367005017,0.0
11/16 19:00:00,988.9070016406948,0.0
11/16 20:00:00,955.5788593856975,0.0
11/16 21:00:00,960.3745712147114,0.0
11/16 22:00:00,908.5014546824543,0.0
11/16 23:00:00,872.3402230537098,0.0
11/17 00:00:00,805.1863898782124,0.0
11/17 01:00:00,807.0360305630774,0.0
11/17 02:00:00,806.0677066297307,0.0
11/17 03:00:00,805.9836690679418,0.0
11/17 04:00:00,800.3046372560672,0.0
11/17 05:00:00,810.0957321128345,0.0
11/17 06:00:00,870.3102557102427,0.0
11/17 07:00:00,977.9629480175761,0.0
11/17 08:00:00,1666.6628442977185,12.31
11/17 09:00:00,1516.216157752209,48.74
11/17 10:00:00,1481.060105430522,90.54
11/17 11:00:00,1474.346104258326,121.15
11/17 12:00:00,1429.0896052449768,48.69
11/17 13:00:00,1484.4787757838524,134.29
11/17 14:00:00,1493.5890129671698,27.26
11/17 15:00:00,1520.4443201785505,22.33
11/17 16:00:00,1573.1767585103757,10.24
11/17 17:00:00,1119.0363558140245,0.0
11/17 18:00:00,944.441773595244,0.0
11/17 19:00:00,1017.4801834045855,0.0
11/17 20:00:00,971.9017014359598,0.0
11/17 21:00:00,955.6119426964307,0.0
11/17 22:00:00,900.75850894981,0.0
11/17 23:00:00,878.781510780402,0.0
11/18 00:00:00,730.322930902952,0.0
11/18 01:00:00,725.8320237323379,0.0
11/18 02:00:00,722.8082616743266,0.0
11/18 03:00:00,724.570151007141,0.0
11/18 04:00:00,717.153545207477,0.0
11/18 05:00:00,722.7290651044386,0.0
11/18 06:00:00,880.9149860799051,0.0
11/18 07:00:00,867.9580013846511,0.0
11/18 08:00:00,990.1842096786249,11.29
11/18 09:00:00,909.7923607747671,80.33
11/18 10:00:00,816.7715793469376,100.32
11/18 11:00:00,820.5875252581367,165.83
11/18 12:00:00,669.1601835530003,167.7
11/18 13:00:00,647.271368562799,147.94
11/18 14:00:00,650.7870083515892,124.61
11/18 15:00:00,649.6710251929262,49.93
11/18 16:00:00,664.3874325384595,6.07
11/18 17:00:00,598.3032516343224,0.0
11/18 18:00:00,616.1307932221039,0.0
11/18 19:00:00,601.8713021147043,0.0
11/18 20:00:00,592.6316802173725,0.0
11/18 21:00:00,603.0601030609024,0.0
11/18 22:00:00,595.7787597730321,0.0
11/18 23:00:00,596.9287032494085,0.0
11/19 00:00:00,592.0635469386382,0.0
11/19 01:00:00,588.1521804797375,0.0
11/19 02:00:00,592.4562073057596,0.0
11/19 03:00:00,574.7213788497288,0.0
11/19 04:00:00,579.0832907673149,0.0
11/19 05:00:00,578.6807814594075,0.0
11/19 06:00:00,631.3328558838501,0.0
11/19 07:00:00,634.950165952057,0.0
11/19 08:00:00,621.968431717678,28.0
11/19 09:00:00,623.5983855429063,84.45
11/19 10:00:00,625.3733901205356,68.07
11/19 11:00:00,626.7132511837785,64.27
11/19 12:00:00,626.8785195020016,104.37
11/19 13:00:00,623.5423683984368,60.26
11/19 14:00:00,631.4408826771917,50.01
11/19 15:00:00,621.29809254273,22.32
11/19 16:00:00,635.620838252718,6.1
11/19 17:00:00,632.496175608044,0.0
11/19 18:00:00,597.8820084494753,0.0
11/19 19:00:00,589.4789152789442,0.0
11/19 20:00:00,585.0538237136843,0.0
11/19 21:00:00,582.4996005789154,0.0
11/19 22:00:00,573.768984071455,0.0
11/19 23:00:00,577.9436910860201,0.0
11/20 00:00:00,626.7806381595892,0.0
11/20 01:00:00,635.8319513340409,0.0
11/20 02:00:00,636.8959719535445,0.0
11/20 03:00:00,632.4724526684554,0.0
11/20 04:00:00,637.5701065916013,0.0
11/20 05:00:00,639.5497410758802,0.0
11/20 06:00:00,717.5353237971002,0.0
11/20 07:00:00,834.190764164524,0.0
11/20 08:00:00,1496.775135067043,8.16
11/20 09:00:00,1452.9005625448804,46.78
11/20 10:00:00,1401.633866713283,146.02
11/20 11:00:00,1413.9156439053127,169.05
11/20 12:00:00,1371.5697860858565,136.29
11/20 13:00:00,1433.8721744595678,61.24
11/20 14:00:00,1457.0305708521562,21.25
11/20 15:00:00,1459.3487043506007,10.15
11/20 16:00:00,1488.7860182039078,7.12
11/20 17:00:00,1029.3978907010219,0.0
11/20 18:00:00,836.562452904874,0.0
11/20 19:00:00,828.4613828649547,0.0
11/20 20:00:00,782.9294263792685,0.0
11/20 21:00:00,778.4465617601135,0.0
11/20 22:00:00,723.1395379123567,0.0
11/20 23:00:00,708.2689096605195,0.0
11/21 00:00:00,632.7312809624876,0.0
11/21 01:00:00,637.6678431672716,0.0
11/21 02:00:00,635.1550347786049,0.0
11/21 03:00:00,633.472184853638,0.0
11/21 04:00:00,639.923734123401,0.0
11/21 05:00:00,639.981532450195,0.0
11/21 06:00:00,701.4102281799048,0.0
11/21 07:00:00,790.0376483698215,0.0
11/21 08:00:00,1425.6558178101586,5.07
11/21 09:00:00,1328.812393147503,28.47
11/21 10:00:00,1411.304607356501,55.26
11/21 11:00:00,1463.984899417775,57.24
11/21 12:00:00,1408.350744643848,80.3
11/21 13:00:00,1486.2558552683522,70.84
11/21 14:00:00,1476.101930869188,67.22
11/21 15:00:00,1509.2279087330917,39.21
11/21 16:00:00,1455.3577199940758,6.11
11/21 17:00:00,964.059230654351,0.0
11/21 18:00:00,806.592711716303,0.0
11/21 19:00:00,826.5434383245936,0.0
11/21 20:00:00,795.6702869238235,0.0
11/21 21:00:00,782.2740242661231,0.0
11/21 22:00:00,733.5395781780312,0.0
11/21 23:00:00,718.7060443921339,0.0
11/22 00:00:00,644.5596798225029,0.0
11/22 01:00:00,650.8557051874387,0.0
11/22 02:00:00,647.7707632608209,0.0
11/22 03:00:00,638.4046869808818,0.0
11/22 04:00:00,640.2793937846956,0.0
11/22 05:00:00,640.1023929004348,0.0
11/22 06:00:00,702.1125578452625,0.0
11/22 07:00:00,807.1588028882667,0.0
11/22 08:00:00,1458.9274549149816,14.0
11/22 09:00:00,1356.0786720559977,116.89
11/22 10:00:00,1337.8666577354863,186.98
11/22 11:00:00,1349.8561748522013,241.19
11/22 12:00:00,1280.7549990146927,225.48
11/22 13:00:00,1340.496659072753,186.69
11/22 14:00:00,1365.6326124752472,177.39
11/22 15:00:00,1474.0318364902382,110.8
11/22 16:00:00,1517.2203168059825,20.07
11/22 17:00:00,996.2382076865326,0.0
11/22 18:00:00,809.3783293016241,0.0
11/22 19:00:00,821.795883923498,0.0
11/22 20:00:00,783.0634890352663,0.0
11/22 21:00:00,779.3379889524984,0.0
11/22 22:00:00,729.9019843187671,0.0
11/22 23:00:00,710.4475749091334,0.0
11/23 00:00:00,589.1257166507796,0.0
11/23 01:00:00,585.4058857823852,0.0
11/23 02:00:00,594.2996570180031,0.0
11/23 03:00:00,581.3198137871038,0.0
11/23 04:00:00,589.736984245006,0.0
11/23 05:00:00,586.7515627212296,0.0
11/23 06:00:00,626.4338984715126,0.0
11/23 07:00:00,626.5872030499185,0.0
11/23 08:00:00,609.7634284417367,11.8
11/23 09:00:00,651.1169350697812,65.42
11/23 10:00:00,655.7252261395009,116.67
11/23 11:00:00,653.4653340008912,170.99
11/23 12:00:00,659.4975471331761,164.21
11/23 13:00:00,651.3449089784648,238.55
11/23 14:00:00,649.8488498919156,183.17
11/23 15:00:00,646.2149017671904,93.93
11/23 16:00:00,659.5909518874487,7.19
11/23 17:00:00,693.0860948377201,0.0
11/23 18:00:00,669.3602159064552,0.0
11/23 19:00:00,700.5768883380813,0.0
11/23 20:00:00,702.3614402226813,0.0
11/23 21:00:00,706.4809046460879,0.0
11/23 22:00:00,710.9587995593369,0.0
11/23 23:00:00,723.1426314432098,0.0
11/24 00:00:00,794.7937873514884,0.0
11/24 01:00:00,789.8844753576366,0.0
11/24 02:00:00,800.4463239905114,0.0
11/24 03:00:00,788.226186724136,0.0
11/24 04:00:00,778.958143491137,0.0
11/24 05:00:00,775.7230146216828,0.0
11/24 06:00:00,855.9836196510367,0.0
11/24 07:00:00,968.6343204798842,0.0
11/24 08:00:00,1661.1472693985172,8.3
11/24 09:00:00,1517.0081642721207,63.14
11/24 10:00:00,1470.3396546179206,68.4
11/24 11:00:00,1475.9355190481897,78.39
11/24 12:00:00,1414.961823641341,67.59
11/24 13:00:00,1494.1787657710058,78.38
11/24 14:00:00,1466.1346580471723,38.71
11/24 15:00:00,1480.954522406707,33.86
11/24 16:00:00,1405.6245695254977,7.21
11/24 17:00:00,991.9314762857151,0.0
11/24 18:00:00,819.1451919385324,0.0
11/24 19:00:00,828.6898852418012,0.0
11/24 20:00:00,795.7229735251467,0.0
11/24 21:00:00,768.2898285109709,0.0
11/24 22:00:00,727.8122739578088,0.0
11/24 23:00:00,705.5809778158152,0.0
11/25 00:00:00,569.0326024597272,0.0
11/25 01:00:00,575.2652614968208,0.0
11/25 02:00:00,568.3267542671819,0.0
11/25 03:00:00,571.7552423084686,0.0
11/25 04:00:00,568.1658368837647,0.0
11/25 05:00:00,566.7284731536813,0.0
11/25 06:00:00,703.2051916236275,0.0
11/25 07:00:00,703.447072964079,0.0
11/25 08:00:00,868.0145456487476,2.02
11/25 09:00:00,942.8132032025791,9.14
11/25 10:00:00,908.8569162886462,28.47
11/25 11:00:00,914.3249515875264,65.77
11/25 12:00:00,743.3954511729535,77.2
11/25 13:00:00,733.850541096058,181.42
11/25 14:00:00,726.6294208526411,181.9
11/25 15:00:00,734.5973220907629,114.92
11/25 16:00:00,739.3738957031975,14.9
11/25 17:00:00,681.954280096245,0.0
11/25 18:00:00,710.7862323540149,0.0
11/25 19:00:00,677.291432951168,0.0
11/25 20:00:00,691.1200199028452,0.0
11/25 21:00:00,702.6198680596108,0.0
11/25 22:00:00,700.0682411773904,0.0
11/25 23:00:00,697.1489323429478,0.0
11/26 00:00:00,700.0726223786927,0.0
11/26 01:00:00,690.554751238187,0.0
11/26 02:00:00,688.2099822253856,0.0
11/26 03:00:00,690.9921011111734,0.0
11/26 04:00:00,685.5813937473442,0.0
11/26 05:00:00,694.5194594760203,0.0
11/26 06:00:00,747.0202625091733,0.0
11/26 07:00:00,750.5965252118452,0.0
11/26 08:00:00,742.355178923621,8.81
11/26 09:00:00,745.060454825111,101.05
11/26 10:00:00,738.4500773201149,148.42
11/26 11:00:00,744.2172832034746,101.25
11/26 12:00:00,748.0459964861841,157.31
11/26 13:00:00,751.926865874212,164.67
11/26 14:00:00,742.6315101607064,178.18
11/26 15:00:00,747.6155628898902,111.51
11/26 16:00:00,752.5054848441695,7.28
11/26 17:00:00,766.3701019568222,0.0
11/26 18:00:00,712.1486537205024,0.0
11/26 19:00:00,709.0394386852759,0.0
11/26 20:00:00,704.9701624444202,0.0
11/26 21:00:00,702.4232690500395,0.0
11/26 22:00:00,698.6279733428009,0.0
11/26 23:00:00,701.662664197003,0.0
11/27 00:00:00,767.5304393409114,0.0
11/27 01:00:00,774.0724191427216,0.0
11/27 02:00:00,772.970304311249,0.0
11/27 03:00:00,770.1415806297888,0.0
11/27 04:00:00,768.399665000039,0.0
11/27 05:00:00,774.8781956799977,0.0
11/27 06:00:00,870.4532884870301,0.0
11/27 07:00:00,1002.644609574948,0.0
11/27 08:00:00,1837.3676292440546,1.01
11/27 09:00:00,1801.1858018091198,11.14
11/27 10:00:00,1792.811715127853,18.23
11/27 11:00:00,1774.7660854061323,28.29
11/27 12:00:00,1689.872091980518,28.31
11/27 13:00:00,1770.6276755143506,24.29
11/27 14:00:00,1780.3941721445428,17.23
11/27 15:00:00,1780.5415196890833,11.14
11/27 16:00:00,1812.3731332775353,1.01
11/27 17:00:00,1251.4682816339864,0.0
11/27 18:00:00,1015.056098247286,0.0
11/27 19:00:00,1013.3193205891083,0.0
11/27 20:00:00,969.4717133076911,0.0
11/27 21:00:00,944.577331758815,0.0
11/27 22:00:00,883.4885573033234,0.0
11/27 23:00:00,857.251386489986,0.0
11/28 00:00:00,780.7328352242374,0.0
11/28 01:00:00,779.7928026251129,0.0
11/28 02:00:00,782.7263761141782,0.0
11/28 03:00:00,772.3680138758718,0.0
11/28 04:00:00,773.2643624626786,0.0
11/28 05:00:00,782.6100355766129,0.0
11/28 06:00:00,868.5097479827616,0.0
11/28 07:00:00,962.8112080863887,0.0
11/28 08:00:00,1679.1534619055776,0.0
11/28 09:00:00,1561.4962689276858,8.13
11/28 10:00:00,1511.16821217663,17.23
11/28 11:00:00,1472.8648494553354,40.57
11/28 12:00:00,1403.787099972608,90.36
11/28 13:00:00,1467.2732094507917,116.57
11/28 14:00:00,1456.0538311875223,82.55
11/28 15:00:00,1461.5960516891407,99.45
11/28 16:00:00,1532.2913119217517,9.1
11/28 17:00:00,1100.5835760548264,0.0
11/28 18:00:00,930.648347438621,0.0
11/28 19:00:00,958.7705653042303,0.0
11/28 20:00:00,897.7511809917801,0.0
11/28 21:00:00,904.9600884820937,0.0
11/28 22:00:00,857.832600048779,0.0
11/28 23:00:00,829.6088502186514,0.0
11/29 00:00:00,758.4682765078201,0.0
11/29 01:00:00,758.3227042106772,0.0
11/29 02:00:00,755.6599725467412,0.0
11/29 03:00:00,759.3015790916941,0.0
11/29 04:00:00,753.7724834124871,0.0
11/29 05:00:00,765.8425426225168,0.0
11/29 06:00:00,839.0921727373957,0.0
11/29 07:00:00,963.8496563152979,0.0
11/29 08:00:00,1687.387399282225,1.01
11/29 09:00:00,1556.198187972883,11.13
11/29 10:00:00,1505.1580363648977,25.22
11/29 11:00:00,1464.7543415135344,59.41
11/29 12:00:00,1422.420317887097,64.51
11/29 13:00:00,1502.551157330527,63.7
11/29 14:00:00,1515.5777110559984,43.9
11/29 15:00:00,1529.726715740977,22.4
11/29 16:00:00,1551.512481755784,4.11
11/29 17:00:00,1101.7464511389423,0.0
11/29 18:00:00,925.6712053054252,0.0
11/29 19:00:00,957.342749172379,0.0
11/29 20:00:00,914.7344193503073,0.0
11/29 21:00:00,888.5753121654972,0.0
11/29 22:00:00,848.0022125697411,0.0
11/29 23:00:00,825.3628557383514,1.0
11/30 00:00:00,747.9465562052019,0.0
11/30 01:00:00,748.1620777798195,0.0
11/30 02:00:00,753.3996964390425,0.0
11/30 03:00:00,744.3346554296775,0.0
11/30 04:00:00,745.6662988767617,0.0
11/30 05:00:00,752.6384494635272,0.0
11/30 06:00:00,827.5332189993821,0.0
11/30 07:00:00,946.8687401694192,0.0
11/30 08:00:00,1640.7186210326065,1.01
11/30 09:00:00,1529.190319057084,13.13
11/30 10:00:00,1468.2815729786014,34.66
11/30 11:00:00,1444.8699136523164,93.47
11/30 12:00:00,1424.0124510345565,31.3
11/30 13:00:00,1531.6883853815064,19.28
11/30 14:00:00,1509.5141126698618,17.22
11/30 15:00:00,1521.2111526589288,7.0
11/30 16:00:00,1541.8699816488645,1.01
11/30 17:00:00,1102.532592488318,0.0
11/30 18:00:00,921.3142127813485,0.0
11/30 19:00:00,939.0777432026842,0.0
11/30 20:00:00,923.0384787078651,0.0
11/30 21:00:00,901.5262815224423,0.0
11/30 22:00:00,855.6693378948254,0.0
11/30 23:00:00,830.050739663048,0.0
12/01 00:00:00,879.4455036803563,0.0
12/01 01:00:00,884.7292290229748,0.0
12/01 02:00:00,883.4437405255289,0.0
12/01 03:00:00,880.1547874247502,0.0
12/01 04:00:00,878.0095244054105,0.0
12/01 05:00:00,888.170782021262,0.0
12/01 06:00:00,960.395413143167,0.0
12/01 07:00:00,1080.3343716764184,0.0
12/01 08:00:00,1787.9902441159807,4.09
12/01 09:00:00,1621.0632975732456,102.04
12/01 10:00:00,1583.0558380610162,163.12
12/01 11:00:00,1584.6427849626173,205.08
12/01 12:00:00,1539.8569364762761,183.42
12/01 13:00:00,1614.172106180207,60.39
12/01 14:00:00,1616.552134381426,41.88
12/01 15:00:00,1660.9346175136955,25.51
12/01 16:00:00,1701.4709724076267,3.07
12/01 17:00:00,1237.2342594159327,0.0
12/01 18:00:00,1058.5197169072103,0.0
12/01 19:00:00,1081.6964859096886,0.0
12/01 20:00:00,1038.5756369063001,0.0
12/01 21:00:00,1032.856199881249,0.0
12/01 22:00:00,979.4867366173202,0.0
12/01 23:00:00,954.9118131355663,0.0
12/02 00:00:00,813.2425106438402,0.0
12/02 01:00:00,812.9708803281128,0.0
12/02 02:00:00,809.1249363836911,0.0
12/02 03:00:00,812.865270581869,0.0
12/02 04:00:00,808.0802299717228,0.0
12/02 05:00:00,808.6515145680823,0.0
12/02 06:00:00,968.1041227332771,0.0
12/02 07:00:00,963.3744972986177,0.0
12/02 08:00:00,1099.9761869918013,2.0
12/02 09:00:00,1047.1042982823099,18.36
12/02 10:00:00,1027.0322870923512,36.64
12/02 11:00:00,1024.383374351525,52.09
12/02 12:00:00,847.6031617902231,58.18
12/02 13:00:00,834.948930938859,47.83
12/02 14:00:00,842.3632792391918,29.44
12/02 15:00:00,855.2533928491986,22.38
12/02 16:00:00,869.8965711023591,1.01
12/02 17:00:00,811.9940909387633,0.0
12/02 18:00:00,855.8538658587213,0.0
12/02 19:00:00,817.4870356869028,0.0
12/02 20:00:00,820.5865489074838,0.0
12/02 21:00:00,832.3353620535805,0.0
12/02 22:00:00,830.5571342173613,0.0
12/02 23:00:00,830.9324103758372,0.0
12/03 00:00:00,832.6223358201589,0.0
12/03 01:00:00,834.5072141562244,0.0
12/03 02:00:00,837.1553414970887,0.0
12/03 03:00:00,832.1537191512153,0.0
12/03 04:00:00,837.4202425888653,0.0
12/03 05:00:00,832.3091762129749,0.0
12/03 06:00:00,897.7589889207253,0.0
12/03 07:00:00,885.1295719782287,0.0
12/03 08:00:00,888.2615702115402,1.0
12/03 09:00:00,880.0618537563203,29.82
12/03 10:00:00,879.2832733189408,39.84
12/03 11:00:00,871.608369935657,59.35
12/03 12:00:00,878.4790267411568,72.05
12/03 13:00:00,880.3525978699184,53.1
12/03 14:00:00,883.0346985367719,40.87
12/03 15:00:00,882.8593340904297,21.38
12/03 16:00:00,893.9437745770667,0.0
12/03 17:00:00,891.9534460874704,0.0
12/03 18:00:00,831.775036466063,0.0
12/03 19:00:00,832.4859057855826,0.0
12/03 20:00:00,836.86952713142,0.0
12/03 21:00:00,836.6902593113613,0.0
12/03 22:00:00,831.3069673750778,0.0
12/03 23:00:00,830.0924504610979,0.0
12/04 00:00:00,901.1035455989447,0.0
12/04 01:00:00,908.2088180913246,0.0
12/04 02:00:00,904.8473801176085,0.0
12/04 03:00:00,900.2485232902635,0.0
12/04 04:00:00,884.1508272279879,0.0
12/04 05:00:00,898.3057039987852,0.0
12/04 06:00:00,988.0974419659564,0.0
12/04 07:00:00,1147.3902537953759,0.0
12/04 08:00:00,1968.983023900214,0.0
12/04 09:00:00,1946.0235879938552,4.0
12/04 10:00:00,1916.6945075872213,14.21
12/04 11:00:00,1924.789231414301,14.0
12/04 12:00:00,1830.901851010067,16.29
12/04 13:00:00,1913.141277517012,14.0
12/04 14:00:00,1899.6182872023157,8.0
12/04 15:00:00,1928.198501570497,5.0
12/04 16:00:00,1944.3854513387662,0.0
12/04 17:00:00,1384.379933792227,0.0
12/04 18:00:00,1128.6658222259264,0.0
12/04 19:00:00,1132.1588822780893,0.0
12/04 20:00:00,1079.7604726854681,0.0
12/04 21:00:00,1069.6066694908059,0.0
12/04 22:00:00,1012.262470271365,0.0
12/04 23:00:00,986.6480640377582,0.0
12/05 00:00:00,914.9053433872675,0.0
12/05 01:00:00,907.8955565011395,0.0
12/05 02:00:00,896.7328884680453,0.0
12/05 03:00:00,893.7518162757101,0.0
12/05 04:00:00,893.3273908154586,0.0
12/05 05:00:00,898.9304302079247,0.0
12/05 06:00:00,975.0293678596233,0.0
12/05 07:00:00,1081.5776822752491,0.0
12/05 08:00:00,1799.6755441588655,0.0
12/05 09:00:00,1643.2347416234807,4.0
12/05 10:00:00,1614.5024924447996,11.0
12/05 11:00:00,1591.1862510801693,40.53
12/05 12:00:00,1541.7119583876427,49.86
12/05 13:00:00,1603.0137385111636,64.89
12/05 14:00:00,1588.136412515461,66.78
12/05 15:00:00,1595.6906115542172,45.45
12/05 16:00:00,1683.8741939453516,3.2
12/05 17:00:00,1230.6254684195455,0.0
12/05 18:00:00,1057.4939728591223,0.0
12/05 19:00:00,1100.0827397524363,0.0
12/05 20:00:00,1068.0087477739962,0.0
12/05 21:00:00,1054.8746867029292,0.0
12/05 22:00:00,1009.3806220077265,0.0
12/05 23:00:00,981.7671538430495,0.0
12/06 00:00:00,909.5190269734377,0.0
12/06 01:00:00,913.6281683245038,0.0
12/06 02:00:00,915.502959075515,0.0
12/06 03:00:00,914.6007963746757,0.0
12/06 04:00:00,910.8461140055077,0.0
12/06 05:00:00,927.0864317604705,0.0
12/06 06:00:00,976.993544993297,0.0
12/06 07:00:00,1097.7050198611869,0.0
12/06 08:00:00,1798.8203265618881,5.0
12/06 09:00:00,1626.4897471744775,60.15
12/06 10:00:00,1588.3052583943204,138.65
12/06 11:00:00,1596.8891231639177,72.37
12/06 12:00:00,1550.4205380845165,180.28
12/06 13:00:00,1632.068603598909,213.34
12/06 14:00:00,1620.154703709171,159.75
12/06 15:00:00,1608.1161366871565,100.39
12/06 16:00:00,1693.569639799634,8.16
12/06 17:00:00,1249.6827015176104,0.0
12/06 18:00:00,1080.1910136123763,0.0
12/06 19:00:00,1118.250945971269,0.0
12/06 20:00:00,1080.3370292949205,0.0
12/06 21:00:00,1078.0398604307625,0.0
12/06 22:00:00,1036.3183403121543,0.0
12/06 23:00:00,1017.5631992405022,0.0
12/07 00:00:00,926.6848488298535,0.0
12/07 01:00:00,928.0382685423132,0.0
12/07 02:00:00,926.3229098207717,0.0
12/07 03:00:00,931.5353904944478,0.0
12/07 04:00:00,927.0082599656716,0.0
12/07 05:00:00,934.5166832262421,0.0
12/07 06:00:00,1003.3678865899883,0.0
12/07 07:00:00,1117.890966704921,0.0
12/07 08:00:00,1827.7935248403155,3.0
12/07 09:00:00,1643.6013490164341,54.8
12/07 10:00:00,1618.6168293493863,122.9
12/07 11:00:00,1604.4896519528147,180.92
12/07 12:00:00,1558.8909770144762,239.67
12/07 13:00:00,1613.3238277784365,208.08
12/07 14:00:00,1603.6596896322474,165.32
12/07 15:00:00,1602.3920972181447,102.82
12/07 16:00:00,1678.2401276874384,6.11
12/07 17:00:00,1234.8363700584907,0.0
12/07 18:00:00,1032.8313885666994,0.0
12/07 19:00:00,1060.2050044675589,0.0
12/07 20:00:00,1030.4531450046431,0.0
12/07 21:00:00,1013.3815381150129,0.0
12/07 22:00:00,976.4543090274017,0.0
12/07 23:00:00,969.793553862069,0.0
12/08 00:00:00,900.554727075376,0.0
12/08 01:00:00,901.3903207706074,0.0
12/08 02:00:00,885.7221479797784,0.0
12/08 03:00:00,881.4979350769115,0.0
12/08 04:00:00,883.1690190305276,0.0
12/08 05:00:00,886.0234286499905,0.0
12/08 06:00:00,955.4425476824294,0.0
12/08 07:00:00,1061.5468902398268,0.0
12/08 08:00:00,1803.8930870005554,1.0
12/08 09:00:00,1663.4065172564215,22.52
12/08 10:00:00,1606.1268131105826,39.79
12/08 11:00:00,1609.3815184603768,46.78
12/08 12:00:00,1553.886331703105,42.85
12/08 13:00:00,1631.0782928210376,38.53
12/08 14:00:00,1406.5740844052134,32.63
12/08 15:00:00,1202.2909681977278,13.12
12/08 16:00:00,1223.6268309468064,2.07
12/08 17:00:00,874.7281519754815,0.0
12/08 18:00:00,717.8968997816793,0.0
12/08 19:00:00,719.0878670266516,0.0
12/08 20:00:00,689.3281234030154,0.0
12/08 21:00:00,668.3213206498152,0.0
12/08 22:00:00,633.4580285207444,0.0
12/08 23:00:00,615.0615635637023,0.0
12/09 00:00:00,519.7422996352751,0.0
12/09 01:00:00,519.6644874626545,0.0
12/09 02:00:00,518.9496355423978,0.0
12/09 03:00:00,518.9904924307112,0.0
12/09 04:00:00,518.099099805823,0.0
12/09 05:00:00,520.0891533423184,0.0
12/09 06:00:00,630.7947177553793,0.0
12/09 07:00:00,635.4945284805939,0.0
12/09 08:00:00,750.9446015014779,1.0
12/09 09:00:00,752.836557038828,11.1
12/09 10:00:00,747.2780064596745,23.39
12/09 11:00:00,751.6136869973024,30.51
12/09 12:00:00,619.3116433709328,32.56
12/09 13:00:00,611.591319441163,44.79
12/09 14:00:00,613.7865726200284,21.21
12/09 15:00:00,616.5027492116908,7.12
12/09 16:00:00,622.7879669386836,1.01
12/09 17:00:00,569.2893236293702,0.0
12/09 18:00:00,570.3181549890171,0.0
12/09 19:00:00,534.6513281156224,0.0
12/09 20:00:00,532.4383143932213,0.0
12/09 21:00:00,532.1639112382021,0.0
12/09 22:00:00,528.039308643731,0.0
12/09 23:00:00,524.5271597477793,0.0
12/10 00:00:00,519.2548055770409,0.0
12/10 01:00:00,517.8914260842822,0.0
12/10 02:00:00,517.6325758190246,0.0
12/10 03:00:00,517.4384219239388,0.0
12/10 04:00:00,518.4348390419553,0.0
12/10 05:00:00,521.7943256980477,0.0
12/10 06:00:00,560.3749158867554,0.0
12/10 07:00:00,563.5784971806243,0.0
12/10 08:00:00,560.7615765397995,5.0
12/10 09:00:00,558.2596442411567,82.58
12/10 10:00:00,557.9076954709021,89.54
12/10 11:00:00,558.7406538385643,52.28
12/10 12:00:00,558.6802443477425,31.28
12/10 13:00:00,557.3443548039282,60.57
12/10 14:00:00,556.9211718885306,128.82
12/10 15:00:00,558.6746839699993,82.3
12/10 16:00:00,564.7563210453196,9.01
12/10 17:00:00,571.3427415977918,0.0
12/10 18:00:00,536.8914983015892,0.0
12/10 19:00:00,534.4870165478947,0.0
12/10 20:00:00,533.3470093218374,0.0
12/10 21:00:00,531.2517402628754,0.0
12/10 22:00:00,526.3731204086262,0.0
12/10 23:00:00,523.5964220558014,0.0
12/11 00:00:00,565.1383877838437,0.0
12/11 01:00:00,564.4014874608034,0.0
12/11 02:00:00,564.069726981602,0.0
12/11 03:00:00,564.3152454612687,0.0
12/11 04:00:00,563.8575670966022,0.0
12/11 05:00:00,569.9597689644105,0.0
12/11 06:00:00,629.9480302206042,0.0
12/11 07:00:00,715.1628629213232,0.0
12/11 08:00:00,1251.776080979506,0.0
12/11 09:00:00,1222.463001345727,6.1
12/11 10:00:00,1191.789815568447,47.35
12/11 11:00:00,1187.437115596901,53.27
12/11 12:00:00,1133.6269052882474,103.1
12/11 13:00:00,1177.661966953339,156.6
12/11 14:00:00,1171.6047048690157,128.12
12/11 15:00:00,1177.352556132042,76.01
12/11 16:00:00,1228.2278481312278,6.0
12/11 17:00:00,881.2715294752088,0.0
12/11 18:00:00,722.1644759071436,0.0
12/11 19:00:00,722.2996508443806,0.0
12/11 20:00:00,690.0385821306133,0.0
12/11 21:00:00,669.991495929795,0.0
12/11 22:00:00,634.4142281826826,0.0
12/11 23:00:00,615.3165663267331,0.0
12/12 00:00:00,565.6381261617178,0.0
12/12 01:00:00,564.6998877885947,0.0
12/12 02:00:00,564.3521520468456,0.0
12/12 03:00:00,563.9949873695007,0.0
12/12 04:00:00,563.0949067623841,0.0
12/12 05:00:00,567.819379560121,0.0
12/12 06:00:00,626.6418100550973,0.0
12/12 07:00:00,710.9114170634199,0.0
12/12 08:00:00,1235.9183145703905,1.0
12/12 09:00:00,1194.6942865659476,23.66
12/12 10:00:00,1166.8364838759508,65.23
12/12 11:00:00,1167.2378291780683,186.28
12/12 12:00:00,1121.6551326529018,232.06
12/12 13:00:00,1168.2283484416625,210.07
12/12 14:00:00,1161.3849595992006,160.62
12/12 15:00:00,1164.8999844587322,98.95
12/12 16:00:00,1215.438064862465,7.0
12/12 17:00:00,875.6383977689569,0.0
12/12 18:00:00,718.1199481924629,0.0
12/12 19:00:00,716.6321583734044,0.0
12/12 20:00:00,685.1678912571458,0.0
12/12 21:00:00,667.0764950800311,0.0
12/12 22:00:00,631.8418310019192,0.0
12/12 23:00:00,613.3446172938762,0.0
12/13 00:00:00,563.2843674636432,0.0
12/13 01:00:00,562.6485508445427,0.0
12/13 02:00:00,562.6604731959355,0.0
12/13 03:00:00,562.4409755373083,0.0
12/13 04:00:00,562.3479909490112,0.0
12/13 05:00:00,567.8034884424192,0.0
12/13 06:00:00,626.8754709808487,0.0
12/13 07:00:00,710.5325537777466,0.0
12/13 08:00:00,1236.8078680828057,0.0
12/13 09:00:00,1210.9044976457124,8.09
12/13 10:00:00,1192.0902624878825,26.38
12/13 11:00:00,1177.9902555089457,50.0
12/13 12:00:00,1124.237279784963,87.84
12/13 13:00:00,1170.3918999339385,95.44
12/13 14:00:00,1165.859553946535,64.67
12/13 15:00:00,1178.1719793806267,43.46
12/13 16:00:00,1221.565263116963,1.0
12/13 17:00:00,874.4529862808996,0.0
12/13 18:00:00,718.5268128558868,0.0
12/13 19:00:00,716.9369140644382,0.0
12/13 20:00:00,685.6715827073889,0.0
12/13 21:00:00,667.7689547873405,0.0
12/13 22:00:00,632.7379616758161,0.0
12/13 23:00:00,614.2016816077528,0.0
12/14 00:00:00,564.3780575308889,0.0
12/14 01:00:00,563.5586370227928,0.0
12/14 02:00:00,563.4192749296552,0.0
12/14 03:00:00,563.3602187004425,0.0
12/14 04:00:00,562.4946790519532,0.0
12/14 05:00:00,567.7353123815858,0.0
12/14 06:00:00,627.2206474286306,0.0
12/14 07:00:00,711.6217358557877,0.0
12/14 08:00:00,1237.436181368396,0.0
12/14 09:00:00,1216.0015112186284,4.0
12/14 10:00:00,1207.173350407367,11.19
12/14 11:00:00,1209.4567409276708,11.0
12/14 12:00:00,1153.4355639448597,30.27
12/14 13:00:00,1206.2336618094369,21.26
12/14 14:00:00,1205.9739115353552,10.0
12/14 15:00:00,1206.320737001026,7.12
12/14 16:00:00,1223.2442961788438,1.0
12/14 17:00:00,873.0616311819256,0.0
12/14 18:00:00,717.2350175401658,0.0
12/14 19:00:00,716.856319303084,0.0
12/14 20:00:00,686.6758923465458,0.0
12/14 21:00:00,667.6326768302548,0.0
12/14 22:00:00,632.3862048467661,0.0
12/14 23:00:00,613.5545043469526,0.0
12/15 00:00:00,563.7514232428591,0.0
12/15 01:00:00,562.739554493643,0.0
12/15 02:00:00,562.7492893603371,0.0
12/15 03:00:00,562.5775508876794,0.0
12/15 04:00:00,562.6643393027971,0.0
12/15 05:00:00,567.6735923443795,0.0
12/15 06:00:00,626.675508210213,0.0
12/15 07:00:00,711.1202799355918,0.0
12/15 08:00:00,1227.1622239621227,4.0
12/15 09:00:00,1168.9016920291149,76.97
12/15 10:00:00,1161.1508309171036,146.67
12/15 11:00:00,1167.0336013981992,193.5
12/15 12:00:00,1121.0403311757025,225.99
12/15 13:00:00,1167.3461319058026,206.62
12/15 14:00:00,1160.18722515407,153.35
12/15 15:00:00,1165.3485446637762,84.92
12/15 16:00:00,1214.5427916316798,8.01
12/15 17:00:00,874.2305013555349,0.0
12/15 18:00:00,717.7976142261381,0.0
12/15 19:00:00,716.7670315157857,0.0
12/15 20:00:00,686.855402985856,0.0
12/15 21:00:00,667.1938497108998,0.0
12/15 22:00:00,631.9277962356618,0.0
12/15 23:00:00,613.3218283691486,0.0
12/16 00:00:00,518.1404287644053,0.0
12/16 01:00:00,517.3438584351128,0.0
12/16 02:00:00,517.418256653186,0.0
12/16 03:00:00,517.4285137115187,0.0
12/16 04:00:00,516.5033774913549,0.0
12/16 05:00:00,518.5881523839588,0.0
12/16 06:00:00,629.4525143816363,0.0
12/16 07:00:00,634.9303747172313,0.0
12/16 08:00:00,748.8405361199912,1.0
12/16 09:00:00,742.0033310436746,46.32
12/16 10:00:00,736.7220509670942,100.08
12/16 11:00:00,742.440368427285,134.22
12/16 12:00:00,615.709711357806,143.1
12/16 13:00:00,608.6836417371725,138.07
12/16 14:00:00,607.9342937293294,136.64
12/16 15:00:00,609.5599978353777,87.57
12/16 16:00:00,620.3903162093123,5.03
12/16 17:00:00,568.1539970614753,0.0
12/16 18:00:00,568.7169220996352,0.0
12/16 19:00:00,532.5891814496572,0.0
12/16 20:00:00,532.5936989973916,0.0
12/16 21:00:00,530.6542105420536,0.0
12/16 22:00:00,527.0735951619906,0.0
12/16 23:00:00,523.8198600587895,0.0
12/17 00:00:00,519.7493961832727,0.0
12/17 01:00:00,519.3331130397777,0.0
12/17 02:00:00,518.3480756776771,0.0
12/17 03:00:00,518.7772664714333,0.0
12/17 04:00:00,517.7635686277976,0.0
12/17 05:00:00,520.2486437128655,0.0
12/17 06:00:00,559.0383013370819,0.0
12/17 07:00:00,561.826435448061,0.0
12/17 08:00:00,560.6067345515465,3.0
12/17 09:00:00,558.1003602820017,74.55
12/17 10:00:00,556.8676540246553,145.73
12/17 11:00:00,557.4467181048424,190.08
12/17 12:00:00,556.9721190478534,211.22
12/17 13:00:00,556.5263955942813,181.61
12/17 14:00:00,557.1177144325059,146.49
12/17 15:00:00,558.1300413979599,91.8
12/17 16:00:00,563.5918446782055,9.06
12/17 17:00:00,569.4468173052492,0.0
12/17 18:00:00,536.3733080127578,0.0
12/17 19:00:00,534.997690904959,0.0
12/17 20:00:00,532.7469356893434,0.0
12/17 21:00:00,531.538024305219,0.0
12/17 22:00:00,526.7360472857073,0.0
12/17 23:00:00,522.7650020798123,0.0
12/18 00:00:00,565.0929859075113,0.0
12/18 01:00:00,564.6742838872117,0.0
12/18 02:00:00,564.025160433845,0.0
12/18 03:00:00,563.6116258653061,0.0
12/18 04:00:00,563.2165140237427,0.0
12/18 05:00:00,568.2927760258101,0.0
12/18 06:00:00,628.8665574226832,0.0
12/18 07:00:00,713.248539582018,0.0
12/18 08:00:00,1235.2979964038234,2.0
12/18 09:00:00,1177.0884052417093,64.95
12/18 10:00:00,1167.3871958030052,127.09
12/18 11:00:00,1173.9146544560692,97.61
12/18 12:00:00,1125.028649974994,173.72
12/18 13:00:00,1172.965887048047,157.62
12/18 14:00:00,1163.9712193611508,133.36
12/18 15:00:00,1169.5478430236399,82.57
12/18 16:00:00,1219.2972201781533,7.09
12/18 17:00:00,878.6312189681039,0.0
12/18 18:00:00,720.8136397769391,0.0
12/18 19:00:00,719.217871447432,0.0
12/18 20:00:00,688.5863225234618,0.0
12/18 21:00:00,667.8548143931974,0.0
12/18 22:00:00,632.9407492936789,0.0
12/18 23:00:00,614.1832144165709,0.0
12/19 00:00:00,564.1533791175923,0.0
12/19 01:00:00,562.7237481216637,0.0
12/19 02:00:00,563.0037476098234,0.0
12/19 03:00:00,561.9250449233042,0.0
12/19 04:00:00,561.9572439234225,0.0
12/19 05:00:00,567.5824871173886,0.0
12/19 06:00:00,626.7319841381686,0.0
12/19 07:00:00,710.5775853051867,0.0
12/19 08:00:00,1229.3781034296846,3.0
12/19 09:00:00,1172.9692234692234,67.38
12/19 10:00:00,1164.7206538714524,139.25
12/19 11:00:00,1168.973357365691,186.85
12/19 12:00:00,1123.3199491720065,215.24
12/19 13:00:00,1170.125070605756,202.02
12/19 14:00:00,1162.9757934236186,158.98
12/19 15:00:00,1166.653918823763,105.18
12/19 16:00:00,1217.8010523206628,10.14
12/19 17:00:00,878.7580635690666,0.0
12/19 18:00:00,721.9670766937355,0.0
12/19 19:00:00,719.0904626225158,0.0
12/19 20:00:00,686.4833350982092,0.0
12/19 21:00:00,668.8285642987342,0.0
12/19 22:00:00,633.0340229732691,0.0
12/19 23:00:00,614.5069652908878,0.0
12/20 00:00:00,563.9045730002938,0.0
12/20 01:00:00,562.8771619679173,0.0
12/20 02:00:00,562.3855681356505,0.0
12/20 03:00:00,562.25456942921,0.0
12/20 04:00:00,561.4068169300695,0.0
12/20 05:00:00,567.6660873507141,0.0
12/20 06:00:00,627.3708172452218,0.0
12/20 07:00:00,712.0280693598403,0.0
12/20 08:00:00,1230.4163948706175,3.0
12/20 09:00:00,1172.0067143719778,70.92
12/20 10:00:00,1164.5757987370212,143.04
12/20 11:00:00,1169.3464055313195,192.14
12/20 12:00:00,1122.8108790014749,228.65
12/20 13:00:00,1169.661055520772,210.36
12/20 14:00:00,1161.7592528203493,156.57
12/20 15:00:00,1167.9625849567994,89.17
12/20 16:00:00,1218.950504531152,8.19
12/20 17:00:00,877.3654284621166,0.0
12/20 18:00:00,719.7210164475399,0.0
12/20 19:00:00,719.8467569507964,0.0
12/20 20:00:00,687.545149609882,0.0
12/20 21:00:00,668.6211675622188,0.0
12/20 22:00:00,633.4699392474156,0.0
12/20 23:00:00,615.0813670674838,0.0
12/21 00:00:00,564.7994877583243,0.0
12/21 01:00:00,563.7026012668442,0.0
12/21 02:00:00,563.480362906868,0.0
12/21 03:00:00,563.71441861459,0.0
12/21 04:00:00,562.5974054288537,0.0
12/21 05:00:00,568.1669347842018,0.0
12/21 06:00:00,628.1382498865079,0.0
12/21 07:00:00,712.2327331545144,0.0
12/21 08:00:00,1231.534748026856,2.0
12/21 09:00:00,1174.8018415081897,62.42
12/21 10:00:00,1165.9926910944125,133.0
12/21 11:00:00,1170.7896801956385,185.52
12/21 12:00:00,1125.3898711891018,231.95
12/21 13:00:00,1171.5320267599457,214.63
12/21 14:00:00,1164.3711789632139,166.94
12/21 15:00:00,1170.028616033745,104.84
12/21 16:00:00,1223.4051325328564,9.26
12/21 17:00:00,880.8412540872882,0.0
12/21 18:00:00,723.3831179992552,0.0
12/21 19:00:00,719.3926740451187,0.0
12/21 20:00:00,688.0185409776358,0.0
12/21 21:00:00,668.9793317554257,0.0
12/21 22:00:00,634.12231656275,0.0
12/21 23:00:00,615.5459508742387,0.0
12/22 00:00:00,565.2891439014359,0.0
12/22 01:00:00,564.5595181725644,0.0
12/22 02:00:00,564.5037404621447,0.0
12/22 03:00:00,563.975013874799,0.0
12/22 04:00:00,564.1738106661822,0.0
12/22 05:00:00,569.698362698138,0.0
12/22 06:00:00,630.1823401932872,0.0
12/22 07:00:00,713.5801155129233,0.0
12/22 08:00:00,1235.9013867039148,1.0
12/22 09:00:00,1180.0454933583344,47.35
12/22 10:00:00,1166.9605739421988,119.44
12/22 11:00:00,1170.8109575349968,157.98
12/22 12:00:00,1123.8516700851474,182.51
12/22 13:00:00,1172.179703628068,133.99
12/22 14:00:00,1163.2569359059505,134.62
12/22 15:00:00,1168.537344304686,88.1
12/22 16:00:00,1218.0797072585237,10.33
12/22 17:00:00,877.7975294578703,0.0
12/22 18:00:00,721.4621245987943,0.0
12/22 19:00:00,720.1460355793904,0.0
12/22 20:00:00,689.2711904393584,0.0
12/22 21:00:00,668.7724499242382,0.0
12/22 22:00:00,634.2572850539049,0.0
12/22 23:00:00,615.336589688518,0.0
12/23 00:00:00,520.3972618788148,0.0
12/23 01:00:00,519.6004802607766,0.0
12/23 02:00:00,519.3192348721893,0.0
12/23 03:00:00,519.4073295219606,0.0
12/23 04:00:00,519.4212367606981,0.0
12/23 05:00:00,521.685597484709,0.0
12/23 06:00:00,633.0898711865851,0.0
12/23 07:00:00,637.480819664662,0.0
12/23 08:00:00,751.7981456599072,1.0
12/23 09:00:00,748.4435565133958,29.67
12/23 10:00:00,741.8361580637744,44.24
12/23 11:00:00,745.2997231776415,129.64
12/23 12:00:00,617.0758005528322,198.19
12/23 13:00:00,610.826055912702,153.36
12/23 14:00:00,609.7501626268223,113.58
12/23 15:00:00,611.3356630174392,66.66
12/23 16:00:00,621.6312912061721,6.42
12/23 17:00:00,571.3532377352955,0.0
12/23 18:00:00,570.9274688077578,0.0
12/23 19:00:00,534.6790143724011,0.0
12/23 20:00:00,534.1209929402236,0.0
12/23 21:00:00,531.3273414098404,0.0
12/23 22:00:00,526.7789496608807,0.0
12/23 23:00:00,523.4139258899462,0.0
12/24 00:00:00,520.3341670526167,0.0
12/24 01:00:00,519.6168200433978,0.0
12/24 02:00:00,519.465224828714,0.0
12/24 03:00:00,519.5222004850453,0.0
12/24 04:00:00,519.0745318432715,0.0
12/24 05:00:00,521.8860066586777,0.0
12/24 06:00:00,560.8007963276203,0.0
12/24 07:00:00,563.9642516086745,0.0
12/24 08:00:00,563.5404859553936,1.0
12/24 09:00:00,560.5710356496211,51.68
12/24 10:00:00,558.9885898452646,112.0
12/24 11:00:00,559.4607458638369,158.13
12/24 12:00:00,559.4173973430663,205.48
12/24 13:00:00,558.5403291225656,181.79
12/24 14:00:00,558.5626730423796,130.1
12/24 15:00:00,559.6708813710661,88.44
12/24 16:00:00,565.1817430040286,5.53
12/24 17:00:00,571.8528650923198,0.0
12/24 18:00:00,538.5521103515347,0.0
12/24 19:00:00,535.748670395205,0.0
12/24 20:00:00,534.7642856174203,0.0
12/24 21:00:00,531.8149369349998,0.0
12/24 22:00:00,526.9411245681147,0.0
12/24 23:00:00,523.1090107013844,0.0
12/25 00:00:00,519.432676188113,0.0
12/25 01:00:00,518.7970603207709,0.0
12/25 02:00:00,518.0107659133417,0.0
12/25 03:00:00,518.0866951509034,0.0
12/25 04:00:00,518.3806702743245,0.0
12/25 05:00:00,521.0809818542665,0.0
12/25 06:00:00,560.397605304756,0.0
12/25 07:00:00,564.2797520712492,0.0
12/25 08:00:00,564.7105295102904,0.0
12/25 09:00:00,563.7336199017311,6.08
12/25 10:00:00,561.068097609013,37.88
12/25 11:00:00,560.6019671404296,46.97
12/25 12:00:00,559.8786284021047,60.62
12/25 13:00:00,558.406487939111,93.17
12/25 14:00:00,558.4776652163952,72.75
12/25 15:00:00,559.1615369997257,50.83
12/25 16:00:00,565.2487285169304,6.64
12/25 17:00:00,571.4953584601968,0.0
12/25 18:00:00,537.2926319919633,0.0
12/25 19:00:00,534.7855371894321,0.0
12/25 20:00:00,535.5630416475774,0.0
12/25 21:00:00,533.1648160712513,0.0
12/25 22:00:00,528.1058488912164,0.0
12/25 23:00:00,524.309732738488,0.0
12/26 00:00:00,565.5221408408304,0.0
12/26 01:00:00,565.447321101252,0.0
12/26 02:00:00,564.2904252067198,0.0
12/26 03:00:00,564.3655454704194,0.0
12/26 04:00:00,563.7405835719642,0.0
12/26 05:00:00,569.6298308780899,0.0
12/26 06:00:00,629.7929889582808,0.0
12/26 07:00:00,714.695539365281,0.0
12/26 08:00:00,1246.3161106813645,0.0
12/26 09:00:00,1222.7879432005466,4.0
12/26 10:00:00,1209.1775455546042,18.18
12/26 11:00:00,1209.349541170057,19.24
12/26 12:00:00,1152.2469042081034,38.54
12/26 13:00:00,1205.399154733123,24.26
12/26 14:00:00,1194.765117081687,35.63
12/26 15:00:00,1214.1926742483004,7.12
12/26 16:00:00,1232.1460436480081,1.01
12/26 17:00:00,878.7820177492747,0.0
12/26 18:00:00,722.2129672035729,0.0
12/26 19:00:00,721.5383367736135,0.0
12/26 20:00:00,690.9499608845242,0.0
12/26 21:00:00,671.7658678972299,0.0
12/26 22:00:00,634.4098792444621,0.0
12/26 23:00:00,614.7607205516534,0.0
12/27 00:00:00,564.0933196718486,0.0
12/27 01:00:00,562.9368174946073,0.0
12/27 02:00:00,562.8707217578892,0.0
12/27 03:00:00,562.5095277936779,0.0
12/27 04:00:00,562.9047132477359,0.0
12/27 05:00:00,569.5687895668401,0.0
12/27 06:00:00,629.1746276506478,0.0
12/27 07:00:00,712.9099013031415,0.0
12/27 08:00:00,1238.1270960134254,1.0
12/27 09:00:00,1176.0924564532131,63.78
12/27 10:00:00,1169.7768594012664,71.11
12/27 11:00:00,1177.417250912725,76.15
12/27 12:00:00,1131.3225075462722,70.17
12/27 13:00:00,1174.1497179813948,107.06
12/27 14:00:00,1168.024121964125,72.79
12/27 15:00:00,1174.8000901412545,56.05
12/27 16:00:00,1222.4830241925208,5.49
12/27 17:00:00,878.2821549452001,0.0
12/27 18:00:00,721.9085819627118,0.0
12/27 19:00:00,720.0594331582171,0.0
12/27 20:00:00,690.6028965745131,0.0
12/27 21:00:00,670.8864352918002,0.0
12/27 22:00:00,635.6455095162439,0.0
12/27 23:00:00,616.1230984489835,0.0
12/28 00:00:00,565.8491442012462,0.0
12/28 01:00:00,565.233253637049,0.0
12/28 02:00:00,564.3302041673642,0.0
12/28 03:00:00,564.1764052634564,0.0
12/28 04:00:00,564.4134047660847,0.0
12/28 05:00:00,570.0837504543067,0.0
12/28 06:00:00,629.814928945198,0.0
12/28 07:00:00,714.5277518572622,0.0
12/28 08:00:00,1240.5047357114238,1.0
12/28 09:00:00,1178.4405043248266,60.73
12/28 10:00:00,1171.860294448762,83.46
12/28 11:00:00,1186.7194274847886,50.21
12/28 12:00:00,1157.753464343696,28.27
12/28 13:00:00,1206.8991133453173,27.26
12/28 14:00:00,1205.5255801404778,16.21
12/28 15:00:00,1208.8222106368648,16.26
12/28 16:00:00,1229.145947462851,3.08
12/28 17:00:00,880.8547672080274,0.0
12/28 18:00:00,724.437679806218,0.0
12/28 19:00:00,723.7485794659356,0.0
12/28 20:00:00,692.6894626808314,0.0
12/28 21:00:00,671.030657541273,0.0
12/28 22:00:00,634.9604358626012,0.0
12/28 23:00:00,616.1626649554132,0.0
12/29 00:00:00,565.818592398103,0.0
12/29 01:00:00,564.5611141323262,0.0
12/29 02:00:00,564.2114112076971,0.0
12/29 03:00:00,563.8676869618791,0.0
12/29 04:00:00,564.0840690291589,0.0
12/29 05:00:00,570.379992492026,0.0
12/29 06:00:00,629.8605130513013,0.0
12/29 07:00:00,714.4078188847292,0.0
12/29 08:00:00,1239.482510737228,1.0
12/29 09:00:00,1176.9324271327073,60.7
12/29 10:00:00,1167.8078875066014,124.35
12/29 11:00:00,1177.7235566649208,66.19
12/29 12:00:00,1132.8819088042922,60.63
12/29 13:00:00,1178.0919673358958,76.89
12/29 14:00:00,1170.8763587910262,66.99
12/29 15:00:00,1178.9901720760654,47.85
12/29 16:00:00,1222.5969432642544,8.32
12/29 17:00:00,879.9404984404475,0.0
12/29 18:00:00,725.5325987787133,0.0
12/29 19:00:00,724.6673775155997,0.0
12/29 20:00:00,692.6031172280091,0.0
12/29 21:00:00,670.1650673614828,0.0
12/29 22:00:00,634.3978542613701,0.0
12/29 23:00:00,615.3013978103135,0.0
12/30 00:00:00,519.8485184624883,0.0
12/30 01:00:00,518.7936311527961,0.0
12/30 02:00:00,518.553102402144,0.0
12/30 03:00:00,517.8362409609906,0.0
12/30 04:00:00,517.9040793446142,0.0
12/30 05:00:00,519.7039583863193,0.0
12/30 06:00:00,630.7242498216327,0.0
12/30 07:00:00,637.0566984161596,0.0
12/30 08:00:00,753.8539118638155,0.0
12/30 09:00:00,756.1635951091819,6.08
12/30 10:00:00,746.2825149226196,32.71
12/30 11:00:00,748.7783788153856,49.22
12/30 12:00:00,621.1343580099821,34.55
12/30 13:00:00,615.8640921052872,21.26
12/30 14:00:00,612.7915980472325,47.29
12/30 15:00:00,617.1338635229358,10.13
12/30 16:00:00,623.5717110771363,3.07
12/30 17:00:00,571.3900112839342,0.0
12/30 18:00:00,571.469526339348,0.0
12/30 19:00:00,535.3376525109591,0.0
12/30 20:00:00,533.997169819307,0.0
12/30 21:00:00,532.3953332906198,0.0
12/30 22:00:00,527.7326558638971,0.0
12/30 23:00:00,524.0291324327314,0.0
12/31 00:00:00,520.8132864894727,0.0
12/31 01:00:00,519.6449023116196,0.0
12/31 02:00:00,519.4329468427425,0.0
12/31 03:00:00,518.9852856900474,0.0
12/31 04:00:00,518.7419643349971,0.0
12/31 05:00:00,521.3861557331808,0.0
12/31 06:00:00,560.1429570021863,0.0
12/31 07:00:00,563.4191018428254,0.0
12/31 08:00:00,563.1283312563392,0.0
12/31 09:00:00,561.0643861937435,14.31
12/31 10:00:00,559.2801865931991,38.89
12/31 11:00:00,558.5090485901203,47.98
12/31 12:00:00,557.4624935322137,70.2
12/31 13:00:00,556.3784849254064,221.81
12/31 14:00:00,557.2901040969172,175.26
12/31 15:00:00,558.3347357953307,123.41
12/31 16:00:00,564.5670615035392,23.82
12/31 17:00:00,572.1304040025177,0.0
12/31 18:00:00,538.2713539775021,0.0
12/31 19:00:00,535.5700541691402,0.0
12/31 20:00:00,535.3089837809878,0.0
12/31 21:00:00,533.660136308391,0.0
12/31 22:00:00,529.2199219173602,0.0
12/31 23:00:00,525.2871095677909,0.0
