Variable,Index1,Index2,Index3,Value
C_cond,,,,46496.31447928344
C_subs,,,,33465.970251840066
C_losses,,,1,0.015151960061309946
line_opt,,0,Poppy,1.0
line_opt,,0,Oxlip,0.0
line_opt,,0,Daisy,0.0
line_opt,,0,Tulip,0.0
line_opt,,1,Poppy,0.0
line_opt,,1,Oxlip,0.0
line_opt,,1,Daisy,0.0
line_opt,,1,Tulip,0.0
line_opt,,2,Poppy,0.0
line_opt,,2,Oxlip,0.0
line_opt,,2,Daisy,0.0
line_opt,,2,Tulip,0.0
line_opt,,3,Poppy,0.0
line_opt,,3,Oxlip,0.0
line_opt,,3,Daisy,0.0
line_opt,,3,Tulip,0.0
line_opt,,4,Poppy,0.0
line_opt,,4,Oxlip,0.0
line_opt,,4,Daisy,0.0
line_opt,,4,Tulip,0.0
line_opt,,5,Poppy,0.0
line_opt,,5,Oxlip,0.0
line_opt,,5,Daisy,0.0
line_opt,,5,Tulip,0.0
line_opt,,6,Poppy,0.0
line_opt,,6,Oxlip,0.0
line_opt,,6,Daisy,0.0
line_opt,,6,Tulip,0.0
line_opt,,7,Poppy,1.0
line_opt,,7,Oxlip,0.0
line_opt,,7,Daisy,0.0
line_opt,,7,Tulip,0.0
line_opt,,8,Poppy,1.0
line_opt,,8,Oxlip,0.0
line_opt,,8,Daisy,0.0
line_opt,,8,Tulip,0.0
line_opt,,9,Poppy,0.0
line_opt,,9,Oxlip,0.0
line_opt,,9,Daisy,0.0
line_opt,,9,Tulip,0.0
line_opt,,10,Poppy,0.0
line_opt,,10,Oxlip,0.0
line_opt,,10,Daisy,0.0
line_opt,,10,Tulip,0.0
line_opt,,11,Poppy,0.0
line_opt,,11,Oxlip,0.0
line_opt,,11,Daisy,0.0
line_opt,,11,Tulip,0.0
line_opt,,12,Poppy,0.0
line_opt,,12,Oxlip,0.0
line_opt,,12,Daisy,0.0
line_opt,,12,Tulip,0.0
line_opt,,13,Poppy,0.0
line_opt,,13,Oxlip,0.0
line_opt,,13,Daisy,0.0
line_opt,,13,Tulip,0.0
line_opt,,14,Poppy,0.0
line_opt,,14,Oxlip,0.0
line_opt,,14,Daisy,0.0
line_opt,,14,Tulip,0.0
line_opt,,15,Poppy,0.0
line_opt,,15,Oxlip,0.0
line_opt,,15,Daisy,0.0
line_opt,,15,Tulip,0.0
line_opt,,16,Poppy,0.0
line_opt,,16,Oxlip,0.0
line_opt,,16,Daisy,0.0
line_opt,,16,Tulip,0.0
line_opt,,17,Poppy,0.9999949495580721
line_opt,,17,Oxlip,4.317192146335902e-06
line_opt,,17,Daisy,0.0
line_opt,,17,Tulip,7.332302212390259e-07
line_opt,,18,Poppy,0.0
line_opt,,18,Oxlip,0.0
line_opt,,18,Daisy,0.0
line_opt,,18,Tulip,0.0
line_opt,,19,Poppy,0.999951487828537
line_opt,,19,Oxlip,0.0
line_opt,,19,Daisy,2.7033623755710664e-05
line_opt,,19,Tulip,2.1477945175261626e-05
line_opt,,20,Poppy,0.0
line_opt,,20,Oxlip,1.0
line_opt,,20,Daisy,0.0
line_opt,,20,Tulip,0.0
line_opt,,21,Poppy,0.0
line_opt,,21,Oxlip,0.0
line_opt,,21,Daisy,0.0
line_opt,,21,Tulip,0.0
line_opt,,22,Poppy,0.0
line_opt,,22,Oxlip,0.0
line_opt,,22,Daisy,0.0
line_opt,,22,Tulip,0.0
line_opt,,23,Poppy,0.0
line_opt,,23,Oxlip,0.0
line_opt,,23,Daisy,0.0
line_opt,,23,Tulip,0.0
line_opt,,24,Poppy,0.0
line_opt,,24,Oxlip,0.0
line_opt,,24,Daisy,0.0
line_opt,,24,Tulip,0.0
line_opt,,25,Poppy,0.0
line_opt,,25,Oxlip,0.0
line_opt,,25,Daisy,0.0
line_opt,,25,Tulip,0.0
line_opt,,26,Poppy,0.0
line_opt,,26,Oxlip,0.0
line_opt,,26,Daisy,0.0
line_opt,,26,Tulip,0.0
line_opt,,27,Poppy,0.0
line_opt,,27,Oxlip,0.0
line_opt,,27,Daisy,0.0
line_opt,,27,Tulip,0.0
line_opt,,28,Poppy,0.0
line_opt,,28,Oxlip,0.0
line_opt,,28,Daisy,0.0
line_opt,,28,Tulip,0.0
line_opt,,29,Poppy,0.0
line_opt,,29,Oxlip,0.0
line_opt,,29,Daisy,0.0
line_opt,,29,Tulip,0.0
line_opt,,30,Poppy,0.0
line_opt,,30,Oxlip,0.0
line_opt,,30,Daisy,0.0
line_opt,,30,Tulip,0.0
line_opt,,31,Poppy,0.0
line_opt,,31,Oxlip,0.0
line_opt,,31,Daisy,0.0
line_opt,,31,Tulip,0.0
line_opt,,32,Poppy,0.0
line_opt,,32,Oxlip,0.0
line_opt,,32,Daisy,0.0
line_opt,,32,Tulip,0.0
line_opt,,33,Poppy,0.0
line_opt,,33,Oxlip,0.0
line_opt,,33,Daisy,0.0
line_opt,,33,Tulip,0.0
line_opt,,34,Poppy,0.0
line_opt,,34,Oxlip,1.0
line_opt,,34,Daisy,0.0
line_opt,,34,Tulip,0.0
line_opt,,35,Poppy,0.0
line_opt,,35,Oxlip,0.0
line_opt,,35,Daisy,0.0
line_opt,,35,Tulip,0.0
line_opt,,36,Poppy,1.0
line_opt,,36,Oxlip,0.0
line_opt,,36,Daisy,0.0
line_opt,,36,Tulip,0.0
line_opt,,37,Poppy,0.0
line_opt,,37,Oxlip,1.0
line_opt,,37,Daisy,0.0
line_opt,,37,Tulip,0.0
line_opt,,38,Poppy,0.9999607325411495
line_opt,,38,Oxlip,1.2834932357711227e-05
line_opt,,38,Daisy,2.6432536272959386e-05
line_opt,,38,Tulip,0.0
line_opt,,39,Poppy,0.0
line_opt,,39,Oxlip,0.0
line_opt,,39,Daisy,0.0
line_opt,,39,Tulip,0.0
line_opt,,40,Poppy,1.0
line_opt,,40,Oxlip,0.0
line_opt,,40,Daisy,0.0
line_opt,,40,Tulip,0.0
line_opt,,41,Poppy,0.0
line_opt,,41,Oxlip,0.0
line_opt,,41,Daisy,0.0
line_opt,,41,Tulip,0.0
line_opt,,42,Poppy,0.0
line_opt,,42,Oxlip,0.0
line_opt,,42,Daisy,0.0
line_opt,,42,Tulip,0.0
line_opt,,43,Poppy,0.9999905081156076
line_opt,,43,Oxlip,0.0
line_opt,,43,Daisy,8.152300774679198e-07
line_opt,,43,Tulip,8.676668146185774e-06
line_opt,,44,Poppy,1.0
line_opt,,44,Oxlip,0.0
line_opt,,44,Daisy,0.0
line_opt,,44,Tulip,0.0
line_opt,,45,Poppy,0.0
line_opt,,45,Oxlip,0.0
line_opt,,45,Daisy,0.0
line_opt,,45,Tulip,0.0
line_opt,,46,Poppy,1.0
line_opt,,46,Oxlip,0.0
line_opt,,46,Daisy,0.0
line_opt,,46,Tulip,0.0
line_opt,,47,Poppy,0.9990987001452631
line_opt,,47,Oxlip,0.0
line_opt,,47,Daisy,0.0
line_opt,,47,Tulip,0.0009012104491881767
line_opt,,48,Poppy,0.0
line_opt,,48,Oxlip,0.0
line_opt,,48,Daisy,0.0
line_opt,,48,Tulip,0.0
line_opt,,49,Poppy,0.0
line_opt,,49,Oxlip,0.0
line_opt,,49,Daisy,0.0
line_opt,,49,Tulip,0.0
line_opt,,50,Poppy,0.0
line_opt,,50,Oxlip,0.0
line_opt,,50,Daisy,0.0
line_opt,,50,Tulip,0.0
line_opt,,51,Poppy,0.0
line_opt,,51,Oxlip,0.0
line_opt,,51,Daisy,0.0
line_opt,,51,Tulip,0.0
line_opt,,52,Poppy,1.0
line_opt,,52,Oxlip,0.0
line_opt,,52,Daisy,0.0
line_opt,,52,Tulip,0.0
line_opt,,53,Poppy,1.0
line_opt,,53,Oxlip,0.0
line_opt,,53,Daisy,0.0
line_opt,,53,Tulip,0.0
line_opt,,54,Poppy,0.0
line_opt,,54,Oxlip,0.0
line_opt,,54,Daisy,0.0
line_opt,,54,Tulip,0.0
line_opt,,55,Poppy,0.0
line_opt,,55,Oxlip,0.0
line_opt,,55,Daisy,0.0
line_opt,,55,Tulip,0.0
line_opt,,56,Poppy,0.0
line_opt,,56,Oxlip,0.0
line_opt,,56,Daisy,0.0
line_opt,,56,Tulip,0.0
line_opt,,57,Poppy,0.0
line_opt,,57,Oxlip,0.0
line_opt,,57,Daisy,0.0
line_opt,,57,Tulip,0.0
line_opt,,58,Poppy,0.0
line_opt,,58,Oxlip,0.0
line_opt,,58,Daisy,0.0
line_opt,,58,Tulip,0.0
line_opt,,59,Poppy,0.0
line_opt,,59,Oxlip,0.0
line_opt,,59,Daisy,0.0
line_opt,,59,Tulip,0.0
line_act_plus,,,0,0.0
line_act_plus,,,1,0.0
line_act_plus,,,2,0.0
line_act_plus,,,3,0.0
line_act_plus,,,4,0.0
line_act_plus,,,5,0.0
line_act_plus,,,6,0.0
line_act_plus,,,7,1.0
line_act_plus,,,8,1.0
line_act_plus,,,9,0.0
line_act_plus,,,10,0.0
line_act_plus,,,11,0.0
line_act_plus,,,12,0.0
line_act_plus,,,13,0.0
line_act_plus,,,14,0.0
line_act_plus,,,15,0.0
line_act_plus,,,16,0.0
line_act_plus,,,17,1.0
line_act_plus,,,18,0.0
line_act_plus,,,19,1.0
line_act_plus,,,20,1.0
line_act_plus,,,21,0.0
line_act_plus,,,22,0.0
line_act_plus,,,23,0.0
line_act_plus,,,24,0.0
line_act_plus,,,25,0.0
line_act_plus,,,26,0.0
line_act_plus,,,27,0.0
line_act_plus,,,28,0.0
line_act_plus,,,29,0.0
line_act_plus,,,30,0.0
line_act_plus,,,31,0.0
line_act_plus,,,32,0.0
line_act_plus,,,33,0.0
line_act_plus,,,34,1.0
line_act_plus,,,35,0.0
line_act_plus,,,36,1.0
line_act_plus,,,37,1.0
line_act_plus,,,38,0.0
line_act_plus,,,39,0.0
line_act_plus,,,40,0.0
line_act_plus,,,41,0.0
line_act_plus,,,42,0.0
line_act_plus,,,43,1.0
line_act_plus,,,44,0.0
line_act_plus,,,45,0.0
line_act_plus,,,46,0.0
line_act_plus,,,47,0.0
line_act_plus,,,48,0.0
line_act_plus,,,49,0.0
line_act_plus,,,50,0.0
line_act_plus,,,51,0.0
line_act_plus,,,52,1.0
line_act_plus,,,53,0.0
line_act_plus,,,54,0.0
line_act_plus,,,55,0.0
line_act_plus,,,56,0.0
line_act_plus,,,57,0.0
line_act_plus,,,58,0.0
line_act_plus,,,59,0.0
line_act_minus,,,0,1.0
line_act_minus,,,1,0.0
line_act_minus,,,2,0.0
line_act_minus,,,3,0.0
line_act_minus,,,4,0.0
line_act_minus,,,5,0.0
line_act_minus,,,6,0.0
line_act_minus,,,7,0.0
line_act_minus,,,8,0.0
line_act_minus,,,9,0.0
line_act_minus,,,10,0.0
line_act_minus,,,11,0.0
line_act_minus,,,12,0.0
line_act_minus,,,13,0.0
line_act_minus,,,14,0.0
line_act_minus,,,15,0.0
line_act_minus,,,16,0.0
line_act_minus,,,17,0.0
line_act_minus,,,18,0.0
line_act_minus,,,19,0.0
line_act_minus,,,20,0.0
line_act_minus,,,21,0.0
line_act_minus,,,22,0.0
line_act_minus,,,23,0.0
line_act_minus,,,24,0.0
line_act_minus,,,25,0.0
line_act_minus,,,26,0.0
line_act_minus,,,27,0.0
line_act_minus,,,28,0.0
line_act_minus,,,29,0.0
line_act_minus,,,30,0.0
line_act_minus,,,31,0.0
line_act_minus,,,32,0.0
line_act_minus,,,33,0.0
line_act_minus,,,34,0.0
line_act_minus,,,35,0.0
line_act_minus,,,36,0.0
line_act_minus,,,37,0.0
line_act_minus,,,38,1.0
line_act_minus,,,39,0.0
line_act_minus,,,40,1.0
line_act_minus,,,41,0.0
line_act_minus,,,42,0.0
line_act_minus,,,43,0.0
line_act_minus,,,44,1.0
line_act_minus,,,45,0.0
line_act_minus,,,46,1.0
line_act_minus,,,47,1.0
line_act_minus,,,48,0.0
line_act_minus,,,49,0.0
line_act_minus,,,50,0.0
line_act_minus,,,51,0.0
line_act_minus,,,52,0.0
line_act_minus,,,53,1.0
line_act_minus,,,54,0.0
line_act_minus,,,55,0.0
line_act_minus,,,56,0.0
line_act_minus,,,57,0.0
line_act_minus,,,58,0.0
line_act_minus,,,59,0.0
subs_hv_capacity,,,0,54.76978659647038
subs_hv_capacity,,,1,63.085284551882935
subs_hv_S,,1,0,54.76978659647038
subs_hv_S,,1,1,63.085284551882935
subs_hv_P,,1,0,40.08692242083998
subs_hv_P,,1,1,46.80247707992639
subs_hv_Q,,1,0,40.098506619205445
subs_hv_Q,,1,1,45.1063008812555
beta,,,0,1.0
beta,,,1,1.0
subs_mv_capacity,,,2,12.282625434424743
subs_mv_capacity,,,3,0.0
subs_mv_capacity,,,4,0.0
subs_mv_capacity,,,5,20.70056130613993
subs_mv_S,,1,2,12.282625434424743
subs_mv_S,,1,3,0.0
subs_mv_S,,1,4,0.0
subs_mv_S,,1,5,20.70056130613993
subs_mv_P,,1,2,7.081594315795652
subs_mv_P,,1,3,0.0
subs_mv_P,,1,4,0.0
subs_mv_P,,1,5,11.789822392881534
subs_mv_Q,,1,2,10.094193817324594
subs_mv_Q,,1,3,0.0
subs_mv_Q,,1,4,0.0
subs_mv_Q,,1,5,17.09609215272445
gamma,,,2,1.0
gamma,,,3,0.0
gamma,,,4,0.0
gamma,,,5,1.0
current_squared_k,1,0,Poppy,3294.808574190658
current_squared_k,1,0,Oxlip,0.0
current_squared_k,1,0,Daisy,1.6093254089355469e-06
current_squared_k,1,0,Tulip,1.6093254089355469e-06
current_squared_k,1,1,Poppy,0.0
current_squared_k,1,1,Oxlip,0.0
current_squared_k,1,1,Daisy,0.0
current_squared_k,1,1,Tulip,0.0
current_squared_k,1,2,Poppy,0.0
current_squared_k,1,2,Oxlip,0.0
current_squared_k,1,2,Daisy,0.0
current_squared_k,1,2,Tulip,0.0
current_squared_k,1,3,Poppy,0.0
current_squared_k,1,3,Oxlip,0.0
current_squared_k,1,3,Daisy,6.481643807663197e-06
current_squared_k,1,3,Tulip,-1.1812283340712707e-05
current_squared_k,1,4,Poppy,0.0
current_squared_k,1,4,Oxlip,0.0
current_squared_k,1,4,Daisy,0.0
current_squared_k,1,4,Tulip,0.0
current_squared_k,1,5,Poppy,0.0
current_squared_k,1,5,Oxlip,0.0
current_squared_k,1,5,Daisy,0.0
current_squared_k,1,5,Tulip,0.0
current_squared_k,1,6,Poppy,0.0
current_squared_k,1,6,Oxlip,0.0
current_squared_k,1,6,Daisy,0.0
current_squared_k,1,6,Tulip,0.0
current_squared_k,1,7,Poppy,4564.364129145885
current_squared_k,1,7,Oxlip,1.6093254089355469e-06
current_squared_k,1,7,Daisy,1.6093254089355469e-06
current_squared_k,1,7,Tulip,1.6093254089355469e-06
current_squared_k,1,8,Poppy,2233.7387876468897
current_squared_k,1,8,Oxlip,1.6093254089355469e-06
current_squared_k,1,8,Daisy,1.6093254089355469e-06
current_squared_k,1,8,Tulip,1.6093254089355469e-06
current_squared_k,1,9,Poppy,0.0
current_squared_k,1,9,Oxlip,9.65717432776395e-06
current_squared_k,1,9,Daisy,-2.024008782938113e-05
current_squared_k,1,9,Tulip,1.6093254089355469e-06
current_squared_k,1,10,Poppy,0.0
current_squared_k,1,10,Oxlip,1.6093254089355469e-06
current_squared_k,1,10,Daisy,1.6093254089355469e-06
current_squared_k,1,10,Tulip,1.6093254089355469e-06
current_squared_k,1,11,Poppy,0.0
current_squared_k,1,11,Oxlip,0.0
current_squared_k,1,11,Daisy,0.0
current_squared_k,1,11,Tulip,0.0
current_squared_k,1,12,Poppy,0.0
current_squared_k,1,12,Oxlip,0.0
current_squared_k,1,12,Daisy,0.0
current_squared_k,1,12,Tulip,0.0
current_squared_k,1,13,Poppy,0.0
current_squared_k,1,13,Oxlip,0.0
current_squared_k,1,13,Daisy,0.0
current_squared_k,1,13,Tulip,0.0
current_squared_k,1,14,Poppy,0.0
current_squared_k,1,14,Oxlip,0.0
current_squared_k,1,14,Daisy,-1.4780648139615404e-05
current_squared_k,1,14,Tulip,-5.027915192823355e-06
current_squared_k,1,15,Poppy,0.0
current_squared_k,1,15,Oxlip,1.6093254089355469e-06
current_squared_k,1,15,Daisy,1.6093254089355469e-06
current_squared_k,1,15,Tulip,1.6093254089355469e-06
current_squared_k,1,16,Poppy,4.98967014452443e-06
current_squared_k,1,16,Oxlip,-1.67287302870472e-05
current_squared_k,1,16,Daisy,8.046627044677734e-06
current_squared_k,1,16,Tulip,0.0
current_squared_k,1,17,Poppy,0.0
current_squared_k,1,17,Oxlip,102.93203747370454
current_squared_k,1,17,Daisy,0.0
current_squared_k,1,17,Tulip,46.34198305785954
current_squared_k,1,18,Poppy,0.0
current_squared_k,1,18,Oxlip,-0.00036474415937389685
current_squared_k,1,18,Daisy,-0.0006415648179127203
current_squared_k,1,18,Tulip,-0.0006415692524415071
current_squared_k,1,19,Poppy,169.3834818719496
current_squared_k,1,19,Oxlip,1.6093254089355469e-06
current_squared_k,1,19,Daisy,563.0291754646975
current_squared_k,1,19,Tulip,563.0248619698796
current_squared_k,1,20,Poppy,0.0
current_squared_k,1,20,Oxlip,155.32764699768185
current_squared_k,1,20,Daisy,1.609329046914354e-06
current_squared_k,1,20,Tulip,1.609329046914354e-06
current_squared_k,1,21,Poppy,1.609328592167003e-06
current_squared_k,1,21,Oxlip,0.00027563120661540814
current_squared_k,1,21,Daisy,1.609329046914354e-06
current_squared_k,1,21,Tulip,1.609329046914354e-06
current_squared_k,1,22,Poppy,0.0
current_squared_k,1,22,Oxlip,1.609329046914354e-06
current_squared_k,1,22,Daisy,1.609329046914354e-06
current_squared_k,1,22,Tulip,0.0
current_squared_k,1,23,Poppy,0.0
current_squared_k,1,23,Oxlip,0.0
current_squared_k,1,23,Daisy,0.0
current_squared_k,1,23,Tulip,0.0
current_squared_k,1,24,Poppy,0.0
current_squared_k,1,24,Oxlip,0.0
current_squared_k,1,24,Daisy,0.0
current_squared_k,1,24,Tulip,0.0
current_squared_k,1,25,Poppy,0.0
current_squared_k,1,25,Oxlip,0.0
current_squared_k,1,25,Daisy,2.584183238364172e-05
current_squared_k,1,25,Tulip,-0.0005911727153650653
current_squared_k,1,26,Poppy,0.0
current_squared_k,1,26,Oxlip,0.00042468164435564235
current_squared_k,1,26,Daisy,0.0
current_squared_k,1,26,Tulip,0.0
current_squared_k,1,27,Poppy,0.0
current_squared_k,1,27,Oxlip,0.0
current_squared_k,1,27,Daisy,-3.8065101181171666e-05
current_squared_k,1,27,Tulip,0.0
current_squared_k,1,28,Poppy,0.0
current_squared_k,1,28,Oxlip,0.0
current_squared_k,1,28,Daisy,0.0
current_squared_k,1,28,Tulip,1.609329046914354e-06
current_squared_k,1,29,Poppy,0.0
current_squared_k,1,29,Oxlip,1.609329046914354e-06
current_squared_k,1,29,Daisy,1.609329046914354e-06
current_squared_k,1,29,Tulip,0.0
current_squared_k,1,30,Poppy,0.0
current_squared_k,1,30,Oxlip,1.2880264098799821e-05
current_squared_k,1,30,Daisy,0.0
current_squared_k,1,30,Tulip,-0.000650770123376612
current_squared_k,1,31,Poppy,0.0
current_squared_k,1,31,Oxlip,0.0
current_squared_k,1,31,Daisy,9.379103003274705e-06
current_squared_k,1,31,Tulip,1.609329046914354e-06
current_squared_k,1,32,Poppy,0.0
current_squared_k,1,32,Oxlip,0.0
current_squared_k,1,32,Daisy,0.0
current_squared_k,1,32,Tulip,0.0
current_squared_k,1,33,Poppy,1.1348070209175503e-05
current_squared_k,1,33,Oxlip,1.609329046914354e-06
current_squared_k,1,33,Daisy,1.609329046914354e-06
current_squared_k,1,33,Tulip,1.609329046914354e-06
current_squared_k,1,34,Poppy,0.0
current_squared_k,1,34,Oxlip,76.713445522565
current_squared_k,1,34,Daisy,1.609329046914354e-06
current_squared_k,1,34,Tulip,1.609329046914354e-06
current_squared_k,1,35,Poppy,0.0
current_squared_k,1,35,Oxlip,2.770974726043479e-05
current_squared_k,1,35,Daisy,3.3615838611933425e-05
current_squared_k,1,35,Tulip,-0.0003261521634161732
current_squared_k,1,36,Poppy,7.504411065001724
current_squared_k,1,36,Oxlip,0.0
current_squared_k,1,36,Daisy,0.0
current_squared_k,1,36,Tulip,1.609329046914354e-06
current_squared_k,1,37,Poppy,0.0
current_squared_k,1,37,Oxlip,97.82092168825194
current_squared_k,1,37,Daisy,0.0
current_squared_k,1,37,Tulip,3.2186569695145584e-06
current_squared_k,1,38,Poppy,169.3731346703854
current_squared_k,1,38,Oxlip,303.50640316176384
current_squared_k,1,38,Daisy,870.4324606245923
current_squared_k,1,38,Tulip,0.0
current_squared_k,1,39,Poppy,0.0
current_squared_k,1,39,Oxlip,0.0
current_squared_k,1,39,Daisy,0.0
current_squared_k,1,39,Tulip,0.0
current_squared_k,1,40,Poppy,302.18353835219307
current_squared_k,1,40,Oxlip,1.6093254089355469e-06
current_squared_k,1,40,Daisy,1.6093254089355469e-06
current_squared_k,1,40,Tulip,1.6093254089355469e-06
current_squared_k,1,41,Poppy,0.0
current_squared_k,1,41,Oxlip,0.0
current_squared_k,1,41,Daisy,0.0
current_squared_k,1,41,Tulip,0.0
current_squared_k,1,42,Poppy,0.0
current_squared_k,1,42,Oxlip,0.0
current_squared_k,1,42,Daisy,0.0
current_squared_k,1,42,Tulip,0.0
current_squared_k,1,43,Poppy,0.0
current_squared_k,1,43,Oxlip,0.0
current_squared_k,1,43,Daisy,18.98349510147894
current_squared_k,1,43,Tulip,254.297937191121
current_squared_k,1,44,Poppy,38.913457388963124
current_squared_k,1,44,Oxlip,1.609329046914354e-06
current_squared_k,1,44,Daisy,1.609329046914354e-06
current_squared_k,1,44,Tulip,1.609329046914354e-06
current_squared_k,1,45,Poppy,0.0
current_squared_k,1,45,Oxlip,-0.0002646772961505253
current_squared_k,1,45,Daisy,0.0
current_squared_k,1,45,Tulip,0.0
current_squared_k,1,46,Poppy,23.58869082559125
current_squared_k,1,46,Oxlip,0.0
current_squared_k,1,46,Daisy,0.0
current_squared_k,1,46,Tulip,0.0
current_squared_k,1,47,Poppy,2.7458381779372583
current_squared_k,1,47,Oxlip,1.609329046914354e-06
current_squared_k,1,47,Daisy,1.609329046914354e-06
current_squared_k,1,47,Tulip,14.280075018993728
current_squared_k,1,48,Poppy,0.0
current_squared_k,1,48,Oxlip,0.0
current_squared_k,1,48,Daisy,0.0
current_squared_k,1,48,Tulip,0.0
current_squared_k,1,49,Poppy,0.0
current_squared_k,1,49,Oxlip,0.0
current_squared_k,1,49,Daisy,0.0
current_squared_k,1,49,Tulip,0.0
current_squared_k,1,50,Poppy,-4.035614294407112e-05
current_squared_k,1,50,Oxlip,1.609329046914354e-06
current_squared_k,1,50,Daisy,1.609329046914354e-06
current_squared_k,1,50,Tulip,-2.8821061361656513e-05
current_squared_k,1,51,Poppy,-3.1495309239962655e-06
current_squared_k,1,51,Oxlip,-1.1149415910590133e-06
current_squared_k,1,51,Daisy,1.609329046914354e-06
current_squared_k,1,51,Tulip,0.0
current_squared_k,1,52,Poppy,36.537490259814426
current_squared_k,1,52,Oxlip,1.609329046914354e-06
current_squared_k,1,52,Daisy,1.609329046914354e-06
current_squared_k,1,52,Tulip,1.609329046914354e-06
current_squared_k,1,53,Poppy,2.5086224675012474
current_squared_k,1,53,Oxlip,1.609329046914354e-06
current_squared_k,1,53,Daisy,1.609329046914354e-06
current_squared_k,1,53,Tulip,1.609329046914354e-06
current_squared_k,1,54,Poppy,9.104068397297291e-06
current_squared_k,1,54,Oxlip,0.0
current_squared_k,1,54,Daisy,0.0
current_squared_k,1,54,Tulip,-0.00018351716809221664
current_squared_k,1,55,Poppy,-1.9597695929922487e-05
current_squared_k,1,55,Oxlip,-0.00022846815153541004
current_squared_k,1,55,Daisy,1.609329046914354e-06
current_squared_k,1,55,Tulip,1.609329046914354e-06
current_squared_k,1,56,Poppy,0.0
current_squared_k,1,56,Oxlip,6.44578226165775e-06
current_squared_k,1,56,Daisy,6.438700894789523e-06
current_squared_k,1,56,Tulip,-5.700185080529607e-05
current_squared_k,1,57,Poppy,0.0
current_squared_k,1,57,Oxlip,0.0
current_squared_k,1,57,Daisy,0.0
current_squared_k,1,57,Tulip,-2.7211324634498697e-05
current_squared_k,1,58,Poppy,0.0
current_squared_k,1,58,Oxlip,0.0
current_squared_k,1,58,Daisy,0.0
current_squared_k,1,58,Tulip,0.0
current_squared_k,1,59,Poppy,1.6093254089355469e-06
current_squared_k,1,59,Oxlip,-1.431571702988565e-06
current_squared_k,1,59,Daisy,0.0
current_squared_k,1,59,Tulip,0.0
current_squared,,1,0,3294.808577409309
current_squared,,1,1,0.0
current_squared,,1,2,0.0
current_squared,,1,3,-3.33063953304951e-06
current_squared,,1,4,0.0
current_squared,,1,5,0.0
current_squared,,1,6,0.0
current_squared,,1,7,4564.3641339738615
current_squared,,1,8,2233.738792474866
current_squared,,1,9,-6.9735880926816345e-06
current_squared,,1,10,4.827976226806641e-06
current_squared,,1,11,0.0
current_squared,,1,12,0.0
current_squared,,1,13,0.0
current_squared,,1,14,-1.7808563332438758e-05
current_squared,,1,15,4.827976226806641e-06
current_squared,,1,16,-1.6924330978450367e-06
current_squared,,1,17,149.27402053156408
current_squared,,1,18,-0.001645878229728124
current_squared,,1,19,1295.437520915852
current_squared,,1,20,155.32765021633995
current_squared,,1,21,0.00028045919330140385
current_squared,,1,22,3.218658093828708e-06
current_squared,,1,23,0.0
current_squared,,1,24,0.0
current_squared,,1,25,-0.0005633308829814237
current_squared,,1,26,0.00042468164435564235
current_squared,,1,27,-3.6065101181171664e-05
current_squared,,1,28,1.609329046914354e-06
current_squared,,1,29,3.218658093828708e-06
current_squared,,1,30,-0.0006358898592778123
current_squared,,1,31,1.0988432050189059e-05
current_squared,,1,32,0.0
current_squared,,1,33,1.6176057349918565e-05
current_squared,,1,34,76.71344874122309
current_squared,,1,35,-0.00026282657754380496
current_squared,,1,36,7.504412674330771
current_squared,,1,37,97.82092490690891
current_squared,,1,38,1343.3119984567415
current_squared,,1,39,0.0
current_squared,,1,40,302.1835431801693
current_squared,,1,41,0.0
current_squared,,1,42,0.0
current_squared,,1,43,273.28143229259996
current_squared,,1,44,38.913462216950265
current_squared,,1,45,-0.0002626772961505253
current_squared,,1,46,23.58869082559125
current_squared,,1,47,17.02591641558908
current_squared,,1,48,0.0
current_squared,,1,49,0.0
current_squared,,1,50,-6.395854621189893e-05
current_squared,,1,51,-6.551434681409247e-07
current_squared,,1,52,36.53749508780157
current_squared,,1,53,2.508627295488388
current_squared,,1,54,-0.00017241309969491937
current_squared,,1,55,-0.00024284718937150386
current_squared,,1,56,-4.2117367648848794e-05
current_squared,,1,57,-2.52113246344987e-05
current_squared,,1,58,0.0
current_squared,,1,59,0.0
current_slack,1,0,Poppy,0.0
current_slack,1,0,Oxlip,0.0
current_slack,1,0,Daisy,0.0
current_slack,1,0,Tulip,0.0
current_slack,1,1,Poppy,0.0
current_slack,1,1,Oxlip,0.0
current_slack,1,1,Daisy,0.0
current_slack,1,1,Tulip,0.0
current_slack,1,2,Poppy,0.0
current_slack,1,2,Oxlip,0.0
current_slack,1,2,Daisy,0.0
current_slack,1,2,Tulip,0.0
current_slack,1,3,Poppy,0.0
current_slack,1,3,Oxlip,0.0
current_slack,1,3,Daisy,0.0
current_slack,1,3,Tulip,0.0
current_slack,1,4,Poppy,0.0
current_slack,1,4,Oxlip,0.0
current_slack,1,4,Daisy,0.0
current_slack,1,4,Tulip,0.0
current_slack,1,5,Poppy,0.0
current_slack,1,5,Oxlip,0.0
current_slack,1,5,Daisy,0.0
current_slack,1,5,Tulip,0.0
current_slack,1,6,Poppy,0.0
current_slack,1,6,Oxlip,0.0
current_slack,1,6,Daisy,0.0
current_slack,1,6,Tulip,0.0
current_slack,1,7,Poppy,0.0
current_slack,1,7,Oxlip,0.0
current_slack,1,7,Daisy,0.0
current_slack,1,7,Tulip,0.0
current_slack,1,8,Poppy,0.0
current_slack,1,8,Oxlip,0.0
current_slack,1,8,Daisy,0.0
current_slack,1,8,Tulip,0.0
current_slack,1,9,Poppy,0.0
current_slack,1,9,Oxlip,0.0
current_slack,1,9,Daisy,0.0
current_slack,1,9,Tulip,0.0
current_slack,1,10,Poppy,0.0
current_slack,1,10,Oxlip,0.0
current_slack,1,10,Daisy,0.0
current_slack,1,10,Tulip,0.0
current_slack,1,11,Poppy,0.0
current_slack,1,11,Oxlip,0.0
current_slack,1,11,Daisy,0.0
current_slack,1,11,Tulip,0.0
current_slack,1,12,Poppy,0.0
current_slack,1,12,Oxlip,0.0
current_slack,1,12,Daisy,0.0
current_slack,1,12,Tulip,0.0
current_slack,1,13,Poppy,0.0
current_slack,1,13,Oxlip,0.0
current_slack,1,13,Daisy,0.0
current_slack,1,13,Tulip,0.0
current_slack,1,14,Poppy,0.0
current_slack,1,14,Oxlip,0.0
current_slack,1,14,Daisy,0.0
current_slack,1,14,Tulip,0.0
current_slack,1,15,Poppy,0.0
current_slack,1,15,Oxlip,0.0
current_slack,1,15,Daisy,0.0
current_slack,1,15,Tulip,0.0
current_slack,1,16,Poppy,0.0
current_slack,1,16,Oxlip,0.0
current_slack,1,16,Daisy,0.0
current_slack,1,16,Tulip,0.0
current_slack,1,17,Poppy,0.0
current_slack,1,17,Oxlip,0.0
current_slack,1,17,Daisy,0.0
current_slack,1,17,Tulip,0.0
current_slack,1,18,Poppy,0.0
current_slack,1,18,Oxlip,0.0
current_slack,1,18,Daisy,0.0
current_slack,1,18,Tulip,0.0
current_slack,1,19,Poppy,0.0
current_slack,1,19,Oxlip,0.0
current_slack,1,19,Daisy,0.0
current_slack,1,19,Tulip,0.0
current_slack,1,20,Poppy,0.0
current_slack,1,20,Oxlip,0.0
current_slack,1,20,Daisy,0.0
current_slack,1,20,Tulip,0.0
current_slack,1,21,Poppy,0.0
current_slack,1,21,Oxlip,0.0
current_slack,1,21,Daisy,0.0
current_slack,1,21,Tulip,0.0
current_slack,1,22,Poppy,0.0
current_slack,1,22,Oxlip,0.0
current_slack,1,22,Daisy,0.0
current_slack,1,22,Tulip,0.0
current_slack,1,23,Poppy,0.0
current_slack,1,23,Oxlip,0.0
current_slack,1,23,Daisy,0.0
current_slack,1,23,Tulip,0.0
current_slack,1,24,Poppy,0.0
current_slack,1,24,Oxlip,0.0
current_slack,1,24,Daisy,0.0
current_slack,1,24,Tulip,0.0
current_slack,1,25,Poppy,0.0
current_slack,1,25,Oxlip,0.0
current_slack,1,25,Daisy,0.0
current_slack,1,25,Tulip,0.0
current_slack,1,26,Poppy,0.0
current_slack,1,26,Oxlip,0.0
current_slack,1,26,Daisy,0.0
current_slack,1,26,Tulip,0.0
current_slack,1,27,Poppy,0.0
current_slack,1,27,Oxlip,0.0
current_slack,1,27,Daisy,0.0
current_slack,1,27,Tulip,0.0
current_slack,1,28,Poppy,0.0
current_slack,1,28,Oxlip,0.0
current_slack,1,28,Daisy,0.0
current_slack,1,28,Tulip,0.0
current_slack,1,29,Poppy,0.0
current_slack,1,29,Oxlip,0.0
current_slack,1,29,Daisy,0.0
current_slack,1,29,Tulip,0.0
current_slack,1,30,Poppy,0.0
current_slack,1,30,Oxlip,0.0
current_slack,1,30,Daisy,0.0
current_slack,1,30,Tulip,0.0
current_slack,1,31,Poppy,0.0
current_slack,1,31,Oxlip,0.0
current_slack,1,31,Daisy,0.0
current_slack,1,31,Tulip,0.0
current_slack,1,32,Poppy,0.0
current_slack,1,32,Oxlip,0.0
current_slack,1,32,Daisy,0.0
current_slack,1,32,Tulip,0.0
current_slack,1,33,Poppy,0.0
current_slack,1,33,Oxlip,0.0
current_slack,1,33,Daisy,0.0
current_slack,1,33,Tulip,0.0
current_slack,1,34,Poppy,0.0
current_slack,1,34,Oxlip,0.0
current_slack,1,34,Daisy,0.0
current_slack,1,34,Tulip,0.0
current_slack,1,35,Poppy,0.0
current_slack,1,35,Oxlip,0.0
current_slack,1,35,Daisy,0.0
current_slack,1,35,Tulip,0.0
current_slack,1,36,Poppy,0.0
current_slack,1,36,Oxlip,0.0
current_slack,1,36,Daisy,0.0
current_slack,1,36,Tulip,0.0
current_slack,1,37,Poppy,0.0
current_slack,1,37,Oxlip,0.0
current_slack,1,37,Daisy,0.0
current_slack,1,37,Tulip,0.0
current_slack,1,38,Poppy,0.0
current_slack,1,38,Oxlip,0.0
current_slack,1,38,Daisy,0.0
current_slack,1,38,Tulip,0.0
current_slack,1,39,Poppy,0.0
current_slack,1,39,Oxlip,0.0
current_slack,1,39,Daisy,0.0
current_slack,1,39,Tulip,0.0
current_slack,1,40,Poppy,0.0
current_slack,1,40,Oxlip,0.0
current_slack,1,40,Daisy,0.0
current_slack,1,40,Tulip,0.0
current_slack,1,41,Poppy,0.0
current_slack,1,41,Oxlip,0.0
current_slack,1,41,Daisy,0.0
current_slack,1,41,Tulip,0.0
current_slack,1,42,Poppy,0.0
current_slack,1,42,Oxlip,0.0
current_slack,1,42,Daisy,0.0
current_slack,1,42,Tulip,0.0
current_slack,1,43,Poppy,0.0
current_slack,1,43,Oxlip,0.0
current_slack,1,43,Daisy,0.0
current_slack,1,43,Tulip,0.0
current_slack,1,44,Poppy,0.0
current_slack,1,44,Oxlip,0.0
current_slack,1,44,Daisy,0.0
current_slack,1,44,Tulip,0.0
current_slack,1,45,Poppy,0.0
current_slack,1,45,Oxlip,0.0
current_slack,1,45,Daisy,0.0
current_slack,1,45,Tulip,0.0
current_slack,1,46,Poppy,0.0
current_slack,1,46,Oxlip,0.0
current_slack,1,46,Daisy,0.0
current_slack,1,46,Tulip,0.0
current_slack,1,47,Poppy,0.0
current_slack,1,47,Oxlip,0.0
current_slack,1,47,Daisy,0.0
current_slack,1,47,Tulip,0.0
current_slack,1,48,Poppy,0.0
current_slack,1,48,Oxlip,0.0
current_slack,1,48,Daisy,0.0
current_slack,1,48,Tulip,0.0
current_slack,1,49,Poppy,0.0
current_slack,1,49,Oxlip,0.0
current_slack,1,49,Daisy,0.0
current_slack,1,49,Tulip,0.0
current_slack,1,50,Poppy,0.0
current_slack,1,50,Oxlip,0.0
current_slack,1,50,Daisy,0.0
current_slack,1,50,Tulip,0.0
current_slack,1,51,Poppy,0.0
current_slack,1,51,Oxlip,0.0
current_slack,1,51,Daisy,0.0
current_slack,1,51,Tulip,0.0
current_slack,1,52,Poppy,0.0
current_slack,1,52,Oxlip,0.0
current_slack,1,52,Daisy,0.0
current_slack,1,52,Tulip,0.0
current_slack,1,53,Poppy,0.0
current_slack,1,53,Oxlip,0.0
current_slack,1,53,Daisy,0.0
current_slack,1,53,Tulip,0.0
current_slack,1,54,Poppy,0.0
current_slack,1,54,Oxlip,0.0
current_slack,1,54,Daisy,0.0
current_slack,1,54,Tulip,0.0
current_slack,1,55,Poppy,0.0
current_slack,1,55,Oxlip,0.0
current_slack,1,55,Daisy,0.0
current_slack,1,55,Tulip,0.0
current_slack,1,56,Poppy,0.0
current_slack,1,56,Oxlip,0.0
current_slack,1,56,Daisy,0.0
current_slack,1,56,Tulip,0.0
current_slack,1,57,Poppy,0.0
current_slack,1,57,Oxlip,0.0
current_slack,1,57,Daisy,0.0
current_slack,1,57,Tulip,0.0
current_slack,1,58,Poppy,0.0
current_slack,1,58,Oxlip,0.0
current_slack,1,58,Daisy,0.0
current_slack,1,58,Tulip,0.0
current_slack,1,59,Poppy,0.0
current_slack,1,59,Oxlip,0.0
current_slack,1,59,Daisy,0.0
current_slack,1,59,Tulip,0.0
phi,,,1,0.0
losses,,1,0,0.003222762094487588
losses,,1,1,0.0
losses,,1,2,0.0
losses,,1,3,0.0
losses,,1,4,0.0
losses,,1,5,0.0
losses,,1,6,0.0
losses,,1,7,0.012277530930757723
losses,,1,8,0.0017273106624876742
losses,,1,9,0.0
losses,,1,10,0.0
losses,,1,11,0.0
losses,,1,12,0.0
losses,,1,13,0.0
losses,,1,14,0.0
losses,,1,15,0.0
losses,,1,16,0.0
losses,,1,17,2.281714924692121e-05
losses,,1,18,0.0
losses,,1,19,0.0003115101664236662
losses,,1,20,0.03627215099646487
losses,,1,21,1.210588427132429e-07
losses,,1,22,0.0
losses,,1,23,0.0
losses,,1,24,0.0
losses,,1,25,0.0
losses,,1,26,3.500560854260015e-07
losses,,1,27,0.0
losses,,1,28,0.0
losses,,1,29,0.0
losses,,1,30,0.0
losses,,1,31,0.0
losses,,1,32,0.0
losses,,1,33,0.0
losses,,1,34,0.0297145440085516
losses,,1,35,0.0
losses,,1,36,0.0050700343319289715
losses,,1,37,0.008397314920385686
losses,,1,38,0.000230244391689032
losses,,1,39,0.0
losses,,1,40,0.0001477878967760235
losses,,1,41,0.0
losses,,1,42,0.0
losses,,1,43,4.282915969211072e-05
losses,,1,44,0.023022172276378896
losses,,1,45,0.0
losses,,1,46,0.015749802663074585
losses,,1,47,0.006550282334989301
losses,,1,48,0.0
losses,,1,49,0.0
losses,,1,50,0.0
losses,,1,51,0.0
losses,,1,52,0.04445713827871241
losses,,1,53,0.0021840635095199137
losses,,1,54,0.0
losses,,1,55,0.0
losses,,1,56,0.0
losses,,1,57,0.0
losses,,1,58,0.0
losses,,1,59,0.0
active_power_k,1,0,Poppy,40.08692242159592
active_power_k,1,0,Oxlip,0.0
active_power_k,1,0,Daisy,0.0
active_power_k,1,0,Tulip,0.0
active_power_k,1,1,Poppy,0.0
active_power_k,1,1,Oxlip,0.0
active_power_k,1,1,Daisy,0.0
active_power_k,1,1,Tulip,0.0
active_power_k,1,2,Poppy,0.0
active_power_k,1,2,Oxlip,0.0
active_power_k,1,2,Daisy,0.0
active_power_k,1,2,Tulip,0.0
active_power_k,1,3,Poppy,0.0
active_power_k,1,3,Oxlip,0.0
active_power_k,1,3,Daisy,0.0
active_power_k,1,3,Tulip,0.0
active_power_k,1,4,Poppy,0.0
active_power_k,1,4,Oxlip,0.0
active_power_k,1,4,Daisy,0.0
active_power_k,1,4,Tulip,0.0
active_power_k,1,5,Poppy,0.0
active_power_k,1,5,Oxlip,0.0
active_power_k,1,5,Daisy,0.0
active_power_k,1,5,Tulip,0.0
active_power_k,1,6,Poppy,1.2016082303086402e-06
active_power_k,1,6,Oxlip,0.0
active_power_k,1,6,Daisy,0.0
active_power_k,1,6,Tulip,0.0
active_power_k,1,7,Poppy,46.80247587741668
active_power_k,1,7,Oxlip,0.0
active_power_k,1,7,Daisy,0.0
active_power_k,1,7,Tulip,0.0
active_power_k,1,8,Poppy,33.00208879949072
active_power_k,1,8,Oxlip,0.0
active_power_k,1,8,Daisy,0.0
active_power_k,1,8,Tulip,0.0
active_power_k,1,9,Poppy,0.0
active_power_k,1,9,Oxlip,0.0
active_power_k,1,9,Daisy,0.0
active_power_k,1,9,Tulip,0.0
active_power_k,1,10,Poppy,0.0
active_power_k,1,10,Oxlip,1.6543418124660272e-05
active_power_k,1,10,Daisy,0.0
active_power_k,1,10,Tulip,0.0
active_power_k,1,11,Poppy,0.0
active_power_k,1,11,Oxlip,0.0
active_power_k,1,11,Daisy,0.0
active_power_k,1,11,Tulip,0.0
active_power_k,1,12,Poppy,1.654435823979855e-05
active_power_k,1,12,Oxlip,0.0
active_power_k,1,12,Daisy,0.0
active_power_k,1,12,Tulip,0.0
active_power_k,1,13,Poppy,0.0
active_power_k,1,13,Oxlip,0.0
active_power_k,1,13,Daisy,0.0
active_power_k,1,13,Tulip,-1.654435823979855e-05
active_power_k,1,14,Poppy,0.0
active_power_k,1,14,Oxlip,0.0
active_power_k,1,14,Daisy,0.0
active_power_k,1,14,Tulip,0.0
active_power_k,1,15,Poppy,1.203877118513649e-06
active_power_k,1,15,Oxlip,0.0
active_power_k,1,15,Daisy,0.0
active_power_k,1,15,Tulip,0.0
active_power_k,1,16,Poppy,0.0
active_power_k,1,16,Oxlip,0.0
active_power_k,1,16,Daisy,0.0
active_power_k,1,16,Tulip,0.0
active_power_k,1,17,Poppy,10.000022817142883
active_power_k,1,17,Oxlip,0.0
active_power_k,1,17,Daisy,0.0
active_power_k,1,17,Tulip,0.0
active_power_k,1,18,Poppy,0.0
active_power_k,1,18,Oxlip,0.0
active_power_k,1,18,Daisy,0.0
active_power_k,1,18,Tulip,0.0
active_power_k,1,19,Poppy,24.807439148426113
active_power_k,1,19,Oxlip,0.0
active_power_k,1,19,Daisy,0.10750355865409104
active_power_k,1,19,Tulip,0.08541042986130515
active_power_k,1,20,Poppy,0.0
active_power_k,1,20,Oxlip,7.0815661416715185
active_power_k,1,20,Daisy,0.0
active_power_k,1,20,Tulip,0.0
active_power_k,1,21,Poppy,0.0
active_power_k,1,21,Oxlip,0.0
active_power_k,1,21,Daisy,0.0
active_power_k,1,21,Tulip,0.0
active_power_k,1,22,Poppy,0.0
active_power_k,1,22,Oxlip,0.0
active_power_k,1,22,Daisy,2.817412413364827e-05
active_power_k,1,22,Tulip,0.0
active_power_k,1,23,Poppy,0.0
active_power_k,1,23,Oxlip,0.0
active_power_k,1,23,Daisy,0.0
active_power_k,1,23,Tulip,0.0
active_power_k,1,24,Poppy,0.0
active_power_k,1,24,Oxlip,0.0
active_power_k,1,24,Daisy,0.0
active_power_k,1,24,Tulip,0.0
active_power_k,1,25,Poppy,0.0
active_power_k,1,25,Oxlip,3.97648783412746e-06
active_power_k,1,25,Daisy,3.688120019348517e-07
active_power_k,1,25,Tulip,-0.00016191108400104675
active_power_k,1,26,Poppy,0.0
active_power_k,1,26,Oxlip,0.0
active_power_k,1,26,Daisy,0.0
active_power_k,1,26,Tulip,0.00014801411878622215
active_power_k,1,27,Poppy,0.0
active_power_k,1,27,Oxlip,1.0116487717226195e-05
active_power_k,1,27,Daisy,-5.648223384638895e-07
active_power_k,1,27,Tulip,0.0
active_power_k,1,28,Poppy,2.609801374709597e-05
active_power_k,1,28,Oxlip,0.0
active_power_k,1,28,Daisy,0.0
active_power_k,1,28,Tulip,0.0
active_power_k,1,29,Poppy,9.470036942572125e-05
active_power_k,1,29,Oxlip,0.0
active_power_k,1,29,Daisy,0.0
active_power_k,1,29,Tulip,0.0
active_power_k,1,30,Poppy,0.0
active_power_k,1,30,Oxlip,2.457133215088925e-07
active_power_k,1,30,Daisy,0.0
active_power_k,1,30,Tulip,-6.847695698425835e-06
active_power_k,1,31,Poppy,-0.00011415640470213226
active_power_k,1,31,Oxlip,0.0
active_power_k,1,31,Daisy,0.0
active_power_k,1,31,Tulip,0.0
active_power_k,1,32,Poppy,0.0
active_power_k,1,32,Oxlip,0.0
active_power_k,1,32,Daisy,0.0
active_power_k,1,32,Tulip,0.0
active_power_k,1,33,Poppy,3.1275793302954075e-06
active_power_k,1,33,Oxlip,0.0
active_power_k,1,33,Daisy,0.0
active_power_k,1,33,Tulip,0.0
active_power_k,1,34,Poppy,0.0
active_power_k,1,34,Oxlip,4.731757430106537
active_power_k,1,34,Daisy,0.0
active_power_k,1,34,Tulip,0.0
active_power_k,1,35,Poppy,0.0
active_power_k,1,35,Oxlip,3.8530717640084646e-07
active_power_k,1,35,Daisy,1.0375883801130242e-05
active_power_k,1,35,Tulip,-2.8899651042899367e-06
active_power_k,1,36,Poppy,1.805184473176973
active_power_k,1,36,Oxlip,0.0
active_power_k,1,36,Daisy,0.0
active_power_k,1,36,Tulip,0.0
active_power_k,1,37,Poppy,0.0
active_power_k,1,37,Oxlip,5.252869490792806
active_power_k,1,37,Daisy,0.0
active_power_k,1,37,Tulip,0.0
active_power_k,1,38,Poppy,-23.00013124353473
active_power_k,1,38,Oxlip,0.0
active_power_k,1,38,Daisy,0.0
active_power_k,1,38,Tulip,0.0
active_power_k,1,39,Poppy,0.0
active_power_k,1,39,Oxlip,0.0
active_power_k,1,39,Daisy,0.0
active_power_k,1,39,Tulip,0.0
active_power_k,1,40,Poppy,-12.0
active_power_k,1,40,Oxlip,0.0
active_power_k,1,40,Daisy,0.0
active_power_k,1,40,Tulip,0.0
active_power_k,1,41,Poppy,0.0
active_power_k,1,41,Oxlip,0.0
active_power_k,1,41,Daisy,0.0
active_power_k,1,41,Tulip,0.0
active_power_k,1,42,Poppy,0.0
active_power_k,1,42,Oxlip,0.0
active_power_k,1,42,Daisy,0.0
active_power_k,1,42,Tulip,0.0
active_power_k,1,43,Poppy,11.95999866520718
active_power_k,1,43,Oxlip,0.0
active_power_k,1,43,Daisy,0.00343927381374858
active_power_k,1,43,Tulip,0.036603685046694354
active_power_k,1,44,Poppy,-3.5065318087185746
active_power_k,1,44,Oxlip,0.0
active_power_k,1,44,Daisy,0.0
active_power_k,1,44,Tulip,0.0
active_power_k,1,45,Poppy,0.0
active_power_k,1,45,Oxlip,0.0
active_power_k,1,45,Daisy,0.0
active_power_k,1,45,Tulip,0.0
active_power_k,1,46,Poppy,-2.4999904175706074
active_power_k,1,46,Oxlip,0.0
active_power_k,1,46,Daisy,0.0
active_power_k,1,46,Tulip,0.0
active_power_k,1,47,Poppy,-1.9998241857342691
active_power_k,1,47,Oxlip,0.0
active_power_k,1,47,Daisy,0.0
active_power_k,1,47,Tulip,0.0
active_power_k,1,48,Poppy,0.0
active_power_k,1,48,Oxlip,0.0
active_power_k,1,48,Daisy,0.0
active_power_k,1,48,Tulip,0.0
active_power_k,1,49,Poppy,0.0
active_power_k,1,49,Oxlip,0.0
active_power_k,1,49,Daisy,0.0
active_power_k,1,49,Tulip,0.0
active_power_k,1,50,Poppy,-6.503543457175134e-06
active_power_k,1,50,Oxlip,0.0
active_power_k,1,50,Daisy,0.0
active_power_k,1,50,Tulip,-2.871927223349917e-07
active_power_k,1,51,Poppy,0.0
active_power_k,1,51,Oxlip,0.0
active_power_k,1,51,Daisy,0.0
active_power_k,1,51,Tulip,0.0
active_power_k,1,52,Poppy,3.0444346322305966
active_power_k,1,52,Oxlip,0.0
active_power_k,1,52,Daisy,0.0
active_power_k,1,52,Tulip,0.0
active_power_k,1,53,Poppy,-1.1999664259268266
active_power_k,1,53,Oxlip,0.0
active_power_k,1,53,Daisy,0.0
active_power_k,1,53,Tulip,0.0
active_power_k,1,54,Poppy,0.0
active_power_k,1,54,Oxlip,0.0
active_power_k,1,54,Daisy,0.0
active_power_k,1,54,Tulip,0.0
active_power_k,1,55,Poppy,0.0
active_power_k,1,55,Oxlip,0.0
active_power_k,1,55,Daisy,1.2651961010673042e-05
active_power_k,1,55,Tulip,0.0
active_power_k,1,56,Poppy,2.5099895333937305e-05
active_power_k,1,56,Oxlip,-4.4441738998023693e-07
active_power_k,1,56,Daisy,0.0
active_power_k,1,56,Tulip,5.151793149764356e-07
active_power_k,1,57,Poppy,0.0
active_power_k,1,57,Oxlip,0.0
active_power_k,1,57,Daisy,0.0
active_power_k,1,57,Tulip,-1.903906951267134e-07
active_power_k,1,58,Poppy,0.0
active_power_k,1,58,Oxlip,0.0
active_power_k,1,58,Daisy,0.0
active_power_k,1,58,Tulip,0.0
active_power_k,1,59,Poppy,0.0
active_power_k,1,59,Oxlip,0.0
active_power_k,1,59,Daisy,0.0
active_power_k,1,59,Tulip,0.0
active_power,,1,0,40.08692242083998
active_power,,1,1,0.0
active_power,,1,2,0.0
active_power,,1,3,0.0
active_power,,1,4,0.0
active_power,,1,5,0.0
active_power,,1,6,1.2016082303086402e-06
active_power,,1,7,46.80247587831816
active_power,,1,8,33.00208879858891
active_power,,1,9,0.0
active_power,,1,10,1.6544360934094847e-05
active_power,,1,11,0.0
active_power,,1,12,1.654435823979855e-05
active_power,,1,13,-1.654435823979855e-05
active_power,,1,14,0.0
active_power,,1,15,1.2047449017951058e-06
active_power,,1,16,0.0
active_power,,1,17,10.000022817142883
active_power,,1,18,0.0
active_power,,1,19,25.000353137369522
active_power,,1,20,7.0815661416715185
active_power,,1,21,0.0
active_power,,1,22,2.817412413364827e-05
active_power,,1,23,0.0
active_power,,1,24,0.0
active_power,,1,25,-0.00015756578416498444
active_power,,1,26,0.00014801411878622215
active_power,,1,27,9.551665378762305e-06
active_power,,1,28,2.6118286970404684e-05
active_power,,1,29,9.473548043052004e-05
active_power,,1,30,-6.601982376916942e-06
active_power,,1,31,-0.00011425178502400775
active_power,,1,32,0.0
active_power,,1,33,3.1275793302954075e-06
active_power,,1,34,4.731757430106537
active_power,,1,35,7.871225873241151e-06
active_power,,1,36,1.805184473176973
active_power,,1,37,5.25286949079282
active_power,,1,38,-23.00013124353473
active_power,,1,39,0.0
active_power,,1,40,-12.0
active_power,,1,41,0.0
active_power,,1,42,0.0
active_power,,1,43,12.000041624067627
active_power,,1,44,-3.5065317833544962
active_power,,1,45,0.0
active_power,,1,46,-2.4999904175706074
active_power,,1,47,-1.999824164342529
active_power,,1,48,0.0
active_power,,1,49,0.0
active_power,,1,50,-6.790736179510126e-06
active_power,,1,51,0.0
active_power,,1,52,3.044434614406785
active_power,,1,53,-1.199966390651751
active_power,,1,54,0.0
active_power,,1,55,1.2651961010673042e-05
active_power,,1,56,2.5099895333937305e-05
active_power,,1,57,-1.903906951267134e-07
active_power,,1,58,0.0
active_power,,1,59,0.0
reactive_power_k,1,0,Poppy,40.09850661996446
reactive_power_k,1,0,Oxlip,0.0
reactive_power_k,1,0,Daisy,0.0
reactive_power_k,1,0,Tulip,0.0
reactive_power_k,1,1,Poppy,0.0
reactive_power_k,1,1,Oxlip,0.0
reactive_power_k,1,1,Daisy,0.0
reactive_power_k,1,1,Tulip,0.0
reactive_power_k,1,2,Poppy,0.0
reactive_power_k,1,2,Oxlip,0.0
reactive_power_k,1,2,Daisy,0.0
reactive_power_k,1,2,Tulip,0.0
reactive_power_k,1,3,Poppy,0.0
reactive_power_k,1,3,Oxlip,0.0
reactive_power_k,1,3,Daisy,0.0
reactive_power_k,1,3,Tulip,0.0
reactive_power_k,1,4,Poppy,0.0
reactive_power_k,1,4,Oxlip,0.0
reactive_power_k,1,4,Daisy,0.0
reactive_power_k,1,4,Tulip,0.0
reactive_power_k,1,5,Poppy,0.0
reactive_power_k,1,5,Oxlip,0.0
reactive_power_k,1,5,Daisy,0.0
reactive_power_k,1,5,Tulip,0.0
reactive_power_k,1,6,Poppy,0.0
reactive_power_k,1,6,Oxlip,2.12826294986996e-06
reactive_power_k,1,6,Daisy,0.0
reactive_power_k,1,6,Tulip,0.0
reactive_power_k,1,7,Poppy,45.10629875298569
reactive_power_k,1,7,Oxlip,0.0
reactive_power_k,1,7,Daisy,0.0
reactive_power_k,1,7,Tulip,0.0
reactive_power_k,1,8,Poppy,30.001783417648205
reactive_power_k,1,8,Oxlip,0.0
reactive_power_k,1,8,Daisy,0.0
reactive_power_k,1,8,Tulip,0.0
reactive_power_k,1,9,Poppy,0.0
reactive_power_k,1,9,Oxlip,0.0
reactive_power_k,1,9,Daisy,0.0
reactive_power_k,1,9,Tulip,0.0
reactive_power_k,1,10,Poppy,0.0
reactive_power_k,1,10,Oxlip,1.6543498478055634e-05
reactive_power_k,1,10,Daisy,0.0
reactive_power_k,1,10,Tulip,0.0
reactive_power_k,1,11,Poppy,0.0
reactive_power_k,1,11,Oxlip,0.0
reactive_power_k,1,11,Daisy,0.0
reactive_power_k,1,11,Tulip,0.0
reactive_power_k,1,12,Poppy,1.654443652965686e-05
reactive_power_k,1,12,Oxlip,0.0
reactive_power_k,1,12,Daisy,0.0
reactive_power_k,1,12,Tulip,0.0
reactive_power_k,1,13,Poppy,0.0
reactive_power_k,1,13,Oxlip,-1.654443652965686e-05
reactive_power_k,1,13,Daisy,0.0
reactive_power_k,1,13,Tulip,0.0
reactive_power_k,1,14,Poppy,0.0
reactive_power_k,1,14,Oxlip,0.0
reactive_power_k,1,14,Daisy,0.0
reactive_power_k,1,14,Tulip,0.0
reactive_power_k,1,15,Poppy,2.123869760947851e-06
reactive_power_k,1,15,Oxlip,0.0
reactive_power_k,1,15,Daisy,0.0
reactive_power_k,1,15,Tulip,0.0
reactive_power_k,1,16,Poppy,0.0
reactive_power_k,1,16,Oxlip,0.0
reactive_power_k,1,16,Daisy,0.0
reactive_power_k,1,16,Tulip,0.0
reactive_power_k,1,17,Poppy,6.000037105793236
reactive_power_k,1,17,Oxlip,0.0
reactive_power_k,1,17,Daisy,0.0
reactive_power_k,1,17,Tulip,0.0
reactive_power_k,1,18,Poppy,0.0
reactive_power_k,1,18,Oxlip,0.0
reactive_power_k,1,18,Daisy,0.0
reactive_power_k,1,18,Tulip,0.0
reactive_power_k,1,19,Poppy,21.97850337223003
reactive_power_k,1,19,Oxlip,0.0
reactive_power_k,1,19,Daisy,0.10750355865409104
reactive_power_k,1,19,Tulip,-0.0854104298613053
reactive_power_k,1,20,Poppy,0.0
reactive_power_k,1,20,Oxlip,10.094142316637079
reactive_power_k,1,20,Daisy,0.0
reactive_power_k,1,20,Tulip,0.0
reactive_power_k,1,21,Poppy,5.15006875148926e-05
reactive_power_k,1,21,Oxlip,0.0
reactive_power_k,1,21,Daisy,0.0
reactive_power_k,1,21,Tulip,0.0
reactive_power_k,1,22,Poppy,0.0
reactive_power_k,1,22,Oxlip,0.0
reactive_power_k,1,22,Daisy,0.0
reactive_power_k,1,22,Tulip,0.0
reactive_power_k,1,23,Poppy,0.0
reactive_power_k,1,23,Oxlip,0.0
reactive_power_k,1,23,Daisy,0.0
reactive_power_k,1,23,Tulip,0.0
reactive_power_k,1,24,Poppy,0.0
reactive_power_k,1,24,Oxlip,0.0
reactive_power_k,1,24,Daisy,0.0
reactive_power_k,1,24,Tulip,0.0
reactive_power_k,1,25,Poppy,0.0
reactive_power_k,1,25,Oxlip,0.0
reactive_power_k,1,25,Daisy,0.0
reactive_power_k,1,25,Tulip,0.0
reactive_power_k,1,26,Poppy,0.0
reactive_power_k,1,26,Oxlip,0.0
reactive_power_k,1,26,Daisy,0.0
reactive_power_k,1,26,Tulip,0.0
reactive_power_k,1,27,Poppy,0.0
reactive_power_k,1,27,Oxlip,5.651750628319257e-07
reactive_power_k,1,27,Daisy,-5.651750628319257e-07
reactive_power_k,1,27,Tulip,0.0
reactive_power_k,1,28,Poppy,0.0
reactive_power_k,1,28,Oxlip,7.063259405927139e-06
reactive_power_k,1,28,Daisy,0.0
reactive_power_k,1,28,Tulip,0.0
reactive_power_k,1,29,Poppy,0.0
reactive_power_k,1,29,Oxlip,0.0
reactive_power_k,1,29,Daisy,-4.002500342350991e-07
reactive_power_k,1,29,Tulip,0.0
reactive_power_k,1,30,Poppy,0.0
reactive_power_k,1,30,Oxlip,2.456142926920108e-07
reactive_power_k,1,30,Daisy,0.0
reactive_power_k,1,30,Tulip,-6.844935900140509e-06
reactive_power_k,1,31,Poppy,0.0
reactive_power_k,1,31,Oxlip,0.0
reactive_power_k,1,31,Daisy,0.0
reactive_power_k,1,31,Tulip,0.0
reactive_power_k,1,32,Poppy,0.0
reactive_power_k,1,32,Oxlip,0.0
reactive_power_k,1,32,Daisy,0.0
reactive_power_k,1,32,Tulip,0.0
reactive_power_k,1,33,Poppy,4.301515259579116e-05
reactive_power_k,1,33,Oxlip,0.0
reactive_power_k,1,33,Daisy,0.0
reactive_power_k,1,33,Tulip,0.0
reactive_power_k,1,34,Poppy,0.0
reactive_power_k,1,34,Oxlip,7.045174816987213
reactive_power_k,1,34,Daisy,0.0
reactive_power_k,1,34,Tulip,0.0
reactive_power_k,1,35,Poppy,0.0
reactive_power_k,1,35,Oxlip,3.8531374728049214e-07
reactive_power_k,1,35,Daisy,1.0376605436285042e-05
reactive_power_k,1,35,Tulip,-2.890166099256281e-06
reactive_power_k,1,36,Poppy,2.0039761653935773
reactive_power_k,1,36,Oxlip,0.0
reactive_power_k,1,36,Daisy,0.0
reactive_power_k,1,36,Tulip,0.0
reactive_power_k,1,37,Poppy,0.0
reactive_power_k,1,37,Oxlip,8.04689029418184
reactive_power_k,1,37,Daisy,0.0
reactive_power_k,1,37,Tulip,0.0
reactive_power_k,1,38,Poppy,-19.93597238156272
reactive_power_k,1,38,Oxlip,-0.06412630664991197
reactive_power_k,1,38,Daisy,0.0
reactive_power_k,1,38,Tulip,0.0
reactive_power_k,1,39,Poppy,0.0
reactive_power_k,1,39,Oxlip,0.0
reactive_power_k,1,39,Daisy,0.0
reactive_power_k,1,39,Tulip,0.0
reactive_power_k,1,40,Poppy,-11.0
reactive_power_k,1,40,Oxlip,0.0
reactive_power_k,1,40,Daisy,0.0
reactive_power_k,1,40,Tulip,0.0
reactive_power_k,1,41,Poppy,0.0
reactive_power_k,1,41,Oxlip,0.0
reactive_power_k,1,41,Daisy,0.0
reactive_power_k,1,41,Tulip,0.0
reactive_power_k,1,42,Poppy,0.0
reactive_power_k,1,42,Oxlip,0.0
reactive_power_k,1,42,Daisy,0.0
reactive_power_k,1,42,Tulip,0.0
reactive_power_k,1,43,Poppy,9.960047565139327
reactive_power_k,1,43,Oxlip,0.0
reactive_power_k,1,43,Daisy,0.003439284265322486
reactive_power_k,1,43,Tulip,0.03660379628216672
reactive_power_k,1,44,Poppy,-5.0108303233725895
reactive_power_k,1,44,Oxlip,0.0
reactive_power_k,1,44,Daisy,0.0
reactive_power_k,1,44,Tulip,0.0
reactive_power_k,1,45,Poppy,0.0
reactive_power_k,1,45,Oxlip,0.0
reactive_power_k,1,45,Daisy,0.0
reactive_power_k,1,45,Tulip,0.0
reactive_power_k,1,46,Poppy,-4.0
reactive_power_k,1,46,Oxlip,0.0
reactive_power_k,1,46,Daisy,0.0
reactive_power_k,1,46,Tulip,0.0
reactive_power_k,1,47,Poppy,-3.0
reactive_power_k,1,47,Oxlip,0.0
reactive_power_k,1,47,Daisy,-5.128148444105965e-07
reactive_power_k,1,47,Tulip,0.0
reactive_power_k,1,48,Poppy,0.0
reactive_power_k,1,48,Oxlip,0.0
reactive_power_k,1,48,Daisy,0.0
reactive_power_k,1,48,Tulip,0.0
reactive_power_k,1,49,Poppy,0.0
reactive_power_k,1,49,Oxlip,0.0
reactive_power_k,1,49,Daisy,0.0
reactive_power_k,1,49,Tulip,0.0
reactive_power_k,1,50,Poppy,-6.50354345717514e-06
reactive_power_k,1,50,Oxlip,0.0
reactive_power_k,1,50,Daisy,0.0
reactive_power_k,1,50,Tulip,-2.8830954655597333e-07
reactive_power_k,1,51,Poppy,0.0
reactive_power_k,1,51,Oxlip,0.0
reactive_power_k,1,51,Daisy,0.0
reactive_power_k,1,51,Tulip,2.282476528966291e-05
reactive_power_k,1,52,Poppy,5.034597784316855
reactive_power_k,1,52,Oxlip,0.0
reactive_power_k,1,52,Daisy,0.0
reactive_power_k,1,52,Tulip,0.0
reactive_power_k,1,53,Poppy,-0.9999909515371849
reactive_power_k,1,53,Oxlip,0.0
reactive_power_k,1,53,Daisy,0.0
reactive_power_k,1,53,Tulip,0.0
reactive_power_k,1,54,Poppy,0.0
reactive_power_k,1,54,Oxlip,1.7198549208706298e-06
reactive_power_k,1,54,Daisy,0.0
reactive_power_k,1,54,Tulip,-1.644360966228494e-06
reactive_power_k,1,55,Poppy,0.0
reactive_power_k,1,55,Oxlip,0.0
reactive_power_k,1,55,Daisy,3.7624465232547092e-06
reactive_power_k,1,55,Tulip,0.0
reactive_power_k,1,56,Poppy,0.0
reactive_power_k,1,56,Oxlip,4.448841544724652e-07
reactive_power_k,1,56,Daisy,0.0
reactive_power_k,1,56,Tulip,-5.157203995891965e-07
reactive_power_k,1,57,Poppy,0.0
reactive_power_k,1,57,Oxlip,0.0
reactive_power_k,1,57,Daisy,0.0
reactive_power_k,1,57,Tulip,0.0
reactive_power_k,1,58,Poppy,0.0
reactive_power_k,1,58,Oxlip,0.0
reactive_power_k,1,58,Daisy,0.0
reactive_power_k,1,58,Tulip,0.0
reactive_power_k,1,59,Poppy,0.0
reactive_power_k,1,59,Oxlip,0.0
reactive_power_k,1,59,Daisy,0.0
reactive_power_k,1,59,Tulip,0.0
reactive_power,,1,0,40.098506619205445
reactive_power,,1,1,0.0
reactive_power,,1,2,0.0
reactive_power,,1,3,0.0
reactive_power,,1,4,0.0
reactive_power,,1,5,0.0
reactive_power,,1,6,2.12826294986996e-06
reactive_power,,1,7,45.10629875299255
reactive_power,,1,8,30.001783416764756
reactive_power,,1,9,0.0
reactive_power,,1,10,1.6544441292069546e-05
reactive_power,,1,11,0.0
reactive_power,,1,12,1.654443652965686e-05
reactive_power,,1,13,-1.654443652965686e-05
reactive_power,,1,14,0.0
reactive_power,,1,15,2.1243533052221084e-06
reactive_power,,1,16,0.0
reactive_power,,1,17,6.000037105793236
reactive_power,,1,18,0.0
reactive_power,,1,19,22.00059650145084
reactive_power,,1,20,10.094142316637079
reactive_power,,1,21,5.15006875148926e-05
reactive_power,,1,22,0.0
reactive_power,,1,23,0.0
reactive_power,,1,24,0.0
reactive_power,,1,25,0.0
reactive_power,,1,26,0.0
reactive_power,,1,27,0.0
reactive_power,,1,28,7.083545833066722e-06
reactive_power,,1,29,-4.002500342350991e-07
reactive_power,,1,30,-6.599321607448498e-06
reactive_power,,1,31,0.0
reactive_power,,1,32,0.0
reactive_power,,1,33,4.301515259579116e-05
reactive_power,,1,34,7.045174806243336
reactive_power,,1,35,7.871753084309253e-06
reactive_power,,1,36,2.0039761653935773
reactive_power,,1,37,8.046890294181853
reactive_power,,1,38,-20.00009868821264
reactive_power,,1,39,0.0
reactive_power,,1,40,-11.0
reactive_power,,1,41,0.0
reactive_power,,1,42,0.0
reactive_power,,1,43,10.000090645686816
reactive_power,,1,44,-5.010830297943286
reactive_power,,1,45,0.0
reactive_power,,1,46,-4.0
reactive_power,,1,47,-3.0000005163636065
reactive_power,,1,48,0.0
reactive_power,,1,49,0.0
reactive_power,,1,50,-6.791853003731112e-06
reactive_power,,1,51,2.282476528966291e-05
reactive_power,,1,52,5.034597766299278
reactive_power,,1,53,-0.9999909162484444
reactive_power,,1,54,0.0
reactive_power,,1,55,3.7742122668981857e-06
reactive_power,,1,56,0.0
reactive_power,,1,57,0.0
reactive_power,,1,58,0.0
reactive_power,,1,59,0.0
voltage_squared,,1,0,1.0
voltage_squared,,1,1,1.0
voltage_squared,,1,8,0.9896805648963554
voltage_squared,,1,9,0.9808865715794037
voltage_squared,,1,10,0.9730260741330898
voltage_squared,,1,11,0.9821604096100053
voltage_squared,,1,16,0.9797630864478525
voltage_squared,,1,17,0.987942470237606
voltage_squared,,1,18,0.9844923142664653
voltage_squared,,1,19,0.9950140085992719
voltage_squared,,1,20,0.9966376406871622
voltage_squared,,1,21,0.9997731972320365
voltage_squared,,1,22,0.9997465057007279
voltage_squared,,1,23,0.9997263801761536
voltage_squared,,1,24,0.9995488570690496
voltage_squared,,1,25,0.9994937095619161
voltage_squared,,1,26,0.9995130440371434
voltage_squared,,1,2,0.9998604157011346
voltage_squared,,1,3,0.9025
voltage_squared,,1,4,0.9025
voltage_squared,,1,5,0.9995590092726014
active_power_plus,,1,0,40.08692242083998
active_power_plus,,1,1,0.0
active_power_plus,,1,2,1.3687823371878028e-06
active_power_plus,,1,3,0.0
active_power_plus,,1,4,0.0
active_power_plus,,1,5,0.0
active_power_plus,,1,6,6.008041151543201e-07
active_power_plus,,1,7,46.80247587831816
active_power_plus,,1,8,33.00208879858891
active_power_plus,,1,9,0.0
active_power_plus,,1,10,1.6544360934094847e-05
active_power_plus,,1,11,0.0
active_power_plus,,1,12,8.272179119899275e-06
active_power_plus,,1,13,-1.5953673275241478e-05
active_power_plus,,1,14,0.0
active_power_plus,,1,15,1.2047449017951058e-06
active_power_plus,,1,16,0.0
active_power_plus,,1,17,10.000022817142883
active_power_plus,,1,18,6.907276979463139e-06
active_power_plus,,1,19,25.000353137369522
active_power_plus,,1,20,7.0815661416715185
active_power_plus,,1,21,0.0
active_power_plus,,1,22,2.817412413364827e-05
active_power_plus,,1,23,0.0
active_power_plus,,1,24,0.0
active_power_plus,,1,25,-0.00015638931357674914
active_power_plus,,1,26,0.00014798385559541892
active_power_plus,,1,27,9.551665378762305e-06
active_power_plus,,1,28,2.918842862757387e-05
active_power_plus,,1,29,9.473548043052004e-05
active_power_plus,,1,30,5.4358708256165884e-05
active_power_plus,,1,31,0.0
active_power_plus,,1,32,0.0
active_power_plus,,1,33,3.1275793302954075e-06
active_power_plus,,1,34,4.731757430106537
active_power_plus,,1,35,1.1068199979048474e-05
active_power_plus,,1,36,1.805184473176973
active_power_plus,,1,37,5.25286949079282
active_power_plus,,1,38,0.0
active_power_plus,,1,39,0.0
active_power_plus,,1,40,0.0
active_power_plus,,1,41,3.06254158879979e-05
active_power_plus,,1,42,0.0
active_power_plus,,1,43,12.000041624067627
active_power_plus,,1,44,0.0
active_power_plus,,1,45,1.7056889645150617e-06
active_power_plus,,1,46,0.0
active_power_plus,,1,47,0.0
active_power_plus,,1,48,0.0
active_power_plus,,1,49,0.0
active_power_plus,,1,50,-5.614265591274832e-06
active_power_plus,,1,51,0.0
active_power_plus,,1,52,3.044434614406785
active_power_plus,,1,53,0.0
active_power_plus,,1,54,-1.8939335840357146e-06
active_power_plus,,1,55,1.2651961010673042e-05
active_power_plus,,1,56,2.5099895333937305e-05
active_power_plus,,1,57,0.0
active_power_plus,,1,58,0.0
active_power_plus,,1,59,0.0
reactive_power_plus,,1,0,40.098506619205445
reactive_power_plus,,1,1,0.0
reactive_power_plus,,1,2,1.3687823371878028e-06
reactive_power_plus,,1,3,0.0
reactive_power_plus,,1,4,0.0
reactive_power_plus,,1,5,0.0
reactive_power_plus,,1,6,1.06413147493498e-06
reactive_power_plus,,1,7,45.10629875299255
reactive_power_plus,,1,8,30.001783416764756
reactive_power_plus,,1,9,0.0
reactive_power_plus,,1,10,1.6544441292069546e-05
reactive_power_plus,,1,11,0.0
reactive_power_plus,,1,12,8.27221826482843e-06
reactive_power_plus,,1,13,-7.683982970710783e-06
reactive_power_plus,,1,14,0.0
reactive_power_plus,,1,15,2.1243533052221084e-06
reactive_power_plus,,1,16,0.0
reactive_power_plus,,1,17,6.000037105793236
reactive_power_plus,,1,18,0.0
reactive_power_plus,,1,19,22.00059650145084
reactive_power_plus,,1,20,10.094142316637079
reactive_power_plus,,1,21,5.15006875148926e-05
reactive_power_plus,,1,22,0.0
reactive_power_plus,,1,23,0.0
reactive_power_plus,,1,24,0.00014798487523822376
reactive_power_plus,,1,25,0.0
reactive_power_plus,,1,26,0.0
reactive_power_plus,,1,27,0.0
reactive_power_plus,,1,28,7.083545833066722e-06
reactive_power_plus,,1,29,0.0
reactive_power_plus,,1,30,-5.422851019213204e-06
reactive_power_plus,,1,31,0.0
reactive_power_plus,,1,32,0.0
reactive_power_plus,,1,33,4.301515259579116e-05
reactive_power_plus,,1,34,7.045174806243336
reactive_power_plus,,1,35,7.871753084309253e-06
reactive_power_plus,,1,36,2.0039761653935773
reactive_power_plus,,1,37,8.046890294181853
reactive_power_plus,,1,38,0.0
reactive_power_plus,,1,39,0.0
reactive_power_plus,,1,40,0.0
reactive_power_plus,,1,41,0.0
reactive_power_plus,,1,42,0.0
reactive_power_plus,,1,43,10.000090645686816
reactive_power_plus,,1,44,0.0
reactive_power_plus,,1,45,0.0
reactive_power_plus,,1,46,0.0
reactive_power_plus,,1,47,0.0
reactive_power_plus,,1,48,0.0
reactive_power_plus,,1,49,0.0
reactive_power_plus,,1,50,-9.911798080716343e-06
reactive_power_plus,,1,51,2.282476528966291e-05
reactive_power_plus,,1,52,5.034597766299278
reactive_power_plus,,1,53,0.0
reactive_power_plus,,1,54,0.0
reactive_power_plus,,1,55,3.7742122668981857e-06
reactive_power_plus,,1,56,0.0
reactive_power_plus,,1,57,0.0
reactive_power_plus,,1,58,0.0
reactive_power_plus,,1,59,0.0
active_power_minus,,1,0,0.0
active_power_minus,,1,1,0.0
active_power_minus,,1,2,1.3687823371878028e-06
active_power_minus,,1,3,0.0
active_power_minus,,1,4,0.0
active_power_minus,,1,5,0.0
active_power_minus,,1,6,-1.2568821036673004e-08
active_power_minus,,1,7,0.0
active_power_minus,,1,8,0.0
active_power_minus,,1,9,0.0
active_power_minus,,1,10,0.0
active_power_minus,,1,11,0.0
active_power_minus,,1,12,-7.683943825781628e-06
active_power_minus,,1,13,0.0
active_power_minus,,1,14,0.0
active_power_minus,,1,15,0.0
active_power_minus,,1,16,0.0
active_power_minus,,1,17,0.0
active_power_minus,,1,18,6.907276979463139e-06
active_power_minus,,1,19,0.0
active_power_minus,,1,20,0.0
active_power_minus,,1,21,0.0
active_power_minus,,1,22,0.0
active_power_minus,,1,23,0.0
active_power_minus,,1,24,0.0
active_power_minus,,1,25,0.0
active_power_minus,,1,26,0.0
active_power_minus,,1,27,0.0
active_power_minus,,1,28,3.070141657169184e-06
active_power_minus,,1,29,0.0
active_power_minus,,1,30,6.0960690633082826e-05
active_power_minus,,1,31,0.00011425178502400775
active_power_minus,,1,32,0.0
active_power_minus,,1,33,0.0
active_power_minus,,1,34,0.0
active_power_minus,,1,35,3.1969741058073237e-06
active_power_minus,,1,36,0.0
active_power_minus,,1,37,0.0
active_power_minus,,1,38,23.00013124353473
active_power_minus,,1,39,0.0
active_power_minus,,1,40,12.0
active_power_minus,,1,41,3.06254158879979e-05
active_power_minus,,1,42,0.0
active_power_minus,,1,43,0.0
active_power_minus,,1,44,3.5065317833544962
active_power_minus,,1,45,1.7056889645150617e-06
active_power_minus,,1,46,2.4999904175706074
active_power_minus,,1,47,1.999824164342529
active_power_minus,,1,48,0.0
active_power_minus,,1,49,0.0
active_power_minus,,1,50,0.0
active_power_minus,,1,51,0.0
active_power_minus,,1,52,0.0
active_power_minus,,1,53,1.199966390651751
active_power_minus,,1,54,-3.0704041722710088e-06
active_power_minus,,1,55,0.0
active_power_minus,,1,56,0.0
active_power_minus,,1,57,0.0
active_power_minus,,1,58,0.0
active_power_minus,,1,59,0.0
reactive_power_minus,,1,0,0.0
reactive_power_minus,,1,1,0.0
reactive_power_minus,,1,2,1.3687823371878028e-06
reactive_power_minus,,1,3,0.0
reactive_power_minus,,1,4,0.0
reactive_power_minus,,1,5,0.0
reactive_power_minus,,1,6,-4.75896180817333e-07
reactive_power_minus,,1,7,0.0
reactive_power_minus,,1,8,0.0
reactive_power_minus,,1,9,0.0
reactive_power_minus,,1,10,0.0
reactive_power_minus,,1,11,0.0
reactive_power_minus,,1,12,-7.683982970710783e-06
reactive_power_minus,,1,13,8.27221826482843e-06
reactive_power_minus,,1,14,0.0
reactive_power_minus,,1,15,0.0
reactive_power_minus,,1,16,0.0
reactive_power_minus,,1,17,0.0
reactive_power_minus,,1,18,0.0
reactive_power_minus,,1,19,0.0
reactive_power_minus,,1,20,0.0
reactive_power_minus,,1,21,0.0
reactive_power_minus,,1,22,0.0
reactive_power_minus,,1,23,0.0
reactive_power_minus,,1,24,0.00014798487523822376
reactive_power_minus,,1,25,0.0
reactive_power_minus,,1,26,0.0
reactive_power_minus,,1,27,0.0
reactive_power_minus,,1,28,0.0
reactive_power_minus,,1,29,0.0
reactive_power_minus,,1,30,0.0
reactive_power_minus,,1,31,0.0
reactive_power_minus,,1,32,0.0
reactive_power_minus,,1,33,0.0
reactive_power_minus,,1,34,0.0
reactive_power_minus,,1,35,0.0
reactive_power_minus,,1,36,0.0
reactive_power_minus,,1,37,0.0
reactive_power_minus,,1,38,20.00009868821264
reactive_power_minus,,1,39,0.0
reactive_power_minus,,1,40,11.0
reactive_power_minus,,1,41,0.0
reactive_power_minus,,1,42,0.0
reactive_power_minus,,1,43,0.0
reactive_power_minus,,1,44,5.010830297943286
reactive_power_minus,,1,45,0.0
reactive_power_minus,,1,46,4.0
reactive_power_minus,,1,47,3.0000005163636065
reactive_power_minus,,1,48,0.0
reactive_power_minus,,1,49,0.0
reactive_power_minus,,1,50,-4.296415665220525e-06
reactive_power_minus,,1,51,0.0
reactive_power_minus,,1,52,0.0
reactive_power_minus,,1,53,0.9999909162484444
reactive_power_minus,,1,54,0.0
reactive_power_minus,,1,55,0.0
reactive_power_minus,,1,56,0.0
reactive_power_minus,,1,57,0.0
reactive_power_minus,,1,58,0.0
reactive_power_minus,,1,59,0.0
active_power_discr,1,0,1,0.11286492627602136
active_power_discr,1,0,2,0.24024984210893874
active_power_discr,1,0,3,0.51140764928345
active_power_discr,1,0,4,1.08860751561715
active_power_discr,1,0,5,2.3172635855536745
active_power_discr,1,0,6,4.932641423009912
active_power_discr,1,0,7,10.499863528550547
active_power_discr,1,0,8,20.384023950440287
active_power_discr,1,0,9,0.0
active_power_discr,1,0,10,0.0
active_power_discr,1,0,11,0.0
active_power_discr,1,0,12,0.0
active_power_discr,1,0,13,0.0
active_power_discr,1,0,14,0.0
active_power_discr,1,0,15,0.0
active_power_discr,1,1,1,0.0
active_power_discr,1,1,2,0.0
active_power_discr,1,1,3,0.0
active_power_discr,1,1,4,0.0
active_power_discr,1,1,5,0.0
active_power_discr,1,1,6,0.0
active_power_discr,1,1,7,0.0
active_power_discr,1,1,8,0.0
active_power_discr,1,1,9,0.0
active_power_discr,1,1,10,0.0
active_power_discr,1,1,11,0.0
active_power_discr,1,1,12,0.0
active_power_discr,1,1,13,0.0
active_power_discr,1,1,14,0.0
active_power_discr,1,1,15,0.0
active_power_discr,1,2,1,0.0
active_power_discr,1,2,2,3.4536384897766725e-06
active_power_discr,1,2,3,0.0
active_power_discr,1,2,4,0.0
active_power_discr,1,2,5,2.5858750614751867e-07
active_power_discr,1,2,6,-4.0663172920972574e-07
active_power_discr,1,2,7,2.2321378468968338e-07
active_power_discr,1,2,8,1.0447841468489497e-07
active_power_discr,1,2,9,-3.074864975957913e-07
active_power_discr,1,2,10,0.0
active_power_discr,1,2,11,0.0
active_power_discr,1,2,12,0.0
active_power_discr,1,2,13,0.0
active_power_discr,1,2,14,0.0
active_power_discr,1,2,15,0.0
active_power_discr,1,3,1,0.0
active_power_discr,1,3,2,0.0
active_power_discr,1,3,3,0.0
active_power_discr,1,3,4,0.0
active_power_discr,1,3,5,0.0
active_power_discr,1,3,6,0.0
active_power_discr,1,3,7,0.0
active_power_discr,1,3,8,1.0483280884556111e-07
active_power_discr,1,3,9,-7.200722495726033e-08
active_power_discr,1,3,10,0.0
active_power_discr,1,3,11,0.0
active_power_discr,1,3,12,0.0
active_power_discr,1,3,13,0.0
active_power_discr,1,3,14,0.0
active_power_discr,1,3,15,0.0
active_power_discr,1,4,1,0.0
active_power_discr,1,4,2,0.0
active_power_discr,1,4,3,0.0
active_power_discr,1,4,4,0.0
active_power_discr,1,4,5,0.0
active_power_discr,1,4,6,0.0
active_power_discr,1,4,7,0.0
active_power_discr,1,4,8,0.0
active_power_discr,1,4,9,0.0
active_power_discr,1,4,10,0.0
active_power_discr,1,4,11,0.0
active_power_discr,1,4,12,0.0
active_power_discr,1,4,13,0.0
active_power_discr,1,4,14,0.0
active_power_discr,1,4,15,0.0
active_power_discr,1,5,1,0.0
active_power_discr,1,5,2,0.0
active_power_discr,1,5,3,0.0
active_power_discr,1,5,4,0.0
active_power_discr,1,5,5,0.0
active_power_discr,1,5,6,0.0
active_power_discr,1,5,7,0.0
active_power_discr,1,5,8,0.0
active_power_discr,1,5,9,0.0
active_power_discr,1,5,10,0.0
active_power_discr,1,5,11,0.0
active_power_discr,1,5,12,0.0
active_power_discr,1,5,13,0.0
active_power_discr,1,5,14,0.0
active_power_discr,1,5,15,0.0
active_power_discr,1,6,1,0.0
active_power_discr,1,6,2,0.0
active_power_discr,1,6,3,0.0
active_power_discr,1,6,4,0.0
active_power_discr,1,6,5,0.0
active_power_discr,1,6,6,0.0
active_power_discr,1,6,7,0.0
active_power_discr,1,6,8,0.0
active_power_discr,1,6,9,0.0
active_power_discr,1,6,10,0.0
active_power_discr,1,6,11,0.0
active_power_discr,1,6,12,0.0
active_power_discr,1,6,13,0.0
active_power_discr,1,6,14,0.0
active_power_discr,1,6,15,0.0
active_power_discr,1,7,1,0.1128649262760982
active_power_discr,1,7,2,0.24024984210883843
active_power_discr,1,7,3,0.51140764928355
active_power_discr,1,7,4,1.08860751561715
active_power_discr,1,7,5,2.3172635855536745
active_power_discr,1,7,6,4.932641423009872
active_power_discr,1,7,7,10.499863528550513
active_power_discr,1,7,8,22.35052675913198
active_power_discr,1,7,9,4.749050648786484
active_power_discr,1,7,10,0.0
active_power_discr,1,7,11,0.0
active_power_discr,1,7,12,0.0
active_power_discr,1,7,13,0.0
active_power_discr,1,7,14,0.0
active_power_discr,1,7,15,0.0
active_power_discr,1,8,1,0.11286492627602136
active_power_discr,1,8,2,0.24024984210893874
active_power_discr,1,8,3,0.51140764928345
active_power_discr,1,8,4,1.08860751561715
active_power_discr,1,8,5,2.3172635855536745
active_power_discr,1,8,6,4.932641423009912
active_power_discr,1,8,7,10.499863528550486
active_power_discr,1,8,8,13.299190328189272
active_power_discr,1,8,9,0.0
active_power_discr,1,8,10,0.0
active_power_discr,1,8,11,0.0
active_power_discr,1,8,12,0.0
active_power_discr,1,8,13,0.0
active_power_discr,1,8,14,0.0
active_power_discr,1,8,15,0.0
active_power_discr,1,9,1,0.0
active_power_discr,1,9,2,0.0
active_power_discr,1,9,3,0.0
active_power_discr,1,9,4,0.0
active_power_discr,1,9,5,0.0
active_power_discr,1,9,6,0.0
active_power_discr,1,9,7,1.6702370955994778e-07
active_power_discr,1,9,8,-9.702957153184334e-08
active_power_discr,1,9,9,0.0
active_power_discr,1,9,10,0.0
active_power_discr,1,9,11,0.0
active_power_discr,1,9,12,0.0
active_power_discr,1,9,13,0.0
active_power_discr,1,9,14,0.0
active_power_discr,1,9,15,0.0
active_power_discr,1,10,1,0.0
active_power_discr,1,10,2,0.0
active_power_discr,1,10,3,0.0
active_power_discr,1,10,4,0.0
active_power_discr,1,10,5,1.6293450265735383e-05
active_power_discr,1,10,6,2.3888782528425297e-07
active_power_discr,1,10,7,0.0
active_power_discr,1,10,8,0.0
active_power_discr,1,10,9,0.0
active_power_discr,1,10,10,0.0
active_power_discr,1,10,11,0.0
active_power_discr,1,10,12,0.0
active_power_discr,1,10,13,0.0
active_power_discr,1,10,14,0.0
active_power_discr,1,10,15,0.0
active_power_discr,1,11,1,0.0
active_power_discr,1,11,2,0.0
active_power_discr,1,11,3,0.0
active_power_discr,1,11,4,0.0
active_power_discr,1,11,5,0.0
active_power_discr,1,11,6,0.0
active_power_discr,1,11,7,0.0
active_power_discr,1,11,8,0.0
active_power_discr,1,11,9,0.0
active_power_discr,1,11,10,0.0
active_power_discr,1,11,11,0.0
active_power_discr,1,11,12,0.0
active_power_discr,1,11,13,0.0
active_power_discr,1,11,14,0.0
active_power_discr,1,11,15,0.0
active_power_discr,1,12,1,0.0
active_power_discr,1,12,2,0.0
active_power_discr,1,12,3,0.0
active_power_discr,1,12,4,0.0
active_power_discr,1,12,5,0.0
active_power_discr,1,12,6,0.0
active_power_discr,1,12,7,0.0
active_power_discr,1,12,8,0.0
active_power_discr,1,12,9,0.0
active_power_discr,1,12,10,0.0
active_power_discr,1,12,11,0.0
active_power_discr,1,12,12,0.0
active_power_discr,1,12,13,0.0
active_power_discr,1,12,14,0.0
active_power_discr,1,12,15,0.0
active_power_discr,1,13,1,0.0
active_power_discr,1,13,2,0.0
active_power_discr,1,13,3,0.0
active_power_discr,1,13,4,0.0
active_power_discr,1,13,5,0.0
active_power_discr,1,13,6,0.0
active_power_discr,1,13,7,0.0
active_power_discr,1,13,8,0.0
active_power_discr,1,13,9,-1.6721406625708397e-05
active_power_discr,1,13,10,0.0
active_power_discr,1,13,11,0.0
active_power_discr,1,13,12,0.0
active_power_discr,1,13,13,0.0
active_power_discr,1,13,14,0.0
active_power_discr,1,13,15,1.7949805634927308e-07
active_power_discr,1,14,1,0.0
active_power_discr,1,14,2,0.0
active_power_discr,1,14,3,0.0
active_power_discr,1,14,4,0.0
active_power_discr,1,14,5,0.0
active_power_discr,1,14,6,0.0
active_power_discr,1,14,7,2.395617751285297e-07
active_power_discr,1,14,8,0.0
active_power_discr,1,14,9,0.0
active_power_discr,1,14,10,-8.701549345102663e-08
active_power_discr,1,14,11,0.0
active_power_discr,1,14,12,0.0
active_power_discr,1,14,13,0.0
active_power_discr,1,14,14,0.0
active_power_discr,1,14,15,0.0
active_power_discr,1,15,1,0.0
active_power_discr,1,15,2,0.0
active_power_discr,1,15,3,0.0
active_power_discr,1,15,4,0.0
active_power_discr,1,15,5,1.0343500245900747e-06
active_power_discr,1,15,6,4.777775496804244e-07
active_power_discr,1,15,7,2.226982794132637e-07
active_power_discr,1,15,8,1.0704965742504719e-07
active_power_discr,1,15,9,-6.358796566162493e-07
active_power_discr,1,15,10,0.0
active_power_discr,1,15,11,0.0
active_power_discr,1,15,12,0.0
active_power_discr,1,15,13,0.0
active_power_discr,1,15,14,0.0
active_power_discr,1,15,15,0.0
active_power_discr,1,16,1,0.0
active_power_discr,1,16,2,0.0
active_power_discr,1,16,3,0.0
active_power_discr,1,16,4,0.0
active_power_discr,1,16,5,0.0
active_power_discr,1,16,6,3.7030777760666535e-07
active_power_discr,1,16,7,-3.8701895100208406e-07
active_power_discr,1,16,8,1.631140648705514e-07
active_power_discr,1,16,9,0.0
active_power_discr,1,16,10,0.0
active_power_discr,1,16,11,0.0
active_power_discr,1,16,12,0.0
active_power_discr,1,16,13,0.0
active_power_discr,1,16,14,0.0
active_power_discr,1,16,15,0.0
active_power_discr,1,17,1,0.11286492627602136
active_power_discr,1,17,2,0.24024984210893874
active_power_discr,1,17,3,0.51140764928345
active_power_discr,1,17,4,1.08860751561715
active_power_discr,1,17,5,2.3172635855536745
active_power_discr,1,17,6,4.932641423009912
active_power_discr,1,17,7,0.796987875293736
active_power_discr,1,17,8,0.0
active_power_discr,1,17,9,0.0
active_power_discr,1,17,10,0.0
active_power_discr,1,17,11,0.0
active_power_discr,1,17,12,0.0
active_power_discr,1,17,13,0.0
active_power_discr,1,17,14,0.0
active_power_discr,1,17,15,0.0
active_power_discr,1,18,1,0.0
active_power_discr,1,18,2,1.381455395910669e-05
active_power_discr,1,18,3,5.286715706019868e-06
active_power_discr,1,18,4,8.527838253086823e-06
active_power_discr,1,18,5,1.0343500245900747e-06
active_power_discr,1,18,6,-1.4528081361765489e-05
active_power_discr,1,18,7,3.0315181038362314e-06
active_power_discr,1,18,8,-3.0315181040166486e-06
active_power_discr,1,18,9,0.0
active_power_discr,1,18,10,0.0
active_power_discr,1,18,11,0.0
active_power_discr,1,18,12,0.0
active_power_discr,1,18,13,0.0
active_power_discr,1,18,14,0.0
active_power_discr,1,18,15,0.0
active_power_discr,1,19,1,0.11286492627602136
active_power_discr,1,19,2,0.24024984210893874
active_power_discr,1,19,3,0.51140764928345
active_power_discr,1,19,4,1.08860751561715
active_power_discr,1,19,5,2.3172635855536745
active_power_discr,1,19,6,4.932641423009912
active_power_discr,1,19,7,8.978408364905258
active_power_discr,1,19,8,6.818909830615118
active_power_discr,1,19,9,0.0
active_power_discr,1,19,10,0.0
active_power_discr,1,19,11,0.0
active_power_discr,1,19,12,0.0
active_power_discr,1,19,13,0.0
active_power_discr,1,19,14,0.0
active_power_discr,1,19,15,0.0
active_power_discr,1,20,1,0.0671788555232249
active_power_discr,1,20,2,0.11230884181732809
active_power_discr,1,20,3,0.18775663640159806
active_power_discr,1,20,4,0.3138893959050943
active_power_discr,1,20,5,0.5247566996829012
active_power_discr,1,20,6,0.8772822448113191
active_power_discr,1,20,7,1.466630416584021
active_power_discr,1,20,8,2.4518959452006714
active_power_discr,1,20,9,1.0798671057453602
active_power_discr,1,20,10,0.0
active_power_discr,1,20,11,0.0
active_power_discr,1,20,12,0.0
active_power_discr,1,20,13,0.0
active_power_discr,1,20,14,0.0
active_power_discr,1,20,15,0.0
active_power_discr,1,21,1,0.0001479852830141848
active_power_discr,1,21,2,-0.0001473970477447179
active_power_discr,1,21,3,1.1774283684365583e-05
active_power_discr,1,21,4,6.140321185742056e-06
active_power_discr,1,21,5,-1.791460487010764e-05
active_power_discr,1,21,6,1.9572072139639018e-06
active_power_discr,1,21,7,-2.631172179106197e-06
active_power_discr,1,21,8,6.73964989793057e-07
active_power_discr,1,21,9,0.0
active_power_discr,1,21,10,0.0
active_power_discr,1,21,11,0.0
active_power_discr,1,21,12,0.0
active_power_discr,1,21,13,0.0
active_power_discr,1,21,14,0.0
active_power_discr,1,21,15,0.0
active_power_discr,1,22,1,9.58240370066747e-05
active_power_discr,1,22,2,2.609739672730583e-05
active_power_discr,1,22,3,1.1774275354412805e-05
active_power_discr,1,22,4,-0.00013338761092774863
active_power_discr,1,22,5,3.4115056724440216e-06
active_power_discr,1,22,6,1.9574156784977238e-06
active_power_discr,1,22,7,1.1431608026720847e-06
active_power_discr,1,22,8,2.1661873061112204e-05
active_power_discr,1,22,9,0.0
active_power_discr,1,22,10,0.0
active_power_discr,1,22,11,0.0
active_power_discr,1,22,12,0.0
active_power_discr,1,22,13,0.0
active_power_discr,1,22,14,0.0
active_power_discr,1,22,15,0.0
active_power_discr,1,23,1,9.582441298204045e-05
active_power_discr,1,23,2,2.6097475805215416e-05
active_power_discr,1,23,3,1.1774277030321922e-05
active_power_discr,1,23,4,6.140317715640063e-06
active_power_discr,1,23,5,3.4113894963628063e-06
active_power_discr,1,23,6,1.957206107880287e-06
active_power_discr,1,23,7,1.1428017204456018e-06
active_power_discr,1,23,8,-0.0001569123939395105
active_power_discr,1,23,9,0.0
active_power_discr,1,23,10,0.0
active_power_discr,1,23,11,0.0
active_power_discr,1,23,12,0.0
active_power_discr,1,23,13,0.0
active_power_discr,1,23,14,0.0
active_power_discr,1,23,15,1.0598285847487628e-05
active_power_discr,1,24,1,9.582420313672873e-05
active_power_discr,1,24,2,0.0
active_power_discr,1,24,3,0.0
active_power_discr,1,24,4,0.0
active_power_discr,1,24,5,-9.582420313672873e-05
active_power_discr,1,24,6,0.0
active_power_discr,1,24,7,0.0
active_power_discr,1,24,8,0.0
active_power_discr,1,24,9,0.0
active_power_discr,1,24,10,0.0
active_power_discr,1,24,11,0.0
active_power_discr,1,24,12,0.0
active_power_discr,1,24,13,0.0
active_power_discr,1,24,14,0.0
active_power_discr,1,24,15,0.0
active_power_discr,1,25,1,9.582425052115396e-05
active_power_discr,1,25,2,2.6097431559506804e-05
active_power_discr,1,25,3,1.177425706819093e-05
active_power_discr,1,25,4,-0.00012294184547950311
active_power_discr,1,25,5,-0.00016773164254021538
active_power_discr,1,25,6,0.0
active_power_discr,1,25,7,0.0
active_power_discr,1,25,8,0.0
active_power_discr,1,25,9,0.0
active_power_discr,1,25,10,0.0
active_power_discr,1,25,11,0.0
active_power_discr,1,25,12,0.0
active_power_discr,1,25,13,0.0
active_power_discr,1,25,14,0.0
active_power_discr,1,25,15,0.0
active_power_discr,1,26,1,0.0
active_power_discr,1,26,2,0.0
active_power_discr,1,26,3,0.0
active_power_discr,1,26,4,0.0
active_power_discr,1,26,5,3.458005276487645e-06
active_power_discr,1,26,6,0.00012708418206796082
active_power_discr,1,26,7,1.273123404487066e-06
active_power_discr,1,26,8,1.6138281655680143e-05
active_power_discr,1,26,9,0.0
active_power_discr,1,26,10,0.0
active_power_discr,1,26,11,0.0
active_power_discr,1,26,12,0.0
active_power_discr,1,26,13,0.0
active_power_discr,1,26,14,0.0
active_power_discr,1,26,15,0.0
active_power_discr,1,27,1,9.582399329141703e-05
active_power_discr,1,27,2,-9.52357579960864e-05
active_power_discr,1,27,3,0.0
active_power_discr,1,27,4,6.140290822349618e-06
active_power_discr,1,27,5,3.4113745551996937e-06
active_power_discr,1,27,6,0.0
active_power_discr,1,27,7,0.0
active_power_discr,1,27,8,0.0
active_power_discr,1,27,9,0.0
active_power_discr,1,27,10,0.0
active_power_discr,1,27,11,0.0
active_power_discr,1,27,12,0.0
active_power_discr,1,27,13,0.0
active_power_discr,1,27,14,0.0
active_power_discr,1,27,15,0.0
active_power_discr,1,28,1,9.583008831834032e-05
active_power_discr,1,28,2,2.610771507030443e-05
active_power_discr,1,28,3,-0.00011517532478532863
active_power_discr,1,28,4,6.16930944465936e-06
active_power_discr,1,28,5,3.4113706994156655e-06
active_power_discr,1,28,6,1.957195323565042e-06
active_power_discr,1,28,7,1.4546451507904516e-05
active_power_discr,1,28,8,0.0
active_power_discr,1,28,9,0.0
active_power_discr,1,28,10,0.0
active_power_discr,1,28,11,0.0
active_power_discr,1,28,12,0.0
active_power_discr,1,28,13,0.0
active_power_discr,1,28,14,0.0
active_power_discr,1,28,15,0.0
active_power_discr,1,29,1,9.58244518809004e-05
active_power_discr,1,29,2,2.609746502054224e-05
active_power_discr,1,29,3,1.1774240990938728e-05
active_power_discr,1,29,4,6.140249808279781e-06
active_power_discr,1,29,5,-0.00013966573516586972
active_power_discr,1,29,6,9.40617896548824e-05
active_power_discr,1,29,7,0.0
active_power_discr,1,29,8,6.739649897930571e-07
active_power_discr,1,29,9,0.0
active_power_discr,1,29,10,0.0
active_power_discr,1,29,11,0.0
active_power_discr,1,29,12,0.0
active_power_discr,1,29,13,0.0
active_power_discr,1,29,14,0.0
active_power_discr,1,29,15,0.0
active_power_discr,1,30,1,9.581893852520153e-05
active_power_discr,1,30,2,2.6088881925654723e-05
active_power_discr,1,30,3,0.0
active_power_discr,1,30,4,0.0001218976660387086
active_power_discr,1,30,5,3.3717285057505875e-06
active_power_discr,1,30,6,-0.0001312695808119491
active_power_discr,1,30,7,0.0
active_power_discr,1,30,8,0.0
active_power_discr,1,30,9,0.0
active_power_discr,1,30,10,0.0
active_power_discr,1,30,11,0.0
active_power_discr,1,30,12,0.0
active_power_discr,1,30,13,0.0
active_power_discr,1,30,14,0.0
active_power_discr,1,30,15,0.0
active_power_discr,1,31,1,9.582441284348116e-05
active_power_discr,1,31,2,1.8427372180526596e-05
active_power_discr,1,31,3,0.0
active_power_discr,1,31,4,0.0
active_power_discr,1,31,5,0.0
active_power_discr,1,31,6,0.0
active_power_discr,1,31,7,0.0
active_power_discr,1,31,8,0.0
active_power_discr,1,31,9,0.0
active_power_discr,1,31,10,0.0
active_power_discr,1,31,11,0.0
active_power_discr,1,31,12,0.0
active_power_discr,1,31,13,0.0
active_power_discr,1,31,14,0.0
active_power_discr,1,31,15,0.0
active_power_discr,1,32,1,9.582427759796837e-05
active_power_discr,1,32,2,2.6097438933791573e-05
active_power_discr,1,32,3,1.1774260395212762e-05
active_power_discr,1,32,4,6.366478845193805e-05
active_power_discr,1,32,5,-6.0508071195988775e-06
active_power_discr,1,32,6,-0.00019268039349958196
active_power_discr,1,32,7,1.1428001058554814e-06
active_power_discr,1,32,8,6.739636567120761e-07
active_power_discr,1,32,9,0.0
active_power_discr,1,32,10,0.0
active_power_discr,1,32,11,1.419067718201782e-07
active_power_discr,1,32,12,0.0
active_power_discr,1,32,13,0.0
active_power_discr,1,32,14,0.0
active_power_discr,1,32,15,0.0
active_power_discr,1,33,1,9.582463635682857e-05
active_power_discr,1,33,2,2.6098267099218492e-05
active_power_discr,1,33,3,1.1775699167540295e-05
active_power_discr,1,33,4,6.142737430883745e-06
active_power_discr,1,33,5,-0.00013962429250319775
active_power_discr,1,33,6,1.964016290765007e-06
active_power_discr,1,33,7,1.1541935409552575e-06
active_power_discr,1,33,8,0.0
active_power_discr,1,33,9,0.0
active_power_discr,1,33,10,0.0
active_power_discr,1,33,11,0.0
active_power_discr,1,33,12,0.0
active_power_discr,1,33,13,0.0
active_power_discr,1,33,14,0.0
active_power_discr,1,33,15,0.0
active_power_discr,1,34,1,0.0671788555232249
active_power_discr,1,34,2,0.11230884181732809
active_power_discr,1,34,3,0.18775663640159806
active_power_discr,1,34,4,0.3138893959050943
active_power_discr,1,34,5,0.5247566996829013
active_power_discr,1,34,6,0.8772822448113191
active_power_discr,1,34,7,1.466630416584021
active_power_discr,1,34,8,1.181954339381051
active_power_discr,1,34,9,0.0
active_power_discr,1,34,10,0.0
active_power_discr,1,34,11,0.0
active_power_discr,1,34,12,0.0
active_power_discr,1,34,13,0.0
active_power_discr,1,34,14,0.0
active_power_discr,1,34,15,0.0
active_power_discr,1,35,1,9.582929174894588e-05
active_power_discr,1,35,2,2.610590745050676e-05
active_power_discr,1,35,3,1.1788438373723736e-05
active_power_discr,1,35,4,-0.0001266503457743314
active_power_discr,1,35,5,0.0
active_power_discr,1,35,6,6.526510308355873e-06
active_power_discr,1,35,7,1.2536072717726264e-06
active_power_discr,1,35,8,0.0
active_power_discr,1,35,9,0.0
active_power_discr,1,35,10,0.0
active_power_discr,1,35,11,0.0
active_power_discr,1,35,12,0.0
active_power_discr,1,35,13,0.0
active_power_discr,1,35,14,0.0
active_power_discr,1,35,15,0.0
active_power_discr,1,36,1,0.0671788555232249
active_power_discr,1,36,2,0.11230884181732809
active_power_discr,1,36,3,0.1877566364015981
active_power_discr,1,36,4,0.31388939590509424
active_power_discr,1,36,5,0.5247566996829011
active_power_discr,1,36,6,0.5992942125366019
active_power_discr,1,36,7,0.0
active_power_discr,1,36,8,-1.3491700911067613e-07
active_power_discr,1,36,9,0.0
active_power_discr,1,36,10,0.0
active_power_discr,1,36,11,0.0
active_power_discr,1,36,12,0.0
active_power_discr,1,36,13,0.0
active_power_discr,1,36,14,0.0
active_power_discr,1,36,15,0.0
active_power_discr,1,37,1,0.0671788555232249
active_power_discr,1,37,2,0.11230884181732809
active_power_discr,1,37,3,0.18775663640159806
active_power_discr,1,37,4,0.3138893959050943
active_power_discr,1,37,5,0.5247566996829012
active_power_discr,1,37,6,0.8772822448113191
active_power_discr,1,37,7,1.466630416584023
active_power_discr,1,37,8,1.7030664000673161
active_power_discr,1,37,9,0.0
active_power_discr,1,37,10,0.0
active_power_discr,1,37,11,0.0
active_power_discr,1,37,12,0.0
active_power_discr,1,37,13,0.0
active_power_discr,1,37,14,0.0
active_power_discr,1,37,15,0.0
active_power_discr,1,38,1,0.11286492627602136
active_power_discr,1,38,2,0.24024984210893874
active_power_discr,1,38,3,0.51140764928345
active_power_discr,1,38,4,1.08860751561715
active_power_discr,1,38,5,2.3172635855536745
active_power_discr,1,38,6,4.932641423009912
active_power_discr,1,38,7,0.0
active_power_discr,1,38,8,13.797096301685585
active_power_discr,1,38,9,0.0
active_power_discr,1,38,10,0.0
active_power_discr,1,38,11,0.0
active_power_discr,1,38,12,0.0
active_power_discr,1,38,13,0.0
active_power_discr,1,38,14,0.0
active_power_discr,1,38,15,0.0
active_power_discr,1,39,1,5.7035448018627024e-05
active_power_discr,1,39,2,1.381455395910669e-05
active_power_discr,1,39,3,0.0
active_power_discr,1,39,4,0.0
active_power_discr,1,39,5,-7.084378135834009e-05
active_power_discr,1,39,6,4.777775496804244e-07
active_power_discr,1,39,7,0.0
active_power_discr,1,39,8,1.0423712504359031e-07
active_power_discr,1,39,9,0.0
active_power_discr,1,39,10,0.0
active_power_discr,1,39,11,0.0
active_power_discr,1,39,12,0.0
active_power_discr,1,39,13,0.0
active_power_discr,1,39,14,0.0
active_power_discr,1,39,15,0.0
active_power_discr,1,40,1,0.11286492627602136
active_power_discr,1,40,2,0.24024984210893874
active_power_discr,1,40,3,0.51140764928345
active_power_discr,1,40,4,1.08860751561715
active_power_discr,1,40,5,2.3172635855536745
active_power_discr,1,40,6,4.932641423009912
active_power_discr,1,40,7,2.796965058150853
active_power_discr,1,40,8,0.0
active_power_discr,1,40,9,0.0
active_power_discr,1,40,10,0.0
active_power_discr,1,40,11,0.0
active_power_discr,1,40,12,0.0
active_power_discr,1,40,13,0.0
active_power_discr,1,40,14,0.0
active_power_discr,1,40,15,0.0
active_power_discr,1,41,1,5.7035448018627024e-05
active_power_discr,1,41,2,0.0
active_power_discr,1,41,3,0.0
active_power_discr,1,41,4,2.284633032731208e-06
active_power_discr,1,41,5,1.0343500245900747e-06
active_power_discr,1,41,6,4.777775496804244e-07
active_power_discr,1,41,7,2.226982794132637e-07
active_power_discr,1,41,8,1.0423712504359031e-07
active_power_discr,1,41,9,0.0
active_power_discr,1,41,10,0.0
active_power_discr,1,41,11,0.0
active_power_discr,1,41,12,0.0
active_power_discr,1,41,13,0.0
active_power_discr,1,41,14,0.0
active_power_discr,1,41,15,0.0
active_power_discr,1,42,1,0.0
active_power_discr,1,42,2,0.0
active_power_discr,1,42,3,0.0
active_power_discr,1,42,4,0.0
active_power_discr,1,42,5,0.0
active_power_discr,1,42,6,0.0
active_power_discr,1,42,7,0.0
active_power_discr,1,42,8,0.0
active_power_discr,1,42,9,0.0
active_power_discr,1,42,10,0.0
active_power_discr,1,42,11,0.0
active_power_discr,1,42,12,0.0
active_power_discr,1,42,13,0.0
active_power_discr,1,42,14,0.0
active_power_discr,1,42,15,0.0
active_power_discr,1,43,1,0.11286492627602136
active_power_discr,1,43,2,0.24024984210893874
active_power_discr,1,43,3,0.51140764928345
active_power_discr,1,43,4,1.08860751561715
active_power_discr,1,43,5,2.3172635855536745
active_power_discr,1,43,6,4.932641423009912
active_power_discr,1,43,7,2.7970066822184814
active_power_discr,1,43,8,0.0
active_power_discr,1,43,9,0.0
active_power_discr,1,43,10,0.0
active_power_discr,1,43,11,0.0
active_power_discr,1,43,12,0.0
active_power_discr,1,43,13,0.0
active_power_discr,1,43,14,0.0
active_power_discr,1,43,15,0.0
active_power_discr,1,44,1,0.0671788555232249
active_power_discr,1,44,2,0.11230884181732809
active_power_discr,1,44,3,0.18775663640159806
active_power_discr,1,44,4,0.3138893959050943
active_power_discr,1,44,5,0.5247566996829012
active_power_discr,1,44,6,0.8772822448113191
active_power_discr,1,44,7,1.4233591092130307
active_power_discr,1,44,8,0.0
active_power_discr,1,44,9,0.0
active_power_discr,1,44,10,0.0
active_power_discr,1,44,11,0.0
active_power_discr,1,44,12,0.0
active_power_discr,1,44,13,0.0
active_power_discr,1,44,14,0.0
active_power_discr,1,44,15,0.0
active_power_discr,1,45,1,9.582408806026177e-05
active_power_discr,1,45,2,2.609738731379485e-05
active_power_discr,1,45,3,-0.00011792186214969588
active_power_discr,1,45,4,6.140296895051911e-06
active_power_discr,1,45,5,3.4113779290301234e-06
active_power_discr,1,45,6,-9.551674825295e-06
active_power_discr,1,45,7,0.0
active_power_discr,1,45,8,0.0
active_power_discr,1,45,9,0.0
active_power_discr,1,45,10,0.0
active_power_discr,1,45,11,0.0
active_power_discr,1,45,12,0.0
active_power_discr,1,45,13,0.0
active_power_discr,1,45,14,0.0
active_power_discr,1,45,15,0.0
active_power_discr,1,46,1,0.0671788555232249
active_power_discr,1,46,2,0.11230884181732807
active_power_discr,1,46,3,0.18775663640156837
active_power_discr,1,46,4,0.3138893959050943
active_power_discr,1,46,5,0.5247566996829012
active_power_discr,1,46,6,0.8772822448113191
active_power_discr,1,46,7,0.4168177434291711
active_power_discr,1,46,8,0.0
active_power_discr,1,46,9,0.0
active_power_discr,1,46,10,0.0
active_power_discr,1,46,11,0.0
active_power_discr,1,46,12,0.0
active_power_discr,1,46,13,0.0
active_power_discr,1,46,14,0.0
active_power_discr,1,46,15,0.0
active_power_discr,1,47,1,0.06717884954550367
active_power_discr,1,47,2,0.11230883181189254
active_power_discr,1,47,3,0.1877566196717868
active_power_discr,1,47,4,0.3138893959050943
active_power_discr,1,47,5,0.4414082225969326
active_power_discr,1,47,6,0.8772822448113191
active_power_discr,1,47,7,0.0
active_power_discr,1,47,8,0.0
active_power_discr,1,47,9,0.0
active_power_discr,1,47,10,0.0
active_power_discr,1,47,11,0.0
active_power_discr,1,47,12,0.0
active_power_discr,1,47,13,0.0
active_power_discr,1,47,14,0.0
active_power_discr,1,47,15,0.0
active_power_discr,1,48,1,0.0
active_power_discr,1,48,2,0.0
active_power_discr,1,48,3,0.0
active_power_discr,1,48,4,0.0
active_power_discr,1,48,5,0.0
active_power_discr,1,48,6,0.0
active_power_discr,1,48,7,0.0
active_power_discr,1,48,8,0.0
active_power_discr,1,48,9,0.0
active_power_discr,1,48,10,0.0
active_power_discr,1,48,11,0.0
active_power_discr,1,48,12,0.0
active_power_discr,1,48,13,0.0
active_power_discr,1,48,14,0.0
active_power_discr,1,48,15,0.0
active_power_discr,1,49,1,0.0
active_power_discr,1,49,2,0.0
active_power_discr,1,49,3,0.0
active_power_discr,1,49,4,0.0
active_power_discr,1,49,5,0.0
active_power_discr,1,49,6,0.0
active_power_discr,1,49,7,0.0
active_power_discr,1,49,8,0.0
active_power_discr,1,49,9,0.0
active_power_discr,1,49,10,0.0
active_power_discr,1,49,11,0.0
active_power_discr,1,49,12,0.0
active_power_discr,1,49,13,0.0
active_power_discr,1,49,14,0.0
active_power_discr,1,49,15,0.0
active_power_discr,1,50,1,9.581725519908977e-05
active_power_discr,1,50,2,-9.5247012167233e-05
active_power_discr,1,50,3,1.1755403830838208e-05
active_power_discr,1,50,4,0.0
active_power_discr,1,50,5,-1.8528147748087452e-05
active_power_discr,1,50,6,0.0
active_power_discr,1,50,7,0.0
active_power_discr,1,50,8,0.0
active_power_discr,1,50,9,0.0
active_power_discr,1,50,10,0.0
active_power_discr,1,50,11,0.0
active_power_discr,1,50,12,0.0
active_power_discr,1,50,13,0.0
active_power_discr,1,50,14,0.0
active_power_discr,1,50,15,0.0
active_power_discr,1,51,1,9.582399329141622e-05
active_power_discr,1,51,2,2.609736150380182e-05
active_power_discr,1,51,3,-0.00012133311950110039
active_power_discr,1,51,4,6.140290822354011e-06
active_power_discr,1,51,5,-6.140290822354011e-06
active_power_discr,1,51,6,0.0
active_power_discr,1,51,7,0.0
active_power_discr,1,51,8,0.0
active_power_discr,1,51,9,0.0
active_power_discr,1,51,10,0.0
active_power_discr,1,51,11,0.0
active_power_discr,1,51,12,0.0
active_power_discr,1,51,13,0.0
active_power_discr,1,51,14,0.0
active_power_discr,1,51,15,0.0
active_power_discr,1,52,1,0.0671788555232249
active_power_discr,1,52,2,0.11230884181732809
active_power_discr,1,52,3,0.1877566364015981
active_power_discr,1,52,4,0.31388939590509257
active_power_discr,1,52,5,0.5247566996829012
active_power_discr,1,52,6,0.877282244811319
active_power_discr,1,52,7,0.9612619402653211
active_power_discr,1,52,8,0.0
active_power_discr,1,52,9,0.0
active_power_discr,1,52,10,0.0
active_power_discr,1,52,11,0.0
active_power_discr,1,52,12,0.0
active_power_discr,1,52,13,0.0
active_power_discr,1,52,14,0.0
active_power_discr,1,52,15,0.0
active_power_discr,1,53,1,0.0671788555232249
active_power_discr,1,53,2,0.11230884181732809
active_power_discr,1,53,3,0.18775663640159806
active_power_discr,1,53,4,0.3138893959050943
active_power_discr,1,53,5,0.5188326610045058
active_power_discr,1,53,6,0.0
active_power_discr,1,53,7,0.0
active_power_discr,1,53,8,0.0
active_power_discr,1,53,9,0.0
active_power_discr,1,53,10,0.0
active_power_discr,1,53,11,0.0
active_power_discr,1,53,12,0.0
active_power_discr,1,53,13,0.0
active_power_discr,1,53,14,0.0
active_power_discr,1,53,15,0.0
active_power_discr,1,54,1,-5.552440560834749e-06
active_power_discr,1,54,2,0.0
active_power_discr,1,54,3,-6.140669754098146e-06
active_power_discr,1,54,4,6.140537264508523e-06
active_power_discr,1,54,5,0.0
active_power_discr,1,54,6,0.0
active_power_discr,1,54,7,0.0
active_power_discr,1,54,8,0.0
active_power_discr,1,54,9,0.0
active_power_discr,1,54,10,0.0
active_power_discr,1,54,11,0.0
active_power_discr,1,54,12,0.0
active_power_discr,1,54,13,0.0
active_power_discr,1,54,14,0.0
active_power_discr,1,54,15,0.0
active_power_discr,1,55,1,9.582442823681459e-05
active_power_discr,1,55,2,2.609750133846009e-05
active_power_discr,1,55,3,-0.00012133361076810291
active_power_discr,1,55,4,6.140389093081679e-06
active_power_discr,1,55,5,3.41150882591592e-06
active_power_discr,1,55,6,1.9571882722819962e-06
active_power_discr,1,55,7,1.1427913063393255e-06
active_power_discr,1,55,8,0.0
active_power_discr,1,55,9,0.0
active_power_discr,1,55,10,0.0
active_power_discr,1,55,11,0.0
active_power_discr,1,55,12,0.0
active_power_discr,1,55,13,0.0
active_power_discr,1,55,14,0.0
active_power_discr,1,55,15,0.0
active_power_discr,1,56,1,9.58241963675277e-05
active_power_discr,1,56,2,-9.523596108530656e-05
active_power_discr,1,56,3,1.1774250414153807e-05
active_power_discr,1,56,4,6.140303835222571e-06
active_power_discr,1,56,5,3.4113817848346883e-06
active_power_discr,1,56,6,1.9572016835001094e-06
active_power_discr,1,56,7,1.1427991370993595e-06
active_power_discr,1,56,8,6.739584910232746e-07
active_power_discr,1,56,9,0.0
active_power_discr,1,56,10,0.0
active_power_discr,1,56,11,0.0
active_power_discr,1,56,12,0.0
active_power_discr,1,56,13,0.0
active_power_discr,1,56,14,0.0
active_power_discr,1,56,15,0.0
active_power_discr,1,57,1,9.582491867767955e-05
active_power_discr,1,57,2,-9.523696039613075e-05
active_power_discr,1,57,3,1.1774062132027045e-05
active_power_discr,1,57,4,-1.1964175814584916e-05
active_power_discr,1,57,5,0.0
active_power_discr,1,57,6,0.0
active_power_discr,1,57,7,0.0
active_power_discr,1,57,8,0.0
active_power_discr,1,57,9,0.0
active_power_discr,1,57,10,0.0
active_power_discr,1,57,11,0.0
active_power_discr,1,57,12,0.0
active_power_discr,1,57,13,0.0
active_power_discr,1,57,14,0.0
active_power_discr,1,57,15,0.0
active_power_discr,1,58,1,0.0
active_power_discr,1,58,2,0.0
active_power_discr,1,58,3,0.0
active_power_discr,1,58,4,0.0
active_power_discr,1,58,5,0.0
active_power_discr,1,58,6,0.0
active_power_discr,1,58,7,0.0
active_power_discr,1,58,8,0.0
active_power_discr,1,58,9,0.0
active_power_discr,1,58,10,0.0
active_power_discr,1,58,11,0.0
active_power_discr,1,58,12,0.0
active_power_discr,1,58,13,0.0
active_power_discr,1,58,14,0.0
active_power_discr,1,58,15,0.0
active_power_discr,1,59,1,0.0
active_power_discr,1,59,2,0.0
active_power_discr,1,59,3,0.0
active_power_discr,1,59,4,0.0
active_power_discr,1,59,5,0.0
active_power_discr,1,59,6,0.0
active_power_discr,1,59,7,0.0
active_power_discr,1,59,8,0.0
active_power_discr,1,59,9,0.0
active_power_discr,1,59,10,0.0
active_power_discr,1,59,11,0.0
active_power_discr,1,59,12,0.0
active_power_discr,1,59,13,0.0
active_power_discr,1,59,14,0.0
active_power_discr,1,59,15,0.0
reactive_power_discr,1,0,1,0.11286492627602136
reactive_power_discr,1,0,2,0.24024984210893874
reactive_power_discr,1,0,3,0.5114076492831663
reactive_power_discr,1,0,4,1.08860751561715
reactive_power_discr,1,0,5,2.3172635855536754
reactive_power_discr,1,0,6,4.932641423009912
reactive_power_discr,1,0,7,10.499863528550547
reactive_power_discr,1,0,8,20.395608136587803
reactive_power_discr,1,0,9,0.0
reactive_power_discr,1,0,10,0.0
reactive_power_discr,1,0,11,0.0
reactive_power_discr,1,0,12,0.0
reactive_power_discr,1,0,13,0.0
reactive_power_discr,1,0,14,0.0
reactive_power_discr,1,0,15,0.0
reactive_power_discr,1,1,1,0.0
reactive_power_discr,1,1,2,0.0
reactive_power_discr,1,1,3,0.0
reactive_power_discr,1,1,4,0.0
reactive_power_discr,1,1,5,0.0
reactive_power_discr,1,1,6,0.0
reactive_power_discr,1,1,7,0.0
reactive_power_discr,1,1,8,0.0
reactive_power_discr,1,1,9,0.0
reactive_power_discr,1,1,10,0.0
reactive_power_discr,1,1,11,0.0
reactive_power_discr,1,1,12,0.0
reactive_power_discr,1,1,13,0.0
reactive_power_discr,1,1,14,0.0
reactive_power_discr,1,1,15,0.0
reactive_power_discr,1,2,1,0.0
reactive_power_discr,1,2,2,0.0
reactive_power_discr,1,2,3,1.321678926504967e-06
reactive_power_discr,1,2,4,5.71158258182802e-07
reactive_power_discr,1,2,5,2.5858750614751867e-07
reactive_power_discr,1,2,6,1.194443874201061e-07
reactive_power_discr,1,2,7,2.2321378468968338e-07
reactive_power_discr,1,2,8,1.9395802600891053e-07
reactive_power_discr,1,2,9,0.0
reactive_power_discr,1,2,10,0.0
reactive_power_discr,1,2,11,0.0
reactive_power_discr,1,2,12,0.0
reactive_power_discr,1,2,13,0.0
reactive_power_discr,1,2,14,0.0
reactive_power_discr,1,2,15,0.0
reactive_power_discr,1,3,1,0.0
reactive_power_discr,1,3,2,0.0
reactive_power_discr,1,3,3,0.0
reactive_power_discr,1,3,4,0.0
reactive_power_discr,1,3,5,0.0
reactive_power_discr,1,3,6,0.0
reactive_power_discr,1,3,7,0.0
reactive_power_discr,1,3,8,0.0
reactive_power_discr,1,3,9,0.0
reactive_power_discr,1,3,10,0.0
reactive_power_discr,1,3,11,0.0
reactive_power_discr,1,3,12,0.0
reactive_power_discr,1,3,13,0.0
reactive_power_discr,1,3,14,0.0
reactive_power_discr,1,3,15,0.0
reactive_power_discr,1,4,1,0.0
reactive_power_discr,1,4,2,0.0
reactive_power_discr,1,4,3,0.0
reactive_power_discr,1,4,4,0.0
reactive_power_discr,1,4,5,0.0
reactive_power_discr,1,4,6,0.0
reactive_power_discr,1,4,7,0.0
reactive_power_discr,1,4,8,0.0
reactive_power_discr,1,4,9,0.0
reactive_power_discr,1,4,10,0.0
reactive_power_discr,1,4,11,0.0
reactive_power_discr,1,4,12,0.0
reactive_power_discr,1,4,13,0.0
reactive_power_discr,1,4,14,0.0
reactive_power_discr,1,4,15,0.0
reactive_power_discr,1,5,1,0.0
reactive_power_discr,1,5,2,0.0
reactive_power_discr,1,5,3,0.0
reactive_power_discr,1,5,4,0.0
reactive_power_discr,1,5,5,0.0
reactive_power_discr,1,5,6,0.0
reactive_power_discr,1,5,7,0.0
reactive_power_discr,1,5,8,0.0
reactive_power_discr,1,5,9,0.0
reactive_power_discr,1,5,10,0.0
reactive_power_discr,1,5,11,0.0
reactive_power_discr,1,5,12,0.0
reactive_power_discr,1,5,13,0.0
reactive_power_discr,1,5,14,0.0
reactive_power_discr,1,5,15,0.0
reactive_power_discr,1,6,1,0.0
reactive_power_discr,1,6,2,0.0
reactive_power_discr,1,6,3,0.0
reactive_power_discr,1,6,4,0.0
reactive_power_discr,1,6,5,0.0
reactive_power_discr,1,6,6,0.0
reactive_power_discr,1,6,7,0.0
reactive_power_discr,1,6,8,0.0
reactive_power_discr,1,6,9,0.0
reactive_power_discr,1,6,10,0.0
reactive_power_discr,1,6,11,0.0
reactive_power_discr,1,6,12,0.0
reactive_power_discr,1,6,13,0.0
reactive_power_discr,1,6,14,0.0
reactive_power_discr,1,6,15,0.0
reactive_power_discr,1,7,1,0.11286492627602136
reactive_power_discr,1,7,2,0.24024984210893874
reactive_power_discr,1,7,3,0.51140764928345
reactive_power_discr,1,7,4,1.08860751561715
reactive_power_discr,1,7,5,2.3172635855536745
reactive_power_discr,1,7,6,4.932641423009912
reactive_power_discr,1,7,7,10.499863528550547
reactive_power_discr,1,7,8,22.35052675913198
reactive_power_discr,1,7,9,3.052873523460873
reactive_power_discr,1,7,10,0.0
reactive_power_discr,1,7,11,0.0
reactive_power_discr,1,7,12,0.0
reactive_power_discr,1,7,13,0.0
reactive_power_discr,1,7,14,0.0
reactive_power_discr,1,7,15,0.0
reactive_power_discr,1,8,1,0.11286492627602136
reactive_power_discr,1,8,2,0.24024984210893874
reactive_power_discr,1,8,3,0.51140764928345
reactive_power_discr,1,8,4,1.08860751561715
reactive_power_discr,1,8,5,2.3172635855536745
reactive_power_discr,1,8,6,4.932641423009912
reactive_power_discr,1,8,7,10.499863528550547
reactive_power_discr,1,8,8,10.298884934146798
reactive_power_discr,1,8,9,0.0
reactive_power_discr,1,8,10,0.0
reactive_power_discr,1,8,11,0.0
reactive_power_discr,1,8,12,0.0
reactive_power_discr,1,8,13,0.0
reactive_power_discr,1,8,14,0.0
reactive_power_discr,1,8,15,0.0
reactive_power_discr,1,9,1,0.0
reactive_power_discr,1,9,2,0.0
reactive_power_discr,1,9,3,0.0
reactive_power_discr,1,9,4,0.0
reactive_power_discr,1,9,5,0.0
reactive_power_discr,1,9,6,0.0
reactive_power_discr,1,9,7,1.6702370955994778e-07
reactive_power_discr,1,9,8,-1.6702370955994778e-07
reactive_power_discr,1,9,9,0.0
reactive_power_discr,1,9,10,0.0
reactive_power_discr,1,9,11,0.0
reactive_power_discr,1,9,12,0.0
reactive_power_discr,1,9,13,0.0
reactive_power_discr,1,9,14,0.0
reactive_power_discr,1,9,15,0.0
reactive_power_discr,1,10,1,4.2776586013970265e-05
reactive_power_discr,1,10,2,1.0360915469330018e-05
reactive_power_discr,1,10,3,3.965036779514901e-06
reactive_power_discr,1,10,4,-4.044312977035666e-05
reactive_power_discr,1,10,5,0.0
reactive_power_discr,1,10,6,0.0
reactive_power_discr,1,10,7,0.0
reactive_power_discr,1,10,8,0.0
reactive_power_discr,1,10,9,0.0
reactive_power_discr,1,10,10,0.0
reactive_power_discr,1,10,11,0.0
reactive_power_discr,1,10,12,0.0
reactive_power_discr,1,10,13,0.0
reactive_power_discr,1,10,14,0.0
reactive_power_discr,1,10,15,0.0
reactive_power_discr,1,11,1,0.0
reactive_power_discr,1,11,2,0.0
reactive_power_discr,1,11,3,0.0
reactive_power_discr,1,11,4,0.0
reactive_power_discr,1,11,5,0.0
reactive_power_discr,1,11,6,0.0
reactive_power_discr,1,11,7,0.0
reactive_power_discr,1,11,8,0.0
reactive_power_discr,1,11,9,0.0
reactive_power_discr,1,11,10,0.0
reactive_power_discr,1,11,11,0.0
reactive_power_discr,1,11,12,0.0
reactive_power_discr,1,11,13,0.0
reactive_power_discr,1,11,14,0.0
reactive_power_discr,1,11,15,0.0
reactive_power_discr,1,12,1,0.0
reactive_power_discr,1,12,2,0.0
reactive_power_discr,1,12,3,0.0
reactive_power_discr,1,12,4,0.0
reactive_power_discr,1,12,5,0.0
reactive_power_discr,1,12,6,0.0
reactive_power_discr,1,12,7,0.0
reactive_power_discr,1,12,8,0.0
reactive_power_discr,1,12,9,0.0
reactive_power_discr,1,12,10,0.0
reactive_power_discr,1,12,11,0.0
reactive_power_discr,1,12,12,0.0
reactive_power_discr,1,12,13,0.0
reactive_power_discr,1,12,14,0.0
reactive_power_discr,1,12,15,0.0
reactive_power_discr,1,13,1,0.0
reactive_power_discr,1,13,2,0.0
reactive_power_discr,1,13,3,0.0
reactive_power_discr,1,13,4,0.0
reactive_power_discr,1,13,5,0.0
reactive_power_discr,1,13,6,0.0
reactive_power_discr,1,13,7,0.0
reactive_power_discr,1,13,8,0.0
reactive_power_discr,1,13,9,0.0
reactive_power_discr,1,13,10,0.0
reactive_power_discr,1,13,11,0.0
reactive_power_discr,1,13,12,0.0
reactive_power_discr,1,13,13,0.0
reactive_power_discr,1,13,14,0.0
reactive_power_discr,1,13,15,0.0
reactive_power_discr,1,14,1,0.0
reactive_power_discr,1,14,2,0.0
reactive_power_discr,1,14,3,0.0
reactive_power_discr,1,14,4,0.0
reactive_power_discr,1,14,5,0.0
reactive_power_discr,1,14,6,0.0
reactive_power_discr,1,14,7,0.0
reactive_power_discr,1,14,8,0.0
reactive_power_discr,1,14,9,0.0
reactive_power_discr,1,14,10,0.0
reactive_power_discr,1,14,11,0.0
reactive_power_discr,1,14,12,0.0
reactive_power_discr,1,14,13,0.0
reactive_power_discr,1,14,14,0.0
reactive_power_discr,1,14,15,0.0
reactive_power_discr,1,15,1,0.0
reactive_power_discr,1,15,2,0.0
reactive_power_discr,1,15,3,0.0
reactive_power_discr,1,15,4,0.0
reactive_power_discr,1,15,5,1.0343500245900747e-06
reactive_power_discr,1,15,6,4.777775496804244e-07
reactive_power_discr,1,15,7,2.226982794132637e-07
reactive_power_discr,1,15,8,1.0704965742504719e-07
reactive_power_discr,1,15,9,2.8127701797414127e-07
reactive_power_discr,1,15,10,0.0
reactive_power_discr,1,15,11,0.0
reactive_power_discr,1,15,12,0.0
reactive_power_discr,1,15,13,0.0
reactive_power_discr,1,15,14,0.0
reactive_power_discr,1,15,15,0.0
reactive_power_discr,1,16,1,0.0
reactive_power_discr,1,16,2,0.0
reactive_power_discr,1,16,3,0.0
reactive_power_discr,1,16,4,0.0
reactive_power_discr,1,16,5,0.0
reactive_power_discr,1,16,6,0.0
reactive_power_discr,1,16,7,1.6702370955994778e-07
reactive_power_discr,1,16,8,-1.631140649120962e-07
reactive_power_discr,1,16,9,0.0
reactive_power_discr,1,16,10,0.0
reactive_power_discr,1,16,11,0.0
reactive_power_discr,1,16,12,0.0
reactive_power_discr,1,16,13,0.0
reactive_power_discr,1,16,14,0.0
reactive_power_discr,1,16,15,0.0
reactive_power_discr,1,17,1,0.11286492627602136
reactive_power_discr,1,17,2,0.24024984210893874
reactive_power_discr,1,17,3,0.51140764928345
reactive_power_discr,1,17,4,1.08860751561715
reactive_power_discr,1,17,5,2.3172635855536745
reactive_power_discr,1,17,6,1.7296435869540017
reactive_power_discr,1,17,7,0.0
reactive_power_discr,1,17,8,0.0
reactive_power_discr,1,17,9,0.0
reactive_power_discr,1,17,10,0.0
reactive_power_discr,1,17,11,0.0
reactive_power_discr,1,17,12,0.0
reactive_power_discr,1,17,13,0.0
reactive_power_discr,1,17,14,0.0
reactive_power_discr,1,17,15,0.0
reactive_power_discr,1,18,1,5.7035448018627024e-05
reactive_power_discr,1,18,2,1.381455395910669e-05
reactive_power_discr,1,18,3,5.286715706019868e-06
reactive_power_discr,1,18,4,2.284633032731208e-06
reactive_power_discr,1,18,5,1.0343500245900747e-06
reactive_power_discr,1,18,6,-7.209880496238473e-05
reactive_power_discr,1,18,7,0.0
reactive_power_discr,1,18,8,-7.356895778509729e-06
reactive_power_discr,1,18,9,0.0
reactive_power_discr,1,18,10,0.0
reactive_power_discr,1,18,11,0.0
reactive_power_discr,1,18,12,0.0
reactive_power_discr,1,18,13,0.0
reactive_power_discr,1,18,14,0.0
reactive_power_discr,1,18,15,0.0
reactive_power_discr,1,19,1,0.11286492627602136
reactive_power_discr,1,19,2,0.24024984210893874
reactive_power_discr,1,19,3,0.51140764928345
reactive_power_discr,1,19,4,1.08860751561715
reactive_power_discr,1,19,5,2.3172635829291575
reactive_power_discr,1,19,6,4.932641423009912
reactive_power_discr,1,19,7,10.499863528550547
reactive_power_discr,1,19,8,2.2976980336756623
reactive_power_discr,1,19,9,0.0
reactive_power_discr,1,19,10,0.0
reactive_power_discr,1,19,11,0.0
reactive_power_discr,1,19,12,0.0
reactive_power_discr,1,19,13,0.0
reactive_power_discr,1,19,14,0.0
reactive_power_discr,1,19,15,0.0
reactive_power_discr,1,20,1,0.0671788555232249
reactive_power_discr,1,20,2,0.11230884181732809
reactive_power_discr,1,20,3,0.18775663640159806
reactive_power_discr,1,20,4,0.3138893959050943
reactive_power_discr,1,20,5,0.5247566996829012
reactive_power_discr,1,20,6,0.8772822448113191
reactive_power_discr,1,20,7,1.466630416584021
reactive_power_discr,1,20,8,2.45189594520067
reactive_power_discr,1,20,9,4.092443280710922
reactive_power_discr,1,20,10,0.0
reactive_power_discr,1,20,11,0.0
reactive_power_discr,1,20,12,0.0
reactive_power_discr,1,20,13,0.0
reactive_power_discr,1,20,14,0.0
reactive_power_discr,1,20,15,0.0
reactive_power_discr,1,21,1,-4.8792458753611e-05
reactive_power_discr,1,21,2,2.609749055378495e-05
reactive_power_discr,1,21,3,1.1774283684365583e-05
reactive_power_discr,1,21,4,6.140321185742056e-06
reactive_power_discr,1,21,5,3.4113914242548204e-06
reactive_power_discr,1,21,6,1.9572072139639018e-06
reactive_power_discr,1,21,7,4.938069403835224e-05
reactive_power_discr,1,21,8,1.7202171441094862e-06
reactive_power_discr,1,21,9,3.997763180482199e-07
reactive_power_discr,1,21,10,0.0
reactive_power_discr,1,21,11,0.0
reactive_power_discr,1,21,12,0.0
reactive_power_discr,1,21,13,0.0
reactive_power_discr,1,21,14,0.0
reactive_power_discr,1,21,15,0.0
reactive_power_discr,1,22,1,0.00017809955671611483
reactive_power_discr,1,22,2,0.0
reactive_power_discr,1,22,3,-0.00017809938777609558
reactive_power_discr,1,22,4,0.0
reactive_power_discr,1,22,5,0.0
reactive_power_discr,1,22,6,1.9574156784977238e-06
reactive_power_discr,1,22,7,1.1431608026720847e-06
reactive_power_discr,1,22,8,-3.100875582181215e-06
reactive_power_discr,1,22,9,0.0
reactive_power_discr,1,22,10,0.0
reactive_power_discr,1,22,11,0.0
reactive_power_discr,1,22,12,0.0
reactive_power_discr,1,22,13,0.0
reactive_power_discr,1,22,14,0.0
reactive_power_discr,1,22,15,0.0
reactive_power_discr,1,23,1,9.582441298204045e-05
reactive_power_discr,1,23,2,2.6097475805215416e-05
reactive_power_discr,1,23,3,1.1774277030321922e-05
reactive_power_discr,1,23,4,6.140317715640063e-06
reactive_power_discr,1,23,5,3.4113894963628063e-06
reactive_power_discr,1,23,6,1.957206107880287e-06
reactive_power_discr,1,23,7,1.1428017204456018e-06
reactive_power_discr,1,23,8,6.739646089127769e-07
reactive_power_discr,1,23,9,-0.00014702184546681933
reactive_power_discr,1,23,10,0.0
reactive_power_discr,1,23,11,0.0
reactive_power_discr,1,23,12,0.0
reactive_power_discr,1,23,13,0.0
reactive_power_discr,1,23,14,0.0
reactive_power_discr,1,23,15,0.0
reactive_power_discr,1,24,1,9.582420313672873e-05
reactive_power_discr,1,24,2,2.609741865450846e-05
reactive_power_discr,1,24,3,0.0
reactive_power_discr,1,24,4,6.14030426899484e-06
reactive_power_discr,1,24,5,0.0
reactive_power_discr,1,24,6,0.0001679078244162155
reactive_power_discr,1,24,7,0.0
reactive_power_discr,1,24,8,0.0
reactive_power_discr,1,24,9,0.0
reactive_power_discr,1,24,10,0.0
reactive_power_discr,1,24,11,0.0
reactive_power_discr,1,24,12,0.0
reactive_power_discr,1,24,13,0.0
reactive_power_discr,1,24,14,0.0
reactive_power_discr,1,24,15,0.0
reactive_power_discr,1,25,1,9.582425052115396e-05
reactive_power_discr,1,25,2,5.216030058954856e-05
reactive_power_discr,1,25,3,0.0
reactive_power_discr,1,25,4,-0.00014739631582783347
reactive_power_discr,1,25,5,3.411383712686763e-06
reactive_power_discr,1,25,6,-3.411383701438165e-06
reactive_power_discr,1,25,7,0.0
reactive_power_discr,1,25,8,0.0
reactive_power_discr,1,25,9,0.0
reactive_power_discr,1,25,10,0.0
reactive_power_discr,1,25,11,0.0
reactive_power_discr,1,25,12,0.0
reactive_power_discr,1,25,13,0.0
reactive_power_discr,1,25,14,0.0
reactive_power_discr,1,25,15,0.0
reactive_power_discr,1,26,1,9.582996791264788e-05
reactive_power_discr,1,26,2,2.6107342777290475e-05
reactive_power_discr,1,26,3,1.1790910370337372e-05
reactive_power_discr,1,26,4,-0.00013335999971973597
reactive_power_discr,1,26,5,3.458005276487645e-06
reactive_power_discr,1,26,6,2.035154045533039e-06
reactive_power_discr,1,26,7,1.303266293621608e-07
reactive_power_discr,1,26,8,-5.684012332989134e-06
reactive_power_discr,1,26,9,0.0
reactive_power_discr,1,26,10,0.0
reactive_power_discr,1,26,11,0.0
reactive_power_discr,1,26,12,0.0
reactive_power_discr,1,26,13,0.0
reactive_power_discr,1,26,14,0.0
reactive_power_discr,1,26,15,0.0
reactive_power_discr,1,27,1,9.582399329141703e-05
reactive_power_discr,1,27,2,-9.52357579960864e-05
reactive_power_discr,1,27,3,0.0
reactive_power_discr,1,27,4,6.140290822349618e-06
reactive_power_discr,1,27,5,3.4113745551996937e-06
reactive_power_discr,1,27,6,-9.551665378762305e-06
reactive_power_discr,1,27,7,0.0
reactive_power_discr,1,27,8,0.0
reactive_power_discr,1,27,9,0.0
reactive_power_discr,1,27,10,0.0
reactive_power_discr,1,27,11,0.0
reactive_power_discr,1,27,12,0.0
reactive_power_discr,1,27,13,0.0
reactive_power_discr,1,27,14,0.0
reactive_power_discr,1,27,15,0.0
reactive_power_discr,1,28,1,9.583008831834032e-05
reactive_power_discr,1,28,2,2.610771507030443e-05
reactive_power_discr,1,28,3,-0.00012190206268953005
reactive_power_discr,1,28,4,6.16930944465936e-06
reactive_power_discr,1,28,5,3.4598959364310836e-06
reactive_power_discr,1,28,6,-2.579619542883899e-06
reactive_power_discr,1,28,7,0.0
reactive_power_discr,1,28,8,0.0
reactive_power_discr,1,28,9,0.0
reactive_power_discr,1,28,10,0.0
reactive_power_discr,1,28,11,0.0
reactive_power_discr,1,28,12,0.0
reactive_power_discr,1,28,13,0.0
reactive_power_discr,1,28,14,0.0
reactive_power_discr,1,28,15,0.0
reactive_power_discr,1,29,1,9.58244518809004e-05
reactive_power_discr,1,29,2,-9.58244926966372e-05
reactive_power_discr,1,29,3,1.1774240990938728e-05
reactive_power_discr,1,29,4,6.140249808279781e-06
reactive_power_discr,1,29,5,3.4112720946716963e-06
reactive_power_discr,1,29,6,-2.132619579434027e-05
reactive_power_discr,1,29,7,0.0
reactive_power_discr,1,29,8,0.0
reactive_power_discr,1,29,9,-3.997763180482231e-07
reactive_power_discr,1,29,10,0.0
reactive_power_discr,1,29,11,0.0
reactive_power_discr,1,29,12,0.0
reactive_power_discr,1,29,13,0.0
reactive_power_discr,1,29,14,0.0
reactive_power_discr,1,29,15,0.0
reactive_power_discr,1,30,1,9.581893852520153e-05
reactive_power_discr,1,30,2,2.6088881925654723e-05
reactive_power_discr,1,30,3,-0.00012134733145905862
reactive_power_discr,1,30,4,0.00012189766603722409
reactive_power_discr,1,30,5,3.3717285057505875e-06
reactive_power_discr,1,30,6,-0.00013184096984810315
reactive_power_discr,1,30,7,0.0
reactive_power_discr,1,30,8,0.0
reactive_power_discr,1,30,9,0.0
reactive_power_discr,1,30,10,0.0
reactive_power_discr,1,30,11,0.0
reactive_power_discr,1,30,12,0.0
reactive_power_discr,1,30,13,0.0
reactive_power_discr,1,30,14,0.0
reactive_power_discr,1,30,15,0.0
reactive_power_discr,1,31,1,0.0
reactive_power_discr,1,31,2,0.0
reactive_power_discr,1,31,3,0.0
reactive_power_discr,1,31,4,0.0
reactive_power_discr,1,31,5,0.0
reactive_power_discr,1,31,6,0.0
reactive_power_discr,1,31,7,0.0
reactive_power_discr,1,31,8,0.0
reactive_power_discr,1,31,9,0.0
reactive_power_discr,1,31,10,0.0
reactive_power_discr,1,31,11,0.0
reactive_power_discr,1,31,12,0.0
reactive_power_discr,1,31,13,0.0
reactive_power_discr,1,31,14,0.0
reactive_power_discr,1,31,15,0.0
reactive_power_discr,1,32,1,9.582427759796837e-05
reactive_power_discr,1,32,2,2.6097438933791573e-05
reactive_power_discr,1,32,3,-0.0001330817883482225
reactive_power_discr,1,32,4,6.140309040385081e-06
reactive_power_discr,1,32,5,3.41138467663277e-06
reactive_power_discr,1,32,6,0.0
reactive_power_discr,1,32,7,1.1428001058554814e-06
reactive_power_discr,1,32,8,6.739636567120761e-07
reactive_power_discr,1,32,9,0.0
reactive_power_discr,1,32,10,2.3794285917462775e-07
reactive_power_discr,1,32,11,1.419067718201782e-07
reactive_power_discr,1,32,12,0.0
reactive_power_discr,1,32,13,0.0
reactive_power_discr,1,32,14,0.0
reactive_power_discr,1,32,15,0.0
reactive_power_discr,1,33,1,9.582463635682857e-05
reactive_power_discr,1,33,2,2.6098267099218492e-05
reactive_power_discr,1,33,3,1.1775699167540295e-05
reactive_power_discr,1,33,4,6.142737430883745e-06
reactive_power_discr,1,33,5,3.415456105483666e-06
reactive_power_discr,1,33,6,-0.0001432406103723486
reactive_power_discr,1,33,7,1.1541935409552575e-06
reactive_power_discr,1,33,8,0.0
reactive_power_discr,1,33,9,4.18375165178043e-05
reactive_power_discr,1,33,10,0.0
reactive_power_discr,1,33,11,0.0
reactive_power_discr,1,33,12,0.0
reactive_power_discr,1,33,13,0.0
reactive_power_discr,1,33,14,0.0
reactive_power_discr,1,33,15,0.0
reactive_power_discr,1,34,1,0.0671788555232249
reactive_power_discr,1,34,2,0.11230884181732809
reactive_power_discr,1,34,3,0.18775663640159806
reactive_power_discr,1,34,4,0.3138893959050943
reactive_power_discr,1,34,5,0.5247566996829013
reactive_power_discr,1,34,6,0.8772822448113191
reactive_power_discr,1,34,7,1.466630416584021
reactive_power_discr,1,34,8,2.4518959452006666
reactive_power_discr,1,34,9,1.043475770317183
reactive_power_discr,1,34,10,0.0
reactive_power_discr,1,34,11,0.0
reactive_power_discr,1,34,12,0.0
reactive_power_discr,1,34,13,0.0
reactive_power_discr,1,34,14,0.0
reactive_power_discr,1,34,15,0.0
reactive_power_discr,1,35,1,9.582929174894588e-05
reactive_power_discr,1,35,2,2.610590745050676e-05
reactive_power_discr,1,35,3,1.1788438373723736e-05
reactive_power_discr,1,35,4,6.1640202999156145e-06
reactive_power_discr,1,35,5,-0.00013920831428586164
reactive_power_discr,1,35,6,2.0234831370863206e-06
reactive_power_discr,1,35,7,1.2536072717726264e-06
reactive_power_discr,1,35,8,4.503554382337645e-06
reactive_power_discr,1,35,9,0.0
reactive_power_discr,1,35,10,0.0
reactive_power_discr,1,35,11,0.0
reactive_power_discr,1,35,12,0.0
reactive_power_discr,1,35,13,0.0
reactive_power_discr,1,35,14,0.0
reactive_power_discr,1,35,15,0.0
reactive_power_discr,1,36,1,0.0671788555232249
reactive_power_discr,1,36,2,0.11230884181732809
reactive_power_discr,1,36,3,0.1877566364015981
reactive_power_discr,1,36,4,0.31388939590509424
reactive_power_discr,1,36,5,0.5247566996829011
reactive_power_discr,1,36,6,0.798085736063431
reactive_power_discr,1,36,7,0.0
reactive_power_discr,1,36,8,0.0
reactive_power_discr,1,36,9,0.0
reactive_power_discr,1,36,10,0.0
reactive_power_discr,1,36,11,0.0
reactive_power_discr,1,36,12,0.0
reactive_power_discr,1,36,13,0.0
reactive_power_discr,1,36,14,0.0
reactive_power_discr,1,36,15,0.0
reactive_power_discr,1,37,1,0.0671788555232249
reactive_power_discr,1,37,2,0.11230884181732809
reactive_power_discr,1,37,3,0.18775663640159806
reactive_power_discr,1,37,4,0.3138893959050943
reactive_power_discr,1,37,5,0.5247566996829012
reactive_power_discr,1,37,6,0.8772822448113191
reactive_power_discr,1,37,7,1.466630416584021
reactive_power_discr,1,37,8,2.4518959452006714
reactive_power_discr,1,37,9,2.045191258255696
reactive_power_discr,1,37,10,0.0
reactive_power_discr,1,37,11,0.0
reactive_power_discr,1,37,12,0.0
reactive_power_discr,1,37,13,0.0
reactive_power_discr,1,37,14,0.0
reactive_power_discr,1,37,15,0.0
reactive_power_discr,1,38,1,0.11286492627602136
reactive_power_discr,1,38,2,0.24024984210893874
reactive_power_discr,1,38,3,0.51140764928345
reactive_power_discr,1,38,4,1.08860751561715
reactive_power_discr,1,38,5,2.3172635855536745
reactive_power_discr,1,38,6,4.932641423009912
reactive_power_discr,1,38,7,10.499863528550547
reactive_power_discr,1,38,8,0.2972002178129447
reactive_power_discr,1,38,9,0.0
reactive_power_discr,1,38,10,0.0
reactive_power_discr,1,38,11,0.0
reactive_power_discr,1,38,12,0.0
reactive_power_discr,1,38,13,0.0
reactive_power_discr,1,38,14,0.0
reactive_power_discr,1,38,15,0.0
reactive_power_discr,1,39,1,0.0
reactive_power_discr,1,39,2,0.0
reactive_power_discr,1,39,3,0.0
reactive_power_discr,1,39,4,0.0
reactive_power_discr,1,39,5,1.0343500245900747e-06
reactive_power_discr,1,39,6,0.0
reactive_power_discr,1,39,7,-4.4611473047242757e-07
reactive_power_discr,1,39,8,0.0
reactive_power_discr,1,39,9,0.0
reactive_power_discr,1,39,10,0.0
reactive_power_discr,1,39,11,0.0
reactive_power_discr,1,39,12,0.0
reactive_power_discr,1,39,13,0.0
reactive_power_discr,1,39,14,0.0
reactive_power_discr,1,39,15,0.0
reactive_power_discr,1,40,1,0.11286492627602136
reactive_power_discr,1,40,2,0.24024984210893874
reactive_power_discr,1,40,3,0.51140764928345
reactive_power_discr,1,40,4,1.08860751561715
reactive_power_discr,1,40,5,2.3172635855536745
reactive_power_discr,1,40,6,4.932641423009912
reactive_power_discr,1,40,7,1.7969650320922614
reactive_power_discr,1,40,8,0.0
reactive_power_discr,1,40,9,0.0
reactive_power_discr,1,40,10,0.0
reactive_power_discr,1,40,11,0.0
reactive_power_discr,1,40,12,0.0
reactive_power_discr,1,40,13,0.0
reactive_power_discr,1,40,14,0.0
reactive_power_discr,1,40,15,0.0
reactive_power_discr,1,41,1,5.7035448018627024e-05
reactive_power_discr,1,41,2,1.381455395910669e-05
reactive_power_discr,1,41,3,5.286715706019868e-06
reactive_power_discr,1,41,4,2.284633032731208e-06
reactive_power_discr,1,41,5,-7.863782837650444e-05
reactive_power_discr,1,41,6,4.777775496804244e-07
reactive_power_discr,1,41,7,2.226982794132637e-07
reactive_power_discr,1,41,8,1.0423712504359031e-07
reactive_power_discr,1,41,9,0.0
reactive_power_discr,1,41,10,0.0
reactive_power_discr,1,41,11,0.0
reactive_power_discr,1,41,12,0.0
reactive_power_discr,1,41,13,0.0
reactive_power_discr,1,41,14,0.0
reactive_power_discr,1,41,15,0.0
reactive_power_discr,1,42,1,0.0
reactive_power_discr,1,42,2,0.0
reactive_power_discr,1,42,3,0.0
reactive_power_discr,1,42,4,0.0
reactive_power_discr,1,42,5,0.0
reactive_power_discr,1,42,6,0.0
reactive_power_discr,1,42,7,0.0
reactive_power_discr,1,42,8,0.0
reactive_power_discr,1,42,9,0.0
reactive_power_discr,1,42,10,0.0
reactive_power_discr,1,42,11,0.0
reactive_power_discr,1,42,12,0.0
reactive_power_discr,1,42,13,0.0
reactive_power_discr,1,42,14,0.0
reactive_power_discr,1,42,15,0.0
reactive_power_discr,1,43,1,0.11286492627602136
reactive_power_discr,1,43,2,0.24024984210893874
reactive_power_discr,1,43,3,0.51140764928345
reactive_power_discr,1,43,4,1.08860751561715
reactive_power_discr,1,43,5,2.3172635855536745
reactive_power_discr,1,43,6,4.932641423009912
reactive_power_discr,1,43,7,0.7970557038376691
reactive_power_discr,1,43,8,0.0
reactive_power_discr,1,43,9,0.0
reactive_power_discr,1,43,10,0.0
reactive_power_discr,1,43,11,0.0
reactive_power_discr,1,43,12,0.0
reactive_power_discr,1,43,13,0.0
reactive_power_discr,1,43,14,0.0
reactive_power_discr,1,43,15,0.0
reactive_power_discr,1,44,1,0.0671788555232249
reactive_power_discr,1,44,2,0.11230884181732809
reactive_power_discr,1,44,3,0.18775663640159806
reactive_power_discr,1,44,4,0.3138893959050943
reactive_power_discr,1,44,5,0.5247566996829013
reactive_power_discr,1,44,6,0.8772822448113191
reactive_power_discr,1,44,7,1.466630416584021
reactive_power_discr,1,44,8,1.4610272072177999
reactive_power_discr,1,44,9,0.0
reactive_power_discr,1,44,10,0.0
reactive_power_discr,1,44,11,0.0
reactive_power_discr,1,44,12,0.0
reactive_power_discr,1,44,13,0.0
reactive_power_discr,1,44,14,0.0
reactive_power_discr,1,44,15,0.0
reactive_power_discr,1,45,1,9.582408806026177e-05
reactive_power_discr,1,45,2,2.609738731379485e-05
reactive_power_discr,1,45,3,1.1774237106049188e-05
reactive_power_discr,1,45,4,0.0
reactive_power_discr,1,45,5,-0.00014414475469894388
reactive_power_discr,1,45,6,1.957199471380733e-06
reactive_power_discr,1,45,7,9.080078041574987e-06
reactive_power_discr,1,45,8,0.0
reactive_power_discr,1,45,9,0.0
reactive_power_discr,1,45,10,0.0
reactive_power_discr,1,45,11,0.0
reactive_power_discr,1,45,12,0.0
reactive_power_discr,1,45,13,0.0
reactive_power_discr,1,45,14,0.0
reactive_power_discr,1,45,15,0.0
reactive_power_discr,1,46,1,0.0671788555232249
reactive_power_discr,1,46,2,0.11230884181732807
reactive_power_discr,1,46,3,0.18775663640159806
reactive_power_discr,1,46,4,0.3138893959050943
reactive_power_discr,1,46,5,0.5247566996829012
reactive_power_discr,1,46,6,0.8772822448113191
reactive_power_discr,1,46,7,1.466630416584021
reactive_power_discr,1,46,8,0.45019685367349793
reactive_power_discr,1,46,9,0.0
reactive_power_discr,1,46,10,0.0
reactive_power_discr,1,46,11,0.0
reactive_power_discr,1,46,12,0.0
reactive_power_discr,1,46,13,0.0
reactive_power_discr,1,46,14,0.0
reactive_power_discr,1,46,15,0.0
reactive_power_discr,1,47,1,0.06717884954550367
reactive_power_discr,1,47,2,0.11230883181189254
reactive_power_discr,1,47,3,0.1877566196717868
reactive_power_discr,1,47,4,0.3138893679351805
reactive_power_discr,1,47,5,0.5247566996829012
reactive_power_discr,1,47,6,0.0
reactive_power_discr,1,47,7,1.466630416584021
reactive_power_discr,1,47,8,0.3274797311323209
reactive_power_discr,1,47,9,0.0
reactive_power_discr,1,47,10,0.0
reactive_power_discr,1,47,11,0.0
reactive_power_discr,1,47,12,0.0
reactive_power_discr,1,47,13,0.0
reactive_power_discr,1,47,14,0.0
reactive_power_discr,1,47,15,0.0
reactive_power_discr,1,48,1,0.0
reactive_power_discr,1,48,2,0.0
reactive_power_discr,1,48,3,0.0
reactive_power_discr,1,48,4,0.0
reactive_power_discr,1,48,5,0.0
reactive_power_discr,1,48,6,0.0
reactive_power_discr,1,48,7,0.0
reactive_power_discr,1,48,8,0.0
reactive_power_discr,1,48,9,0.0
reactive_power_discr,1,48,10,0.0
reactive_power_discr,1,48,11,0.0
reactive_power_discr,1,48,12,0.0
reactive_power_discr,1,48,13,0.0
reactive_power_discr,1,48,14,0.0
reactive_power_discr,1,48,15,0.0
reactive_power_discr,1,49,1,0.0
reactive_power_discr,1,49,2,0.0
reactive_power_discr,1,49,3,0.0
reactive_power_discr,1,49,4,0.0
reactive_power_discr,1,49,5,0.0
reactive_power_discr,1,49,6,0.0
reactive_power_discr,1,49,7,0.0
reactive_power_discr,1,49,8,0.0
reactive_power_discr,1,49,9,0.0
reactive_power_discr,1,49,10,0.0
reactive_power_discr,1,49,11,0.0
reactive_power_discr,1,49,12,0.0
reactive_power_discr,1,49,13,0.0
reactive_power_discr,1,49,14,0.0
reactive_power_discr,1,49,15,0.0
reactive_power_discr,1,50,1,9.581725519908977e-05
reactive_power_discr,1,50,2,-0.00010385866463197334
reactive_power_discr,1,50,3,0.0
reactive_power_discr,1,50,4,-8.624296317813337e-06
reactive_power_discr,1,50,5,0.0
reactive_power_discr,1,50,6,1.8692567106423946e-06
reactive_power_discr,1,50,7,0.0
reactive_power_discr,1,50,8,0.0
reactive_power_discr,1,50,9,0.0
reactive_power_discr,1,50,10,0.0
reactive_power_discr,1,50,11,0.0
reactive_power_discr,1,50,12,0.0
reactive_power_discr,1,50,13,0.0
reactive_power_discr,1,50,14,0.0
reactive_power_discr,1,50,15,0.0
reactive_power_discr,1,51,1,9.582399329141622e-05
reactive_power_discr,1,51,2,2.609736150380182e-05
reactive_power_discr,1,51,3,1.1774225461474996e-05
reactive_power_discr,1,51,4,-0.00013310734497378623
reactive_power_discr,1,51,5,3.411374555173374e-06
reactive_power_discr,1,51,6,1.9571975357068894e-06
reactive_power_discr,1,51,7,1.1427967152588536e-06
reactive_power_discr,1,51,8,1.6313396494734632e-05
reactive_power_discr,1,51,9,0.0
reactive_power_discr,1,51,10,0.0
reactive_power_discr,1,51,11,0.0
reactive_power_discr,1,51,12,0.0
reactive_power_discr,1,51,13,0.0
reactive_power_discr,1,51,14,0.0
reactive_power_discr,1,51,15,0.0
reactive_power_discr,1,52,1,0.0671788555232249
reactive_power_discr,1,52,2,0.11230884181732809
reactive_power_discr,1,52,3,0.1877566364015981
reactive_power_discr,1,52,4,0.3138893959050943
reactive_power_discr,1,52,5,0.5247566996829012
reactive_power_discr,1,52,6,0.877282244811319
reactive_power_discr,1,52,7,1.466630416584021
reactive_power_discr,1,52,8,1.4847946755737915
reactive_power_discr,1,52,9,0.0
reactive_power_discr,1,52,10,0.0
reactive_power_discr,1,52,11,0.0
reactive_power_discr,1,52,12,0.0
reactive_power_discr,1,52,13,0.0
reactive_power_discr,1,52,14,0.0
reactive_power_discr,1,52,15,0.0
reactive_power_discr,1,53,1,0.0671788555232249
reactive_power_discr,1,53,2,0.11230884181732809
reactive_power_discr,1,53,3,0.18775663640159806
reactive_power_discr,1,53,4,0.3138893959050943
reactive_power_discr,1,53,5,0.3188571866011991
reactive_power_discr,1,53,6,0.0
reactive_power_discr,1,53,7,0.0
reactive_power_discr,1,53,8,0.0
reactive_power_discr,1,53,9,0.0
reactive_power_discr,1,53,10,0.0
reactive_power_discr,1,53,11,0.0
reactive_power_discr,1,53,12,0.0
reactive_power_discr,1,53,13,0.0
reactive_power_discr,1,53,14,0.0
reactive_power_discr,1,53,15,0.0
reactive_power_discr,1,54,1,9.582427296195902e-05
reactive_power_discr,1,54,2,2.6097507067191777e-05
reactive_power_discr,1,54,3,1.1774392325809284e-05
reactive_power_discr,1,54,4,-0.00010708550406782427
reactive_power_discr,1,54,5,0.0
reactive_power_discr,1,54,6,-2.6022432993018152e-05
reactive_power_discr,1,54,7,0.0
reactive_power_discr,1,54,8,0.0
reactive_power_discr,1,54,9,0.0
reactive_power_discr,1,54,10,0.0
reactive_power_discr,1,54,11,0.0
reactive_power_discr,1,54,12,0.0
reactive_power_discr,1,54,13,0.0
reactive_power_discr,1,54,14,0.0
reactive_power_discr,1,54,15,0.0
reactive_power_discr,1,55,1,9.582442823681459e-05
reactive_power_discr,1,55,2,2.609750133846009e-05
reactive_power_discr,1,55,3,1.1774319723762146e-05
reactive_power_discr,1,55,4,6.140389093081679e-06
reactive_power_discr,1,55,5,-0.00013924812887694226
reactive_power_discr,1,55,6,1.9571882722819962e-06
reactive_power_discr,1,55,7,1.1427913063393255e-06
reactive_power_discr,1,55,8,6.73958467218257e-07
reactive_power_discr,1,55,9,0.0
reactive_power_discr,1,55,10,0.0
reactive_power_discr,1,55,11,0.0
reactive_power_discr,1,55,12,0.0
reactive_power_discr,1,55,13,0.0
reactive_power_discr,1,55,14,0.0
reactive_power_discr,1,55,15,0.0
reactive_power_discr,1,56,1,9.58241963675277e-05
reactive_power_discr,1,56,2,2.6097416810935692e-05
reactive_power_discr,1,56,3,-0.00012133337788313277
reactive_power_discr,1,56,4,6.140303835222571e-06
reactive_power_discr,1,56,5,0.0
reactive_power_discr,1,56,6,-6.140303836435549e-06
reactive_power_discr,1,56,7,0.0
reactive_power_discr,1,56,8,0.0
reactive_power_discr,1,56,9,0.0
reactive_power_discr,1,56,10,0.0
reactive_power_discr,1,56,11,0.0
reactive_power_discr,1,56,12,0.0
reactive_power_discr,1,56,13,0.0
reactive_power_discr,1,56,14,0.0
reactive_power_discr,1,56,15,0.0
reactive_power_discr,1,57,1,0.0
reactive_power_discr,1,57,2,0.0
reactive_power_discr,1,57,3,1.1774062132027045e-05
reactive_power_discr,1,57,4,-1.1185826837909398e-05
reactive_power_discr,1,57,5,0.0
reactive_power_discr,1,57,6,0.0
reactive_power_discr,1,57,7,0.0
reactive_power_discr,1,57,8,0.0
reactive_power_discr,1,57,9,0.0
reactive_power_discr,1,57,10,0.0
reactive_power_discr,1,57,11,0.0
reactive_power_discr,1,57,12,0.0
reactive_power_discr,1,57,13,0.0
reactive_power_discr,1,57,14,0.0
reactive_power_discr,1,57,15,0.0
reactive_power_discr,1,58,1,0.0
reactive_power_discr,1,58,2,0.0
reactive_power_discr,1,58,3,0.0
reactive_power_discr,1,58,4,0.0
reactive_power_discr,1,58,5,0.0
reactive_power_discr,1,58,6,0.0
reactive_power_discr,1,58,7,0.0
reactive_power_discr,1,58,8,0.0
reactive_power_discr,1,58,9,0.0
reactive_power_discr,1,58,10,0.0
reactive_power_discr,1,58,11,0.0
reactive_power_discr,1,58,12,0.0
reactive_power_discr,1,58,13,0.0
reactive_power_discr,1,58,14,0.0
reactive_power_discr,1,58,15,0.0
reactive_power_discr,1,59,1,0.0
reactive_power_discr,1,59,2,0.0
reactive_power_discr,1,59,3,0.0
reactive_power_discr,1,59,4,0.0
reactive_power_discr,1,59,5,0.0
reactive_power_discr,1,59,6,0.0
reactive_power_discr,1,59,7,0.0
reactive_power_discr,1,59,8,0.0
reactive_power_discr,1,59,9,0.0
reactive_power_discr,1,59,10,0.0
reactive_power_discr,1,59,11,0.0
reactive_power_discr,1,59,12,0.0
reactive_power_discr,1,59,13,0.0
reactive_power_discr,1,59,14,0.0
reactive_power_discr,1,59,15,0.0
