Name,periods,lines,conductors,subs_hv,subs_mv,buses,SetUnion_OrderedSet,NPWB,Value
C_cond,,,,,,,,,456705.7302598417
C_subs,,,,,,,,,9547.309467260537
C_losses,1.0,,,,,,,,0.008440983624364538
C_inv,,,,,,,,,13871.999999999996
C_PV,,,,,,,,,56025.848142164774
C_electricity,1.0,,,,,,,,0.0
subs_hv_inst_cost,,,,,,,,,20000.0
subs_mv_inst_cost,,,,,,,,,200000.0
PV_inst_cost,,,,,,,,,12000.0
unserved_fictitious_power_cost,,,,,,,,,0.0
line_opt,,0.0,Poppy,,,,,,1.0
line_opt,,0.0,Oxlip,,,,,,0.0
line_opt,,0.0,Daisy,,,,,,0.0
line_opt,,0.0,Tulip,,,,,,0.0
line_opt,,1.0,Poppy,,,,,,0.0
line_opt,,1.0,Oxlip,,,,,,0.0
line_opt,,1.0,Daisy,,,,,,0.0
line_opt,,1.0,Tulip,,,,,,0.0
line_opt,,2.0,Poppy,,,,,,0.0
line_opt,,2.0,Oxlip,,,,,,0.0
line_opt,,2.0,Daisy,,,,,,0.0
line_opt,,2.0,Tulip,,,,,,0.0
line_opt,,3.0,Poppy,,,,,,0.0
line_opt,,3.0,Oxlip,,,,,,0.0
line_opt,,3.0,Daisy,,,,,,0.0
line_opt,,3.0,Tulip,,,,,,0.0
line_opt,,4.0,Poppy,,,,,,0.0
line_opt,,4.0,Oxlip,,,,,,0.0
line_opt,,4.0,Daisy,,,,,,0.0
line_opt,,4.0,Tulip,,,,,,0.0
line_opt,,5.0,Poppy,,,,,,0.0
line_opt,,5.0,Oxlip,,,,,,0.0
line_opt,,5.0,Daisy,,,,,,0.0
line_opt,,5.0,Tulip,,,,,,0.0
line_opt,,6.0,Poppy,,,,,,0.0
line_opt,,6.0,Oxlip,,,,,,0.0
line_opt,,6.0,Daisy,,,,,,0.0
line_opt,,6.0,Tulip,,,,,,0.0
line_opt,,7.0,Poppy,,,,,,1.0
line_opt,,7.0,Oxlip,,,,,,0.0
line_opt,,7.0,Daisy,,,,,,0.0
line_opt,,7.0,Tulip,,,,,,0.0
line_opt,,8.0,Poppy,,,,,,1.0
line_opt,,8.0,Oxlip,,,,,,0.0
line_opt,,8.0,Daisy,,,,,,0.0
line_opt,,8.0,Tulip,,,,,,0.0
line_opt,,9.0,Poppy,,,,,,0.0
line_opt,,9.0,Oxlip,,,,,,0.0
line_opt,,9.0,Daisy,,,,,,0.0
line_opt,,9.0,Tulip,,,,,,0.0
line_opt,,10.0,Poppy,,,,,,0.0
line_opt,,10.0,Oxlip,,,,,,0.0
line_opt,,10.0,Daisy,,,,,,0.0
line_opt,,10.0,Tulip,,,,,,0.0
line_opt,,11.0,Poppy,,,,,,0.0
line_opt,,11.0,Oxlip,,,,,,0.0
line_opt,,11.0,Daisy,,,,,,0.0
line_opt,,11.0,Tulip,,,,,,0.0
line_opt,,12.0,Poppy,,,,,,0.0
line_opt,,12.0,Oxlip,,,,,,0.0
line_opt,,12.0,Daisy,,,,,,0.0
line_opt,,12.0,Tulip,,,,,,0.0
line_opt,,13.0,Poppy,,,,,,0.0
line_opt,,13.0,Oxlip,,,,,,0.0
line_opt,,13.0,Daisy,,,,,,0.0
line_opt,,13.0,Tulip,,,,,,0.0
line_opt,,14.0,Poppy,,,,,,0.0
line_opt,,14.0,Oxlip,,,,,,0.0
line_opt,,14.0,Daisy,,,,,,0.0
line_opt,,14.0,Tulip,,,,,,0.0
line_opt,,15.0,Poppy,,,,,,0.0
line_opt,,15.0,Oxlip,,,,,,0.0
line_opt,,15.0,Daisy,,,,,,0.0
line_opt,,15.0,Tulip,,,,,,0.0
line_opt,,16.0,Poppy,,,,,,0.0
line_opt,,16.0,Oxlip,,,,,,0.0
line_opt,,16.0,Daisy,,,,,,0.0
line_opt,,16.0,Tulip,,,,,,0.0
line_opt,,17.0,Poppy,,,,,,1.0
line_opt,,17.0,Oxlip,,,,,,0.0
line_opt,,17.0,Daisy,,,,,,0.0
line_opt,,17.0,Tulip,,,,,,0.0
line_opt,,18.0,Poppy,,,,,,0.0
line_opt,,18.0,Oxlip,,,,,,0.0
line_opt,,18.0,Daisy,,,,,,0.0
line_opt,,18.0,Tulip,,,,,,0.0
line_opt,,19.0,Poppy,,,,,,1.0
line_opt,,19.0,Oxlip,,,,,,0.0
line_opt,,19.0,Daisy,,,,,,0.0
line_opt,,19.0,Tulip,,,,,,0.0
line_opt,,20.0,Poppy,,,,,,1.0
line_opt,,20.0,Oxlip,,,,,,0.0
line_opt,,20.0,Daisy,,,,,,0.0
line_opt,,20.0,Tulip,,,,,,0.0
line_opt,,21.0,Poppy,,,,,,0.0
line_opt,,21.0,Oxlip,,,,,,0.0
line_opt,,21.0,Daisy,,,,,,0.0
line_opt,,21.0,Tulip,,,,,,0.0
line_opt,,22.0,Poppy,,,,,,0.0
line_opt,,22.0,Oxlip,,,,,,0.0
line_opt,,22.0,Daisy,,,,,,0.0
line_opt,,22.0,Tulip,,,,,,0.0
line_opt,,23.0,Poppy,,,,,,0.0
line_opt,,23.0,Oxlip,,,,,,0.0
line_opt,,23.0,Daisy,,,,,,0.0
line_opt,,23.0,Tulip,,,,,,0.0
line_opt,,24.0,Poppy,,,,,,0.0
line_opt,,24.0,Oxlip,,,,,,0.0
line_opt,,24.0,Daisy,,,,,,0.0
line_opt,,24.0,Tulip,,,,,,0.0
line_opt,,25.0,Poppy,,,,,,0.0
line_opt,,25.0,Oxlip,,,,,,0.0
line_opt,,25.0,Daisy,,,,,,0.0
line_opt,,25.0,Tulip,,,,,,0.0
line_opt,,26.0,Poppy,,,,,,0.0
line_opt,,26.0,Oxlip,,,,,,0.0
line_opt,,26.0,Daisy,,,,,,0.0
line_opt,,26.0,Tulip,,,,,,0.0
line_opt,,27.0,Poppy,,,,,,0.0
line_opt,,27.0,Oxlip,,,,,,0.0
line_opt,,27.0,Daisy,,,,,,0.0
line_opt,,27.0,Tulip,,,,,,0.0
line_opt,,28.0,Poppy,,,,,,0.0
line_opt,,28.0,Oxlip,,,,,,0.0
line_opt,,28.0,Daisy,,,,,,0.0
line_opt,,28.0,Tulip,,,,,,0.0
line_opt,,29.0,Poppy,,,,,,0.0
line_opt,,29.0,Oxlip,,,,,,0.0
line_opt,,29.0,Daisy,,,,,,0.0
line_opt,,29.0,Tulip,,,,,,0.0
line_opt,,30.0,Poppy,,,,,,0.0
line_opt,,30.0,Oxlip,,,,,,0.0
line_opt,,30.0,Daisy,,,,,,0.0
line_opt,,30.0,Tulip,,,,,,0.0
line_opt,,31.0,Poppy,,,,,,0.0
line_opt,,31.0,Oxlip,,,,,,0.0
line_opt,,31.0,Daisy,,,,,,0.0
line_opt,,31.0,Tulip,,,,,,0.0
line_opt,,32.0,Poppy,,,,,,0.0
line_opt,,32.0,Oxlip,,,,,,0.0
line_opt,,32.0,Daisy,,,,,,0.0
line_opt,,32.0,Tulip,,,,,,0.0
line_opt,,33.0,Poppy,,,,,,0.0
line_opt,,33.0,Oxlip,,,,,,0.0
line_opt,,33.0,Daisy,,,,,,0.0
line_opt,,33.0,Tulip,,,,,,0.0
line_opt,,34.0,Poppy,,,,,,1.0
line_opt,,34.0,Oxlip,,,,,,0.0
line_opt,,34.0,Daisy,,,,,,0.0
line_opt,,34.0,Tulip,,,,,,0.0
line_opt,,35.0,Poppy,,,,,,0.0
line_opt,,35.0,Oxlip,,,,,,0.0
line_opt,,35.0,Daisy,,,,,,0.0
line_opt,,35.0,Tulip,,,,,,0.0
line_opt,,36.0,Poppy,,,,,,1.0
line_opt,,36.0,Oxlip,,,,,,0.0
line_opt,,36.0,Daisy,,,,,,0.0
line_opt,,36.0,Tulip,,,,,,0.0
line_opt,,37.0,Poppy,,,,,,1.0
line_opt,,37.0,Oxlip,,,,,,0.0
line_opt,,37.0,Daisy,,,,,,0.0
line_opt,,37.0,Tulip,,,,,,0.0
line_opt,,38.0,Poppy,,,,,,1.0
line_opt,,38.0,Oxlip,,,,,,0.0
line_opt,,38.0,Daisy,,,,,,0.0
line_opt,,38.0,Tulip,,,,,,0.0
line_opt,,39.0,Poppy,,,,,,0.0
line_opt,,39.0,Oxlip,,,,,,0.0
line_opt,,39.0,Daisy,,,,,,0.0
line_opt,,39.0,Tulip,,,,,,0.0
line_opt,,40.0,Poppy,,,,,,1.0
line_opt,,40.0,Oxlip,,,,,,0.0
line_opt,,40.0,Daisy,,,,,,0.0
line_opt,,40.0,Tulip,,,,,,0.0
line_opt,,41.0,Poppy,,,,,,0.0
line_opt,,41.0,Oxlip,,,,,,0.0
line_opt,,41.0,Daisy,,,,,,0.0
line_opt,,41.0,Tulip,,,,,,0.0
line_opt,,42.0,Poppy,,,,,,0.0
line_opt,,42.0,Oxlip,,,,,,0.0
line_opt,,42.0,Daisy,,,,,,0.0
line_opt,,42.0,Tulip,,,,,,0.0
line_opt,,43.0,Poppy,,,,,,1.0
line_opt,,43.0,Oxlip,,,,,,0.0
line_opt,,43.0,Daisy,,,,,,0.0
line_opt,,43.0,Tulip,,,,,,0.0
line_opt,,44.0,Poppy,,,,,,1.0
line_opt,,44.0,Oxlip,,,,,,0.0
line_opt,,44.0,Daisy,,,,,,0.0
line_opt,,44.0,Tulip,,,,,,0.0
line_opt,,45.0,Poppy,,,,,,0.0
line_opt,,45.0,Oxlip,,,,,,0.0
line_opt,,45.0,Daisy,,,,,,0.0
line_opt,,45.0,Tulip,,,,,,0.0
line_opt,,46.0,Poppy,,,,,,1.0
line_opt,,46.0,Oxlip,,,,,,0.0
line_opt,,46.0,Daisy,,,,,,0.0
line_opt,,46.0,Tulip,,,,,,0.0
line_opt,,47.0,Poppy,,,,,,1.0
line_opt,,47.0,Oxlip,,,,,,0.0
line_opt,,47.0,Daisy,,,,,,0.0
line_opt,,47.0,Tulip,,,,,,0.0
line_opt,,48.0,Poppy,,,,,,0.0
line_opt,,48.0,Oxlip,,,,,,0.0
line_opt,,48.0,Daisy,,,,,,0.0
line_opt,,48.0,Tulip,,,,,,0.0
line_opt,,49.0,Poppy,,,,,,0.0
line_opt,,49.0,Oxlip,,,,,,0.0
line_opt,,49.0,Daisy,,,,,,0.0
line_opt,,49.0,Tulip,,,,,,0.0
line_opt,,50.0,Poppy,,,,,,0.0
line_opt,,50.0,Oxlip,,,,,,0.0
line_opt,,50.0,Daisy,,,,,,0.0
line_opt,,50.0,Tulip,,,,,,0.0
line_opt,,51.0,Poppy,,,,,,0.0
line_opt,,51.0,Oxlip,,,,,,0.0
line_opt,,51.0,Daisy,,,,,,0.0
line_opt,,51.0,Tulip,,,,,,0.0
line_opt,,52.0,Poppy,,,,,,1.0
line_opt,,52.0,Oxlip,,,,,,0.0
line_opt,,52.0,Daisy,,,,,,0.0
line_opt,,52.0,Tulip,,,,,,0.0
line_opt,,53.0,Poppy,,,,,,1.0
line_opt,,53.0,Oxlip,,,,,,0.0
line_opt,,53.0,Daisy,,,,,,0.0
line_opt,,53.0,Tulip,,,,,,0.0
line_opt,,54.0,Poppy,,,,,,0.0
line_opt,,54.0,Oxlip,,,,,,0.0
line_opt,,54.0,Daisy,,,,,,0.0
line_opt,,54.0,Tulip,,,,,,0.0
line_opt,,55.0,Poppy,,,,,,0.0
line_opt,,55.0,Oxlip,,,,,,0.0
line_opt,,55.0,Daisy,,,,,,0.0
line_opt,,55.0,Tulip,,,,,,0.0
line_opt,,56.0,Poppy,,,,,,0.0
line_opt,,56.0,Oxlip,,,,,,0.0
line_opt,,56.0,Daisy,,,,,,0.0
line_opt,,56.0,Tulip,,,,,,0.0
line_opt,,57.0,Poppy,,,,,,0.0
line_opt,,57.0,Oxlip,,,,,,0.0
line_opt,,57.0,Daisy,,,,,,0.0
line_opt,,57.0,Tulip,,,,,,0.0
line_opt,,58.0,Poppy,,,,,,0.0
line_opt,,58.0,Oxlip,,,,,,0.0
line_opt,,58.0,Daisy,,,,,,0.0
line_opt,,58.0,Tulip,,,,,,0.0
line_opt,,59.0,Poppy,,,,,,0.0
line_opt,,59.0,Oxlip,,,,,,0.0
line_opt,,59.0,Daisy,,,,,,0.0
line_opt,,59.0,Tulip,,,,,,0.0
line_act_plus,,0.0,,,,,,,1.0
line_act_plus,,1.0,,,,,,,0.0
line_act_plus,,2.0,,,,,,,0.0
line_act_plus,,3.0,,,,,,,0.0
line_act_plus,,4.0,,,,,,,0.0
line_act_plus,,5.0,,,,,,,0.0
line_act_plus,,6.0,,,,,,,0.0
line_act_plus,,7.0,,,,,,,0.0
line_act_plus,,8.0,,,,,,,1.0
line_act_plus,,9.0,,,,,,,0.0
line_act_plus,,10.0,,,,,,,0.0
line_act_plus,,11.0,,,,,,,0.0
line_act_plus,,12.0,,,,,,,0.0
line_act_plus,,13.0,,,,,,,0.0
line_act_plus,,14.0,,,,,,,0.0
line_act_plus,,15.0,,,,,,,0.0
line_act_plus,,16.0,,,,,,,0.0
line_act_plus,,17.0,,,,,,,1.0
line_act_plus,,18.0,,,,,,,0.0
line_act_plus,,19.0,,,,,,,1.0
line_act_plus,,20.0,,,,,,,1.0
line_act_plus,,21.0,,,,,,,0.0
line_act_plus,,22.0,,,,,,,0.0
line_act_plus,,23.0,,,,,,,0.0
line_act_plus,,24.0,,,,,,,0.0
line_act_plus,,25.0,,,,,,,0.0
line_act_plus,,26.0,,,,,,,0.0
line_act_plus,,27.0,,,,,,,0.0
line_act_plus,,28.0,,,,,,,0.0
line_act_plus,,29.0,,,,,,,0.0
line_act_plus,,30.0,,,,,,,0.0
line_act_plus,,31.0,,,,,,,0.0
line_act_plus,,32.0,,,,,,,0.0
line_act_plus,,33.0,,,,,,,0.0
line_act_plus,,34.0,,,,,,,1.0
line_act_plus,,35.0,,,,,,,0.0
line_act_plus,,36.0,,,,,,,1.0
line_act_plus,,37.0,,,,,,,1.0
line_act_plus,,38.0,,,,,,,0.0
line_act_plus,,39.0,,,,,,,0.0
line_act_plus,,40.0,,,,,,,0.0
line_act_plus,,41.0,,,,,,,0.0
line_act_plus,,42.0,,,,,,,0.0
line_act_plus,,43.0,,,,,,,1.0
line_act_plus,,44.0,,,,,,,0.0
line_act_plus,,45.0,,,,,,,0.0
line_act_plus,,46.0,,,,,,,0.0
line_act_plus,,47.0,,,,,,,0.0
line_act_plus,,48.0,,,,,,,0.0
line_act_plus,,49.0,,,,,,,0.0
line_act_plus,,50.0,,,,,,,0.0
line_act_plus,,51.0,,,,,,,0.0
line_act_plus,,52.0,,,,,,,1.0
line_act_plus,,53.0,,,,,,,0.0
line_act_plus,,54.0,,,,,,,0.0
line_act_plus,,55.0,,,,,,,0.0
line_act_plus,,56.0,,,,,,,0.0
line_act_plus,,57.0,,,,,,,0.0
line_act_plus,,58.0,,,,,,,0.0
line_act_plus,,59.0,,,,,,,0.0
line_act_minus,,0.0,,,,,,,0.0
line_act_minus,,1.0,,,,,,,0.0
line_act_minus,,2.0,,,,,,,0.0
line_act_minus,,3.0,,,,,,,0.0
line_act_minus,,4.0,,,,,,,0.0
line_act_minus,,5.0,,,,,,,0.0
line_act_minus,,6.0,,,,,,,0.0
line_act_minus,,7.0,,,,,,,1.0
line_act_minus,,8.0,,,,,,,0.0
line_act_minus,,9.0,,,,,,,0.0
line_act_minus,,10.0,,,,,,,0.0
line_act_minus,,11.0,,,,,,,0.0
line_act_minus,,12.0,,,,,,,0.0
line_act_minus,,13.0,,,,,,,0.0
line_act_minus,,14.0,,,,,,,0.0
line_act_minus,,15.0,,,,,,,0.0
line_act_minus,,16.0,,,,,,,0.0
line_act_minus,,17.0,,,,,,,0.0
line_act_minus,,18.0,,,,,,,0.0
line_act_minus,,19.0,,,,,,,0.0
line_act_minus,,20.0,,,,,,,0.0
line_act_minus,,21.0,,,,,,,0.0
line_act_minus,,22.0,,,,,,,0.0
line_act_minus,,23.0,,,,,,,0.0
line_act_minus,,24.0,,,,,,,0.0
line_act_minus,,25.0,,,,,,,0.0
line_act_minus,,26.0,,,,,,,0.0
line_act_minus,,27.0,,,,,,,0.0
line_act_minus,,28.0,,,,,,,0.0
line_act_minus,,29.0,,,,,,,0.0
line_act_minus,,30.0,,,,,,,0.0
line_act_minus,,31.0,,,,,,,0.0
line_act_minus,,32.0,,,,,,,0.0
line_act_minus,,33.0,,,,,,,0.0
line_act_minus,,34.0,,,,,,,0.0
line_act_minus,,35.0,,,,,,,0.0
line_act_minus,,36.0,,,,,,,0.0
line_act_minus,,37.0,,,,,,,0.0
line_act_minus,,38.0,,,,,,,1.0
line_act_minus,,39.0,,,,,,,0.0
line_act_minus,,40.0,,,,,,,1.0
line_act_minus,,41.0,,,,,,,0.0
line_act_minus,,42.0,,,,,,,0.0
line_act_minus,,43.0,,,,,,,0.0
line_act_minus,,44.0,,,,,,,1.0
line_act_minus,,45.0,,,,,,,0.0
line_act_minus,,46.0,,,,,,,1.0
line_act_minus,,47.0,,,,,,,1.0
line_act_minus,,48.0,,,,,,,0.0
line_act_minus,,49.0,,,,,,,0.0
line_act_minus,,50.0,,,,,,,0.0
line_act_minus,,51.0,,,,,,,0.0
line_act_minus,,52.0,,,,,,,0.0
line_act_minus,,53.0,,,,,,,1.0
line_act_minus,,54.0,,,,,,,0.0
line_act_minus,,55.0,,,,,,,0.0
line_act_minus,,56.0,,,,,,,0.0
line_act_minus,,57.0,,,,,,,0.0
line_act_minus,,58.0,,,,,,,0.0
line_act_minus,,59.0,,,,,,,0.0
subs_hv_capacity,,,,0.0,,,,,0.007396494383208188
subs_hv_capacity,,,,1.0,,,,,0.0037861781987719653
subs_hv_S,1.0,,,0.0,,,,,0.007396494383208188
subs_hv_S,1.0,,,1.0,,,,,0.0037861781987719653
subs_hv_P,1.0,,,0.0,,,,,0.003003327554708026
subs_hv_P,1.0,,,1.0,,,,,-0.002897815259403462
subs_hv_Q,1.0,,,0.0,,,,,0.0074568918791374705
subs_hv_Q,1.0,,,1.0,,,,,0.002897815259403462
subs_hv_F,1.0,,,0.0,,,,,7.0
subs_hv_F,1.0,,,1.0,,,,,8.0
beta,,,,0.0,,,,,1.0
beta,,,,1.0,,,,,1.0
subs_mv_capacity,,,,,2.0,,,,0.00826747070608352
subs_mv_capacity,,,,,3.0,,,,0.0
subs_mv_capacity,,,,,4.0,,,,0.0
subs_mv_capacity,,,,,5.0,,,,0.016101779130131506
subs_mv_S,1.0,,,,2.0,,,,0.00826747070608352
subs_mv_S,1.0,,,,3.0,,,,0.0
subs_mv_S,1.0,,,,4.0,,,,0.0
subs_mv_S,1.0,,,,5.0,,,,0.016101779130131506
subs_mv_P,1.0,,,,2.0,,,,-0.008510762120186855
subs_mv_P,1.0,,,,3.0,,,,0.0
subs_mv_P,1.0,,,,4.0,,,,0.0
subs_mv_P,1.0,,,,5.0,,,,-0.016071529401799182
subs_mv_Q,1.0,,,,2.0,,,,-0.0010571355364238507
subs_mv_Q,1.0,,,,3.0,,,,0.0
subs_mv_Q,1.0,,,,4.0,,,,0.0
subs_mv_Q,1.0,,,,5.0,,,,-0.0032758563782485203
gamma,,,,,2.0,,,,1.0
gamma,,,,,3.0,,,,0.0
gamma,,,,,4.0,,,,0.0
gamma,,,,,5.0,,,,1.0
current_squared_k,1.0,0.0,Poppy,,,,,,7.231399432096379e-05
current_squared_k,1.0,0.0,Oxlip,,,,,,0.0
current_squared_k,1.0,0.0,Daisy,,,,,,0.0
current_squared_k,1.0,0.0,Tulip,,,,,,0.0
current_squared_k,1.0,1.0,Poppy,,,,,,0.0
current_squared_k,1.0,1.0,Oxlip,,,,,,0.0
current_squared_k,1.0,1.0,Daisy,,,,,,0.0
current_squared_k,1.0,1.0,Tulip,,,,,,0.0
current_squared_k,1.0,2.0,Poppy,,,,,,0.0
current_squared_k,1.0,2.0,Oxlip,,,,,,0.0
current_squared_k,1.0,2.0,Daisy,,,,,,0.0
current_squared_k,1.0,2.0,Tulip,,,,,,0.0
current_squared_k,1.0,3.0,Poppy,,,,,,0.0
current_squared_k,1.0,3.0,Oxlip,,,,,,0.0
current_squared_k,1.0,3.0,Daisy,,,,,,0.0
current_squared_k,1.0,3.0,Tulip,,,,,,0.0
current_squared_k,1.0,4.0,Poppy,,,,,,0.0
current_squared_k,1.0,4.0,Oxlip,,,,,,0.0
current_squared_k,1.0,4.0,Daisy,,,,,,0.0
current_squared_k,1.0,4.0,Tulip,,,,,,0.0
current_squared_k,1.0,5.0,Poppy,,,,,,0.0
current_squared_k,1.0,5.0,Oxlip,,,,,,0.0
current_squared_k,1.0,5.0,Daisy,,,,,,0.0
current_squared_k,1.0,5.0,Tulip,,,,,,0.0
current_squared_k,1.0,6.0,Poppy,,,,,,0.0
current_squared_k,1.0,6.0,Oxlip,,,,,,0.0
current_squared_k,1.0,6.0,Daisy,,,,,,0.0
current_squared_k,1.0,6.0,Tulip,,,,,,0.0
current_squared_k,1.0,7.0,Poppy,,,,,,1.9264805753874576e-05
current_squared_k,1.0,7.0,Oxlip,,,,,,0.0
current_squared_k,1.0,7.0,Daisy,,,,,,0.0
current_squared_k,1.0,7.0,Tulip,,,,,,0.0
current_squared_k,1.0,8.0,Poppy,,,,,,0.00022143879599591815
current_squared_k,1.0,8.0,Oxlip,,,,,,0.0
current_squared_k,1.0,8.0,Daisy,,,,,,0.0
current_squared_k,1.0,8.0,Tulip,,,,,,0.0
current_squared_k,1.0,9.0,Poppy,,,,,,0.0
current_squared_k,1.0,9.0,Oxlip,,,,,,0.0
current_squared_k,1.0,9.0,Daisy,,,,,,0.0
current_squared_k,1.0,9.0,Tulip,,,,,,0.0
current_squared_k,1.0,10.0,Poppy,,,,,,0.0
current_squared_k,1.0,10.0,Oxlip,,,,,,0.0
current_squared_k,1.0,10.0,Daisy,,,,,,0.0
current_squared_k,1.0,10.0,Tulip,,,,,,0.0
current_squared_k,1.0,11.0,Poppy,,,,,,0.0
current_squared_k,1.0,11.0,Oxlip,,,,,,0.0
current_squared_k,1.0,11.0,Daisy,,,,,,0.0
current_squared_k,1.0,11.0,Tulip,,,,,,0.0
current_squared_k,1.0,12.0,Poppy,,,,,,0.0
current_squared_k,1.0,12.0,Oxlip,,,,,,0.0
current_squared_k,1.0,12.0,Daisy,,,,,,0.0
current_squared_k,1.0,12.0,Tulip,,,,,,0.0
current_squared_k,1.0,13.0,Poppy,,,,,,0.0
current_squared_k,1.0,13.0,Oxlip,,,,,,0.0
current_squared_k,1.0,13.0,Daisy,,,,,,0.0
current_squared_k,1.0,13.0,Tulip,,,,,,0.0
current_squared_k,1.0,14.0,Poppy,,,,,,0.0
current_squared_k,1.0,14.0,Oxlip,,,,,,0.0
current_squared_k,1.0,14.0,Daisy,,,,,,0.0
current_squared_k,1.0,14.0,Tulip,,,,,,0.0
current_squared_k,1.0,15.0,Poppy,,,,,,0.0
current_squared_k,1.0,15.0,Oxlip,,,,,,0.0
current_squared_k,1.0,15.0,Daisy,,,,,,0.0
current_squared_k,1.0,15.0,Tulip,,,,,,0.0
current_squared_k,1.0,16.0,Poppy,,,,,,0.0
current_squared_k,1.0,16.0,Oxlip,,,,,,0.0
current_squared_k,1.0,16.0,Daisy,,,,,,0.0
current_squared_k,1.0,16.0,Tulip,,,,,,0.0
current_squared_k,1.0,17.0,Poppy,,,,,,0.0
current_squared_k,1.0,17.0,Oxlip,,,,,,0.0
current_squared_k,1.0,17.0,Daisy,,,,,,0.0
current_squared_k,1.0,17.0,Tulip,,,,,,0.0
current_squared_k,1.0,18.0,Poppy,,,,,,0.0
current_squared_k,1.0,18.0,Oxlip,,,,,,0.0
current_squared_k,1.0,18.0,Daisy,,,,,,0.0
current_squared_k,1.0,18.0,Tulip,,,,,,0.0
current_squared_k,1.0,19.0,Poppy,,,,,,0.00021260736296448284
current_squared_k,1.0,19.0,Oxlip,,,,,,0.0
current_squared_k,1.0,19.0,Daisy,,,,,,0.0
current_squared_k,1.0,19.0,Tulip,,,,,,0.0
current_squared_k,1.0,20.0,Poppy,,,,,,7.594667886355816e-05
current_squared_k,1.0,20.0,Oxlip,,,,,,0.0
current_squared_k,1.0,20.0,Daisy,,,,,,0.0
current_squared_k,1.0,20.0,Tulip,,,,,,0.0
current_squared_k,1.0,21.0,Poppy,,,,,,0.0
current_squared_k,1.0,21.0,Oxlip,,,,,,0.0
current_squared_k,1.0,21.0,Daisy,,,,,,0.0
current_squared_k,1.0,21.0,Tulip,,,,,,0.0
current_squared_k,1.0,22.0,Poppy,,,,,,0.0
current_squared_k,1.0,22.0,Oxlip,,,,,,0.0
current_squared_k,1.0,22.0,Daisy,,,,,,0.0
current_squared_k,1.0,22.0,Tulip,,,,,,0.0
current_squared_k,1.0,23.0,Poppy,,,,,,0.0
current_squared_k,1.0,23.0,Oxlip,,,,,,0.0
current_squared_k,1.0,23.0,Daisy,,,,,,0.0
current_squared_k,1.0,23.0,Tulip,,,,,,0.0
current_squared_k,1.0,24.0,Poppy,,,,,,0.0
current_squared_k,1.0,24.0,Oxlip,,,,,,0.0
current_squared_k,1.0,24.0,Daisy,,,,,,0.0
current_squared_k,1.0,24.0,Tulip,,,,,,0.0
current_squared_k,1.0,25.0,Poppy,,,,,,0.0
current_squared_k,1.0,25.0,Oxlip,,,,,,0.0
current_squared_k,1.0,25.0,Daisy,,,,,,0.0
current_squared_k,1.0,25.0,Tulip,,,,,,0.0
current_squared_k,1.0,26.0,Poppy,,,,,,0.0
current_squared_k,1.0,26.0,Oxlip,,,,,,0.0
current_squared_k,1.0,26.0,Daisy,,,,,,0.0
current_squared_k,1.0,26.0,Tulip,,,,,,0.0
current_squared_k,1.0,27.0,Poppy,,,,,,0.0
current_squared_k,1.0,27.0,Oxlip,,,,,,0.0
current_squared_k,1.0,27.0,Daisy,,,,,,0.0
current_squared_k,1.0,27.0,Tulip,,,,,,0.0
current_squared_k,1.0,28.0,Poppy,,,,,,0.0
current_squared_k,1.0,28.0,Oxlip,,,,,,0.0
current_squared_k,1.0,28.0,Daisy,,,,,,0.0
current_squared_k,1.0,28.0,Tulip,,,,,,0.0
current_squared_k,1.0,29.0,Poppy,,,,,,0.0
current_squared_k,1.0,29.0,Oxlip,,,,,,0.0
current_squared_k,1.0,29.0,Daisy,,,,,,0.0
current_squared_k,1.0,29.0,Tulip,,,,,,0.0
current_squared_k,1.0,30.0,Poppy,,,,,,0.0
current_squared_k,1.0,30.0,Oxlip,,,,,,0.0
current_squared_k,1.0,30.0,Daisy,,,,,,0.0
current_squared_k,1.0,30.0,Tulip,,,,,,0.0
current_squared_k,1.0,31.0,Poppy,,,,,,0.0
current_squared_k,1.0,31.0,Oxlip,,,,,,0.0
current_squared_k,1.0,31.0,Daisy,,,,,,0.0
current_squared_k,1.0,31.0,Tulip,,,,,,0.0
current_squared_k,1.0,32.0,Poppy,,,,,,0.0
current_squared_k,1.0,32.0,Oxlip,,,,,,0.0
current_squared_k,1.0,32.0,Daisy,,,,,,0.0
current_squared_k,1.0,32.0,Tulip,,,,,,0.0
current_squared_k,1.0,33.0,Poppy,,,,,,0.0
current_squared_k,1.0,33.0,Oxlip,,,,,,0.0
current_squared_k,1.0,33.0,Daisy,,,,,,0.0
current_squared_k,1.0,33.0,Tulip,,,,,,0.0
current_squared_k,1.0,34.0,Poppy,,,,,,8.09966568208621e-06
current_squared_k,1.0,34.0,Oxlip,,,,,,0.0
current_squared_k,1.0,34.0,Daisy,,,,,,0.0
current_squared_k,1.0,34.0,Tulip,,,,,,0.0
current_squared_k,1.0,35.0,Poppy,,,,,,0.0
current_squared_k,1.0,35.0,Oxlip,,,,,,0.0
current_squared_k,1.0,35.0,Daisy,,,,,,0.0
current_squared_k,1.0,35.0,Tulip,,,,,,0.0
current_squared_k,1.0,36.0,Poppy,,,,,,2.4200966340639065e-05
current_squared_k,1.0,36.0,Oxlip,,,,,,0.0
current_squared_k,1.0,36.0,Daisy,,,,,,0.0
current_squared_k,1.0,36.0,Tulip,,,,,,0.0
current_squared_k,1.0,37.0,Poppy,,,,,,8.007255384544181e-05
current_squared_k,1.0,37.0,Oxlip,,,,,,0.0
current_squared_k,1.0,37.0,Daisy,,,,,,0.0
current_squared_k,1.0,37.0,Tulip,,,,,,0.0
current_squared_k,1.0,38.0,Poppy,,,,,,0.00011759010738533685
current_squared_k,1.0,38.0,Oxlip,,,,,,0.0
current_squared_k,1.0,38.0,Daisy,,,,,,0.0
current_squared_k,1.0,38.0,Tulip,,,,,,0.0
current_squared_k,1.0,39.0,Poppy,,,,,,0.0
current_squared_k,1.0,39.0,Oxlip,,,,,,0.0
current_squared_k,1.0,39.0,Daisy,,,,,,0.0
current_squared_k,1.0,39.0,Tulip,,,,,,0.0
current_squared_k,1.0,40.0,Poppy,,,,,,0.0
current_squared_k,1.0,40.0,Oxlip,,,,,,0.0
current_squared_k,1.0,40.0,Daisy,,,,,,0.0
current_squared_k,1.0,40.0,Tulip,,,,,,0.0
current_squared_k,1.0,41.0,Poppy,,,,,,0.0
current_squared_k,1.0,41.0,Oxlip,,,,,,0.0
current_squared_k,1.0,41.0,Daisy,,,,,,0.0
current_squared_k,1.0,41.0,Tulip,,,,,,0.0
current_squared_k,1.0,42.0,Poppy,,,,,,0.0
current_squared_k,1.0,42.0,Oxlip,,,,,,0.0
current_squared_k,1.0,42.0,Daisy,,,,,,0.0
current_squared_k,1.0,42.0,Tulip,,,,,,0.0
current_squared_k,1.0,43.0,Poppy,,,,,,5.0877916786148395e-05
current_squared_k,1.0,43.0,Oxlip,,,,,,0.0
current_squared_k,1.0,43.0,Daisy,,,,,,0.0
current_squared_k,1.0,43.0,Tulip,,,,,,0.0
current_squared_k,1.0,44.0,Poppy,,,,,,7.2477675663343e-06
current_squared_k,1.0,44.0,Oxlip,,,,,,0.0
current_squared_k,1.0,44.0,Daisy,,,,,,0.0
current_squared_k,1.0,44.0,Tulip,,,,,,0.0
current_squared_k,1.0,45.0,Poppy,,,,,,0.0
current_squared_k,1.0,45.0,Oxlip,,,,,,0.0
current_squared_k,1.0,45.0,Daisy,,,,,,0.0
current_squared_k,1.0,45.0,Tulip,,,,,,0.0
current_squared_k,1.0,46.0,Poppy,,,,,,2.1191207939645734e-05
current_squared_k,1.0,46.0,Oxlip,,,,,,0.0
current_squared_k,1.0,46.0,Daisy,,,,,,0.0
current_squared_k,1.0,46.0,Tulip,,,,,,0.0
current_squared_k,1.0,47.0,Poppy,,,,,,1.330426799023932e-05
current_squared_k,1.0,47.0,Oxlip,,,,,,0.0
current_squared_k,1.0,47.0,Daisy,,,,,,0.0
current_squared_k,1.0,47.0,Tulip,,,,,,0.0
current_squared_k,1.0,48.0,Poppy,,,,,,0.0
current_squared_k,1.0,48.0,Oxlip,,,,,,0.0
current_squared_k,1.0,48.0,Daisy,,,,,,0.0
current_squared_k,1.0,48.0,Tulip,,,,,,0.0
current_squared_k,1.0,49.0,Poppy,,,,,,0.0
current_squared_k,1.0,49.0,Oxlip,,,,,,0.0
current_squared_k,1.0,49.0,Daisy,,,,,,0.0
current_squared_k,1.0,49.0,Tulip,,,,,,0.0
current_squared_k,1.0,50.0,Poppy,,,,,,0.0
current_squared_k,1.0,50.0,Oxlip,,,,,,0.0
current_squared_k,1.0,50.0,Daisy,,,,,,0.0
current_squared_k,1.0,50.0,Tulip,,,,,,0.0
current_squared_k,1.0,51.0,Poppy,,,,,,0.0
current_squared_k,1.0,51.0,Oxlip,,,,,,0.0
current_squared_k,1.0,51.0,Daisy,,,,,,0.0
current_squared_k,1.0,51.0,Tulip,,,,,,0.0
current_squared_k,1.0,52.0,Poppy,,,,,,2.1707277362655436e-06
current_squared_k,1.0,52.0,Oxlip,,,,,,0.0
current_squared_k,1.0,52.0,Daisy,,,,,,0.0
current_squared_k,1.0,52.0,Tulip,,,,,,0.0
current_squared_k,1.0,53.0,Poppy,,,,,,0.0
current_squared_k,1.0,53.0,Oxlip,,,,,,0.0
current_squared_k,1.0,53.0,Daisy,,,,,,0.0
current_squared_k,1.0,53.0,Tulip,,,,,,0.0
current_squared_k,1.0,54.0,Poppy,,,,,,0.0
current_squared_k,1.0,54.0,Oxlip,,,,,,0.0
current_squared_k,1.0,54.0,Daisy,,,,,,0.0
current_squared_k,1.0,54.0,Tulip,,,,,,0.0
current_squared_k,1.0,55.0,Poppy,,,,,,0.0
current_squared_k,1.0,55.0,Oxlip,,,,,,0.0
current_squared_k,1.0,55.0,Daisy,,,,,,0.0
current_squared_k,1.0,55.0,Tulip,,,,,,0.0
current_squared_k,1.0,56.0,Poppy,,,,,,0.0
current_squared_k,1.0,56.0,Oxlip,,,,,,0.0
current_squared_k,1.0,56.0,Daisy,,,,,,0.0
current_squared_k,1.0,56.0,Tulip,,,,,,0.0
current_squared_k,1.0,57.0,Poppy,,,,,,0.0
current_squared_k,1.0,57.0,Oxlip,,,,,,0.0
current_squared_k,1.0,57.0,Daisy,,,,,,0.0
current_squared_k,1.0,57.0,Tulip,,,,,,0.0
current_squared_k,1.0,58.0,Poppy,,,,,,0.0
current_squared_k,1.0,58.0,Oxlip,,,,,,0.0
current_squared_k,1.0,58.0,Daisy,,,,,,0.0
current_squared_k,1.0,58.0,Tulip,,,,,,0.0
current_squared_k,1.0,59.0,Poppy,,,,,,0.0
current_squared_k,1.0,59.0,Oxlip,,,,,,0.0
current_squared_k,1.0,59.0,Daisy,,,,,,0.0
current_squared_k,1.0,59.0,Tulip,,,,,,0.0
current_squared,1.0,0.0,,,,,,,7.231399432096379e-05
current_squared,1.0,1.0,,,,,,,0.0
current_squared,1.0,2.0,,,,,,,0.0
current_squared,1.0,3.0,,,,,,,0.0
current_squared,1.0,4.0,,,,,,,0.0
current_squared,1.0,5.0,,,,,,,0.0
current_squared,1.0,6.0,,,,,,,0.0
current_squared,1.0,7.0,,,,,,,1.9264805753874576e-05
current_squared,1.0,8.0,,,,,,,0.00022143879599591815
current_squared,1.0,9.0,,,,,,,0.0
current_squared,1.0,10.0,,,,,,,0.0
current_squared,1.0,11.0,,,,,,,0.0
current_squared,1.0,12.0,,,,,,,0.0
current_squared,1.0,13.0,,,,,,,0.0
current_squared,1.0,14.0,,,,,,,0.0
current_squared,1.0,15.0,,,,,,,0.0
current_squared,1.0,16.0,,,,,,,0.0
current_squared,1.0,17.0,,,,,,,0.0
current_squared,1.0,18.0,,,,,,,0.0
current_squared,1.0,19.0,,,,,,,0.00021260736296448284
current_squared,1.0,20.0,,,,,,,7.594667886355818e-05
current_squared,1.0,21.0,,,,,,,0.0
current_squared,1.0,22.0,,,,,,,0.0
current_squared,1.0,23.0,,,,,,,0.0
current_squared,1.0,24.0,,,,,,,0.0
current_squared,1.0,25.0,,,,,,,0.0
current_squared,1.0,26.0,,,,,,,0.0
current_squared,1.0,27.0,,,,,,,0.0
current_squared,1.0,28.0,,,,,,,0.0
current_squared,1.0,29.0,,,,,,,0.0
current_squared,1.0,30.0,,,,,,,0.0
current_squared,1.0,31.0,,,,,,,0.0
current_squared,1.0,32.0,,,,,,,0.0
current_squared,1.0,33.0,,,,,,,0.0
current_squared,1.0,34.0,,,,,,,8.09966568208621e-06
current_squared,1.0,35.0,,,,,,,0.0
current_squared,1.0,36.0,,,,,,,2.4200966340639065e-05
current_squared,1.0,37.0,,,,,,,8.007255384544181e-05
current_squared,1.0,38.0,,,,,,,0.00011759010738533685
current_squared,1.0,39.0,,,,,,,0.0
current_squared,1.0,40.0,,,,,,,0.0
current_squared,1.0,41.0,,,,,,,0.0
current_squared,1.0,42.0,,,,,,,0.0
current_squared,1.0,43.0,,,,,,,5.0877916786148395e-05
current_squared,1.0,44.0,,,,,,,7.2477675663343e-06
current_squared,1.0,45.0,,,,,,,0.0
current_squared,1.0,46.0,,,,,,,2.1191207939645734e-05
current_squared,1.0,47.0,,,,,,,1.330426799023932e-05
current_squared,1.0,48.0,,,,,,,0.0
current_squared,1.0,49.0,,,,,,,0.0
current_squared,1.0,50.0,,,,,,,0.0
current_squared,1.0,51.0,,,,,,,0.0
current_squared,1.0,52.0,,,,,,,2.1707277362655436e-06
current_squared,1.0,53.0,,,,,,,0.0
current_squared,1.0,54.0,,,,,,,0.0
current_squared,1.0,55.0,,,,,,,0.0
current_squared,1.0,56.0,,,,,,,0.0
current_squared,1.0,57.0,,,,,,,0.0
current_squared,1.0,58.0,,,,,,,0.0
current_squared,1.0,59.0,,,,,,,0.0
current_slack,1.0,0.0,Poppy,,,,,,0.0
current_slack,1.0,0.0,Oxlip,,,,,,0.0
current_slack,1.0,0.0,Daisy,,,,,,0.0
current_slack,1.0,0.0,Tulip,,,,,,0.0
current_slack,1.0,1.0,Poppy,,,,,,0.0
current_slack,1.0,1.0,Oxlip,,,,,,0.0
current_slack,1.0,1.0,Daisy,,,,,,0.0
current_slack,1.0,1.0,Tulip,,,,,,0.0
current_slack,1.0,2.0,Poppy,,,,,,0.0
current_slack,1.0,2.0,Oxlip,,,,,,0.0
current_slack,1.0,2.0,Daisy,,,,,,0.0
current_slack,1.0,2.0,Tulip,,,,,,0.0
current_slack,1.0,3.0,Poppy,,,,,,0.0
current_slack,1.0,3.0,Oxlip,,,,,,0.0
current_slack,1.0,3.0,Daisy,,,,,,0.0
current_slack,1.0,3.0,Tulip,,,,,,0.0
current_slack,1.0,4.0,Poppy,,,,,,0.0
current_slack,1.0,4.0,Oxlip,,,,,,0.0
current_slack,1.0,4.0,Daisy,,,,,,0.0
current_slack,1.0,4.0,Tulip,,,,,,0.0
current_slack,1.0,5.0,Poppy,,,,,,0.0
current_slack,1.0,5.0,Oxlip,,,,,,0.0
current_slack,1.0,5.0,Daisy,,,,,,0.0
current_slack,1.0,5.0,Tulip,,,,,,0.0
current_slack,1.0,6.0,Poppy,,,,,,0.0
current_slack,1.0,6.0,Oxlip,,,,,,0.0
current_slack,1.0,6.0,Daisy,,,,,,0.0
current_slack,1.0,6.0,Tulip,,,,,,0.0
current_slack,1.0,7.0,Poppy,,,,,,0.0
current_slack,1.0,7.0,Oxlip,,,,,,0.0
current_slack,1.0,7.0,Daisy,,,,,,0.0
current_slack,1.0,7.0,Tulip,,,,,,0.0
current_slack,1.0,8.0,Poppy,,,,,,0.0
current_slack,1.0,8.0,Oxlip,,,,,,0.0
current_slack,1.0,8.0,Daisy,,,,,,0.0
current_slack,1.0,8.0,Tulip,,,,,,0.0
current_slack,1.0,9.0,Poppy,,,,,,0.0
current_slack,1.0,9.0,Oxlip,,,,,,0.0
current_slack,1.0,9.0,Daisy,,,,,,0.0
current_slack,1.0,9.0,Tulip,,,,,,0.0
current_slack,1.0,10.0,Poppy,,,,,,0.0
current_slack,1.0,10.0,Oxlip,,,,,,0.0
current_slack,1.0,10.0,Daisy,,,,,,0.0
current_slack,1.0,10.0,Tulip,,,,,,0.0
current_slack,1.0,11.0,Poppy,,,,,,0.0
current_slack,1.0,11.0,Oxlip,,,,,,0.0
current_slack,1.0,11.0,Daisy,,,,,,0.0
current_slack,1.0,11.0,Tulip,,,,,,0.0
current_slack,1.0,12.0,Poppy,,,,,,0.0
current_slack,1.0,12.0,Oxlip,,,,,,0.0
current_slack,1.0,12.0,Daisy,,,,,,0.0
current_slack,1.0,12.0,Tulip,,,,,,0.0
current_slack,1.0,13.0,Poppy,,,,,,0.0
current_slack,1.0,13.0,Oxlip,,,,,,0.0
current_slack,1.0,13.0,Daisy,,,,,,0.0
current_slack,1.0,13.0,Tulip,,,,,,0.0
current_slack,1.0,14.0,Poppy,,,,,,0.0
current_slack,1.0,14.0,Oxlip,,,,,,0.0
current_slack,1.0,14.0,Daisy,,,,,,0.0
current_slack,1.0,14.0,Tulip,,,,,,0.0
current_slack,1.0,15.0,Poppy,,,,,,0.0
current_slack,1.0,15.0,Oxlip,,,,,,0.0
current_slack,1.0,15.0,Daisy,,,,,,0.0
current_slack,1.0,15.0,Tulip,,,,,,0.0
current_slack,1.0,16.0,Poppy,,,,,,0.0
current_slack,1.0,16.0,Oxlip,,,,,,0.0
current_slack,1.0,16.0,Daisy,,,,,,0.0
current_slack,1.0,16.0,Tulip,,,,,,0.0
current_slack,1.0,17.0,Poppy,,,,,,0.0
current_slack,1.0,17.0,Oxlip,,,,,,0.0
current_slack,1.0,17.0,Daisy,,,,,,0.0
current_slack,1.0,17.0,Tulip,,,,,,0.0
current_slack,1.0,18.0,Poppy,,,,,,0.0
current_slack,1.0,18.0,Oxlip,,,,,,0.0
current_slack,1.0,18.0,Daisy,,,,,,0.0
current_slack,1.0,18.0,Tulip,,,,,,0.0
current_slack,1.0,19.0,Poppy,,,,,,0.0
current_slack,1.0,19.0,Oxlip,,,,,,0.0
current_slack,1.0,19.0,Daisy,,,,,,0.0
current_slack,1.0,19.0,Tulip,,,,,,0.0
current_slack,1.0,20.0,Poppy,,,,,,0.0
current_slack,1.0,20.0,Oxlip,,,,,,0.0
current_slack,1.0,20.0,Daisy,,,,,,0.0
current_slack,1.0,20.0,Tulip,,,,,,0.0
current_slack,1.0,21.0,Poppy,,,,,,0.0
current_slack,1.0,21.0,Oxlip,,,,,,0.0
current_slack,1.0,21.0,Daisy,,,,,,0.0
current_slack,1.0,21.0,Tulip,,,,,,0.0
current_slack,1.0,22.0,Poppy,,,,,,0.0
current_slack,1.0,22.0,Oxlip,,,,,,0.0
current_slack,1.0,22.0,Daisy,,,,,,0.0
current_slack,1.0,22.0,Tulip,,,,,,0.0
current_slack,1.0,23.0,Poppy,,,,,,0.0
current_slack,1.0,23.0,Oxlip,,,,,,0.0
current_slack,1.0,23.0,Daisy,,,,,,0.0
current_slack,1.0,23.0,Tulip,,,,,,0.0
current_slack,1.0,24.0,Poppy,,,,,,0.0
current_slack,1.0,24.0,Oxlip,,,,,,0.0
current_slack,1.0,24.0,Daisy,,,,,,0.0
current_slack,1.0,24.0,Tulip,,,,,,0.0
current_slack,1.0,25.0,Poppy,,,,,,0.0
current_slack,1.0,25.0,Oxlip,,,,,,0.0
current_slack,1.0,25.0,Daisy,,,,,,0.0
current_slack,1.0,25.0,Tulip,,,,,,0.0
current_slack,1.0,26.0,Poppy,,,,,,0.0
current_slack,1.0,26.0,Oxlip,,,,,,0.0
current_slack,1.0,26.0,Daisy,,,,,,0.0
current_slack,1.0,26.0,Tulip,,,,,,0.0
current_slack,1.0,27.0,Poppy,,,,,,0.0
current_slack,1.0,27.0,Oxlip,,,,,,0.0
current_slack,1.0,27.0,Daisy,,,,,,0.0
current_slack,1.0,27.0,Tulip,,,,,,0.0
current_slack,1.0,28.0,Poppy,,,,,,0.0
current_slack,1.0,28.0,Oxlip,,,,,,0.0
current_slack,1.0,28.0,Daisy,,,,,,0.0
current_slack,1.0,28.0,Tulip,,,,,,0.0
current_slack,1.0,29.0,Poppy,,,,,,0.0
current_slack,1.0,29.0,Oxlip,,,,,,0.0
current_slack,1.0,29.0,Daisy,,,,,,0.0
current_slack,1.0,29.0,Tulip,,,,,,0.0
current_slack,1.0,30.0,Poppy,,,,,,0.0
current_slack,1.0,30.0,Oxlip,,,,,,0.0
current_slack,1.0,30.0,Daisy,,,,,,0.0
current_slack,1.0,30.0,Tulip,,,,,,0.0
current_slack,1.0,31.0,Poppy,,,,,,0.0
current_slack,1.0,31.0,Oxlip,,,,,,0.0
current_slack,1.0,31.0,Daisy,,,,,,0.0
current_slack,1.0,31.0,Tulip,,,,,,0.0
current_slack,1.0,32.0,Poppy,,,,,,0.0
current_slack,1.0,32.0,Oxlip,,,,,,0.0
current_slack,1.0,32.0,Daisy,,,,,,0.0
current_slack,1.0,32.0,Tulip,,,,,,0.0
current_slack,1.0,33.0,Poppy,,,,,,0.0
current_slack,1.0,33.0,Oxlip,,,,,,0.0
current_slack,1.0,33.0,Daisy,,,,,,0.0
current_slack,1.0,33.0,Tulip,,,,,,0.0
current_slack,1.0,34.0,Poppy,,,,,,0.0
current_slack,1.0,34.0,Oxlip,,,,,,0.0
current_slack,1.0,34.0,Daisy,,,,,,0.0
current_slack,1.0,34.0,Tulip,,,,,,0.0
current_slack,1.0,35.0,Poppy,,,,,,0.0
current_slack,1.0,35.0,Oxlip,,,,,,0.0
current_slack,1.0,35.0,Daisy,,,,,,0.0
current_slack,1.0,35.0,Tulip,,,,,,0.0
current_slack,1.0,36.0,Poppy,,,,,,0.0
current_slack,1.0,36.0,Oxlip,,,,,,0.0
current_slack,1.0,36.0,Daisy,,,,,,0.0
current_slack,1.0,36.0,Tulip,,,,,,0.0
current_slack,1.0,37.0,Poppy,,,,,,0.0
current_slack,1.0,37.0,Oxlip,,,,,,0.0
current_slack,1.0,37.0,Daisy,,,,,,0.0
current_slack,1.0,37.0,Tulip,,,,,,0.0
current_slack,1.0,38.0,Poppy,,,,,,0.0
current_slack,1.0,38.0,Oxlip,,,,,,0.0
current_slack,1.0,38.0,Daisy,,,,,,0.0
current_slack,1.0,38.0,Tulip,,,,,,0.0
current_slack,1.0,39.0,Poppy,,,,,,0.0
current_slack,1.0,39.0,Oxlip,,,,,,0.0
current_slack,1.0,39.0,Daisy,,,,,,0.0
current_slack,1.0,39.0,Tulip,,,,,,0.0
current_slack,1.0,40.0,Poppy,,,,,,0.0
current_slack,1.0,40.0,Oxlip,,,,,,0.0
current_slack,1.0,40.0,Daisy,,,,,,0.0
current_slack,1.0,40.0,Tulip,,,,,,0.0
current_slack,1.0,41.0,Poppy,,,,,,0.0
current_slack,1.0,41.0,Oxlip,,,,,,0.0
current_slack,1.0,41.0,Daisy,,,,,,0.0
current_slack,1.0,41.0,Tulip,,,,,,0.0
current_slack,1.0,42.0,Poppy,,,,,,0.0
current_slack,1.0,42.0,Oxlip,,,,,,0.0
current_slack,1.0,42.0,Daisy,,,,,,0.0
current_slack,1.0,42.0,Tulip,,,,,,0.0
current_slack,1.0,43.0,Poppy,,,,,,0.0
current_slack,1.0,43.0,Oxlip,,,,,,0.0
current_slack,1.0,43.0,Daisy,,,,,,0.0
current_slack,1.0,43.0,Tulip,,,,,,0.0
current_slack,1.0,44.0,Poppy,,,,,,0.0
current_slack,1.0,44.0,Oxlip,,,,,,0.0
current_slack,1.0,44.0,Daisy,,,,,,0.0
current_slack,1.0,44.0,Tulip,,,,,,0.0
current_slack,1.0,45.0,Poppy,,,,,,0.0
current_slack,1.0,45.0,Oxlip,,,,,,0.0
current_slack,1.0,45.0,Daisy,,,,,,0.0
current_slack,1.0,45.0,Tulip,,,,,,0.0
current_slack,1.0,46.0,Poppy,,,,,,0.0
current_slack,1.0,46.0,Oxlip,,,,,,0.0
current_slack,1.0,46.0,Daisy,,,,,,0.0
current_slack,1.0,46.0,Tulip,,,,,,0.0
current_slack,1.0,47.0,Poppy,,,,,,0.0
current_slack,1.0,47.0,Oxlip,,,,,,0.0
current_slack,1.0,47.0,Daisy,,,,,,0.0
current_slack,1.0,47.0,Tulip,,,,,,0.0
current_slack,1.0,48.0,Poppy,,,,,,0.0
current_slack,1.0,48.0,Oxlip,,,,,,0.0
current_slack,1.0,48.0,Daisy,,,,,,0.0
current_slack,1.0,48.0,Tulip,,,,,,0.0
current_slack,1.0,49.0,Poppy,,,,,,0.0
current_slack,1.0,49.0,Oxlip,,,,,,0.0
current_slack,1.0,49.0,Daisy,,,,,,0.0
current_slack,1.0,49.0,Tulip,,,,,,0.0
current_slack,1.0,50.0,Poppy,,,,,,0.0
current_slack,1.0,50.0,Oxlip,,,,,,0.0
current_slack,1.0,50.0,Daisy,,,,,,0.0
current_slack,1.0,50.0,Tulip,,,,,,0.0
current_slack,1.0,51.0,Poppy,,,,,,0.0
current_slack,1.0,51.0,Oxlip,,,,,,0.0
current_slack,1.0,51.0,Daisy,,,,,,0.0
current_slack,1.0,51.0,Tulip,,,,,,0.0
current_slack,1.0,52.0,Poppy,,,,,,0.0
current_slack,1.0,52.0,Oxlip,,,,,,0.0
current_slack,1.0,52.0,Daisy,,,,,,0.0
current_slack,1.0,52.0,Tulip,,,,,,0.0
current_slack,1.0,53.0,Poppy,,,,,,0.0
current_slack,1.0,53.0,Oxlip,,,,,,0.0
current_slack,1.0,53.0,Daisy,,,,,,0.0
current_slack,1.0,53.0,Tulip,,,,,,0.0
current_slack,1.0,54.0,Poppy,,,,,,0.0
current_slack,1.0,54.0,Oxlip,,,,,,0.0
current_slack,1.0,54.0,Daisy,,,,,,0.0
current_slack,1.0,54.0,Tulip,,,,,,0.0
current_slack,1.0,55.0,Poppy,,,,,,0.0
current_slack,1.0,55.0,Oxlip,,,,,,0.0
current_slack,1.0,55.0,Daisy,,,,,,0.0
current_slack,1.0,55.0,Tulip,,,,,,0.0
current_slack,1.0,56.0,Poppy,,,,,,0.0
current_slack,1.0,56.0,Oxlip,,,,,,0.0
current_slack,1.0,56.0,Daisy,,,,,,0.0
current_slack,1.0,56.0,Tulip,,,,,,0.0
current_slack,1.0,57.0,Poppy,,,,,,0.0
current_slack,1.0,57.0,Oxlip,,,,,,0.0
current_slack,1.0,57.0,Daisy,,,,,,0.0
current_slack,1.0,57.0,Tulip,,,,,,0.0
current_slack,1.0,58.0,Poppy,,,,,,0.0
current_slack,1.0,58.0,Oxlip,,,,,,0.0
current_slack,1.0,58.0,Daisy,,,,,,0.0
current_slack,1.0,58.0,Tulip,,,,,,0.0
current_slack,1.0,59.0,Poppy,,,,,,0.0
current_slack,1.0,59.0,Oxlip,,,,,,0.0
current_slack,1.0,59.0,Daisy,,,,,,0.0
current_slack,1.0,59.0,Tulip,,,,,,0.0
phi,1.0,,,,,,,,0.0
losses,1.0,0.0,,,,,,,7.073272831181207e-08
losses,1.0,1.0,,,,,,,0.0
losses,1.0,2.0,,,,,,,0.0
losses,1.0,3.0,,,,,,,0.0
losses,1.0,4.0,,,,,,,0.0
losses,1.0,5.0,,,,,,,0.0
losses,1.0,6.0,,,,,,,0.0
losses,1.0,7.0,,,,,,,5.181975883715543e-08
losses,1.0,8.0,,,,,,,1.7123470084950928e-07
losses,1.0,9.0,,,,,,,0.0
losses,1.0,10.0,,,,,,,0.0
losses,1.0,11.0,,,,,,,0.0
losses,1.0,12.0,,,,,,,0.0
losses,1.0,13.0,,,,,,,0.0
losses,1.0,14.0,,,,,,,0.0
losses,1.0,15.0,,,,,,,0.0
losses,1.0,16.0,,,,,,,0.0
losses,1.0,17.0,,,,,,,0.0
losses,1.0,18.0,,,,,,,0.0
losses,1.0,19.0,,,,,,,1.162522510050117e-07
losses,1.0,20.0,,,,,,,3.552182370887863e-05
losses,1.0,21.0,,,,,,,0.0
losses,1.0,22.0,,,,,,,0.0
losses,1.0,23.0,,,,,,,0.0
losses,1.0,24.0,,,,,,,0.0
losses,1.0,25.0,,,,,,,0.0
losses,1.0,26.0,,,,,,,0.0
losses,1.0,27.0,,,,,,,0.0
losses,1.0,28.0,,,,,,,0.0
losses,1.0,29.0,,,,,,,0.0
losses,1.0,30.0,,,,,,,0.0
losses,1.0,31.0,,,,,,,0.0
losses,1.0,32.0,,,,,,,0.0
losses,1.0,33.0,,,,,,,0.0
losses,1.0,34.0,,,,,,,6.283861264388274e-06
losses,1.0,35.0,,,,,,,0.0
losses,1.0,36.0,,,,,,,1.635034659840437e-05
losses,1.0,37.0,,,,,,,1.3767474726800653e-05
losses,1.0,38.0,,,,,,,4.06652880314763e-08
losses,1.0,39.0,,,,,,,0.0
losses,1.0,40.0,,,,,,,0.0
losses,1.0,41.0,,,,,,,0.0
losses,1.0,42.0,,,,,,,0.0
losses,1.0,43.0,,,,,,,2.4882693169545645e-08
losses,1.0,44.0,,,,,,,4.2879599083567975e-06
losses,1.0,45.0,,,,,,,0.0
losses,1.0,46.0,,,,,,,1.4149040559703638e-05
losses,1.0,47.0,,,,,,,1.2034959551804193e-05
losses,1.0,48.0,,,,,,,0.0
losses,1.0,49.0,,,,,,,0.0
losses,1.0,50.0,,,,,,,0.0
losses,1.0,51.0,,,,,,,0.0
losses,1.0,52.0,,,,,,,2.6412415660156714e-06
losses,1.0,53.0,,,,,,,0.0
losses,1.0,54.0,,,,,,,0.0
losses,1.0,55.0,,,,,,,0.0
losses,1.0,56.0,,,,,,,0.0
losses,1.0,57.0,,,,,,,0.0
losses,1.0,58.0,,,,,,,0.0
losses,1.0,59.0,,,,,,,0.0
active_power_k,1.0,0.0,Poppy,,,,,,0.003003327554708026
active_power_k,1.0,0.0,Oxlip,,,,,,0.0
active_power_k,1.0,0.0,Daisy,,,,,,0.0
active_power_k,1.0,0.0,Tulip,,,,,,0.0
active_power_k,1.0,1.0,Poppy,,,,,,0.0
active_power_k,1.0,1.0,Oxlip,,,,,,0.0
active_power_k,1.0,1.0,Daisy,,,,,,0.0
active_power_k,1.0,1.0,Tulip,,,,,,0.0
active_power_k,1.0,2.0,Poppy,,,,,,0.0
active_power_k,1.0,2.0,Oxlip,,,,,,0.0
active_power_k,1.0,2.0,Daisy,,,,,,0.0
active_power_k,1.0,2.0,Tulip,,,,,,0.0
active_power_k,1.0,3.0,Poppy,,,,,,0.0
active_power_k,1.0,3.0,Oxlip,,,,,,0.0
active_power_k,1.0,3.0,Daisy,,,,,,0.0
active_power_k,1.0,3.0,Tulip,,,,,,0.0
active_power_k,1.0,4.0,Poppy,,,,,,0.0
active_power_k,1.0,4.0,Oxlip,,,,,,0.0
active_power_k,1.0,4.0,Daisy,,,,,,0.0
active_power_k,1.0,4.0,Tulip,,,,,,0.0
active_power_k,1.0,5.0,Poppy,,,,,,0.0
active_power_k,1.0,5.0,Oxlip,,,,,,0.0
active_power_k,1.0,5.0,Daisy,,,,,,0.0
active_power_k,1.0,5.0,Tulip,,,,,,0.0
active_power_k,1.0,6.0,Poppy,,,,,,0.0
active_power_k,1.0,6.0,Oxlip,,,,,,0.0
active_power_k,1.0,6.0,Daisy,,,,,,0.0
active_power_k,1.0,6.0,Tulip,,,,,,0.0
active_power_k,1.0,7.0,Poppy,,,,,,-0.002897815259403462
active_power_k,1.0,7.0,Oxlip,,,,,,0.0
active_power_k,1.0,7.0,Daisy,,,,,,0.0
active_power_k,1.0,7.0,Tulip,,,,,,0.0
active_power_k,1.0,8.0,Poppy,,,,,,0.01151401894216657
active_power_k,1.0,8.0,Oxlip,,,,,,0.0
active_power_k,1.0,8.0,Daisy,,,,,,0.0
active_power_k,1.0,8.0,Tulip,,,,,,0.0
active_power_k,1.0,9.0,Poppy,,,,,,0.0
active_power_k,1.0,9.0,Oxlip,,,,,,0.0
active_power_k,1.0,9.0,Daisy,,,,,,0.0
active_power_k,1.0,9.0,Tulip,,,,,,0.0
active_power_k,1.0,10.0,Poppy,,,,,,0.0
active_power_k,1.0,10.0,Oxlip,,,,,,0.0
active_power_k,1.0,10.0,Daisy,,,,,,0.0
active_power_k,1.0,10.0,Tulip,,,,,,0.0
active_power_k,1.0,11.0,Poppy,,,,,,0.0
active_power_k,1.0,11.0,Oxlip,,,,,,0.0
active_power_k,1.0,11.0,Daisy,,,,,,0.0
active_power_k,1.0,11.0,Tulip,,,,,,0.0
active_power_k,1.0,12.0,Poppy,,,,,,0.0
active_power_k,1.0,12.0,Oxlip,,,,,,0.0
active_power_k,1.0,12.0,Daisy,,,,,,0.0
active_power_k,1.0,12.0,Tulip,,,,,,0.0
active_power_k,1.0,13.0,Poppy,,,,,,0.0
active_power_k,1.0,13.0,Oxlip,,,,,,0.0
active_power_k,1.0,13.0,Daisy,,,,,,0.0
active_power_k,1.0,13.0,Tulip,,,,,,0.0
active_power_k,1.0,14.0,Poppy,,,,,,0.0
active_power_k,1.0,14.0,Oxlip,,,,,,0.0
active_power_k,1.0,14.0,Daisy,,,,,,0.0
active_power_k,1.0,14.0,Tulip,,,,,,0.0
active_power_k,1.0,15.0,Poppy,,,,,,0.0
active_power_k,1.0,15.0,Oxlip,,,,,,0.0
active_power_k,1.0,15.0,Daisy,,,,,,0.0
active_power_k,1.0,15.0,Tulip,,,,,,0.0
active_power_k,1.0,16.0,Poppy,,,,,,0.0
active_power_k,1.0,16.0,Oxlip,,,,,,0.0
active_power_k,1.0,16.0,Daisy,,,,,,0.0
active_power_k,1.0,16.0,Tulip,,,,,,0.0
active_power_k,1.0,17.0,Poppy,,,,,,0.0018576867708675546
active_power_k,1.0,17.0,Oxlip,,,,,,0.0
active_power_k,1.0,17.0,Daisy,,,,,,0.0
active_power_k,1.0,17.0,Tulip,,,,,,0.0
active_power_k,1.0,18.0,Poppy,,,,,,0.0
active_power_k,1.0,18.0,Oxlip,,,,,,0.0
active_power_k,1.0,18.0,Daisy,,,,,,0.0
active_power_k,1.0,18.0,Tulip,,,,,,0.0
active_power_k,1.0,19.0,Poppy,,,,,,0.011315975551769329
active_power_k,1.0,19.0,Oxlip,,,,,,0.0
active_power_k,1.0,19.0,Daisy,,,,,,0.0
active_power_k,1.0,19.0,Tulip,,,,,,0.0
active_power_k,1.0,20.0,Poppy,,,,,,-0.008510762120186855
active_power_k,1.0,20.0,Oxlip,,,,,,0.0
active_power_k,1.0,20.0,Daisy,,,,,,0.0
active_power_k,1.0,20.0,Tulip,,,,,,0.0
active_power_k,1.0,21.0,Poppy,,,,,,0.0
active_power_k,1.0,21.0,Oxlip,,,,,,0.0
active_power_k,1.0,21.0,Daisy,,,,,,0.0
active_power_k,1.0,21.0,Tulip,,,,,,0.0
active_power_k,1.0,22.0,Poppy,,,,,,0.0
active_power_k,1.0,22.0,Oxlip,,,,,,0.0
active_power_k,1.0,22.0,Daisy,,,,,,0.0
active_power_k,1.0,22.0,Tulip,,,,,,0.0
active_power_k,1.0,23.0,Poppy,,,,,,0.0
active_power_k,1.0,23.0,Oxlip,,,,,,0.0
active_power_k,1.0,23.0,Daisy,,,,,,0.0
active_power_k,1.0,23.0,Tulip,,,,,,0.0
active_power_k,1.0,24.0,Poppy,,,,,,0.0
active_power_k,1.0,24.0,Oxlip,,,,,,0.0
active_power_k,1.0,24.0,Daisy,,,,,,0.0
active_power_k,1.0,24.0,Tulip,,,,,,0.0
active_power_k,1.0,25.0,Poppy,,,,,,0.0
active_power_k,1.0,25.0,Oxlip,,,,,,0.0
active_power_k,1.0,25.0,Daisy,,,,,,0.0
active_power_k,1.0,25.0,Tulip,,,,,,0.0
active_power_k,1.0,26.0,Poppy,,,,,,0.0
active_power_k,1.0,26.0,Oxlip,,,,,,0.0
active_power_k,1.0,26.0,Daisy,,,,,,0.0
active_power_k,1.0,26.0,Tulip,,,,,,0.0
active_power_k,1.0,27.0,Poppy,,,,,,0.0
active_power_k,1.0,27.0,Oxlip,,,,,,0.0
active_power_k,1.0,27.0,Daisy,,,,,,0.0
active_power_k,1.0,27.0,Tulip,,,,,,0.0
active_power_k,1.0,28.0,Poppy,,,,,,0.0
active_power_k,1.0,28.0,Oxlip,,,,,,0.0
active_power_k,1.0,28.0,Daisy,,,,,,0.0
active_power_k,1.0,28.0,Tulip,,,,,,0.0
active_power_k,1.0,29.0,Poppy,,,,,,0.0
active_power_k,1.0,29.0,Oxlip,,,,,,0.0
active_power_k,1.0,29.0,Daisy,,,,,,0.0
active_power_k,1.0,29.0,Tulip,,,,,,0.0
active_power_k,1.0,30.0,Poppy,,,,,,0.0
active_power_k,1.0,30.0,Oxlip,,,,,,0.0
active_power_k,1.0,30.0,Daisy,,,,,,0.0
active_power_k,1.0,30.0,Tulip,,,,,,0.0
active_power_k,1.0,31.0,Poppy,,,,,,0.0
active_power_k,1.0,31.0,Oxlip,,,,,,0.0
active_power_k,1.0,31.0,Daisy,,,,,,0.0
active_power_k,1.0,31.0,Tulip,,,,,,0.0
active_power_k,1.0,32.0,Poppy,,,,,,0.0
active_power_k,1.0,32.0,Oxlip,,,,,,0.0
active_power_k,1.0,32.0,Daisy,,,,,,0.0
active_power_k,1.0,32.0,Tulip,,,,,,0.0
active_power_k,1.0,33.0,Poppy,,,,,,0.0
active_power_k,1.0,33.0,Oxlip,,,,,,0.0
active_power_k,1.0,33.0,Daisy,,,,,,0.0
active_power_k,1.0,33.0,Tulip,,,,,,0.0
active_power_k,1.0,34.0,Poppy,,,,,,-0.0027429307797433703
active_power_k,1.0,34.0,Oxlip,,,,,,0.0
active_power_k,1.0,34.0,Daisy,,,,,,0.0
active_power_k,1.0,34.0,Tulip,,,,,,0.0
active_power_k,1.0,35.0,Poppy,,,,,,0.0
active_power_k,1.0,35.0,Oxlip,,,,,,0.0
active_power_k,1.0,35.0,Daisy,,,,,,0.0
active_power_k,1.0,35.0,Tulip,,,,,,0.0
active_power_k,1.0,36.0,Poppy,,,,,,-0.0048662120909472965
active_power_k,1.0,36.0,Oxlip,,,,,,0.0
active_power_k,1.0,36.0,Daisy,,,,,,0.0
active_power_k,1.0,36.0,Tulip,,,,,,0.0
active_power_k,1.0,37.0,Poppy,,,,,,-0.008462386531108515
active_power_k,1.0,37.0,Oxlip,,,,,,0.0
active_power_k,1.0,37.0,Daisy,,,,,,0.0
active_power_k,1.0,37.0,Tulip,,,,,,0.0
active_power_k,1.0,38.0,Poppy,,,,,,-0.008981978724502567
active_power_k,1.0,38.0,Oxlip,,,,,,0.0
active_power_k,1.0,38.0,Daisy,,,,,,0.0
active_power_k,1.0,38.0,Tulip,,,,,,0.0
active_power_k,1.0,39.0,Poppy,,,,,,0.0
active_power_k,1.0,39.0,Oxlip,,,,,,0.0
active_power_k,1.0,39.0,Daisy,,,,,,0.0
active_power_k,1.0,39.0,Tulip,,,,,,0.0
active_power_k,1.0,40.0,Poppy,,,,,,-0.004738823272247148
active_power_k,1.0,40.0,Oxlip,,,,,,0.0
active_power_k,1.0,40.0,Daisy,,,,,,0.0
active_power_k,1.0,40.0,Tulip,,,,,,0.0
active_power_k,1.0,41.0,Poppy,,,,,,0.0
active_power_k,1.0,41.0,Oxlip,,,,,,0.0
active_power_k,1.0,41.0,Daisy,,,,,,0.0
active_power_k,1.0,41.0,Tulip,,,,,,0.0
active_power_k,1.0,42.0,Poppy,,,,,,0.0
active_power_k,1.0,42.0,Oxlip,,,,,,0.0
active_power_k,1.0,42.0,Daisy,,,,,,0.0
active_power_k,1.0,42.0,Tulip,,,,,,0.0
active_power_k,1.0,43.0,Poppy,,,,,,0.005704193794276154
active_power_k,1.0,43.0,Oxlip,,,,,,0.0
active_power_k,1.0,43.0,Daisy,,,,,,0.0
active_power_k,1.0,43.0,Tulip,,,,,,0.0
active_power_k,1.0,44.0,Poppy,,,,,,0.002846712657705561
active_power_k,1.0,44.0,Oxlip,,,,,,0.0
active_power_k,1.0,44.0,Daisy,,,,,,0.0
active_power_k,1.0,44.0,Tulip,,,,,,0.0
active_power_k,1.0,45.0,Poppy,,,,,,0.0
active_power_k,1.0,45.0,Oxlip,,,,,,0.0
active_power_k,1.0,45.0,Daisy,,,,,,0.0
active_power_k,1.0,45.0,Tulip,,,,,,0.0
active_power_k,1.0,46.0,Poppy,,,,,,-0.0025
active_power_k,1.0,46.0,Oxlip,,,,,,0.0
active_power_k,1.0,46.0,Daisy,,,,,,0.0
active_power_k,1.0,46.0,Tulip,,,,,,0.0
active_power_k,1.0,47.0,Poppy,,,,,,-0.002
active_power_k,1.0,47.0,Oxlip,,,,,,0.0
active_power_k,1.0,47.0,Daisy,,,,,,0.0
active_power_k,1.0,47.0,Tulip,,,,,,0.0
active_power_k,1.0,48.0,Poppy,,,,,,0.0
active_power_k,1.0,48.0,Oxlip,,,,,,0.0
active_power_k,1.0,48.0,Daisy,,,,,,0.0
active_power_k,1.0,48.0,Tulip,,,,,,0.0
active_power_k,1.0,49.0,Poppy,,,,,,0.0
active_power_k,1.0,49.0,Oxlip,,,,,,0.0
active_power_k,1.0,49.0,Daisy,,,,,,0.0
active_power_k,1.0,49.0,Tulip,,,,,,0.0
active_power_k,1.0,50.0,Poppy,,,,,,0.0
active_power_k,1.0,50.0,Oxlip,,,,,,0.0
active_power_k,1.0,50.0,Daisy,,,,,,0.0
active_power_k,1.0,50.0,Tulip,,,,,,0.0
active_power_k,1.0,51.0,Poppy,,,,,,0.0
active_power_k,1.0,51.0,Oxlip,,,,,,0.0
active_power_k,1.0,51.0,Daisy,,,,,,0.0
active_power_k,1.0,51.0,Tulip,,,,,,0.0
active_power_k,1.0,52.0,Poppy,,,,,,-0.0014073093445915506
active_power_k,1.0,52.0,Oxlip,,,,,,0.0
active_power_k,1.0,52.0,Daisy,,,,,,0.0
active_power_k,1.0,52.0,Tulip,,,,,,0.0
active_power_k,1.0,53.0,Poppy,,,,,,-0.0012
active_power_k,1.0,53.0,Oxlip,,,,,,0.0
active_power_k,1.0,53.0,Daisy,,,,,,0.0
active_power_k,1.0,53.0,Tulip,,,,,,0.0
active_power_k,1.0,54.0,Poppy,,,,,,0.0
active_power_k,1.0,54.0,Oxlip,,,,,,0.0
active_power_k,1.0,54.0,Daisy,,,,,,0.0
active_power_k,1.0,54.0,Tulip,,,,,,0.0
active_power_k,1.0,55.0,Poppy,,,,,,0.0
active_power_k,1.0,55.0,Oxlip,,,,,,0.0
active_power_k,1.0,55.0,Daisy,,,,,,0.0
active_power_k,1.0,55.0,Tulip,,,,,,0.0
active_power_k,1.0,56.0,Poppy,,,,,,0.0
active_power_k,1.0,56.0,Oxlip,,,,,,0.0
active_power_k,1.0,56.0,Daisy,,,,,,0.0
active_power_k,1.0,56.0,Tulip,,,,,,0.0
active_power_k,1.0,57.0,Poppy,,,,,,0.0
active_power_k,1.0,57.0,Oxlip,,,,,,0.0
active_power_k,1.0,57.0,Daisy,,,,,,0.0
active_power_k,1.0,57.0,Tulip,,,,,,0.0
active_power_k,1.0,58.0,Poppy,,,,,,0.0
active_power_k,1.0,58.0,Oxlip,,,,,,0.0
active_power_k,1.0,58.0,Daisy,,,,,,0.0
active_power_k,1.0,58.0,Tulip,,,,,,0.0
active_power_k,1.0,59.0,Poppy,,,,,,0.0
active_power_k,1.0,59.0,Oxlip,,,,,,0.0
active_power_k,1.0,59.0,Daisy,,,,,,0.0
active_power_k,1.0,59.0,Tulip,,,,,,0.0
active_power,1.0,0.0,,,,,,,0.003003327554708026
active_power,1.0,1.0,,,,,,,0.0
active_power,1.0,2.0,,,,,,,0.0
active_power,1.0,3.0,,,,,,,0.0
active_power,1.0,4.0,,,,,,,0.0
active_power,1.0,5.0,,,,,,,0.0
active_power,1.0,6.0,,,,,,,0.0
active_power,1.0,7.0,,,,,,,-0.002897815259403462
active_power,1.0,8.0,,,,,,,0.01151401894216657
active_power,1.0,9.0,,,,,,,0.0
active_power,1.0,10.0,,,,,,,0.0
active_power,1.0,11.0,,,,,,,0.0
active_power,1.0,12.0,,,,,,,0.0
active_power,1.0,13.0,,,,,,,0.0
active_power,1.0,14.0,,,,,,,0.0
active_power,1.0,15.0,,,,,,,0.0
active_power,1.0,16.0,,,,,,,0.0
active_power,1.0,17.0,,,,,,,0.0018576867708675546
active_power,1.0,18.0,,,,,,,0.0
active_power,1.0,19.0,,,,,,,0.011315975551769329
active_power,1.0,20.0,,,,,,,-0.008510762120186855
active_power,1.0,21.0,,,,,,,0.0
active_power,1.0,22.0,,,,,,,0.0
active_power,1.0,23.0,,,,,,,0.0
active_power,1.0,24.0,,,,,,,0.0
active_power,1.0,25.0,,,,,,,0.0
active_power,1.0,26.0,,,,,,,0.0
active_power,1.0,27.0,,,,,,,0.0
active_power,1.0,28.0,,,,,,,0.0
active_power,1.0,29.0,,,,,,,0.0
active_power,1.0,30.0,,,,,,,0.0
active_power,1.0,31.0,,,,,,,0.0
active_power,1.0,32.0,,,,,,,0.0
active_power,1.0,33.0,,,,,,,0.0
active_power,1.0,34.0,,,,,,,-0.0027429307797433703
active_power,1.0,35.0,,,,,,,0.0
active_power,1.0,36.0,,,,,,,-0.0048662120909472965
active_power,1.0,37.0,,,,,,,-0.008462386531108515
active_power,1.0,38.0,,,,,,,-0.008981978724502567
active_power,1.0,39.0,,,,,,,0.0
active_power,1.0,40.0,,,,,,,-0.004738823272247148
active_power,1.0,41.0,,,,,,,0.0
active_power,1.0,42.0,,,,,,,0.0
active_power,1.0,43.0,,,,,,,0.005704193794276154
active_power,1.0,44.0,,,,,,,0.002846712657705561
active_power,1.0,45.0,,,,,,,0.0
active_power,1.0,46.0,,,,,,,-0.0025
active_power,1.0,47.0,,,,,,,-0.002
active_power,1.0,48.0,,,,,,,0.0
active_power,1.0,49.0,,,,,,,0.0
active_power,1.0,50.0,,,,,,,0.0
active_power,1.0,51.0,,,,,,,0.0
active_power,1.0,52.0,,,,,,,-0.0014073093445915506
active_power,1.0,53.0,,,,,,,-0.0012
active_power,1.0,54.0,,,,,,,0.0
active_power,1.0,55.0,,,,,,,0.0
active_power,1.0,56.0,,,,,,,0.0
active_power,1.0,57.0,,,,,,,0.0
active_power,1.0,58.0,,,,,,,0.0
active_power,1.0,59.0,,,,,,,0.0
reactive_power_k,1.0,0.0,Poppy,,,,,,0.0074568918791374705
reactive_power_k,1.0,0.0,Oxlip,,,,,,0.0
reactive_power_k,1.0,0.0,Daisy,,,,,,0.0
reactive_power_k,1.0,0.0,Tulip,,,,,,0.0
reactive_power_k,1.0,1.0,Poppy,,,,,,0.0
reactive_power_k,1.0,1.0,Oxlip,,,,,,0.0
reactive_power_k,1.0,1.0,Daisy,,,,,,0.0
reactive_power_k,1.0,1.0,Tulip,,,,,,0.0
reactive_power_k,1.0,2.0,Poppy,,,,,,0.0
reactive_power_k,1.0,2.0,Oxlip,,,,,,0.0
reactive_power_k,1.0,2.0,Daisy,,,,,,0.0
reactive_power_k,1.0,2.0,Tulip,,,,,,0.0
reactive_power_k,1.0,3.0,Poppy,,,,,,0.0
reactive_power_k,1.0,3.0,Oxlip,,,,,,0.0
reactive_power_k,1.0,3.0,Daisy,,,,,,0.0
reactive_power_k,1.0,3.0,Tulip,,,,,,0.0
reactive_power_k,1.0,4.0,Poppy,,,,,,0.0
reactive_power_k,1.0,4.0,Oxlip,,,,,,0.0
reactive_power_k,1.0,4.0,Daisy,,,,,,0.0
reactive_power_k,1.0,4.0,Tulip,,,,,,0.0
reactive_power_k,1.0,5.0,Poppy,,,,,,0.0
reactive_power_k,1.0,5.0,Oxlip,,,,,,0.0
reactive_power_k,1.0,5.0,Daisy,,,,,,0.0
reactive_power_k,1.0,5.0,Tulip,,,,,,0.0
reactive_power_k,1.0,6.0,Poppy,,,,,,0.0
reactive_power_k,1.0,6.0,Oxlip,,,,,,0.0
reactive_power_k,1.0,6.0,Daisy,,,,,,0.0
reactive_power_k,1.0,6.0,Tulip,,,,,,0.0
reactive_power_k,1.0,7.0,Poppy,,,,,,0.002897815259403462
reactive_power_k,1.0,7.0,Oxlip,,,,,,0.0
reactive_power_k,1.0,7.0,Daisy,,,,,,0.0
reactive_power_k,1.0,7.0,Tulip,,,,,,0.0
reactive_power_k,1.0,8.0,Poppy,,,,,,0.008513972264088319
reactive_power_k,1.0,8.0,Oxlip,,,,,,0.0
reactive_power_k,1.0,8.0,Daisy,,,,,,0.0
reactive_power_k,1.0,8.0,Tulip,,,,,,0.0
reactive_power_k,1.0,9.0,Poppy,,,,,,0.0
reactive_power_k,1.0,9.0,Oxlip,,,,,,0.0
reactive_power_k,1.0,9.0,Daisy,,,,,,0.0
reactive_power_k,1.0,9.0,Tulip,,,,,,0.0
reactive_power_k,1.0,10.0,Poppy,,,,,,0.0
reactive_power_k,1.0,10.0,Oxlip,,,,,,0.0
reactive_power_k,1.0,10.0,Daisy,,,,,,0.0
reactive_power_k,1.0,10.0,Tulip,,,,,,0.0
reactive_power_k,1.0,11.0,Poppy,,,,,,0.0
reactive_power_k,1.0,11.0,Oxlip,,,,,,0.0
reactive_power_k,1.0,11.0,Daisy,,,,,,0.0
reactive_power_k,1.0,11.0,Tulip,,,,,,0.0
reactive_power_k,1.0,12.0,Poppy,,,,,,0.0
reactive_power_k,1.0,12.0,Oxlip,,,,,,0.0
reactive_power_k,1.0,12.0,Daisy,,,,,,0.0
reactive_power_k,1.0,12.0,Tulip,,,,,,0.0
reactive_power_k,1.0,13.0,Poppy,,,,,,0.0
reactive_power_k,1.0,13.0,Oxlip,,,,,,0.0
reactive_power_k,1.0,13.0,Daisy,,,,,,0.0
reactive_power_k,1.0,13.0,Tulip,,,,,,0.0
reactive_power_k,1.0,14.0,Poppy,,,,,,0.0
reactive_power_k,1.0,14.0,Oxlip,,,,,,0.0
reactive_power_k,1.0,14.0,Daisy,,,,,,0.0
reactive_power_k,1.0,14.0,Tulip,,,,,,0.0
reactive_power_k,1.0,15.0,Poppy,,,,,,0.0
reactive_power_k,1.0,15.0,Oxlip,,,,,,0.0
reactive_power_k,1.0,15.0,Daisy,,,,,,0.0
reactive_power_k,1.0,15.0,Tulip,,,,,,0.0
reactive_power_k,1.0,16.0,Poppy,,,,,,0.0
reactive_power_k,1.0,16.0,Oxlip,,,,,,0.0
reactive_power_k,1.0,16.0,Daisy,,,,,,0.0
reactive_power_k,1.0,16.0,Tulip,,,,,,0.0
reactive_power_k,1.0,17.0,Poppy,,,,,,-0.0021423132291324455
reactive_power_k,1.0,17.0,Oxlip,,,,,,0.0
reactive_power_k,1.0,17.0,Daisy,,,,,,0.0
reactive_power_k,1.0,17.0,Tulip,,,,,,0.0
reactive_power_k,1.0,18.0,Poppy,,,,,,0.0
reactive_power_k,1.0,18.0,Oxlip,,,,,,0.0
reactive_power_k,1.0,18.0,Daisy,,,,,,0.0
reactive_power_k,1.0,18.0,Tulip,,,,,,0.0
reactive_power_k,1.0,19.0,Poppy,,,,,,0.008315944462065161
reactive_power_k,1.0,19.0,Oxlip,,,,,,0.0
reactive_power_k,1.0,19.0,Daisy,,,,,,0.0
reactive_power_k,1.0,19.0,Tulip,,,,,,0.0
reactive_power_k,1.0,20.0,Poppy,,,,,,-0.0010571355364238507
reactive_power_k,1.0,20.0,Oxlip,,,,,,0.0
reactive_power_k,1.0,20.0,Daisy,,,,,,0.0
reactive_power_k,1.0,20.0,Tulip,,,,,,0.0
reactive_power_k,1.0,21.0,Poppy,,,,,,0.0
reactive_power_k,1.0,21.0,Oxlip,,,,,,0.0
reactive_power_k,1.0,21.0,Daisy,,,,,,0.0
reactive_power_k,1.0,21.0,Tulip,,,,,,0.0
reactive_power_k,1.0,22.0,Poppy,,,,,,0.0
reactive_power_k,1.0,22.0,Oxlip,,,,,,0.0
reactive_power_k,1.0,22.0,Daisy,,,,,,0.0
reactive_power_k,1.0,22.0,Tulip,,,,,,0.0
reactive_power_k,1.0,23.0,Poppy,,,,,,0.0
reactive_power_k,1.0,23.0,Oxlip,,,,,,0.0
reactive_power_k,1.0,23.0,Daisy,,,,,,0.0
reactive_power_k,1.0,23.0,Tulip,,,,,,0.0
reactive_power_k,1.0,24.0,Poppy,,,,,,0.0
reactive_power_k,1.0,24.0,Oxlip,,,,,,0.0
reactive_power_k,1.0,24.0,Daisy,,,,,,0.0
reactive_power_k,1.0,24.0,Tulip,,,,,,0.0
reactive_power_k,1.0,25.0,Poppy,,,,,,0.0
reactive_power_k,1.0,25.0,Oxlip,,,,,,0.0
reactive_power_k,1.0,25.0,Daisy,,,,,,0.0
reactive_power_k,1.0,25.0,Tulip,,,,,,0.0
reactive_power_k,1.0,26.0,Poppy,,,,,,0.0
reactive_power_k,1.0,26.0,Oxlip,,,,,,0.0
reactive_power_k,1.0,26.0,Daisy,,,,,,0.0
reactive_power_k,1.0,26.0,Tulip,,,,,,0.0
reactive_power_k,1.0,27.0,Poppy,,,,,,0.0
reactive_power_k,1.0,27.0,Oxlip,,,,,,0.0
reactive_power_k,1.0,27.0,Daisy,,,,,,0.0
reactive_power_k,1.0,27.0,Tulip,,,,,,0.0
reactive_power_k,1.0,28.0,Poppy,,,,,,0.0
reactive_power_k,1.0,28.0,Oxlip,,,,,,0.0
reactive_power_k,1.0,28.0,Daisy,,,,,,0.0
reactive_power_k,1.0,28.0,Tulip,,,,,,0.0
reactive_power_k,1.0,29.0,Poppy,,,,,,0.0
reactive_power_k,1.0,29.0,Oxlip,,,,,,0.0
reactive_power_k,1.0,29.0,Daisy,,,,,,0.0
reactive_power_k,1.0,29.0,Tulip,,,,,,0.0
reactive_power_k,1.0,30.0,Poppy,,,,,,0.0
reactive_power_k,1.0,30.0,Oxlip,,,,,,0.0
reactive_power_k,1.0,30.0,Daisy,,,,,,0.0
reactive_power_k,1.0,30.0,Tulip,,,,,,0.0
reactive_power_k,1.0,31.0,Poppy,,,,,,0.0
reactive_power_k,1.0,31.0,Oxlip,,,,,,0.0
reactive_power_k,1.0,31.0,Daisy,,,,,,0.0
reactive_power_k,1.0,31.0,Tulip,,,,,,0.0
reactive_power_k,1.0,32.0,Poppy,,,,,,0.0
reactive_power_k,1.0,32.0,Oxlip,,,,,,0.0
reactive_power_k,1.0,32.0,Daisy,,,,,,0.0
reactive_power_k,1.0,32.0,Tulip,,,,,,0.0
reactive_power_k,1.0,33.0,Poppy,,,,,,0.0
reactive_power_k,1.0,33.0,Oxlip,,,,,,0.0
reactive_power_k,1.0,33.0,Daisy,,,,,,0.0
reactive_power_k,1.0,33.0,Tulip,,,,,,0.0
reactive_power_k,1.0,34.0,Poppy,,,,,,-0.0004342717791352693
reactive_power_k,1.0,34.0,Oxlip,,,,,,0.0
reactive_power_k,1.0,34.0,Daisy,,,,,,0.0
reactive_power_k,1.0,34.0,Tulip,,,,,,0.0
reactive_power_k,1.0,35.0,Poppy,,,,,,0.0
reactive_power_k,1.0,35.0,Oxlip,,,,,,0.0
reactive_power_k,1.0,35.0,Daisy,,,,,,0.0
reactive_power_k,1.0,35.0,Tulip,,,,,,0.0
reactive_power_k,1.0,36.0,Poppy,,,,,,-0.0004342717791352693
reactive_power_k,1.0,36.0,Oxlip,,,,,,0.0
reactive_power_k,1.0,36.0,Daisy,,,,,,0.0
reactive_power_k,1.0,36.0,Tulip,,,,,,0.0
reactive_power_k,1.0,37.0,Poppy,,,,,,-0.0024073128199779818
reactive_power_k,1.0,37.0,Oxlip,,,,,,0.0
reactive_power_k,1.0,37.0,Daisy,,,,,,0.0
reactive_power_k,1.0,37.0,Tulip,,,,,,0.0
reactive_power_k,1.0,38.0,Poppy,,,,,,-0.005981978724502565
reactive_power_k,1.0,38.0,Oxlip,,,,,,0.0
reactive_power_k,1.0,38.0,Daisy,,,,,,0.0
reactive_power_k,1.0,38.0,Tulip,,,,,,0.0
reactive_power_k,1.0,39.0,Poppy,,,,,,0.0
reactive_power_k,1.0,39.0,Oxlip,,,,,,0.0
reactive_power_k,1.0,39.0,Daisy,,,,,,0.0
reactive_power_k,1.0,39.0,Tulip,,,,,,0.0
reactive_power_k,1.0,40.0,Poppy,,,,,,-0.003738823272247147
reactive_power_k,1.0,40.0,Oxlip,,,,,,0.0
reactive_power_k,1.0,40.0,Daisy,,,,,,0.0
reactive_power_k,1.0,40.0,Tulip,,,,,,0.0
reactive_power_k,1.0,41.0,Poppy,,,,,,0.0
reactive_power_k,1.0,41.0,Oxlip,,,,,,0.0
reactive_power_k,1.0,41.0,Daisy,,,,,,0.0
reactive_power_k,1.0,41.0,Tulip,,,,,,0.0
reactive_power_k,1.0,42.0,Poppy,,,,,,0.0
reactive_power_k,1.0,42.0,Oxlip,,,,,,0.0
reactive_power_k,1.0,42.0,Daisy,,,,,,0.0
reactive_power_k,1.0,42.0,Tulip,,,,,,0.0
reactive_power_k,1.0,43.0,Poppy,,,,,,0.0037041883130285854
reactive_power_k,1.0,43.0,Oxlip,,,,,,0.0
reactive_power_k,1.0,43.0,Daisy,,,,,,0.0
reactive_power_k,1.0,43.0,Tulip,,,,,,0.0
reactive_power_k,1.0,44.0,Poppy,,,,,,0.0
reactive_power_k,1.0,44.0,Oxlip,,,,,,0.0
reactive_power_k,1.0,44.0,Daisy,,,,,,0.0
reactive_power_k,1.0,44.0,Tulip,,,,,,0.0
reactive_power_k,1.0,45.0,Poppy,,,,,,0.0
reactive_power_k,1.0,45.0,Oxlip,,,,,,0.0
reactive_power_k,1.0,45.0,Daisy,,,,,,0.0
reactive_power_k,1.0,45.0,Tulip,,,,,,0.0
reactive_power_k,1.0,46.0,Poppy,,,,,,-0.004
reactive_power_k,1.0,46.0,Oxlip,,,,,,0.0
reactive_power_k,1.0,46.0,Daisy,,,,,,0.0
reactive_power_k,1.0,46.0,Tulip,,,,,,0.0
reactive_power_k,1.0,47.0,Poppy,,,,,,-0.003
reactive_power_k,1.0,47.0,Oxlip,,,,,,0.0
reactive_power_k,1.0,47.0,Daisy,,,,,,0.0
reactive_power_k,1.0,47.0,Tulip,,,,,,0.0
reactive_power_k,1.0,48.0,Poppy,,,,,,0.0
reactive_power_k,1.0,48.0,Oxlip,,,,,,0.0
reactive_power_k,1.0,48.0,Daisy,,,,,,0.0
reactive_power_k,1.0,48.0,Tulip,,,,,,0.0
reactive_power_k,1.0,49.0,Poppy,,,,,,0.0
reactive_power_k,1.0,49.0,Oxlip,,,,,,0.0
reactive_power_k,1.0,49.0,Daisy,,,,,,0.0
reactive_power_k,1.0,49.0,Tulip,,,,,,0.0
reactive_power_k,1.0,50.0,Poppy,,,,,,0.0
reactive_power_k,1.0,50.0,Oxlip,,,,,,0.0
reactive_power_k,1.0,50.0,Daisy,,,,,,0.0
reactive_power_k,1.0,50.0,Tulip,,,,,,0.0
reactive_power_k,1.0,51.0,Poppy,,,,,,0.0
reactive_power_k,1.0,51.0,Oxlip,,,,,,0.0
reactive_power_k,1.0,51.0,Daisy,,,,,,0.0
reactive_power_k,1.0,51.0,Tulip,,,,,,0.0
reactive_power_k,1.0,52.0,Poppy,,,,,,0.0005921088333840928
reactive_power_k,1.0,52.0,Oxlip,,,,,,0.0
reactive_power_k,1.0,52.0,Daisy,,,,,,0.0
reactive_power_k,1.0,52.0,Tulip,,,,,,0.0
reactive_power_k,1.0,53.0,Poppy,,,,,,-0.001
reactive_power_k,1.0,53.0,Oxlip,,,,,,0.0
reactive_power_k,1.0,53.0,Daisy,,,,,,0.0
reactive_power_k,1.0,53.0,Tulip,,,,,,0.0
reactive_power_k,1.0,54.0,Poppy,,,,,,0.0
reactive_power_k,1.0,54.0,Oxlip,,,,,,0.0
reactive_power_k,1.0,54.0,Daisy,,,,,,0.0
reactive_power_k,1.0,54.0,Tulip,,,,,,0.0
reactive_power_k,1.0,55.0,Poppy,,,,,,0.0
reactive_power_k,1.0,55.0,Oxlip,,,,,,0.0
reactive_power_k,1.0,55.0,Daisy,,,,,,0.0
reactive_power_k,1.0,55.0,Tulip,,,,,,0.0
reactive_power_k,1.0,56.0,Poppy,,,,,,0.0
reactive_power_k,1.0,56.0,Oxlip,,,,,,0.0
reactive_power_k,1.0,56.0,Daisy,,,,,,0.0
reactive_power_k,1.0,56.0,Tulip,,,,,,0.0
reactive_power_k,1.0,57.0,Poppy,,,,,,0.0
reactive_power_k,1.0,57.0,Oxlip,,,,,,0.0
reactive_power_k,1.0,57.0,Daisy,,,,,,0.0
reactive_power_k,1.0,57.0,Tulip,,,,,,0.0
reactive_power_k,1.0,58.0,Poppy,,,,,,0.0
reactive_power_k,1.0,58.0,Oxlip,,,,,,0.0
reactive_power_k,1.0,58.0,Daisy,,,,,,0.0
reactive_power_k,1.0,58.0,Tulip,,,,,,0.0
reactive_power_k,1.0,59.0,Poppy,,,,,,0.0
reactive_power_k,1.0,59.0,Oxlip,,,,,,0.0
reactive_power_k,1.0,59.0,Daisy,,,,,,0.0
reactive_power_k,1.0,59.0,Tulip,,,,,,0.0
reactive_power,1.0,0.0,,,,,,,0.0074568918791374705
reactive_power,1.0,1.0,,,,,,,0.0
reactive_power,1.0,2.0,,,,,,,0.0
reactive_power,1.0,3.0,,,,,,,0.0
reactive_power,1.0,4.0,,,,,,,0.0
reactive_power,1.0,5.0,,,,,,,0.0
reactive_power,1.0,6.0,,,,,,,0.0
reactive_power,1.0,7.0,,,,,,,0.002897815259403462
reactive_power,1.0,8.0,,,,,,,0.008513972264088319
reactive_power,1.0,9.0,,,,,,,0.0
reactive_power,1.0,10.0,,,,,,,0.0
reactive_power,1.0,11.0,,,,,,,0.0
reactive_power,1.0,12.0,,,,,,,0.0
reactive_power,1.0,13.0,,,,,,,0.0
reactive_power,1.0,14.0,,,,,,,0.0
reactive_power,1.0,15.0,,,,,,,0.0
reactive_power,1.0,16.0,,,,,,,0.0
reactive_power,1.0,17.0,,,,,,,-0.0021423132291324455
reactive_power,1.0,18.0,,,,,,,0.0
reactive_power,1.0,19.0,,,,,,,0.008315944462065161
reactive_power,1.0,20.0,,,,,,,-0.0010571355364238507
reactive_power,1.0,21.0,,,,,,,0.0
reactive_power,1.0,22.0,,,,,,,0.0
reactive_power,1.0,23.0,,,,,,,0.0
reactive_power,1.0,24.0,,,,,,,0.0
reactive_power,1.0,25.0,,,,,,,0.0
reactive_power,1.0,26.0,,,,,,,0.0
reactive_power,1.0,27.0,,,,,,,0.0
reactive_power,1.0,28.0,,,,,,,0.0
reactive_power,1.0,29.0,,,,,,,0.0
reactive_power,1.0,30.0,,,,,,,0.0
reactive_power,1.0,31.0,,,,,,,0.0
reactive_power,1.0,32.0,,,,,,,0.0
reactive_power,1.0,33.0,,,,,,,0.0
reactive_power,1.0,34.0,,,,,,,-0.0004342717791352693
reactive_power,1.0,35.0,,,,,,,0.0
reactive_power,1.0,36.0,,,,,,,-0.0004342717791352693
reactive_power,1.0,37.0,,,,,,,-0.0024073128199779818
reactive_power,1.0,38.0,,,,,,,-0.005981978724502565
reactive_power,1.0,39.0,,,,,,,0.0
reactive_power,1.0,40.0,,,,,,,-0.003738823272247147
reactive_power,1.0,41.0,,,,,,,0.0
reactive_power,1.0,42.0,,,,,,,0.0
reactive_power,1.0,43.0,,,,,,,0.0037041883130285854
reactive_power,1.0,44.0,,,,,,,0.0
reactive_power,1.0,45.0,,,,,,,0.0
reactive_power,1.0,46.0,,,,,,,-0.004
reactive_power,1.0,47.0,,,,,,,-0.003
reactive_power,1.0,48.0,,,,,,,0.0
reactive_power,1.0,49.0,,,,,,,0.0
reactive_power,1.0,50.0,,,,,,,0.0
reactive_power,1.0,51.0,,,,,,,0.0
reactive_power,1.0,52.0,,,,,,,0.0005921088333840928
reactive_power,1.0,53.0,,,,,,,-0.001
reactive_power,1.0,54.0,,,,,,,0.0
reactive_power,1.0,55.0,,,,,,,0.0
reactive_power,1.0,56.0,,,,,,,0.0
reactive_power,1.0,57.0,,,,,,,0.0
reactive_power,1.0,58.0,,,,,,,0.0
reactive_power,1.0,59.0,,,,,,,0.0
fictitious_power_k,1.0,0.0,Poppy,,,,,,7.0
fictitious_power_k,1.0,0.0,Oxlip,,,,,,0.0
fictitious_power_k,1.0,0.0,Daisy,,,,,,0.0
fictitious_power_k,1.0,0.0,Tulip,,,,,,0.0
fictitious_power_k,1.0,1.0,Poppy,,,,,,0.0
fictitious_power_k,1.0,1.0,Oxlip,,,,,,0.0
fictitious_power_k,1.0,1.0,Daisy,,,,,,0.0
fictitious_power_k,1.0,1.0,Tulip,,,,,,0.0
fictitious_power_k,1.0,2.0,Poppy,,,,,,0.0
fictitious_power_k,1.0,2.0,Oxlip,,,,,,0.0
fictitious_power_k,1.0,2.0,Daisy,,,,,,0.0
fictitious_power_k,1.0,2.0,Tulip,,,,,,0.0
fictitious_power_k,1.0,3.0,Poppy,,,,,,0.0
fictitious_power_k,1.0,3.0,Oxlip,,,,,,0.0
fictitious_power_k,1.0,3.0,Daisy,,,,,,0.0
fictitious_power_k,1.0,3.0,Tulip,,,,,,0.0
fictitious_power_k,1.0,4.0,Poppy,,,,,,0.0
fictitious_power_k,1.0,4.0,Oxlip,,,,,,0.0
fictitious_power_k,1.0,4.0,Daisy,,,,,,0.0
fictitious_power_k,1.0,4.0,Tulip,,,,,,0.0
fictitious_power_k,1.0,5.0,Poppy,,,,,,0.0
fictitious_power_k,1.0,5.0,Oxlip,,,,,,0.0
fictitious_power_k,1.0,5.0,Daisy,,,,,,0.0
fictitious_power_k,1.0,5.0,Tulip,,,,,,0.0
fictitious_power_k,1.0,6.0,Poppy,,,,,,0.0
fictitious_power_k,1.0,6.0,Oxlip,,,,,,0.0
fictitious_power_k,1.0,6.0,Daisy,,,,,,0.0
fictitious_power_k,1.0,6.0,Tulip,,,,,,0.0
fictitious_power_k,1.0,7.0,Poppy,,,,,,8.0
fictitious_power_k,1.0,7.0,Oxlip,,,,,,0.0
fictitious_power_k,1.0,7.0,Daisy,,,,,,0.0
fictitious_power_k,1.0,7.0,Tulip,,,,,,0.0
fictitious_power_k,1.0,8.0,Poppy,,,,,,3.0
fictitious_power_k,1.0,8.0,Oxlip,,,,,,0.0
fictitious_power_k,1.0,8.0,Daisy,,,,,,0.0
fictitious_power_k,1.0,8.0,Tulip,,,,,,0.0
fictitious_power_k,1.0,9.0,Poppy,,,,,,0.0
fictitious_power_k,1.0,9.0,Oxlip,,,,,,0.0
fictitious_power_k,1.0,9.0,Daisy,,,,,,0.0
fictitious_power_k,1.0,9.0,Tulip,,,,,,0.0
fictitious_power_k,1.0,10.0,Poppy,,,,,,0.0
fictitious_power_k,1.0,10.0,Oxlip,,,,,,0.0
fictitious_power_k,1.0,10.0,Daisy,,,,,,0.0
fictitious_power_k,1.0,10.0,Tulip,,,,,,0.0
fictitious_power_k,1.0,11.0,Poppy,,,,,,0.0
fictitious_power_k,1.0,11.0,Oxlip,,,,,,0.0
fictitious_power_k,1.0,11.0,Daisy,,,,,,0.0
fictitious_power_k,1.0,11.0,Tulip,,,,,,0.0
fictitious_power_k,1.0,12.0,Poppy,,,,,,0.0
fictitious_power_k,1.0,12.0,Oxlip,,,,,,0.0
fictitious_power_k,1.0,12.0,Daisy,,,,,,0.0
fictitious_power_k,1.0,12.0,Tulip,,,,,,0.0
fictitious_power_k,1.0,13.0,Poppy,,,,,,0.0
fictitious_power_k,1.0,13.0,Oxlip,,,,,,0.0
fictitious_power_k,1.0,13.0,Daisy,,,,,,0.0
fictitious_power_k,1.0,13.0,Tulip,,,,,,0.0
fictitious_power_k,1.0,14.0,Poppy,,,,,,0.0
fictitious_power_k,1.0,14.0,Oxlip,,,,,,0.0
fictitious_power_k,1.0,14.0,Daisy,,,,,,0.0
fictitious_power_k,1.0,14.0,Tulip,,,,,,0.0
fictitious_power_k,1.0,15.0,Poppy,,,,,,0.0
fictitious_power_k,1.0,15.0,Oxlip,,,,,,0.0
fictitious_power_k,1.0,15.0,Daisy,,,,,,0.0
fictitious_power_k,1.0,15.0,Tulip,,,,,,0.0
fictitious_power_k,1.0,16.0,Poppy,,,,,,0.0
fictitious_power_k,1.0,16.0,Oxlip,,,,,,0.0
fictitious_power_k,1.0,16.0,Daisy,,,,,,0.0
fictitious_power_k,1.0,16.0,Tulip,,,,,,0.0
fictitious_power_k,1.0,17.0,Poppy,,,,,,1.0
fictitious_power_k,1.0,17.0,Oxlip,,,,,,0.0
fictitious_power_k,1.0,17.0,Daisy,,,,,,0.0
fictitious_power_k,1.0,17.0,Tulip,,,,,,0.0
fictitious_power_k,1.0,18.0,Poppy,,,,,,0.0
fictitious_power_k,1.0,18.0,Oxlip,,,,,,0.0
fictitious_power_k,1.0,18.0,Daisy,,,,,,0.0
fictitious_power_k,1.0,18.0,Tulip,,,,,,0.0
fictitious_power_k,1.0,19.0,Poppy,,,,,,2.0
fictitious_power_k,1.0,19.0,Oxlip,,,,,,0.0
fictitious_power_k,1.0,19.0,Daisy,,,,,,0.0
fictitious_power_k,1.0,19.0,Tulip,,,,,,0.0
fictitious_power_k,1.0,20.0,Poppy,,,,,,4.0
fictitious_power_k,1.0,20.0,Oxlip,,,,,,0.0
fictitious_power_k,1.0,20.0,Daisy,,,,,,0.0
fictitious_power_k,1.0,20.0,Tulip,,,,,,0.0
fictitious_power_k,1.0,21.0,Poppy,,,,,,0.0
fictitious_power_k,1.0,21.0,Oxlip,,,,,,0.0
fictitious_power_k,1.0,21.0,Daisy,,,,,,0.0
fictitious_power_k,1.0,21.0,Tulip,,,,,,0.0
fictitious_power_k,1.0,22.0,Poppy,,,,,,0.0
fictitious_power_k,1.0,22.0,Oxlip,,,,,,0.0
fictitious_power_k,1.0,22.0,Daisy,,,,,,0.0
fictitious_power_k,1.0,22.0,Tulip,,,,,,0.0
fictitious_power_k,1.0,23.0,Poppy,,,,,,0.0
fictitious_power_k,1.0,23.0,Oxlip,,,,,,0.0
fictitious_power_k,1.0,23.0,Daisy,,,,,,0.0
fictitious_power_k,1.0,23.0,Tulip,,,,,,0.0
fictitious_power_k,1.0,24.0,Poppy,,,,,,0.0
fictitious_power_k,1.0,24.0,Oxlip,,,,,,0.0
fictitious_power_k,1.0,24.0,Daisy,,,,,,0.0
fictitious_power_k,1.0,24.0,Tulip,,,,,,0.0
fictitious_power_k,1.0,25.0,Poppy,,,,,,0.0
fictitious_power_k,1.0,25.0,Oxlip,,,,,,0.0
fictitious_power_k,1.0,25.0,Daisy,,,,,,0.0
fictitious_power_k,1.0,25.0,Tulip,,,,,,0.0
fictitious_power_k,1.0,26.0,Poppy,,,,,,0.0
fictitious_power_k,1.0,26.0,Oxlip,,,,,,0.0
fictitious_power_k,1.0,26.0,Daisy,,,,,,0.0
fictitious_power_k,1.0,26.0,Tulip,,,,,,0.0
fictitious_power_k,1.0,27.0,Poppy,,,,,,0.0
fictitious_power_k,1.0,27.0,Oxlip,,,,,,0.0
fictitious_power_k,1.0,27.0,Daisy,,,,,,0.0
fictitious_power_k,1.0,27.0,Tulip,,,,,,0.0
fictitious_power_k,1.0,28.0,Poppy,,,,,,0.0
fictitious_power_k,1.0,28.0,Oxlip,,,,,,0.0
fictitious_power_k,1.0,28.0,Daisy,,,,,,0.0
fictitious_power_k,1.0,28.0,Tulip,,,,,,0.0
fictitious_power_k,1.0,29.0,Poppy,,,,,,0.0
fictitious_power_k,1.0,29.0,Oxlip,,,,,,0.0
fictitious_power_k,1.0,29.0,Daisy,,,,,,0.0
fictitious_power_k,1.0,29.0,Tulip,,,,,,0.0
fictitious_power_k,1.0,30.0,Poppy,,,,,,0.0
fictitious_power_k,1.0,30.0,Oxlip,,,,,,0.0
fictitious_power_k,1.0,30.0,Daisy,,,,,,0.0
fictitious_power_k,1.0,30.0,Tulip,,,,,,0.0
fictitious_power_k,1.0,31.0,Poppy,,,,,,0.0
fictitious_power_k,1.0,31.0,Oxlip,,,,,,0.0
fictitious_power_k,1.0,31.0,Daisy,,,,,,0.0
fictitious_power_k,1.0,31.0,Tulip,,,,,,0.0
fictitious_power_k,1.0,32.0,Poppy,,,,,,0.0
fictitious_power_k,1.0,32.0,Oxlip,,,,,,0.0
fictitious_power_k,1.0,32.0,Daisy,,,,,,0.0
fictitious_power_k,1.0,32.0,Tulip,,,,,,0.0
fictitious_power_k,1.0,33.0,Poppy,,,,,,0.0
fictitious_power_k,1.0,33.0,Oxlip,,,,,,0.0
fictitious_power_k,1.0,33.0,Daisy,,,,,,0.0
fictitious_power_k,1.0,33.0,Tulip,,,,,,0.0
fictitious_power_k,1.0,34.0,Poppy,,,,,,2.0
fictitious_power_k,1.0,34.0,Oxlip,,,,,,0.0
fictitious_power_k,1.0,34.0,Daisy,,,,,,0.0
fictitious_power_k,1.0,34.0,Tulip,,,,,,0.0
fictitious_power_k,1.0,35.0,Poppy,,,,,,0.0
fictitious_power_k,1.0,35.0,Oxlip,,,,,,0.0
fictitious_power_k,1.0,35.0,Daisy,,,,,,0.0
fictitious_power_k,1.0,35.0,Tulip,,,,,,0.0
fictitious_power_k,1.0,36.0,Poppy,,,,,,1.0
fictitious_power_k,1.0,36.0,Oxlip,,,,,,0.0
fictitious_power_k,1.0,36.0,Daisy,,,,,,0.0
fictitious_power_k,1.0,36.0,Tulip,,,,,,0.0
fictitious_power_k,1.0,37.0,Poppy,,,,,,2.0
fictitious_power_k,1.0,37.0,Oxlip,,,,,,0.0
fictitious_power_k,1.0,37.0,Daisy,,,,,,0.0
fictitious_power_k,1.0,37.0,Tulip,,,,,,0.0
fictitious_power_k,1.0,38.0,Poppy,,,,,,-2.0
fictitious_power_k,1.0,38.0,Oxlip,,,,,,0.0
fictitious_power_k,1.0,38.0,Daisy,,,,,,0.0
fictitious_power_k,1.0,38.0,Tulip,,,,,,0.0
fictitious_power_k,1.0,39.0,Poppy,,,,,,0.0
fictitious_power_k,1.0,39.0,Oxlip,,,,,,0.0
fictitious_power_k,1.0,39.0,Daisy,,,,,,0.0
fictitious_power_k,1.0,39.0,Tulip,,,,,,0.0
fictitious_power_k,1.0,40.0,Poppy,,,,,,-1.0
fictitious_power_k,1.0,40.0,Oxlip,,,,,,0.0
fictitious_power_k,1.0,40.0,Daisy,,,,,,0.0
fictitious_power_k,1.0,40.0,Tulip,,,,,,0.0
fictitious_power_k,1.0,41.0,Poppy,,,,,,0.0
fictitious_power_k,1.0,41.0,Oxlip,,,,,,0.0
fictitious_power_k,1.0,41.0,Daisy,,,,,,0.0
fictitious_power_k,1.0,41.0,Tulip,,,,,,0.0
fictitious_power_k,1.0,42.0,Poppy,,,,,,0.0
fictitious_power_k,1.0,42.0,Oxlip,,,,,,0.0
fictitious_power_k,1.0,42.0,Daisy,,,,,,0.0
fictitious_power_k,1.0,42.0,Tulip,,,,,,0.0
fictitious_power_k,1.0,43.0,Poppy,,,,,,1.0
fictitious_power_k,1.0,43.0,Oxlip,,,,,,0.0
fictitious_power_k,1.0,43.0,Daisy,,,,,,0.0
fictitious_power_k,1.0,43.0,Tulip,,,,,,0.0
fictitious_power_k,1.0,44.0,Poppy,,,,,,-2.0
fictitious_power_k,1.0,44.0,Oxlip,,,,,,0.0
fictitious_power_k,1.0,44.0,Daisy,,,,,,0.0
fictitious_power_k,1.0,44.0,Tulip,,,,,,0.0
fictitious_power_k,1.0,45.0,Poppy,,,,,,0.0
fictitious_power_k,1.0,45.0,Oxlip,,,,,,0.0
fictitious_power_k,1.0,45.0,Daisy,,,,,,0.0
fictitious_power_k,1.0,45.0,Tulip,,,,,,0.0
fictitious_power_k,1.0,46.0,Poppy,,,,,,-1.0
fictitious_power_k,1.0,46.0,Oxlip,,,,,,0.0
fictitious_power_k,1.0,46.0,Daisy,,,,,,0.0
fictitious_power_k,1.0,46.0,Tulip,,,,,,0.0
fictitious_power_k,1.0,47.0,Poppy,,,,,,-1.0
fictitious_power_k,1.0,47.0,Oxlip,,,,,,0.0
fictitious_power_k,1.0,47.0,Daisy,,,,,,0.0
fictitious_power_k,1.0,47.0,Tulip,,,,,,0.0
fictitious_power_k,1.0,48.0,Poppy,,,,,,0.0
fictitious_power_k,1.0,48.0,Oxlip,,,,,,0.0
fictitious_power_k,1.0,48.0,Daisy,,,,,,0.0
fictitious_power_k,1.0,48.0,Tulip,,,,,,0.0
fictitious_power_k,1.0,49.0,Poppy,,,,,,0.0
fictitious_power_k,1.0,49.0,Oxlip,,,,,,0.0
fictitious_power_k,1.0,49.0,Daisy,,,,,,0.0
fictitious_power_k,1.0,49.0,Tulip,,,,,,0.0
fictitious_power_k,1.0,50.0,Poppy,,,,,,0.0
fictitious_power_k,1.0,50.0,Oxlip,,,,,,0.0
fictitious_power_k,1.0,50.0,Daisy,,,,,,0.0
fictitious_power_k,1.0,50.0,Tulip,,,,,,0.0
fictitious_power_k,1.0,51.0,Poppy,,,,,,0.0
fictitious_power_k,1.0,51.0,Oxlip,,,,,,0.0
fictitious_power_k,1.0,51.0,Daisy,,,,,,0.0
fictitious_power_k,1.0,51.0,Tulip,,,,,,0.0
fictitious_power_k,1.0,52.0,Poppy,,,,,,1.0
fictitious_power_k,1.0,52.0,Oxlip,,,,,,0.0
fictitious_power_k,1.0,52.0,Daisy,,,,,,0.0
fictitious_power_k,1.0,52.0,Tulip,,,,,,0.0
fictitious_power_k,1.0,53.0,Poppy,,,,,,-1.0
fictitious_power_k,1.0,53.0,Oxlip,,,,,,0.0
fictitious_power_k,1.0,53.0,Daisy,,,,,,0.0
fictitious_power_k,1.0,53.0,Tulip,,,,,,0.0
fictitious_power_k,1.0,54.0,Poppy,,,,,,0.0
fictitious_power_k,1.0,54.0,Oxlip,,,,,,0.0
fictitious_power_k,1.0,54.0,Daisy,,,,,,0.0
fictitious_power_k,1.0,54.0,Tulip,,,,,,0.0
fictitious_power_k,1.0,55.0,Poppy,,,,,,0.0
fictitious_power_k,1.0,55.0,Oxlip,,,,,,0.0
fictitious_power_k,1.0,55.0,Daisy,,,,,,0.0
fictitious_power_k,1.0,55.0,Tulip,,,,,,0.0
fictitious_power_k,1.0,56.0,Poppy,,,,,,0.0
fictitious_power_k,1.0,56.0,Oxlip,,,,,,0.0
fictitious_power_k,1.0,56.0,Daisy,,,,,,0.0
fictitious_power_k,1.0,56.0,Tulip,,,,,,0.0
fictitious_power_k,1.0,57.0,Poppy,,,,,,0.0
fictitious_power_k,1.0,57.0,Oxlip,,,,,,0.0
fictitious_power_k,1.0,57.0,Daisy,,,,,,0.0
fictitious_power_k,1.0,57.0,Tulip,,,,,,0.0
fictitious_power_k,1.0,58.0,Poppy,,,,,,0.0
fictitious_power_k,1.0,58.0,Oxlip,,,,,,0.0
fictitious_power_k,1.0,58.0,Daisy,,,,,,0.0
fictitious_power_k,1.0,58.0,Tulip,,,,,,0.0
fictitious_power_k,1.0,59.0,Poppy,,,,,,0.0
fictitious_power_k,1.0,59.0,Oxlip,,,,,,0.0
fictitious_power_k,1.0,59.0,Daisy,,,,,,0.0
fictitious_power_k,1.0,59.0,Tulip,,,,,,0.0
fictitious_power,1.0,0.0,,,,,,,7.0
fictitious_power,1.0,1.0,,,,,,,0.0
fictitious_power,1.0,2.0,,,,,,,0.0
fictitious_power,1.0,3.0,,,,,,,0.0
fictitious_power,1.0,4.0,,,,,,,0.0
fictitious_power,1.0,5.0,,,,,,,0.0
fictitious_power,1.0,6.0,,,,,,,0.0
fictitious_power,1.0,7.0,,,,,,,8.0
fictitious_power,1.0,8.0,,,,,,,3.0
fictitious_power,1.0,9.0,,,,,,,0.0
fictitious_power,1.0,10.0,,,,,,,0.0
fictitious_power,1.0,11.0,,,,,,,0.0
fictitious_power,1.0,12.0,,,,,,,0.0
fictitious_power,1.0,13.0,,,,,,,0.0
fictitious_power,1.0,14.0,,,,,,,0.0
fictitious_power,1.0,15.0,,,,,,,0.0
fictitious_power,1.0,16.0,,,,,,,0.0
fictitious_power,1.0,17.0,,,,,,,1.0
fictitious_power,1.0,18.0,,,,,,,0.0
fictitious_power,1.0,19.0,,,,,,,2.0
fictitious_power,1.0,20.0,,,,,,,4.0
fictitious_power,1.0,21.0,,,,,,,0.0
fictitious_power,1.0,22.0,,,,,,,0.0
fictitious_power,1.0,23.0,,,,,,,0.0
fictitious_power,1.0,24.0,,,,,,,0.0
fictitious_power,1.0,25.0,,,,,,,0.0
fictitious_power,1.0,26.0,,,,,,,0.0
fictitious_power,1.0,27.0,,,,,,,0.0
fictitious_power,1.0,28.0,,,,,,,0.0
fictitious_power,1.0,29.0,,,,,,,0.0
fictitious_power,1.0,30.0,,,,,,,0.0
fictitious_power,1.0,31.0,,,,,,,0.0
fictitious_power,1.0,32.0,,,,,,,0.0
fictitious_power,1.0,33.0,,,,,,,0.0
fictitious_power,1.0,34.0,,,,,,,2.0
fictitious_power,1.0,35.0,,,,,,,0.0
fictitious_power,1.0,36.0,,,,,,,1.0
fictitious_power,1.0,37.0,,,,,,,2.0
fictitious_power,1.0,38.0,,,,,,,-2.0
fictitious_power,1.0,39.0,,,,,,,0.0
fictitious_power,1.0,40.0,,,,,,,-1.0
fictitious_power,1.0,41.0,,,,,,,0.0
fictitious_power,1.0,42.0,,,,,,,0.0
fictitious_power,1.0,43.0,,,,,,,1.0
fictitious_power,1.0,44.0,,,,,,,-2.0
fictitious_power,1.0,45.0,,,,,,,0.0
fictitious_power,1.0,46.0,,,,,,,-1.0
fictitious_power,1.0,47.0,,,,,,,-1.0
fictitious_power,1.0,48.0,,,,,,,0.0
fictitious_power,1.0,49.0,,,,,,,0.0
fictitious_power,1.0,50.0,,,,,,,0.0
fictitious_power,1.0,51.0,,,,,,,0.0
fictitious_power,1.0,52.0,,,,,,,1.0
fictitious_power,1.0,53.0,,,,,,,-1.0
fictitious_power,1.0,54.0,,,,,,,0.0
fictitious_power,1.0,55.0,,,,,,,0.0
fictitious_power,1.0,56.0,,,,,,,0.0
fictitious_power,1.0,57.0,,,,,,,0.0
fictitious_power,1.0,58.0,,,,,,,0.0
fictitious_power,1.0,59.0,,,,,,,0.0
unserved_fictitious_power,1.0,,,,,8.0,,,0.0
unserved_fictitious_power,1.0,,,,,9.0,,,0.0
unserved_fictitious_power,1.0,,,,,10.0,,,0.0
unserved_fictitious_power,1.0,,,,,11.0,,,0.0
unserved_fictitious_power,1.0,,,,,16.0,,,0.0
unserved_fictitious_power,1.0,,,,,17.0,,,0.0
unserved_fictitious_power,1.0,,,,,18.0,,,0.0
unserved_fictitious_power,1.0,,,,,19.0,,,0.0
unserved_fictitious_power,1.0,,,,,20.0,,,0.0
unserved_fictitious_power,1.0,,,,,21.0,,,0.0
unserved_fictitious_power,1.0,,,,,22.0,,,0.0
unserved_fictitious_power,1.0,,,,,23.0,,,0.0
unserved_fictitious_power,1.0,,,,,24.0,,,0.0
unserved_fictitious_power,1.0,,,,,25.0,,,0.0
unserved_fictitious_power,1.0,,,,,26.0,,,0.0
voltage_squared,1.0,,,,,,0.0,,1.0
voltage_squared,1.0,,,,,,1.0,,1.0
voltage_squared,1.0,,,,,,8.0,,1.008741834907786
voltage_squared,1.0,,,,,,9.0,,1.0121061280358352
voltage_squared,1.0,,,,,,10.0,,1.0042382865186643
voltage_squared,1.0,,,,,,11.0,,1.0012233853591683
voltage_squared,1.0,,,,,,16.0,,1.005869075855132
voltage_squared,1.0,,,,,,17.0,,1.004792697234925
voltage_squared,1.0,,,,,,18.0,,1.001345527967247
voltage_squared,1.0,,,,,,19.0,,1.0070540252876214
voltage_squared,1.0,,,,,,20.0,,1.0035627045161328
voltage_squared,1.0,,,,,,21.0,,0.9999546767499077
voltage_squared,1.0,,,,,,22.0,,0.9999452383872036
voltage_squared,1.0,,,,,,23.0,,0.9999377517103181
voltage_squared,1.0,,,,,,24.0,,1.0000033047903527
voltage_squared,1.0,,,,,,25.0,,0.999975564031304
voltage_squared,1.0,,,,,,26.0,,0.9999839685347797
voltage_squared,1.0,,,,,,2.0,,0.9999827505559173
voltage_squared,1.0,,,,,,3.0,,0.9025
voltage_squared,1.0,,,,,,4.0,,0.9025
voltage_squared,1.0,,,,,,5.0,,1.0000034343284006
P_sun,1.0,,,,,8.0,,,0.009218008286658233
P_sun,1.0,,,,,9.0,,,0.006358747617257365
P_sun,1.0,,,,,10.0,,,0.0
P_sun,1.0,,,,,11.0,,,0.0
P_sun,1.0,,,,,16.0,,,0.004409950586157566
P_sun,1.0,,,,,17.0,,,0.007449214641007758
P_sun,1.0,,,,,18.0,,,0.0
P_sun,1.0,,,,,19.0,,,0.006682562437545701
P_sun,1.0,,,,,20.0,,,0.009268844661243766
P_sun,1.0,,,,,21.0,,,0.007468171682324879
P_sun,1.0,,,,,22.0,,,0.006756844547744581
P_sun,1.0,,,,,23.0,,,0.007261176727752852
P_sun,1.0,,,,,24.0,,,0.008142313229132446
P_sun,1.0,,,,,25.0,,,0.006295831088417016
P_sun,1.0,,,,,26.0,,,0.007388334494757829
Q_sun,1.0,,,,,8.0,,,0.006099208120160504
Q_sun,1.0,,,,,9.0,,,0.005009383856139084
Q_sun,1.0,,,,,10.0,,,0.0
Q_sun,1.0,,,,,11.0,,,0.0
Q_sun,1.0,,,,,16.0,,,0.004409950586157566
Q_sun,1.0,,,,,17.0,,,0.007439171409237819
Q_sun,1.0,,,,,18.0,,,0.0
Q_sun,1.0,,,,,19.0,,,0.002447020413614941
Q_sun,1.0,,,,,20.0,,,0.006010156380111979
Q_sun,1.0,,,,,21.0,,,0.007468171682324879
Q_sun,1.0,,,,,22.0,,,0.006756844547744581
Q_sun,1.0,,,,,23.0,,,0.007261176727752852
Q_sun,1.0,,,,,24.0,,,0.008142313229132446
Q_sun,1.0,,,,,25.0,,,0.006295831088417016
Q_sun,1.0,,,,,26.0,,,0.007388334494757829
S_sun,1.0,,,,,8.0,,,0.009218008286658235
S_sun,1.0,,,,,9.0,,,0.0063587476172573655
S_sun,1.0,,,,,10.0,,,0.0
S_sun,1.0,,,,,11.0,,,0.0
S_sun,1.0,,,,,16.0,,,0.004409950586157566
S_sun,1.0,,,,,17.0,,,0.007449214641007758
S_sun,1.0,,,,,18.0,,,0.0
S_sun,1.0,,,,,19.0,,,0.006682562437545701
S_sun,1.0,,,,,20.0,,,0.009268844661243768
S_sun,1.0,,,,,21.0,,,0.007468171682324879
S_sun,1.0,,,,,22.0,,,0.006756844547744581
S_sun,1.0,,,,,23.0,,,0.007261176727752852
S_sun,1.0,,,,,24.0,,,0.008142313229132446
S_sun,1.0,,,,,25.0,,,0.006295831088417016
S_sun,1.0,,,,,26.0,,,0.00738833449475783
S_inv,,,,,,8.0,,,0.009218008286658233
S_inv,,,,,,9.0,,,0.006358747617257365
S_inv,,,,,,10.0,,,0.0
S_inv,,,,,,11.0,,,0.0
S_inv,,,,,,16.0,,,0.004409950586157566
S_inv,,,,,,17.0,,,0.007449214641007758
S_inv,,,,,,18.0,,,0.0
S_inv,,,,,,19.0,,,0.006682562437545701
S_inv,,,,,,20.0,,,0.009268844661243766
S_inv,,,,,,21.0,,,0.007468171682324879
S_inv,,,,,,22.0,,,0.006756844547744581
S_inv,,,,,,23.0,,,0.007261176727752852
S_inv,,,,,,24.0,,,0.008142313229132446
S_inv,,,,,,25.0,,,0.006295831088417016
S_inv,,,,,,26.0,,,0.007388334494757829
PV_surf,,,,,,8.0,,,59.56709716741993
PV_surf,,,,,,9.0,,,41.090453100209146
PV_surf,,,,,,10.0,,,0.0
PV_surf,,,,,,11.0,,,0.0
PV_surf,,,,,,16.0,,,28.497257422666017
PV_surf,,,,,,17.0,,,48.13708976418584
PV_surf,,,,,,18.0,,,0.0
PV_surf,,,,,,19.0,,,43.1829559776782
PV_surf,,,,,,20.0,,,59.895603626777174
PV_surf,,,,,,21.0,,,48.25959083893298
PV_surf,,,,,,22.0,,,43.66296961385836
PV_surf,,,,,,23.0,,,46.9219820856404
PV_surf,,,,,,24.0,,,52.615917474199975
PV_surf,,,,,,25.0,,,40.68388425471416
PV_surf,,,,,,26.0,,,47.74368009536562
pi,,,,,,8.0,,,1.0
pi,,,,,,9.0,,,1.0
pi,,,,,,10.0,,,0.0
pi,,,,,,11.0,,,0.0
pi,,,,,,16.0,,,1.0
pi,,,,,,17.0,,,1.0
pi,,,,,,18.0,,,0.0
pi,,,,,,19.0,,,1.0
pi,,,,,,20.0,,,1.0
pi,,,,,,21.0,,,1.0
pi,,,,,,22.0,,,1.0
pi,,,,,,23.0,,,1.0
pi,,,,,,24.0,,,1.0
pi,,,,,,25.0,,,1.0
pi,,,,,,26.0,,,1.0
P_bus,1.0,,,,,8.0,,,-0.008218008286658234
P_bus,1.0,,,,,9.0,,,-0.004858747617257365
P_bus,1.0,,,,,10.0,,,0.002
P_bus,1.0,,,,,11.0,,,0.0025
P_bus,1.0,,,,,16.0,,,-0.0014099505861575664
P_bus,1.0,,,,,17.0,,,-0.0039492146410077585
P_bus,1.0,,,,,18.0,,,0.0012
P_bus,1.0,,,,,19.0,,,-0.004882562437545701
P_bus,1.0,,,,,20.0,,,-0.007068844661243766
P_bus,1.0,,,,,21.0,,,0.0025318283176751213
P_bus,1.0,,,,,22.0,,,0.004243155452255418
P_bus,1.0,,,,,23.0,,,0.004738823272247148
P_bus,1.0,,,,,24.0,,,0.0018576867708675546
P_bus,1.0,,,,,25.0,,,0.005704168911582984
P_bus,1.0,,,,,26.0,,,0.00561166550524217
Q_bus,1.0,,,,,8.0,,,-0.005099208120160504
Q_bus,1.0,,,,,9.0,,,-0.003009383856139084
Q_bus,1.0,,,,,10.0,,,0.003
Q_bus,1.0,,,,,11.0,,,0.004
Q_bus,1.0,,,,,16.0,,,0.0005900494138424339
Q_bus,1.0,,,,,17.0,,,-0.0014391714092378185
Q_bus,1.0,,,,,18.0,,,0.001
Q_bus,1.0,,,,,19.0,,,-0.0004470204136149412
Q_bus,1.0,,,,,20.0,,,-0.003010156380111979
Q_bus,1.0,,,,,21.0,,,0.0025318283176751213
Q_bus,1.0,,,,,22.0,,,0.002243155452255418
Q_bus,1.0,,,,,23.0,,,0.003738823272247147
Q_bus,1.0,,,,,24.0,,,-0.0021423132291324455
Q_bus,1.0,,,,,25.0,,,0.0037041689115829843
Q_bus,1.0,,,,,26.0,,,0.004611665505242171
active_power_plus,1.0,0.0,,,,,,,0.003003327554708026
active_power_plus,1.0,1.0,,,,,,,0.0
active_power_plus,1.0,2.0,,,,,,,0.0
active_power_plus,1.0,3.0,,,,,,,0.0
active_power_plus,1.0,4.0,,,,,,,0.0
active_power_plus,1.0,5.0,,,,,,,0.0
active_power_plus,1.0,6.0,,,,,,,0.0
active_power_plus,1.0,7.0,,,,,,,0.0
active_power_plus,1.0,8.0,,,,,,,0.01151401894216657
active_power_plus,1.0,9.0,,,,,,,0.0
active_power_plus,1.0,10.0,,,,,,,0.0
active_power_plus,1.0,11.0,,,,,,,0.0
active_power_plus,1.0,12.0,,,,,,,0.0
active_power_plus,1.0,13.0,,,,,,,0.0
active_power_plus,1.0,14.0,,,,,,,0.0
active_power_plus,1.0,15.0,,,,,,,0.0
active_power_plus,1.0,16.0,,,,,,,0.0
active_power_plus,1.0,17.0,,,,,,,0.0018576867708675546
active_power_plus,1.0,18.0,,,,,,,0.0
active_power_plus,1.0,19.0,,,,,,,0.011315975551769329
active_power_plus,1.0,20.0,,,,,,,0.0
active_power_plus,1.0,21.0,,,,,,,0.0
active_power_plus,1.0,22.0,,,,,,,0.0
active_power_plus,1.0,23.0,,,,,,,0.0
active_power_plus,1.0,24.0,,,,,,,0.0
active_power_plus,1.0,25.0,,,,,,,0.0
active_power_plus,1.0,26.0,,,,,,,0.0
active_power_plus,1.0,27.0,,,,,,,0.0
active_power_plus,1.0,28.0,,,,,,,0.0
active_power_plus,1.0,29.0,,,,,,,0.0
active_power_plus,1.0,30.0,,,,,,,0.0
active_power_plus,1.0,31.0,,,,,,,0.0
active_power_plus,1.0,32.0,,,,,,,0.0
active_power_plus,1.0,33.0,,,,,,,0.0
active_power_plus,1.0,34.0,,,,,,,0.0
active_power_plus,1.0,35.0,,,,,,,0.0
active_power_plus,1.0,36.0,,,,,,,0.0
active_power_plus,1.0,37.0,,,,,,,0.0
active_power_plus,1.0,38.0,,,,,,,0.0
active_power_plus,1.0,39.0,,,,,,,0.0
active_power_plus,1.0,40.0,,,,,,,0.0
active_power_plus,1.0,41.0,,,,,,,0.0
active_power_plus,1.0,42.0,,,,,,,0.0
active_power_plus,1.0,43.0,,,,,,,0.005704193794276154
active_power_plus,1.0,44.0,,,,,,,0.002846712657705561
active_power_plus,1.0,45.0,,,,,,,0.0
active_power_plus,1.0,46.0,,,,,,,0.0
active_power_plus,1.0,47.0,,,,,,,0.0
active_power_plus,1.0,48.0,,,,,,,0.0
active_power_plus,1.0,49.0,,,,,,,0.0
active_power_plus,1.0,50.0,,,,,,,0.0
active_power_plus,1.0,51.0,,,,,,,0.0
active_power_plus,1.0,52.0,,,,,,,0.0
active_power_plus,1.0,53.0,,,,,,,0.0
active_power_plus,1.0,54.0,,,,,,,0.0
active_power_plus,1.0,55.0,,,,,,,0.0
active_power_plus,1.0,56.0,,,,,,,0.0
active_power_plus,1.0,57.0,,,,,,,0.0
active_power_plus,1.0,58.0,,,,,,,0.0
active_power_plus,1.0,59.0,,,,,,,0.0
reactive_power_plus,1.0,0.0,,,,,,,0.0074568918791374705
reactive_power_plus,1.0,1.0,,,,,,,0.0
reactive_power_plus,1.0,2.0,,,,,,,0.0
reactive_power_plus,1.0,3.0,,,,,,,0.0
reactive_power_plus,1.0,4.0,,,,,,,0.0
reactive_power_plus,1.0,5.0,,,,,,,0.0
reactive_power_plus,1.0,6.0,,,,,,,0.0
reactive_power_plus,1.0,7.0,,,,,,,0.002897815259403462
reactive_power_plus,1.0,8.0,,,,,,,0.008513972264088319
reactive_power_plus,1.0,9.0,,,,,,,0.0
reactive_power_plus,1.0,10.0,,,,,,,0.0
reactive_power_plus,1.0,11.0,,,,,,,0.0
reactive_power_plus,1.0,12.0,,,,,,,0.0
reactive_power_plus,1.0,13.0,,,,,,,0.0
reactive_power_plus,1.0,14.0,,,,,,,0.0
reactive_power_plus,1.0,15.0,,,,,,,0.0
reactive_power_plus,1.0,16.0,,,,,,,0.0
reactive_power_plus,1.0,17.0,,,,,,,0.0
reactive_power_plus,1.0,18.0,,,,,,,0.0
reactive_power_plus,1.0,19.0,,,,,,,0.008315944462065161
reactive_power_plus,1.0,20.0,,,,,,,0.0
reactive_power_plus,1.0,21.0,,,,,,,0.0
reactive_power_plus,1.0,22.0,,,,,,,0.0
reactive_power_plus,1.0,23.0,,,,,,,0.0
reactive_power_plus,1.0,24.0,,,,,,,0.0
reactive_power_plus,1.0,25.0,,,,,,,0.0
reactive_power_plus,1.0,26.0,,,,,,,0.0
reactive_power_plus,1.0,27.0,,,,,,,0.0
reactive_power_plus,1.0,28.0,,,,,,,0.0
reactive_power_plus,1.0,29.0,,,,,,,0.0
reactive_power_plus,1.0,30.0,,,,,,,0.0
reactive_power_plus,1.0,31.0,,,,,,,0.0
reactive_power_plus,1.0,32.0,,,,,,,0.0
reactive_power_plus,1.0,33.0,,,,,,,0.0
reactive_power_plus,1.0,34.0,,,,,,,0.0
reactive_power_plus,1.0,35.0,,,,,,,0.0
reactive_power_plus,1.0,36.0,,,,,,,0.0
reactive_power_plus,1.0,37.0,,,,,,,0.0
reactive_power_plus,1.0,38.0,,,,,,,0.0
reactive_power_plus,1.0,39.0,,,,,,,0.0
reactive_power_plus,1.0,40.0,,,,,,,0.0
reactive_power_plus,1.0,41.0,,,,,,,0.0
reactive_power_plus,1.0,42.0,,,,,,,0.0
reactive_power_plus,1.0,43.0,,,,,,,0.0037041883130285854
reactive_power_plus,1.0,44.0,,,,,,,0.0
reactive_power_plus,1.0,45.0,,,,,,,0.0
reactive_power_plus,1.0,46.0,,,,,,,0.0
reactive_power_plus,1.0,47.0,,,,,,,0.0
reactive_power_plus,1.0,48.0,,,,,,,0.0
reactive_power_plus,1.0,49.0,,,,,,,0.0
reactive_power_plus,1.0,50.0,,,,,,,0.0
reactive_power_plus,1.0,51.0,,,,,,,0.0
reactive_power_plus,1.0,52.0,,,,,,,0.0002960544166920464
reactive_power_plus,1.0,53.0,,,,,,,0.0
reactive_power_plus,1.0,54.0,,,,,,,0.0
reactive_power_plus,1.0,55.0,,,,,,,0.0
reactive_power_plus,1.0,56.0,,,,,,,0.0
reactive_power_plus,1.0,57.0,,,,,,,0.0
reactive_power_plus,1.0,58.0,,,,,,,0.0
reactive_power_plus,1.0,59.0,,,,,,,0.0
active_power_minus,1.0,0.0,,,,,,,0.0
active_power_minus,1.0,1.0,,,,,,,0.0
active_power_minus,1.0,2.0,,,,,,,0.0
active_power_minus,1.0,3.0,,,,,,,0.0
active_power_minus,1.0,4.0,,,,,,,0.0
active_power_minus,1.0,5.0,,,,,,,0.0
active_power_minus,1.0,6.0,,,,,,,0.0
active_power_minus,1.0,7.0,,,,,,,0.002897815259403462
active_power_minus,1.0,8.0,,,,,,,0.0
active_power_minus,1.0,9.0,,,,,,,0.0
active_power_minus,1.0,10.0,,,,,,,0.0
active_power_minus,1.0,11.0,,,,,,,0.0
active_power_minus,1.0,12.0,,,,,,,0.0
active_power_minus,1.0,13.0,,,,,,,0.0
active_power_minus,1.0,14.0,,,,,,,0.0
active_power_minus,1.0,15.0,,,,,,,0.0
active_power_minus,1.0,16.0,,,,,,,0.0
active_power_minus,1.0,17.0,,,,,,,0.0
active_power_minus,1.0,18.0,,,,,,,0.0
active_power_minus,1.0,19.0,,,,,,,0.0
active_power_minus,1.0,20.0,,,,,,,0.008510762120186855
active_power_minus,1.0,21.0,,,,,,,0.0
active_power_minus,1.0,22.0,,,,,,,0.0
active_power_minus,1.0,23.0,,,,,,,0.0
active_power_minus,1.0,24.0,,,,,,,0.0
active_power_minus,1.0,25.0,,,,,,,0.0
active_power_minus,1.0,26.0,,,,,,,0.0
active_power_minus,1.0,27.0,,,,,,,0.0
active_power_minus,1.0,28.0,,,,,,,0.0
active_power_minus,1.0,29.0,,,,,,,0.0
active_power_minus,1.0,30.0,,,,,,,0.0
active_power_minus,1.0,31.0,,,,,,,0.0
active_power_minus,1.0,32.0,,,,,,,0.0
active_power_minus,1.0,33.0,,,,,,,0.0
active_power_minus,1.0,34.0,,,,,,,0.0027429307797433703
active_power_minus,1.0,35.0,,,,,,,0.0
active_power_minus,1.0,36.0,,,,,,,0.0048662120909472965
active_power_minus,1.0,37.0,,,,,,,0.008462386531108515
active_power_minus,1.0,38.0,,,,,,,0.008981978724502567
active_power_minus,1.0,39.0,,,,,,,0.0
active_power_minus,1.0,40.0,,,,,,,0.004738823272247148
active_power_minus,1.0,41.0,,,,,,,0.0
active_power_minus,1.0,42.0,,,,,,,0.0
active_power_minus,1.0,43.0,,,,,,,0.0
active_power_minus,1.0,44.0,,,,,,,0.0
active_power_minus,1.0,45.0,,,,,,,0.0
active_power_minus,1.0,46.0,,,,,,,0.0025
active_power_minus,1.0,47.0,,,,,,,0.002
active_power_minus,1.0,48.0,,,,,,,0.0
active_power_minus,1.0,49.0,,,,,,,0.0
active_power_minus,1.0,50.0,,,,,,,0.0
active_power_minus,1.0,51.0,,,,,,,0.0
active_power_minus,1.0,52.0,,,,,,,0.0014073093445915506
active_power_minus,1.0,53.0,,,,,,,0.0012
active_power_minus,1.0,54.0,,,,,,,0.0
active_power_minus,1.0,55.0,,,,,,,0.0
active_power_minus,1.0,56.0,,,,,,,0.0
active_power_minus,1.0,57.0,,,,,,,0.0
active_power_minus,1.0,58.0,,,,,,,0.0
active_power_minus,1.0,59.0,,,,,,,0.0
reactive_power_minus,1.0,0.0,,,,,,,0.0
reactive_power_minus,1.0,1.0,,,,,,,0.0
reactive_power_minus,1.0,2.0,,,,,,,0.0
reactive_power_minus,1.0,3.0,,,,,,,0.0
reactive_power_minus,1.0,4.0,,,,,,,0.0
reactive_power_minus,1.0,5.0,,,,,,,0.0
reactive_power_minus,1.0,6.0,,,,,,,0.0
reactive_power_minus,1.0,7.0,,,,,,,0.0
reactive_power_minus,1.0,8.0,,,,,,,0.0
reactive_power_minus,1.0,9.0,,,,,,,0.0
reactive_power_minus,1.0,10.0,,,,,,,0.0
reactive_power_minus,1.0,11.0,,,,,,,0.0
reactive_power_minus,1.0,12.0,,,,,,,0.0
reactive_power_minus,1.0,13.0,,,,,,,0.0
reactive_power_minus,1.0,14.0,,,,,,,0.0
reactive_power_minus,1.0,15.0,,,,,,,0.0
reactive_power_minus,1.0,16.0,,,,,,,0.0
reactive_power_minus,1.0,17.0,,,,,,,0.0021423132291324455
reactive_power_minus,1.0,18.0,,,,,,,0.0
reactive_power_minus,1.0,19.0,,,,,,,0.0
reactive_power_minus,1.0,20.0,,,,,,,0.0010571355364238507
reactive_power_minus,1.0,21.0,,,,,,,0.0
reactive_power_minus,1.0,22.0,,,,,,,0.0
reactive_power_minus,1.0,23.0,,,,,,,0.0
reactive_power_minus,1.0,24.0,,,,,,,0.0
reactive_power_minus,1.0,25.0,,,,,,,0.0
reactive_power_minus,1.0,26.0,,,,,,,0.0
reactive_power_minus,1.0,27.0,,,,,,,0.0
reactive_power_minus,1.0,28.0,,,,,,,0.0
reactive_power_minus,1.0,29.0,,,,,,,0.0
reactive_power_minus,1.0,30.0,,,,,,,0.0
reactive_power_minus,1.0,31.0,,,,,,,0.0
reactive_power_minus,1.0,32.0,,,,,,,0.0
reactive_power_minus,1.0,33.0,,,,,,,0.0
reactive_power_minus,1.0,34.0,,,,,,,0.0004342717791352693
reactive_power_minus,1.0,35.0,,,,,,,0.0
reactive_power_minus,1.0,36.0,,,,,,,0.0004342717791352693
reactive_power_minus,1.0,37.0,,,,,,,0.0024073128199779818
reactive_power_minus,1.0,38.0,,,,,,,0.005981978724502565
reactive_power_minus,1.0,39.0,,,,,,,0.0
reactive_power_minus,1.0,40.0,,,,,,,0.003738823272247147
reactive_power_minus,1.0,41.0,,,,,,,0.0
reactive_power_minus,1.0,42.0,,,,,,,0.0
reactive_power_minus,1.0,43.0,,,,,,,0.0
reactive_power_minus,1.0,44.0,,,,,,,0.0
reactive_power_minus,1.0,45.0,,,,,,,0.0
reactive_power_minus,1.0,46.0,,,,,,,0.004
reactive_power_minus,1.0,47.0,,,,,,,0.003
reactive_power_minus,1.0,48.0,,,,,,,0.0
reactive_power_minus,1.0,49.0,,,,,,,0.0
reactive_power_minus,1.0,50.0,,,,,,,0.0
reactive_power_minus,1.0,51.0,,,,,,,0.0
reactive_power_minus,1.0,52.0,,,,,,,-0.0002954661813979287
reactive_power_minus,1.0,53.0,,,,,,,0.0004342717791352693
reactive_power_minus,1.0,54.0,,,,,,,0.0
reactive_power_minus,1.0,55.0,,,,,,,0.0
reactive_power_minus,1.0,56.0,,,,,,,0.0
reactive_power_minus,1.0,57.0,,,,,,,0.0
reactive_power_minus,1.0,58.0,,,,,,,0.0
reactive_power_minus,1.0,59.0,,,,,,,0.0
active_power_discr,1.0,0.0,,,,,,1.0,0.000825746864364434
active_power_discr,1.0,0.0,,,,,,2.0,0.0015076047483721265
active_power_discr,1.0,0.0,,,,,,3.0,0.0006699759419714658
active_power_discr,1.0,0.0,,,,,,4.0,0.0
active_power_discr,1.0,0.0,,,,,,5.0,0.0
active_power_discr,1.0,0.0,,,,,,6.0,0.0
active_power_discr,1.0,0.0,,,,,,7.0,0.0
active_power_discr,1.0,0.0,,,,,,8.0,0.0
active_power_discr,1.0,0.0,,,,,,9.0,0.0
active_power_discr,1.0,0.0,,,,,,10.0,0.0
active_power_discr,1.0,0.0,,,,,,11.0,0.0
active_power_discr,1.0,0.0,,,,,,12.0,0.0
active_power_discr,1.0,0.0,,,,,,13.0,0.0
active_power_discr,1.0,0.0,,,,,,14.0,0.0
active_power_discr,1.0,0.0,,,,,,15.0,0.0
active_power_discr,1.0,1.0,,,,,,1.0,0.0
active_power_discr,1.0,1.0,,,,,,2.0,0.0
active_power_discr,1.0,1.0,,,,,,3.0,0.0
active_power_discr,1.0,1.0,,,,,,4.0,0.0
active_power_discr,1.0,1.0,,,,,,5.0,0.0
active_power_discr,1.0,1.0,,,,,,6.0,0.0
active_power_discr,1.0,1.0,,,,,,7.0,0.0
active_power_discr,1.0,1.0,,,,,,8.0,0.0
active_power_discr,1.0,1.0,,,,,,9.0,0.0
active_power_discr,1.0,1.0,,,,,,10.0,0.0
active_power_discr,1.0,1.0,,,,,,11.0,0.0
active_power_discr,1.0,1.0,,,,,,12.0,0.0
active_power_discr,1.0,1.0,,,,,,13.0,0.0
active_power_discr,1.0,1.0,,,,,,14.0,0.0
active_power_discr,1.0,1.0,,,,,,15.0,0.0
active_power_discr,1.0,2.0,,,,,,1.0,0.0
active_power_discr,1.0,2.0,,,,,,2.0,0.0
active_power_discr,1.0,2.0,,,,,,3.0,0.0
active_power_discr,1.0,2.0,,,,,,4.0,0.0
active_power_discr,1.0,2.0,,,,,,5.0,0.0
active_power_discr,1.0,2.0,,,,,,6.0,0.0
active_power_discr,1.0,2.0,,,,,,7.0,0.0
active_power_discr,1.0,2.0,,,,,,8.0,0.0
active_power_discr,1.0,2.0,,,,,,9.0,0.0
active_power_discr,1.0,2.0,,,,,,10.0,0.0
active_power_discr,1.0,2.0,,,,,,11.0,0.0
active_power_discr,1.0,2.0,,,,,,12.0,0.0
active_power_discr,1.0,2.0,,,,,,13.0,0.0
active_power_discr,1.0,2.0,,,,,,14.0,0.0
active_power_discr,1.0,2.0,,,,,,15.0,0.0
active_power_discr,1.0,3.0,,,,,,1.0,0.0
active_power_discr,1.0,3.0,,,,,,2.0,0.0
active_power_discr,1.0,3.0,,,,,,3.0,0.0
active_power_discr,1.0,3.0,,,,,,4.0,0.0
active_power_discr,1.0,3.0,,,,,,5.0,0.0
active_power_discr,1.0,3.0,,,,,,6.0,0.0
active_power_discr,1.0,3.0,,,,,,7.0,0.0
active_power_discr,1.0,3.0,,,,,,8.0,0.0
active_power_discr,1.0,3.0,,,,,,9.0,0.0
active_power_discr,1.0,3.0,,,,,,10.0,0.0
active_power_discr,1.0,3.0,,,,,,11.0,0.0
active_power_discr,1.0,3.0,,,,,,12.0,0.0
active_power_discr,1.0,3.0,,,,,,13.0,0.0
active_power_discr,1.0,3.0,,,,,,14.0,0.0
active_power_discr,1.0,3.0,,,,,,15.0,0.0
active_power_discr,1.0,4.0,,,,,,1.0,0.0
active_power_discr,1.0,4.0,,,,,,2.0,0.0
active_power_discr,1.0,4.0,,,,,,3.0,0.0
active_power_discr,1.0,4.0,,,,,,4.0,0.0
active_power_discr,1.0,4.0,,,,,,5.0,0.0
active_power_discr,1.0,4.0,,,,,,6.0,0.0
active_power_discr,1.0,4.0,,,,,,7.0,0.0
active_power_discr,1.0,4.0,,,,,,8.0,0.0
active_power_discr,1.0,4.0,,,,,,9.0,0.0
active_power_discr,1.0,4.0,,,,,,10.0,0.0
active_power_discr,1.0,4.0,,,,,,11.0,0.0
active_power_discr,1.0,4.0,,,,,,12.0,0.0
active_power_discr,1.0,4.0,,,,,,13.0,0.0
active_power_discr,1.0,4.0,,,,,,14.0,0.0
active_power_discr,1.0,4.0,,,,,,15.0,0.0
active_power_discr,1.0,5.0,,,,,,1.0,0.0
active_power_discr,1.0,5.0,,,,,,2.0,0.0
active_power_discr,1.0,5.0,,,,,,3.0,0.0
active_power_discr,1.0,5.0,,,,,,4.0,0.0
active_power_discr,1.0,5.0,,,,,,5.0,0.0
active_power_discr,1.0,5.0,,,,,,6.0,0.0
active_power_discr,1.0,5.0,,,,,,7.0,0.0
active_power_discr,1.0,5.0,,,,,,8.0,0.0
active_power_discr,1.0,5.0,,,,,,9.0,0.0
active_power_discr,1.0,5.0,,,,,,10.0,0.0
active_power_discr,1.0,5.0,,,,,,11.0,0.0
active_power_discr,1.0,5.0,,,,,,12.0,0.0
active_power_discr,1.0,5.0,,,,,,13.0,0.0
active_power_discr,1.0,5.0,,,,,,14.0,0.0
active_power_discr,1.0,5.0,,,,,,15.0,0.0
active_power_discr,1.0,6.0,,,,,,1.0,0.0
active_power_discr,1.0,6.0,,,,,,2.0,0.0
active_power_discr,1.0,6.0,,,,,,3.0,0.0
active_power_discr,1.0,6.0,,,,,,4.0,0.0
active_power_discr,1.0,6.0,,,,,,5.0,0.0
active_power_discr,1.0,6.0,,,,,,6.0,0.0
active_power_discr,1.0,6.0,,,,,,7.0,0.0
active_power_discr,1.0,6.0,,,,,,8.0,0.0
active_power_discr,1.0,6.0,,,,,,9.0,0.0
active_power_discr,1.0,6.0,,,,,,10.0,0.0
active_power_discr,1.0,6.0,,,,,,11.0,0.0
active_power_discr,1.0,6.0,,,,,,12.0,0.0
active_power_discr,1.0,6.0,,,,,,13.0,0.0
active_power_discr,1.0,6.0,,,,,,14.0,0.0
active_power_discr,1.0,6.0,,,,,,15.0,0.0
active_power_discr,1.0,7.0,,,,,,1.0,0.000825746864364434
active_power_discr,1.0,7.0,,,,,,2.0,0.0015076047483721265
active_power_discr,1.0,7.0,,,,,,3.0,0.0005644636466669017
active_power_discr,1.0,7.0,,,,,,4.0,0.0
active_power_discr,1.0,7.0,,,,,,5.0,0.0
active_power_discr,1.0,7.0,,,,,,6.0,0.0
active_power_discr,1.0,7.0,,,,,,7.0,0.0
active_power_discr,1.0,7.0,,,,,,8.0,0.0
active_power_discr,1.0,7.0,,,,,,9.0,0.0
active_power_discr,1.0,7.0,,,,,,10.0,0.0
active_power_discr,1.0,7.0,,,,,,11.0,0.0
active_power_discr,1.0,7.0,,,,,,12.0,0.0
active_power_discr,1.0,7.0,,,,,,13.0,0.0
active_power_discr,1.0,7.0,,,,,,14.0,0.0
active_power_discr,1.0,7.0,,,,,,15.0,0.0
active_power_discr,1.0,8.0,,,,,,1.0,0.000825746864364434
active_power_discr,1.0,8.0,,,,,,2.0,0.0015076047483721265
active_power_discr,1.0,8.0,,,,,,3.0,0.00275250464204134
active_power_discr,1.0,8.0,,,,,,4.0,0.005025376719355532
active_power_discr,1.0,8.0,,,,,,5.0,0.0014027859680331364
active_power_discr,1.0,8.0,,,,,,6.0,0.0
active_power_discr,1.0,8.0,,,,,,7.0,0.0
active_power_discr,1.0,8.0,,,,,,8.0,0.0
active_power_discr,1.0,8.0,,,,,,9.0,0.0
active_power_discr,1.0,8.0,,,,,,10.0,0.0
active_power_discr,1.0,8.0,,,,,,11.0,0.0
active_power_discr,1.0,8.0,,,,,,12.0,0.0
active_power_discr,1.0,8.0,,,,,,13.0,0.0
active_power_discr,1.0,8.0,,,,,,14.0,0.0
active_power_discr,1.0,8.0,,,,,,15.0,0.0
active_power_discr,1.0,9.0,,,,,,1.0,0.0
active_power_discr,1.0,9.0,,,,,,2.0,0.0
active_power_discr,1.0,9.0,,,,,,3.0,0.0
active_power_discr,1.0,9.0,,,,,,4.0,0.0
active_power_discr,1.0,9.0,,,,,,5.0,0.0
active_power_discr,1.0,9.0,,,,,,6.0,0.0
active_power_discr,1.0,9.0,,,,,,7.0,0.0
active_power_discr,1.0,9.0,,,,,,8.0,0.0
active_power_discr,1.0,9.0,,,,,,9.0,0.0
active_power_discr,1.0,9.0,,,,,,10.0,0.0
active_power_discr,1.0,9.0,,,,,,11.0,0.0
active_power_discr,1.0,9.0,,,,,,12.0,0.0
active_power_discr,1.0,9.0,,,,,,13.0,0.0
active_power_discr,1.0,9.0,,,,,,14.0,0.0
active_power_discr,1.0,9.0,,,,,,15.0,0.0
active_power_discr,1.0,10.0,,,,,,1.0,0.0
active_power_discr,1.0,10.0,,,,,,2.0,0.0
active_power_discr,1.0,10.0,,,,,,3.0,0.0
active_power_discr,1.0,10.0,,,,,,4.0,0.0
active_power_discr,1.0,10.0,,,,,,5.0,0.0
active_power_discr,1.0,10.0,,,,,,6.0,0.0
active_power_discr,1.0,10.0,,,,,,7.0,0.0
active_power_discr,1.0,10.0,,,,,,8.0,0.0
active_power_discr,1.0,10.0,,,,,,9.0,0.0
active_power_discr,1.0,10.0,,,,,,10.0,0.0
active_power_discr,1.0,10.0,,,,,,11.0,0.0
active_power_discr,1.0,10.0,,,,,,12.0,0.0
active_power_discr,1.0,10.0,,,,,,13.0,0.0
active_power_discr,1.0,10.0,,,,,,14.0,0.0
active_power_discr,1.0,10.0,,,,,,15.0,0.0
active_power_discr,1.0,11.0,,,,,,1.0,0.0
active_power_discr,1.0,11.0,,,,,,2.0,0.0
active_power_discr,1.0,11.0,,,,,,3.0,0.0
active_power_discr,1.0,11.0,,,,,,4.0,0.0
active_power_discr,1.0,11.0,,,,,,5.0,0.0
active_power_discr,1.0,11.0,,,,,,6.0,0.0
active_power_discr,1.0,11.0,,,,,,7.0,0.0
active_power_discr,1.0,11.0,,,,,,8.0,0.0
active_power_discr,1.0,11.0,,,,,,9.0,0.0
active_power_discr,1.0,11.0,,,,,,10.0,0.0
active_power_discr,1.0,11.0,,,,,,11.0,0.0
active_power_discr,1.0,11.0,,,,,,12.0,0.0
active_power_discr,1.0,11.0,,,,,,13.0,0.0
active_power_discr,1.0,11.0,,,,,,14.0,0.0
active_power_discr,1.0,11.0,,,,,,15.0,0.0
active_power_discr,1.0,12.0,,,,,,1.0,0.0
active_power_discr,1.0,12.0,,,,,,2.0,0.0
active_power_discr,1.0,12.0,,,,,,3.0,0.0
active_power_discr,1.0,12.0,,,,,,4.0,0.0
active_power_discr,1.0,12.0,,,,,,5.0,0.0
active_power_discr,1.0,12.0,,,,,,6.0,0.0
active_power_discr,1.0,12.0,,,,,,7.0,0.0
active_power_discr,1.0,12.0,,,,,,8.0,0.0
active_power_discr,1.0,12.0,,,,,,9.0,0.0
active_power_discr,1.0,12.0,,,,,,10.0,0.0
active_power_discr,1.0,12.0,,,,,,11.0,0.0
active_power_discr,1.0,12.0,,,,,,12.0,0.0
active_power_discr,1.0,12.0,,,,,,13.0,0.0
active_power_discr,1.0,12.0,,,,,,14.0,0.0
active_power_discr,1.0,12.0,,,,,,15.0,0.0
active_power_discr,1.0,13.0,,,,,,1.0,0.0
active_power_discr,1.0,13.0,,,,,,2.0,0.0
active_power_discr,1.0,13.0,,,,,,3.0,0.0
active_power_discr,1.0,13.0,,,,,,4.0,0.0
active_power_discr,1.0,13.0,,,,,,5.0,0.0
active_power_discr,1.0,13.0,,,,,,6.0,0.0
active_power_discr,1.0,13.0,,,,,,7.0,0.0
active_power_discr,1.0,13.0,,,,,,8.0,0.0
active_power_discr,1.0,13.0,,,,,,9.0,0.0
active_power_discr,1.0,13.0,,,,,,10.0,0.0
active_power_discr,1.0,13.0,,,,,,11.0,0.0
active_power_discr,1.0,13.0,,,,,,12.0,0.0
active_power_discr,1.0,13.0,,,,,,13.0,0.0
active_power_discr,1.0,13.0,,,,,,14.0,0.0
active_power_discr,1.0,13.0,,,,,,15.0,0.0
active_power_discr,1.0,14.0,,,,,,1.0,0.0
active_power_discr,1.0,14.0,,,,,,2.0,0.0
active_power_discr,1.0,14.0,,,,,,3.0,0.0
active_power_discr,1.0,14.0,,,,,,4.0,0.0
active_power_discr,1.0,14.0,,,,,,5.0,0.0
active_power_discr,1.0,14.0,,,,,,6.0,0.0
active_power_discr,1.0,14.0,,,,,,7.0,0.0
active_power_discr,1.0,14.0,,,,,,8.0,0.0
active_power_discr,1.0,14.0,,,,,,9.0,0.0
active_power_discr,1.0,14.0,,,,,,10.0,0.0
active_power_discr,1.0,14.0,,,,,,11.0,0.0
active_power_discr,1.0,14.0,,,,,,12.0,0.0
active_power_discr,1.0,14.0,,,,,,13.0,0.0
active_power_discr,1.0,14.0,,,,,,14.0,0.0
active_power_discr,1.0,14.0,,,,,,15.0,0.0
active_power_discr,1.0,15.0,,,,,,1.0,0.0
active_power_discr,1.0,15.0,,,,,,2.0,0.0
active_power_discr,1.0,15.0,,,,,,3.0,0.0
active_power_discr,1.0,15.0,,,,,,4.0,0.0
active_power_discr,1.0,15.0,,,,,,5.0,0.0
active_power_discr,1.0,15.0,,,,,,6.0,0.0
active_power_discr,1.0,15.0,,,,,,7.0,0.0
active_power_discr,1.0,15.0,,,,,,8.0,0.0
active_power_discr,1.0,15.0,,,,,,9.0,0.0
active_power_discr,1.0,15.0,,,,,,10.0,0.0
active_power_discr,1.0,15.0,,,,,,11.0,0.0
active_power_discr,1.0,15.0,,,,,,12.0,0.0
active_power_discr,1.0,15.0,,,,,,13.0,0.0
active_power_discr,1.0,15.0,,,,,,14.0,0.0
active_power_discr,1.0,15.0,,,,,,15.0,0.0
active_power_discr,1.0,16.0,,,,,,1.0,0.0
active_power_discr,1.0,16.0,,,,,,2.0,0.0
active_power_discr,1.0,16.0,,,,,,3.0,0.0
active_power_discr,1.0,16.0,,,,,,4.0,0.0
active_power_discr,1.0,16.0,,,,,,5.0,0.0
active_power_discr,1.0,16.0,,,,,,6.0,0.0
active_power_discr,1.0,16.0,,,,,,7.0,0.0
active_power_discr,1.0,16.0,,,,,,8.0,0.0
active_power_discr,1.0,16.0,,,,,,9.0,0.0
active_power_discr,1.0,16.0,,,,,,10.0,0.0
active_power_discr,1.0,16.0,,,,,,11.0,0.0
active_power_discr,1.0,16.0,,,,,,12.0,0.0
active_power_discr,1.0,16.0,,,,,,13.0,0.0
active_power_discr,1.0,16.0,,,,,,14.0,0.0
active_power_discr,1.0,16.0,,,,,,15.0,0.0
active_power_discr,1.0,17.0,,,,,,1.0,0.0
active_power_discr,1.0,17.0,,,,,,2.0,0.0
active_power_discr,1.0,17.0,,,,,,3.0,0.0
active_power_discr,1.0,17.0,,,,,,4.0,0.0
active_power_discr,1.0,17.0,,,,,,5.0,0.0
active_power_discr,1.0,17.0,,,,,,6.0,0.0018576867708675546
active_power_discr,1.0,17.0,,,,,,7.0,0.0
active_power_discr,1.0,17.0,,,,,,8.0,0.0
active_power_discr,1.0,17.0,,,,,,9.0,0.0
active_power_discr,1.0,17.0,,,,,,10.0,0.0
active_power_discr,1.0,17.0,,,,,,11.0,0.0
active_power_discr,1.0,17.0,,,,,,12.0,0.0
active_power_discr,1.0,17.0,,,,,,13.0,0.0
active_power_discr,1.0,17.0,,,,,,14.0,0.0
active_power_discr,1.0,17.0,,,,,,15.0,0.0
active_power_discr,1.0,18.0,,,,,,1.0,0.0
active_power_discr,1.0,18.0,,,,,,2.0,0.0
active_power_discr,1.0,18.0,,,,,,3.0,0.0
active_power_discr,1.0,18.0,,,,,,4.0,0.0
active_power_discr,1.0,18.0,,,,,,5.0,0.0
active_power_discr,1.0,18.0,,,,,,6.0,0.0
active_power_discr,1.0,18.0,,,,,,7.0,0.0
active_power_discr,1.0,18.0,,,,,,8.0,0.0
active_power_discr,1.0,18.0,,,,,,9.0,0.0
active_power_discr,1.0,18.0,,,,,,10.0,0.0
active_power_discr,1.0,18.0,,,,,,11.0,0.0
active_power_discr,1.0,18.0,,,,,,12.0,0.0
active_power_discr,1.0,18.0,,,,,,13.0,0.0
active_power_discr,1.0,18.0,,,,,,14.0,0.0
active_power_discr,1.0,18.0,,,,,,15.0,0.0
active_power_discr,1.0,19.0,,,,,,1.0,0.000825746864364434
active_power_discr,1.0,19.0,,,,,,2.0,0.0015076047483721265
active_power_discr,1.0,19.0,,,,,,3.0,0.00275250464204134
active_power_discr,1.0,19.0,,,,,,4.0,0.005025376719355532
active_power_discr,1.0,19.0,,,,,,5.0,0.0012047425776358957
active_power_discr,1.0,19.0,,,,,,6.0,0.0
active_power_discr,1.0,19.0,,,,,,7.0,0.0
active_power_discr,1.0,19.0,,,,,,8.0,0.0
active_power_discr,1.0,19.0,,,,,,9.0,0.0
active_power_discr,1.0,19.0,,,,,,10.0,0.0
active_power_discr,1.0,19.0,,,,,,11.0,0.0
active_power_discr,1.0,19.0,,,,,,12.0,0.0
active_power_discr,1.0,19.0,,,,,,13.0,0.0
active_power_discr,1.0,19.0,,,,,,14.0,0.0
active_power_discr,1.0,19.0,,,,,,15.0,0.0
active_power_discr,1.0,20.0,,,,,,1.0,0.0004342717791352693
active_power_discr,1.0,20.0,,,,,,2.0,0.0006228637572885814
active_power_discr,1.0,20.0,,,,,,3.0,0.0008933559093251696
active_power_discr,1.0,20.0,,,,,,4.0,0.0012813151694688243
active_power_discr,1.0,20.0,,,,,,5.0,0.001837754187747051
active_power_discr,1.0,20.0,,,,,,6.0,0.0026358389684732605
active_power_discr,1.0,20.0,,,,,,7.0,0.0008053623487486983
active_power_discr,1.0,20.0,,,,,,8.0,0.0
active_power_discr,1.0,20.0,,,,,,9.0,0.0
active_power_discr,1.0,20.0,,,,,,10.0,0.0
active_power_discr,1.0,20.0,,,,,,11.0,0.0
active_power_discr,1.0,20.0,,,,,,12.0,0.0
active_power_discr,1.0,20.0,,,,,,13.0,0.0
active_power_discr,1.0,20.0,,,,,,14.0,0.0
active_power_discr,1.0,20.0,,,,,,15.0,0.0
active_power_discr,1.0,21.0,,,,,,1.0,0.0
active_power_discr,1.0,21.0,,,,,,2.0,0.0
active_power_discr,1.0,21.0,,,,,,3.0,0.0
active_power_discr,1.0,21.0,,,,,,4.0,0.0
active_power_discr,1.0,21.0,,,,,,5.0,0.0
active_power_discr,1.0,21.0,,,,,,6.0,0.0
active_power_discr,1.0,21.0,,,,,,7.0,0.0
active_power_discr,1.0,21.0,,,,,,8.0,0.0
active_power_discr,1.0,21.0,,,,,,9.0,0.0
active_power_discr,1.0,21.0,,,,,,10.0,0.0
active_power_discr,1.0,21.0,,,,,,11.0,0.0
active_power_discr,1.0,21.0,,,,,,12.0,0.0
active_power_discr,1.0,21.0,,,,,,13.0,0.0
active_power_discr,1.0,21.0,,,,,,14.0,0.0
active_power_discr,1.0,21.0,,,,,,15.0,0.0
active_power_discr,1.0,22.0,,,,,,1.0,0.0
active_power_discr,1.0,22.0,,,,,,2.0,0.0
active_power_discr,1.0,22.0,,,,,,3.0,0.0
active_power_discr,1.0,22.0,,,,,,4.0,0.0
active_power_discr,1.0,22.0,,,,,,5.0,0.0
active_power_discr,1.0,22.0,,,,,,6.0,0.0
active_power_discr,1.0,22.0,,,,,,7.0,0.0
active_power_discr,1.0,22.0,,,,,,8.0,0.0
active_power_discr,1.0,22.0,,,,,,9.0,0.0
active_power_discr,1.0,22.0,,,,,,10.0,0.0
active_power_discr,1.0,22.0,,,,,,11.0,0.0
active_power_discr,1.0,22.0,,,,,,12.0,0.0
active_power_discr,1.0,22.0,,,,,,13.0,0.0
active_power_discr,1.0,22.0,,,,,,14.0,0.0
active_power_discr,1.0,22.0,,,,,,15.0,0.0
active_power_discr,1.0,23.0,,,,,,1.0,0.0
active_power_discr,1.0,23.0,,,,,,2.0,0.0
active_power_discr,1.0,23.0,,,,,,3.0,0.0
active_power_discr,1.0,23.0,,,,,,4.0,0.0
active_power_discr,1.0,23.0,,,,,,5.0,0.0
active_power_discr,1.0,23.0,,,,,,6.0,0.0
active_power_discr,1.0,23.0,,,,,,7.0,0.0
active_power_discr,1.0,23.0,,,,,,8.0,0.0
active_power_discr,1.0,23.0,,,,,,9.0,0.0
active_power_discr,1.0,23.0,,,,,,10.0,0.0
active_power_discr,1.0,23.0,,,,,,11.0,0.0
active_power_discr,1.0,23.0,,,,,,12.0,0.0
active_power_discr,1.0,23.0,,,,,,13.0,0.0
active_power_discr,1.0,23.0,,,,,,14.0,0.0
active_power_discr,1.0,23.0,,,,,,15.0,0.0
active_power_discr,1.0,24.0,,,,,,1.0,0.0
active_power_discr,1.0,24.0,,,,,,2.0,0.0
active_power_discr,1.0,24.0,,,,,,3.0,0.0
active_power_discr,1.0,24.0,,,,,,4.0,0.0
active_power_discr,1.0,24.0,,,,,,5.0,0.0
active_power_discr,1.0,24.0,,,,,,6.0,0.0
active_power_discr,1.0,24.0,,,,,,7.0,0.0
active_power_discr,1.0,24.0,,,,,,8.0,0.0
active_power_discr,1.0,24.0,,,,,,9.0,0.0
active_power_discr,1.0,24.0,,,,,,10.0,0.0
active_power_discr,1.0,24.0,,,,,,11.0,0.0
active_power_discr,1.0,24.0,,,,,,12.0,0.0
active_power_discr,1.0,24.0,,,,,,13.0,0.0
active_power_discr,1.0,24.0,,,,,,14.0,0.0
active_power_discr,1.0,24.0,,,,,,15.0,0.0
active_power_discr,1.0,25.0,,,,,,1.0,0.0
active_power_discr,1.0,25.0,,,,,,2.0,0.0
active_power_discr,1.0,25.0,,,,,,3.0,0.0
active_power_discr,1.0,25.0,,,,,,4.0,0.0
active_power_discr,1.0,25.0,,,,,,5.0,0.0
active_power_discr,1.0,25.0,,,,,,6.0,0.0
active_power_discr,1.0,25.0,,,,,,7.0,0.0
active_power_discr,1.0,25.0,,,,,,8.0,0.0
active_power_discr,1.0,25.0,,,,,,9.0,0.0
active_power_discr,1.0,25.0,,,,,,10.0,0.0
active_power_discr,1.0,25.0,,,,,,11.0,0.0
active_power_discr,1.0,25.0,,,,,,12.0,0.0
active_power_discr,1.0,25.0,,,,,,13.0,0.0
active_power_discr,1.0,25.0,,,,,,14.0,0.0
active_power_discr,1.0,25.0,,,,,,15.0,0.0
active_power_discr,1.0,26.0,,,,,,1.0,0.0
active_power_discr,1.0,26.0,,,,,,2.0,0.0
active_power_discr,1.0,26.0,,,,,,3.0,0.0
active_power_discr,1.0,26.0,,,,,,4.0,0.0
active_power_discr,1.0,26.0,,,,,,5.0,0.0
active_power_discr,1.0,26.0,,,,,,6.0,0.0
active_power_discr,1.0,26.0,,,,,,7.0,0.0
active_power_discr,1.0,26.0,,,,,,8.0,0.0
active_power_discr,1.0,26.0,,,,,,9.0,0.0
active_power_discr,1.0,26.0,,,,,,10.0,0.0
active_power_discr,1.0,26.0,,,,,,11.0,0.0
active_power_discr,1.0,26.0,,,,,,12.0,0.0
active_power_discr,1.0,26.0,,,,,,13.0,0.0
active_power_discr,1.0,26.0,,,,,,14.0,0.0
active_power_discr,1.0,26.0,,,,,,15.0,0.0
active_power_discr,1.0,27.0,,,,,,1.0,0.0
active_power_discr,1.0,27.0,,,,,,2.0,0.0
active_power_discr,1.0,27.0,,,,,,3.0,0.0
active_power_discr,1.0,27.0,,,,,,4.0,0.0
active_power_discr,1.0,27.0,,,,,,5.0,0.0
active_power_discr,1.0,27.0,,,,,,6.0,0.0
active_power_discr,1.0,27.0,,,,,,7.0,0.0
active_power_discr,1.0,27.0,,,,,,8.0,0.0
active_power_discr,1.0,27.0,,,,,,9.0,0.0
active_power_discr,1.0,27.0,,,,,,10.0,0.0
active_power_discr,1.0,27.0,,,,,,11.0,0.0
active_power_discr,1.0,27.0,,,,,,12.0,0.0
active_power_discr,1.0,27.0,,,,,,13.0,0.0
active_power_discr,1.0,27.0,,,,,,14.0,0.0
active_power_discr,1.0,27.0,,,,,,15.0,0.0
active_power_discr,1.0,28.0,,,,,,1.0,0.0
active_power_discr,1.0,28.0,,,,,,2.0,0.0
active_power_discr,1.0,28.0,,,,,,3.0,0.0
active_power_discr,1.0,28.0,,,,,,4.0,0.0
active_power_discr,1.0,28.0,,,,,,5.0,0.0
active_power_discr,1.0,28.0,,,,,,6.0,0.0
active_power_discr,1.0,28.0,,,,,,7.0,0.0
active_power_discr,1.0,28.0,,,,,,8.0,0.0
active_power_discr,1.0,28.0,,,,,,9.0,0.0
active_power_discr,1.0,28.0,,,,,,10.0,0.0
active_power_discr,1.0,28.0,,,,,,11.0,0.0
active_power_discr,1.0,28.0,,,,,,12.0,0.0
active_power_discr,1.0,28.0,,,,,,13.0,0.0
active_power_discr,1.0,28.0,,,,,,14.0,0.0
active_power_discr,1.0,28.0,,,,,,15.0,0.0
active_power_discr,1.0,29.0,,,,,,1.0,0.0
active_power_discr,1.0,29.0,,,,,,2.0,0.0
active_power_discr,1.0,29.0,,,,,,3.0,0.0
active_power_discr,1.0,29.0,,,,,,4.0,0.0
active_power_discr,1.0,29.0,,,,,,5.0,0.0
active_power_discr,1.0,29.0,,,,,,6.0,0.0
active_power_discr,1.0,29.0,,,,,,7.0,0.0
active_power_discr,1.0,29.0,,,,,,8.0,0.0
active_power_discr,1.0,29.0,,,,,,9.0,0.0
active_power_discr,1.0,29.0,,,,,,10.0,0.0
active_power_discr,1.0,29.0,,,,,,11.0,0.0
active_power_discr,1.0,29.0,,,,,,12.0,0.0
active_power_discr,1.0,29.0,,,,,,13.0,0.0
active_power_discr,1.0,29.0,,,,,,14.0,0.0
active_power_discr,1.0,29.0,,,,,,15.0,0.0
active_power_discr,1.0,30.0,,,,,,1.0,0.0
active_power_discr,1.0,30.0,,,,,,2.0,0.0
active_power_discr,1.0,30.0,,,,,,3.0,0.0
active_power_discr,1.0,30.0,,,,,,4.0,0.0
active_power_discr,1.0,30.0,,,,,,5.0,0.0
active_power_discr,1.0,30.0,,,,,,6.0,0.0
active_power_discr,1.0,30.0,,,,,,7.0,0.0
active_power_discr,1.0,30.0,,,,,,8.0,0.0
active_power_discr,1.0,30.0,,,,,,9.0,0.0
active_power_discr,1.0,30.0,,,,,,10.0,0.0
active_power_discr,1.0,30.0,,,,,,11.0,0.0
active_power_discr,1.0,30.0,,,,,,12.0,0.0
active_power_discr,1.0,30.0,,,,,,13.0,0.0
active_power_discr,1.0,30.0,,,,,,14.0,0.0
active_power_discr,1.0,30.0,,,,,,15.0,0.0
active_power_discr,1.0,31.0,,,,,,1.0,0.0
active_power_discr,1.0,31.0,,,,,,2.0,0.0
active_power_discr,1.0,31.0,,,,,,3.0,0.0
active_power_discr,1.0,31.0,,,,,,4.0,0.0
active_power_discr,1.0,31.0,,,,,,5.0,0.0
active_power_discr,1.0,31.0,,,,,,6.0,0.0
active_power_discr,1.0,31.0,,,,,,7.0,0.0
active_power_discr,1.0,31.0,,,,,,8.0,0.0
active_power_discr,1.0,31.0,,,,,,9.0,0.0
active_power_discr,1.0,31.0,,,,,,10.0,0.0
active_power_discr,1.0,31.0,,,,,,11.0,0.0
active_power_discr,1.0,31.0,,,,,,12.0,0.0
active_power_discr,1.0,31.0,,,,,,13.0,0.0
active_power_discr,1.0,31.0,,,,,,14.0,0.0
active_power_discr,1.0,31.0,,,,,,15.0,0.0
active_power_discr,1.0,32.0,,,,,,1.0,0.0
active_power_discr,1.0,32.0,,,,,,2.0,0.0
active_power_discr,1.0,32.0,,,,,,3.0,0.0
active_power_discr,1.0,32.0,,,,,,4.0,0.0
active_power_discr,1.0,32.0,,,,,,5.0,0.0
active_power_discr,1.0,32.0,,,,,,6.0,0.0
active_power_discr,1.0,32.0,,,,,,7.0,0.0
active_power_discr,1.0,32.0,,,,,,8.0,0.0
active_power_discr,1.0,32.0,,,,,,9.0,0.0
active_power_discr,1.0,32.0,,,,,,10.0,0.0
active_power_discr,1.0,32.0,,,,,,11.0,0.0
active_power_discr,1.0,32.0,,,,,,12.0,0.0
active_power_discr,1.0,32.0,,,,,,13.0,0.0
active_power_discr,1.0,32.0,,,,,,14.0,0.0
active_power_discr,1.0,32.0,,,,,,15.0,0.0
active_power_discr,1.0,33.0,,,,,,1.0,0.0
active_power_discr,1.0,33.0,,,,,,2.0,0.0
active_power_discr,1.0,33.0,,,,,,3.0,0.0
active_power_discr,1.0,33.0,,,,,,4.0,0.0
active_power_discr,1.0,33.0,,,,,,5.0,0.0
active_power_discr,1.0,33.0,,,,,,6.0,0.0
active_power_discr,1.0,33.0,,,,,,7.0,0.0
active_power_discr,1.0,33.0,,,,,,8.0,0.0
active_power_discr,1.0,33.0,,,,,,9.0,0.0
active_power_discr,1.0,33.0,,,,,,10.0,0.0
active_power_discr,1.0,33.0,,,,,,11.0,0.0
active_power_discr,1.0,33.0,,,,,,12.0,0.0
active_power_discr,1.0,33.0,,,,,,13.0,0.0
active_power_discr,1.0,33.0,,,,,,14.0,0.0
active_power_discr,1.0,33.0,,,,,,15.0,0.0
active_power_discr,1.0,34.0,,,,,,1.0,0.0004342717791352693
active_power_discr,1.0,34.0,,,,,,2.0,0.0006228637572885814
active_power_discr,1.0,34.0,,,,,,3.0,0.0008933559093251696
active_power_discr,1.0,34.0,,,,,,4.0,0.00079243933399435
active_power_discr,1.0,34.0,,,,,,5.0,0.0
active_power_discr,1.0,34.0,,,,,,6.0,0.0
active_power_discr,1.0,34.0,,,,,,7.0,0.0
active_power_discr,1.0,34.0,,,,,,8.0,0.0
active_power_discr,1.0,34.0,,,,,,9.0,0.0
active_power_discr,1.0,34.0,,,,,,10.0,0.0
active_power_discr,1.0,34.0,,,,,,11.0,0.0
active_power_discr,1.0,34.0,,,,,,12.0,0.0
active_power_discr,1.0,34.0,,,,,,13.0,0.0
active_power_discr,1.0,34.0,,,,,,14.0,0.0
active_power_discr,1.0,34.0,,,,,,15.0,0.0
active_power_discr,1.0,35.0,,,,,,1.0,0.0
active_power_discr,1.0,35.0,,,,,,2.0,0.0
active_power_discr,1.0,35.0,,,,,,3.0,0.0
active_power_discr,1.0,35.0,,,,,,4.0,0.0
active_power_discr,1.0,35.0,,,,,,5.0,0.0
active_power_discr,1.0,35.0,,,,,,6.0,0.0
active_power_discr,1.0,35.0,,,,,,7.0,0.0
active_power_discr,1.0,35.0,,,,,,8.0,0.0
active_power_discr,1.0,35.0,,,,,,9.0,0.0
active_power_discr,1.0,35.0,,,,,,10.0,0.0
active_power_discr,1.0,35.0,,,,,,11.0,0.0
active_power_discr,1.0,35.0,,,,,,12.0,0.0
active_power_discr,1.0,35.0,,,,,,13.0,0.0
active_power_discr,1.0,35.0,,,,,,14.0,0.0
active_power_discr,1.0,35.0,,,,,,15.0,0.0
active_power_discr,1.0,36.0,,,,,,1.0,0.0004342717791352693
active_power_discr,1.0,36.0,,,,,,2.0,0.0006228637572885814
active_power_discr,1.0,36.0,,,,,,3.0,0.0008933559093251696
active_power_discr,1.0,36.0,,,,,,4.0,0.0012813151694688243
active_power_discr,1.0,36.0,,,,,,5.0,0.0016344054757294517
active_power_discr,1.0,36.0,,,,,,6.0,0.0
active_power_discr,1.0,36.0,,,,,,7.0,0.0
active_power_discr,1.0,36.0,,,,,,8.0,0.0
active_power_discr,1.0,36.0,,,,,,9.0,0.0
active_power_discr,1.0,36.0,,,,,,10.0,0.0
active_power_discr,1.0,36.0,,,,,,11.0,0.0
active_power_discr,1.0,36.0,,,,,,12.0,0.0
active_power_discr,1.0,36.0,,,,,,13.0,0.0
active_power_discr,1.0,36.0,,,,,,14.0,0.0
active_power_discr,1.0,36.0,,,,,,15.0,0.0
active_power_discr,1.0,37.0,,,,,,1.0,0.0004342717791352693
active_power_discr,1.0,37.0,,,,,,2.0,0.0006228637572885814
active_power_discr,1.0,37.0,,,,,,3.0,0.0008933559093251696
active_power_discr,1.0,37.0,,,,,,4.0,0.0012813151694688243
active_power_discr,1.0,37.0,,,,,,5.0,0.001837754187747051
active_power_discr,1.0,37.0,,,,,,6.0,0.0026358389684732605
active_power_discr,1.0,37.0,,,,,,7.0,0.000756986759670359
active_power_discr,1.0,37.0,,,,,,8.0,0.0
active_power_discr,1.0,37.0,,,,,,9.0,0.0
active_power_discr,1.0,37.0,,,,,,10.0,0.0
active_power_discr,1.0,37.0,,,,,,11.0,0.0
active_power_discr,1.0,37.0,,,,,,12.0,0.0
active_power_discr,1.0,37.0,,,,,,13.0,0.0
active_power_discr,1.0,37.0,,,,,,14.0,0.0
active_power_discr,1.0,37.0,,,,,,15.0,0.0
active_power_discr,1.0,38.0,,,,,,1.0,0.000825746864364434
active_power_discr,1.0,38.0,,,,,,2.0,0.0015076047483721265
active_power_discr,1.0,38.0,,,,,,3.0,0.00275250464204134
active_power_discr,1.0,38.0,,,,,,4.0,0.0038961224697246664
active_power_discr,1.0,38.0,,,,,,5.0,0.0
active_power_discr,1.0,38.0,,,,,,6.0,0.0
active_power_discr,1.0,38.0,,,,,,7.0,0.0
active_power_discr,1.0,38.0,,,,,,8.0,0.0
active_power_discr,1.0,38.0,,,,,,9.0,0.0
active_power_discr,1.0,38.0,,,,,,10.0,0.0
active_power_discr,1.0,38.0,,,,,,11.0,0.0
active_power_discr,1.0,38.0,,,,,,12.0,0.0
active_power_discr,1.0,38.0,,,,,,13.0,0.0
active_power_discr,1.0,38.0,,,,,,14.0,0.0
active_power_discr,1.0,38.0,,,,,,15.0,0.0
active_power_discr,1.0,39.0,,,,,,1.0,0.0
active_power_discr,1.0,39.0,,,,,,2.0,0.0
active_power_discr,1.0,39.0,,,,,,3.0,0.0
active_power_discr,1.0,39.0,,,,,,4.0,0.0
active_power_discr,1.0,39.0,,,,,,5.0,0.0
active_power_discr,1.0,39.0,,,,,,6.0,0.0
active_power_discr,1.0,39.0,,,,,,7.0,0.0
active_power_discr,1.0,39.0,,,,,,8.0,0.0
active_power_discr,1.0,39.0,,,,,,9.0,0.0
active_power_discr,1.0,39.0,,,,,,10.0,0.0
active_power_discr,1.0,39.0,,,,,,11.0,0.0
active_power_discr,1.0,39.0,,,,,,12.0,0.0
active_power_discr,1.0,39.0,,,,,,13.0,0.0
active_power_discr,1.0,39.0,,,,,,14.0,0.0
active_power_discr,1.0,39.0,,,,,,15.0,0.0
active_power_discr,1.0,40.0,,,,,,1.0,0.0
active_power_discr,1.0,40.0,,,,,,2.0,0.0
active_power_discr,1.0,40.0,,,,,,3.0,0.00275250464204134
active_power_discr,1.0,40.0,,,,,,4.0,0.001986318630205808
active_power_discr,1.0,40.0,,,,,,5.0,0.0
active_power_discr,1.0,40.0,,,,,,6.0,0.0
active_power_discr,1.0,40.0,,,,,,7.0,0.0
active_power_discr,1.0,40.0,,,,,,8.0,0.0
active_power_discr,1.0,40.0,,,,,,9.0,0.0
active_power_discr,1.0,40.0,,,,,,10.0,0.0
active_power_discr,1.0,40.0,,,,,,11.0,0.0
active_power_discr,1.0,40.0,,,,,,12.0,0.0
active_power_discr,1.0,40.0,,,,,,13.0,0.0
active_power_discr,1.0,40.0,,,,,,14.0,0.0
active_power_discr,1.0,40.0,,,,,,15.0,0.0
active_power_discr,1.0,41.0,,,,,,1.0,0.0
active_power_discr,1.0,41.0,,,,,,2.0,0.0
active_power_discr,1.0,41.0,,,,,,3.0,0.0
active_power_discr,1.0,41.0,,,,,,4.0,0.0
active_power_discr,1.0,41.0,,,,,,5.0,0.0
active_power_discr,1.0,41.0,,,,,,6.0,0.0
active_power_discr,1.0,41.0,,,,,,7.0,0.0
active_power_discr,1.0,41.0,,,,,,8.0,0.0
active_power_discr,1.0,41.0,,,,,,9.0,0.0
active_power_discr,1.0,41.0,,,,,,10.0,0.0
active_power_discr,1.0,41.0,,,,,,11.0,0.0
active_power_discr,1.0,41.0,,,,,,12.0,0.0
active_power_discr,1.0,41.0,,,,,,13.0,0.0
active_power_discr,1.0,41.0,,,,,,14.0,0.0
active_power_discr,1.0,41.0,,,,,,15.0,0.0
active_power_discr,1.0,42.0,,,,,,1.0,0.0
active_power_discr,1.0,42.0,,,,,,2.0,0.0
active_power_discr,1.0,42.0,,,,,,3.0,0.0
active_power_discr,1.0,42.0,,,,,,4.0,0.0
active_power_discr,1.0,42.0,,,,,,5.0,0.0
active_power_discr,1.0,42.0,,,,,,6.0,0.0
active_power_discr,1.0,42.0,,,,,,7.0,0.0
active_power_discr,1.0,42.0,,,,,,8.0,0.0
active_power_discr,1.0,42.0,,,,,,9.0,0.0
active_power_discr,1.0,42.0,,,,,,10.0,0.0
active_power_discr,1.0,42.0,,,,,,11.0,0.0
active_power_discr,1.0,42.0,,,,,,12.0,0.0
active_power_discr,1.0,42.0,,,,,,13.0,0.0
active_power_discr,1.0,42.0,,,,,,14.0,0.0
active_power_discr,1.0,42.0,,,,,,15.0,0.0
active_power_discr,1.0,43.0,,,,,,1.0,0.000825746864364434
active_power_discr,1.0,43.0,,,,,,2.0,0.0015076047483721265
active_power_discr,1.0,43.0,,,,,,3.0,0.00275250464204134
active_power_discr,1.0,43.0,,,,,,4.0,0.0006183375394982534
active_power_discr,1.0,43.0,,,,,,5.0,0.0
active_power_discr,1.0,43.0,,,,,,6.0,0.0
active_power_discr,1.0,43.0,,,,,,7.0,0.0
active_power_discr,1.0,43.0,,,,,,8.0,0.0
active_power_discr,1.0,43.0,,,,,,9.0,0.0
active_power_discr,1.0,43.0,,,,,,10.0,0.0
active_power_discr,1.0,43.0,,,,,,11.0,0.0
active_power_discr,1.0,43.0,,,,,,12.0,0.0
active_power_discr,1.0,43.0,,,,,,13.0,0.0
active_power_discr,1.0,43.0,,,,,,14.0,0.0
active_power_discr,1.0,43.0,,,,,,15.0,0.0
active_power_discr,1.0,44.0,,,,,,1.0,0.0004342717791352693
active_power_discr,1.0,44.0,,,,,,2.0,0.0006228637572885814
active_power_discr,1.0,44.0,,,,,,3.0,0.0008933559093251696
active_power_discr,1.0,44.0,,,,,,4.0,0.0012813151694688243
active_power_discr,1.0,44.0,,,,,,5.0,-0.0003845057222181662
active_power_discr,1.0,44.0,,,,,,6.0,0.0
active_power_discr,1.0,44.0,,,,,,7.0,0.0
active_power_discr,1.0,44.0,,,,,,8.0,0.0
active_power_discr,1.0,44.0,,,,,,9.0,0.0
active_power_discr,1.0,44.0,,,,,,10.0,0.0
active_power_discr,1.0,44.0,,,,,,11.0,0.0
active_power_discr,1.0,44.0,,,,,,12.0,0.0
active_power_discr,1.0,44.0,,,,,,13.0,0.0
active_power_discr,1.0,44.0,,,,,,14.0,0.0
active_power_discr,1.0,44.0,,,,,,15.0,0.0
active_power_discr,1.0,45.0,,,,,,1.0,0.0
active_power_discr,1.0,45.0,,,,,,2.0,0.0
active_power_discr,1.0,45.0,,,,,,3.0,0.0
active_power_discr,1.0,45.0,,,,,,4.0,0.0
active_power_discr,1.0,45.0,,,,,,5.0,0.0
active_power_discr,1.0,45.0,,,,,,6.0,0.0
active_power_discr,1.0,45.0,,,,,,7.0,0.0
active_power_discr,1.0,45.0,,,,,,8.0,0.0
active_power_discr,1.0,45.0,,,,,,9.0,0.0
active_power_discr,1.0,45.0,,,,,,10.0,0.0
active_power_discr,1.0,45.0,,,,,,11.0,0.0
active_power_discr,1.0,45.0,,,,,,12.0,0.0
active_power_discr,1.0,45.0,,,,,,13.0,0.0
active_power_discr,1.0,45.0,,,,,,14.0,0.0
active_power_discr,1.0,45.0,,,,,,15.0,0.0
active_power_discr,1.0,46.0,,,,,,1.0,0.0004342717791352693
active_power_discr,1.0,46.0,,,,,,2.0,0.0006228637572885814
active_power_discr,1.0,46.0,,,,,,3.0,0.0008933559093251696
active_power_discr,1.0,46.0,,,,,,4.0,0.0012813151694688243
active_power_discr,1.0,46.0,,,,,,5.0,-0.0007312183799237271
active_power_discr,1.0,46.0,,,,,,6.0,0.0
active_power_discr,1.0,46.0,,,,,,7.0,0.0
active_power_discr,1.0,46.0,,,,,,8.0,0.0
active_power_discr,1.0,46.0,,,,,,9.0,0.0
active_power_discr,1.0,46.0,,,,,,10.0,0.0
active_power_discr,1.0,46.0,,,,,,11.0,0.0
active_power_discr,1.0,46.0,,,,,,12.0,0.0
active_power_discr,1.0,46.0,,,,,,13.0,0.0
active_power_discr,1.0,46.0,,,,,,14.0,0.0
active_power_discr,1.0,46.0,,,,,,15.0,0.0
active_power_discr,1.0,47.0,,,,,,1.0,0.0004342717791352693
active_power_discr,1.0,47.0,,,,,,2.0,0.0006228637572885814
active_power_discr,1.0,47.0,,,,,,3.0,0.0008933559093251696
active_power_discr,1.0,47.0,,,,,,4.0,4.950855425097972e-05
active_power_discr,1.0,47.0,,,,,,5.0,0.0
active_power_discr,1.0,47.0,,,,,,6.0,0.0
active_power_discr,1.0,47.0,,,,,,7.0,0.0
active_power_discr,1.0,47.0,,,,,,8.0,0.0
active_power_discr,1.0,47.0,,,,,,9.0,0.0
active_power_discr,1.0,47.0,,,,,,10.0,0.0
active_power_discr,1.0,47.0,,,,,,11.0,0.0
active_power_discr,1.0,47.0,,,,,,12.0,0.0
active_power_discr,1.0,47.0,,,,,,13.0,0.0
active_power_discr,1.0,47.0,,,,,,14.0,0.0
active_power_discr,1.0,47.0,,,,,,15.0,0.0
active_power_discr,1.0,48.0,,,,,,1.0,0.0
active_power_discr,1.0,48.0,,,,,,2.0,0.0
active_power_discr,1.0,48.0,,,,,,3.0,0.0
active_power_discr,1.0,48.0,,,,,,4.0,0.0
active_power_discr,1.0,48.0,,,,,,5.0,0.0
active_power_discr,1.0,48.0,,,,,,6.0,0.0
active_power_discr,1.0,48.0,,,,,,7.0,0.0
active_power_discr,1.0,48.0,,,,,,8.0,0.0
active_power_discr,1.0,48.0,,,,,,9.0,0.0
active_power_discr,1.0,48.0,,,,,,10.0,0.0
active_power_discr,1.0,48.0,,,,,,11.0,0.0
active_power_discr,1.0,48.0,,,,,,12.0,0.0
active_power_discr,1.0,48.0,,,,,,13.0,0.0
active_power_discr,1.0,48.0,,,,,,14.0,0.0
active_power_discr,1.0,48.0,,,,,,15.0,0.0
active_power_discr,1.0,49.0,,,,,,1.0,0.0
active_power_discr,1.0,49.0,,,,,,2.0,0.0
active_power_discr,1.0,49.0,,,,,,3.0,0.0
active_power_discr,1.0,49.0,,,,,,4.0,0.0
active_power_discr,1.0,49.0,,,,,,5.0,0.0
active_power_discr,1.0,49.0,,,,,,6.0,0.0
active_power_discr,1.0,49.0,,,,,,7.0,0.0
active_power_discr,1.0,49.0,,,,,,8.0,0.0
active_power_discr,1.0,49.0,,,,,,9.0,0.0
active_power_discr,1.0,49.0,,,,,,10.0,0.0
active_power_discr,1.0,49.0,,,,,,11.0,0.0
active_power_discr,1.0,49.0,,,,,,12.0,0.0
active_power_discr,1.0,49.0,,,,,,13.0,0.0
active_power_discr,1.0,49.0,,,,,,14.0,0.0
active_power_discr,1.0,49.0,,,,,,15.0,0.0
active_power_discr,1.0,50.0,,,,,,1.0,0.0
active_power_discr,1.0,50.0,,,,,,2.0,0.0
active_power_discr,1.0,50.0,,,,,,3.0,0.0
active_power_discr,1.0,50.0,,,,,,4.0,0.0
active_power_discr,1.0,50.0,,,,,,5.0,0.0
active_power_discr,1.0,50.0,,,,,,6.0,0.0
active_power_discr,1.0,50.0,,,,,,7.0,0.0
active_power_discr,1.0,50.0,,,,,,8.0,0.0
active_power_discr,1.0,50.0,,,,,,9.0,0.0
active_power_discr,1.0,50.0,,,,,,10.0,0.0
active_power_discr,1.0,50.0,,,,,,11.0,0.0
active_power_discr,1.0,50.0,,,,,,12.0,0.0
active_power_discr,1.0,50.0,,,,,,13.0,0.0
active_power_discr,1.0,50.0,,,,,,14.0,0.0
active_power_discr,1.0,50.0,,,,,,15.0,0.0
active_power_discr,1.0,51.0,,,,,,1.0,0.0
active_power_discr,1.0,51.0,,,,,,2.0,0.0
active_power_discr,1.0,51.0,,,,,,3.0,0.0
active_power_discr,1.0,51.0,,,,,,4.0,0.0
active_power_discr,1.0,51.0,,,,,,5.0,0.0
active_power_discr,1.0,51.0,,,,,,6.0,0.0
active_power_discr,1.0,51.0,,,,,,7.0,0.0
active_power_discr,1.0,51.0,,,,,,8.0,0.0
active_power_discr,1.0,51.0,,,,,,9.0,0.0
active_power_discr,1.0,51.0,,,,,,10.0,0.0
active_power_discr,1.0,51.0,,,,,,11.0,0.0
active_power_discr,1.0,51.0,,,,,,12.0,0.0
active_power_discr,1.0,51.0,,,,,,13.0,0.0
active_power_discr,1.0,51.0,,,,,,14.0,0.0
active_power_discr,1.0,51.0,,,,,,15.0,0.0
active_power_discr,1.0,52.0,,,,,,1.0,0.0004342717791352693
active_power_discr,1.0,52.0,,,,,,2.0,0.0006228637572885814
active_power_discr,1.0,52.0,,,,,,3.0,0.0003501738081676999
active_power_discr,1.0,52.0,,,,,,4.0,0.0
active_power_discr,1.0,52.0,,,,,,5.0,0.0
active_power_discr,1.0,52.0,,,,,,6.0,0.0
active_power_discr,1.0,52.0,,,,,,7.0,0.0
active_power_discr,1.0,52.0,,,,,,8.0,0.0
active_power_discr,1.0,52.0,,,,,,9.0,0.0
active_power_discr,1.0,52.0,,,,,,10.0,0.0
active_power_discr,1.0,52.0,,,,,,11.0,0.0
active_power_discr,1.0,52.0,,,,,,12.0,0.0
active_power_discr,1.0,52.0,,,,,,13.0,0.0
active_power_discr,1.0,52.0,,,,,,14.0,0.0
active_power_discr,1.0,52.0,,,,,,15.0,0.0
active_power_discr,1.0,53.0,,,,,,1.0,0.0
active_power_discr,1.0,53.0,,,,,,2.0,0.0
active_power_discr,1.0,53.0,,,,,,3.0,0.0
active_power_discr,1.0,53.0,,,,,,4.0,0.0
active_power_discr,1.0,53.0,,,,,,5.0,0.0
active_power_discr,1.0,53.0,,,,,,6.0,0.0012
active_power_discr,1.0,53.0,,,,,,7.0,0.0
active_power_discr,1.0,53.0,,,,,,8.0,0.0
active_power_discr,1.0,53.0,,,,,,9.0,0.0
active_power_discr,1.0,53.0,,,,,,10.0,0.0
active_power_discr,1.0,53.0,,,,,,11.0,0.0
active_power_discr,1.0,53.0,,,,,,12.0,0.0
active_power_discr,1.0,53.0,,,,,,13.0,0.0
active_power_discr,1.0,53.0,,,,,,14.0,0.0
active_power_discr,1.0,53.0,,,,,,15.0,0.0
active_power_discr,1.0,54.0,,,,,,1.0,0.0
active_power_discr,1.0,54.0,,,,,,2.0,0.0
active_power_discr,1.0,54.0,,,,,,3.0,0.0
active_power_discr,1.0,54.0,,,,,,4.0,0.0
active_power_discr,1.0,54.0,,,,,,5.0,0.0
active_power_discr,1.0,54.0,,,,,,6.0,0.0
active_power_discr,1.0,54.0,,,,,,7.0,0.0
active_power_discr,1.0,54.0,,,,,,8.0,0.0
active_power_discr,1.0,54.0,,,,,,9.0,0.0
active_power_discr,1.0,54.0,,,,,,10.0,0.0
active_power_discr,1.0,54.0,,,,,,11.0,0.0
active_power_discr,1.0,54.0,,,,,,12.0,0.0
active_power_discr,1.0,54.0,,,,,,13.0,0.0
active_power_discr,1.0,54.0,,,,,,14.0,0.0
active_power_discr,1.0,54.0,,,,,,15.0,0.0
active_power_discr,1.0,55.0,,,,,,1.0,0.0
active_power_discr,1.0,55.0,,,,,,2.0,0.0
active_power_discr,1.0,55.0,,,,,,3.0,0.0
active_power_discr,1.0,55.0,,,,,,4.0,0.0
active_power_discr,1.0,55.0,,,,,,5.0,0.0
active_power_discr,1.0,55.0,,,,,,6.0,0.0
active_power_discr,1.0,55.0,,,,,,7.0,0.0
active_power_discr,1.0,55.0,,,,,,8.0,0.0
active_power_discr,1.0,55.0,,,,,,9.0,0.0
active_power_discr,1.0,55.0,,,,,,10.0,0.0
active_power_discr,1.0,55.0,,,,,,11.0,0.0
active_power_discr,1.0,55.0,,,,,,12.0,0.0
active_power_discr,1.0,55.0,,,,,,13.0,0.0
active_power_discr,1.0,55.0,,,,,,14.0,0.0
active_power_discr,1.0,55.0,,,,,,15.0,0.0
active_power_discr,1.0,56.0,,,,,,1.0,0.0
active_power_discr,1.0,56.0,,,,,,2.0,0.0
active_power_discr,1.0,56.0,,,,,,3.0,0.0
active_power_discr,1.0,56.0,,,,,,4.0,0.0
active_power_discr,1.0,56.0,,,,,,5.0,0.0
active_power_discr,1.0,56.0,,,,,,6.0,0.0
active_power_discr,1.0,56.0,,,,,,7.0,0.0
active_power_discr,1.0,56.0,,,,,,8.0,0.0
active_power_discr,1.0,56.0,,,,,,9.0,0.0
active_power_discr,1.0,56.0,,,,,,10.0,0.0
active_power_discr,1.0,56.0,,,,,,11.0,0.0
active_power_discr,1.0,56.0,,,,,,12.0,0.0
active_power_discr,1.0,56.0,,,,,,13.0,0.0
active_power_discr,1.0,56.0,,,,,,14.0,0.0
active_power_discr,1.0,56.0,,,,,,15.0,0.0
active_power_discr,1.0,57.0,,,,,,1.0,0.0
active_power_discr,1.0,57.0,,,,,,2.0,0.0
active_power_discr,1.0,57.0,,,,,,3.0,0.0
active_power_discr,1.0,57.0,,,,,,4.0,0.0
active_power_discr,1.0,57.0,,,,,,5.0,0.0
active_power_discr,1.0,57.0,,,,,,6.0,0.0
active_power_discr,1.0,57.0,,,,,,7.0,0.0
active_power_discr,1.0,57.0,,,,,,8.0,0.0
active_power_discr,1.0,57.0,,,,,,9.0,0.0
active_power_discr,1.0,57.0,,,,,,10.0,0.0
active_power_discr,1.0,57.0,,,,,,11.0,0.0
active_power_discr,1.0,57.0,,,,,,12.0,0.0
active_power_discr,1.0,57.0,,,,,,13.0,0.0
active_power_discr,1.0,57.0,,,,,,14.0,0.0
active_power_discr,1.0,57.0,,,,,,15.0,0.0
active_power_discr,1.0,58.0,,,,,,1.0,0.0
active_power_discr,1.0,58.0,,,,,,2.0,0.0
active_power_discr,1.0,58.0,,,,,,3.0,0.0
active_power_discr,1.0,58.0,,,,,,4.0,0.0
active_power_discr,1.0,58.0,,,,,,5.0,0.0
active_power_discr,1.0,58.0,,,,,,6.0,0.0
active_power_discr,1.0,58.0,,,,,,7.0,0.0
active_power_discr,1.0,58.0,,,,,,8.0,0.0
active_power_discr,1.0,58.0,,,,,,9.0,0.0
active_power_discr,1.0,58.0,,,,,,10.0,0.0
active_power_discr,1.0,58.0,,,,,,11.0,0.0
active_power_discr,1.0,58.0,,,,,,12.0,0.0
active_power_discr,1.0,58.0,,,,,,13.0,0.0
active_power_discr,1.0,58.0,,,,,,14.0,0.0
active_power_discr,1.0,58.0,,,,,,15.0,0.0
active_power_discr,1.0,59.0,,,,,,1.0,0.0
active_power_discr,1.0,59.0,,,,,,2.0,0.0
active_power_discr,1.0,59.0,,,,,,3.0,0.0
active_power_discr,1.0,59.0,,,,,,4.0,0.0
active_power_discr,1.0,59.0,,,,,,5.0,0.0
active_power_discr,1.0,59.0,,,,,,6.0,0.0
active_power_discr,1.0,59.0,,,,,,7.0,0.0
active_power_discr,1.0,59.0,,,,,,8.0,0.0
active_power_discr,1.0,59.0,,,,,,9.0,0.0
active_power_discr,1.0,59.0,,,,,,10.0,0.0
active_power_discr,1.0,59.0,,,,,,11.0,0.0
active_power_discr,1.0,59.0,,,,,,12.0,0.0
active_power_discr,1.0,59.0,,,,,,13.0,0.0
active_power_discr,1.0,59.0,,,,,,14.0,0.0
active_power_discr,1.0,59.0,,,,,,15.0,0.0
reactive_power_discr,1.0,0.0,,,,,,1.0,0.000825746864364434
reactive_power_discr,1.0,0.0,,,,,,2.0,0.0015076047483721265
reactive_power_discr,1.0,0.0,,,,,,3.0,0.00275250464204134
reactive_power_discr,1.0,0.0,,,,,,4.0,0.0023710356243595698
reactive_power_discr,1.0,0.0,,,,,,5.0,0.0
reactive_power_discr,1.0,0.0,,,,,,6.0,0.0
reactive_power_discr,1.0,0.0,,,,,,7.0,0.0
reactive_power_discr,1.0,0.0,,,,,,8.0,0.0
reactive_power_discr,1.0,0.0,,,,,,9.0,0.0
reactive_power_discr,1.0,0.0,,,,,,10.0,0.0
reactive_power_discr,1.0,0.0,,,,,,11.0,0.0
reactive_power_discr,1.0,0.0,,,,,,12.0,0.0
reactive_power_discr,1.0,0.0,,,,,,13.0,0.0
reactive_power_discr,1.0,0.0,,,,,,14.0,0.0
reactive_power_discr,1.0,0.0,,,,,,15.0,0.0
reactive_power_discr,1.0,1.0,,,,,,1.0,0.0
reactive_power_discr,1.0,1.0,,,,,,2.0,0.0
reactive_power_discr,1.0,1.0,,,,,,3.0,0.0
reactive_power_discr,1.0,1.0,,,,,,4.0,0.0
reactive_power_discr,1.0,1.0,,,,,,5.0,0.0
reactive_power_discr,1.0,1.0,,,,,,6.0,0.0
reactive_power_discr,1.0,1.0,,,,,,7.0,0.0
reactive_power_discr,1.0,1.0,,,,,,8.0,0.0
reactive_power_discr,1.0,1.0,,,,,,9.0,0.0
reactive_power_discr,1.0,1.0,,,,,,10.0,0.0
reactive_power_discr,1.0,1.0,,,,,,11.0,0.0
reactive_power_discr,1.0,1.0,,,,,,12.0,0.0
reactive_power_discr,1.0,1.0,,,,,,13.0,0.0
reactive_power_discr,1.0,1.0,,,,,,14.0,0.0
reactive_power_discr,1.0,1.0,,,,,,15.0,0.0
reactive_power_discr,1.0,2.0,,,,,,1.0,0.0
reactive_power_discr,1.0,2.0,,,,,,2.0,0.0
reactive_power_discr,1.0,2.0,,,,,,3.0,0.0
reactive_power_discr,1.0,2.0,,,,,,4.0,0.0
reactive_power_discr,1.0,2.0,,,,,,5.0,0.0
reactive_power_discr,1.0,2.0,,,,,,6.0,0.0
reactive_power_discr,1.0,2.0,,,,,,7.0,0.0
reactive_power_discr,1.0,2.0,,,,,,8.0,0.0
reactive_power_discr,1.0,2.0,,,,,,9.0,0.0
reactive_power_discr,1.0,2.0,,,,,,10.0,0.0
reactive_power_discr,1.0,2.0,,,,,,11.0,0.0
reactive_power_discr,1.0,2.0,,,,,,12.0,0.0
reactive_power_discr,1.0,2.0,,,,,,13.0,0.0
reactive_power_discr,1.0,2.0,,,,,,14.0,0.0
reactive_power_discr,1.0,2.0,,,,,,15.0,0.0
reactive_power_discr,1.0,3.0,,,,,,1.0,0.0
reactive_power_discr,1.0,3.0,,,,,,2.0,0.0
reactive_power_discr,1.0,3.0,,,,,,3.0,0.0
reactive_power_discr,1.0,3.0,,,,,,4.0,0.0
reactive_power_discr,1.0,3.0,,,,,,5.0,0.0
reactive_power_discr,1.0,3.0,,,,,,6.0,0.0
reactive_power_discr,1.0,3.0,,,,,,7.0,0.0
reactive_power_discr,1.0,3.0,,,,,,8.0,0.0
reactive_power_discr,1.0,3.0,,,,,,9.0,0.0
reactive_power_discr,1.0,3.0,,,,,,10.0,0.0
reactive_power_discr,1.0,3.0,,,,,,11.0,0.0
reactive_power_discr,1.0,3.0,,,,,,12.0,0.0
reactive_power_discr,1.0,3.0,,,,,,13.0,0.0
reactive_power_discr,1.0,3.0,,,,,,14.0,0.0
reactive_power_discr,1.0,3.0,,,,,,15.0,0.0
reactive_power_discr,1.0,4.0,,,,,,1.0,0.0
reactive_power_discr,1.0,4.0,,,,,,2.0,0.0
reactive_power_discr,1.0,4.0,,,,,,3.0,0.0
reactive_power_discr,1.0,4.0,,,,,,4.0,0.0
reactive_power_discr,1.0,4.0,,,,,,5.0,0.0
reactive_power_discr,1.0,4.0,,,,,,6.0,0.0
reactive_power_discr,1.0,4.0,,,,,,7.0,0.0
reactive_power_discr,1.0,4.0,,,,,,8.0,0.0
reactive_power_discr,1.0,4.0,,,,,,9.0,0.0
reactive_power_discr,1.0,4.0,,,,,,10.0,0.0
reactive_power_discr,1.0,4.0,,,,,,11.0,0.0
reactive_power_discr,1.0,4.0,,,,,,12.0,0.0
reactive_power_discr,1.0,4.0,,,,,,13.0,0.0
reactive_power_discr,1.0,4.0,,,,,,14.0,0.0
reactive_power_discr,1.0,4.0,,,,,,15.0,0.0
reactive_power_discr,1.0,5.0,,,,,,1.0,0.0
reactive_power_discr,1.0,5.0,,,,,,2.0,0.0
reactive_power_discr,1.0,5.0,,,,,,3.0,0.0
reactive_power_discr,1.0,5.0,,,,,,4.0,0.0
reactive_power_discr,1.0,5.0,,,,,,5.0,0.0
reactive_power_discr,1.0,5.0,,,,,,6.0,0.0
reactive_power_discr,1.0,5.0,,,,,,7.0,0.0
reactive_power_discr,1.0,5.0,,,,,,8.0,0.0
reactive_power_discr,1.0,5.0,,,,,,9.0,0.0
reactive_power_discr,1.0,5.0,,,,,,10.0,0.0
reactive_power_discr,1.0,5.0,,,,,,11.0,0.0
reactive_power_discr,1.0,5.0,,,,,,12.0,0.0
reactive_power_discr,1.0,5.0,,,,,,13.0,0.0
reactive_power_discr,1.0,5.0,,,,,,14.0,0.0
reactive_power_discr,1.0,5.0,,,,,,15.0,0.0
reactive_power_discr,1.0,6.0,,,,,,1.0,0.0
reactive_power_discr,1.0,6.0,,,,,,2.0,0.0
reactive_power_discr,1.0,6.0,,,,,,3.0,0.0
reactive_power_discr,1.0,6.0,,,,,,4.0,0.0
reactive_power_discr,1.0,6.0,,,,,,5.0,0.0
reactive_power_discr,1.0,6.0,,,,,,6.0,0.0
reactive_power_discr,1.0,6.0,,,,,,7.0,0.0
reactive_power_discr,1.0,6.0,,,,,,8.0,0.0
reactive_power_discr,1.0,6.0,,,,,,9.0,0.0
reactive_power_discr,1.0,6.0,,,,,,10.0,0.0
reactive_power_discr,1.0,6.0,,,,,,11.0,0.0
reactive_power_discr,1.0,6.0,,,,,,12.0,0.0
reactive_power_discr,1.0,6.0,,,,,,13.0,0.0
reactive_power_discr,1.0,6.0,,,,,,14.0,0.0
reactive_power_discr,1.0,6.0,,,,,,15.0,0.0
reactive_power_discr,1.0,7.0,,,,,,1.0,0.000825746864364434
reactive_power_discr,1.0,7.0,,,,,,2.0,0.0015076047483721265
reactive_power_discr,1.0,7.0,,,,,,3.0,0.0005644636466669017
reactive_power_discr,1.0,7.0,,,,,,4.0,0.0
reactive_power_discr,1.0,7.0,,,,,,5.0,0.0
reactive_power_discr,1.0,7.0,,,,,,6.0,0.0
reactive_power_discr,1.0,7.0,,,,,,7.0,0.0
reactive_power_discr,1.0,7.0,,,,,,8.0,0.0
reactive_power_discr,1.0,7.0,,,,,,9.0,0.0
reactive_power_discr,1.0,7.0,,,,,,10.0,0.0
reactive_power_discr,1.0,7.0,,,,,,11.0,0.0
reactive_power_discr,1.0,7.0,,,,,,12.0,0.0
reactive_power_discr,1.0,7.0,,,,,,13.0,0.0
reactive_power_discr,1.0,7.0,,,,,,14.0,0.0
reactive_power_discr,1.0,7.0,,,,,,15.0,0.0
reactive_power_discr,1.0,8.0,,,,,,1.0,0.000825746864364434
reactive_power_discr,1.0,8.0,,,,,,2.0,0.0015076047483721265
reactive_power_discr,1.0,8.0,,,,,,3.0,0.00275250464204134
reactive_power_discr,1.0,8.0,,,,,,4.0,0.003428116009310418
reactive_power_discr,1.0,8.0,,,,,,5.0,0.0
reactive_power_discr,1.0,8.0,,,,,,6.0,0.0
reactive_power_discr,1.0,8.0,,,,,,7.0,0.0
reactive_power_discr,1.0,8.0,,,,,,8.0,0.0
reactive_power_discr,1.0,8.0,,,,,,9.0,0.0
reactive_power_discr,1.0,8.0,,,,,,10.0,0.0
reactive_power_discr,1.0,8.0,,,,,,11.0,0.0
reactive_power_discr,1.0,8.0,,,,,,12.0,0.0
reactive_power_discr,1.0,8.0,,,,,,13.0,0.0
reactive_power_discr,1.0,8.0,,,,,,14.0,0.0
reactive_power_discr,1.0,8.0,,,,,,15.0,0.0
reactive_power_discr,1.0,9.0,,,,,,1.0,0.0
reactive_power_discr,1.0,9.0,,,,,,2.0,0.0
reactive_power_discr,1.0,9.0,,,,,,3.0,0.0
reactive_power_discr,1.0,9.0,,,,,,4.0,0.0
reactive_power_discr,1.0,9.0,,,,,,5.0,0.0
reactive_power_discr,1.0,9.0,,,,,,6.0,0.0
reactive_power_discr,1.0,9.0,,,,,,7.0,0.0
reactive_power_discr,1.0,9.0,,,,,,8.0,0.0
reactive_power_discr,1.0,9.0,,,,,,9.0,0.0
reactive_power_discr,1.0,9.0,,,,,,10.0,0.0
reactive_power_discr,1.0,9.0,,,,,,11.0,0.0
reactive_power_discr,1.0,9.0,,,,,,12.0,0.0
reactive_power_discr,1.0,9.0,,,,,,13.0,0.0
reactive_power_discr,1.0,9.0,,,,,,14.0,0.0
reactive_power_discr,1.0,9.0,,,,,,15.0,0.0
reactive_power_discr,1.0,10.0,,,,,,1.0,0.0
reactive_power_discr,1.0,10.0,,,,,,2.0,0.0
reactive_power_discr,1.0,10.0,,,,,,3.0,0.0
reactive_power_discr,1.0,10.0,,,,,,4.0,0.0
reactive_power_discr,1.0,10.0,,,,,,5.0,0.0
reactive_power_discr,1.0,10.0,,,,,,6.0,0.0
reactive_power_discr,1.0,10.0,,,,,,7.0,0.0
reactive_power_discr,1.0,10.0,,,,,,8.0,0.0
reactive_power_discr,1.0,10.0,,,,,,9.0,0.0
reactive_power_discr,1.0,10.0,,,,,,10.0,0.0
reactive_power_discr,1.0,10.0,,,,,,11.0,0.0
reactive_power_discr,1.0,10.0,,,,,,12.0,0.0
reactive_power_discr,1.0,10.0,,,,,,13.0,0.0
reactive_power_discr,1.0,10.0,,,,,,14.0,0.0
reactive_power_discr,1.0,10.0,,,,,,15.0,0.0
reactive_power_discr,1.0,11.0,,,,,,1.0,0.0
reactive_power_discr,1.0,11.0,,,,,,2.0,0.0
reactive_power_discr,1.0,11.0,,,,,,3.0,0.0
reactive_power_discr,1.0,11.0,,,,,,4.0,0.0
reactive_power_discr,1.0,11.0,,,,,,5.0,0.0
reactive_power_discr,1.0,11.0,,,,,,6.0,0.0
reactive_power_discr,1.0,11.0,,,,,,7.0,0.0
reactive_power_discr,1.0,11.0,,,,,,8.0,0.0
reactive_power_discr,1.0,11.0,,,,,,9.0,0.0
reactive_power_discr,1.0,11.0,,,,,,10.0,0.0
reactive_power_discr,1.0,11.0,,,,,,11.0,0.0
reactive_power_discr,1.0,11.0,,,,,,12.0,0.0
reactive_power_discr,1.0,11.0,,,,,,13.0,0.0
reactive_power_discr,1.0,11.0,,,,,,14.0,0.0
reactive_power_discr,1.0,11.0,,,,,,15.0,0.0
reactive_power_discr,1.0,12.0,,,,,,1.0,0.0
reactive_power_discr,1.0,12.0,,,,,,2.0,0.0
reactive_power_discr,1.0,12.0,,,,,,3.0,0.0
reactive_power_discr,1.0,12.0,,,,,,4.0,0.0
reactive_power_discr,1.0,12.0,,,,,,5.0,0.0
reactive_power_discr,1.0,12.0,,,,,,6.0,0.0
reactive_power_discr,1.0,12.0,,,,,,7.0,0.0
reactive_power_discr,1.0,12.0,,,,,,8.0,0.0
reactive_power_discr,1.0,12.0,,,,,,9.0,0.0
reactive_power_discr,1.0,12.0,,,,,,10.0,0.0
reactive_power_discr,1.0,12.0,,,,,,11.0,0.0
reactive_power_discr,1.0,12.0,,,,,,12.0,0.0
reactive_power_discr,1.0,12.0,,,,,,13.0,0.0
reactive_power_discr,1.0,12.0,,,,,,14.0,0.0
reactive_power_discr,1.0,12.0,,,,,,15.0,0.0
reactive_power_discr,1.0,13.0,,,,,,1.0,0.0
reactive_power_discr,1.0,13.0,,,,,,2.0,0.0
reactive_power_discr,1.0,13.0,,,,,,3.0,0.0
reactive_power_discr,1.0,13.0,,,,,,4.0,0.0
reactive_power_discr,1.0,13.0,,,,,,5.0,0.0
reactive_power_discr,1.0,13.0,,,,,,6.0,0.0
reactive_power_discr,1.0,13.0,,,,,,7.0,0.0
reactive_power_discr,1.0,13.0,,,,,,8.0,0.0
reactive_power_discr,1.0,13.0,,,,,,9.0,0.0
reactive_power_discr,1.0,13.0,,,,,,10.0,0.0
reactive_power_discr,1.0,13.0,,,,,,11.0,0.0
reactive_power_discr,1.0,13.0,,,,,,12.0,0.0
reactive_power_discr,1.0,13.0,,,,,,13.0,0.0
reactive_power_discr,1.0,13.0,,,,,,14.0,0.0
reactive_power_discr,1.0,13.0,,,,,,15.0,0.0
reactive_power_discr,1.0,14.0,,,,,,1.0,0.0
reactive_power_discr,1.0,14.0,,,,,,2.0,0.0
reactive_power_discr,1.0,14.0,,,,,,3.0,0.0
reactive_power_discr,1.0,14.0,,,,,,4.0,0.0
reactive_power_discr,1.0,14.0,,,,,,5.0,0.0
reactive_power_discr,1.0,14.0,,,,,,6.0,0.0
reactive_power_discr,1.0,14.0,,,,,,7.0,0.0
reactive_power_discr,1.0,14.0,,,,,,8.0,0.0
reactive_power_discr,1.0,14.0,,,,,,9.0,0.0
reactive_power_discr,1.0,14.0,,,,,,10.0,0.0
reactive_power_discr,1.0,14.0,,,,,,11.0,0.0
reactive_power_discr,1.0,14.0,,,,,,12.0,0.0
reactive_power_discr,1.0,14.0,,,,,,13.0,0.0
reactive_power_discr,1.0,14.0,,,,,,14.0,0.0
reactive_power_discr,1.0,14.0,,,,,,15.0,0.0
reactive_power_discr,1.0,15.0,,,,,,1.0,0.0
reactive_power_discr,1.0,15.0,,,,,,2.0,0.0
reactive_power_discr,1.0,15.0,,,,,,3.0,0.0
reactive_power_discr,1.0,15.0,,,,,,4.0,0.0
reactive_power_discr,1.0,15.0,,,,,,5.0,0.0
reactive_power_discr,1.0,15.0,,,,,,6.0,0.0
reactive_power_discr,1.0,15.0,,,,,,7.0,0.0
reactive_power_discr,1.0,15.0,,,,,,8.0,0.0
reactive_power_discr,1.0,15.0,,,,,,9.0,0.0
reactive_power_discr,1.0,15.0,,,,,,10.0,0.0
reactive_power_discr,1.0,15.0,,,,,,11.0,0.0
reactive_power_discr,1.0,15.0,,,,,,12.0,0.0
reactive_power_discr,1.0,15.0,,,,,,13.0,0.0
reactive_power_discr,1.0,15.0,,,,,,14.0,0.0
reactive_power_discr,1.0,15.0,,,,,,15.0,0.0
reactive_power_discr,1.0,16.0,,,,,,1.0,0.0
reactive_power_discr,1.0,16.0,,,,,,2.0,0.0
reactive_power_discr,1.0,16.0,,,,,,3.0,0.0
reactive_power_discr,1.0,16.0,,,,,,4.0,0.0
reactive_power_discr,1.0,16.0,,,,,,5.0,0.0
reactive_power_discr,1.0,16.0,,,,,,6.0,0.0
reactive_power_discr,1.0,16.0,,,,,,7.0,0.0
reactive_power_discr,1.0,16.0,,,,,,8.0,0.0
reactive_power_discr,1.0,16.0,,,,,,9.0,0.0
reactive_power_discr,1.0,16.0,,,,,,10.0,0.0
reactive_power_discr,1.0,16.0,,,,,,11.0,0.0
reactive_power_discr,1.0,16.0,,,,,,12.0,0.0
reactive_power_discr,1.0,16.0,,,,,,13.0,0.0
reactive_power_discr,1.0,16.0,,,,,,14.0,0.0
reactive_power_discr,1.0,16.0,,,,,,15.0,0.0
reactive_power_discr,1.0,17.0,,,,,,1.0,0.0
reactive_power_discr,1.0,17.0,,,,,,2.0,0.0
reactive_power_discr,1.0,17.0,,,,,,3.0,0.0
reactive_power_discr,1.0,17.0,,,,,,4.0,0.0
reactive_power_discr,1.0,17.0,,,,,,5.0,0.0
reactive_power_discr,1.0,17.0,,,,,,6.0,0.0021423132291324455
reactive_power_discr,1.0,17.0,,,,,,7.0,0.0
reactive_power_discr,1.0,17.0,,,,,,8.0,0.0
reactive_power_discr,1.0,17.0,,,,,,9.0,0.0
reactive_power_discr,1.0,17.0,,,,,,10.0,0.0
reactive_power_discr,1.0,17.0,,,,,,11.0,0.0
reactive_power_discr,1.0,17.0,,,,,,12.0,0.0
reactive_power_discr,1.0,17.0,,,,,,13.0,0.0
reactive_power_discr,1.0,17.0,,,,,,14.0,0.0
reactive_power_discr,1.0,17.0,,,,,,15.0,0.0
reactive_power_discr,1.0,18.0,,,,,,1.0,0.0
reactive_power_discr,1.0,18.0,,,,,,2.0,0.0
reactive_power_discr,1.0,18.0,,,,,,3.0,0.0
reactive_power_discr,1.0,18.0,,,,,,4.0,0.0
reactive_power_discr,1.0,18.0,,,,,,5.0,0.0
reactive_power_discr,1.0,18.0,,,,,,6.0,0.0
reactive_power_discr,1.0,18.0,,,,,,7.0,0.0
reactive_power_discr,1.0,18.0,,,,,,8.0,0.0
reactive_power_discr,1.0,18.0,,,,,,9.0,0.0
reactive_power_discr,1.0,18.0,,,,,,10.0,0.0
reactive_power_discr,1.0,18.0,,,,,,11.0,0.0
reactive_power_discr,1.0,18.0,,,,,,12.0,0.0
reactive_power_discr,1.0,18.0,,,,,,13.0,0.0
reactive_power_discr,1.0,18.0,,,,,,14.0,0.0
reactive_power_discr,1.0,18.0,,,,,,15.0,0.0
reactive_power_discr,1.0,19.0,,,,,,1.0,0.000825746864364434
reactive_power_discr,1.0,19.0,,,,,,2.0,0.0015076047483721265
reactive_power_discr,1.0,19.0,,,,,,3.0,0.00275250464204134
reactive_power_discr,1.0,19.0,,,,,,4.0,0.00323008820728726
reactive_power_discr,1.0,19.0,,,,,,5.0,0.0
reactive_power_discr,1.0,19.0,,,,,,6.0,0.0
reactive_power_discr,1.0,19.0,,,,,,7.0,0.0
reactive_power_discr,1.0,19.0,,,,,,8.0,0.0
reactive_power_discr,1.0,19.0,,,,,,9.0,0.0
reactive_power_discr,1.0,19.0,,,,,,10.0,0.0
reactive_power_discr,1.0,19.0,,,,,,11.0,0.0
reactive_power_discr,1.0,19.0,,,,,,12.0,0.0
reactive_power_discr,1.0,19.0,,,,,,13.0,0.0
reactive_power_discr,1.0,19.0,,,,,,14.0,0.0
reactive_power_discr,1.0,19.0,,,,,,15.0,0.0
reactive_power_discr,1.0,20.0,,,,,,1.0,0.0004342717791352693
reactive_power_discr,1.0,20.0,,,,,,2.0,0.0006228637572885814
reactive_power_discr,1.0,20.0,,,,,,3.0,0.0
reactive_power_discr,1.0,20.0,,,,,,4.0,0.0
reactive_power_discr,1.0,20.0,,,,,,5.0,0.0
reactive_power_discr,1.0,20.0,,,,,,6.0,0.0
reactive_power_discr,1.0,20.0,,,,,,7.0,0.0
reactive_power_discr,1.0,20.0,,,,,,8.0,0.0
reactive_power_discr,1.0,20.0,,,,,,9.0,0.0
reactive_power_discr,1.0,20.0,,,,,,10.0,0.0
reactive_power_discr,1.0,20.0,,,,,,11.0,0.0
reactive_power_discr,1.0,20.0,,,,,,12.0,0.0
reactive_power_discr,1.0,20.0,,,,,,13.0,0.0
reactive_power_discr,1.0,20.0,,,,,,14.0,0.0
reactive_power_discr,1.0,20.0,,,,,,15.0,0.0
reactive_power_discr,1.0,21.0,,,,,,1.0,0.0
reactive_power_discr,1.0,21.0,,,,,,2.0,0.0
reactive_power_discr,1.0,21.0,,,,,,3.0,0.0
reactive_power_discr,1.0,21.0,,,,,,4.0,0.0
reactive_power_discr,1.0,21.0,,,,,,5.0,0.0
reactive_power_discr,1.0,21.0,,,,,,6.0,0.0
reactive_power_discr,1.0,21.0,,,,,,7.0,0.0
reactive_power_discr,1.0,21.0,,,,,,8.0,0.0
reactive_power_discr,1.0,21.0,,,,,,9.0,0.0
reactive_power_discr,1.0,21.0,,,,,,10.0,0.0
reactive_power_discr,1.0,21.0,,,,,,11.0,0.0
reactive_power_discr,1.0,21.0,,,,,,12.0,0.0
reactive_power_discr,1.0,21.0,,,,,,13.0,0.0
reactive_power_discr,1.0,21.0,,,,,,14.0,0.0
reactive_power_discr,1.0,21.0,,,,,,15.0,0.0
reactive_power_discr,1.0,22.0,,,,,,1.0,0.0
reactive_power_discr,1.0,22.0,,,,,,2.0,0.0
reactive_power_discr,1.0,22.0,,,,,,3.0,0.0
reactive_power_discr,1.0,22.0,,,,,,4.0,0.0
reactive_power_discr,1.0,22.0,,,,,,5.0,0.0
reactive_power_discr,1.0,22.0,,,,,,6.0,0.0
reactive_power_discr,1.0,22.0,,,,,,7.0,0.0
reactive_power_discr,1.0,22.0,,,,,,8.0,0.0
reactive_power_discr,1.0,22.0,,,,,,9.0,0.0
reactive_power_discr,1.0,22.0,,,,,,10.0,0.0
reactive_power_discr,1.0,22.0,,,,,,11.0,0.0
reactive_power_discr,1.0,22.0,,,,,,12.0,0.0
reactive_power_discr,1.0,22.0,,,,,,13.0,0.0
reactive_power_discr,1.0,22.0,,,,,,14.0,0.0
reactive_power_discr,1.0,22.0,,,,,,15.0,0.0
reactive_power_discr,1.0,23.0,,,,,,1.0,0.0
reactive_power_discr,1.0,23.0,,,,,,2.0,0.0
reactive_power_discr,1.0,23.0,,,,,,3.0,0.0
reactive_power_discr,1.0,23.0,,,,,,4.0,0.0
reactive_power_discr,1.0,23.0,,,,,,5.0,0.0
reactive_power_discr,1.0,23.0,,,,,,6.0,0.0
reactive_power_discr,1.0,23.0,,,,,,7.0,0.0
reactive_power_discr,1.0,23.0,,,,,,8.0,0.0
reactive_power_discr,1.0,23.0,,,,,,9.0,0.0
reactive_power_discr,1.0,23.0,,,,,,10.0,0.0
reactive_power_discr,1.0,23.0,,,,,,11.0,0.0
reactive_power_discr,1.0,23.0,,,,,,12.0,0.0
reactive_power_discr,1.0,23.0,,,,,,13.0,0.0
reactive_power_discr,1.0,23.0,,,,,,14.0,0.0
reactive_power_discr,1.0,23.0,,,,,,15.0,0.0
reactive_power_discr,1.0,24.0,,,,,,1.0,0.0
reactive_power_discr,1.0,24.0,,,,,,2.0,0.0
reactive_power_discr,1.0,24.0,,,,,,3.0,0.0
reactive_power_discr,1.0,24.0,,,,,,4.0,0.0
reactive_power_discr,1.0,24.0,,,,,,5.0,0.0
reactive_power_discr,1.0,24.0,,,,,,6.0,0.0
reactive_power_discr,1.0,24.0,,,,,,7.0,0.0
reactive_power_discr,1.0,24.0,,,,,,8.0,0.0
reactive_power_discr,1.0,24.0,,,,,,9.0,0.0
reactive_power_discr,1.0,24.0,,,,,,10.0,0.0
reactive_power_discr,1.0,24.0,,,,,,11.0,0.0
reactive_power_discr,1.0,24.0,,,,,,12.0,0.0
reactive_power_discr,1.0,24.0,,,,,,13.0,0.0
reactive_power_discr,1.0,24.0,,,,,,14.0,0.0
reactive_power_discr,1.0,24.0,,,,,,15.0,0.0
reactive_power_discr,1.0,25.0,,,,,,1.0,0.0
reactive_power_discr,1.0,25.0,,,,,,2.0,0.0
reactive_power_discr,1.0,25.0,,,,,,3.0,0.0
reactive_power_discr,1.0,25.0,,,,,,4.0,0.0
reactive_power_discr,1.0,25.0,,,,,,5.0,0.0
reactive_power_discr,1.0,25.0,,,,,,6.0,0.0
reactive_power_discr,1.0,25.0,,,,,,7.0,0.0
reactive_power_discr,1.0,25.0,,,,,,8.0,0.0
reactive_power_discr,1.0,25.0,,,,,,9.0,0.0
reactive_power_discr,1.0,25.0,,,,,,10.0,0.0
reactive_power_discr,1.0,25.0,,,,,,11.0,0.0
reactive_power_discr,1.0,25.0,,,,,,12.0,0.0
reactive_power_discr,1.0,25.0,,,,,,13.0,0.0
reactive_power_discr,1.0,25.0,,,,,,14.0,0.0
reactive_power_discr,1.0,25.0,,,,,,15.0,0.0
reactive_power_discr,1.0,26.0,,,,,,1.0,0.0
reactive_power_discr,1.0,26.0,,,,,,2.0,0.0
reactive_power_discr,1.0,26.0,,,,,,3.0,0.0
reactive_power_discr,1.0,26.0,,,,,,4.0,0.0
reactive_power_discr,1.0,26.0,,,,,,5.0,0.0
reactive_power_discr,1.0,26.0,,,,,,6.0,0.0
reactive_power_discr,1.0,26.0,,,,,,7.0,0.0
reactive_power_discr,1.0,26.0,,,,,,8.0,0.0
reactive_power_discr,1.0,26.0,,,,,,9.0,0.0
reactive_power_discr,1.0,26.0,,,,,,10.0,0.0
reactive_power_discr,1.0,26.0,,,,,,11.0,0.0
reactive_power_discr,1.0,26.0,,,,,,12.0,0.0
reactive_power_discr,1.0,26.0,,,,,,13.0,0.0
reactive_power_discr,1.0,26.0,,,,,,14.0,0.0
reactive_power_discr,1.0,26.0,,,,,,15.0,0.0
reactive_power_discr,1.0,27.0,,,,,,1.0,0.0
reactive_power_discr,1.0,27.0,,,,,,2.0,0.0
reactive_power_discr,1.0,27.0,,,,,,3.0,0.0
reactive_power_discr,1.0,27.0,,,,,,4.0,0.0
reactive_power_discr,1.0,27.0,,,,,,5.0,0.0
reactive_power_discr,1.0,27.0,,,,,,6.0,0.0
reactive_power_discr,1.0,27.0,,,,,,7.0,0.0
reactive_power_discr,1.0,27.0,,,,,,8.0,0.0
reactive_power_discr,1.0,27.0,,,,,,9.0,0.0
reactive_power_discr,1.0,27.0,,,,,,10.0,0.0
reactive_power_discr,1.0,27.0,,,,,,11.0,0.0
reactive_power_discr,1.0,27.0,,,,,,12.0,0.0
reactive_power_discr,1.0,27.0,,,,,,13.0,0.0
reactive_power_discr,1.0,27.0,,,,,,14.0,0.0
reactive_power_discr,1.0,27.0,,,,,,15.0,0.0
reactive_power_discr,1.0,28.0,,,,,,1.0,0.0
reactive_power_discr,1.0,28.0,,,,,,2.0,0.0
reactive_power_discr,1.0,28.0,,,,,,3.0,0.0
reactive_power_discr,1.0,28.0,,,,,,4.0,0.0
reactive_power_discr,1.0,28.0,,,,,,5.0,0.0
reactive_power_discr,1.0,28.0,,,,,,6.0,0.0
reactive_power_discr,1.0,28.0,,,,,,7.0,0.0
reactive_power_discr,1.0,28.0,,,,,,8.0,0.0
reactive_power_discr,1.0,28.0,,,,,,9.0,0.0
reactive_power_discr,1.0,28.0,,,,,,10.0,0.0
reactive_power_discr,1.0,28.0,,,,,,11.0,0.0
reactive_power_discr,1.0,28.0,,,,,,12.0,0.0
reactive_power_discr,1.0,28.0,,,,,,13.0,0.0
reactive_power_discr,1.0,28.0,,,,,,14.0,0.0
reactive_power_discr,1.0,28.0,,,,,,15.0,0.0
reactive_power_discr,1.0,29.0,,,,,,1.0,0.0
reactive_power_discr,1.0,29.0,,,,,,2.0,0.0
reactive_power_discr,1.0,29.0,,,,,,3.0,0.0
reactive_power_discr,1.0,29.0,,,,,,4.0,0.0
reactive_power_discr,1.0,29.0,,,,,,5.0,0.0
reactive_power_discr,1.0,29.0,,,,,,6.0,0.0
reactive_power_discr,1.0,29.0,,,,,,7.0,0.0
reactive_power_discr,1.0,29.0,,,,,,8.0,0.0
reactive_power_discr,1.0,29.0,,,,,,9.0,0.0
reactive_power_discr,1.0,29.0,,,,,,10.0,0.0
reactive_power_discr,1.0,29.0,,,,,,11.0,0.0
reactive_power_discr,1.0,29.0,,,,,,12.0,0.0
reactive_power_discr,1.0,29.0,,,,,,13.0,0.0
reactive_power_discr,1.0,29.0,,,,,,14.0,0.0
reactive_power_discr,1.0,29.0,,,,,,15.0,0.0
reactive_power_discr,1.0,30.0,,,,,,1.0,0.0
reactive_power_discr,1.0,30.0,,,,,,2.0,0.0
reactive_power_discr,1.0,30.0,,,,,,3.0,0.0
reactive_power_discr,1.0,30.0,,,,,,4.0,0.0
reactive_power_discr,1.0,30.0,,,,,,5.0,0.0
reactive_power_discr,1.0,30.0,,,,,,6.0,0.0
reactive_power_discr,1.0,30.0,,,,,,7.0,0.0
reactive_power_discr,1.0,30.0,,,,,,8.0,0.0
reactive_power_discr,1.0,30.0,,,,,,9.0,0.0
reactive_power_discr,1.0,30.0,,,,,,10.0,0.0
reactive_power_discr,1.0,30.0,,,,,,11.0,0.0
reactive_power_discr,1.0,30.0,,,,,,12.0,0.0
reactive_power_discr,1.0,30.0,,,,,,13.0,0.0
reactive_power_discr,1.0,30.0,,,,,,14.0,0.0
reactive_power_discr,1.0,30.0,,,,,,15.0,0.0
reactive_power_discr,1.0,31.0,,,,,,1.0,0.0
reactive_power_discr,1.0,31.0,,,,,,2.0,0.0
reactive_power_discr,1.0,31.0,,,,,,3.0,0.0
reactive_power_discr,1.0,31.0,,,,,,4.0,0.0
reactive_power_discr,1.0,31.0,,,,,,5.0,0.0
reactive_power_discr,1.0,31.0,,,,,,6.0,0.0
reactive_power_discr,1.0,31.0,,,,,,7.0,0.0
reactive_power_discr,1.0,31.0,,,,,,8.0,0.0
reactive_power_discr,1.0,31.0,,,,,,9.0,0.0
reactive_power_discr,1.0,31.0,,,,,,10.0,0.0
reactive_power_discr,1.0,31.0,,,,,,11.0,0.0
reactive_power_discr,1.0,31.0,,,,,,12.0,0.0
reactive_power_discr,1.0,31.0,,,,,,13.0,0.0
reactive_power_discr,1.0,31.0,,,,,,14.0,0.0
reactive_power_discr,1.0,31.0,,,,,,15.0,0.0
reactive_power_discr,1.0,32.0,,,,,,1.0,0.0
reactive_power_discr,1.0,32.0,,,,,,2.0,0.0
reactive_power_discr,1.0,32.0,,,,,,3.0,0.0
reactive_power_discr,1.0,32.0,,,,,,4.0,0.0
reactive_power_discr,1.0,32.0,,,,,,5.0,0.0
reactive_power_discr,1.0,32.0,,,,,,6.0,0.0
reactive_power_discr,1.0,32.0,,,,,,7.0,0.0
reactive_power_discr,1.0,32.0,,,,,,8.0,0.0
reactive_power_discr,1.0,32.0,,,,,,9.0,0.0
reactive_power_discr,1.0,32.0,,,,,,10.0,0.0
reactive_power_discr,1.0,32.0,,,,,,11.0,0.0
reactive_power_discr,1.0,32.0,,,,,,12.0,0.0
reactive_power_discr,1.0,32.0,,,,,,13.0,0.0
reactive_power_discr,1.0,32.0,,,,,,14.0,0.0
reactive_power_discr,1.0,32.0,,,,,,15.0,0.0
reactive_power_discr,1.0,33.0,,,,,,1.0,0.0
reactive_power_discr,1.0,33.0,,,,,,2.0,0.0
reactive_power_discr,1.0,33.0,,,,,,3.0,0.0
reactive_power_discr,1.0,33.0,,,,,,4.0,0.0
reactive_power_discr,1.0,33.0,,,,,,5.0,0.0
reactive_power_discr,1.0,33.0,,,,,,6.0,0.0
reactive_power_discr,1.0,33.0,,,,,,7.0,0.0
reactive_power_discr,1.0,33.0,,,,,,8.0,0.0
reactive_power_discr,1.0,33.0,,,,,,9.0,0.0
reactive_power_discr,1.0,33.0,,,,,,10.0,0.0
reactive_power_discr,1.0,33.0,,,,,,11.0,0.0
reactive_power_discr,1.0,33.0,,,,,,12.0,0.0
reactive_power_discr,1.0,33.0,,,,,,13.0,0.0
reactive_power_discr,1.0,33.0,,,,,,14.0,0.0
reactive_power_discr,1.0,33.0,,,,,,15.0,0.0
reactive_power_discr,1.0,34.0,,,,,,1.0,0.0004342717791352693
reactive_power_discr,1.0,34.0,,,,,,2.0,0.0
reactive_power_discr,1.0,34.0,,,,,,3.0,0.0
reactive_power_discr,1.0,34.0,,,,,,4.0,0.0
reactive_power_discr,1.0,34.0,,,,,,5.0,0.0
reactive_power_discr,1.0,34.0,,,,,,6.0,0.0
reactive_power_discr,1.0,34.0,,,,,,7.0,0.0
reactive_power_discr,1.0,34.0,,,,,,8.0,0.0
reactive_power_discr,1.0,34.0,,,,,,9.0,0.0
reactive_power_discr,1.0,34.0,,,,,,10.0,0.0
reactive_power_discr,1.0,34.0,,,,,,11.0,0.0
reactive_power_discr,1.0,34.0,,,,,,12.0,0.0
reactive_power_discr,1.0,34.0,,,,,,13.0,0.0
reactive_power_discr,1.0,34.0,,,,,,14.0,0.0
reactive_power_discr,1.0,34.0,,,,,,15.0,0.0
reactive_power_discr,1.0,35.0,,,,,,1.0,0.0
reactive_power_discr,1.0,35.0,,,,,,2.0,0.0
reactive_power_discr,1.0,35.0,,,,,,3.0,0.0
reactive_power_discr,1.0,35.0,,,,,,4.0,0.0
reactive_power_discr,1.0,35.0,,,,,,5.0,0.0
reactive_power_discr,1.0,35.0,,,,,,6.0,0.0
reactive_power_discr,1.0,35.0,,,,,,7.0,0.0
reactive_power_discr,1.0,35.0,,,,,,8.0,0.0
reactive_power_discr,1.0,35.0,,,,,,9.0,0.0
reactive_power_discr,1.0,35.0,,,,,,10.0,0.0
reactive_power_discr,1.0,35.0,,,,,,11.0,0.0
reactive_power_discr,1.0,35.0,,,,,,12.0,0.0
reactive_power_discr,1.0,35.0,,,,,,13.0,0.0
reactive_power_discr,1.0,35.0,,,,,,14.0,0.0
reactive_power_discr,1.0,35.0,,,,,,15.0,0.0
reactive_power_discr,1.0,36.0,,,,,,1.0,0.0004342717791352693
reactive_power_discr,1.0,36.0,,,,,,2.0,0.0
reactive_power_discr,1.0,36.0,,,,,,3.0,0.0
reactive_power_discr,1.0,36.0,,,,,,4.0,0.0
reactive_power_discr,1.0,36.0,,,,,,5.0,0.0
reactive_power_discr,1.0,36.0,,,,,,6.0,0.0
reactive_power_discr,1.0,36.0,,,,,,7.0,0.0
reactive_power_discr,1.0,36.0,,,,,,8.0,0.0
reactive_power_discr,1.0,36.0,,,,,,9.0,0.0
reactive_power_discr,1.0,36.0,,,,,,10.0,0.0
reactive_power_discr,1.0,36.0,,,,,,11.0,0.0
reactive_power_discr,1.0,36.0,,,,,,12.0,0.0
reactive_power_discr,1.0,36.0,,,,,,13.0,0.0
reactive_power_discr,1.0,36.0,,,,,,14.0,0.0
reactive_power_discr,1.0,36.0,,,,,,15.0,0.0
reactive_power_discr,1.0,37.0,,,,,,1.0,0.0004342717791352693
reactive_power_discr,1.0,37.0,,,,,,2.0,0.0006228637572885814
reactive_power_discr,1.0,37.0,,,,,,3.0,0.0008933559093251696
reactive_power_discr,1.0,37.0,,,,,,4.0,0.00045682137422896145
reactive_power_discr,1.0,37.0,,,,,,5.0,0.0
reactive_power_discr,1.0,37.0,,,,,,6.0,0.0
reactive_power_discr,1.0,37.0,,,,,,7.0,0.0
reactive_power_discr,1.0,37.0,,,,,,8.0,0.0
reactive_power_discr,1.0,37.0,,,,,,9.0,0.0
reactive_power_discr,1.0,37.0,,,,,,10.0,0.0
reactive_power_discr,1.0,37.0,,,,,,11.0,0.0
reactive_power_discr,1.0,37.0,,,,,,12.0,0.0
reactive_power_discr,1.0,37.0,,,,,,13.0,0.0
reactive_power_discr,1.0,37.0,,,,,,14.0,0.0
reactive_power_discr,1.0,37.0,,,,,,15.0,0.0
reactive_power_discr,1.0,38.0,,,,,,1.0,0.000825746864364434
reactive_power_discr,1.0,38.0,,,,,,2.0,0.0015076047483721265
reactive_power_discr,1.0,38.0,,,,,,3.0,0.003648627111766005
reactive_power_discr,1.0,38.0,,,,,,4.0,0.0
reactive_power_discr,1.0,38.0,,,,,,5.0,0.0
reactive_power_discr,1.0,38.0,,,,,,6.0,0.0
reactive_power_discr,1.0,38.0,,,,,,7.0,0.0
reactive_power_discr,1.0,38.0,,,,,,8.0,0.0
reactive_power_discr,1.0,38.0,,,,,,9.0,0.0
reactive_power_discr,1.0,38.0,,,,,,10.0,0.0
reactive_power_discr,1.0,38.0,,,,,,11.0,0.0
reactive_power_discr,1.0,38.0,,,,,,12.0,0.0
reactive_power_discr,1.0,38.0,,,,,,13.0,0.0
reactive_power_discr,1.0,38.0,,,,,,14.0,0.0
reactive_power_discr,1.0,38.0,,,,,,15.0,0.0
reactive_power_discr,1.0,39.0,,,,,,1.0,0.0
reactive_power_discr,1.0,39.0,,,,,,2.0,0.0
reactive_power_discr,1.0,39.0,,,,,,3.0,0.0
reactive_power_discr,1.0,39.0,,,,,,4.0,0.0
reactive_power_discr,1.0,39.0,,,,,,5.0,0.0
reactive_power_discr,1.0,39.0,,,,,,6.0,0.0
reactive_power_discr,1.0,39.0,,,,,,7.0,0.0
reactive_power_discr,1.0,39.0,,,,,,8.0,0.0
reactive_power_discr,1.0,39.0,,,,,,9.0,0.0
reactive_power_discr,1.0,39.0,,,,,,10.0,0.0
reactive_power_discr,1.0,39.0,,,,,,11.0,0.0
reactive_power_discr,1.0,39.0,,,,,,12.0,0.0
reactive_power_discr,1.0,39.0,,,,,,13.0,0.0
reactive_power_discr,1.0,39.0,,,,,,14.0,0.0
reactive_power_discr,1.0,39.0,,,,,,15.0,0.0
reactive_power_discr,1.0,40.0,,,,,,1.0,0.0
reactive_power_discr,1.0,40.0,,,,,,2.0,0.0015076047483721265
reactive_power_discr,1.0,40.0,,,,,,3.0,0.0
reactive_power_discr,1.0,40.0,,,,,,4.0,0.0
reactive_power_discr,1.0,40.0,,,,,,5.0,0.0
reactive_power_discr,1.0,40.0,,,,,,6.0,0.0022312185238750207
reactive_power_discr,1.0,40.0,,,,,,7.0,0.0
reactive_power_discr,1.0,40.0,,,,,,8.0,0.0
reactive_power_discr,1.0,40.0,,,,,,9.0,0.0
reactive_power_discr,1.0,40.0,,,,,,10.0,0.0
reactive_power_discr,1.0,40.0,,,,,,11.0,0.0
reactive_power_discr,1.0,40.0,,,,,,12.0,0.0
reactive_power_discr,1.0,40.0,,,,,,13.0,0.0
reactive_power_discr,1.0,40.0,,,,,,14.0,0.0
reactive_power_discr,1.0,40.0,,,,,,15.0,0.0
reactive_power_discr,1.0,41.0,,,,,,1.0,0.0
reactive_power_discr,1.0,41.0,,,,,,2.0,0.0
reactive_power_discr,1.0,41.0,,,,,,3.0,0.0
reactive_power_discr,1.0,41.0,,,,,,4.0,0.0
reactive_power_discr,1.0,41.0,,,,,,5.0,0.0
reactive_power_discr,1.0,41.0,,,,,,6.0,0.0
reactive_power_discr,1.0,41.0,,,,,,7.0,0.0
reactive_power_discr,1.0,41.0,,,,,,8.0,0.0
reactive_power_discr,1.0,41.0,,,,,,9.0,0.0
reactive_power_discr,1.0,41.0,,,,,,10.0,0.0
reactive_power_discr,1.0,41.0,,,,,,11.0,0.0
reactive_power_discr,1.0,41.0,,,,,,12.0,0.0
reactive_power_discr,1.0,41.0,,,,,,13.0,0.0
reactive_power_discr,1.0,41.0,,,,,,14.0,0.0
reactive_power_discr,1.0,41.0,,,,,,15.0,0.0
reactive_power_discr,1.0,42.0,,,,,,1.0,0.0
reactive_power_discr,1.0,42.0,,,,,,2.0,0.0
reactive_power_discr,1.0,42.0,,,,,,3.0,0.0
reactive_power_discr,1.0,42.0,,,,,,4.0,0.0
reactive_power_discr,1.0,42.0,,,,,,5.0,0.0
reactive_power_discr,1.0,42.0,,,,,,6.0,0.0
reactive_power_discr,1.0,42.0,,,,,,7.0,0.0
reactive_power_discr,1.0,42.0,,,,,,8.0,0.0
reactive_power_discr,1.0,42.0,,,,,,9.0,0.0
reactive_power_discr,1.0,42.0,,,,,,10.0,0.0
reactive_power_discr,1.0,42.0,,,,,,11.0,0.0
reactive_power_discr,1.0,42.0,,,,,,12.0,0.0
reactive_power_discr,1.0,42.0,,,,,,13.0,0.0
reactive_power_discr,1.0,42.0,,,,,,14.0,0.0
reactive_power_discr,1.0,42.0,,,,,,15.0,0.0
reactive_power_discr,1.0,43.0,,,,,,1.0,0.000825746864364434
reactive_power_discr,1.0,43.0,,,,,,2.0,0.0015076047483721265
reactive_power_discr,1.0,43.0,,,,,,3.0,0.0013708367002920252
reactive_power_discr,1.0,43.0,,,,,,4.0,0.0
reactive_power_discr,1.0,43.0,,,,,,5.0,0.0
reactive_power_discr,1.0,43.0,,,,,,6.0,0.0
reactive_power_discr,1.0,43.0,,,,,,7.0,0.0
reactive_power_discr,1.0,43.0,,,,,,8.0,0.0
reactive_power_discr,1.0,43.0,,,,,,9.0,0.0
reactive_power_discr,1.0,43.0,,,,,,10.0,0.0
reactive_power_discr,1.0,43.0,,,,,,11.0,0.0
reactive_power_discr,1.0,43.0,,,,,,12.0,0.0
reactive_power_discr,1.0,43.0,,,,,,13.0,0.0
reactive_power_discr,1.0,43.0,,,,,,14.0,0.0
reactive_power_discr,1.0,43.0,,,,,,15.0,0.0
reactive_power_discr,1.0,44.0,,,,,,1.0,0.0
reactive_power_discr,1.0,44.0,,,,,,2.0,0.0
reactive_power_discr,1.0,44.0,,,,,,3.0,0.0
reactive_power_discr,1.0,44.0,,,,,,4.0,0.0
reactive_power_discr,1.0,44.0,,,,,,5.0,0.0
reactive_power_discr,1.0,44.0,,,,,,6.0,0.0
reactive_power_discr,1.0,44.0,,,,,,7.0,0.0
reactive_power_discr,1.0,44.0,,,,,,8.0,0.0
reactive_power_discr,1.0,44.0,,,,,,9.0,0.0
reactive_power_discr,1.0,44.0,,,,,,10.0,0.0
reactive_power_discr,1.0,44.0,,,,,,11.0,0.0
reactive_power_discr,1.0,44.0,,,,,,12.0,0.0
reactive_power_discr,1.0,44.0,,,,,,13.0,0.0
reactive_power_discr,1.0,44.0,,,,,,14.0,0.0
reactive_power_discr,1.0,44.0,,,,,,15.0,0.0
reactive_power_discr,1.0,45.0,,,,,,1.0,0.0
reactive_power_discr,1.0,45.0,,,,,,2.0,0.0
reactive_power_discr,1.0,45.0,,,,,,3.0,0.0
reactive_power_discr,1.0,45.0,,,,,,4.0,0.0
reactive_power_discr,1.0,45.0,,,,,,5.0,0.0
reactive_power_discr,1.0,45.0,,,,,,6.0,0.0
reactive_power_discr,1.0,45.0,,,,,,7.0,0.0
reactive_power_discr,1.0,45.0,,,,,,8.0,0.0
reactive_power_discr,1.0,45.0,,,,,,9.0,0.0
reactive_power_discr,1.0,45.0,,,,,,10.0,0.0
reactive_power_discr,1.0,45.0,,,,,,11.0,0.0
reactive_power_discr,1.0,45.0,,,,,,12.0,0.0
reactive_power_discr,1.0,45.0,,,,,,13.0,0.0
reactive_power_discr,1.0,45.0,,,,,,14.0,0.0
reactive_power_discr,1.0,45.0,,,,,,15.0,0.0
reactive_power_discr,1.0,46.0,,,,,,1.0,0.0004342717791352693
reactive_power_discr,1.0,46.0,,,,,,2.0,0.0006228637572885814
reactive_power_discr,1.0,46.0,,,,,,3.0,0.0008933559093251696
reactive_power_discr,1.0,46.0,,,,,,4.0,0.0012813151694688243
reactive_power_discr,1.0,46.0,,,,,,5.0,0.0007681933847821553
reactive_power_discr,1.0,46.0,,,,,,6.0,0.0
reactive_power_discr,1.0,46.0,,,,,,7.0,0.0
reactive_power_discr,1.0,46.0,,,,,,8.0,0.0
reactive_power_discr,1.0,46.0,,,,,,9.0,0.0
reactive_power_discr,1.0,46.0,,,,,,10.0,0.0
reactive_power_discr,1.0,46.0,,,,,,11.0,0.0
reactive_power_discr,1.0,46.0,,,,,,12.0,0.0
reactive_power_discr,1.0,46.0,,,,,,13.0,0.0
reactive_power_discr,1.0,46.0,,,,,,14.0,0.0
reactive_power_discr,1.0,46.0,,,,,,15.0,0.0
reactive_power_discr,1.0,47.0,,,,,,1.0,0.0004342717791352693
reactive_power_discr,1.0,47.0,,,,,,2.0,0.0006228637572885814
reactive_power_discr,1.0,47.0,,,,,,3.0,0.0008933559093251696
reactive_power_discr,1.0,47.0,,,,,,4.0,0.0010495085542509797
reactive_power_discr,1.0,47.0,,,,,,5.0,0.0
reactive_power_discr,1.0,47.0,,,,,,6.0,0.0
reactive_power_discr,1.0,47.0,,,,,,7.0,0.0
reactive_power_discr,1.0,47.0,,,,,,8.0,0.0
reactive_power_discr,1.0,47.0,,,,,,9.0,0.0
reactive_power_discr,1.0,47.0,,,,,,10.0,0.0
reactive_power_discr,1.0,47.0,,,,,,11.0,0.0
reactive_power_discr,1.0,47.0,,,,,,12.0,0.0
reactive_power_discr,1.0,47.0,,,,,,13.0,0.0
reactive_power_discr,1.0,47.0,,,,,,14.0,0.0
reactive_power_discr,1.0,47.0,,,,,,15.0,0.0
reactive_power_discr,1.0,48.0,,,,,,1.0,0.0
reactive_power_discr,1.0,48.0,,,,,,2.0,0.0
reactive_power_discr,1.0,48.0,,,,,,3.0,0.0
reactive_power_discr,1.0,48.0,,,,,,4.0,0.0
reactive_power_discr,1.0,48.0,,,,,,5.0,0.0
reactive_power_discr,1.0,48.0,,,,,,6.0,0.0
reactive_power_discr,1.0,48.0,,,,,,7.0,0.0
reactive_power_discr,1.0,48.0,,,,,,8.0,0.0
reactive_power_discr,1.0,48.0,,,,,,9.0,0.0
reactive_power_discr,1.0,48.0,,,,,,10.0,0.0
reactive_power_discr,1.0,48.0,,,,,,11.0,0.0
reactive_power_discr,1.0,48.0,,,,,,12.0,0.0
reactive_power_discr,1.0,48.0,,,,,,13.0,0.0
reactive_power_discr,1.0,48.0,,,,,,14.0,0.0
reactive_power_discr,1.0,48.0,,,,,,15.0,0.0
reactive_power_discr,1.0,49.0,,,,,,1.0,0.0
reactive_power_discr,1.0,49.0,,,,,,2.0,0.0
reactive_power_discr,1.0,49.0,,,,,,3.0,0.0
reactive_power_discr,1.0,49.0,,,,,,4.0,0.0
reactive_power_discr,1.0,49.0,,,,,,5.0,0.0
reactive_power_discr,1.0,49.0,,,,,,6.0,0.0
reactive_power_discr,1.0,49.0,,,,,,7.0,0.0
reactive_power_discr,1.0,49.0,,,,,,8.0,0.0
reactive_power_discr,1.0,49.0,,,,,,9.0,0.0
reactive_power_discr,1.0,49.0,,,,,,10.0,0.0
reactive_power_discr,1.0,49.0,,,,,,11.0,0.0
reactive_power_discr,1.0,49.0,,,,,,12.0,0.0
reactive_power_discr,1.0,49.0,,,,,,13.0,0.0
reactive_power_discr,1.0,49.0,,,,,,14.0,0.0
reactive_power_discr,1.0,49.0,,,,,,15.0,0.0
reactive_power_discr,1.0,50.0,,,,,,1.0,0.0
reactive_power_discr,1.0,50.0,,,,,,2.0,0.0
reactive_power_discr,1.0,50.0,,,,,,3.0,0.0
reactive_power_discr,1.0,50.0,,,,,,4.0,0.0
reactive_power_discr,1.0,50.0,,,,,,5.0,0.0
reactive_power_discr,1.0,50.0,,,,,,6.0,0.0
reactive_power_discr,1.0,50.0,,,,,,7.0,0.0
reactive_power_discr,1.0,50.0,,,,,,8.0,0.0
reactive_power_discr,1.0,50.0,,,,,,9.0,0.0
reactive_power_discr,1.0,50.0,,,,,,10.0,0.0
reactive_power_discr,1.0,50.0,,,,,,11.0,0.0
reactive_power_discr,1.0,50.0,,,,,,12.0,0.0
reactive_power_discr,1.0,50.0,,,,,,13.0,0.0
reactive_power_discr,1.0,50.0,,,,,,14.0,0.0
reactive_power_discr,1.0,50.0,,,,,,15.0,0.0
reactive_power_discr,1.0,51.0,,,,,,1.0,0.0
reactive_power_discr,1.0,51.0,,,,,,2.0,0.0
reactive_power_discr,1.0,51.0,,,,,,3.0,0.0
reactive_power_discr,1.0,51.0,,,,,,4.0,0.0
reactive_power_discr,1.0,51.0,,,,,,5.0,0.0
reactive_power_discr,1.0,51.0,,,,,,6.0,0.0
reactive_power_discr,1.0,51.0,,,,,,7.0,0.0
reactive_power_discr,1.0,51.0,,,,,,8.0,0.0
reactive_power_discr,1.0,51.0,,,,,,9.0,0.0
reactive_power_discr,1.0,51.0,,,,,,10.0,0.0
reactive_power_discr,1.0,51.0,,,,,,11.0,0.0
reactive_power_discr,1.0,51.0,,,,,,12.0,0.0
reactive_power_discr,1.0,51.0,,,,,,13.0,0.0
reactive_power_discr,1.0,51.0,,,,,,14.0,0.0
reactive_power_discr,1.0,51.0,,,,,,15.0,0.0
reactive_power_discr,1.0,52.0,,,,,,1.0,0.0
reactive_power_discr,1.0,52.0,,,,,,2.0,0.0
reactive_power_discr,1.0,52.0,,,,,,3.0,0.0
reactive_power_discr,1.0,52.0,,,,,,4.0,0.0
reactive_power_discr,1.0,52.0,,,,,,5.0,0.0
reactive_power_discr,1.0,52.0,,,,,,6.0,0.0
reactive_power_discr,1.0,52.0,,,,,,7.0,0.0
reactive_power_discr,1.0,52.0,,,,,,8.0,0.0
reactive_power_discr,1.0,52.0,,,,,,9.0,0.0
reactive_power_discr,1.0,52.0,,,,,,10.0,0.0
reactive_power_discr,1.0,52.0,,,,,,11.0,0.0
reactive_power_discr,1.0,52.0,,,,,,12.0,0.0
reactive_power_discr,1.0,52.0,,,,,,13.0,0.0
reactive_power_discr,1.0,52.0,,,,,,14.0,0.0
reactive_power_discr,1.0,52.0,,,,,,15.0,0.0
reactive_power_discr,1.0,53.0,,,,,,1.0,0.0004342717791352693
reactive_power_discr,1.0,53.0,,,,,,2.0,0.0
reactive_power_discr,1.0,53.0,,,,,,3.0,0.0
reactive_power_discr,1.0,53.0,,,,,,4.0,0.0
reactive_power_discr,1.0,53.0,,,,,,5.0,0.0
reactive_power_discr,1.0,53.0,,,,,,6.0,0.0
reactive_power_discr,1.0,53.0,,,,,,7.0,0.0
reactive_power_discr,1.0,53.0,,,,,,8.0,0.0
reactive_power_discr,1.0,53.0,,,,,,9.0,0.0
reactive_power_discr,1.0,53.0,,,,,,10.0,0.0
reactive_power_discr,1.0,53.0,,,,,,11.0,0.0
reactive_power_discr,1.0,53.0,,,,,,12.0,0.0
reactive_power_discr,1.0,53.0,,,,,,13.0,0.0
reactive_power_discr,1.0,53.0,,,,,,14.0,0.0
reactive_power_discr,1.0,53.0,,,,,,15.0,0.0
reactive_power_discr,1.0,54.0,,,,,,1.0,0.0
reactive_power_discr,1.0,54.0,,,,,,2.0,0.0
reactive_power_discr,1.0,54.0,,,,,,3.0,0.0
reactive_power_discr,1.0,54.0,,,,,,4.0,0.0
reactive_power_discr,1.0,54.0,,,,,,5.0,0.0
reactive_power_discr,1.0,54.0,,,,,,6.0,0.0
reactive_power_discr,1.0,54.0,,,,,,7.0,0.0
reactive_power_discr,1.0,54.0,,,,,,8.0,0.0
reactive_power_discr,1.0,54.0,,,,,,9.0,0.0
reactive_power_discr,1.0,54.0,,,,,,10.0,0.0
reactive_power_discr,1.0,54.0,,,,,,11.0,0.0
reactive_power_discr,1.0,54.0,,,,,,12.0,0.0
reactive_power_discr,1.0,54.0,,,,,,13.0,0.0
reactive_power_discr,1.0,54.0,,,,,,14.0,0.0
reactive_power_discr,1.0,54.0,,,,,,15.0,0.0
reactive_power_discr,1.0,55.0,,,,,,1.0,0.0
reactive_power_discr,1.0,55.0,,,,,,2.0,0.0
reactive_power_discr,1.0,55.0,,,,,,3.0,0.0
reactive_power_discr,1.0,55.0,,,,,,4.0,0.0
reactive_power_discr,1.0,55.0,,,,,,5.0,0.0
reactive_power_discr,1.0,55.0,,,,,,6.0,0.0
reactive_power_discr,1.0,55.0,,,,,,7.0,0.0
reactive_power_discr,1.0,55.0,,,,,,8.0,0.0
reactive_power_discr,1.0,55.0,,,,,,9.0,0.0
reactive_power_discr,1.0,55.0,,,,,,10.0,0.0
reactive_power_discr,1.0,55.0,,,,,,11.0,0.0
reactive_power_discr,1.0,55.0,,,,,,12.0,0.0
reactive_power_discr,1.0,55.0,,,,,,13.0,0.0
reactive_power_discr,1.0,55.0,,,,,,14.0,0.0
reactive_power_discr,1.0,55.0,,,,,,15.0,0.0
reactive_power_discr,1.0,56.0,,,,,,1.0,0.0
reactive_power_discr,1.0,56.0,,,,,,2.0,0.0
reactive_power_discr,1.0,56.0,,,,,,3.0,0.0
reactive_power_discr,1.0,56.0,,,,,,4.0,0.0
reactive_power_discr,1.0,56.0,,,,,,5.0,0.0
reactive_power_discr,1.0,56.0,,,,,,6.0,0.0
reactive_power_discr,1.0,56.0,,,,,,7.0,0.0
reactive_power_discr,1.0,56.0,,,,,,8.0,0.0
reactive_power_discr,1.0,56.0,,,,,,9.0,0.0
reactive_power_discr,1.0,56.0,,,,,,10.0,0.0
reactive_power_discr,1.0,56.0,,,,,,11.0,0.0
reactive_power_discr,1.0,56.0,,,,,,12.0,0.0
reactive_power_discr,1.0,56.0,,,,,,13.0,0.0
reactive_power_discr,1.0,56.0,,,,,,14.0,0.0
reactive_power_discr,1.0,56.0,,,,,,15.0,0.0
reactive_power_discr,1.0,57.0,,,,,,1.0,0.0
reactive_power_discr,1.0,57.0,,,,,,2.0,0.0
reactive_power_discr,1.0,57.0,,,,,,3.0,0.0
reactive_power_discr,1.0,57.0,,,,,,4.0,0.0
reactive_power_discr,1.0,57.0,,,,,,5.0,0.0
reactive_power_discr,1.0,57.0,,,,,,6.0,0.0
reactive_power_discr,1.0,57.0,,,,,,7.0,0.0
reactive_power_discr,1.0,57.0,,,,,,8.0,0.0
reactive_power_discr,1.0,57.0,,,,,,9.0,0.0
reactive_power_discr,1.0,57.0,,,,,,10.0,0.0
reactive_power_discr,1.0,57.0,,,,,,11.0,0.0
reactive_power_discr,1.0,57.0,,,,,,12.0,0.0
reactive_power_discr,1.0,57.0,,,,,,13.0,0.0
reactive_power_discr,1.0,57.0,,,,,,14.0,0.0
reactive_power_discr,1.0,57.0,,,,,,15.0,0.0
reactive_power_discr,1.0,58.0,,,,,,1.0,0.0
reactive_power_discr,1.0,58.0,,,,,,2.0,0.0
reactive_power_discr,1.0,58.0,,,,,,3.0,0.0
reactive_power_discr,1.0,58.0,,,,,,4.0,0.0
reactive_power_discr,1.0,58.0,,,,,,5.0,0.0
reactive_power_discr,1.0,58.0,,,,,,6.0,0.0
reactive_power_discr,1.0,58.0,,,,,,7.0,0.0
reactive_power_discr,1.0,58.0,,,,,,8.0,0.0
reactive_power_discr,1.0,58.0,,,,,,9.0,0.0
reactive_power_discr,1.0,58.0,,,,,,10.0,0.0
reactive_power_discr,1.0,58.0,,,,,,11.0,0.0
reactive_power_discr,1.0,58.0,,,,,,12.0,0.0
reactive_power_discr,1.0,58.0,,,,,,13.0,0.0
reactive_power_discr,1.0,58.0,,,,,,14.0,0.0
reactive_power_discr,1.0,58.0,,,,,,15.0,0.0
reactive_power_discr,1.0,59.0,,,,,,1.0,0.0
reactive_power_discr,1.0,59.0,,,,,,2.0,0.0
reactive_power_discr,1.0,59.0,,,,,,3.0,0.0
reactive_power_discr,1.0,59.0,,,,,,4.0,0.0
reactive_power_discr,1.0,59.0,,,,,,5.0,0.0
reactive_power_discr,1.0,59.0,,,,,,6.0,0.0
reactive_power_discr,1.0,59.0,,,,,,7.0,0.0
reactive_power_discr,1.0,59.0,,,,,,8.0,0.0
reactive_power_discr,1.0,59.0,,,,,,9.0,0.0
reactive_power_discr,1.0,59.0,,,,,,10.0,0.0
reactive_power_discr,1.0,59.0,,,,,,11.0,0.0
reactive_power_discr,1.0,59.0,,,,,,12.0,0.0
reactive_power_discr,1.0,59.0,,,,,,13.0,0.0
reactive_power_discr,1.0,59.0,,,,,,14.0,0.0
reactive_power_discr,1.0,59.0,,,,,,15.0,0.0
P_load,1.0,,,,,8.0,,,0.001
P_load,1.0,,,,,9.0,,,0.0015
P_load,1.0,,,,,10.0,,,0.002
P_load,1.0,,,,,11.0,,,0.0025
P_load,1.0,,,,,16.0,,,0.003
P_load,1.0,,,,,17.0,,,0.0035
P_load,1.0,,,,,18.0,,,0.0012
P_load,1.0,,,,,19.0,,,0.0018
P_load,1.0,,,,,20.0,,,0.0022
P_load,1.0,,,,,21.0,,,0.01
P_load,1.0,,,,,22.0,,,0.011
P_load,1.0,,,,,23.0,,,0.012
P_load,1.0,,,,,24.0,,,0.01
P_load,1.0,,,,,25.0,,,0.012
P_load,1.0,,,,,26.0,,,0.013
Q_load,1.0,,,,,8.0,,,0.001
Q_load,1.0,,,,,9.0,,,0.002
Q_load,1.0,,,,,10.0,,,0.003
Q_load,1.0,,,,,11.0,,,0.004
Q_load,1.0,,,,,16.0,,,0.005
Q_load,1.0,,,,,17.0,,,0.006
Q_load,1.0,,,,,18.0,,,0.001
Q_load,1.0,,,,,19.0,,,0.002
Q_load,1.0,,,,,20.0,,,0.003
Q_load,1.0,,,,,21.0,,,0.01
Q_load,1.0,,,,,22.0,,,0.009
Q_load,1.0,,,,,23.0,,,0.011
Q_load,1.0,,,,,24.0,,,0.006
Q_load,1.0,,,,,25.0,,,0.01
Q_load,1.0,,,,,26.0,,,0.012
Irr,1.0,,,,,,,,773.75
initial_line_act,,0.0,,,,,,,0.0
initial_line_act,,1.0,,,,,,,0.0
initial_line_act,,2.0,,,,,,,0.0
initial_line_act,,3.0,,,,,,,0.0
initial_line_act,,4.0,,,,,,,0.0
initial_line_act,,5.0,,,,,,,0.0
initial_line_act,,6.0,,,,,,,0.0
initial_line_act,,7.0,,,,,,,0.0
initial_line_act,,8.0,,,,,,,0.0
initial_line_act,,9.0,,,,,,,0.0
initial_line_act,,10.0,,,,,,,0.0
initial_line_act,,11.0,,,,,,,0.0
initial_line_act,,12.0,,,,,,,0.0
initial_line_act,,13.0,,,,,,,0.0
initial_line_act,,14.0,,,,,,,0.0
initial_line_act,,15.0,,,,,,,0.0
initial_line_act,,16.0,,,,,,,0.0
initial_line_act,,17.0,,,,,,,0.0
initial_line_act,,18.0,,,,,,,0.0
initial_line_act,,19.0,,,,,,,0.0
initial_line_act,,20.0,,,,,,,0.0
initial_line_act,,21.0,,,,,,,0.0
initial_line_act,,22.0,,,,,,,0.0
initial_line_act,,23.0,,,,,,,0.0
initial_line_act,,24.0,,,,,,,0.0
initial_line_act,,25.0,,,,,,,0.0
initial_line_act,,26.0,,,,,,,0.0
initial_line_act,,27.0,,,,,,,0.0
initial_line_act,,28.0,,,,,,,0.0
initial_line_act,,29.0,,,,,,,0.0
initial_line_act,,30.0,,,,,,,0.0
initial_line_act,,31.0,,,,,,,0.0
initial_line_act,,32.0,,,,,,,0.0
initial_line_act,,33.0,,,,,,,0.0
initial_line_act,,34.0,,,,,,,0.0
initial_line_act,,35.0,,,,,,,0.0
initial_line_act,,36.0,,,,,,,0.0
initial_line_act,,37.0,,,,,,,0.0
initial_line_act,,38.0,,,,,,,0.0
initial_line_act,,39.0,,,,,,,0.0
initial_line_act,,40.0,,,,,,,0.0
initial_line_act,,41.0,,,,,,,0.0
initial_line_act,,42.0,,,,,,,0.0
initial_line_act,,43.0,,,,,,,0.0
initial_line_act,,44.0,,,,,,,0.0
initial_line_act,,45.0,,,,,,,0.0
initial_line_act,,46.0,,,,,,,0.0
initial_line_act,,47.0,,,,,,,0.0
initial_line_act,,48.0,,,,,,,0.0
initial_line_act,,49.0,,,,,,,0.0
initial_line_act,,50.0,,,,,,,0.0
initial_line_act,,51.0,,,,,,,0.0
initial_line_act,,52.0,,,,,,,0.0
initial_line_act,,53.0,,,,,,,0.0
initial_line_act,,54.0,,,,,,,0.0
initial_line_act,,55.0,,,,,,,0.0
initial_line_act,,56.0,,,,,,,0.0
initial_line_act,,57.0,,,,,,,0.0
initial_line_act,,58.0,,,,,,,0.0
initial_line_act,,59.0,,,,,,,0.0
initial_line_opt,,0.0,Poppy,,,,,,0.0
initial_line_opt,,0.0,Oxlip,,,,,,0.0
initial_line_opt,,0.0,Daisy,,,,,,0.0
initial_line_opt,,0.0,Tulip,,,,,,0.0
initial_line_opt,,1.0,Poppy,,,,,,0.0
initial_line_opt,,1.0,Oxlip,,,,,,0.0
initial_line_opt,,1.0,Daisy,,,,,,0.0
initial_line_opt,,1.0,Tulip,,,,,,0.0
initial_line_opt,,2.0,Poppy,,,,,,0.0
initial_line_opt,,2.0,Oxlip,,,,,,0.0
initial_line_opt,,2.0,Daisy,,,,,,0.0
initial_line_opt,,2.0,Tulip,,,,,,0.0
initial_line_opt,,3.0,Poppy,,,,,,0.0
initial_line_opt,,3.0,Oxlip,,,,,,0.0
initial_line_opt,,3.0,Daisy,,,,,,0.0
initial_line_opt,,3.0,Tulip,,,,,,0.0
initial_line_opt,,4.0,Poppy,,,,,,0.0
initial_line_opt,,4.0,Oxlip,,,,,,0.0
initial_line_opt,,4.0,Daisy,,,,,,0.0
initial_line_opt,,4.0,Tulip,,,,,,0.0
initial_line_opt,,5.0,Poppy,,,,,,0.0
initial_line_opt,,5.0,Oxlip,,,,,,0.0
initial_line_opt,,5.0,Daisy,,,,,,0.0
initial_line_opt,,5.0,Tulip,,,,,,0.0
initial_line_opt,,6.0,Poppy,,,,,,0.0
initial_line_opt,,6.0,Oxlip,,,,,,0.0
initial_line_opt,,6.0,Daisy,,,,,,0.0
initial_line_opt,,6.0,Tulip,,,,,,0.0
initial_line_opt,,7.0,Poppy,,,,,,0.0
initial_line_opt,,7.0,Oxlip,,,,,,0.0
initial_line_opt,,7.0,Daisy,,,,,,0.0
initial_line_opt,,7.0,Tulip,,,,,,0.0
initial_line_opt,,8.0,Poppy,,,,,,0.0
initial_line_opt,,8.0,Oxlip,,,,,,0.0
initial_line_opt,,8.0,Daisy,,,,,,0.0
initial_line_opt,,8.0,Tulip,,,,,,0.0
initial_line_opt,,9.0,Poppy,,,,,,0.0
initial_line_opt,,9.0,Oxlip,,,,,,0.0
initial_line_opt,,9.0,Daisy,,,,,,0.0
initial_line_opt,,9.0,Tulip,,,,,,0.0
initial_line_opt,,10.0,Poppy,,,,,,0.0
initial_line_opt,,10.0,Oxlip,,,,,,0.0
initial_line_opt,,10.0,Daisy,,,,,,0.0
initial_line_opt,,10.0,Tulip,,,,,,0.0
initial_line_opt,,11.0,Poppy,,,,,,0.0
initial_line_opt,,11.0,Oxlip,,,,,,0.0
initial_line_opt,,11.0,Daisy,,,,,,0.0
initial_line_opt,,11.0,Tulip,,,,,,0.0
initial_line_opt,,12.0,Poppy,,,,,,0.0
initial_line_opt,,12.0,Oxlip,,,,,,0.0
initial_line_opt,,12.0,Daisy,,,,,,0.0
initial_line_opt,,12.0,Tulip,,,,,,0.0
initial_line_opt,,13.0,Poppy,,,,,,0.0
initial_line_opt,,13.0,Oxlip,,,,,,0.0
initial_line_opt,,13.0,Daisy,,,,,,0.0
initial_line_opt,,13.0,Tulip,,,,,,0.0
initial_line_opt,,14.0,Poppy,,,,,,0.0
initial_line_opt,,14.0,Oxlip,,,,,,0.0
initial_line_opt,,14.0,Daisy,,,,,,0.0
initial_line_opt,,14.0,Tulip,,,,,,0.0
initial_line_opt,,15.0,Poppy,,,,,,0.0
initial_line_opt,,15.0,Oxlip,,,,,,0.0
initial_line_opt,,15.0,Daisy,,,,,,0.0
initial_line_opt,,15.0,Tulip,,,,,,0.0
initial_line_opt,,16.0,Poppy,,,,,,0.0
initial_line_opt,,16.0,Oxlip,,,,,,0.0
initial_line_opt,,16.0,Daisy,,,,,,0.0
initial_line_opt,,16.0,Tulip,,,,,,0.0
initial_line_opt,,17.0,Poppy,,,,,,0.0
initial_line_opt,,17.0,Oxlip,,,,,,0.0
initial_line_opt,,17.0,Daisy,,,,,,0.0
initial_line_opt,,17.0,Tulip,,,,,,0.0
initial_line_opt,,18.0,Poppy,,,,,,0.0
initial_line_opt,,18.0,Oxlip,,,,,,0.0
initial_line_opt,,18.0,Daisy,,,,,,0.0
initial_line_opt,,18.0,Tulip,,,,,,0.0
initial_line_opt,,19.0,Poppy,,,,,,0.0
initial_line_opt,,19.0,Oxlip,,,,,,0.0
initial_line_opt,,19.0,Daisy,,,,,,0.0
initial_line_opt,,19.0,Tulip,,,,,,0.0
initial_line_opt,,20.0,Poppy,,,,,,0.0
initial_line_opt,,20.0,Oxlip,,,,,,0.0
initial_line_opt,,20.0,Daisy,,,,,,0.0
initial_line_opt,,20.0,Tulip,,,,,,0.0
initial_line_opt,,21.0,Poppy,,,,,,0.0
initial_line_opt,,21.0,Oxlip,,,,,,0.0
initial_line_opt,,21.0,Daisy,,,,,,0.0
initial_line_opt,,21.0,Tulip,,,,,,0.0
initial_line_opt,,22.0,Poppy,,,,,,0.0
initial_line_opt,,22.0,Oxlip,,,,,,0.0
initial_line_opt,,22.0,Daisy,,,,,,0.0
initial_line_opt,,22.0,Tulip,,,,,,0.0
initial_line_opt,,23.0,Poppy,,,,,,0.0
initial_line_opt,,23.0,Oxlip,,,,,,0.0
initial_line_opt,,23.0,Daisy,,,,,,0.0
initial_line_opt,,23.0,Tulip,,,,,,0.0
initial_line_opt,,24.0,Poppy,,,,,,0.0
initial_line_opt,,24.0,Oxlip,,,,,,0.0
initial_line_opt,,24.0,Daisy,,,,,,0.0
initial_line_opt,,24.0,Tulip,,,,,,0.0
initial_line_opt,,25.0,Poppy,,,,,,0.0
initial_line_opt,,25.0,Oxlip,,,,,,0.0
initial_line_opt,,25.0,Daisy,,,,,,0.0
initial_line_opt,,25.0,Tulip,,,,,,0.0
initial_line_opt,,26.0,Poppy,,,,,,0.0
initial_line_opt,,26.0,Oxlip,,,,,,0.0
initial_line_opt,,26.0,Daisy,,,,,,0.0
initial_line_opt,,26.0,Tulip,,,,,,0.0
initial_line_opt,,27.0,Poppy,,,,,,0.0
initial_line_opt,,27.0,Oxlip,,,,,,0.0
initial_line_opt,,27.0,Daisy,,,,,,0.0
initial_line_opt,,27.0,Tulip,,,,,,0.0
initial_line_opt,,28.0,Poppy,,,,,,0.0
initial_line_opt,,28.0,Oxlip,,,,,,0.0
initial_line_opt,,28.0,Daisy,,,,,,0.0
initial_line_opt,,28.0,Tulip,,,,,,0.0
initial_line_opt,,29.0,Poppy,,,,,,0.0
initial_line_opt,,29.0,Oxlip,,,,,,0.0
initial_line_opt,,29.0,Daisy,,,,,,0.0
initial_line_opt,,29.0,Tulip,,,,,,0.0
initial_line_opt,,30.0,Poppy,,,,,,0.0
initial_line_opt,,30.0,Oxlip,,,,,,0.0
initial_line_opt,,30.0,Daisy,,,,,,0.0
initial_line_opt,,30.0,Tulip,,,,,,0.0
initial_line_opt,,31.0,Poppy,,,,,,0.0
initial_line_opt,,31.0,Oxlip,,,,,,0.0
initial_line_opt,,31.0,Daisy,,,,,,0.0
initial_line_opt,,31.0,Tulip,,,,,,0.0
initial_line_opt,,32.0,Poppy,,,,,,0.0
initial_line_opt,,32.0,Oxlip,,,,,,0.0
initial_line_opt,,32.0,Daisy,,,,,,0.0
initial_line_opt,,32.0,Tulip,,,,,,0.0
initial_line_opt,,33.0,Poppy,,,,,,0.0
initial_line_opt,,33.0,Oxlip,,,,,,0.0
initial_line_opt,,33.0,Daisy,,,,,,0.0
initial_line_opt,,33.0,Tulip,,,,,,0.0
initial_line_opt,,34.0,Poppy,,,,,,0.0
initial_line_opt,,34.0,Oxlip,,,,,,0.0
initial_line_opt,,34.0,Daisy,,,,,,0.0
initial_line_opt,,34.0,Tulip,,,,,,0.0
initial_line_opt,,35.0,Poppy,,,,,,0.0
initial_line_opt,,35.0,Oxlip,,,,,,0.0
initial_line_opt,,35.0,Daisy,,,,,,0.0
initial_line_opt,,35.0,Tulip,,,,,,0.0
initial_line_opt,,36.0,Poppy,,,,,,0.0
initial_line_opt,,36.0,Oxlip,,,,,,0.0
initial_line_opt,,36.0,Daisy,,,,,,0.0
initial_line_opt,,36.0,Tulip,,,,,,0.0
initial_line_opt,,37.0,Poppy,,,,,,0.0
initial_line_opt,,37.0,Oxlip,,,,,,0.0
initial_line_opt,,37.0,Daisy,,,,,,0.0
initial_line_opt,,37.0,Tulip,,,,,,0.0
initial_line_opt,,38.0,Poppy,,,,,,0.0
initial_line_opt,,38.0,Oxlip,,,,,,0.0
initial_line_opt,,38.0,Daisy,,,,,,0.0
initial_line_opt,,38.0,Tulip,,,,,,0.0
initial_line_opt,,39.0,Poppy,,,,,,0.0
initial_line_opt,,39.0,Oxlip,,,,,,0.0
initial_line_opt,,39.0,Daisy,,,,,,0.0
initial_line_opt,,39.0,Tulip,,,,,,0.0
initial_line_opt,,40.0,Poppy,,,,,,0.0
initial_line_opt,,40.0,Oxlip,,,,,,0.0
initial_line_opt,,40.0,Daisy,,,,,,0.0
initial_line_opt,,40.0,Tulip,,,,,,0.0
initial_line_opt,,41.0,Poppy,,,,,,0.0
initial_line_opt,,41.0,Oxlip,,,,,,0.0
initial_line_opt,,41.0,Daisy,,,,,,0.0
initial_line_opt,,41.0,Tulip,,,,,,0.0
initial_line_opt,,42.0,Poppy,,,,,,0.0
initial_line_opt,,42.0,Oxlip,,,,,,0.0
initial_line_opt,,42.0,Daisy,,,,,,0.0
initial_line_opt,,42.0,Tulip,,,,,,0.0
initial_line_opt,,43.0,Poppy,,,,,,0.0
initial_line_opt,,43.0,Oxlip,,,,,,0.0
initial_line_opt,,43.0,Daisy,,,,,,0.0
initial_line_opt,,43.0,Tulip,,,,,,0.0
initial_line_opt,,44.0,Poppy,,,,,,0.0
initial_line_opt,,44.0,Oxlip,,,,,,0.0
initial_line_opt,,44.0,Daisy,,,,,,0.0
initial_line_opt,,44.0,Tulip,,,,,,0.0
initial_line_opt,,45.0,Poppy,,,,,,0.0
initial_line_opt,,45.0,Oxlip,,,,,,0.0
initial_line_opt,,45.0,Daisy,,,,,,0.0
initial_line_opt,,45.0,Tulip,,,,,,0.0
initial_line_opt,,46.0,Poppy,,,,,,0.0
initial_line_opt,,46.0,Oxlip,,,,,,0.0
initial_line_opt,,46.0,Daisy,,,,,,0.0
initial_line_opt,,46.0,Tulip,,,,,,0.0
initial_line_opt,,47.0,Poppy,,,,,,0.0
initial_line_opt,,47.0,Oxlip,,,,,,0.0
initial_line_opt,,47.0,Daisy,,,,,,0.0
initial_line_opt,,47.0,Tulip,,,,,,0.0
initial_line_opt,,48.0,Poppy,,,,,,0.0
initial_line_opt,,48.0,Oxlip,,,,,,0.0
initial_line_opt,,48.0,Daisy,,,,,,0.0
initial_line_opt,,48.0,Tulip,,,,,,0.0
initial_line_opt,,49.0,Poppy,,,,,,0.0
initial_line_opt,,49.0,Oxlip,,,,,,0.0
initial_line_opt,,49.0,Daisy,,,,,,0.0
initial_line_opt,,49.0,Tulip,,,,,,0.0
initial_line_opt,,50.0,Poppy,,,,,,0.0
initial_line_opt,,50.0,Oxlip,,,,,,0.0
initial_line_opt,,50.0,Daisy,,,,,,0.0
initial_line_opt,,50.0,Tulip,,,,,,0.0
initial_line_opt,,51.0,Poppy,,,,,,0.0
initial_line_opt,,51.0,Oxlip,,,,,,0.0
initial_line_opt,,51.0,Daisy,,,,,,0.0
initial_line_opt,,51.0,Tulip,,,,,,0.0
initial_line_opt,,52.0,Poppy,,,,,,0.0
initial_line_opt,,52.0,Oxlip,,,,,,0.0
initial_line_opt,,52.0,Daisy,,,,,,0.0
initial_line_opt,,52.0,Tulip,,,,,,0.0
initial_line_opt,,53.0,Poppy,,,,,,0.0
initial_line_opt,,53.0,Oxlip,,,,,,0.0
initial_line_opt,,53.0,Daisy,,,,,,0.0
initial_line_opt,,53.0,Tulip,,,,,,0.0
initial_line_opt,,54.0,Poppy,,,,,,0.0
initial_line_opt,,54.0,Oxlip,,,,,,0.0
initial_line_opt,,54.0,Daisy,,,,,,0.0
initial_line_opt,,54.0,Tulip,,,,,,0.0
initial_line_opt,,55.0,Poppy,,,,,,0.0
initial_line_opt,,55.0,Oxlip,,,,,,0.0
initial_line_opt,,55.0,Daisy,,,,,,0.0
initial_line_opt,,55.0,Tulip,,,,,,0.0
initial_line_opt,,56.0,Poppy,,,,,,0.0
initial_line_opt,,56.0,Oxlip,,,,,,0.0
initial_line_opt,,56.0,Daisy,,,,,,0.0
initial_line_opt,,56.0,Tulip,,,,,,0.0
initial_line_opt,,57.0,Poppy,,,,,,0.0
initial_line_opt,,57.0,Oxlip,,,,,,0.0
initial_line_opt,,57.0,Daisy,,,,,,0.0
initial_line_opt,,57.0,Tulip,,,,,,0.0
initial_line_opt,,58.0,Poppy,,,,,,0.0
initial_line_opt,,58.0,Oxlip,,,,,,0.0
initial_line_opt,,58.0,Daisy,,,,,,0.0
initial_line_opt,,58.0,Tulip,,,,,,0.0
initial_line_opt,,59.0,Poppy,,,,,,0.0
initial_line_opt,,59.0,Oxlip,,,,,,0.0
initial_line_opt,,59.0,Daisy,,,,,,0.0
initial_line_opt,,59.0,Tulip,,,,,,0.0
initial_beta,,,,0.0,,,,,0.0
initial_beta,,,,1.0,,,,,0.0
initial_gamma,,,,,2.0,,,,0.0
initial_gamma,,,,,3.0,,,,0.0
initial_gamma,,,,,4.0,,,,0.0
initial_gamma,,,,,5.0,,,,0.0
initial_pi,,,,,,8.0,,,0.0
initial_pi,,,,,,9.0,,,0.0
initial_pi,,,,,,10.0,,,0.0
initial_pi,,,,,,11.0,,,0.0
initial_pi,,,,,,16.0,,,0.0
initial_pi,,,,,,17.0,,,0.0
initial_pi,,,,,,18.0,,,0.0
initial_pi,,,,,,19.0,,,0.0
initial_pi,,,,,,20.0,,,0.0
initial_pi,,,,,,21.0,,,0.0
initial_pi,,,,,,22.0,,,0.0
initial_pi,,,,,,23.0,,,0.0
initial_pi,,,,,,24.0,,,0.0
initial_pi,,,,,,25.0,,,0.0
initial_pi,,,,,,26.0,,,0.0
initial_capacity_hv,,,,0.0,,,,,0.0
initial_capacity_hv,,,,1.0,,,,,0.0
initial_capacity_mv,,,,,2.0,,,,0.0
initial_capacity_mv,,,,,3.0,,,,0.0
initial_capacity_mv,,,,,4.0,,,,0.0
initial_capacity_mv,,,,,5.0,,,,0.0
initial_capacity_inv,,,,,,8.0,,,0.0
initial_capacity_inv,,,,,,9.0,,,0.0
initial_capacity_inv,,,,,,10.0,,,0.0
initial_capacity_inv,,,,,,11.0,,,0.0
initial_capacity_inv,,,,,,16.0,,,0.0
initial_capacity_inv,,,,,,17.0,,,0.0
initial_capacity_inv,,,,,,18.0,,,0.0
initial_capacity_inv,,,,,,19.0,,,0.0
initial_capacity_inv,,,,,,20.0,,,0.0
initial_capacity_inv,,,,,,21.0,,,0.0
initial_capacity_inv,,,,,,22.0,,,0.0
initial_capacity_inv,,,,,,23.0,,,0.0
initial_capacity_inv,,,,,,24.0,,,0.0
initial_capacity_inv,,,,,,25.0,,,0.0
initial_capacity_inv,,,,,,26.0,,,0.0
initial_PV_surf,,,,,,8.0,,,0.0
initial_PV_surf,,,,,,9.0,,,0.0
initial_PV_surf,,,,,,10.0,,,0.0
initial_PV_surf,,,,,,11.0,,,0.0
initial_PV_surf,,,,,,16.0,,,0.0
initial_PV_surf,,,,,,17.0,,,0.0
initial_PV_surf,,,,,,18.0,,,0.0
initial_PV_surf,,,,,,19.0,,,0.0
initial_PV_surf,,,,,,20.0,,,0.0
initial_PV_surf,,,,,,21.0,,,0.0
initial_PV_surf,,,,,,22.0,,,0.0
initial_PV_surf,,,,,,23.0,,,0.0
initial_PV_surf,,,,,,24.0,,,0.0
initial_PV_surf,,,,,,25.0,,,0.0
initial_PV_surf,,,,,,26.0,,,0.0
LPWB,,0.0,,,,,,1.0,0.000825746864364434
LPWB,,0.0,,,,,,2.0,0.0015076047483721265
LPWB,,0.0,,,,,,3.0,0.00275250464204134
LPWB,,0.0,,,,,,4.0,0.005025376719355532
LPWB,,0.0,,,,,,5.0,0.009175065787613384
LPWB,,0.0,,,,,,6.0,0.016751347592072526
LPWB,,0.0,,,,,,7.0,0.030583720340105106
LPWB,,0.0,,,,,,8.0,0.05583813151154571
LPWB,,0.0,,,,,,9.0,0.10194629351917354
LPWB,,0.0,,,,,,10.0,0.18612812572620696
LPWB,,0.0,,,,,,11.0,0.3398228419146513
LPWB,,0.0,,,,,,12.0,0.6204304880650864
LPWB,,0.0,,,,,,13.0,1.132749018140927
LPWB,,0.0,,,,,,14.0,2.0681129679826813
LPWB,,0.0,,,,,,15.0,3.7758507664458136
LPWB,,1.0,,,,,,1.0,0.000825746864364434
LPWB,,1.0,,,,,,2.0,0.0015076047483721265
LPWB,,1.0,,,,,,3.0,0.00275250464204134
LPWB,,1.0,,,,,,4.0,0.005025376719355532
LPWB,,1.0,,,,,,5.0,0.009175065787613384
LPWB,,1.0,,,,,,6.0,0.016751347592072526
LPWB,,1.0,,,,,,7.0,0.030583720340105106
LPWB,,1.0,,,,,,8.0,0.05583813151154571
LPWB,,1.0,,,,,,9.0,0.10194629351917354
LPWB,,1.0,,,,,,10.0,0.18612812572620696
LPWB,,1.0,,,,,,11.0,0.3398228419146513
LPWB,,1.0,,,,,,12.0,0.6204304880650864
LPWB,,1.0,,,,,,13.0,1.132749018140927
LPWB,,1.0,,,,,,14.0,2.0681129679826813
LPWB,,1.0,,,,,,15.0,3.7758507664458136
LPWB,,2.0,,,,,,1.0,0.000825746864364434
LPWB,,2.0,,,,,,2.0,0.0015076047483721265
LPWB,,2.0,,,,,,3.0,0.00275250464204134
LPWB,,2.0,,,,,,4.0,0.005025376719355532
LPWB,,2.0,,,,,,5.0,0.009175065787613384
LPWB,,2.0,,,,,,6.0,0.016751347592072526
LPWB,,2.0,,,,,,7.0,0.030583720340105106
LPWB,,2.0,,,,,,8.0,0.05583813151154571
LPWB,,2.0,,,,,,9.0,0.10194629351917354
LPWB,,2.0,,,,,,10.0,0.18612812572620696
LPWB,,2.0,,,,,,11.0,0.3398228419146513
LPWB,,2.0,,,,,,12.0,0.6204304880650864
LPWB,,2.0,,,,,,13.0,1.132749018140927
LPWB,,2.0,,,,,,14.0,2.0681129679826813
LPWB,,2.0,,,,,,15.0,3.7758507664458136
LPWB,,3.0,,,,,,1.0,0.000825746864364434
LPWB,,3.0,,,,,,2.0,0.0015076047483721265
LPWB,,3.0,,,,,,3.0,0.00275250464204134
LPWB,,3.0,,,,,,4.0,0.005025376719355532
LPWB,,3.0,,,,,,5.0,0.009175065787613384
LPWB,,3.0,,,,,,6.0,0.016751347592072526
LPWB,,3.0,,,,,,7.0,0.030583720340105106
LPWB,,3.0,,,,,,8.0,0.05583813151154571
LPWB,,3.0,,,,,,9.0,0.10194629351917354
LPWB,,3.0,,,,,,10.0,0.18612812572620696
LPWB,,3.0,,,,,,11.0,0.3398228419146513
LPWB,,3.0,,,,,,12.0,0.6204304880650864
LPWB,,3.0,,,,,,13.0,1.132749018140927
LPWB,,3.0,,,,,,14.0,2.0681129679826813
LPWB,,3.0,,,,,,15.0,3.7758507664458136
LPWB,,4.0,,,,,,1.0,0.000825746864364434
LPWB,,4.0,,,,,,2.0,0.0015076047483721265
LPWB,,4.0,,,,,,3.0,0.00275250464204134
LPWB,,4.0,,,,,,4.0,0.005025376719355532
LPWB,,4.0,,,,,,5.0,0.009175065787613384
LPWB,,4.0,,,,,,6.0,0.016751347592072526
LPWB,,4.0,,,,,,7.0,0.030583720340105106
LPWB,,4.0,,,,,,8.0,0.05583813151154571
LPWB,,4.0,,,,,,9.0,0.10194629351917354
LPWB,,4.0,,,,,,10.0,0.18612812572620696
LPWB,,4.0,,,,,,11.0,0.3398228419146513
LPWB,,4.0,,,,,,12.0,0.6204304880650864
LPWB,,4.0,,,,,,13.0,1.132749018140927
LPWB,,4.0,,,,,,14.0,2.0681129679826813
LPWB,,4.0,,,,,,15.0,3.7758507664458136
LPWB,,5.0,,,,,,1.0,0.000825746864364434
LPWB,,5.0,,,,,,2.0,0.0015076047483721265
LPWB,,5.0,,,,,,3.0,0.00275250464204134
LPWB,,5.0,,,,,,4.0,0.005025376719355532
LPWB,,5.0,,,,,,5.0,0.009175065787613384
LPWB,,5.0,,,,,,6.0,0.016751347592072526
LPWB,,5.0,,,,,,7.0,0.030583720340105106
LPWB,,5.0,,,,,,8.0,0.05583813151154571
LPWB,,5.0,,,,,,9.0,0.10194629351917354
LPWB,,5.0,,,,,,10.0,0.18612812572620696
LPWB,,5.0,,,,,,11.0,0.3398228419146513
LPWB,,5.0,,,,,,12.0,0.6204304880650864
LPWB,,5.0,,,,,,13.0,1.132749018140927
LPWB,,5.0,,,,,,14.0,2.0681129679826813
LPWB,,5.0,,,,,,15.0,3.7758507664458136
LPWB,,6.0,,,,,,1.0,0.000825746864364434
LPWB,,6.0,,,,,,2.0,0.0015076047483721265
LPWB,,6.0,,,,,,3.0,0.00275250464204134
LPWB,,6.0,,,,,,4.0,0.005025376719355532
LPWB,,6.0,,,,,,5.0,0.009175065787613384
LPWB,,6.0,,,,,,6.0,0.016751347592072526
LPWB,,6.0,,,,,,7.0,0.030583720340105106
LPWB,,6.0,,,,,,8.0,0.05583813151154571
LPWB,,6.0,,,,,,9.0,0.10194629351917354
LPWB,,6.0,,,,,,10.0,0.18612812572620696
LPWB,,6.0,,,,,,11.0,0.3398228419146513
LPWB,,6.0,,,,,,12.0,0.6204304880650864
LPWB,,6.0,,,,,,13.0,1.132749018140927
LPWB,,6.0,,,,,,14.0,2.0681129679826813
LPWB,,6.0,,,,,,15.0,3.7758507664458136
LPWB,,7.0,,,,,,1.0,0.000825746864364434
LPWB,,7.0,,,,,,2.0,0.0015076047483721265
LPWB,,7.0,,,,,,3.0,0.00275250464204134
LPWB,,7.0,,,,,,4.0,0.005025376719355532
LPWB,,7.0,,,,,,5.0,0.009175065787613384
LPWB,,7.0,,,,,,6.0,0.016751347592072526
LPWB,,7.0,,,,,,7.0,0.030583720340105106
LPWB,,7.0,,,,,,8.0,0.05583813151154571
LPWB,,7.0,,,,,,9.0,0.10194629351917354
LPWB,,7.0,,,,,,10.0,0.18612812572620696
LPWB,,7.0,,,,,,11.0,0.3398228419146513
LPWB,,7.0,,,,,,12.0,0.6204304880650864
LPWB,,7.0,,,,,,13.0,1.132749018140927
LPWB,,7.0,,,,,,14.0,2.0681129679826813
LPWB,,7.0,,,,,,15.0,3.7758507664458136
LPWB,,8.0,,,,,,1.0,0.000825746864364434
LPWB,,8.0,,,,,,2.0,0.0015076047483721265
LPWB,,8.0,,,,,,3.0,0.00275250464204134
LPWB,,8.0,,,,,,4.0,0.005025376719355532
LPWB,,8.0,,,,,,5.0,0.009175065787613384
LPWB,,8.0,,,,,,6.0,0.016751347592072526
LPWB,,8.0,,,,,,7.0,0.030583720340105106
LPWB,,8.0,,,,,,8.0,0.05583813151154571
LPWB,,8.0,,,,,,9.0,0.10194629351917354
LPWB,,8.0,,,,,,10.0,0.18612812572620696
LPWB,,8.0,,,,,,11.0,0.3398228419146513
LPWB,,8.0,,,,,,12.0,0.6204304880650864
LPWB,,8.0,,,,,,13.0,1.132749018140927
LPWB,,8.0,,,,,,14.0,2.0681129679826813
LPWB,,8.0,,,,,,15.0,3.7758507664458136
LPWB,,9.0,,,,,,1.0,0.000825746864364434
LPWB,,9.0,,,,,,2.0,0.0015076047483721265
LPWB,,9.0,,,,,,3.0,0.00275250464204134
LPWB,,9.0,,,,,,4.0,0.005025376719355532
LPWB,,9.0,,,,,,5.0,0.009175065787613384
LPWB,,9.0,,,,,,6.0,0.016751347592072526
LPWB,,9.0,,,,,,7.0,0.030583720340105106
LPWB,,9.0,,,,,,8.0,0.05583813151154571
LPWB,,9.0,,,,,,9.0,0.10194629351917354
LPWB,,9.0,,,,,,10.0,0.18612812572620696
LPWB,,9.0,,,,,,11.0,0.3398228419146513
LPWB,,9.0,,,,,,12.0,0.6204304880650864
LPWB,,9.0,,,,,,13.0,1.132749018140927
LPWB,,9.0,,,,,,14.0,2.0681129679826813
LPWB,,9.0,,,,,,15.0,3.7758507664458136
LPWB,,10.0,,,,,,1.0,0.000825746864364434
LPWB,,10.0,,,,,,2.0,0.0015076047483721265
LPWB,,10.0,,,,,,3.0,0.00275250464204134
LPWB,,10.0,,,,,,4.0,0.005025376719355532
LPWB,,10.0,,,,,,5.0,0.009175065787613384
LPWB,,10.0,,,,,,6.0,0.016751347592072526
LPWB,,10.0,,,,,,7.0,0.030583720340105106
LPWB,,10.0,,,,,,8.0,0.05583813151154571
LPWB,,10.0,,,,,,9.0,0.10194629351917354
LPWB,,10.0,,,,,,10.0,0.18612812572620696
LPWB,,10.0,,,,,,11.0,0.3398228419146513
LPWB,,10.0,,,,,,12.0,0.6204304880650864
LPWB,,10.0,,,,,,13.0,1.132749018140927
LPWB,,10.0,,,,,,14.0,2.0681129679826813
LPWB,,10.0,,,,,,15.0,3.7758507664458136
LPWB,,11.0,,,,,,1.0,0.000825746864364434
LPWB,,11.0,,,,,,2.0,0.0015076047483721265
LPWB,,11.0,,,,,,3.0,0.00275250464204134
LPWB,,11.0,,,,,,4.0,0.005025376719355532
LPWB,,11.0,,,,,,5.0,0.009175065787613384
LPWB,,11.0,,,,,,6.0,0.016751347592072526
LPWB,,11.0,,,,,,7.0,0.030583720340105106
LPWB,,11.0,,,,,,8.0,0.05583813151154571
LPWB,,11.0,,,,,,9.0,0.10194629351917354
LPWB,,11.0,,,,,,10.0,0.18612812572620696
LPWB,,11.0,,,,,,11.0,0.3398228419146513
LPWB,,11.0,,,,,,12.0,0.6204304880650864
LPWB,,11.0,,,,,,13.0,1.132749018140927
LPWB,,11.0,,,,,,14.0,2.0681129679826813
LPWB,,11.0,,,,,,15.0,3.7758507664458136
LPWB,,12.0,,,,,,1.0,0.000825746864364434
LPWB,,12.0,,,,,,2.0,0.0015076047483721265
LPWB,,12.0,,,,,,3.0,0.00275250464204134
LPWB,,12.0,,,,,,4.0,0.005025376719355532
LPWB,,12.0,,,,,,5.0,0.009175065787613384
LPWB,,12.0,,,,,,6.0,0.016751347592072526
LPWB,,12.0,,,,,,7.0,0.030583720340105106
LPWB,,12.0,,,,,,8.0,0.05583813151154571
LPWB,,12.0,,,,,,9.0,0.10194629351917354
LPWB,,12.0,,,,,,10.0,0.18612812572620696
LPWB,,12.0,,,,,,11.0,0.3398228419146513
LPWB,,12.0,,,,,,12.0,0.6204304880650864
LPWB,,12.0,,,,,,13.0,1.132749018140927
LPWB,,12.0,,,,,,14.0,2.0681129679826813
LPWB,,12.0,,,,,,15.0,3.7758507664458136
LPWB,,13.0,,,,,,1.0,0.000825746864364434
LPWB,,13.0,,,,,,2.0,0.0015076047483721265
LPWB,,13.0,,,,,,3.0,0.00275250464204134
LPWB,,13.0,,,,,,4.0,0.005025376719355532
LPWB,,13.0,,,,,,5.0,0.009175065787613384
LPWB,,13.0,,,,,,6.0,0.016751347592072526
LPWB,,13.0,,,,,,7.0,0.030583720340105106
LPWB,,13.0,,,,,,8.0,0.05583813151154571
LPWB,,13.0,,,,,,9.0,0.10194629351917354
LPWB,,13.0,,,,,,10.0,0.18612812572620696
LPWB,,13.0,,,,,,11.0,0.3398228419146513
LPWB,,13.0,,,,,,12.0,0.6204304880650864
LPWB,,13.0,,,,,,13.0,1.132749018140927
LPWB,,13.0,,,,,,14.0,2.0681129679826813
LPWB,,13.0,,,,,,15.0,3.7758507664458136
LPWB,,14.0,,,,,,1.0,0.000825746864364434
LPWB,,14.0,,,,,,2.0,0.0015076047483721265
LPWB,,14.0,,,,,,3.0,0.00275250464204134
LPWB,,14.0,,,,,,4.0,0.005025376719355532
LPWB,,14.0,,,,,,5.0,0.009175065787613384
LPWB,,14.0,,,,,,6.0,0.016751347592072526
LPWB,,14.0,,,,,,7.0,0.030583720340105106
LPWB,,14.0,,,,,,8.0,0.05583813151154571
LPWB,,14.0,,,,,,9.0,0.10194629351917354
LPWB,,14.0,,,,,,10.0,0.18612812572620696
LPWB,,14.0,,,,,,11.0,0.3398228419146513
LPWB,,14.0,,,,,,12.0,0.6204304880650864
LPWB,,14.0,,,,,,13.0,1.132749018140927
LPWB,,14.0,,,,,,14.0,2.0681129679826813
LPWB,,14.0,,,,,,15.0,3.7758507664458136
LPWB,,15.0,,,,,,1.0,0.000825746864364434
LPWB,,15.0,,,,,,2.0,0.0015076047483721265
LPWB,,15.0,,,,,,3.0,0.00275250464204134
LPWB,,15.0,,,,,,4.0,0.005025376719355532
LPWB,,15.0,,,,,,5.0,0.009175065787613384
LPWB,,15.0,,,,,,6.0,0.016751347592072526
LPWB,,15.0,,,,,,7.0,0.030583720340105106
LPWB,,15.0,,,,,,8.0,0.05583813151154571
LPWB,,15.0,,,,,,9.0,0.10194629351917354
LPWB,,15.0,,,,,,10.0,0.18612812572620696
LPWB,,15.0,,,,,,11.0,0.3398228419146513
LPWB,,15.0,,,,,,12.0,0.6204304880650864
LPWB,,15.0,,,,,,13.0,1.132749018140927
LPWB,,15.0,,,,,,14.0,2.0681129679826813
LPWB,,15.0,,,,,,15.0,3.7758507664458136
LPWB,,16.0,,,,,,1.0,0.000825746864364434
LPWB,,16.0,,,,,,2.0,0.0015076047483721265
LPWB,,16.0,,,,,,3.0,0.00275250464204134
LPWB,,16.0,,,,,,4.0,0.005025376719355532
LPWB,,16.0,,,,,,5.0,0.009175065787613384
LPWB,,16.0,,,,,,6.0,0.016751347592072526
LPWB,,16.0,,,,,,7.0,0.030583720340105106
LPWB,,16.0,,,,,,8.0,0.05583813151154571
LPWB,,16.0,,,,,,9.0,0.10194629351917354
LPWB,,16.0,,,,,,10.0,0.18612812572620696
LPWB,,16.0,,,,,,11.0,0.3398228419146513
LPWB,,16.0,,,,,,12.0,0.6204304880650864
LPWB,,16.0,,,,,,13.0,1.132749018140927
LPWB,,16.0,,,,,,14.0,2.0681129679826813
LPWB,,16.0,,,,,,15.0,3.7758507664458136
LPWB,,17.0,,,,,,1.0,0.000825746864364434
LPWB,,17.0,,,,,,2.0,0.0015076047483721265
LPWB,,17.0,,,,,,3.0,0.00275250464204134
LPWB,,17.0,,,,,,4.0,0.005025376719355532
LPWB,,17.0,,,,,,5.0,0.009175065787613384
LPWB,,17.0,,,,,,6.0,0.016751347592072526
LPWB,,17.0,,,,,,7.0,0.030583720340105106
LPWB,,17.0,,,,,,8.0,0.05583813151154571
LPWB,,17.0,,,,,,9.0,0.10194629351917354
LPWB,,17.0,,,,,,10.0,0.18612812572620696
LPWB,,17.0,,,,,,11.0,0.3398228419146513
LPWB,,17.0,,,,,,12.0,0.6204304880650864
LPWB,,17.0,,,,,,13.0,1.132749018140927
LPWB,,17.0,,,,,,14.0,2.0681129679826813
LPWB,,17.0,,,,,,15.0,3.7758507664458136
LPWB,,18.0,,,,,,1.0,0.000825746864364434
LPWB,,18.0,,,,,,2.0,0.0015076047483721265
LPWB,,18.0,,,,,,3.0,0.00275250464204134
LPWB,,18.0,,,,,,4.0,0.005025376719355532
LPWB,,18.0,,,,,,5.0,0.009175065787613384
LPWB,,18.0,,,,,,6.0,0.016751347592072526
LPWB,,18.0,,,,,,7.0,0.030583720340105106
LPWB,,18.0,,,,,,8.0,0.05583813151154571
LPWB,,18.0,,,,,,9.0,0.10194629351917354
LPWB,,18.0,,,,,,10.0,0.18612812572620696
LPWB,,18.0,,,,,,11.0,0.3398228419146513
LPWB,,18.0,,,,,,12.0,0.6204304880650864
LPWB,,18.0,,,,,,13.0,1.132749018140927
LPWB,,18.0,,,,,,14.0,2.0681129679826813
LPWB,,18.0,,,,,,15.0,3.7758507664458136
LPWB,,19.0,,,,,,1.0,0.000825746864364434
LPWB,,19.0,,,,,,2.0,0.0015076047483721265
LPWB,,19.0,,,,,,3.0,0.00275250464204134
LPWB,,19.0,,,,,,4.0,0.005025376719355532
LPWB,,19.0,,,,,,5.0,0.009175065787613384
LPWB,,19.0,,,,,,6.0,0.016751347592072526
LPWB,,19.0,,,,,,7.0,0.030583720340105106
LPWB,,19.0,,,,,,8.0,0.05583813151154571
LPWB,,19.0,,,,,,9.0,0.10194629351917354
LPWB,,19.0,,,,,,10.0,0.18612812572620696
LPWB,,19.0,,,,,,11.0,0.3398228419146513
LPWB,,19.0,,,,,,12.0,0.6204304880650864
LPWB,,19.0,,,,,,13.0,1.132749018140927
LPWB,,19.0,,,,,,14.0,2.0681129679826813
LPWB,,19.0,,,,,,15.0,3.7758507664458136
LPWB,,20.0,,,,,,1.0,0.0004342717791352693
LPWB,,20.0,,,,,,2.0,0.0006228637572885814
LPWB,,20.0,,,,,,3.0,0.0008933559093251696
LPWB,,20.0,,,,,,4.0,0.0012813151694688243
LPWB,,20.0,,,,,,5.0,0.001837754187747051
LPWB,,20.0,,,,,,6.0,0.0026358389684732605
LPWB,,20.0,,,,,,7.0,0.0037805094468262163
LPWB,,20.0,,,,,,8.0,0.00542227801033713
LPWB,,20.0,,,,,,9.0,0.007777020328852288
LPWB,,20.0,,,,,,10.0,0.011154360783434129
LPWB,,20.0,,,,,,11.0,0.015998384885972716
LPWB,,20.0,,,,,,12.0,0.022946031953694893
LPWB,,20.0,,,,,,13.0,0.03291084607432075
LPWB,,20.0,,,,,,14.0,0.047203097751863016
LPWB,,20.0,,,,,,15.0,0.06770207099326062
LPWB,,21.0,,,,,,1.0,0.0004342717791352693
LPWB,,21.0,,,,,,2.0,0.0006228637572885814
LPWB,,21.0,,,,,,3.0,0.0008933559093251696
LPWB,,21.0,,,,,,4.0,0.0012813151694688243
LPWB,,21.0,,,,,,5.0,0.001837754187747051
LPWB,,21.0,,,,,,6.0,0.0026358389684732605
LPWB,,21.0,,,,,,7.0,0.0037805094468262163
LPWB,,21.0,,,,,,8.0,0.00542227801033713
LPWB,,21.0,,,,,,9.0,0.007777020328852288
LPWB,,21.0,,,,,,10.0,0.011154360783434129
LPWB,,21.0,,,,,,11.0,0.015998384885972716
LPWB,,21.0,,,,,,12.0,0.022946031953694893
LPWB,,21.0,,,,,,13.0,0.03291084607432075
LPWB,,21.0,,,,,,14.0,0.047203097751863016
LPWB,,21.0,,,,,,15.0,0.06770207099326062
LPWB,,22.0,,,,,,1.0,0.0004342717791352693
LPWB,,22.0,,,,,,2.0,0.0006228637572885814
LPWB,,22.0,,,,,,3.0,0.0008933559093251696
LPWB,,22.0,,,,,,4.0,0.0012813151694688243
LPWB,,22.0,,,,,,5.0,0.001837754187747051
LPWB,,22.0,,,,,,6.0,0.0026358389684732605
LPWB,,22.0,,,,,,7.0,0.0037805094468262163
LPWB,,22.0,,,,,,8.0,0.00542227801033713
LPWB,,22.0,,,,,,9.0,0.007777020328852288
LPWB,,22.0,,,,,,10.0,0.011154360783434129
LPWB,,22.0,,,,,,11.0,0.015998384885972716
LPWB,,22.0,,,,,,12.0,0.022946031953694893
LPWB,,22.0,,,,,,13.0,0.03291084607432075
LPWB,,22.0,,,,,,14.0,0.047203097751863016
LPWB,,22.0,,,,,,15.0,0.06770207099326062
LPWB,,23.0,,,,,,1.0,0.0004342717791352693
LPWB,,23.0,,,,,,2.0,0.0006228637572885814
LPWB,,23.0,,,,,,3.0,0.0008933559093251696
LPWB,,23.0,,,,,,4.0,0.0012813151694688243
LPWB,,23.0,,,,,,5.0,0.001837754187747051
LPWB,,23.0,,,,,,6.0,0.0026358389684732605
LPWB,,23.0,,,,,,7.0,0.0037805094468262163
LPWB,,23.0,,,,,,8.0,0.00542227801033713
LPWB,,23.0,,,,,,9.0,0.007777020328852288
LPWB,,23.0,,,,,,10.0,0.011154360783434129
LPWB,,23.0,,,,,,11.0,0.015998384885972716
LPWB,,23.0,,,,,,12.0,0.022946031953694893
LPWB,,23.0,,,,,,13.0,0.03291084607432075
LPWB,,23.0,,,,,,14.0,0.047203097751863016
LPWB,,23.0,,,,,,15.0,0.06770207099326062
LPWB,,24.0,,,,,,1.0,0.0004342717791352693
LPWB,,24.0,,,,,,2.0,0.0006228637572885814
LPWB,,24.0,,,,,,3.0,0.0008933559093251696
LPWB,,24.0,,,,,,4.0,0.0012813151694688243
LPWB,,24.0,,,,,,5.0,0.001837754187747051
LPWB,,24.0,,,,,,6.0,0.0026358389684732605
LPWB,,24.0,,,,,,7.0,0.0037805094468262163
LPWB,,24.0,,,,,,8.0,0.00542227801033713
LPWB,,24.0,,,,,,9.0,0.007777020328852288
LPWB,,24.0,,,,,,10.0,0.011154360783434129
LPWB,,24.0,,,,,,11.0,0.015998384885972716
LPWB,,24.0,,,,,,12.0,0.022946031953694893
LPWB,,24.0,,,,,,13.0,0.03291084607432075
LPWB,,24.0,,,,,,14.0,0.047203097751863016
LPWB,,24.0,,,,,,15.0,0.06770207099326062
LPWB,,25.0,,,,,,1.0,0.0004342717791352693
LPWB,,25.0,,,,,,2.0,0.0006228637572885814
LPWB,,25.0,,,,,,3.0,0.0008933559093251696
LPWB,,25.0,,,,,,4.0,0.0012813151694688243
LPWB,,25.0,,,,,,5.0,0.001837754187747051
LPWB,,25.0,,,,,,6.0,0.0026358389684732605
LPWB,,25.0,,,,,,7.0,0.0037805094468262163
LPWB,,25.0,,,,,,8.0,0.00542227801033713
LPWB,,25.0,,,,,,9.0,0.007777020328852288
LPWB,,25.0,,,,,,10.0,0.011154360783434129
LPWB,,25.0,,,,,,11.0,0.015998384885972716
LPWB,,25.0,,,,,,12.0,0.022946031953694893
LPWB,,25.0,,,,,,13.0,0.03291084607432075
LPWB,,25.0,,,,,,14.0,0.047203097751863016
LPWB,,25.0,,,,,,15.0,0.06770207099326062
LPWB,,26.0,,,,,,1.0,0.0004342717791352693
LPWB,,26.0,,,,,,2.0,0.0006228637572885814
LPWB,,26.0,,,,,,3.0,0.0008933559093251696
LPWB,,26.0,,,,,,4.0,0.0012813151694688243
LPWB,,26.0,,,,,,5.0,0.001837754187747051
LPWB,,26.0,,,,,,6.0,0.0026358389684732605
LPWB,,26.0,,,,,,7.0,0.0037805094468262163
LPWB,,26.0,,,,,,8.0,0.00542227801033713
LPWB,,26.0,,,,,,9.0,0.007777020328852288
LPWB,,26.0,,,,,,10.0,0.011154360783434129
LPWB,,26.0,,,,,,11.0,0.015998384885972716
LPWB,,26.0,,,,,,12.0,0.022946031953694893
LPWB,,26.0,,,,,,13.0,0.03291084607432075
LPWB,,26.0,,,,,,14.0,0.047203097751863016
LPWB,,26.0,,,,,,15.0,0.06770207099326062
LPWB,,27.0,,,,,,1.0,0.0004342717791352693
LPWB,,27.0,,,,,,2.0,0.0006228637572885814
LPWB,,27.0,,,,,,3.0,0.0008933559093251696
LPWB,,27.0,,,,,,4.0,0.0012813151694688243
LPWB,,27.0,,,,,,5.0,0.001837754187747051
LPWB,,27.0,,,,,,6.0,0.0026358389684732605
LPWB,,27.0,,,,,,7.0,0.0037805094468262163
LPWB,,27.0,,,,,,8.0,0.00542227801033713
LPWB,,27.0,,,,,,9.0,0.007777020328852288
LPWB,,27.0,,,,,,10.0,0.011154360783434129
LPWB,,27.0,,,,,,11.0,0.015998384885972716
LPWB,,27.0,,,,,,12.0,0.022946031953694893
LPWB,,27.0,,,,,,13.0,0.03291084607432075
LPWB,,27.0,,,,,,14.0,0.047203097751863016
LPWB,,27.0,,,,,,15.0,0.06770207099326062
LPWB,,28.0,,,,,,1.0,0.0004342717791352693
LPWB,,28.0,,,,,,2.0,0.0006228637572885814
LPWB,,28.0,,,,,,3.0,0.0008933559093251696
LPWB,,28.0,,,,,,4.0,0.0012813151694688243
LPWB,,28.0,,,,,,5.0,0.001837754187747051
LPWB,,28.0,,,,,,6.0,0.0026358389684732605
LPWB,,28.0,,,,,,7.0,0.0037805094468262163
LPWB,,28.0,,,,,,8.0,0.00542227801033713
LPWB,,28.0,,,,,,9.0,0.007777020328852288
LPWB,,28.0,,,,,,10.0,0.011154360783434129
LPWB,,28.0,,,,,,11.0,0.015998384885972716
LPWB,,28.0,,,,,,12.0,0.022946031953694893
LPWB,,28.0,,,,,,13.0,0.03291084607432075
LPWB,,28.0,,,,,,14.0,0.047203097751863016
LPWB,,28.0,,,,,,15.0,0.06770207099326062
LPWB,,29.0,,,,,,1.0,0.0004342717791352693
LPWB,,29.0,,,,,,2.0,0.0006228637572885814
LPWB,,29.0,,,,,,3.0,0.0008933559093251696
LPWB,,29.0,,,,,,4.0,0.0012813151694688243
LPWB,,29.0,,,,,,5.0,0.001837754187747051
LPWB,,29.0,,,,,,6.0,0.0026358389684732605
LPWB,,29.0,,,,,,7.0,0.0037805094468262163
LPWB,,29.0,,,,,,8.0,0.00542227801033713
LPWB,,29.0,,,,,,9.0,0.007777020328852288
LPWB,,29.0,,,,,,10.0,0.011154360783434129
LPWB,,29.0,,,,,,11.0,0.015998384885972716
LPWB,,29.0,,,,,,12.0,0.022946031953694893
LPWB,,29.0,,,,,,13.0,0.03291084607432075
LPWB,,29.0,,,,,,14.0,0.047203097751863016
LPWB,,29.0,,,,,,15.0,0.06770207099326062
LPWB,,30.0,,,,,,1.0,0.0004342717791352693
LPWB,,30.0,,,,,,2.0,0.0006228637572885814
LPWB,,30.0,,,,,,3.0,0.0008933559093251696
LPWB,,30.0,,,,,,4.0,0.0012813151694688243
LPWB,,30.0,,,,,,5.0,0.001837754187747051
LPWB,,30.0,,,,,,6.0,0.0026358389684732605
LPWB,,30.0,,,,,,7.0,0.0037805094468262163
LPWB,,30.0,,,,,,8.0,0.00542227801033713
LPWB,,30.0,,,,,,9.0,0.007777020328852288
LPWB,,30.0,,,,,,10.0,0.011154360783434129
LPWB,,30.0,,,,,,11.0,0.015998384885972716
LPWB,,30.0,,,,,,12.0,0.022946031953694893
LPWB,,30.0,,,,,,13.0,0.03291084607432075
LPWB,,30.0,,,,,,14.0,0.047203097751863016
LPWB,,30.0,,,,,,15.0,0.06770207099326062
LPWB,,31.0,,,,,,1.0,0.0004342717791352693
LPWB,,31.0,,,,,,2.0,0.0006228637572885814
LPWB,,31.0,,,,,,3.0,0.0008933559093251696
LPWB,,31.0,,,,,,4.0,0.0012813151694688243
LPWB,,31.0,,,,,,5.0,0.001837754187747051
LPWB,,31.0,,,,,,6.0,0.0026358389684732605
LPWB,,31.0,,,,,,7.0,0.0037805094468262163
LPWB,,31.0,,,,,,8.0,0.00542227801033713
LPWB,,31.0,,,,,,9.0,0.007777020328852288
LPWB,,31.0,,,,,,10.0,0.011154360783434129
LPWB,,31.0,,,,,,11.0,0.015998384885972716
LPWB,,31.0,,,,,,12.0,0.022946031953694893
LPWB,,31.0,,,,,,13.0,0.03291084607432075
LPWB,,31.0,,,,,,14.0,0.047203097751863016
LPWB,,31.0,,,,,,15.0,0.06770207099326062
LPWB,,32.0,,,,,,1.0,0.0004342717791352693
LPWB,,32.0,,,,,,2.0,0.0006228637572885814
LPWB,,32.0,,,,,,3.0,0.0008933559093251696
LPWB,,32.0,,,,,,4.0,0.0012813151694688243
LPWB,,32.0,,,,,,5.0,0.001837754187747051
LPWB,,32.0,,,,,,6.0,0.0026358389684732605
LPWB,,32.0,,,,,,7.0,0.0037805094468262163
LPWB,,32.0,,,,,,8.0,0.00542227801033713
LPWB,,32.0,,,,,,9.0,0.007777020328852288
LPWB,,32.0,,,,,,10.0,0.011154360783434129
LPWB,,32.0,,,,,,11.0,0.015998384885972716
LPWB,,32.0,,,,,,12.0,0.022946031953694893
LPWB,,32.0,,,,,,13.0,0.03291084607432075
LPWB,,32.0,,,,,,14.0,0.047203097751863016
LPWB,,32.0,,,,,,15.0,0.06770207099326062
LPWB,,33.0,,,,,,1.0,0.0004342717791352693
LPWB,,33.0,,,,,,2.0,0.0006228637572885814
LPWB,,33.0,,,,,,3.0,0.0008933559093251696
LPWB,,33.0,,,,,,4.0,0.0012813151694688243
LPWB,,33.0,,,,,,5.0,0.001837754187747051
LPWB,,33.0,,,,,,6.0,0.0026358389684732605
LPWB,,33.0,,,,,,7.0,0.0037805094468262163
LPWB,,33.0,,,,,,8.0,0.00542227801033713
LPWB,,33.0,,,,,,9.0,0.007777020328852288
LPWB,,33.0,,,,,,10.0,0.011154360783434129
LPWB,,33.0,,,,,,11.0,0.015998384885972716
LPWB,,33.0,,,,,,12.0,0.022946031953694893
LPWB,,33.0,,,,,,13.0,0.03291084607432075
LPWB,,33.0,,,,,,14.0,0.047203097751863016
LPWB,,33.0,,,,,,15.0,0.06770207099326062
LPWB,,34.0,,,,,,1.0,0.0004342717791352693
LPWB,,34.0,,,,,,2.0,0.0006228637572885814
LPWB,,34.0,,,,,,3.0,0.0008933559093251696
LPWB,,34.0,,,,,,4.0,0.0012813151694688243
LPWB,,34.0,,,,,,5.0,0.001837754187747051
LPWB,,34.0,,,,,,6.0,0.0026358389684732605
LPWB,,34.0,,,,,,7.0,0.0037805094468262163
LPWB,,34.0,,,,,,8.0,0.00542227801033713
LPWB,,34.0,,,,,,9.0,0.007777020328852288
LPWB,,34.0,,,,,,10.0,0.011154360783434129
LPWB,,34.0,,,,,,11.0,0.015998384885972716
LPWB,,34.0,,,,,,12.0,0.022946031953694893
LPWB,,34.0,,,,,,13.0,0.03291084607432075
LPWB,,34.0,,,,,,14.0,0.047203097751863016
LPWB,,34.0,,,,,,15.0,0.06770207099326062
LPWB,,35.0,,,,,,1.0,0.0004342717791352693
LPWB,,35.0,,,,,,2.0,0.0006228637572885814
LPWB,,35.0,,,,,,3.0,0.0008933559093251696
LPWB,,35.0,,,,,,4.0,0.0012813151694688243
LPWB,,35.0,,,,,,5.0,0.001837754187747051
LPWB,,35.0,,,,,,6.0,0.0026358389684732605
LPWB,,35.0,,,,,,7.0,0.0037805094468262163
LPWB,,35.0,,,,,,8.0,0.00542227801033713
LPWB,,35.0,,,,,,9.0,0.007777020328852288
LPWB,,35.0,,,,,,10.0,0.011154360783434129
LPWB,,35.0,,,,,,11.0,0.015998384885972716
LPWB,,35.0,,,,,,12.0,0.022946031953694893
LPWB,,35.0,,,,,,13.0,0.03291084607432075
LPWB,,35.0,,,,,,14.0,0.047203097751863016
LPWB,,35.0,,,,,,15.0,0.06770207099326062
LPWB,,36.0,,,,,,1.0,0.0004342717791352693
LPWB,,36.0,,,,,,2.0,0.0006228637572885814
LPWB,,36.0,,,,,,3.0,0.0008933559093251696
LPWB,,36.0,,,,,,4.0,0.0012813151694688243
LPWB,,36.0,,,,,,5.0,0.001837754187747051
LPWB,,36.0,,,,,,6.0,0.0026358389684732605
LPWB,,36.0,,,,,,7.0,0.0037805094468262163
LPWB,,36.0,,,,,,8.0,0.00542227801033713
LPWB,,36.0,,,,,,9.0,0.007777020328852288
LPWB,,36.0,,,,,,10.0,0.011154360783434129
LPWB,,36.0,,,,,,11.0,0.015998384885972716
LPWB,,36.0,,,,,,12.0,0.022946031953694893
LPWB,,36.0,,,,,,13.0,0.03291084607432075
LPWB,,36.0,,,,,,14.0,0.047203097751863016
LPWB,,36.0,,,,,,15.0,0.06770207099326062
LPWB,,37.0,,,,,,1.0,0.0004342717791352693
LPWB,,37.0,,,,,,2.0,0.0006228637572885814
LPWB,,37.0,,,,,,3.0,0.0008933559093251696
LPWB,,37.0,,,,,,4.0,0.0012813151694688243
LPWB,,37.0,,,,,,5.0,0.001837754187747051
LPWB,,37.0,,,,,,6.0,0.0026358389684732605
LPWB,,37.0,,,,,,7.0,0.0037805094468262163
LPWB,,37.0,,,,,,8.0,0.00542227801033713
LPWB,,37.0,,,,,,9.0,0.007777020328852288
LPWB,,37.0,,,,,,10.0,0.011154360783434129
LPWB,,37.0,,,,,,11.0,0.015998384885972716
LPWB,,37.0,,,,,,12.0,0.022946031953694893
LPWB,,37.0,,,,,,13.0,0.03291084607432075
LPWB,,37.0,,,,,,14.0,0.047203097751863016
LPWB,,37.0,,,,,,15.0,0.06770207099326062
LPWB,,38.0,,,,,,1.0,0.000825746864364434
LPWB,,38.0,,,,,,2.0,0.0015076047483721265
LPWB,,38.0,,,,,,3.0,0.00275250464204134
LPWB,,38.0,,,,,,4.0,0.005025376719355532
LPWB,,38.0,,,,,,5.0,0.009175065787613384
LPWB,,38.0,,,,,,6.0,0.016751347592072526
LPWB,,38.0,,,,,,7.0,0.030583720340105106
LPWB,,38.0,,,,,,8.0,0.05583813151154571
LPWB,,38.0,,,,,,9.0,0.10194629351917354
LPWB,,38.0,,,,,,10.0,0.18612812572620696
LPWB,,38.0,,,,,,11.0,0.3398228419146513
LPWB,,38.0,,,,,,12.0,0.6204304880650864
LPWB,,38.0,,,,,,13.0,1.132749018140927
LPWB,,38.0,,,,,,14.0,2.0681129679826813
LPWB,,38.0,,,,,,15.0,3.7758507664458136
LPWB,,39.0,,,,,,1.0,0.000825746864364434
LPWB,,39.0,,,,,,2.0,0.0015076047483721265
LPWB,,39.0,,,,,,3.0,0.00275250464204134
LPWB,,39.0,,,,,,4.0,0.005025376719355532
LPWB,,39.0,,,,,,5.0,0.009175065787613384
LPWB,,39.0,,,,,,6.0,0.016751347592072526
LPWB,,39.0,,,,,,7.0,0.030583720340105106
LPWB,,39.0,,,,,,8.0,0.05583813151154571
LPWB,,39.0,,,,,,9.0,0.10194629351917354
LPWB,,39.0,,,,,,10.0,0.18612812572620696
LPWB,,39.0,,,,,,11.0,0.3398228419146513
LPWB,,39.0,,,,,,12.0,0.6204304880650864
LPWB,,39.0,,,,,,13.0,1.132749018140927
LPWB,,39.0,,,,,,14.0,2.0681129679826813
LPWB,,39.0,,,,,,15.0,3.7758507664458136
LPWB,,40.0,,,,,,1.0,0.000825746864364434
LPWB,,40.0,,,,,,2.0,0.0015076047483721265
LPWB,,40.0,,,,,,3.0,0.00275250464204134
LPWB,,40.0,,,,,,4.0,0.005025376719355532
LPWB,,40.0,,,,,,5.0,0.009175065787613384
LPWB,,40.0,,,,,,6.0,0.016751347592072526
LPWB,,40.0,,,,,,7.0,0.030583720340105106
LPWB,,40.0,,,,,,8.0,0.05583813151154571
LPWB,,40.0,,,,,,9.0,0.10194629351917354
LPWB,,40.0,,,,,,10.0,0.18612812572620696
LPWB,,40.0,,,,,,11.0,0.3398228419146513
LPWB,,40.0,,,,,,12.0,0.6204304880650864
LPWB,,40.0,,,,,,13.0,1.132749018140927
LPWB,,40.0,,,,,,14.0,2.0681129679826813
LPWB,,40.0,,,,,,15.0,3.7758507664458136
LPWB,,41.0,,,,,,1.0,0.000825746864364434
LPWB,,41.0,,,,,,2.0,0.0015076047483721265
LPWB,,41.0,,,,,,3.0,0.00275250464204134
LPWB,,41.0,,,,,,4.0,0.005025376719355532
LPWB,,41.0,,,,,,5.0,0.009175065787613384
LPWB,,41.0,,,,,,6.0,0.016751347592072526
LPWB,,41.0,,,,,,7.0,0.030583720340105106
LPWB,,41.0,,,,,,8.0,0.05583813151154571
LPWB,,41.0,,,,,,9.0,0.10194629351917354
LPWB,,41.0,,,,,,10.0,0.18612812572620696
LPWB,,41.0,,,,,,11.0,0.3398228419146513
LPWB,,41.0,,,,,,12.0,0.6204304880650864
LPWB,,41.0,,,,,,13.0,1.132749018140927
LPWB,,41.0,,,,,,14.0,2.0681129679826813
LPWB,,41.0,,,,,,15.0,3.7758507664458136
LPWB,,42.0,,,,,,1.0,0.000825746864364434
LPWB,,42.0,,,,,,2.0,0.0015076047483721265
LPWB,,42.0,,,,,,3.0,0.00275250464204134
LPWB,,42.0,,,,,,4.0,0.005025376719355532
LPWB,,42.0,,,,,,5.0,0.009175065787613384
LPWB,,42.0,,,,,,6.0,0.016751347592072526
LPWB,,42.0,,,,,,7.0,0.030583720340105106
LPWB,,42.0,,,,,,8.0,0.05583813151154571
LPWB,,42.0,,,,,,9.0,0.10194629351917354
LPWB,,42.0,,,,,,10.0,0.18612812572620696
LPWB,,42.0,,,,,,11.0,0.3398228419146513
LPWB,,42.0,,,,,,12.0,0.6204304880650864
LPWB,,42.0,,,,,,13.0,1.132749018140927
LPWB,,42.0,,,,,,14.0,2.0681129679826813
LPWB,,42.0,,,,,,15.0,3.7758507664458136
LPWB,,43.0,,,,,,1.0,0.000825746864364434
LPWB,,43.0,,,,,,2.0,0.0015076047483721265
LPWB,,43.0,,,,,,3.0,0.00275250464204134
LPWB,,43.0,,,,,,4.0,0.005025376719355532
LPWB,,43.0,,,,,,5.0,0.009175065787613384
LPWB,,43.0,,,,,,6.0,0.016751347592072526
LPWB,,43.0,,,,,,7.0,0.030583720340105106
LPWB,,43.0,,,,,,8.0,0.05583813151154571
LPWB,,43.0,,,,,,9.0,0.10194629351917354
LPWB,,43.0,,,,,,10.0,0.18612812572620696
LPWB,,43.0,,,,,,11.0,0.3398228419146513
LPWB,,43.0,,,,,,12.0,0.6204304880650864
LPWB,,43.0,,,,,,13.0,1.132749018140927
LPWB,,43.0,,,,,,14.0,2.0681129679826813
LPWB,,43.0,,,,,,15.0,3.7758507664458136
LPWB,,44.0,,,,,,1.0,0.0004342717791352693
LPWB,,44.0,,,,,,2.0,0.0006228637572885814
LPWB,,44.0,,,,,,3.0,0.0008933559093251696
LPWB,,44.0,,,,,,4.0,0.0012813151694688243
LPWB,,44.0,,,,,,5.0,0.001837754187747051
LPWB,,44.0,,,,,,6.0,0.0026358389684732605
LPWB,,44.0,,,,,,7.0,0.0037805094468262163
LPWB,,44.0,,,,,,8.0,0.00542227801033713
LPWB,,44.0,,,,,,9.0,0.007777020328852288
LPWB,,44.0,,,,,,10.0,0.011154360783434129
LPWB,,44.0,,,,,,11.0,0.015998384885972716
LPWB,,44.0,,,,,,12.0,0.022946031953694893
LPWB,,44.0,,,,,,13.0,0.03291084607432075
LPWB,,44.0,,,,,,14.0,0.047203097751863016
LPWB,,44.0,,,,,,15.0,0.06770207099326062
LPWB,,45.0,,,,,,1.0,0.0004342717791352693
LPWB,,45.0,,,,,,2.0,0.0006228637572885814
LPWB,,45.0,,,,,,3.0,0.0008933559093251696
LPWB,,45.0,,,,,,4.0,0.0012813151694688243
LPWB,,45.0,,,,,,5.0,0.001837754187747051
LPWB,,45.0,,,,,,6.0,0.0026358389684732605
LPWB,,45.0,,,,,,7.0,0.0037805094468262163
LPWB,,45.0,,,,,,8.0,0.00542227801033713
LPWB,,45.0,,,,,,9.0,0.007777020328852288
LPWB,,45.0,,,,,,10.0,0.011154360783434129
LPWB,,45.0,,,,,,11.0,0.015998384885972716
LPWB,,45.0,,,,,,12.0,0.022946031953694893
LPWB,,45.0,,,,,,13.0,0.03291084607432075
LPWB,,45.0,,,,,,14.0,0.047203097751863016
LPWB,,45.0,,,,,,15.0,0.06770207099326062
LPWB,,46.0,,,,,,1.0,0.0004342717791352693
LPWB,,46.0,,,,,,2.0,0.0006228637572885814
LPWB,,46.0,,,,,,3.0,0.0008933559093251696
LPWB,,46.0,,,,,,4.0,0.0012813151694688243
LPWB,,46.0,,,,,,5.0,0.001837754187747051
LPWB,,46.0,,,,,,6.0,0.0026358389684732605
LPWB,,46.0,,,,,,7.0,0.0037805094468262163
LPWB,,46.0,,,,,,8.0,0.00542227801033713
LPWB,,46.0,,,,,,9.0,0.007777020328852288
LPWB,,46.0,,,,,,10.0,0.011154360783434129
LPWB,,46.0,,,,,,11.0,0.015998384885972716
LPWB,,46.0,,,,,,12.0,0.022946031953694893
LPWB,,46.0,,,,,,13.0,0.03291084607432075
LPWB,,46.0,,,,,,14.0,0.047203097751863016
LPWB,,46.0,,,,,,15.0,0.06770207099326062
LPWB,,47.0,,,,,,1.0,0.0004342717791352693
LPWB,,47.0,,,,,,2.0,0.0006228637572885814
LPWB,,47.0,,,,,,3.0,0.0008933559093251696
LPWB,,47.0,,,,,,4.0,0.0012813151694688243
LPWB,,47.0,,,,,,5.0,0.001837754187747051
LPWB,,47.0,,,,,,6.0,0.0026358389684732605
LPWB,,47.0,,,,,,7.0,0.0037805094468262163
LPWB,,47.0,,,,,,8.0,0.00542227801033713
LPWB,,47.0,,,,,,9.0,0.007777020328852288
LPWB,,47.0,,,,,,10.0,0.011154360783434129
LPWB,,47.0,,,,,,11.0,0.015998384885972716
LPWB,,47.0,,,,,,12.0,0.022946031953694893
LPWB,,47.0,,,,,,13.0,0.03291084607432075
LPWB,,47.0,,,,,,14.0,0.047203097751863016
LPWB,,47.0,,,,,,15.0,0.06770207099326062
LPWB,,48.0,,,,,,1.0,0.0004342717791352693
LPWB,,48.0,,,,,,2.0,0.0006228637572885814
LPWB,,48.0,,,,,,3.0,0.0008933559093251696
LPWB,,48.0,,,,,,4.0,0.0012813151694688243
LPWB,,48.0,,,,,,5.0,0.001837754187747051
LPWB,,48.0,,,,,,6.0,0.0026358389684732605
LPWB,,48.0,,,,,,7.0,0.0037805094468262163
LPWB,,48.0,,,,,,8.0,0.00542227801033713
LPWB,,48.0,,,,,,9.0,0.007777020328852288
LPWB,,48.0,,,,,,10.0,0.011154360783434129
LPWB,,48.0,,,,,,11.0,0.015998384885972716
LPWB,,48.0,,,,,,12.0,0.022946031953694893
LPWB,,48.0,,,,,,13.0,0.03291084607432075
LPWB,,48.0,,,,,,14.0,0.047203097751863016
LPWB,,48.0,,,,,,15.0,0.06770207099326062
LPWB,,49.0,,,,,,1.0,0.0004342717791352693
LPWB,,49.0,,,,,,2.0,0.0006228637572885814
LPWB,,49.0,,,,,,3.0,0.0008933559093251696
LPWB,,49.0,,,,,,4.0,0.0012813151694688243
LPWB,,49.0,,,,,,5.0,0.001837754187747051
LPWB,,49.0,,,,,,6.0,0.0026358389684732605
LPWB,,49.0,,,,,,7.0,0.0037805094468262163
LPWB,,49.0,,,,,,8.0,0.00542227801033713
LPWB,,49.0,,,,,,9.0,0.007777020328852288
LPWB,,49.0,,,,,,10.0,0.011154360783434129
LPWB,,49.0,,,,,,11.0,0.015998384885972716
LPWB,,49.0,,,,,,12.0,0.022946031953694893
LPWB,,49.0,,,,,,13.0,0.03291084607432075
LPWB,,49.0,,,,,,14.0,0.047203097751863016
LPWB,,49.0,,,,,,15.0,0.06770207099326062
LPWB,,50.0,,,,,,1.0,0.0004342717791352693
LPWB,,50.0,,,,,,2.0,0.0006228637572885814
LPWB,,50.0,,,,,,3.0,0.0008933559093251696
LPWB,,50.0,,,,,,4.0,0.0012813151694688243
LPWB,,50.0,,,,,,5.0,0.001837754187747051
LPWB,,50.0,,,,,,6.0,0.0026358389684732605
LPWB,,50.0,,,,,,7.0,0.0037805094468262163
LPWB,,50.0,,,,,,8.0,0.00542227801033713
LPWB,,50.0,,,,,,9.0,0.007777020328852288
LPWB,,50.0,,,,,,10.0,0.011154360783434129
LPWB,,50.0,,,,,,11.0,0.015998384885972716
LPWB,,50.0,,,,,,12.0,0.022946031953694893
LPWB,,50.0,,,,,,13.0,0.03291084607432075
LPWB,,50.0,,,,,,14.0,0.047203097751863016
LPWB,,50.0,,,,,,15.0,0.06770207099326062
LPWB,,51.0,,,,,,1.0,0.0004342717791352693
LPWB,,51.0,,,,,,2.0,0.0006228637572885814
LPWB,,51.0,,,,,,3.0,0.0008933559093251696
LPWB,,51.0,,,,,,4.0,0.0012813151694688243
LPWB,,51.0,,,,,,5.0,0.001837754187747051
LPWB,,51.0,,,,,,6.0,0.0026358389684732605
LPWB,,51.0,,,,,,7.0,0.0037805094468262163
LPWB,,51.0,,,,,,8.0,0.00542227801033713
LPWB,,51.0,,,,,,9.0,0.007777020328852288
LPWB,,51.0,,,,,,10.0,0.011154360783434129
LPWB,,51.0,,,,,,11.0,0.015998384885972716
LPWB,,51.0,,,,,,12.0,0.022946031953694893
LPWB,,51.0,,,,,,13.0,0.03291084607432075
LPWB,,51.0,,,,,,14.0,0.047203097751863016
LPWB,,51.0,,,,,,15.0,0.06770207099326062
LPWB,,52.0,,,,,,1.0,0.0004342717791352693
LPWB,,52.0,,,,,,2.0,0.0006228637572885814
LPWB,,52.0,,,,,,3.0,0.0008933559093251696
LPWB,,52.0,,,,,,4.0,0.0012813151694688243
LPWB,,52.0,,,,,,5.0,0.001837754187747051
LPWB,,52.0,,,,,,6.0,0.0026358389684732605
LPWB,,52.0,,,,,,7.0,0.0037805094468262163
LPWB,,52.0,,,,,,8.0,0.00542227801033713
LPWB,,52.0,,,,,,9.0,0.007777020328852288
LPWB,,52.0,,,,,,10.0,0.011154360783434129
LPWB,,52.0,,,,,,11.0,0.015998384885972716
LPWB,,52.0,,,,,,12.0,0.022946031953694893
LPWB,,52.0,,,,,,13.0,0.03291084607432075
LPWB,,52.0,,,,,,14.0,0.047203097751863016
LPWB,,52.0,,,,,,15.0,0.06770207099326062
LPWB,,53.0,,,,,,1.0,0.0004342717791352693
LPWB,,53.0,,,,,,2.0,0.0006228637572885814
LPWB,,53.0,,,,,,3.0,0.0008933559093251696
LPWB,,53.0,,,,,,4.0,0.0012813151694688243
LPWB,,53.0,,,,,,5.0,0.001837754187747051
LPWB,,53.0,,,,,,6.0,0.0026358389684732605
LPWB,,53.0,,,,,,7.0,0.0037805094468262163
LPWB,,53.0,,,,,,8.0,0.00542227801033713
LPWB,,53.0,,,,,,9.0,0.007777020328852288
LPWB,,53.0,,,,,,10.0,0.011154360783434129
LPWB,,53.0,,,,,,11.0,0.015998384885972716
LPWB,,53.0,,,,,,12.0,0.022946031953694893
LPWB,,53.0,,,,,,13.0,0.03291084607432075
LPWB,,53.0,,,,,,14.0,0.047203097751863016
LPWB,,53.0,,,,,,15.0,0.06770207099326062
LPWB,,54.0,,,,,,1.0,0.0004342717791352693
LPWB,,54.0,,,,,,2.0,0.0006228637572885814
LPWB,,54.0,,,,,,3.0,0.0008933559093251696
LPWB,,54.0,,,,,,4.0,0.0012813151694688243
LPWB,,54.0,,,,,,5.0,0.001837754187747051
LPWB,,54.0,,,,,,6.0,0.0026358389684732605
LPWB,,54.0,,,,,,7.0,0.0037805094468262163
LPWB,,54.0,,,,,,8.0,0.00542227801033713
LPWB,,54.0,,,,,,9.0,0.007777020328852288
LPWB,,54.0,,,,,,10.0,0.011154360783434129
LPWB,,54.0,,,,,,11.0,0.015998384885972716
LPWB,,54.0,,,,,,12.0,0.022946031953694893
LPWB,,54.0,,,,,,13.0,0.03291084607432075
LPWB,,54.0,,,,,,14.0,0.047203097751863016
LPWB,,54.0,,,,,,15.0,0.06770207099326062
LPWB,,55.0,,,,,,1.0,0.0004342717791352693
LPWB,,55.0,,,,,,2.0,0.0006228637572885814
LPWB,,55.0,,,,,,3.0,0.0008933559093251696
LPWB,,55.0,,,,,,4.0,0.0012813151694688243
LPWB,,55.0,,,,,,5.0,0.001837754187747051
LPWB,,55.0,,,,,,6.0,0.0026358389684732605
LPWB,,55.0,,,,,,7.0,0.0037805094468262163
LPWB,,55.0,,,,,,8.0,0.00542227801033713
LPWB,,55.0,,,,,,9.0,0.007777020328852288
LPWB,,55.0,,,,,,10.0,0.011154360783434129
LPWB,,55.0,,,,,,11.0,0.015998384885972716
LPWB,,55.0,,,,,,12.0,0.022946031953694893
LPWB,,55.0,,,,,,13.0,0.03291084607432075
LPWB,,55.0,,,,,,14.0,0.047203097751863016
LPWB,,55.0,,,,,,15.0,0.06770207099326062
LPWB,,56.0,,,,,,1.0,0.0004342717791352693
LPWB,,56.0,,,,,,2.0,0.0006228637572885814
LPWB,,56.0,,,,,,3.0,0.0008933559093251696
LPWB,,56.0,,,,,,4.0,0.0012813151694688243
LPWB,,56.0,,,,,,5.0,0.001837754187747051
LPWB,,56.0,,,,,,6.0,0.0026358389684732605
LPWB,,56.0,,,,,,7.0,0.0037805094468262163
LPWB,,56.0,,,,,,8.0,0.00542227801033713
LPWB,,56.0,,,,,,9.0,0.007777020328852288
LPWB,,56.0,,,,,,10.0,0.011154360783434129
LPWB,,56.0,,,,,,11.0,0.015998384885972716
LPWB,,56.0,,,,,,12.0,0.022946031953694893
LPWB,,56.0,,,,,,13.0,0.03291084607432075
LPWB,,56.0,,,,,,14.0,0.047203097751863016
LPWB,,56.0,,,,,,15.0,0.06770207099326062
LPWB,,57.0,,,,,,1.0,0.0004342717791352693
LPWB,,57.0,,,,,,2.0,0.0006228637572885814
LPWB,,57.0,,,,,,3.0,0.0008933559093251696
LPWB,,57.0,,,,,,4.0,0.0012813151694688243
LPWB,,57.0,,,,,,5.0,0.001837754187747051
LPWB,,57.0,,,,,,6.0,0.0026358389684732605
LPWB,,57.0,,,,,,7.0,0.0037805094468262163
LPWB,,57.0,,,,,,8.0,0.00542227801033713
LPWB,,57.0,,,,,,9.0,0.007777020328852288
LPWB,,57.0,,,,,,10.0,0.011154360783434129
LPWB,,57.0,,,,,,11.0,0.015998384885972716
LPWB,,57.0,,,,,,12.0,0.022946031953694893
LPWB,,57.0,,,,,,13.0,0.03291084607432075
LPWB,,57.0,,,,,,14.0,0.047203097751863016
LPWB,,57.0,,,,,,15.0,0.06770207099326062
LPWB,,58.0,,,,,,1.0,0.000825746864364434
LPWB,,58.0,,,,,,2.0,0.0015076047483721265
LPWB,,58.0,,,,,,3.0,0.00275250464204134
LPWB,,58.0,,,,,,4.0,0.005025376719355532
LPWB,,58.0,,,,,,5.0,0.009175065787613384
LPWB,,58.0,,,,,,6.0,0.016751347592072526
LPWB,,58.0,,,,,,7.0,0.030583720340105106
LPWB,,58.0,,,,,,8.0,0.05583813151154571
LPWB,,58.0,,,,,,9.0,0.10194629351917354
LPWB,,58.0,,,,,,10.0,0.18612812572620696
LPWB,,58.0,,,,,,11.0,0.3398228419146513
LPWB,,58.0,,,,,,12.0,0.6204304880650864
LPWB,,58.0,,,,,,13.0,1.132749018140927
LPWB,,58.0,,,,,,14.0,2.0681129679826813
LPWB,,58.0,,,,,,15.0,3.7758507664458136
LPWB,,59.0,,,,,,1.0,0.000825746864364434
LPWB,,59.0,,,,,,2.0,0.0015076047483721265
LPWB,,59.0,,,,,,3.0,0.00275250464204134
LPWB,,59.0,,,,,,4.0,0.005025376719355532
LPWB,,59.0,,,,,,5.0,0.009175065787613384
LPWB,,59.0,,,,,,6.0,0.016751347592072526
LPWB,,59.0,,,,,,7.0,0.030583720340105106
LPWB,,59.0,,,,,,8.0,0.05583813151154571
LPWB,,59.0,,,,,,9.0,0.10194629351917354
LPWB,,59.0,,,,,,10.0,0.18612812572620696
LPWB,,59.0,,,,,,11.0,0.3398228419146513
LPWB,,59.0,,,,,,12.0,0.6204304880650864
LPWB,,59.0,,,,,,13.0,1.132749018140927
LPWB,,59.0,,,,,,14.0,2.0681129679826813
LPWB,,59.0,,,,,,15.0,3.7758507664458136
SPWB,,0.0,,,,,,1.0,0.000825746864364434
SPWB,,0.0,,,,,,2.0,0.003159098477100994
SPWB,,0.0,,,,,,3.0,0.00741920786751446
SPWB,,0.0,,,,,,4.0,0.015197089228911331
SPWB,,0.0,,,,,,5.0,0.029397531735880247
SPWB,,0.0,,,,,,6.0,0.05532394511556615
SPWB,,0.0,,,,,,7.0,0.10265901304774379
SPWB,,0.0,,,,,,8.0,0.1890808648993946
SPWB,,0.0,,,,,,9.0,0.34686528993011384
SPWB,,0.0,,,,,,10.0,0.6349397091754944
SPWB,,0.0,,,,,,11.0,1.1608906768163525
SPWB,,0.0,,,,,,12.0,2.1211440067960905
SPWB,,0.0,,,,,,13.0,3.874323513002104
SPWB,,0.0,,,,,,14.0,7.075185499125713
SPWB,,0.0,,,,,,15.0,12.919149233554208
SPWB,,1.0,,,,,,1.0,0.000825746864364434
SPWB,,1.0,,,,,,2.0,0.003159098477100994
SPWB,,1.0,,,,,,3.0,0.00741920786751446
SPWB,,1.0,,,,,,4.0,0.015197089228911331
SPWB,,1.0,,,,,,5.0,0.029397531735880247
SPWB,,1.0,,,,,,6.0,0.05532394511556615
SPWB,,1.0,,,,,,7.0,0.10265901304774379
SPWB,,1.0,,,,,,8.0,0.1890808648993946
SPWB,,1.0,,,,,,9.0,0.34686528993011384
SPWB,,1.0,,,,,,10.0,0.6349397091754944
SPWB,,1.0,,,,,,11.0,1.1608906768163525
SPWB,,1.0,,,,,,12.0,2.1211440067960905
SPWB,,1.0,,,,,,13.0,3.874323513002104
SPWB,,1.0,,,,,,14.0,7.075185499125713
SPWB,,1.0,,,,,,15.0,12.919149233554208
SPWB,,2.0,,,,,,1.0,0.000825746864364434
SPWB,,2.0,,,,,,2.0,0.003159098477100994
SPWB,,2.0,,,,,,3.0,0.00741920786751446
SPWB,,2.0,,,,,,4.0,0.015197089228911331
SPWB,,2.0,,,,,,5.0,0.029397531735880247
SPWB,,2.0,,,,,,6.0,0.05532394511556615
SPWB,,2.0,,,,,,7.0,0.10265901304774379
SPWB,,2.0,,,,,,8.0,0.1890808648993946
SPWB,,2.0,,,,,,9.0,0.34686528993011384
SPWB,,2.0,,,,,,10.0,0.6349397091754944
SPWB,,2.0,,,,,,11.0,1.1608906768163525
SPWB,,2.0,,,,,,12.0,2.1211440067960905
SPWB,,2.0,,,,,,13.0,3.874323513002104
SPWB,,2.0,,,,,,14.0,7.075185499125713
SPWB,,2.0,,,,,,15.0,12.919149233554208
SPWB,,3.0,,,,,,1.0,0.000825746864364434
SPWB,,3.0,,,,,,2.0,0.003159098477100994
SPWB,,3.0,,,,,,3.0,0.00741920786751446
SPWB,,3.0,,,,,,4.0,0.015197089228911331
SPWB,,3.0,,,,,,5.0,0.029397531735880247
SPWB,,3.0,,,,,,6.0,0.05532394511556615
SPWB,,3.0,,,,,,7.0,0.10265901304774379
SPWB,,3.0,,,,,,8.0,0.1890808648993946
SPWB,,3.0,,,,,,9.0,0.34686528993011384
SPWB,,3.0,,,,,,10.0,0.6349397091754944
SPWB,,3.0,,,,,,11.0,1.1608906768163525
SPWB,,3.0,,,,,,12.0,2.1211440067960905
SPWB,,3.0,,,,,,13.0,3.874323513002104
SPWB,,3.0,,,,,,14.0,7.075185499125713
SPWB,,3.0,,,,,,15.0,12.919149233554208
SPWB,,4.0,,,,,,1.0,0.000825746864364434
SPWB,,4.0,,,,,,2.0,0.003159098477100994
SPWB,,4.0,,,,,,3.0,0.00741920786751446
SPWB,,4.0,,,,,,4.0,0.015197089228911331
SPWB,,4.0,,,,,,5.0,0.029397531735880247
SPWB,,4.0,,,,,,6.0,0.05532394511556615
SPWB,,4.0,,,,,,7.0,0.10265901304774379
SPWB,,4.0,,,,,,8.0,0.1890808648993946
SPWB,,4.0,,,,,,9.0,0.34686528993011384
SPWB,,4.0,,,,,,10.0,0.6349397091754944
SPWB,,4.0,,,,,,11.0,1.1608906768163525
SPWB,,4.0,,,,,,12.0,2.1211440067960905
SPWB,,4.0,,,,,,13.0,3.874323513002104
SPWB,,4.0,,,,,,14.0,7.075185499125713
SPWB,,4.0,,,,,,15.0,12.919149233554208
SPWB,,5.0,,,,,,1.0,0.000825746864364434
SPWB,,5.0,,,,,,2.0,0.003159098477100994
SPWB,,5.0,,,,,,3.0,0.00741920786751446
SPWB,,5.0,,,,,,4.0,0.015197089228911331
SPWB,,5.0,,,,,,5.0,0.029397531735880247
SPWB,,5.0,,,,,,6.0,0.05532394511556615
SPWB,,5.0,,,,,,7.0,0.10265901304774379
SPWB,,5.0,,,,,,8.0,0.1890808648993946
SPWB,,5.0,,,,,,9.0,0.34686528993011384
SPWB,,5.0,,,,,,10.0,0.6349397091754944
SPWB,,5.0,,,,,,11.0,1.1608906768163525
SPWB,,5.0,,,,,,12.0,2.1211440067960905
SPWB,,5.0,,,,,,13.0,3.874323513002104
SPWB,,5.0,,,,,,14.0,7.075185499125713
SPWB,,5.0,,,,,,15.0,12.919149233554208
SPWB,,6.0,,,,,,1.0,0.000825746864364434
SPWB,,6.0,,,,,,2.0,0.003159098477100994
SPWB,,6.0,,,,,,3.0,0.00741920786751446
SPWB,,6.0,,,,,,4.0,0.015197089228911331
SPWB,,6.0,,,,,,5.0,0.029397531735880247
SPWB,,6.0,,,,,,6.0,0.05532394511556615
SPWB,,6.0,,,,,,7.0,0.10265901304774379
SPWB,,6.0,,,,,,8.0,0.1890808648993946
SPWB,,6.0,,,,,,9.0,0.34686528993011384
SPWB,,6.0,,,,,,10.0,0.6349397091754944
SPWB,,6.0,,,,,,11.0,1.1608906768163525
SPWB,,6.0,,,,,,12.0,2.1211440067960905
SPWB,,6.0,,,,,,13.0,3.874323513002104
SPWB,,6.0,,,,,,14.0,7.075185499125713
SPWB,,6.0,,,,,,15.0,12.919149233554208
SPWB,,7.0,,,,,,1.0,0.000825746864364434
SPWB,,7.0,,,,,,2.0,0.003159098477100994
SPWB,,7.0,,,,,,3.0,0.00741920786751446
SPWB,,7.0,,,,,,4.0,0.015197089228911331
SPWB,,7.0,,,,,,5.0,0.029397531735880247
SPWB,,7.0,,,,,,6.0,0.05532394511556615
SPWB,,7.0,,,,,,7.0,0.10265901304774379
SPWB,,7.0,,,,,,8.0,0.1890808648993946
SPWB,,7.0,,,,,,9.0,0.34686528993011384
SPWB,,7.0,,,,,,10.0,0.6349397091754944
SPWB,,7.0,,,,,,11.0,1.1608906768163525
SPWB,,7.0,,,,,,12.0,2.1211440067960905
SPWB,,7.0,,,,,,13.0,3.874323513002104
SPWB,,7.0,,,,,,14.0,7.075185499125713
SPWB,,7.0,,,,,,15.0,12.919149233554208
SPWB,,8.0,,,,,,1.0,0.000825746864364434
SPWB,,8.0,,,,,,2.0,0.003159098477100994
SPWB,,8.0,,,,,,3.0,0.00741920786751446
SPWB,,8.0,,,,,,4.0,0.015197089228911331
SPWB,,8.0,,,,,,5.0,0.029397531735880247
SPWB,,8.0,,,,,,6.0,0.05532394511556615
SPWB,,8.0,,,,,,7.0,0.10265901304774379
SPWB,,8.0,,,,,,8.0,0.1890808648993946
SPWB,,8.0,,,,,,9.0,0.34686528993011384
SPWB,,8.0,,,,,,10.0,0.6349397091754944
SPWB,,8.0,,,,,,11.0,1.1608906768163525
SPWB,,8.0,,,,,,12.0,2.1211440067960905
SPWB,,8.0,,,,,,13.0,3.874323513002104
SPWB,,8.0,,,,,,14.0,7.075185499125713
SPWB,,8.0,,,,,,15.0,12.919149233554208
SPWB,,9.0,,,,,,1.0,0.000825746864364434
SPWB,,9.0,,,,,,2.0,0.003159098477100994
SPWB,,9.0,,,,,,3.0,0.00741920786751446
SPWB,,9.0,,,,,,4.0,0.015197089228911331
SPWB,,9.0,,,,,,5.0,0.029397531735880247
SPWB,,9.0,,,,,,6.0,0.05532394511556615
SPWB,,9.0,,,,,,7.0,0.10265901304774379
SPWB,,9.0,,,,,,8.0,0.1890808648993946
SPWB,,9.0,,,,,,9.0,0.34686528993011384
SPWB,,9.0,,,,,,10.0,0.6349397091754944
SPWB,,9.0,,,,,,11.0,1.1608906768163525
SPWB,,9.0,,,,,,12.0,2.1211440067960905
SPWB,,9.0,,,,,,13.0,3.874323513002104
SPWB,,9.0,,,,,,14.0,7.075185499125713
SPWB,,9.0,,,,,,15.0,12.919149233554208
SPWB,,10.0,,,,,,1.0,0.000825746864364434
SPWB,,10.0,,,,,,2.0,0.003159098477100994
SPWB,,10.0,,,,,,3.0,0.00741920786751446
SPWB,,10.0,,,,,,4.0,0.015197089228911331
SPWB,,10.0,,,,,,5.0,0.029397531735880247
SPWB,,10.0,,,,,,6.0,0.05532394511556615
SPWB,,10.0,,,,,,7.0,0.10265901304774379
SPWB,,10.0,,,,,,8.0,0.1890808648993946
SPWB,,10.0,,,,,,9.0,0.34686528993011384
SPWB,,10.0,,,,,,10.0,0.6349397091754944
SPWB,,10.0,,,,,,11.0,1.1608906768163525
SPWB,,10.0,,,,,,12.0,2.1211440067960905
SPWB,,10.0,,,,,,13.0,3.874323513002104
SPWB,,10.0,,,,,,14.0,7.075185499125713
SPWB,,10.0,,,,,,15.0,12.919149233554208
SPWB,,11.0,,,,,,1.0,0.000825746864364434
SPWB,,11.0,,,,,,2.0,0.003159098477100994
SPWB,,11.0,,,,,,3.0,0.00741920786751446
SPWB,,11.0,,,,,,4.0,0.015197089228911331
SPWB,,11.0,,,,,,5.0,0.029397531735880247
SPWB,,11.0,,,,,,6.0,0.05532394511556615
SPWB,,11.0,,,,,,7.0,0.10265901304774379
SPWB,,11.0,,,,,,8.0,0.1890808648993946
SPWB,,11.0,,,,,,9.0,0.34686528993011384
SPWB,,11.0,,,,,,10.0,0.6349397091754944
SPWB,,11.0,,,,,,11.0,1.1608906768163525
SPWB,,11.0,,,,,,12.0,2.1211440067960905
SPWB,,11.0,,,,,,13.0,3.874323513002104
SPWB,,11.0,,,,,,14.0,7.075185499125713
SPWB,,11.0,,,,,,15.0,12.919149233554208
SPWB,,12.0,,,,,,1.0,0.000825746864364434
SPWB,,12.0,,,,,,2.0,0.003159098477100994
SPWB,,12.0,,,,,,3.0,0.00741920786751446
SPWB,,12.0,,,,,,4.0,0.015197089228911331
SPWB,,12.0,,,,,,5.0,0.029397531735880247
SPWB,,12.0,,,,,,6.0,0.05532394511556615
SPWB,,12.0,,,,,,7.0,0.10265901304774379
SPWB,,12.0,,,,,,8.0,0.1890808648993946
SPWB,,12.0,,,,,,9.0,0.34686528993011384
SPWB,,12.0,,,,,,10.0,0.6349397091754944
SPWB,,12.0,,,,,,11.0,1.1608906768163525
SPWB,,12.0,,,,,,12.0,2.1211440067960905
SPWB,,12.0,,,,,,13.0,3.874323513002104
SPWB,,12.0,,,,,,14.0,7.075185499125713
SPWB,,12.0,,,,,,15.0,12.919149233554208
SPWB,,13.0,,,,,,1.0,0.000825746864364434
SPWB,,13.0,,,,,,2.0,0.003159098477100994
SPWB,,13.0,,,,,,3.0,0.00741920786751446
SPWB,,13.0,,,,,,4.0,0.015197089228911331
SPWB,,13.0,,,,,,5.0,0.029397531735880247
SPWB,,13.0,,,,,,6.0,0.05532394511556615
SPWB,,13.0,,,,,,7.0,0.10265901304774379
SPWB,,13.0,,,,,,8.0,0.1890808648993946
SPWB,,13.0,,,,,,9.0,0.34686528993011384
SPWB,,13.0,,,,,,10.0,0.6349397091754944
SPWB,,13.0,,,,,,11.0,1.1608906768163525
SPWB,,13.0,,,,,,12.0,2.1211440067960905
SPWB,,13.0,,,,,,13.0,3.874323513002104
SPWB,,13.0,,,,,,14.0,7.075185499125713
SPWB,,13.0,,,,,,15.0,12.919149233554208
SPWB,,14.0,,,,,,1.0,0.000825746864364434
SPWB,,14.0,,,,,,2.0,0.003159098477100994
SPWB,,14.0,,,,,,3.0,0.00741920786751446
SPWB,,14.0,,,,,,4.0,0.015197089228911331
SPWB,,14.0,,,,,,5.0,0.029397531735880247
SPWB,,14.0,,,,,,6.0,0.05532394511556615
SPWB,,14.0,,,,,,7.0,0.10265901304774379
SPWB,,14.0,,,,,,8.0,0.1890808648993946
SPWB,,14.0,,,,,,9.0,0.34686528993011384
SPWB,,14.0,,,,,,10.0,0.6349397091754944
SPWB,,14.0,,,,,,11.0,1.1608906768163525
SPWB,,14.0,,,,,,12.0,2.1211440067960905
SPWB,,14.0,,,,,,13.0,3.874323513002104
SPWB,,14.0,,,,,,14.0,7.075185499125713
SPWB,,14.0,,,,,,15.0,12.919149233554208
SPWB,,15.0,,,,,,1.0,0.000825746864364434
SPWB,,15.0,,,,,,2.0,0.003159098477100994
SPWB,,15.0,,,,,,3.0,0.00741920786751446
SPWB,,15.0,,,,,,4.0,0.015197089228911331
SPWB,,15.0,,,,,,5.0,0.029397531735880247
SPWB,,15.0,,,,,,6.0,0.05532394511556615
SPWB,,15.0,,,,,,7.0,0.10265901304774379
SPWB,,15.0,,,,,,8.0,0.1890808648993946
SPWB,,15.0,,,,,,9.0,0.34686528993011384
SPWB,,15.0,,,,,,10.0,0.6349397091754944
SPWB,,15.0,,,,,,11.0,1.1608906768163525
SPWB,,15.0,,,,,,12.0,2.1211440067960905
SPWB,,15.0,,,,,,13.0,3.874323513002104
SPWB,,15.0,,,,,,14.0,7.075185499125713
SPWB,,15.0,,,,,,15.0,12.919149233554208
SPWB,,16.0,,,,,,1.0,0.000825746864364434
SPWB,,16.0,,,,,,2.0,0.003159098477100994
SPWB,,16.0,,,,,,3.0,0.00741920786751446
SPWB,,16.0,,,,,,4.0,0.015197089228911331
SPWB,,16.0,,,,,,5.0,0.029397531735880247
SPWB,,16.0,,,,,,6.0,0.05532394511556615
SPWB,,16.0,,,,,,7.0,0.10265901304774379
SPWB,,16.0,,,,,,8.0,0.1890808648993946
SPWB,,16.0,,,,,,9.0,0.34686528993011384
SPWB,,16.0,,,,,,10.0,0.6349397091754944
SPWB,,16.0,,,,,,11.0,1.1608906768163525
SPWB,,16.0,,,,,,12.0,2.1211440067960905
SPWB,,16.0,,,,,,13.0,3.874323513002104
SPWB,,16.0,,,,,,14.0,7.075185499125713
SPWB,,16.0,,,,,,15.0,12.919149233554208
SPWB,,17.0,,,,,,1.0,0.000825746864364434
SPWB,,17.0,,,,,,2.0,0.003159098477100994
SPWB,,17.0,,,,,,3.0,0.00741920786751446
SPWB,,17.0,,,,,,4.0,0.015197089228911331
SPWB,,17.0,,,,,,5.0,0.029397531735880247
SPWB,,17.0,,,,,,6.0,0.05532394511556615
SPWB,,17.0,,,,,,7.0,0.10265901304774379
SPWB,,17.0,,,,,,8.0,0.1890808648993946
SPWB,,17.0,,,,,,9.0,0.34686528993011384
SPWB,,17.0,,,,,,10.0,0.6349397091754944
SPWB,,17.0,,,,,,11.0,1.1608906768163525
SPWB,,17.0,,,,,,12.0,2.1211440067960905
SPWB,,17.0,,,,,,13.0,3.874323513002104
SPWB,,17.0,,,,,,14.0,7.075185499125713
SPWB,,17.0,,,,,,15.0,12.919149233554208
SPWB,,18.0,,,,,,1.0,0.000825746864364434
SPWB,,18.0,,,,,,2.0,0.003159098477100994
SPWB,,18.0,,,,,,3.0,0.00741920786751446
SPWB,,18.0,,,,,,4.0,0.015197089228911331
SPWB,,18.0,,,,,,5.0,0.029397531735880247
SPWB,,18.0,,,,,,6.0,0.05532394511556615
SPWB,,18.0,,,,,,7.0,0.10265901304774379
SPWB,,18.0,,,,,,8.0,0.1890808648993946
SPWB,,18.0,,,,,,9.0,0.34686528993011384
SPWB,,18.0,,,,,,10.0,0.6349397091754944
SPWB,,18.0,,,,,,11.0,1.1608906768163525
SPWB,,18.0,,,,,,12.0,2.1211440067960905
SPWB,,18.0,,,,,,13.0,3.874323513002104
SPWB,,18.0,,,,,,14.0,7.075185499125713
SPWB,,18.0,,,,,,15.0,12.919149233554208
SPWB,,19.0,,,,,,1.0,0.000825746864364434
SPWB,,19.0,,,,,,2.0,0.003159098477100994
SPWB,,19.0,,,,,,3.0,0.00741920786751446
SPWB,,19.0,,,,,,4.0,0.015197089228911331
SPWB,,19.0,,,,,,5.0,0.029397531735880247
SPWB,,19.0,,,,,,6.0,0.05532394511556615
SPWB,,19.0,,,,,,7.0,0.10265901304774379
SPWB,,19.0,,,,,,8.0,0.1890808648993946
SPWB,,19.0,,,,,,9.0,0.34686528993011384
SPWB,,19.0,,,,,,10.0,0.6349397091754944
SPWB,,19.0,,,,,,11.0,1.1608906768163525
SPWB,,19.0,,,,,,12.0,2.1211440067960905
SPWB,,19.0,,,,,,13.0,3.874323513002104
SPWB,,19.0,,,,,,14.0,7.075185499125713
SPWB,,19.0,,,,,,15.0,12.919149233554208
SPWB,,20.0,,,,,,1.0,0.0004342717791352693
SPWB,,20.0,,,,,,2.0,0.00149140731555912
SPWB,,20.0,,,,,,3.0,0.003007626982172871
SPWB,,20.0,,,,,,4.0,0.005182298060966865
SPWB,,20.0,,,,,,5.0,0.00830136741818274
SPWB,,20.0,,,,,,6.0,0.012774960574403051
SPWB,,20.0,,,,,,7.0,0.01919130898970253
SPWB,,20.0,,,,,,8.0,0.028394096446865878
SPWB,,20.0,,,,,,9.0,0.041593394786055296
SPWB,,20.0,,,,,,10.0,0.06052477589834171
SPWB,,20.0,,,,,,11.0,0.08767752156774855
SPWB,,20.0,,,,,,12.0,0.12662193840741615
SPWB,,20.0,,,,,,13.0,0.1824788164354318
SPWB,,20.0,,,,,,14.0,0.2625927602616156
SPWB,,20.0,,,,,,15.0,0.3774979290067392
SPWB,,21.0,,,,,,1.0,0.0004342717791352693
SPWB,,21.0,,,,,,2.0,0.00149140731555912
SPWB,,21.0,,,,,,3.0,0.003007626982172871
SPWB,,21.0,,,,,,4.0,0.005182298060966865
SPWB,,21.0,,,,,,5.0,0.00830136741818274
SPWB,,21.0,,,,,,6.0,0.012774960574403051
SPWB,,21.0,,,,,,7.0,0.01919130898970253
SPWB,,21.0,,,,,,8.0,0.028394096446865878
SPWB,,21.0,,,,,,9.0,0.041593394786055296
SPWB,,21.0,,,,,,10.0,0.06052477589834171
SPWB,,21.0,,,,,,11.0,0.08767752156774855
SPWB,,21.0,,,,,,12.0,0.12662193840741615
SPWB,,21.0,,,,,,13.0,0.1824788164354318
SPWB,,21.0,,,,,,14.0,0.2625927602616156
SPWB,,21.0,,,,,,15.0,0.3774979290067392
SPWB,,22.0,,,,,,1.0,0.0004342717791352693
SPWB,,22.0,,,,,,2.0,0.00149140731555912
SPWB,,22.0,,,,,,3.0,0.003007626982172871
SPWB,,22.0,,,,,,4.0,0.005182298060966865
SPWB,,22.0,,,,,,5.0,0.00830136741818274
SPWB,,22.0,,,,,,6.0,0.012774960574403051
SPWB,,22.0,,,,,,7.0,0.01919130898970253
SPWB,,22.0,,,,,,8.0,0.028394096446865878
SPWB,,22.0,,,,,,9.0,0.041593394786055296
SPWB,,22.0,,,,,,10.0,0.06052477589834171
SPWB,,22.0,,,,,,11.0,0.08767752156774855
SPWB,,22.0,,,,,,12.0,0.12662193840741615
SPWB,,22.0,,,,,,13.0,0.1824788164354318
SPWB,,22.0,,,,,,14.0,0.2625927602616156
SPWB,,22.0,,,,,,15.0,0.3774979290067392
SPWB,,23.0,,,,,,1.0,0.0004342717791352693
SPWB,,23.0,,,,,,2.0,0.00149140731555912
SPWB,,23.0,,,,,,3.0,0.003007626982172871
SPWB,,23.0,,,,,,4.0,0.005182298060966865
SPWB,,23.0,,,,,,5.0,0.00830136741818274
SPWB,,23.0,,,,,,6.0,0.012774960574403051
SPWB,,23.0,,,,,,7.0,0.01919130898970253
SPWB,,23.0,,,,,,8.0,0.028394096446865878
SPWB,,23.0,,,,,,9.0,0.041593394786055296
SPWB,,23.0,,,,,,10.0,0.06052477589834171
SPWB,,23.0,,,,,,11.0,0.08767752156774855
SPWB,,23.0,,,,,,12.0,0.12662193840741615
SPWB,,23.0,,,,,,13.0,0.1824788164354318
SPWB,,23.0,,,,,,14.0,0.2625927602616156
SPWB,,23.0,,,,,,15.0,0.3774979290067392
SPWB,,24.0,,,,,,1.0,0.0004342717791352693
SPWB,,24.0,,,,,,2.0,0.00149140731555912
SPWB,,24.0,,,,,,3.0,0.003007626982172871
SPWB,,24.0,,,,,,4.0,0.005182298060966865
SPWB,,24.0,,,,,,5.0,0.00830136741818274
SPWB,,24.0,,,,,,6.0,0.012774960574403051
SPWB,,24.0,,,,,,7.0,0.01919130898970253
SPWB,,24.0,,,,,,8.0,0.028394096446865878
SPWB,,24.0,,,,,,9.0,0.041593394786055296
SPWB,,24.0,,,,,,10.0,0.06052477589834171
SPWB,,24.0,,,,,,11.0,0.08767752156774855
SPWB,,24.0,,,,,,12.0,0.12662193840741615
SPWB,,24.0,,,,,,13.0,0.1824788164354318
SPWB,,24.0,,,,,,14.0,0.2625927602616156
SPWB,,24.0,,,,,,15.0,0.3774979290067392
SPWB,,25.0,,,,,,1.0,0.0004342717791352693
SPWB,,25.0,,,,,,2.0,0.00149140731555912
SPWB,,25.0,,,,,,3.0,0.003007626982172871
SPWB,,25.0,,,,,,4.0,0.005182298060966865
SPWB,,25.0,,,,,,5.0,0.00830136741818274
SPWB,,25.0,,,,,,6.0,0.012774960574403051
SPWB,,25.0,,,,,,7.0,0.01919130898970253
SPWB,,25.0,,,,,,8.0,0.028394096446865878
SPWB,,25.0,,,,,,9.0,0.041593394786055296
SPWB,,25.0,,,,,,10.0,0.06052477589834171
SPWB,,25.0,,,,,,11.0,0.08767752156774855
SPWB,,25.0,,,,,,12.0,0.12662193840741615
SPWB,,25.0,,,,,,13.0,0.1824788164354318
SPWB,,25.0,,,,,,14.0,0.2625927602616156
SPWB,,25.0,,,,,,15.0,0.3774979290067392
SPWB,,26.0,,,,,,1.0,0.0004342717791352693
SPWB,,26.0,,,,,,2.0,0.00149140731555912
SPWB,,26.0,,,,,,3.0,0.003007626982172871
SPWB,,26.0,,,,,,4.0,0.005182298060966865
SPWB,,26.0,,,,,,5.0,0.00830136741818274
SPWB,,26.0,,,,,,6.0,0.012774960574403051
SPWB,,26.0,,,,,,7.0,0.01919130898970253
SPWB,,26.0,,,,,,8.0,0.028394096446865878
SPWB,,26.0,,,,,,9.0,0.041593394786055296
SPWB,,26.0,,,,,,10.0,0.06052477589834171
SPWB,,26.0,,,,,,11.0,0.08767752156774855
SPWB,,26.0,,,,,,12.0,0.12662193840741615
SPWB,,26.0,,,,,,13.0,0.1824788164354318
SPWB,,26.0,,,,,,14.0,0.2625927602616156
SPWB,,26.0,,,,,,15.0,0.3774979290067392
SPWB,,27.0,,,,,,1.0,0.0004342717791352693
SPWB,,27.0,,,,,,2.0,0.00149140731555912
SPWB,,27.0,,,,,,3.0,0.003007626982172871
SPWB,,27.0,,,,,,4.0,0.005182298060966865
SPWB,,27.0,,,,,,5.0,0.00830136741818274
SPWB,,27.0,,,,,,6.0,0.012774960574403051
SPWB,,27.0,,,,,,7.0,0.01919130898970253
SPWB,,27.0,,,,,,8.0,0.028394096446865878
SPWB,,27.0,,,,,,9.0,0.041593394786055296
SPWB,,27.0,,,,,,10.0,0.06052477589834171
SPWB,,27.0,,,,,,11.0,0.08767752156774855
SPWB,,27.0,,,,,,12.0,0.12662193840741615
SPWB,,27.0,,,,,,13.0,0.1824788164354318
SPWB,,27.0,,,,,,14.0,0.2625927602616156
SPWB,,27.0,,,,,,15.0,0.3774979290067392
SPWB,,28.0,,,,,,1.0,0.0004342717791352693
SPWB,,28.0,,,,,,2.0,0.00149140731555912
SPWB,,28.0,,,,,,3.0,0.003007626982172871
SPWB,,28.0,,,,,,4.0,0.005182298060966865
SPWB,,28.0,,,,,,5.0,0.00830136741818274
SPWB,,28.0,,,,,,6.0,0.012774960574403051
SPWB,,28.0,,,,,,7.0,0.01919130898970253
SPWB,,28.0,,,,,,8.0,0.028394096446865878
SPWB,,28.0,,,,,,9.0,0.041593394786055296
SPWB,,28.0,,,,,,10.0,0.06052477589834171
SPWB,,28.0,,,,,,11.0,0.08767752156774855
SPWB,,28.0,,,,,,12.0,0.12662193840741615
SPWB,,28.0,,,,,,13.0,0.1824788164354318
SPWB,,28.0,,,,,,14.0,0.2625927602616156
SPWB,,28.0,,,,,,15.0,0.3774979290067392
SPWB,,29.0,,,,,,1.0,0.0004342717791352693
SPWB,,29.0,,,,,,2.0,0.00149140731555912
SPWB,,29.0,,,,,,3.0,0.003007626982172871
SPWB,,29.0,,,,,,4.0,0.005182298060966865
SPWB,,29.0,,,,,,5.0,0.00830136741818274
SPWB,,29.0,,,,,,6.0,0.012774960574403051
SPWB,,29.0,,,,,,7.0,0.01919130898970253
SPWB,,29.0,,,,,,8.0,0.028394096446865878
SPWB,,29.0,,,,,,9.0,0.041593394786055296
SPWB,,29.0,,,,,,10.0,0.06052477589834171
SPWB,,29.0,,,,,,11.0,0.08767752156774855
SPWB,,29.0,,,,,,12.0,0.12662193840741615
SPWB,,29.0,,,,,,13.0,0.1824788164354318
SPWB,,29.0,,,,,,14.0,0.2625927602616156
SPWB,,29.0,,,,,,15.0,0.3774979290067392
SPWB,,30.0,,,,,,1.0,0.0004342717791352693
SPWB,,30.0,,,,,,2.0,0.00149140731555912
SPWB,,30.0,,,,,,3.0,0.003007626982172871
SPWB,,30.0,,,,,,4.0,0.005182298060966865
SPWB,,30.0,,,,,,5.0,0.00830136741818274
SPWB,,30.0,,,,,,6.0,0.012774960574403051
SPWB,,30.0,,,,,,7.0,0.01919130898970253
SPWB,,30.0,,,,,,8.0,0.028394096446865878
SPWB,,30.0,,,,,,9.0,0.041593394786055296
SPWB,,30.0,,,,,,10.0,0.06052477589834171
SPWB,,30.0,,,,,,11.0,0.08767752156774855
SPWB,,30.0,,,,,,12.0,0.12662193840741615
SPWB,,30.0,,,,,,13.0,0.1824788164354318
SPWB,,30.0,,,,,,14.0,0.2625927602616156
SPWB,,30.0,,,,,,15.0,0.3774979290067392
SPWB,,31.0,,,,,,1.0,0.0004342717791352693
SPWB,,31.0,,,,,,2.0,0.00149140731555912
SPWB,,31.0,,,,,,3.0,0.003007626982172871
SPWB,,31.0,,,,,,4.0,0.005182298060966865
SPWB,,31.0,,,,,,5.0,0.00830136741818274
SPWB,,31.0,,,,,,6.0,0.012774960574403051
SPWB,,31.0,,,,,,7.0,0.01919130898970253
SPWB,,31.0,,,,,,8.0,0.028394096446865878
SPWB,,31.0,,,,,,9.0,0.041593394786055296
SPWB,,31.0,,,,,,10.0,0.06052477589834171
SPWB,,31.0,,,,,,11.0,0.08767752156774855
SPWB,,31.0,,,,,,12.0,0.12662193840741615
SPWB,,31.0,,,,,,13.0,0.1824788164354318
SPWB,,31.0,,,,,,14.0,0.2625927602616156
SPWB,,31.0,,,,,,15.0,0.3774979290067392
SPWB,,32.0,,,,,,1.0,0.0004342717791352693
SPWB,,32.0,,,,,,2.0,0.00149140731555912
SPWB,,32.0,,,,,,3.0,0.003007626982172871
SPWB,,32.0,,,,,,4.0,0.005182298060966865
SPWB,,32.0,,,,,,5.0,0.00830136741818274
SPWB,,32.0,,,,,,6.0,0.012774960574403051
SPWB,,32.0,,,,,,7.0,0.01919130898970253
SPWB,,32.0,,,,,,8.0,0.028394096446865878
SPWB,,32.0,,,,,,9.0,0.041593394786055296
SPWB,,32.0,,,,,,10.0,0.06052477589834171
SPWB,,32.0,,,,,,11.0,0.08767752156774855
SPWB,,32.0,,,,,,12.0,0.12662193840741615
SPWB,,32.0,,,,,,13.0,0.1824788164354318
SPWB,,32.0,,,,,,14.0,0.2625927602616156
SPWB,,32.0,,,,,,15.0,0.3774979290067392
SPWB,,33.0,,,,,,1.0,0.0004342717791352693
SPWB,,33.0,,,,,,2.0,0.00149140731555912
SPWB,,33.0,,,,,,3.0,0.003007626982172871
SPWB,,33.0,,,,,,4.0,0.005182298060966865
SPWB,,33.0,,,,,,5.0,0.00830136741818274
SPWB,,33.0,,,,,,6.0,0.012774960574403051
SPWB,,33.0,,,,,,7.0,0.01919130898970253
SPWB,,33.0,,,,,,8.0,0.028394096446865878
SPWB,,33.0,,,,,,9.0,0.041593394786055296
SPWB,,33.0,,,,,,10.0,0.06052477589834171
SPWB,,33.0,,,,,,11.0,0.08767752156774855
SPWB,,33.0,,,,,,12.0,0.12662193840741615
SPWB,,33.0,,,,,,13.0,0.1824788164354318
SPWB,,33.0,,,,,,14.0,0.2625927602616156
SPWB,,33.0,,,,,,15.0,0.3774979290067392
SPWB,,34.0,,,,,,1.0,0.0004342717791352693
SPWB,,34.0,,,,,,2.0,0.00149140731555912
SPWB,,34.0,,,,,,3.0,0.003007626982172871
SPWB,,34.0,,,,,,4.0,0.005182298060966865
SPWB,,34.0,,,,,,5.0,0.00830136741818274
SPWB,,34.0,,,,,,6.0,0.012774960574403051
SPWB,,34.0,,,,,,7.0,0.01919130898970253
SPWB,,34.0,,,,,,8.0,0.028394096446865878
SPWB,,34.0,,,,,,9.0,0.041593394786055296
SPWB,,34.0,,,,,,10.0,0.06052477589834171
SPWB,,34.0,,,,,,11.0,0.08767752156774855
SPWB,,34.0,,,,,,12.0,0.12662193840741615
SPWB,,34.0,,,,,,13.0,0.1824788164354318
SPWB,,34.0,,,,,,14.0,0.2625927602616156
SPWB,,34.0,,,,,,15.0,0.3774979290067392
SPWB,,35.0,,,,,,1.0,0.0004342717791352693
SPWB,,35.0,,,,,,2.0,0.00149140731555912
SPWB,,35.0,,,,,,3.0,0.003007626982172871
SPWB,,35.0,,,,,,4.0,0.005182298060966865
SPWB,,35.0,,,,,,5.0,0.00830136741818274
SPWB,,35.0,,,,,,6.0,0.012774960574403051
SPWB,,35.0,,,,,,7.0,0.01919130898970253
SPWB,,35.0,,,,,,8.0,0.028394096446865878
SPWB,,35.0,,,,,,9.0,0.041593394786055296
SPWB,,35.0,,,,,,10.0,0.06052477589834171
SPWB,,35.0,,,,,,11.0,0.08767752156774855
SPWB,,35.0,,,,,,12.0,0.12662193840741615
SPWB,,35.0,,,,,,13.0,0.1824788164354318
SPWB,,35.0,,,,,,14.0,0.2625927602616156
SPWB,,35.0,,,,,,15.0,0.3774979290067392
SPWB,,36.0,,,,,,1.0,0.0004342717791352693
SPWB,,36.0,,,,,,2.0,0.00149140731555912
SPWB,,36.0,,,,,,3.0,0.003007626982172871
SPWB,,36.0,,,,,,4.0,0.005182298060966865
SPWB,,36.0,,,,,,5.0,0.00830136741818274
SPWB,,36.0,,,,,,6.0,0.012774960574403051
SPWB,,36.0,,,,,,7.0,0.01919130898970253
SPWB,,36.0,,,,,,8.0,0.028394096446865878
SPWB,,36.0,,,,,,9.0,0.041593394786055296
SPWB,,36.0,,,,,,10.0,0.06052477589834171
SPWB,,36.0,,,,,,11.0,0.08767752156774855
SPWB,,36.0,,,,,,12.0,0.12662193840741615
SPWB,,36.0,,,,,,13.0,0.1824788164354318
SPWB,,36.0,,,,,,14.0,0.2625927602616156
SPWB,,36.0,,,,,,15.0,0.3774979290067392
SPWB,,37.0,,,,,,1.0,0.0004342717791352693
SPWB,,37.0,,,,,,2.0,0.00149140731555912
SPWB,,37.0,,,,,,3.0,0.003007626982172871
SPWB,,37.0,,,,,,4.0,0.005182298060966865
SPWB,,37.0,,,,,,5.0,0.00830136741818274
SPWB,,37.0,,,,,,6.0,0.012774960574403051
SPWB,,37.0,,,,,,7.0,0.01919130898970253
SPWB,,37.0,,,,,,8.0,0.028394096446865878
SPWB,,37.0,,,,,,9.0,0.041593394786055296
SPWB,,37.0,,,,,,10.0,0.06052477589834171
SPWB,,37.0,,,,,,11.0,0.08767752156774855
SPWB,,37.0,,,,,,12.0,0.12662193840741615
SPWB,,37.0,,,,,,13.0,0.1824788164354318
SPWB,,37.0,,,,,,14.0,0.2625927602616156
SPWB,,37.0,,,,,,15.0,0.3774979290067392
SPWB,,38.0,,,,,,1.0,0.000825746864364434
SPWB,,38.0,,,,,,2.0,0.003159098477100994
SPWB,,38.0,,,,,,3.0,0.00741920786751446
SPWB,,38.0,,,,,,4.0,0.015197089228911331
SPWB,,38.0,,,,,,5.0,0.029397531735880247
SPWB,,38.0,,,,,,6.0,0.05532394511556615
SPWB,,38.0,,,,,,7.0,0.10265901304774379
SPWB,,38.0,,,,,,8.0,0.1890808648993946
SPWB,,38.0,,,,,,9.0,0.34686528993011384
SPWB,,38.0,,,,,,10.0,0.6349397091754944
SPWB,,38.0,,,,,,11.0,1.1608906768163525
SPWB,,38.0,,,,,,12.0,2.1211440067960905
SPWB,,38.0,,,,,,13.0,3.874323513002104
SPWB,,38.0,,,,,,14.0,7.075185499125713
SPWB,,38.0,,,,,,15.0,12.919149233554208
SPWB,,39.0,,,,,,1.0,0.000825746864364434
SPWB,,39.0,,,,,,2.0,0.003159098477100994
SPWB,,39.0,,,,,,3.0,0.00741920786751446
SPWB,,39.0,,,,,,4.0,0.015197089228911331
SPWB,,39.0,,,,,,5.0,0.029397531735880247
SPWB,,39.0,,,,,,6.0,0.05532394511556615
SPWB,,39.0,,,,,,7.0,0.10265901304774379
SPWB,,39.0,,,,,,8.0,0.1890808648993946
SPWB,,39.0,,,,,,9.0,0.34686528993011384
SPWB,,39.0,,,,,,10.0,0.6349397091754944
SPWB,,39.0,,,,,,11.0,1.1608906768163525
SPWB,,39.0,,,,,,12.0,2.1211440067960905
SPWB,,39.0,,,,,,13.0,3.874323513002104
SPWB,,39.0,,,,,,14.0,7.075185499125713
SPWB,,39.0,,,,,,15.0,12.919149233554208
SPWB,,40.0,,,,,,1.0,0.000825746864364434
SPWB,,40.0,,,,,,2.0,0.003159098477100994
SPWB,,40.0,,,,,,3.0,0.00741920786751446
SPWB,,40.0,,,,,,4.0,0.015197089228911331
SPWB,,40.0,,,,,,5.0,0.029397531735880247
SPWB,,40.0,,,,,,6.0,0.05532394511556615
SPWB,,40.0,,,,,,7.0,0.10265901304774379
SPWB,,40.0,,,,,,8.0,0.1890808648993946
SPWB,,40.0,,,,,,9.0,0.34686528993011384
SPWB,,40.0,,,,,,10.0,0.6349397091754944
SPWB,,40.0,,,,,,11.0,1.1608906768163525
SPWB,,40.0,,,,,,12.0,2.1211440067960905
SPWB,,40.0,,,,,,13.0,3.874323513002104
SPWB,,40.0,,,,,,14.0,7.075185499125713
SPWB,,40.0,,,,,,15.0,12.919149233554208
SPWB,,41.0,,,,,,1.0,0.000825746864364434
SPWB,,41.0,,,,,,2.0,0.003159098477100994
SPWB,,41.0,,,,,,3.0,0.00741920786751446
SPWB,,41.0,,,,,,4.0,0.015197089228911331
SPWB,,41.0,,,,,,5.0,0.029397531735880247
SPWB,,41.0,,,,,,6.0,0.05532394511556615
SPWB,,41.0,,,,,,7.0,0.10265901304774379
SPWB,,41.0,,,,,,8.0,0.1890808648993946
SPWB,,41.0,,,,,,9.0,0.34686528993011384
SPWB,,41.0,,,,,,10.0,0.6349397091754944
SPWB,,41.0,,,,,,11.0,1.1608906768163525
SPWB,,41.0,,,,,,12.0,2.1211440067960905
SPWB,,41.0,,,,,,13.0,3.874323513002104
SPWB,,41.0,,,,,,14.0,7.075185499125713
SPWB,,41.0,,,,,,15.0,12.919149233554208
SPWB,,42.0,,,,,,1.0,0.000825746864364434
SPWB,,42.0,,,,,,2.0,0.003159098477100994
SPWB,,42.0,,,,,,3.0,0.00741920786751446
SPWB,,42.0,,,,,,4.0,0.015197089228911331
SPWB,,42.0,,,,,,5.0,0.029397531735880247
SPWB,,42.0,,,,,,6.0,0.05532394511556615
SPWB,,42.0,,,,,,7.0,0.10265901304774379
SPWB,,42.0,,,,,,8.0,0.1890808648993946
SPWB,,42.0,,,,,,9.0,0.34686528993011384
SPWB,,42.0,,,,,,10.0,0.6349397091754944
SPWB,,42.0,,,,,,11.0,1.1608906768163525
SPWB,,42.0,,,,,,12.0,2.1211440067960905
SPWB,,42.0,,,,,,13.0,3.874323513002104
SPWB,,42.0,,,,,,14.0,7.075185499125713
SPWB,,42.0,,,,,,15.0,12.919149233554208
SPWB,,43.0,,,,,,1.0,0.000825746864364434
SPWB,,43.0,,,,,,2.0,0.003159098477100994
SPWB,,43.0,,,,,,3.0,0.00741920786751446
SPWB,,43.0,,,,,,4.0,0.015197089228911331
SPWB,,43.0,,,,,,5.0,0.029397531735880247
SPWB,,43.0,,,,,,6.0,0.05532394511556615
SPWB,,43.0,,,,,,7.0,0.10265901304774379
SPWB,,43.0,,,,,,8.0,0.1890808648993946
SPWB,,43.0,,,,,,9.0,0.34686528993011384
SPWB,,43.0,,,,,,10.0,0.6349397091754944
SPWB,,43.0,,,,,,11.0,1.1608906768163525
SPWB,,43.0,,,,,,12.0,2.1211440067960905
SPWB,,43.0,,,,,,13.0,3.874323513002104
SPWB,,43.0,,,,,,14.0,7.075185499125713
SPWB,,43.0,,,,,,15.0,12.919149233554208
SPWB,,44.0,,,,,,1.0,0.0004342717791352693
SPWB,,44.0,,,,,,2.0,0.00149140731555912
SPWB,,44.0,,,,,,3.0,0.003007626982172871
SPWB,,44.0,,,,,,4.0,0.005182298060966865
SPWB,,44.0,,,,,,5.0,0.00830136741818274
SPWB,,44.0,,,,,,6.0,0.012774960574403051
SPWB,,44.0,,,,,,7.0,0.01919130898970253
SPWB,,44.0,,,,,,8.0,0.028394096446865878
SPWB,,44.0,,,,,,9.0,0.041593394786055296
SPWB,,44.0,,,,,,10.0,0.06052477589834171
SPWB,,44.0,,,,,,11.0,0.08767752156774855
SPWB,,44.0,,,,,,12.0,0.12662193840741615
SPWB,,44.0,,,,,,13.0,0.1824788164354318
SPWB,,44.0,,,,,,14.0,0.2625927602616156
SPWB,,44.0,,,,,,15.0,0.3774979290067392
SPWB,,45.0,,,,,,1.0,0.0004342717791352693
SPWB,,45.0,,,,,,2.0,0.00149140731555912
SPWB,,45.0,,,,,,3.0,0.003007626982172871
SPWB,,45.0,,,,,,4.0,0.005182298060966865
SPWB,,45.0,,,,,,5.0,0.00830136741818274
SPWB,,45.0,,,,,,6.0,0.012774960574403051
SPWB,,45.0,,,,,,7.0,0.01919130898970253
SPWB,,45.0,,,,,,8.0,0.028394096446865878
SPWB,,45.0,,,,,,9.0,0.041593394786055296
SPWB,,45.0,,,,,,10.0,0.06052477589834171
SPWB,,45.0,,,,,,11.0,0.08767752156774855
SPWB,,45.0,,,,,,12.0,0.12662193840741615
SPWB,,45.0,,,,,,13.0,0.1824788164354318
SPWB,,45.0,,,,,,14.0,0.2625927602616156
SPWB,,45.0,,,,,,15.0,0.3774979290067392
SPWB,,46.0,,,,,,1.0,0.0004342717791352693
SPWB,,46.0,,,,,,2.0,0.00149140731555912
SPWB,,46.0,,,,,,3.0,0.003007626982172871
SPWB,,46.0,,,,,,4.0,0.005182298060966865
SPWB,,46.0,,,,,,5.0,0.00830136741818274
SPWB,,46.0,,,,,,6.0,0.012774960574403051
SPWB,,46.0,,,,,,7.0,0.01919130898970253
SPWB,,46.0,,,,,,8.0,0.028394096446865878
SPWB,,46.0,,,,,,9.0,0.041593394786055296
SPWB,,46.0,,,,,,10.0,0.06052477589834171
SPWB,,46.0,,,,,,11.0,0.08767752156774855
SPWB,,46.0,,,,,,12.0,0.12662193840741615
SPWB,,46.0,,,,,,13.0,0.1824788164354318
SPWB,,46.0,,,,,,14.0,0.2625927602616156
SPWB,,46.0,,,,,,15.0,0.3774979290067392
SPWB,,47.0,,,,,,1.0,0.0004342717791352693
SPWB,,47.0,,,,,,2.0,0.00149140731555912
SPWB,,47.0,,,,,,3.0,0.003007626982172871
SPWB,,47.0,,,,,,4.0,0.005182298060966865
SPWB,,47.0,,,,,,5.0,0.00830136741818274
SPWB,,47.0,,,,,,6.0,0.012774960574403051
SPWB,,47.0,,,,,,7.0,0.01919130898970253
SPWB,,47.0,,,,,,8.0,0.028394096446865878
SPWB,,47.0,,,,,,9.0,0.041593394786055296
SPWB,,47.0,,,,,,10.0,0.06052477589834171
SPWB,,47.0,,,,,,11.0,0.08767752156774855
SPWB,,47.0,,,,,,12.0,0.12662193840741615
SPWB,,47.0,,,,,,13.0,0.1824788164354318
SPWB,,47.0,,,,,,14.0,0.2625927602616156
SPWB,,47.0,,,,,,15.0,0.3774979290067392
SPWB,,48.0,,,,,,1.0,0.0004342717791352693
SPWB,,48.0,,,,,,2.0,0.00149140731555912
SPWB,,48.0,,,,,,3.0,0.003007626982172871
SPWB,,48.0,,,,,,4.0,0.005182298060966865
SPWB,,48.0,,,,,,5.0,0.00830136741818274
SPWB,,48.0,,,,,,6.0,0.012774960574403051
SPWB,,48.0,,,,,,7.0,0.01919130898970253
SPWB,,48.0,,,,,,8.0,0.028394096446865878
SPWB,,48.0,,,,,,9.0,0.041593394786055296
SPWB,,48.0,,,,,,10.0,0.06052477589834171
SPWB,,48.0,,,,,,11.0,0.08767752156774855
SPWB,,48.0,,,,,,12.0,0.12662193840741615
SPWB,,48.0,,,,,,13.0,0.1824788164354318
SPWB,,48.0,,,,,,14.0,0.2625927602616156
SPWB,,48.0,,,,,,15.0,0.3774979290067392
SPWB,,49.0,,,,,,1.0,0.0004342717791352693
SPWB,,49.0,,,,,,2.0,0.00149140731555912
SPWB,,49.0,,,,,,3.0,0.003007626982172871
SPWB,,49.0,,,,,,4.0,0.005182298060966865
SPWB,,49.0,,,,,,5.0,0.00830136741818274
SPWB,,49.0,,,,,,6.0,0.012774960574403051
SPWB,,49.0,,,,,,7.0,0.01919130898970253
SPWB,,49.0,,,,,,8.0,0.028394096446865878
SPWB,,49.0,,,,,,9.0,0.041593394786055296
SPWB,,49.0,,,,,,10.0,0.06052477589834171
SPWB,,49.0,,,,,,11.0,0.08767752156774855
SPWB,,49.0,,,,,,12.0,0.12662193840741615
SPWB,,49.0,,,,,,13.0,0.1824788164354318
SPWB,,49.0,,,,,,14.0,0.2625927602616156
SPWB,,49.0,,,,,,15.0,0.3774979290067392
SPWB,,50.0,,,,,,1.0,0.0004342717791352693
SPWB,,50.0,,,,,,2.0,0.00149140731555912
SPWB,,50.0,,,,,,3.0,0.003007626982172871
SPWB,,50.0,,,,,,4.0,0.005182298060966865
SPWB,,50.0,,,,,,5.0,0.00830136741818274
SPWB,,50.0,,,,,,6.0,0.012774960574403051
SPWB,,50.0,,,,,,7.0,0.01919130898970253
SPWB,,50.0,,,,,,8.0,0.028394096446865878
SPWB,,50.0,,,,,,9.0,0.041593394786055296
SPWB,,50.0,,,,,,10.0,0.06052477589834171
SPWB,,50.0,,,,,,11.0,0.08767752156774855
SPWB,,50.0,,,,,,12.0,0.12662193840741615
SPWB,,50.0,,,,,,13.0,0.1824788164354318
SPWB,,50.0,,,,,,14.0,0.2625927602616156
SPWB,,50.0,,,,,,15.0,0.3774979290067392
SPWB,,51.0,,,,,,1.0,0.0004342717791352693
SPWB,,51.0,,,,,,2.0,0.00149140731555912
SPWB,,51.0,,,,,,3.0,0.003007626982172871
SPWB,,51.0,,,,,,4.0,0.005182298060966865
SPWB,,51.0,,,,,,5.0,0.00830136741818274
SPWB,,51.0,,,,,,6.0,0.012774960574403051
SPWB,,51.0,,,,,,7.0,0.01919130898970253
SPWB,,51.0,,,,,,8.0,0.028394096446865878
SPWB,,51.0,,,,,,9.0,0.041593394786055296
SPWB,,51.0,,,,,,10.0,0.06052477589834171
SPWB,,51.0,,,,,,11.0,0.08767752156774855
SPWB,,51.0,,,,,,12.0,0.12662193840741615
SPWB,,51.0,,,,,,13.0,0.1824788164354318
SPWB,,51.0,,,,,,14.0,0.2625927602616156
SPWB,,51.0,,,,,,15.0,0.3774979290067392
SPWB,,52.0,,,,,,1.0,0.0004342717791352693
SPWB,,52.0,,,,,,2.0,0.00149140731555912
SPWB,,52.0,,,,,,3.0,0.003007626982172871
SPWB,,52.0,,,,,,4.0,0.005182298060966865
SPWB,,52.0,,,,,,5.0,0.00830136741818274
SPWB,,52.0,,,,,,6.0,0.012774960574403051
SPWB,,52.0,,,,,,7.0,0.01919130898970253
SPWB,,52.0,,,,,,8.0,0.028394096446865878
SPWB,,52.0,,,,,,9.0,0.041593394786055296
SPWB,,52.0,,,,,,10.0,0.06052477589834171
SPWB,,52.0,,,,,,11.0,0.08767752156774855
SPWB,,52.0,,,,,,12.0,0.12662193840741615
SPWB,,52.0,,,,,,13.0,0.1824788164354318
SPWB,,52.0,,,,,,14.0,0.2625927602616156
SPWB,,52.0,,,,,,15.0,0.3774979290067392
SPWB,,53.0,,,,,,1.0,0.0004342717791352693
SPWB,,53.0,,,,,,2.0,0.00149140731555912
SPWB,,53.0,,,,,,3.0,0.003007626982172871
SPWB,,53.0,,,,,,4.0,0.005182298060966865
SPWB,,53.0,,,,,,5.0,0.00830136741818274
SPWB,,53.0,,,,,,6.0,0.012774960574403051
SPWB,,53.0,,,,,,7.0,0.01919130898970253
SPWB,,53.0,,,,,,8.0,0.028394096446865878
SPWB,,53.0,,,,,,9.0,0.041593394786055296
SPWB,,53.0,,,,,,10.0,0.06052477589834171
SPWB,,53.0,,,,,,11.0,0.08767752156774855
SPWB,,53.0,,,,,,12.0,0.12662193840741615
SPWB,,53.0,,,,,,13.0,0.1824788164354318
SPWB,,53.0,,,,,,14.0,0.2625927602616156
SPWB,,53.0,,,,,,15.0,0.3774979290067392
SPWB,,54.0,,,,,,1.0,0.0004342717791352693
SPWB,,54.0,,,,,,2.0,0.00149140731555912
SPWB,,54.0,,,,,,3.0,0.003007626982172871
SPWB,,54.0,,,,,,4.0,0.005182298060966865
SPWB,,54.0,,,,,,5.0,0.00830136741818274
SPWB,,54.0,,,,,,6.0,0.012774960574403051
SPWB,,54.0,,,,,,7.0,0.01919130898970253
SPWB,,54.0,,,,,,8.0,0.028394096446865878
SPWB,,54.0,,,,,,9.0,0.041593394786055296
SPWB,,54.0,,,,,,10.0,0.06052477589834171
SPWB,,54.0,,,,,,11.0,0.08767752156774855
SPWB,,54.0,,,,,,12.0,0.12662193840741615
SPWB,,54.0,,,,,,13.0,0.1824788164354318
SPWB,,54.0,,,,,,14.0,0.2625927602616156
SPWB,,54.0,,,,,,15.0,0.3774979290067392
SPWB,,55.0,,,,,,1.0,0.0004342717791352693
SPWB,,55.0,,,,,,2.0,0.00149140731555912
SPWB,,55.0,,,,,,3.0,0.003007626982172871
SPWB,,55.0,,,,,,4.0,0.005182298060966865
SPWB,,55.0,,,,,,5.0,0.00830136741818274
SPWB,,55.0,,,,,,6.0,0.012774960574403051
SPWB,,55.0,,,,,,7.0,0.01919130898970253
SPWB,,55.0,,,,,,8.0,0.028394096446865878
SPWB,,55.0,,,,,,9.0,0.041593394786055296
SPWB,,55.0,,,,,,10.0,0.06052477589834171
SPWB,,55.0,,,,,,11.0,0.08767752156774855
SPWB,,55.0,,,,,,12.0,0.12662193840741615
SPWB,,55.0,,,,,,13.0,0.1824788164354318
SPWB,,55.0,,,,,,14.0,0.2625927602616156
SPWB,,55.0,,,,,,15.0,0.3774979290067392
SPWB,,56.0,,,,,,1.0,0.0004342717791352693
SPWB,,56.0,,,,,,2.0,0.00149140731555912
SPWB,,56.0,,,,,,3.0,0.003007626982172871
SPWB,,56.0,,,,,,4.0,0.005182298060966865
SPWB,,56.0,,,,,,5.0,0.00830136741818274
SPWB,,56.0,,,,,,6.0,0.012774960574403051
SPWB,,56.0,,,,,,7.0,0.01919130898970253
SPWB,,56.0,,,,,,8.0,0.028394096446865878
SPWB,,56.0,,,,,,9.0,0.041593394786055296
SPWB,,56.0,,,,,,10.0,0.06052477589834171
SPWB,,56.0,,,,,,11.0,0.08767752156774855
SPWB,,56.0,,,,,,12.0,0.12662193840741615
SPWB,,56.0,,,,,,13.0,0.1824788164354318
SPWB,,56.0,,,,,,14.0,0.2625927602616156
SPWB,,56.0,,,,,,15.0,0.3774979290067392
SPWB,,57.0,,,,,,1.0,0.0004342717791352693
SPWB,,57.0,,,,,,2.0,0.00149140731555912
SPWB,,57.0,,,,,,3.0,0.003007626982172871
SPWB,,57.0,,,,,,4.0,0.005182298060966865
SPWB,,57.0,,,,,,5.0,0.00830136741818274
SPWB,,57.0,,,,,,6.0,0.012774960574403051
SPWB,,57.0,,,,,,7.0,0.01919130898970253
SPWB,,57.0,,,,,,8.0,0.028394096446865878
SPWB,,57.0,,,,,,9.0,0.041593394786055296
SPWB,,57.0,,,,,,10.0,0.06052477589834171
SPWB,,57.0,,,,,,11.0,0.08767752156774855
SPWB,,57.0,,,,,,12.0,0.12662193840741615
SPWB,,57.0,,,,,,13.0,0.1824788164354318
SPWB,,57.0,,,,,,14.0,0.2625927602616156
SPWB,,57.0,,,,,,15.0,0.3774979290067392
SPWB,,58.0,,,,,,1.0,0.000825746864364434
SPWB,,58.0,,,,,,2.0,0.003159098477100994
SPWB,,58.0,,,,,,3.0,0.00741920786751446
SPWB,,58.0,,,,,,4.0,0.015197089228911331
SPWB,,58.0,,,,,,5.0,0.029397531735880247
SPWB,,58.0,,,,,,6.0,0.05532394511556615
SPWB,,58.0,,,,,,7.0,0.10265901304774379
SPWB,,58.0,,,,,,8.0,0.1890808648993946
SPWB,,58.0,,,,,,9.0,0.34686528993011384
SPWB,,58.0,,,,,,10.0,0.6349397091754944
SPWB,,58.0,,,,,,11.0,1.1608906768163525
SPWB,,58.0,,,,,,12.0,2.1211440067960905
SPWB,,58.0,,,,,,13.0,3.874323513002104
SPWB,,58.0,,,,,,14.0,7.075185499125713
SPWB,,58.0,,,,,,15.0,12.919149233554208
SPWB,,59.0,,,,,,1.0,0.000825746864364434
SPWB,,59.0,,,,,,2.0,0.003159098477100994
SPWB,,59.0,,,,,,3.0,0.00741920786751446
SPWB,,59.0,,,,,,4.0,0.015197089228911331
SPWB,,59.0,,,,,,5.0,0.029397531735880247
SPWB,,59.0,,,,,,6.0,0.05532394511556615
SPWB,,59.0,,,,,,7.0,0.10265901304774379
SPWB,,59.0,,,,,,8.0,0.1890808648993946
SPWB,,59.0,,,,,,9.0,0.34686528993011384
SPWB,,59.0,,,,,,10.0,0.6349397091754944
SPWB,,59.0,,,,,,11.0,1.1608906768163525
SPWB,,59.0,,,,,,12.0,2.1211440067960905
SPWB,,59.0,,,,,,13.0,3.874323513002104
SPWB,,59.0,,,,,,14.0,7.075185499125713
SPWB,,59.0,,,,,,15.0,12.919149233554208
